Location,Fuel_Type,Transmission,Owner_Type,Consumation,Price,Brand,Model,car_age,Power_bins
Pune,Diesel,Manual,First,19.67,12.5,Hyundai,Creta 1.6 CRDi SX Option,11,1
Chennai,Petrol,Manual,First,18.2,4.5,Honda,Jazz V,15,1
Chennai,Diesel,Manual,First,20.77,6.0,Maruti,Ertiga VDI,14,1
Coimbatore,Diesel,Automatic,Second,15.2,17.74,Audi,A4 New 2.0 TDI Multitronic,13,2
Jaipur,Diesel,Manual,First,23.08,3.5,Nissan,Micra Diesel XV,13,0
Mumbai,Diesel,Automatic,First,11.36,17.5,Toyota,Innova Crysta 2.8 GX AT 8S,10,2
Pune,Diesel,Manual,First,20.54,5.2,Volkswagen,Vento Diesel Comfortline,13,1
Chennai,Diesel,Manual,Second,22.3,1.95,Tata,Indica Vista Quadrajet LS,14,0
Kochi,Petrol,Manual,First,21.56,9.95,Maruti,Ciaz Zeta,8,1
Kolkata,Petrol,Automatic,First,16.8,4.49,Honda,City 1.5 V AT Sunroof,14,1
Jaipur,Diesel,Manual,First,25.2,5.6,Maruti,Swift VDI BSIV,11,0
Delhi,Diesel,Automatic,First,12.7,27.0,Land,Rover Range Rover 2.2L Pure,12,3
Delhi,Diesel,Manual,First,13.5,15.0,Mitsubishi,Pajero Sport 4X4,12,3
Kochi,Diesel,Manual,First,25.8,5.4,Honda,Amaze S i-Dtech,10,1
Jaipur,Diesel,Manual,First,28.4,5.99,Maruti,Swift DDiS VDI,9,0
Kochi,Diesel,Manual,First,20.45,6.34,Renault,Duster 85PS Diesel RxL Plus,12,1
Bangalore,Diesel,Automatic,First,14.84,28.0,Mercedes-Benz,New C-Class C 220 CDI BE Avantgare,12,2
Kochi,Diesel,Automatic,First,22.69,18.55,BMW,3 Series 320d,12,3
Bangalore,Diesel,Manual,Second,23.65,8.25,Maruti,S Cross DDiS 200 Alpha,11,1
Mumbai,Petrol,Automatic,First,13.53,23.5,Audi,A6 2011-2015 35 TFSI Technology,11,3
Kolkata,Petrol,Manual,First,18.5,1.87,Hyundai,i20 1.2 Magna,16,0
Kolkata,Petrol,Automatic,First,14.4,2.85,Volkswagen,Vento Petrol Highline AT,16,1
Mumbai,Petrol,Manual,First,16.8,4.25,Honda,City Corporate Edition,14,1
Hyderabad,Diesel,Manual,First,23.08,4.25,Nissan,Micra Diesel XV,14,0
Hyderabad,Petrol,Manual,Second,20.92,2.75,Maruti,Alto K10 2010-2014 VXI,13,0
Kochi,Petrol,Manual,First,17.5,9.9,Honda,WRV i-VTEC VX,8,1
Mumbai,Diesel,Manual,Fourth & Above,12.8,4.0,Toyota,Innova 2.5 V Diesel 7-seater,19,1
Bangalore,Diesel,Manual,First,19.01,7.75,Renault,Duster 110PS Diesel RxZ Pack,13,1
Delhi,Petrol,Manual,First,14.53,6.75,Toyota,Corolla Altis G,14,2
Bangalore,Diesel,Automatic,Second,11.18,12.5,Mahindra,Ssangyong Rexton RX7,13,3
Kolkata,Diesel,Automatic,First,12.4,11.5,Audi,A6 2.7 TDI,16,3
Coimbatore,Petrol,Manual,Second,16.09,6.98,Volkswagen,Vento 1.6 Highline,12,1
Jaipur,Petrol,Manual,Second,14.0,1.85,Maruti,Wagon R LXI BSIII,17,0
Kochi,Diesel,Manual,First,24.3,8.63,Maruti,Vitara Brezza ZDi Plus,8,1
Delhi,Petrol,Manual,First,18.15,4.85,Mahindra,KUV 100 mFALCON G80 K6 5str AW,9,1
Pune,Diesel,Automatic,First,11.74,28.0,Mercedes-Benz,M-Class ML 350 CDI,13,4
Chennai,Diesel,Manual,First,22.07,5.0,Volkswagen,Polo Diesel Trendline 1.2L,13,0
Delhi,Petrol,Manual,Second,19.7,1.25,Maruti,Alto LXi,18,0
Kochi,Petrol,Manual,First,25.4,1.53,Tata,Nano LX SE,12,0
Coimbatore,Diesel,Manual,First,25.32,5.58,Mahindra,KUV 100 mFALCON D75 K8 Dual Tone,9,0
Kochi,Petrol,Manual,First,18.5,4.74,Hyundai,i20 Magna Optional 1.2,12,1
Bangalore,Petrol,Automatic,First,14.62,8.85,Hyundai,Elantra 2.0 SX Option AT,12,2
Mumbai,Petrol,Automatic,First,14.28,10.11,Toyota,Corolla Altis G AT,10,2
Ahmedabad,Diesel,Manual,Second,14.9,4.25,Hyundai,Elantra CRDi,18,1
Bangalore,Petrol,Manual,First,11.25,10.95,Toyota,Innova Crysta 2.7 GX MT,14,2
Jaipur,Diesel,Manual,First,24.4,3.85,Hyundai,Xcent 1.1 CRDi S,12,0
Jaipur,Diesel,Manual,Second,16.55,5.5,Mahindra,Thar CRDe AC,14,1
Kochi,Diesel,Automatic,First,17.11,21.43,Audi,A4 2.0 TDI 177 Bhp Premium Plus,11,3
Delhi,Diesel,Manual,First,22.9,4.25,Maruti,Swift LDI,12,0
Kolkata,Diesel,Manual,First,17.8,3.3,Maruti,Swift Ldi BSIV,12,0
Delhi,Diesel,Manual,First,28.4,3.85,Maruti,Swift VDI,13,0
Chennai,Petrol,Manual,Third,18.9,3.6,Hyundai,Grand i10 Sportz,11,1
Kolkata,Petrol,Manual,First,15.04,3.99,Volkswagen,Vento 2013-2015 1.6 Comfortline,11,1
Kochi,Petrol,Manual,First,25.17,3.3,Renault,KWID RXT,9,0
Kolkata,Petrol,Manual,First,20.36,2.07,Hyundai,i10 Asta,16,0
Hyderabad,Diesel,Automatic,First,13.29,7.75,Nissan,X-Trail SLX AT,16,2
Hyderabad,Petrol,Manual,First,18.2,2.25,Maruti,Zen Estilo VXI BSIII,16,0
Mumbai,Diesel,Manual,First,13.68,16.5,Toyota,Innova Crysta 2.4 GX MT 8S,9,2
Bangalore,Diesel,Manual,First,20.0,2.75,Ford,Figo Diesel Titanium,16,0
Delhi,Petrol,Automatic,First,11.74,26.7,Mercedes-Benz,New C-Class C 200 CGI Avantgarde,11,3
Pune,Diesel,Manual,Second,15.8,10.0,Mercedes-Benz,New C-Class 200 CDI Classic,15,2
Chennai,Diesel,Manual,First,25.0,2.5,Tata,Indica V2 eLS,10,0
Jaipur,Diesel,Automatic,First,16.55,13.5,Audi,A4 2.0 TDI Multitronic,14,2
Mumbai,Petrol,Automatic,Second,16.4,1.85,Honda,City ZX CVT,19,0
Pune,Diesel,Manual,First,24.52,8.15,Maruti,Ertiga SHVS VDI,10,1
Mumbai,Diesel,Manual,First,22.1,10.5,Hyundai,Creta 1.4 E Plus Diesel,8,1
Mumbai,Petrol,Automatic,First,8.5,14.5,Porsche,Cayenne 2009-2014 Turbo,18,9
Mumbai,Diesel,Manual,First,15.1,9.65,Mahindra,XUV500 W8 4WD,11,2
Kochi,Petrol,Automatic,First,16.95,3.48,Hyundai,i10 Sportz 1.2 AT,14,0
Kochi,Diesel,Manual,First,19.64,6.92,Nissan,Terrano XV D Pre,11,1
Coimbatore,Petrol,Automatic,Second,16.5,6.46,Honda,Brio VX AT,10,1
Delhi,Diesel,Automatic,Second,18.53,29.5,Audi,A6 2.0 TDI Design Edition,12,3
Jaipur,Diesel,Manual,First,17.8,2.0,Ford,Fiesta 1.4 SXi TDCi,18,1
Chennai,Petrol,Manual,Third,12.4,4.5,Toyota,Innova 2.0 G1,20,2
Hyderabad,Diesel,Manual,First,12.8,11.75,Toyota,Innova 2.5 VX 7 STR BSIV,14,1
Jaipur,Diesel,Manual,First,22.9,3.75,Maruti,Swift VDI,14,0
Pune,Petrol,Manual,First,17.57,4.5,Tata,Zest Revotron 1.2T XE,9,1
Kochi,Petrol,Manual,First,18.0,4.82,Honda,Amaze SX i-VTEC,10,1
Hyderabad,Diesel,Manual,First,20.0,2.8,Ford,Figo Diesel ZXI,14,0
Jaipur,Diesel,Manual,First,23.2,3.11,Maruti,Ritz VDi,13,0
Delhi,Petrol,Manual,First,17.8,3.25,Honda,City i VTEC E,17,1
Delhi,Diesel,Automatic,Second,16.73,13.9,BMW,5 Series 2003-2012 525d,15,3
Pune,Petrol,Manual,First,20.36,2.25,Hyundai,i10 Sportz 1.2,17,0
Bangalore,Petrol,Manual,First,18.9,5.75,Hyundai,Grand i10 Sportz,10,1
Hyderabad,Petrol,Manual,First,17.0,2.1,Hyundai,Santro Xing XO,19,1
Mumbai,Petrol,Manual,First,17.8,5.0,Honda,Amaze SX i-VTEC,10,1
Delhi,Diesel,Manual,First,13.0,16.5,Toyota,Fortuner 4x2 Manual,12,2
Coimbatore,Diesel,Automatic,First,17.68,39.58,Audi,A6 2011-2015 35 TDI Premium,8,3
Delhi,Diesel,Manual,First,22.7,5.5,Ford,Ecosport 1.5 DV5 MT Titanium Optional,13,1
Delhi,Diesel,Manual,First,15.1,8.1,Mahindra,XUV500 W8 2WD,12,2
Kolkata,Diesel,Manual,First,25.8,3.5,Honda,Amaze SX i-DTEC,11,1
Kolkata,Diesel,Manual,First,22.07,2.79,Volkswagen,Polo Diesel Highline 1.2L,13,0
Ahmedabad,Diesel,Manual,First,16.2,3.45,Hyundai,Verna Transform SX VGT CRDi,16,1
Bangalore,Petrol,Manual,First,18.9,4.45,Maruti,Wagon R VXI BS IV,10,0
Delhi,Petrol,Manual,First,15.26,2.65,Volkswagen,Polo Petrol Highline 1.6L,16,1
Pune,Diesel,Manual,Second,23.0,3.8,Hyundai,i20 1.4 CRDi Sportz,15,1
Mumbai,Petrol,Manual,First,18.5,4.65,Hyundai,i20 Asta 1.2,12,1
Kolkata,Diesel,Automatic,First,14.94,9.8,Audi,A4 3.0 TDI Quattro Premium,16,4
Pune,Petrol,Manual,Second,17.0,2.7,Hyundai,i20 2015-2017 Asta,17,0
Coimbatore,Petrol,Manual,First,14.0,2.41,Maruti,Omni 5 Str STD,16,0
Ahmedabad,Petrol,Manual,First,17.71,3.9,Toyota,Etios Liva 1.2 G,12,0
Hyderabad,Diesel,Automatic,Second,14.74,24.0,Jaguar,XF 3.0 Litre S Premium Luxury,15,5
Delhi,Diesel,Manual,Second,16.0,5.75,Mahindra,XUV500 W8 2WD,14,2
Kolkata,Diesel,Automatic,First,22.32,5.25,Hyundai,Verna 1.6 SX CRDI (O) AT,12,1
Mumbai,Diesel,Automatic,First,11.36,19.25,Toyota,Innova Crysta 2.8 ZX AT,9,2
Coimbatore,Petrol,Manual,First,15.1,3.91,Maruti,Eeco 5 Seater AC,9,0
Bangalore,Petrol,Manual,First,25.4,2.15,Tata,Nano Twist XT,12,0
Mumbai,Diesel,Automatic,First,22.69,20.75,BMW,3 Series 320d Luxury Line,11,3
Delhi,Petrol,Manual,First,13.5,3.35,Honda,Civic 2006-2010 1.8 V MT,16,2
Ahmedabad,Diesel,Manual,First,12.99,11.11,Toyota,Innova 2.5 VX (Diesel) 7 Seater,12,1
Bangalore,Diesel,Automatic,First,23.3,20.0,Volvo,V40 Cross Country D3,12,2
Coimbatore,Petrol,Automatic,First,19.15,6.55,Nissan,Micra XV CVT,10,0
Mumbai,Petrol,Automatic,First,10.8,7.0,BMW,5 Series 2010-2013 525i,17,3
Mumbai,Diesel,Manual,First,24.3,7.5,Maruti,Vitara Brezza VDi,10,1
Mumbai,Petrol,Manual,Second,17.0,0.85,Hyundai,Santro Xing XL eRLX Euro III,21,1
Pune,Diesel,Automatic,Second,15.0,16.75,Mercedes-Benz,B Class B200 CDI,12,1
Kolkata,Diesel,Manual,First,22.0,10.95,Hyundai,Verna CRDi 1.6 SX Option,8,1
Pune,Petrol,Manual,First,18.9,2.45,Maruti,Wagon R LXI BS IV,15,0
Coimbatore,Petrol,Automatic,First,21.9,3.23,Tata,Nano XTA,9,0
Kolkata,Diesel,Manual,First,12.05,7.75,Mahindra,Scorpio VLX,12,1
Kolkata,Petrol,Automatic,First,11.7,9.35,Mercedes-Benz,New C-Class 200 K AT,17,3
Bangalore,Petrol,Manual,Second,10.8,5.25,Honda,CR-V 2.4 MT,19,2
Pune,Diesel,Automatic,First,21.21,7.25,Volkswagen,Vento 1.5 TDI Comfortline AT,11,1
Kochi,Petrol,Manual,First,20.73,7.47,Maruti,Ciaz VXi Plus,9,1
Jaipur,Diesel,Automatic,First,16.0,13.25,Mahindra,XUV500 AT W10 FWD,10,2
Coimbatore,Petrol,Manual,First,21.1,5.81,Maruti,Ritz VXI ABS,10,1
Hyderabad,Petrol,Manual,First,24.07,2.6,Maruti,Alto K10 VXI,12,0
Kolkata,Petrol,Automatic,First,19.0,54.0,Mercedes-Benz,SLC 43 AMG,9,7
Kochi,Petrol,Automatic,First,17.0,11.5,Hyundai,Verna VTVT 1.6 AT SX Plus,7,1
Chennai,Petrol,Manual,Second,19.7,1.6,Maruti,Alto LXi BSIII,16,0
Coimbatore,Diesel,Automatic,First,20.58,17.22,BMW,1 Series 118d Base,11,2
Mumbai,Petrol,Automatic,First,19.0,6.0,Honda,Jazz 1.2 V CVT i VTEC,11,1
Delhi,Petrol,Manual,First,13.5,3.95,Honda,Civic 2006-2010 1.8 V MT,14,2
Kochi,Diesel,Automatic,First,19.27,17.95,Mercedes-Benz,New C-Class C 220 CDI Avantgarde,12,2
Kolkata,Diesel,Manual,First,25.8,3.7,Honda,Amaze SX i-DTEC,12,1
Kochi,Petrol,Manual,First,22.0,5.43,Maruti,Swift VVT VXI,10,1
Kochi,Petrol,Manual,Third,17.0,1.67,Hyundai,Santro Xing XO eRLX Euro II,18,1
Coimbatore,Diesel,Manual,First,11.5,13.49,Toyota,Fortuner 3.0 Diesel,14,2
Pune,Petrol,Manual,First,18.6,2.85,Chevrolet,Beat LT Option,12,0
Chennai,Diesel,Manual,First,21.14,4.75,Skoda,Rapid 1.5 TDI Elegance,13,1
Kochi,Petrol,Manual,First,20.73,9.9,Maruti,Ciaz 1.4 Alpha,8,1
Mumbai,Petrol,Automatic,First,11.05,37.0,Audi,RS5 Coupe,13,8
Mumbai,Diesel,Automatic,First,21.76,26.5,BMW,3 Series Luxury Line,12,3
Coimbatore,Diesel,Automatic,First,17.11,23.32,Audi,A4 2.0 TDI 177 Bhp Premium Plus,11,3
Chennai,Diesel,Manual,First,22.9,6.25,Maruti,Swift VDI,10,0
Kolkata,Petrol,Automatic,First,7.81,30.0,Mercedes-Benz,S Class 2005 2013 S 500,16,7
Coimbatore,Diesel,Automatic,First,21.66,9.86,Skoda,Rapid 1.5 TDI AT Elegance Plus Black Package,10,1
Pune,Diesel,Automatic,First,17.2,8.5,Skoda,Superb Elegance 2.0 TDI CR AT,14,2
Kochi,Petrol,Manual,First,21.1,4.23,Hyundai,EON Magna Plus,7,0
Jaipur,Diesel,Manual,First,22.07,3.5,Volkswagen,Polo Diesel Trendline 1.2L,14,0
Kolkata,Petrol,Manual,First,19.4,2.39,Honda,Brio S MT,13,1
Delhi,Petrol,Automatic,First,14.8,11.25,Mercedes-Benz,B Class B180,13,1
Kochi,Diesel,Manual,First,26.0,7.11,Honda,City i DTEC V,11,1
Ahmedabad,Diesel,Manual,First,12.99,10.9,Toyota,Innova 2.5 G (Diesel) 7 Seater,10,1
Ahmedabad,Petrol,Manual,First,20.4,6.2,Maruti,Swift VXI Optional,9,1
Mumbai,Diesel,Manual,First,15.1,7.9,Mahindra,XUV500 W8 2WD,14,2
Kochi,Diesel,Manual,First,22.7,4.42,Ford,Ecosport 1.5 DV5 MT Ambiente,12,1
Mumbai,Diesel,Manual,First,13.0,13.5,Toyota,Fortuner 4x2 Manual,14,2
Chennai,Diesel,Automatic,First,21.5,6.25,Volkswagen,Vento 1.5 Highline Plus AT 16 Alloy,13,1
Jaipur,Diesel,Manual,Second,20.0,2.1,Ford,Figo Diesel Titanium,16,0
Mumbai,Diesel,Automatic,First,15.3,45.0,BMW,X5 xDrive 30d,11,4
Coimbatore,Diesel,Automatic,First,19.27,33.66,Mercedes-Benz,New C-Class C 220 CDI Style,9,2
Bangalore,Petrol,Manual,Second,19.4,3.65,Honda,Brio V MT,14,1
Delhi,Petrol,Manual,First,20.36,2.75,Hyundai,i10 Magna 1.2,13,0
Bangalore,Diesel,Automatic,First,17.9,42.5,Mercedes-Benz,GLC 220,10,2
Kolkata,Petrol,Manual,First,18.9,6.5,Hyundai,Grand i10 1.2 Kappa Asta,7,1
Mumbai,Diesel,Automatic,Second,17.68,19.0,Audi,A6 2011-2015 2.0 TDI Premium Plus,14,3
Mumbai,Petrol,Automatic,Second,14.4,4.45,Volkswagen,Vento Petrol Highline AT,13,1
Jaipur,Diesel,Automatic,Second,16.6,23.0,Mini,Countryman Cooper D,9,1
Bangalore,Diesel,Manual,First,22.54,8.35,Hyundai,i20 Asta 1.4 CRDi,12,1
Mumbai,Diesel,Automatic,First,17.68,22.95,Audi,A6 2011-2015 2.0 TDI Premium Plus,12,3
Jaipur,Diesel,Manual,First,25.44,1.5,Chevrolet,Beat Diesel LT,14,0
Kochi,Petrol,Automatic,First,13.7,6.89,Skoda,Superb Elegance 1.8 TSI AT,14,2
Chennai,Diesel,Manual,Second,17.8,1.45,Ford,Fiesta 1.4 TDCi EXI Limited Edition,20,0
Hyderabad,Diesel,Automatic,First,22.48,33.5,BMW,5 Series 520d Luxury Line,12,3
Jaipur,Petrol,Manual,First,12.9,1.25,Chevrolet,Optra Magnum 1.6 LS BS3,19,1
Hyderabad,Diesel,Manual,First,22.07,4.2,Volkswagen,Polo Diesel Highline 1.2L,14,0
Mumbai,Diesel,Manual,First,19.98,6.75,Renault,Lodgy 110PS RxZ 8 Seater,11,1
Bangalore,Diesel,Automatic,First,13.0,32.0,Mercedes-Benz,E-Class E250 CDI Avantgrade,12,3
Kochi,Petrol,Manual,First,21.4,7.5,Maruti,Baleno Alpha,9,1
Delhi,Diesel,Manual,First,22.32,4.6,Hyundai,Verna 1.6 SX,14,1
Kochi,Petrol,Manual,First,19.81,4.04,Hyundai,i10 Magna 1.1,9,0
Kochi,Diesel,Manual,First,15.4,10.31,Mahindra,Scorpio 1.99 S10 4WD,10,1
Coimbatore,Diesel,Automatic,First,12.7,55.76,Land,Rover Range Rover 2.2L Dynamic,8,3
Chennai,Diesel,Manual,First,20.0,2.6,Ford,Figo Diesel ZXI,16,0
Mumbai,Diesel,Manual,First,25.47,8.5,Maruti,Ertiga ZDI,10,1
Kolkata,Diesel,Manual,First,25.8,3.5,Honda,Amaze S i-Dtech,12,1
Jaipur,Petrol,Manual,First,20.36,3.55,Hyundai,i10 Magna,11,0
Kolkata,Diesel,Manual,First,25.8,3.25,Honda,Amaze S i-Dtech,13,1
Hyderabad,Diesel,Manual,First,17.5,4.5,Skoda,Laura Ambiente,18,1
Delhi,Diesel,Manual,First,19.87,5.35,Renault,Duster 85PS Diesel RxL,12,1
Chennai,Diesel,Manual,Second,17.45,6.5,Mahindra,NuvoSport N6,9,1
Mumbai,Diesel,Manual,First,24.3,9.0,Maruti,Vitara Brezza ZDi Plus Dual Tone,10,1
Kochi,Petrol,Manual,First,18.6,6.0,Hyundai,i20 Asta Option 1.2,10,1
Jaipur,Petrol,Manual,First,14.7,2.75,Skoda,Fabia 1.4 MPI Ambiente,17,1
Pune,Petrol,Manual,First,15.64,1.5,Tata,Indigo eCS GLX,16,0
Delhi,Diesel,Automatic,First,15.73,19.9,Audi,Q3 2012-2015 35 TDI Quattro Premium Plus,11,3
Mumbai,Petrol,Automatic,First,14.7,10.0,Skoda,Octavia Elegance 1.8 TSI AT,12,3
Delhi,Diesel,Manual,First,23.59,3.0,Toyota,Etios Liva GD SP,12,0
Kochi,Petrol,Automatic,First,14.8,11.96,Mercedes-Benz,B Class B180,12,1
Kolkata,Diesel,Manual,First,27.4,3.25,Honda,Amaze S Diesel,13,1
Jaipur,Diesel,Manual,Second,22.32,4.75,Hyundai,Verna 1.6 SX,14,1
Mumbai,Diesel,Manual,First,20.46,5.95,Renault,Duster 85PS Diesel RxL Optional,12,1
Delhi,Petrol,Manual,Second,15.29,8.15,Hyundai,Creta 1.6 VTVT S,11,1
Mumbai,Petrol,Automatic,First,20.51,4.22,Maruti,Wagon R AMT VXI,10,0
Kolkata,Petrol,Automatic,First,11.74,10.5,Mercedes-Benz,New C-Class C250 Avantgarde,16,3
Delhi,Diesel,Automatic,First,11.8,45.0,Audi,A8 L 3.0 TDI quattro,14,4
Pune,Petrol,Manual,Second,19.81,2.9,Hyundai,i10 Magna 1.1,14,0
Mumbai,Petrol,Automatic,First,14.3,8.9,Skoda,Rapid 1.6 MPI AT Style Black Package,9,1
Hyderabad,Petrol,Automatic,First,14.67,26.0,Skoda,Superb Style 1.8 TSI AT,9,3
Coimbatore,Petrol,Manual,First,17.19,8.22,Hyundai,i20 Active 1.2 SX,8,1
Kolkata,Diesel,Manual,Second,25.8,3.5,Honda,Amaze VX i-DTEC,12,1
Chennai,Petrol,Manual,Second,18.9,1.25,Maruti,Wagon R LXI,22,0
Hyderabad,Diesel,Manual,First,21.03,3.7,Mahindra,Verito 1.5 D4 BSIV,13,0
Coimbatore,Diesel,Automatic,First,19.27,39.41,Mercedes-Benz,New C-Class C 220d Avantgarde Edition C,8,2
Kolkata,Petrol,Manual,First,22.5,2.65,Maruti,Wagon R VXI,13,0
Coimbatore,Diesel,Manual,Second,19.01,8.92,Nissan,Terrano XV Premium 110 PS Anniversary Edition,11,1
Delhi,Diesel,Manual,First,17.8,4.1,Maruti,Swift VDI BSIV,13,1
Kochi,Petrol,Automatic,First,16.82,35.67,Mini,Cooper Convertible S,9,3
Jaipur,Diesel,Manual,Second,17.2,0.85,Tata,Indica V2 DLS BSII,19,0
Kochi,Petrol,Manual,Second,18.6,3.32,Chevrolet,Beat LT,10,0
Mumbai,Diesel,Manual,First,22.07,3.6,Volkswagen,Polo Diesel Comfortline 1.2L,14,0
Hyderabad,Diesel,Manual,First,22.9,6.8,Maruti,Swift ZDi,10,0
Kolkata,Diesel,Manual,First,20.0,2.5,Ford,Figo Diesel EXI,14,0
Kochi,Diesel,Automatic,First,11.36,19.64,Toyota,Innova Crysta 2.8 GX AT,7,2
Mumbai,Diesel,Automatic,Second,11.72,7.0,Hyundai,Santa Fe 4x4 AT,15,3
Kolkata,Petrol,Manual,First,17.4,3.87,Honda,City i-VTEC V,15,1
Kochi,Petrol,Manual,First,18.6,6.27,Hyundai,i20 1.2 Magna Executive,8,1
Kochi,Diesel,Automatic,First,19.27,18.12,Mercedes-Benz,New C-Class C 220d Avantgarde Edition C,11,2
Mumbai,Diesel,Manual,First,25.44,2.65,Chevrolet,Beat Diesel LT,13,0
Kochi,Diesel,Manual,First,22.54,7.2,Hyundai,i20 Sportz 1.4 CRDi,11,1
Coimbatore,Diesel,Manual,First,12.99,14.3,Toyota,Innova 2.5 Z Diesel 7 Seater,11,1
Chennai,Diesel,Manual,First,20.77,6.9,Maruti,Ertiga VDI,13,1
Mumbai,Diesel,Manual,First,12.8,10.75,Toyota,Innova 2.5 V Diesel 7-seater,12,1
Mumbai,Petrol,Manual,Third,17.0,0.95,Hyundai,Santro Xing XO eRLX Euro II,19,1
Kochi,Petrol,Manual,First,17.8,8.09,Honda,City i VTEC V,10,1
Ahmedabad,Diesel,Automatic,First,17.05,18.5,BMW,X1 sDrive20d,12,3
Mumbai,Diesel,Manual,First,24.0,4.75,Hyundai,Grand i10 CRDi Era,9,0
Chennai,Diesel,Manual,First,28.09,8.45,Maruti,Ciaz 1.3 Alpha,10,1
Kolkata,Diesel,Manual,First,20.5,3.5,Skoda,Rapid Leisure 1.6 TDI MT,14,1
Kochi,Diesel,Manual,First,13.1,1.8,Hyundai,Accent CRDi,20,1
Jaipur,Diesel,Manual,Second,19.91,3.7,Volkswagen,Polo GT 1.5 TDI,12,1
Coimbatore,Petrol,Manual,First,18.7,7.17,Honda,Jazz 1.2 VX i VTEC,9,1
Jaipur,Petrol,Manual,First,19.81,1.75,Hyundai,i10 Era,16,0
Kochi,Diesel,Automatic,First,16.38,21.99,Hyundai,Tucson 2.0 e-VGT 2WD AT GLS,8,3
Pune,Diesel,Manual,First,13.68,18.65,Toyota,Innova Crysta 2.4 ZX MT,9,2
Jaipur,Petrol,Manual,Third,19.7,1.85,Maruti,Omni MPI CARGO BSIII W/ IMMOBILISER,15,0
Coimbatore,Petrol,Manual,Second,20.4,5.95,Maruti,Swift VXI BSIV,9,1
Mumbai,Petrol,Manual,First,18.9,3.75,Hyundai,Grand i10 Magna,12,1
Pune,Diesel,Manual,First,22.9,3.75,Maruti,Swift VDI,14,0
Hyderabad,Diesel,Manual,First,22.0,2.6,Hyundai,Verna CRDi 1.6 SX,18,1
Mumbai,Petrol,Manual,First,17.0,2.8,Hyundai,i20 1.2 Sportz,16,0
Coimbatore,Diesel,Automatic,First,11.57,61.29,Mercedes-Benz,GLE 350d,9,4
Bangalore,Diesel,Manual,Second,15.8,18.0,Mercedes-Benz,New C-Class C 220 CDI CLASSIC,12,2
Hyderabad,Diesel,Manual,First,23.2,4.35,Maruti,Ritz ZDi,12,0
Bangalore,Diesel,Manual,First,19.67,13.75,Hyundai,Creta 1.6 CRDi SX,10,1
Pune,Petrol,Manual,First,19.0,2.0,Maruti,A-Star Vxi,16,0
Delhi,Diesel,Manual,First,19.64,10.0,Renault,Duster 110PS Diesel RXZ Option,10,1
Delhi,Diesel,Manual,First,17.8,1.65,Fiat,Grande Punto 1.3 Emotion Pack (Diesel),16,0
Coimbatore,Diesel,Automatic,First,16.55,45.77,BMW,X3 xDrive30d M Sport,9,4
Bangalore,Petrol,Manual,Second,20.36,3.25,Hyundai,i10 Sportz,16,0
Pune,Diesel,Manual,First,12.8,12.8,Toyota,Innova 2.5 G4 Diesel 7-seater,10,1
Mumbai,Petrol,Manual,Third,17.3,0.55,Maruti,Zen VXI BSII,24,0
Hyderabad,Diesel,Manual,First,28.4,7.15,Maruti,Swift VDI,8,0
Pune,Diesel,Manual,Second,12.05,7.0,Mahindra,Scorpio VLX 2.2 mHawk Airbag BSIV,13,1
Pune,Diesel,Manual,First,22.95,3.75,Tata,Zest Quadrajet 1.3 75PS XE,9,0
Mumbai,Petrol,Manual,First,18.88,8.5,Ford,EcoSport 1.0 Ecoboost Titanium Plus,9,1
Jaipur,Diesel,Manual,First,23.4,4.35,Maruti,Swift Dzire ZDI,14,0
Kochi,Petrol,Manual,First,22.74,3.26,Maruti,Alto 800 LXI,10,0
Jaipur,Petrol,Manual,First,17.0,4.21,Honda,City 1.5 S MT,15,1
Kochi,Diesel,Automatic,First,12.07,70.36,Audi,Q7 3.0 TDI Quattro Technology,8,4
Mumbai,Diesel,Automatic,Second,17.0,2.95,Skoda,Laura 1.9 TDI AT Ambiente,17,1
Kochi,Petrol,Manual,First,17.1,4.28,Hyundai,Verna 1.6 SX VTVT (O),14,1
Jaipur,Petrol,Automatic,First,16.8,3.57,Honda,City 1.5 V AT,17,1
Kolkata,Diesel,Manual,First,21.9,3.11,Hyundai,i20 Magna Optional 1.4 CRDi,13,1
Coimbatore,Petrol,Automatic,First,15.0,5.96,Hyundai,i20 Sportz AT 1.4,12,1
Hyderabad,Diesel,Manual,First,20.54,4.7,Volkswagen,Vento Diesel Highline,15,1
Ahmedabad,Petrol,Manual,First,17.4,6.9,Honda,City i VTEC VX,12,1
Pune,Diesel,Manual,First,22.95,5.25,Tata,Zest Quadrajet 1.3 75PS XE,8,0
Pune,Diesel,Automatic,First,18.48,28.0,BMW,5 Series 2003-2012 520d,11,3
Delhi,Petrol,Manual,First,18.9,1.35,Maruti,Wagon R LXI Minor,17,0
Delhi,Petrol,Manual,First,18.2,4.85,Honda,Jazz VX,11,1
Coimbatore,Diesel,Manual,First,15.0,6.7,Volkswagen,Jetta 2007-2011 2.0 TDI Comfortline,14,1
Hyderabad,Petrol,Manual,First,20.36,3.1,Hyundai,i10 Magna 1.2,16,0
Kochi,Diesel,Automatic,First,19.27,18.64,Mercedes-Benz,New C-Class C 220 CDI Avantgarde,11,2
Pune,Petrol,Manual,First,20.36,2.8,Hyundai,i10 Magna 1.2 iTech SE,14,0
Chennai,Diesel,Manual,First,13.68,20.25,Toyota,Innova Crysta 2.4 ZX MT,10,2
Kochi,Diesel,Automatic,First,17.68,26.78,Audi,A6 2011-2015 2.0 TDI Technology,11,3
Hyderabad,Diesel,Manual,Second,12.99,8.26,Toyota,Innova 2.5 VX (Diesel) 7 Seater,16,1
Mumbai,Petrol,Manual,First,16.47,3.89,Volkswagen,Polo Petrol Trendline 1.2L,11,0
Hyderabad,Petrol,Manual,First,20.92,2.1,Maruti,Alto K10 LXI,15,0
Mumbai,Petrol,Automatic,First,18.0,12.69,Honda,City i-VTEC CVT ZX,9,1
Coimbatore,Diesel,Manual,First,17.0,2.58,Tata,Indigo LX,13,0
Kochi,Diesel,Automatic,First,17.68,20.77,Audi,A6 2011-2015 2.0 TDI Premium Plus,12,3
Delhi,Diesel,Automatic,First,17.9,20.26,Mercedes-Benz,GLA Class 200 CDI SPORT,11,2
Kolkata,Diesel,Manual,First,17.8,2.5,Maruti,Swift VDI BSIV,15,1
Hyderabad,Petrol,Automatic,First,23.1,4.25,Maruti,Celerio VXI AT,12,0
Hyderabad,Diesel,Automatic,First,17.9,57.0,Mercedes-Benz,GLE 250d,9,3
Delhi,Diesel,Automatic,First,12.7,44.0,Land,Rover Range Rover HSE Dynamic,9,3
Hyderabad,Diesel,Manual,First,20.54,3.65,Volkswagen,Vento Diesel Trendline,15,1
Hyderabad,Petrol,Manual,First,14.0,2.05,Maruti,Omni 8 Seater BSIV,14,0
Kochi,Petrol,Manual,First,18.5,3.13,Honda,Brio 1.2 VX MT,14,1
Hyderabad,Diesel,Manual,Second,14.07,1.5,Tata,Sumo Delux,26,1
Pune,Diesel,Manual,First,18.0,2.85,Tata,Indica Vista Aura 1.3 Quadrajet,14,0
Delhi,Petrol,Manual,First,18.9,2.65,Maruti,Wagon R LXI BS IV,14,0
Hyderabad,Diesel,Manual,First,16.0,10.6,Mahindra,XUV500 W8 4WD,11,2
Pune,Diesel,Manual,Second,17.1,1.25,Tata,Indigo LS Dicor,18,0
Mumbai,Petrol,Manual,First,16.02,8.25,Maruti,Ertiga Paseo VXI,8,1
Mumbai,Petrol,Automatic,First,11.7,4.45,Honda,Accord 2.4 A/T,15,3
Kolkata,Diesel,Manual,First,19.3,3.7,Maruti,Swift Dzire VDi,14,0
Hyderabad,Diesel,Manual,First,17.8,2.8,Ford,Fiesta EXi 1.4 TDCi Ltd,17,0
Kolkata,Petrol,Manual,First,17.7,1.8,Honda,City ZX GXi,18,0
Kochi,Diesel,Automatic,First,17.68,21.95,Audi,A6 2011-2015 2.0 TDI Premium Plus,12,3
Mumbai,Diesel,Automatic,First,9.52,49.0,BMW,6 Series 640d Gran Coupe,15,5
Coimbatore,Diesel,Automatic,First,14.75,62.67,Audi,Q7 45 TDI Quattro Technology,9,4
Pune,Diesel,Manual,First,23.0,5.5,Hyundai,i20 1.4 CRDi Asta,14,1
Bangalore,Petrol,Automatic,Third,16.95,2.95,Hyundai,i10 Sportz AT,17,0
Kochi,Petrol,Automatic,First,19.0,6.86,Honda,Jazz 1.2 V CVT i VTEC,10,1
Hyderabad,Diesel,Manual,First,25.2,6.15,Maruti,Swift VDI BSIV,11,0
Pune,Petrol,Manual,Second,18.5,3.3,Hyundai,i20 Asta 1.2,15,1
Kolkata,Petrol,Manual,First,16.47,2.55,Volkswagen,Polo Petrol Comfortline 1.2L,15,0
Ahmedabad,Petrol,Manual,First,19.7,1.5,Maruti,Alto LXi,17,0
Chennai,Petrol,Automatic,Second,11.3,2.5,Toyota,Corolla H4,22,1
Chennai,Petrol,Manual,Second,19.7,1.4,Maruti,Alto LXi,20,0
Pune,Diesel,Manual,First,21.12,3.4,Tata,Manza ELAN Quadrajet BS IV,14,1
Pune,Petrol,Manual,First,19.7,2.25,Maruti,Alto LXi,14,0
Kolkata,Diesel,Automatic,First,19.3,7.5,Skoda,Octavia Ambition Plus 2.0 TDI AT,13,2
Kolkata,Petrol,Automatic,First,11.3,2.8,Toyota,Corolla H4,18,1
Coimbatore,Petrol,Manual,First,18.6,7.66,Hyundai,i20 Asta Option 1.2,10,1
Chennai,Diesel,Manual,First,24.3,7.15,Maruti,Vitara Brezza LDi,10,1
Delhi,Petrol,Manual,First,17.0,3.5,Honda,City 1.5 V MT,16,1
Hyderabad,Diesel,Manual,Second,18.0,3.5,Tata,Indica Vista Aqua 1.3 Quadrajet,12,0
Kolkata,Diesel,Manual,First,25.8,3.45,Honda,Amaze S i-Dtech,13,1
Coimbatore,Petrol,Manual,First,21.1,3.55,Hyundai,EON D Lite Plus,10,0
Kochi,Diesel,Automatic,Second,21.76,25.99,BMW,3 Series Luxury Line,11,3
Bangalore,Diesel,Manual,First,22.32,5.25,Hyundai,Verna 1.6 SX,14,1
Ahmedabad,Diesel,Manual,First,21.02,2.9,Tata,Manza Club Class Quadrajet90 LS,13,1
Jaipur,Petrol,Automatic,First,14.45,2.05,Skoda,Octavia RS,21,4
Pune,Petrol,Manual,First,24.07,3.75,Maruti,Alto K10 VXI,9,0
Mumbai,Diesel,Manual,First,22.7,6.75,Ford,Ecosport 1.5 DV5 MT Titanium Optional,12,1
Kolkata,Petrol,Manual,Second,18.0,0.95,Chevrolet,Spark 1.0 LS,15,0
Hyderabad,Diesel,Automatic,First,19.33,52.0,Jaguar,XF 2.0 Diesel Portfolio,9,3
Jaipur,Petrol,Manual,Third,13.1,3.91,Honda,CR-V RVi MT,19,2
Kochi,Petrol,Automatic,First,14.67,27.3,Skoda,Superb L&K 1.8 TSI AT,7,3
Chennai,Petrol,Manual,First,20.36,2.7,Hyundai,i10 Magna 1.2,17,0
Delhi,Diesel,Manual,First,22.9,3.5,Maruti,Swift LDI,13,0
Mumbai,Petrol,Automatic,First,18.5,6.2,Maruti,Swift Dzire VXi AT,10,1
Chennai,Diesel,Manual,First,23.08,2.75,Nissan,Micra Diesel XV,15,0
Mumbai,Diesel,Manual,First,23.4,3.25,Maruti,Swift Dzire Tour LDI,11,0
Pune,Diesel,Manual,First,17.8,3.25,Ford,Fiesta Classic 1.4 Duratorq CLXI,14,0
Kolkata,Petrol,Manual,First,17.3,0.65,Maruti,Zen LX,23,0
Pune,Petrol,Manual,First,13.8,35.0,Mini,Clubman Cooper S,9,3
Kolkata,Diesel,Manual,First,23.59,3.25,Toyota,Etios GD,12,0
Kolkata,Petrol,Manual,First,24.7,2.9,Maruti,Alto 800 2016-2019 LXI,8,0
Bangalore,Petrol,Manual,Third,18.9,2.9,Maruti,Alto VXi,15,0
Bangalore,Diesel,Automatic,Second,11.0,17.75,BMW,X5 3.0d,17,4
Mumbai,Petrol,Automatic,Second,11.07,8.25,Nissan,Teana XV,11,3
Coimbatore,Petrol,Automatic,First,18.9,5.77,Hyundai,Grand i10 AT Asta,11,1
Hyderabad,Diesel,Manual,First,24.3,9.49,Maruti,Vitara Brezza ZDi Plus,9,1
Mumbai,Diesel,Automatic,Third,12.07,12.95,Audi,Q7 3.0 TDI Quattro Premium Plus,18,4
Chennai,Diesel,Automatic,First,17.9,20.0,Mercedes-Benz,GLA Class 200 CDI,11,2
Chennai,Petrol,Manual,Third,16.1,1.0,Maruti,800 AC,19,0
Chennai,Diesel,Manual,Second,20.45,7.1,Renault,Duster 85PS Diesel RxL,11,1
Mumbai,Diesel,Manual,First,21.43,16.5,Toyota,Corolla Altis D-4D GL,9,1
Chennai,Diesel,Manual,First,15.8,26.0,Mercedes-Benz,New C-Class 220,12,2
Hyderabad,Diesel,Manual,Second,21.1,3.2,Maruti,Ritz VDi,16,0
Kochi,Petrol,Automatic,First,16.0,9.48,Honda,BRV i-VTEC V CVT,9,1
Kochi,Diesel,Manual,First,24.4,4.0,Hyundai,Xcent 1.1 CRDi Base,11,0
Jaipur,Diesel,Automatic,First,14.21,26.5,Mercedes-Benz,E-Class 2009-2013 E250 CDI Avantgarde,12,3
Kochi,Petrol,Automatic,Second,14.8,11.77,Mercedes-Benz,B Class B180,12,1
Bangalore,Diesel,Automatic,First,15.0,37.0,Mercedes-Benz,E-Class 2015-2017 E250 Edition E,9,3
Mumbai,Petrol,Manual,First,17.8,8.75,Honda,City i VTEC VX Option,10,1
Hyderabad,Petrol,Manual,First,17.0,1.95,Hyundai,Santro Xing XL eRLX Euro III,19,1
Chennai,Petrol,Manual,First,17.0,3.75,Honda,City 1.5 S MT,15,1
Pune,Petrol,Manual,First,16.2,2.5,Hyundai,Verna Transform VTVT,16,1
Mumbai,Petrol,Automatic,First,13.5,34.5,Jaguar,XE Portfolio,9,4
Delhi,Petrol,Manual,First,18.0,4.65,Honda,Amaze S i-Vtech,11,1
Bangalore,Petrol,Automatic,First,18.86,32.0,Mini,Cooper Convertible 1.6,11,1
Coimbatore,Diesel,Automatic,First,13.5,62.81,Mercedes-Benz,S Class 2005 2013 S 350 CDI,9,5
Chennai,Petrol,Manual,First,21.1,3.25,Hyundai,EON Magna Plus,12,0
Kolkata,Petrol,Manual,First,20.51,3.1,Maruti,Wagon R VXI BS IV,12,0
Coimbatore,Diesel,Manual,First,21.1,3.91,Maruti,Ritz LDi,15,0
Chennai,Diesel,Automatic,First,16.07,11.0,BMW,3 Series 320d Sedan,15,3
Pune,Diesel,Manual,First,13.49,3.5,Tata,Xenon XT EX 4X2,12,2
Chennai,Diesel,Automatic,First,20.38,16.5,Audi,A3 35 TDI Attraction,12,2
Hyderabad,Diesel,Automatic,First,12.7,30.0,Land,Rover Range Rover 2.2L Dynamic,14,3
Pune,Diesel,Automatic,Second,12.0,28.0,Mercedes-Benz,GL-Class 2007 2012 350 CDI Luxury,16,4
Hyderabad,Diesel,Automatic,First,13.5,28.0,Mitsubishi,Pajero Sport 4X2 AT DualTone BlackTop,8,3
Jaipur,Petrol,Manual,First,19.7,0.92,Maruti,Alto LX,16,0
Pune,Petrol,Manual,First,14.0,2.75,Maruti,Wagon R LXI BSIII,13,0
Coimbatore,Diesel,Automatic,First,12.7,53.83,Land,Rover Range Rover 2.2L Prestige,9,3
Pune,Petrol,Manual,Second,17.01,4.95,Hyundai,Verna 1.6 SX VTVT,15,1
Hyderabad,Diesel,Automatic,First,16.73,33.5,BMW,5 Series 525d Sedan,13,3
Bangalore,Diesel,Automatic,First,14.74,27.95,Jaguar,XF Diesel,13,5
Hyderabad,Petrol,Automatic,First,13.7,7.25,Skoda,Superb Elegance 1.8 TSI AT,16,2
Kochi,Diesel,Automatic,First,15.73,25.71,Audi,Q3 35 TDI Quattro Premium,9,3
Coimbatore,Diesel,Automatic,First,12.7,29.67,Land,Rover Range Rover 2.2L Pure,12,3
Jaipur,Diesel,Automatic,First,14.84,19.0,Mercedes-Benz,New C-Class 220 CDI AT,13,2
Kochi,Diesel,Manual,First,15.4,13.05,Mahindra,Scorpio S10 4WD,9,1
Mumbai,Diesel,Automatic,First,21.76,25.5,BMW,3 Series Luxury Line,11,3
Pune,Petrol,Manual,First,15.4,8.5,Honda,BR-V i-VTEC S MT,9,1
Chennai,Diesel,Automatic,Second,16.0,7.25,Volvo,S80 2006-2013 D5,16,3
Pune,Petrol,Manual,First,13.2,0.8,Hyundai,Accent GLE,21,1
Jaipur,Petrol,Manual,First,17.19,6.9,Hyundai,i20 Active SX Petrol,9,1
Coimbatore,Petrol,Automatic,First,11.5,70.99,Mercedes-Benz,GLC 43 AMG Coupe,8,7
Kolkata,Petrol,Manual,Second,21.1,2.25,Hyundai,EON Magna Plus,11,0
Kochi,Petrol,Manual,First,18.9,5.5,Hyundai,Grand i10 SportZ Edition,8,1
Mumbai,Petrol,Manual,First,13.0,4.35,Honda,City 1.5 EXI S,13,1
Kolkata,Petrol,Manual,First,16.47,2.25,Volkswagen,Polo Petrol Trendline 1.2L,16,0
Mumbai,Petrol,Automatic,First,15.26,24.5,Audi,A6 35 TFSI Matrix,10,3
Coimbatore,Petrol,Manual,First,15.29,12.03,Hyundai,Creta 1.6 SX Plus Dual Tone Petrol,9,1
Mumbai,Petrol,Automatic,Second,11.74,8.5,Mercedes-Benz,New C-Class C 200 CGI Avantgarde,15,3
Mumbai,Petrol,Automatic,First,16.82,28.5,Mini,Cooper Convertible S,12,3
Pune,Petrol,Manual,Second,17.0,1.2,Hyundai,Santro Xing XO eRLX Euro II,20,1
Bangalore,Diesel,Manual,First,23.59,5.75,Toyota,Etios VD,13,0
Delhi,Petrol,Manual,Second,19.4,3.2,Honda,Brio S MT,12,1
Coimbatore,Petrol,Automatic,First,21.4,9.89,Maruti,Baleno Alpha Automatic,8,1
Coimbatore,Diesel,Automatic,First,20.0,6.58,Skoda,Laura Ambiente 2.0 TDI CR AT,14,2
Kochi,Petrol,Manual,First,21.1,4.06,Hyundai,EON Era Plus,8,0
Coimbatore,Diesel,Manual,First,20.37,13.37,Renault,Captur 1.5 Diesel RXL,7,1
Coimbatore,Diesel,Automatic,First,16.2,25.82,BMW,5 Series 2003-2012 GT 530d LE,15,4
Kochi,Petrol,Manual,First,22.74,3.74,Maruti,Alto 800 LXI,10,0
Bangalore,Diesel,Automatic,Second,16.8,22.0,Volvo,V40 D3,11,2
Ahmedabad,Petrol,Manual,First,18.9,1.45,Maruti,Wagon R LXI BSII,19,0
Kolkata,Petrol,Manual,First,17.7,2.0,Honda,City ZX GXi,18,0
Kolkata,Petrol,Manual,First,13.7,3.75,Chevrolet,Enjoy 1.4 LS 8,12,1
Coimbatore,Diesel,Manual,First,15.96,7.7,Mahindra,Bolero ZLX,10,0
Hyderabad,Petrol,Manual,First,21.1,2.6,Hyundai,EON D Lite,12,0
Coimbatore,Petrol,Automatic,First,13.0,13.77,Hyundai,Creta 1.6 SX Plus Petrol Automatic,9,1
Mumbai,Petrol,Manual,Second,16.09,7.1,Volkswagen,Vento 1.6 Comfortline,9,1
Pune,Petrol,Automatic,Second,12.9,2.65,Honda,Civic 2006-2010 1.8 S AT,18,2
Hyderabad,Diesel,Manual,First,22.3,2.5,Tata,Indica Vista Quadrajet LS,12,0
Kochi,Diesel,Manual,First,16.0,7.53,Mahindra,XUV500 W8 2WD,13,2
Coimbatore,Petrol,Manual,First,18.6,7.98,Hyundai,i20 1.2 Asta Option,9,1
Bangalore,Diesel,Automatic,Second,14.16,39.0,Audi,Q5 30 TDI quattro Premium Plus,12,3
Chennai,Petrol,Manual,Second,18.5,2.25,Maruti,Ritz VXi,15,1
Chennai,Petrol,Manual,Second,13.17,3.85,Mitsubishi,Cedia Sports,16,1
Hyderabad,Diesel,Manual,First,12.8,13.5,Toyota,Innova 2.5 V Diesel 7-seater,11,1
Hyderabad,Diesel,Manual,First,27.62,3.5,Maruti,Celerio LDi,10,0
Delhi,Diesel,Manual,First,25.1,8.92,Maruti,S-Cross Delta DDiS 200 SH,8,1
Coimbatore,Diesel,Automatic,First,15.17,20.37,Audi,Q3 35 TDI Quattro Premium Plus,10,3
Bangalore,Diesel,Automatic,First,21.76,36.5,BMW,3 Series Luxury Line,10,3
Coimbatore,Diesel,Automatic,First,11.33,48.91,Audi,Q7 4.2 TDI Quattro Technology,10,6
Pune,Petrol,Manual,First,18.6,7.2,Hyundai,i20 2015-2017 Asta 1.2,10,1
Hyderabad,Diesel,Manual,First,19.01,5.99,Renault,Duster 110PS Diesel RxL,14,1
Pune,Diesel,Manual,First,24.4,5.25,Hyundai,Xcent 1.1 CRDi S Celebration Edition,10,0
Delhi,Diesel,Manual,First,22.7,6.5,Ford,Ecosport 1.5 DV5 MT Titanium,12,1
Hyderabad,Petrol,Manual,First,16.47,4.4,Volkswagen,Polo Petrol Trendline 1.2L,13,0
Kolkata,Diesel,Manual,First,24.0,4.6,Hyundai,Grand i10 CRDi Magna,9,0
Ahmedabad,Diesel,Manual,First,21.12,2.95,Tata,Manza Aqua Quadrajet BS IV,13,1
Kolkata,Petrol,Manual,First,17.0,3.26,Honda,City 1.5 V MT,15,1
Bangalore,Petrol,Manual,Second,17.92,2.22,Hyundai,Santro Xing GLS,18,0
Hyderabad,Diesel,Manual,First,12.99,10.5,Toyota,Innova 2.5 VX (Diesel) 7 Seater,14,1
Coimbatore,Diesel,Manual,First,28.09,8.26,Maruti,Ciaz 1.3 S,9,1
Delhi,Diesel,Manual,First,12.55,14.45,Toyota,Fortuner 4x4 MT TRD Sportivo,13,2
Chennai,Petrol,Manual,Second,15.3,2.5,Ford,Fiesta 1.6 SXI ABS Duratec,17,1
Kochi,Petrol,Automatic,First,12.6,51.43,Mercedes-Benz,E-Class E 220 d,8,3
Chennai,Diesel,Manual,First,15.8,23.0,Mercedes-Benz,New C-Class 220 CDI MT,12,2
Kolkata,Diesel,Manual,First,17.72,5.5,Skoda,Yeti Ambition 4X2,14,1
Delhi,Petrol,Manual,First,18.9,4.5,Hyundai,Grand i10 Sportz,11,1
Hyderabad,Petrol,Manual,First,18.16,6.8,Ford,Figo 2015-2019 1.2P Titanium MT,8,1
Mumbai,Petrol,Manual,First,16.8,8.75,Skoda,Octavia Ambition 1.4 TSI MT,13,2
Mumbai,Diesel,Manual,Second,19.87,7.0,Renault,Duster 85PS Diesel RxL Option,11,1
Delhi,Diesel,Automatic,Second,15.68,33.5,Land,Rover Range Rover Evoque 2.0 TD4 Pure,11,3
Chennai,Diesel,Manual,Second,20.0,2.25,Ford,Figo Diesel EXI,15,0
Hyderabad,Diesel,Automatic,Second,12.8,4.24,Ford,Endeavour Hurricane Limited Edition,18,2
Coimbatore,Diesel,Manual,First,12.55,28.42,Toyota,Fortuner 4x4 MT,9,2
Kolkata,Diesel,Manual,First,22.07,2.75,Volkswagen,Polo Diesel Comfortline 1.2L,14,0
Jaipur,Diesel,Manual,First,23.2,3.0,Maruti,Ritz VDi,15,0
Pune,Diesel,Manual,First,23.08,3.55,Nissan,Micra Diesel XV Premium,13,0
Kolkata,Diesel,Manual,First,22.32,4.8,Hyundai,Verna 1.6 SX,13,1
Kolkata,Petrol,Automatic,First,10.8,13.5,BMW,5 Series 2003-2012 523i,15,2
Pune,Diesel,Automatic,First,11.0,56.0,Mercedes-Benz,GLS 350d 4MATIC,9,4
Hyderabad,Petrol,Automatic,First,12.0,3.99,Honda,CR-V 2.4L 4WD AT,22,3
Bangalore,Diesel,Automatic,First,17.01,15.5,Hyundai,Creta 1.6 CRDi AT SX Plus,10,1
Jaipur,Petrol,Manual,Second,19.81,2.32,Hyundai,i10 Era,16,0
Kochi,Diesel,Automatic,First,20.0,18.58,Mercedes-Benz,A Class A200 CDI Sport,10,2
Jaipur,Petrol,Manual,First,16.02,5.5,Maruti,Ertiga VXI,12,1
Chennai,Diesel,Manual,Second,18.7,3.2,Skoda,Octavia Classic 1.9 TDI MT,20,0
Pune,Petrol,Manual,First,18.0,4.0,Honda,Amaze VX i-Vtech,11,1
Chennai,Petrol,Manual,First,17.3,1.6,Maruti,Zen LXi BSII,22,0
Kochi,Petrol,Manual,First,15.5,4.15,Maruti,SX4 ZXI MT BSIV,13,1
Mumbai,Petrol,Automatic,First,16.5,4.25,Honda,Brio VX AT,12,1
Ahmedabad,Petrol,Manual,First,18.9,2.6,Maruti,Wagon R VXI,15,0
Mumbai,Petrol,Automatic,Second,12.1,3.43,Toyota,Camry A/T,18,2
Kochi,Petrol,Manual,First,18.6,2.55,Chevrolet,Beat LS,14,0
Delhi,Diesel,Automatic,First,12.55,32.0,Toyota,Fortuner 4x4 AT,9,2
Mumbai,Diesel,Manual,First,22.7,6.25,Ford,Ecosport 1.5 DV5 MT Titanium Optional,12,1
Hyderabad,Diesel,Manual,Second,17.8,3.6,Maruti,Swift Vdi BSIII,16,0
Pune,Diesel,Automatic,First,13.5,18.5,Mercedes-Benz,S Class 2005 2013 S 350 CDI,16,5
Mumbai,Petrol,Manual,Second,17.3,4.25,Honda,Mobilio S i VTEC,11,1
Mumbai,Petrol,Manual,Second,18.9,4.8,Hyundai,Grand i10 Sportz,9,1
Bangalore,Diesel,Automatic,First,16.0,13.0,Mahindra,XUV500 AT W8 FWD,11,2
Pune,Petrol,Manual,Second,14.83,2.25,Skoda,Fabia 1.6 MPI Elegance,14,1
Hyderabad,Petrol,Manual,First,17.92,2.3,Hyundai,Santro Xing GLS,17,0
Kochi,Petrol,Manual,First,15.29,13.56,Hyundai,Creta 1.6 SX Plus Dual Tone Petrol,7,1
Delhi,Diesel,Manual,First,15.4,12.25,Mahindra,Scorpio 1.99 S8,9,1
Pune,Diesel,Manual,First,20.5,3.76,Skoda,Rapid 1.6 TDI Ambition,13,1
Coimbatore,Diesel,Manual,First,19.01,8.58,Renault,Duster 110PS Diesel RxZ,11,1
Hyderabad,Diesel,Automatic,First,11.7,27.5,BMW,X5 xDrive 30d,15,4
Coimbatore,Petrol,Manual,First,17.6,4.95,Toyota,Etios G,13,1
Ahmedabad,Petrol,Manual,First,22.5,3.3,Maruti,Wagon R LXI,14,0
Chennai,Petrol,Manual,First,15.8,8.0,Hyundai,Creta 1.6 SX,10,1
Jaipur,Petrol,Manual,First,23.1,2.79,Maruti,Celerio VXI,12,0
Coimbatore,Diesel,Automatic,First,12.7,45.64,Land,Rover Range Rover HSE Dynamic,9,3
Pune,Petrol,Manual,First,18.6,2.55,Chevrolet,Beat LT,12,0
Ahmedabad,Petrol,Manual,Second,25.4,1.0,Tata,Nano Twist XT,12,0
Coimbatore,Diesel,Automatic,First,17.68,37.56,Audi,A6 2011-2015 35 TDI Technology,9,3
Kochi,Diesel,Automatic,Second,11.0,9.29,Mercedes-Benz,E-Class 280 CDI,17,3
Kochi,Petrol,Manual,First,22.0,6.37,Maruti,Swift VXI,7,1
Coimbatore,Petrol,Manual,First,14.6,2.98,Fiat,Linea T Jet,13,1
Kochi,Petrol,Manual,First,20.4,5.75,Maruti,Swift VXI Optional,9,1
Hyderabad,Diesel,Manual,First,11.5,13.0,Toyota,Fortuner 3.0 Diesel,16,2
Mumbai,Petrol,Manual,First,16.02,6.8,Maruti,Ertiga ZXI,12,1
Coimbatore,Petrol,Automatic,First,12.05,10.49,BMW,3 Series 320i Sedan,16,2
Jaipur,Petrol,Manual,First,16.02,5.6,Maruti,Ertiga VXI,12,1
Mumbai,Petrol,Automatic,Second,16.8,2.85,Honda,City 1.5 V AT,16,1
Coimbatore,Diesel,Manual,First,14.66,8.36,Hyundai,Santa Fe 4X4,13,3
Jaipur,Diesel,Manual,First,17.0,1.0,Tata,Indigo LS,21,0
Kolkata,Petrol,Automatic,Second,10.93,10.75,Mercedes-Benz,E-Class 2009-2013 E 250 Elegance,16,3
Hyderabad,Diesel,Manual,First,19.3,3.85,Maruti,Swift Dzire LDi,15,0
Hyderabad,Diesel,Manual,First,17.8,3.0,Ford,Fiesta Classic 1.4 Duratorq CLXI,14,0
Coimbatore,Petrol,Automatic,First,18.0,9.6,Honda,City i VTEC CVT VX,11,1
Delhi,Diesel,Manual,First,13.0,13.25,Toyota,Fortuner 4x2 Manual,14,2
Mumbai,Petrol,Manual,First,18.0,5.75,Honda,Amaze VX O i VTEC,10,1
Delhi,Diesel,Manual,First,22.54,6.75,Hyundai,i20 Asta 1.4 CRDi,12,1
Bangalore,Diesel,Manual,Second,18.2,4.85,Chevrolet,Enjoy TCDi LTZ 7 Seater,13,0
Mumbai,Petrol,Automatic,First,12.6,2.85,Maruti,SX4 ZXI AT Leather,17,1
Mumbai,Diesel,Manual,First,12.99,9.51,Toyota,Innova 2.5 VX (Diesel) 7 Seater,14,1
Ahmedabad,Diesel,Automatic,Second,18.48,18.5,BMW,5 Series 2003-2012 520d,14,3
Delhi,Diesel,Manual,First,19.01,6.75,Renault,Duster 110PS Diesel RxZ,11,1
Coimbatore,Diesel,Automatic,First,20.68,29.4,BMW,X1 sDrive 20d xLine,9,3
Kochi,Petrol,Manual,First,17.7,3.29,Honda,City ZX GXi,17,0
Delhi,Diesel,Manual,First,28.09,9.5,Maruti,Ciaz RS ZDi Plus SHVS,10,1
Pune,Petrol,Manual,Second,17.5,2.2,Maruti,Swift Dzire VXi,16,1
Pune,Diesel,Manual,First,15.1,6.5,Mahindra,XUV500 W6 2WD,14,2
Ahmedabad,Petrol,Manual,First,13.5,4.9,Honda,Civic 2006-2010 1.8 S MT,19,2
Pune,Diesel,Manual,Second,25.47,6.75,Maruti,Ertiga ZDI,13,1
Chennai,Diesel,Manual,First,23.59,3.8,Toyota,Etios Liva GD,13,0
Delhi,Petrol,Automatic,First,9.9,29.5,Audi,TT 2.0 TFSI,13,3
Hyderabad,Diesel,Manual,First,21.13,10.5,Skoda,Rapid 1.5 TDI Style,9,1
Hyderabad,Diesel,Manual,First,20.14,6.2,Volkswagen,Polo 1.5 TDI Highline,11,1
Jaipur,Diesel,Automatic,First,17.0,5.0,Skoda,Laura 1.9 TDI AT Elegance,17,1
Chennai,Diesel,Manual,First,19.2,2.3,Mahindra,Renault Logan 1.5 DLE Diesel,19,0
Ahmedabad,Diesel,Automatic,First,11.36,17.0,Toyota,Innova Crysta 2.8 GX AT,10,2
Bangalore,Diesel,Automatic,First,18.88,25.5,BMW,3 Series 320d Luxury Line,12,3
Jaipur,Diesel,Manual,First,27.3,5.65,Honda,Jazz 1.5 S i DTEC,11,1
Kochi,Diesel,Manual,First,25.8,5.6,Honda,Amaze VX i-DTEC,11,1
Kochi,Diesel,Automatic,First,16.36,29.98,Jaguar,XF 2.2 Litre Luxury,11,3
Coimbatore,Diesel,Manual,First,26.59,7.39,Maruti,Swift Dzire VDI,10,0
Jaipur,Diesel,Manual,First,17.1,19.0,Jeep,Compass 2.0 Limited,8,2
Pune,Petrol,Manual,First,12.5,5.0,Toyota,Corolla Altis 1.8 Sport,16,2
Kolkata,Petrol,Manual,First,17.0,3.35,Honda,City 1.5 V MT,15,1
Chennai,Petrol,Manual,First,18.6,4.45,Maruti,Swift ZXI,13,1
Coimbatore,Diesel,Automatic,First,22.32,8.31,Hyundai,Verna 1.6 SX CRDI (O) AT,7,1
Jaipur,Diesel,Manual,Second,15.96,6.0,Mahindra,Bolero ZLX,14,0
Chennai,Diesel,Manual,First,22.9,5.25,Maruti,Swift VDI,12,0
Chennai,Petrol,Manual,First,17.0,1.4,Hyundai,Santro Xing XO,20,1
Hyderabad,Diesel,Automatic,First,17.68,12.3,Audi,A6 2011-2015 2.0 TDI Premium Plus,14,3
Chennai,Petrol,Manual,Third,13.8,1.5,Ford,Ikon 1.3 LXi NXt,22,0
Coimbatore,Diesel,Manual,First,20.14,8.12,Volkswagen,Polo 1.5 TDI Highline,8,1
Coimbatore,Diesel,Manual,First,13.6,6.12,Mahindra,Bolero VLX CRDe,14,0
Coimbatore,Diesel,Manual,First,25.1,10.88,Honda,City i DTEC VX Option,9,1
Kolkata,Petrol,Manual,First,18.2,3.5,Chevrolet,Sail Hatchback 1.2 LS,12,1
Kochi,Petrol,Manual,First,18.6,6.15,Hyundai,i20 1.2 Spotz,10,1
Chennai,Diesel,Automatic,First,17.05,33.0,BMW,X1 sDrive 20d Sportline,10,3
Mumbai,Diesel,Automatic,First,15.06,13.5,BMW,X1 sDrive 20d Exclusive,14,3
Mumbai,Diesel,Automatic,First,12.55,17.11,Toyota,Fortuner 4x2 AT,11,2
Kochi,Diesel,Automatic,First,11.33,29.77,Audi,Q7 4.2 TDI Quattro Technology,12,6
Kolkata,Diesel,Manual,First,20.77,5.95,Maruti,Ertiga VDI,13,1
Bangalore,Petrol,Manual,First,18.5,5.75,Hyundai,i20 1.2 Magna,11,0
Bangalore,Petrol,Automatic,Second,10.13,19.0,Mercedes-Benz,S Class 2005 2013 S 350 L,20,7
Ahmedabad,Diesel,Manual,First,20.45,4.75,Renault,Duster 85PS Diesel RxL,12,1
Hyderabad,Diesel,Manual,Second,17.21,3.3,Mahindra,Quanto C2,13,1
Delhi,Diesel,Automatic,First,12.55,16.5,Toyota,Fortuner 4x2 AT,13,2
Mumbai,Diesel,Automatic,First,15.97,44.0,BMW,X5 2014-2019 xDrive 30d Design Pure Experience 7 Seater,12,4
Hyderabad,Diesel,Manual,First,19.3,4.39,Maruti,Swift Dzire VDi,15,0
Kochi,Diesel,Manual,First,25.2,6.2,Maruti,Swift LDI Optional,8,0
Kochi,Petrol,Automatic,First,13.53,24.22,Audi,A6 2011-2015 35 TFSI Technology,10,3
Mumbai,Diesel,Manual,Third,10.5,5.45,Mitsubishi,Pajero 2.8 SFX BSIV Dual Tone,18,1
Delhi,Diesel,Automatic,First,16.36,44.0,Jaguar,XF 2.2 Litre Executive,10,3
Coimbatore,Diesel,Automatic,First,11.36,24.82,Toyota,Innova Crysta 2.8 ZX AT,7,2
Mumbai,Diesel,Automatic,First,19.3,11.69,Skoda,Octavia Ambition 2.0 TDI AT,11,2
Bangalore,Petrol,Automatic,First,14.28,20.0,Toyota,Corolla Altis VL AT,8,2
Pune,Petrol,Manual,First,19.7,1.45,Maruti,Omni 8 Seater BSII,16,0
Mumbai,Diesel,Automatic,First,17.9,48.5,Mercedes-Benz,GLC 220d 4MATIC Style,8,2
Mumbai,Diesel,Automatic,First,21.5,9.45,Volkswagen,Vento 1.5 TDI Highline AT,10,1
Ahmedabad,Diesel,Manual,First,16.0,12.5,Mahindra,XUV500 W10 2WD,11,2
Hyderabad,Diesel,Manual,First,20.45,6.9,Nissan,Terrano XL 85 PS,12,1
Jaipur,Diesel,Manual,Second,22.32,5.8,Hyundai,Verna 1.6 SX CRDi (O),14,1
Coimbatore,Diesel,Automatic,First,14.69,44.56,BMW,5 Series 2013-2017 530d M Sport,10,4
Bangalore,Diesel,Manual,Second,15.4,8.5,Mahindra,Scorpio S4 Plus,11,1
Coimbatore,Diesel,Manual,First,23.9,10.7,Hyundai,Verna 1.6 CRDi SX,9,1
Pune,Diesel,Automatic,Second,12.07,12.0,Audi,Q7 3.0 TDI Quattro Premium Plus,17,4
Coimbatore,Petrol,Manual,First,14.7,2.44,Chevrolet,Aveo U-VA 1.2 LT,16,0
Kolkata,Diesel,Manual,First,13.6,1.95,Mahindra,Bolero ZLX BSIII,26,0
Mumbai,Petrol,Manual,First,19.1,4.35,Hyundai,Xcent 1.2 Kappa S,12,1
Hyderabad,Diesel,Manual,First,13.68,17.5,Toyota,Innova Crysta 2.4 GX MT 8S,9,2
Hyderabad,Petrol,Manual,First,21.1,2.9,Hyundai,EON Era Plus,11,0
Delhi,Diesel,Manual,First,22.07,2.9,Volkswagen,Polo Diesel Comfortline 1.2L,13,0
Pune,Diesel,Manual,First,24.3,8.9,Maruti,Vitara Brezza ZDi,10,1
Mumbai,Diesel,Automatic,First,18.88,16.75,BMW,3 Series 320d Prestige,13,3
Coimbatore,Petrol,Manual,First,21.1,3.95,Hyundai,EON Sportz,10,0
Mumbai,Petrol,Manual,First,17.0,2.1,Honda,City 1.5 S MT,17,1
Kochi,Petrol,Manual,Second,12.8,4.29,Honda,Accord 2.4 MT,15,3
Hyderabad,Diesel,Manual,First,14.0,3.85,Mahindra,Xylo E8,17,1
Chennai,Diesel,Automatic,Second,13.2,9.0,BMW,3 Series 320d,17,2
Pune,Petrol,Manual,Second,16.8,4.5,Honda,City V MT,13,1
Kochi,Diesel,Manual,First,16.0,12.46,Mahindra,XUV500 W10 2WD,10,2
Delhi,Diesel,Manual,First,21.27,4.65,Hyundai,i20 Asta 1.4 CRDi,12,1
Hyderabad,Diesel,Manual,First,13.0,20.5,Toyota,Fortuner 4x2 Manual,12,2
Chennai,Diesel,Manual,First,13.6,2.9,Mahindra,Bolero DI BSII,20,0
Chennai,Petrol,Manual,First,15.9,1.45,Maruti,Esteem Vxi - BSIII,19,1
Mumbai,Diesel,Automatic,First,20.7,29.5,Mini,Cooper 5 DOOR D,10,1
Hyderabad,Diesel,Automatic,First,15.73,25.0,Audi,Q3 35 TDI Quattro Premium,11,3
Delhi,Petrol,Manual,Second,17.0,3.5,Hyundai,i20 Sportz Option,13,0
Jaipur,Diesel,Manual,First,14.1,11.25,Tata,Safari Storme VX Varicor 400,9,2
Kochi,Diesel,Manual,First,21.9,10.79,Honda,BR-V i-DTEC VX MT,9,1
Kolkata,Diesel,Manual,First,19.33,5.9,Volkswagen,Jetta 2013-2015 2.0L TDI Highline,13,2
Jaipur,Petrol,Manual,First,19.1,5.12,Hyundai,Xcent 1.2 Kappa S Option,9,1
Mumbai,Petrol,Manual,First,20.89,5.7,Maruti,Ignis 1.2 Alpha,9,1
Coimbatore,Diesel,Automatic,First,18.12,35.84,BMW,5 Series 2013-2017 520d Luxury Line,10,3
Hyderabad,Petrol,Manual,First,13.8,1.25,Ford,Ikon 1.3 CLXi,19,0
Kolkata,Petrol,Manual,First,20.36,2.65,Hyundai,i10 Sportz,13,0
Coimbatore,Diesel,Manual,First,22.32,9.19,Hyundai,Verna 1.6 CRDI,10,1
Bangalore,Diesel,Automatic,First,16.07,23.5,BMW,3 Series 320d Highline,12,3
Delhi,Petrol,Automatic,First,12.3,12.5,Mercedes-Benz,E-Class 2009-2013 E200 CGI Blue Efficiency,15,3
Kolkata,Petrol,Manual,Second,18.6,1.5,Chevrolet,Beat Option Pack,16,0
Jaipur,Diesel,Manual,Second,13.5,0.75,Tata,Indica DLS,17,1
Delhi,Diesel,Manual,First,15.1,8.1,Mahindra,XUV500 W8 2WD,14,2
Jaipur,Diesel,Manual,First,28.09,9.75,Maruti,Ciaz ZDi Plus SHVS,9,1
Coimbatore,Diesel,Automatic,First,19.71,37.93,Mercedes-Benz,New C-Class C 250 CDI Avantgarde,9,3
Chennai,Petrol,Automatic,Third,16.4,1.96,Honda,City ZX CVT,21,0
Jaipur,Diesel,Automatic,First,11.5,20.5,Toyota,Fortuner 4x2 4 Speed AT,11,2
Bangalore,Petrol,Manual,First,24.07,2.75,Maruti,Alto K10 VXI,15,0
Mumbai,Petrol,Automatic,First,9.43,75.0,Jaguar,XJ 2.0L Portfolio,9,4
Chennai,Diesel,Manual,First,21.9,2.8,Hyundai,i20 1.4 Magna ABS,17,1
Mumbai,Petrol,Automatic,First,16.0,9.25,Honda,BRV i-VTEC V CVT,9,1
Chennai,Petrol,Manual,First,13.4,3.0,Toyota,Corolla Executive (HE),19,1
Coimbatore,Diesel,Automatic,First,17.68,23.89,Audi,A6 2011-2015 2.0 TDI Premium Plus,12,3
Mumbai,Diesel,Manual,First,12.99,12.75,Toyota,Innova 2.5 ZX Diesel 7 Seater BSIII,12,1
Jaipur,Diesel,Manual,First,24.0,4.15,Hyundai,Grand i10 CRDi Sportz,12,0
Mumbai,Petrol,Automatic,First,14.8,4.65,Volkswagen,Vento IPL II Petrol Highline AT,13,1
Delhi,Diesel,Manual,First,12.8,8.9,Toyota,Innova 2.5 VX (Diesel) 7 Seater BS IV,14,1
Jaipur,Diesel,Manual,Second,16.8,1.5,Hyundai,Verna CRDi SX,18,1
Pune,Diesel,Manual,Second,23.2,3.27,Maruti,Ritz VDi,11,0
Pune,Diesel,Automatic,Second,12.07,18.0,Audi,Q7 3.0 TDI Quattro Technology,18,4
Pune,Petrol,Manual,First,18.6,6.3,Hyundai,i20 Asta Option 1.2,10,1
Coimbatore,Diesel,Manual,First,24.3,11.31,Maruti,Vitara Brezza ZDi Plus Dual Tone,9,1
Pune,Petrol,Manual,First,17.4,6.16,Honda,City i VTEC S,12,1
Pune,Petrol,Manual,First,20.73,6.0,Maruti,Ciaz ZXi,12,1
Kochi,Petrol,Automatic,First,17.5,5.43,Nissan,Sunny XV CVT,13,1
Hyderabad,Diesel,Manual,First,22.07,4.65,Volkswagen,Polo Diesel Highline 1.2L,14,0
Hyderabad,Diesel,Manual,First,20.77,7.5,Maruti,Ertiga ZDI,11,1
Jaipur,Diesel,Manual,First,26.59,6.25,Maruti,Swift Dzire VDI,11,0
Bangalore,Diesel,Automatic,First,14.84,9.25,Mercedes-Benz,New C-Class C 220 CDI Elegance AT,19,2
Mumbai,Petrol,Manual,First,19.4,3.15,Honda,Brio S MT,13,1
Hyderabad,Petrol,Manual,First,16.0,2.3,Hyundai,i10 Magna Optional 1.1L,18,0
Jaipur,Diesel,Manual,First,22.32,5.25,Hyundai,Verna 1.6 SX CRDi (O),14,1
Kochi,Diesel,Manual,First,28.09,7.4,Maruti,Ciaz VDI SHVS,9,1
Pune,Petrol,Manual,Second,13.8,1.55,Ford,Ikon 1.3 Flair,20,0
Pune,Petrol,Manual,Second,16.2,6.0,Volkswagen,Polo 1.2 MPI Highline,9,0
Chennai,Petrol,Manual,First,18.7,5.9,Honda,Jazz 1.2 V i VTEC,10,1
Bangalore,Diesel,Manual,Second,25.8,4.7,Honda,Amaze EX i-Dtech,13,1
Hyderabad,Diesel,Manual,First,22.54,6.5,Hyundai,i20 Asta 1.4 CRDi,11,1
Hyderabad,Diesel,Manual,First,21.1,3.55,Maruti,Ritz VDi,14,0
Chennai,Petrol,Manual,First,16.8,7.1,Honda,City V MT,12,1
Hyderabad,Petrol,Manual,First,13.14,6.0,Skoda,Superb 1.8 TSI MT,16,2
Pune,Diesel,Manual,First,24.3,7.99,Maruti,Vitara Brezza LDi Option,9,1
Bangalore,Petrol,Manual,Second,17.0,4.1,Hyundai,i20 Asta,17,0
Hyderabad,Petrol,Automatic,First,24.07,3.95,Maruti,Alto K10 VXI AGS,9,0
Kochi,Petrol,Manual,First,21.1,4.38,Hyundai,EON Era Plus,10,0
Mumbai,Petrol,Manual,First,20.36,2.75,Hyundai,i10 Sportz,15,0
Coimbatore,Petrol,Automatic,First,18.1,55.54,Mercedes-Benz,SLK-Class SLK 350,10,5
Hyderabad,Diesel,Automatic,First,18.53,29.0,Audi,A6 2.0 TDI Design Edition,12,3
Bangalore,Diesel,Manual,First,22.77,6.6,Ford,EcoSport 1.5 TDCi Titanium,13,1
Kolkata,Diesel,Automatic,First,14.3,6.99,Volkswagen,Passat Highline DSG,14,2
Bangalore,Diesel,Manual,First,13.68,18.75,Toyota,Innova Crysta 2.4 ZX MT,9,2
Jaipur,Diesel,Manual,Third,20.0,1.28,Ford,Figo Diesel ZXI,16,0
Pune,Petrol,Manual,Third,14.49,1.2,Chevrolet,Aveo 1.4,20,1
Coimbatore,Petrol,Manual,First,18.5,4.31,Maruti,Ritz LXi,13,1
Chennai,Diesel,Automatic,First,12.39,16.5,Land,Rover Freelander 2 SE,15,2
Coimbatore,Petrol,Manual,First,18.9,5.64,Hyundai,Grand i10 Asta,9,1
Coimbatore,Diesel,Automatic,First,10.91,31.12,Ford,Endeavour 3.2 Trend AT 4X4,9,3
Kochi,Diesel,Automatic,First,12.8,25.46,Audi,Q5 2008-2012 2.0 TDI,13,2
Kochi,Petrol,Manual,First,17.01,7.88,Hyundai,Verna 1.6 VTVT,9,1
Chennai,Diesel,Automatic,First,13.0,36.0,Mercedes-Benz,E-Class 2015-2017 E250 CDI Avantgarde,9,3
Pune,Petrol,Manual,Second,17.5,2.85,Maruti,Swift Dzire ZXi,18,1
Delhi,Petrol,Manual,First,13.0,3.5,Honda,City 1.3 EXI S,15,1
Jaipur,Diesel,Manual,First,20.46,7.5,Renault,Duster 85PS Diesel RxL Optional,12,1
Hyderabad,Diesel,Automatic,First,14.84,19.0,Mercedes-Benz,New C-Class 220 CDI AT,14,2
Hyderabad,Diesel,Automatic,First,15.97,54.0,BMW,X5 xDrive 30d Design Pure Experience 5 Seater,11,4
Kochi,Petrol,Manual,First,19.1,4.7,Hyundai,Xcent 1.2 Kappa SX Option,11,1
Hyderabad,Petrol,Automatic,First,22.0,8.5,Maruti,Dzire AMT ZXI Plus,9,1
Kolkata,Diesel,Automatic,First,16.07,17.0,BMW,3 Series 320d Corporate Edition,13,3
Kochi,Petrol,Manual,First,22.74,3.51,Maruti,Alto 800 LXI,9,0
Bangalore,Diesel,Automatic,Second,17.11,19.5,Audi,A4 2.0 TDI 177 Bhp Premium Plus,13,3
Pune,Petrol,Automatic,Second,13.6,17.0,Mini,Cooper S,14,3
Coimbatore,Diesel,Automatic,Second,12.07,43.35,Audi,Q7 3.0 TDI Quattro Premium Plus,11,4
Bangalore,Diesel,Manual,First,25.44,2.65,Chevrolet,Beat Diesel LT,14,0
Kochi,Petrol,Manual,First,20.51,3.52,Maruti,Wagon R LXI BS IV,11,0
Kolkata,Diesel,Manual,First,19.01,6.25,Nissan,Terrano XV Premium 110 PS,10,1
Ahmedabad,Diesel,Automatic,First,18.88,24.75,BMW,3 Series 320d Luxury Plus,11,3
Mumbai,Petrol,Manual,First,20.85,5.25,Maruti,Swift Dzire VXI,11,1
Jaipur,Diesel,Manual,First,17.72,11.0,Skoda,Yeti Elegance 4X2,10,1
Kochi,Petrol,Automatic,First,15.63,9.1,Ford,EcoSport 1.5 Ti VCT AT Titanium,8,1
Chennai,Petrol,Manual,First,18.5,3.25,Hyundai,i20 1.2 Magna,16,0
Pune,Diesel,Manual,First,15.0,8.5,Maruti,S Cross DDiS 200 Sigma Option,9,1
Pune,Petrol,Manual,First,16.2,3.1,Hyundai,Verna Transform VTVT,16,1
Kochi,Diesel,Automatic,First,18.88,19.86,BMW,3 Series 320d Luxury Line,11,3
Kolkata,Diesel,Manual,First,24.0,4.9,Hyundai,Grand i10 1.2 CRDi Magna,9,0
Delhi,Petrol,Manual,Second,17.4,5.7,Honda,City i-VTEC V,12,1
Kolkata,Diesel,Manual,First,25.2,2.9,Maruti,Swift VDI BSIV,14,0
Coimbatore,Diesel,Manual,First,27.39,7.83,Maruti,Baleno Zeta 1.3,8,0
Kochi,Diesel,Manual,First,14.0,8.15,Tata,Safari Storme 2012-2015 LX,11,2
Bangalore,Petrol,Manual,Second,13.2,2.0,Hyundai,Accent GLS,18,1
Hyderabad,Diesel,Manual,First,25.2,6.25,Maruti,Swift LDI SP Limited Edition,10,0
Bangalore,Diesel,Manual,Second,17.8,3.4,Maruti,Swift VDI BSIV,19,1
Coimbatore,Petrol,Automatic,First,21.9,3.19,Tata,Nano XTA,10,0
Ahmedabad,Diesel,Manual,First,25.47,7.75,Maruti,Ertiga VDI,9,1
Delhi,Petrol,Automatic,Second,23.1,3.2,Maruti,Celerio VXI AMT,12,0
Delhi,Diesel,Manual,First,25.2,4.9,Maruti,Swift VDI BSIV,11,0
Kochi,Petrol,Manual,First,15.04,3.8,Volkswagen,Vento Petrol Highline,14,1
Chennai,Diesel,Automatic,First,15.5,4.0,Volkswagen,Jetta 2007-2011 1.9 Highline TDI,17,1
Hyderabad,Diesel,Automatic,Second,20.7,23.5,Mini,Cooper 5 DOOR D,12,1
Chennai,Diesel,Manual,First,17.2,1.15,Tata,Indica V2 DLS,18,0
Hyderabad,Petrol,Manual,First,17.0,2.2,Hyundai,Santro Xing XO,19,1
Bangalore,Petrol,Automatic,First,18.0,10.65,Honda,City i-VTEC CVT VX,11,1
Coimbatore,Diesel,Automatic,First,16.36,35.68,Jaguar,XF 2.2 Litre Luxury,10,3
Kochi,Diesel,Automatic,First,15.0,31.94,Mercedes-Benz,E-Class 2015-2017 E250 Edition E,9,3
Chennai,Diesel,Manual,Third,18.3,4.2,Chevrolet,Cruze LTZ,15,2
Ahmedabad,Diesel,Manual,First,15.1,9.9,Mahindra,XUV500 W8 2WD,11,2
Kochi,Petrol,Automatic,First,11.74,15.46,Mercedes-Benz,New C-Class C 200 CGI Avantgarde,12,3
Kochi,Petrol,Manual,First,18.2,8.46,Honda,Jazz VX,8,1
Kolkata,Petrol,Manual,First,16.78,3.25,Toyota,Etios G,13,1
Hyderabad,Petrol,Manual,First,19.7,2.6,Maruti,Alto LXi BSIII,14,0
Coimbatore,Petrol,Manual,First,20.4,5.2,Maruti,Swift VXI BSIV,10,1
Pune,Petrol,Manual,Third,19.0,1.8,Maruti,A-Star Vxi,17,0
Chennai,Petrol,Manual,First,25.4,1.6,Tata,Nano Lx BSIV,15,0
Kolkata,Diesel,Manual,First,25.5,2.5,Ford,Figo Titanium Diesel,11,1
Jaipur,Petrol,Manual,First,16.0,2.5,Fiat,Linea Emotion,15,1
Coimbatore,Petrol,Manual,First,18.16,6.7,Ford,Figo Aspire 1.2 Ti-VCT Trend,9,1
Hyderabad,Petrol,Manual,First,15.4,1.2,Maruti,Baleno LXI,21,1
Coimbatore,Diesel,Automatic,First,18.88,35.55,BMW,3 Series 320d Luxury Line,10,3
Jaipur,Diesel,Manual,First,17.9,7.75,Chevrolet,Cruze LTZ,9,2
Chennai,Diesel,Manual,First,12.7,1.94,Mahindra,Scorpio 2.6 DX,21,1
Hyderabad,Diesel,Manual,First,25.0,2.2,Tata,Indica V2 eLS,10,0
Ahmedabad,Diesel,Automatic,First,18.1,3.8,Chevrolet,Cruze LTZ AT,15,2
Chennai,Diesel,Manual,First,12.8,15.65,Toyota,Innova 2.5 V Diesel 8-seater,10,1
Coimbatore,Diesel,Automatic,First,19.27,39.47,Mercedes-Benz,New C-Class C 220d Avantgarde Edition C,8,2
Kolkata,Petrol,Manual,Second,18.5,1.5,Maruti,Ritz VXi,15,1
Ahmedabad,Diesel,Manual,First,12.8,8.85,Toyota,Innova 2.5 GX (Diesel) 8 Seater BS IV,13,1
Bangalore,Diesel,Manual,Second,12.55,17.9,Toyota,Fortuner 4x4 MT,13,2
Coimbatore,Petrol,Automatic,Second,16.95,5.08,Hyundai,i10 Sportz AT,12,0
Bangalore,Diesel,Manual,First,22.32,6.25,Hyundai,Verna 1.6 SX,14,1
Bangalore,Diesel,Automatic,First,15.73,22.75,Audi,Q3 2012-2015 35 TDI Quattro Premium Plus,11,3
Kolkata,Petrol,Manual,First,18.6,1.46,Chevrolet,Beat LS,16,0
Pune,Diesel,Manual,Second,17.8,2.05,Ford,Fiesta 1.4 Duratorq ZXI,19,0
Coimbatore,Diesel,Manual,First,20.0,4.08,Ford,Figo Diesel EXI,12,0
Hyderabad,Petrol,Automatic,First,23.1,4.55,Maruti,Celerio VXI AT,12,0
Mumbai,Diesel,Automatic,First,20.0,14.0,Mercedes-Benz,A Class A180 CDI,13,1
Ahmedabad,Petrol,Manual,First,15.8,10.9,Hyundai,Creta 1.6 SX,10,1
Bangalore,Petrol,Manual,First,18.9,2.45,Maruti,Wagon R VXI BS IV,16,0
Delhi,Diesel,Automatic,First,10.0,15.8,Mercedes-Benz,E-Class 2009-2013 E 220 CDI Avantgarde,13,2
Mumbai,Petrol,Manual,First,18.88,8.25,Ford,EcoSport 1.5 Ti VCT MT Titanium BE,9,1
Delhi,Diesel,Automatic,Second,13.73,8.5,Renault,Koleos 2.0 Diesel,13,2
Coimbatore,Diesel,Manual,First,16.0,15.54,Mahindra,XUV500 W10 2WD,10,2
Hyderabad,Petrol,Manual,First,16.8,2.35,Maruti,Omni E 8 Str STD,13,0
Coimbatore,Petrol,Manual,First,22.5,4.32,Maruti,Wagon R VXI,11,0
Jaipur,Diesel,Manual,Second,13.1,3.9,Ford,Endeavour XLT TDCi 4X2,18,2
Hyderabad,Diesel,Manual,Second,22.32,5.2,Hyundai,Verna 1.6 SX,15,1
Mumbai,Petrol,Manual,First,18.6,5.85,Hyundai,i20 Magna 1.2,8,1
Bangalore,Petrol,Manual,Second,16.02,6.25,Maruti,Ertiga ZXI,13,1
Coimbatore,Diesel,Automatic,First,14.0,17.63,Mahindra,XUV500 W9 AT,7,2
Mumbai,Diesel,Manual,First,23.65,9.75,Maruti,SX4 S Cross DDiS 200 Zeta,9,1
Bangalore,Petrol,Automatic,First,18.1,55.0,Mercedes-Benz,SLK-Class SLK 350,11,5
Hyderabad,Diesel,Manual,First,22.07,4.1,Volkswagen,Polo Diesel Comfortline 1.2L,15,0
Hyderabad,Diesel,Manual,First,12.55,11.99,Toyota,Fortuner 4x4 MT,15,2
Kochi,Diesel,Manual,First,16.0,13.54,Mahindra,XUV500 W10 2WD,9,2
Mumbai,Diesel,Automatic,First,17.9,56.0,Mercedes-Benz,GLE 250d,10,3
Chennai,Petrol,Manual,First,18.7,6.5,Honda,Jazz 1.2 VX i VTEC,10,1
Pune,Diesel,Manual,First,23.4,4.75,Maruti,Swift Dzire VDI,13,0
Hyderabad,Petrol,Manual,First,17.01,5.6,Hyundai,Verna 1.6 SX VTVT,12,1
Coimbatore,Diesel,Automatic,First,10.91,29.2,Ford,Endeavour 3.2 Titanium AT 4X4,9,3
Kolkata,Petrol,Manual,First,18.6,6.35,Hyundai,i20 1.2 Asta Option,8,1
Mumbai,Petrol,Manual,First,16.8,4.95,Honda,City 1.5 V MT Sunroof,13,1
Hyderabad,Diesel,Manual,First,27.4,8.5,Honda,Amaze VX Diesel,8,1
Kolkata,Petrol,Manual,First,17.1,4.5,Hyundai,Verna 1.6 SX VTVT (O),13,1
Chennai,Diesel,Manual,First,24.2,5.5,Honda,Mobilio S i DTEC,11,1
Kochi,Diesel,Manual,First,20.77,6.56,Maruti,Ertiga ZDI,13,1
Pune,Petrol,Manual,First,24.07,2.3,Maruti,Alto K10 LXI,12,0
Pune,Diesel,Manual,Second,13.1,3.5,Toyota,Qualis FS B2,22,0
Kochi,Petrol,Manual,First,20.36,4.55,Hyundai,i10 Sportz,10,0
Bangalore,Diesel,Automatic,Second,17.0,7.75,Skoda,Laura 1.9 TDI AT Ambiente,17,1
Mumbai,Petrol,Manual,Second,18.6,5.25,Hyundai,i20 Asta Option 1.2,11,1
Coimbatore,Diesel,Automatic,First,11.5,23.29,BMW,5 Series 2003-2012 530d Highline,13,4
Mumbai,Diesel,Automatic,First,22.69,23.99,BMW,3 Series 320d M Sport,10,3
Pune,Petrol,Manual,First,14.49,1.79,Chevrolet,Aveo 1.4 LT ABS BSIV,16,1
Mumbai,Diesel,Automatic,Second,14.21,13.9,Mercedes-Benz,E-Class 2009-2013 E250 CDI Elegance,15,3
Kolkata,Diesel,Automatic,First,17.68,18.95,Audi,A6 2011-2015 2.0 TDI Premium Plus,13,3
Kolkata,Petrol,Manual,First,20.51,2.49,Maruti,Wagon R LXI BS IV,12,0
Jaipur,Petrol,Manual,First,25.17,3.15,Renault,KWID RXT,10,0
Mumbai,Diesel,Manual,First,21.66,6.45,Volkswagen,Ameo 1.5 TDI Highline,9,1
Ahmedabad,Diesel,Manual,First,22.07,4.25,Volkswagen,Polo Diesel Comfortline 1.2L,13,0
Hyderabad,Petrol,Manual,First,22.74,2.75,Maruti,Alto 800 LXI,12,0
Kochi,Petrol,Manual,First,18.6,7.14,Hyundai,i20 Asta Option 1.2,9,1
Mumbai,Petrol,Manual,First,18.3,2.44,Toyota,Etios Liva G,14,1
Jaipur,Petrol,Manual,Third,17.0,3.5,Hyundai,i20 1.2 Sportz,14,0
Chennai,Diesel,Manual,First,22.54,7.3,Hyundai,i20 1.4 Asta,9,1
Kolkata,Petrol,Manual,First,20.51,2.75,Maruti,Wagon R LXI Optional,12,0
Bangalore,Diesel,Manual,Second,22.54,8.2,Hyundai,i20 1.4 Asta Option,9,1
Mumbai,Petrol,Automatic,First,17.21,6.51,Volkswagen,Polo GT TSI,11,1
Pune,Diesel,Manual,First,20.0,4.25,Ford,Figo Diesel Titanium,11,0
Coimbatore,Petrol,Manual,Second,18.6,6.21,Maruti,Swift ZXI,12,1
Kochi,Diesel,Manual,First,24.0,4.58,Hyundai,Grand i10 CRDi Magna,10,0
Chennai,Diesel,Manual,First,14.02,7.5,Mahindra,Xylo H4,10,1
Coimbatore,Petrol,Manual,First,19.81,4.09,Hyundai,i10 Magna 1.1,12,0
Mumbai,Diesel,Automatic,First,19.3,10.75,Skoda,Octavia Elegance 2.0 TDI AT,12,2
Mumbai,Diesel,Automatic,First,15.97,41.5,BMW,X5 2014-2019 xDrive 30d Design Pure Experience 7 Seater,12,4
Hyderabad,Petrol,Automatic,First,23.1,4.4,Maruti,Celerio VXI AT,12,0
Jaipur,Diesel,Manual,Second,20.54,6.25,Volkswagen,Vento Diesel Comfortline,13,1
Pune,Diesel,Automatic,Second,16.07,10.5,BMW,3 Series 320d Highline,15,3
Mumbai,Diesel,Manual,First,20.77,7.25,Maruti,Ertiga ZDI,12,1
Hyderabad,Diesel,Manual,First,20.0,3.2,Ford,Figo Diesel ZXI,13,0
Mumbai,Petrol,Manual,First,16.47,3.95,Volkswagen,Polo 1.2 MPI Highline,12,0
Coimbatore,Diesel,Automatic,Second,16.77,12.07,Audi,A6 3.0 TDI quattro,17,4
Pune,Diesel,Manual,First,13.68,18.6,Toyota,Innova Crysta 2.4 ZX MT,9,2
Delhi,Diesel,Automatic,First,22.32,5.7,Hyundai,Verna 1.6 CRDi EX AT,13,1
Kolkata,Petrol,Manual,First,17.92,1.75,Hyundai,Santro Xing GL Plus,13,0
Delhi,Diesel,Automatic,Second,16.55,10.99,Audi,A4 2.0 TDI,15,2
Kolkata,Diesel,Automatic,First,16.55,14.5,Audi,A4 2.0 TDI,14,2
Jaipur,Diesel,Manual,First,17.0,3.11,Skoda,Laura 1.9 TDI MT Ambiente,17,1
Coimbatore,Petrol,Automatic,First,13.7,13.96,Honda,CR-V 2.0L 2WD AT,11,2
Coimbatore,Diesel,Manual,First,22.32,7.11,Hyundai,Verna 1.6 SX CRDi (O),11,1
Chennai,Diesel,Manual,First,24.5,6.9,Honda,Mobilio RS i DTEC,12,1
Coimbatore,Petrol,Manual,First,18.6,7.77,Hyundai,i20 1.2 Asta Option,8,1
Kolkata,Diesel,Manual,Second,12.8,5.5,Toyota,Innova 2.5 G (Diesel) 7 Seater BS IV,15,1
Hyderabad,Petrol,Manual,First,18.6,5.35,Hyundai,i20 Magna 1.2,12,1
Chennai,Diesel,Manual,Second,13.6,4.5,Mahindra,Bolero VLX BS IV,15,0
Jaipur,Diesel,Manual,First,20.34,4.75,Volkswagen,Vento 1.5 TDI Comfortline,12,1
Coimbatore,Diesel,Automatic,First,16.36,32.8,Jaguar,XF 2.2 Litre Luxury,11,3
Mumbai,Petrol,Manual,First,17.3,0.7,Maruti,Zen LXi - BS III,21,0
Coimbatore,Diesel,Automatic,First,13.0,50.29,Mercedes-Benz,E-Class Facelift,8,4
Mumbai,Diesel,Manual,Second,11.5,10.99,Toyota,Fortuner 3.0 Diesel,16,2
Coimbatore,Petrol,Automatic,First,18.9,5.57,Hyundai,Grand i10 AT Asta,11,1
Jaipur,Diesel,Manual,First,25.4,5.9,Hyundai,Xcent 1.2 CRDi S,8,0
Coimbatore,Petrol,Manual,First,15.29,9.43,Hyundai,Creta 1.6 VTVT S,10,1
Bangalore,Petrol,Manual,First,20.36,2.9,Hyundai,i10 Sportz,16,0
Delhi,Petrol,Manual,First,19.4,3.68,Honda,Brio S MT,10,1
Coimbatore,Diesel,Automatic,First,12.55,21.67,Toyota,Fortuner 4x2 AT,11,2
Ahmedabad,Diesel,Automatic,First,16.55,12.5,Audi,A4 2.0 TDI Multitronic,15,2
Kochi,Diesel,Automatic,First,11.36,19.92,Toyota,Innova Crysta 2.8 ZX AT,8,2
Jaipur,Diesel,Manual,First,25.1,6.75,Honda,City i DTEC VX,12,1
Kochi,Diesel,Manual,First,25.1,6.96,Honda,City i DTEC VX,11,1
Jaipur,Petrol,Manual,First,21.7,3.25,Renault,KWID 1.0 RXT Optional,9,0
Hyderabad,Diesel,Manual,First,28.4,8.65,Maruti,Swift DDiS ZDI Plus,8,0
Pune,Petrol,Automatic,First,23.1,5.0,Maruti,Celerio VXI Optional AMT,9,0
Delhi,Diesel,Manual,First,15.1,5.5,Mahindra,XUV500 W8 2WD,15,2
Jaipur,Petrol,Manual,Second,20.36,2.6,Hyundai,i10 Magna,16,0
Kochi,Petrol,Manual,First,19.81,3.41,Hyundai,i10 Magna 1.1,12,0
Kolkata,Petrol,Manual,First,22.0,2.7,Maruti,Dzire VXI,15,1
Chennai,Petrol,Automatic,Fourth & Above,9.7,5.5,Maruti,Grand Vitara AT,18,2
Kolkata,Petrol,Automatic,First,14.33,35.0,Audi,TT 40 TFSI,14,4
Mumbai,Petrol,Automatic,Second,14.74,9.75,Mercedes-Benz,New C-Class C 200 CGI,15,3
Mumbai,Diesel,Manual,First,21.64,4.25,Nissan,Sunny 2011-2014 Diesel XV,13,1
Ahmedabad,Petrol,Manual,First,18.9,3.2,Maruti,Wagon R LXI,11,0
Bangalore,Diesel,Manual,Second,23.4,6.85,Maruti,Swift Dzire ZDI,12,0
Delhi,Diesel,Manual,First,25.8,4.5,Honda,Amaze S i-Dtech,11,1
Delhi,Diesel,Manual,First,28.4,3.55,Maruti,Swift ZDI,14,0
Hyderabad,Diesel,Manual,First,10.5,3.6,Mahindra,Scorpio LX 2.6 Turbo,18,1
Kochi,Diesel,Automatic,First,13.0,21.8,Mercedes-Benz,E-Class E250 CDI Avantgrade,11,3
Mumbai,Diesel,Manual,Second,13.0,13.5,Toyota,Fortuner 4x2 Manual,14,2
Delhi,Petrol,Manual,Second,16.8,3.75,Honda,City V MT,16,1
Pune,Petrol,Automatic,First,19.16,32.0,Toyota,Camry Hybrid,8,2
Coimbatore,Diesel,Manual,First,26.0,8.07,Honda,City i DTec V,10,1
Kochi,Diesel,Manual,First,19.33,5.64,Volkswagen,Jetta 2012-2014 2.0L TDI Trendline,14,2
Hyderabad,Diesel,Automatic,First,17.68,23.99,Audi,A6 2011-2015 2.0 TDI,13,3
Coimbatore,Diesel,Manual,First,20.77,7.5,Maruti,Ertiga VDI,10,1
Jaipur,Diesel,Automatic,First,19.27,27.0,Mercedes-Benz,New C-Class C 220 CDI Style,10,2
Mumbai,Diesel,Manual,Second,19.3,2.85,Maruti,Swift Dzire Vdi BSIV,18,0
Pune,Diesel,Manual,First,19.01,6.35,Renault,Duster 110PS Diesel RxZ Pack,14,1
Hyderabad,Diesel,Manual,First,21.1,3.3,Maruti,Ritz VDi,16,0
Bangalore,Petrol,Manual,First,19.1,5.0,Maruti,Swift Dzire VXI,13,1
Coimbatore,Diesel,Manual,First,22.9,6.46,Maruti,Swift ZDi,12,0
Jaipur,Petrol,Manual,First,21.1,3.75,Hyundai,EON Sportz,9,0
Kochi,Petrol,Manual,Third,17.3,1.52,Maruti,Zen VXI BSII,23,0
Coimbatore,Petrol,Manual,First,15.1,3.61,Maruti,Eeco 7 Seater Standard,14,0
Coimbatore,Diesel,Automatic,First,14.16,43.74,Audi,Q5 30 TDI quattro Premium,9,3
Chennai,Diesel,Automatic,First,15.73,20.0,Audi,Q3 2.0 TDI,12,3
Hyderabad,Diesel,Manual,First,19.3,3.65,Maruti,Swift Dzire VDi,16,0
Mumbai,Diesel,Manual,First,14.07,5.25,Tata,Sumo DX,13,1
Hyderabad,Diesel,Automatic,First,15.97,58.0,BMW,X5 2014-2019 xDrive 30d Design Pure Experience 7 Seater,10,4
Mumbai,Petrol,Automatic,First,18.0,8.65,Honda,City i-VTEC CVT VX,11,1
Delhi,Diesel,Manual,First,25.0,2.5,Tata,Indigo eCS eLX BS IV,11,0
Chennai,Petrol,Automatic,First,16.93,7.75,Volkswagen,Vento TSI,12,1
Bangalore,Petrol,Manual,First,23.1,4.15,Maruti,Celerio VXI,11,0
Delhi,Diesel,Manual,First,11.5,10.85,Toyota,Fortuner 3.0 Diesel,15,2
Delhi,Petrol,Automatic,Second,11.3,5.53,Mitsubishi,Outlander 2.4,16,2
Pune,Diesel,Automatic,First,15.5,11.5,Volkswagen,Jetta 2007-2011 1.9 Highline TDI,12,1
Hyderabad,Petrol,Manual,First,9.0,40.0,Porsche,Cayman 2009-2012 S,16,1
Kolkata,Diesel,Manual,First,19.67,9.25,Hyundai,Creta 1.6 CRDi SX,11,1
Pune,Petrol,Manual,First,17.5,2.29,Skoda,Fabia 1.2 MPI Ambiente Petrol,15,0
Chennai,Diesel,Manual,First,22.77,7.0,Ford,EcoSport 1.5 TDCi Titanium,11,1
Bangalore,Petrol,Manual,Second,18.2,1.65,Maruti,Zen Estilo 1.1 LXI BSIII,19,0
Ahmedabad,Petrol,Manual,First,20.73,8.25,Maruti,Ciaz 1.4 Delta,9,1
Kochi,Petrol,Automatic,First,14.74,9.14,Mercedes-Benz,New C-Class C 200 Avantgarde Edition C,15,3
Hyderabad,Petrol,Manual,First,17.8,6.5,Honda,Amaze SX i-VTEC,10,1
Kolkata,Diesel,Manual,First,23.59,2.95,Toyota,Etios GD,14,1
Jaipur,Diesel,Manual,First,19.87,5.75,Renault,Duster 85PS Diesel RxL,11,1
Kolkata,Petrol,Manual,Second,16.47,2.1,Volkswagen,Polo Petrol Highline 1.2L,15,0
Coimbatore,Diesel,Manual,First,19.67,13.55,Hyundai,Creta 1.6 SX Plus Diesel,9,1
Kolkata,Diesel,Automatic,First,14.74,20.5,Jaguar,XF Diesel,14,5
Mumbai,Diesel,Manual,First,16.3,20.0,Jeep,Compass 2.0 Limited 4X4,9,2
Kochi,Diesel,Automatic,First,15.68,59.72,Land,Rover Range Rover Evoque 2.0 TD4 HSE Dynamic,8,3
Kolkata,Diesel,Manual,First,27.39,6.5,Maruti,Baleno Alpha Diesel,10,0
Ahmedabad,Diesel,Manual,First,28.09,7.5,Maruti,Ciaz ZDi SHVS,10,1
Jaipur,Petrol,Manual,Second,15.0,2.15,Maruti,SX4 Vxi BSIII,19,1
Coimbatore,Diesel,Manual,First,22.7,8.44,Hyundai,Elantra CRDi SX,11,1
Bangalore,Diesel,Manual,First,13.5,12.49,Mitsubishi,Pajero Sport 4X4,13,3
Pune,Petrol,Manual,First,17.0,5.48,Volkswagen,Ameo 1.2 MPI Comfortline,9,0
Hyderabad,Petrol,Manual,First,18.5,4.2,Maruti,Ritz VXi,13,1
Hyderabad,Diesel,Manual,First,16.8,7.2,Hyundai,Verna CRDi SX,13,1
Jaipur,Diesel,Manual,First,23.4,4.8,Maruti,Swift Dzire Tour LDI,12,0
Kochi,Diesel,Manual,First,25.32,5.83,Mahindra,KUV 100 mFALCON D75 K6,9,0
Coimbatore,Diesel,Manual,First,13.68,18.39,Toyota,Innova Crysta 2.4 ZX MT,8,2
Pune,Petrol,Manual,First,21.4,5.85,Maruti,Baleno Delta 1.2,10,1
Mumbai,Diesel,Manual,First,27.3,6.21,Honda,Jazz VX Diesel,10,1
Delhi,Petrol,Manual,First,17.0,3.65,Hyundai,i20 1.2 Asta,13,0
Delhi,Diesel,Manual,First,23.0,3.7,Hyundai,i20 Sportz Diesel,14,1
Pune,Diesel,Automatic,First,19.27,30.0,Mercedes-Benz,New C-Class C 220d Avantgarde Edition C,11,2
Kochi,Petrol,Manual,First,19.1,4.85,Hyundai,Xcent 1.2 Kappa Base,10,1
Coimbatore,Petrol,Automatic,First,18.9,6.93,Hyundai,Grand i10 AT Asta,9,1
Kolkata,Petrol,Manual,First,22.74,2.6,Maruti,Alto 800 VXI,10,0
Kolkata,Petrol,Manual,First,18.2,1.89,Chevrolet,Sail Hatchback 1.2 LS,12,1
Mumbai,Petrol,Automatic,First,13.7,10.0,Skoda,Superb Elegance 1.8 TSI AT,14,2
Kolkata,Diesel,Automatic,First,16.55,9.95,Audi,A4 2.0 TDI,17,2
Mumbai,Diesel,Manual,Second,12.8,9.45,Toyota,Innova 2.5 G (Diesel) 7 Seater BS IV,12,1
Coimbatore,Diesel,Automatic,First,17.9,28.25,Mercedes-Benz,CLA 200 CDI Sport,9,2
Jaipur,Petrol,Manual,Second,19.81,1.8,Hyundai,i10 Era,18,0
Kolkata,Petrol,Manual,Second,17.5,1.4,Maruti,Swift Dzire VXi,18,1
Ahmedabad,Diesel,Automatic,First,21.66,7.25,Skoda,Rapid 1.5 TDI AT Ambition,11,1
Hyderabad,Diesel,Manual,First,21.1,3.6,Maruti,Ritz VDi,14,0
Jaipur,Petrol,Manual,Second,14.4,1.2,Hyundai,Accent GLS 1.6,22,1
Coimbatore,Petrol,Manual,Second,17.8,4.94,Honda,Amaze SX i-VTEC,12,1
Delhi,Petrol,Manual,Second,18.9,1.25,Maruti,Wagon R LXI,19,0
Chennai,Diesel,Manual,Second,22.07,4.8,Volkswagen,Polo Diesel Comfortline 1.2L,13,0
Kochi,Diesel,Automatic,First,12.62,31.15,Ford,Endeavour 2.2 Trend AT 4X2,7,2
Pune,Petrol,Manual,Second,17.0,3.3,Hyundai,i20 1.2 Sportz,15,0
Bangalore,Diesel,Manual,First,25.44,2.4,Chevrolet,Beat Diesel PS,14,0
Kolkata,Petrol,Manual,First,14.8,2.0,Honda,Civic 2010-2013 1.8 V MT,16,2
Pune,Petrol,Manual,First,20.51,3.1,Maruti,Wagon R VXI BS IV,12,0
Kochi,Petrol,Manual,First,15.0,5.09,Skoda,Rapid 1.6 MPI Ambition Plus,12,1
Pune,Petrol,Manual,Second,15.4,1.05,Maruti,Baleno Vxi - BSIII,20,1
Bangalore,Diesel,Manual,Second,22.77,7.0,Ford,EcoSport 1.5 TDCi Titanium,11,1
Ahmedabad,Petrol,Manual,Second,13.2,2.5,Hyundai,Accent GLE,16,1
Mumbai,Diesel,Automatic,First,22.48,17.5,BMW,5 Series 520d Luxury Line,14,3
Chennai,Petrol,Manual,First,20.92,2.1,Maruti,Alto K10 2010-2014 VXI,15,0
Bangalore,Diesel,Automatic,First,15.73,17.75,Audi,Q3 2012-2015 2.0 TDI Quattro Premium Plus,13,3
Bangalore,Petrol,Automatic,Second,11.3,2.45,Toyota,Corolla H4,21,1
Pune,Diesel,Automatic,First,13.5,13.8,Volvo,XC60 D5,15,3
Kolkata,Diesel,Manual,First,27.3,5.85,Honda,Jazz 1.5 VX i DTEC,10,1
Delhi,Diesel,Manual,First,28.09,8.9,Maruti,Ciaz 1.3 Alpha,9,1
Mumbai,Petrol,Manual,First,20.4,5.15,Maruti,Swift VXI BSIV,10,1
Kochi,Diesel,Automatic,First,19.27,16.56,Mercedes-Benz,New C-Class C 220 CDI Avantgarde,11,2
Chennai,Petrol,Manual,Second,18.9,1.65,Maruti,Wagon R VXI Minor,16,0
Pune,Petrol,Automatic,First,15.5,16.0,Mercedes-Benz,A Class A180 Sport,11,1
Coimbatore,Diesel,Automatic,First,26.59,8.08,Maruti,Swift Dzire AMT ZDI,9,0
Pune,Petrol,Automatic,First,18.9,4.5,Hyundai,Grand i10 AT Asta,12,1
Chennai,Petrol,Manual,Second,16.95,4.3,Nissan,Sunny 2011-2014 XV Special Edition,13,1
Hyderabad,Petrol,Manual,First,19.0,2.6,Maruti,A-Star Lxi,16,0
Hyderabad,Petrol,Manual,First,25.17,4.45,Renault,KWID RXT Optional,8,0
Coimbatore,Petrol,Automatic,First,17.1,5.37,Hyundai,Verna 1.6 SX VTVT (O) AT,14,1
Chennai,Petrol,Manual,Second,18.9,1.75,Maruti,Wagon R LXI Minor,18,0
Kolkata,Diesel,Automatic,First,18.88,16.5,BMW,3 Series 320d Sport Line,13,3
Delhi,Diesel,Automatic,First,18.48,19.0,BMW,5 Series 2003-2012 520d,13,3
Jaipur,Diesel,Manual,First,25.0,2.8,Tata,Indigo CS eVX,10,0
Hyderabad,Diesel,Manual,First,22.54,6.2,Hyundai,i20 Sportz 1.4 CRDi,11,1
Kochi,Petrol,Manual,First,16.8,3.8,Maruti,Omni E MPI STD BS IV,7,0
Hyderabad,Diesel,Manual,First,25.2,6.1,Maruti,Swift ZDi,12,0
Coimbatore,Diesel,Manual,First,23.0,11.65,Ford,Ecosport Signature Edition Diesel,7,1
Mumbai,Petrol,Automatic,First,16.5,4.15,Honda,Brio VX AT,12,1
Chennai,Diesel,Manual,First,13.68,16.5,Toyota,Innova Crysta 2.4 GX MT,9,2
Bangalore,Diesel,Manual,Second,10.5,4.3,Mahindra,Scorpio 2.6 LX,18,1
Kolkata,Petrol,Manual,First,18.5,2.25,Hyundai,i20 1.2 Magna,16,0
Ahmedabad,Diesel,Manual,First,22.32,6.75,Hyundai,Verna 1.6 SX,12,1
Chennai,Diesel,Manual,First,15.1,9.4,Mahindra,XUV500 W6 2WD,12,2
Coimbatore,Diesel,Manual,First,20.64,5.39,Volkswagen,Vento 1.5 TDI Comfortline,12,1
Kochi,Diesel,Manual,First,26.59,8.51,Maruti,Swift Dzire VDI Optional,7,0
Pune,Petrol,Manual,First,13.7,1.85,Tata,Manza Aura Safire BS IV,16,1
Kolkata,Diesel,Manual,Second,22.9,2.5,Maruti,Swift VDI,14,0
Chennai,Diesel,Manual,First,22.07,4.75,Volkswagen,Polo Diesel Highline 1.2L,13,0
Pune,Petrol,Manual,Second,17.0,3.5,Honda,City 1.5 V MT,17,1
Bangalore,Diesel,Manual,First,23.0,5.5,Hyundai,i20 Asta (o) 1.4 CRDi (Diesel),12,1
Coimbatore,Petrol,Manual,First,17.0,6.33,Honda,City 1.5 V MT,14,1
Kochi,Diesel,Manual,First,25.44,2.47,Chevrolet,Beat Diesel,12,0
Kochi,Petrol,Manual,First,16.2,3.3,Chevrolet,Spark 1.0 LS,12,0
Delhi,Diesel,Manual,Second,11.57,3.5,Tata,New Safari DICOR 2.2 EX 4x2,15,2
Delhi,Diesel,Automatic,First,11.3,38.75,Mercedes-Benz,GL-Class 350 CDI Blue Efficiency,12,4
Pune,Diesel,Automatic,First,11.5,7.99,BMW,5 Series 2003-2012 530d Highline,18,4
Kochi,Diesel,Manual,First,14.24,13.28,Toyota,Fortuner 2.8 4WD MT,13,3
Pune,Petrol,Automatic,First,11.25,9.5,BMW,X1 sDrive 18i,14,2
Kochi,Diesel,Manual,First,20.37,14.01,Renault,Captur 1.5 Diesel Platine Mono,7,1
Coimbatore,Diesel,Manual,First,24.4,6.99,Hyundai,Xcent 1.1 CRDi S,10,0
Hyderabad,Diesel,Automatic,Second,13.2,11.0,BMW,3 Series 320d,16,2
Hyderabad,Petrol,Automatic,Second,10.8,11.0,BMW,5 Series 2010-2013 525i,18,3
Pune,Petrol,Manual,Second,18.06,2.3,Nissan,Micra XE,16,0
Delhi,Diesel,Automatic,First,16.36,26.5,Jaguar,XF 2.2 Litre Luxury,12,3
Bangalore,Diesel,Automatic,First,10.2,67.0,Land,Rover Range Rover TDV8 (Diesel),15,5
Mumbai,Petrol,Automatic,First,16.0,17.75,Jeep,Compass 1.4 Limited Option,9,2
Delhi,Petrol,Automatic,Second,10.1,4.8,Honda,CR-V 2.4 AT,16,2
Coimbatore,Petrol,Manual,First,18.6,4.57,Maruti,Swift VXI,13,1
Chennai,Diesel,Manual,First,24.4,3.5,Hyundai,Xcent 1.1 CRDi S,10,0
Kochi,Diesel,Manual,First,19.01,7.61,Nissan,Terrano XV Premium 110 PS,11,1
Hyderabad,Diesel,Automatic,First,18.25,25.0,Audi,A4 35 TDI Technology,11,3
Coimbatore,Petrol,Manual,First,18.9,5.88,Hyundai,Grand i10 Asta Option,10,1
Hyderabad,Diesel,Manual,First,12.99,13.5,Toyota,Innova 2.5 G (Diesel) 8 Seater,11,1
Kolkata,Petrol,Manual,First,18.5,4.6,Hyundai,i20 1.2 Magna,11,0
Kolkata,Diesel,Manual,First,22.77,4.9,Ford,EcoSport 1.5 TDCi Titanium,13,1
Hyderabad,Petrol,Manual,First,17.0,5.25,Honda,City 1.5 S MT,14,1
Coimbatore,Petrol,Automatic,First,14.8,12.41,Ford,EcoSport 1.5 Petrol Titanium Plus AT,8,1
Kolkata,Diesel,Manual,First,22.07,3.8,Volkswagen,Polo Diesel Highline 1.2L,12,0
Mumbai,Diesel,Automatic,First,19.27,8.95,Mercedes-Benz,New C-Class C 220 CDI Avantgarde,16,2
Hyderabad,Diesel,Manual,First,22.7,7.2,Ford,Ecosport 1.5 DV5 MT Titanium,13,1
Hyderabad,Petrol,Manual,First,14.4,4.5,Tata,Indigo GLE,9,0
Delhi,Diesel,Manual,First,26.59,4.15,Maruti,Swift Dzire LDI,12,0
Coimbatore,Diesel,Manual,First,25.1,7.94,Maruti,S-Cross Zeta DDiS 200 SH,10,1
Pune,Diesel,Manual,First,19.01,7.25,Renault,Duster 110PS Diesel RxZ Pack,12,1
Delhi,Petrol,Manual,First,18.9,3.7,Maruti,Wagon R VXI,10,0
Chennai,Diesel,Manual,Third,25.44,1.5,Chevrolet,Beat Diesel LT,15,0
Delhi,Diesel,Manual,First,16.0,12.0,Mahindra,XUV500 W4 1.99 mHawk,9,2
Delhi,Petrol,Manual,Second,19.81,2.2,Hyundai,i10 Era 1.1,14,0
Hyderabad,Diesel,Manual,First,13.93,3.6,Tata,New Safari DICOR 2.2 EX 4x4,19,2
Kolkata,Petrol,Manual,First,20.36,1.92,Hyundai,i10 Sportz,17,0
Bangalore,Diesel,Automatic,First,11.36,20.5,Toyota,Innova Crysta 2.8 ZX AT,10,2
Jaipur,Diesel,Manual,First,17.5,4.25,Skoda,Laura Elegance MT,16,1
Kolkata,Petrol,Manual,First,18.9,3.2,Hyundai,Grand i10 Sportz,13,1
Pune,Diesel,Manual,Second,23.59,2.6,Toyota,Etios Liva GD,14,1
Kolkata,Diesel,Manual,First,23.4,3.85,Maruti,Swift Dzire VDI,12,0
Kochi,Diesel,Manual,First,23.0,3.48,Hyundai,i20 Asta 1.4 CRDi (Diesel),16,1
Hyderabad,Diesel,Manual,Second,25.83,4.55,Ford,Figo 2015-2019 1.5D Trend MT,9,1
Pune,Diesel,Manual,First,25.47,7.0,Maruti,Ertiga VDI,10,1
Ahmedabad,Diesel,Manual,First,20.77,5.75,Maruti,Ertiga ZDI,13,1
Kochi,Petrol,Automatic,First,16.8,8.73,Honda,City 1.5 V AT Sunroof,10,1
Hyderabad,Petrol,Manual,First,19.7,1.7,Maruti,Alto LXi BSIII,17,0
Hyderabad,Diesel,Automatic,First,10.91,29.5,Ford,Endeavour 3.2 Titanium AT 4X4,10,3
Kochi,Diesel,Manual,First,24.3,10.49,Maruti,Vitara Brezza ZDi Plus,7,1
Kolkata,Petrol,Automatic,First,8.6,64.0,Porsche,Boxster S tiptronic,11,4
Pune,Diesel,Manual,First,22.9,7.55,Maruti,Swift ZDi,10,0
Mumbai,Petrol,Manual,First,17.57,3.95,Tata,Zest Revotron 1.2 XT,12,1
Bangalore,Petrol,Manual,Fourth & Above,17.0,3.25,Hyundai,i20 1.2 Sportz Option,16,0
Mumbai,Diesel,Manual,First,19.4,2.75,Skoda,Fabia 1.4 TDI Active,17,0
Kolkata,Diesel,Manual,First,21.43,7.35,Toyota,Corolla Altis D-4D J,11,1
Ahmedabad,Petrol,Manual,First,17.0,4.7,Volkswagen,Ameo 1.2 MPI Comfortline,9,0
Kochi,Petrol,Manual,Second,15.29,8.77,Hyundai,Creta 1.6 VTVT S,10,1
Kochi,Petrol,Manual,First,20.36,3.42,Hyundai,i10 Magna 1.2,13,0
Kolkata,Petrol,Manual,First,18.6,2.5,Chevrolet,Beat LS,11,0
Kolkata,Diesel,Automatic,First,14.74,20.0,Jaguar,XF 3.0 Litre S Premium Luxury,14,5
Mumbai,Petrol,Manual,First,13.24,5.25,Nissan,Terrano XL,12,1
Delhi,Diesel,Automatic,Second,15.73,14.5,Audi,Q3 2012-2015 2.0 TDI Quattro Premium Plus,13,3
Mumbai,Petrol,Automatic,First,16.95,3.45,Hyundai,i10 Asta AT,15,0
Pune,Petrol,Automatic,First,24.07,3.3,Maruti,Alto K10 VXI AGS,11,0
Bangalore,Diesel,Automatic,First,11.33,51.0,Audi,Q7 4.2 TDI Quattro Technology,12,6
Kolkata,Diesel,Manual,First,24.3,6.5,Maruti,Vitara Brezza VDi,9,1
Hyderabad,Petrol,Manual,First,21.1,3.65,Hyundai,EON D Lite Plus,13,0
Chennai,Diesel,Manual,First,20.0,7.25,Mahindra,XUV300 W8 Diesel,14,1
Kochi,Diesel,Manual,First,22.0,6.01,Hyundai,Verna CRDi 1.6 SX Option,12,1
Kolkata,Petrol,Manual,First,18.9,2.8,Maruti,Wagon R VXI,11,0
Chennai,Petrol,Manual,First,17.0,4.0,Hyundai,i20 Sportz Option,14,0
Delhi,Petrol,Manual,First,17.4,5.95,Honda,City i VTEC V,12,1
Chennai,Diesel,Manual,Second,12.8,9.2,Toyota,Innova 2.5 V Diesel 7-seater,15,1
Pune,Diesel,Manual,First,16.8,5.35,Hyundai,Verna CRDi SX,14,1
Delhi,Diesel,Manual,First,17.6,12.0,Tata,Hexa XT,9,2
Coimbatore,Diesel,Automatic,Second,12.07,38.94,Audi,Q7 3.0 TDI Quattro Premium Plus,11,4
Coimbatore,Petrol,Manual,Second,18.9,2.69,Maruti,Wagon R VXI,18,0
Bangalore,Diesel,Automatic,Second,17.09,27.5,BMW,5 Series 2013-2017 525d Luxury Line,13,3
Kolkata,Petrol,Manual,First,18.0,2.75,Honda,Amaze EX i-Vtech,12,1
Mumbai,Petrol,Manual,First,24.7,2.8,Maruti,Alto 800 2016-2019 LXI,10,0
Mumbai,Petrol,Manual,First,17.01,6.45,Hyundai,Verna 1.6 SX VTVT,10,1
Coimbatore,Petrol,Manual,First,23.84,5.88,Tata,Tiago 1.2 Revotron XZ,8,1
Pune,Petrol,Manual,First,18.6,4.65,Maruti,Swift LXI,13,1
Jaipur,Petrol,Manual,First,21.1,2.5,Hyundai,EON Era,12,0
Kochi,Petrol,Automatic,First,12.6,51.35,Mercedes-Benz,E-Class E 220 d,8,3
Hyderabad,Diesel,Manual,First,22.54,6.85,Hyundai,i20 Magna 1.4 CRDi,10,1
Chennai,Diesel,Manual,First,23.59,5.25,Toyota,Etios VD,14,0
Coimbatore,Diesel,Manual,First,21.43,9.23,Toyota,Corolla Altis Diesel D4DG,12,1
Ahmedabad,Diesel,Automatic,First,20.7,22.0,Mini,Cooper 5 DOOR D,12,1
Hyderabad,Diesel,Manual,First,20.14,5.19,Volkswagen,Polo 1.5 TDI Highline,12,1
Pune,Petrol,Automatic,First,13.7,4.35,Skoda,Superb Elegance 1.8 TSI AT,17,2
Hyderabad,Diesel,Automatic,First,10.0,24.5,Mercedes-Benz,E-Class 2009-2013 E 220 CDI Avantgarde,13,2
Pune,Diesel,Manual,First,17.8,5.75,Maruti,Swift VDi BSIII W/ ABS,11,0
Kochi,Petrol,Automatic,First,18.0,9.19,Honda,City i VTEC CVT VX,10,1
Pune,Petrol,Automatic,Second,8.45,10.75,BMW,7 Series 2007-2012 740Li,18,6
Bangalore,Petrol,Automatic,First,19.2,2.99,Hyundai,i10 Magna AT,17,0
Kolkata,Diesel,Manual,First,26.59,3.89,Maruti,Swift Dzire VDI,12,0
Coimbatore,Diesel,Manual,First,26.0,11.73,Honda,City i DTec VX,8,1
Coimbatore,Petrol,Manual,First,14.0,3.11,Maruti,Omni 8 Seater BSIV,10,0
Jaipur,Diesel,Manual,Second,17.2,14.45,Skoda,Superb 2009-2014 Elegance 2.0 TDI MT,12,2
Ahmedabad,Diesel,Manual,First,24.52,8.7,Maruti,Ertiga SHVS VDI,8,1
Kochi,Diesel,Manual,First,24.0,5.04,Hyundai,Grand i10 CRDi Magna,10,0
Jaipur,Diesel,Manual,First,28.09,8.5,Maruti,Ciaz VDi Plus SHVS,9,1
Delhi,Diesel,Automatic,First,19.27,15.65,Mercedes-Benz,New C-Class C 220 CDI Avantgarde,12,2
Mumbai,Diesel,Manual,First,20.5,5.65,Fiat,Avventura MULTIJET Emotion,11,1
Bangalore,Petrol,Automatic,First,10.93,16.5,Mercedes-Benz,E-Class 2009-2013 E 250 Elegance,16,3
Pune,Petrol,Manual,First,15.04,3.9,Volkswagen,Vento Petrol Highline,14,1
Jaipur,Diesel,Automatic,First,18.88,14.5,BMW,3 Series 320d Luxury Line,13,3
Bangalore,Diesel,Automatic,First,14.69,44.0,BMW,5 Series 2013-2017 530d M Sport,11,4
Delhi,Petrol,Manual,First,18.9,5.0,Hyundai,Grand i10 1.2 Kappa Magna,9,1
Hyderabad,Diesel,Automatic,First,11.36,19.75,Toyota,Innova Crysta 2.8 ZX AT,10,2
Coimbatore,Diesel,Automatic,First,19.6,11.44,Renault,Duster 110PS Diesel RxZ AMT,9,1
Chennai,Diesel,Manual,First,18.0,1.75,Tata,Indica Vista Aura 1.3 Quadrajet,15,0
Bangalore,Diesel,Manual,First,17.8,5.6,Maruti,Swift VDI BSIV,13,1
Kochi,Petrol,Manual,First,12.3,30.42,Mercedes-Benz,E-Class 2009-2013 E 200 CGI Avantgarde,10,3
Coimbatore,Diesel,Manual,First,15.1,9.57,Mahindra,XUV500 W8 4WD,13,2
Mumbai,Diesel,Manual,First,15.96,3.5,Mahindra,Bolero ZLX,10,0
Coimbatore,Diesel,Manual,First,24.3,10.46,Maruti,Vitara Brezza ZDi,8,1
Pune,Diesel,Manual,First,20.5,4.85,Fiat,Avventura MULTIJET Emotion,12,1
Kochi,Petrol,Manual,First,19.5,5.68,Honda,Amaze S Petrol,10,1
Mumbai,Petrol,Automatic,First,13.7,13.25,Skoda,Superb Elegance 1.8 TSI AT,11,2
Bangalore,Diesel,Automatic,First,14.74,16.0,Jaguar,XF 3.0 Litre S Premium Luxury,15,5
Chennai,Petrol,Manual,First,18.9,3.0,Maruti,Wagon R VXI BSIII,13,0
Kolkata,Petrol,Manual,First,17.0,0.99,Hyundai,Santro Xing XL eRLX Euro III,19,1
Mumbai,Petrol,Automatic,First,14.53,5.0,Toyota,Corolla Altis VL,16,2
Delhi,Petrol,Manual,First,16.1,4.75,Maruti,Swift VXi BSIV,10,1
Bangalore,Petrol,Manual,First,16.47,5.35,Volkswagen,Polo 1.2 MPI Highline,12,0
Hyderabad,Petrol,Manual,First,18.9,5.98,Hyundai,Grand i10 1.2 Kappa Asta,9,1
Chennai,Diesel,Manual,Third,21.5,3.5,Maruti,SX4 ZDI,15,1
Kochi,Petrol,Manual,First,18.9,4.77,Hyundai,Grand i10 1.2 Kappa Magna,8,1
Delhi,Petrol,Manual,First,21.4,5.45,Maruti,Baleno Delta 1.2,10,1
Ahmedabad,Petrol,Automatic,First,20.3,6.85,Tata,Tigor 1.2 Revotron XTA,8,1
Jaipur,Diesel,Automatic,First,26.59,7.3,Maruti,Swift Dzire AMT ZDI,10,0
Pune,Petrol,Manual,First,15.3,1.25,Tata,Indica GLS BS IV,19,0
Chennai,Diesel,Manual,First,22.7,8.25,Maruti,SX4 S Cross DDiS 320 Zeta,11,1
Ahmedabad,Petrol,Manual,First,16.1,2.71,Maruti,Swift VXI BSIII,18,1
Kolkata,Petrol,Manual,First,19.1,3.6,Hyundai,Xcent 1.2 Kappa SX,10,1
Ahmedabad,Petrol,Manual,First,18.5,3.0,Hyundai,i20 1.2 Magna,16,0
Hyderabad,Petrol,Automatic,First,23.1,4.65,Maruti,Celerio VXI AT,10,0
Mumbai,Diesel,Automatic,First,14.84,9.5,Mercedes-Benz,New C-Class C 220 CDI Elegance AT,16,2
Mumbai,Petrol,Manual,First,17.5,2.95,Maruti,Swift Dzire VXi,15,1
Mumbai,Petrol,Manual,First,15.04,3.0,Volkswagen,Vento Petrol Trendline,15,1
Hyderabad,Diesel,Manual,First,25.2,5.95,Maruti,Swift ZDi,11,0
Delhi,Petrol,Automatic,First,14.53,4.0,Toyota,Corolla Altis VL,18,2
Delhi,Petrol,Manual,First,13.5,2.5,Honda,Civic 2006-2010 1.8 V MT,18,2
Kolkata,Petrol,Automatic,First,16.05,11.37,Ford,EcoSport 1.5 Ti VCT AT Titanium BE,9,1
Pune,Diesel,Manual,Second,19.0,2.25,Fiat,Linea Emotion Pack (Diesel),16,1
Jaipur,Petrol,Manual,First,19.81,3.1,Hyundai,i10 Era,13,0
Kochi,Diesel,Automatic,First,11.2,17.18,Volvo,XC60 D5 Inscription,12,3
Jaipur,Petrol,Manual,First,18.6,6.5,Hyundai,i20 1.2 Asta,8,1
Ahmedabad,Diesel,Manual,First,26.0,5.7,Honda,City i DTEC S,12,1
Ahmedabad,Diesel,Manual,First,12.99,8.0,Toyota,Innova 2.5 VX (Diesel) 8 Seater BS IV,13,1
Chennai,Petrol,Manual,First,25.17,2.6,Renault,KWID RXT,10,0
Hyderabad,Petrol,Manual,First,19.0,2.45,Maruti,A-Star Vxi,17,0
Kochi,Petrol,Automatic,First,14.8,11.57,Mercedes-Benz,B Class B180,12,1
Kolkata,Petrol,Manual,First,18.9,2.3,Maruti,Wagon R LXI BS IV,14,0
Jaipur,Diesel,Manual,First,25.2,5.9,Maruti,Swift VDI BSIV,10,0
Mumbai,Petrol,Automatic,First,17.0,7.2,Hyundai,Verna VTVT 1.6 AT SX Option,11,1
Ahmedabad,Diesel,Automatic,First,22.0,5.9,Hyundai,Verna CRDi 1.6 AT SX Option,13,1
Chennai,Petrol,Manual,Second,16.8,6.0,Honda,City V MT,12,1
Kolkata,Petrol,Manual,First,16.0,1.95,Hyundai,i10 Magna Optional 1.1L,16,0
Coimbatore,Diesel,Manual,First,23.59,6.55,Toyota,Etios GD SP,10,0
Hyderabad,Diesel,Automatic,First,27.03,25.0,Volvo,S60 D4 Momentum,11,3
Kolkata,Diesel,Manual,First,20.0,2.65,Ford,Figo Diesel EXI,14,0
Mumbai,Diesel,Automatic,First,13.0,69.5,Mercedes-Benz,E-Class 2015-2017 E350 CDI Avantgrade,9,4
Chennai,Diesel,Automatic,First,22.69,14.0,BMW,3 Series 320d Luxury Line,14,3
Pune,Petrol,Manual,Second,22.74,2.1,Maruti,Alto 800 VXI,12,0
Hyderabad,Diesel,Manual,First,13.68,20.4,Toyota,Innova Crysta 2.4 VX MT,9,2
Hyderabad,Petrol,Manual,First,18.78,5.68,Volkswagen,Polo 1.0 MPI Trendline,7,0
Mumbai,Petrol,Manual,First,13.24,5.55,Nissan,Terrano XL,12,1
Mumbai,Diesel,Manual,First,13.5,12.75,Mitsubishi,Pajero Sport 4X4,13,3
Mumbai,Petrol,Manual,Second,14.8,3.35,Honda,Civic 2010-2013 1.8 S MT,14,2
Kolkata,Petrol,Manual,First,22.74,1.55,Maruti,Alto 800 LXI,13,0
Coimbatore,Diesel,Manual,Second,20.54,5.9,Volkswagen,Vento Diesel Highline,13,1
Hyderabad,Diesel,Automatic,First,12.35,18.98,Land,Rover Freelander 2 HSE,14,3
Mumbai,Petrol,Manual,First,13.7,11.51,Honda,CR-V 2.0L 2WD MT,12,2
Mumbai,Diesel,Manual,First,20.77,7.75,Maruti,Ertiga VDI,10,1
Chennai,Diesel,Manual,First,12.99,13.9,Toyota,Innova 2.5 GX (Diesel) 7 Seater,10,1
Kolkata,Petrol,Manual,First,15.0,1.35,Tata,Manza Aura Safire,16,1
Mumbai,Diesel,Automatic,Second,12.07,38.0,Audi,Q7 35 TDI Quattro Premium Plus,11,4
Mumbai,Petrol,Automatic,First,17.1,11.6,Hyundai,Verna 1.6 SX VTVT (O) AT,9,1
Hyderabad,Diesel,Automatic,First,21.5,12.25,Volkswagen,Vento 1.5 Highline Plus AT 16 Alloy,9,1
Jaipur,Petrol,Manual,First,17.0,3.8,Honda,City 1.5 S MT,15,1
Mumbai,Diesel,Manual,First,20.0,3.25,Ford,Figo Diesel Titanium,12,0
Mumbai,Petrol,Manual,First,18.7,6.4,Honda,Jazz 1.2 VX i VTEC,10,1
Bangalore,Petrol,Manual,Second,16.47,3.95,Volkswagen,Polo Petrol Highline 1.2L,14,0
Delhi,Petrol,Manual,First,17.4,3.57,Honda,City i-VTEC S,16,1
Mumbai,Petrol,Manual,Second,17.7,1.25,Honda,City ZX GXi,21,0
Kolkata,Petrol,Automatic,Second,12.0,12.5,Honda,CR-V 2.4L 4WD AT AVN,13,3
Ahmedabad,Diesel,Automatic,Second,18.12,23.0,BMW,5 Series 2013-2017 520d Luxury Line,12,3
Coimbatore,Diesel,Manual,First,12.05,6.32,Mahindra,Scorpio VLX 2.2 mHawk BSIII,14,1
Kolkata,Diesel,Manual,First,20.54,3.4,Volkswagen,Vento Diesel Comfortline,14,1
Jaipur,Petrol,Manual,Second,17.3,0.77,Maruti,Zen VX,27,0
Jaipur,Petrol,Manual,First,16.1,0.9,Maruti,800 DX BSII,17,0
Delhi,Petrol,Automatic,First,14.28,18.0,Toyota,Corolla Altis 1.8 VL CVT,9,2
Pune,Petrol,Automatic,First,14.59,19.0,BMW,3 Series 328i Sport Line,13,4
Chennai,Petrol,Manual,Third,13.8,1.1,Ford,Ikon 1.3 Flair,19,0
Pune,Petrol,Manual,Second,18.6,2.0,Chevrolet,Beat LT,14,0
Ahmedabad,Diesel,Manual,First,21.43,6.5,Toyota,Corolla Altis 1.4 DG,14,1
Bangalore,Diesel,Manual,First,16.0,9.45,Mahindra,XUV500 W4,12,2
Mumbai,Diesel,Manual,First,24.4,4.0,Hyundai,Xcent 1.1 CRDi Base,10,0
Kochi,Diesel,Automatic,First,13.0,32.25,Mercedes-Benz,E-Class 2015-2017 E250 CDI Avantgarde,9,3
Pune,Petrol,Manual,First,20.36,2.1,Hyundai,i10 Sportz,17,0
Mumbai,Petrol,Automatic,Second,14.28,9.75,Toyota,Corolla Altis VL AT,11,2
Kolkata,Petrol,Manual,First,14.53,6.3,Toyota,Corolla 1.8 J,12,2
Hyderabad,Diesel,Automatic,First,17.32,21.0,Audi,Q3 2.0 TDI Quattro,13,3
Mumbai,Diesel,Manual,First,21.9,4.65,Hyundai,i20 Magna Optional 1.4 CRDi,12,1
Mumbai,Diesel,Automatic,Second,19.27,17.0,Mercedes-Benz,New C-Class C 220d Avantgarde Edition C,13,2
Pune,Diesel,Manual,First,21.1,4.35,Maruti,Ritz VDi,13,0
Coimbatore,Diesel,Manual,First,19.67,14.82,Hyundai,Creta 1.6 SX Plus Diesel,9,1
Delhi,Diesel,Automatic,First,13.6,40.0,Jaguar,XE 2.0L Diesel Prestige,8,3
Chennai,Diesel,Manual,First,14.95,6.15,Mahindra,Xylo D4,10,1
Ahmedabad,Diesel,Manual,First,12.99,11.25,Toyota,Innova 2.5 G (Diesel) 7 Seater,12,1
Pune,Petrol,Automatic,First,19.16,32.0,Toyota,Camry 2.5 Hybrid,8,2
Coimbatore,Diesel,Automatic,First,13.22,45.62,Audi,Q5 3.0 TDI Quattro,8,4
Kochi,Diesel,Manual,First,28.4,6.24,Maruti,Swift VDI,9,0
Chennai,Diesel,Manual,First,20.77,4.8,Maruti,Ertiga VDI Limited Edition,11,1
Chennai,Petrol,Manual,Second,16.1,4.5,Maruti,Swift VXi BSIV,12,1
Kochi,Petrol,Manual,First,20.36,3.87,Hyundai,i10 Sportz,11,0
Delhi,Petrol,Manual,First,20.36,2.75,Hyundai,i10 Sportz,13,0
Kochi,Petrol,Manual,First,21.4,6.57,Maruti,Baleno Sigma 1.2,8,1
Jaipur,Petrol,Manual,First,16.36,2.0,Hyundai,Accent Executive,16,1
Ahmedabad,Petrol,Manual,First,19.4,3.65,Honda,Brio S MT,14,1
Hyderabad,Diesel,Manual,First,22.9,6.95,Maruti,Swift ZDi,10,0
Bangalore,Petrol,Manual,First,20.14,5.5,Hyundai,Xcent 1.2 VTVT S,12,1
Kolkata,Diesel,Manual,First,16.0,7.0,Mahindra,XUV500 W8 2WD,13,2
Delhi,Diesel,Automatic,First,13.0,24.0,Mercedes-Benz,E-Class E250 CDI Avantgrade,12,3
Bangalore,Diesel,Automatic,First,19.27,32.5,Mercedes-Benz,New C-Class C 220 CDI Avantgarde,10,2
Kochi,Diesel,Manual,First,21.27,6.45,Hyundai,i20 Asta 1.4 CRDi,11,1
Mumbai,Diesel,Automatic,First,19.3,15.75,Skoda,Octavia Elegance 2.0 TDI AT,11,2
Mumbai,Petrol,Manual,First,17.0,5.5,Honda,City 1.5 S MT,12,1
Kochi,Diesel,Automatic,First,12.55,19.03,Toyota,Fortuner 4x2 AT,11,2
Kolkata,Diesel,Automatic,First,17.32,15.25,Audi,Q3 2.0 TDI Quattro,13,3
Hyderabad,Petrol,Manual,First,20.92,2.4,Maruti,Alto K10 2010-2014 VXI,14,0
Chennai,Diesel,Manual,First,23.03,2.3,Tata,Indigo eCS LX BSIV,15,0
Kochi,Diesel,Automatic,First,17.11,14.35,Audi,A4 2.0 TDI 177 Bhp Premium Plus,12,3
Kochi,Petrol,Automatic,First,18.0,11.97,Honda,City i-VTEC CVT VX,8,1
Ahmedabad,Diesel,Manual,First,14.24,18.9,Toyota,Fortuner 2.8 2WD MT,11,3
Ahmedabad,Petrol,Manual,First,18.9,5.4,Hyundai,Grand i10 Sportz,9,1
Hyderabad,Petrol,Manual,First,15.1,2.95,Maruti,Eeco 7 Seater Standard,11,0
Bangalore,Petrol,Manual,First,16.47,5.1,Volkswagen,Polo Petrol Highline 1.2L,13,0
Jaipur,Petrol,Manual,First,18.9,1.5,Maruti,Wagon R LXI Minor,20,0
Bangalore,Petrol,Manual,First,17.0,4.9,Honda,City 1.5 V MT,15,1
Mumbai,Petrol,Manual,First,14.8,2.9,Honda,Civic 2010-2013 1.8 S MT,16,2
Pune,Petrol,Manual,First,13.0,1.15,Honda,City 1.5 EXI,21,1
Kolkata,Petrol,Manual,First,18.5,2.3,Hyundai,i20 1.2 Magna,16,0
Kochi,Diesel,Manual,First,24.0,5.99,Hyundai,Grand i10 CRDi Sportz Celebration Edition,8,0
Pune,Petrol,Automatic,Third,14.4,3.4,Volkswagen,Vento Petrol Highline AT,15,1
Kolkata,Petrol,Manual,First,20.36,1.7,Hyundai,i10 Sportz 1.2,17,0
Kolkata,Petrol,Manual,First,17.0,1.99,Hyundai,i20 Asta,17,0
Pune,Petrol,Manual,First,18.6,2.5,Chevrolet,Beat LS,14,0
Hyderabad,Diesel,Manual,First,22.07,4.85,Volkswagen,Polo Diesel Highline 1.2L,13,0
Hyderabad,Petrol,Manual,First,15.6,2.65,Ford,Figo Petrol LXI,16,0
Kochi,Petrol,Automatic,First,9.9,27.35,Audi,TT 2.0 TFSI,12,3
Jaipur,Diesel,Manual,Second,25.1,6.9,Honda,City i DTEC VX,11,1
Hyderabad,Diesel,Manual,First,20.0,3.5,Ford,Figo Diesel Titanium,13,0
Delhi,Diesel,Manual,First,12.99,12.5,Toyota,Innova 2.5 ZX Diesel 7 Seater,11,1
Delhi,Petrol,Automatic,First,19.12,9.2,Maruti,Ciaz 1.4 AT Alpha,9,1
Mumbai,Petrol,Automatic,First,18.9,4.9,Hyundai,Grand i10 AT Asta,11,1
Kochi,Petrol,Manual,First,18.88,5.55,Ford,EcoSport 1.0 Ecoboost Titanium Plus BE,12,1
Ahmedabad,Petrol,Automatic,First,14.7,13.5,Skoda,Octavia Ambition 1.8 TSI AT,12,3
Kolkata,Diesel,Manual,First,20.4,2.6,Fiat,Linea Emotion (Diesel),16,1
Jaipur,Petrol,Manual,First,16.1,4.5,Maruti,Swift Lxi BSIII,11,1
Delhi,Diesel,Automatic,Second,11.8,34.0,Land,Rover Discovery 4 TDV6 SE,13,3
Hyderabad,Diesel,Manual,First,12.8,12.0,Toyota,Innova 2.5 V Diesel 7-seater,14,1
Mumbai,Diesel,Manual,First,28.4,5.25,Maruti,Swift LDI,11,0
Kochi,Diesel,Automatic,First,17.68,21.56,Audi,A6 2011-2015 2.0 TDI Premium Plus,12,3
Coimbatore,Diesel,Automatic,First,22.48,24.68,BMW,5 Series 520d Luxury Line,14,3
Delhi,Petrol,Manual,First,18.5,3.67,Hyundai,i20 Magna Optional 1.2,13,1
Mumbai,Diesel,Automatic,First,17.05,29.5,BMW,X1 M Sport sDrive 20d,10,3
Delhi,Petrol,Manual,First,17.6,3.1,Toyota,Etios G,14,1
Ahmedabad,Diesel,Manual,First,17.0,2.9,Tata,Indigo LX,11,0
Mumbai,Petrol,Automatic,First,10.98,15.95,Volkswagen,Beetle 2.0,17,1
Hyderabad,Diesel,Manual,First,19.7,4.5,Volkswagen,Polo GT TDI,15,1
Delhi,Diesel,Manual,First,24.0,3.49,Hyundai,Grand i10 CRDi Magna,12,0
Delhi,Diesel,Manual,First,25.2,4.25,Maruti,Swift VDI BSIV,12,0
Chennai,Diesel,Manual,Second,24.0,1.9,Hyundai,Verna CRDi 1.4 E,18,1
Mumbai,Diesel,Automatic,First,16.73,16.57,BMW,5 Series 2003-2012 525d,15,3
Bangalore,Petrol,Manual,First,17.0,5.75,Honda,City 1.5 S MT,14,1
Delhi,Diesel,Automatic,Second,16.55,14.0,Audi,A4 2.0 TDI,13,2
Jaipur,Diesel,Manual,Second,19.5,2.5,Fiat,Linea Classic Plus 1.3 Multijet,13,0
Ahmedabad,Petrol,Manual,First,13.0,1.2,Honda,City 1.3 EXI,24,1
Pune,Petrol,Manual,Second,15.5,0.85,Fiat,Petra 1.2 EL,21,1
Kochi,Diesel,Automatic,First,22.69,13.95,BMW,3 Series 320d Luxury Line,13,3
Chennai,Petrol,Manual,First,16.6,1.6,Ford,Fiesta 1.4 Duratec EXI,19,0
Coimbatore,Petrol,Automatic,First,21.9,3.6,Tata,Nano XTA,10,0
Coimbatore,Petrol,Manual,First,20.89,6.06,Maruti,Ignis 1.2 Delta,7,1
Coimbatore,Petrol,Manual,Second,17.5,5.29,Maruti,Swift Dzire ZXi,13,1
Jaipur,Diesel,Manual,First,22.7,5.75,Ford,Ecosport 1.5 DV5 MT Titanium,12,1
Coimbatore,Petrol,Manual,First,19.1,5.72,Maruti,Swift Dzire VXI,12,1
Kochi,Petrol,Automatic,First,16.95,4.39,Hyundai,i10 Sportz AT,12,0
Coimbatore,Diesel,Manual,First,15.1,11.05,Mahindra,XUV500 W6 2WD,10,2
Delhi,Diesel,Manual,Second,22.54,4.83,Hyundai,i20 Magna 1.4 CRDi,11,1
Chennai,Diesel,Manual,Second,21.27,4.5,Hyundai,i20 Asta 1.4 CRDi,14,1
Mumbai,Diesel,Automatic,Second,16.46,19.5,BMW,7 Series 730Ld,15,4
Mumbai,Petrol,Automatic,First,14.3,8.75,Skoda,Rapid 1.6 MPI AT Style Plus,9,1
Mumbai,Diesel,Automatic,First,14.75,67.0,Audi,Q7 45 TDI Quattro Technology,10,4
Kochi,Petrol,Manual,First,17.4,8.4,Honda,City i VTEC VX,10,1
Mumbai,Petrol,Manual,First,19.1,4.99,Hyundai,Xcent 1.2 Kappa SX,10,1
Coimbatore,Diesel,Manual,First,26.0,8.18,Honda,City i DTec E,10,1
Pune,Petrol,Manual,First,18.4,2.9,Honda,Brio S Option MT,14,1
Jaipur,Diesel,Manual,First,28.09,7.1,Maruti,Ciaz ZDi Plus SHVS,11,1
Pune,Diesel,Manual,First,26.59,7.05,Maruti,Swift Dzire VDI Optional,10,0
Pune,Petrol,Automatic,First,11.1,17.5,Honda,CR-V 2.4L 4WD AT,11,2
Mumbai,Petrol,Automatic,Second,14.53,3.41,Toyota,Corolla Altis 2008-2013 1.8 VL AT,18,2
Coimbatore,Petrol,Manual,First,17.0,5.68,Honda,City 1.5 V MT,14,1
Bangalore,Diesel,Manual,First,12.05,4.1,Mahindra,Scorpio LX BS IV,19,1
Delhi,Petrol,Manual,First,13.4,4.0,Skoda,Laura 1.8 TSI Ambiente,15,2
Hyderabad,Diesel,Automatic,First,18.88,30.0,BMW,3 Series 320d Sport Line,11,3
Chennai,Petrol,Manual,First,15.0,1.8,Maruti,SX4 Zxi BSIII,19,1
Kochi,Petrol,Manual,First,20.73,6.93,Maruti,Ciaz VXi Plus,11,1
Bangalore,Diesel,Automatic,First,10.2,70.0,Land,Rover Range Rover 3.6 TDV8 Vogue SE Diesel,14,5
Ahmedabad,Diesel,Manual,First,12.99,7.9,Toyota,Innova 2.5 G (Diesel) 7 Seater BS IV,13,1
Chennai,Diesel,Automatic,First,13.01,14.4,Hyundai,Santa Fe 4WD AT,12,3
Mumbai,Petrol,Automatic,Second,11.74,13.5,Mercedes-Benz,New C-Class C250 Avantgarde,15,3
Coimbatore,Petrol,Manual,First,19.7,2.88,Maruti,Alto LXi,14,0
Kolkata,Petrol,Manual,First,24.7,2.15,Maruti,Alto 800 2016-2019 LXI,10,0
Pune,Petrol,Manual,First,16.95,3.75,Nissan,Sunny 2011-2014 XV,13,1
Mumbai,Petrol,Manual,First,24.7,3.6,Maruti,Alto 800 2016-2019 VXI,7,0
Kolkata,Petrol,Manual,First,24.07,3.6,Maruti,Alto K10 VXI,8,0
Coimbatore,Petrol,Automatic,First,18.9,7.55,Hyundai,Grand i10 1.2 Kappa Sportz AT,8,1
Kolkata,Diesel,Manual,First,24.2,4.7,Honda,Mobilio S i DTEC,11,1
Jaipur,Diesel,Manual,Second,18.8,1.6,Tata,Manza Aqua Quadrajet,16,1
Pune,Diesel,Manual,First,16.52,3.34,Chevrolet,Optra Magnum 2.0 LT,15,1
Kochi,Petrol,Automatic,First,18.0,9.1,Honda,City i VTEC CVT VX,10,1
Kochi,Petrol,Manual,First,18.9,6.17,Hyundai,Grand i10 1.2 Kappa Sportz,7,1
Hyderabad,Diesel,Manual,First,22.0,2.5,Hyundai,Verna CRDi 1.6 SX,18,1
Kolkata,Petrol,Manual,First,18.44,3.0,Nissan,Micra XL,10,0
Jaipur,Diesel,Manual,First,22.32,5.75,Hyundai,Verna 1.6 SX,14,1
Bangalore,Petrol,Manual,First,15.29,10.75,Hyundai,Creta 1.6 VTVT E Plus,9,1
Jaipur,Petrol,Manual,Second,20.51,2.85,Maruti,Wagon R VXI BS IV,13,0
Chennai,Petrol,Automatic,First,10.2,6.5,Honda,Accord 2.4 Elegance A/T,18,3
Bangalore,Petrol,Automatic,First,16.8,9.45,Honda,City 1.5 S AT,10,1
Delhi,Diesel,Manual,First,27.39,6.75,Maruti,Baleno Alpha 1.3,10,0
Coimbatore,Diesel,Manual,First,26.0,7.75,Honda,City i DTec V,9,1
Kochi,Diesel,Manual,First,22.54,4.4,Hyundai,i20 Era 1.4 CRDi,12,1
Jaipur,Diesel,Automatic,First,13.0,42.0,Mercedes-Benz,E-Class 2015-2017 E350 Edition E,11,4
Kochi,Diesel,Manual,First,19.01,5.67,Nissan,Terrano XV 110 PS,12,1
Bangalore,Diesel,Automatic,First,19.6,11.5,Renault,Duster 110PS Diesel RxZ AMT,10,1
Pune,Petrol,Manual,First,18.9,1.69,Maruti,Wagon R LXI Minor,17,0
Jaipur,Diesel,Manual,Second,17.1,1.8,Hyundai,Getz 1.5 CRDi GVS,17,1
Mumbai,Petrol,Manual,First,18.5,3.2,Maruti,Ritz LXi,10,1
Kochi,Diesel,Automatic,First,22.48,45.86,BMW,5 Series 520d Sport Line,7,3
Hyderabad,Petrol,Manual,First,16.47,5.1,Volkswagen,Polo 1.2 MPI Highline,10,0
Pune,Diesel,Manual,First,17.8,4.85,Maruti,Swift VDI BSIV,13,1
Mumbai,Petrol,Manual,Second,15.6,2.4,Ford,Figo Petrol ZXI,16,0
Hyderabad,Diesel,Automatic,First,18.88,22.0,BMW,3 Series 320d Luxury Line,13,3
Delhi,Diesel,Manual,First,22.32,4.28,Hyundai,Verna 1.6 SX CRDi (O),14,1
Coimbatore,Diesel,Manual,First,20.45,5.67,Renault,Duster 85PS Diesel RxL,11,1
Bangalore,Petrol,Automatic,First,18.9,6.2,Hyundai,Grand i10 1.2 Kappa Magna AT,8,1
Bangalore,Diesel,Automatic,Second,17.05,14.49,BMW,X1 sDrive20d,13,3
Pune,Diesel,Manual,First,21.1,3.0,Maruti,Ritz VDi,16,0
Jaipur,Petrol,Manual,Second,19.81,2.25,Hyundai,i10 Era 1.1 iTech SE,16,0
Kochi,Diesel,Automatic,First,15.97,43.78,BMW,X5 2014-2019 xDrive 30d Design Pure Experience 7 Seater,10,4
Kochi,Petrol,Manual,First,16.8,11.45,Honda,City V MT Exclusive,7,1
Delhi,Diesel,Automatic,First,11.18,10.5,Mahindra,Ssangyong Rexton RX7,12,3
Coimbatore,Diesel,Manual,First,22.7,7.48,Ford,Ecosport 1.5 DV5 MT Titanium Optional,11,1
Coimbatore,Petrol,Manual,First,19.7,3.1,Maruti,Alto LXi,16,0
Mumbai,Petrol,Manual,First,16.47,2.55,Volkswagen,Polo 1.2 MPI Highline,15,0
Jaipur,Diesel,Manual,First,22.07,3.5,Volkswagen,Polo Diesel Comfortline 1.2L,13,0
Kolkata,Diesel,Manual,First,22.07,2.59,Volkswagen,Polo Diesel Highline 1.2L,14,0
Kolkata,Diesel,Manual,First,20.77,5.45,Maruti,Ertiga ZDI,13,1
Kolkata,Diesel,Manual,First,22.77,6.0,Ford,EcoSport 1.5 TDCi Ambiente,9,1
Kolkata,Diesel,Automatic,First,11.36,15.49,Toyota,Innova Crysta 2.8 ZX AT,10,2
Mumbai,Petrol,Automatic,Second,10.8,12.5,BMW,5 Series 523i Sedan,16,2
Kolkata,Diesel,Manual,First,23.4,4.75,Maruti,Swift Dzire Tour LDI,9,0
Mumbai,Petrol,Manual,First,18.88,7.85,Ford,Ecosport 1.0 Ecoboost Platinum Edition,9,1
Ahmedabad,Diesel,Manual,First,16.8,6.0,Hyundai,Verna CRDi SX,13,1
Mumbai,Petrol,Manual,First,17.57,4.0,Tata,Zest Revotron 1.2T XM,10,1
Mumbai,Diesel,Automatic,First,14.4,28.75,Audi,A7 2011-2015 3.0 TDI Quattro,15,4
Pune,Diesel,Manual,First,22.3,2.5,Tata,Indica Vista Quadrajet VX,14,0
Delhi,Diesel,Manual,First,26.59,5.5,Maruti,Swift Dzire VDI,11,0
Kolkata,Petrol,Manual,First,16.0,1.59,Fiat,Linea Emotion,16,1
Mumbai,Petrol,Manual,First,18.6,6.22,Hyundai,i20 1.2 Spotz,9,1
Kolkata,Petrol,Manual,First,21.1,2.75,Hyundai,EON Era Plus,10,0
Pune,Diesel,Automatic,First,17.9,25.0,Mercedes-Benz,GLA Class 200 CDI SPORT,9,2
Delhi,Petrol,Manual,First,23.1,2.8,Maruti,Celerio VXI,12,0
Mumbai,Petrol,Manual,Second,17.8,2.45,Chevrolet,Beat LT,12,0
Pune,Petrol,Automatic,First,19.0,6.35,Honda,Jazz 1.2 V AT i VTEC Privilege,10,1
Mumbai,Diesel,Automatic,Third,16.07,8.0,BMW,3 Series 320d Highline,17,3
Bangalore,Diesel,Manual,First,19.01,8.25,Renault,Duster 110PS Diesel RxL,12,1
Mumbai,Petrol,Automatic,First,17.01,5.95,Ford,Figo 2015-2019 1.5P Titanium AT,9,1
Kochi,Diesel,Manual,First,13.68,19.92,Toyota,Innova Crysta 2.4 VX MT,8,2
Kochi,Diesel,Manual,First,25.44,3.15,Chevrolet,Beat Diesel LS,10,0
Chennai,Petrol,Automatic,First,17.21,5.75,Volkswagen,Polo GTI,12,3
Kochi,Diesel,Automatic,First,10.91,32.44,Ford,Endeavour 3.2 Trend AT 4X4,8,3
Kochi,Diesel,Automatic,Second,22.32,8.01,Hyundai,Verna 1.6 SX CRDI (O) AT,10,1
Coimbatore,Petrol,Manual,First,18.16,6.48,Ford,Figo 2015-2019 1.2P Titanium Opt MT,9,1
Jaipur,Petrol,Manual,First,16.1,0.75,Maruti,800 AC,19,0
Kolkata,Diesel,Manual,First,26.0,5.0,Honda,City i DTEC V,12,1
Mumbai,Diesel,Manual,First,16.0,7.75,Mahindra,XUV500 W8 2WD,14,2
Chennai,Diesel,Manual,First,20.0,2.6,Ford,Figo Diesel ZXI,16,0
Pune,Petrol,Manual,First,17.0,9.2,Ford,EcoSport 1.5 Petrol Titanium,8,1
Mumbai,Petrol,Manual,First,18.6,5.05,Hyundai,i20 Asta 1.2,11,1
Hyderabad,Diesel,Manual,First,12.99,9.6,Toyota,Innova 2.5 G (Diesel) 7 Seater BS IV,14,1
Mumbai,Diesel,Manual,First,20.46,5.5,Renault,Duster 85PS Diesel RxL Optional,13,1
Mumbai,Diesel,Manual,First,12.99,9.35,Toyota,Innova 2.5 VX (Diesel) 8 Seater,13,1
Delhi,Petrol,Manual,First,17.0,2.6,Honda,City 1.5 S MT,17,1
Hyderabad,Petrol,Manual,First,24.07,3.5,Maruti,Alto K10 VXI,10,0
Kochi,Petrol,Manual,First,19.49,4.26,Nissan,Micra Active XL Petrol,10,0
Chennai,Petrol,Automatic,Second,23.1,4.25,Maruti,Celerio VXI AT,10,0
Hyderabad,Petrol,Manual,Second,11.7,11.75,Mercedes-Benz,New C-Class 200 Kompressor,16,3
Chennai,Diesel,Manual,First,23.5,3.5,Ford,Fiesta Diesel Style,13,1
Jaipur,Petrol,Manual,First,17.01,7.5,Hyundai,Verna 1.6 VTVT S,11,1
Chennai,Petrol,Automatic,Third,15.0,3.25,Hyundai,i20 1.4 Asta (AT),17,1
Chennai,Petrol,Manual,First,17.5,4.9,Maruti,Swift Dzire VXi,14,1
Hyderabad,Diesel,Automatic,First,14.84,27.0,Mercedes-Benz,New C-Class C 220CDIBE Avantgarde Command,12,2
Kochi,Petrol,Manual,First,18.6,8.91,Hyundai,Elite i20 Petrol Asta,9,1
Kochi,Petrol,Automatic,First,17.01,6.69,Hyundai,Verna 1.6 VTVT EX AT,12,1
Kochi,Diesel,Manual,First,17.3,6.02,Chevrolet,Cruze LTZ,12,2
Mumbai,Petrol,Manual,First,14.28,4.5,Toyota,Corolla Altis 1.8 G,16,2
Pune,Petrol,Manual,First,19.0,2.0,Maruti,A-Star Vxi,15,0
Kolkata,Diesel,Manual,First,23.08,2.4,Nissan,Micra Diesel XV Premium,14,0
Pune,Petrol,Manual,First,25.4,1.2,Tata,Nano LX,13,0
Delhi,Diesel,Manual,First,23.4,2.9,Maruti,Swift Dzire Tour LDI,12,0
Ahmedabad,Diesel,Automatic,First,17.32,27.0,Audi,Q3 2.0 TDI Quattro,10,3
Chennai,Diesel,Manual,First,25.8,7.5,Honda,Amaze VX i-DTEC,10,1
Mumbai,Petrol,Manual,First,14.7,1.5,Chevrolet,Optra 1.6 LS,22,1
Hyderabad,Diesel,Automatic,First,14.16,39.5,Audi,Q5 2.0 TDI Premium Plus,10,3
Hyderabad,Diesel,Manual,First,23.2,3.39,Maruti,Ritz VDi,14,0
Kochi,Diesel,Manual,First,15.4,12.4,Mahindra,Scorpio S6 7 Seater,8,1
Chennai,Diesel,Manual,First,28.09,6.85,Maruti,Ciaz ZDi SHVS,12,1
Pune,Diesel,Manual,Second,21.43,5.75,Toyota,Corolla Altis Aero D 4D J,15,2
Chennai,Diesel,Manual,Second,25.0,2.0,Tata,Indica V2 eLS,11,0
Jaipur,Petrol,Manual,First,16.1,0.9,Maruti,800 Std BSIII,20,0
Kolkata,Petrol,Manual,First,16.47,3.8,Volkswagen,Polo 1.2 MPI Highline,11,0
Delhi,Petrol,Automatic,First,14.62,16.35,Hyundai,Elantra 2.0 SX Option AT,9,2
Hyderabad,Diesel,Automatic,First,11.5,16.5,Toyota,Fortuner 4x2 4 Speed AT,14,2
Coimbatore,Petrol,Manual,First,21.4,8.7,Maruti,Baleno Zeta 1.2,7,1
Mumbai,Petrol,Manual,First,21.4,6.1,Maruti,Baleno Zeta 1.2,10,1
Hyderabad,Diesel,Automatic,First,23.8,21.94,Mini,Cooper Countryman D,13,1
Chennai,Diesel,Automatic,Second,13.0,22.0,Mercedes-Benz,S Class 2005 2013 320 CDI,17,3
Delhi,Petrol,Manual,First,20.92,2.65,Maruti,Alto K10 LXI,11,0
Kochi,Petrol,Manual,First,20.4,5.27,Maruti,Swift VXI Optional,9,1
Kolkata,Diesel,Manual,First,22.1,2.48,Chevrolet,Sail LT ABS,12,0
Kolkata,Diesel,Manual,First,12.8,6.0,Toyota,Innova 2.5 G (Diesel) 8 Seater BS IV,15,1
Mumbai,Diesel,Manual,First,11.5,8.9,Toyota,Fortuner 3.0 Diesel,17,2
Hyderabad,Diesel,Automatic,Second,18.88,18.0,BMW,3 Series 320d Sport Line,14,3
Coimbatore,Petrol,Manual,First,16.8,11.64,Skoda,Octavia Ambition 1.4 TSI MT,10,2
Kolkata,Diesel,Manual,First,11.5,8.99,Toyota,Fortuner 3.0 Diesel,7,2
Bangalore,Diesel,Automatic,First,15.5,5.25,Volkswagen,Jetta 2007-2011 1.9 Highline TDI,17,1
Kolkata,Diesel,Manual,First,23.0,2.95,Hyundai,i20 1.4 CRDi Asta,15,1
Mumbai,Diesel,Manual,Second,21.02,2.65,Tata,Manza Club Class Quadrajet90 LX,13,1
Pune,Petrol,Manual,First,15.04,4.0,Volkswagen,Vento Petrol Highline,13,1
Chennai,Diesel,Automatic,First,17.6,12.5,Hyundai,Creta 1.6 SX Automatic Diesel,10,1
Mumbai,Petrol,Manual,First,21.1,3.25,Maruti,Ritz VXI,12,1
Delhi,Petrol,Manual,First,13.1,4.0,Honda,CR-V 2.0L 2WD MT,18,2
Delhi,Diesel,Manual,Second,15.1,6.25,Mahindra,XUV500 W8 2WD,14,2
Jaipur,Diesel,Manual,First,21.66,5.8,Volkswagen,Ameo 1.5 TDI Comfortline,10,1
Kolkata,Petrol,Manual,First,17.57,5.0,Tata,Zest Revotron 1.2 XT,11,1
Kochi,Diesel,Automatic,First,12.9,58.73,Jaguar,XJ 3.0L Portfolio LWB,10,5
Kochi,Petrol,Automatic,First,14.28,17.49,Toyota,Corolla Altis 1.8 VL CVT,8,2
Pune,Petrol,Manual,Second,19.0,1.95,Maruti,A-Star Vxi,15,0
Mumbai,Petrol,Automatic,First,11.1,3.0,Honda,Accord VTi-L (AT),19,2
Delhi,Petrol,Manual,First,17.0,5.5,Hyundai,i20 Asta (o),12,0
Delhi,Diesel,Automatic,First,12.55,16.5,Toyota,Fortuner 4x2 AT,13,2
Mumbai,Petrol,Automatic,Second,11.74,14.5,Mercedes-Benz,New C-Class C 200 CGI Avantgarde,15,3
Hyderabad,Diesel,Manual,First,27.39,7.79,Maruti,Baleno Alpha 1.3,10,0
Kochi,Diesel,Manual,First,20.77,8.27,Maruti,Ertiga VDI,9,1
Kochi,Diesel,Automatic,First,12.65,97.07,Land,Rover Range Rover Sport SE,7,4
Mumbai,Petrol,Manual,First,12.9,2.15,Chevrolet,Optra Magnum 1.6 LT ABS BS3,14,1
Hyderabad,Petrol,Automatic,Second,12.9,3.0,Honda,Civic 2006-2010 1.8 V AT,18,2
Coimbatore,Diesel,Automatic,First,16.09,28.79,BMW,X3 xDrive20d,12,3
Mumbai,Diesel,Automatic,First,20.0,5.45,Skoda,Laura Ambition 2.0 TDI CR AT,15,2
Delhi,Diesel,Manual,First,23.4,3.95,Maruti,Swift Dzire VDI,13,0
Pune,Diesel,Automatic,First,23.3,16.0,Volvo,V40 Cross Country D3,13,2
Delhi,Petrol,Manual,First,17.5,4.25,Maruti,Swift Dzire ZXi,13,1
Bangalore,Diesel,Automatic,First,12.7,34.5,Land,Rover Range Rover 2.2L Pure,12,3
Mumbai,Petrol,Automatic,Third,11.7,2.6,Honda,Accord 2.4 AT,18,3
Kochi,Diesel,Manual,First,12.99,13.48,Toyota,Innova 2.5 G (Diesel) 8 Seater,9,1
Hyderabad,Diesel,Manual,First,12.55,32.1,Toyota,Fortuner 4x4 MT,8,2
Kochi,Petrol,Manual,First,18.7,6.17,Honda,Jazz 1.2 E i VTEC,8,1
Kolkata,Petrol,Manual,First,17.0,5.5,Honda,City 1.5 V MT,11,1
Hyderabad,Diesel,Automatic,First,28.4,9.15,Maruti,Dzire AMT ZDI Plus,9,0
Pune,Diesel,Manual,First,21.64,4.5,Nissan,Sunny 2011-2014 Diesel XL,12,1
Chennai,Diesel,Manual,First,12.99,10.5,Toyota,Innova 2.5 G (Diesel) 8 Seater,12,1
Coimbatore,Petrol,Manual,First,19.4,5.37,Honda,Brio S MT,10,1
Bangalore,Petrol,Manual,First,15.04,5.45,Volkswagen,Vento Petrol Trendline,14,1
Mumbai,Diesel,Manual,First,16.0,9.25,Mahindra,XUV500 W4,10,2
Chennai,Diesel,Manual,First,23.0,7.7,Ford,EcoSport 1.5 Diesel Titanium Plus,10,1
Hyderabad,Diesel,Manual,First,17.72,7.99,Skoda,Yeti Ambition 4X2,14,1
Chennai,Petrol,Manual,First,20.36,3.0,Hyundai,i10 Sportz,14,0
Hyderabad,Diesel,Manual,First,12.8,4.0,Toyota,Innova 2.5 G (Diesel) 8 Seater BS IV,21,1
Coimbatore,Diesel,Manual,First,20.65,6.69,Tata,Zest Quadrajet 1.3 XT,8,1
Delhi,Diesel,Manual,First,22.9,4.25,Maruti,Swift VDI,12,0
Kolkata,Diesel,Automatic,First,21.72,10.5,Skoda,Rapid 1.5 TDI AT Style,9,1
Coimbatore,Diesel,Manual,First,13.68,22.55,Toyota,Innova Crysta 2.4 VX MT 8S,7,2
Pune,Petrol,Manual,Second,17.01,5.2,Hyundai,Verna 1.6 SX VTVT,12,1
Coimbatore,Petrol,Manual,First,17.4,11.87,Honda,City i VTEC VX Option,7,1
Hyderabad,Diesel,Manual,First,26.0,6.99,Honda,City i DTEC SV,12,1
Jaipur,Diesel,Manual,First,20.54,5.0,Volkswagen,Vento Diesel Highline,15,1
Chennai,Diesel,Automatic,First,12.19,44.0,Audi,Q5 2008-2012 3.0 TDI,12,4
Chennai,Petrol,Manual,First,22.74,2.79,Maruti,Alto 800 LXI,11,0
Pune,Diesel,Manual,Second,21.12,2.9,Tata,Manza ELAN Quadrajet BS IV,14,1
Delhi,Petrol,Manual,First,15.29,9.85,Hyundai,Creta 1.6 SX Plus Dual Tone Petrol,10,1
Bangalore,Diesel,Automatic,First,12.0,49.0,Mercedes-Benz,GL-Class 2007 2012 350 CDI Luxury,12,4
Jaipur,Diesel,Manual,First,16.55,9.25,Mahindra,Thar CRDe,10,1
Mumbai,Diesel,Manual,Second,22.32,3.75,Hyundai,Verna 1.6 CRDI,15,1
Coimbatore,Diesel,Manual,First,26.1,7.29,Ford,Aspire Titanium Diesel,9,1
Mumbai,Diesel,Automatic,First,20.7,23.5,Mini,Cooper 3 DOOR D,10,1
Hyderabad,Petrol,Manual,First,14.0,2.6,Maruti,Omni 8 Seater BSIV,13,0
Pune,Diesel,Manual,Second,21.03,3.1,Mahindra,Verito 1.5 D4 BSIV,11,0
Coimbatore,Diesel,Automatic,First,14.21,29.98,Mercedes-Benz,E-Class 2009-2013 E250 CDI Elegance,10,3
Kochi,Diesel,Manual,First,19.01,6.73,Renault,Duster 110PS Diesel RxZ,10,1
Kolkata,Diesel,Manual,First,23.4,3.5,Maruti,Swift Dzire Tour LDI,10,0
Kolkata,Petrol,Manual,First,16.47,2.35,Volkswagen,Polo Petrol Highline 1.2L,15,0
Coimbatore,Diesel,Manual,First,16.0,16.13,Mahindra,XUV500 W10 2WD,9,2
Coimbatore,Petrol,Manual,First,16.47,5.9,Volkswagen,Polo 1.2 MPI Highline,12,0
Hyderabad,Petrol,Manual,First,21.1,3.9,Maruti,Ritz VXI,14,1
Pune,Petrol,Manual,First,14.7,1.5,Chevrolet,Optra 1.6 Elite,21,1
Delhi,Diesel,Manual,First,12.8,6.95,Toyota,Innova 2.5 GX 7 STR BSIV,14,1
Delhi,Diesel,Manual,First,26.0,7.0,Honda,City i DTec SV,11,1
Coimbatore,Petrol,Manual,First,17.0,7.23,Volkswagen,Ameo 1.2 MPI Highline,9,0
Mumbai,Diesel,Manual,First,21.5,3.81,Maruti,SX4 ZDI Leather,14,1
Chennai,Petrol,Manual,Third,18.6,4.5,Maruti,Swift ZXI,14,1
Pune,Diesel,Manual,First,19.67,12.6,Hyundai,Creta 1.6 CRDi SX,9,1
Bangalore,Diesel,Automatic,First,12.07,48.0,Audi,Q7 35 TDI Quattro Technology,11,4
Coimbatore,Petrol,Manual,First,19.7,2.96,Maruti,Alto LXi BSIII,16,0
Kolkata,Diesel,Manual,First,25.8,3.25,Honda,Amaze SX i-DTEC,12,1
Chennai,Diesel,Automatic,Second,18.33,8.5,Volkswagen,Passat Diesel Highline 2.0 TDI,15,2
Mumbai,Diesel,Automatic,First,19.5,8.75,Hyundai,Elantra CRDi SX AT,13,1
Kochi,Petrol,Manual,First,18.9,3.08,Maruti,Wagon R VXI BS IV,15,0
Mumbai,Diesel,Automatic,First,12.81,41.5,Land,Rover Discovery Sport TD4 HSE 7S,9,2
Pune,Petrol,Manual,First,17.8,7.0,Honda,City i VTEC SV,10,1
Kochi,Petrol,Automatic,Second,14.74,11.5,Mercedes-Benz,New C-Class C 200 Avantgarde Edition C,15,3
Pune,Petrol,Manual,First,20.51,2.6,Maruti,Wagon R LX BS IV,15,0
Kolkata,Diesel,Manual,First,22.32,4.3,Hyundai,Verna 1.6 CRDI,12,1
Jaipur,Diesel,Automatic,First,17.06,24.9,Volkswagen,Tiguan 2.0 TDI Highline,9,2
Pune,Diesel,Automatic,First,15.06,13.75,BMW,X1 sDrive 20d Exclusive,15,3
Kolkata,Diesel,Manual,First,24.0,3.85,Hyundai,Grand i10 1.2 CRDi Sportz Option,12,0
Mumbai,Diesel,Automatic,First,13.0,23.25,Mercedes-Benz,E-Class E250 CDI Avantgrade,12,3
Chennai,Diesel,Manual,First,13.6,7.0,Mahindra,Bolero ZLX,14,1
Bangalore,Petrol,Manual,First,18.9,5.75,Hyundai,Grand i10 Asta Option,11,1
Mumbai,Petrol,Manual,Second,20.36,1.65,Hyundai,i10 Magna 1.2,18,0
Mumbai,Diesel,Manual,First,19.33,6.5,Volkswagen,Jetta 2012-2014 2.0L TDI Comfortline,14,2
Chennai,Diesel,Manual,First,17.67,7.5,Skoda,Yeti Elegance,15,2
Kochi,Diesel,Automatic,First,14.75,72.94,Audi,Q7 45 TDI Quattro Premium Plus,7,4
Chennai,Diesel,Manual,Second,11.5,11.0,Toyota,Fortuner 3.0 Diesel,16,2
Kochi,Petrol,Manual,First,18.9,3.02,Maruti,Wagon R VXI Minor ABS,13,0
Coimbatore,Petrol,Manual,First,21.1,3.32,Hyundai,EON Era,13,0
Delhi,Petrol,Manual,First,19.4,3.24,Honda,Brio S MT,13,1
Kolkata,Petrol,Manual,First,22.74,2.35,Maruti,Alto 800 VXI,11,0
Jaipur,Diesel,Manual,First,15.96,5.5,Mahindra,Bolero ZLX,13,0
Mumbai,Petrol,Manual,First,17.8,6.75,Honda,City i VTEC SV,11,1
Mumbai,Petrol,Manual,First,15.0,6.15,Skoda,Rapid 1.6 MPI Elegance Black Package,11,1
Pune,Petrol,Manual,First,22.0,5.45,Maruti,Swift VVT VXI,10,1
Hyderabad,Petrol,Manual,Second,21.1,2.3,Hyundai,EON Magna Plus,13,0
Kochi,Petrol,Manual,First,20.85,6.21,Maruti,Swift Dzire ZXI,11,1
Coimbatore,Petrol,Automatic,First,19.34,5.21,Nissan,Micra XV CVT,12,0
Delhi,Petrol,Automatic,First,8.3,11.99,Audi,Q7 4.2 FSI quattro,18,4
Pune,Diesel,Manual,First,17.8,3.1,Maruti,Swift Vdi BSIII,16,0
Jaipur,Diesel,Manual,First,13.49,7.5,Tata,Xenon XT EX 4X2,9,2
Kolkata,Diesel,Manual,First,20.14,4.0,Volkswagen,Polo 1.5 TDI Comfortline,10,1
Kochi,Petrol,Manual,First,17.8,7.73,Honda,City i VTEC SV,10,1
Bangalore,Petrol,Manual,First,17.4,7.8,Honda,City i VTEC V,11,1
Hyderabad,Petrol,Manual,First,16.1,1.3,Maruti,800 AC BSIII,15,0
Jaipur,Diesel,Manual,First,20.14,4.42,Volkswagen,Polo 1.5 TDI Trendline,12,1
Pune,Diesel,Automatic,First,12.5,4.0,Chevrolet,Captiva LTZ VCDi,17,2
Kolkata,Diesel,Manual,First,16.0,13.0,Mahindra,XUV500 W10 2WD,10,2
Kochi,Diesel,Manual,First,25.8,5.38,Honda,Amaze VX i-DTEC,11,1
Chennai,Petrol,Manual,Second,17.0,3.25,Hyundai,i20 1.2 Sportz Option,15,0
Jaipur,Petrol,Automatic,First,20.51,3.87,Maruti,Wagon R AMT VXI,10,0
Mumbai,Diesel,Automatic,Second,16.96,8.25,Volkswagen,Jetta 2013-2015 2.0L TDI Highline AT,12,2
Mumbai,Petrol,Manual,First,20.73,9.28,Maruti,Ciaz 1.4 Zeta,8,1
Delhi,Diesel,Automatic,First,11.79,6.25,Mahindra,Scorpio 2009-2014 VLX 4WD AT 7S BSIV,14,1
Mumbai,Petrol,Manual,Second,15.26,1.15,Chevrolet,Aveo U-VA 1.2 LS,18,0
Kochi,Petrol,Manual,First,20.73,7.8,Maruti,Ciaz ZXi Option,10,1
Hyderabad,Diesel,Manual,First,23.0,4.5,Hyundai,i20 1.4 CRDi Asta,14,1
Kochi,Petrol,Manual,First,18.7,7.56,Honda,Jazz 1.2 SV i VTEC,8,1
Coimbatore,Diesel,Manual,First,16.0,16.08,Mahindra,XUV500 W10 2WD,9,2
Bangalore,Petrol,Manual,First,17.0,4.5,Hyundai,i20 1.2 Sportz,14,0
Chennai,Diesel,Manual,First,22.32,5.0,Hyundai,Verna 1.6 SX,14,1
Delhi,Petrol,Manual,First,19.81,2.2,Hyundai,i10 Era 1.1,15,0
Bangalore,Petrol,Automatic,First,23.1,4.0,Maruti,Celerio VXI AT,12,0
Kolkata,Diesel,Manual,First,20.86,2.51,Skoda,Fabia 1.2 TDI Ambition,14,0
Delhi,Diesel,Manual,First,25.2,4.75,Maruti,Swift VDI BSIV,11,0
Pune,Petrol,Manual,Second,16.0,2.0,Hyundai,i10 Magna(O) with Sun Roof,18,0
Jaipur,Petrol,Manual,Second,20.36,2.1,Hyundai,i10 Magna 1.2,16,0
Mumbai,Petrol,Automatic,First,16.5,6.25,Ford,Ecosport 1.5 Ti VCT AT Titanium,13,1
Kochi,Diesel,Automatic,Second,11.5,10.6,Mercedes-Benz,E-Class 2009-2013 E350 CDI Avantgarde,15,3
Ahmedabad,Diesel,Manual,First,25.2,6.0,Maruti,Swift VDI BSIV,9,0
Jaipur,Petrol,Manual,Second,16.1,0.45,Maruti,800 Std BSIII,22,0
Pune,Petrol,Manual,Third,16.1,2.5,Maruti,Swift Lxi BSIII,16,1
Mumbai,Petrol,Manual,First,15.29,12.75,Hyundai,Creta 1.6 SX Plus Dual Tone Petrol,8,1
Kochi,Diesel,Automatic,First,17.05,30.29,BMW,X1 M Sport sDrive 20d,9,3
Hyderabad,Petrol,Manual,First,13.8,1.6,Ford,Ikon 1.3 Flair,20,0
Kochi,Diesel,Manual,First,22.7,7.54,Ford,Ecosport 1.5 DV5 MT Titanium Optional,9,1
Kochi,Petrol,Manual,First,20.73,6.84,Maruti,Ciaz VXi Plus,11,1
Kolkata,Diesel,Automatic,First,18.33,6.0,Volkswagen,Passat Diesel Highline 2.0 TDI,14,2
Pune,Diesel,Manual,First,27.3,8.0,Honda,Jazz 1.5 VX i DTEC,9,1
Coimbatore,Diesel,Automatic,First,17.11,24.74,Audi,A4 35 TDI Premium,10,3
Kochi,Diesel,Manual,First,24.0,5.5,Hyundai,Grand i10 CRDi Sportz Celebration Edition,9,0
Delhi,Diesel,Automatic,First,12.0,36.0,Mercedes-Benz,GL-Class 2007 2012 350 CDI Luxury,13,4
Coimbatore,Diesel,Manual,First,12.99,11.79,Toyota,Innova 2.5 G (Diesel) 7 Seater,13,1
Jaipur,Petrol,Manual,Second,16.95,3.0,Nissan,Sunny 2011-2014 XL,15,1
Bangalore,Diesel,Automatic,Second,20.0,6.75,Skoda,Laura Ambiente 2.0 TDI CR AT,15,2
Jaipur,Petrol,Manual,First,14.49,1.4,Chevrolet,Aveo 1.4 LS,20,1
Mumbai,Diesel,Manual,First,24.2,5.75,Honda,Mobilio V i DTEC,12,1
Hyderabad,Diesel,Manual,First,21.1,3.4,Maruti,Ritz VDi,16,0
Coimbatore,Petrol,Manual,Second,16.47,4.89,Volkswagen,Polo Petrol Highline 1.2L,15,0
Mumbai,Petrol,Manual,First,13.24,4.95,Nissan,Terrano XL,13,1
Coimbatore,Petrol,Automatic,Second,16.98,3.49,Maruti,A-Star AT Vxi Aktiv,13,0
Pune,Diesel,Manual,First,23.59,3.85,Toyota,Etios Liva GD,15,1
Pune,Petrol,Manual,First,17.0,6.35,Honda,City 1.5 S MT,12,1
Coimbatore,Petrol,Automatic,First,18.9,7.08,Hyundai,Grand i10 AT Asta,9,1
Hyderabad,Diesel,Automatic,First,13.6,38.0,Jaguar,XE 2.0L Diesel Prestige,9,3
Kolkata,Diesel,Manual,First,12.05,6.25,Mahindra,Scorpio VLX,14,1
Mumbai,Petrol,Automatic,First,11.74,10.15,Mercedes-Benz,New C-Class C 200 Kompressor Elegance AT,15,3
Delhi,Petrol,Automatic,First,13.7,10.75,Skoda,Superb Elegance 1.8 TSI AT,12,2
Pune,Diesel,Automatic,First,18.1,4.65,Chevrolet,Cruze LTZ AT,14,2
Delhi,Diesel,Manual,First,12.05,4.75,Mahindra,Scorpio VLX,16,1
Coimbatore,Petrol,Manual,First,17.1,7.78,Hyundai,Verna 1.6 SX VTVT (O),11,1
Hyderabad,Diesel,Manual,First,23.0,6.75,Hyundai,i20 1.4 Asta CRDi with AVN,10,1
Hyderabad,Petrol,Automatic,First,16.4,2.99,Honda,City ZX CVT,18,0
Kolkata,Petrol,Manual,First,20.36,2.35,Hyundai,i10 Magna,13,0
Delhi,Diesel,Manual,First,25.8,3.65,Honda,Amaze S i-Dtech,13,1
Delhi,Petrol,Manual,Second,22.5,2.74,Maruti,Wagon R LXI,14,0
Jaipur,Petrol,Manual,First,19.4,3.5,Honda,Brio S MT,13,1
Kochi,Petrol,Manual,First,17.0,4.76,Hyundai,i20 1.2 Sportz Option,12,0
Kochi,Petrol,Manual,First,15.04,6.2,Volkswagen,Vento 2013-2015 1.6 Comfortline,10,1
Pune,Diesel,Manual,Second,18.7,2.35,Skoda,Octavia Rider 1.9 TDI MT,18,0
Mumbai,Diesel,Automatic,First,13.0,24.5,Mercedes-Benz,E-Class 2015-2017 E250 CDI Avantgarde,12,3
Pune,Petrol,Manual,First,13.24,6.0,Renault,Duster Petrol RxL,13,1
Hyderabad,Petrol,Manual,First,21.1,3.65,Hyundai,EON Sportz,9,0
Coimbatore,Petrol,Manual,Second,18.6,6.26,Maruti,Swift VXI,10,1
Jaipur,Diesel,Manual,Second,19.5,2.1,Nissan,Micra Diesel,15,1
Mumbai,Diesel,Automatic,First,13.22,32.95,Audi,Q5 3.0 TDI Quattro Technology,11,4
Coimbatore,Petrol,Manual,First,18.6,7.8,Hyundai,i20 1.2 Spotz,8,1
Bangalore,Petrol,Manual,First,19.4,4.25,Honda,Brio S MT,12,1
Kochi,Petrol,Manual,First,17.5,4.86,Maruti,Swift Dzire ZXi,12,1
Delhi,Petrol,Manual,First,18.9,4.9,Hyundai,Grand i10 1.2 Kappa Magna,9,1
Coimbatore,Diesel,Manual,First,11.68,7.06,Mahindra,Xylo E8 ABS BS IV,12,1
Delhi,Petrol,Automatic,First,17.21,4.5,Volkswagen,Polo GTI,11,3
Coimbatore,Petrol,Manual,First,24.07,3.22,Maruti,Alto K10 VXI,15,0
Kolkata,Diesel,Manual,First,22.07,3.25,Volkswagen,Polo Diesel Comfortline 1.2L,12,0
Delhi,Petrol,Manual,First,18.9,4.53,Hyundai,Grand i10 Sportz,10,1
Coimbatore,Diesel,Automatic,First,14.84,34.78,Mercedes-Benz,New C-Class C 220 CDI Elegance AT,9,2
Pune,Petrol,Automatic,First,15.74,6.5,Hyundai,Verna 1.6 SX VTVT AT,12,1
Chennai,Petrol,Manual,First,15.7,2.25,Fiat,Punto EVO 1.2 Emotion,16,0
Pune,Diesel,Manual,Second,12.99,8.0,Toyota,Innova 2.5 VX (Diesel) 8 Seater BS IV,15,1
Kochi,Diesel,Automatic,First,18.49,8.37,Mahindra,TUV 300 2015-2019 mHAWK100 T8 AMT,9,1
Coimbatore,Diesel,Manual,First,20.14,5.39,Volkswagen,Polo 1.5 TDI Comfortline,11,1
Kochi,Diesel,Automatic,First,22.48,37.3,BMW,5 Series 520d Luxury Line,8,3
Coimbatore,Diesel,Automatic,First,11.57,70.8,Mercedes-Benz,GLE 350d,8,4
Mumbai,Diesel,Automatic,First,11.74,22.25,Mercedes-Benz,M-Class ML 350 CDI,14,4
Kochi,Petrol,Manual,First,18.9,6.03,Hyundai,Grand i10 1.2 Kappa Sportz,8,1
Mumbai,Petrol,Automatic,First,13.7,4.9,Skoda,Superb Elegance 1.8 TSI AT,15,2
Chennai,Petrol,Automatic,First,16.95,3.96,Hyundai,i10 Sportz AT,13,0
Hyderabad,Diesel,Manual,First,23.0,4.6,Hyundai,i20 1.4 CRDi Asta,15,1
Mumbai,Diesel,Manual,Second,12.05,5.5,Mahindra,Scorpio VLX,15,1
Mumbai,Petrol,Manual,First,19.4,3.25,Honda,Brio V MT,13,1
Jaipur,Petrol,Manual,First,18.6,6.25,Hyundai,i20 1.2 Magna Executive,9,1
Pune,Diesel,Manual,Fourth & Above,10.9,3.0,Ford,Endeavour 4x2 XLT Limited Edition,19,2
Chennai,Diesel,Manual,First,16.8,4.25,Hyundai,Verna CRDi SX,15,1
Pune,Diesel,Manual,First,11.5,12.25,Toyota,Fortuner 3.0 Diesel,15,2
Pune,Diesel,Automatic,Second,17.05,10.95,BMW,X1 sDrive20d,15,3
Delhi,Diesel,Automatic,First,12.55,16.5,Toyota,Fortuner 4x2 AT,13,2
Pune,Petrol,Automatic,First,19.0,7.8,Honda,Amaze V CVT Petrol,8,1
Kochi,Petrol,Manual,First,19.81,3.7,Hyundai,i10 Era 1.1,13,0
Hyderabad,Petrol,Manual,First,17.0,4.0,Hyundai,i20 1.2 Sportz,14,0
Mumbai,Diesel,Automatic,First,19.59,26.75,BMW,3 Series 320d GT Luxury Line,11,3
Coimbatore,Diesel,Automatic,First,15.17,28.03,Audi,Q3 35 TDI Quattro Premium Plus,10,3
Kochi,Petrol,Manual,First,20.4,5.44,Maruti,Swift VXI Optional,9,1
Delhi,Petrol,Automatic,First,21.4,6.2,Maruti,Baleno Delta Automatic,9,1
Kolkata,Petrol,Manual,First,13.2,0.9,Hyundai,Accent GLE,21,1
Mumbai,Petrol,Manual,First,18.5,3.95,Maruti,Ritz LXi,10,1
Pune,Petrol,Manual,Second,26.0,0.44,Tata,Nano Lx,15,0
Ahmedabad,Diesel,Manual,First,20.0,2.75,Ford,Figo Diesel EXI,14,0
Hyderabad,Diesel,Automatic,First,18.33,7.5,Volkswagen,Passat Diesel Highline 2.0 TDI,15,2
Chennai,Diesel,Manual,Second,19.0,2.5,Fiat,Linea Emotion Pack (Diesel),16,1
Hyderabad,Diesel,Manual,First,14.95,5.0,Mahindra,Xylo D4,11,1
Hyderabad,Petrol,Manual,First,18.9,3.6,Maruti,Wagon R VXI,13,0
Kochi,Petrol,Manual,First,17.6,3.99,Toyota,Etios G Safety,14,1
Coimbatore,Petrol,Manual,First,18.9,5.64,Hyundai,Grand i10 Sportz,11,1
Pune,Diesel,Manual,First,12.99,12.0,Toyota,Innova 2.5 VX (Diesel) 8 Seater BS IV,12,1
Kolkata,Diesel,Manual,First,16.8,0.7,Tata,Indica V2 DLS TC,18,0
Mumbai,Diesel,Automatic,First,18.88,19.0,BMW,3 Series 320d Sport Line,11,3
Delhi,Diesel,Automatic,First,10.91,30.48,Ford,Endeavour 3.2 Titanium AT 4X4,9,3
Mumbai,Petrol,Manual,First,21.56,8.2,Maruti,Ciaz Zeta,9,1
Kolkata,Diesel,Manual,First,25.83,7.55,Ford,Figo 1.5D Titanium Plus MT,11,1
Pune,Petrol,Manual,Third,15.26,0.99,Chevrolet,Aveo U-VA 1.2 LS,19,0
Delhi,Petrol,Automatic,First,16.8,4.15,Honda,City 1.5 V AT,15,1
Chennai,Petrol,Manual,First,16.95,6.2,Nissan,Sunny XL,10,1
Kolkata,Petrol,Manual,First,19.1,4.4,Maruti,Swift Dzire VXI,10,1
Kolkata,Diesel,Manual,First,20.0,2.1,Ford,Figo Diesel Titanium,14,0
Jaipur,Diesel,Manual,First,20.3,2.2,Fiat,Grande Punto 1.3 Emotion (Diesel),15,0
Coimbatore,Petrol,Manual,First,18.6,8.34,Hyundai,Elite i20 Petrol Asta,8,1
Kolkata,Diesel,Manual,First,23.4,4.35,Maruti,Swift Dzire VDI,12,0
Hyderabad,Diesel,Manual,First,22.7,6.8,Ford,Ecosport 1.5 DV5 MT Titanium,12,1
Jaipur,Diesel,Manual,First,19.3,3.3,Maruti,Swift Dzire VDi,16,0
Kochi,Petrol,Manual,First,18.9,5.04,Hyundai,Grand i10 Sportz,10,1
Hyderabad,Diesel,Automatic,First,11.4,9.2,Ford,Endeavour 3.0L 4X4 AT,14,2
Hyderabad,Diesel,Manual,First,22.07,5.7,Volkswagen,Polo Diesel Highline 1.2L,12,0
Kochi,Diesel,Manual,First,18.49,8.48,Mahindra,TUV 300 2015-2019 mHAWK100 T8,8,1
Hyderabad,Diesel,Automatic,First,11.2,48.0,BMW,X6 xDrive 40d,13,5
Hyderabad,Diesel,Manual,First,19.01,6.1,Renault,Duster 110PS Diesel RxZ,14,1
Ahmedabad,Petrol,Manual,First,22.5,2.75,Maruti,Wagon R LXI,16,0
Pune,Diesel,Manual,First,24.52,8.0,Maruti,Ertiga SHVS VDI,9,1
Jaipur,Petrol,Manual,First,19.7,1.85,Maruti,Alto LXi BSIII,16,0
Jaipur,Petrol,Automatic,First,20.51,3.85,Maruti,Wagon R AMT VXI Option,11,0
Coimbatore,Petrol,Manual,First,15.1,4.74,Maruti,Eeco 7 Seater Standard,9,0
Kochi,Diesel,Manual,First,19.6,5.63,Renault,Duster 110PS Diesel RxL,13,1
Kochi,Petrol,Manual,First,18.2,2.62,Maruti,Zen Estilo 1.1 LX BSIII,15,0
Kochi,Petrol,Manual,First,13.06,4.9,Renault,Duster Petrol RxL,11,1
Chennai,Petrol,Manual,First,13.5,2.65,Honda,Civic 2006-2010 1.8 S MT,20,2
Delhi,Diesel,Manual,First,16.0,5.99,Mahindra,XUV500 W8 2WD,14,2
Chennai,Diesel,Manual,Second,21.0,2.4,Mahindra,Verito 1.5 D6 BSIV,15,0
Delhi,Petrol,Manual,First,21.7,4.25,Renault,KWID Climber 1.0 MT,9,0
Mumbai,Diesel,Automatic,First,15.15,40.0,Porsche,Cayenne Diesel,13,4
Pune,Diesel,Manual,Second,28.4,2.7,Maruti,Swift DDiS VDI,18,0
Chennai,Petrol,Manual,First,18.5,3.4,Hyundai,i20 1.2 Magna,15,0
Coimbatore,Diesel,Automatic,Second,18.12,30.8,BMW,5 Series 2013-2017 520d Luxury Line,10,3
Mumbai,Diesel,Manual,First,20.77,5.85,Maruti,Ertiga ZDI,14,1
Jaipur,Petrol,Manual,First,18.9,4.0,Hyundai,Grand i10 Magna,12,1
Coimbatore,Petrol,Automatic,First,9.43,14.12,BMW,3 Series 330i,15,4
Mumbai,Diesel,Manual,First,17.9,4.55,Chevrolet,Cruze LTZ,15,2
Jaipur,Diesel,Manual,First,21.1,2.9,Maruti,Ritz LDi,15,0
Pune,Petrol,Automatic,Second,11.74,6.0,Mercedes-Benz,New C-Class C 200 Kompressor Elegance AT,19,3
Kochi,Petrol,Manual,First,18.6,6.95,Hyundai,i20 1.2 Magna Executive,10,1
Kolkata,Petrol,Manual,First,20.3,2.75,Hyundai,EON 1.0 Kappa Magna Plus Optional,12,0
Pune,Diesel,Manual,First,22.9,5.1,Maruti,Swift VDI,12,0
Chennai,Petrol,Manual,First,18.6,6.75,Hyundai,i20 Sportz 1.2,9,1
Mumbai,Petrol,Manual,First,18.5,3.69,Maruti,Ritz ZXi,12,1
Hyderabad,Diesel,Manual,First,22.9,5.45,Maruti,Swift VDI,13,0
Kochi,Petrol,Manual,First,17.5,9.29,Honda,WRV i-VTEC VX,8,1
Chennai,Petrol,Automatic,Second,16.9,4.0,Hyundai,Xcent 1.2 Kappa AT S Option,11,1
Kolkata,Petrol,Manual,First,18.0,2.9,Honda,Amaze E i-Vtech,13,1
Pune,Petrol,Manual,First,17.1,5.25,Hyundai,Verna 1.6 SX VTVT (O),13,1
Mumbai,Petrol,Manual,First,16.8,5.75,Honda,City V MT,12,1
Coimbatore,Petrol,Manual,First,15.29,13.12,Hyundai,Creta 1.6 SX Plus Dual Tone Petrol,9,1
Kochi,Diesel,Manual,First,15.1,7.83,Mahindra,XUV500 W8 2WD,12,2
Mumbai,Diesel,Manual,First,12.8,10.4,Toyota,Innova 2.5 V Diesel 7-seater,13,1
Pune,Diesel,Manual,First,22.9,4.35,Maruti,Swift VDI,14,0
Coimbatore,Petrol,Automatic,First,22.5,5.23,Maruti,Wagon R VXI AMT,9,0
Coimbatore,Petrol,Manual,First,18.9,6.01,Hyundai,Grand i10 1.2 Kappa Asta,10,1
Hyderabad,Diesel,Manual,First,25.8,4.4,Honda,Amaze VX i-DTEC,12,1
Chennai,Diesel,Automatic,First,16.07,12.75,BMW,3 Series 320d Highline,16,3
Delhi,Petrol,Manual,First,15.6,2.4,Ford,Figo Petrol Titanium,15,0
Kochi,Petrol,Manual,First,17.0,5.71,Volkswagen,Ameo 1.2 MPI Trendline,8,0
Kochi,Diesel,Manual,Second,22.7,5.49,Ford,Ecosport 1.5 DV5 MT Trend,11,1
Pune,Petrol,Manual,Second,13.0,1.3,Honda,City 1.3 EXI,22,1
Kolkata,Diesel,Manual,First,16.0,8.5,Mahindra,XUV500 W6 2WD,12,2
Delhi,Diesel,Manual,First,13.0,12.99,Toyota,Fortuner 4x2 Manual,14,2
Kolkata,Petrol,Manual,First,18.9,5.0,Hyundai,Grand i10 1.2 Kappa Magna,9,1
Pune,Diesel,Automatic,First,28.4,9.0,Maruti,Dzire AMT ZDI Plus,9,0
Kochi,Diesel,Manual,First,22.9,5.22,Maruti,Swift VDI,10,0
Pune,Petrol,Manual,First,16.47,3.8,Volkswagen,Polo Petrol Highline 1.2L,14,0
Coimbatore,Petrol,Manual,First,18.16,7.27,Toyota,Etios Liva 1.2 VX Dual Tone,7,0
Mumbai,Petrol,Manual,First,22.0,5.1,Maruti,Swift VXI,10,1
Bangalore,Diesel,Automatic,First,14.21,29.0,Mercedes-Benz,E-Class 2009-2013 E250 CDI Elegance,13,3
Pune,Petrol,Manual,First,18.9,2.9,Maruti,Wagon R VXI,13,0
Kochi,Petrol,Manual,First,26.0,1.38,Tata,Nano Lx BSIV,14,0
Bangalore,Petrol,Manual,First,13.4,5.5,Skoda,Laura 1.8 TSI Ambiente,15,2
Mumbai,Petrol,Automatic,First,17.21,7.25,Volkswagen,Polo GT TSI,10,1
Coimbatore,Diesel,Manual,First,22.32,6.98,Hyundai,Verna 1.6 SX,12,1
Hyderabad,Diesel,Manual,First,22.95,5.25,Tata,Bolt Quadrajet XE,9,0
Kolkata,Petrol,Manual,First,21.1,1.95,Hyundai,EON D Lite Plus,13,0
Bangalore,Diesel,Automatic,First,17.11,24.5,Audi,A4 2.0 TDI 177 Bhp Premium Plus,12,3
Kochi,Diesel,Manual,First,12.99,8.31,Toyota,Innova 2.5 GX (Diesel) 7 Seater,13,1
Hyderabad,Diesel,Automatic,First,11.74,36.0,Mercedes-Benz,M-Class ML 350 CDI,14,4
Pune,Diesel,Manual,First,24.4,5.5,Hyundai,Xcent 1.1 CRDi S,11,0
Kochi,Petrol,Automatic,First,11.7,5.89,Honda,Accord 2.4 AT,15,3
Kochi,Diesel,Manual,First,20.34,7.95,Volkswagen,Vento 1.5 TDI Highline,10,1
Mumbai,Petrol,Manual,First,17.0,2.75,Hyundai,i20 Sportz Petrol,16,0
Jaipur,Diesel,Manual,First,22.7,6.25,Hyundai,Elantra CRDi SX,14,1
Hyderabad,Diesel,Manual,First,20.0,4.95,Ford,Figo Diesel Titanium,11,0
Kochi,Petrol,Manual,First,18.6,6.27,Hyundai,i20 1.2 Magna Executive,7,1
Kolkata,Diesel,Manual,First,23.9,8.65,Hyundai,Verna 1.6 CRDi SX,9,1
Kolkata,Petrol,Manual,First,18.9,3.5,Hyundai,Grand i10 Asta,12,1
Hyderabad,Diesel,Automatic,First,14.16,35.0,Audi,Q5 2.0 TDI,11,3
Kolkata,Petrol,Manual,First,17.5,4.45,Maruti,Swift Dzire ZXi,11,1
Kolkata,Petrol,Manual,First,18.5,2.65,Hyundai,i20 Magna,14,0
Kolkata,Diesel,Manual,First,25.32,4.7,Mahindra,KUV 100 mFALCON D75 K4 Plus 5str,9,0
Ahmedabad,Diesel,Automatic,First,18.23,8.9,Hyundai,Elantra 1.6 SX Option AT,12,1
Mumbai,Diesel,Manual,First,17.1,17.45,Jeep,Compass 2.0 Limited Option Black,9,2
Coimbatore,Diesel,Manual,First,24.3,9.58,Maruti,Vitara Brezza VDi Option,9,1
Kochi,Petrol,Manual,First,14.28,6.22,Toyota,Corolla Altis 1.8 GL,14,2
Kolkata,Diesel,Manual,First,15.1,7.8,Mahindra,XUV500 W8 2WD,13,2
Mumbai,Diesel,Automatic,First,20.68,27.75,BMW,X1 xDrive 20d xLine,10,3
Pune,Diesel,Manual,Second,22.54,7.0,Hyundai,i20 Magna 1.4 CRDi,11,1
Coimbatore,Diesel,Automatic,First,11.57,64.87,Mercedes-Benz,GLE 350d,9,4
Bangalore,Diesel,Manual,Second,17.3,6.5,Chevrolet,Cruze LTZ,13,2
Jaipur,Petrol,Manual,Second,18.5,2.7,Hyundai,i20 1.2 Magna,15,0
Mumbai,Petrol,Manual,Second,19.4,2.5,Honda,Brio S MT,14,1
Hyderabad,Diesel,Manual,First,19.3,3.9,Nissan,Evalia 2013 XL,13,1
Delhi,Petrol,Manual,First,16.47,3.95,Volkswagen,Polo Petrol Trendline 1.2L,11,0
Chennai,Petrol,Manual,Second,20.36,2.1,Hyundai,i10 Sportz 1.2,16,0
Pune,Diesel,Automatic,Third,18.1,3.5,Chevrolet,Cruze LTZ AT,17,2
Hyderabad,Petrol,Manual,Second,19.81,2.0,Hyundai,i10 Era,19,0
Delhi,Diesel,Manual,First,20.77,5.35,Maruti,Ertiga VDI,12,1
Delhi,Diesel,Manual,First,25.8,3.8,Honda,Amaze S i-Dtech,13,1
Mumbai,Petrol,Automatic,First,15.5,17.25,Mercedes-Benz,A Class A180 Sport,10,1
Kochi,Petrol,Manual,First,18.9,5.53,Hyundai,Grand i10 1.2 Kappa Magna,8,1
Pune,Petrol,Manual,Third,20.36,1.95,Hyundai,i10 Sportz 1.2,17,0
Hyderabad,Diesel,Manual,First,28.4,8.2,Maruti,Swift DDiS ZDI Plus,9,0
Pune,Petrol,Manual,First,13.0,0.9,Honda,City 1.3 EXI,27,1
Pune,Diesel,Manual,Third,12.99,6.5,Toyota,Innova 2.5 GX (Diesel) 7 Seater,13,1
Coimbatore,Diesel,Automatic,First,23.8,19.41,Mini,Cooper Countryman D High,12,1
Coimbatore,Petrol,Manual,First,15.7,6.58,Fiat,Linea T-Jet Active,10,1
Mumbai,Petrol,Manual,Second,14.49,2.1,Chevrolet,Aveo 1.4 LT,15,1
Chennai,Petrol,Manual,Second,19.81,2.0,Hyundai,i10 Era 1.1,18,0
Delhi,Diesel,Manual,First,24.4,3.7,Hyundai,Xcent 1.1 CRDi Base,11,0
Mumbai,Petrol,Automatic,First,23.1,3.8,Maruti,Celerio VXI AT,12,0
Jaipur,Petrol,Manual,First,20.36,3.25,Hyundai,i10 Sportz,12,0
Coimbatore,Diesel,Manual,First,19.87,5.53,Renault,Duster 85PS Diesel RxL,11,1
Ahmedabad,Diesel,Automatic,Second,22.69,10.9,BMW,3 Series 320d,15,3
Kolkata,Petrol,Manual,First,18.9,5.1,Hyundai,Grand i10 Sportz,8,1
Pune,Petrol,Manual,Second,18.0,1.6,Chevrolet,Spark 1.0 LS,17,0
Ahmedabad,Petrol,Manual,First,17.4,11.25,Honda,City i VTEC VX Option,8,1
Chennai,Diesel,Manual,First,20.54,5.9,Volkswagen,Vento Diesel Highline,13,1
Delhi,Diesel,Automatic,First,11.5,14.4,Toyota,Fortuner 4x2 4 Speed AT,14,2
Delhi,Petrol,Manual,First,17.0,3.6,Honda,City 1.5 S MT,15,1
Jaipur,Diesel,Automatic,First,18.12,40.5,BMW,5 Series 2013-2017 520d Luxury Line,9,3
Bangalore,Diesel,Automatic,Second,14.16,38.95,Audi,Q5 30 TDI quattro Premium Plus,12,3
Delhi,Diesel,Manual,First,23.2,3.6,Maruti,Ritz LDi,12,0
Kochi,Diesel,Automatic,First,21.21,7.12,Volkswagen,Vento 1.5 TDI Highline AT,10,1
Kochi,Diesel,Manual,First,26.0,7.52,Honda,City i DTEC SV,10,1
Delhi,Diesel,Automatic,Second,15.2,10.35,Audi,A4 New 2.0 TDI Multitronic,14,2
Hyderabad,Petrol,Manual,First,15.0,7.0,Skoda,Rapid 1.6 MPI Elegance,12,1
Delhi,Diesel,Manual,First,11.5,10.85,Toyota,Fortuner 3.0 Diesel,15,2
Mumbai,Diesel,Manual,First,16.52,2.35,Chevrolet,Optra Magnum 2.0 LT BS3,16,1
Mumbai,Petrol,Manual,First,15.1,2.9,Maruti,Eeco 7 Seater Standard,12,0
Delhi,Petrol,Manual,First,20.73,7.65,Maruti,Ciaz ZXi,9,1
Delhi,Diesel,Manual,First,28.09,6.4,Maruti,Ciaz VDi Plus SHVS,10,1
Pune,Diesel,Manual,First,12.99,10.1,Toyota,Innova 2.5 LE 2014 Diesel 7 Seater,12,1
Kolkata,Petrol,Manual,First,19.1,4.25,Maruti,Swift Dzire VXI,12,1
Kochi,Diesel,Automatic,First,11.36,19.65,Toyota,Innova Crysta 2.8 GX AT,7,2
Pune,Diesel,Manual,First,25.0,4.4,Tata,Indica V2 eLX,9,0
Jaipur,Petrol,Manual,First,18.5,3.25,Hyundai,i20 Magna,14,1
Pune,Diesel,Manual,First,17.8,2.8,Ford,Fiesta 1.4 Duratorq ZXI,14,0
Kolkata,Diesel,Manual,First,18.2,4.3,Chevrolet,Enjoy 1.3 TCDi LS 8,11,0
Chennai,Diesel,Manual,Third,17.8,1.55,Ford,Fiesta 1.4 Duratorq EXI,20,0
Chennai,Petrol,Manual,Second,10.8,4.7,Honda,CR-V 2.4 MT,19,2
Kochi,Petrol,Manual,First,18.7,7.07,Honda,Jazz 1.2 VX i VTEC,9,1
Delhi,Diesel,Automatic,First,11.0,79.0,Mercedes-Benz,GLS 350d Grand Edition,8,4
Delhi,Petrol,Manual,First,18.9,5.75,Hyundai,Grand i10 1.2 Kappa Sportz,8,1
Mumbai,Petrol,Manual,First,18.5,3.25,Maruti,Ritz VXi,14,1
Coimbatore,Diesel,Automatic,First,22.0,8.89,Volkswagen,Ameo 1.5 TDI Highline AT,9,1
Mumbai,Petrol,Manual,First,17.4,5.9,Honda,City i VTEC SV,11,1
Kolkata,Petrol,Manual,First,18.7,4.95,Honda,Jazz 1.2 S i VTEC,10,1
Delhi,Diesel,Manual,First,17.8,3.75,Maruti,Swift Ldi BSIV,12,0
Kochi,Diesel,Automatic,First,17.01,10.97,Hyundai,Creta 1.6 CRDi AT SX Plus,9,1
Kochi,Diesel,Automatic,Second,14.4,24.94,Audi,A7 2011-2015 3.0 TDI Quattro,12,4
Kolkata,Petrol,Manual,First,21.1,1.97,Hyundai,EON D Lite Plus,12,0
Jaipur,Diesel,Manual,Second,20.0,1.4,Ford,Figo Diesel EXI,16,0
Coimbatore,Petrol,Manual,First,17.0,7.27,Volkswagen,Ameo 1.2 MPI Highline,8,0
Kolkata,Diesel,Manual,First,21.64,4.0,Renault,Scala Diesel RxL,13,1
Kolkata,Petrol,Manual,First,18.7,4.75,Honda,Jazz 1.2 V i VTEC,11,1
Delhi,Petrol,Manual,First,17.0,5.1,Hyundai,i20 1.2 Sportz,11,0
Coimbatore,Diesel,Automatic,First,14.94,16.11,Audi,A4 3.0 TDI Quattro Premium,14,4
Delhi,Diesel,Automatic,First,11.18,10.55,Mahindra,Ssangyong Rexton RX7,12,3
Ahmedabad,Diesel,Automatic,First,12.9,30.0,Toyota,Fortuner 2.8 2WD AT,9,3
Kolkata,Diesel,Manual,First,18.7,1.6,Skoda,Octavia Classic 1.9 TDI MT,24,0
Hyderabad,Diesel,Automatic,First,15.8,18.49,Mercedes-Benz,New C-Class 250 CDI Classic,14,2
Kochi,Petrol,Manual,First,20.73,9.96,Maruti,Ciaz 1.4 Zeta,8,1
Hyderabad,Diesel,Manual,Second,22.9,4.75,Maruti,Swift ZDi,13,0
Bangalore,Diesel,Manual,Third,13.1,3.65,Toyota,Qualis FS B3,24,0
Delhi,Diesel,Automatic,Second,16.73,15.5,BMW,5 Series 2007-2010 525d Sedan,14,3
Kochi,Diesel,Manual,First,10.5,11.82,Mitsubishi,Pajero 2.8 SFX BSIII Dual Tone,13,1
Delhi,Petrol,Manual,First,13.4,2.05,Toyota,Corolla H2,18,1
Mumbai,Petrol,Manual,First,16.8,2.25,Maruti,Omni E MPI STD BS IV,13,0
Kochi,Diesel,Automatic,First,17.68,20.12,Audi,A6 2011-2015 2.0 TDI,12,3
Coimbatore,Diesel,Manual,First,27.3,7.48,Honda,Jazz 1.5 S i DTEC,10,1
Mumbai,Petrol,Automatic,Second,10.5,5.5,Mercedes-Benz,E-Class 200 Kompressor Elegance,22,2
Kochi,Diesel,Automatic,First,16.55,13.19,Audi,A4 2.0 TDI,13,2
Mumbai,Petrol,Manual,First,19.1,3.85,Maruti,Swift Dzire VXI,14,1
Delhi,Diesel,Manual,First,28.4,5.75,Maruti,Dzire VDI,10,0
Pune,Diesel,Manual,First,15.1,9.0,Mahindra,XUV500 W8 4WD,12,2
Kochi,Petrol,Manual,First,18.6,2.21,Chevrolet,Beat LT,14,0
Kochi,Diesel,Manual,First,23.0,8.09,Ford,EcoSport 1.5 Diesel Titanium Plus,9,1
Coimbatore,Diesel,Automatic,First,14.69,48.63,BMW,5 Series 2013-2017 530d M Sport,9,4
Coimbatore,Diesel,Automatic,Second,14.16,39.47,Audi,Q5 30 TDI quattro Premium Plus,11,3
Coimbatore,Diesel,Automatic,Second,20.68,22.24,BMW,X1 sDrive 20d xLine,11,3
Mumbai,Petrol,Automatic,First,19.2,2.6,Hyundai,i10 Magna AT,17,0
Ahmedabad,Diesel,Automatic,First,17.01,12.0,Hyundai,Creta 1.6 CRDi AT SX Plus,10,1
Chennai,Diesel,Automatic,First,17.11,18.0,Audi,A4 2.0 TDI 177 Bhp Premium Plus,12,3
Mumbai,Petrol,Automatic,Third,10.13,9.99,Mercedes-Benz,S Class 2005 2013 S 350 L,19,7
Kolkata,Petrol,Manual,First,20.36,2.45,Hyundai,i10 Magna,14,0
Mumbai,Diesel,Manual,First,23.0,8.99,Ford,EcoSport 1.5 Diesel Titanium,9,1
Kolkata,Diesel,Manual,First,20.54,3.15,Volkswagen,Vento Diesel Highline,15,1
Jaipur,Diesel,Manual,First,28.4,8.2,Maruti,Dzire ZDI Plus,9,0
Ahmedabad,Diesel,Manual,First,15.4,11.5,Mahindra,Scorpio 1.99 S10,10,1
Coimbatore,Diesel,Manual,First,22.54,7.3,Hyundai,i20 Asta 1.4 CRDi,10,1
Chennai,Petrol,Manual,First,19.7,1.59,Maruti,Alto LXi,18,0
Delhi,Petrol,Manual,Second,20.36,3.15,Hyundai,i10 Magna,11,0
Kolkata,Diesel,Manual,Second,15.4,8.5,Mahindra,Scorpio S6 7 Seater,11,1
Hyderabad,Diesel,Manual,First,19.5,3.0,Skoda,Fabia 1.2L Diesel Classic,16,0
Mumbai,Diesel,Automatic,First,15.3,21.0,BMW,X5 xDrive 30d,14,4
Hyderabad,Diesel,Manual,First,27.3,7.75,Honda,Jazz 1.5 S i DTEC,10,1
Mumbai,Diesel,Automatic,First,10.0,23.0,Mercedes-Benz,E-Class 2009-2013 E 220 CDI Avantgarde,13,2
Mumbai,Diesel,Automatic,First,16.0,13.75,Mahindra,XUV500 AT W10 FWD,10,2
Kochi,Petrol,Automatic,First,18.0,8.29,Honda,City i VTEC CVT SV,9,1
Coimbatore,Diesel,Manual,First,22.9,5.79,Maruti,Swift VDI,12,0
Coimbatore,Diesel,Automatic,First,14.84,30.5,Mercedes-Benz,New C-Class 220 CDI AT,9,2
Mumbai,Petrol,Manual,First,17.0,3.8,Honda,City 1.5 S MT,15,1
Bangalore,Diesel,Manual,First,15.3,4.45,Tata,Sumo EX,12,1
Delhi,Petrol,Manual,First,18.5,3.3,Hyundai,i20 Magna,14,1
Jaipur,Diesel,Manual,Second,20.4,1.75,Fiat,Linea 1.3 Dynamic,17,1
Bangalore,Petrol,Automatic,Second,12.9,5.5,Honda,Civic 2006-2010 1.8 V AT,15,2
Pune,Diesel,Manual,First,19.67,13.35,Hyundai,Creta 1.6 SX Plus Diesel,9,1
Delhi,Diesel,Automatic,Second,20.38,22.5,Audi,A3 35 TDI Technology,9,2
Delhi,Petrol,Manual,Second,17.0,5.25,Hyundai,Verna VTVT 1.6 SX Option,13,1
Hyderabad,Diesel,Manual,First,21.9,3.75,Hyundai,i20 1.4 CRDi Magna,15,1
Kochi,Diesel,Manual,First,24.2,6.32,Honda,Mobilio S i DTEC,11,1
Bangalore,Diesel,Automatic,First,22.32,7.75,Hyundai,Verna 1.6 SX CRDI (O) AT,8,1
Chennai,Petrol,Manual,Second,15.3,1.37,Ford,Fiesta 1.6 ZXI Duratec,20,1
Mumbai,Petrol,Manual,First,20.36,2.1,Hyundai,i10 Sportz 1.2,16,0
Hyderabad,Diesel,Manual,First,24.3,9.3,Maruti,Vitara Brezza ZDi,10,1
Ahmedabad,Diesel,Manual,First,12.99,12.0,Toyota,Innova 2.5 VX (Diesel) 7 Seater,11,1
Pune,Diesel,Automatic,First,17.9,23.5,Mercedes-Benz,GLA Class 200 d Sport,9,2
Hyderabad,Petrol,Manual,First,19.7,1.8,Maruti,Alto LXi BSIII,20,0
Chennai,Diesel,Automatic,Second,14.84,12.5,Mercedes-Benz,New C-Class C 220 CDI Elegance AT,13,2
Delhi,Diesel,Manual,First,22.9,4.74,Maruti,Swift LDI,11,0
Kochi,Petrol,Manual,First,18.9,5.43,Hyundai,Grand i10 Sportz,10,1
Kochi,Diesel,Automatic,Second,12.55,31.62,Toyota,Fortuner 4x4 AT,8,2
Kolkata,Petrol,Manual,First,12.4,6.3,Toyota,Innova 2.0 GX 8 STR,15,2
Kochi,Diesel,Manual,First,22.77,8.45,Ford,EcoSport 1.5 TDCi Titanium,9,1
Pune,Petrol,Manual,First,18.16,5.0,Ford,Figo 1.2P Titanium MT,10,1
Chennai,Diesel,Manual,First,11.5,13.0,Toyota,Fortuner 3.0 Diesel,15,2
Hyderabad,Petrol,Manual,First,19.1,4.7,Maruti,Swift Dzire VXI,14,1
Coimbatore,Petrol,Automatic,First,12.05,93.67,BMW,7 Series 740Li,8,6
Pune,Petrol,Manual,First,13.14,3.3,Skoda,Superb 1.8 TSI MT,14,2
Jaipur,Petrol,Manual,Second,18.9,1.51,Maruti,Wagon R LXI Minor,17,0
Kochi,Diesel,Manual,First,19.01,6.09,Renault,Duster 110PS Diesel RxZ,13,1
Mumbai,Petrol,Manual,First,20.73,5.95,Maruti,Ciaz VXi Plus,11,1
Hyderabad,Diesel,Manual,First,22.7,9.0,Hyundai,Elantra CRDi SX,14,1
Kolkata,Diesel,Automatic,First,21.66,4.25,Skoda,Rapid 1.5 TDI AT Elegance,11,1
Hyderabad,Diesel,Automatic,First,14.84,23.5,Mercedes-Benz,New C-Class C 220 CDI Elegance AT,13,2
Mumbai,Petrol,Automatic,First,11.7,6.35,Honda,Accord 2.4 A/T,15,3
Chennai,Petrol,Manual,First,23.1,3.4,Maruti,Celerio VXI,12,0
Bangalore,Petrol,Automatic,First,12.05,93.0,BMW,7 Series 740Li,9,6
Chennai,Diesel,Automatic,First,22.69,21.6,BMW,3 Series 320d Sport,12,3
Chennai,Diesel,Manual,First,20.54,4.0,Volkswagen,Vento Diesel Trendline,15,1
Pune,Diesel,Manual,First,23.4,5.5,Maruti,Swift Dzire Tour LDI,8,0
Mumbai,Diesel,Automatic,First,12.39,19.25,Land,Rover Freelander 2 SE,14,2
Hyderabad,Diesel,Manual,First,21.9,3.95,Hyundai,i20 1.4 CRDi Magna,14,1
Mumbai,Diesel,Manual,Second,28.4,4.25,Maruti,Dzire VDI,14,0
Kochi,Diesel,Manual,First,17.1,17.02,Jeep,Compass 2.0 Longitude,8,2
Hyderabad,Diesel,Manual,First,20.77,6.5,Maruti,Ertiga VDI,14,1
Bangalore,Petrol,Manual,First,15.6,2.95,Ford,Figo Petrol ZXI,15,0
Coimbatore,Diesel,Manual,First,21.43,7.12,Toyota,Corolla Altis 1.4 DG,13,1
Chennai,Diesel,Automatic,First,24.3,11.25,Maruti,Vitara Brezza ZDi Plus AMT Dual Tone,8,1
Delhi,Petrol,Manual,First,17.0,2.75,Honda,City 1.5 S MT,17,1
Hyderabad,Diesel,Manual,First,15.4,12.0,Mahindra,Scorpio S10 4WD,11,1
Mumbai,Petrol,Manual,First,20.14,3.67,Hyundai,Xcent 1.2 VTVT SX,12,1
Pune,Diesel,Manual,First,15.0,5.0,Mercedes-Benz,E-Class 220 CDI,25,1
Pune,Petrol,Manual,First,15.7,2.3,Mahindra,Renault Logan 1.4 GLX Petrol,18,0
Pune,Diesel,Manual,First,18.7,2.2,Skoda,Octavia 1.9 TDI,18,0
Pune,Diesel,Automatic,First,12.0,41.0,Mercedes-Benz,GL-Class 2007 2012 350 CDI Luxury,12,4
Bangalore,Diesel,Automatic,First,20.68,28.5,BMW,X1 sDrive 20d xLine,10,3
Mumbai,Petrol,Manual,First,15.04,5.49,Volkswagen,Vento 2013-2015 1.6 Comfortline,11,1
Ahmedabad,Diesel,Automatic,Second,16.55,17.5,Audi,A4 2.0 TDI,13,2
Bangalore,Diesel,Manual,First,13.8,1.99,Ford,Ikon 1.4 TDCi DuraTorq,17,0
Kochi,Diesel,Manual,First,22.32,6.64,Hyundai,Verna 1.6 CRDi EX MT,10,1
Hyderabad,Diesel,Manual,First,13.68,16.5,Toyota,Innova Crysta 2.4 VX MT,9,2
Pune,Petrol,Manual,First,18.9,5.0,Hyundai,Grand i10 Asta Option,10,1
Mumbai,Petrol,Manual,First,17.0,5.4,Volkswagen,Ameo 1.2 MPI Comfortline,9,0
Kolkata,Petrol,Manual,First,25.17,2.99,Renault,KWID RXT,9,0
Jaipur,Petrol,Manual,First,17.0,4.1,Honda,City 1.5 S MT,15,1
Kochi,Petrol,Automatic,First,18.9,6.76,Hyundai,Grand i10 1.2 Kappa Magna AT,8,1
Chennai,Petrol,Manual,Second,18.78,5.5,Volkswagen,Polo 1.0 MPI Comfortline,10,0
Coimbatore,Diesel,Manual,First,25.2,5.99,Maruti,Swift VDI BSIV,12,0
Delhi,Diesel,Manual,First,21.64,2.59,Nissan,Sunny 2011-2014 Diesel XV,14,1
Mumbai,Diesel,Automatic,First,16.36,26.75,Jaguar,XF 2.2 Litre Luxury,13,3
Pune,Diesel,Manual,First,28.09,8.5,Maruti,Ciaz ZDi SHVS,10,1
Bangalore,Diesel,Automatic,First,12.8,23.0,Audi,Q5 2008-2012 2.0 TDI,15,2
Pune,Petrol,Manual,First,15.6,3.35,Ford,Figo Petrol ZXI,12,0
Bangalore,Diesel,Automatic,Second,11.72,10.75,Hyundai,Santa Fe 4x4 AT,14,3
Kolkata,Diesel,Manual,First,12.05,6.29,Mahindra,Scorpio VLX 2WD AIRBAG BSIV,13,1
Bangalore,Diesel,Manual,First,19.6,7.75,Renault,Duster 110PS Diesel RxL,12,1
Delhi,Diesel,Automatic,First,15.2,13.5,Audi,A4 New 2.0 TDI Multitronic,14,2
Coimbatore,Petrol,Manual,First,15.1,3.75,Maruti,Eeco 7 Seater Standard,13,0
Mumbai,Diesel,Manual,Second,14.0,3.75,Mahindra,Xylo E4,15,1
Jaipur,Petrol,Manual,Second,18.9,1.5,Maruti,Wagon R LXI,20,0
Chennai,Petrol,Manual,First,14.0,1.45,Maruti,Wagon R LXI BSIII,21,0
Coimbatore,Petrol,Manual,First,15.5,4.12,Maruti,SX4 ZXI MT BSIV,13,1
Mumbai,Diesel,Manual,First,13.68,17.11,Toyota,Innova Crysta 2.4 VX MT,10,2
Pune,Diesel,Manual,Second,12.99,10.25,Toyota,Innova 2.5 G (Diesel) 7 Seater,11,1
Kolkata,Diesel,Manual,First,22.07,2.49,Volkswagen,Polo Diesel Trendline 1.2L,15,0
Pune,Petrol,Manual,Second,16.78,3.85,Toyota,Etios G,11,1
Hyderabad,Diesel,Manual,First,22.7,6.25,Ford,Ecosport 1.5 DV5 MT Titanium,12,1
Hyderabad,Diesel,Manual,First,24.0,4.88,Hyundai,Grand i10 CRDi Magna,11,0
Mumbai,Petrol,Automatic,First,18.0,9.45,Honda,City i VTEC CVT SV,10,1
Hyderabad,Diesel,Manual,Second,12.8,4.8,Toyota,Innova 2.5 G3,19,1
Kolkata,Petrol,Manual,First,21.1,1.99,Hyundai,EON Era Plus,14,0
Hyderabad,Petrol,Manual,First,20.36,2.8,Hyundai,i10 Magna 1.2,16,0
Bangalore,Petrol,Automatic,Second,12.3,22.0,Mercedes-Benz,E-Class 2009-2013 E 200 CGI Elegance,15,3
Hyderabad,Diesel,Manual,First,15.96,4.3,Mahindra,Bolero SLE,14,0
Coimbatore,Diesel,Automatic,First,20.0,9.75,Skoda,Laura Ambition 2.0 TDI CR AT,12,2
Ahmedabad,Petrol,Manual,First,20.4,5.9,Maruti,Swift ZXI,11,1
Delhi,Diesel,Automatic,First,16.55,14.5,Audi,A4 2.0 TDI,13,2
Hyderabad,Diesel,Manual,Second,17.8,2.4,Ford,Fiesta 1.4 SXi TDCi ABS,17,0
Mumbai,Petrol,Manual,Second,15.0,2.11,Maruti,SX4 Vxi BSIII,18,1
Coimbatore,Petrol,Automatic,First,18.9,7.6,Hyundai,Grand i10 AT Asta,9,1
Hyderabad,Petrol,Automatic,First,17.16,3.6,Maruti,Ritz AT,14,1
Jaipur,Diesel,Manual,First,10.5,6.0,Mahindra,Scorpio 2.6 CRDe,13,1
Mumbai,Diesel,Manual,First,15.4,7.45,Mahindra,Scorpio S4 7 Seater,12,1
Chennai,Petrol,Manual,First,19.7,2.1,Maruti,Alto LXi,15,0
Ahmedabad,Diesel,Manual,Second,19.01,5.2,Renault,Duster 110PS Diesel RxZ,13,1
Mumbai,Petrol,Manual,First,20.89,6.36,Maruti,Ignis 1.2 Alpha,9,1
Kochi,Diesel,Manual,First,12.99,11.62,Toyota,Innova 2.5 ZX Diesel 7 Seater,11,1
Kochi,Diesel,Automatic,Second,16.77,43.6,BMW,7 Series 730Ld Eminence,11,4
Kolkata,Diesel,Manual,Second,13.6,4.9,Hyundai,Sonata Embera 2.0L CRDi MT,17,2
Kochi,Diesel,Manual,First,19.01,6.7,Renault,Duster Adventure Edition,11,1
Bangalore,Diesel,Automatic,First,17.11,25.0,Audi,A4 2.0 TDI 177 Bhp Technology Edition,12,3
Coimbatore,Diesel,Manual,First,17.1,19.05,Jeep,Compass 2.0 Longitude,8,2
Kolkata,Petrol,Manual,First,17.43,4.5,Hyundai,Verna 1.4 VTVT,11,1
Pune,Petrol,Manual,First,18.0,4.15,Honda,Amaze VX i-Vtech,13,1
Chennai,Diesel,Manual,First,19.67,11.9,Hyundai,Creta 1.6 CRDi SX Option,11,1
Delhi,Petrol,Manual,First,19.81,2.1,Hyundai,i10 Magna 1.1,15,0
Delhi,Diesel,Manual,First,18.49,6.95,Mahindra,TUV 300 T8,10,1
Pune,Petrol,Manual,Second,17.5,2.4,Maruti,Swift Dzire VXi,18,1
Chennai,Petrol,Manual,First,13.2,2.65,Hyundai,Accent GLE 1,19,1
Jaipur,Diesel,Manual,First,15.1,9.0,Mahindra,XUV500 W8 2WD,12,2
Pune,Petrol,Manual,First,20.92,2.1,Maruti,Alto K10 2010-2014 VXI,14,0
Pune,Petrol,Manual,Second,18.6,2.5,Chevrolet,Beat LT,15,0
Mumbai,Diesel,Automatic,First,12.4,8.95,Audi,A6 2.7 TDI,17,3
Hyderabad,Diesel,Automatic,First,20.7,34.0,Mini,Cooper 5 DOOR D,9,1
Chennai,Petrol,Manual,First,17.57,4.0,Tata,Zest Revotron 1.2T XMS,11,1
Kolkata,Diesel,Manual,First,26.0,4.45,Honda,City i DTEC SV,12,1
Jaipur,Petrol,Manual,First,18.6,1.5,Chevrolet,Beat LT,16,0
Jaipur,Diesel,Automatic,Second,16.55,14.5,Audi,A4 2.0 TDI Multitronic,15,2
Kolkata,Diesel,Manual,First,26.1,8.41,Ford,Aspire Titanium Plus Diesel,11,1
Mumbai,Diesel,Automatic,Second,19.08,5.45,Hyundai,Verna SX CRDi AT,12,1
Mumbai,Petrol,Automatic,First,18.0,8.9,Honda,City i VTEC CVT VX,11,1
Hyderabad,Petrol,Manual,First,20.36,3.65,Hyundai,i10 Sportz 1.2,14,0
Bangalore,Diesel,Automatic,Second,18.56,29.0,BMW,X3 xDrive20d Expedition,11,3
Mumbai,Diesel,Automatic,First,16.55,13.5,Audi,A4 2.0 TDI,13,2
Hyderabad,Petrol,Automatic,First,10.1,5.4,Honda,CR-V 2.4 AT,18,2
Coimbatore,Petrol,Manual,First,18.9,5.89,Hyundai,Grand i10 1.2 Kappa Asta,10,1
Hyderabad,Diesel,Manual,First,28.09,8.45,Maruti,Ciaz ZDi Plus SHVS,10,1
Delhi,Petrol,Manual,First,17.4,4.0,Honda,City i-VTEC V,15,1
Mumbai,Diesel,Automatic,First,9.52,45.0,BMW,6 Series 640d Coupe,13,5
Mumbai,Petrol,Automatic,First,23.1,3.94,Maruti,Celerio VXI AMT,10,0
Jaipur,Diesel,Automatic,Second,13.73,8.0,Renault,Koleos 2.0 Diesel,15,2
Hyderabad,Diesel,Manual,First,20.0,4.1,Ford,Figo Diesel ZXI,13,0
Chennai,Diesel,Manual,First,12.8,6.25,Toyota,Innova 2.5 V Diesel 7-seater,20,1
Kolkata,Diesel,Manual,First,28.4,5.25,Maruti,Dzire VDI,11,0
Coimbatore,Petrol,Automatic,First,19.0,83.96,Mercedes-Benz,SLC 43 AMG,7,7
Hyderabad,Diesel,Automatic,First,16.1,21.0,Mercedes-Benz,E-Class E 220 d,13,3
Ahmedabad,Petrol,Manual,First,18.9,4.3,Hyundai,Grand i10 1.2 Kappa Sportz,11,1
Mumbai,Petrol,Manual,First,17.3,5.25,Honda,Mobilio S i VTEC,12,1
Mumbai,Petrol,Automatic,Second,11.9,32.0,Porsche,Cayenne Turbo S,16,9
Kolkata,Diesel,Manual,First,17.21,3.9,Mahindra,Quanto C8,13,1
Mumbai,Petrol,Manual,Third,13.4,2.2,Toyota,Corolla H5,19,1
Mumbai,Diesel,Manual,First,25.32,3.7,Mahindra,KUV 100 mFALCON D75 K4,10,0
Coimbatore,Petrol,Automatic,Second,10.9,11.27,BMW,3 Series 2005-2011 325i Sedan,16,3
Jaipur,Petrol,Manual,First,22.74,2.41,Maruti,Alto 800 LXI,13,0
Pune,Diesel,Automatic,First,15.73,19.0,Audi,Q3 35 TDI Quattro Premium,11,3
Hyderabad,Diesel,Manual,Second,23.59,5.8,Toyota,Etios GD,11,0
Coimbatore,Diesel,Manual,First,15.1,13.52,Mahindra,XUV500 W8 2WD,10,2
Hyderabad,Diesel,Manual,First,13.0,24.5,Toyota,Fortuner 4x2 MT TRD Sportivo,11,2
Kochi,Diesel,Automatic,First,17.9,56.73,Mercedes-Benz,GLE 250d,9,3
Jaipur,Diesel,Manual,First,19.67,9.95,Hyundai,Creta 1.6 CRDi SX,11,1
Pune,Petrol,Automatic,First,16.8,5.5,Honda,City 1.5 V AT,14,1
Hyderabad,Diesel,Automatic,First,17.11,25.0,Audi,A4 35 TDI Premium,11,3
Kolkata,Petrol,Manual,First,17.3,1.0,Maruti,Zen VXI,17,0
Hyderabad,Petrol,Manual,Second,19.7,2.15,Maruti,Alto LXi,15,0
Kochi,Petrol,Automatic,First,21.4,7.89,Maruti,Baleno Delta Automatic,8,1
Delhi,Diesel,Manual,First,16.0,10.25,Mahindra,XUV500 W10 2WD,11,2
Mumbai,Petrol,Manual,First,19.0,6.0,Ford,Freestyle Titanium Petrol,19,1
Coimbatore,Petrol,Manual,First,18.6,7.53,Hyundai,Elite i20 Asta Option,9,1
Coimbatore,Diesel,Automatic,First,19.27,39.45,Mercedes-Benz,New C-Class C 220d Avantgarde Edition C,8,2
Delhi,Petrol,Manual,First,17.8,5.84,Honda,City i VTEC SV,12,1
Mumbai,Petrol,Manual,First,18.88,8.65,Ford,EcoSport 1.5 Ti VCT MT Titanium BE,9,1
Kochi,Petrol,Manual,First,21.4,7.74,Maruti,Baleno Alpha 1.2,9,1
Bangalore,Petrol,Manual,First,20.36,2.5,Hyundai,i10 Sportz,18,0
Pune,Diesel,Manual,Second,12.8,5.7,Toyota,Innova 2.5 G (Diesel) 8 Seater BS IV,19,1
Mumbai,Petrol,Manual,First,21.4,5.8,Maruti,Baleno Delta,10,1
Hyderabad,Diesel,Automatic,First,12.07,36.5,Audi,Q7 3.0 TDI Quattro Technology,14,4
Delhi,Diesel,Automatic,Second,13.01,9.5,Hyundai,Santa Fe 2WD AT,14,3
Mumbai,Petrol,Manual,First,17.0,4.55,Honda,City 1.5 V MT Exclusive,13,1
Jaipur,Diesel,Manual,First,21.9,3.9,Hyundai,i20 1.4 CRDi Magna,14,1
Pune,Diesel,Manual,First,13.6,2.7,Mahindra,Bolero SLE BSIII,19,0
Pune,Diesel,Automatic,First,12.9,31.0,Toyota,Fortuner 2.8 2WD AT,9,3
Bangalore,Petrol,Automatic,Second,10.9,10.3,BMW,3 Series 2005-2011 325i Sedan,17,3
Kolkata,Diesel,Automatic,First,16.07,7.75,BMW,3 Series 320d Sedan,16,3
Hyderabad,Petrol,Manual,First,18.9,3.2,Maruti,Wagon R LXI,14,0
Delhi,Diesel,Manual,First,25.47,4.85,Maruti,Ertiga ZDI,13,1
Kochi,Diesel,Automatic,Second,15.68,34.08,Land,Rover Range Rover Evoque 2.0 TD4 Pure,10,3
Chennai,Diesel,Manual,First,24.52,8.1,Maruti,Ertiga SHVS VDI,9,1
Chennai,Diesel,Manual,Second,25.0,2.35,Tata,Indigo CS eVX,10,0
Pune,Petrol,Manual,First,20.92,1.8,Maruti,Alto K10 LXI,14,0
Coimbatore,Petrol,Manual,First,21.1,3.42,Hyundai,EON D Lite Plus,11,0
Mumbai,Diesel,Automatic,Second,11.4,5.34,Ford,Endeavour 3.0L 4X4 AT,16,2
Hyderabad,Diesel,Automatic,First,12.62,31.99,Ford,Endeavour 2.2 Titanium AT 4X2,8,2
Bangalore,Diesel,Manual,First,20.54,4.75,Volkswagen,Vento Diesel Highline,15,1
Mumbai,Petrol,Automatic,First,19.12,6.1,Maruti,Ciaz AT ZXi,12,1
Coimbatore,Petrol,Manual,Second,21.1,3.69,Hyundai,EON D Lite Plus,13,0
Delhi,Diesel,Automatic,Second,14.16,15.0,Audi,Q5 2.0 TDI Premium Plus,14,3
Coimbatore,Diesel,Manual,First,16.0,14.5,Mahindra,XUV500 W10 AWD,10,2
Hyderabad,Diesel,Manual,First,28.4,5.65,Maruti,Swift VDI,13,0
Kolkata,Diesel,Manual,First,21.1,2.5,Maruti,Ritz VDi,15,0
Mumbai,Diesel,Automatic,First,19.71,38.5,Mercedes-Benz,New C-Class C 250 CDI Avantgarde,9,3
Kolkata,Diesel,Manual,First,19.01,5.49,Renault,Duster 110PS Diesel RxZ,12,1
Kolkata,Petrol,Manual,First,19.1,3.55,Maruti,Swift Dzire VXI,13,1
Jaipur,Diesel,Manual,First,12.99,10.75,Toyota,Innova 2.5 VX (Diesel) 7 Seater,12,1
Delhi,Petrol,Manual,First,15.8,11.0,Hyundai,Creta 1.6 SX Option,10,1
Ahmedabad,Diesel,Manual,First,21.79,4.5,Maruti,SX4 ZDI,12,1
Kochi,Diesel,Manual,First,15.1,8.42,Mahindra,XUV500 W8 2WD,12,2
Mumbai,Petrol,Automatic,First,18.0,11.6,Honda,City i-VTEC CVT VX,9,1
Kochi,Diesel,Automatic,First,16.36,33.63,Jaguar,XF 2.2 Litre Luxury,10,3
Pune,Diesel,Manual,Third,17.8,2.25,Ford,Fiesta 1.4 SXi TDCi ABS,18,0
Mumbai,Petrol,Automatic,First,10.8,12.95,BMW,5 Series 523i Sedan,16,2
Hyderabad,Diesel,Manual,First,17.8,4.25,Maruti,Swift VDI BSIV W ABS,16,1
Coimbatore,Diesel,Automatic,First,17.68,25.02,Audi,A6 2011-2015 2.0 TDI Premium Plus,12,3
Kochi,Petrol,Manual,First,18.5,3.95,Honda,Brio 1.2 VX MT,12,1
Mumbai,Petrol,Automatic,First,16.8,4.4,Honda,City 1.5 V AT,15,1
Bangalore,Petrol,Manual,Third,16.47,4.95,Volkswagen,Polo Petrol Comfortline 1.2L,11,0
Pune,Diesel,Manual,Second,12.05,5.5,Mahindra,Scorpio SLE BSIII,16,1
Mumbai,Petrol,Manual,First,16.8,3.25,Honda,City V MT,15,1
Kochi,Petrol,Manual,First,15.0,4.02,Skoda,Rapid 1.6 MPI Elegance,13,1
Coimbatore,Diesel,Manual,First,16.0,11.73,Mahindra,XUV500 W6 2WD,10,2
Chennai,Diesel,Manual,First,15.0,9.5,Volkswagen,Jetta 2007-2011 2.0 TDI Trendline,14,1
Hyderabad,Petrol,Automatic,First,21.4,8.6,Maruti,Baleno Alpha Automatic,9,1
Jaipur,Diesel,Manual,First,25.8,4.0,Honda,Amaze EX i-Dtech,13,1
Mumbai,Petrol,Manual,First,15.04,5.55,Volkswagen,Vento 1.6 Highline,11,1
Hyderabad,Petrol,Manual,First,22.74,2.5,Maruti,Alto 800 LXI,11,0
Mumbai,Diesel,Automatic,First,18.0,41.6,Land,Rover Discovery HSE Luxury 3.0 TD6,9,4
Delhi,Petrol,Automatic,First,18.0,7.41,Honda,City i VTEC CVT VX,11,1
Mumbai,Diesel,Manual,First,19.01,6.5,Nissan,Terrano XL 110 PS,12,1
Mumbai,Petrol,Manual,First,19.7,1.2,Maruti,Alto LXi,18,0
Bangalore,Diesel,Manual,First,14.24,23.0,Toyota,Fortuner 2.8 4WD MT,11,3
Kolkata,Diesel,Manual,First,21.9,2.74,Hyundai,i20 1.4 CRDi Magna,14,1
Hyderabad,Diesel,Manual,First,20.0,3.9,Ford,Figo Diesel Titanium,13,0
Ahmedabad,Diesel,Manual,First,24.3,8.0,Maruti,Vitara Brezza ZDi Plus,9,1
Chennai,Diesel,Manual,Third,22.32,4.0,Hyundai,Verna 1.6 SX,14,1
Mumbai,Petrol,Automatic,First,12.95,17.75,Hyundai,Tucson 2.0 Dual VTVT 2WD AT GL,10,2
Coimbatore,Diesel,Manual,First,21.1,5.05,Maruti,Ritz VDi,13,0
Mumbai,Petrol,Automatic,First,10.8,12.0,Audi,A4 2.0 TFSI,15,2
Kochi,Diesel,Automatic,First,13.0,29.6,Mercedes-Benz,E-Class E250 CDI Launch Edition,10,3
Jaipur,Diesel,Manual,First,19.87,6.5,Renault,Duster 85PS Diesel RxE,11,1
Mumbai,Petrol,Automatic,First,15.5,4.75,Honda,Amaze S AT i-Vtech,12,1
Coimbatore,Diesel,Automatic,First,9.0,24.36,Volvo,S60 D4 SUMMUM,10,3
Mumbai,Petrol,Manual,Second,17.5,3.2,Maruti,Swift Dzire 1.2 Lxi BSIV,15,1
Kolkata,Petrol,Manual,First,22.5,3.6,Maruti,Wagon R VXI,10,0
Coimbatore,Petrol,Manual,First,16.8,3.58,Maruti,Omni MPI STD BSIV,9,0
Delhi,Diesel,Manual,First,21.5,2.5,Maruti,SX4 VDI,15,1
Ahmedabad,Diesel,Manual,Second,23.5,3.5,Ford,Fiesta Titanium 1.5 TDCi,13,1
Delhi,Petrol,Automatic,First,19.16,25.0,Toyota,Camry Hybrid,11,2
Mumbai,Petrol,Manual,Second,22.5,1.75,Maruti,Wagon R VXI,16,0
Bangalore,Diesel,Automatic,First,11.0,10.0,Mercedes-Benz,E-Class E270 CDI,21,3
Jaipur,Petrol,Automatic,First,21.4,7.75,Maruti,Baleno Zeta Automatic,8,1
Hyderabad,Petrol,Manual,First,18.7,6.45,Honda,Jazz 1.2 VX i VTEC,10,1
Pune,Diesel,Automatic,First,15.4,10.0,Mahindra,Scorpio S10 AT 4WD,9,1
Mumbai,Petrol,Manual,First,16.47,4.5,Volkswagen,Polo 1.2 MPI Trendline,12,0
Kolkata,Petrol,Manual,First,17.0,3.4,Hyundai,i20 1.2 Era,11,0
Mumbai,Petrol,Automatic,First,12.1,4.5,Toyota,Camry W4 (AT),16,2
Hyderabad,Petrol,Manual,First,18.9,4.3,Maruti,Wagon R VXI,11,0
Pune,Diesel,Automatic,First,18.12,46.0,BMW,5 Series 2013-2017 520d M Sport,8,3
Chennai,Petrol,Automatic,First,24.07,3.4,Maruti,Alto K10 VXI AGS,10,0
Delhi,Diesel,Automatic,First,14.84,14.5,Mercedes-Benz,New C-Class 220 CDI AT,13,2
Delhi,Petrol,Manual,First,24.7,2.1,Maruti,Alto 800 2016-2019 LXI,13,0
Mumbai,Petrol,Manual,First,18.6,3.65,Maruti,Swift VXI,14,1
Kolkata,Petrol,Manual,First,18.2,3.0,Chevrolet,Sail Hatchback 1.2 LS ABS,12,1
Ahmedabad,Diesel,Manual,Second,23.0,3.95,Hyundai,i20 Asta 1.4 CRDi (Diesel),17,1
Delhi,Diesel,Automatic,First,11.9,6.75,Skoda,Superb 2.5 TDi AT,14,2
Kochi,Diesel,Manual,First,21.43,6.53,Toyota,Corolla Altis D-4D G,13,1
Hyderabad,Diesel,Manual,First,13.0,22.0,Toyota,Fortuner 4x2 Manual,11,2
Pune,Petrol,Automatic,First,14.3,4.75,Skoda,Rapid 1.6 MPI AT Elegance,13,1
Mumbai,Petrol,Automatic,First,16.5,5.99,Honda,Brio 1.2 VX AT,9,1
Jaipur,Petrol,Manual,First,16.47,3.05,Volkswagen,Polo Petrol Comfortline 1.2L,15,0
Delhi,Petrol,Manual,First,16.47,2.4,Volkswagen,Polo Petrol Comfortline 1.2L,16,0
Pune,Petrol,Manual,Third,18.2,1.3,Maruti,Zen Estilo LXI BSIII,19,0
Kochi,Diesel,Manual,First,23.59,6.71,Toyota,Etios Cross 1.4L GD,10,0
Ahmedabad,Diesel,Manual,Second,15.1,7.2,Mahindra,XUV500 W8 2WD,12,2
Chennai,Petrol,Automatic,First,18.9,5.4,Hyundai,Grand i10 AT Asta,10,1
Kochi,Diesel,Manual,First,22.7,6.63,Ford,Ecosport 1.5 DV5 MT Titanium Optional,11,1
Coimbatore,Petrol,Automatic,First,18.0,14.21,Honda,City i-VTEC CVT ZX,8,1
Kolkata,Petrol,Manual,First,17.0,3.0,Honda,City 1.5 V MT,16,1
Kochi,Petrol,Manual,First,23.1,5.11,Maruti,Celerio ZXI MT,9,0
Pune,Petrol,Manual,First,15.04,3.39,Volkswagen,Vento Petrol Highline,15,1
Hyderabad,Diesel,Automatic,First,11.36,22.99,Toyota,Innova Crysta 2.8 ZX AT,9,2
Delhi,Petrol,Manual,Second,18.5,2.35,Hyundai,i20 Magna,17,0
Kolkata,Diesel,Manual,First,23.2,2.85,Maruti,Ritz VDi,14,0
Delhi,Diesel,Automatic,First,17.68,18.5,Audi,A6 2011-2015 2.0 TDI Premium Plus,12,3
Bangalore,Petrol,Manual,First,13.24,5.99,Renault,Duster Petrol RxL,12,1
Hyderabad,Petrol,Manual,Second,13.5,3.0,Honda,Civic 2006-2010 1.8 V MT,18,2
Jaipur,Petrol,Manual,First,23.84,3.6,Tata,Tiago 1.2 Revotron XT,10,1
Hyderabad,Diesel,Automatic,First,16.55,24.0,Audi,A4 2.0 TDI,12,2
Coimbatore,Petrol,Manual,First,19.1,6.26,Maruti,Swift Dzire VXI,11,1
Hyderabad,Diesel,Manual,First,14.24,13.7,Toyota,Fortuner 2.8 4WD MT,16,3
Mumbai,Diesel,Automatic,First,15.26,35.0,Mercedes-Benz,M-Class ML 250 CDI,10,3
Kochi,Diesel,Manual,First,21.9,5.02,Hyundai,i20 Magna 1.4 CRDi,11,1
Mumbai,Petrol,Manual,First,21.5,3.1,Maruti,Wagon R VXI 1.2,11,1
Bangalore,Diesel,Manual,First,20.54,5.5,Volkswagen,Vento Diesel Highline,14,1
Kolkata,Petrol,Manual,First,19.1,3.59,Maruti,Swift Dzire VXI,12,1
Kolkata,Diesel,Manual,First,20.4,4.65,Fiat,Linea Emotion (Diesel),11,1
Bangalore,Petrol,Manual,Third,17.0,3.8,Honda,City 1.5 V MT,17,1
Hyderabad,Diesel,Manual,First,19.67,12.5,Hyundai,Creta 1.6 SX Plus Diesel,10,1
Hyderabad,Diesel,Manual,First,25.6,12.9,Honda,City i-DTEC ZX,9,1
Hyderabad,Petrol,Manual,First,14.0,2.35,Maruti,Omni 8 Seater BSIV,11,0
Chennai,Petrol,Manual,First,20.4,4.15,Maruti,Swift LXI Option,11,1
Coimbatore,Diesel,Automatic,First,14.0,22.58,Mercedes-Benz,M-Class ML 350 CDI Corporate,14,4
Ahmedabad,Petrol,Manual,First,24.7,2.65,Maruti,Alto 800 2016-2019 LXI,10,0
Delhi,Petrol,Manual,Second,15.6,2.25,Ford,Figo Petrol Titanium,16,0
Hyderabad,Diesel,Manual,First,13.68,16.0,Toyota,Innova Crysta 2.4 G MT,10,2
Mumbai,Diesel,Automatic,First,18.48,19.5,BMW,5 Series 2003-2012 520d,13,3
Bangalore,Diesel,Automatic,First,13.01,21.0,Hyundai,Santa Fe 4WD AT,11,3
Ahmedabad,Diesel,Automatic,Second,22.48,17.5,BMW,5 Series 520d Luxury Line,14,3
Hyderabad,Diesel,Manual,Second,17.8,2.41,Ford,Fiesta EXi 1.4 TDCi Ltd,16,0
Bangalore,Diesel,Manual,Second,23.59,4.45,Toyota,Etios GD,14,1
Coimbatore,Diesel,Automatic,Second,12.7,29.93,Land,Rover Range Rover 2.2L Prestige,12,3
Kolkata,Petrol,Manual,First,19.7,1.02,Maruti,Alto LX,17,0
Jaipur,Diesel,Manual,First,11.5,11.0,Toyota,Fortuner 3.0 Diesel,17,2
Mumbai,Petrol,Manual,First,15.8,5.35,Ford,Ecosport 1.5 Ti VCT MT Titanium,13,1
Mumbai,Petrol,Manual,First,21.4,5.65,Maruti,Baleno Sigma 1.2,9,1
Mumbai,Diesel,Automatic,First,23.8,22.0,Mini,Cooper Countryman D High,11,1
Mumbai,Petrol,Automatic,First,17.01,5.95,Hyundai,Verna 1.6 VTVT EX AT,13,1
Pune,Diesel,Manual,Third,20.0,2.35,Ford,Figo Diesel Titanium,15,0
Pune,Diesel,Manual,Second,25.8,4.1,Honda,Amaze S i-Dtech,12,1
Pune,Diesel,Manual,First,19.01,5.4,Renault,Duster 110PS Diesel RxZ,14,1
Delhi,Diesel,Manual,First,23.0,8.45,Ford,EcoSport 1.5 Diesel Titanium,9,1
Jaipur,Diesel,Automatic,Second,11.2,42.5,BMW,X6 xDrive30d,13,4
Mumbai,Diesel,Manual,First,14.24,10.75,Toyota,Fortuner 2.8 4WD MT,16,3
Kochi,Diesel,Automatic,First,11.18,11.03,Mahindra,Ssangyong Rexton RX7,11,3
Kolkata,Petrol,Manual,First,23.1,3.5,Maruti,Celerio VXI,10,0
Jaipur,Petrol,Manual,First,18.6,6.3,Hyundai,i20 Sportz 1.2,10,1
Bangalore,Petrol,Manual,First,18.88,6.75,Ford,EcoSport 1.0 Ecoboost Titanium Plus,12,1
Jaipur,Diesel,Manual,First,26.21,7.5,Maruti,Ciaz VDi,9,1
Pune,Diesel,Automatic,First,17.11,15.5,Audi,A4 2.0 TDI 177 Bhp Premium Plus,13,3
Delhi,Petrol,Manual,First,18.0,4.65,Honda,Amaze S i-Vtech,11,1
Kochi,Petrol,Automatic,First,15.63,7.58,Ford,EcoSport 1.5 Ti VCT AT Titanium,10,1
Hyderabad,Petrol,Manual,First,20.92,2.2,Maruti,Alto K10 2010-2014 VXI,13,0
Bangalore,Diesel,Automatic,Third,16.77,21.0,Audi,A6 3.0 TDI quattro,15,4
Kolkata,Diesel,Automatic,First,18.33,5.25,Volkswagen,Passat Diesel Highline 2.0 TDI,15,2
Kochi,Diesel,Manual,First,28.4,5.22,Maruti,Swift VDI,10,0
Chennai,Diesel,Manual,Third,19.2,2.0,Mahindra,Logan Diesel 1.5 DLS,15,0
Kochi,Petrol,Manual,First,21.56,9.18,Maruti,Ciaz Alpha,8,1
Coimbatore,Petrol,Manual,First,26.0,1.74,Tata,Nano Lx,13,0
Delhi,Petrol,Automatic,First,16.8,4.45,Honda,City 1.5 V AT,15,1
Coimbatore,Petrol,Manual,First,18.16,4.95,Ford,Figo 2015-2019 1.2P Trend MT,9,1
Delhi,Diesel,Manual,First,22.54,5.64,Hyundai,i20 Sportz 1.4 CRDi,12,1
Mumbai,Petrol,Manual,First,18.88,6.9,Ford,EcoSport 1.5 Ti VCT MT Titanium BE,10,1
Hyderabad,Diesel,Automatic,First,16.55,13.95,Audi,A4 2.0 TDI,15,2
Hyderabad,Diesel,Automatic,Second,20.58,17.0,BMW,1 Series 118d Sport Line,13,2
Bangalore,Diesel,Manual,Second,13.93,4.6,Tata,Safari DICOR 2.2 LX 4x2,14,2
Jaipur,Diesel,Manual,Second,12.05,5.21,Mahindra,Scorpio VLX 4WD AIRBAG BSIV,16,1
Coimbatore,Petrol,Manual,First,15.29,12.34,Hyundai,Creta 1.6 SX Plus Dual Tone Petrol,9,1
Chennai,Petrol,Manual,First,16.9,1.5,Honda,City ZX VTEC,20,1
Delhi,Diesel,Automatic,First,17.05,22.99,BMW,X1 sDrive 20d Sportline,11,3
Mumbai,Petrol,Automatic,First,9.0,43.0,Porsche,Cayman 2009-2012 S tiptronic,15,1
Hyderabad,Diesel,Automatic,First,14.7,40.0,Land,Rover Range Rover Sport 2005 2012 HSE,16,4
Chennai,Petrol,Manual,Third,19.7,1.2,Maruti,Alto LXi BSIII,18,0
Mumbai,Petrol,Automatic,First,19.2,2.9,Hyundai,i10 Asta Sunroof AT,15,0
Delhi,Petrol,Automatic,First,14.62,13.9,Hyundai,Elantra 2.0 SX Option AT,10,2
Delhi,Diesel,Manual,Second,28.09,7.85,Maruti,Ciaz RS ZDi Plus SHVS,10,1
Coimbatore,Diesel,Automatic,First,15.3,54.45,BMW,X5 xDrive 30d,10,4
Kolkata,Diesel,Manual,First,13.58,4.75,Chevrolet,Tavera LT 9 Str BS IV,14,0
Mumbai,Diesel,Manual,First,20.64,3.25,Volkswagen,Vento 1.5 TDI Trendline,15,1
Mumbai,Petrol,Manual,First,17.8,7.1,Honda,City i VTEC V,11,1
Kolkata,Petrol,Manual,First,20.4,4.65,Maruti,Swift VXI BSIV,9,1
Kolkata,Diesel,Manual,First,19.33,5.0,Volkswagen,Jetta 2012-2014 2.0L TDI Comfortline,14,2
Delhi,Petrol,Manual,First,18.6,4.95,Hyundai,i20 Sportz 1.2,11,1
Bangalore,Diesel,Manual,First,15.1,9.8,Mahindra,XUV500 W8 2WD,12,2
Coimbatore,Diesel,Automatic,First,18.0,78.8,Mercedes-Benz,E-Class E 350 d,7,4
Kolkata,Petrol,Manual,First,23.1,2.99,Maruti,Celerio LXI,11,0
Mumbai,Petrol,Manual,First,15.04,4.45,Volkswagen,Vento 1.6 Highline,12,1
Pune,Petrol,Manual,Second,23.9,0.75,Tata,Nano XT,15,0
Chennai,Diesel,Manual,Second,22.77,5.0,Ford,EcoSport 1.5 TDCi Titanium,12,1
Coimbatore,Petrol,Automatic,First,14.62,9.69,Hyundai,Elantra 2.0 SX Option AT,11,2
Coimbatore,Diesel,Manual,First,18.2,5.5,Chevrolet,Enjoy 1.3 TCDi LTZ 8,11,0
Chennai,Diesel,Automatic,First,15.97,65.0,BMW,X5 xDrive 30d M Sport,9,4
Jaipur,Diesel,Manual,First,20.14,5.11,Volkswagen,Polo 1.5 TDI Highline,11,1
Mumbai,Petrol,Manual,First,16.25,2.19,Skoda,Fabia 1.2 MPI Ambition Plus,14,0
Chennai,Diesel,Manual,First,20.54,4.25,Volkswagen,Vento Diesel Comfortline,14,1
Hyderabad,Diesel,Automatic,First,11.18,14.5,Mahindra,Ssangyong Rexton RX7,13,3
Mumbai,Diesel,Manual,First,19.87,5.65,Nissan,Terrano XL D Option,12,1
Ahmedabad,Diesel,Automatic,Second,12.9,22.5,Toyota,Fortuner 2.8 2WD AT,10,3
Jaipur,Petrol,Automatic,Second,11.3,1.5,Toyota,Corolla H4,22,1
Kochi,Petrol,Manual,First,20.36,3.2,Hyundai,i10 Sportz,14,0
Bangalore,Diesel,Manual,First,23.0,4.5,Hyundai,i20 1.4 CRDi Sportz,14,1
Pune,Diesel,Manual,Second,25.8,4.5,Honda,Amaze S i-Dtech,12,1
Jaipur,Diesel,Automatic,First,22.32,8.0,Hyundai,Verna 1.6 SX CRDI (O) AT,12,1
Mumbai,Diesel,Automatic,First,17.9,28.9,Mercedes-Benz,GLA Class 200 d Sport,8,2
Coimbatore,Diesel,Manual,First,20.14,4.1,Volkswagen,Polo 1.5 TDI Trendline,11,1
Kochi,Petrol,Automatic,First,21.4,7.22,Maruti,Baleno Zeta Automatic,9,1
Hyderabad,Diesel,Manual,First,22.9,5.8,Maruti,Swift VDI,12,0
Chennai,Diesel,Manual,Second,14.0,3.5,Mahindra,Xylo D2 BSIV,13,1
Bangalore,Diesel,Manual,Second,22.7,6.35,Ford,Ecosport 1.5 DV5 MT Trend,13,1
Delhi,Diesel,Manual,First,15.1,8.85,Mahindra,XUV500 W8 2WD,11,2
Hyderabad,Petrol,Manual,Second,18.6,2.0,Chevrolet,Beat LS,16,0
Bangalore,Petrol,Manual,First,17.01,5.5,Hyundai,Verna 1.6 VTVT,14,1
Kolkata,Petrol,Manual,Second,18.9,2.3,Hyundai,Grand i10 Asta,12,1
Bangalore,Diesel,Manual,First,19.01,7.95,Renault,Duster 110PS Diesel RxZ,12,1
Coimbatore,Petrol,Manual,First,19.1,6.16,Hyundai,Xcent 1.2 Kappa S Option,10,1
Delhi,Petrol,Manual,First,20.36,2.85,Hyundai,i10 Sportz,14,0
Delhi,Petrol,Automatic,First,13.7,25.0,Mercedes-Benz,GLA Class 200 Sport Edition,10,3
Coimbatore,Diesel,Manual,First,15.8,10.36,Mercedes-Benz,New C-Class 220 CDI MT,18,2
Delhi,Petrol,Automatic,First,15.04,26.0,Mercedes-Benz,CLA 200 Sport Edition,10,3
Kolkata,Diesel,Manual,First,22.32,4.35,Hyundai,Verna 1.6 SX CRDi (O),13,1
Chennai,Diesel,Manual,First,14.95,4.5,Mahindra,Xylo D2 Maxx,10,1
Delhi,Diesel,Manual,First,26.59,5.0,Maruti,Swift Dzire LDI,11,0
Ahmedabad,Petrol,Manual,First,20.36,3.67,Hyundai,i10 Sportz,12,0
Delhi,Diesel,Manual,First,14.0,6.0,Tata,Safari Storme Explorer Edition,12,2
Coimbatore,Petrol,Manual,First,18.9,6.34,Hyundai,Grand i10 Asta,8,1
Chennai,Petrol,Automatic,Second,16.82,22.0,Mini,Cooper Convertible S,14,3
Delhi,Petrol,Manual,Second,13.4,1.67,Toyota,Corolla H5,20,1
Kolkata,Petrol,Manual,First,14.28,7.95,Toyota,Corolla Altis G MT,12,2
Kochi,Petrol,Manual,First,10.4,9.74,Maruti,Grand Vitara 2.4 MT,8,2
Chennai,Diesel,Manual,Second,16.0,6.0,Mahindra,XUV500 W8 1.99 mHawk,15,2
Mumbai,Petrol,Automatic,First,17.44,21.5,Mini,Cooper 3 DOOR S,13,3
Jaipur,Diesel,Manual,Second,21.1,2.35,Maruti,Ritz VDi,17,0
Delhi,Diesel,Manual,Second,22.07,2.65,Volkswagen,Polo Diesel Comfortline 1.2L,14,0
Kochi,Petrol,Manual,First,20.36,3.16,Hyundai,i10 Magna,15,0
Jaipur,Petrol,Manual,Second,19.0,2.05,Maruti,A-Star Vxi,17,0
Hyderabad,Petrol,Manual,First,20.51,3.9,Maruti,Wagon R Stingray LXI,12,0
Coimbatore,Diesel,Manual,Second,24.2,6.68,Honda,Mobilio S i DTEC,9,1
Jaipur,Petrol,Manual,Second,21.1,3.5,Hyundai,EON Era Plus,9,0
Mumbai,Petrol,Automatic,First,14.84,8.11,Skoda,Rapid 1.6 MPI AT Ambition,9,1
Delhi,Diesel,Manual,First,28.09,8.3,Maruti,Ciaz VDi Plus SHVS,9,1
Coimbatore,Diesel,Automatic,First,15.26,45.61,Mercedes-Benz,M-Class ML 250 CDI,10,3
Pune,Diesel,Automatic,First,20.0,4.45,Skoda,Laura Elegance 2.0 TDI CR AT,16,2
Delhi,Diesel,Manual,First,24.3,7.85,Maruti,Vitara Brezza VDi Option,9,1
Kolkata,Diesel,Manual,First,24.0,3.75,Hyundai,Grand i10 CRDi Sportz,12,0
Delhi,Diesel,Manual,First,25.47,7.65,Maruti,Ertiga VDI,9,1
Ahmedabad,Petrol,Manual,First,17.0,4.9,Hyundai,i20 1.2 Sportz,13,0
Coimbatore,Diesel,Automatic,First,16.0,16.52,Mahindra,XUV500 AT W10 FWD,8,2
Kochi,Petrol,Automatic,First,13.7,14.05,Skoda,Superb Elegance 1.8 TSI AT,10,2
Kochi,Petrol,Manual,First,20.73,6.75,Maruti,Ciaz VXi Plus,10,1
Kolkata,Diesel,Manual,First,19.67,9.2,Hyundai,Creta 1.6 CRDi SX,10,1
Chennai,Diesel,Manual,Third,23.59,3.0,Toyota,Etios GD,14,1
Chennai,Petrol,Manual,Second,17.0,2.75,Honda,City 1.5 S MT,18,1
Hyderabad,Diesel,Manual,First,13.5,20.5,Ford,Endeavour 2.2 Trend MT 4X4,10,2
Pune,Diesel,Manual,First,21.9,4.25,Hyundai,i20 2015-2017 1.4 Magna ABS,14,1
Kolkata,Petrol,Manual,First,17.0,6.0,Ford,EcoSport 1.5 Petrol Trend,10,1
Coimbatore,Petrol,Manual,Second,17.0,6.0,Hyundai,i20 1.2 Sportz,11,0
Ahmedabad,Petrol,Manual,First,16.1,2.41,Maruti,Swift VXI BSIII,18,1
Hyderabad,Petrol,Automatic,First,19.0,7.25,Honda,Jazz V CVT,11,1
Kochi,Diesel,Manual,First,11.1,23.65,Volvo,XC90 2007-2015 D5 AWD,12,3
Delhi,Petrol,Manual,First,21.4,6.5,Maruti,Baleno Alpha 1.2,10,1
Kochi,Diesel,Automatic,Second,17.9,18.06,Mercedes-Benz,GLA Class 200 CDI SPORT,9,2
Hyderabad,Petrol,Manual,First,25.17,3.2,Renault,KWID RXT,10,0
Coimbatore,Petrol,Manual,First,18.16,6.42,Ford,Figo 2015-2019 1.2P Titanium Opt MT,9,1
Jaipur,Diesel,Manual,First,13.0,23.0,Toyota,Fortuner 4x2 Manual,11,2
Chennai,Petrol,Manual,First,17.0,5.9,Honda,City 1.5 S MT,13,1
Pune,Diesel,Manual,First,15.4,7.75,Mahindra,Scorpio S2 7 Seater,12,0
Hyderabad,Diesel,Automatic,First,13.2,15.0,BMW,3 Series 320d,14,2
Jaipur,Diesel,Manual,First,24.3,9.0,Maruti,Vitara Brezza ZDi Plus,9,1
Delhi,Petrol,Automatic,First,11.74,11.5,Mercedes-Benz,New C-Class C 200 CGI Elegance,15,3
Kolkata,Petrol,Manual,Second,17.01,6.2,Hyundai,Verna 1.6 VTVT,14,1
Kochi,Diesel,Manual,First,24.0,5.92,Hyundai,Grand i10 1.2 CRDi Sportz,9,0
Kolkata,Diesel,Manual,First,20.14,6.29,Volkswagen,Polo 1.5 TDI Highline,10,1
Kochi,Petrol,Manual,First,18.0,4.12,Honda,Amaze S i-Vtech,12,1
Pune,Petrol,Automatic,Third,10.1,3.8,Honda,CR-V 2.4 AT,19,2
Ahmedabad,Petrol,Manual,First,17.92,2.7,Hyundai,Santro Xing GL Plus,12,0
Coimbatore,Diesel,Automatic,First,15.0,20.28,Mercedes-Benz,B Class B200 CDI,9,1
Delhi,Petrol,Manual,First,18.0,3.9,Honda,Amaze S i-Vtech,12,1
Pune,Diesel,Automatic,Second,12.55,16.5,Toyota,Fortuner 4x2 AT,12,2
Pune,Petrol,Manual,First,17.01,3.7,Hyundai,Verna 1.6 VTVT,15,1
Delhi,Diesel,Automatic,First,10.5,79.0,Jaguar,XJ 3.0L Portfolio,10,5
Mumbai,Diesel,Automatic,First,22.69,17.99,BMW,3 Series 320d,13,3
Jaipur,Diesel,Manual,First,21.9,3.9,Hyundai,i20 Magna 1.4 CRDi (Diesel),13,1
Chennai,Diesel,Manual,First,18.5,3.12,Ford,Figo Diesel EXI Option,14,0
Pune,Petrol,Manual,First,14.0,1.65,Maruti,Wagon R LXI BSIII,19,0
Kolkata,Petrol,Manual,First,19.1,3.5,Hyundai,Xcent 1.2 Kappa S Option,11,1
Chennai,Diesel,Manual,Second,14.02,4.85,Mahindra,Xylo H4,11,1
Coimbatore,Diesel,Automatic,First,19.27,39.22,Mercedes-Benz,New C-Class C 220d Avantgarde Edition C,8,2
Kolkata,Petrol,Manual,Second,20.36,2.0,Hyundai,i10 Magna,19,0
Mumbai,Diesel,Manual,Second,11.5,10.45,Toyota,Fortuner 3.0 Diesel,16,2
Chennai,Petrol,Automatic,First,19.16,27.0,Toyota,Camry Hybrid,10,2
Kolkata,Diesel,Manual,First,20.0,2.25,Ford,Figo Diesel ZXI,15,0
Kolkata,Petrol,Manual,First,19.1,3.45,Hyundai,Xcent 1.2 Kappa S Option,12,1
Kochi,Petrol,Manual,First,18.6,6.14,Hyundai,i20 Sportz 1.2,10,1
Hyderabad,Diesel,Manual,First,28.4,4.0,Maruti,Dzire VDI,15,0
Kolkata,Petrol,Manual,First,17.0,2.59,Honda,City 1.5 S MT,16,1
Delhi,Diesel,Manual,First,27.39,6.96,Maruti,Baleno Delta 1.3,9,0
Kolkata,Petrol,Manual,First,18.3,2.19,Toyota,Etios Liva G,15,1
Jaipur,Petrol,Manual,First,21.1,3.0,Hyundai,EON Era Plus,10,0
Delhi,Diesel,Manual,First,20.14,3.6,Volkswagen,Polo 1.5 TDI Highline,14,1
Coimbatore,Diesel,Manual,Second,25.44,3.7,Chevrolet,Beat Diesel LS,12,0
Ahmedabad,Diesel,Automatic,First,22.48,21.75,BMW,5 Series 520d Luxury Line,13,3
Mumbai,Diesel,Automatic,First,17.9,45.0,Mercedes-Benz,GLC 220d 4MATIC Sport,9,2
Coimbatore,Petrol,Manual,Second,24.07,3.19,Maruti,Alto K10 VXI,15,0
Coimbatore,Petrol,Manual,First,20.14,6.2,Hyundai,Xcent 1.2 VTVT S,11,1
Coimbatore,Petrol,Manual,First,19.81,3.96,Hyundai,i10 Magna 1.1,13,0
Kolkata,Diesel,Manual,First,13.5,0.82,Tata,Indica DLS,17,1
Jaipur,Diesel,Manual,First,23.4,4.5,Maruti,Swift Dzire Tour LDI,10,0
Mumbai,Diesel,Manual,First,25.4,3.55,Hyundai,Xcent 1.2 CRDi E Plus,9,0
Chennai,Diesel,Manual,First,22.71,5.5,Nissan,Sunny Diesel XV,12,1
Mumbai,Petrol,Manual,First,15.8,10.25,Hyundai,Creta 1.6 SX Option,10,1
Delhi,Diesel,Automatic,First,12.9,30.0,Toyota,Fortuner 2.8 2WD AT,9,3
Pune,Petrol,Manual,Second,18.5,3.5,Maruti,Ritz VXi,12,1
Delhi,Diesel,Manual,First,23.08,3.1,Renault,Pulse RxL,12,0
Hyderabad,Petrol,Manual,First,17.5,3.25,Skoda,Fabia 1.2 MPI Ambiente Petrol,16,0
Mumbai,Diesel,Manual,First,23.0,8.99,Ford,EcoSport 1.5 Diesel Titanium,9,1
Kolkata,Petrol,Manual,First,15.04,3.99,Volkswagen,Vento Petrol Comfortline,11,1
Mumbai,Diesel,Manual,Second,19.01,6.0,Nissan,Terrano XV 110 PS,11,1
Mumbai,Diesel,Automatic,First,15.73,18.25,Audi,Q3 2012-2015 35 TDI Quattro Premium,11,3
Delhi,Diesel,Manual,First,12.99,7.75,Toyota,Innova 2.5 GX (Diesel) 7 Seater,14,1
Delhi,Petrol,Manual,Second,17.57,4.5,Tata,Zest Revotron 1.2T XE,9,1
Bangalore,Diesel,Manual,First,11.5,16.75,Toyota,Fortuner 3.0 Diesel,12,2
Pune,Diesel,Automatic,First,16.09,17.5,BMW,X3 xDrive20d,14,3
Chennai,Diesel,Manual,First,22.7,7.7,Maruti,SX4 S Cross DDiS 320 Zeta,10,1
Pune,Petrol,Manual,Second,17.0,4.45,Honda,City 1.5 S MT,14,1
Jaipur,Diesel,Manual,First,26.59,5.25,Maruti,Swift Dzire LDI,11,0
Kochi,Diesel,Automatic,First,22.69,33.66,BMW,3 Series 320d M Sport,9,3
Chennai,Petrol,Automatic,Second,19.34,2.8,Nissan,Micra XV CVT,13,0
Coimbatore,Petrol,Automatic,First,21.4,8.47,Maruti,Baleno Zeta Automatic,8,1
Coimbatore,Diesel,Manual,First,26.21,9.32,Maruti,Ciaz ZDi Plus,8,1
Coimbatore,Diesel,Automatic,First,17.9,27.43,Mercedes-Benz,CLA 200 CDI Style,9,2
Delhi,Diesel,Manual,First,24.5,6.5,Honda,Mobilio RS i DTEC,11,1
Delhi,Diesel,Manual,First,12.99,9.5,Toyota,Innova 2.5 GX (Diesel) 8 Seater,12,1
Kochi,Diesel,Automatic,First,14.74,31.8,Jaguar,XF 3.0 Litre S Premium Luxury,11,5
Chennai,Petrol,Manual,Second,17.6,4.2,Toyota,Etios Petrol TRD Sportivo,13,1
Kochi,Diesel,Manual,First,25.44,3.85,Chevrolet,Beat Diesel LS,13,0
Delhi,Petrol,Manual,Second,12.8,6.0,Honda,Accord 2.4 M/T,14,3
Hyderabad,Petrol,Manual,First,19.7,1.65,Maruti,Alto LXi,19,0
Bangalore,Diesel,Automatic,First,19.3,14.5,Skoda,Octavia Ambition 2.0 TDI AT,13,2
Delhi,Diesel,Manual,First,12.8,7.1,Toyota,Innova 2.5 V Diesel 7-seater,15,1
Chennai,Diesel,Automatic,First,17.11,28.0,Audi,A4 35 TDI Premium Sport,10,3
Kochi,Diesel,Manual,First,24.3,9.38,Maruti,Vitara Brezza ZDi Plus Dual Tone,9,1
Kochi,Petrol,Manual,First,18.9,4.78,Hyundai,Grand i10 Sportz,10,1
Chennai,Petrol,Manual,Second,13.4,1.7,Toyota,Corolla DX,23,1
Coimbatore,Diesel,Automatic,First,17.6,17.85,Tata,Hexa XTA,7,2
Pune,Petrol,Manual,Second,17.0,2.75,Hyundai,i20 2015-2017 1.2 Asta,16,0
Mumbai,Petrol,Manual,First,17.01,5.95,Hyundai,Verna 1.6 SX VTVT,12,1
Mumbai,Petrol,Manual,First,14.0,1.5,Maruti,Omni 8 Seater BSIV,15,0
Kochi,Petrol,Manual,First,24.7,3.8,Maruti,Alto 800 2016-2019 VXI,7,0
Bangalore,Diesel,Automatic,First,19.27,38.5,Mercedes-Benz,New C-Class C 220d Avantgarde Edition C,9,2
Jaipur,Petrol,Manual,First,19.81,2.15,Hyundai,i10 Era 1.1,15,0
Mumbai,Petrol,Automatic,Second,14.67,3.75,Skoda,Superb Style 1.8 TSI AT,16,3
Mumbai,Diesel,Automatic,First,21.5,8.95,Volkswagen,Vento 1.5 TDI Highline AT,10,1
Hyderabad,Diesel,Manual,First,17.8,5.0,Maruti,Swift VDI BSIV,13,1
Pune,Petrol,Manual,First,14.8,2.95,Honda,Civic 2010-2013 1.8 V MT,16,2
Coimbatore,Petrol,Automatic,First,12.05,10.49,BMW,3 Series 320i Sedan,16,2
Hyderabad,Petrol,Manual,Second,17.92,1.85,Hyundai,Santro Xing GLS,19,0
Hyderabad,Diesel,Manual,First,17.8,6.45,Maruti,Swift VDI BSIV,10,1
Jaipur,Petrol,Automatic,First,11.1,5.25,Honda,Accord 2001-2003 2.3 VTi L AT,17,2
Kolkata,Diesel,Manual,First,20.77,5.99,Maruti,Ertiga VDI,12,1
Kochi,Diesel,Manual,First,18.6,3.82,Ford,Fiesta Classic 1.4 Duratorq LXI,11,0
Hyderabad,Diesel,Automatic,First,12.07,39.0,Audi,Q7 3.0 TDI Quattro Premium Plus,14,4
Coimbatore,Diesel,Automatic,First,17.11,25.75,Audi,A4 35 TDI Premium,10,3
Hyderabad,Diesel,Manual,First,22.3,2.2,Tata,Indica Vista Quadrajet VX,14,0
Chennai,Diesel,Manual,Second,18.1,2.0,Hyundai,Verna CRDi ABS,18,1
Mumbai,Diesel,Automatic,First,16.1,56.5,Mercedes-Benz,E-Class E 220 d,8,3
Mumbai,Diesel,Automatic,Second,22.69,21.0,BMW,3 Series 320d Luxury Line,12,3
Ahmedabad,Diesel,Manual,First,24.0,4.0,Hyundai,Grand i10 CRDi Asta,12,0
Coimbatore,Petrol,Automatic,First,16.95,3.83,Hyundai,i10 Sportz AT,15,0
Kochi,Petrol,Manual,First,16.1,5.89,Maruti,Swift VXi BSIV,10,1
Kolkata,Petrol,Manual,First,17.92,1.36,Hyundai,Santro Xing GLS,16,0
Delhi,Diesel,Automatic,Second,17.54,44.0,BMW,6 Series Gran Coupe,13,5
Bangalore,Petrol,Manual,First,17.43,8.0,Hyundai,Verna 1.4 VTVT,10,1
Ahmedabad,Diesel,Manual,First,23.4,4.25,Maruti,Swift Dzire ZDI,14,0
Pune,Diesel,Manual,First,28.4,6.0,Maruti,Swift VDI,8,0
Kochi,Diesel,Automatic,First,19.5,16.61,Skoda,Octavia 2.0 TDI AT Style Plus,10,2
Coimbatore,Diesel,Manual,First,19.6,7.26,Renault,Duster 110PS Diesel RxL,13,1
Bangalore,Diesel,Manual,First,10.5,4.0,Mahindra,Scorpio 2.6 CRDe,21,1
Ahmedabad,Diesel,Automatic,First,18.12,34.51,BMW,5 Series 2013-2017 520d Luxury Line,10,3
Chennai,Petrol,Manual,Third,17.3,0.95,Maruti,Wagon R VXI BSIII,23,0
Hyderabad,Petrol,Manual,First,14.0,2.2,Maruti,Wagon R LXI BSIII,19,0
Mumbai,Petrol,Manual,First,18.6,5.75,Hyundai,i20 Sportz 1.2,9,1
Delhi,Diesel,Automatic,First,18.0,36.75,Land,Rover Discovery SE 3.0 TD6,10,4
Hyderabad,Petrol,Automatic,Second,11.7,10.0,Mercedes-Benz,New C-Class 230 Avantgarde,17,3
Mumbai,Diesel,Manual,First,21.64,4.05,Nissan,Sunny 2011-2014 Diesel XV,14,1
Hyderabad,Diesel,Automatic,First,12.07,22.0,Audi,Q7 3.0 TDI quattro,15,4
Coimbatore,Diesel,Automatic,First,17.9,27.87,Mercedes-Benz,CLA 200 CDI Sport,9,2
Kolkata,Diesel,Manual,First,24.3,8.75,Maruti,Vitara Brezza ZDi,8,1
Hyderabad,Diesel,Manual,First,19.3,4.79,Maruti,Swift Dzire Vdi BSIV,10,0
Coimbatore,Diesel,Manual,First,21.13,11.92,Skoda,Rapid 1.5 TDI Ambition,8,1
Coimbatore,Diesel,Automatic,Second,12.07,53.11,Audi,Q7 35 TDI Quattro Technology,10,4
Jaipur,Petrol,Manual,First,18.9,1.15,Maruti,Wagon R LXI,20,0
Pune,Diesel,Manual,First,25.1,7.45,Honda,City i DTEC VX Option,12,1
Jaipur,Petrol,Manual,First,21.1,3.5,Hyundai,EON Magna Plus,9,0
Kochi,Diesel,Automatic,First,13.0,70.15,Mercedes-Benz,E-Class 2015-2017 E350 CDI Avantgrade,8,4
Hyderabad,Diesel,Automatic,First,13.2,19.5,BMW,3 Series 320d,13,2
Pune,Petrol,Automatic,Second,12.05,15.0,BMW,3 Series 318i Sedan,14,2
Coimbatore,Diesel,Manual,First,17.45,7.57,Mahindra,NuvoSport N8,9,1
Hyderabad,Petrol,Manual,First,18.5,4.4,Maruti,Ritz VXi,14,1
Chennai,Diesel,Automatic,First,15.87,60.0,BMW,X6 xDrive 40d M Sport,10,5
Kolkata,Petrol,Manual,First,18.6,1.6,Chevrolet,Beat LT,16,0
Pune,Petrol,Manual,First,19.1,4.9,Maruti,Swift Dzire VXI,12,1
Delhi,Diesel,Manual,First,20.77,5.95,Maruti,Ertiga ZDI,12,1
Coimbatore,Diesel,Manual,First,20.45,5.35,Renault,Duster 85PS Diesel RxL,11,1
Hyderabad,Petrol,Automatic,First,15.5,5.4,Honda,Amaze VX AT i-Vtech,12,1
Coimbatore,Diesel,Automatic,First,17.11,23.45,Audi,A4 2.0 TDI Premium Sport Limited Edition,11,3
Hyderabad,Diesel,Manual,Second,18.7,1.9,Skoda,Octavia Ambiente 1.9 TDI MT,24,0
Pune,Diesel,Manual,First,25.8,6.1,Honda,Amaze E i-Dtech,10,1
Mumbai,Diesel,Manual,First,12.8,4.95,Toyota,Innova 2.5 EV Diesel MS 8 Str BSIII,20,1
Hyderabad,Petrol,Manual,Second,21.1,2.5,Hyundai,EON D Lite Plus,13,0
Chennai,Diesel,Manual,First,22.9,4.4,Maruti,Swift VDI,14,0
Hyderabad,Diesel,Manual,First,9.5,7.99,Mitsubishi,Pajero 2.8 GLX Sports,18,1
Hyderabad,Diesel,Automatic,First,13.1,10.99,Volvo,S80 D5,18,3
Delhi,Diesel,Automatic,First,12.55,18.5,Toyota,Fortuner 4x2 AT,12,2
Coimbatore,Diesel,Manual,First,16.3,21.69,Jeep,Compass 2.0 Limited 4X4,8,2
Coimbatore,Diesel,Manual,First,23.4,5.17,Maruti,Swift Dzire VDI,12,0
Delhi,Diesel,Manual,Second,22.32,4.5,Hyundai,Verna 1.6 SX,15,1
Kolkata,Diesel,Manual,First,12.05,6.75,Mahindra,Scorpio VLX 2WD BSIV,12,1
Kochi,Petrol,Manual,First,19.81,3.12,Hyundai,i10 Era,13,0
Hyderabad,Diesel,Manual,First,12.99,8.25,Toyota,Innova 2.5 G (Diesel) 8 Seater,15,1
Coimbatore,Diesel,Automatic,First,11.36,20.14,Toyota,Innova Crysta 2.8 ZX AT,9,2
Hyderabad,Diesel,Manual,First,12.99,12.6,Toyota,Innova 2.5 G (Diesel) 8 Seater,13,1
Kochi,Diesel,Manual,First,23.4,6.61,Maruti,Swift Dzire ZDI,11,0
Kochi,Diesel,Automatic,First,17.01,13.23,Hyundai,Creta 1.6 CRDi AT SX Plus,10,1
Mumbai,Diesel,Manual,First,12.99,4.75,Toyota,Innova 2.5 G (Diesel) 8 Seater BS IV,18,1
Mumbai,Diesel,Manual,Second,20.54,2.9,Volkswagen,Vento Diesel Highline,15,1
Hyderabad,Diesel,Manual,First,14.8,5.5,Chevrolet,Tavera LS B3 10 Seats BSIII,11,0
Kochi,Diesel,Automatic,Second,11.18,9.47,Mahindra,Ssangyong Rexton RX7,12,3
Mumbai,Petrol,Manual,First,20.36,1.95,Hyundai,i10 Magna,18,0
Kolkata,Petrol,Manual,First,20.36,2.2,Hyundai,i10 Sportz 1.2,15,0
Mumbai,Petrol,Manual,First,17.0,1.15,Hyundai,Santro Xing XG eRLX Euro III,20,1
Bangalore,Petrol,Manual,Second,18.0,4.35,Honda,Amaze S i-Vtech,13,1
Pune,Petrol,Automatic,First,23.1,4.5,Maruti,Celerio ZXI AT,10,0
Chennai,Petrol,Manual,First,18.9,3.55,Hyundai,Grand i10 Asta,13,1
Kolkata,Diesel,Manual,First,19.3,4.75,Maruti,Swift Dzire VDi,11,0
Coimbatore,Petrol,Manual,Second,20.36,4.52,Hyundai,i10 Sportz,14,0
Mumbai,Diesel,Automatic,First,15.06,12.75,BMW,X1 sDrive 20d Exclusive,14,3
Coimbatore,Diesel,Automatic,Second,17.11,20.04,Audi,A4 2.0 TDI 177 Bhp Premium Plus,12,3
Bangalore,Diesel,Manual,First,20.45,6.5,Nissan,Terrano XL 85 PS,12,1
Chennai,Diesel,Manual,First,11.56,7.5,Mitsubishi,Montero 3.2 GLS,19,3
Mumbai,Petrol,Automatic,First,22.5,4.15,Maruti,Wagon R VXI AMT,10,0
Hyderabad,Petrol,Manual,First,13.5,2.5,Honda,Civic 2006-2010 1.8 (E) MT,19,2
Pune,Petrol,Manual,First,18.6,5.4,Hyundai,i20 2015-2017 Magna 1.2,10,1
Mumbai,Petrol,Manual,First,24.07,3.15,Maruti,Alto K10 VXI,10,0
Bangalore,Diesel,Automatic,Second,12.07,52.5,Audi,Q7 35 TDI Quattro Technology,11,4
Delhi,Petrol,Manual,First,18.6,5.95,Hyundai,i20 Sportz Option 1.2,10,1
Coimbatore,Petrol,Automatic,First,23.84,6.97,Tata,Tiago AMT 1.2 Revotron XZA,7,1
Hyderabad,Petrol,Manual,First,20.36,3.2,Hyundai,i10 Sportz 1.2,15,0
Bangalore,Diesel,Manual,First,20.46,6.69,Renault,Duster 85PS Diesel RxL Optional,13,1
Bangalore,Diesel,Manual,Second,13.49,5.9,Tata,Xenon XT EX 4X4,12,2
Kolkata,Petrol,Manual,First,18.5,2.25,Hyundai,i20 Magna,17,0
Kolkata,Diesel,Manual,First,23.4,4.5,Maruti,Swift Dzire VDI,13,0
Pune,Petrol,Manual,First,22.0,2.61,Hyundai,EON Magna,11,0
Jaipur,Diesel,Automatic,First,14.84,11.5,Mercedes-Benz,New C-Class 220 CDI AT,16,2
Mumbai,Petrol,Automatic,First,16.82,35.0,Mini,Cooper Convertible S,10,3
Jaipur,Petrol,Manual,First,26.0,0.5,Tata,Nano Cx,16,0
Kolkata,Diesel,Manual,Second,26.21,5.75,Maruti,Ciaz ZDi Plus,11,1
Pune,Diesel,Manual,First,22.0,11.5,Hyundai,Verna CRDi 1.6 SX Option,9,1
Jaipur,Petrol,Manual,First,21.1,2.75,Hyundai,EON Era Plus,11,0
Chennai,Diesel,Automatic,Second,18.12,31.5,BMW,5 Series 2013-2017 520d Luxury Line,10,3
Kochi,Petrol,Manual,First,19.4,4.92,Honda,Brio S MT,10,1
Pune,Diesel,Manual,First,23.2,3.52,Maruti,Ritz VDi,14,0
Chennai,Diesel,Automatic,First,18.88,17.55,BMW,3 Series 320d Prestige,12,3
Pune,Diesel,Manual,First,26.59,5.8,Maruti,Swift Dzire LDI,10,0
Hyderabad,Diesel,Manual,First,23.4,6.95,Maruti,Swift Dzire VDI,13,0
Kolkata,Petrol,Manual,First,16.95,2.4,Renault,Scala RxL,13,1
Mumbai,Diesel,Automatic,First,14.39,5.25,Chevrolet,Cruze LTZ AT,13,2
Ahmedabad,Petrol,Manual,First,17.5,4.25,Maruti,Swift Dzire ZXi,14,1
Jaipur,Diesel,Manual,First,19.09,1.5,Tata,Indigo CS LX (TDI) BS III,18,0
Jaipur,Diesel,Manual,First,24.0,4.5,Hyundai,Grand i10 CRDi Sportz,10,0
Pune,Diesel,Manual,First,22.3,2.5,Tata,Indica Vista Quadrajet LS,12,0
Chennai,Diesel,Manual,Third,17.8,1.55,Ford,Fiesta 1.4 TDCi EXI,20,0
Pune,Diesel,Manual,First,19.87,6.5,Renault,Duster 85PS Diesel RxE,10,1
Kochi,Diesel,Manual,First,24.0,4.96,Hyundai,Grand i10 CRDi SportZ Edition,11,0
Bangalore,Petrol,Manual,First,19.4,3.25,Honda,Brio S MT,14,1
Kolkata,Petrol,Automatic,First,12.3,8.5,Audi,A4 1.8 TFSI,16,2
Bangalore,Petrol,Manual,Second,24.7,2.75,Maruti,Alto 800 2016-2019 LXI,12,0
Bangalore,Petrol,Manual,Second,16.2,3.4,Hyundai,Verna Transform SX VTVT,15,1
Hyderabad,Diesel,Manual,First,20.77,7.0,Maruti,Ertiga ZDI,13,1
Kochi,Petrol,Manual,First,12.9,3.21,Chevrolet,Optra Magnum 1.6 LT ABS BS3,14,1
Coimbatore,Diesel,Manual,First,19.67,14.25,Hyundai,Creta 1.6 CRDi SX Option,10,1
Hyderabad,Diesel,Manual,First,20.34,6.5,Volkswagen,Vento 1.5 TDI Highline,12,1
Kolkata,Petrol,Manual,First,17.4,5.49,Honda,City i VTEC SV,12,1
Pune,Petrol,Manual,Third,16.8,0.8,Hyundai,Getz GLS ABS,21,1
Kochi,Petrol,Manual,First,17.0,1.99,Hyundai,Santro Xing XG eRLX Euro III,19,1
Coimbatore,Petrol,Automatic,Second,18.9,5.91,Hyundai,Grand i10 AT Asta,11,1
Coimbatore,Petrol,Manual,First,18.9,6.44,Hyundai,Grand i10 1.2 Kappa Sportz Option,7,1
Jaipur,Petrol,Manual,First,18.9,4.6,Hyundai,Grand i10 Sportz,11,1
Pune,Diesel,Manual,Second,17.8,2.35,Maruti,Swift VDI BSIV,19,1
Coimbatore,Petrol,Manual,First,18.6,7.21,Hyundai,i20 Asta 1.2,10,1
Pune,Diesel,Manual,First,19.87,8.0,Renault,Duster 85PS Diesel RxL,10,1
Hyderabad,Diesel,Manual,Second,19.3,3.5,Maruti,Swift Dzire VDi,17,0
Pune,Diesel,Manual,First,12.8,5.9,Toyota,Innova 2.5 G (Diesel) 8 Seater BS IV,18,1
Coimbatore,Petrol,Manual,Second,25.4,1.74,Tata,Nano Twist XT,11,0
Mumbai,Petrol,Manual,First,18.12,6.8,Ford,Figo 2015-2019 1.2P Sports Edition MT,7,1
Jaipur,Petrol,Manual,First,18.6,7.5,Hyundai,i20 1.2 Asta Option,9,1
Pune,Petrol,Manual,First,15.4,8.0,Honda,BRV i-VTEC V MT,10,1
Hyderabad,Diesel,Manual,First,27.4,5.99,Honda,Amaze S Diesel,11,1
Mumbai,Diesel,Manual,First,19.67,12.9,Hyundai,Creta 1.6 CRDi SX,9,1
Delhi,Petrol,Manual,First,21.4,7.0,Maruti,Baleno Zeta 1.2,8,1
Hyderabad,Diesel,Automatic,First,14.16,35.0,Audi,Q5 2.0 TDI Technology,12,3
Jaipur,Diesel,Manual,First,25.8,5.5,Honda,Amaze S i-DTEC,11,1
Coimbatore,Diesel,Automatic,First,11.0,18.46,BMW,X5 3.0d,16,4
Jaipur,Petrol,Manual,First,15.6,2.4,Ford,Figo Petrol Titanium,16,0
Pune,Petrol,Manual,Third,18.9,1.0,Maruti,Wagon R VXI,24,0
Ahmedabad,Petrol,Manual,Second,19.81,2.65,Hyundai,i10 Era,14,0
Kochi,Diesel,Automatic,First,21.66,5.96,Skoda,Rapid 1.5 TDI AT Elegance,11,1
Kolkata,Diesel,Automatic,First,17.85,75.0,Porsche,Panamera Diesel,11,5
Kochi,Petrol,Automatic,First,15.04,27.15,Mercedes-Benz,CLA 200 Sport Edition,9,3
Ahmedabad,Petrol,Automatic,Second,10.4,10.5,Audi,A6 2.8 FSI,18,3
Chennai,Petrol,Manual,First,20.73,6.7,Maruti,Ciaz ZXi Plus,11,1
Kolkata,Diesel,Manual,First,22.7,4.9,Ford,Ecosport 1.5 DV5 MT Titanium,13,1
Hyderabad,Diesel,Manual,First,16.5,8.0,Mahindra,Bolero mHAWK D70 ZLX,9,0
Kochi,Petrol,Manual,First,24.07,3.63,Maruti,Alto K10 VXI,8,0
Mumbai,Petrol,Manual,First,17.5,4.8,Maruti,Swift Dzire 1.2 Vxi BSIV,11,1
Mumbai,Petrol,Manual,First,17.57,4.25,Tata,Zest Revotron 1.2T XE,9,1
Coimbatore,Diesel,Automatic,First,10.91,30.27,Ford,Endeavour 3.2 Trend AT 4X4,8,3
Jaipur,Diesel,Manual,First,15.8,14.25,Mercedes-Benz,New C-Class C 220 CDI CLASSIC,13,2
Ahmedabad,Petrol,Automatic,First,16.95,3.41,Hyundai,i10 Sportz AT,14,0
Delhi,Petrol,Manual,First,17.0,2.78,Honda,City 1.5 S MT,17,1
Ahmedabad,Diesel,Automatic,First,19.3,15.5,Skoda,Octavia Elegance 2.0 TDI AT,11,2
Chennai,Diesel,Manual,First,25.0,3.0,Tata,Indica V2 eLS,9,0
Pune,Petrol,Manual,First,18.9,2.3,Maruti,Wagon R VXi BSII,14,0
Kochi,Diesel,Manual,First,19.67,13.28,Hyundai,Creta 1.6 CRDi SX,9,1
Hyderabad,Petrol,Manual,First,19.0,2.25,Maruti,A-Star Lxi,17,0
Kochi,Petrol,Manual,First,22.5,3.36,Maruti,Wagon R LXI,15,0
Kolkata,Petrol,Manual,First,17.3,4.25,Honda,Mobilio E i VTEC,12,1
Coimbatore,Petrol,Manual,First,20.36,4.3,Hyundai,i10 Magna,14,0
Coimbatore,Diesel,Manual,First,22.54,9.18,Hyundai,i20 1.4 Sportz,8,1
Hyderabad,Petrol,Manual,First,23.1,4.99,Maruti,Celerio ZXI Optional,9,0
Pune,Petrol,Manual,First,13.4,3.75,Skoda,Laura 1.8 TSI Ambiente,15,2
Chennai,Diesel,Manual,First,20.0,2.5,Ford,Figo Diesel LXI,16,0
Hyderabad,Diesel,Manual,First,27.3,7.2,Honda,Jazz 1.5 VX i DTEC,10,1
Ahmedabad,Diesel,Automatic,First,15.0,29.5,Mercedes-Benz,E-Class 2015-2017 E250 Edition E,10,3
Chennai,Diesel,Automatic,First,17.9,17.55,Mercedes-Benz,GLA Class 200 CDI SPORT,11,2
Chennai,Diesel,Automatic,First,18.5,12.0,Volvo,S60 D3,14,2
Bangalore,Diesel,Automatic,First,11.8,13.5,Audi,A8 L 3.0 TDI quattro,17,4
Kolkata,Diesel,Automatic,First,22.32,5.1,Hyundai,Verna 1.6 SX CRDI (O) AT,12,1
Kolkata,Diesel,Automatic,First,22.69,10.3,BMW,3 Series 320d,15,3
Delhi,Diesel,Manual,First,22.32,5.7,Hyundai,Verna 1.6 SX,12,1
Kochi,Petrol,Manual,First,22.5,3.41,Maruti,Wagon R VXI,12,0
Hyderabad,Diesel,Manual,Second,20.0,2.4,Ford,Figo Diesel EXI,16,0
Coimbatore,Petrol,Manual,First,18.15,5.6,Mahindra,KUV 100 mFALCON G80 K2,9,1
Pune,Diesel,Manual,First,17.0,1.0,Tata,Indigo LS,20,0
Hyderabad,Diesel,Automatic,First,18.49,8.2,Mahindra,TUV 300 T8 AMT,9,1
Bangalore,Diesel,Automatic,First,15.17,27.5,Audi,Q3 35 TDI Quattro Premium Plus,11,3
Jaipur,Petrol,Manual,First,21.5,3.5,Maruti,Wagon R VXI 1.2,11,1
Coimbatore,Diesel,Manual,First,24.3,10.34,Maruti,Vitara Brezza ZDi Plus Dual Tone,9,1
Mumbai,Diesel,Manual,First,12.7,3.25,Mahindra,Scorpio DX 2.6 Turbo 8 Str,20,1
Jaipur,Diesel,Manual,Third,12.6,5.0,Hyundai,Tucson CRDi,19,1
Hyderabad,Petrol,Manual,First,17.92,2.25,Hyundai,Santro Xing GLS,18,0
Kochi,Diesel,Automatic,First,18.18,51.52,Porsche,Panamera Diesel 250hp,12,4
Kochi,Diesel,Manual,First,24.3,8.62,Maruti,Vitara Brezza VDi Option,8,1
Mumbai,Diesel,Manual,First,23.4,7.25,Maruti,Swift Dzire VDI,9,0
Kochi,Petrol,Manual,First,19.5,5.47,Honda,Amaze V Petrol,10,1
Pune,Diesel,Automatic,First,16.36,31.0,Jaguar,XF 2.2 Litre Luxury,12,3
Kochi,Petrol,Automatic,First,16.82,35.98,Mini,Cooper Convertible S,9,3
Jaipur,Petrol,Manual,First,21.1,3.42,Hyundai,EON Era Plus,9,0
Ahmedabad,Diesel,Automatic,Second,16.77,11.5,Audi,A6 3.0 TDI quattro,18,4
Pune,Petrol,Manual,First,17.19,7.25,Hyundai,i20 Active 1.2 SX Dual Tone,10,1
Chennai,Diesel,Manual,First,28.4,8.0,Maruti,Swift AMT DDiS VDI,8,0
Kochi,Diesel,Manual,First,22.7,7.33,Ford,Ecosport 1.5 DV5 MT Titanium,11,1
Kolkata,Petrol,Manual,First,18.9,3.35,Maruti,Wagon R VXI BS IV with ABS,10,0
Mumbai,Diesel,Manual,First,20.34,4.4,Volkswagen,Vento 1.5 TDI Highline,13,1
Kolkata,Petrol,Manual,First,17.6,2.99,Toyota,Etios VX,14,1
Bangalore,Petrol,Manual,First,18.7,5.6,Honda,Jazz 1.2 SV i VTEC,11,1
Coimbatore,Diesel,Manual,First,20.14,6.63,Volkswagen,CrossPolo 1.5 TDI,10,1
Kochi,Diesel,Manual,First,21.66,7.9,Volkswagen,Ameo 1.5 TDI Highline,8,1
Kochi,Petrol,Manual,First,16.8,7.0,Honda,City V MT Exclusive,11,1
Hyderabad,Petrol,Automatic,First,16.5,4.95,Honda,Brio VX AT,12,1
Mumbai,Petrol,Automatic,First,14.3,9.19,Skoda,Rapid 1.6 MPI AT Style,9,1
Hyderabad,Diesel,Manual,First,16.8,5.1,Hyundai,Verna CRDi,15,1
Jaipur,Diesel,Manual,First,21.19,5.9,Hyundai,i20 Active S Diesel,11,1
Kochi,Petrol,Automatic,First,21.4,9.51,Maruti,Baleno Alpha CVT,7,1
Mumbai,Petrol,Manual,Second,11.1,3.9,Honda,CR-V 2.4L 4WD MT,18,2
Coimbatore,Petrol,Manual,Second,19.1,5.39,Maruti,Swift Dzire VXI,12,1
Pune,Diesel,Manual,Second,19.3,3.0,Maruti,Swift Dzire VDi,17,0
Jaipur,Diesel,Manual,First,23.4,4.3,Maruti,Swift Dzire ZDI,14,0
Jaipur,Petrol,Manual,First,20.85,6.75,Maruti,Swift Dzire ZXI,9,1
Jaipur,Petrol,Manual,First,18.9,4.5,Hyundai,Grand i10 Sportz,9,1
Chennai,Diesel,Manual,First,17.8,2.75,Ford,Fiesta 1.4 ZXi TDCi ABS,16,0
Chennai,Diesel,Manual,First,23.9,9.0,Hyundai,Verna 1.6 CRDi S,10,1
Delhi,Diesel,Manual,Second,20.0,2.55,Ford,Figo Diesel EXI,12,0
Coimbatore,Diesel,Manual,First,21.12,3.54,Tata,Manza Aqua Quadrajet BS IV,12,1
Ahmedabad,Petrol,Manual,First,13.5,4.25,Honda,Civic 2006-2010 1.8 S MT,17,2
Ahmedabad,Petrol,Manual,Second,19.7,1.2,Maruti,Alto LX BSIII,19,0
Ahmedabad,Diesel,Automatic,First,22.48,19.5,BMW,5 Series 520d Luxury Line,13,3
Bangalore,Diesel,Manual,Second,16.0,12.0,Mahindra,XUV500 W8 2WD,11,2
Hyderabad,Diesel,Manual,First,23.2,3.9,Maruti,Ritz VDi,14,0
Kochi,Diesel,Manual,First,24.3,9.13,Maruti,Vitara Brezza ZDi Plus,9,1
Pune,Petrol,Manual,First,15.1,2.25,Maruti,Eeco 7 Seater Standard,15,0
Mumbai,Petrol,Manual,First,17.5,3.25,Maruti,Swift Dzire 1.2 Vxi BSIV,14,1
Coimbatore,Diesel,Automatic,First,17.01,14.79,Hyundai,Creta 1.6 CRDi AT SX Plus,9,1
Mumbai,Petrol,Manual,First,22.5,2.35,Maruti,Wagon R LXI,16,0
Kolkata,Diesel,Manual,First,27.62,3.1,Maruti,Celerio ZDi,11,0
Delhi,Diesel,Automatic,First,13.01,12.9,Hyundai,Santa Fe 2WD AT,12,3
Kolkata,Petrol,Manual,First,21.1,2.5,Hyundai,EON D Lite Plus Option,9,0
Delhi,Petrol,Manual,First,18.5,3.65,Hyundai,i20 Sportz 1.2,13,1
Bangalore,Petrol,Manual,First,17.1,7.5,Hyundai,Verna 1.6 SX VTVT (O),12,1
Kochi,Petrol,Manual,First,18.4,3.74,Honda,Brio S Option MT,13,1
Kochi,Petrol,Manual,First,20.4,5.86,Maruti,Swift VXI Optional,9,1
Coimbatore,Diesel,Automatic,First,19.27,39.62,Mercedes-Benz,New C-Class C 220d Avantgarde Edition C,8,2
Coimbatore,Diesel,Manual,First,25.2,7.05,Maruti,Swift VDI Optional,8,0
Delhi,Diesel,Automatic,First,28.4,7.5,Maruti,Swift AMT VDI,8,0
Chennai,Diesel,Manual,First,25.44,2.1,Chevrolet,Beat Diesel LS,14,0
Delhi,Petrol,Automatic,First,13.7,11.6,Skoda,Superb Elegance 1.8 TSI AT,12,2
Bangalore,Diesel,Automatic,Second,14.84,19.25,Mercedes-Benz,New C-Class C 220 CDI BE Avantgare,14,2
Coimbatore,Diesel,Manual,First,13.68,17.92,Toyota,Innova Crysta 2.4 VX MT 8S,9,2
Kolkata,Petrol,Manual,First,20.36,3.6,Hyundai,i10 Sportz,10,0
Ahmedabad,Diesel,Manual,Second,25.8,4.5,Honda,Amaze S i-DTEC,12,1
Hyderabad,Diesel,Manual,First,21.9,7.4,Hyundai,i20 Magna 1.4 CRDi (Diesel),9,1
Coimbatore,Diesel,Automatic,First,11.57,59.29,Mercedes-Benz,GLE 350d,8,4
Kolkata,Diesel,Manual,First,12.05,5.5,Mahindra,Scorpio 2009-2014 SLE 7S BSIV,15,1
Bangalore,Petrol,Manual,Second,15.3,1.75,Hyundai,Getz GLE,20,1
Mumbai,Petrol,Manual,First,21.4,6.75,Maruti,Baleno Alpha,10,1
Chennai,Diesel,Manual,First,16.52,3.95,Chevrolet,Optra Magnum 2.0 LT,15,1
Mumbai,Petrol,Manual,First,17.1,4.2,Hyundai,Verna 1.6 SX VTVT (O),15,1
Hyderabad,Petrol,Manual,First,17.0,8.4,Honda,City 1.5 V MT,10,1
Mumbai,Petrol,Automatic,First,17.21,8.25,Volkswagen,Polo GT TSI,9,1
Bangalore,Petrol,Manual,First,19.4,3.31,Honda,Brio E MT,13,1
Ahmedabad,Diesel,Manual,First,26.59,7.5,Maruti,Swift Dzire VDI,9,0
Pune,Petrol,Manual,First,17.0,4.75,Honda,City 1.5 V MT Exclusive,14,1
Pune,Diesel,Automatic,Second,11.18,8.79,Mahindra,Ssangyong Rexton RX7,13,3
Pune,Petrol,Manual,First,13.1,9.5,Skoda,Superb Elegance 1.8 TSI MT,12,2
Kolkata,Petrol,Manual,First,19.7,1.55,Maruti,Alto LXi,16,0
Jaipur,Diesel,Manual,First,23.0,5.85,Hyundai,i20 Asta (o) 1.4 CRDi (Diesel),12,1
Coimbatore,Petrol,Manual,First,15.8,7.52,Ford,Ecosport 1.5 Ti VCT MT Trend,12,1
Hyderabad,Diesel,Manual,First,23.08,3.6,Nissan,Micra Diesel XV,15,0
Kochi,Petrol,Manual,First,19.4,4.73,Honda,Brio E MT,10,1
Delhi,Diesel,Automatic,First,11.18,10.5,Mahindra,Ssangyong Rexton RX7,13,3
Coimbatore,Diesel,Automatic,First,16.46,34.54,BMW,7 Series 730Ld Sedan,13,4
Kochi,Petrol,Manual,First,18.9,6.07,Hyundai,Grand i10 1.2 Kappa Sportz,8,1
Coimbatore,Petrol,Manual,First,21.4,7.76,Maruti,Baleno Delta 1.2,8,1
Coimbatore,Diesel,Manual,First,11.68,7.46,Mahindra,Xylo E8 ABS BS IV,10,1
Delhi,Diesel,Manual,First,21.8,3.49,Renault,Fluence Diesel E4,14,0
Coimbatore,Petrol,Manual,Second,18.5,4.05,Hyundai,i20 1.2 Magna,14,0
Kochi,Diesel,Manual,First,10.5,11.88,Mitsubishi,Pajero 2.8 SFX,13,1
Pune,Petrol,Automatic,First,14.53,6.45,Toyota,Corolla Altis 2008-2013 1.8 VL AT,15,2
Pune,Diesel,Automatic,First,15.97,50.0,BMW,X5 X5 M,11,4
Pune,Petrol,Automatic,First,10.9,9.0,BMW,3 Series 2005-2011 325i Sedan,15,3
Coimbatore,Diesel,Automatic,First,17.01,14.25,Hyundai,Creta 1.6 CRDi AT SX Plus,10,1
Coimbatore,Diesel,Manual,First,18.49,7.36,Mahindra,TUV 300 2015-2019 T8,9,1
Delhi,Diesel,Manual,First,12.05,4.4,Mahindra,Scorpio VLX 2.2 mHawk BSIII,16,1
Mumbai,Petrol,Manual,First,25.17,3.1,Renault,KWID RXT,10,0
Coimbatore,Petrol,Automatic,First,22.5,4.28,Renault,KWID 1.0 RXT Optional AMT,9,0
Pune,Petrol,Manual,First,16.1,5.5,Maruti,Swift VXi BSIV,9,1
Kolkata,Diesel,Automatic,First,17.0,6.99,Skoda,Laura 1.9 TDI AT Ambiente,14,1
Coimbatore,Petrol,Manual,First,24.7,4.29,Maruti,Alto 800 2016-2019 VXI,8,0
Delhi,Petrol,Manual,First,18.6,4.2,Maruti,Swift VXI,12,1
Pune,Diesel,Manual,First,23.0,4.11,Hyundai,i20 1.4 CRDi Sportz,14,1
Mumbai,Diesel,Automatic,First,15.73,18.75,Audi,Q3 2012-2015 35 TDI Quattro Premium,11,3
Mumbai,Diesel,Automatic,First,11.57,64.95,Mercedes-Benz,GLE 350d,9,4
Mumbai,Petrol,Manual,Second,19.81,1.59,Hyundai,i10 Era,16,0
Kolkata,Petrol,Manual,First,20.51,3.6,Maruti,Wagon R LXI Optional,10,0
Kochi,Petrol,Manual,Second,17.8,7.87,Honda,City i VTEC V,9,1
Mumbai,Petrol,Manual,First,18.9,5.55,Hyundai,Grand i10 1.2 Kappa Sportz,8,1
Jaipur,Diesel,Manual,Second,25.1,6.4,Honda,City i DTEC VX,12,1
Mumbai,Petrol,Manual,Third,17.5,2.65,Maruti,Swift Dzire VXi,17,1
Delhi,Petrol,Manual,First,17.5,5.5,Maruti,Swift Dzire ZXi,11,1
Kochi,Diesel,Manual,First,15.1,7.31,Mahindra,XUV500 W8 2WD,13,2
Jaipur,Diesel,Manual,First,28.09,7.1,Maruti,Ciaz ZDi Plus SHVS,10,1
Kochi,Diesel,Manual,First,22.32,7.83,Hyundai,Verna 1.6 SX CRDi (O),10,1
Mumbai,Diesel,Manual,First,13.1,0.85,Hyundai,Accent CRDi,21,1
Mumbai,Petrol,Manual,First,19.4,3.55,Honda,Brio S MT,12,1
Coimbatore,Petrol,Manual,First,17.19,8.19,Hyundai,i20 Active 1.2 SX,9,1
Pune,Diesel,Automatic,First,18.88,28.0,BMW,3 Series 320d Sport Line,8,3
Chennai,Diesel,Automatic,First,16.96,13.0,Volkswagen,Jetta 2013-2015 2.0L TDI Highline AT,11,2
Chennai,Petrol,Manual,Second,15.26,3.29,Volkswagen,Polo Petrol Highline 1.6L,15,1
Pune,Petrol,Manual,Second,16.1,4.41,Maruti,Swift VXi BSIV,11,1
Kolkata,Diesel,Manual,First,19.01,4.99,Renault,Duster 110PS Diesel RxZ,13,1
Hyderabad,Diesel,Automatic,First,18.56,17.98,BMW,X3 xDrive 20d Luxury Line,17,3
Coimbatore,Diesel,Manual,First,20.5,7.71,Fiat,Avventura MULTIJET Emotion,8,1
Delhi,Petrol,Manual,First,20.51,2.8,Maruti,Wagon R Stingray VXI,13,0
Kolkata,Diesel,Manual,First,22.1,3.0,Chevrolet,Sail Hatchback LS ABS,13,0
Coimbatore,Diesel,Manual,First,15.1,12.49,Mahindra,XUV500 W8 2WD,11,2
Kochi,Diesel,Manual,First,23.0,5.0,Tata,Zest Quadrajet 1.3,10,1
Kochi,Diesel,Automatic,First,18.56,32.64,BMW,X3 xDrive20d xLine,9,3
Chennai,Diesel,Manual,First,25.2,6.5,Maruti,Swift VDI BSIV,11,0
Bangalore,Diesel,Automatic,First,18.12,35.0,BMW,5 Series 2013-2017 520d Luxury Line,11,3
Chennai,Diesel,Manual,Second,25.0,2.0,Tata,Indigo CS eVX,11,0
Kochi,Diesel,Manual,First,15.1,9.46,Mahindra,XUV500 W8 2WD,11,2
Kochi,Diesel,Automatic,Second,12.07,39.0,Audi,Q7 35 TDI Quattro Premium Plus,10,4
Hyderabad,Diesel,Automatic,First,18.48,15.0,BMW,5 Series 2003-2012 520d,17,3
Coimbatore,Petrol,Manual,First,17.1,6.15,Hyundai,Verna 1.6 SX VTVT (O),13,1
Pune,Diesel,Automatic,Second,13.01,14.5,Hyundai,Santa Fe 4WD AT,11,3
Kochi,Petrol,Automatic,First,20.51,5.18,Maruti,Wagon R AMT VXI,8,0
Pune,Petrol,Manual,Second,17.3,1.24,Maruti,Wagon R LX BSIII,19,0
Kolkata,Petrol,Manual,First,18.5,2.8,Hyundai,i20 Sportz 1.2,13,1
Kochi,Petrol,Automatic,Second,13.7,5.23,Skoda,Superb Elegance 1.8 TSI AT,15,2
Pune,Petrol,Manual,Second,15.3,0.45,Hyundai,Getz GLS,21,1
Delhi,Petrol,Manual,First,18.9,3.25,Maruti,Wagon R LXI BS IV,12,0
Kolkata,Petrol,Manual,First,16.8,1.5,Maruti,Omni MPI CARGO BSIV,11,0
Mumbai,Petrol,Manual,First,20.36,2.85,Hyundai,i10 Magna 1.2,14,0
Kochi,Petrol,Manual,First,21.7,4.5,Renault,KWID 1.0 RXT Optional,8,0
Bangalore,Diesel,Automatic,First,15.0,16.25,Mercedes-Benz,B Class 2012-2015 B200 Sport CDI,12,1
Mumbai,Petrol,Automatic,First,17.21,7.75,Volkswagen,Polo GT TSI,9,1
Bangalore,Diesel,Manual,Third,12.05,4.35,Mahindra,Scorpio VLX 4WD,19,1
Kochi,Diesel,Automatic,First,12.9,33.13,Toyota,Fortuner 2.8 2WD AT,7,3
Coimbatore,Diesel,Manual,First,25.44,3.63,Chevrolet,Beat Diesel LT,13,0
Delhi,Diesel,Manual,First,12.8,4.75,Toyota,Innova 2.5 G4 Diesel 8-seater,16,1
Kochi,Petrol,Manual,First,20.85,6.51,Maruti,Swift Dzire VXI,8,1
Hyderabad,Petrol,Manual,First,21.7,4.8,Renault,KWID Climber 1.0 MT,8,0
Hyderabad,Diesel,Manual,First,22.95,6.0,Tata,Bolt Quadrajet XM,9,0
Coimbatore,Petrol,Manual,First,18.9,6.4,Hyundai,Grand i10 Asta,10,1
Ahmedabad,Diesel,Manual,First,20.34,4.9,Volkswagen,Vento 1.5 TDI Highline,12,1
Coimbatore,Diesel,Automatic,First,17.68,20.57,Audi,A6 2011-2015 2.0 TDI,13,3
Kolkata,Diesel,Manual,First,19.3,4.76,Maruti,Swift Dzire Ldi BSIV,11,0
Kochi,Petrol,Manual,First,18.0,2.0,Chevrolet,Spark 1.0 LT,14,0
Coimbatore,Diesel,Automatic,First,22.69,9.92,BMW,3 Series 320d,17,3
Kochi,Petrol,Manual,First,21.1,3.69,Hyundai,EON Era Plus,8,0
Hyderabad,Diesel,Manual,First,23.4,5.75,Maruti,Swift Dzire VDI,13,0
Hyderabad,Diesel,Manual,First,20.14,5.7,Volkswagen,CrossPolo 1.5 TDI,12,1
Coimbatore,Petrol,Manual,First,18.0,4.94,Honda,Amaze E i-Vtech,12,1
Kochi,Petrol,Automatic,First,14.4,4.29,Volkswagen,Vento Petrol Highline AT,14,1
Kolkata,Petrol,Manual,First,20.51,3.0,Maruti,Wagon R Stingray VXI,12,0
Hyderabad,Diesel,Manual,First,20.14,6.5,Volkswagen,Polo 1.5 TDI Highline,12,1
Jaipur,Petrol,Manual,Second,16.47,4.9,Volkswagen,Polo Petrol Comfortline 1.2L,11,0
Kochi,Diesel,Manual,First,25.8,5.4,Honda,Amaze SX i-DTEC,10,1
Delhi,Diesel,Automatic,First,18.53,24.0,Audi,A6 35 TDI Matrix,12,3
Kochi,Diesel,Manual,First,24.7,7.46,Tata,Tigor 1.05 Revotorq XZ Option,7,0
Kochi,Diesel,Automatic,First,21.5,9.6,Volkswagen,Vento 1.5 TDI Highline AT,9,1
Hyderabad,Diesel,Automatic,First,18.53,25.0,Audi,A6 35 TDI Matrix,12,3
Hyderabad,Diesel,Manual,First,19.01,6.8,Nissan,Terrano XL 110 PS,12,1
Coimbatore,Diesel,Automatic,First,21.66,8.59,Skoda,Rapid 1.5 TDI AT Elegance,10,1
Hyderabad,Diesel,Manual,First,25.83,5.29,Ford,Figo Aspire 1.5 TDCi Trend,10,1
Pune,Diesel,Manual,First,15.42,2.5,Tata,Venture EX,15,0
Chennai,Diesel,Automatic,First,14.84,13.9,Mercedes-Benz,New C-Class C 220 CDI BE Avantgare,15,2
Jaipur,Diesel,Manual,Second,13.0,20.0,Toyota,Fortuner 4x2 Manual,12,2
Delhi,Petrol,Manual,Second,17.0,3.4,Honda,City 1.5 V MT,15,1
Mumbai,Petrol,Manual,First,18.6,5.5,Hyundai,i20 Asta Option 1.2,11,1
Hyderabad,Diesel,Manual,Second,20.54,3.65,Volkswagen,Vento Diesel Trendline,14,1
Kochi,Diesel,Manual,First,13.1,5.86,Ford,Endeavour 2.5L 4X2 MT,15,2
Coimbatore,Petrol,Automatic,First,14.8,10.44,Ford,EcoSport 1.5 Petrol Titanium Plus AT,8,1
Bangalore,Diesel,Manual,First,17.8,5.0,Maruti,Swift VDI BSIV,13,1
Coimbatore,Diesel,Manual,First,23.0,3.37,Hyundai,i20 Sportz Diesel,15,1
Delhi,Diesel,Manual,First,12.99,6.95,Toyota,Innova 2.5 VX (Diesel) 8 Seater,15,1
Mumbai,Diesel,Manual,First,21.5,9.9,Tata,Nexon 1.5 Revotorq XZ Plus Dual Tone,8,1
Hyderabad,Diesel,Manual,First,20.0,3.3,Ford,Figo Diesel Titanium,14,0
Delhi,Diesel,Automatic,Second,17.85,50.5,Porsche,Panamera Diesel,13,5
Jaipur,Diesel,Automatic,First,17.01,12.5,Hyundai,Creta 1.6 CRDi AT SX Plus,11,1
Hyderabad,Diesel,Automatic,First,16.55,20.5,Audi,A4 2.0 TDI Multitronic,12,2
Kolkata,Diesel,Manual,First,16.0,14.5,Mahindra,XUV500 W8 4WD,9,2
Delhi,Diesel,Manual,First,23.4,5.25,Maruti,Swift Dzire VDI,12,0
Kolkata,Petrol,Manual,First,20.73,5.9,Maruti,Ciaz ZXi,11,1
Pune,Petrol,Manual,First,21.1,2.6,Hyundai,EON Era Plus,13,0
Chennai,Diesel,Automatic,First,11.0,11.0,Mercedes-Benz,E-Class 280 CDI,19,3
Pune,Diesel,Automatic,First,18.48,15.5,BMW,5 Series 2003-2012 520d,15,3
Jaipur,Diesel,Manual,First,24.0,5.75,Hyundai,Grand i10 1.2 CRDi Sportz Option,9,0
Hyderabad,Diesel,Automatic,First,14.47,75.0,Jaguar,XJ 3.0L Portfolio,11,5
Chennai,Diesel,Manual,Second,17.8,2.0,Maruti,Swift Ldi BSIII,19,0
Hyderabad,Petrol,Manual,First,17.92,2.3,Hyundai,Santro Xing GLS,18,0
Hyderabad,Diesel,Manual,Second,12.8,8.2,Toyota,Innova 2.5 V Diesel 8-seater,17,1
Kolkata,Petrol,Manual,First,18.6,4.8,Hyundai,i20 Sportz 1.2,11,1
Mumbai,Diesel,Automatic,Second,11.0,8.5,Mercedes-Benz,E-Class 280 CDI,18,3
Chennai,Diesel,Manual,First,20.0,2.9,Ford,Figo Diesel ZXI,15,0
Ahmedabad,Diesel,Manual,First,21.43,6.5,Toyota,Corolla Altis 1.4 DG,14,1
Jaipur,Petrol,Manual,First,18.9,5.85,Hyundai,Grand i10 1.2 Kappa Sportz,8,1
Coimbatore,Diesel,Manual,First,16.3,23.91,Jeep,Compass 2.0 Limited 4X4,7,2
Coimbatore,Petrol,Automatic,First,20.89,7.36,Maruti,Ignis 1.2 AMT Alpha,7,1
Pune,Diesel,Manual,First,11.5,17.25,Toyota,Fortuner 3.0 Diesel,12,2
Jaipur,Diesel,Manual,First,20.54,7.0,Volkswagen,Vento Diesel Highline,13,1
Mumbai,Diesel,Manual,First,13.68,17.65,Toyota,Innova Crysta 2.4 VX MT,9,2
Jaipur,Diesel,Manual,First,20.0,2.5,Ford,Figo Diesel Celebration Edition,13,0
Hyderabad,Diesel,Manual,First,23.59,6.0,Toyota,Platinum Etios 1.4 GXD,11,0
Mumbai,Diesel,Manual,First,18.06,8.25,Mahindra,Thar DI 4X4,8,0
Kochi,Diesel,Automatic,First,12.7,44.83,Land,Rover Range Rover HSE Dynamic,8,3
Delhi,Diesel,Automatic,First,16.07,10.5,BMW,3 Series 320d Highline,15,3
Bangalore,Petrol,Manual,Second,13.2,1.9,Hyundai,Accent GLS,18,1
Jaipur,Petrol,Automatic,Second,23.1,4.25,Maruti,Celerio ZXI AT,10,0
Chennai,Diesel,Automatic,Second,16.36,26.5,Jaguar,XF 2.2 Litre Luxury,12,3
Bangalore,Diesel,Automatic,Second,12.4,22.5,Audi,A6 2.7 TDI,13,3
Hyderabad,Diesel,Manual,First,23.08,3.3,Nissan,Micra Diesel XV,15,0
Jaipur,Petrol,Manual,Second,18.0,4.3,Honda,Amaze S i-Vtech,11,1
Chennai,Diesel,Manual,First,19.87,5.25,Renault,Duster 85PS Diesel RxL Option,14,1
Jaipur,Diesel,Manual,First,12.99,11.75,Toyota,Innova 2.5 G (Diesel) 8 Seater,11,1
Ahmedabad,Petrol,Manual,First,18.0,4.25,Honda,Amaze E i-Vtech,12,1
Delhi,Diesel,Automatic,First,14.94,14.22,Mercedes-Benz,New C-Class C 250 CDI Elegance,14,3
Chennai,Petrol,Manual,First,17.71,4.2,Toyota,Etios Liva G,11,0
Delhi,Diesel,Automatic,First,11.36,18.25,Toyota,Innova Crysta 2.8 GX AT 8S,9,2
Bangalore,Diesel,Manual,First,15.8,18.5,Mercedes-Benz,New C-Class 200 CDI Elegance,13,2
Chennai,Petrol,Manual,Second,16.1,2.4,Maruti,Swift VXI BSIII,18,1
Kolkata,Diesel,Manual,First,27.39,6.5,Maruti,Baleno Alpha 1.3,10,0
Mumbai,Petrol,Automatic,First,23.1,3.99,Maruti,Celerio VXI AT,11,0
Kochi,Diesel,Manual,First,22.7,5.45,Ford,Ecosport 1.5 DV5 MT Ambiente,12,1
Hyderabad,Diesel,Manual,First,18.8,2.7,Tata,Manza Aura Quadrajet,16,1
Mumbai,Diesel,Manual,First,27.3,6.25,Honda,Jazz 1.5 SV i DTEC,10,1
Coimbatore,Diesel,Manual,First,15.1,13.28,Mahindra,XUV500 W8 2WD,10,2
Hyderabad,Diesel,Manual,First,23.08,3.7,Nissan,Micra Diesel XV Premium,14,0
Coimbatore,Diesel,Automatic,First,19.27,39.51,Mercedes-Benz,New C-Class C 220d Avantgarde Edition C,8,2
Hyderabad,Diesel,Manual,Second,19.0,1.4,Tata,Manza Aura Plus Quadrajet BS IV,16,1
Kolkata,Diesel,Manual,First,22.9,3.5,Maruti,Swift VDI,12,0
Jaipur,Petrol,Manual,First,17.5,3.78,Maruti,Swift Dzire 1.2 Lxi BSIV,14,1
Pune,Diesel,Manual,First,19.09,2.7,Tata,Indigo eCS LS (TDI) BS-III,11,0
Kolkata,Diesel,Manual,First,25.8,3.2,Honda,Amaze S i-Dtech,13,1
Delhi,Petrol,Manual,First,20.4,5.0,Maruti,Swift VXI BSIV,10,1
Chennai,Diesel,Manual,First,20.77,7.0,Maruti,Ertiga ZDI,14,1
Kolkata,Petrol,Manual,Second,18.9,2.85,Hyundai,Grand i10 Era,12,1
Ahmedabad,Petrol,Manual,First,19.69,4.25,Nissan,Micra Active XV,10,0
Bangalore,Petrol,Manual,Second,18.9,4.9,Hyundai,Grand i10 Asta Option,12,1
Hyderabad,Diesel,Manual,First,17.1,16.9,Jeep,Compass 2.0 Sport,9,2
Delhi,Diesel,Manual,Second,22.07,4.25,Volkswagen,Polo Diesel Comfortline 1.2L,12,0
Pune,Petrol,Automatic,First,15.5,4.34,Honda,Amaze S AT i-Vtech,11,1
Kolkata,Diesel,Automatic,First,16.09,17.0,BMW,X3 xDrive20d Advantage Edition,14,3
Kochi,Diesel,Automatic,First,18.88,28.45,BMW,3 Series 320d Luxury Line,9,3
Kochi,Petrol,Automatic,First,15.6,6.15,Honda,City V AT,12,1
Kochi,Diesel,Manual,First,12.83,9.25,Mahindra,Ssangyong Rexton RX5,12,2
Delhi,Diesel,Manual,First,26.59,4.85,Maruti,Swift Dzire LDI,11,0
Jaipur,Diesel,Manual,First,25.2,4.8,Maruti,Swift VDI BSIV,12,0
Pune,Petrol,Manual,First,18.4,2.3,Honda,Brio S Option MT,14,1
Mumbai,Petrol,Manual,First,18.9,4.75,Hyundai,Grand i10 Sportz,10,1
Pune,Diesel,Manual,First,22.95,5.0,Tata,Zest Quadrajet 1.3 75PS XM,9,0
Jaipur,Petrol,Manual,First,21.1,2.5,Hyundai,EON Era Plus,11,0
Mumbai,Petrol,Manual,First,18.6,5.95,Hyundai,i20 1.2 Spotz,9,1
Delhi,Diesel,Automatic,Second,9.0,16.0,Volvo,S60 D4 KINETIC,12,3
Delhi,Diesel,Manual,First,22.7,6.15,Ford,Ecosport 1.5 DV5 MT Titanium Optional,12,1
Hyderabad,Petrol,Manual,Second,21.1,4.05,Maruti,Ritz VXI,12,1
Hyderabad,Diesel,Manual,Second,21.9,3.1,Hyundai,i20 1.4 CRDi Magna,16,1
Hyderabad,Petrol,Manual,First,22.0,5.49,Maruti,Dzire VXI,13,1
Coimbatore,Petrol,Automatic,Third,8.0,42.91,Porsche,Panamera 2010 2013 4S,16,7
Jaipur,Diesel,Manual,First,17.8,5.7,Maruti,Swift VDi BSIII W/ ABS,11,0
Kolkata,Petrol,Manual,First,19.4,2.85,Honda,Brio S MT,12,1
Bangalore,Petrol,Manual,Second,18.6,2.35,Chevrolet,Beat LS,14,0
Coimbatore,Petrol,Automatic,First,13.0,14.76,Hyundai,Creta 1.6 SX Plus Petrol Automatic,8,1
Pune,Petrol,Manual,Second,17.7,2.25,Honda,City ZX GXi,18,0
Mumbai,Petrol,Manual,First,18.5,3.65,Maruti,Ritz LXi,10,1
Delhi,Diesel,Manual,First,22.77,7.25,Ford,EcoSport 1.5 TDCi Trend,10,1
Hyderabad,Diesel,Automatic,First,13.2,10.69,BMW,3 Series 320d,16,2
Mumbai,Petrol,Manual,Second,17.01,5.5,Hyundai,Verna 1.6 SX VTVT,12,1
Chennai,Diesel,Manual,Fourth & Above,12.8,5.1,Toyota,Innova 2.5 G4 Diesel 8-seater,21,1
Mumbai,Petrol,Manual,First,22.5,3.25,Maruti,Wagon R LXI,12,0
Mumbai,Diesel,Manual,First,25.47,9.25,Maruti,Ertiga VDI,8,1
Hyderabad,Petrol,Manual,First,19.7,1.7,Maruti,Alto LXi BSIII,18,0
Kochi,Petrol,Manual,First,19.0,2.87,Maruti,A-Star Vxi,16,0
Bangalore,Diesel,Automatic,First,11.0,17.75,BMW,X5 3.0d,17,4
Kolkata,Petrol,Manual,First,18.15,4.5,Mahindra,KUV 100 G80 K6 Plus 5Str,9,1
Bangalore,Petrol,Automatic,Second,19.2,2.95,Hyundai,i10 Magna AT,18,0
Pune,Petrol,Automatic,Second,12.9,2.6,Honda,Civic 2006-2010 1.8 S AT,19,2
Hyderabad,Petrol,Manual,First,20.36,3.0,Hyundai,i10 Sportz 1.2,16,0
Ahmedabad,Diesel,Automatic,Second,14.84,15.5,Mercedes-Benz,New C-Class C 220 CDI Elegance AT,12,2
Pune,Petrol,Manual,First,17.6,2.8,Toyota,Etios G,15,1
Kolkata,Petrol,Manual,First,17.0,2.5,Honda,City 1.5 E MT,16,1
Bangalore,Diesel,Manual,First,23.4,5.75,Maruti,Swift Dzire VDI,12,0
Pune,Petrol,Manual,First,22.0,2.8,Maruti,Swift VXI,16,1
Kolkata,Petrol,Manual,First,17.01,4.59,Hyundai,Verna 1.6 EX VTVT,12,1
Pune,Diesel,Manual,First,23.2,3.65,Maruti,Ritz VDi,14,0
Mumbai,Diesel,Manual,First,13.0,19.85,Toyota,Fortuner 4x2 Manual,11,2
Pune,Diesel,Manual,First,17.1,18.5,Jeep,Compass 2.0 Limited,8,2
Hyderabad,Petrol,Manual,First,18.6,6.95,Hyundai,i20 Asta Option 1.2,9,1
Jaipur,Diesel,Manual,First,13.93,3.75,Tata,New Safari DICOR 2.2 EX 4x4 BS IV,14,2
Jaipur,Diesel,Manual,Second,19.3,2.3,Maruti,Swift Dzire LDi,18,0
Kolkata,Diesel,Manual,First,25.0,2.3,Tata,Indigo eCS eLS BS IV,10,0
Hyderabad,Diesel,Manual,First,28.4,5.95,Maruti,Swift LDI,10,0
Kolkata,Petrol,Automatic,First,23.1,3.49,Maruti,Celerio VXI AT,10,0
Coimbatore,Diesel,Automatic,First,14.69,47.7,BMW,5 Series 2013-2017 530d M Sport,10,4
Coimbatore,Petrol,Manual,First,16.47,6.43,Volkswagen,Polo 1.2 MPI Highline,11,0
Bangalore,Diesel,Manual,First,13.93,4.5,Tata,Safari DICOR 2.2 LX 4x2,15,2
Kolkata,Petrol,Automatic,First,13.6,39.75,Mini,Cooper S Carbon Edition,8,3
Kolkata,Petrol,Manual,First,15.6,4.0,Ford,Figo Petrol Titanium,11,0
Ahmedabad,Diesel,Manual,First,26.0,6.98,Honda,City i DTEC V,11,1
Delhi,Diesel,Manual,Second,12.6,1.75,Hyundai,Tucson CRDi,20,1
Delhi,Diesel,Manual,First,20.0,4.75,Skoda,Laura Ambiente 2.0 TDI CR MT,13,1
Hyderabad,Diesel,Manual,First,11.5,23.5,Toyota,Fortuner 3.0 Diesel,10,2
Hyderabad,Diesel,Manual,First,22.32,7.49,Hyundai,Verna 1.6 SX,12,1
Hyderabad,Diesel,Manual,First,15.1,10.85,Mahindra,XUV500 W6 2WD,11,2
Mumbai,Petrol,Manual,First,25.17,3.5,Renault,KWID RXT,9,0
Bangalore,Petrol,Manual,Second,18.6,6.3,Hyundai,i20 Asta 1.2,11,1
Bangalore,Petrol,Automatic,First,15.6,6.75,Honda,City V AT,14,1
Coimbatore,Diesel,Automatic,First,10.91,28.88,Ford,Endeavour 3.2 Titanium AT 4X4,9,3
Kochi,Petrol,Automatic,First,13.7,14.23,Skoda,Superb Elegance 1.8 TSI AT,10,2
Mumbai,Diesel,Automatic,Third,22.69,15.0,BMW,3 Series 320d Sport,14,3
Jaipur,Diesel,Manual,First,23.2,3.75,Maruti,Ritz LDi,13,0
Jaipur,Diesel,Manual,Second,11.5,12.75,Toyota,Fortuner 3.0 Diesel,15,2
Mumbai,Petrol,Manual,First,16.1,1.95,Maruti,Swift Lxi BSIII,17,1
Mumbai,Petrol,Manual,First,20.3,4.95,Tata,Tigor 1.2 Revotron XT,8,1
Delhi,Petrol,Automatic,First,18.0,8.25,Honda,City i VTEC CVT VX,11,1
Hyderabad,Diesel,Automatic,First,13.2,20.99,BMW,3 Series 320d,13,2
Hyderabad,Diesel,Automatic,Second,14.21,17.5,Mercedes-Benz,E-Class 2009-2013 E250 CDI Blue Efficiency,16,3
Kochi,Diesel,Manual,First,28.4,5.36,Maruti,Swift VDI,11,0
Delhi,Petrol,Manual,First,16.02,6.35,Maruti,Ertiga VXI,12,1
Kolkata,Petrol,Manual,First,17.01,2.95,Hyundai,Verna 1.6 VTVT,15,1
Coimbatore,Diesel,Automatic,First,12.63,55.7,Land,Rover Discovery Sport TD4 HSE,7,2
Hyderabad,Diesel,Automatic,First,19.27,37.5,Mercedes-Benz,New C-Class C 220 CDI Style,9,2
Kochi,Petrol,Manual,First,20.36,4.07,Hyundai,i10 Magna 1.2,9,0
Kolkata,Diesel,Manual,First,22.07,2.99,Volkswagen,Polo Diesel Comfortline 1.2L,14,0
Delhi,Diesel,Manual,First,24.3,7.9,Maruti,Vitara Brezza VDi Option,9,1
Mumbai,Diesel,Manual,First,19.87,7.49,Renault,Duster 85PS Diesel RxL,10,1
Jaipur,Diesel,Manual,First,18.0,1.1,Tata,Indica Vista Aqua 1.3 Quadrajet,17,0
Delhi,Diesel,Automatic,First,11.3,56.0,Mercedes-Benz,GL-Class 350 CDI Blue Efficiency,10,4
Mumbai,Diesel,Manual,First,25.4,3.5,Hyundai,Xcent 1.2 CRDi S,10,0
Hyderabad,Diesel,Manual,First,18.1,3.0,Hyundai,Verna CRDi SX ABS,18,1
Mumbai,Petrol,Manual,First,17.01,6.1,Hyundai,Verna 1.6 SX VTVT,12,1
Bangalore,Petrol,Manual,First,15.6,2.25,Ford,Figo Petrol ZXI,16,0
Chennai,Diesel,Manual,First,25.2,5.95,Maruti,Swift VDI Optional,10,0
Hyderabad,Diesel,Manual,First,23.08,4.95,Renault,Pulse RxL,13,0
Bangalore,Petrol,Manual,Second,16.47,5.49,Volkswagen,Polo 1.2 MPI Highline,11,0
Delhi,Diesel,Automatic,First,22.69,6.67,BMW,3 Series 320d Luxury Line,7,3
Ahmedabad,Petrol,Manual,First,15.0,6.25,Skoda,Rapid 1.6 MPI Active,11,1
Coimbatore,Diesel,Automatic,First,12.07,34.88,Audi,Q7 3.0 TDI Quattro Premium Plus,12,4
Jaipur,Diesel,Manual,First,26.21,6.9,Maruti,Ciaz VDi Plus,10,1
Kolkata,Diesel,Manual,First,25.1,5.99,Honda,City i DTEC VX,12,1
Mumbai,Petrol,Automatic,First,10.93,10.4,Mercedes-Benz,E-Class 2009-2013 E350 Petrol,16,5
Pune,Diesel,Automatic,First,14.57,29.0,Audi,A6 2011-2015 3.0 TDI Quattro Premium Plus,14,4
Coimbatore,Diesel,Manual,Second,14.02,5.85,Mahindra,Xylo H4,10,1
Kochi,Petrol,Automatic,Third,12.0,2.21,Honda,City 1.5 EXI AT,20,1
Mumbai,Petrol,Manual,First,15.5,2.4,Maruti,SX4 ZXI MT BSIV,16,1
Pune,Petrol,Manual,Third,14.53,3.0,Toyota,Corolla Altis G,17,2
Pune,Petrol,Automatic,Second,14.4,3.75,Volkswagen,Vento Petrol Highline AT,14,1
Pune,Petrol,Manual,First,21.1,2.95,Hyundai,EON Era Plus,11,0
Hyderabad,Diesel,Manual,First,20.0,5.8,Skoda,Laura Ambition 2.0 TDI CR MT,15,1
Hyderabad,Diesel,Manual,First,22.9,4.9,Maruti,Swift VDI,14,0
Kolkata,Petrol,Automatic,First,14.28,16.95,Toyota,Corolla Altis 1.8 VL CVT,8,2
Hyderabad,Diesel,Manual,First,12.99,12.5,Toyota,Innova 2.5 G (Diesel) 8 Seater,13,1
Hyderabad,Diesel,Manual,First,27.28,5.0,Tata,Tiago Wizz 1.05 Revotorq,9,0
Mumbai,Petrol,Manual,First,15.41,4.68,Skoda,Rapid 1.6 MPI Ambition,11,1
Mumbai,Diesel,Automatic,First,10.91,29.8,Ford,Endeavour 3.2 Titanium AT 4X4,10,3
Kochi,Petrol,Manual,Second,25.17,3.46,Renault,KWID RXL,9,0
Pune,Diesel,Manual,First,23.0,4.0,Hyundai,i20 1.4 Asta CRDi with AVN,14,1
Chennai,Diesel,Manual,Second,17.5,4.5,Skoda,Laura Ambiente,14,1
Kochi,Diesel,Manual,First,21.43,5.87,Toyota,Corolla Altis Diesel D4DG,13,1
Delhi,Diesel,Manual,First,15.4,9.5,Mahindra,Scorpio S8 8 Seater,11,1
Chennai,Diesel,Automatic,First,14.16,32.5,Audi,Q5 2.0 TDI Premium Plus,13,3
Coimbatore,Diesel,Manual,First,18.2,3.88,Chevrolet,Enjoy TCDi LS 8 Seater,12,0
Coimbatore,Diesel,Automatic,First,22.69,13.08,BMW,3 Series 320d,13,3
Delhi,Diesel,Manual,First,21.64,3.5,Nissan,Sunny 2011-2014 Diesel XV,14,1
Mumbai,Petrol,Manual,Second,12.8,3.5,Honda,Accord 2.4 MT,16,3
Bangalore,Diesel,Manual,First,16.8,4.45,Hyundai,Verna CRDi,16,1
Jaipur,Petrol,Manual,First,16.8,2.35,Maruti,Omni E MPI STD BS IV,11,0
Kolkata,Petrol,Manual,First,17.4,5.0,Honda,City i VTEC SV,11,1
Chennai,Petrol,Manual,Second,16.6,2.0,Ford,Fiesta 1.4 ZXi Leather,19,0
Mumbai,Diesel,Manual,First,22.54,6.35,Hyundai,i20 1.4 Asta,11,1
Kochi,Diesel,Automatic,First,13.0,24.63,Mercedes-Benz,E-Class E250 CDI Avantgrade,11,3
Chennai,Diesel,Manual,First,22.77,7.9,Ford,EcoSport 1.5 TDCi Trend Plus,10,1
Mumbai,Petrol,Manual,First,18.5,3.25,Hyundai,i20 1.2 Magna,15,0
Delhi,Petrol,Manual,Second,17.8,8.25,Honda,City i VTEC V,10,1
Kolkata,Diesel,Manual,First,23.08,2.85,Nissan,Micra Diesel XV,15,0
Pune,Diesel,Manual,Second,20.0,3.2,Ford,Figo Diesel EXI,16,0
Kolkata,Petrol,Manual,First,18.44,1.75,Nissan,Micra XL,13,0
Kolkata,Diesel,Manual,First,17.8,3.38,Maruti,Swift VDI BSIV,13,1
Ahmedabad,Petrol,Manual,Second,12.8,5.75,Honda,Accord 2.4 MT,17,3
Mumbai,Petrol,Automatic,First,13.7,4.7,Skoda,Superb Elegance 1.8 TSI AT,16,2
Hyderabad,Petrol,Manual,First,14.0,2.9,Maruti,Omni 8 Seater BSIV,9,0
Ahmedabad,Diesel,Manual,First,21.9,4.25,Hyundai,i20 Magna Optional 1.4 CRDi,14,1
Chennai,Diesel,Automatic,First,17.01,14.5,Hyundai,Creta 1.6 CRDi AT SX Plus,9,1
Kochi,Diesel,Manual,First,25.2,5.34,Maruti,Swift VDI BSIV,10,0
Jaipur,Diesel,Manual,First,25.2,3.85,Maruti,Swift LDI BSIV,12,0
Hyderabad,Diesel,Manual,First,12.8,8.5,Toyota,Innova 2.5 G (Diesel) 8 Seater BS IV,17,1
Mumbai,Diesel,Manual,First,24.4,4.2,Hyundai,Xcent 1.1 CRDi Base,10,0
Delhi,Diesel,Manual,First,20.77,6.75,Maruti,Ertiga Paseo VDI,10,1
Jaipur,Diesel,Automatic,First,10.91,26.0,Ford,Endeavour 3.2 Trend AT 4X4,10,3
Coimbatore,Diesel,Manual,First,22.54,8.61,Hyundai,i20 1.4 Sportz,7,1
Mumbai,Petrol,Manual,First,19.0,1.46,Maruti,Zen Estilo LXI BS IV,17,0
Mumbai,Diesel,Manual,Second,21.1,2.8,Maruti,Ritz VDi,15,0
Mumbai,Petrol,Manual,First,17.0,5.47,Honda,City 1.5 S MT,12,1
Mumbai,Petrol,Manual,First,17.5,2.45,Maruti,Swift Dzire ZXi,17,1
Hyderabad,Diesel,Automatic,First,17.05,21.5,BMW,X1 sDrive 20d Sportline,12,3
Mumbai,Petrol,Manual,First,15.0,1.38,Tata,Manza Aqua Safire,16,1
Chennai,Diesel,Manual,First,16.0,13.5,Mahindra,XUV500 W10 2WD,10,2
Bangalore,Petrol,Automatic,Second,16.95,3.1,Hyundai,i10 Sportz AT,17,0
Mumbai,Petrol,Manual,First,21.4,5.49,Maruti,Baleno Sigma 1.2,10,1
Kochi,Diesel,Manual,First,24.3,9.51,Maruti,Vitara Brezza ZDi Plus Dual Tone,9,1
Mumbai,Petrol,Manual,First,15.6,2.39,Ford,Figo Petrol ZXI,14,0
Mumbai,Petrol,Automatic,First,18.19,5.65,Volkswagen,Vento Sport 1.2 TSI AT,12,1
Ahmedabad,Diesel,Manual,First,14.95,1.85,Mahindra,Xylo D2 BS III,16,1
Kochi,Petrol,Automatic,First,13.33,2.02,Porsche,Cayenne Base,7,6
Hyderabad,Diesel,Manual,First,19.3,5.8,Maruti,Swift Dzire VDi,13,0
Hyderabad,Petrol,Manual,First,16.2,6.9,Volkswagen,Polo 1.2 MPI Highline Plus,9,0
Chennai,Petrol,Manual,Second,17.01,5.35,Hyundai,Verna 1.6 VTVT,13,1
Bangalore,Petrol,Manual,First,19.81,2.85,Hyundai,i10 Era 1.1,16,0
Chennai,Diesel,Automatic,First,13.0,22.75,Mercedes-Benz,E-Class E250 CDI Launch Edition,12,3
Jaipur,Petrol,Manual,Third,17.3,0.45,Maruti,Zen LXI,28,0
Coimbatore,Petrol,Manual,First,20.36,4.64,Hyundai,i10 Sportz,13,0
Coimbatore,Diesel,Manual,First,25.8,5.27,Honda,Amaze S i-Dtech,10,1
Jaipur,Diesel,Manual,First,14.1,10.0,Tata,Safari Storme VX,10,2
Mumbai,Petrol,Manual,First,18.5,3.95,Honda,Brio 1.2 S MT,11,1
Kochi,Petrol,Manual,First,17.0,3.38,Hyundai,i20 Asta,16,0
Coimbatore,Petrol,Manual,First,14.69,16.8,Volkswagen,Jetta 2012-2014 1.4 TSI,8,1
Kolkata,Petrol,Manual,First,16.7,1.99,Honda,Jazz Select Edition,16,1
Coimbatore,Petrol,Manual,First,18.9,5.84,Hyundai,Grand i10 Sportz,9,1
Coimbatore,Diesel,Automatic,First,14.74,36.15,Jaguar,XF Diesel,10,5
Kolkata,Diesel,Automatic,First,16.36,25.7,Jaguar,XF 2.2 Litre Luxury,12,3
Coimbatore,Diesel,Manual,First,16.0,9.24,Mahindra,XUV500 W8 2WD,13,2
Delhi,Diesel,Manual,First,22.7,7.65,Maruti,S Cross DDiS 320 Alpha,11,1
Coimbatore,Diesel,Automatic,First,17.11,25.31,Audi,A4 2.0 TDI 177 Bhp Premium Plus,11,3
Delhi,Diesel,Manual,First,19.01,4.75,Renault,Duster 110PS Diesel RxZ,13,1
Coimbatore,Petrol,Manual,First,19.1,6.69,Maruti,Swift Dzire VXI,12,1
Mumbai,Petrol,Manual,First,16.47,3.1,Volkswagen,Polo Petrol Trendline 1.2L,14,0
Jaipur,Petrol,Manual,First,19.7,1.55,Maruti,Omni 8 Seater BSII,14,0
Coimbatore,Petrol,Automatic,First,18.9,6.84,Hyundai,Grand i10 1.2 Kappa Magna AT,7,1
Hyderabad,Petrol,Manual,First,25.4,1.6,Tata,Nano Twist XT,12,0
Kochi,Petrol,Automatic,First,17.84,21.73,Audi,A4 30 TFSI Premium Plus,9,2
Mumbai,Petrol,Manual,First,16.47,4.75,Volkswagen,Polo 1.2 MPI Highline,11,0
Chennai,Petrol,Manual,First,22.74,2.45,Maruti,Alto 800 LXI,11,0
Kochi,Diesel,Automatic,First,20.7,31.55,Mini,Cooper 5 DOOR D,7,1
Delhi,Diesel,Automatic,Second,15.2,10.25,Audi,A4 New 2.0 TDI Multitronic,14,2
Coimbatore,Diesel,Manual,First,12.62,27.36,Ford,Endeavour Titanium 4X2,7,2
Hyderabad,Petrol,Manual,Second,15.8,6.5,Ford,Ecosport 1.5 Ti VCT MT Titanium,13,1
Jaipur,Petrol,Manual,First,18.9,4.25,Hyundai,Grand i10 Magna,10,1
Mumbai,Petrol,Manual,First,18.2,5.5,Chevrolet,Sail 1.2 LS,12,1
Kolkata,Petrol,Manual,First,20.85,4.0,Maruti,Swift Dzire LXI,11,1
Kochi,Petrol,Manual,First,17.57,4.65,Tata,Zest Revotron 1.2T XM,9,1
Delhi,Diesel,Automatic,First,19.27,28.5,Mercedes-Benz,New C-Class C 220 CDI Avantgarde,11,2
Coimbatore,Diesel,Manual,First,17.3,7.11,Chevrolet,Cruze LTZ,12,2
Hyderabad,Diesel,Manual,First,21.1,3.9,Maruti,Ritz VDi,13,0
Jaipur,Petrol,Manual,First,18.9,5.6,Hyundai,Grand i10 1.2 Kappa Sportz Option,9,1
Pune,Diesel,Manual,Third,28.4,2.25,Maruti,Dzire LDI,14,0
Kolkata,Diesel,Manual,First,22.32,3.9,Hyundai,Verna 1.6 SX,15,1
Coimbatore,Diesel,Automatic,First,14.74,28.63,Jaguar,XF Diesel,12,5
Delhi,Petrol,Automatic,First,13.7,7.25,Skoda,Superb Elegance 1.8 TSI AT,13,2
Pune,Petrol,Manual,Second,18.9,2.0,Maruti,Wagon R LXI,20,0
Mumbai,Petrol,Manual,First,16.47,3.5,Volkswagen,Polo Petrol Highline 1.2L,15,0
Hyderabad,Petrol,Manual,First,14.8,5.0,Honda,Civic 2010-2013 1.8 S MT,15,2
Chennai,Petrol,Manual,First,22.5,3.45,Maruti,Wagon R VXI,12,0
Kolkata,Diesel,Manual,First,23.4,4.5,Maruti,Swift Dzire VDI,13,0
Coimbatore,Petrol,Automatic,First,13.0,14.36,Hyundai,Creta 1.6 SX Plus Petrol Automatic,8,1
Bangalore,Petrol,Manual,First,18.9,5.5,Hyundai,Grand i10 Asta,10,1
Mumbai,Diesel,Manual,First,23.08,3.0,Nissan,Micra Diesel XV Premium,13,0
Coimbatore,Petrol,Manual,First,18.9,6.08,Hyundai,Grand i10 1.2 Kappa Asta,9,1
Chennai,Diesel,Manual,First,20.54,5.0,Volkswagen,Vento Diesel Highline,13,1
Kochi,Diesel,Automatic,First,12.55,20.25,Toyota,Fortuner 4x2 AT,11,2
Pune,Diesel,Automatic,First,11.36,18.0,Toyota,Innova Crysta 2.8 GX AT,8,2
Pune,Diesel,Automatic,First,20.0,17.5,Mercedes-Benz,A Class A180 CDI,11,1
Pune,Petrol,Manual,First,21.1,2.1,Hyundai,EON D Lite,13,0
Bangalore,Diesel,Manual,Second,22.7,7.5,Hyundai,Elantra CRDi SX,14,1
Kochi,Diesel,Automatic,Second,20.7,24.77,Mini,Cooper 3 DOOR D,11,1
Bangalore,Diesel,Manual,First,19.64,8.65,Renault,Duster 110PS Diesel RXZ Option,11,1
Chennai,Diesel,Automatic,First,10.91,35.5,Ford,Endeavour 3.2 Titanium AT 4X4,7,3
Delhi,Petrol,Manual,First,14.28,10.5,Toyota,Corolla Altis GL MT,12,2
Delhi,Diesel,Manual,First,14.0,13.0,Mahindra,XUV500 W7,8,2
Kolkata,Diesel,Automatic,First,16.77,26.5,BMW,7 Series 730Ld Design Pure Excellence CBU,14,4
Ahmedabad,Petrol,Manual,Second,17.3,1.4,Maruti,Wagon R LX BSIII,22,0
Kochi,Petrol,Manual,First,17.8,7.51,Honda,City i VTEC SV,9,1
Delhi,Diesel,Manual,First,22.9,4.3,Maruti,Swift VDI,12,0
Mumbai,Petrol,Automatic,First,18.0,8.95,Honda,City i-VTEC CVT VX,11,1
Kochi,Diesel,Manual,First,20.77,6.91,Maruti,Ertiga VDI,11,1
Coimbatore,Diesel,Manual,First,19.01,9.75,Renault,Duster 110PS Diesel RxZ,10,1
Jaipur,Diesel,Manual,Second,19.3,4.0,Maruti,Swift Dzire VDi,16,0
Hyderabad,Diesel,Manual,First,23.2,3.65,Maruti,Ritz VDi,15,0
Chennai,Diesel,Manual,First,15.1,10.75,Mahindra,XUV500 W8 4WD,13,2
Kochi,Petrol,Manual,First,19.4,4.51,Honda,Brio S MT,11,1
Coimbatore,Diesel,Manual,First,21.02,3.7,Tata,Manza Club Class Quadrajet90 LS,12,1
Hyderabad,Diesel,Manual,First,12.8,12.99,Toyota,Innova 2.5 V Diesel 7-seater,12,1
Delhi,Petrol,Manual,First,18.6,4.15,Maruti,Swift VXI,11,1
Kolkata,Petrol,Manual,First,17.01,4.4,Hyundai,Verna 1.6 EX VTVT,14,1
Kolkata,Petrol,Manual,First,17.3,4.25,Honda,Mobilio S i VTEC,11,1
Mumbai,Petrol,Manual,First,18.0,4.25,Honda,Amaze S i-Vtech,9,1
Jaipur,Petrol,Automatic,First,18.0,7.7,Honda,City i-VTEC CVT VX,9,1
Pune,Diesel,Automatic,First,12.7,39.75,Land,Rover Range Rover 2.2L Dynamic,11,3
Mumbai,Petrol,Manual,First,17.4,8.5,Honda,City i-VTEC V,9,1
Jaipur,Petrol,Automatic,First,9.5,7.0,Mercedes-Benz,E-Class 280 Elegance,18,4
Chennai,Petrol,Manual,Third,13.8,0.8,Ford,Ikon 1.3 Flair,24,0
Delhi,Diesel,Manual,First,13.0,15.25,Toyota,Fortuner 4x2 Manual,13,2
Hyderabad,Petrol,Manual,First,19.0,2.25,Maruti,A-Star Vxi,18,0
Kolkata,Diesel,Manual,First,14.07,4.85,Tata,Sumo EX,10,1
Coimbatore,Petrol,Automatic,Second,15.6,6.42,Honda,City V AT,14,1
Chennai,Diesel,Manual,Second,23.19,2.5,Nissan,Micra XV D,14,0
Hyderabad,Diesel,Automatic,First,19.08,5.75,Hyundai,Verna SX CRDi AT,15,1
Pune,Petrol,Manual,First,16.1,0.5,Maruti,800 Std,23,0
Coimbatore,Diesel,Manual,First,15.1,11.52,Mahindra,XUV500 W8 4WD,11,2
Delhi,Diesel,Manual,First,21.5,4.5,Maruti,SX4 VDI,12,1
Bangalore,Petrol,Automatic,First,15.0,4.75,Hyundai,i20 Sportz AT 1.4,13,1
Coimbatore,Diesel,Manual,First,19.67,13.54,Hyundai,Creta 1.6 CRDi SX,7,1
Kochi,Diesel,Automatic,First,13.0,23.41,Mercedes-Benz,E-Class E250 CDI Avantgrade,11,3
Hyderabad,Diesel,Automatic,Second,12.55,19.25,Toyota,Fortuner 4x2 AT,13,2
Ahmedabad,Diesel,Automatic,First,9.0,20.0,Volvo,S60 D4 KINETIC,11,3
Delhi,Diesel,Automatic,First,14.21,13.0,Mercedes-Benz,E-Class 2009-2013 E250 CDI Avantgarde,15,3
Chennai,Petrol,Manual,First,10.2,3.99,Honda,Accord 2.4 Elegance M/T,16,3
Pune,Diesel,Manual,First,25.8,4.65,Honda,Amaze S i-Dtech,11,1
Ahmedabad,Diesel,Manual,First,28.4,4.65,Maruti,Dzire ZDI,13,0
Kolkata,Petrol,Manual,First,18.6,3.15,Maruti,Swift LXI,13,1
Delhi,Petrol,Automatic,First,14.53,8.25,Toyota,Corolla Altis G HV AT,13,2
Bangalore,Diesel,Automatic,Second,11.49,65.0,Land,Rover Range Rover Vogue SE 4.4 SDV8,14,6
Chennai,Diesel,Manual,First,22.9,4.5,Maruti,Swift VDI,14,0
Kolkata,Diesel,Manual,First,16.3,17.5,Jeep,Compass 2.0 Limited Option 4X4,9,2
Mumbai,Petrol,Manual,First,20.4,4.31,Maruti,Swift VXI BSIV,10,1
Kochi,Petrol,Manual,First,18.7,6.2,Honda,Jazz 1.2 SV i VTEC,10,1
Chennai,Diesel,Manual,First,23.59,4.67,Toyota,Etios GD,15,1
Kochi,Petrol,Manual,First,16.47,3.32,Volkswagen,Polo Petrol Trendline 1.2L,15,0
Delhi,Petrol,Automatic,First,12.9,3.75,Honda,Civic 2006-2010 1.8 V AT,15,2
Bangalore,Petrol,Manual,First,16.78,4.7,Toyota,Etios G SP,13,1
Chennai,Petrol,Manual,First,17.01,6.5,Hyundai,Verna 1.6 SX VTVT,10,1
Hyderabad,Diesel,Manual,First,12.8,7.25,Toyota,Innova 2.5 G4 Diesel 8-seater,17,1
Coimbatore,Diesel,Manual,First,22.7,8.94,Maruti,SX4 S Cross DDiS 320 Zeta,10,1
Kolkata,Petrol,Manual,First,19.0,7.34,Ford,Freestyle Titanium Plus Petrol,8,1
Delhi,Petrol,Manual,First,21.4,6.9,Maruti,Baleno Alpha 1.2,10,1
Mumbai,Petrol,Manual,First,18.2,5.9,Honda,Jazz V,10,1
Pune,Diesel,Automatic,First,22.32,6.75,Hyundai,Verna 1.6 CRDi EX AT,13,1
Ahmedabad,Diesel,Manual,First,25.8,4.1,Honda,Amaze VX i-DTEC,12,1
Mumbai,Diesel,Automatic,First,18.51,27.0,Audi,Q3 30 TDI Premium FWD,9,2
Mumbai,Petrol,Manual,First,15.0,4.5,Skoda,Rapid 2013-2016 1.6 MPI Ambition,12,1
Kolkata,Diesel,Automatic,First,17.11,14.5,Audi,A4 2.0 TDI 177 Bhp Premium Plus,13,3
Jaipur,Diesel,Manual,First,23.4,5.25,Maruti,Swift Dzire VDI,12,0
Kolkata,Diesel,Manual,Second,22.3,1.2,Tata,Indica Vista Quadrajet LS,14,0
Jaipur,Diesel,Manual,Second,12.99,4.95,Toyota,Innova 2.5 G (Diesel) 8 Seater,20,1
Hyderabad,Diesel,Manual,First,19.64,7.5,Renault,Duster 110PS Diesel RxZ Plus,13,1
Kolkata,Petrol,Automatic,First,10.0,48.0,Mercedes-Benz,E-Class E400 Cabriolet,11,6
Delhi,Diesel,Manual,First,25.8,4.45,Honda,Amaze S i-Dtech,11,1
Coimbatore,Diesel,Automatic,First,11.57,59.65,Mercedes-Benz,GLE 350d,8,4
Kochi,Diesel,Manual,First,23.2,4.38,Maruti,Ritz VDi,11,0
Kochi,Diesel,Manual,First,28.09,7.9,Maruti,Ciaz ZDi Plus SHVS,10,1
Coimbatore,Petrol,Automatic,First,21.4,7.29,Maruti,Baleno Delta CVT,8,1
Hyderabad,Diesel,Manual,First,23.5,6.0,Ford,Fiesta Diesel Titanium Plus,14,1
Chennai,Diesel,Manual,Third,16.0,6.7,Mahindra,XUV500 W8 2WD,15,2
Jaipur,Petrol,Manual,First,19.7,1.5,Maruti,Alto LXi,17,0
Kochi,Diesel,Automatic,First,20.7,23.8,Mini,Cooper 3 DOOR D,10,1
Kochi,Diesel,Manual,First,15.1,7.77,Mahindra,XUV500 W8 4WD,12,2
Coimbatore,Petrol,Manual,First,17.92,3.32,Hyundai,Santro Xing GLS,14,0
Kochi,Diesel,Manual,First,22.9,4.94,Maruti,Swift VDI,11,0
Delhi,Diesel,Automatic,Second,20.0,11.0,Mercedes-Benz,A Class A180 CDI,13,1
Hyderabad,Petrol,Manual,First,25.17,3.4,Renault,KWID RXT,10,0
Kochi,Diesel,Manual,First,22.9,4.17,Maruti,Swift VDI,13,0
Hyderabad,Petrol,Manual,Second,17.3,1.25,Maruti,Zen LXI,21,0
Mumbai,Petrol,Automatic,First,18.9,5.45,Hyundai,Grand i10 Magna AT,10,1
Jaipur,Diesel,Manual,First,21.12,2.59,Tata,Manza Aura Quadrajet BS IV,14,1
Pune,Diesel,Manual,First,16.0,12.01,Mahindra,XUV500 W10 AWD,11,2
Delhi,Petrol,Manual,Second,17.5,2.45,Maruti,Swift Dzire 1.2 Vxi BSIV,16,1
Bangalore,Diesel,Automatic,First,15.73,29.0,Audi,Q3 35 TDI Quattro Premium Plus,11,3
Hyderabad,Diesel,Manual,Second,17.8,2.4,Ford,Fiesta 1.4 SXi TDCi,18,1
Hyderabad,Diesel,Automatic,First,14.84,11.99,Mercedes-Benz,New C-Class C 220 CDI Elegance AT,16,2
Delhi,Petrol,Automatic,First,18.0,7.9,Honda,City i VTEC CVT VX,11,1
Pune,Diesel,Manual,Third,12.8,6.25,Toyota,Innova 2.5 GX 7 STR,16,1
Pune,Petrol,Manual,Second,18.6,1.8,Chevrolet,Beat LT,15,0
Mumbai,Petrol,Manual,First,18.7,4.9,Honda,Jazz 1.2 S i VTEC,11,1
Jaipur,Petrol,Manual,First,18.06,2.25,Nissan,Micra XL Primo,16,0
Coimbatore,Petrol,Automatic,First,19.12,8.89,Maruti,Ciaz AT ZXi,9,1
Mumbai,Diesel,Automatic,First,12.55,15.0,Toyota,Fortuner 4x2 AT,14,2
Kolkata,Diesel,Manual,First,26.1,5.65,Ford,Aspire Ambiente Diesel,8,1
Jaipur,Diesel,Manual,First,20.77,7.0,Maruti,Ertiga ZDI,12,1
Hyderabad,Petrol,Manual,First,22.74,2.95,Maruti,Alto 800 LXI,10,0
Chennai,Petrol,Manual,First,19.4,3.3,Honda,Brio V MT,13,1
Hyderabad,Diesel,Manual,Second,16.2,3.5,Hyundai,Verna Transform CRDi VGT SX ABS,16,1
Jaipur,Petrol,Manual,First,12.8,2.3,Honda,City 1.5 GXI,19,1
Coimbatore,Diesel,Manual,First,19.67,13.69,Hyundai,Creta 1.6 CRDi SX,9,1
Delhi,Diesel,Manual,First,23.59,3.1,Toyota,Etios Liva GD,13,0
Mumbai,Petrol,Manual,First,13.44,12.75,Hyundai,Sonata Transform 2.4 GDi MT,12,3
Pune,Diesel,Manual,First,19.67,13.75,Hyundai,Creta 1.6 CRDi SX Option,9,1
Chennai,Petrol,Manual,First,18.7,6.75,Honda,Jazz 1.2 SV i VTEC,9,1
Chennai,Diesel,Manual,First,20.54,5.25,Volkswagen,Vento Diesel Comfortline,12,1
Mumbai,Diesel,Manual,First,16.0,8.75,Mahindra,XUV500 W6 2WD,11,2
Kochi,Diesel,Manual,First,18.49,8.87,Mahindra,TUV 300 2015-2019 T8,9,1
Bangalore,Petrol,Automatic,Second,11.1,6.5,Honda,Accord 2001-2003 2.3 VTi L AT,16,2
Pune,Diesel,Manual,First,20.77,4.5,Maruti,Ertiga VDI,14,1
Hyderabad,Diesel,Manual,First,12.83,12.5,Mahindra,Ssangyong Rexton RX5,14,2
Delhi,Diesel,Automatic,First,12.55,16.8,Toyota,Fortuner 4x2 AT,12,2
Hyderabad,Diesel,Manual,First,20.77,8.75,Maruti,Ertiga ZDI,10,1
Pune,Diesel,Automatic,First,19.5,8.5,Hyundai,Elantra CRDi SX AT,13,1
Kolkata,Petrol,Manual,First,20.36,2.21,Hyundai,i10 Magna 1.2,15,0
Jaipur,Petrol,Manual,First,16.8,1.6,Maruti,Omni MPI STD BSIV,14,0
Delhi,Petrol,Automatic,First,15.5,6.25,Honda,Amaze VX AT i-Vtech,10,1
Mumbai,Petrol,Automatic,Second,12.9,2.25,Honda,Civic 2006-2010 1.8 V AT,19,2
Kochi,Diesel,Automatic,First,17.9,25.75,Mercedes-Benz,CLA 200 CDI Sport,7,2
Ahmedabad,Petrol,Manual,Second,13.14,6.75,Skoda,Superb 1.8 TFSI MT,16,2
Ahmedabad,Diesel,Manual,First,28.09,6.25,Maruti,Ciaz ZDi Plus SHVS,11,1
Delhi,Diesel,Manual,First,22.7,5.1,Ford,Ecosport 1.5 DV5 MT Titanium Optional,13,1
Mumbai,Diesel,Automatic,Second,8.7,10.75,Mercedes-Benz,M-Class ML 320 CDI,17,4
Hyderabad,Diesel,Manual,First,24.0,5.7,Hyundai,Grand i10 CRDi Sportz,10,0
Bangalore,Diesel,Manual,First,20.5,5.95,Volkswagen,Vento Diesel Breeze,13,1
Kochi,Diesel,Manual,First,25.44,2.4,Chevrolet,Beat Diesel LT,14,0
Mumbai,Diesel,Manual,First,17.21,3.49,Mahindra,Quanto C6,13,1
Hyderabad,Petrol,Automatic,First,19.2,4.0,Hyundai,i10 Asta 1.2 AT with Sunroof,15,0
Delhi,Diesel,Manual,First,23.59,3.85,Toyota,Etios Liva 1.4 GD,13,0
Mumbai,Petrol,Automatic,First,14.53,3.95,Toyota,Corolla Altis 2008-2013 1.8 VL AT,16,2
Jaipur,Petrol,Manual,Second,20.36,3.0,Hyundai,i10 Magna 1.2,13,0
Kochi,Petrol,Manual,First,18.16,6.7,Ford,Figo Aspire 1.2 Ti-VCT Titanium,8,1
Coimbatore,Petrol,Manual,First,18.5,6.14,Maruti,Ritz ZXi,10,1
Bangalore,Petrol,Automatic,Second,15.0,4.4,Hyundai,i20 Sportz AT 1.4,14,1
Pune,Diesel,Manual,First,26.59,4.25,Maruti,Swift Dzire LDI,9,0
Kochi,Petrol,Automatic,First,8.77,25.93,BMW,7 Series 2007-2012 750Li,16,7
Kolkata,Diesel,Manual,First,22.7,7.0,Maruti,S Cross DDiS 320 Alpha,10,1
Coimbatore,Diesel,Automatic,First,12.55,25.12,Toyota,Fortuner 4x4 AT,9,2
Kochi,Petrol,Manual,First,20.3,4.45,Hyundai,EON 1.0 Magna Plus Option O,9,0
Kolkata,Diesel,Manual,First,21.9,2.4,Hyundai,i20 1.4 CRDi Magna,15,1
Pune,Diesel,Manual,Second,20.54,4.33,Volkswagen,Vento Diesel Highline,14,1
Coimbatore,Petrol,Automatic,First,18.5,6.93,Maruti,Swift Dzire VXi AT,9,1
Ahmedabad,Diesel,Manual,First,21.9,4.25,Hyundai,i20 Magna 1.4 CRDi,12,1
Pune,Diesel,Automatic,First,14.21,12.5,Mercedes-Benz,E-Class 2009-2013 E250 CDI Blue Efficiency,16,3
Chennai,Petrol,Manual,First,18.9,4.9,Hyundai,Grand i10 Sportz,11,1
Mumbai,Diesel,Manual,First,23.0,4.5,Hyundai,i20 1.4 CRDi Sportz,12,1
Jaipur,Petrol,Manual,First,25.17,3.0,Renault,KWID RXT,10,0
Chennai,Petrol,Automatic,First,16.9,5.8,Hyundai,Xcent 1.2 Kappa AT SX Option,11,1
Pune,Petrol,Manual,First,15.04,3.33,Volkswagen,Vento Petrol Highline,15,1
Kochi,Diesel,Automatic,First,14.39,6.62,Chevrolet,Cruze LTZ AT,11,2
Mumbai,Diesel,Manual,Second,19.01,5.75,Nissan,Terrano XL 110 PS,11,1
Hyderabad,Diesel,Manual,First,22.32,6.2,Hyundai,Verna 1.6 SX,14,1
Chennai,Petrol,Automatic,First,23.1,3.5,Maruti,Celerio VXI AMT,11,0
Pune,Petrol,Manual,First,18.9,2.0,Maruti,Wagon R LXI,16,0
Chennai,Diesel,Manual,First,21.9,4.0,Hyundai,i20 Magna Optional 1.4 CRDi,14,1
Mumbai,Petrol,Automatic,First,12.3,9.5,Audi,A4 1.8 TFSI,15,2
Mumbai,Diesel,Automatic,First,17.05,17.5,BMW,X1 sDrive20d,13,3
Mumbai,Petrol,Automatic,First,14.3,6.11,Skoda,Rapid 1.6 MPI AT Elegance Plus,11,1
Ahmedabad,Petrol,Manual,First,20.36,3.75,Hyundai,i10 Magna,12,0
Hyderabad,Diesel,Manual,Second,10.5,6.2,Mitsubishi,Pajero 2.8 GLX CRZ,19,1
Mumbai,Diesel,Manual,First,26.0,6.15,Honda,City i DTEC SV,12,1
Pune,Petrol,Manual,First,20.92,2.4,Maruti,Alto K10 2010-2014 VXI,14,0
Pune,Diesel,Manual,Fourth & Above,17.8,2.15,Maruti,Swift Ldi BSIII,17,0
Kolkata,Petrol,Manual,First,18.9,3.75,Hyundai,Grand i10 Magna,10,1
Mumbai,Petrol,Manual,Second,15.6,2.15,Ford,Figo Petrol ZXI,15,0
Bangalore,Petrol,Manual,First,18.9,4.75,Hyundai,Grand i10 SportZ Edition,11,1
Mumbai,Petrol,Manual,First,15.5,2.45,Maruti,SX4 Vxi BSIV,16,1
Mumbai,Petrol,Manual,First,17.4,11.15,Honda,City i-VTEC VX,9,1
Jaipur,Diesel,Automatic,First,19.6,8.9,Renault,Duster 110PS Diesel RxZ AMT,10,1
Ahmedabad,Diesel,Manual,First,25.8,4.35,Honda,Amaze S i-Dtech,12,1
Jaipur,Diesel,Manual,Second,12.99,12.0,Toyota,Innova 2.5 Z Diesel 7 Seater,11,1
Mumbai,Diesel,Automatic,Second,16.07,8.5,BMW,3 Series 320d Highline,17,3
Kochi,Petrol,Manual,First,19.81,4.27,Hyundai,i10 Magna 1.1 iTech SE,9,0
Jaipur,Diesel,Manual,Second,20.45,4.25,Renault,Duster 85PS Diesel RxL Optional with Nav,14,1
Bangalore,Petrol,Automatic,First,11.3,9.25,Mitsubishi,Outlander 2.4,16,2
Kochi,Diesel,Manual,First,24.3,8.61,Maruti,Vitara Brezza LDi,9,1
Hyderabad,Diesel,Automatic,First,11.8,28.0,Mercedes-Benz,R-Class R350 CDI 4MATIC,16,4
Coimbatore,Diesel,Manual,First,23.0,9.25,Ford,EcoSport 1.5 Diesel Titanium,8,1
Chennai,Diesel,Automatic,First,19.08,8.6,Hyundai,Verna 1.6 CRDI AT SX Option,10,1
Coimbatore,Petrol,Manual,First,16.47,7.53,Volkswagen,Polo 1.2 MPI Highline,8,0
Mumbai,Diesel,Manual,First,19.64,5.75,Renault,Duster 110PS Diesel RxL,12,1
Chennai,Petrol,Automatic,First,16.5,4.15,Honda,Brio S Option AT,14,1
Coimbatore,Petrol,Manual,First,18.16,5.84,Ford,Figo 2015-2019 1.2P Titanium MT,9,1
Kolkata,Diesel,Automatic,First,18.53,16.5,Audi,A6 2.0 TDI Design Edition,14,3
Mumbai,Diesel,Automatic,First,15.97,43.0,BMW,X5 2014-2019 xDrive 30d Design Pure Experience 7 Seater,11,4
Pune,Petrol,Manual,First,20.36,3.55,Hyundai,i10 Sportz Option,13,0
Hyderabad,Petrol,Manual,First,18.6,8.9,Hyundai,i20 1.2 Asta Option,8,1
Hyderabad,Diesel,Manual,Second,16.4,2.5,Skoda,Octavia L and K 1.9 TDI MT,20,1
Hyderabad,Diesel,Manual,First,16.2,3.85,Hyundai,Verna Transform SX VGT CRDi,16,1
Chennai,Petrol,Automatic,Third,17.1,7.5,Hyundai,Verna 1.6 SX VTVT (O) AT,14,1
Mumbai,Petrol,Manual,Second,15.3,1.8,Hyundai,Getz GVS,21,0
Chennai,Diesel,Manual,First,20.0,2.25,Ford,Figo Diesel EXI,16,0
Mumbai,Diesel,Automatic,First,17.68,24.25,Audi,A6 2011-2015 35 TDI Technology,11,3
Mumbai,Petrol,Manual,First,16.47,4.35,Volkswagen,Polo 1.2 MPI Highline,11,0
Kolkata,Diesel,Automatic,First,17.05,11.5,BMW,X1 sDrive20d,14,3
Kolkata,Petrol,Manual,First,17.4,4.75,Honda,City i VTEC SV,12,1
Hyderabad,Diesel,Manual,First,23.0,4.99,Hyundai,i20 Sportz Option Diesel,14,1
Coimbatore,Petrol,Automatic,First,19.0,9.15,Honda,Jazz 1.2 V CVT i VTEC,8,1
Hyderabad,Petrol,Automatic,First,10.1,13.99,Honda,CR-V 2.4 AT,12,2
Bangalore,Diesel,Automatic,Second,20.0,19.75,Mercedes-Benz,A Class A180 CDI,12,1
Coimbatore,Diesel,Automatic,First,16.0,16.77,Mahindra,XUV500 AT W10 AWD,8,2
Bangalore,Diesel,Manual,Third,13.6,2.5,Mahindra,Bolero SLX 2WD,20,0
Mumbai,Petrol,Automatic,First,17.97,3.65,Renault,Scala RxL AT,13,1
Ahmedabad,Diesel,Automatic,Second,12.35,23.5,Land,Rover Freelander 2 HSE SD4,14,3
Pune,Petrol,Manual,First,22.74,3.11,Maruti,Alto 800 VXI,9,0
Kochi,Petrol,Manual,First,17.6,4.57,Toyota,Etios G,13,1
Mumbai,Petrol,Manual,First,17.0,5.32,Hyundai,i20 Sportz Option,12,0
Hyderabad,Petrol,Manual,First,20.36,3.2,Hyundai,i10 Sportz,14,0
Kochi,Diesel,Manual,First,25.2,5.63,Maruti,Swift VDI BSIV,10,0
Hyderabad,Petrol,Manual,First,21.1,3.0,Hyundai,EON Magna Plus,11,0
Mumbai,Diesel,Automatic,Second,22.69,9.25,BMW,3 Series 320d,16,3
Delhi,Diesel,Manual,First,23.57,1.2,Tata,Indigo XL Classic Dicor,15,0
Delhi,Petrol,Manual,First,22.74,2.15,Maruti,Alto 800 LXI,11,0
Pune,Diesel,Manual,First,22.07,3.05,Volkswagen,Polo Diesel Highline 1.2L,16,0
Ahmedabad,Petrol,Automatic,First,14.28,11.5,Toyota,Corolla Altis VL AT,12,2
Hyderabad,Petrol,Manual,First,17.92,2.3,Hyundai,Santro Xing GLS,18,0
Kolkata,Petrol,Manual,First,20.4,4.95,Maruti,Swift ZXI,10,1
Hyderabad,Diesel,Manual,First,21.64,4.75,Renault,Scala Diesel RxL,13,1
Coimbatore,Diesel,Manual,First,24.3,10.15,Maruti,Vitara Brezza ZDi Plus,8,1
Kolkata,Petrol,Manual,First,18.06,2.65,Nissan,Micra XV,15,0
Hyderabad,Diesel,Manual,First,20.0,3.8,Ford,Figo Diesel EXI,11,0
Kochi,Petrol,Automatic,First,13.1,16.68,Honda,CR-V 2.0 AT,9,2
Pune,Diesel,Manual,First,19.01,5.0,Nissan,Terrano XV 110 PS,12,1
Chennai,Petrol,Manual,Second,17.71,3.75,Toyota,Etios Liva 1.2 G,15,0
Jaipur,Diesel,Manual,Third,21.27,4.11,Hyundai,i20 Asta 1.4 CRDi,13,1
Chennai,Petrol,Manual,Second,18.16,4.25,Ford,Figo Aspire 1.2 Ti-VCT Ambiente,11,1
Mumbai,Diesel,Manual,First,10.5,3.45,Mitsubishi,Pajero 2.8 GLX CRZ,22,1
Bangalore,Diesel,Automatic,First,17.11,22.5,Audi,A4 2.0 TDI 177 Bhp Premium Plus,12,3
Delhi,Petrol,Manual,First,12.4,4.5,Toyota,Innova 2.0 E,20,2
Jaipur,Petrol,Manual,First,15.26,0.9,Chevrolet,Aveo U-VA 1.2 LS,19,0
Hyderabad,Petrol,Manual,First,15.3,1.85,Hyundai,Getz GLS,20,1
Kolkata,Diesel,Manual,First,25.8,3.25,Honda,Amaze S i-Dtech,13,1
Pune,Diesel,Manual,Second,17.8,3.1,Maruti,Swift VDI BSIV W ABS,16,1
Coimbatore,Diesel,Manual,First,22.7,7.34,Ford,Ecosport 1.5 DV5 MT Titanium Optional,12,1
Kolkata,Diesel,Manual,First,20.14,4.25,Volkswagen,CrossPolo 1.5 TDI,11,1
Delhi,Petrol,Manual,First,18.6,6.45,Hyundai,Elite i20 Petrol Sportz,10,1
Chennai,Diesel,Manual,Second,12.8,10.75,Toyota,Innova 2.5 V Diesel 8-seater,15,1
Kolkata,Diesel,Automatic,First,15.26,27.75,Mercedes-Benz,M-Class ML 250 CDI,11,3
Jaipur,Petrol,Manual,Second,17.3,0.99,Maruti,Wagon R LX BSIII,21,0
Pune,Diesel,Automatic,First,12.62,24.0,Ford,Endeavour 2.2 Trend AT 4X2,10,2
Jaipur,Petrol,Manual,First,18.6,6.1,Hyundai,Elite i20 Petrol Sportz,10,1
Ahmedabad,Petrol,Manual,First,17.5,8.25,Honda,WRV i-VTEC VX,9,1
Bangalore,Petrol,Manual,First,16.47,4.65,Volkswagen,Polo Petrol Highline 1.2L,13,0
Mumbai,Petrol,Manual,First,13.7,9.75,Honda,CR-V 2.0L 2WD MT,12,2
Bangalore,Petrol,Manual,First,18.9,4.4,Hyundai,Grand i10 1.2 Kappa Asta,12,1
Kolkata,Petrol,Manual,First,19.1,3.99,Maruti,Swift Dzire VXI,12,1
Coimbatore,Diesel,Automatic,First,16.2,45.73,BMW,5 Series 2003-2012 530d,10,4
Kochi,Diesel,Manual,First,22.7,5.27,Ford,Ecosport 1.5 DV5 MT Ambiente,12,1
Ahmedabad,Diesel,Manual,First,26.0,7.25,Honda,City i DTec V,10,1
Chennai,Diesel,Manual,Second,17.0,1.6,Tata,Indigo LS,18,0
Pune,Diesel,Manual,Second,19.01,6.0,Renault,Duster 110PS Diesel RxL,12,1
Chennai,Petrol,Manual,First,20.36,3.0,Hyundai,i10 Sportz,16,0
Mumbai,Petrol,Manual,First,18.7,4.95,Honda,Jazz 1.2 SV i VTEC,11,1
Hyderabad,Diesel,Manual,First,23.65,8.99,Maruti,SX4 S Cross DDiS 200 Zeta,10,1
Mumbai,Petrol,Manual,Third,11.9,1.85,Honda,Accord VTi-L MT,19,2
Coimbatore,Petrol,Manual,First,16.47,6.16,Volkswagen,Polo Petrol Comfortline 1.2L,10,0
Hyderabad,Diesel,Manual,First,21.1,3.5,Maruti,Ritz VDi,16,0
Jaipur,Petrol,Manual,First,19.5,4.5,Honda,Amaze S Petrol,12,1
Hyderabad,Petrol,Manual,First,18.6,7.75,Hyundai,i20 1.2 Asta Option,9,1
Hyderabad,Diesel,Manual,First,20.45,6.6,Renault,Duster 85PS Diesel RxL,12,1
Kochi,Petrol,Manual,First,18.9,4.98,Hyundai,Grand i10 Magna,12,1
Chennai,Diesel,Automatic,Third,16.07,9.75,BMW,3 Series 320d Highline,18,3
Mumbai,Diesel,Manual,First,22.7,5.55,Ford,Ecosport 1.5 DV5 MT Trend,12,1
Hyderabad,Diesel,Automatic,First,21.5,10.3,Volkswagen,Vento 1.5 TDI Highline AT,10,1
Chennai,Petrol,Automatic,Second,11.7,7.5,Honda,Accord 2.4 AT,15,3
Hyderabad,Petrol,Manual,First,14.49,1.8,Chevrolet,Aveo 1.4,18,1
Hyderabad,Petrol,Manual,First,16.2,6.25,Volkswagen,Polo 1.2 MPI Highline Plus,9,0
Hyderabad,Diesel,Manual,Second,14.95,6.8,Mahindra,Xylo D4 BS III,11,1
Hyderabad,Petrol,Automatic,First,19.2,3.0,Hyundai,i10 Magna AT,17,0
Coimbatore,Diesel,Manual,First,15.1,11.6,Mahindra,XUV500 W8 4WD,11,2
Mumbai,Diesel,Manual,Second,22.7,6.95,Hyundai,Elantra CRDi SX,13,1
Mumbai,Petrol,Manual,Third,14.3,3.5,Volkswagen,Passat 1.8 TSI MT,16,2
Coimbatore,Petrol,Manual,First,18.9,5.5,Hyundai,Grand i10 1.2 Kappa Sportz,12,1
Mumbai,Petrol,Manual,First,18.6,5.65,Hyundai,i20 Asta Option 1.2,11,1
Ahmedabad,Diesel,Manual,First,18.2,3.25,Chevrolet,Enjoy TCDi LS 8 Seater,13,0
Coimbatore,Petrol,Automatic,First,14.3,7.72,Skoda,Rapid 1.6 MPI AT Ambition Plus Alloy,11,1
Pune,Diesel,Manual,First,19.67,12.0,Hyundai,Creta 1.6 CRDi SX,10,1
Jaipur,Diesel,Manual,First,25.44,1.55,Chevrolet,Beat Diesel PS,13,0
Delhi,Diesel,Manual,First,11.5,10.75,Toyota,Fortuner 3.0 Diesel,15,2
Coimbatore,Petrol,Manual,First,18.6,6.72,Hyundai,i20 Sportz Option 1.2,10,1
Coimbatore,Diesel,Automatic,First,12.07,28.55,Audi,Q7 3.0 TDI quattro,14,4
Bangalore,Diesel,Automatic,Second,17.85,75.0,Porsche,Panamera Diesel,13,5
Hyderabad,Petrol,Manual,First,17.8,10.49,Honda,City i VTEC VX,10,1
Hyderabad,Diesel,Manual,First,17.21,3.8,Mahindra,Quanto C4,14,1
Ahmedabad,Diesel,Automatic,First,16.55,18.5,Audi,A4 2.0 TDI Multitronic,14,2
Kolkata,Petrol,Automatic,First,12.37,6.0,Hyundai,Sonata Transform 2.4 GDi AT,13,3
Hyderabad,Diesel,Manual,First,22.32,5.5,Hyundai,Verna 1.6 SX,14,1
Pune,Petrol,Manual,First,18.9,2.3,Maruti,Wagon R LXI BS IV,16,0
Jaipur,Diesel,Manual,First,24.52,8.7,Maruti,Ertiga SHVS ZDI Plus,10,1
Delhi,Diesel,Manual,First,24.4,4.95,Hyundai,Xcent 1.1 CRDi S Option,11,0
Jaipur,Diesel,Manual,First,22.9,4.25,Maruti,Swift VDI,14,0
Kochi,Diesel,Manual,Second,16.0,10.94,Mahindra,XUV500 W6 2WD,9,2
Delhi,Diesel,Automatic,First,22.48,21.26,BMW,5 Series 520d Luxury Line,13,3
Bangalore,Petrol,Manual,Second,14.28,11.5,Toyota,Corolla Altis 1.8 G,10,2
Pune,Diesel,Manual,Second,22.54,6.0,Hyundai,i20 Asta 1.4 CRDi,11,1
Hyderabad,Petrol,Manual,First,18.15,4.1,Mahindra,KUV 100 mFALCON G80 K2,10,1
Kolkata,Petrol,Manual,First,24.7,2.01,Maruti,Alto 800 2016-2019 LXI,13,0
Hyderabad,Petrol,Manual,First,15.7,2.6,Fiat,Punto EVO 1.2 Emotion,16,0
Kolkata,Petrol,Manual,First,18.9,2.35,Maruti,Wagon R VXI BS IV,14,0
Bangalore,Diesel,Manual,Second,9.5,9.15,Mitsubishi,Pajero 4X4 LHD,14,1
Chennai,Petrol,Manual,First,19.4,2.9,Honda,Brio EX MT,13,1
Coimbatore,Diesel,Manual,Second,22.54,9.18,Hyundai,i20 Asta Option 1.4 CRDi,9,1
Mumbai,Petrol,Automatic,First,13.0,11.45,Hyundai,Creta 1.6 SX Plus Petrol Automatic,10,1
Kochi,Petrol,Manual,First,17.8,5.53,Honda,Amaze S i-VTEC,9,1
Chennai,Petrol,Manual,First,18.15,3.75,Mahindra,KUV 100 mFALCON G80 K6 Plus,10,1
Pune,Petrol,Automatic,First,18.0,12.5,Honda,City i-VTEC CVT VX,8,1
Mumbai,Diesel,Automatic,First,16.0,15.5,Mahindra,XUV500 AT W10 FWD,9,2
Mumbai,Diesel,Automatic,Second,14.84,14.5,Mercedes-Benz,New C-Class 220 CDI AT,13,2
Coimbatore,Diesel,Automatic,First,19.6,12.46,Renault,Duster 110PS Diesel RxZ AMT,9,1
Bangalore,Petrol,Manual,Second,16.47,5.25,Volkswagen,Polo 1.2 MPI Comfortline,12,0
Bangalore,Diesel,Automatic,Second,13.5,25.0,Mercedes-Benz,S Class 2005 2013 S 350 CDI,17,5
Hyderabad,Diesel,Automatic,First,12.9,45.0,Jaguar,XJ 3.0L Premium Luxury,14,5
Jaipur,Diesel,Manual,First,28.4,5.1,Maruti,Swift VDI,11,0
Delhi,Diesel,Manual,First,25.8,3.5,Honda,Amaze S i-Dtech,12,1
Ahmedabad,Diesel,Automatic,Second,16.07,12.5,BMW,3 Series 320d Highline,15,3
Hyderabad,Diesel,Manual,First,23.5,5.55,Hyundai,Verna 1.4 EX,14,1
Delhi,Diesel,Automatic,First,11.5,19.48,Toyota,Fortuner 4x2 4 Speed AT,11,2
Ahmedabad,Petrol,Manual,First,18.6,3.91,Maruti,Swift VXI,14,1
Chennai,Petrol,Manual,First,18.6,2.19,Chevrolet,Beat LS,16,0
Coimbatore,Petrol,Automatic,First,18.9,6.89,Hyundai,Grand i10 Asta Option AT,9,1
Coimbatore,Petrol,Manual,Second,15.6,3.47,Ford,Figo Petrol ZXI,15,0
Mumbai,Petrol,Automatic,Second,9.1,3.25,Nissan,Teana 230jM,18,1
Pune,Petrol,Manual,First,16.1,2.85,Maruti,Swift VXI BSIII,16,1
Coimbatore,Diesel,Automatic,First,17.11,25.64,Audi,A4 35 TDI Premium,10,3
Kochi,Petrol,Manual,First,16.8,10.28,Honda,City V MT,8,1
Hyderabad,Petrol,Manual,First,18.2,6.3,Honda,Jazz V,11,1
Chennai,Diesel,Manual,First,20.14,4.75,Volkswagen,Polo 1.5 TDI Highline,12,1
Hyderabad,Diesel,Manual,First,19.87,5.8,Nissan,Terrano XL D Option,13,1
Hyderabad,Diesel,Automatic,First,12.51,44.5,Land,Rover Discovery Sport SD4 HSE Luxury 7S,10,3
Kochi,Petrol,Manual,First,18.5,4.65,Hyundai,i20 Magna Optional 1.2,12,1
Jaipur,Petrol,Manual,First,17.0,3.6,Honda,City 1.5 E MT,17,1
Hyderabad,Diesel,Manual,First,16.0,12.25,Mahindra,XUV500 W10 AWD,11,2
Jaipur,Diesel,Manual,First,16.3,20.0,Jeep,Compass 2.0 Limited Option 4X4,9,2
Jaipur,Diesel,Manual,First,16.0,16.0,Mahindra,XUV500 W10 AWD,9,2
Coimbatore,Diesel,Automatic,Second,11.79,6.21,Mahindra,Scorpio VLX 4WD AIRBAG AT BSIV,15,1
Kolkata,Diesel,Manual,First,15.4,9.75,Mahindra,Scorpio S6 Plus 7 Seater,10,1
Mumbai,Petrol,Automatic,First,15.5,4.45,Honda,Amaze S AT i-Vtech,12,1
Pune,Diesel,Manual,First,25.6,12.0,Honda,City i-DTEC ZX,9,1
Chennai,Petrol,Manual,First,14.4,0.8,Tata,Indigo GLE,18,0
Chennai,Diesel,Manual,First,24.0,5.95,Hyundai,Grand i10 1.2 CRDi Sportz,8,0
Kolkata,Petrol,Manual,First,17.43,5.25,Hyundai,Verna 1.4 CX VTVT,12,1
Coimbatore,Diesel,Manual,First,13.68,22.2,Toyota,Innova Crysta 2.4 VX MT,7,2
Jaipur,Diesel,Automatic,First,17.05,13.5,BMW,X1 sDrive20d,14,3
Chennai,Diesel,Automatic,First,16.96,13.5,Volkswagen,Jetta 2013-2015 2.0L TDI Highline AT,11,2
Delhi,Diesel,Manual,First,20.0,3.47,Ford,Figo Diesel ZXI,12,0
Ahmedabad,Diesel,Automatic,Second,11.18,9.5,Mahindra,Ssangyong Rexton RX7,13,3
Chennai,Petrol,Manual,First,15.04,4.8,Volkswagen,Vento Petrol Highline,15,1
Kochi,Petrol,Manual,First,15.0,6.54,Skoda,Rapid 1.6 MPI Ambition With Alloy Wheel,10,1
Delhi,Petrol,Manual,First,16.47,3.1,Volkswagen,Polo Petrol Comfortline 1.2L,14,0
Hyderabad,Diesel,Manual,First,23.65,7.99,Maruti,S Cross DDiS 200 Delta,11,1
Kolkata,Petrol,Manual,Second,14.53,3.3,Toyota,Corolla Altis G,17,2
Bangalore,Diesel,Manual,First,20.77,8.75,Maruti,Ertiga ZDI,11,1
Hyderabad,Petrol,Automatic,First,19.2,4.19,Hyundai,i10 Asta Sunroof AT,13,0
Kochi,Diesel,Automatic,First,17.9,30.77,Mercedes-Benz,CLA 200 CDI Sport,7,2
Jaipur,Petrol,Manual,Second,16.9,2.11,Honda,City ZX VTEC,20,1
Jaipur,Petrol,Manual,First,18.15,6.25,Mahindra,KUV 100 G80 K8,8,1
Delhi,Diesel,Manual,First,11.5,11.4,Toyota,Fortuner 3.0 Diesel,15,2
Bangalore,Petrol,Manual,First,17.0,5.2,Honda,City 1.5 V MT,15,1
Coimbatore,Diesel,Automatic,First,18.53,39.84,Audi,A6 35 TDI Matrix,9,3
Coimbatore,Diesel,Manual,First,20.0,4.45,Ford,Figo Diesel ZXI,13,0
Kolkata,Diesel,Automatic,First,17.9,19.5,Mercedes-Benz,GLA Class 200 CDI,12,2
Hyderabad,Petrol,Manual,First,15.26,1.75,Chevrolet,Aveo U-VA 1.2 LS,19,0
Hyderabad,Diesel,Manual,First,25.83,5.1,Ford,Figo 2015-2019 1.5D Titanium MT,10,1
Delhi,Diesel,Automatic,First,22.7,6.8,Hyundai,Elantra CRDi SX AT,13,1
Kolkata,Petrol,Automatic,First,21.4,5.74,Maruti,Baleno Zeta CVT,10,1
Hyderabad,Petrol,Manual,First,16.1,3.3,Maruti,Swift LXi BSIV,16,1
Hyderabad,Diesel,Automatic,First,9.9,32.0,Mercedes-Benz,CLS-Class 2006-2010 350 CDI,16,5
Ahmedabad,Diesel,Automatic,First,21.76,35.0,BMW,3 Series Luxury Line,10,3
Chennai,Diesel,Automatic,First,28.4,8.9,Maruti,Dzire AMT ZDI Plus,9,0
Mumbai,Petrol,Manual,Second,17.01,4.0,Hyundai,Verna 1.6 SX VTVT,15,1
Kochi,Diesel,Manual,First,17.1,19.46,Jeep,Compass 2.0 Longitude,8,2
Hyderabad,Diesel,Automatic,First,11.4,5.25,Hyundai,Sonata Embera 2.0L CRDi AT,17,2
Kolkata,Diesel,Manual,First,21.5,9.22,Tata,Nexon 1.5 Revotorq XZ Plus Dual Tone,8,1
Jaipur,Petrol,Manual,First,21.1,1.8,Hyundai,EON Era Plus,13,0
Hyderabad,Diesel,Manual,Second,13.5,1.3,Tata,Indica DLS,21,1
Kochi,Diesel,Automatic,First,14.69,31.75,BMW,5 Series 2013-2017 530d M Sport,11,4
Delhi,Diesel,Manual,First,20.77,5.99,Maruti,Ertiga VDI,12,1
Kochi,Petrol,Manual,First,18.0,4.94,Honda,Amaze E i-Vtech,11,1
Jaipur,Petrol,Manual,Third,16.6,1.5,Ford,Fiesta 1.4 Duratec ZXI,19,0
Bangalore,Petrol,Manual,Third,13.5,3.25,Honda,Civic 2006-2010 1.8 V MT,18,2
Delhi,Diesel,Manual,First,20.77,6.5,Maruti,Ertiga ZDI,12,1
Delhi,Diesel,Manual,First,24.0,3.71,Hyundai,Grand i10 CRDi Sportz,13,0
Pune,Petrol,Manual,First,20.14,5.0,Hyundai,Xcent 1.2 VTVT E Plus,8,1
Ahmedabad,Petrol,Manual,First,19.81,1.99,Hyundai,i10 Era,18,0
Mumbai,Petrol,Manual,First,18.0,4.25,Honda,Amaze S i-Vtech,9,1
Ahmedabad,Diesel,Automatic,First,12.4,8.0,Audi,A6 2.7 TDI,17,3
Mumbai,Petrol,Manual,First,20.36,2.95,Hyundai,i10 Magna 1.2 iTech SE,15,0
Pune,Petrol,Manual,First,25.17,3.5,Renault,KWID RXT Optional,8,0
Jaipur,Diesel,Automatic,Second,15.2,16.0,Audi,A4 New 2.0 TDI Multitronic,14,2
Jaipur,Petrol,Manual,First,22.74,2.75,Maruti,Alto 800 LXI Airbag,11,0
Delhi,Petrol,Manual,First,17.8,6.95,Honda,City i VTEC VX Option,11,1
Delhi,Petrol,Automatic,Second,11.74,12.5,Mercedes-Benz,New C-Class C250 Avantgarde,15,3
Coimbatore,Diesel,Automatic,First,13.22,36.83,Audi,Q5 3.0 TDI Quattro Technology,9,4
Pune,Petrol,Manual,First,16.2,2.7,Volkswagen,Polo 1.2 MPI Comfortline,15,0
Mumbai,Diesel,Manual,First,21.38,9.9,Hyundai,Creta 1.4 E Plus Diesel,9,1
Kochi,Petrol,Manual,First,17.0,3.83,Honda,City 1.5 V MT,15,1
Coimbatore,Petrol,Manual,First,17.0,5.25,Honda,City 1.5 S MT,14,1
Kolkata,Diesel,Manual,First,22.7,7.75,Maruti,S Cross DDiS 320 Alpha,10,1
Mumbai,Petrol,Manual,Second,16.51,2.46,Maruti,SX4 Vxi BSIV,16,1
Kolkata,Diesel,Manual,First,23.4,3.96,Maruti,Swift Dzire VDI,12,0
Chennai,Diesel,Manual,First,20.77,8.25,Maruti,Ertiga ZDI,11,1
Coimbatore,Petrol,Manual,First,18.6,7.58,Hyundai,i20 1.2 Spotz,8,1
Hyderabad,Diesel,Manual,First,24.0,3.99,Hyundai,Grand i10 CRDi Magna,12,0
Delhi,Petrol,Manual,First,17.4,6.25,Honda,City i VTEC SV,12,1
Hyderabad,Diesel,Manual,First,20.5,5.0,Skoda,Rapid 1.6 TDI Elegance,13,1
Hyderabad,Diesel,Automatic,Second,11.0,4.65,Mercedes-Benz,E-Class E270 CDI,21,3
Coimbatore,Diesel,Automatic,First,13.01,21.37,Hyundai,Santa Fe 4WD AT,10,3
Hyderabad,Petrol,Manual,First,19.7,1.75,Maruti,Alto LXi,19,0
Kolkata,Diesel,Manual,First,24.8,4.1,Hyundai,Verna 1.4 CRDi GL,14,1
Coimbatore,Diesel,Manual,First,20.0,3.56,Ford,Figo Diesel ZXI,11,0
Pune,Petrol,Manual,Second,17.0,4.21,Honda,City 1.5 S MT,16,1
Coimbatore,Diesel,Manual,First,17.8,6.86,Maruti,Swift VDI BSIV W ABS,10,1
Delhi,Diesel,Manual,First,23.9,6.6,Hyundai,Verna 1.6 CRDi S,11,1
Coimbatore,Petrol,Automatic,First,13.0,14.35,Hyundai,Creta 1.6 SX Plus Petrol Automatic,8,1
Hyderabad,Diesel,Manual,First,22.7,9.5,Ford,Ecosport 1.5 DV5 MT Titanium,9,1
Delhi,Diesel,Automatic,First,11.2,21.9,BMW,X6 xDrive30d,15,4
Coimbatore,Diesel,Automatic,First,18.12,30.45,BMW,5 Series 2013-2017 520d Luxury Line,10,3
Hyderabad,Diesel,Manual,First,25.83,5.1,Ford,Figo Aspire 1.5 TDCi Ambiente,10,1
Pune,Petrol,Automatic,First,17.0,5.44,Hyundai,Verna VTVT 1.6 AT EX,13,1
Jaipur,Diesel,Manual,First,13.8,1.6,Ford,Ikon 1.4 TDCi DuraTorq,16,0
Kochi,Diesel,Automatic,First,17.68,16.67,Audi,A6 2011-2015 2.0 TDI,12,3
Hyderabad,Petrol,Manual,First,10.8,9.5,Honda,CR-V Sport,16,1
Pune,Petrol,Automatic,First,15.0,3.85,Hyundai,i20 2015-2017 Sportz AT 1.4,14,1
Kochi,Diesel,Manual,First,14.24,10.64,Toyota,Fortuner 2.8 4WD MT,15,3
Bangalore,Petrol,Manual,First,25.17,3.5,Renault,KWID RXT,10,0
Chennai,Petrol,Manual,Third,18.0,1.1,Chevrolet,Spark 1.0 LT,18,0
Hyderabad,Petrol,Manual,Second,16.2,2.6,Hyundai,Verna Transform VTVT,15,1
Hyderabad,Diesel,Automatic,First,18.88,18.5,BMW,3 Series 320d Sport Line,14,3
Hyderabad,Diesel,Manual,First,26.59,7.95,Maruti,Swift Dzire VDI,11,0
Jaipur,Diesel,Manual,First,25.4,5.49,Hyundai,Xcent 1.2 CRDi E Plus,9,0
Mumbai,Petrol,Automatic,First,19.0,6.95,Honda,Jazz V CVT,9,1
Jaipur,Diesel,Manual,First,17.0,1.0,Tata,Indigo LS,18,0
Chennai,Diesel,Manual,Second,17.8,4.45,Ford,Fiesta Classic 1.4 Duratorq CLXI,13,0
Kolkata,Diesel,Manual,First,25.1,6.99,Maruti,S-Cross Alpha DDiS 200 SH,10,1
Coimbatore,Petrol,Manual,First,15.6,3.51,Maruti,SX4 Zxi with Leather BSIII,18,1
Kochi,Petrol,Automatic,First,21.4,7.54,Maruti,Baleno Zeta Automatic,8,1
Bangalore,Diesel,Manual,First,23.2,3.65,Maruti,Ritz LDi,10,0
Ahmedabad,Diesel,Automatic,First,19.5,16.0,Hyundai,Elantra CRDi SX AT,10,1
Kolkata,Petrol,Manual,First,16.2,1.4,Chevrolet,Spark 1.0 LT,14,0
Mumbai,Petrol,Manual,First,18.6,6.45,Hyundai,i20 1.2 Spotz,9,1
Hyderabad,Diesel,Manual,First,24.4,4.4,Hyundai,Xcent 1.1 CRDi Base,10,0
Delhi,Petrol,Automatic,First,19.0,5.95,Honda,Jazz 1.2 V CVT i VTEC,11,1
Ahmedabad,Petrol,Manual,First,19.4,3.9,Honda,Brio S MT,13,1
Coimbatore,Diesel,Automatic,First,13.0,35.28,Mercedes-Benz,E-Class E250 CDI Avantgrade,10,3
Pune,Diesel,Manual,First,17.6,14.25,Tata,Hexa XT,9,2
Pune,Diesel,Manual,First,24.4,4.5,Hyundai,Xcent 1.1 CRDi Base,9,0
Pune,Diesel,Manual,First,22.7,7.5,Ford,Ecosport 1.5 DV5 MT Titanium Optional,11,1
Coimbatore,Petrol,Automatic,First,21.9,3.41,Tata,Nano XTA,9,0
Pune,Petrol,Manual,Second,19.4,3.25,Honda,Brio VX,13,1
Hyderabad,Diesel,Manual,First,24.52,8.3,Maruti,Ertiga SHVS ZDI Plus,10,1
Bangalore,Petrol,Manual,First,20.36,3.45,Hyundai,i10 Sportz 1.2,16,0
Hyderabad,Petrol,Manual,First,17.0,2.1,Hyundai,Santro Xing XO,19,1
Mumbai,Diesel,Manual,First,16.0,11.95,Mahindra,XUV500 W10 2WD,11,2
Hyderabad,Diesel,Manual,First,20.54,4.25,Volkswagen,Vento Diesel Highline,16,1
Hyderabad,Diesel,Manual,First,14.0,8.25,Tata,Safari Storme 2012-2015 VX,12,2
Hyderabad,Petrol,Manual,First,10.2,5.95,Honda,Accord 2.4 Elegance M/T,16,3
Coimbatore,Petrol,Manual,First,15.1,4.3,Maruti,Eeco 7 Seater Standard,10,0
Ahmedabad,Diesel,Manual,First,22.9,3.9,Maruti,Swift VDI,14,0
Pune,Petrol,Automatic,First,21.4,6.41,Maruti,Baleno Zeta Automatic,10,1
Coimbatore,Diesel,Manual,First,15.1,8.36,Mahindra,XUV500 W8 2WD,11,2
Chennai,Petrol,Manual,First,19.1,3.85,Hyundai,Xcent 1.2 Kappa S,12,1
Hyderabad,Diesel,Automatic,First,19.27,36.0,Mercedes-Benz,New C-Class C 220 CDI Style,9,2
Kolkata,Petrol,Manual,First,13.14,7.5,Skoda,Superb 1.8 TSI MT,15,2
Hyderabad,Diesel,Manual,First,20.14,5.7,Volkswagen,CrossPolo 1.5 TDI,11,1
Kochi,Petrol,Manual,First,20.89,5.5,Maruti,Ignis 1.2 Delta,7,1
Chennai,Diesel,Manual,First,25.2,5.9,Maruti,Swift VDI BSIV,10,0
Mumbai,Petrol,Manual,First,17.8,7.75,Honda,City i VTEC VX Option,11,1
Ahmedabad,Diesel,Automatic,First,11.5,18.0,BMW,5 Series 530d Highline Sedan,16,4
Hyderabad,Diesel,Manual,First,17.5,4.4,Skoda,Laura Ambiente,18,1
Coimbatore,Petrol,Automatic,First,17.21,8.27,Volkswagen,Polo GT TSI,9,1
Ahmedabad,Diesel,Manual,First,19.87,4.75,Renault,Duster 85PS Diesel RxL,12,1
Hyderabad,Petrol,Automatic,First,16.8,3.8,Honda,City 1.5 S AT,18,1
Ahmedabad,Diesel,Manual,First,20.54,3.4,Volkswagen,Vento Diesel Highline,15,1
Pune,Petrol,Manual,Second,18.9,4.7,Hyundai,Grand i10 Sportz,10,1
Pune,Petrol,Manual,Second,16.6,1.49,Ford,Fiesta 1.4 ZXi Duratec,18,0
Mumbai,Diesel,Manual,Second,24.4,4.5,Hyundai,Xcent 1.1 CRDi S,10,0
Hyderabad,Diesel,Manual,First,25.8,5.4,Honda,Amaze VX i-DTEC,12,1
Hyderabad,Petrol,Automatic,First,18.0,11.5,Honda,City i VTEC CVT VX,10,1
Pune,Diesel,Manual,Second,20.4,3.5,Renault,Fluence 1.5,14,1
Ahmedabad,Diesel,Automatic,First,22.48,16.5,BMW,5 Series 520d Luxury Line,16,3
Mumbai,Petrol,Manual,First,15.5,3.9,Maruti,SX4 ZXI MT BSIV,14,1
Hyderabad,Petrol,Automatic,First,16.4,3.25,Honda,City ZX CVT,19,0
Kochi,Petrol,Manual,First,17.0,5.84,Volkswagen,Ameo 1.2 MPI Comfortline,8,0
Hyderabad,Petrol,Manual,First,17.0,5.75,Volkswagen,Ameo 1.2 MPI Comfortline,10,0
Delhi,Diesel,Automatic,First,16.55,10.0,Audi,A4 2.0 TDI Multitronic,16,2
Mumbai,Petrol,Manual,Second,18.9,1.05,Maruti,Wagon R VXI,20,0
Delhi,Diesel,Automatic,First,19.08,5.64,Hyundai,Verna SX CRDi AT,13,1
Coimbatore,Diesel,Automatic,First,17.9,50.97,Mercedes-Benz,GLC 220d 4MATIC Style,7,2
Mumbai,Diesel,Automatic,First,21.76,29.95,BMW,3 Series Luxury Line,10,3
Mumbai,Diesel,Manual,Second,24.2,4.85,Honda,Mobilio V Option i DTEC,12,1
Hyderabad,Diesel,Automatic,First,17.01,14.5,Hyundai,Creta 1.6 CRDi AT SX Plus,10,1
Hyderabad,Petrol,Manual,First,17.0,5.5,Honda,City 1.5 S MT,15,1
Bangalore,Diesel,Manual,First,17.8,3.2,Ford,Fiesta 1.4 TDCi EXI,15,0
Chennai,Diesel,Manual,First,26.59,4.5,Maruti,Swift Dzire LDI,10,0
Coimbatore,Diesel,Automatic,First,13.0,30.72,Mercedes-Benz,E-Class E250 CDI Launch Edition,11,3
Jaipur,Diesel,Manual,First,11.5,3.5,Chevrolet,Captiva LT,17,2
Bangalore,Diesel,Manual,First,12.8,6.99,Toyota,Innova 2.5 V Diesel 7-seater,19,1
Kochi,Diesel,Manual,First,17.21,3.45,Mahindra,Quanto C8,12,1
Kochi,Petrol,Manual,First,17.4,6.57,Honda,City i VTEC V,11,1
Kolkata,Diesel,Automatic,First,17.11,17.5,Audi,A4 2.0 TDI 177 Bhp Premium Plus,12,3
Delhi,Diesel,Manual,First,22.07,3.75,Volkswagen,Polo Diesel Comfortline 1.2L,13,0
Pune,Petrol,Automatic,First,14.8,9.99,Ford,EcoSport 1.5 Petrol Titanium Plus AT,9,1
Kolkata,Diesel,Manual,First,12.99,8.2,Toyota,Innova 2.5 G (Diesel) 7 Seater BS IV,14,1
Jaipur,Petrol,Manual,Third,13.0,1.1,Honda,City 1.5 EXI,21,1
Chennai,Petrol,Manual,First,24.7,2.45,Maruti,Alto 800 2016-2019 LXI Optional,11,0
Pune,Diesel,Automatic,First,8.7,13.75,Mercedes-Benz,M-Class ML 320 CDI,17,4
Kolkata,Diesel,Manual,First,26.59,3.0,Maruti,Swift Dzire LDI,9,0
Ahmedabad,Diesel,Manual,First,24.3,9.25,Maruti,Vitara Brezza ZDi Plus Dual Tone,9,1
Mumbai,Diesel,Automatic,First,13.2,17.65,Volvo,S60 D5 Summum,13,3
Delhi,Diesel,Automatic,First,12.55,18.25,Toyota,Fortuner 4x2 AT,12,2
Kochi,Diesel,Manual,First,23.0,3.45,Hyundai,i20 Sportz Option Diesel,13,1
Bangalore,Diesel,Automatic,First,17.11,23.75,Audi,A4 35 TDI Premium,11,3
Mumbai,Diesel,Manual,Second,19.64,5.45,Nissan,Terrano XV D Pre,13,1
Coimbatore,Petrol,Automatic,First,23.1,5.25,Maruti,Celerio ZXI AMT,9,0
Delhi,Petrol,Manual,First,15.9,1.1,Maruti,Esteem Vxi,21,1
Delhi,Petrol,Automatic,First,16.95,2.9,Hyundai,i10 Sportz AT,14,0
Hyderabad,Diesel,Automatic,First,22.69,14.2,BMW,3 Series 320d,16,3
Kochi,Petrol,Manual,First,18.9,5.8,Hyundai,Grand i10 Sportz,8,1
Coimbatore,Petrol,Automatic,First,18.9,7.22,Hyundai,Grand i10 Asta Option AT,9,1
Coimbatore,Petrol,Manual,First,18.9,4.87,Hyundai,Grand i10 1.2 Kappa Sportz,10,1
Delhi,Petrol,Manual,First,16.47,3.3,Volkswagen,Polo 1.2 MPI Comfortline,13,0
Hyderabad,Petrol,Manual,Second,17.7,3.0,Honda,City ZX EXi,19,0
Hyderabad,Diesel,Automatic,First,17.9,26.0,Mercedes-Benz,GLA Class 200 CDI,12,2
Hyderabad,Petrol,Manual,First,14.0,2.9,Maruti,Omni 8 Seater BSIV,9,0
Bangalore,Petrol,Automatic,First,15.74,7.5,Hyundai,Verna 1.6 SX VTVT AT,12,1
Hyderabad,Petrol,Manual,First,22.74,2.36,Maruti,Alto 800 LXI,11,0
Coimbatore,Diesel,Manual,First,24.3,11.39,Maruti,Vitara Brezza ZDi Plus Dual Tone,9,1
Kochi,Diesel,Manual,First,15.1,7.02,Mahindra,XUV500 W8 2WD,13,2
Delhi,Diesel,Manual,First,24.3,8.0,Maruti,Vitara Brezza ZDi,10,1
Kochi,Petrol,Manual,First,18.6,7.11,Hyundai,i20 1.2 Spotz,9,1
Mumbai,Diesel,Automatic,First,10.0,3.9,Mercedes-Benz,E-Class 250 D W 210,28,2
Hyderabad,Petrol,Manual,First,19.7,2.15,Maruti,Alto LXi,17,0
Kolkata,Petrol,Manual,First,18.0,3.25,Honda,Amaze S i-Vtech,13,1
Kochi,Diesel,Automatic,First,12.65,70.66,Land,Rover Range Rover Sport HSE,11,4
Mumbai,Diesel,Manual,First,24.0,4.61,Hyundai,Grand i10 CRDi Magna,13,0
Mumbai,Petrol,Manual,First,13.5,2.35,Honda,Civic 2006-2010 1.8 S MT,18,2
Chennai,Diesel,Manual,Second,24.0,4.05,Hyundai,Grand i10 CRDi Magna,12,0
Jaipur,Petrol,Manual,Second,16.1,0.8,Maruti,800 AC Uniq,17,0
Hyderabad,Diesel,Manual,First,23.59,5.6,Toyota,Etios Liva Diesel,12,0
Delhi,Diesel,Manual,First,22.54,5.35,Hyundai,i20 Magna 1.4 CRDi,11,1
Mumbai,Petrol,Manual,First,24.07,3.25,Maruti,Alto K10 VXI,9,0
Pune,Diesel,Automatic,Second,17.05,11.5,BMW,X1 sDrive20d,14,3
Pune,Petrol,Automatic,First,23.1,4.25,Maruti,Celerio VXI AT,10,0
Mumbai,Petrol,Automatic,Second,13.7,4.45,Skoda,Superb Elegance 1.8 TSI AT,17,2
Pune,Diesel,Manual,First,14.0,2.85,Mahindra,Xylo E4,17,1
Delhi,Diesel,Manual,First,15.1,7.85,Mahindra,XUV500 W8 2WD,12,2
Pune,Petrol,Manual,First,19.1,5.3,Maruti,Swift Dzire VXI,10,1
Mumbai,Petrol,Manual,First,18.88,8.0,Ford,Ecosport 1.0 Ecoboost Platinum Edition,9,1
Coimbatore,Diesel,Manual,First,21.43,9.43,Toyota,Corolla Altis Diesel D4DG,12,1
Pune,Petrol,Manual,First,18.5,2.75,Hyundai,i20 2015-2017 1.2 Magna,14,0
Mumbai,Diesel,Manual,First,20.37,13.5,Renault,Captur 1.5 Diesel Platine Mono,8,1
Hyderabad,Diesel,Automatic,First,11.0,9.99,Mercedes-Benz,E-Class 280 CDI,17,3
Chennai,Petrol,Manual,First,21.1,6.95,Maruti,Baleno RS 1.0 Petrol,9,1
Chennai,Petrol,Automatic,First,17.97,6.75,Nissan,Sunny 2011-2014 XL AT Special Edition,11,1
Chennai,Petrol,Automatic,First,18.9,5.5,Hyundai,Grand i10 AT Asta,11,1
Kochi,Petrol,Manual,First,21.56,9.18,Maruti,Ciaz Zeta,8,1
Jaipur,Petrol,Manual,First,19.1,4.15,Hyundai,Xcent 1.2 Kappa S,12,1
Ahmedabad,Diesel,Manual,First,22.32,6.5,Hyundai,Verna 1.6 SX CRDi (O),14,1
Kochi,Petrol,Manual,First,21.5,4.11,Maruti,Wagon R VXI 1.2,11,1
Hyderabad,Diesel,Manual,Second,16.8,2.25,Hyundai,Verna CRDi,18,1
Kochi,Petrol,Manual,First,17.71,4.56,Toyota,Etios Liva G,11,0
Pune,Diesel,Manual,First,11.68,4.0,Mahindra,Xylo E4 ABS BS III,13,1
Coimbatore,Diesel,Manual,First,23.59,5.27,Toyota,Etios Liva GD,11,0
Kochi,Diesel,Manual,First,18.06,9.11,Mahindra,Thar DI 4X4,7,0
Pune,Diesel,Manual,Second,14.42,6.2,Nissan,X-Trail SLX MT,16,2
Kochi,Diesel,Automatic,First,11.36,19.97,Toyota,Innova Crysta 2.8 ZX AT,9,2
Delhi,Diesel,Manual,First,21.38,10.17,Hyundai,Creta 1.4 CRDi S,10,1
Pune,Diesel,Manual,First,28.4,4.5,Maruti,Swift VDI,12,0
Kochi,Diesel,Manual,First,23.9,14.28,Hyundai,Verna 1.6 CRDI SX Option,7,1
Kochi,Petrol,Manual,Second,19.7,2.47,Maruti,Alto LXi BSIII,14,0
Ahmedabad,Diesel,Manual,First,23.65,7.9,Maruti,S Cross DDiS 200 Alpha,10,1
Hyderabad,Petrol,Manual,First,21.1,2.3,Hyundai,EON Era,15,0
Hyderabad,Petrol,Manual,First,13.24,6.5,Nissan,Terrano XL,13,1
Hyderabad,Petrol,Manual,First,21.1,3.25,Hyundai,EON Era,10,0
Bangalore,Diesel,Manual,First,20.65,5.85,Tata,Zest Quadrajet 1.3 XT,9,1
Hyderabad,Diesel,Automatic,Second,14.21,29.0,Mercedes-Benz,E-Class 2009-2013 E250 CDI Elegance,12,3
Coimbatore,Diesel,Automatic,Second,14.16,25.71,Audi,Q5 2.0 TDI Premium Plus,12,3
Chennai,Petrol,Manual,Second,15.3,1.85,Ford,Fiesta 1.6 ZXi Leather,18,1
Mumbai,Diesel,Automatic,First,18.88,22.75,BMW,3 Series 320d Prestige,11,3
Kochi,Petrol,Manual,First,21.1,8.32,Maruti,Baleno RS 1.0 Petrol,8,1
Delhi,Diesel,Automatic,First,14.21,26.0,Mercedes-Benz,E-Class 2009-2013 E250 CDI Blue Efficiency,12,3
Hyderabad,Petrol,Manual,First,20.36,3.45,Hyundai,i10 Sportz 1.2,13,0
Mumbai,Petrol,Manual,First,18.9,5.15,Hyundai,Grand i10 Asta Option,9,1
Kochi,Petrol,Manual,First,19.4,3.51,Honda,Brio S MT,12,1
Kolkata,Diesel,Manual,First,21.9,3.45,Hyundai,i20 Magna 1.4 CRDi (Diesel),11,1
Pune,Petrol,Manual,First,16.47,3.75,Volkswagen,Polo Petrol Highline 1.2L,13,0
Pune,Petrol,Manual,Second,13.0,1.45,Honda,City 1.5 EXI,25,1
Delhi,Diesel,Manual,First,18.7,2.2,Skoda,Octavia Ambiente 1.9 TDI,18,0
Hyderabad,Diesel,Manual,First,13.1,7.99,Ford,Endeavour 2.5L 4X2,16,2
Bangalore,Diesel,Manual,Second,18.3,6.75,Chevrolet,Cruze LTZ,13,2
Kolkata,Diesel,Manual,First,24.2,5.0,Honda,Mobilio V i DTEC,12,1
Pune,Diesel,Manual,Second,20.77,5.9,Maruti,Ertiga VDI,14,1
Mumbai,Petrol,Manual,First,18.9,3.75,Hyundai,Grand i10 Sportz,13,1
Mumbai,Diesel,Automatic,First,14.74,29.5,Jaguar,XF 3.0 Litre S Premium Luxury,12,5
Chennai,Petrol,Manual,First,18.0,4.75,Honda,Amaze VX i-Vtech,12,1
Pune,Diesel,Automatic,First,12.4,11.5,Audi,A6 2.7 TDI,15,3
Chennai,Petrol,Manual,First,18.6,6.95,Hyundai,i20 1.2 Spotz,9,1
Mumbai,Petrol,Manual,First,17.0,5.4,Volkswagen,Ameo 1.2 MPI Highline Plus 16,10,0
Jaipur,Petrol,Automatic,First,13.4,4.75,Renault,Fluence 2.0,15,2
Chennai,Petrol,Manual,First,24.07,2.15,Maruti,Alto K10 VXI,15,0
Jaipur,Petrol,Manual,First,19.7,0.9,Maruti,Alto Std,21,0
Kolkata,Petrol,Manual,First,20.51,3.5,Maruti,Wagon R VXI BS IV,10,0
Kochi,Diesel,Manual,First,20.4,5.85,Fiat,Linea 1.3 Emotion,10,1
Pune,Diesel,Manual,First,19.3,3.15,Maruti,Swift Dzire Vdi BSIV,16,0
Pune,Diesel,Manual,First,21.64,6.0,Renault,Scala Diesel RxL,10,1
Kolkata,Petrol,Manual,First,18.5,2.23,Hyundai,i20 Magna,16,0
Bangalore,Petrol,Manual,First,19.1,2.5,Hyundai,Xcent 1.2 Kappa SX Option,10,1
Kochi,Petrol,Manual,First,18.9,3.87,Maruti,Wagon R LXI,11,0
Ahmedabad,Diesel,Manual,First,15.1,9.5,Mahindra,XUV500 W8 2WD,12,2
Delhi,Diesel,Automatic,First,12.55,17.75,Toyota,Fortuner 4x2 AT,12,2
Delhi,Diesel,Manual,First,19.64,3.75,Renault,Duster 110PS Diesel RxZ Plus,14,1
Chennai,Petrol,Manual,Second,17.92,1.5,Hyundai,Santro Xing GLS,16,0
Pune,Petrol,Manual,Second,17.01,5.0,Hyundai,Verna 1.6 SX VTVT,13,1
Pune,Diesel,Automatic,Second,15.06,17.0,BMW,X1 sDrive 20d Exclusive,12,3
Kochi,Petrol,Automatic,First,12.9,4.38,Honda,Civic 2006-2010 1.8 V AT,15,2
Delhi,Petrol,Automatic,First,15.26,41.5,Audi,A6 35 TFSI Matrix,8,3
Kolkata,Petrol,Manual,First,20.51,3.0,Maruti,Wagon R LXI BS IV,9,0
Coimbatore,Diesel,Manual,First,24.3,11.0,Maruti,Vitara Brezza ZDi Plus Dual Tone,8,1
Pune,Diesel,Automatic,Second,11.8,14.0,Land,Rover Discovery 3 TDV6 Diesel Automatic,14,3
Pune,Diesel,Automatic,First,26.59,7.65,Maruti,Dzire New,10,0
Kolkata,Petrol,Manual,First,17.0,8.7,Hyundai,Verna VTVT 1.6 SX,8,1
Hyderabad,Diesel,Manual,First,25.47,9.9,Maruti,Ertiga ZDI Plus,10,1
Mumbai,Petrol,Manual,First,13.2,2.05,Hyundai,Accent GLE,16,1
Kolkata,Petrol,Manual,First,17.0,5.25,Hyundai,i20 1.2 Sportz,10,0
Kochi,Petrol,Manual,First,17.0,5.77,Hyundai,Verna VTVT 1.6 SX,14,1
Hyderabad,Petrol,Manual,First,19.7,1.95,Maruti,Alto LX,16,0
Ahmedabad,Diesel,Manual,Second,12.05,7.45,Mahindra,Scorpio VLX,15,1
Delhi,Petrol,Manual,First,18.9,2.6,Maruti,Wagon R LXI,14,0
Ahmedabad,Petrol,Manual,Second,17.0,3.25,Hyundai,i20 1.2 Sportz,15,0
Hyderabad,Diesel,Manual,First,21.1,3.85,Maruti,Ritz VDi,16,0
Delhi,Diesel,Automatic,Second,13.73,7.5,Renault,Koleos 2.0 Diesel,13,2
Kochi,Diesel,Automatic,First,22.69,11.5,BMW,3 Series 320d,14,3
Pune,Petrol,Manual,First,19.4,3.25,Honda,Brio V MT,13,1
Chennai,Petrol,Manual,Second,11.7,1.5,Hyundai,Sonata GOLD,23,2
Jaipur,Diesel,Manual,First,19.3,5.31,Maruti,Swift Dzire VDi,12,0
Hyderabad,Diesel,Manual,First,16.0,9.0,Mahindra,XUV500 W8 4WD,13,2
Kolkata,Petrol,Manual,First,19.81,3.59,Hyundai,i10 Sportz 1.1L,10,0
Kochi,Petrol,Manual,First,20.73,7.35,Maruti,Ciaz ZXi Plus,10,1
Pune,Diesel,Manual,First,12.8,12.0,Toyota,Innova 2.5 V Diesel 8-seater,13,1
Coimbatore,Petrol,Manual,First,18.9,6.02,Hyundai,Grand i10 Sportz,9,1
Coimbatore,Diesel,Manual,First,16.52,2.57,Chevrolet,Optra Magnum 2.0 LS BSIII,18,1
Pune,Diesel,Manual,First,12.83,12.45,Mahindra,Ssangyong Rexton RX5,13,2
Coimbatore,Diesel,Manual,First,15.1,12.63,Mahindra,XUV500 W8 2WD,11,2
Bangalore,Petrol,Manual,Second,17.4,7.75,Honda,City i VTEC SV,12,1
Delhi,Diesel,Manual,First,22.7,5.5,Ford,Ecosport 1.5 DV5 MT Titanium,12,1
Kolkata,Petrol,Manual,First,18.6,4.43,Hyundai,i20 Sportz 1.2,11,1
Kochi,Diesel,Automatic,First,17.9,24.51,Mercedes-Benz,CLA 200 CDI Sport,10,2
Ahmedabad,Petrol,Manual,First,22.0,2.65,Hyundai,EON Magna,12,0
Delhi,Petrol,Manual,First,17.6,3.2,Toyota,Etios G Safety,15,1
Chennai,Diesel,Manual,First,23.4,4.25,Maruti,Swift Dzire Tour LDI,10,0
Kolkata,Petrol,Manual,First,19.7,1.1,Maruti,Alto LXi,18,0
Chennai,Petrol,Manual,First,23.1,4.3,Maruti,Celerio ZXI,11,0
Hyderabad,Diesel,Manual,First,22.7,8.9,Ford,Ecosport 1.5 DV5 MT Titanium Optional,11,1
Jaipur,Diesel,Manual,First,19.01,6.5,Nissan,Terrano XV 110 PS Limited Edition,11,1
Delhi,Petrol,Automatic,Third,11.1,3.5,Honda,Accord VTi-L AT,17,2
Hyderabad,Diesel,Manual,First,17.8,4.25,Maruti,Swift Ldi BSIII,18,0
Kochi,Diesel,Automatic,First,16.0,16.46,Mahindra,XUV500 AT W10 FWD,8,2
Mumbai,Petrol,Manual,First,18.7,5.95,Honda,Jazz 1.2 VX i VTEC,10,1
Mumbai,Petrol,Manual,First,17.8,7.1,Honda,City i VTEC V,11,1
Kolkata,Petrol,Manual,Second,15.7,1.25,Fiat,Grande Punto 1.2 Dynamic,15,0
Pune,Petrol,Manual,First,16.02,5.5,Maruti,Ertiga ZXI,13,1
Chennai,Petrol,Manual,First,18.44,3.25,Nissan,Micra XL,13,0
Hyderabad,Petrol,Manual,First,17.0,5.0,Honda,City 1.5 V MT,16,1
Coimbatore,Petrol,Manual,First,16.78,6.58,Toyota,Etios VX,10,1
Mumbai,Diesel,Automatic,First,18.88,19.5,BMW,3 Series 320d Luxury Line,13,3
Kochi,Petrol,Manual,First,18.7,6.14,Honda,Jazz 1.2 SV i VTEC,9,1
Jaipur,Diesel,Manual,First,28.4,4.95,Maruti,Dzire VDI,13,0
Hyderabad,Diesel,Manual,First,20.5,5.75,Skoda,Rapid 1.6 TDI Elegance,13,1
Kolkata,Diesel,Manual,First,15.1,6.6,Mahindra,XUV500 W6 2WD,13,2
Coimbatore,Petrol,Automatic,First,18.9,5.72,Hyundai,Grand i10 AT Asta,11,1
Delhi,Petrol,Manual,Second,17.0,2.6,Honda,City 1.5 V MT,17,1
Hyderabad,Diesel,Manual,Second,12.8,6.5,Toyota,Innova 2.5 GX 7 STR,16,1
Pune,Diesel,Manual,Second,15.1,6.1,Mahindra,XUV500 W8 2WD,15,2
Hyderabad,Diesel,Manual,First,19.3,3.85,Maruti,Swift Dzire VDi,16,0
Pune,Petrol,Manual,Second,15.04,4.5,Volkswagen,Vento Petrol Highline,13,1
Coimbatore,Diesel,Manual,First,23.59,5.3,Toyota,Etios GD,13,1
Bangalore,Diesel,Automatic,Second,16.55,18.25,Audi,A4 2.0 TDI,13,2
Ahmedabad,Petrol,Manual,First,16.02,5.75,Maruti,Ertiga LXI,14,1
Jaipur,Petrol,Manual,Second,16.1,0.9,Maruti,800 AC,16,0
Hyderabad,Petrol,Manual,First,17.0,5.5,Honda,City 1.5 V MT,15,1
Kolkata,Petrol,Manual,First,19.1,3.99,Maruti,Swift Dzire VXI,12,1
Delhi,Petrol,Automatic,First,19.16,18.75,Toyota,Camry Hybrid,12,2
Kolkata,Diesel,Manual,First,24.0,3.5,Hyundai,Grand i10 CRDi Sportz,12,0
Chennai,Diesel,Automatic,First,11.36,16.45,Toyota,Innova Crysta 2.8 GX AT 8S,10,2
Coimbatore,Petrol,Manual,First,20.36,3.65,Hyundai,i10 Magna,15,0
Bangalore,Petrol,Automatic,First,18.9,5.4,Hyundai,Grand i10 AT Asta,12,1
Mumbai,Diesel,Manual,First,27.39,8.7,Maruti,Baleno Alpha Diesel,8,0
Mumbai,Petrol,Automatic,First,14.67,20.75,Skoda,Superb Style 1.8 TSI AT,10,3
Hyderabad,Diesel,Automatic,First,14.84,12.5,Mercedes-Benz,New C-Class 220 CDI AT,16,2
Kolkata,Diesel,Manual,First,21.1,1.89,Maruti,Ritz VDi,15,0
Kolkata,Diesel,Manual,First,23.4,4.0,Maruti,Swift Dzire Tour LDI,11,0
Mumbai,Petrol,Manual,First,14.8,3.95,Honda,Civic 2010-2013 1.8 V MT,14,2
Hyderabad,Diesel,Manual,First,24.52,7.85,Maruti,Ertiga SHVS VDI,11,1
Kolkata,Diesel,Manual,First,22.7,7.0,Hyundai,Elantra CRDi SX,12,1
Hyderabad,Diesel,Automatic,First,12.55,24.99,Toyota,Fortuner 4x2 AT,10,2
Delhi,Petrol,Automatic,First,17.21,4.5,Volkswagen,Polo GT TSI,13,1
Pune,Diesel,Manual,Third,18.7,1.25,Skoda,Octavia Classic 1.9 TDI MT,21,0
Delhi,Diesel,Manual,First,20.14,3.95,Volkswagen,Polo 1.5 TDI Trendline,12,1
Pune,Petrol,Manual,Second,17.92,1.6,Hyundai,Santro Xing GL Plus,14,0
Hyderabad,Petrol,Manual,First,13.2,0.6,Hyundai,Accent GLE,22,1
Coimbatore,Petrol,Manual,Second,21.1,3.39,Hyundai,EON D Lite Plus,12,0
Hyderabad,Diesel,Manual,First,12.8,9.8,Toyota,Innova 2.5 V Diesel 7-seater,15,1
Mumbai,Diesel,Manual,First,26.8,5.91,Maruti,Ignis 1.3 Zeta,9,0
Mumbai,Petrol,Manual,First,21.56,8.25,Maruti,Ciaz Alpha,9,1
Mumbai,Petrol,Manual,First,17.5,3.75,Maruti,Swift Dzire VXi,14,1
Hyderabad,Petrol,Automatic,First,18.0,12.5,Honda,City i VTEC CVT VX,9,1
Bangalore,Diesel,Manual,First,17.8,5.95,Maruti,Swift VDI BSIV W ABS,11,1
Delhi,Petrol,Manual,First,19.4,3.8,Honda,Brio S MT,11,1
Delhi,Diesel,Manual,First,23.59,4.35,Toyota,Etios Liva GD,12,0
Hyderabad,Diesel,Automatic,First,13.5,32.5,Volvo,XC60 D5,11,3
Kolkata,Petrol,Manual,First,15.64,3.0,Tata,Indigo CS eGVX,11,0
Pune,Diesel,Automatic,Second,11.36,19.0,Toyota,Innova Crysta 2.8 ZX AT,10,2
Pune,Diesel,Manual,First,20.54,5.0,Volkswagen,Vento Diesel Highline,13,1
Pune,Diesel,Manual,First,22.7,5.45,Ford,Ecosport 1.5 DV5 MT Titanium,12,1
Mumbai,Petrol,Manual,First,18.9,2.7,Maruti,Wagon R VXI,16,0
Mumbai,Petrol,Manual,First,13.0,10.75,Mercedes-Benz,S-Class 320 L,20,3
Hyderabad,Diesel,Manual,First,20.14,5.8,Volkswagen,Polo 1.5 TDI Highline,11,1
Pune,Petrol,Manual,Second,15.3,0.95,Tata,Indica GLS BS IV,19,0
Jaipur,Petrol,Manual,Second,16.1,0.63,Maruti,800 Std BSIII,24,0
Kochi,Diesel,Manual,First,17.1,17.55,Jeep,Compass 2.0 Longitude,8,2
Pune,Petrol,Manual,First,24.07,3.0,Maruti,Alto K10 LXI Optional,10,0
Bangalore,Diesel,Automatic,First,19.3,15.0,Skoda,Octavia Elegance 2.0 TDI AT,13,2
Hyderabad,Diesel,Manual,First,26.59,6.0,Maruti,Swift Dzire VDI Optional,10,0
Mumbai,Diesel,Manual,First,28.09,7.65,Maruti,Ciaz VDi Plus SHVS,10,1
Jaipur,Diesel,Manual,Second,15.8,8.5,Mercedes-Benz,New C-Class C 220 CDI CLASSIC,17,2
Kolkata,Diesel,Manual,First,20.0,2.25,Ford,Figo Diesel ZXI,13,0
Delhi,Petrol,Automatic,Second,14.53,4.65,Toyota,Corolla Altis VL,16,2
Mumbai,Diesel,Manual,First,22.7,7.85,Maruti,SX4 S Cross DDiS 320 Zeta,10,1
Coimbatore,Petrol,Manual,First,15.6,3.46,Ford,Figo Petrol ZXI,15,0
Mumbai,Petrol,Automatic,First,19.0,8.25,Honda,Jazz Exclusive CVT,8,1
Pune,Petrol,Manual,First,17.3,1.25,Maruti,Zen LXi - BS III,20,0
Bangalore,Diesel,Manual,Third,11.5,16.0,Toyota,Fortuner 3.0 Diesel,14,2
Jaipur,Diesel,Manual,First,26.21,7.4,Maruti,Ciaz ZDi Plus,11,1
Kochi,Petrol,Manual,First,25.17,3.07,Renault,KWID RXT,10,0
Coimbatore,Petrol,Automatic,First,19.2,3.84,Hyundai,i10 Magna AT,15,0
Pune,Petrol,Automatic,First,23.1,4.2,Maruti,Celerio ZXI AT Optional,10,0
Kochi,Diesel,Manual,First,21.38,10.82,Hyundai,Creta 1.4 E Plus Diesel,8,1
Hyderabad,Diesel,Manual,First,27.3,6.1,Honda,Jazz 1.5 SV i DTEC,10,1
Kolkata,Petrol,Manual,First,17.0,3.1,Honda,City 1.5 S MT,15,1
Chennai,Petrol,Manual,Third,13.7,1.0,Mitsubishi,Lancer 1.5 SFXi,25,1
Coimbatore,Petrol,Manual,First,16.95,4.69,Nissan,Sunny XE P,14,1
Mumbai,Petrol,Automatic,First,11.7,5.4,Honda,Accord 2.4 AT,15,3
Mumbai,Diesel,Manual,First,15.1,12.0,Mahindra,XUV500 W8 2WD,10,2
Mumbai,Petrol,Manual,First,18.6,6.5,Hyundai,i20 1.2 Magna Executive,8,1
Chennai,Diesel,Manual,First,23.08,3.0,Nissan,Micra Diesel XL,12,0
Kochi,Petrol,Automatic,First,19.12,6.9,Maruti,Ciaz AT ZXi,11,1
Chennai,Diesel,Manual,First,20.54,4.0,Volkswagen,Vento Diesel Trendline,15,1
Chennai,Petrol,Manual,First,17.0,4.25,Hyundai,i20 Asta,15,0
Hyderabad,Petrol,Manual,First,14.53,5.1,Toyota,Corolla Altis G,18,2
Kolkata,Diesel,Manual,First,25.1,4.9,Honda,City i DTEC VX,12,1
Pune,Petrol,Manual,Second,20.4,3.6,Maruti,Swift VXI BSIV,12,1
Pune,Diesel,Automatic,First,14.21,34.0,Mercedes-Benz,E-Class 2009-2013 E250 CDI Elegance,10,3
Mumbai,Diesel,Manual,First,12.99,8.25,Toyota,Innova 2.5 G (Diesel) 7 Seater,11,1
Pune,Petrol,Manual,First,16.1,1.3,Maruti,Swift Lxi BSIII,15,1
Coimbatore,Diesel,Automatic,First,19.27,39.05,Mercedes-Benz,New C-Class C 220d Avantgarde Edition C,8,2
Kolkata,Petrol,Manual,First,18.9,3.75,Hyundai,Grand i10 Asta,11,1
Mumbai,Petrol,Manual,First,18.9,2.1,Maruti,Wagon R LXI BS IV,16,0
Hyderabad,Diesel,Manual,First,22.77,8.8,Ford,EcoSport 1.5 TDCi Titanium,10,1
Coimbatore,Petrol,Manual,First,16.47,5.84,Volkswagen,Polo 1.2 MPI Comfortline,11,0
Kochi,Petrol,Automatic,First,17.01,9.03,Hyundai,Verna 1.6 VTVT AT SX,8,1
Ahmedabad,Petrol,Automatic,Second,24.04,3.25,Renault,KWID AMT RXL,9,0
Coimbatore,Petrol,Automatic,First,16.5,4.9,Honda,Brio S Option AT,13,1
Kochi,Petrol,Manual,First,18.16,6.46,Ford,Figo Aspire 1.2 Ti-VCT Titanium,8,1
Bangalore,Diesel,Manual,Second,11.5,18.5,Toyota,Fortuner 3.0 Diesel,12,2
Ahmedabad,Diesel,Manual,First,25.0,2.7,Tata,Indigo eCS eLX BS IV,13,0
Chennai,Diesel,Manual,First,25.83,4.6,Ford,Figo 2015-2019 1.5D Ambiente MT,10,1
Jaipur,Diesel,Manual,First,23.4,5.35,Maruti,Swift Dzire VDI,12,0
Pune,Diesel,Manual,First,23.08,2.3,Nissan,Micra Diesel XV Primo,15,0
Delhi,Diesel,Automatic,First,19.3,15.45,Skoda,Octavia Style Plus 2.0 TDI AT,10,2
Hyderabad,Diesel,Automatic,First,16.96,12.49,Volkswagen,Jetta 2013-2015 2.0L TDI Highline AT,12,2
Coimbatore,Diesel,Automatic,First,12.07,48.76,Audi,Q7 35 TDI Quattro Technology,10,4
Pune,Petrol,Manual,First,17.0,3.2,Hyundai,i20 1.2 Sportz,15,0
Delhi,Diesel,Automatic,First,16.07,8.75,BMW,3 Series 320d Corporate Edition,14,3
Kolkata,Diesel,Manual,First,21.19,5.99,Hyundai,i20 Active 1.4 SX Dual Tone,11,1
Chennai,Diesel,Manual,Second,12.7,2.9,Mahindra,Scorpio 2.6 DX,21,1
Hyderabad,Petrol,Automatic,First,10.5,18.0,Audi,A4 3.2 FSI Tiptronic Quattro,14,1
Kolkata,Diesel,Manual,First,20.0,1.8,Ford,Figo Diesel EXI,15,0
Mumbai,Petrol,Manual,First,9.8,6.25,Honda,Accord 2.4 Inspire M/T,14,3
Bangalore,Diesel,Manual,First,21.9,5.45,Hyundai,i20 Sportz 1.4 CRDi,13,1
Mumbai,Diesel,Automatic,First,16.36,52.5,Jaguar,XF 2.2 Litre Luxury,8,3
Mumbai,Petrol,Automatic,First,17.1,5.6,Hyundai,Verna 1.6 SX VTVT (O) AT,13,1
Kolkata,Petrol,Manual,First,17.4,6.45,Honda,City i VTEC VX Option,12,1
Mumbai,Petrol,Manual,First,18.5,3.7,Hyundai,i20 Asta Optional with Sunroof 1.2,14,1
Chennai,Petrol,Manual,First,19.4,3.49,Honda,Brio S MT,13,1
Kolkata,Diesel,Manual,First,21.9,3.55,Hyundai,i20 Sportz 1.4 CRDi,13,1
Mumbai,Petrol,Manual,First,10.4,9.0,Maruti,Grand Vitara 2.4 MT,9,2
Hyderabad,Petrol,Manual,First,19.0,2.7,Maruti,A-Star Vxi,15,0
Chennai,Petrol,Manual,First,19.7,1.5,Maruti,Alto LXi,20,0
Jaipur,Diesel,Manual,First,16.0,15.9,Mahindra,XUV500 W10 2WD,9,2
Hyderabad,Diesel,Manual,First,22.9,5.2,Maruti,Swift RS VDI,13,0
Mumbai,Diesel,Automatic,First,17.05,16.25,BMW,X1 sDrive20d,12,3
Mumbai,Diesel,Automatic,Second,14.3,3.31,Volkswagen,Passat 2.0 PD DSG,19,2
Bangalore,Diesel,Automatic,First,16.09,24.0,BMW,X3 xDrive20d,14,3
Kolkata,Petrol,Manual,First,18.5,2.5,Maruti,Ritz VXi,15,1
Jaipur,Diesel,Manual,Second,21.9,3.9,Hyundai,i20 Sportz 1.4 CRDi,13,1
Kolkata,Diesel,Manual,First,25.2,3.85,Maruti,Swift VDI BSIV,13,0
Delhi,Petrol,Manual,First,11.7,8.8,Mercedes-Benz,New C-Class 200 Kompressor,15,3
Chennai,Petrol,Manual,Second,14.28,4.95,Toyota,Corolla Altis 1.8 GL,17,2
Kolkata,Diesel,Manual,First,22.32,5.75,Hyundai,Verna 1.6 SX CRDi (O),12,1
Kochi,Diesel,Manual,First,19.01,6.17,Renault,Duster 110PS Diesel RxZ,12,1
Chennai,Diesel,Manual,First,17.8,3.45,Maruti,Swift Ldi BSIII,16,0
Jaipur,Petrol,Manual,First,24.07,3.2,Maruti,Alto K10 VXI,10,0
Coimbatore,Petrol,Automatic,First,13.0,13.49,Hyundai,Creta 1.6 SX Plus Petrol Automatic,9,1
Delhi,Petrol,Automatic,First,15.04,24.5,Mercedes-Benz,CLA 200 CGI Sport,10,3
Kolkata,Petrol,Automatic,First,10.1,14.7,Honda,CR-V 2.4 4WD AT,11,2
Hyderabad,Diesel,Manual,First,22.7,6.0,Ford,Ecosport 1.5 DV5 MT Trend,12,1
Coimbatore,Diesel,Automatic,First,13.0,34.18,Mercedes-Benz,E-Class 2015-2017 E250 CDI Avantgarde,10,3
Delhi,Diesel,Manual,First,24.0,3.5,Hyundai,Grand i10 CRDi Magna,12,0
Hyderabad,Petrol,Manual,First,16.6,2.15,Ford,Fiesta 1.4 Duratec ZXI,20,0
Kolkata,Diesel,Automatic,First,17.6,11.25,Hyundai,Creta 1.6 SX Automatic Diesel,8,1
Delhi,Petrol,Manual,First,19.0,2.0,Maruti,A-Star Lxi,16,0
Kochi,Diesel,Manual,First,23.2,4.27,Maruti,Ritz LDi,11,0
Kochi,Petrol,Manual,First,17.8,7.68,Honda,City i VTEC SV,9,1
Coimbatore,Diesel,Manual,First,12.99,14.52,Toyota,Innova 2.5 GX (Diesel) 7 Seater,9,1
Mumbai,Petrol,Automatic,Second,11.8,16.85,Mercedes-Benz,R-Class R350 4Matic Long,15,5
Mumbai,Diesel,Manual,First,21.14,5.75,Skoda,Rapid 1.5 TDI Elegance,11,1
Mumbai,Petrol,Manual,First,15.8,8.3,Ford,Ecosport 1.5 Ti VCT MT Titanium,9,1
Chennai,Petrol,Automatic,First,23.1,3.95,Maruti,Celerio VXI AT,12,0
Mumbai,Petrol,Manual,First,15.04,4.8,Volkswagen,Vento Petrol Highline,12,1
Ahmedabad,Diesel,Automatic,First,13.5,12.0,Volvo,XC60 D5,15,3
Ahmedabad,Diesel,Manual,First,23.59,6.25,Toyota,Etios Cross 1.4 GD,9,0
Jaipur,Diesel,Manual,First,19.4,2.5,Tata,Indica Vista TDI LX,14,0
Pune,Petrol,Automatic,First,18.0,7.5,Honda,City i VTEC CVT VX,12,1
Delhi,Petrol,Manual,First,17.0,3.5,Honda,City 1.5 V MT,16,1
Hyderabad,Diesel,Manual,First,18.7,1.99,Skoda,Octavia Rider Classic 1.9 TDI,21,0
Kolkata,Petrol,Manual,First,14.53,2.25,Toyota,Corolla 1.8 J,17,2
Delhi,Petrol,Manual,First,16.78,3.25,Toyota,Etios G,12,1
Bangalore,Diesel,Automatic,First,17.05,28.5,BMW,X1 sDrive20d,10,3
Kolkata,Petrol,Automatic,First,16.4,1.5,Honda,City ZX CVT,20,0
Delhi,Diesel,Manual,First,22.54,7.0,Hyundai,i20 Sportz 1.4 CRDi,9,1
Delhi,Diesel,Automatic,First,13.0,27.5,Mercedes-Benz,E-Class E350 CDI,12,4
Ahmedabad,Diesel,Manual,First,19.67,10.5,Hyundai,Creta 1.6 CRDi SX Option,11,1
Jaipur,Diesel,Automatic,Second,15.73,21.5,Audi,Q3 2012-2015 2.0 TDI Quattro Premium Plus,12,3
Delhi,Diesel,Automatic,First,12.63,35.0,Land,Rover Discovery Sport TD4 HSE,10,2
Hyderabad,Diesel,Automatic,First,21.66,7.99,Skoda,Rapid 1.5 TDI AT Elegance Plus,11,1
Coimbatore,Petrol,Automatic,First,23.1,4.88,Maruti,Celerio VXI AT,11,0
Mumbai,Petrol,Automatic,First,11.05,40.5,Audi,RS5 Coupe,13,8
Mumbai,Petrol,Manual,First,20.73,6.55,Maruti,Ciaz ZXi Plus,11,1
Coimbatore,Diesel,Automatic,First,14.16,29.64,Audi,Q5 2.0 TDI Premium Plus,11,3
Coimbatore,Diesel,Manual,Second,20.0,4.34,Ford,Figo Diesel Titanium,13,0
Kochi,Petrol,Manual,First,18.88,6.22,Ford,Ecosport 1.0 Ecoboost Titanium,12,1
Delhi,Petrol,Manual,Second,17.0,2.25,Honda,City 1.5 S MT,17,1
Hyderabad,Diesel,Automatic,First,16.36,38.0,Jaguar,XF 2.2 Litre Luxury,11,3
Mumbai,Petrol,Manual,Second,20.4,2.15,Maruti,Swift VXI BSIV,18,1
Coimbatore,Diesel,Automatic,First,22.48,22.45,BMW,5 Series 520d Luxury Line,12,3
Coimbatore,Diesel,Automatic,First,15.0,20.87,Mercedes-Benz,B Class B200 CDI,9,1
Mumbai,Petrol,Manual,First,19.4,3.1,Honda,Brio S MT,13,1
Mumbai,Petrol,Manual,First,18.6,5.95,Hyundai,i20 Sportz 1.2,10,1
Mumbai,Diesel,Manual,Second,16.8,0.86,Tata,Indica V2 DLG TC,20,0
Delhi,Diesel,Manual,First,11.5,9.25,Toyota,Fortuner 3.0 Diesel,16,2
Mumbai,Petrol,Manual,First,19.81,2.25,Hyundai,i10 Sportz 1.1L,15,0
Kochi,Petrol,Manual,First,17.0,6.13,Hyundai,i20 1.2 Sportz Option,10,0
Kochi,Petrol,Manual,Second,15.4,1.81,Maruti,Baleno LXI - BSIII,20,1
Pune,Petrol,Automatic,Second,15.5,3.79,Honda,Amaze S AT i-Vtech,12,1
Hyderabad,Diesel,Automatic,First,13.33,160.0,Land,Rover Range Rover 3.0 Diesel LWB Vogue,9,4
Mumbai,Diesel,Manual,First,23.59,3.6,Toyota,Etios Liva GD,15,1
Pune,Petrol,Automatic,Second,16.95,3.85,Hyundai,i10 Sportz 1.2 AT,13,0
Hyderabad,Diesel,Manual,First,22.07,4.5,Volkswagen,Polo Diesel Trendline 1.2L,13,0
Coimbatore,Petrol,Manual,First,21.1,8.61,Maruti,Baleno RS Petrol,8,1
Ahmedabad,Diesel,Manual,First,21.9,6.5,Hyundai,i20 Sportz 1.4 CRDi,10,1
Chennai,Petrol,Automatic,First,11.3,2.6,Toyota,Corolla H4,21,1
Pune,Diesel,Manual,First,12.99,15.0,Toyota,Innova 2.5 VX (Diesel) 7 Seater,11,1
Pune,Petrol,Automatic,First,23.1,4.7,Maruti,Celerio VXI AT Optional,9,0
Hyderabad,Diesel,Automatic,First,19.3,12.99,Skoda,Octavia Elegance 2.0 TDI AT,11,2
Kochi,Petrol,Manual,First,17.3,7.32,Honda,Mobilio S i VTEC,8,1
Delhi,Diesel,Manual,Second,23.9,6.5,Hyundai,Verna 1.6 CRDi SX,11,1
Coimbatore,Petrol,Manual,Second,17.0,5.67,Honda,City 1.5 S MT,14,1
Chennai,Diesel,Manual,Second,19.68,3.0,Ford,Classic 1.4 Duratorq Titanium,12,0
Delhi,Diesel,Manual,Second,26.21,5.5,Maruti,Ciaz ZDi,11,1
Pune,Petrol,Manual,First,18.9,3.35,Maruti,Wagon R VXI BS IV,11,0
Coimbatore,Diesel,Automatic,First,14.94,25.02,Audi,A4 3.0 TDI Quattro,11,4
Coimbatore,Petrol,Automatic,First,19.16,26.11,Toyota,Camry Hybrid 2.5,9,3
Coimbatore,Petrol,Manual,First,18.6,7.09,Hyundai,i20 Asta 1.2,10,1
Delhi,Petrol,Manual,First,18.9,6.5,Hyundai,Grand i10 1.2 Kappa Asta,8,1
Chennai,Diesel,Manual,First,22.07,4.5,Volkswagen,Polo Diesel Trendline 1.2L,14,0
Chennai,Diesel,Automatic,First,15.97,57.0,BMW,X5 xDrive 30d M Sport,10,4
Kochi,Petrol,Manual,First,16.47,3.82,Volkswagen,Polo Petrol Comfortline 1.2L,14,0
Jaipur,Diesel,Manual,First,20.45,5.25,Renault,Duster 85PS Diesel RxE,13,1
Coimbatore,Petrol,Automatic,First,14.67,16.81,Skoda,Superb Style 1.8 TSI AT,10,3
Delhi,Diesel,Automatic,First,14.16,21.5,Audi,Q5 2.0 TDI,13,3
Hyderabad,Diesel,Manual,First,27.39,8.5,Maruti,Baleno Delta 1.3,9,0
Delhi,Petrol,Manual,First,16.47,3.25,Volkswagen,Polo Petrol Comfortline 1.2L,13,0
Coimbatore,Diesel,Automatic,First,13.5,27.11,Mitsubishi,Pajero Sport 4X4 AT,7,3
Mumbai,Petrol,Manual,First,20.73,5.95,Maruti,Ciaz VXi Plus,11,1
Kochi,Diesel,Manual,First,19.87,6.79,Renault,Duster 85PS Diesel RxL Option,11,1
Mumbai,Petrol,Manual,First,21.1,2.55,Hyundai,EON D Lite Plus Option,10,0
Pune,Petrol,Manual,Second,10.8,3.7,Honda,CR-V 2.4 MT,18,2
Bangalore,Petrol,Manual,Second,17.01,6.75,Hyundai,Verna 1.6 SX VTVT,12,1
Kolkata,Petrol,Manual,First,14.28,6.95,Toyota,Corolla Altis JS MT,11,2
Kochi,Petrol,Manual,First,15.5,2.78,Maruti,SX4 ZXI MT BSIV,15,1
Coimbatore,Petrol,Manual,First,16.47,6.18,Volkswagen,Polo Petrol Comfortline 1.2L,10,0
Bangalore,Diesel,Automatic,First,14.16,36.0,Audi,Q5 30 TDI quattro Premium Plus,11,3
Coimbatore,Petrol,Manual,First,17.0,5.81,Honda,City 1.5 V MT,14,1
Pune,Petrol,Manual,First,22.5,3.41,Maruti,Wagon R VXI,12,0
Bangalore,Diesel,Automatic,First,13.5,26.5,Mitsubishi,Pajero Sport 4X4 AT,8,3
Hyderabad,Petrol,Automatic,First,14.7,16.0,Skoda,Octavia Elegance 1.8 TSI AT,11,3
Kochi,Diesel,Manual,First,19.67,12.13,Hyundai,Creta 1.6 CRDi SX Option,9,1
Hyderabad,Petrol,Manual,Second,19.7,1.8,Maruti,Alto LXi BSIII,17,0
Pune,Petrol,Manual,First,16.8,6.25,Honda,City V MT,13,1
Pune,Diesel,Manual,First,17.67,6.0,Skoda,Yeti Ambition 4WD,15,2
Delhi,Petrol,Automatic,First,14.8,11.56,Mercedes-Benz,B Class B180,13,1
Mumbai,Petrol,Automatic,Second,17.21,5.2,Volkswagen,Polo GT TSI,12,1
Coimbatore,Diesel,Manual,First,22.77,7.52,Ford,EcoSport 1.5 TDCi Titanium,12,1
Coimbatore,Petrol,Manual,First,15.29,12.49,Hyundai,Creta 1.6 SX Plus Dual Tone Petrol,9,1
Coimbatore,Diesel,Manual,First,14.24,35.82,Toyota,Fortuner 2.8 2WD MT,7,3
Chennai,Petrol,Manual,First,20.85,6.25,Maruti,Swift Dzire ZXI,9,1
Coimbatore,Petrol,Manual,First,17.0,6.22,Hyundai,i20 1.2 Asta with AVN,11,0
Bangalore,Petrol,Manual,First,15.4,8.02,Honda,BR-V i-VTEC S MT,10,1
Mumbai,Petrol,Manual,First,23.1,3.75,Maruti,Celerio ZXI,12,0
Mumbai,Petrol,Automatic,Second,10.93,11.75,Mercedes-Benz,E-Class 2009-2013 E350 Petrol,17,5
Kolkata,Petrol,Manual,First,20.36,2.25,Hyundai,i10 Magna 1.2 iTech SE,14,0
Mumbai,Petrol,Manual,First,17.71,3.55,Toyota,Etios Liva V,13,0
Coimbatore,Diesel,Automatic,First,15.0,38.15,Mercedes-Benz,E-Class 2015-2017 E250 Edition E,9,3
Ahmedabad,Petrol,Manual,First,21.1,2.66,Hyundai,EON D Lite Plus,11,0
Bangalore,Petrol,Manual,First,17.0,4.95,Honda,City 1.5 S MT,15,1
Chennai,Petrol,Automatic,First,13.0,6.5,Mercedes-Benz,S-Class 280 AT,23,3
Pune,Diesel,Manual,Second,25.0,2.4,Tata,Indigo CS eVX,10,0
Pune,Petrol,Manual,First,15.29,12.5,Hyundai,Creta 1.6 VTVT S,10,1
Pune,Petrol,Manual,First,20.51,3.0,Maruti,Wagon R LXI BS IV,13,0
Kochi,Diesel,Manual,First,28.4,6.67,Maruti,Dzire VDI,9,0
Coimbatore,Petrol,Manual,Fourth & Above,13.8,1.97,Ford,Ikon 1.3 Flair,18,0
Kolkata,Petrol,Manual,First,16.47,2.8,Volkswagen,Polo Petrol Comfortline 1.2L,13,0
Jaipur,Petrol,Manual,First,20.36,2.65,Hyundai,i10 Magna 1.2,15,0
Chennai,Diesel,Manual,First,18.2,4.75,Chevrolet,Enjoy 1.3 TCDi LTZ 8,12,0
Bangalore,Petrol,Automatic,Second,10.5,19.0,Mercedes-Benz,E-Class 200 Kompressor Elegance,15,2
Bangalore,Diesel,Manual,First,17.8,4.5,Maruti,Swift Vdi BSIII,14,0
Hyderabad,Diesel,Manual,First,15.1,8.25,Mahindra,XUV500 W8 4WD,14,2
Pune,Petrol,Manual,First,17.71,3.5,Toyota,Etios Liva G,12,0
Pune,Diesel,Manual,First,15.1,8.5,Mahindra,XUV500 W8 4WD,13,2
Hyderabad,Petrol,Manual,First,15.29,9.0,Hyundai,Creta 1.6 VTVT S,11,1
Hyderabad,Diesel,Manual,First,26.0,6.75,Honda,City i DTEC SV,12,1
Hyderabad,Diesel,Manual,First,19.3,5.4,Maruti,Swift Dzire VDi,12,0
Delhi,Petrol,Manual,First,20.51,3.5,Maruti,Wagon R LXI BS IV,11,0
Hyderabad,Petrol,Manual,First,21.1,2.6,Hyundai,EON Era Plus,14,0
Bangalore,Diesel,Automatic,First,11.36,20.5,Toyota,Innova Crysta 2.8 ZX AT,9,2
Kochi,Petrol,Manual,Second,15.8,11.31,Hyundai,Creta 1.6 SX Option,9,1
Kolkata,Petrol,Manual,First,20.51,4.5,Maruti,Wagon R VXI Plus,8,0
Chennai,Diesel,Automatic,First,11.3,56.0,Mercedes-Benz,GL-Class 350 CDI Blue Efficiency,11,4
Kochi,Petrol,Manual,First,23.1,5.2,Maruti,Celerio VXI,9,0
Delhi,Diesel,Manual,First,12.05,5.25,Mahindra,Scorpio SLE BSIV,15,1
Pune,Diesel,Manual,First,21.2,3.3,Fiat,Grande Punto EVO 1.3 Active,12,0
Kolkata,Diesel,Manual,First,22.7,5.85,Hyundai,Elantra CRDi SX,13,1
Delhi,Petrol,Manual,First,19.1,3.9,Maruti,Swift Dzire LXI,12,1
Delhi,Diesel,Automatic,First,16.55,7.98,Audi,A4 2.0 TDI Multitronic,17,2
Mumbai,Petrol,Automatic,First,16.5,4.3,Honda,Brio VX AT,12,1
Kolkata,Petrol,Manual,First,18.9,2.25,Maruti,Wagon R LXI BS IV,15,0
Ahmedabad,Petrol,Manual,First,19.81,3.2,Hyundai,i10 Magna 1.1,13,0
Hyderabad,Diesel,Manual,First,22.32,6.55,Hyundai,Verna 1.6 SX,14,1
Bangalore,Diesel,Manual,Second,22.32,6.9,Hyundai,Verna 1.6 SX,12,1
Chennai,Diesel,Manual,First,23.2,2.95,Maruti,Ritz VDi,17,0
Coimbatore,Diesel,Manual,First,20.5,11.45,Hyundai,Creta 1.6 SX Option Diesel,9,1
Kochi,Petrol,Manual,First,21.4,6.37,Maruti,Baleno Delta,9,1
Jaipur,Diesel,Manual,First,22.32,5.0,Hyundai,Verna 1.6 CRDI,15,1
Chennai,Diesel,Manual,Second,22.3,2.6,Tata,Indica Vista Quadrajet VX,14,0
Kolkata,Petrol,Manual,First,18.5,1.9,Hyundai,i20 1.2 Magna,16,0
Kochi,Diesel,Automatic,First,17.85,60.95,Porsche,Panamera Diesel,11,5
Coimbatore,Petrol,Manual,First,15.1,4.44,Maruti,Eeco Smiles 5 Seater AC,9,0
Chennai,Diesel,Automatic,Second,22.69,15.3,BMW,3 Series 320d Sport,14,3
Chennai,Diesel,Manual,Second,25.47,8.2,Maruti,Ertiga VDI,10,1
Ahmedabad,Petrol,Automatic,First,16.9,5.25,Hyundai,Xcent 1.2 Kappa AT S Option,12,1
Pune,Petrol,Automatic,Second,16.93,8.5,Volkswagen,Vento 1.2 TSI Highline AT,10,1
Chennai,Diesel,Automatic,First,15.73,23.75,Audi,Q3 35 TDI Quattro Premium,11,3
Delhi,Petrol,Manual,First,19.81,2.74,Hyundai,i10 Magna 1.1,13,0
Coimbatore,Diesel,Automatic,First,16.96,13.83,Volkswagen,Jetta 2013-2015 2.0L TDI Highline AT,10,2
Mumbai,Petrol,Manual,First,21.1,6.99,Maruti,Baleno RS 1.0 Petrol,9,1
Jaipur,Petrol,Manual,First,19.81,2.25,Hyundai,i10 Era,17,0
Hyderabad,Diesel,Manual,First,12.8,11.49,Toyota,Innova 2.5 G4 Diesel 8-seater,13,1
Coimbatore,Petrol,Manual,Second,18.6,2.87,Chevrolet,Beat LT,14,0
Kolkata,Diesel,Manual,First,12.8,3.25,Toyota,Innova 2.5 G3,21,1
Pune,Petrol,Manual,Second,9.8,3.5,Honda,Accord 2.4 Inspire M/T,17,3
Kochi,Diesel,Manual,First,25.32,4.49,Mahindra,KUV 100 mFALCON D75 K4 Plus,9,0
Jaipur,Diesel,Manual,First,22.07,2.9,Volkswagen,Polo Diesel Trendline 1.2L,15,0
Coimbatore,Petrol,Manual,First,12.4,12.36,Toyota,Innova 2.0 GX 8 STR,12,2
Mumbai,Diesel,Automatic,First,11.79,6.0,Mahindra,Scorpio VLX AT AIRBAG BSIV,15,1
Chennai,Diesel,Automatic,First,16.46,31.0,BMW,7 Series 730Ld Sedan,16,4
Kolkata,Diesel,Manual,First,25.6,5.49,Honda,City i-DTEC SV,11,1
Coimbatore,Diesel,Manual,First,22.07,5.86,Volkswagen,Polo Diesel Comfortline 1.2L,11,0
Mumbai,Diesel,Manual,First,16.0,9.0,Mahindra,XUV500 W8 2WD,11,2
Jaipur,Petrol,Manual,First,16.09,7.7,Volkswagen,Vento 1.6 Highline,10,1
Coimbatore,Petrol,Manual,First,17.4,9.47,Honda,City i VTEC V,9,1
Bangalore,Diesel,Automatic,First,14.16,29.0,Audi,Q5 2.0 TDI Premium Plus,12,3
Kochi,Petrol,Automatic,First,17.0,5.42,Honda,City 1.5 V AT Exclusive,14,1
Coimbatore,Petrol,Manual,First,20.4,6.39,Maruti,Swift VXI BSIV,10,1
Jaipur,Petrol,Manual,First,22.74,2.75,Maruti,Alto 800 LXI,11,0
Chennai,Diesel,Manual,First,20.0,2.5,Ford,Figo Diesel Titanium,15,0
Delhi,Petrol,Manual,First,17.92,2.35,Hyundai,Santro Xing GL Plus,14,0
Coimbatore,Petrol,Manual,First,18.9,4.65,Maruti,Wagon R VXI,11,0
Ahmedabad,Diesel,Manual,First,26.0,6.0,Honda,City i DTEC SV,12,1
Pune,Petrol,Manual,Second,16.8,3.5,Honda,City V MT AVN,14,1
Hyderabad,Diesel,Manual,First,25.1,7.0,Honda,City i DTEC VX,12,1
Bangalore,Petrol,Manual,First,17.0,7.75,Hyundai,Verna VTVT 1.6 SX,12,1
Kochi,Petrol,Manual,First,24.07,2.93,Maruti,Alto K10 LXI,12,0
Kolkata,Diesel,Automatic,First,14.21,22.5,Mercedes-Benz,E-Class 2009-2013 E250 CDI Avantgarde,12,3
Coimbatore,Diesel,Automatic,First,11.2,40.66,BMW,X6 xDrive30d,12,4
Pune,Petrol,Manual,First,14.0,1.75,Maruti,Wagon R LXI BSIII,18,0
Hyderabad,Diesel,Manual,Second,19.72,8.2,Renault,Duster RXZ AWD,11,1
Delhi,Diesel,Manual,First,12.05,4.49,Mahindra,Scorpio VLX 2.2 mHawk Airbag BSIV,15,1
Chennai,Diesel,Automatic,First,10.91,26.5,Ford,Endeavour 3.2 Trend AT 4X4,10,3
Hyderabad,Petrol,Manual,First,19.0,2.6,Maruti,Zen Estilo LXI BS IV,15,0
Kolkata,Petrol,Manual,First,20.36,2.49,Hyundai,i10 Asta,15,0
Hyderabad,Petrol,Automatic,First,16.5,5.4,Honda,Brio VX AT,13,1
Jaipur,Petrol,Automatic,First,20.51,4.35,Maruti,Wagon R AMT VXI,9,0
Coimbatore,Diesel,Automatic,First,18.51,32.73,Audi,Q3 30 TDI Premium FWD,8,2
Jaipur,Petrol,Manual,First,18.9,2.5,Maruti,Wagon R LXI,15,0
Kochi,Diesel,Automatic,First,18.25,21.66,Audi,A4 35 TDI Premium Plus,11,3
Mumbai,Petrol,Manual,First,25.17,2.99,Renault,KWID RXT Optional,10,0
Kolkata,Petrol,Manual,First,24.7,2.61,Maruti,Alto 800 2016-2019 VXI,10,0
Delhi,Diesel,Manual,First,12.99,8.25,Toyota,Innova 2.5 GX (Diesel) 8 Seater,13,1
Pune,Petrol,Automatic,First,14.53,12.5,Toyota,Corolla Altis 2008-2013 1.8 VL AT,11,2
Hyderabad,Diesel,Manual,First,25.83,5.5,Ford,Figo 2015-2019 1.5D Titanium Plus MT,11,1
Coimbatore,Petrol,Manual,First,19.4,5.53,Honda,Brio S MT,12,1
Pune,Petrol,Manual,Second,14.2,1.1,Ford,Ikon 1.6 ZXI NXt,22,1
Mumbai,Diesel,Manual,First,12.05,6.85,Mahindra,Scorpio 2009-2014 LX 2WD 7S,12,1
Coimbatore,Petrol,Manual,First,13.0,17.09,Mercedes-Benz,S-Class 320 L,19,3
Delhi,Diesel,Manual,Second,12.05,4.93,Mahindra,Scorpio SLE BSIV,14,1
Ahmedabad,Diesel,Automatic,Second,12.39,17.5,Land,Rover Freelander 2 SE,14,2
Delhi,Petrol,Manual,First,18.6,1.95,Chevrolet,Beat LS,15,0
Bangalore,Diesel,Manual,First,22.9,6.1,Maruti,Swift ZDi,12,0
Mumbai,Petrol,Manual,Second,13.4,1.8,Toyota,Corolla H2,18,1
Bangalore,Diesel,Automatic,First,13.22,34.5,Audi,Q5 3.0 TDI Quattro,11,4
Coimbatore,Petrol,Manual,First,21.1,4.01,Hyundai,EON Era Plus,11,0
Kolkata,Petrol,Manual,First,19.5,3.15,Honda,Amaze S Petrol,13,1
Mumbai,Petrol,Automatic,First,17.01,5.49,Ford,Figo Aspire 1.5 Ti-VCT Titanium,11,1
Bangalore,Diesel,Automatic,Second,19.6,10.0,Renault,Duster 110PS Diesel RxL AMT,10,1
Kolkata,Petrol,Automatic,First,15.6,4.55,Honda,City V AT,13,1
Mumbai,Petrol,Manual,First,19.7,1.5,Maruti,Alto LXi,16,0
Kolkata,Petrol,Manual,First,20.36,2.15,Hyundai,i10 Magna 1.2,15,0
Chennai,Petrol,Manual,Second,18.0,1.4,Chevrolet,Spark 1.0 LS,16,0
Bangalore,Diesel,Manual,First,21.14,6.2,Skoda,Rapid 1.5 TDI Ambition Plus,12,1
Mumbai,Diesel,Automatic,First,17.68,19.8,Audi,A6 2011-2015 2.0 TDI Premium Plus,13,3
Mumbai,Petrol,Manual,First,18.7,5.6,Honda,Jazz 1.2 V i VTEC,11,1
Mumbai,Petrol,Manual,First,15.29,9.5,Hyundai,Creta 1.6 SX Plus Dual Tone Petrol,11,1
Delhi,Petrol,Manual,First,18.6,2.21,Chevrolet,Beat LS,14,0
Kochi,Petrol,Manual,First,19.1,5.44,Hyundai,Xcent 1.2 Kappa S Option,10,1
Kolkata,Petrol,Automatic,First,10.0,7.56,Mercedes-Benz,E-Class 230 E AT,17,2
Jaipur,Diesel,Manual,Second,22.9,3.2,Maruti,Swift ZDi,15,0
Kochi,Petrol,Manual,First,23.1,5.53,Maruti,Celerio ZXI,8,0
Hyderabad,Diesel,Automatic,First,19.3,17.0,Skoda,Octavia Elegance 2.0 TDI AT,11,2
Delhi,Petrol,Automatic,First,16.8,3.55,Honda,City 1.5 V AT,16,1
Chennai,Petrol,Automatic,Second,9.0,2.65,Honda,Accord V6 AT,20,3
Mumbai,Petrol,Automatic,First,14.67,17.85,Skoda,Superb Style 1.8 TSI AT,10,3
Coimbatore,Diesel,Manual,First,12.99,7.96,Toyota,Innova 2.5 G (Diesel) 8 Seater,16,1
Pune,Petrol,Automatic,First,23.1,4.25,Maruti,Celerio VXI AT,11,0
Kolkata,Diesel,Manual,First,20.77,5.85,Maruti,Ertiga VDI,12,1
Mumbai,Diesel,Automatic,First,20.0,13.0,Mercedes-Benz,A Class A180 CDI,13,1
Kochi,Diesel,Manual,First,14.0,2.65,Mahindra,Xylo E2,16,1
Ahmedabad,Diesel,Manual,First,25.8,4.75,Honda,Amaze E i-Dtech,12,1
Pune,Petrol,Manual,First,25.17,2.65,Renault,KWID RXT,11,0
Pune,Petrol,Manual,First,25.17,3.0,Renault,KWID RXT,9,0
Coimbatore,Diesel,Automatic,First,12.07,32.52,Audi,Q7 3.0 TDI Quattro Premium Plus,12,4
Pune,Diesel,Automatic,First,22.32,7.75,Hyundai,Verna 1.6 SX CRDI (O) AT,12,1
Delhi,Diesel,Automatic,First,11.36,19.6,Toyota,Innova Crysta 2.8 ZX AT,10,2
Delhi,Petrol,Manual,First,17.0,2.6,Hyundai,i20 Sportz Option,16,0
Mumbai,Petrol,Manual,First,16.47,3.76,Volkswagen,Polo Petrol Comfortline 1.2L,13,0
Chennai,Diesel,Manual,First,20.54,4.75,Volkswagen,Vento Diesel Trendline,14,1
Mumbai,Petrol,Manual,Second,17.7,1.75,Honda,City ZX GXi,19,0
Bangalore,Petrol,Manual,First,16.2,3.95,Hyundai,Verna Transform Xxi ABS,15,1
Pune,Petrol,Manual,Second,13.2,1.0,Hyundai,Accent GLE,21,1
Jaipur,Diesel,Automatic,First,20.0,4.5,Skoda,Laura Ambiente 2.0 TDI CR AT,15,2
Coimbatore,Petrol,Automatic,First,10.93,17.23,Mercedes-Benz,E-Class 2009-2013 E 250 Elegance,15,3
Kochi,Petrol,Manual,First,18.6,5.76,Hyundai,i20 Sportz 1.2,11,1
Coimbatore,Petrol,Manual,First,20.36,4.32,Hyundai,i10 Magna 1.2,13,0
Delhi,Petrol,Manual,Second,19.81,1.9,Hyundai,i10 Magna 1.1L,17,0
Pune,Petrol,Manual,First,17.0,5.5,Volkswagen,Ameo 1.2 MPI Anniversary Edition,8,0
Mumbai,Petrol,Automatic,First,12.98,13.5,Toyota,Camry 2.5 G,12,3
Bangalore,Diesel,Manual,Second,16.0,9.75,Mahindra,XUV500 W8 2WD,13,2
Hyderabad,Diesel,Automatic,First,17.2,9.44,Skoda,Superb Elegance 2.0 TDI CR AT,15,2
Mumbai,Petrol,Automatic,First,22.5,4.45,Maruti,Wagon R VXI AMT,8,0
Pune,Diesel,Manual,First,24.3,8.85,Maruti,Vitara Brezza ZDi Plus Dual Tone,10,1
Kochi,Diesel,Manual,First,20.54,4.89,Volkswagen,Vento Diesel Comfortline,13,1
Hyderabad,Diesel,Manual,First,20.14,6.25,Volkswagen,Polo 1.5 TDI Highline,11,1
Chennai,Diesel,Manual,First,22.9,4.8,Maruti,Swift ZDi,14,0
Jaipur,Petrol,Manual,First,19.81,1.8,Hyundai,i10 Era 1.1,18,0
Kolkata,Diesel,Manual,First,16.0,7.25,Mahindra,XUV500 W8 2WD,13,2
Coimbatore,Diesel,Manual,First,25.47,7.56,Maruti,Ertiga VDI,12,1
Kochi,Diesel,Manual,First,16.0,6.82,Mahindra,XUV500 W8 2WD,13,2
Jaipur,Diesel,Manual,Second,21.12,1.8,Tata,Manza Aura Quadrajet BS IV,15,1
Pune,Diesel,Automatic,First,11.0,11.5,Mercedes-Benz,E-Class 280 CDI,17,3
Chennai,Petrol,Manual,First,15.6,2.8,Maruti,SX4 Zxi with Leather BSIII,16,1
Hyderabad,Petrol,Automatic,First,20.51,5.5,Maruti,Wagon R AMT VXI,10,0
Jaipur,Diesel,Manual,First,20.0,3.25,Ford,Figo Diesel ZXI,12,0
Coimbatore,Diesel,Automatic,First,17.2,10.9,Skoda,Superb Elegance 2.0 TDI CR AT,12,2
Kochi,Petrol,Manual,First,18.5,4.07,Hyundai,i20 1.2 Magna,12,0
Ahmedabad,Diesel,Automatic,First,11.36,18.0,Toyota,Innova Crysta 2.8 ZX AT,10,2
Mumbai,Petrol,Manual,First,19.4,2.95,Honda,Brio V MT,14,1
Mumbai,Diesel,Automatic,First,17.2,7.5,Skoda,Superb Elegance 2.0 TDI CR AT,15,2
Coimbatore,Diesel,Automatic,First,13.0,32.73,Mercedes-Benz,E-Class 2015-2017 E250 CDI Avantgarde,10,3
Delhi,Diesel,Automatic,Second,12.55,21.5,Toyota,Fortuner 4x2 AT TRD Sportivo,11,2
Pune,Petrol,Manual,First,16.51,2.5,Maruti,SX4 ZXI MT BSIV,18,1
Ahmedabad,Diesel,Manual,First,27.3,5.5,Honda,Jazz 1.5 V i DTEC,10,1
Mumbai,Petrol,Automatic,First,14.53,7.5,Toyota,Corolla Altis 2008-2013 1.8 VL AT,14,2
Mumbai,Petrol,Manual,First,16.9,1.55,Honda,City ZX VTEC,19,1
Kolkata,Diesel,Automatic,First,20.68,29.0,BMW,X1 xDrive 20d M Sport,9,3
Coimbatore,Diesel,Manual,First,28.4,8.4,Maruti,Swift DDiS VDI,7,0
Hyderabad,Diesel,Manual,First,25.32,6.5,Mahindra,KUV 100 mFALCON D75 K8,10,0
Mumbai,Petrol,Manual,First,16.0,2.35,Honda,Jazz Mode,16,1
Mumbai,Petrol,Manual,First,20.4,5.55,Maruti,Swift ZXI,10,1
Mumbai,Petrol,Automatic,First,18.9,5.35,Hyundai,Grand i10 Asta Option AT,10,1
Chennai,Petrol,Manual,First,17.8,5.25,Honda,Amaze SX i-VTEC,10,1
Coimbatore,Petrol,Manual,First,18.9,5.87,Hyundai,Grand i10 1.2 Kappa Sportz,9,1
Kochi,Diesel,Manual,First,20.54,5.36,Volkswagen,Vento Diesel Comfortline,12,1
Bangalore,Diesel,Manual,First,28.09,7.75,Maruti,Ciaz 1.3 S,10,1
Kochi,Petrol,Automatic,Second,14.4,5.41,Volkswagen,Vento Petrol Highline AT,12,1
Bangalore,Petrol,Manual,First,18.5,3.65,Hyundai,i20 1.2 Magna,16,0
Pune,Petrol,Automatic,First,16.5,5.25,Honda,Brio VX AT,10,1
Kolkata,Petrol,Manual,First,17.4,6.25,Honda,City i VTEC VX,12,1
Coimbatore,Petrol,Manual,First,23.9,3.47,Tata,Nano XT,9,0
Mumbai,Petrol,Automatic,First,10.13,8.85,Mercedes-Benz,S Class 2005 2013 S 350 L,20,7
Pune,Petrol,Manual,First,14.0,0.85,Maruti,Wagon R LXI BSIII,22,0
Mumbai,Petrol,Automatic,First,13.7,13.65,Skoda,Superb Elegance 1.8 TSI AT,11,2
Coimbatore,Diesel,Automatic,First,12.07,50.22,Audi,Q7 35 TDI Quattro Technology,10,4
Ahmedabad,Petrol,Manual,First,22.0,7.75,Maruti,Swift ZXI Plus,8,1
Coimbatore,Diesel,Manual,First,12.8,10.05,Toyota,Innova 2.5 G4 Diesel 7-seater,15,1
Kolkata,Petrol,Automatic,First,12.05,9.75,BMW,3 Series 320i Sedan,15,2
Delhi,Diesel,Automatic,First,17.9,23.0,Mercedes-Benz,GLA Class 200 CDI SPORT,11,2
Coimbatore,Diesel,Manual,First,13.68,21.42,Toyota,Innova Crysta 2.4 VX MT 8S,7,2
Jaipur,Petrol,Manual,Third,15.9,0.7,Maruti,Esteem LX BSII,23,1
Delhi,Diesel,Manual,First,25.2,5.21,Maruti,Swift VDI BSIV,12,0
Hyderabad,Diesel,Manual,First,12.99,7.5,Toyota,Innova 2.5 GX (Diesel) 7 Seater,17,1
Delhi,Diesel,Manual,First,23.59,2.65,Toyota,Etios Liva GD,14,1
Chennai,Petrol,Manual,First,18.6,1.75,Chevrolet,Beat LT,16,0
Jaipur,Diesel,Manual,Second,13.8,1.0,Ford,Ikon 1.4 TDCi DuraTorq,16,0
Delhi,Diesel,Automatic,First,19.27,33.0,Mercedes-Benz,New C-Class C 220 CDI Avantgarde,10,2
Kolkata,Petrol,Manual,First,17.6,2.2,Toyota,Etios G,15,1
Kochi,Diesel,Manual,First,12.8,12.83,Toyota,Innova 2.5 GX (Diesel) 7 Seater BS IV,9,1
Kochi,Diesel,Automatic,First,17.54,68.94,BMW,6 Series Gran Coupe,8,5
Mumbai,Diesel,Manual,First,21.13,4.1,Skoda,Rapid 1.5 TDI Ambition,14,1
Jaipur,Petrol,Manual,First,22.0,2.85,Hyundai,EON Magna,10,0
Mumbai,Petrol,Automatic,First,11.1,3.7,Honda,CR-V 2.4L 4WD AT,19,2
Coimbatore,Diesel,Automatic,First,20.0,9.06,Skoda,Laura Elegance 2.0 TDI CR AT,13,2
Delhi,Petrol,Manual,Second,13.4,4.75,Skoda,Laura RS,15,2
Jaipur,Diesel,Manual,First,26.0,6.6,Honda,City i DTec S,11,1
Chennai,Diesel,Manual,Second,13.93,3.5,Tata,New Safari 4X4 EX,19,2
Pune,Petrol,Manual,First,19.0,2.0,Maruti,Zen Estilo LXI BS IV,15,0
Mumbai,Petrol,Manual,First,17.8,3.89,Honda,Amaze S i-VTEC,13,1
Jaipur,Petrol,Manual,First,23.01,3.6,Renault,KWID 1.0 RXL,9,0
Mumbai,Petrol,Automatic,First,19.12,6.95,Maruti,Ciaz AT ZXi,11,1
Coimbatore,Diesel,Manual,First,22.54,7.03,Hyundai,i20 Asta Option 1.4 CRDi,10,1
Ahmedabad,Diesel,Manual,First,13.68,16.5,Toyota,Innova Crysta 2.4 ZX MT,10,2
Coimbatore,Diesel,Manual,First,28.09,7.67,Maruti,Ciaz ZDi Plus SHVS,10,1
Coimbatore,Diesel,Automatic,First,14.74,23.19,Jaguar,XF Diesel,14,5
Kochi,Petrol,Manual,First,19.1,6.21,Hyundai,Xcent 1.2 Kappa S,9,1
Coimbatore,Diesel,Automatic,First,16.12,45.82,Porsche,Cayenne Diesel,11,4
Mumbai,Diesel,Manual,First,24.4,5.95,Hyundai,Xcent 1.1 CRDi S,10,0
Delhi,Diesel,Automatic,First,16.55,11.0,Audi,A4 2.0 TDI Multitronic,15,2
Coimbatore,Petrol,Manual,First,20.73,7.19,Maruti,Ciaz RS ZXi Plus,10,1
Delhi,Diesel,Manual,First,12.8,6.4,Toyota,Innova 2.5 G4 Diesel 8-seater,15,1
Chennai,Diesel,Manual,First,15.8,26.0,Mercedes-Benz,New C-Class 220 CDI MT,11,2
Hyderabad,Petrol,Manual,First,20.36,4.5,Hyundai,i10 Sportz,10,0
Chennai,Petrol,Automatic,First,16.95,3.1,Hyundai,i10 Sportz 1.2 AT,15,0
Delhi,Diesel,Manual,First,27.39,5.95,Maruti,Baleno Zeta 1.3,11,0
Delhi,Petrol,Manual,First,18.2,1.2,Maruti,Zen Estilo 1.1 VXI BSIII,18,0
Chennai,Diesel,Automatic,First,16.46,52.0,BMW,7 Series 730Ld,12,4
Bangalore,Diesel,Automatic,First,11.33,48.0,Audi,Q7 4.2 TDI Quattro Technology,11,6
Hyderabad,Diesel,Automatic,First,11.7,21.99,BMW,X5 xDrive 30d,15,4
Hyderabad,Petrol,Manual,First,21.1,4.3,Maruti,Ritz LXI,13,1
Pune,Diesel,Manual,First,21.64,3.75,Nissan,Sunny 2011-2014 Diesel XL,13,1
Mumbai,Petrol,Manual,First,14.28,8.95,Toyota,Corolla Altis 1.8 Limited Edition,11,2
Pune,Diesel,Manual,First,23.59,4.75,Toyota,Etios VXD,14,0
Coimbatore,Petrol,Manual,First,14.28,14.6,Toyota,Corolla Altis GL MT,10,2
Mumbai,Diesel,Automatic,First,17.68,17.5,Audi,A6 2011-2015 2.0 TDI Premium Plus,14,3
Kolkata,Diesel,Manual,First,20.77,5.2,Maruti,Ertiga ZDI,14,1
Coimbatore,Petrol,Manual,First,18.9,6.04,Hyundai,Grand i10 Sportz,9,1
Chennai,Diesel,Manual,Second,19.09,2.7,Tata,Indigo CS LX (TDI) BS III,17,0
Chennai,Diesel,Automatic,First,26.59,6.75,Maruti,Swift Dzire AMT ZDI,7,0
Kolkata,Petrol,Manual,First,15.26,2.35,Volkswagen,Polo Petrol Highline 1.6L,15,1
Hyderabad,Petrol,Manual,First,23.84,5.0,Tata,Tiago 1.2 Revotron XZ WO Alloy,9,1
Kolkata,Petrol,Manual,First,17.8,6.95,Honda,City i VTEC VX,10,1
Jaipur,Petrol,Manual,First,19.5,6.7,Honda,Amaze V Petrol,8,1
Hyderabad,Diesel,Automatic,First,17.11,25.0,Audi,A4 35 TDI Premium,11,3
Chennai,Petrol,Automatic,First,14.4,3.75,Volkswagen,Vento Petrol Highline AT,15,1
Chennai,Diesel,Manual,First,20.54,3.75,Volkswagen,Vento Diesel Trendline,15,1
Pune,Petrol,Manual,First,17.0,5.1,Honda,City 1.5 S MT,13,1
Mumbai,Petrol,Manual,First,22.5,2.45,Maruti,Wagon R LXI,16,0
Kolkata,Petrol,Automatic,First,9.3,3.25,Skoda,Superb 2.8 V6 AT,21,3
Kolkata,Diesel,Manual,First,26.0,5.5,Honda,City i DTEC SV,12,1
Kochi,Petrol,Manual,First,22.74,3.04,Maruti,Alto 800 LXI,10,0
Delhi,Petrol,Manual,First,18.6,4.9,Hyundai,i20 Magna 1.2,11,1
Bangalore,Diesel,Manual,First,22.7,6.25,Ford,Ecosport 1.5 DV5 MT Trend,13,1
Hyderabad,Diesel,Automatic,First,19.59,33.0,BMW,3 Series GT 320d Luxury Line,11,3
Chennai,Diesel,Automatic,Second,11.7,27.0,BMW,X5 xDrive 30d,15,4
Coimbatore,Petrol,Manual,Second,18.0,5.21,Honda,Amaze S i-Vtech,12,1
Mumbai,Petrol,Manual,First,15.85,5.75,Ford,EcoSport 1.5 Ti VCT MT Titanium,12,1
Coimbatore,Diesel,Automatic,First,14.74,16.58,Jaguar,XF 3.0 Litre S Premium Luxury,14,5
Delhi,Petrol,Manual,First,14.53,11.0,Toyota,Corolla 1.8 J,11,2
Pune,Petrol,Manual,Second,20.36,2.8,Hyundai,i10 Sportz,12,0
Kochi,Diesel,Automatic,First,15.8,37.99,Mercedes-Benz,New C-Class C220 CDI Executive Edition,7,2
Delhi,Diesel,Manual,Second,20.0,3.65,Skoda,Laura Ambiente 2.0 TDI CR MT,15,1
Hyderabad,Diesel,Manual,First,13.1,6.0,Ford,Endeavour 4x2 XLT,19,2
Coimbatore,Petrol,Manual,First,15.6,4.54,Ford,Figo Petrol EXI,13,0
Kochi,Petrol,Manual,First,18.0,5.4,Honda,Amaze S i-Vtech,11,1
Mumbai,Diesel,Manual,First,19.1,3.3,Tata,Indica Vista TDI LS,12,0
Hyderabad,Diesel,Automatic,Second,14.7,18.25,Volvo,XC60 D4 Summum,14,2
Kochi,Petrol,Manual,First,21.1,3.84,Hyundai,EON Era Plus,13,0
Kolkata,Petrol,Manual,First,22.74,2.44,Maruti,Alto 800 VXI,10,0
Bangalore,Petrol,Manual,Second,16.47,3.6,Volkswagen,Polo Petrol Trendline 1.2L,15,0
Mumbai,Petrol,Manual,First,20.36,3.9,Hyundai,i10 Asta,11,0
Chennai,Petrol,Manual,Second,16.95,2.9,Nissan,Sunny 2011-2014 XL,13,1
Chennai,Petrol,Manual,Second,14.53,3.5,Toyota,Corolla Altis G,18,2
Chennai,Diesel,Manual,Second,18.1,3.5,Hyundai,Verna CRDi ABS,17,1
Jaipur,Petrol,Manual,First,24.7,3.5,Maruti,Alto 800 2016-2019 LXI Optional,7,0
Hyderabad,Diesel,Manual,First,21.9,7.0,Hyundai,i20 Sportz 1.4 CRDi,11,1
Chennai,Diesel,Automatic,First,19.08,8.7,Hyundai,Verna 1.6 CRDi AT S,10,1
Hyderabad,Diesel,Automatic,First,12.07,45.0,Audi,Q7 3.0 TDI Quattro Technology,12,4
Hyderabad,Diesel,Manual,First,25.0,1.8,Tata,Indica V2 eLS,10,0
Kolkata,Petrol,Manual,First,18.0,0.99,Chevrolet,Spark 1.0 LS,19,0
Kolkata,Petrol,Manual,First,18.9,4.8,Hyundai,Grand i10 1.2 Kappa Magna,8,1
Mumbai,Diesel,Manual,First,12.55,17.95,Toyota,Fortuner 4x4 MT TRD Sportivo,12,2
Kochi,Petrol,Manual,First,18.9,5.66,Hyundai,Grand i10 1.2 Kappa Asta,9,1
Delhi,Petrol,Manual,First,17.0,3.1,Honda,City 1.5 S MT,17,1
Kochi,Petrol,Manual,First,18.6,6.54,Hyundai,Elite i20 Petrol Asta,10,1
Hyderabad,Diesel,Manual,First,12.8,13.2,Toyota,Innova 2.5 G4 Diesel 8-seater,11,1
Kochi,Petrol,Automatic,First,13.0,56.8,Ford,Mustang V8,8,7
Kochi,Diesel,Automatic,First,11.36,19.4,Toyota,Innova Crysta 2.8 GX AT,7,2
Ahmedabad,Petrol,Manual,First,18.2,1.65,Maruti,Zen Estilo 1.1 VXI BSIII,19,0
Jaipur,Diesel,Manual,Second,22.9,4.35,Maruti,Swift ZDi,13,0
Hyderabad,Diesel,Manual,First,20.5,6.5,Fiat,Avventura MULTIJET Emotion,11,1
Delhi,Petrol,Manual,First,18.2,1.11,Maruti,Zen Estilo VXI BSIII,19,0
Mumbai,Diesel,Manual,First,19.87,5.5,Renault,Duster 85PS Diesel RxL,13,1
Delhi,Diesel,Manual,First,10.5,11.0,Mitsubishi,Pajero 2.8 SFX,14,1
Pune,Petrol,Automatic,First,23.1,3.9,Maruti,Celerio VXI AT,11,0
Pune,Diesel,Manual,First,17.88,1.8,Tata,Indica V2 DLS BSIII,13,0
Kochi,Petrol,Manual,First,18.6,6.22,Hyundai,Elite i20 Petrol Asta,10,1
Hyderabad,Petrol,Automatic,First,23.1,4.3,Maruti,Celerio VXI AT,12,0
Hyderabad,Petrol,Manual,First,18.9,5.99,Hyundai,Grand i10 1.2 Kappa Asta,9,1
Delhi,Petrol,Manual,First,18.6,6.0,Hyundai,i20 1.2 Magna Executive,9,1
Delhi,Petrol,Manual,First,17.1,5.85,Hyundai,Verna 1.6 SX VTVT (O),12,1
Kochi,Diesel,Automatic,First,12.39,19.94,Land,Rover Freelander 2 SE,12,2
Chennai,Petrol,Manual,First,16.1,2.9,Maruti,Swift VXI BSIII,17,1
Mumbai,Petrol,Manual,First,18.0,4.25,Honda,Amaze SX i-VTEC,12,1
Hyderabad,Diesel,Manual,First,21.43,5.99,Toyota,Corolla Altis Diesel D4DG,16,1
Kolkata,Diesel,Manual,First,27.4,3.3,Honda,Amaze S Diesel,13,1
Coimbatore,Diesel,Automatic,Second,16.77,8.08,Audi,A6 3.0 TDI quattro,17,4
Jaipur,Petrol,Manual,First,22.5,4.5,Maruti,Wagon R VXI,9,0
Hyderabad,Diesel,Manual,First,24.2,6.5,Honda,Mobilio E i DTEC,12,1
Bangalore,Petrol,Automatic,Second,10.1,3.9,Honda,CR-V 2.4 4WD AT,20,2
Delhi,Petrol,Manual,First,17.1,5.25,Hyundai,Verna 1.6 SX VTVT (O),13,1
Bangalore,Diesel,Automatic,First,11.72,17.0,Hyundai,Santa Fe 4x4 AT,12,3
Ahmedabad,Petrol,Automatic,First,16.95,3.5,Hyundai,i10 Sportz AT,14,0
Hyderabad,Diesel,Manual,Second,17.7,3.0,Ford,Fusion Plus 1.4 TDCi Diesel,18,0
Coimbatore,Petrol,Manual,Second,20.36,4.87,Hyundai,i10 Sportz,11,0
Jaipur,Diesel,Manual,First,24.4,6.0,Hyundai,Xcent 1.1 CRDi SX Option,12,0
Mumbai,Diesel,Automatic,First,18.19,15.5,Skoda,Superb Style 2.0 TDI AT,11,3
Pune,Petrol,Manual,Second,16.6,1.6,Ford,Fiesta 1.4 Duratec EXI,18,0
Pune,Petrol,Automatic,First,21.4,7.25,Maruti,Baleno Zeta Automatic,9,1
Mumbai,Diesel,Manual,Second,17.0,3.25,Skoda,Laura 1.9 TDI MT Ambiente,16,1
Kolkata,Diesel,Manual,First,20.64,3.4,Volkswagen,Vento 1.5 TDI Comfortline,14,1
Coimbatore,Diesel,Automatic,First,12.07,30.5,Audi,Q7 3.0 TDI Quattro Technology,12,4
Kochi,Petrol,Manual,First,17.0,7.97,Hyundai,Verna VTVT 1.6 SX Option,10,1
Delhi,Diesel,Automatic,First,14.84,13.51,Mercedes-Benz,New C-Class 220 CDI AT,14,2
Kochi,Diesel,Manual,First,25.8,5.43,Honda,Amaze S i-Dtech,11,1
Chennai,Petrol,Manual,First,16.6,2.6,Ford,Fiesta 1.4 Duratec EXI Limited Edition,16,0
Bangalore,Petrol,Manual,First,18.5,4.45,Hyundai,i20 Magna Optional 1.2,13,1
Kolkata,Petrol,Manual,First,22.74,2.75,Maruti,Alto 800 LXI,9,0
Kolkata,Petrol,Automatic,First,10.6,8.75,BMW,5 Series 530i Sedan,16,4
Coimbatore,Petrol,Manual,Second,14.6,5.41,Fiat,Grande Punto 1.4 Emotion,11,1
Kochi,Diesel,Automatic,First,28.4,8.55,Maruti,Dzire AMT ZDI Plus,8,0
Mumbai,Diesel,Manual,First,15.1,8.25,Mahindra,XUV500 W6 2WD,12,2
Kochi,Diesel,Automatic,First,11.1,23.58,Volvo,XC90 2007-2015 D5 AT AWD,12,3
Coimbatore,Petrol,Manual,First,20.36,4.49,Hyundai,i10 Sportz 1.2,12,0
Hyderabad,Diesel,Manual,First,11.5,12.99,Toyota,Fortuner 3.0 Diesel,16,2
Bangalore,Petrol,Automatic,First,21.9,2.8,Tata,Nano XTA,10,0
Coimbatore,Diesel,Manual,First,19.98,8.43,Renault,Lodgy 110PS RxZ 8 Seater,10,1
Hyderabad,Diesel,Automatic,First,12.07,47.5,Audi,Q7 3.0 TDI Quattro Premium Plus,11,4
Mumbai,Petrol,Automatic,First,18.0,8.95,Honda,City i VTEC CVT VX,10,1
Jaipur,Diesel,Manual,Second,19.01,5.5,Renault,Duster 110PS Diesel RxL,13,1
Jaipur,Petrol,Manual,First,17.8,4.75,Honda,Amaze S i-VTEC,12,1
Jaipur,Petrol,Manual,First,18.0,4.75,Honda,Amaze S i-Vtech,10,1
Pune,Petrol,Automatic,Second,12.05,9.5,BMW,3 Series 320i,17,2
Coimbatore,Diesel,Manual,First,23.2,3.77,Maruti,Ritz LDi,15,0
Delhi,Petrol,Manual,Second,17.0,4.25,Honda,City 1.5 S MT,14,1
Mumbai,Diesel,Automatic,First,18.88,19.9,BMW,3 Series 320d Sport Line,12,3
Chennai,Diesel,Manual,First,15.0,4.0,Volkswagen,Jetta 2007-2011 1.9 TDI Trendline,17,1
Kochi,Petrol,Manual,First,19.1,4.16,Maruti,Swift Dzire LXI,13,1
Bangalore,Diesel,Automatic,Second,16.36,38.0,Jaguar,XF 2.2 Litre Executive,11,3
Kochi,Petrol,Automatic,First,16.9,6.34,Hyundai,Xcent 1.2 Kappa AT SX Option,10,1
Pune,Diesel,Manual,First,12.8,4.5,Toyota,Innova 2.5 G (Diesel) 7 Seater BS IV,17,1
Chennai,Petrol,Manual,First,15.1,3.75,Maruti,Eeco 7 Seater Standard,10,0
Delhi,Diesel,Automatic,Second,15.2,10.2,Audi,A4 New 2.0 TDI Multitronic,14,2
Chennai,Diesel,Manual,First,12.8,5.0,Toyota,Innova 2.5 G (Diesel) 7 Seater BS IV,19,1
Mumbai,Petrol,Manual,First,9.8,3.95,Maruti,Grand Vitara MT,18,2
Coimbatore,Diesel,Manual,First,20.34,9.75,Volkswagen,Vento 1.5 TDI Highline,10,1
Kochi,Petrol,Manual,First,18.6,7.93,Hyundai,Elite i20 Petrol Asta,8,1
Hyderabad,Diesel,Manual,First,17.8,2.1,Ford,Fiesta Classic 1.4 Duratorq CLXI,15,0
Coimbatore,Diesel,Manual,First,13.5,16.42,Mitsubishi,Pajero Sport 4X4,11,3
Bangalore,Diesel,Manual,Second,14.66,8.9,Hyundai,Santa Fe 4X4,15,3
Pune,Diesel,Manual,First,15.1,7.21,Mahindra,XUV500 W8 2WD,14,2
Chennai,Diesel,Manual,First,12.8,13.5,Toyota,Innova 2.5 V Diesel 8-seater,11,1
Chennai,Diesel,Automatic,First,11.57,65.0,Mercedes-Benz,GLE 350d,10,4
Bangalore,Diesel,Manual,First,12.05,7.4,Mahindra,Scorpio 2009-2014 SLE 7S BSIV,12,1
Kochi,Petrol,Automatic,First,16.8,5.15,Honda,City 1.5 S AT,12,1
Pune,Diesel,Automatic,First,12.0,32.0,Mercedes-Benz,GL-Class 2007 2012 350 CDI Luxury,13,4
Kolkata,Petrol,Manual,First,17.0,3.25,Honda,City 1.5 S MT,15,1
Kolkata,Petrol,Automatic,First,22.5,3.95,Maruti,Wagon R VXI AMT,9,0
Pune,Petrol,Manual,Second,15.4,1.5,Tata,Indigo eCS GLE BSIII,13,0
Pune,Petrol,Manual,Second,17.0,3.0,Hyundai,i20 2015-2017 1.2 Asta with AVN,16,0
Kolkata,Petrol,Manual,First,16.0,1.99,Honda,Jazz Active,16,1
Kolkata,Petrol,Manual,First,19.0,1.35,Maruti,A-Star Lxi,16,0
Hyderabad,Diesel,Automatic,First,16.07,13.5,BMW,3 Series 320d Highline,17,3
Hyderabad,Diesel,Manual,First,17.67,6.99,Skoda,Yeti Elegance,16,2
Hyderabad,Diesel,Manual,First,19.01,8.5,Nissan,Terrano XV Premium 110 PS,13,1
Pune,Diesel,Manual,Second,22.07,2.89,Volkswagen,Polo Diesel Comfortline 1.2L,16,0
Mumbai,Diesel,Automatic,First,22.69,10.5,BMW,3 Series 320d,15,3
Kochi,Petrol,Manual,First,16.95,3.97,Nissan,Sunny 2011-2014 XL,13,1
Chennai,Petrol,Automatic,First,24.07,4.25,Maruti,Alto K10 VXI AGS,9,0
Coimbatore,Petrol,Manual,First,21.1,6.17,Maruti,Ritz ZXI,10,1
Coimbatore,Diesel,Automatic,First,14.16,38.72,Audi,Q5 30 TDI quattro Premium Plus,10,3
Hyderabad,Diesel,Manual,First,16.8,6.5,Hyundai,Verna CRDi SX,13,1
Jaipur,Diesel,Manual,Second,25.8,4.25,Honda,Amaze S i-Dtech,13,1
Kolkata,Diesel,Manual,First,26.0,4.75,Honda,City i DTEC SV,12,1
Kochi,Diesel,Automatic,First,12.9,17.71,Toyota,Fortuner TRD Sportivo 2.8 2WD AT,12,3
Jaipur,Diesel,Manual,First,20.34,5.85,Volkswagen,Vento 1.5 TDI Highline,11,1
Coimbatore,Diesel,Automatic,First,22.48,17.27,BMW,5 Series 520d Luxury Line,15,3
Hyderabad,Diesel,Automatic,First,16.07,9.25,BMW,3 Series 320d Sedan,19,3
Ahmedabad,Petrol,Automatic,First,13.0,12.75,Hyundai,Creta 1.6 SX Plus Petrol Automatic,9,1
Pune,Diesel,Automatic,Second,21.76,27.0,BMW,3 Series Luxury Line,10,3
Bangalore,Diesel,Automatic,Second,14.84,21.0,Mercedes-Benz,New C-Class C 220 CDI BE Avantgare,13,2
Hyderabad,Diesel,Manual,First,26.59,7.95,Maruti,Swift Dzire VDI,9,0
Hyderabad,Petrol,Manual,Second,23.1,4.5,Maruti,Celerio ZXI,11,0
Mumbai,Diesel,Automatic,First,19.59,33.75,BMW,3 Series 320d GT Luxury Line,9,3
Delhi,Diesel,Automatic,First,11.33,17.51,Audi,Q7 4.2 TDI Quattro Technology,16,6
Kochi,Petrol,Manual,First,18.2,6.8,Honda,Jazz V,9,1
Coimbatore,Petrol,Manual,First,25.4,1.68,Tata,Nano Cx BSIV,12,0
Chennai,Petrol,Manual,First,24.7,2.9,Maruti,Alto 800 2016-2019 LXI,10,0
Mumbai,Petrol,Manual,First,22.5,3.16,Maruti,Wagon R VXI,12,0
Jaipur,Diesel,Manual,First,24.4,3.9,Hyundai,Xcent 1.1 CRDi Base,12,0
Delhi,Petrol,Manual,Second,17.8,1.95,Chevrolet,Beat LT,16,0
Kochi,Diesel,Automatic,First,16.36,26.52,Jaguar,XF 2.2 Litre Luxury,11,3
Chennai,Diesel,Automatic,First,18.33,9.0,Volkswagen,Passat Diesel Highline 2.0 TDI,16,2
Hyderabad,Diesel,Manual,First,21.27,4.5,Hyundai,i20 Asta 1.4 CRDi,14,1
Chennai,Diesel,Manual,First,10.5,8.75,Mitsubishi,Pajero 2.8 SFX,18,1
Chennai,Diesel,Automatic,First,24.3,11.5,Maruti,Vitara Brezza ZDi Plus AMT Dual Tone,8,1
Delhi,Petrol,Manual,First,24.07,3.0,Maruti,Alto K10 LXI,10,0
Coimbatore,Petrol,Manual,First,21.1,3.79,Hyundai,EON Magna Plus,11,0
Ahmedabad,Diesel,Manual,First,28.09,6.0,Maruti,Ciaz VDi Plus SHVS,11,1
Bangalore,Diesel,Manual,First,19.67,13.25,Hyundai,Creta 1.6 CRDi SX Option,10,1
Delhi,Diesel,Automatic,First,17.2,8.0,Skoda,Superb Ambition 2.0 TDI CR AT,14,2
Hyderabad,Diesel,Manual,First,20.14,5.8,Volkswagen,Polo 1.5 TDI Highline,11,1
Hyderabad,Diesel,Manual,Second,12.99,13.5,Toyota,Innova 2.5 VX (Diesel) 7 Seater,13,1
Pune,Diesel,Automatic,First,14.21,25.0,Mercedes-Benz,E-Class 2009-2013 E250 CDI Elegance,12,3
Kochi,Diesel,Manual,First,20.14,5.49,Volkswagen,Polo 1.5 TDI Highline,10,1
Hyderabad,Diesel,Automatic,First,17.32,19.0,Audi,Q3 2.0 TDI,13,2
Kolkata,Petrol,Manual,First,18.5,2.5,Hyundai,i20 1.2 Magna,15,0
Kolkata,Petrol,Manual,Second,19.81,3.0,Hyundai,i10 Sportz 1.1L,11,0
Kochi,Diesel,Manual,First,24.7,6.64,Tata,Tigor 1.05 Revotorq XT,8,0
Kochi,Petrol,Manual,First,21.1,3.21,Hyundai,EON Era,9,0
Chennai,Petrol,Manual,Second,17.92,1.55,Hyundai,Santro Xing GLS,17,0
Hyderabad,Petrol,Manual,First,17.92,2.59,Hyundai,Santro Xing GLS,15,0
Chennai,Diesel,Manual,Second,12.7,4.0,Mahindra,Scorpio SLX,18,1
Jaipur,Petrol,Manual,First,17.4,3.87,Honda,City i-VTEC S,16,1
Bangalore,Diesel,Manual,First,24.3,9.75,Maruti,Vitara Brezza ZDi,9,1
Kochi,Diesel,Automatic,First,17.11,32.91,Audi,A4 35 TDI Technology Edition,7,3
Chennai,Diesel,Automatic,Second,14.21,16.75,Mercedes-Benz,E-Class 2009-2013 E250 CDI Elegance,15,3
Jaipur,Petrol,Manual,First,13.5,1.9,Honda,Civic 2006-2010 1.8 MT Sport,19,2
Kochi,Petrol,Manual,First,18.6,6.59,Hyundai,i20 Magna 1.2,9,1
Coimbatore,Diesel,Automatic,First,15.73,31.93,Audi,Q3 35 TDI Quattro Premium Plus,9,3
Jaipur,Diesel,Manual,First,25.1,7.25,Honda,City i DTEC VX,12,1
Pune,Petrol,Manual,First,19.81,1.9,Hyundai,i10 Era 1.1 iTech SE,18,0
Kolkata,Diesel,Manual,First,25.2,3.55,Maruti,Swift VDI BSIV,11,0
Hyderabad,Diesel,Automatic,First,11.4,9.25,Ford,Endeavour 3.0L 4X4 AT,14,2
Kochi,Petrol,Manual,First,13.8,1.65,Ford,Ikon 1.3 Flair,17,0
Coimbatore,Diesel,Automatic,First,20.68,36.64,BMW,X1 sDrive 20d xLine,7,3
Mumbai,Diesel,Automatic,Second,14.21,16.0,Mercedes-Benz,E-Class 2009-2013 E250 CDI Classic,15,3
Ahmedabad,Diesel,Manual,First,25.8,4.35,Honda,Amaze S i-Dtech,12,1
Hyderabad,Petrol,Manual,Second,17.3,1.2,Maruti,Zen LXi - BS III,20,0
Jaipur,Petrol,Manual,Second,18.5,4.1,Hyundai,i20 Magna,13,0
Chennai,Diesel,Automatic,First,11.0,18.75,BMW,X5 3.0d,17,4
Coimbatore,Diesel,Manual,First,19.67,13.78,Hyundai,Creta 1.6 CRDi SX Option,9,1
Kolkata,Diesel,Manual,First,26.59,4.0,Maruti,Swift Dzire LDI,10,0
Jaipur,Diesel,Manual,First,22.9,4.33,Maruti,Swift VDI,13,0
Kochi,Diesel,Manual,First,24.0,5.43,Hyundai,Grand i10 1.2 CRDi Asta,11,0
Mumbai,Petrol,Manual,First,18.16,4.9,Ford,Figo Aspire 1.2 Ti-VCT Trend,10,1
Chennai,Diesel,Automatic,First,15.97,70.0,BMW,X5 X5 M,9,4
Kolkata,Diesel,Automatic,First,11.78,25.5,Mercedes-Benz,New C-Class C 220 CDI Celebration Edition,10,2
Ahmedabad,Petrol,Automatic,First,18.9,5.1,Hyundai,Grand i10 AT Asta,11,1
Hyderabad,Diesel,Manual,First,22.32,6.7,Hyundai,Verna 1.6 SX CRDi (O),13,1
Hyderabad,Diesel,Automatic,First,16.73,26.5,BMW,5 Series 525d Sedan,13,3
Ahmedabad,Diesel,Manual,First,23.08,3.9,Nissan,Micra Diesel XV Premium,13,0
Pune,Petrol,Manual,Second,15.5,2.7,Maruti,SX4 ZXI MT BSIV,16,1
Hyderabad,Diesel,Manual,First,21.12,2.95,Tata,Manza Aura Quadrajet BS IV,15,1
Ahmedabad,Diesel,Automatic,First,16.55,23.0,Audi,A4 2.0 TDI Multitronic,11,2
Pune,Diesel,Manual,Second,17.8,2.49,Maruti,Swift Ldi BSIV,17,0
Jaipur,Diesel,Manual,First,25.2,4.5,Maruti,Swift LDI Optional,11,0
Delhi,Diesel,Manual,First,21.43,4.5,Toyota,Corolla Altis Diesel D4DJ,15,1
Hyderabad,Diesel,Manual,First,27.3,6.9,Honda,Jazz 1.5 VX i DTEC,11,1
Kochi,Petrol,Automatic,First,7.94,20.72,BMW,6 Series 650i Coupe,16,8
Jaipur,Petrol,Manual,First,16.25,2.21,Skoda,Fabia 1.2 Petrol Active,16,0
Mumbai,Diesel,Automatic,Second,12.35,13.9,Land,Rover Freelander 2 HSE,15,3
Pune,Petrol,Manual,First,15.3,1.46,Ford,Fiesta 1.6 ZXi Duratec,16,1
Pune,Diesel,Automatic,First,19.08,6.0,Hyundai,Verna SX CRDi AT,14,1
Jaipur,Petrol,Manual,First,21.7,3.0,Renault,KWID 1.0 RXT Optional,10,0
Delhi,Diesel,Manual,First,22.3,3.5,Tata,Indica Vista Quadrajet 90 ZX Plus,14,1
Kochi,Diesel,Manual,First,21.19,7.59,Hyundai,i20 Active 1.4 SX,8,1
Mumbai,Petrol,Manual,Second,15.0,1.99,Maruti,SX4 Zxi BSIII,17,1
Hyderabad,Petrol,Manual,First,25.17,3.8,Renault,KWID RXT,10,0
Bangalore,Diesel,Manual,First,11.68,4.0,Mahindra,Xylo E4 ABS BS III,13,1
Bangalore,Petrol,Manual,Second,21.1,2.95,Hyundai,EON D Lite Plus,13,0
Delhi,Diesel,Manual,First,25.8,3.75,Honda,Amaze VX i-DTEC,13,1
Kolkata,Diesel,Manual,First,22.07,2.5,Volkswagen,Polo Diesel Highline 1.2L,16,0
Pune,Petrol,Manual,First,17.0,3.75,Honda,City 1.5 V MT,15,1
Pune,Diesel,Automatic,First,12.55,22.0,Toyota,Fortuner 4x2 AT,11,2
Kochi,Petrol,Manual,First,18.0,6.14,Honda,Amaze E i-Vtech,9,1
Pune,Diesel,Automatic,First,20.58,16.0,BMW,1 Series 118d Base,11,2
Hyderabad,Petrol,Automatic,First,23.1,3.75,Maruti,Celerio VXI AT,12,0
Mumbai,Diesel,Manual,First,12.99,11.75,Toyota,Innova 2.5 GX (Diesel) 8 Seater,11,1
Pune,Diesel,Automatic,Second,16.36,24.0,Jaguar,XF 2.2 Litre Luxury,13,3
Hyderabad,Petrol,Manual,First,17.5,8.9,Honda,WRV i-VTEC VX,9,1
Chennai,Diesel,Automatic,Third,17.05,10.0,BMW,X1 sDrive20d,14,3
Mumbai,Petrol,Automatic,First,14.3,5.55,Skoda,Rapid 1.6 MPI AT Elegance,12,1
Kochi,Petrol,Manual,First,16.09,3.59,Volkswagen,Vento 1.6 Comfortline,14,1
Coimbatore,Diesel,Manual,First,22.77,11.13,Ford,EcoSport 1.5 TDCi Trend Plus BE,7,1
Jaipur,Diesel,Manual,First,15.1,7.2,Mahindra,XUV500 W6 2WD,14,2
Mumbai,Diesel,Manual,First,18.6,2.98,Ford,Fiesta Classic 1.4 Duratorq LXI,12,0
Pune,Petrol,Manual,Second,17.92,1.7,Hyundai,Santro Xing GLS,16,0
Delhi,Diesel,Automatic,First,12.0,52.0,Mercedes-Benz,GL-Class 2007 2012 350 CDI Luxury,11,4
Pune,Petrol,Manual,First,19.7,0.95,Maruti,Alto LXi BSII,23,0
Mumbai,Petrol,Manual,First,17.8,9.25,Honda,City i VTEC VX Option,10,1
Bangalore,Diesel,Automatic,First,13.01,16.25,Hyundai,Santa Fe 2WD AT,12,3
Kolkata,Diesel,Automatic,First,17.9,20.99,Mercedes-Benz,GLA Class 200 CDI SPORT,11,2
Chennai,Diesel,Manual,Second,12.8,4.25,Toyota,Innova 2.5 G4 Diesel 8-seater,21,1
Bangalore,Diesel,Automatic,Second,16.07,7.2,BMW,3 Series 320d Sedan,18,3
Hyderabad,Petrol,Manual,First,18.6,4.4,Maruti,Swift ZXI,15,1
Pune,Petrol,Manual,Second,15.04,4.25,Volkswagen,Vento Petrol Highline,15,1
Ahmedabad,Petrol,Manual,First,16.02,5.35,Maruti,Ertiga VXI,14,1
Coimbatore,Petrol,Automatic,Second,18.9,6.3,Hyundai,Grand i10 AT Asta,10,1
Delhi,Diesel,Manual,First,19.67,12.5,Hyundai,Creta 1.6 CRDi SX,9,1
Ahmedabad,Diesel,Automatic,Second,16.77,7.5,Audi,A6 3.0 TDI quattro,18,4
Delhi,Diesel,Manual,First,16.0,11.25,Mahindra,XUV500 W8 1.99 mHawk,10,2
Mumbai,Petrol,Automatic,First,16.05,7.65,Ford,EcoSport 1.5 Ti VCT AT Titanium BE,10,1
Mumbai,Diesel,Manual,First,24.4,4.5,Hyundai,Xcent 1.1 CRDi Base,10,0
Hyderabad,Diesel,Automatic,First,21.21,7.5,Volkswagen,Vento 1.5 TDI Comfortline AT,12,1
Kochi,Petrol,Automatic,First,13.0,7.1,Mercedes-Benz,S-Class 280 AT,22,3
Mumbai,Petrol,Manual,First,20.36,2.25,Hyundai,i10 Magna,16,0
Hyderabad,Diesel,Automatic,First,17.11,27.0,Audi,A4 35 TDI Technology Edition,11,3
Pune,Diesel,Manual,Second,21.9,4.18,Hyundai,i20 Sportz 1.4 CRDi,14,1
Chennai,Diesel,Manual,First,23.5,6.5,Hyundai,Verna 1.4 EX,13,1
Delhi,Petrol,Manual,First,17.0,3.15,Honda,City 1.5 V MT,16,1
Pune,Diesel,Manual,First,25.47,7.64,Maruti,Ertiga VDI,10,1
Hyderabad,Petrol,Manual,First,19.7,2.4,Maruti,Alto LXi BSII,15,0
Mumbai,Petrol,Automatic,First,20.51,4.25,Maruti,Wagon R AMT VXI,10,0
Kochi,Diesel,Automatic,First,19.08,9.31,Hyundai,Verna 1.6 CRDi AT SX,10,1
Bangalore,Petrol,Manual,First,19.7,2.39,Maruti,Alto LXi BSIII,15,0
Kochi,Petrol,Manual,Second,16.09,7.64,Volkswagen,Vento 1.6 Comfortline,8,1
Delhi,Petrol,Manual,First,21.4,6.21,Maruti,Baleno Zeta 1.2,10,1
Kochi,Petrol,Automatic,First,13.7,8.22,Honda,CR-V 2.0L 2WD AT,15,2
Coimbatore,Diesel,Manual,First,14.24,28.85,Toyota,Fortuner 2.8 2WD MT,9,3
Mumbai,Petrol,Automatic,First,15.6,8.5,Honda,City V AT,11,1
Bangalore,Petrol,Automatic,Second,12.0,90.0,Mercedes-Benz,SLK-Class 55 AMG,12,8
Mumbai,Petrol,Manual,First,17.4,6.51,Honda,City i-VTEC S,11,1
Mumbai,Diesel,Manual,First,22.9,4.65,Maruti,Swift VDI,13,0
Kochi,Petrol,Automatic,First,14.53,8.4,Toyota,Corolla Altis 2008-2013 1.8 VL AT,13,2
Bangalore,Diesel,Manual,First,23.59,5.75,Toyota,Etios Cross 1.4L VD,12,0
Jaipur,Petrol,Manual,First,18.9,1.11,Maruti,Wagon R LX,20,0
Mumbai,Petrol,Automatic,First,12.0,17.25,Mercedes-Benz,E-Class 2015-2017 E 200 CGI,12,3
Delhi,Diesel,Automatic,First,16.36,32.0,Jaguar,XF Aero Sport Edition,14,3
Kochi,Petrol,Manual,First,17.0,3.45,Hyundai,i20 Sportz Petrol,15,0
Pune,Diesel,Automatic,Second,12.39,23.0,Land,Rover Freelander 2 SE,12,2
Kochi,Petrol,Manual,First,18.6,7.32,Hyundai,Elite i20 Petrol Sportz,8,1
Jaipur,Petrol,Manual,First,18.0,4.4,Honda,Amaze S i-Vtech,12,1
Coimbatore,Petrol,Manual,First,22.74,4.12,Maruti,Alto 800 VXI,10,0
Chennai,Diesel,Automatic,First,11.36,19.5,Toyota,Innova Crysta 2.8 ZX AT,10,2
Hyderabad,Petrol,Automatic,First,18.9,6.2,Hyundai,Grand i10 AT Asta,10,1
Bangalore,Diesel,Automatic,First,16.55,45.0,BMW,X3 xDrive30d M Sport,10,4
Hyderabad,Petrol,Manual,Second,15.0,0.85,Maruti,1000 AC,28,1
Chennai,Petrol,Manual,Second,18.5,2.8,Hyundai,i20 Magna,16,0
Pune,Petrol,Automatic,First,18.9,4.8,Hyundai,Grand i10 AT Asta,11,1
Hyderabad,Diesel,Manual,First,25.01,5.65,Ford,Fiesta 1.5 TDCi Titanium,12,1
Ahmedabad,Diesel,Manual,Second,15.0,14.5,Mercedes-Benz,E-Class 220 CDI,15,1
Ahmedabad,Diesel,Manual,First,26.59,5.9,Maruti,Swift Dzire VDI,11,0
Pune,Diesel,Manual,Second,23.59,5.0,Toyota,Etios VXD,11,0
Ahmedabad,Petrol,Manual,First,19.1,4.9,Hyundai,Xcent 1.2 Kappa Base,11,1
Ahmedabad,Petrol,Manual,First,13.5,4.25,Honda,Civic 2006-2010 1.8 S MT,17,2
Chennai,Diesel,Manual,First,12.99,10.9,Toyota,Innova 2.5 GX (Diesel) 8 Seater,12,1
Delhi,Petrol,Manual,First,13.2,2.45,Hyundai,Accent GLE,14,1
Pune,Petrol,Manual,First,22.74,2.5,Maruti,Alto 800 LXI,13,0
Kolkata,Petrol,Automatic,First,8.1,29.5,Mercedes-Benz,SL-Class SL 500,16,7
Jaipur,Diesel,Manual,Second,22.7,5.75,Ford,Ecosport 1.5 DV5 MT Titanium Optional,13,1
Pune,Petrol,Manual,First,20.14,5.0,Hyundai,Xcent 1.2 VTVT E,8,1
Kochi,Petrol,Automatic,First,14.3,4.62,Skoda,Rapid 1.6 MPI AT Ambition Plus,12,1
Delhi,Diesel,Automatic,First,15.73,23.5,Audi,Q3 2012-2015 35 TDI Quattro Premium Plus,10,3
Kolkata,Diesel,Manual,First,16.0,7.25,Mahindra,XUV500 W8 2WD,13,2
Kochi,Petrol,Manual,First,17.0,11.88,Hyundai,Verna VTVT 1.6 SX Option,7,1
Chennai,Petrol,Manual,Third,13.9,2.25,Hyundai,Verna Xi (Petrol),17,1
Pune,Petrol,Manual,Second,14.2,0.85,Ford,Ikon 1.6 CLXI,23,1
Pune,Petrol,Manual,First,19.69,4.0,Nissan,Micra Active XV,8,0
Pune,Petrol,Automatic,First,16.5,5.1,Honda,Brio VX AT,10,1
Hyderabad,Diesel,Manual,First,12.99,12.5,Toyota,Innova 2.5 GX (Diesel) 7 Seater,12,1
Chennai,Diesel,Manual,First,20.64,2.9,Volkswagen,Vento 1.5 TDI Highline,15,1
Coimbatore,Diesel,Manual,First,16.0,15.96,Mahindra,XUV500 W10 AWD,10,2
Mumbai,Petrol,Automatic,First,16.9,5.45,Hyundai,Xcent 1.2 Kappa AT SX Option,11,1
Kochi,Diesel,Manual,First,13.5,23.86,Ford,Endeavour 2.2 Trend MT 4X4,9,2
Kochi,Petrol,Manual,First,18.0,1.75,Chevrolet,Spark 1.0 LT,18,0
Hyderabad,Diesel,Manual,First,24.52,9.75,Maruti,Ertiga SHVS VDI,9,1
Bangalore,Diesel,Manual,First,25.8,4.75,Honda,Amaze S i-Dtech,13,1
Delhi,Petrol,Manual,First,17.4,6.25,Honda,City i VTEC S,12,1
Bangalore,Diesel,Automatic,Second,23.8,22.0,Mini,Cooper Countryman D,12,1
Kochi,Petrol,Automatic,First,14.53,14.14,Toyota,Corolla Altis 2008-2013 1.8 VL AT,10,2
Kolkata,Petrol,Manual,First,17.0,0.95,Hyundai,Santro Xing XL eRLX Euro III,21,1
Delhi,Petrol,Automatic,First,13.7,11.95,Skoda,Superb Elegance 1.8 TSI AT,12,2
Delhi,Petrol,Manual,First,18.9,2.5,Maruti,Wagon R LXI BS IV,15,0
Mumbai,Petrol,Manual,First,19.81,2.75,Hyundai,i10 Era 1.1,13,0
Coimbatore,Petrol,Manual,First,23.84,5.85,Tata,Tiago 1.2 Revotron XT Option,7,1
Ahmedabad,Petrol,Manual,First,21.4,6.25,Maruti,Baleno Zeta 1.2,10,1
Mumbai,Petrol,Manual,First,15.04,4.95,Volkswagen,Vento 1.6 Highline,12,1
Pune,Petrol,Manual,First,18.9,4.75,Hyundai,Grand i10 1.2 Kappa Sportz Option,9,1
Delhi,Diesel,Manual,First,20.0,2.55,Ford,Figo Diesel EXI,13,0
Pune,Petrol,Automatic,Second,13.9,4.5,Honda,Civic 2010-2013 1.8 V AT Sunroof,15,2
Kochi,Petrol,Manual,First,22.74,3.01,Maruti,Alto 800 LXI,11,0
Hyderabad,Diesel,Automatic,First,15.68,42.0,Land,Rover Range Rover Evoque 2.0 TD4 HSE Dynamic,10,3
Kolkata,Diesel,Automatic,First,12.4,11.5,Audi,A6 2.7 TDI,16,3
Hyderabad,Diesel,Automatic,First,11.0,10.99,Mercedes-Benz,E-Class 280 CDI,20,3
Jaipur,Petrol,Automatic,First,17.0,3.71,Honda,City 1.5 V AT Exclusive,17,1
Jaipur,Petrol,Automatic,Third,10.1,2.0,Honda,CR-V 2.4 4WD AT,20,2
Kochi,Diesel,Manual,First,28.09,9.48,Maruti,Ciaz 1.3 Alpha,8,1
Jaipur,Petrol,Manual,Second,18.9,1.25,Maruti,Wagon R LXI,22,0
Jaipur,Diesel,Manual,First,19.67,10.9,Hyundai,Creta 1.6 CRDi SX Option,11,1
Kolkata,Diesel,Manual,First,28.09,5.5,Maruti,Ciaz VDi Plus SHVS,11,1
Coimbatore,Petrol,Manual,First,21.1,3.71,Hyundai,EON D Lite Plus,10,0
Mumbai,Petrol,Manual,First,16.02,6.25,Maruti,Ertiga VXI,12,1
Chennai,Diesel,Manual,First,20.54,4.9,Volkswagen,Vento Diesel Highline,14,1
Mumbai,Petrol,Manual,Second,12.8,1.1,Honda,City 1.5 GXI,21,1
Kochi,Petrol,Manual,First,16.47,4.72,Volkswagen,Polo Petrol Trendline 1.2L,10,0
Mumbai,Diesel,Automatic,First,17.9,24.85,Mercedes-Benz,GLA Class 200 CDI,10,2
Jaipur,Diesel,Manual,First,14.66,12.25,Hyundai,Santa Fe 4X2,13,3
Kolkata,Diesel,Manual,First,22.9,3.9,Maruti,Swift VDI,12,0
Kochi,Petrol,Manual,First,18.6,6.28,Hyundai,Elite i20 Sportz Plus,9,1
Mumbai,Diesel,Manual,First,14.0,2.75,Mahindra,Xylo E8 BS IV,15,1
Coimbatore,Petrol,Manual,First,18.9,7.85,Hyundai,Grand i10 Asta Option,9,1
Mumbai,Petrol,Manual,First,15.04,2.95,Volkswagen,Vento Petrol Highline,15,1
Mumbai,Petrol,Automatic,Second,11.7,4.85,Honda,Accord 2.4 A/T,18,3
Bangalore,Diesel,Automatic,Second,13.5,30.0,Mercedes-Benz,S-Class S 350 d,15,5
Bangalore,Diesel,Automatic,First,15.0,19.9,Mercedes-Benz,B Class B200 CDI,10,1
Bangalore,Diesel,Manual,First,20.5,10.8,Hyundai,Creta 1.6 SX Option Diesel,10,1
Hyderabad,Petrol,Manual,First,19.7,1.75,Maruti,Alto LXI,19,0
Mumbai,Diesel,Automatic,First,20.38,19.25,Audi,A3 35 TDI Premium,10,2
Delhi,Diesel,Manual,First,19.87,5.5,Renault,Duster 85PS Diesel RxL,13,1
Chennai,Diesel,Manual,First,17.8,2.75,Ford,Fiesta 1.4 ZXi TDCi ABS,17,0
Bangalore,Diesel,Manual,First,19.67,13.0,Hyundai,Creta 1.6 SX Plus Diesel,11,1
Mumbai,Diesel,Manual,First,20.0,3.2,Ford,Figo Diesel ZXI,15,0
Coimbatore,Petrol,Manual,First,15.26,5.84,Volkswagen,Polo Petrol Highline 1.6L,13,1
Hyderabad,Diesel,Automatic,Second,16.8,24.0,Volvo,V40 D3 R Design,11,2
Chennai,Diesel,Automatic,First,19.08,6.25,Hyundai,Verna SX CRDi AT,14,1
Hyderabad,Diesel,Automatic,First,14.49,36.0,BMW,7 Series 2007-2012 730Ld,17,4
Chennai,Diesel,Manual,Third,14.8,3.0,Mitsubishi,Lancer GLXD,23,0
Chennai,Diesel,Manual,First,11.5,11.0,Toyota,Fortuner 3.0 Diesel,16,2
Chennai,Diesel,Manual,First,26.21,6.5,Maruti,Ciaz VDi Plus,11,1
Hyderabad,Diesel,Manual,First,24.3,9.4,Maruti,Vitara Brezza VDi Option,8,1
Kochi,Diesel,Automatic,First,21.76,37.92,BMW,3 Series Luxury Line,8,3
Pune,Petrol,Automatic,First,14.4,5.25,Volkswagen,Vento Petrol Highline AT,13,1
Chennai,Petrol,Manual,First,17.0,4.5,Hyundai,i20 1.2 Asta,15,0
Chennai,Diesel,Automatic,First,11.0,18.0,BMW,X5 3.0d,17,4
Coimbatore,Petrol,Manual,First,19.1,5.56,Hyundai,Xcent 1.2 Kappa S,11,1
Bangalore,Diesel,Automatic,First,14.21,22.0,Mercedes-Benz,E-Class 2009-2013 E250 CDI Blue Efficiency,13,3
Hyderabad,Diesel,Automatic,First,12.39,22.0,Land,Rover Freelander 2 SE,15,2
Mumbai,Petrol,Manual,First,20.36,2.65,Hyundai,i10 Magna,15,0
Jaipur,Diesel,Manual,Second,22.32,5.85,Hyundai,Verna 1.6 SX CRDi (O),13,1
Chennai,Diesel,Manual,First,19.33,6.95,Volkswagen,Jetta 2012-2014 2.0L TDI Highline,14,2
Kolkata,Diesel,Manual,First,15.1,6.5,Mahindra,XUV500 W8 2WD,14,2
Jaipur,Petrol,Manual,Third,19.7,0.85,Maruti,Omni 8 Seater BSII,22,0
Delhi,Petrol,Automatic,Second,14.67,7.25,Skoda,Superb Style 1.8 TSI AT,13,3
Pune,Diesel,Manual,First,22.9,4.5,Maruti,Swift VDI,14,0
Mumbai,Diesel,Manual,First,10.5,4.25,Mahindra,Scorpio 2.6 LX,16,1
Chennai,Petrol,Automatic,First,13.7,26.0,Mercedes-Benz,GLA Class 200 Sport Edition,10,3
Coimbatore,Diesel,Manual,First,16.55,9.66,Mahindra,Thar CRDe,9,1
Bangalore,Diesel,Manual,Second,19.01,6.85,Renault,Duster 110PS Diesel RxZ,13,1
Coimbatore,Diesel,Automatic,First,12.8,23.68,Audi,Q5 2008-2012 2.0 TDI,13,2
Delhi,Diesel,Automatic,Second,12.39,15.75,Land,Rover Freelander 2 SE,13,2
Pune,Diesel,Manual,Third,20.54,3.5,Volkswagen,Vento Diesel Comfortline,14,1
Delhi,Petrol,Automatic,Second,11.62,6.99,BMW,5 Series 2003-2012 540i Sedan,20,5
Coimbatore,Diesel,Manual,First,22.7,15.57,Hyundai,Elantra CRDi SX,7,1
Coimbatore,Diesel,Manual,First,15.3,5.29,Tata,Sumo EX,11,1
Chennai,Diesel,Automatic,First,11.7,20.0,BMW,X5 xDrive 30d,17,4
Mumbai,Petrol,Automatic,First,7.94,47.5,BMW,6 Series 630i Coupe,15,8
Chennai,Petrol,Manual,Second,18.9,1.22,Maruti,Alto Vxi 1.1,24,0
Chennai,Petrol,Manual,First,16.47,3.65,Volkswagen,Polo Petrol Comfortline 1.2L,14,0
Bangalore,Petrol,Manual,First,15.29,11.5,Hyundai,Creta 1.6 VTVT S,10,1
Kochi,Petrol,Manual,First,24.07,3.46,Maruti,Alto K10 VXI,11,0
Coimbatore,Diesel,Manual,First,14.66,8.38,Hyundai,Santa Fe 4X4,13,3
Pune,Diesel,Manual,First,15.11,4.8,Volkswagen,Polo GT TDI,12,1
Pune,Diesel,Manual,Second,25.8,4.5,Honda,Amaze S i-Dtech,12,1
Chennai,Petrol,Manual,First,15.9,0.8,Maruti,Esteem Vxi,22,1
Kolkata,Diesel,Manual,First,22.9,3.95,Maruti,Swift VDI,12,0
Hyderabad,Diesel,Manual,First,20.5,3.65,Skoda,Rapid 1.6 TDI Ambition,14,1
Mumbai,Diesel,Automatic,First,11.0,10.0,Mercedes-Benz,E-Class 280 CDI,21,3
Delhi,Diesel,Manual,Second,12.05,4.0,Mahindra,Scorpio SLE BSIV,15,1
Hyderabad,Diesel,Manual,First,21.64,4.75,Nissan,Sunny 2011-2014 Diesel XL,14,1
Bangalore,Petrol,Manual,Second,17.5,3.1,Maruti,Swift Dzire VXi,17,1
Kochi,Petrol,Manual,First,21.1,3.61,Hyundai,EON Sportz,9,0
Coimbatore,Petrol,Manual,First,19.4,4.29,Honda,Brio S MT,11,1
Kolkata,Petrol,Manual,First,18.06,2.13,Nissan,Micra XV Primo,15,0
Mumbai,Petrol,Manual,First,19.7,1.1,Maruti,Alto LXi BSII,18,0
Hyderabad,Diesel,Automatic,First,22.69,13.95,BMW,3 Series 320d,15,3
Mumbai,Petrol,Manual,First,16.47,5.35,Volkswagen,Polo 1.2 MPI Highline,12,0
Hyderabad,Petrol,Manual,First,23.1,3.9,Maruti,Celerio LXI,12,0
Kolkata,Petrol,Manual,First,21.5,2.8,Maruti,Wagon R VXI 1.2,12,1
Mumbai,Diesel,Manual,First,26.21,8.75,Maruti,Ciaz ZDi Plus,10,1
Hyderabad,Diesel,Automatic,First,16.55,19.5,Audi,A4 2.0 TDI,13,2
Kolkata,Petrol,Manual,First,19.4,2.75,Honda,Brio S MT,13,1
Hyderabad,Diesel,Automatic,First,11.79,8.0,Mahindra,Scorpio VLX 2WD AT BSIV,13,1
Delhi,Diesel,Manual,First,26.0,5.7,Honda,City i DTEC V,12,1
Ahmedabad,Diesel,Automatic,First,17.05,12.5,BMW,X1 sDrive20d,14,3
Chennai,Petrol,Manual,Second,18.0,1.75,Chevrolet,Spark 1.0 LT,15,0
Chennai,Diesel,Manual,Second,20.0,1.9,Ford,Figo Diesel EXI,16,0
Ahmedabad,Petrol,Manual,First,20.4,4.5,Maruti,Swift VXI BSIV,11,1
Mumbai,Diesel,Automatic,First,19.27,30.3,Mercedes-Benz,New C-Class C 220 CDI Avantgarde,11,2
Hyderabad,Diesel,Automatic,First,19.3,16.0,Skoda,Octavia Elegance 2.0 TDI AT,12,2
Kochi,Diesel,Automatic,First,18.56,32.78,BMW,X3 xDrive20d xLine,9,3
Jaipur,Petrol,Manual,First,21.1,2.5,Hyundai,EON Era Plus,11,0
Hyderabad,Diesel,Automatic,First,18.25,43.0,Audi,A4 35 TDI Technology,9,3
Kochi,Petrol,Manual,First,18.16,5.38,Ford,Figo 2015-2019 1.2P Titanium MT,9,1
Hyderabad,Petrol,Manual,First,20.92,2.65,Maruti,Alto K10 2010-2014 VXI,13,0
Hyderabad,Petrol,Manual,First,24.7,3.3,Maruti,Alto 800 2016-2019 VXI,9,0
Hyderabad,Diesel,Automatic,First,19.27,34.0,Mercedes-Benz,New C-Class C 220 CDI Style,11,2
Chennai,Petrol,Manual,Third,20.3,0.7,Hyundai,Santro D Lite,25,0
Kochi,Diesel,Manual,First,24.4,6.83,Hyundai,Xcent 1.1 CRDi S,9,0
Kochi,Diesel,Manual,First,25.8,5.77,Honda,Amaze S i-Dtech,10,1
Chennai,Diesel,Manual,Second,17.8,3.1,Maruti,Swift Vdi BSIII,18,0
Mumbai,Petrol,Manual,First,16.2,4.95,Volkswagen,Polo 1.2 MPI Comfortline,9,0
Bangalore,Diesel,Automatic,First,17.11,16.25,Audi,A4 2.0 TDI 177 Bhp Premium Plus,13,3
Coimbatore,Diesel,Automatic,First,10.2,52.54,Land,Rover Range Rover 3.6 TDV8 Vogue SE,14,5
Chennai,Diesel,Manual,Third,16.0,6.4,Mahindra,XUV500 W8 2WD,15,2
Bangalore,Diesel,Manual,Third,13.1,6.95,Ford,Endeavour 2.5L 4X2,15,2
Kolkata,Diesel,Manual,First,17.2,0.85,Tata,Indica V2 DLX,18,0
Chennai,Petrol,Manual,First,21.4,6.95,Maruti,Baleno Alpha,10,1
Kolkata,Diesel,Manual,First,24.4,3.45,Hyundai,Xcent 1.1 CRDi Base,9,0
Delhi,Petrol,Manual,First,13.5,2.75,Honda,Civic 2006-2010 1.8 S MT,18,2
Delhi,Petrol,Manual,Second,18.6,4.95,Hyundai,i20 Sportz Option 1.2,11,1
Coimbatore,Petrol,Manual,First,17.0,9.62,Tata,Nexon 1.2 Revotron XZ Plus,8,1
Coimbatore,Petrol,Manual,First,18.6,6.79,Hyundai,i20 Sportz 1.2,10,1
Mumbai,Petrol,Manual,First,19.1,4.5,Maruti,Swift Dzire ZXI,12,1
Kochi,Petrol,Manual,First,22.5,3.01,Maruti,Wagon R LXI,12,0
Bangalore,Diesel,Manual,First,21.9,4.4,Hyundai,i20 Sportz 1.4 CRDi,14,1
Hyderabad,Diesel,Automatic,First,12.55,17.49,Toyota,Fortuner 4x2 AT,14,2
Coimbatore,Petrol,Manual,First,20.36,4.66,Hyundai,i10 Sportz,12,0
Chennai,Petrol,Manual,First,18.9,5.5,Hyundai,Grand i10 Asta,11,1
Ahmedabad,Petrol,Manual,First,18.6,6.0,Hyundai,i20 Asta 1.2,10,1
Hyderabad,Petrol,Automatic,First,17.0,2.4,Hyundai,Santro Xing XL AT eRLX Euro II,19,1
Kochi,Diesel,Manual,First,24.3,10.19,Maruti,Vitara Brezza ZDi Plus,8,1
Kochi,Diesel,Manual,First,25.8,5.25,Honda,Amaze S i-Dtech,10,1
Hyderabad,Diesel,Automatic,First,15.26,45.0,Mercedes-Benz,M-Class ML 250 CDI,12,3
Ahmedabad,Diesel,Manual,First,23.0,2.7,Hyundai,i20 Sportz Diesel,16,1
Coimbatore,Petrol,Manual,First,19.81,3.39,Hyundai,i10 Era,13,0
Hyderabad,Diesel,Manual,First,26.59,5.69,Maruti,Swift Dzire VDI,12,0
Kochi,Petrol,Automatic,First,10.37,58.54,BMW,Z4 2009-2013 Roadster 2.5i,8,5
Hyderabad,Diesel,Manual,First,27.39,8.4,Maruti,Baleno Alpha Diesel,9,0
Hyderabad,Diesel,Manual,First,25.44,2.5,Chevrolet,Beat Diesel,14,0
Pune,Petrol,Manual,First,19.4,3.25,Honda,Brio V MT,14,1
Mumbai,Diesel,Manual,Second,20.0,3.25,Ford,Figo Diesel Titanium,12,0
Pune,Petrol,Automatic,First,23.1,4.25,Maruti,Celerio VXI AT,10,0
Jaipur,Diesel,Automatic,First,14.84,18.5,Mercedes-Benz,New C-Class C 220 CDI Elegance AT,12,2
Hyderabad,Petrol,Automatic,First,17.0,2.4,Hyundai,Santro Xing XL AT eRLX Euro III,19,1
Jaipur,Petrol,Manual,First,19.4,4.25,Honda,Brio S MT,11,1
Mumbai,Petrol,Automatic,First,21.4,8.85,Maruti,Baleno Alpha CVT,8,1
Coimbatore,Petrol,Manual,First,21.1,4.14,Hyundai,EON Sportz,12,0
Hyderabad,Diesel,Manual,First,23.0,7.0,Hyundai,i20 1.4 CRDi Sportz,11,1
Hyderabad,Diesel,Automatic,First,10.91,33.0,Ford,Endeavour 3.2 Titanium AT 4X4,8,3
Ahmedabad,Petrol,Manual,First,17.4,10.0,Honda,City i-VTEC VX,9,1
Kochi,Diesel,Manual,Second,21.5,3.53,Maruti,SX4 ZDI,14,1
Jaipur,Petrol,Manual,First,12.9,1.35,Chevrolet,Optra Magnum 1.6 LS Petrol,19,1
Delhi,Diesel,Manual,First,20.54,4.5,Volkswagen,Vento Diesel Highline,13,1
Pune,Petrol,Manual,First,16.8,4.9,Honda,City V MT,14,1
Kochi,Diesel,Manual,First,19.67,12.26,Hyundai,Creta 1.6 CRDi SX Option,10,1
Mumbai,Diesel,Manual,Second,24.4,3.99,Hyundai,Xcent 1.1 CRDi SX,12,0
Mumbai,Diesel,Automatic,First,17.9,46.95,Mercedes-Benz,GLC 220d 4MATIC Style,9,2
Hyderabad,Diesel,Manual,First,20.0,3.8,Ford,Figo Diesel EXI,11,0
Ahmedabad,Diesel,Manual,Second,15.0,6.75,Volkswagen,Jetta 2007-2011 2.0 TDI Trendline,13,1
Coimbatore,Diesel,Manual,First,18.49,8.75,Mahindra,TUV 300 2015-2019 T8,9,1
Chennai,Petrol,Manual,Second,15.8,5.2,Ford,Ecosport 1.5 Ti VCT MT Titanium,13,1
Kochi,Petrol,Manual,First,17.1,8.42,Hyundai,Verna 1.6 SX VTVT (O),9,1
Mumbai,Petrol,Manual,First,18.6,5.75,Hyundai,i20 Sportz 1.2,10,1
Kolkata,Diesel,Automatic,First,15.2,9.75,Audi,A4 New 2.0 TDI Multitronic,18,2
Delhi,Petrol,Manual,First,19.49,3.5,Nissan,Micra Active XV S,11,0
Jaipur,Diesel,Automatic,First,15.26,30.0,Mercedes-Benz,M-Class ML 250 CDI,12,3
Delhi,Diesel,Automatic,First,12.83,35.0,Land,Rover Discovery Sport TD4 S,9,2
Coimbatore,Petrol,Manual,First,15.8,13.25,Hyundai,Creta 1.6 SX Option Executive,8,1
Mumbai,Diesel,Manual,First,20.5,3.65,Skoda,Rapid 1.6 TDI Active,13,1
Jaipur,Diesel,Manual,First,23.4,5.25,Maruti,Swift Dzire VDI,11,0
Delhi,Petrol,Manual,First,15.8,9.7,Hyundai,Creta 1.6 SX,10,1
Coimbatore,Diesel,Manual,First,24.0,5.21,Hyundai,Grand i10 CRDi Sportz,9,0
Pune,Diesel,Manual,First,18.49,6.3,Mahindra,TUV 300 T8,10,1
Kochi,Diesel,Manual,First,24.0,4.72,Hyundai,Grand i10 CRDi Sportz,12,0
Chennai,Diesel,Automatic,Second,11.7,28.0,BMW,X5 xDrive 30d,15,4
Coimbatore,Diesel,Automatic,First,28.4,8.37,Maruti,Dzire AMT VDI,8,0
Delhi,Diesel,Manual,First,12.55,14.0,Toyota,Fortuner 4x4 MT,14,2
Hyderabad,Diesel,Automatic,First,17.68,36.0,Audi,A6 2011-2015 35 TDI Technology,11,3
Pune,Diesel,Manual,First,27.3,6.4,Honda,Jazz 1.5 V i DTEC,11,1
Coimbatore,Diesel,Automatic,First,11.33,51.69,Audi,Q7 4.2 TDI Quattro Technology,11,6
Jaipur,Diesel,Manual,First,12.05,8.0,Mahindra,Scorpio 2009-2014 VLX 2WD 7S BSIV,12,1
Hyderabad,Diesel,Manual,First,18.3,9.8,Chevrolet,Cruze LTZ,14,2
Hyderabad,Diesel,Manual,First,25.44,2.7,Chevrolet,Beat Diesel LT,14,0
Coimbatore,Diesel,Automatic,First,18.25,24.37,Audi,A4 35 TDI Premium Plus,12,3
Kochi,Petrol,Automatic,First,14.3,9.72,Skoda,Rapid 1.6 MPI AT Style,8,1
Pune,Diesel,Manual,First,23.4,5.0,Maruti,Swift Dzire VDI,12,0
Pune,Diesel,Manual,Second,11.5,10.5,Toyota,Fortuner 3.0 Diesel,17,2
Jaipur,Diesel,Manual,Second,22.9,3.9,Maruti,Swift VDI,14,0
Coimbatore,Petrol,Manual,First,17.0,5.65,Honda,City 1.5 V MT Exclusive,14,1
Mumbai,Diesel,Automatic,First,15.26,29.95,Mercedes-Benz,M-Class ML 250 CDI,14,3
Bangalore,Diesel,Manual,Second,17.8,3.0,Maruti,Swift Ldi BSIII,18,0
Kolkata,Diesel,Manual,First,26.1,6.0,Ford,Aspire Titanium Diesel,9,1
Mumbai,Petrol,Manual,First,20.36,2.11,Hyundai,i10 Sportz,17,0
Jaipur,Petrol,Manual,First,19.7,1.5,Maruti,Alto LXi,15,0
Coimbatore,Diesel,Manual,First,23.59,4.67,Toyota,Etios Liva GD,13,1
Bangalore,Petrol,Manual,Second,20.4,2.85,Maruti,Swift VXI BSIV,20,1
Coimbatore,Diesel,Automatic,First,19.27,33.64,Mercedes-Benz,New C-Class C 220 CDI Avantgarde,9,2
Hyderabad,Diesel,Manual,Second,17.88,0.91,Tata,Indica V2 DLE BSIII,15,0
Jaipur,Petrol,Manual,Second,22.74,2.42,Maruti,Alto 800 VXI,12,0
Kolkata,Petrol,Automatic,First,9.3,3.25,Skoda,Superb 2.8 V6 AT,21,3
Kolkata,Petrol,Manual,First,16.47,2.8,Volkswagen,Polo Petrol Comfortline 1.2L,13,0
Coimbatore,Petrol,Automatic,First,22.0,8.3,Maruti,Dzire AMT ZXI Plus,7,1
Bangalore,Diesel,Manual,Third,12.05,5.25,Mahindra,Scorpio VLX,16,1
Jaipur,Diesel,Manual,First,17.8,2.9,Maruti,Swift Vdi BSIII,16,0
Pune,Diesel,Automatic,First,18.88,15.0,BMW,3 Series 320d Prestige,13,3
Jaipur,Petrol,Manual,Second,25.4,0.53,Tata,Nano STD SE,14,0
Mumbai,Diesel,Manual,First,12.99,12.5,Toyota,Innova 2.5 VX (Diesel) 8 Seater,12,1
Mumbai,Petrol,Manual,First,18.4,2.75,Honda,Brio S Option MT,14,1
Pune,Petrol,Automatic,First,23.84,5.0,Tata,Tiago AMT 1.2 Revotron XZA,8,1
Kochi,Diesel,Manual,First,12.05,7.09,Mahindra,Scorpio SLE BSIV,12,1
Hyderabad,Diesel,Automatic,First,16.73,19.99,BMW,5 Series 2003-2012 525d,15,3
Mumbai,Diesel,Manual,First,21.43,10.75,Toyota,Corolla Altis D-4D GL,12,1
Mumbai,Petrol,Automatic,First,18.0,9.45,Honda,City i VTEC CVT VX,10,1
Hyderabad,Diesel,Manual,First,22.0,2.9,Hyundai,Verna CRDi 1.6 SX Option,18,1
Kolkata,Diesel,Manual,First,26.59,4.7,Maruti,Swift Dzire VDI Optional,11,0
Coimbatore,Petrol,Manual,First,20.73,7.11,Maruti,Ciaz ZXi,10,1
Jaipur,Diesel,Manual,First,22.7,6.25,Ford,Ecosport 1.5 DV5 MT Titanium,12,1
Hyderabad,Petrol,Manual,First,20.92,2.2,Maruti,Alto K10 2010-2014 VXI,15,0
Kochi,Petrol,Automatic,First,19.0,8.86,Honda,Amaze V CVT Petrol,7,1
Delhi,Diesel,Manual,First,15.1,9.3,Mahindra,XUV500 W6 2WD,11,2
Coimbatore,Diesel,Manual,First,18.49,7.57,Mahindra,TUV 300 2015-2019 T8,9,1
Chennai,Petrol,Manual,First,18.2,7.9,Honda,Jazz VX,9,1
Kochi,Petrol,Manual,First,16.1,5.65,Maruti,Swift VXI BSIII W/ ABS,8,1
Delhi,Petrol,Manual,First,16.47,3.25,Volkswagen,Polo Petrol Highline 1.2L,13,0
Coimbatore,Diesel,Manual,First,20.5,16.27,Hyundai,Creta 1.6 SX Option Diesel,7,1
Coimbatore,Petrol,Manual,First,18.6,3.21,Chevrolet,Beat LS,15,0
Kolkata,Diesel,Manual,First,25.8,3.9,Honda,Amaze VX i-DTEC,13,1
Mumbai,Petrol,Automatic,Second,10.0,6.5,Mercedes-Benz,E-Class 230 E AT,18,2
Hyderabad,Diesel,Automatic,First,18.59,48.0,BMW,5 Series 530d M Sport,10,4
Mumbai,Diesel,Automatic,First,20.38,18.9,Audi,A3 35 TDI Premium Plus,10,2
Pune,Diesel,Manual,First,26.59,3.6,Maruti,Swift Dzire VDI,11,0
Kolkata,Diesel,Manual,First,26.59,5.5,Maruti,Swift Dzire VDI,11,0
Pune,Diesel,Manual,Second,12.8,7.0,Toyota,Innova 2.5 V Diesel 7-seater,15,1
Bangalore,Diesel,Automatic,First,16.09,41.75,BMW,X3 xDrive20d,10,3
Hyderabad,Diesel,Automatic,First,16.73,10.5,BMW,5 Series 2003-2012 525d,19,3
Coimbatore,Diesel,Manual,First,15.1,10.09,Mahindra,XUV500 W8 2WD,12,2
Delhi,Petrol,Manual,First,17.0,3.0,Honda,City 1.5 S MT,17,1
Jaipur,Diesel,Manual,First,20.14,4.91,Volkswagen,Polo 1.5 TDI Comfortline,11,1
Kolkata,Petrol,Manual,First,16.0,2.0,Honda,Jazz S,16,1
Hyderabad,Diesel,Manual,First,23.59,5.3,Toyota,Etios Liva GD SP,11,0
Mumbai,Diesel,Manual,First,19.01,7.22,Nissan,Terrano XV Premium 110 PS,12,1
Kochi,Diesel,Automatic,First,18.56,32.57,BMW,X3 xDrive 20d xLine,9,3
Mumbai,Petrol,Manual,First,18.5,2.75,Hyundai,i20 1.2 Magna,16,0
Hyderabad,Diesel,Manual,First,17.8,3.75,Ford,Fiesta EXi 1.4 TDCi Ltd,15,0
Kochi,Petrol,Automatic,First,16.8,5.91,Honda,City 1.5 V AT,12,1
Chennai,Diesel,Manual,First,25.2,4.35,Maruti,Swift VDI BSIV,13,0
Delhi,Diesel,Manual,First,24.0,3.25,Hyundai,Grand i10 CRDi SportZ Edition,12,0
Pune,Diesel,Automatic,First,14.75,68.0,Audi,Q7 45 TDI Quattro Technology,9,4
Mumbai,Petrol,Manual,First,17.0,5.5,Volkswagen,Ameo 1.2 MPI Highline 16 Alloy,10,0
Kochi,Petrol,Automatic,First,18.0,12.08,Honda,City i VTEC CVT VX,8,1
Kochi,Diesel,Manual,First,27.39,7.48,Maruti,Baleno Alpha 1.3,8,0
Jaipur,Diesel,Manual,First,24.0,5.5,Hyundai,Grand i10 CRDi Sportz,10,0
Jaipur,Diesel,Manual,First,19.3,3.5,Maruti,Swift Dzire VDi,15,0
Hyderabad,Diesel,Manual,First,11.5,19.0,Toyota,Fortuner 3.0 Diesel,13,2
Hyderabad,Diesel,Manual,First,27.3,8.4,Honda,Jazz VX Diesel,9,1
Pune,Diesel,Manual,First,24.3,7.25,Maruti,Vitara Brezza LDi Option,10,1
Kolkata,Diesel,Manual,First,23.4,4.25,Maruti,Swift Dzire VDI,12,0
Delhi,Diesel,Automatic,Second,21.66,5.7,Skoda,Rapid 1.5 TDI AT Elegance,11,1
Hyderabad,Petrol,Manual,First,22.74,2.49,Maruti,Alto 800 LXI,13,0
Pune,Petrol,Manual,Second,16.47,3.0,Volkswagen,Polo Petrol Highline 1.2L,15,0
Delhi,Diesel,Manual,First,26.0,5.95,Honda,City i DTEC SV,11,1
Delhi,Diesel,Manual,First,23.4,2.69,Maruti,Swift Dzire LDI,13,0
Bangalore,Diesel,Automatic,First,17.11,26.0,Audi,A4 2.0 TDI 177 Bhp Technology Edition,12,3
Kolkata,Petrol,Manual,First,17.8,5.5,Honda,City i VTEC VX,11,1
Chennai,Petrol,Manual,First,18.16,4.85,Ford,Figo Aspire 1.2 Ti-VCT Ambiente,10,1
Kochi,Diesel,Manual,First,24.3,8.39,Maruti,Vitara Brezza LDi,8,1
Hyderabad,Diesel,Manual,First,19.01,7.99,Renault,Duster 110PS Diesel RxL,11,1
Hyderabad,Diesel,Manual,First,21.19,6.95,Hyundai,i20 Active 1.4 SX,10,1
Mumbai,Petrol,Manual,First,15.7,1.5,Mahindra,Logan Petrol 1.4 GLE,16,0
Mumbai,Petrol,Manual,First,17.7,1.55,Honda,City ZX GXi,20,0
Bangalore,Petrol,Manual,Second,15.6,2.75,Ford,Figo Petrol EXI,16,0
Mumbai,Petrol,Manual,First,13.06,4.25,Renault,Duster Petrol RxL,12,1
Kolkata,Petrol,Manual,First,20.36,2.85,Hyundai,i10 Sportz 1.2,11,0
Coimbatore,Diesel,Automatic,First,12.81,56.14,Land,Rover Discovery Sport TD4 HSE 7S,7,2
Ahmedabad,Petrol,Automatic,Second,9.74,10.0,Audi,Q5 2008-2012 2.0 TFSI Quattro,17,3
Mumbai,Petrol,Manual,Second,11.3,1.25,Maruti,Versa DX2 BS II,23,1
Kolkata,Diesel,Manual,First,26.59,7.5,Maruti,Swift Dzire ZDI,9,0
Coimbatore,Diesel,Automatic,First,17.11,25.81,Audi,A4 2.0 TDI Premium Sport Limited Edition,11,3
Ahmedabad,Petrol,Manual,First,16.47,4.3,Volkswagen,Polo 1.2 MPI Comfortline,12,0
Chennai,Diesel,Manual,Second,11.5,11.0,Toyota,Fortuner 3.0 Diesel,16,2
Jaipur,Diesel,Manual,Second,11.5,11.75,Toyota,Fortuner 3.0 Diesel,16,2
Coimbatore,Petrol,Manual,First,12.8,6.58,Honda,Accord 2.4 MT,14,3
Chennai,Diesel,Manual,First,22.9,4.8,Maruti,Swift ZDi,14,0
Pune,Petrol,Manual,Second,17.5,1.65,Skoda,Fabia 1.2 MPI Classic,18,0
Kolkata,Diesel,Manual,First,17.1,15.0,Jeep,Compass 2.0 Sport,9,2
Ahmedabad,Petrol,Manual,Second,25.4,1.0,Tata,Nano Twist XT,12,0
Hyderabad,Petrol,Manual,First,15.3,1.65,Ford,Fiesta 1.6 ZXi ABS,19,1
Ahmedabad,Diesel,Manual,First,27.62,3.6,Maruti,Celerio ZDi,11,0
Delhi,Diesel,Manual,First,11.5,11.5,Toyota,Fortuner 3.0 Diesel,15,2
Ahmedabad,Diesel,Manual,First,27.62,3.6,Maruti,Celerio ZDi,11,0
Pune,Petrol,Manual,First,21.1,3.05,Hyundai,EON Era Plus,11,0
Bangalore,Diesel,Manual,Second,23.5,6.0,Ford,Fiesta Diesel Trend,15,1
Ahmedabad,Petrol,Manual,First,16.47,3.75,Volkswagen,Polo 1.2 MPI Comfortline,13,0
Coimbatore,Petrol,Manual,First,16.2,6.17,Volkswagen,Polo 1.2 MPI Comfortline,10,0
Coimbatore,Diesel,Manual,First,24.3,9.05,Maruti,Vitara Brezza ZDi,9,1
Coimbatore,Petrol,Manual,First,19.4,4.05,Honda,Brio S MT,13,1
Pune,Petrol,Manual,First,17.5,4.25,Maruti,Swift Dzire VXi,13,1
Kolkata,Petrol,Manual,First,23.1,3.75,Maruti,Celerio LXI MT,8,0
Mumbai,Petrol,Automatic,First,13.0,11.85,Hyundai,Creta 1.6 SX Plus Petrol Automatic,10,1
Kochi,Diesel,Manual,First,22.7,8.24,Ford,Ecosport 1.5 DV5 MT Titanium,10,1
Hyderabad,Diesel,Manual,First,17.8,5.99,Maruti,Swift VDI BSIV W ABS,10,1
Jaipur,Petrol,Manual,Second,13.1,6.5,Honda,CR-V RVi MT,18,2
Coimbatore,Diesel,Automatic,First,12.51,58.91,Land,Rover Discovery Sport SD4 HSE Luxury 7S,7,3
Delhi,Diesel,Manual,First,15.1,8.0,Mahindra,XUV500 W8 2WD,12,2
Kochi,Petrol,Manual,First,16.47,4.64,Volkswagen,Polo 1.2 MPI Highline,11,0
Kochi,Petrol,Automatic,First,19.2,3.32,Hyundai,i10 Magna AT,16,0
Chennai,Petrol,Manual,Second,20.36,2.78,Hyundai,i10 Magna 1.2,14,0
Kochi,Diesel,Automatic,First,14.81,8.95,Chevrolet,Cruze LTZ AT,10,2
Mumbai,Petrol,Automatic,First,12.0,21.95,Mercedes-Benz,E-Class E 200 CGI,13,3
Ahmedabad,Petrol,Manual,First,11.7,7.9,Hyundai,Sonata 2.4 GDI,13,2
Kolkata,Petrol,Automatic,First,11.74,29.0,Mercedes-Benz,New C-Class C 200 Kompressor Elegance AT,19,3
Kolkata,Diesel,Manual,First,22.07,3.25,Volkswagen,Polo Diesel Trendline 1.2L,13,0
Mumbai,Petrol,Manual,First,17.4,5.9,Honda,City i VTEC SV,12,1
Coimbatore,Diesel,Manual,First,24.3,9.88,Maruti,Vitara Brezza ZDi,9,1
Coimbatore,Petrol,Manual,First,18.6,8.78,Hyundai,Elite i20 Asta Option,7,1
Kolkata,Diesel,Manual,Second,13.93,2.75,Tata,New Safari Dicor EX 4X2,15,2
Kochi,Diesel,Manual,First,21.64,5.98,Nissan,Sunny 2011-2014 Diesel XL,12,1
Delhi,Petrol,Automatic,First,10.9,31.0,BMW,3 Series 330 Ci Convertible,15,3
Delhi,Petrol,Manual,Second,14.53,3.55,Toyota,Corolla 1.8 J,15,2
Kochi,Diesel,Manual,First,22.32,6.24,Hyundai,Verna 1.6 SX,11,1
Kolkata,Diesel,Manual,First,19.3,2.19,Maruti,Swift Dzire VDi,17,0
Hyderabad,Diesel,Manual,First,28.4,5.5,Maruti,Dzire VDI,13,0
Pune,Petrol,Manual,First,24.07,2.1,Maruti,Alto K10 VXI,12,0
Coimbatore,Petrol,Automatic,First,10.5,50.66,Jaguar,XJ 5.0 L V8 Supercharged,15,9
Kolkata,Diesel,Automatic,First,14.84,14.0,Mercedes-Benz,New C-Class 220 CDI AT,14,2
Mumbai,Diesel,Manual,First,22.0,5.5,Hyundai,Verna CRDi 1.6 SX Option,13,1
Pune,Petrol,Manual,Third,14.2,1.2,Chevrolet,Aveo 1.6 LT,19,1
Hyderabad,Petrol,Manual,First,20.4,5.3,Maruti,Swift VXI BSIV,12,1
Chennai,Diesel,Manual,First,23.9,6.3,Hyundai,Verna 1.6 CRDi S,11,1
Kochi,Diesel,Automatic,First,17.9,40.47,Mercedes-Benz,GLC 220d Celebration Edition,9,2
Delhi,Diesel,Manual,First,13.0,16.1,Toyota,Fortuner 4x2 Manual,13,2
Delhi,Diesel,Automatic,First,12.8,25.0,Audi,Q5 2008-2012 2.0 TDI,12,2
Mumbai,Diesel,Automatic,Second,13.2,7.95,BMW,3 Series 320d Dynamic,18,2
Delhi,Petrol,Manual,First,24.7,2.65,Maruti,Alto 800 2016-2019 LXI,10,0
Coimbatore,Petrol,Manual,First,20.92,2.81,Maruti,Alto K10 2010-2014 VXI,14,0
Hyderabad,Petrol,Automatic,First,15.64,17.5,Audi,A4 1.8 TFSI Technology Edition,14,2
Mumbai,Petrol,Manual,First,16.1,3.3,Maruti,Swift VXi BSIV,14,1
Kochi,Petrol,Manual,First,22.5,5.34,Maruti,Wagon R VXI,7,0
Hyderabad,Diesel,Manual,First,21.14,8.5,Skoda,Rapid 1.5 TDI Ambition,10,1
Kochi,Petrol,Manual,Second,16.0,2.69,Honda,Jazz S,16,1
Ahmedabad,Diesel,Manual,First,16.0,11.5,Mahindra,XUV500 W10 2WD,11,2
Coimbatore,Petrol,Manual,First,18.5,4.06,Maruti,Ritz VXi,15,1
Hyderabad,Diesel,Automatic,First,17.9,49.0,Mercedes-Benz,GLE 250d,10,3
Bangalore,Diesel,Manual,First,20.5,4.6,Skoda,Rapid 1.6 TDI Ambition,14,1
Delhi,Diesel,Manual,First,24.0,3.96,Hyundai,Grand i10 CRDi Magna,11,0
Mumbai,Petrol,Manual,First,18.6,5.6,Hyundai,Elite i20 Petrol Asta,11,1
Kolkata,Diesel,Manual,First,22.95,3.75,Tata,Zest Quadrajet 1.3 75PS XE,9,0
Jaipur,Diesel,Manual,First,22.54,5.5,Hyundai,i20 Magna 1.4 CRDi,11,1
Delhi,Diesel,Manual,Second,20.5,3.0,Skoda,Rapid 1.6 TDI Elegance,14,1
Mumbai,Petrol,Manual,First,16.0,3.0,Fiat,Linea Emotion,15,1
Pune,Petrol,Manual,First,16.1,2.95,Maruti,Swift VXI BSIII W/ ABS,16,1
Hyderabad,Diesel,Manual,First,25.0,2.45,Tata,Indica V2 2001-2011 eLS,11,0
Pune,Diesel,Automatic,First,14.84,13.99,Mercedes-Benz,New C-Class C 220 CDI Elegance AT,14,2
Bangalore,Diesel,Automatic,First,11.57,60.75,Mercedes-Benz,GLE 350d,10,4
Chennai,Petrol,Manual,Second,16.8,4.5,Honda,City V MT AVN,14,1
Mumbai,Petrol,Manual,Second,18.5,2.5,Hyundai,i20 Magna,16,0
Chennai,Diesel,Manual,First,13.0,20.5,Toyota,Fortuner 4x2 Manual,11,2
Delhi,Petrol,Manual,First,18.9,3.9,Hyundai,Grand i10 Magna,12,1
Chennai,Diesel,Manual,Second,15.0,3.5,Volkswagen,Jetta 2007-2011 2.0 TDI Comfortline,17,1
Hyderabad,Petrol,Automatic,First,15.63,8.3,Ford,EcoSport 1.5 Ti VCT AT Titanium,10,1
Chennai,Petrol,Manual,First,21.1,2.5,Hyundai,EON Magna Plus,14,0
Kolkata,Petrol,Automatic,First,19.15,2.65,Nissan,Micra XV CVT,15,0
Kochi,Petrol,Automatic,First,19.0,7.42,Honda,Jazz 1.2 V CVT i VTEC,10,1
Kochi,Petrol,Manual,First,16.47,4.63,Volkswagen,Polo 1.2 MPI Trendline,10,0
Kolkata,Petrol,Manual,First,19.7,1.09,Maruti,Alto LXi,18,0
Delhi,Diesel,Manual,First,22.32,3.8,Hyundai,Verna 1.6 SX,15,1
Mumbai,Diesel,Automatic,First,10.0,15.75,Mercedes-Benz,E-Class 2009-2013 E 220 CDI Avantgarde,13,2
Coimbatore,Petrol,Manual,First,17.57,5.27,Tata,Zest Revotron 1.2 XT,11,1
Mumbai,Petrol,Manual,Second,18.4,2.75,Honda,Brio S Option MT,14,1
Chennai,Diesel,Manual,First,27.3,7.4,Honda,Jazz VX Diesel,10,1
Jaipur,Petrol,Automatic,First,24.07,3.9,Maruti,Alto K10 VXI AGS,9,0
Jaipur,Petrol,Manual,Second,17.3,0.7,Maruti,Zen VXi - BS III,26,0
Pune,Diesel,Manual,First,22.54,5.9,Hyundai,i20 Sportz 1.4 CRDi,11,1
Coimbatore,Diesel,Manual,First,22.7,9.58,Maruti,SX4 S Cross DDiS 320 Zeta,10,1
Delhi,Diesel,Automatic,First,14.21,24.95,Mercedes-Benz,E-Class 2009-2013 E250 CDI Elegance,12,3
Kochi,Petrol,Manual,First,13.7,4.29,Chevrolet,Enjoy Petrol LS 7 Seater,11,1
Delhi,Diesel,Automatic,Second,14.21,11.5,Mercedes-Benz,E-Class 2009-2013 E250 CDI Blue Efficiency,15,3
Mumbai,Diesel,Manual,First,16.0,9.65,Mahindra,XUV500 W4,10,2
Mumbai,Petrol,Manual,First,20.36,3.75,Hyundai,i10 Sportz,11,0
Pune,Petrol,Manual,Second,14.2,1.1,Hyundai,Getz 1.3 GLS,19,1
Coimbatore,Diesel,Automatic,First,12.07,31.41,Audi,Q7 3.0 TDI quattro,12,4
Pune,Diesel,Manual,Third,12.05,6.0,Mahindra,Scorpio SLE BSIV,14,1
Pune,Petrol,Manual,First,18.7,5.55,Honda,Jazz 1.2 SV i VTEC,10,1
Jaipur,Diesel,Manual,First,14.0,10.91,Tata,Safari Storme 2012-2015 EX,9,2
Kolkata,Diesel,Manual,First,15.1,7.25,Mahindra,XUV500 W6 2WD,12,2
Hyderabad,Diesel,Manual,First,22.07,3.9,Volkswagen,Polo Diesel Comfortline 1.2L,14,0
Delhi,Diesel,Manual,First,19.3,3.95,Maruti,Swift Dzire ZDi,14,0
Mumbai,Diesel,Automatic,First,15.73,22.0,Audi,Q3 2.0 TDI,13,3
Delhi,Petrol,Manual,First,23.1,3.38,Maruti,Celerio ZXI,12,0
Mumbai,Petrol,Manual,First,16.8,3.45,Honda,City V MT Exclusive,15,1
Delhi,Petrol,Manual,First,18.6,5.75,Hyundai,i20 1.2 Spotz,10,1
Jaipur,Petrol,Manual,First,25.17,2.75,Renault,KWID RXT,10,0
Kochi,Diesel,Automatic,First,17.9,30.3,Mercedes-Benz,CLA 200 CDI Sport,7,2
Hyderabad,Diesel,Manual,First,22.7,7.5,Ford,Ecosport 1.5 DV5 MT Titanium,12,1
Coimbatore,Petrol,Manual,First,18.6,6.87,Hyundai,i20 Asta 1.2,11,1
Bangalore,Diesel,Manual,First,12.99,15.2,Toyota,Innova 2.5 ZX Diesel 7 Seater,11,1
Chennai,Diesel,Manual,First,21.64,3.5,Nissan,Sunny 2011-2014 Diesel XL,14,1
Hyderabad,Diesel,Manual,First,25.2,5.85,Maruti,Swift VDI BSIV,12,0
Hyderabad,Petrol,Manual,First,19.0,2.5,Maruti,A-Star Vxi,16,0
Pune,Petrol,Manual,First,18.6,3.95,Maruti,Swift ZXI,13,1
Jaipur,Diesel,Automatic,First,17.9,27.0,Mercedes-Benz,CLA 200 CDI Sport,9,2
Bangalore,Petrol,Manual,Second,16.02,6.75,Maruti,Ertiga ZXI,12,1
Jaipur,Petrol,Manual,Second,18.9,1.5,Maruti,Wagon R LXI,19,0
Hyderabad,Diesel,Manual,First,22.07,3.9,Volkswagen,Polo Diesel Trendline 1.2L,14,0
Hyderabad,Diesel,Manual,First,22.7,6.55,Ford,Ecosport 1.5 DV5 MT Titanium Optional,12,1
Kochi,Diesel,Manual,First,25.1,9.44,Honda,City i DTEC VX,9,1
Coimbatore,Petrol,Manual,First,14.28,10.77,Toyota,Corolla Altis 1.8 GL,11,2
Ahmedabad,Diesel,Manual,First,15.1,7.5,Mahindra,XUV500 W8 2WD,12,2
Kolkata,Petrol,Manual,First,24.7,3.0,Maruti,Alto 800 2016-2019 VXI,10,0
Chennai,Diesel,Automatic,First,18.59,11.75,BMW,5 Series 530d M Sport,16,4
Kochi,Petrol,Manual,First,21.1,3.29,Hyundai,EON D Lite Plus,10,0
Chennai,Diesel,Manual,First,26.59,6.5,Maruti,Swift Dzire VDI,10,0
Hyderabad,Diesel,Automatic,First,16.55,18.0,Audi,A4 2.0 TDI,15,2
Bangalore,Petrol,Automatic,Second,13.7,4.95,Skoda,Superb Elegance 1.8 TSI AT,17,2
Kochi,Petrol,Manual,First,17.57,4.52,Tata,Zest Revotron 1.2T XM,11,1
Coimbatore,Petrol,Manual,First,17.4,6.26,Honda,City i-VTEC VX,13,1
Chennai,Petrol,Manual,First,16.95,7.5,Nissan,Sunny 2011-2014 XV,10,1
Mumbai,Petrol,Automatic,First,14.4,3.35,Volkswagen,Vento Petrol Highline AT,15,1
Mumbai,Petrol,Automatic,First,15.74,5.5,Hyundai,Verna 1.6 SX VTVT AT,12,1
Bangalore,Diesel,Automatic,First,22.0,5.25,Hyundai,Verna CRDi 1.6 AT SX Plus,14,1
Bangalore,Diesel,Automatic,First,16.55,16.25,Audi,A4 2.0 TDI Multitronic,14,2
Delhi,Petrol,Manual,First,15.5,2.7,Maruti,SX4 Vxi BSIV,17,1
Chennai,Diesel,Automatic,First,12.62,32.9,Ford,Endeavour 2.2 Titanium AT 4X2,7,2
Coimbatore,Petrol,Manual,First,20.4,3.41,Maruti,Swift LXI BSIV,18,1
Hyderabad,Diesel,Manual,First,24.0,4.15,Hyundai,Grand i10 CRDi Magna,12,0
Hyderabad,Diesel,Manual,Second,20.14,5.9,Volkswagen,Polo 1.5 TDI Highline,12,1
Pune,Petrol,Automatic,First,10.0,11.5,Mercedes-Benz,E-Class 230,14,2
Kolkata,Petrol,Manual,First,18.6,4.75,Hyundai,i20 Asta 1.2,11,1
Chennai,Petrol,Automatic,First,24.07,3.5,Maruti,Alto K10 VXI AGS,11,0
Pune,Diesel,Manual,First,20.77,7.25,Maruti,Ertiga VDI,12,1
Mumbai,Petrol,Automatic,First,23.1,4.35,Maruti,Celerio VXI AT,10,0
Coimbatore,Petrol,Automatic,Second,22.5,4.99,Renault,KWID Climber 1.0 AMT,8,0
Bangalore,Diesel,Manual,First,12.05,7.65,Mahindra,Scorpio SLE BSIV,13,1
Chennai,Diesel,Manual,First,12.8,9.0,Toyota,Innova 2.5 GX (Diesel) 7 Seater BS IV,15,1
Chennai,Diesel,Manual,First,22.07,6.9,Volkswagen,Polo Diesel Highline 1.2L,9,0
Chennai,Diesel,Manual,First,20.0,2.9,Ford,Figo Diesel ZXI,15,0
Kolkata,Diesel,Manual,First,20.45,5.75,Nissan,Terrano XL Plus 85 PS,12,1
Kochi,Petrol,Automatic,First,22.5,4.41,Renault,KWID 1.0 RXT Optional AMT,9,0
Mumbai,Diesel,Manual,First,21.14,4.95,Skoda,Rapid 1.5 TDI Elegance,13,1
Hyderabad,Diesel,Automatic,First,16.0,14.4,Mahindra,XUV500 AT W10 FWD,10,2
Chennai,Diesel,Manual,First,20.0,2.95,Ford,Figo Diesel Titanium,14,0
Coimbatore,Diesel,Manual,First,15.96,8.14,Mahindra,Bolero ZLX,9,0
Hyderabad,Diesel,Manual,First,20.64,8.45,Volkswagen,Vento 1.5 TDI Highline,10,1
Pune,Diesel,Manual,First,12.99,12.5,Toyota,Innova 2.5 VX (Diesel) 8 Seater BS IV,11,1
Mumbai,Diesel,Manual,First,15.1,6.5,Mahindra,XUV500 W8 2WD,14,2
Coimbatore,Petrol,Manual,Second,15.8,7.72,Ford,Ecosport 1.5 Ti VCT MT Titanium,11,1
Chennai,Diesel,Automatic,First,16.96,8.0,Volkswagen,Jetta 2012-2014 2.0L TDI Highline AT,15,2
Chennai,Diesel,Manual,Second,13.93,3.0,Tata,New Safari DICOR 2.2 VX 4x4,17,2
Mumbai,Diesel,Automatic,First,8.2,29.0,BMW,3 Series 330d Convertible,13,4
Kolkata,Petrol,Manual,First,16.47,4.11,Volkswagen,Polo 1.2 MPI Highline,12,0
Coimbatore,Petrol,Manual,First,18.5,5.37,Hyundai,i20 Magna Optional 1.2,11,1
Mumbai,Diesel,Manual,First,20.77,6.55,Maruti,Ertiga ZDI,13,1
Chennai,Petrol,Manual,First,17.4,7.0,Honda,City i VTEC V,11,1
Mumbai,Petrol,Manual,First,17.0,5.48,Honda,City 1.5 S MT,12,1
Kochi,Diesel,Automatic,First,16.96,6.51,Volkswagen,Jetta 2013-2015 2.0L TDI Highline AT,13,2
Pune,Diesel,Manual,First,25.8,5.15,Honda,Amaze VX i-DTEC,10,1
Hyderabad,Diesel,Manual,Second,15.1,9.0,Mahindra,XUV500 W8 2WD,13,2
Mumbai,Petrol,Automatic,Second,14.53,2.75,Toyota,Corolla Altis VL,18,2
Pune,Petrol,Manual,Second,17.0,1.2,Hyundai,Santro Xing XL eRLX Euro III,21,1
Bangalore,Diesel,Automatic,First,22.69,12.5,BMW,3 Series 320d,14,3
Kochi,Diesel,Manual,First,23.0,7.69,Ford,EcoSport 1.5 Diesel Trend,9,1
Kochi,Petrol,Manual,First,18.5,4.57,Hyundai,i20 Asta Optional with Sunroof 1.2,13,1
Mumbai,Petrol,Automatic,First,16.8,4.5,Honda,City 1.5 S AT,13,1
Hyderabad,Diesel,Manual,First,23.2,4.9,Maruti,Ritz VDI (ABS) BS IV,11,0
Kolkata,Petrol,Manual,First,19.81,1.65,Hyundai,i10 Era 1.1,18,0
Mumbai,Petrol,Manual,First,18.2,3.25,Chevrolet,Sail 1.2 LS,11,1
Chennai,Diesel,Manual,First,22.32,6.25,Hyundai,Verna 1.6 SX CRDi (O),14,1
Kochi,Petrol,Manual,First,15.8,12.13,Hyundai,Creta 1.6 SX Option,8,1
Jaipur,Petrol,Manual,First,18.2,3.25,Chevrolet,Sail 1.2 LS,13,1
Hyderabad,Diesel,Automatic,First,14.16,29.0,Audi,Q5 2.0 TDI,13,3
Kochi,Petrol,Manual,First,17.0,5.53,Honda,City 1.5 V MT Exclusive,13,1
Hyderabad,Petrol,Manual,First,17.0,8.75,Ford,EcoSport 1.5 Petrol Titanium,9,1
Bangalore,Diesel,Automatic,Second,12.07,37.9,Audi,Q7 3.0 TDI Quattro Premium Plus,12,4
Delhi,Petrol,Manual,First,20.36,2.4,Hyundai,i10 Magna 1.2,16,0
Chennai,Petrol,Manual,First,17.0,4.55,Hyundai,i20 1.2 Asta,12,0
Delhi,Petrol,Manual,Second,17.5,2.65,Maruti,Swift Dzire 1.2 Vxi BSIV,15,1
Pune,Diesel,Manual,Second,25.0,1.6,Tata,Indica V2 eLX,9,0
Coimbatore,Diesel,Automatic,Second,16.2,25.72,BMW,5 Series 2010-2013 530d,14,4
Ahmedabad,Diesel,Manual,First,22.9,4.15,Maruti,Swift VDI,13,0
Jaipur,Petrol,Manual,First,19.0,7.23,Ford,Freestyle Titanium Plus Petrol,8,1
Bangalore,Petrol,Manual,Second,13.9,2.6,Hyundai,Verna XXi ABS (Petrol),18,1
Mumbai,Diesel,Automatic,Second,16.07,7.25,BMW,3 Series 320d Highline,18,3
Kochi,Diesel,Manual,First,12.8,14.29,Toyota,Innova 2.5 G4 Diesel 8-seater,9,1
Hyderabad,Diesel,Automatic,Second,14.94,17.25,Mercedes-Benz,New C-Class C 250 CDI Elegance,15,3
Pune,Diesel,Manual,First,22.54,7.5,Hyundai,Elantra 1.6 SX,13,1
Hyderabad,Diesel,Manual,First,23.2,4.35,Maruti,Ritz ZDi,12,0
Pune,Diesel,Manual,First,24.3,8.9,Maruti,Vitara Brezza ZDi Plus Dual Tone,10,1
Kolkata,Petrol,Manual,Second,19.1,3.5,Hyundai,Xcent 1.2 Kappa S,10,1
Kolkata,Diesel,Manual,First,26.0,6.1,Honda,City i DTEC V,12,1
Mumbai,Petrol,Manual,First,25.17,3.2,Renault,KWID RXT,10,0
Jaipur,Diesel,Manual,First,23.59,4.9,Toyota,Etios Cross 1.4L VD,12,0
Kochi,Petrol,Manual,First,24.07,3.69,Maruti,Alto K10 VXI,11,0
Chennai,Petrol,Manual,First,23.84,3.98,Tata,Tiago 1.2 Revotron XM Option,10,1
Kolkata,Diesel,Manual,First,21.9,2.95,Hyundai,i20 1.4 CRDi Magna,13,1
Kochi,Diesel,Automatic,First,16.55,15.21,Audi,A4 2.0 TDI,12,2
Hyderabad,Diesel,Manual,First,28.4,6.3,Maruti,Swift VDI,11,0
Kochi,Petrol,Manual,First,17.0,6.69,Volkswagen,Ameo 1.2 MPI Highline,9,0
Mumbai,Petrol,Automatic,First,16.0,9.5,Honda,BRV i-VTEC V CVT,9,1
Mumbai,Petrol,Manual,First,17.0,2.65,Hyundai,i20 Asta,17,0
Ahmedabad,Diesel,Manual,First,14.66,7.5,Hyundai,Santa Fe 4X4,14,3
Kochi,Petrol,Automatic,First,23.1,5.63,Maruti,Celerio ZXI Optional AMT,8,0
Coimbatore,Petrol,Manual,First,15.8,11.78,Hyundai,Creta 1.6 SX,8,1
Hyderabad,Diesel,Manual,Second,17.88,0.85,Tata,Indica V2 DL BSIII,22,0
Mumbai,Petrol,Manual,First,15.04,3.35,Volkswagen,Vento Petrol Highline,15,1
Kochi,Petrol,Manual,First,23.1,4.11,Maruti,Celerio VXI,11,0
Ahmedabad,Diesel,Automatic,First,17.9,25.51,Mercedes-Benz,CLA 200 D Sport Edition,11,2
Jaipur,Petrol,Manual,First,22.74,3.1,Maruti,Alto 800 LXI,9,0
Delhi,Diesel,Automatic,First,10.91,33.5,Ford,Endeavour 3.2 Titanium AT 4X4,8,3
Kolkata,Petrol,Manual,First,17.57,4.8,Tata,Zest Revotron 1.2T XE,9,1
Kolkata,Petrol,Manual,First,16.09,3.49,Volkswagen,Vento 1.6 Comfortline,12,1
Mumbai,Petrol,Manual,Second,17.5,5.15,Maruti,Ertiga ZXI,14,1
Mumbai,Diesel,Automatic,First,14.0,14.41,Mercedes-Benz,M-Class ML 350 CDI Corporate,15,4
Mumbai,Petrol,Manual,First,16.2,4.75,Volkswagen,Polo 1.2 MPI Highline,12,0
Jaipur,Diesel,Automatic,First,12.55,19.0,Toyota,Fortuner 4x2 AT,11,2
Hyderabad,Petrol,Manual,First,23.1,4.9,Maruti,Celerio VXI,9,0
Chennai,Diesel,Automatic,Second,16.07,6.3,BMW,3 Series 320d Corporate Edition,18,3
Jaipur,Petrol,Manual,Second,16.9,2.4,Honda,City ZX VTEC,20,1
Pune,Petrol,Manual,First,13.17,3.0,Mitsubishi,Cedia Sports,17,1
Delhi,Petrol,Manual,First,18.06,4.25,Renault,Pulse Petrol RxL,10,0
Hyderabad,Diesel,Manual,First,20.14,6.3,Volkswagen,Polo 1.5 TDI Highline,10,1
Kochi,Petrol,Manual,First,21.1,8.15,Maruti,Baleno RS Petrol,8,1
Kochi,Petrol,Manual,First,20.36,3.22,Hyundai,i10 Magna,14,0
Kochi,Petrol,Manual,First,18.6,7.65,Hyundai,i20 1.2 Spotz,8,1
Delhi,Petrol,Automatic,First,10.37,30.0,BMW,Z4 2009-2013 35i,15,5
Pune,Petrol,Manual,Second,20.36,2.3,Hyundai,i10 Sportz 1.2,16,0
Delhi,Petrol,Automatic,First,13.6,22.0,Mini,Cooper S Carbon Edition,14,3
Pune,Petrol,Manual,First,19.4,3.28,Honda,Brio V MT,14,1
Kochi,Petrol,Manual,First,20.73,7.09,Maruti,Ciaz ZXi Option,10,1
Coimbatore,Diesel,Manual,First,19.3,6.46,Maruti,Swift Dzire ZDi,13,0
Chennai,Diesel,Manual,First,22.07,4.0,Volkswagen,Polo Diesel Comfortline 1.2L,14,0
Delhi,Diesel,Automatic,First,17.05,11.0,BMW,X1 sDrive20d,15,3
Coimbatore,Diesel,Automatic,Second,12.07,49.79,Audi,Q7 3.0 TDI Quattro Premium Plus,10,4
Kolkata,Diesel,Manual,First,25.83,4.8,Ford,Figo 1.5D Trend MT,11,1
Bangalore,Diesel,Automatic,First,21.76,35.0,BMW,3 Series Luxury Line,9,3
Bangalore,Diesel,Automatic,First,14.0,21.99,Mercedes-Benz,M-Class ML 350 CDI Corporate,15,4
Mumbai,Petrol,Manual,Second,17.3,1.1,Maruti,Wagon R LX BSIII,19,0
Delhi,Petrol,Manual,First,21.4,6.6,Maruti,Baleno Zeta 1.2,8,1
Pune,Petrol,Manual,First,22.0,4.5,Maruti,Dzire VXI,13,1
Pune,Petrol,Manual,Second,14.7,1.0,Chevrolet,Aveo U-VA 1.2 LT,17,0
Chennai,Diesel,Manual,First,20.14,6.9,Volkswagen,Polo 1.5 TDI Highline,9,1
Mumbai,Diesel,Automatic,First,14.16,25.49,Audi,Q5 30 TDI quattro Premium,11,3
Chennai,Diesel,Automatic,First,18.53,35.5,Audi,A6 35 TDI Matrix,11,3
Kochi,Diesel,Manual,First,24.0,6.28,Hyundai,Grand i10 1.2 CRDi Sportz,8,0
Delhi,Diesel,Manual,Second,12.05,4.88,Mahindra,Scorpio SLE BSIV,14,1
Hyderabad,Diesel,Manual,First,22.95,3.7,Tata,Bolt Quadrajet XE,10,0
Kochi,Petrol,Manual,First,21.1,3.45,Hyundai,EON Era Plus,11,0
Kochi,Diesel,Manual,First,15.4,10.23,Mahindra,Scorpio S8 8 Seater,10,1
Bangalore,Petrol,Automatic,Second,11.1,6.5,Honda,Accord 2001-2003 2.0 AT,16,2
Mumbai,Petrol,Manual,First,16.2,6.15,Volkswagen,Polo 1.2 MPI Highline,10,0
Mumbai,Petrol,Manual,First,15.1,2.9,Maruti,Eeco 7 Seater Standard,12,0
Ahmedabad,Diesel,Manual,First,24.0,5.5,Hyundai,Grand i10 CRDi Sportz,10,0
Chennai,Diesel,Automatic,First,10.91,31.0,Ford,Endeavour 3.2 Titanium AT 4X4,9,3
Delhi,Diesel,Manual,First,24.0,4.25,Hyundai,Grand i10 1.2 CRDi Sportz,11,0
Kochi,Diesel,Manual,First,22.9,5.48,Maruti,Swift VDI,10,0
Bangalore,Petrol,Manual,First,18.6,7.25,Hyundai,i20 1.2 Asta Option,10,1
Hyderabad,Petrol,Manual,First,17.5,3.0,Maruti,Swift Dzire VXi,14,1
Hyderabad,Diesel,Automatic,First,22.69,29.5,BMW,3 Series 320d Luxury Line,11,3
Mumbai,Petrol,Manual,Second,17.7,1.49,Honda,City ZX GXi,19,0
Pune,Petrol,Automatic,First,16.95,3.65,Hyundai,i10 Sportz 1.2 AT,13,0
Ahmedabad,Diesel,Manual,First,23.0,10.9,Ford,Ecosport Signature Edition Diesel,8,1
Bangalore,Petrol,Manual,First,23.1,4.3,Maruti,Celerio ZXI MT,11,0
Pune,Diesel,Manual,Second,20.77,6.11,Maruti,Ertiga VDI,14,1
Hyderabad,Diesel,Manual,First,12.8,15.5,Toyota,Innova 2.5 V Diesel 8-seater,11,1
Mumbai,Petrol,Manual,First,17.8,6.9,Honda,City i VTEC SV,10,1
Bangalore,Petrol,Manual,First,19.1,4.69,Maruti,Swift Dzire VXI,14,1
Kochi,Petrol,Manual,First,18.5,3.19,Maruti,Ritz LXi,15,1
Pune,Petrol,Automatic,Second,15.0,3.75,Hyundai,i20 Sportz AT 1.4,14,1
Pune,Petrol,Manual,First,17.19,8.6,Hyundai,i20 Active SX Dual Tone Petrol,7,1
Chennai,Petrol,Manual,Second,17.0,3.85,Honda,City 1.5 E MT,15,1
Coimbatore,Diesel,Automatic,First,13.6,67.83,Porsche,Cayenne S Diesel,10,7
Coimbatore,Petrol,Manual,First,17.8,9.31,Honda,Amaze VX i-VTEC,7,1
Pune,Petrol,Automatic,First,12.9,3.0,Honda,Civic 2006-2010 1.8 S AT,18,2
Bangalore,Petrol,Manual,First,18.6,5.5,Hyundai,i20 Magna 1.2,11,1
Hyderabad,Diesel,Manual,First,19.67,13.3,Hyundai,Creta 1.6 CRDi SX,9,1
Hyderabad,Diesel,Automatic,First,15.73,23.0,Audi,Q3 2012-2015 2.0 TDI Quattro Premium Plus,13,3
Mumbai,Petrol,Manual,First,24.7,3.35,Maruti,Alto 800 2016-2019 LXI,8,0
Chennai,Diesel,Automatic,Third,15.06,10.0,BMW,X1 sDrive 20d Exclusive,14,3
Delhi,Petrol,Manual,First,20.36,2.95,Hyundai,i10 Magna,13,0
Pune,Diesel,Manual,First,21.66,6.75,Volkswagen,Ameo 1.5 TDI Highline,10,1
Pune,Petrol,Manual,Third,16.47,2.44,Volkswagen,Polo Petrol Highline 1.2L,16,0
Mumbai,Petrol,Manual,First,20.73,5.85,Maruti,Ciaz VXi Plus,11,1
Kochi,Petrol,Automatic,First,17.21,7.4,Volkswagen,Polo GT TSI,11,1
Pune,Diesel,Manual,First,24.4,3.8,Hyundai,Xcent 1.1 CRDi Base,10,0
Hyderabad,Petrol,Manual,First,13.5,3.8,Honda,Civic 2006-2010 1.8 S MT,18,2
Kolkata,Petrol,Manual,First,17.7,2.7,Honda,City ZX GXi,18,0
Jaipur,Diesel,Manual,First,15.96,7.21,Mahindra,Bolero ZLX,10,0
Hyderabad,Petrol,Manual,First,17.4,7.9,Honda,City i VTEC V,10,1
Kolkata,Diesel,Manual,First,25.4,4.2,Hyundai,Xcent 1.2 CRDi S,9,0
Mumbai,Diesel,Manual,First,19.01,5.75,Renault,Duster 110PS Diesel RxL,12,1
Hyderabad,Petrol,Automatic,First,16.98,3.45,Maruti,A-Star AT VXI,13,0
Bangalore,Diesel,Automatic,First,17.11,25.75,Audi,A4 2.0 TDI 177 Bhp Premium Plus,12,3
Coimbatore,Diesel,Manual,First,16.0,16.59,Mahindra,XUV500 W8 2WD,8,2
Coimbatore,Petrol,Manual,First,18.06,4.69,Renault,Pulse Petrol RxZ,12,0
Mumbai,Diesel,Automatic,Second,13.2,7.5,BMW,3 Series 320d,17,2
Hyderabad,Diesel,Manual,First,13.68,16.5,Toyota,Innova Crysta 2.4 GX MT,10,2
Kolkata,Petrol,Manual,First,17.0,1.99,Honda,City 1.5 S MT,17,1
Chennai,Diesel,Manual,First,22.9,5.25,Maruti,Swift VDI,12,0
Mumbai,Diesel,Manual,Second,19.64,5.4,Renault,Duster 110PS Diesel RxZ Plus,13,1
Mumbai,Petrol,Manual,First,16.47,3.9,Volkswagen,Polo 1.2 MPI Comfortline,12,0
Mumbai,Petrol,Manual,First,17.19,5.8,Hyundai,i20 Active 1.2 S,11,1
Pune,Diesel,Automatic,First,18.12,30.5,BMW,5 Series 2013-2017 520d Luxury Line,12,3
Hyderabad,Diesel,Manual,First,23.4,5.6,Maruti,Swift Dzire LDI,9,0
Jaipur,Diesel,Manual,First,28.4,5.15,Maruti,Swift LDI,11,0
Coimbatore,Diesel,Automatic,First,19.08,9.48,Hyundai,Verna 1.6 CRDI AT SX Option,9,1
Bangalore,Petrol,Automatic,Second,21.9,2.38,Tata,Nano XTA,10,0
Hyderabad,Petrol,Manual,First,17.5,3.8,Maruti,Swift Dzire LXi,17,1
Delhi,Petrol,Manual,Second,18.6,5.5,Hyundai,i20 Asta Option 1.2,11,1
Hyderabad,Petrol,Manual,First,17.0,3.55,Hyundai,i20 1.2 Sportz,16,0
Mumbai,Petrol,Manual,First,20.73,6.35,Maruti,Ciaz ZXi,11,1
Delhi,Diesel,Automatic,First,12.7,36.0,Land,Rover Range Rover 2.2L Prestige,11,3
Hyderabad,Diesel,Manual,Second,16.1,1.1,Tata,Indigo LX BSII,21,0
Mumbai,Petrol,Manual,First,17.57,3.7,Tata,Zest Revotron 1.2T XM,12,1
Delhi,Diesel,Manual,First,16.0,13.5,Mahindra,XUV500 W10 1.99 mHawk,10,2
Mumbai,Petrol,Automatic,Third,11.7,2.85,Honda,Accord 2.4 AT,18,3
Coimbatore,Petrol,Manual,Second,25.4,2.13,Tata,Nano Twist XT,11,0
Ahmedabad,Diesel,Manual,First,22.7,7.75,Hyundai,Elantra CRDi S,11,1
Chennai,Diesel,Manual,First,25.0,2.85,Tata,Indica V2 eLS,9,0
Jaipur,Diesel,Manual,First,25.8,4.95,Honda,Amaze S i-Dtech,12,1
Kochi,Diesel,Manual,First,15.1,6.2,Mahindra,XUV500 W8 2WD,14,2
Pune,Diesel,Automatic,First,18.56,17.5,BMW,X3 xDrive 20d Expedition,13,3
Pune,Petrol,Manual,First,18.9,2.25,Hyundai,Grand i10 1.2 Kappa Magna,16,1
Delhi,Petrol,Manual,First,21.4,6.75,Maruti,Baleno Zeta 1.2,9,1
Kochi,Diesel,Automatic,First,19.08,9.73,Hyundai,Verna 1.6 CRDi AT SX,10,1
Kochi,Diesel,Manual,First,25.47,8.49,Maruti,Ertiga VDI,8,1
Mumbai,Petrol,Automatic,First,13.6,25.0,Mini,Cooper S Carbon Edition,13,3
Coimbatore,Diesel,Manual,First,23.2,5.59,Maruti,Ritz ZDi,11,0
Mumbai,Diesel,Automatic,First,15.6,4.8,Skoda,Laura L n K 1.9 PD AT,15,1
Delhi,Diesel,Manual,First,22.7,5.45,Ford,Ecosport 1.5 DV5 MT Titanium Optional,12,1
Pune,Petrol,Manual,First,18.6,6.5,Hyundai,i20 2015-2017 Sportz 1.2,9,1
Chennai,Petrol,Manual,First,19.4,4.35,Honda,Brio E MT,11,1
Kolkata,Diesel,Manual,First,25.8,3.75,Honda,Amaze S i-Dtech,13,1
Pune,Diesel,Automatic,Third,18.48,12.0,BMW,5 Series 2003-2012 520d,16,3
Delhi,Diesel,Automatic,First,12.07,32.0,Audi,Q7 3.0 TDI Quattro Premium Plus,12,4
Jaipur,Diesel,Manual,Second,24.0,4.0,Hyundai,Grand i10 CRDi Magna,11,0
Kolkata,Diesel,Manual,First,23.08,2.6,Nissan,Micra Diesel XV,15,0
Jaipur,Petrol,Manual,First,18.9,4.45,Hyundai,Grand i10 Sportz,10,1
Pune,Petrol,Manual,First,21.1,2.6,Hyundai,EON Era,11,0
Chennai,Petrol,Automatic,First,11.74,16.0,Mercedes-Benz,New C-Class C250 Avantgarde,15,3
Delhi,Diesel,Automatic,First,12.7,32.5,Land,Rover Range Rover 2.2L Pure,12,3
Mumbai,Diesel,Automatic,First,11.18,13.85,Mahindra,Ssangyong Rexton RX7,10,3
Coimbatore,Petrol,Manual,First,20.73,8.76,Maruti,Ciaz 1.4 Delta,8,1
Kochi,Petrol,Automatic,First,11.8,23.68,Mercedes-Benz,R-Class R350 4Matic Long,12,5
Chennai,Petrol,Automatic,First,22.0,5.5,Maruti,Dzire AMT VXI,9,1
Coimbatore,Diesel,Automatic,Second,11.49,65.81,Land,Rover Range Rover Vogue SE 4.4 SDV8,13,6
Kolkata,Diesel,Manual,First,19.01,4.99,Renault,Duster 110PS Diesel RxZ,13,1
Chennai,Diesel,Manual,Second,22.32,5.7,Hyundai,Verna 1.6 SX,13,1
Coimbatore,Petrol,Automatic,First,14.28,11.99,Toyota,Corolla Altis 1.8 VL CVT,10,2
Mumbai,Diesel,Automatic,Second,21.76,29.99,BMW,3 Series Sport,10,3
Chennai,Petrol,Manual,First,18.88,9.5,Ford,EcoSport 1.5 Ti VCT MT Signature,8,1
Hyderabad,Diesel,Manual,First,25.2,5.5,Maruti,Swift VDI BSIV,12,0
Bangalore,Diesel,Automatic,First,11.72,23.0,Hyundai,Santa Fe 4x4 AT,10,3
Hyderabad,Diesel,Manual,First,17.2,2.95,Tata,Indica V2 DLS,13,0
Kochi,Diesel,Manual,First,24.0,4.9,Hyundai,Grand i10 CRDi Sportz,11,0
Delhi,Petrol,Automatic,First,22.5,4.25,Maruti,Wagon R VXI AMT,10,0
Kochi,Diesel,Manual,First,16.0,16.36,Mahindra,XUV500 W10 2WD,8,2
Kolkata,Diesel,Automatic,First,16.55,9.95,Audi,A4 2.0 TDI,17,2
Bangalore,Diesel,Manual,First,20.54,5.5,Volkswagen,Vento Diesel Highline,14,1
Delhi,Diesel,Manual,First,24.3,8.25,Maruti,Vitara Brezza ZDi Plus Dual Tone,10,1
Chennai,Petrol,Manual,First,17.3,0.95,Maruti,Zen LX,24,0
Kochi,Petrol,Manual,First,19.81,4.01,Hyundai,i10 Era,10,0
Kochi,Petrol,Manual,First,17.5,8.2,Honda,WR-V Edge Edition i-VTEC S,7,1
Chennai,Diesel,Manual,Second,25.1,6.2,Honda,City i DTEC VX,12,1
Chennai,Diesel,Automatic,First,11.5,16.75,Toyota,Fortuner 4x2 4 Speed AT,14,2
Delhi,Diesel,Automatic,First,16.0,16.5,Mahindra,XUV500 AT W10 FWD,9,2
Mumbai,Diesel,Manual,Third,10.9,3.75,Ford,Endeavour XLT TDCi 4X4,19,1
Kolkata,Diesel,Manual,First,20.0,3.5,Ford,Figo Diesel ZXI,14,0
Coimbatore,Petrol,Automatic,Second,19.0,5.43,Honda,Jazz 1.2 V CVT i VTEC,9,1
Coimbatore,Diesel,Automatic,First,10.91,30.35,Ford,Endeavour 3.2 Titanium AT 4X4,9,3
Hyderabad,Petrol,Automatic,First,17.97,7.99,Nissan,Sunny XL CVT,12,1
Coimbatore,Diesel,Manual,First,18.7,3.59,Skoda,Octavia Ambiente 1.9 TDI MT,15,0
Chennai,Diesel,Manual,First,25.44,1.9,Chevrolet,Beat Diesel LT,14,0
Chennai,Petrol,Automatic,First,12.1,4.7,Toyota,Camry W2 (AT),17,2
Chennai,Diesel,Manual,First,19.01,7.25,Renault,Duster 110PS Diesel RxZ,14,1
Kochi,Diesel,Automatic,First,17.9,24.46,Mercedes-Benz,GLA Class 200 d Style,10,2
Pune,Petrol,Manual,Second,17.57,3.9,Tata,Zest Revotron 1.2T XMS,12,1
Coimbatore,Petrol,Manual,First,18.5,5.15,Hyundai,i20 1.2 Magna,13,0
Mumbai,Petrol,Automatic,First,21.5,3.65,Maruti,Wagon R VXI AMT1.2,11,1
Kolkata,Diesel,Manual,First,25.4,5.0,Hyundai,Xcent 1.2 CRDi S,10,0
Kolkata,Petrol,Manual,First,17.0,2.3,Honda,City 1.5 S MT,17,1
Pune,Petrol,Manual,Second,13.2,0.75,Hyundai,Accent GLE,25,1
Kochi,Petrol,Manual,Second,13.9,1.85,Hyundai,Verna Xi (Petrol),17,1
Kolkata,Petrol,Manual,First,15.6,1.8,Ford,Figo Petrol ZXI,16,0
Kochi,Diesel,Manual,First,25.8,4.41,Honda,Amaze S i-Dtech,12,1
Chennai,Petrol,Manual,First,18.9,2.0,Maruti,Wagon R LX BSII,20,0
Hyderabad,Diesel,Manual,First,17.8,5.55,Maruti,Swift VDI BSIV,12,1
Bangalore,Diesel,Automatic,First,13.0,31.75,Mercedes-Benz,E-Class Facelift,12,4
Bangalore,Diesel,Automatic,First,17.68,32.0,Audi,A6 2011-2015 35 TDI Technology,11,3
Hyderabad,Diesel,Automatic,First,13.5,21.0,Mercedes-Benz,S Class 2005 2013 S 350 CDI,16,5
Ahmedabad,Diesel,Manual,First,19.3,2.75,Maruti,Swift Dzire LDi,16,0
Coimbatore,Petrol,Manual,First,13.4,2.64,Toyota,Corolla H2,21,1
Kochi,Diesel,Manual,First,15.4,14.19,Mahindra,Scorpio S10 7 Seater,8,1
Jaipur,Petrol,Manual,First,22.5,3.85,Maruti,Wagon R VXI,9,0
Delhi,Diesel,Manual,First,13.0,15.5,Toyota,Fortuner 4x2 Manual,12,2
Mumbai,Petrol,Manual,First,18.2,1.9,Maruti,Zen Estilo 1.1 LX BSIII,16,0
Kochi,Petrol,Manual,First,25.4,1.26,Tata,Nano CX,12,0
Chennai,Petrol,Manual,Second,18.5,2.4,Hyundai,i20 Magna,17,0
Bangalore,Diesel,Automatic,First,22.69,11.5,BMW,3 Series 320d,16,3
Jaipur,Diesel,Manual,First,16.0,8.25,Mahindra,XUV500 W6 2WD,12,2
Pune,Petrol,Manual,First,15.8,2.75,Volkswagen,Vento IPL II Petrol Trendline,15,1
Delhi,Petrol,Manual,Second,17.5,1.4,Skoda,Fabia 1.2 MPI Classic,17,0
Coimbatore,Petrol,Manual,First,25.4,2.9,Tata,Nano Twist XT,11,0
Chennai,Diesel,Manual,First,20.0,2.4,Ford,Figo Diesel EXI,15,0
Pune,Petrol,Automatic,First,14.8,4.75,Volkswagen,Vento IPL II Petrol Highline AT,13,1
Kochi,Diesel,Automatic,First,12.7,44.76,Land,Rover Range Rover HSE Dynamic,8,3
Kochi,Diesel,Manual,First,26.0,6.22,Honda,City i DTEC SV,11,1
Chennai,Petrol,Automatic,First,22.5,4.5,Renault,KWID Climber 1.0 AMT,8,0
Mumbai,Petrol,Manual,First,18.9,4.25,Hyundai,Grand i10 Asta Option,11,1
Hyderabad,Diesel,Automatic,First,18.1,5.5,Chevrolet,Cruze LTZ AT,15,2
Mumbai,Diesel,Manual,First,22.54,6.95,Hyundai,i20 1.4 Asta,9,1
Coimbatore,Petrol,Automatic,First,24.07,4.56,Maruti,Alto K10 VXI AGS,8,0
Coimbatore,Diesel,Manual,First,20.5,13.82,Hyundai,Creta 1.6 SX Option Diesel,10,1
Mumbai,Petrol,Manual,First,18.0,5.65,Honda,Amaze VX i-Vtech,10,1
Kochi,Diesel,Manual,First,21.19,6.2,Hyundai,i20 Active 1.4 SX Dual Tone,10,1
Delhi,Petrol,Manual,First,23.1,3.25,Maruti,Celerio VXI,12,0
Kolkata,Diesel,Automatic,First,16.55,8.5,Audi,A4 2.0 TDI,17,2
Bangalore,Diesel,Manual,First,24.8,7.25,Hyundai,Verna 1.4 CRDi,10,1
Pune,Diesel,Manual,First,21.8,4.61,Renault,Fluence Diesel E4,13,0
Delhi,Petrol,Manual,First,16.2,5.3,Volkswagen,Polo 1.2 MPI Highline,10,0
Ahmedabad,Diesel,Manual,First,17.0,1.9,Tata,Indigo LX,14,0
Kochi,Petrol,Manual,First,20.36,3.09,Hyundai,i10 Sportz,14,0
Mumbai,Diesel,Automatic,Second,16.46,9.5,BMW,7 Series 730Ld Sedan,19,4
Mumbai,Diesel,Automatic,First,17.01,12.65,Hyundai,Creta 1.6 CRDi AT SX Plus,11,1
Delhi,Petrol,Manual,First,18.9,4.25,Hyundai,Grand i10 Magna,10,1
Hyderabad,Diesel,Manual,First,21.1,2.95,Maruti,Ritz VDi,15,0
Hyderabad,Diesel,Manual,First,10.5,3.45,Mahindra,Scorpio 2.6 SLX CRDe,20,1
Hyderabad,Petrol,Manual,First,19.81,3.3,Hyundai,i10 Era,15,0
Hyderabad,Diesel,Manual,First,14.0,8.0,Tata,Safari Storme 2012-2015 VX,12,2
Kolkata,Petrol,Manual,First,13.5,2.71,Honda,Civic 2006-2010 1.8 V MT,17,2
Hyderabad,Petrol,Manual,First,18.2,2.7,Maruti,Zen Estilo LXI BSIII,14,0
Mumbai,Diesel,Manual,Second,23.4,4.5,Maruti,Swift Dzire VDI,14,0
Delhi,Diesel,Manual,Second,13.0,18.75,Toyota,Fortuner 4x2 Manual,11,2
Pune,Diesel,Manual,Second,28.4,5.25,Maruti,Swift VDI,12,0
Pune,Diesel,Manual,First,28.4,6.0,Maruti,Dzire LDI,9,0
Kolkata,Petrol,Manual,First,18.9,3.14,Hyundai,Grand i10 Asta,12,1
Jaipur,Petrol,Manual,First,25.17,2.55,Renault,KWID RXL,10,0
Jaipur,Petrol,Manual,Second,15.64,2.3,Tata,Indigo CS eGLX BS IV,14,0
Hyderabad,Diesel,Manual,First,20.0,5.65,Ford,Figo Diesel Titanium,12,0
Kochi,Diesel,Automatic,First,15.15,48.22,Porsche,Cayenne 2009-2014 Diesel,11,4
Jaipur,Petrol,Manual,First,24.07,3.0,Maruti,Alto K10 VXI,10,0
Ahmedabad,Diesel,Manual,First,20.34,7.5,Volkswagen,Vento 1.5 TDI Highline,11,1
Bangalore,Diesel,Manual,First,10.5,2.6,Mahindra,Scorpio 2.6 SLX CRDe,21,1
Mumbai,Diesel,Automatic,First,18.56,61.25,BMW,X3 xDrive 20d Luxury Line,8,3
Chennai,Petrol,Manual,Second,17.0,3.5,Honda,City 1.5 V MT,17,1
Kochi,Petrol,Automatic,First,17.44,28.95,Mini,Cooper 3 DOOR S,10,3
Pune,Diesel,Automatic,First,13.5,15.0,Mitsubishi,Pajero Sport 4X4 AT,11,3
Jaipur,Diesel,Manual,First,19.3,4.25,Maruti,Swift Dzire VDi,14,0
Pune,Diesel,Manual,First,20.77,6.6,Maruti,Ertiga VDI,13,1
Hyderabad,Diesel,Manual,Second,12.8,5.2,Toyota,Innova 2.5 G4 Diesel 7-seater,19,1
Chennai,Petrol,Manual,First,11.7,10.0,Mercedes-Benz,New C-Class C 200 Kompressor Elegance MT,16,3
Bangalore,Diesel,Automatic,First,14.84,35.0,Mercedes-Benz,New C-Class C 220 CDI BE Avantgare,10,2
Mumbai,Diesel,Manual,First,22.7,8.75,Ford,Ecosport 1.5 DV5 MT Titanium Optional,9,1
Coimbatore,Petrol,Manual,First,17.71,4.57,Toyota,Etios Liva 1.2 G,11,0
Delhi,Petrol,Manual,First,20.36,2.5,Hyundai,i10 Magna 1.2,14,0
Kochi,Diesel,Automatic,First,12.39,20.11,Land,Rover Freelander 2 SE,12,2
Hyderabad,Diesel,Manual,First,12.8,7.8,Toyota,Innova 2.5 V Diesel 8-seater,15,1
Coimbatore,Petrol,Manual,First,18.5,3.61,Hyundai,i20 1.2 Magna,15,0
Pune,Petrol,Manual,Second,17.0,1.11,Hyundai,Santro Xing XO eRLX Euro II,19,1
Mumbai,Petrol,Automatic,First,19.15,4.6,Nissan,Micra XV CVT,11,0
Ahmedabad,Diesel,Automatic,First,15.87,85.0,BMW,X6 xDrive 40d M Sport,11,5
Kolkata,Petrol,Automatic,First,16.8,5.25,Honda,City 1.5 V AT,11,1
Delhi,Diesel,Manual,Second,25.8,3.3,Honda,Amaze E i-Dtech,13,1
Bangalore,Diesel,Manual,Second,11.5,17.75,Toyota,Fortuner 3.0 Diesel,13,2
Delhi,Diesel,Automatic,First,12.97,35.0,Land,Rover Discovery Sport SD4 HSE Luxury,10,3
Coimbatore,Diesel,Manual,First,19.67,13.39,Hyundai,Creta 1.6 CRDi SX,10,1
Chennai,Diesel,Manual,First,25.44,2.5,Chevrolet,Beat Diesel LT,14,0
Kochi,Diesel,Automatic,First,11.36,18.36,Toyota,Innova Crysta 2.8 GX AT,9,2
Jaipur,Diesel,Manual,First,23.4,5.95,Maruti,Swift Dzire VDI,11,0
Mumbai,Diesel,Manual,Second,19.67,11.0,Hyundai,Creta 1.6 CRDi SX Option,11,1
Delhi,Diesel,Automatic,Second,12.65,64.75,Land,Rover Range Rover Sport SE,12,4
Hyderabad,Diesel,Manual,First,25.8,6.3,Honda,Amaze VX i-DTEC,9,1
Kochi,Petrol,Manual,First,15.29,11.94,Hyundai,Creta 1.6 SX Plus Dual Tone Petrol,9,1
Mumbai,Petrol,Automatic,First,18.19,5.95,Volkswagen,Vento Sport 1.2 TSI AT,12,1
Ahmedabad,Diesel,Manual,First,26.0,11.0,Honda,City i DTec VX,9,1
Coimbatore,Petrol,Manual,First,15.29,12.53,Hyundai,Creta 1.6 SX Plus Dual Tone Petrol,9,1
Bangalore,Diesel,Manual,Second,20.0,3.75,Ford,Figo Diesel Titanium,14,0
Pune,Diesel,Automatic,First,14.69,27.0,BMW,5 Series 2013-2017 530d M Sport,12,4
Pune,Diesel,Manual,First,10.5,9.95,Mitsubishi,Pajero 2.8 SFX 7Str,14,1
Jaipur,Diesel,Manual,First,19.87,4.2,Renault,Duster 85PS Diesel RxL Option,13,1
Delhi,Petrol,Manual,Second,21.1,2.0,Maruti,Ritz VXI,16,1
Kolkata,Petrol,Manual,First,18.9,3.25,Hyundai,Grand i10 Sportz,13,1
Bangalore,Diesel,Automatic,First,17.9,34.0,Mercedes-Benz,GLA Class 200 CDI SPORT,9,2
Coimbatore,Diesel,Automatic,First,22.48,30.37,BMW,5 Series 520d Luxury Line,10,3
Kochi,Petrol,Automatic,First,13.0,12.6,Hyundai,Creta 1.6 SX Plus Petrol Automatic,8,1
Kochi,Petrol,Manual,First,25.17,5.09,Renault,KWID RXT Optional,7,0
Bangalore,Diesel,Automatic,First,14.94,24.5,Audi,A4 3.0 TDI Quattro,12,4
Kochi,Diesel,Manual,Second,28.09,7.97,Maruti,Ciaz VDI SHVS,8,1
Delhi,Petrol,Manual,First,16.0,2.9,Honda,Jazz S,15,1
Kochi,Diesel,Automatic,First,22.69,21.33,BMW,3 Series 320d Luxury Line,10,3
Bangalore,Diesel,Automatic,Second,19.08,6.5,Hyundai,Verna SX CRDi AT,14,1
Coimbatore,Diesel,Manual,First,21.38,12.15,Hyundai,Creta 1.4 CRDi S Plus,10,1
Kolkata,Petrol,Manual,First,15.04,4.25,Volkswagen,Vento 2013-2015 1.6 Comfortline,12,1
Coimbatore,Diesel,Automatic,First,21.76,35.84,BMW,3 Series Luxury Line,9,3
Chennai,Petrol,Automatic,Third,14.4,3.0,Honda,CR-V Petrol 2WD,22,2
Chennai,Diesel,Manual,First,19.72,6.75,Renault,Duster 110PS Diesel RxZ AWD,14,1
Bangalore,Petrol,Manual,Second,18.6,5.65,Hyundai,i20 Asta 1.2,12,1
Pune,Diesel,Automatic,Second,16.96,7.5,Volkswagen,Jetta 2013-2015 2.0L TDI Highline AT,13,2
Kochi,Diesel,Manual,First,19.67,13.34,Hyundai,Creta 1.6 SX Plus Diesel,8,1
Hyderabad,Diesel,Manual,First,28.09,7.9,Maruti,Ciaz VDI SHVS,10,1
Coimbatore,Diesel,Manual,First,22.54,6.98,Hyundai,i20 Asta 1.4 CRDi,11,1
Mumbai,Petrol,Manual,First,17.01,5.75,Hyundai,Verna 1.6 SX VTVT,12,1
Kolkata,Diesel,Manual,First,22.07,2.65,Volkswagen,Polo Diesel Trendline 1.2L,14,0
Kolkata,Diesel,Manual,First,22.07,2.49,Volkswagen,Polo Diesel Trendline 1.2L,15,0
Pune,Petrol,Manual,Second,15.0,1.5,Maruti,SX4 Vxi BSIII,19,1
Kochi,Diesel,Manual,First,24.5,6.5,Honda,Mobilio RS Option i DTEC,10,1
Hyderabad,Diesel,Manual,First,19.64,8.0,Renault,Duster 110PS Diesel RxZ Plus,13,1
Coimbatore,Diesel,Automatic,First,12.9,30.85,Toyota,Fortuner 2.8 2WD AT,7,3
Kochi,Diesel,Automatic,First,14.7,17.15,Volvo,XC60 D4 SUMMUM,12,3
Hyderabad,Petrol,Automatic,First,23.1,4.55,Maruti,Celerio VXI AT,12,0
Hyderabad,Diesel,Manual,Second,26.21,7.4,Maruti,Ciaz ZDi Plus,11,1
Kochi,Diesel,Automatic,First,12.8,25.64,Audi,Q5 2008-2012 2.0 TDI,13,2
Kolkata,Diesel,Automatic,Second,17.05,13.5,BMW,X1 sDrive 20d Sportline,13,3
Bangalore,Petrol,Manual,First,15.6,3.55,Ford,Figo Petrol ZXI,13,0
Ahmedabad,Diesel,Manual,First,22.7,15.0,Hyundai,Elantra CRDi SX,8,1
Pune,Petrol,Manual,Second,13.9,1.95,Hyundai,Verna 1.6 i ABS,19,1
Pune,Petrol,Manual,Second,13.5,2.3,Honda,Civic 2006-2010 1.8 S MT,20,2
Chennai,Diesel,Manual,Second,12.55,15.0,Toyota,Fortuner 4x4 MT,13,2
Chennai,Petrol,Manual,First,20.36,3.15,Hyundai,i10 Sportz,14,0
Hyderabad,Diesel,Manual,First,21.64,5.0,Nissan,Sunny 2011-2014 Diesel XL,14,1
Jaipur,Diesel,Automatic,Second,18.12,24.75,BMW,5 Series 2013-2017 520d Luxury Line,13,3
Pune,Diesel,Manual,Second,16.52,2.6,Chevrolet,Optra Magnum 2.0 LT,18,1
Ahmedabad,Petrol,Manual,First,20.36,3.75,Hyundai,i10 Asta,15,0
Ahmedabad,Diesel,Manual,Second,17.5,4.85,Skoda,Laura Ambiente,17,1
Jaipur,Diesel,Automatic,First,10.0,27.0,Mercedes-Benz,E-Class 2009-2013 E 220 CDI Avantgarde,13,2
Kolkata,Diesel,Manual,First,25.8,3.0,Honda,Amaze SX i-DTEC,12,1
Delhi,Diesel,Automatic,First,20.68,28.75,BMW,X1 xDrive 20d xLine,9,3
Hyderabad,Diesel,Manual,First,12.99,14.49,Toyota,Innova 2.5 G (Diesel) 8 Seater,10,1
Delhi,Diesel,Automatic,First,7.5,72.0,Porsche,Panamera 2010 2013 Diesel,13,7
Chennai,Diesel,Manual,Second,22.71,4.0,Nissan,Sunny XV D,14,1
Delhi,Diesel,Manual,Second,26.59,4.5,Maruti,Swift Dzire LDI,11,0
Mumbai,Petrol,Automatic,First,21.5,6.25,Maruti,Wagon R ZXI AMT 1.2,7,1
Pune,Diesel,Automatic,Second,16.96,11.5,Volkswagen,Jetta 2013-2015 2.0L TDI Highline AT,11,2
Pune,Petrol,Manual,Third,9.8,3.1,Honda,Accord 2.4 Inspire M/T,17,3
Mumbai,Petrol,Manual,First,17.8,10.11,Honda,City i VTEC V,8,1
Coimbatore,Petrol,Manual,First,17.01,11.54,Hyundai,Verna 1.6 SX VTVT,7,1
Delhi,Petrol,Manual,Second,18.9,1.0,Maruti,Wagon R LX BSII,20,0
Kolkata,Diesel,Manual,Second,23.4,2.5,Maruti,Swift Dzire Tour LDI,13,0
Kochi,Petrol,Automatic,First,9.74,18.0,Audi,Q5 2008-2012 2.0 TFSI Quattro,15,3
Coimbatore,Diesel,Manual,First,23.59,6.85,Toyota,Etios Cross 1.4 GD,8,0
Kochi,Petrol,Manual,First,19.81,2.97,Hyundai,i10 Era 1.1 iTech SE,14,0
Pune,Petrol,Manual,First,17.01,4.75,Hyundai,Verna 1.6 VTVT,13,1
Coimbatore,Diesel,Manual,First,20.14,7.38,Volkswagen,Polo 1.5 TDI Highline,8,1
Delhi,Diesel,Automatic,First,22.48,42.75,BMW,5 Series 520d Sport Line,9,3
Bangalore,Diesel,Manual,Second,23.0,3.65,Hyundai,i20 1.4 Asta Optional With Sunroof,16,1
Kochi,Petrol,Automatic,First,18.9,5.99,Hyundai,Grand i10 Asta Option AT,9,1
Pune,Diesel,Automatic,First,11.5,13.5,Toyota,Fortuner 4x2 4 Speed AT,14,2
Chennai,Petrol,Automatic,First,21.4,7.0,Maruti,Baleno Zeta Automatic,10,1
Hyderabad,Petrol,Automatic,First,13.0,10.95,Hyundai,Creta 1.6 SX Plus Petrol Automatic,10,1
Pune,Petrol,Manual,Third,20.36,2.95,Hyundai,i10 Sportz,13,0
Ahmedabad,Diesel,Manual,First,24.7,5.5,Tata,Tigor XE Diesel,9,0
Kochi,Petrol,Automatic,First,14.67,17.08,Skoda,Superb Style 1.8 TSI AT,9,3
Hyderabad,Diesel,Manual,First,26.59,6.85,Maruti,Swift Dzire VDI,11,0
Jaipur,Petrol,Automatic,First,13.1,10.5,Honda,CR-V 2.0 AT,12,2
Hyderabad,Diesel,Manual,First,12.8,8.75,Toyota,Innova 2.5 G (Diesel) 8 Seater BS IV,16,1
Kolkata,Petrol,Manual,First,17.0,2.7,Honda,City 1.5 V MT,16,1
Mumbai,Petrol,Automatic,First,17.0,4.25,Hyundai,Verna VTVT 1.6 AT SX Plus,14,1
Pune,Diesel,Manual,First,23.59,7.9,Toyota,Etios 1.4 VXD,8,0
Delhi,Petrol,Automatic,Second,13.7,4.5,Skoda,Superb Elegance 1.8 TSI AT,15,2
Kolkata,Diesel,Manual,First,21.64,4.0,Nissan,Sunny 2011-2014 Diesel XV,14,1
Delhi,Petrol,Manual,First,17.0,4.75,Honda,City 1.5 V MT Exclusive,14,1
Kolkata,Diesel,Manual,First,22.54,7.65,Hyundai,Elite i20 Diesel Asta Option,8,1
Kochi,Petrol,Manual,Second,17.4,3.47,Chevrolet,Optra 1.6 LT Royale,13,1
Kochi,Petrol,Manual,First,18.0,5.64,Honda,Amaze S i-Vtech,10,1
Kolkata,Petrol,Manual,First,16.47,2.95,Volkswagen,Polo Petrol Comfortline 1.2L,13,0
Jaipur,Diesel,Manual,First,22.9,5.65,Maruti,Swift VDI,10,0
Kochi,Diesel,Automatic,First,11.4,8.41,Ford,Endeavour 3.0L 4X4 AT,14,2
Pune,Petrol,Manual,Third,15.4,0.85,Maruti,Baleno LXI,20,1
Pune,Petrol,Manual,Second,18.9,0.8,Maruti,Wagon R LX,23,0
Coimbatore,Diesel,Manual,First,20.14,5.65,Volkswagen,Polo 1.5 TDI Highline,12,1
Kolkata,Petrol,Manual,First,17.1,4.5,Hyundai,Verna 1.6 SX VTVT (O),13,1
Ahmedabad,Diesel,Manual,First,28.09,6.9,Maruti,Ciaz ZDi Plus SHVS,11,1
Jaipur,Diesel,Manual,First,21.64,4.0,Nissan,Sunny 2011-2014 Diesel XL,13,1
Mumbai,Petrol,Manual,First,15.0,5.6,Skoda,Rapid 1.6 MPI Ambition With Alloy Wheel,11,1
Delhi,Petrol,Manual,First,15.1,2.2,Maruti,Eeco 7 Seater Standard,10,0
Bangalore,Petrol,Manual,First,15.0,4.0,Skoda,Rapid Ultima 1.6 MPI Ambition Plus,13,1
Jaipur,Diesel,Manual,Second,12.55,16.0,Toyota,Fortuner 4x4 MT,12,2
Mumbai,Diesel,Manual,First,19.67,12.6,Hyundai,Creta 1.6 CRDi SX,10,1
Kochi,Petrol,Manual,First,18.5,4.79,Hyundai,i20 Magna Optional 1.2,12,1
Kochi,Diesel,Manual,First,26.0,6.83,Honda,City i DTEC V,10,1
Jaipur,Petrol,Manual,First,16.1,0.51,Maruti,800 Std,24,0
Pune,Petrol,Manual,Second,13.8,0.69,Ford,Ikon 1.3 Flair,20,0
Delhi,Petrol,Manual,First,20.85,4.65,Maruti,Swift Dzire LXI,11,1
Kolkata,Petrol,Manual,First,16.8,6.49,Honda,City 1.5 V MT Sunroof,12,1
Chennai,Diesel,Manual,First,16.8,2.9,Hyundai,Verna CRDi,17,1
Delhi,Petrol,Manual,First,17.01,7.4,Hyundai,Verna 1.6 SX VTVT,10,1
Bangalore,Petrol,Manual,Second,25.17,3.25,Renault,KWID RXT,10,0
Ahmedabad,Petrol,Manual,Second,18.9,1.95,Maruti,Wagon R LXI,18,0
Jaipur,Petrol,Manual,Second,18.9,4.0,Hyundai,Grand i10 Sportz,11,1
Delhi,Petrol,Manual,First,18.6,6.85,Hyundai,i20 1.2 Asta,9,1
Coimbatore,Petrol,Manual,First,18.0,5.45,Honda,Amaze S i-Vtech,11,1
Hyderabad,Diesel,Manual,First,17.8,1.99,Ford,Fiesta 1.4 Duratorq ZXI,19,0
Hyderabad,Diesel,Automatic,First,19.08,8.99,Hyundai,Verna SX CRDi AT,12,1
Kolkata,Diesel,Manual,First,23.59,6.5,Toyota,Etios VD SP,12,0
Coimbatore,Petrol,Automatic,First,19.0,9.27,Honda,Jazz 1.2 V CVT i VTEC,8,1
Ahmedabad,Diesel,Manual,First,23.9,6.99,Hyundai,Verna 1.6 CRDi SX,11,1
Coimbatore,Diesel,Automatic,First,17.9,36.76,Mercedes-Benz,CLA 200 D Sport Edition,7,2
Kochi,Petrol,Automatic,First,14.7,17.08,Skoda,Octavia Elegance 1.8 TSI AT,9,3
Kolkata,Diesel,Manual,First,25.44,2.8,Chevrolet,Beat Diesel LS,13,0
Kolkata,Diesel,Manual,First,22.07,2.49,Volkswagen,Polo Diesel Trendline 1.2L,15,0
Jaipur,Diesel,Manual,First,23.65,8.85,Maruti,SX4 S Cross DDiS 200 Zeta,10,1
Ahmedabad,Petrol,Manual,First,16.8,4.15,Honda,City V MT,15,1
Hyderabad,Diesel,Manual,First,20.64,10.0,Volkswagen,Vento 1.5 TDI Highline,9,1
Delhi,Petrol,Manual,First,18.9,4.75,Hyundai,Grand i10 1.2 Kappa Magna,9,1
Jaipur,Petrol,Automatic,First,24.04,3.2,Renault,KWID AMT RXL,9,0
Kochi,Petrol,Manual,First,22.74,3.28,Maruti,Alto 800 LXI,9,0
Bangalore,Petrol,Manual,First,15.8,7.5,Ford,Ecosport 1.5 Ti VCT MT Titanium,13,1
Coimbatore,Petrol,Manual,First,21.4,7.39,Maruti,Baleno Zeta,8,1
Pune,Diesel,Manual,First,23.2,3.65,Maruti,Ritz VDi,13,0
Chennai,Diesel,Automatic,First,11.0,11.0,Mercedes-Benz,E-Class 280 CDI,19,3
Kolkata,Diesel,Manual,First,23.2,3.0,Maruti,Ritz VDi,14,0
Chennai,Diesel,Manual,Second,25.44,2.25,Chevrolet,Beat Diesel LT,14,0
Kochi,Petrol,Manual,First,15.5,2.83,Maruti,SX4 Vxi BSIV,16,1
Coimbatore,Petrol,Manual,First,14.0,4.11,Maruti,Omni 5 Seater BSIV,7,0
Kolkata,Diesel,Manual,First,13.5,14.7,Mitsubishi,Pajero Sport Anniversary Edition,12,3
Pune,Petrol,Automatic,First,13.0,25.0,Mercedes-Benz,S Class 2005 2013 S 300 L,13,3
Bangalore,Diesel,Manual,First,25.44,2.35,Chevrolet,Beat Diesel LS,11,0
Coimbatore,Diesel,Manual,Second,25.83,6.41,Ford,Figo 2015-2019 1.5D Titanium MT,9,1
Ahmedabad,Petrol,Manual,First,17.4,5.75,Honda,City i-VTEC VX,14,1
Chennai,Diesel,Automatic,Second,17.9,17.55,Mercedes-Benz,GLA Class 200 CDI SPORT,10,2
Jaipur,Diesel,Manual,First,21.38,10.25,Hyundai,Creta 1.4 CRDi S Plus,11,1
Kochi,Diesel,Manual,First,17.8,3.16,Ford,Fiesta Classic 1.4 Duratorq CLXI,14,0
Bangalore,Diesel,Automatic,Second,16.55,22.5,Audi,A4 2.0 TDI,12,2
Kochi,Petrol,Manual,First,19.81,3.55,Hyundai,i10 Magna 1.1,11,0
Kochi,Petrol,Automatic,First,12.05,9.86,BMW,3 Series 320i Sedan,16,2
Chennai,Diesel,Automatic,First,16.46,45.0,BMW,7 Series 730Ld,13,4
Kochi,Petrol,Manual,First,17.01,7.99,Hyundai,Verna 1.6 SX VTVT,9,1
Jaipur,Diesel,Automatic,First,22.0,6.5,Volkswagen,Ameo 1.5 TDI Comfortline AT,9,1
Kolkata,Petrol,Manual,First,14.49,0.75,Chevrolet,Aveo 1.4 LS,19,1
Coimbatore,Diesel,Manual,Second,18.3,9.87,Chevrolet,Cruze LTZ,8,2
Kochi,Diesel,Manual,Second,22.54,6.36,Hyundai,i20 1.4 Sportz,8,1
Mumbai,Petrol,Automatic,First,16.0,9.5,Honda,BRV i-VTEC V CVT,9,1
Kochi,Petrol,Manual,First,19.1,6.05,Hyundai,Xcent 1.2 Kappa SX,9,1
Hyderabad,Diesel,Manual,First,24.0,5.5,Hyundai,Grand i10 CRDi Sportz,11,0
Kolkata,Petrol,Manual,Second,19.7,1.25,Maruti,Alto LXi,19,0
Coimbatore,Diesel,Manual,First,12.99,11.99,Toyota,Innova 2.5 VX (Diesel) 7 Seater,11,1
Mumbai,Petrol,Automatic,Second,16.95,2.5,Hyundai,i10 Sportz 1.2 AT,16,0
Kochi,Petrol,Automatic,First,18.0,11.66,Honda,City i-VTEC CVT V,7,1
Jaipur,Petrol,Manual,Third,17.3,0.53,Maruti,Zen LX,28,0
Kolkata,Petrol,Manual,First,20.51,3.1,Maruti,Wagon R LXI BS IV,11,0
Hyderabad,Diesel,Manual,Second,20.0,2.6,Ford,Figo Diesel Titanium,14,0
Kochi,Petrol,Manual,First,18.0,5.09,Honda,Amaze S i-Vtech,11,1
Hyderabad,Petrol,Manual,First,13.2,2.3,Hyundai,Accent GLE,18,1
Pune,Diesel,Manual,First,22.32,6.0,Hyundai,Verna 1.6 SX CRDi (O),14,1
Ahmedabad,Diesel,Manual,First,25.2,4.4,Maruti,Swift ZDi,13,0
Delhi,Petrol,Automatic,Second,14.8,11.0,Mercedes-Benz,B Class B180,13,1
Coimbatore,Diesel,Manual,First,17.3,5.7,Chevrolet,Cruze LTZ,12,2
Chennai,Diesel,Automatic,First,20.0,6.95,Skoda,Laura Ambiente 2.0 TDI CR AT,13,2
Hyderabad,Diesel,Manual,First,12.05,7.9,Mahindra,Scorpio VLX 2WD BSIV,12,1
Kochi,Diesel,Automatic,First,20.68,29.3,BMW,X1 xDrive 20d xLine,8,3
Kolkata,Petrol,Automatic,First,10.93,10.24,Mercedes-Benz,E-Class 2009-2013 E350 Petrol,17,5
Pune,Petrol,Automatic,Second,13.7,5.35,Skoda,Superb Elegance 1.8 TSI AT,16,2
Mumbai,Petrol,Automatic,Second,16.5,3.49,Honda,Brio VX AT,12,1
Hyderabad,Petrol,Manual,First,20.36,2.85,Hyundai,i10 Magna 1.2,17,0
Mumbai,Petrol,Manual,First,17.4,5.35,Honda,City i VTEC SV,12,1
Coimbatore,Petrol,Manual,First,15.6,3.62,Ford,Figo Petrol ZXI,14,0
Hyderabad,Diesel,Manual,First,12.8,6.25,Toyota,Innova 2.5 G4 Diesel 7-seater,20,1
Kochi,Diesel,Manual,Second,21.0,3.19,Mahindra,Verito 1.5 D6 BSIV,14,0
Delhi,Petrol,Manual,First,18.15,5.5,Mahindra,KUV 100 G80 K8 Dual Tone,8,1
Kochi,Petrol,Manual,First,18.6,7.67,Hyundai,i20 Sportz Option 1.2,7,1
Jaipur,Petrol,Manual,First,12.0,5.5,Tata,New Safari EX 4x2,15,1
Hyderabad,Diesel,Manual,First,19.3,6.6,Maruti,Swift Dzire VDi,12,0
Chennai,Diesel,Automatic,Second,15.97,55.0,BMW,X5 xDrive 30d M Sport,9,4
Pune,Diesel,Automatic,First,17.68,21.0,Audi,A6 2011-2015 2.0 TDI Premium Plus,13,3
Jaipur,Petrol,Manual,First,21.4,4.5,Maruti,Baleno Delta 1.2,9,1
Coimbatore,Diesel,Automatic,First,13.01,20.67,Hyundai,Santa Fe 4WD AT,10,3
Hyderabad,Diesel,Automatic,First,14.39,6.5,Chevrolet,Cruze LTZ AT,13,2
Coimbatore,Diesel,Automatic,First,15.0,37.98,Mercedes-Benz,E-Class 2015-2017 E250 Edition E,8,3
Mumbai,Petrol,Manual,First,17.92,1.45,Hyundai,Santro Xing GLS,17,0
Hyderabad,Diesel,Manual,First,28.09,7.9,Maruti,Ciaz VDi Plus SHVS,11,1
Kochi,Petrol,Manual,First,17.4,10.07,Honda,City i-VTEC V,8,1
Mumbai,Diesel,Manual,First,20.45,6.5,Nissan,Terrano XL Plus ICC WT20 SE,10,1
Hyderabad,Diesel,Automatic,First,18.88,22.0,BMW,3 Series 320d Prestige,11,3
Hyderabad,Diesel,Manual,First,26.0,9.75,Honda,City i DTEC V,10,1
Jaipur,Diesel,Manual,First,20.45,6.0,Nissan,Terrano XL Plus 85 PS,12,1
Delhi,Diesel,Manual,First,24.0,3.99,Hyundai,Grand i10 CRDi Sportz,12,0
Ahmedabad,Petrol,Manual,First,17.0,1.75,Hyundai,Santro Xing XL eRLX Euro III,18,1
Delhi,Diesel,Automatic,First,12.55,19.75,Toyota,Fortuner 4x2 AT,11,2
Kolkata,Diesel,Manual,First,13.68,16.95,Toyota,Innova Crysta 2.4 VX MT,9,2
Chennai,Petrol,Manual,First,21.4,6.8,Maruti,Baleno Zeta 1.2,9,1
Kolkata,Petrol,Manual,First,17.0,0.99,Hyundai,Santro Xing XL eRLX Euro III,19,1
Pune,Petrol,Manual,First,19.81,2.95,Hyundai,i10 Sportz 1.1L,13,0
Coimbatore,Diesel,Automatic,First,12.07,42.83,Audi,Q7 3.0 TDI Quattro Premium Plus,11,4
Hyderabad,Diesel,Automatic,First,27.03,21.5,Volvo,S60 D4 Momentum,12,3
Jaipur,Petrol,Manual,First,17.8,7.9,Honda,City i VTEC V,11,1
Hyderabad,Petrol,Manual,Second,20.92,2.3,Maruti,Alto K10 2010-2014 VXI,15,0
Delhi,Petrol,Manual,First,18.5,2.75,Honda,Brio 1.2 S Option MT,14,1
Jaipur,Diesel,Manual,First,12.05,6.71,Mahindra,Scorpio VLX 2WD AIRBAG BSIV,15,1
Kochi,Diesel,Automatic,First,19.6,9.6,Renault,Duster 110PS Diesel RxL AMT,9,1
Kochi,Diesel,Manual,First,19.67,12.81,Hyundai,Creta 1.6 CRDi SX,9,1
Coimbatore,Petrol,Manual,First,23.84,6.94,Tata,Tiago 1.2 Revotron XZ,7,1
Mumbai,Diesel,Manual,First,16.0,9.45,Mahindra,XUV500 W6 2WD,11,2
Hyderabad,Diesel,Manual,First,20.34,6.0,Volkswagen,Vento 1.5 TDI Highline,11,1
Delhi,Petrol,Automatic,First,14.8,11.0,Mercedes-Benz,B Class B180,13,1
Delhi,Petrol,Manual,First,15.5,2.6,Maruti,SX4 Vxi BSIV,15,1
Hyderabad,Petrol,Manual,First,15.3,1.95,Hyundai,Getz GLE,19,1
Mumbai,Diesel,Automatic,First,17.54,45.0,BMW,6 Series Gran Coupe,13,5
Chennai,Diesel,Automatic,First,17.11,22.0,Audi,A4 2.0 TDI 177 Bhp Premium Plus,12,3
Kolkata,Petrol,Manual,First,18.6,4.9,Hyundai,i20 Asta Option 1.2,11,1
Kochi,Diesel,Manual,First,19.87,6.25,Nissan,Terrano XL D Option,11,1
Chennai,Diesel,Manual,Second,20.54,6.1,Volkswagen,Vento Konekt Diesel Highline,13,1
Mumbai,Petrol,Manual,First,20.36,2.6,Hyundai,i10 Sportz,15,0
Hyderabad,Diesel,Automatic,First,14.74,29.0,Jaguar,XF 3.0 Litre S Premium Luxury,14,5
Pune,Petrol,Manual,Second,17.5,3.3,Maruti,Swift Dzire VXi,16,1
Hyderabad,Diesel,Manual,Second,22.3,3.05,Tata,Indica Vista Quadrajet VX,13,0
Kolkata,Diesel,Manual,First,21.27,3.25,Hyundai,i20 Asta 1.4 CRDi,14,1
Delhi,Petrol,Manual,First,19.1,3.75,Hyundai,Xcent 1.2 Kappa S Option,12,1
Mumbai,Diesel,Manual,First,12.99,13.25,Toyota,Innova 2.5 VX (Diesel) 7 Seater,11,1
Hyderabad,Petrol,Manual,First,23.84,4.8,Tata,Tiago 1.2 Revotron XZ,9,1
Kochi,Petrol,Manual,First,25.17,3.8,Renault,KWID RXL,7,0
Pune,Diesel,Manual,First,12.8,8.5,Toyota,Innova 2.5 V Diesel 7-seater,15,1
Coimbatore,Diesel,Automatic,First,13.0,38.76,Mercedes-Benz,E-Class 2015-2017 E250 CDI Avantgarde,10,3
Ahmedabad,Petrol,Automatic,First,16.8,3.2,Honda,City 1.5 S AT,17,1
Hyderabad,Petrol,Manual,First,20.36,3.5,Hyundai,i10 Sportz 1.2,15,0
Pune,Diesel,Manual,First,19.67,12.25,Hyundai,Creta 1.6 CRDi SX Option,11,1
Mumbai,Petrol,Manual,First,19.5,4.75,Honda,Amaze VX Petrol,12,1
Delhi,Petrol,Manual,First,18.78,4.5,Volkswagen,Polo 1.2 MPI Trendline,10,0
Kolkata,Petrol,Manual,First,20.36,2.35,Hyundai,i10 Magna 1.2,14,0
Hyderabad,Diesel,Manual,First,23.08,3.4,Renault,Pulse RxL,12,0
Pune,Diesel,Automatic,First,21.5,10.0,Volkswagen,Vento 1.5 TDI Highline AT,10,1
Hyderabad,Diesel,Manual,First,12.99,9.0,Toyota,Innova 2.5 VX (Diesel) 7 Seater BS IV,14,1
Delhi,Petrol,Manual,Second,14.53,5.2,Toyota,Corolla Altis G,13,2
Chennai,Diesel,Manual,Second,16.8,1.85,Hyundai,Verna CRDi,20,1
Chennai,Diesel,Automatic,Second,11.3,38.0,Mercedes-Benz,GL-Class 350 CDI Blue Efficiency,13,4
Kochi,Diesel,Manual,First,20.46,5.11,Renault,Duster 85PS Diesel RxL Optional,13,1
Coimbatore,Petrol,Manual,First,15.41,9.66,Skoda,Rapid 1.6 MPI Ambition,7,1
Kolkata,Petrol,Manual,First,20.36,3.4,Hyundai,i10 Sportz 1.2,11,0
Kochi,Petrol,Manual,First,18.15,5.84,Mahindra,KUV 100 mFALCON G80 K8,9,1
Kolkata,Petrol,Automatic,First,23.1,3.8,Maruti,Celerio VXI AMT,10,0
Mumbai,Petrol,Automatic,First,16.98,2.5,Maruti,A-Star AT VXI,14,0
Kolkata,Diesel,Manual,First,25.1,6.95,Honda,City i DTEC VX,11,1
Pune,Petrol,Automatic,First,12.6,5.5,Skoda,Superb 1.8 TSI,16,2
Coimbatore,Petrol,Manual,First,18.9,6.19,Hyundai,Grand i10 Sportz,9,1
Hyderabad,Diesel,Manual,First,20.45,6.0,Renault,Duster 85PS Diesel RxL,13,1
Pune,Petrol,Manual,First,18.9,3.75,Hyundai,Grand i10 Magna,11,1
Kochi,Diesel,Manual,First,22.77,9.46,Ford,EcoSport 1.5 TDCi Titanium,8,1
Jaipur,Petrol,Manual,Second,16.95,3.0,Nissan,Sunny 2011-2014 XL,15,1
Chennai,Diesel,Manual,First,25.83,5.75,Ford,Figo Aspire 1.5 TDCi Titanium,10,1
Coimbatore,Petrol,Manual,First,13.5,4.41,Honda,Civic 2006-2010 1.8 V MT,17,2
Kochi,Petrol,Manual,First,25.17,3.7,Renault,KWID RXT Optional,9,0
Kolkata,Petrol,Manual,Second,19.4,2.5,Honda,Brio EX MT,12,1
Coimbatore,Petrol,Manual,First,16.1,5.35,Maruti,Swift ZXI ABS,14,1
Delhi,Diesel,Manual,First,21.9,3.65,Hyundai,i20 Magna Optional 1.4 CRDi,13,1
Delhi,Diesel,Automatic,First,17.2,13.0,Skoda,Superb Elegance 2.0 TDI CR AT,12,2
Delhi,Petrol,Manual,First,18.9,2.45,Maruti,Wagon R LXI BSII,14,0
Mumbai,Diesel,Automatic,First,21.21,5.75,Volkswagen,Vento 1.5 TDI Highline AT,11,1
Coimbatore,Diesel,Manual,First,26.0,8.11,Honda,City i DTEC S,9,1
Ahmedabad,Diesel,Manual,First,22.54,7.75,Hyundai,i20 1.4 Sportz,8,1
Coimbatore,Petrol,Automatic,First,19.15,5.85,Nissan,Micra XV CVT,9,0
Mumbai,Petrol,Manual,First,25.17,4.29,Renault,KWID RXT Optional,8,0
Hyderabad,Diesel,Manual,First,25.6,8.0,Honda,City i-DTEC SV,11,1
Mumbai,Diesel,Manual,First,13.68,16.5,Toyota,Innova Crysta 2.4 G MT 8S,9,2
Jaipur,Diesel,Manual,First,27.39,5.5,Maruti,Baleno Alpha 1.3,11,0
Delhi,Diesel,Manual,First,22.77,6.35,Ford,EcoSport 1.5 TDCi Trend,11,1
Jaipur,Diesel,Manual,Second,12.99,7.9,Toyota,Innova 2.5 G (Diesel) 8 Seater,13,1
Hyderabad,Diesel,Manual,First,22.7,7.2,Ford,Ecosport 1.5 DV5 MT Ambiente,12,1
Bangalore,Diesel,Manual,First,22.07,3.65,Volkswagen,Polo Diesel Comfortline 1.2L,14,0
Kochi,Diesel,Manual,First,22.54,6.35,Hyundai,i20 Sportz 1.4 CRDi,10,1
Pune,Diesel,Manual,First,19.87,7.8,Renault,Duster 85PS Diesel RxL Explore,10,1
Chennai,Petrol,Manual,Second,13.8,1.4,Ford,Ikon 1.3 Flair,19,0
Chennai,Diesel,Manual,First,13.1,5.5,Ford,Endeavour XLT TDCi 4X2,19,2
Hyderabad,Diesel,Manual,First,27.39,8.5,Maruti,Baleno Delta 1.3,8,0
Kochi,Diesel,Automatic,First,14.84,10.48,Mercedes-Benz,New C-Class C 220 CDI Elegance AT,15,2
Ahmedabad,Petrol,Manual,Second,15.9,0.75,Maruti,Esteem Vxi - BSIII,21,1
Pune,Petrol,Manual,Second,12.85,1.3,Tata,Indigo XL Grand Petrol,18,1
Mumbai,Diesel,Automatic,First,16.73,21.0,BMW,5 Series 525d Sedan,13,3
Delhi,Petrol,Manual,First,17.92,2.3,Hyundai,Santro Xing GL Plus,13,0
Mumbai,Diesel,Automatic,First,19.5,14.95,Skoda,Octavia 2.0 TDI AT Style Plus,11,2
Coimbatore,Diesel,Automatic,Second,17.68,35.92,Audi,A6 2011-2015 35 TDI Technology,9,3
Pune,Diesel,Manual,First,25.83,4.5,Ford,Figo 1.5D Trend MT,10,1
Hyderabad,Diesel,Manual,First,14.95,5.5,Mahindra,Xylo D4 BS III,10,1
Mumbai,Petrol,Automatic,First,23.1,4.45,Maruti,Celerio ZXI AT,11,0
Chennai,Diesel,Manual,First,12.8,6.85,Toyota,Innova 2.5 G4 Diesel 8-seater,18,1
Bangalore,Diesel,Manual,First,24.0,5.5,Hyundai,Grand i10 CRDi Asta,10,0
Kochi,Petrol,Manual,First,18.9,5.07,Hyundai,Grand i10 1.2 Kappa Sportz,10,1
Mumbai,Petrol,Manual,First,18.9,3.85,Hyundai,Grand i10 Sportz,11,1
Chennai,Petrol,Manual,First,18.6,7.95,Hyundai,Elite i20 Petrol Asta,10,1
Jaipur,Petrol,Manual,Second,18.2,1.25,Maruti,Zen Estilo LXI BSIII,17,0
Kochi,Petrol,Manual,First,20.92,3.64,Maruti,Alto K10 2010-2014 VXI,12,0
Jaipur,Diesel,Manual,First,13.0,20.0,Toyota,Fortuner 4x2 Manual,10,2
Coimbatore,Diesel,Manual,First,16.55,10.36,Mahindra,Thar CRDe AC,7,1
Chennai,Petrol,Manual,First,17.0,1.85,Hyundai,Santro Xing XO,19,1
Jaipur,Petrol,Manual,Second,16.78,4.05,Toyota,Etios G,13,1
Mumbai,Diesel,Automatic,First,12.0,48.5,Mercedes-Benz,GL-Class 2007 2012 350 CDI Luxury,11,4
Bangalore,Diesel,Manual,First,19.6,8.25,Renault,Duster 110PS Diesel RxZ,12,1
Pune,Diesel,Manual,First,22.9,5.25,Maruti,Swift VDI,12,0
Mumbai,Petrol,Manual,First,15.04,4.4,Volkswagen,Vento Magnific 1.6 Comfortline,13,1
Mumbai,Diesel,Automatic,First,18.19,25.75,Skoda,Superb L&K 2.0 TDI AT,9,3
Kochi,Diesel,Automatic,First,8.2,29.52,BMW,3 Series 330d Convertible,12,4
Kolkata,Petrol,Manual,Second,18.9,2.1,Maruti,Wagon R VXI BS IV,15,0
Kochi,Petrol,Manual,First,25.17,3.71,Renault,KWID RXT,9,0
Pune,Diesel,Manual,First,10.9,7.5,Ford,Endeavour 4x2 XLT Limited Edition,17,2
Kochi,Diesel,Manual,First,24.3,9.44,Maruti,Vitara Brezza ZDi Plus Dual Tone,9,1
Pune,Petrol,Manual,Second,17.0,1.2,Hyundai,Santro Xing XO eRLX Euro II,20,1
Delhi,Petrol,Automatic,First,10.5,24.0,Mercedes-Benz,E-Class 200 Kompressor Elegance,12,2
Delhi,Diesel,Automatic,Second,16.55,9.75,Audi,A4 2.0 TDI Celebration Edition,15,2
Kolkata,Petrol,Manual,First,18.9,3.45,Hyundai,Grand i10 Asta,12,1
Jaipur,Diesel,Manual,Second,13.5,11.85,Mitsubishi,Pajero Sport 4X4,12,3
Coimbatore,Diesel,Automatic,Second,19.71,16.14,Mercedes-Benz,New C-Class C 250 CDI Avantgarde,14,3
Ahmedabad,Petrol,Automatic,First,24.07,4.0,Maruti,Alto K10 VXI AGS,9,0
Delhi,Petrol,Manual,Second,18.6,5.8,Hyundai,i20 Sportz 1.2,11,1
Kolkata,Diesel,Manual,First,23.4,4.65,Maruti,Swift Dzire VDI,12,0
Pune,Petrol,Automatic,Second,11.8,15.0,Mercedes-Benz,R-Class R350 4Matic Long,16,5
Mumbai,Petrol,Automatic,First,15.63,6.8,Ford,EcoSport 1.5 Ti VCT AT Titanium,11,1
Bangalore,Diesel,Manual,First,25.1,10.25,Honda,City i DTEC VX Option,10,1
Chennai,Petrol,Manual,First,20.92,2.7,Maruti,Alto K10 2010-2014 VXI,12,0
Hyderabad,Diesel,Manual,First,20.77,8.5,Maruti,Ertiga ZDI,11,1
Pune,Diesel,Manual,First,22.54,7.75,Hyundai,i20 Diesel Asta Option,8,1
Pune,Petrol,Manual,First,15.64,2.7,Tata,Indigo CS eGLX BS IV,11,0
Hyderabad,Petrol,Manual,Second,19.7,1.3,Maruti,Alto Std,22,0
Hyderabad,Petrol,Manual,First,15.8,13.2,Hyundai,Creta 1.6 SX,8,1
Pune,Petrol,Manual,Second,18.9,1.0,Maruti,Wagon R LX,22,0
Kochi,Petrol,Manual,First,16.78,6.37,Toyota,Etios V,9,1
Kolkata,Petrol,Manual,First,16.78,4.5,Toyota,Etios V,11,1
Mumbai,Diesel,Manual,First,19.01,6.5,Renault,Duster 110PS Diesel RXZ Optional with Nav,13,1
Mumbai,Diesel,Manual,Second,19.3,4.99,Maruti,Swift Dzire Vdi BSIV,13,0
Coimbatore,Diesel,Automatic,First,17.9,43.3,Mercedes-Benz,GLC 220,9,2
Mumbai,Diesel,Manual,First,22.7,6.5,Ford,Ecosport 1.5 DV5 MT Titanium Optional,12,1
Hyderabad,Petrol,Automatic,First,19.12,9.95,Maruti,Ciaz 1.4 AT Alpha,9,1
Mumbai,Diesel,Manual,First,22.7,7.35,Ford,Ecosport 1.5 DV5 MT Titanium,11,1
Hyderabad,Diesel,Manual,First,22.95,4.6,Tata,Zest Quadrajet 1.3 75PS XE,10,0
Chennai,Diesel,Automatic,First,11.4,8.5,Ford,Endeavour 3.0L 4X4 AT,15,2
Coimbatore,Diesel,Automatic,First,19.6,11.86,Renault,Duster 110PS Diesel RxZ AMT,9,1
Pune,Diesel,Manual,First,14.42,8.0,Nissan,X-Trail SLX MT,15,2
Delhi,Diesel,Automatic,First,12.55,21.5,Toyota,Fortuner 4x4 AT,11,2
Pune,Petrol,Manual,First,15.26,1.3,Chevrolet,Aveo U-VA 1.2 LS,19,0
Chennai,Diesel,Manual,First,20.5,5.9,Skoda,Rapid 1.6 TDI Ambition,14,1
Bangalore,Diesel,Manual,Second,15.1,9.5,Mahindra,XUV500 W8 4WD,13,2
Chennai,Diesel,Manual,First,19.3,4.5,Maruti,Swift Dzire ZDi,16,0
Hyderabad,Diesel,Manual,First,18.7,2.25,Skoda,Octavia Elegance 1.9 TDI,23,0
Mumbai,Petrol,Manual,First,13.7,3.35,Chevrolet,Enjoy Petrol LS 7 Seater,12,1
Kolkata,Petrol,Manual,First,13.2,0.7,Hyundai,Accent GLE,21,1
Bangalore,Petrol,Automatic,First,14.74,16.0,Mercedes-Benz,New C-Class C 200 CGI,14,3
Pune,Diesel,Manual,First,20.45,8.0,Renault,Duster 85PS Diesel RxE,12,1
Hyderabad,Petrol,Automatic,First,12.5,100.0,Jaguar,F Type 5.0 V8 S,11,9
Kochi,Diesel,Manual,First,22.32,4.74,Hyundai,Verna 1.6 SX,14,1
Mumbai,Diesel,Automatic,First,13.0,36.0,Mercedes-Benz,E-Class 2015-2017 E250 CDI Avantgarde,10,3
Kochi,Petrol,Manual,First,15.04,5.54,Volkswagen,Vento Petrol Highline,11,1
Mumbai,Diesel,Automatic,First,18.19,22.99,Skoda,Superb Style 2.0 TDI AT,9,3
Kochi,Diesel,Manual,First,15.4,10.08,Mahindra,Scorpio 1.99 S4 Plus,9,1
Pune,Petrol,Manual,First,17.5,2.85,Skoda,Laura Classic 1.8 TSI,16,1
Pune,Petrol,Manual,First,16.1,0.55,Maruti,800 DX BSII,26,0
Coimbatore,Diesel,Automatic,First,13.22,45.52,Audi,Q5 3.0 TDI Quattro Technology,8,4
Coimbatore,Diesel,Manual,Second,17.45,7.29,Mahindra,NuvoSport N6,8,1
Chennai,Diesel,Manual,Second,20.54,4.3,Volkswagen,Vento Diesel Highline,15,1
Chennai,Petrol,Manual,First,20.85,4.8,Maruti,Swift Dzire VXI Optional,11,1
Mumbai,Petrol,Manual,Second,16.02,5.25,Maruti,Ertiga VXI,14,1
Chennai,Petrol,Manual,First,24.7,2.8,Maruti,Alto 800 2016-2019 LXI,10,0
Kochi,Diesel,Manual,First,21.9,4.35,Hyundai,i20 Magna 1.4 CRDi (Diesel),12,1
Kolkata,Diesel,Manual,First,22.7,5.49,Ford,Ecosport 1.5 DV5 MT Titanium,12,1
Bangalore,Diesel,Manual,First,20.34,6.5,Volkswagen,Vento 1.5 TDI Highline,12,1
Bangalore,Diesel,Manual,First,12.05,6.4,Mahindra,Scorpio VLX 2WD Airbag BSIII,15,1
Kochi,Diesel,Manual,First,25.83,6.22,Ford,Figo Aspire 1.5 TDCi Titanium Plus,10,1
Mumbai,Diesel,Manual,First,12.99,8.4,Toyota,Innova 2.5 G (Diesel) 8 Seater,14,1
Pune,Diesel,Manual,First,28.4,5.9,Maruti,Dzire LDI,8,0
Pune,Petrol,Manual,First,25.17,3.4,Renault,KWID RXL,8,0
Jaipur,Diesel,Manual,Third,13.1,6.5,Ford,Endeavour 2.5L 4X2 MT,15,2
Delhi,Petrol,Manual,First,18.88,6.0,Ford,EcoSport 1.0 Ecoboost Titanium Plus,11,1
Hyderabad,Diesel,Manual,First,19.67,11.9,Hyundai,Creta 1.6 CRDi SX,10,1
Bangalore,Diesel,Automatic,First,14.69,48.0,BMW,5 Series 2013-2017 530d M Sport,10,4
Mumbai,Petrol,Automatic,First,18.69,8.0,Maruti,Ertiga VXI AT Petrol,9,1
Hyderabad,Diesel,Automatic,Second,15.6,2.45,Skoda,Laura L and K AT,19,1
Kolkata,Petrol,Manual,First,18.6,1.75,Chevrolet,Beat LS,13,0
Bangalore,Diesel,Automatic,First,15.73,21.75,Audi,Q3 2.0 TDI,12,3
Pune,Petrol,Manual,First,17.0,7.25,Honda,City 1.5 V MT,12,1
Pune,Petrol,Manual,Second,16.1,3.0,Maruti,Swift Lxi BSIII,17,1
Jaipur,Diesel,Manual,First,20.0,2.51,Ford,Figo Diesel EXI,14,0
Chennai,Diesel,Automatic,First,12.55,19.6,Toyota,Fortuner 4x4 AT,11,2
Pune,Diesel,Manual,Second,15.8,15.5,Mercedes-Benz,New C-Class 200 CDI Classic,13,2
Chennai,Diesel,Manual,First,12.99,11.5,Toyota,Innova 2.5 GX (Diesel) 7 Seater,14,1
Coimbatore,Petrol,Manual,Second,13.0,1.76,Honda,City 1.5 EXI,22,1
Jaipur,Diesel,Manual,First,25.8,4.68,Honda,Amaze S i-Dtech,11,1
Delhi,Petrol,Automatic,Second,14.28,4.0,Toyota,Corolla Altis 1.8 G CVT,16,2
Hyderabad,Diesel,Manual,First,22.3,2.8,Tata,Indica Vista Quadrajet VX,14,0
Mumbai,Diesel,Manual,First,16.0,8.25,Mahindra,XUV500 W8 2WD,14,2
Kolkata,Diesel,Manual,First,21.1,1.7,Maruti,Ritz VDi,16,0
Mumbai,Petrol,Automatic,First,14.74,14.85,Mercedes-Benz,New C-Class C 200 AVANTGARDE,13,3
Mumbai,Petrol,Automatic,First,17.0,12.85,Hyundai,Verna VTVT 1.6 AT SX Option,8,1
Hyderabad,Diesel,Automatic,First,14.94,16.0,Mercedes-Benz,New C-Class C 250 CDI Elegance,14,3
Hyderabad,Petrol,Manual,First,18.9,4.7,Maruti,Wagon R VXI BS IV,8,0
Bangalore,Petrol,Manual,Second,16.02,5.94,Maruti,Ertiga VXI,12,1
Hyderabad,Diesel,Manual,First,20.5,8.0,Skoda,Rapid Ultima 1.6 TDI Elegance,13,1
Delhi,Diesel,Manual,First,12.8,5.45,Toyota,Innova 2.5 V Diesel 8-seater,16,1
Kochi,Petrol,Automatic,First,13.7,26.76,Mercedes-Benz,GLA Class 200 Sport,8,3
Hyderabad,Diesel,Manual,Second,20.14,3.5,Volkswagen,Polo 1.5 TDI Highline,13,1
Kolkata,Diesel,Manual,First,22.32,4.7,Hyundai,Verna 1.6 CRDi EX MT,13,1
Ahmedabad,Petrol,Manual,First,17.0,5.75,Volkswagen,Ameo 1.2 MPI Highline,10,0
Coimbatore,Petrol,Manual,First,18.6,8.11,Hyundai,i20 Asta Option 1.2,9,1
Delhi,Petrol,Manual,Second,17.3,0.75,Maruti,Wagon R LX BSIII,20,0
Pune,Petrol,Manual,Second,13.5,1.0,Tata,Indica LEI,20,0
Hyderabad,Diesel,Manual,First,14.0,5.3,Mahindra,Xylo D4,10,1
Pune,Petrol,Manual,First,18.5,2.74,Hyundai,i20 2015-2017 Magna,16,0
Mumbai,Petrol,Manual,First,21.4,7.5,Maruti,Baleno Alpha,9,1
Jaipur,Diesel,Automatic,First,17.6,13.5,Tata,Hexa XTA,10,2
Kolkata,Petrol,Manual,First,16.47,2.2,Volkswagen,Polo Petrol Comfortline 1.2L,15,0
Mumbai,Petrol,Automatic,First,11.74,13.25,Mercedes-Benz,New C-Class C 200 CGI Elegance,14,3
Delhi,Diesel,Manual,First,23.59,3.88,Toyota,Etios GD,13,1
Jaipur,Petrol,Manual,Second,15.3,0.85,Hyundai,Getz GLS,21,1
Kochi,Petrol,Manual,First,23.84,5.11,Tata,Tiago 1.2 Revotron XT,9,1
Mumbai,Diesel,Manual,First,19.87,4.25,Renault,Duster 85PS Diesel RxL Option,13,1
Coimbatore,Diesel,Automatic,Second,18.25,16.52,Audi,A4 35 TDI Premium Plus,13,3
Pune,Diesel,Manual,Third,13.93,0.6,Tata,New Safari DICOR 2.2 VX 4x2,18,2
Hyderabad,Diesel,Manual,First,22.9,4.8,Maruti,Swift VDI,14,0
Mumbai,Petrol,Automatic,First,13.7,6.25,Skoda,Superb Elegance 1.8 TSI AT,15,2
Mumbai,Petrol,Manual,First,16.3,8.3,Hyundai,Elantra SX,12,2
Pune,Petrol,Manual,Third,17.0,3.25,Honda,City 1.5 E MT,17,1
Pune,Diesel,Manual,First,19.87,7.75,Renault,Duster 85PS Diesel RxL Explore,11,1
Kochi,Diesel,Automatic,First,16.36,30.54,Jaguar,XF 2.2 Litre Luxury,10,3
Pune,Petrol,Manual,Second,17.24,2.96,Volkswagen,Polo IPL II 1.2 Petrol Highline,16,0
Chennai,Petrol,Manual,First,17.57,4.0,Tata,Bolt Revotron XT,10,1
Bangalore,Petrol,Manual,Second,18.5,5.25,Hyundai,i20 Sportz 1.2,12,1
Kochi,Diesel,Automatic,First,17.68,17.56,Audi,A6 2011-2015 2.0 TDI,13,3
Mumbai,Petrol,Manual,First,16.09,3.25,Volkswagen,Vento 1.6 Highline,15,1
Bangalore,Petrol,Manual,First,23.1,4.0,Maruti,Celerio VXI,11,0
Coimbatore,Petrol,Manual,First,15.3,2.2,Hyundai,Getz GLE,19,1
Pune,Diesel,Manual,First,24.3,7.43,Maruti,Vitara Brezza VDi,10,1
Mumbai,Diesel,Automatic,First,8.7,10.75,Mercedes-Benz,M-Class ML 320 CDI,17,4
Delhi,Diesel,Manual,First,19.3,2.75,Maruti,Swift Dzire Vdi BSIV,15,0
Hyderabad,Diesel,Automatic,Second,17.85,45.0,Porsche,Panamera Diesel,13,5
Mumbai,Petrol,Automatic,First,19.16,19.75,Toyota,Camry Hybrid,11,2
Delhi,Petrol,Manual,First,18.5,3.2,Honda,Brio 1.2 VX MT,13,1
Coimbatore,Diesel,Manual,First,12.8,9.48,Toyota,Innova 2.5 V Diesel 7-seater,15,1
Coimbatore,Diesel,Manual,First,25.8,4.83,Honda,Amaze VX i-DTEC,11,1
Delhi,Diesel,Manual,First,28.4,4.75,Maruti,Swift VDI,12,0
Jaipur,Diesel,Manual,First,24.4,4.0,Hyundai,Xcent 1.1 CRDi S,11,0
Jaipur,Diesel,Manual,Second,14.0,2.9,Mahindra,Xylo D4 BSIV,14,1
Kolkata,Petrol,Manual,First,18.9,2.65,Maruti,Wagon R VXI,13,0
Hyderabad,Diesel,Manual,First,25.44,2.5,Chevrolet,Beat Diesel,15,0
