Location,Fuel_Type,Transmission,Owner_Type,Consumation,Seats,Price,Brand,Model,car_age,power/horse
Pune,Diesel,Manual,First,19.67,5,12.5,Hyundai,Creta 1.6 CRDi SX Option,11,7.977243994943111
Chennai,Petrol,Manual,First,18.2,5,4.5,Honda,Jazz V,15,7.397831526271894
Chennai,Diesel,Manual,First,20.77,7,6.0,Maruti,Ertiga VDI,14,7.112179487179487
Coimbatore,Diesel,Automatic,Second,15.2,5,17.74,Audi,A4 New 2.0 TDI Multitronic,13,7.154471544715448
Jaipur,Diesel,Manual,First,23.08,5,3.5,Nissan,Micra Diesel XV,13,4.31895961670089
Mumbai,Diesel,Automatic,First,11.36,8,17.5,Toyota,Innova Crysta 2.8 GX AT 8S,10,6.2250453720508165
Pune,Diesel,Manual,First,20.54,5,5.2,Volkswagen,Vento Diesel Comfortline,13,6.483103879849812
Chennai,Diesel,Manual,Second,22.3,5,1.95,Tata,Indica Vista Quadrajet LS,14,5.929487179487179
Kochi,Petrol,Manual,First,21.56,5,9.95,Maruti,Ciaz Zeta,8,7.062243502051984
Kolkata,Petrol,Automatic,First,16.8,5,4.49,Honda,City 1.5 V AT Sunroof,14,7.768871075484301
Jaipur,Diesel,Manual,First,25.2,5,5.6,Maruti,Swift VDI BSIV,11,5.929487179487179
Delhi,Diesel,Automatic,First,12.7,5,27.0,Land,Rover Range Rover 2.2L Pure,12,8.614043139054612
Pune,Diesel,Automatic,Second,0.0,5,17.5,Land,Rover Freelander 2 TD4 SE,14,5.277650298301973
Delhi,Diesel,Manual,First,13.5,7,15.0,Mitsubishi,Pajero Sport 4X4,12,7.087605974969721
Kochi,Diesel,Manual,First,25.8,5,5.4,Honda,Amaze S i-Dtech,10,6.582109479305741
Jaipur,Diesel,Manual,First,28.4,5,5.99,Maruti,Swift DDiS VDI,9,5.929487179487179
Kochi,Diesel,Manual,First,20.45,5,6.34,Renault,Duster 85PS Diesel RxL Plus,12,5.7357973990417515
Bangalore,Diesel,Automatic,First,14.84,5,28.0,Mercedes-Benz,New C-Class C 220 CDI BE Avantgare,12,7.821745216985534
Kochi,Diesel,Automatic,First,22.69,5,18.55,BMW,3 Series 320d,12,9.523809523809524
Bangalore,Diesel,Manual,Second,23.65,5,8.25,Maruti,S Cross DDiS 200 Alpha,11,7.091346153846153
Mumbai,Petrol,Automatic,First,13.53,5,23.5,Audi,A6 2011-2015 35 TFSI Technology,11,8.921875
Kolkata,Petrol,Manual,First,18.5,5,1.87,Hyundai,i20 1.2 Magna,16,6.683375104427736
Kolkata,Petrol,Automatic,First,14.4,5,2.85,Volkswagen,Vento Petrol Highline AT,16,6.483103879849812
Mumbai,Petrol,Manual,First,16.8,5,4.25,Honda,City Corporate Edition,14,7.768871075484301
Hyderabad,Diesel,Manual,First,23.08,5,4.25,Nissan,Micra Diesel XV,14,4.31895961670089
Hyderabad,Petrol,Manual,Second,20.92,5,2.75,Maruti,Alto K10 2010-2014 VXI,13,6.723446893787574
Kochi,Petrol,Manual,First,17.5,5,9.9,Honda,WRV i-VTEC VX,8,7.397831526271894
Mumbai,Diesel,Manual,Fourth & Above,12.8,7,4.0,Toyota,Innova 2.5 V Diesel 7-seater,19,4.0898155573376105
Bangalore,Diesel,Manual,First,19.01,5,7.75,Renault,Duster 110PS Diesel RxZ Pack,13,7.42299794661191
Delhi,Petrol,Manual,First,14.53,5,6.75,Toyota,Corolla Altis G,14,7.68075639599555
Bangalore,Diesel,Automatic,Second,11.18,7,12.5,Mahindra,Ssangyong Rexton RX7,13,6.824925816023739
Kolkata,Diesel,Automatic,First,12.4,5,11.5,Audi,A6 2.7 TDI,16,6.653076352853966
Coimbatore,Petrol,Manual,Second,16.09,5,6.98,Volkswagen,Vento 1.6 Highline,12,6.476846057571965
Jaipur,Petrol,Manual,Second,14.0,5,1.85,Maruti,Wagon R LXI BSIII,17,6.032045240339302
Kochi,Diesel,Manual,First,24.3,5,8.63,Maruti,Vitara Brezza ZDi Plus,8,7.091346153846153
Delhi,Petrol,Manual,First,18.15,5,4.85,Mahindra,KUV 100 mFALCON G80 K6 5str AW,9,6.844741235392321
Pune,Diesel,Automatic,First,11.74,5,28.0,Mercedes-Benz,M-Class ML 350 CDI,13,8.530297957817208
Chennai,Diesel,Manual,First,22.07,5,5.0,Volkswagen,Polo Diesel Trendline 1.2L,13,6.163469557964971
Delhi,Petrol,Manual,Second,19.7,5,1.25,Maruti,Alto LXi,18,5.816582914572864
Kochi,Petrol,Manual,First,25.4,4,1.53,Tata,Nano LX SE,12,6.009615384615385
Coimbatore,Diesel,Manual,First,25.32,6,5.58,Mahindra,KUV 100 mFALCON D75 K8 Dual Tone,9,6.42737896494157
Kochi,Petrol,Manual,First,18.5,5,4.74,Hyundai,i20 Magna Optional 1.2,12,6.925647451963242
Bangalore,Petrol,Automatic,First,14.62,5,8.85,Hyundai,Elantra 2.0 SX Option AT,12,7.499749874937469
Mumbai,Petrol,Automatic,First,14.28,5,10.11,Toyota,Corolla Altis G AT,10,7.676863181312569
Ahmedabad,Diesel,Manual,Second,14.9,5,4.25,Hyundai,Elantra CRDi,18,5.6353591160221
Bangalore,Petrol,Manual,First,11.25,7,10.95,Toyota,Innova Crysta 2.7 GX MT,14,6.0764662212323675
Jaipur,Diesel,Manual,First,24.4,5,3.85,Hyundai,Xcent 1.1 CRDi S,12,6.3392857142857135
Jaipur,Diesel,Manual,Second,16.55,6,5.5,Mahindra,Thar CRDe AC,14,4.2033626901521215
Kochi,Diesel,Automatic,First,17.11,5,21.43,Audi,A4 2.0 TDI 177 Bhp Premium Plus,11,8.858231707317074
Delhi,Diesel,Manual,First,22.9,5,4.25,Maruti,Swift LDI,12,5.929487179487179
Kolkata,Diesel,Manual,First,17.8,5,3.3,Maruti,Swift Ldi BSIV,12,6.009615384615385
Delhi,Diesel,Manual,First,28.4,5,3.85,Maruti,Swift VDI,13,5.929487179487179
Chennai,Petrol,Manual,Third,18.9,5,3.6,Hyundai,Grand i10 Sportz,11,6.8504594820384295
Kolkata,Petrol,Manual,First,15.04,5,3.99,Volkswagen,Vento 2013-2015 1.6 Comfortline,11,6.458072590738423
Kochi,Petrol,Manual,First,25.17,5,3.3,Renault,KWID RXT,9,6.670838548185232
Kolkata,Petrol,Manual,First,20.36,5,2.07,Hyundai,i10 Asta,16,6.591478696741855
Hyderabad,Diesel,Automatic,First,13.29,5,7.75,Nissan,X-Trail SLX AT,16,7.398496240601503
Hyderabad,Petrol,Manual,First,18.2,5,2.25,Maruti,Zen Estilo VXI BSIII,16,6.723446893787574
Mumbai,Diesel,Manual,First,13.68,8,16.5,Toyota,Innova Crysta 2.4 GX MT 8S,9,6.176347680735479
Bangalore,Diesel,Manual,First,20.0,5,2.75,Ford,Figo Diesel Titanium,16,4.8606147248034315
Delhi,Petrol,Automatic,First,11.74,5,26.7,Mercedes-Benz,New C-Class C 200 CGI Avantgarde,11,10.356347438752785
Pune,Diesel,Manual,Second,15.8,5,10.0,Mercedes-Benz,New C-Class 200 CDI Classic,15,7.9143389199255125
Chennai,Diesel,Manual,First,25.0,5,2.5,Tata,Indica V2 eLS,10,4.9426934097421205
Jaipur,Diesel,Automatic,First,16.55,5,13.5,Audi,A4 2.0 TDI Multitronic,14,7.113821138211382
Mumbai,Petrol,Automatic,Second,16.4,5,1.85,Honda,City ZX CVT,19,5.210420841683367
Coimbatore,Diesel,Automatic,First,0.0,5,35.67,Mercedes-Benz,C-Class Progressive C 220d,7,9.948717948717949
Pune,Diesel,Manual,First,24.52,7,8.15,Maruti,Ertiga SHVS VDI,10,7.091346153846153
Mumbai,Diesel,Manual,First,22.1,5,10.5,Hyundai,Creta 1.4 E Plus Diesel,8,6.353868194842407
Mumbai,Petrol,Automatic,First,8.5,5,14.5,Porsche,Cayenne 2009-2014 Turbo,18,10.403662089055347
Mumbai,Diesel,Manual,First,15.1,7,9.65,Mahindra,XUV500 W8 4WD,11,6.424965580541533
Kochi,Petrol,Automatic,First,16.95,5,3.48,Hyundai,i10 Sportz 1.2 AT,14,6.591478696741855
Kochi,Diesel,Manual,First,19.64,5,6.92,Nissan,Terrano XV D Pre,11,7.426420260095824
Coimbatore,Petrol,Automatic,Second,16.5,5,6.46,Honda,Brio VX AT,10,7.245409015025041
Delhi,Diesel,Automatic,Second,18.53,5,29.5,Audi,A6 2.0 TDI Design Edition,12,9.539634146341463
Jaipur,Diesel,Manual,First,17.8,5,2.0,Ford,Fiesta 1.4 SXi TDCi,18,8.096990259683349
Chennai,Petrol,Manual,Third,12.4,8,4.5,Toyota,Innova 2.0 G1,20,6.606606606606606
Hyderabad,Diesel,Manual,First,12.8,7,11.75,Toyota,Innova 2.5 VX 7 STR BSIV,14,4.0898155573376105
Hyderabad,Petrol,Manual,First,0.0,5,1.3,Hyundai,Santro Xing XL,21,10.4306531982477
Jaipur,Diesel,Manual,First,22.9,5,3.75,Maruti,Swift VDI,14,5.929487179487179
Pune,Petrol,Manual,First,17.57,5,4.5,Tata,Zest Revotron 1.2T XE,9,7.435037720033528
Kochi,Petrol,Manual,First,18.0,5,4.82,Honda,Amaze SX i-VTEC,10,7.237061769616027
Hyderabad,Diesel,Manual,First,20.0,5,2.8,Ford,Figo Diesel ZXI,14,4.8606147248034315
Jaipur,Diesel,Manual,First,23.2,5,3.11,Maruti,Ritz VDi,13,5.924679487179487
Delhi,Petrol,Manual,First,17.8,5,3.25,Honda,City i VTEC E,17,7.83567134268537
Delhi,Diesel,Automatic,Second,16.73,5,13.9,BMW,5 Series 2003-2012 525d,15,10.927318295739347
Pune,Petrol,Manual,First,20.36,5,2.25,Hyundai,i10 Sportz 1.2,17,6.591478696741855
Bangalore,Petrol,Manual,First,18.9,5,5.75,Hyundai,Grand i10 Sportz,10,6.8504594820384295
Hyderabad,Petrol,Manual,First,17.0,5,2.1,Hyundai,Santro Xing XO,19,10.4306531982477
Mumbai,Petrol,Manual,First,17.8,5,5.0,Honda,Amaze SX i-VTEC,10,7.237061769616027
Delhi,Diesel,Manual,First,13.0,7,16.5,Toyota,Fortuner 4x2 Manual,12,5.650570087189806
Coimbatore,Diesel,Automatic,First,17.68,5,39.58,Audi,A6 2011-2015 35 TDI Premium,8,8.858231707317074
Delhi,Diesel,Manual,First,22.7,5,5.5,Ford,Ecosport 1.5 DV5 MT Titanium Optional,13,5.9973297730307085
Delhi,Diesel,Manual,First,15.1,7,8.1,Mahindra,XUV500 W8 2WD,12,6.424965580541533
Kolkata,Diesel,Manual,First,25.8,5,3.5,Honda,Amaze SX i-DTEC,11,6.582109479305741
Kolkata,Diesel,Manual,First,22.07,5,2.79,Volkswagen,Polo Diesel Highline 1.2L,13,6.163469557964971
Ahmedabad,Diesel,Manual,First,16.2,5,3.45,Hyundai,Verna Transform SX VGT CRDi,16,7.367716008037509
Bangalore,Petrol,Manual,First,18.9,5,4.45,Maruti,Wagon R VXI BS IV,10,6.723446893787574
Delhi,Petrol,Manual,First,15.26,5,2.65,Volkswagen,Polo Petrol Highline 1.6L,16,6.476846057571965
Pune,Diesel,Manual,Second,23.0,5,3.8,Hyundai,i20 1.4 CRDi Sportz,15,6.446991404011461
Mumbai,Petrol,Manual,First,18.5,5,4.65,Hyundai,i20 Asta 1.2,12,6.921470342522975
Kolkata,Diesel,Automatic,First,14.94,5,9.8,Audi,A4 3.0 TDI Quattro Premium,16,8.136164475901584
Pune,Petrol,Manual,Second,17.0,5,2.7,Hyundai,i20 2015-2017 Asta,17,6.683375104427736
Coimbatore,Petrol,Manual,First,14.0,5,2.41,Maruti,Omni 5 Str STD,16,4.396984924623116
Ahmedabad,Petrol,Manual,First,17.71,5,3.9,Toyota,Etios Liva 1.2 G,12,6.591478696741855
Hyderabad,Diesel,Automatic,Second,14.74,5,24.0,Jaguar,XF 3.0 Litre S Premium Luxury,15,9.05111927831607
Delhi,Diesel,Manual,Second,16.0,7,5.75,Mahindra,XUV500 W8 2WD,14,6.424965580541533
Kolkata,Diesel,Automatic,First,22.32,5,5.25,Hyundai,Verna 1.6 SX CRDI (O) AT,12,7.984829329962073
Mumbai,Diesel,Automatic,First,11.36,7,19.25,Toyota,Innova Crysta 2.8 ZX AT,9,6.2250453720508165
Coimbatore,Petrol,Manual,First,15.1,5,3.91,Maruti,Eeco 5 Seater AC,9,6.103678929765886
Bangalore,Petrol,Manual,First,25.4,4,2.15,Tata,Nano Twist XT,12,6.009615384615385
Mumbai,Diesel,Automatic,First,22.69,5,20.75,BMW,3 Series 320d Luxury Line,11,9.523809523809524
Delhi,Petrol,Manual,First,13.5,5,3.35,Honda,Civic 2006-2010 1.8 V MT,16,7.226236798221233
Ahmedabad,Diesel,Manual,First,12.99,7,11.11,Toyota,Innova 2.5 VX (Diesel) 7 Seater,12,4.033680834001604
Bangalore,Diesel,Automatic,First,23.3,5,20.0,Volvo,V40 Cross Country D3,12,7.560483870967742
Coimbatore,Petrol,Automatic,First,19.15,5,6.55,Nissan,Micra XV CVT,10,6.338898163606011
Mumbai,Petrol,Automatic,First,10.8,5,7.0,BMW,5 Series 2010-2013 525i,17,8.610332398878654
Mumbai,Diesel,Manual,First,24.3,5,7.5,Maruti,Vitara Brezza VDi,10,7.091346153846153
Mumbai,Petrol,Manual,Second,17.0,5,0.85,Hyundai,Santro Xing XL eRLX Euro III,21,10.4306531982477
Pune,Diesel,Automatic,Second,15.0,5,16.75,Mercedes-Benz,B Class B200 CDI,12,5.006999533364443
Kolkata,Diesel,Manual,First,22.0,5,10.95,Hyundai,Verna CRDi 1.6 SX Option,8,7.977243994943111
Pune,Petrol,Manual,First,18.9,5,2.45,Maruti,Wagon R LXI BS IV,15,6.723446893787574
Coimbatore,Petrol,Automatic,First,21.9,4,3.23,Tata,Nano XTA,9,6.0064102564102555
Kolkata,Diesel,Manual,First,12.05,8,7.75,Mahindra,Scorpio VLX,12,5.507113354749885
Kolkata,Petrol,Automatic,First,11.7,5,9.35,Mercedes-Benz,New C-Class 200 K AT,17,9.910913140311804
Bangalore,Petrol,Manual,Second,10.8,5,5.25,Honda,CR-V 2.4 MT,19,6.457094307561598
Pune,Diesel,Automatic,First,21.21,5,7.25,Volkswagen,Vento 1.5 TDI Comfortline AT,11,6.889185580774367
Kochi,Petrol,Manual,First,20.73,5,7.47,Maruti,Ciaz VXi Plus,9,6.635105608157319
Jaipur,Diesel,Automatic,First,16.0,7,13.25,Mahindra,XUV500 AT W10 FWD,10,6.424965580541533
Coimbatore,Petrol,Manual,First,21.1,5,5.81,Maruti,Ritz VXI ABS,10,7.167919799498747
Hyderabad,Petrol,Manual,First,24.07,5,2.6,Maruti,Alto K10 VXI,12,6.723446893787574
Kolkata,Petrol,Automatic,First,19.0,2,54.0,Mercedes-Benz,SLC 43 AMG,9,12.085113484646195
Kochi,Petrol,Automatic,First,17.0,5,11.5,Hyundai,Verna VTVT 1.6 AT SX Plus,7,7.6241357636706475
Chennai,Petrol,Manual,Second,19.7,5,1.6,Maruti,Alto LXi BSIII,16,5.816582914572864
Coimbatore,Diesel,Automatic,First,20.58,5,17.22,BMW,1 Series 118d Base,11,7.167919799498747
Mumbai,Petrol,Automatic,First,19.0,5,6.0,Honda,Jazz 1.2 V CVT i VTEC,11,7.397831526271894
Delhi,Petrol,Manual,First,13.5,5,3.95,Honda,Civic 2006-2010 1.8 V MT,14,7.226236798221233
Kochi,Diesel,Automatic,First,19.27,5,17.95,Mercedes-Benz,New C-Class C 220 CDI Avantgarde,12,7.932804479701354
Kolkata,Diesel,Manual,First,25.8,5,3.7,Honda,Amaze SX i-DTEC,12,6.582109479305741
Kochi,Petrol,Manual,First,22.0,5,5.43,Maruti,Swift VVT VXI,10,6.83375104427736
Kochi,Petrol,Manual,Third,17.0,5,1.67,Hyundai,Santro Xing XO eRLX Euro II,18,10.4306531982477
Coimbatore,Diesel,Manual,First,11.5,7,13.49,Toyota,Fortuner 3.0 Diesel,14,5.734406438631791
Pune,Petrol,Manual,First,18.6,5,2.85,Chevrolet,Beat LT Option,12,6.40533778148457
Chennai,Diesel,Manual,First,21.14,5,4.75,Skoda,Rapid 1.5 TDI Elegance,13,6.910547396528704
Kochi,Petrol,Manual,First,20.73,5,9.9,Maruti,Ciaz 1.4 Alpha,8,6.635105608157319
Mumbai,Petrol,Automatic,First,11.05,4,37.0,Audi,RS5 Coupe,13,15.342087076710436
Mumbai,Diesel,Automatic,First,21.76,5,26.5,BMW,3 Series Luxury Line,12,9.523809523809524
Coimbatore,Diesel,Automatic,First,17.11,5,23.32,Audi,A4 2.0 TDI 177 Bhp Premium Plus,11,8.858231707317074
Chennai,Diesel,Manual,First,22.9,5,6.25,Maruti,Swift VDI,10,5.929487179487179
Kolkata,Petrol,Automatic,First,7.81,5,30.0,Mercedes-Benz,S Class 2005 2013 S 500,16,6.6453030580479755
Coimbatore,Diesel,Automatic,First,21.66,5,9.86,Skoda,Rapid 1.5 TDI AT Elegance Plus Black Package,10,6.910547396528704
Pune,Diesel,Automatic,First,17.2,5,8.5,Skoda,Superb Elegance 2.0 TDI CR AT,14,7.017276422764228
Kochi,Petrol,Manual,First,21.1,5,4.23,Hyundai,EON Magna Plus,7,6.781326781326781
Jaipur,Diesel,Manual,First,22.07,5,3.5,Volkswagen,Polo Diesel Trendline 1.2L,14,6.163469557964971
Kolkata,Petrol,Manual,First,19.4,5,2.39,Honda,Brio S MT,13,7.245409015025041
Delhi,Petrol,Automatic,First,14.8,5,11.25,Mercedes-Benz,B Class B180,13,7.567398119122257
Kochi,Diesel,Manual,First,26.0,5,7.11,Honda,City i DTEC V,11,6.582109479305741
Ahmedabad,Diesel,Manual,First,12.99,7,10.9,Toyota,Innova 2.5 G (Diesel) 7 Seater,10,4.033680834001604
Ahmedabad,Petrol,Manual,First,20.4,5,6.2,Maruti,Swift VXI Optional,9,6.83375104427736
Mumbai,Diesel,Manual,First,15.1,7,7.9,Mahindra,XUV500 W8 2WD,14,6.424965580541533
Kochi,Diesel,Manual,First,22.7,5,4.42,Ford,Ecosport 1.5 DV5 MT Ambiente,12,5.9973297730307085
Mumbai,Diesel,Manual,First,13.0,7,13.5,Toyota,Fortuner 4x2 Manual,14,5.650570087189806
Chennai,Diesel,Automatic,First,21.5,5,6.25,Volkswagen,Vento 1.5 Highline Plus AT 16 Alloy,13,7.242990654205607
Jaipur,Diesel,Manual,Second,20.0,5,2.1,Ford,Figo Diesel Titanium,16,4.8606147248034315
Mumbai,Diesel,Automatic,First,15.3,5,45.0,BMW,X5 xDrive 30d,11,8.620113598396257
Coimbatore,Diesel,Automatic,First,19.27,5,33.66,Mercedes-Benz,New C-Class C 220 CDI Style,9,7.821745216985534
Bangalore,Petrol,Manual,Second,19.4,5,3.65,Honda,Brio V MT,14,7.245409015025041
Delhi,Petrol,Manual,First,20.36,5,2.75,Hyundai,i10 Magna 1.2,13,6.591478696741855
Bangalore,Diesel,Automatic,First,17.9,5,42.5,Mercedes-Benz,GLC 220,10,7.932804479701354
Kolkata,Petrol,Manual,First,18.9,5,6.5,Hyundai,Grand i10 1.2 Kappa Asta,7,6.838763575605681
Mumbai,Diesel,Automatic,Second,17.68,5,19.0,Audi,A6 2011-2015 2.0 TDI Premium Plus,14,8.858231707317074
Mumbai,Petrol,Automatic,Second,14.4,5,4.45,Volkswagen,Vento Petrol Highline AT,13,6.483103879849812
Jaipur,Diesel,Automatic,Second,16.6,5,23.0,Mini,Countryman Cooper D,9,5.605605605605605
Bangalore,Diesel,Manual,First,22.54,5,8.35,Hyundai,i20 Asta 1.4 CRDi,12,6.356017191977077
Mumbai,Diesel,Automatic,First,17.68,5,22.95,Audi,A6 2011-2015 2.0 TDI Premium Plus,12,8.858231707317074
Jaipur,Diesel,Manual,First,25.44,5,1.5,Chevrolet,Beat Diesel LT,14,6.153846153846154
Kochi,Petrol,Automatic,First,13.7,5,6.89,Skoda,Superb Elegance 1.8 TSI AT,14,8.773637374860957
Chennai,Diesel,Manual,Second,17.8,5,1.45,Ford,Fiesta 1.4 TDCi EXI Limited Edition,20,4.8606147248034315
Hyderabad,Diesel,Automatic,First,22.48,5,33.5,BMW,5 Series 520d Luxury Line,12,9.523809523809524
Jaipur,Petrol,Manual,First,12.9,5,1.25,Chevrolet,Optra Magnum 1.6 LS BS3,19,6.414267834793493
Hyderabad,Diesel,Manual,First,22.07,5,4.2,Volkswagen,Polo Diesel Highline 1.2L,14,6.163469557964971
Mumbai,Diesel,Manual,First,19.98,8,6.75,Renault,Lodgy 110PS RxZ 8 Seater,11,7.426420260095824
Bangalore,Diesel,Automatic,First,13.0,5,32.0,Mercedes-Benz,E-Class E250 CDI Avantgrade,12,9.384041063929072
Kochi,Petrol,Manual,First,21.4,5,7.5,Maruti,Baleno Alpha,9,6.942355889724311
Delhi,Diesel,Manual,First,22.32,5,4.6,Hyundai,Verna 1.6 SX,14,7.984829329962073
Kochi,Petrol,Manual,First,19.81,5,4.04,Hyundai,i10 Magna 1.1,9,6.266114180478821
Kochi,Diesel,Manual,First,15.4,7,10.31,Mahindra,Scorpio 1.99 S10 4WD,10,6.009013520280421
Coimbatore,Diesel,Automatic,First,12.7,5,55.76,Land,Rover Range Rover 2.2L Dynamic,8,8.614043139054612
Chennai,Diesel,Manual,First,20.0,5,2.6,Ford,Figo Diesel ZXI,16,4.8606147248034315
Mumbai,Diesel,Manual,First,25.47,7,8.5,Maruti,Ertiga ZDI,10,7.091346153846153
Kolkata,Diesel,Manual,First,25.8,5,3.5,Honda,Amaze S i-Dtech,12,6.582109479305741
Jaipur,Petrol,Manual,First,20.36,5,3.55,Hyundai,i10 Magna,11,6.591478696741855
Kolkata,Diesel,Manual,First,25.8,5,3.25,Honda,Amaze S i-Dtech,13,6.582109479305741
Hyderabad,Diesel,Manual,First,17.5,5,4.5,Skoda,Laura Ambiente,18,5.590717299578059
Delhi,Diesel,Manual,First,19.87,5,5.35,Renault,Duster 85PS Diesel RxL,12,5.7357973990417515
Chennai,Diesel,Manual,Second,17.45,7,6.5,Mahindra,NuvoSport N6,9,6.697923643670463
Mumbai,Diesel,Manual,First,24.3,5,9.0,Maruti,Vitara Brezza ZDi Plus Dual Tone,10,7.091346153846153
Kochi,Petrol,Manual,First,18.6,5,6.0,Hyundai,i20 Asta Option 1.2,10,6.836257309941521
Jaipur,Petrol,Manual,First,14.7,5,2.75,Skoda,Fabia 1.4 MPI Ambiente,17,6.115107913669065
Pune,Petrol,Manual,First,15.64,5,1.5,Tata,Indigo eCS GLX,16,5.37300922045264
Delhi,Diesel,Automatic,First,15.73,5,19.9,Audi,Q3 2012-2015 35 TDI Quattro Premium Plus,11,8.858231707317074
Mumbai,Petrol,Automatic,First,14.7,5,10.0,Skoda,Octavia Elegance 1.8 TSI AT,12,9.872080088987763
Delhi,Diesel,Manual,First,23.59,5,3.0,Toyota,Etios Liva GD SP,12,4.916422287390029
Kochi,Petrol,Automatic,First,14.8,5,11.96,Mercedes-Benz,B Class B180,12,7.567398119122257
Kolkata,Diesel,Manual,First,27.4,5,3.25,Honda,Amaze S Diesel,13,6.582109479305741
Jaipur,Diesel,Manual,Second,22.32,5,4.75,Hyundai,Verna 1.6 SX,14,7.984829329962073
Mumbai,Diesel,Manual,First,20.46,5,5.95,Renault,Duster 85PS Diesel RxL Optional,12,5.7357973990417515
Delhi,Petrol,Manual,Second,15.29,5,8.15,Hyundai,Creta 1.6 VTVT S,11,7.6241357636706475
Mumbai,Petrol,Automatic,First,20.51,5,4.22,Maruti,Wagon R AMT VXI,10,6.713426853707414
Kolkata,Petrol,Automatic,First,11.74,5,10.5,Mercedes-Benz,New C-Class C250 Avantgarde,16,10.356347438752785
Delhi,Diesel,Automatic,First,11.8,5,45.0,Audi,A8 L 3.0 TDI quattro,14,8.31479609032693
Pune,Petrol,Manual,Second,19.81,5,2.9,Hyundai,i10 Magna 1.1,14,6.266114180478821
Mumbai,Petrol,Automatic,First,14.3,5,8.9,Skoda,Rapid 1.6 MPI AT Style Black Package,9,6.478097622027534
Hyderabad,Petrol,Automatic,First,14.67,5,26.0,Skoda,Superb Style 1.8 TSI AT,9,9.869855394883203
Coimbatore,Petrol,Manual,First,17.19,5,8.22,Hyundai,i20 Active 1.2 SX,8,6.838763575605681
Kolkata,Diesel,Manual,Second,25.8,5,3.5,Honda,Amaze VX i-DTEC,12,6.582109479305741
Chennai,Petrol,Manual,Second,18.9,5,1.25,Maruti,Wagon R LXI,22,6.723446893787574
Hyderabad,Diesel,Manual,First,21.03,5,3.7,Mahindra,Verito 1.5 D4 BSIV,13,4.4490075290896645
Coimbatore,Diesel,Automatic,First,19.27,5,39.41,Mercedes-Benz,New C-Class C 220d Avantgarde Edition C,8,7.821745216985534
Kolkata,Petrol,Manual,First,22.5,5,2.65,Maruti,Wagon R VXI,13,6.717434869739479
Coimbatore,Diesel,Manual,Second,19.01,5,8.92,Nissan,Terrano XV Premium 110 PS Anniversary Edition,11,7.426420260095824
Delhi,Diesel,Manual,First,17.8,5,4.1,Maruti,Swift VDI BSIV,13,9.076674177321317
Kochi,Petrol,Automatic,First,16.82,4,35.67,Mini,Cooper Convertible S,9,9.463463463463464
Jaipur,Diesel,Manual,Second,17.2,5,0.85,Tata,Indica V2 DLS BSII,19,3.832378223495702
Kochi,Petrol,Manual,Second,18.6,5,3.32,Chevrolet,Beat LT,10,6.40533778148457
Mumbai,Diesel,Manual,First,22.07,5,3.6,Volkswagen,Polo Diesel Comfortline 1.2L,14,6.163469557964971
Hyderabad,Diesel,Manual,First,22.9,5,6.8,Maruti,Swift ZDi,10,5.929487179487179
Kolkata,Diesel,Manual,First,20.0,5,2.5,Ford,Figo Diesel EXI,14,4.8641887062187275
Kochi,Diesel,Automatic,First,11.36,7,19.64,Toyota,Innova Crysta 2.8 GX AT,7,6.2250453720508165
Mumbai,Diesel,Automatic,Second,11.72,7,7.0,Hyundai,Santa Fe 4x4 AT,15,8.835834470213735
Kolkata,Petrol,Manual,First,17.4,5,3.87,Honda,City i-VTEC V,15,7.83567134268537
Kochi,Petrol,Manual,First,18.6,5,6.27,Hyundai,i20 1.2 Magna Executive,8,6.836257309941521
Kochi,Diesel,Automatic,First,19.27,5,18.12,Mercedes-Benz,New C-Class C 220d Avantgarde Edition C,11,7.821745216985534
Mumbai,Diesel,Manual,First,25.44,5,2.65,Chevrolet,Beat Diesel LT,13,6.153846153846154
Kochi,Diesel,Manual,First,22.54,5,7.2,Hyundai,i20 Sportz 1.4 CRDi,11,6.356017191977077
Coimbatore,Diesel,Manual,First,12.99,7,14.3,Toyota,Innova 2.5 Z Diesel 7 Seater,11,4.033680834001604
Chennai,Diesel,Manual,First,20.77,7,6.9,Maruti,Ertiga VDI,13,7.112179487179487
Mumbai,Diesel,Manual,First,12.8,7,10.75,Toyota,Innova 2.5 V Diesel 7-seater,12,4.0898155573376105
Mumbai,Petrol,Manual,Third,17.0,5,0.95,Hyundai,Santro Xing XO eRLX Euro II,19,10.4306531982477
Kochi,Petrol,Manual,First,17.8,5,8.09,Honda,City i VTEC V,10,7.83567134268537
Ahmedabad,Diesel,Automatic,First,17.05,5,18.5,BMW,X1 sDrive20d,12,9.223057644110275
Mumbai,Diesel,Manual,First,24.0,5,4.75,Hyundai,Grand i10 CRDi Era,9,6.25
Chennai,Diesel,Manual,First,28.09,5,8.45,Maruti,Ciaz 1.3 Alpha,10,7.091346153846153
Kolkata,Diesel,Manual,First,20.5,5,3.5,Skoda,Rapid Leisure 1.6 TDI MT,14,6.483103879849812
Kochi,Diesel,Manual,First,13.1,5,1.8,Hyundai,Accent CRDi,20,5.492297387809779
Jaipur,Diesel,Manual,Second,19.91,5,3.7,Volkswagen,Polo GT 1.5 TDI,12,6.915887850467289
Coimbatore,Petrol,Manual,First,18.7,5,7.17,Honda,Jazz 1.2 VX i VTEC,9,7.397831526271894
Jaipur,Petrol,Manual,First,19.81,5,1.75,Hyundai,i10 Era,16,6.266114180478821
Kochi,Diesel,Automatic,First,16.38,5,21.99,Hyundai,Tucson 2.0 e-VGT 2WD AT GLS,8,9.172932330827068
Pune,Diesel,Manual,First,13.68,7,18.65,Toyota,Innova Crysta 2.4 ZX MT,9,6.176347680735479
Jaipur,Petrol,Manual,Third,19.7,5,1.85,Maruti,Omni MPI CARGO BSIII W/ IMMOBILISER,15,4.396984924623116
Coimbatore,Petrol,Manual,Second,20.4,5,5.95,Maruti,Swift VXI BSIV,9,6.83375104427736
Mumbai,Petrol,Manual,First,18.9,5,3.75,Hyundai,Grand i10 Magna,12,6.8504594820384295
Pune,Diesel,Manual,First,22.9,5,3.75,Maruti,Swift VDI,14,5.929487179487179
Hyderabad,Diesel,Manual,First,22.0,5,2.6,Hyundai,Verna CRDi 1.6 SX,18,7.977243994943111
Hyderabad,Petrol,Manual,First,0.0,5,1.75,Hyundai,Santro Xing XL,20,10.4306531982477
Mumbai,Petrol,Manual,First,17.0,5,2.8,Hyundai,i20 1.2 Sportz,16,6.683375104427736
Coimbatore,Diesel,Automatic,First,11.57,5,61.29,Mercedes-Benz,GLE 350d,9,8.529963173752929
Bangalore,Diesel,Manual,Second,15.8,5,18.0,Mercedes-Benz,New C-Class C 220 CDI CLASSIC,12,7.9143389199255125
Hyderabad,Diesel,Manual,First,23.2,5,4.35,Maruti,Ritz ZDi,12,5.924679487179487
Bangalore,Diesel,Manual,First,19.67,5,13.75,Hyundai,Creta 1.6 CRDi SX,10,7.977243994943111
Pune,Petrol,Manual,First,19.0,5,2.0,Maruti,A-Star Vxi,16,6.623246492985971
Delhi,Diesel,Manual,First,19.64,5,10.0,Renault,Duster 110PS Diesel RXZ Option,10,7.42299794661191
Delhi,Diesel,Manual,First,17.8,5,1.65,Fiat,Grande Punto 1.3 Emotion Pack (Diesel),16,6.089743589743589
Coimbatore,Diesel,Automatic,First,16.55,5,45.77,BMW,X3 xDrive30d M Sport,9,8.620113598396257
Bangalore,Petrol,Manual,Second,20.36,5,3.25,Hyundai,i10 Sportz,16,6.591478696741855
Pune,Diesel,Manual,First,12.8,7,12.8,Toyota,Innova 2.5 G4 Diesel 7-seater,10,4.0898155573376105
Mumbai,Petrol,Manual,Third,17.3,5,0.55,Maruti,Zen VXI BSII,24,6.042296072507553
Hyderabad,Diesel,Manual,First,28.4,5,7.15,Maruti,Swift VDI,8,5.929487179487179
Pune,Diesel,Manual,Second,12.05,8,7.0,Mahindra,Scorpio VLX 2.2 mHawk Airbag BSIV,13,5.507113354749885
Pune,Diesel,Manual,First,22.95,5,3.75,Tata,Zest Quadrajet 1.3 75PS XE,9,5.929487179487179
Mumbai,Petrol,Manual,First,18.88,5,8.5,Ford,EcoSport 1.0 Ecoboost Titanium Plus,9,12.336336336336336
Jaipur,Diesel,Manual,First,23.4,5,4.35,Maruti,Swift Dzire ZDI,14,5.929487179487179
Kochi,Petrol,Manual,First,22.74,5,3.26,Maruti,Alto 800 LXI,10,5.942211055276381
Jaipur,Petrol,Manual,First,17.0,5,4.21,Honda,City 1.5 S MT,15,7.882431529726119
Kochi,Diesel,Automatic,First,12.07,7,70.36,Audi,Q7 3.0 TDI Quattro Technology,8,8.136164475901584
Mumbai,Diesel,Automatic,Second,17.0,5,2.95,Skoda,Laura 1.9 TDI AT Ambiente,17,5.537974683544303
Kochi,Petrol,Manual,First,17.1,5,4.28,Hyundai,Verna 1.6 SX VTVT (O),14,7.6241357636706475
Jaipur,Petrol,Automatic,First,16.8,5,3.57,Honda,City 1.5 V AT,17,7.882431529726119
Kolkata,Diesel,Manual,First,21.9,5,3.11,Hyundai,i20 Magna Optional 1.4 CRDi,13,6.3610315186246424
Coimbatore,Petrol,Automatic,First,15.0,5,5.96,Hyundai,i20 Sportz AT 1.4,12,7.063037249283667
Hyderabad,Diesel,Manual,First,20.54,5,4.7,Volkswagen,Vento Diesel Highline,15,6.483103879849812
Ahmedabad,Petrol,Manual,First,17.4,5,6.9,Honda,City i VTEC VX,12,7.83567134268537
Pune,Diesel,Manual,First,22.95,5,5.25,Tata,Zest Quadrajet 1.3 75PS XE,8,5.929487179487179
Pune,Diesel,Automatic,First,18.48,5,28.0,BMW,5 Series 2003-2012 520d,11,8.87218045112782
Delhi,Petrol,Manual,First,18.9,5,1.35,Maruti,Wagon R LXI Minor,17,6.314797360980208
Delhi,Petrol,Manual,First,18.2,5,4.85,Honda,Jazz VX,11,7.397831526271894
Coimbatore,Diesel,Manual,First,15.0,5,6.7,Volkswagen,Jetta 2007-2011 2.0 TDI Comfortline,14,5.537974683544303
Hyderabad,Petrol,Manual,First,20.36,5,3.1,Hyundai,i10 Magna 1.2,16,6.591478696741855
Kochi,Diesel,Automatic,First,19.27,5,18.64,Mercedes-Benz,New C-Class C 220 CDI Avantgarde,11,7.932804479701354
Pune,Petrol,Manual,First,20.36,5,2.8,Hyundai,i10 Magna 1.2 iTech SE,14,6.591478696741855
Chennai,Diesel,Manual,First,13.68,7,20.25,Toyota,Innova Crysta 2.4 ZX MT,10,6.176347680735479
Kochi,Diesel,Automatic,First,17.68,5,26.78,Audi,A6 2011-2015 2.0 TDI Technology,11,8.858231707317074
Hyderabad,Diesel,Manual,Second,12.99,7,8.26,Toyota,Innova 2.5 VX (Diesel) 7 Seater,16,4.033680834001604
Mumbai,Petrol,Manual,First,16.47,5,3.89,Volkswagen,Polo Petrol Trendline 1.2L,11,6.168614357262104
Hyderabad,Petrol,Manual,First,20.92,5,2.1,Maruti,Alto K10 LXI,15,6.723446893787574
Mumbai,Petrol,Automatic,First,18.0,5,12.69,Honda,City i-VTEC CVT ZX,9,7.83567134268537
Coimbatore,Diesel,Manual,First,17.0,5,2.58,Tata,Indigo LX,13,4.98220640569395
Kochi,Diesel,Automatic,First,17.68,5,20.77,Audi,A6 2011-2015 2.0 TDI Premium Plus,12,8.858231707317074
Delhi,Diesel,Automatic,First,17.9,5,20.26,Mercedes-Benz,GLA Class 200 CDI SPORT,11,6.346243583761082
Chennai,Petrol,Manual,Second,0.0,5,1.5,Hyundai,Santro Xing XL,20,10.4306531982477
Kolkata,Diesel,Manual,First,17.8,5,2.5,Maruti,Swift VDI BSIV,15,9.076674177321317
Hyderabad,Petrol,Automatic,First,23.1,5,4.25,Maruti,Celerio VXI AT,12,6.717434869739479
Hyderabad,Diesel,Automatic,First,17.9,5,57.0,Mercedes-Benz,GLE 250d,9,9.386374241717219
Delhi,Diesel,Automatic,First,12.7,5,44.0,Land,Rover Range Rover HSE Dynamic,9,8.614043139054612
Hyderabad,Diesel,Manual,First,20.54,5,3.65,Volkswagen,Vento Diesel Trendline,15,6.483103879849812
Hyderabad,Petrol,Manual,First,14.0,5,2.05,Maruti,Omni 8 Seater BSIV,14,4.396984924623116
Kochi,Petrol,Manual,First,18.5,5,3.13,Honda,Brio 1.2 VX MT,14,7.245409015025041
Hyderabad,Diesel,Manual,Second,14.07,7,1.5,Tata,Sumo Delux,26,2.8112313937753717
Pune,Diesel,Manual,First,18.0,5,2.85,Tata,Indica Vista Aura 1.3 Quadrajet,14,6.009615384615385
Delhi,Petrol,Manual,First,18.9,5,2.65,Maruti,Wagon R LXI BS IV,14,6.723446893787574
Hyderabad,Diesel,Manual,First,16.0,7,10.6,Mahindra,XUV500 W8 4WD,11,6.424965580541533
Pune,Diesel,Manual,Second,17.1,5,1.25,Tata,Indigo LS Dicor,18,5.014326647564469
Mumbai,Petrol,Manual,First,16.02,7,8.25,Maruti,Ertiga Paseo VXI,8,6.824471959213402
Mumbai,Petrol,Automatic,First,11.7,5,4.45,Honda,Accord 2.4 A/T,15,7.544604927782498
Kolkata,Diesel,Manual,First,19.3,5,3.7,Maruti,Swift Dzire VDi,14,5.9214743589743595
Hyderabad,Diesel,Manual,First,17.8,5,2.8,Ford,Fiesta EXi 1.4 TDCi Ltd,17,4.8606147248034315
Kolkata,Petrol,Manual,First,17.7,5,1.8,Honda,City ZX GXi,18,5.210420841683367
Kochi,Diesel,Automatic,First,17.68,5,21.95,Audi,A6 2011-2015 2.0 TDI Premium Plus,12,8.858231707317074
Mumbai,Diesel,Automatic,First,9.52,4,49.0,BMW,6 Series 640d Gran Coupe,15,10.457734714333444
Coimbatore,Diesel,Automatic,First,14.75,7,62.67,Audi,Q7 45 TDI Quattro Technology,9,8.257499157398044
Pune,Diesel,Manual,First,23.0,5,5.5,Hyundai,i20 1.4 CRDi Asta,14,6.446991404011461
Bangalore,Petrol,Automatic,Third,16.95,5,2.95,Hyundai,i10 Sportz AT,17,6.591478696741855
Kochi,Petrol,Automatic,First,19.0,5,6.86,Honda,Jazz 1.2 V CVT i VTEC,10,7.397831526271894
Hyderabad,Diesel,Manual,First,25.2,5,6.15,Maruti,Swift VDI BSIV,11,5.929487179487179
Pune,Petrol,Manual,Second,18.5,5,3.3,Hyundai,i20 Asta 1.2,15,6.921470342522975
Kolkata,Petrol,Manual,First,16.47,5,2.55,Volkswagen,Polo Petrol Comfortline 1.2L,15,6.168614357262104
Ahmedabad,Petrol,Manual,First,19.7,5,1.5,Maruti,Alto LXi,17,5.816582914572864
Chennai,Petrol,Automatic,Second,11.3,5,2.5,Toyota,Corolla H4,22,6.967670011148272
Chennai,Petrol,Manual,Second,19.7,5,1.4,Maruti,Alto LXi,20,5.816582914572864
Pune,Diesel,Manual,First,21.12,5,3.4,Tata,Manza ELAN Quadrajet BS IV,14,7.115384615384615
Pune,Petrol,Manual,First,19.7,5,2.25,Maruti,Alto LXi,14,5.816582914572864
Kolkata,Diesel,Automatic,First,19.3,5,7.5,Skoda,Octavia Ambition Plus 2.0 TDI AT,13,7.164634146341463
Kolkata,Petrol,Automatic,First,11.3,5,2.8,Toyota,Corolla H4,18,6.967670011148272
Coimbatore,Petrol,Manual,First,18.6,5,7.66,Hyundai,i20 Asta Option 1.2,10,6.836257309941521
Chennai,Diesel,Manual,First,24.3,5,7.15,Maruti,Vitara Brezza LDi,10,7.091346153846153
Delhi,Petrol,Manual,First,17.0,5,3.5,Honda,City 1.5 V MT,16,7.882431529726119
Hyderabad,Diesel,Manual,Second,18.0,5,3.5,Tata,Indica Vista Aqua 1.3 Quadrajet,12,6.009615384615385
Kolkata,Diesel,Manual,First,25.8,5,3.45,Honda,Amaze S i-Dtech,13,6.582109479305741
Coimbatore,Petrol,Manual,First,21.1,5,3.55,Hyundai,EON D Lite Plus,10,6.781326781326781
Kochi,Diesel,Automatic,Second,21.76,5,25.99,BMW,3 Series Luxury Line,11,9.523809523809524
Bangalore,Diesel,Manual,First,22.32,5,5.25,Hyundai,Verna 1.6 SX,14,7.984829329962073
Ahmedabad,Diesel,Manual,First,21.02,5,2.9,Tata,Manza Club Class Quadrajet90 LS,13,7.115384615384615
Jaipur,Petrol,Automatic,First,14.45,5,2.05,Skoda,Octavia RS,21,11.441532258064516
Pune,Petrol,Manual,First,24.07,5,3.75,Maruti,Alto K10 VXI,9,6.723446893787574
Mumbai,Diesel,Manual,First,22.7,5,6.75,Ford,Ecosport 1.5 DV5 MT Titanium Optional,12,5.9973297730307085
Kolkata,Petrol,Manual,Second,18.0,5,0.95,Chevrolet,Spark 1.0 LS,15,6.231155778894473
Hyderabad,Diesel,Automatic,First,19.33,5,52.0,Jaguar,XF 2.0 Diesel Portfolio,9,8.854427213606805
Jaipur,Petrol,Manual,Third,13.1,5,3.91,Honda,CR-V RVi MT,19,7.065598397596394
Kochi,Petrol,Automatic,First,14.67,5,27.3,Skoda,Superb L&K 1.8 TSI AT,7,9.869855394883203
Chennai,Petrol,Manual,First,20.36,5,2.7,Hyundai,i10 Magna 1.2,17,6.591478696741855
Delhi,Diesel,Manual,First,22.9,5,3.5,Maruti,Swift LDI,13,5.929487179487179
Mumbai,Petrol,Automatic,First,18.5,5,6.2,Maruti,Swift Dzire VXi AT,10,6.945697577276524
Chennai,Diesel,Manual,First,23.08,5,2.75,Nissan,Micra Diesel XV,15,4.31895961670089
Mumbai,Diesel,Manual,First,23.4,5,3.25,Maruti,Swift Dzire Tour LDI,11,5.929487179487179
Pune,Diesel,Manual,First,17.8,5,3.25,Ford,Fiesta Classic 1.4 Duratorq CLXI,14,4.789135096497498
Kolkata,Petrol,Manual,First,17.3,5,0.65,Maruti,Zen LX,23,6.042296072507553
Pune,Petrol,Manual,First,13.8,5,35.0,Mini,Clubman Cooper S,9,9.60960960960961
Kolkata,Diesel,Manual,First,23.59,5,3.25,Toyota,Etios GD,12,4.915689149560118
Kolkata,Petrol,Manual,First,24.7,5,2.9,Maruti,Alto 800 2016-2019 LXI,8,5.942211055276381
Bangalore,Petrol,Manual,Third,18.9,5,2.9,Maruti,Alto VXi,15,5.9045226130653266
Bangalore,Diesel,Automatic,Second,11.0,5,17.75,BMW,X5 3.0d,17,7.851653859004344
Mumbai,Petrol,Automatic,Second,11.07,5,8.25,Nissan,Teana XV,11,7.19150641025641
Coimbatore,Petrol,Automatic,First,18.9,5,5.77,Hyundai,Grand i10 AT Asta,11,6.8504594820384295
Hyderabad,Diesel,Manual,First,24.3,5,9.49,Maruti,Vitara Brezza ZDi Plus,9,7.091346153846153
Mumbai,Diesel,Automatic,Third,12.07,7,12.95,Audi,Q7 3.0 TDI Quattro Premium Plus,18,8.136164475901584
Chennai,Diesel,Automatic,First,17.9,5,20.0,Mercedes-Benz,GLA Class 200 CDI,11,6.346243583761082
Chennai,Petrol,Manual,Third,16.1,4,1.0,Maruti,800 AC,19,4.648241206030151
Chennai,Diesel,Manual,Second,20.45,5,7.1,Renault,Duster 85PS Diesel RxL,11,5.7357973990417515
Mumbai,Diesel,Manual,First,21.43,5,16.5,Toyota,Corolla Altis D-4D GL,9,6.392961876832845
Chennai,Diesel,Manual,First,15.8,5,26.0,Mercedes-Benz,New C-Class 220,12,7.9143389199255125
Hyderabad,Diesel,Manual,Second,21.1,5,3.2,Maruti,Ritz VDi,16,5.9214743589743595
Kochi,Petrol,Automatic,First,16.0,7,9.48,Honda,BRV i-VTEC V CVT,9,7.83567134268537
Kochi,Diesel,Manual,First,24.4,5,4.0,Hyundai,Xcent 1.1 CRDi Base,11,6.3392857142857135
Jaipur,Diesel,Automatic,First,14.21,5,26.5,Mercedes-Benz,E-Class 2009-2013 E250 CDI Avantgarde,12,9.472701819878674
Kochi,Petrol,Automatic,Second,14.8,5,11.77,Mercedes-Benz,B Class B180,12,7.567398119122257
Bangalore,Diesel,Automatic,First,15.0,5,37.0,Mercedes-Benz,E-Class 2015-2017 E250 Edition E,9,9.519365375641623
Mumbai,Petrol,Manual,First,17.8,5,8.75,Honda,City i VTEC VX Option,10,7.83567134268537
Hyderabad,Petrol,Manual,First,17.0,5,1.95,Hyundai,Santro Xing XL eRLX Euro III,19,10.4306531982477
Chennai,Petrol,Manual,First,17.0,5,3.75,Honda,City 1.5 S MT,15,7.882431529726119
Pune,Petrol,Manual,First,16.2,5,2.5,Hyundai,Verna Transform VTVT,16,6.454033771106942
Mumbai,Petrol,Automatic,First,13.5,5,34.5,Jaguar,XE Portfolio,9,12.343171585792897
Delhi,Petrol,Manual,First,18.0,5,4.65,Honda,Amaze S i-Vtech,11,7.237061769616027
Bangalore,Petrol,Automatic,First,18.86,4,32.0,Mini,Cooper Convertible 1.6,11,7.634543178973717
Coimbatore,Diesel,Automatic,First,13.5,5,62.81,Mercedes-Benz,S Class 2005 2013 S 350 CDI,9,9.440910612654838
Chennai,Petrol,Manual,First,21.1,5,3.25,Hyundai,EON Magna Plus,12,6.781326781326781
Kolkata,Petrol,Manual,First,20.51,5,3.1,Maruti,Wagon R VXI BS IV,12,6.717434869739479
Coimbatore,Diesel,Manual,First,21.1,5,3.91,Maruti,Ritz LDi,15,5.9214743589743595
Chennai,Diesel,Automatic,First,16.07,5,11.0,BMW,3 Series 320d Sedan,15,9.072681704260651
Pune,Diesel,Manual,First,13.49,5,3.5,Tata,Xenon XT EX 4X2,12,6.334557136301056
Chennai,Diesel,Automatic,First,20.38,5,16.5,Audi,A3 35 TDI Attraction,12,7.266260162601626
Hyderabad,Diesel,Automatic,First,12.7,5,30.0,Land,Rover Range Rover 2.2L Dynamic,14,8.614043139054612
Pune,Diesel,Automatic,Second,12.0,7,28.0,Mercedes-Benz,GL-Class 2007 2012 350 CDI Luxury,16,7.499163039839303
Hyderabad,Diesel,Automatic,First,13.5,7,28.0,Mitsubishi,Pajero Sport 4X2 AT DualTone BlackTop,8,7.087605974969721
Jaipur,Petrol,Manual,First,19.7,5,0.92,Maruti,Alto LX,16,5.816582914572864
Pune,Petrol,Manual,First,14.0,5,2.75,Maruti,Wagon R LXI BSIII,13,6.032045240339302
Coimbatore,Diesel,Automatic,First,12.7,5,53.83,Land,Rover Range Rover 2.2L Prestige,9,8.614043139054612
Pune,Petrol,Manual,Second,17.01,5,4.95,Hyundai,Verna 1.6 SX VTVT,15,7.6241357636706475
Hyderabad,Diesel,Automatic,First,16.73,5,33.5,BMW,5 Series 525d Sedan,13,7.2836618777146676
Bangalore,Diesel,Automatic,First,14.74,5,27.95,Jaguar,XF Diesel,13,9.05111927831607
Hyderabad,Petrol,Automatic,First,13.7,5,7.25,Skoda,Superb Elegance 1.8 TSI AT,16,8.773637374860957
Kochi,Diesel,Automatic,First,15.73,5,25.71,Audi,Q3 35 TDI Quattro Premium,9,8.858231707317074
Coimbatore,Diesel,Automatic,First,12.7,5,29.67,Land,Rover Range Rover 2.2L Pure,12,8.614043139054612
Jaipur,Diesel,Automatic,First,14.84,5,19.0,Mercedes-Benz,New C-Class 220 CDI AT,13,7.932804479701354
Kochi,Diesel,Manual,First,15.4,7,13.05,Mahindra,Scorpio S10 4WD,9,5.507113354749885
Mumbai,Diesel,Automatic,First,21.76,5,25.5,BMW,3 Series Luxury Line,11,9.523809523809524
Pune,Petrol,Manual,First,15.4,7,8.5,Honda,BR-V i-VTEC S MT,9,7.83567134268537
Chennai,Diesel,Automatic,Second,16.0,5,7.25,Volvo,S80 2006-2013 D5,16,8.958333333333334
Pune,Petrol,Manual,First,13.2,5,0.8,Hyundai,Accent GLE,21,6.287625418060201
Jaipur,Petrol,Manual,First,17.19,5,6.9,Hyundai,i20 Active SX Petrol,9,6.838763575605681
Coimbatore,Petrol,Automatic,First,11.5,5,70.99,Mercedes-Benz,GLC 43 AMG Coupe,8,12.249666221628837
Kolkata,Petrol,Manual,Second,21.1,5,2.25,Hyundai,EON Magna Plus,11,6.781326781326781
Kochi,Petrol,Manual,First,18.9,5,5.5,Hyundai,Grand i10 SportZ Edition,8,6.838763575605681
Mumbai,Petrol,Manual,First,13.0,5,4.35,Honda,City 1.5 EXI S,13,6.697923643670463
Kolkata,Petrol,Manual,First,16.47,5,2.25,Volkswagen,Polo Petrol Trendline 1.2L,16,6.168614357262104
Mumbai,Petrol,Automatic,First,15.26,5,24.5,Audi,A6 35 TFSI Matrix,10,10.441601779755285
Hyderabad,Diesel,Manual,First,0.0,5,5.45,Volkswagen,Jetta 2007-2011 1.9 L TDI,16,5.755939722203762
Coimbatore,Petrol,Manual,First,15.29,5,12.03,Hyundai,Creta 1.6 SX Plus Dual Tone Petrol,9,7.6241357636706475
Mumbai,Petrol,Automatic,Second,11.74,5,8.5,Mercedes-Benz,New C-Class C 200 CGI Avantgarde,15,10.356347438752785
Mumbai,Petrol,Automatic,First,16.82,4,28.5,Mini,Cooper Convertible S,12,9.463463463463464
Pune,Petrol,Manual,Second,17.0,5,1.2,Hyundai,Santro Xing XO eRLX Euro II,20,10.4306531982477
Bangalore,Diesel,Manual,First,23.59,5,5.75,Toyota,Etios VD,13,4.914956011730206
Delhi,Petrol,Manual,Second,19.4,5,3.2,Honda,Brio S MT,12,7.245409015025041
Coimbatore,Petrol,Automatic,First,21.4,5,9.89,Maruti,Baleno Alpha Automatic,8,6.942355889724311
Coimbatore,Diesel,Automatic,First,20.0,5,6.58,Skoda,Laura Ambiente 2.0 TDI CR AT,14,7.017276422764228
Kochi,Petrol,Manual,First,21.1,5,4.06,Hyundai,EON Era Plus,8,6.781326781326781
Coimbatore,Diesel,Manual,First,20.37,5,13.37,Renault,Captur 1.5 Diesel RXL,7,7.42299794661191
Coimbatore,Diesel,Automatic,First,16.2,5,25.82,BMW,5 Series 2003-2012 GT 530d LE,15,8.620113598396257
Kochi,Petrol,Manual,First,22.74,5,3.74,Maruti,Alto 800 LXI,10,5.942211055276381
Bangalore,Diesel,Automatic,Second,16.8,5,22.0,Volvo,V40 D3,11,7.560483870967742
Ahmedabad,Petrol,Manual,First,18.9,5,1.45,Maruti,Wagon R LXI BSII,19,6.723446893787574
Kolkata,Petrol,Manual,First,17.7,5,2.0,Honda,City ZX GXi,18,5.210420841683367
Kolkata,Petrol,Manual,First,13.7,8,3.75,Chevrolet,Enjoy 1.4 LS 8,12,7.061472480343102
Coimbatore,Diesel,Manual,First,15.96,7,7.7,Mahindra,Bolero ZLX,10,2.461355529131986
Coimbatore,Petrol,Manual,First,0.0,5,3.35,Hyundai,Santro GLS I - Euro I,14,10.4306531982477
Hyderabad,Petrol,Manual,First,21.1,5,2.6,Hyundai,EON D Lite,12,6.781326781326781
Coimbatore,Petrol,Automatic,First,13.0,5,13.77,Hyundai,Creta 1.6 SX Plus Petrol Automatic,9,7.6241357636706475
Mumbai,Petrol,Manual,Second,16.09,5,7.1,Volkswagen,Vento 1.6 Comfortline,9,6.476846057571965
Pune,Petrol,Automatic,Second,12.9,5,2.65,Honda,Civic 2006-2010 1.8 S AT,18,7.226236798221233
Hyderabad,Diesel,Manual,First,22.3,5,2.5,Tata,Indica Vista Quadrajet LS,12,5.929487179487179
Kochi,Diesel,Manual,First,16.0,7,7.53,Mahindra,XUV500 W8 2WD,13,6.424965580541533
Coimbatore,Petrol,Manual,First,18.6,5,7.98,Hyundai,i20 1.2 Asta Option,9,6.836257309941521
Bangalore,Diesel,Automatic,Second,14.16,5,39.0,Audi,Q5 30 TDI quattro Premium Plus,12,8.856707317073171
Chennai,Petrol,Manual,Second,18.5,5,2.25,Maruti,Ritz VXi,15,7.167919799498747
Chennai,Petrol,Manual,Second,13.17,5,3.85,Mitsubishi,Cedia Sports,16,5.702851425712856
Hyderabad,Diesel,Manual,First,12.8,7,13.5,Toyota,Innova 2.5 V Diesel 7-seater,11,4.0898155573376105
Hyderabad,Diesel,Manual,First,27.62,5,3.5,Maruti,Celerio LDi,10,5.926860025220681
Delhi,Diesel,Manual,First,25.1,5,8.92,Maruti,S-Cross Delta DDiS 200 SH,8,7.091346153846153
Coimbatore,Diesel,Automatic,First,15.17,5,20.37,Audi,Q3 35 TDI Quattro Premium Plus,10,9.197154471544716
Bangalore,Diesel,Automatic,First,21.76,5,36.5,BMW,3 Series Luxury Line,10,9.523809523809524
Coimbatore,Diesel,Automatic,First,11.33,7,48.91,Audi,Q7 4.2 TDI Quattro Technology,10,8.108369617803579
Pune,Petrol,Manual,First,18.6,5,7.2,Hyundai,i20 2015-2017 Asta 1.2,10,6.836257309941521
Hyderabad,Diesel,Manual,First,19.01,5,5.99,Renault,Duster 110PS Diesel RxL,14,7.42299794661191
Pune,Diesel,Manual,First,24.4,5,5.25,Hyundai,Xcent 1.1 CRDi S Celebration Edition,10,6.3392857142857135
Delhi,Diesel,Manual,First,22.7,5,6.5,Ford,Ecosport 1.5 DV5 MT Titanium,12,5.9973297730307085
Hyderabad,Petrol,Manual,First,16.47,5,4.4,Volkswagen,Polo Petrol Trendline 1.2L,13,6.168614357262104
Kolkata,Diesel,Manual,First,24.0,5,4.6,Hyundai,Grand i10 CRDi Magna,9,6.25
Ahmedabad,Diesel,Manual,First,21.12,5,2.95,Tata,Manza Aqua Quadrajet BS IV,13,7.115384615384615
Kolkata,Petrol,Manual,First,17.0,5,3.26,Honda,City 1.5 V MT,15,7.882431529726119
Bangalore,Petrol,Manual,Second,17.92,5,2.22,Hyundai,Santro Xing GLS,18,5.718232044198896
Hyderabad,Diesel,Manual,First,12.99,7,10.5,Toyota,Innova 2.5 VX (Diesel) 7 Seater,14,4.0096230954290295
Coimbatore,Diesel,Manual,First,28.09,5,8.26,Maruti,Ciaz 1.3 S,9,7.091346153846153
Delhi,Diesel,Manual,First,12.55,7,14.45,Toyota,Fortuner 4x4 MT TRD Sportivo,13,5.667337357478202
Chennai,Petrol,Manual,Second,15.3,5,2.5,Ford,Fiesta 1.6 SXI ABS Duratec,17,7.097549732642233
Kochi,Petrol,Automatic,First,12.6,5,51.43,Mercedes-Benz,E-Class E 220 d,8,9.812307692307693
Chennai,Diesel,Manual,First,15.8,5,23.0,Mercedes-Benz,New C-Class 220 CDI MT,12,7.9143389199255125
Kolkata,Diesel,Manual,First,17.72,5,5.5,Skoda,Yeti Ambition 4X2,14,5.51270325203252
Delhi,Petrol,Manual,First,18.9,5,4.5,Hyundai,Grand i10 Sportz,11,6.8504594820384295
Hyderabad,Petrol,Manual,First,18.16,5,6.8,Ford,Figo 2015-2019 1.2P Titanium MT,8,7.25752508361204
Mumbai,Petrol,Manual,First,16.8,5,8.75,Skoda,Octavia Ambition 1.4 TSI MT,13,9.893906810035844
Mumbai,Diesel,Manual,Second,19.87,5,7.0,Renault,Duster 85PS Diesel RxL Option,11,5.7357973990417515
Delhi,Diesel,Automatic,Second,15.68,5,33.5,Land,Rover Range Rover Evoque 2.0 TD4 Pure,11,8.854427213606805
Chennai,Diesel,Manual,Second,20.0,5,2.25,Ford,Figo Diesel EXI,15,4.8606147248034315
Hyderabad,Diesel,Automatic,Second,12.8,7,4.24,Ford,Endeavour Hurricane Limited Edition,18,5.282763291567897
Coimbatore,Diesel,Manual,First,12.55,7,28.42,Toyota,Fortuner 4x4 MT,9,5.650570087189806
Kolkata,Diesel,Manual,First,22.07,5,2.75,Volkswagen,Polo Diesel Comfortline 1.2L,14,6.163469557964971
Jaipur,Diesel,Manual,First,23.2,5,3.0,Maruti,Ritz VDi,15,5.924679487179487
Pune,Diesel,Manual,First,23.08,5,3.55,Nissan,Micra Diesel XV Premium,13,4.31895961670089
Kolkata,Diesel,Manual,First,22.32,5,4.8,Hyundai,Verna 1.6 SX,13,7.984829329962073
Kolkata,Petrol,Automatic,First,10.8,5,13.5,BMW,5 Series 2003-2012 523i,15,6.0072086503804565
Pune,Diesel,Automatic,First,11.0,7,56.0,Mercedes-Benz,GLS 350d 4MATIC,9,8.637428858386341
Hyderabad,Petrol,Automatic,First,12.0,5,3.99,Honda,CR-V 2.4L 4WD AT,22,7.960917587085811
Bangalore,Diesel,Automatic,First,17.01,5,15.5,Hyundai,Creta 1.6 CRDi AT SX Plus,10,7.977243994943111
Jaipur,Petrol,Manual,Second,19.81,5,2.32,Hyundai,i10 Era,16,6.266114180478821
Kochi,Diesel,Automatic,First,20.0,5,18.58,Mercedes-Benz,A Class A200 CDI Sport,10,6.346243583761082
Jaipur,Petrol,Manual,First,16.02,7,5.5,Maruti,Ertiga VXI,12,6.824471959213402
Chennai,Diesel,Manual,Second,18.7,5,3.2,Skoda,Octavia Classic 1.9 TDI MT,20,3.481012658227848
Pune,Petrol,Manual,First,18.0,5,4.0,Honda,Amaze VX i-Vtech,11,7.237061769616027
Chennai,Petrol,Manual,First,17.3,5,1.6,Maruti,Zen LXi BSII,22,6.042296072507553
Kochi,Petrol,Manual,First,15.5,5,4.15,Maruti,SX4 ZXI MT BSIV,13,6.513240857503153
Mumbai,Petrol,Automatic,First,16.5,5,4.25,Honda,Brio VX AT,12,7.245409015025041
Ahmedabad,Petrol,Manual,First,18.9,5,2.6,Maruti,Wagon R VXI,15,6.723446893787574
Mumbai,Petrol,Automatic,Second,12.1,5,3.43,Toyota,Camry A/T,18,6.972904318374258
Kochi,Petrol,Manual,First,18.6,5,2.55,Chevrolet,Beat LS,14,6.622185154295246
Delhi,Diesel,Automatic,First,12.55,7,32.0,Toyota,Fortuner 4x4 AT,9,5.650570087189806
Mumbai,Diesel,Manual,First,22.7,5,6.25,Ford,Ecosport 1.5 DV5 MT Titanium Optional,12,5.9973297730307085
Hyderabad,Diesel,Manual,Second,17.8,5,3.6,Maruti,Swift Vdi BSIII,16,6.009615384615385
Pune,Diesel,Automatic,First,13.5,5,18.5,Mercedes-Benz,S Class 2005 2013 S 350 CDI,16,9.440910612654838
Mumbai,Petrol,Manual,Second,17.3,7,4.25,Honda,Mobilio S i VTEC,11,7.83567134268537
Mumbai,Petrol,Manual,Second,18.9,5,4.8,Hyundai,Grand i10 Sportz,9,6.8504594820384295
Bangalore,Diesel,Automatic,First,16.0,7,13.0,Mahindra,XUV500 AT W8 FWD,11,6.424965580541533
Pune,Petrol,Manual,Second,14.83,5,2.25,Skoda,Fabia 1.6 MPI Elegance,14,6.570713391739674
Hyderabad,Petrol,Manual,First,17.92,5,2.3,Hyundai,Santro Xing GLS,17,5.718232044198896
Kochi,Petrol,Manual,First,15.29,5,13.56,Hyundai,Creta 1.6 SX Plus Dual Tone Petrol,7,7.6241357636706475
Delhi,Diesel,Manual,First,15.4,7,12.25,Mahindra,Scorpio 1.99 S8,9,6.009013520280421
Pune,Diesel,Manual,First,20.5,5,3.76,Skoda,Rapid 1.6 TDI Ambition,13,6.476846057571965
Coimbatore,Diesel,Manual,First,19.01,5,8.58,Renault,Duster 110PS Diesel RxZ,11,7.42299794661191
Hyderabad,Diesel,Automatic,First,11.7,5,27.5,BMW,X5 xDrive 30d,15,8.18576678917474
Coimbatore,Petrol,Manual,First,17.6,5,4.95,Toyota,Etios G,13,5.93114973262032
Ahmedabad,Petrol,Manual,First,22.5,5,3.3,Maruti,Wagon R LXI,14,6.717434869739479
Chennai,Petrol,Manual,First,15.8,5,8.0,Hyundai,Creta 1.6 SX,10,7.6241357636706475
Jaipur,Petrol,Manual,First,23.1,5,2.79,Maruti,Celerio VXI,12,6.717434869739479
Coimbatore,Diesel,Automatic,First,12.7,5,45.64,Land,Rover Range Rover HSE Dynamic,9,8.614043139054612
Pune,Petrol,Manual,First,18.6,5,2.55,Chevrolet,Beat LT,12,6.40533778148457
Ahmedabad,Petrol,Manual,Second,25.4,4,1.0,Tata,Nano Twist XT,12,6.009615384615385
Coimbatore,Diesel,Automatic,First,17.68,5,37.56,Audi,A6 2011-2015 35 TDI Technology,9,8.858231707317074
Kochi,Diesel,Automatic,Second,11.0,5,9.29,Mercedes-Benz,E-Class 280 CDI,17,6.645463675929025
Kochi,Petrol,Manual,First,22.0,5,6.37,Maruti,Swift VXI,7,6.83375104427736
Coimbatore,Petrol,Manual,First,14.6,5,2.98,Fiat,Linea T Jet,13,8.187134502923977
Kochi,Petrol,Manual,First,20.4,5,5.75,Maruti,Swift VXI Optional,9,6.83375104427736
Hyderabad,Diesel,Manual,First,11.5,7,13.0,Toyota,Fortuner 3.0 Diesel,16,5.734406438631791
Mumbai,Petrol,Manual,First,16.02,7,6.8,Maruti,Ertiga ZXI,12,6.824471959213402
Coimbatore,Petrol,Automatic,First,12.05,5,10.49,BMW,3 Series 320i Sedan,16,7.719298245614035
Jaipur,Petrol,Manual,First,16.02,7,5.6,Maruti,Ertiga VXI,12,6.824471959213402
Mumbai,Petrol,Automatic,Second,16.8,5,2.85,Honda,City 1.5 V AT,16,7.882431529726119
Coimbatore,Diesel,Manual,First,14.66,7,8.36,Hyundai,Santa Fe 4X4,13,8.835834470213735
Jaipur,Diesel,Manual,First,17.0,5,1.0,Tata,Indigo LS,21,4.98220640569395
Kolkata,Petrol,Automatic,Second,10.93,5,10.75,Mercedes-Benz,E-Class 2009-2013 E 250 Elegance,16,8.16980376451742
Hyderabad,Diesel,Manual,First,19.3,5,3.85,Maruti,Swift Dzire LDi,15,5.9214743589743595
Hyderabad,Diesel,Manual,First,17.8,5,3.0,Ford,Fiesta Classic 1.4 Duratorq CLXI,14,4.789135096497498
Coimbatore,Petrol,Automatic,First,18.0,5,9.6,Honda,City i VTEC CVT VX,11,7.83567134268537
Delhi,Diesel,Manual,First,13.0,7,13.25,Toyota,Fortuner 4x2 Manual,14,5.650570087189806
Mumbai,Petrol,Manual,First,18.0,5,5.75,Honda,Amaze VX O i VTEC,10,7.237061769616027
Delhi,Diesel,Manual,First,22.54,5,6.75,Hyundai,i20 Asta 1.4 CRDi,12,6.356017191977077
Bangalore,Diesel,Manual,Second,18.2,7,4.85,Chevrolet,Enjoy TCDi LTZ 7 Seater,13,5.913461538461538
Kochi,Petrol,Automatic,First,0.0,5,38.99,Mercedes-Benz,New C-Class Progressive C 200,7,9.304102564102564
Mumbai,Petrol,Automatic,First,12.6,5,2.85,Maruti,SX4 ZXI AT Leather,17,6.506935687263557
Mumbai,Diesel,Manual,First,12.99,7,9.51,Toyota,Innova 2.5 VX (Diesel) 7 Seater,14,4.0096230954290295
Ahmedabad,Diesel,Automatic,Second,18.48,5,18.5,BMW,5 Series 2003-2012 520d,14,8.87218045112782
Delhi,Diesel,Manual,First,19.01,5,6.75,Renault,Duster 110PS Diesel RxZ,11,7.42299794661191
Coimbatore,Diesel,Automatic,First,20.68,5,29.4,BMW,X1 sDrive 20d xLine,9,9.523809523809524
Kochi,Petrol,Manual,First,17.7,5,3.29,Honda,City ZX GXi,17,5.210420841683367
Delhi,Diesel,Manual,First,28.09,5,9.5,Maruti,Ciaz RS ZDi Plus SHVS,10,7.091346153846153
Pune,Petrol,Manual,Second,17.5,5,2.2,Maruti,Swift Dzire VXi,16,6.610169491525424
Pune,Diesel,Manual,First,15.1,7,6.5,Mahindra,XUV500 W6 2WD,14,6.424965580541533
Ahmedabad,Petrol,Manual,First,13.5,5,4.9,Honda,Civic 2006-2010 1.8 S MT,19,7.226236798221233
Pune,Diesel,Manual,Second,25.47,7,6.75,Maruti,Ertiga ZDI,13,7.091346153846153
Chennai,Diesel,Manual,First,23.59,5,3.8,Toyota,Etios Liva GD,13,4.914956011730206
Delhi,Petrol,Automatic,First,9.9,2,29.5,Audi,TT 2.0 TFSI,13,10.473790322580646
Hyderabad,Diesel,Manual,First,21.13,5,10.5,Skoda,Rapid 1.5 TDI Style,9,7.236315086782377
Hyderabad,Diesel,Manual,First,20.14,5,6.2,Volkswagen,Polo 1.5 TDI Highline,11,5.9279038718291055
Jaipur,Diesel,Automatic,First,17.0,5,5.0,Skoda,Laura 1.9 TDI AT Elegance,17,5.537974683544303
Chennai,Diesel,Manual,First,19.2,5,2.3,Mahindra,Renault Logan 1.5 DLE Diesel,19,4.4490075290896645
Ahmedabad,Diesel,Automatic,First,11.36,7,17.0,Toyota,Innova Crysta 2.8 GX AT,10,6.2250453720508165
Bangalore,Diesel,Automatic,First,18.88,5,25.5,BMW,3 Series 320d Luxury Line,12,9.223057644110275
Jaipur,Diesel,Manual,First,27.3,5,5.65,Honda,Jazz 1.5 S i DTEC,11,6.582109479305741
Kochi,Diesel,Manual,First,25.8,5,5.6,Honda,Amaze VX i-DTEC,11,6.582109479305741
Kochi,Diesel,Automatic,First,16.36,5,29.98,Jaguar,XF 2.2 Litre Luxury,11,8.614043139054612
Coimbatore,Diesel,Manual,First,26.59,5,7.39,Maruti,Swift Dzire VDI,10,5.929487179487179
Jaipur,Diesel,Manual,First,17.1,5,19.0,Jeep,Compass 2.0 Limited,8,8.69120654396728
Pune,Petrol,Manual,First,12.5,5,5.0,Toyota,Corolla Altis 1.8 Sport,16,7.357859531772576
Kolkata,Petrol,Manual,First,17.0,5,3.35,Honda,City 1.5 V MT,15,7.882431529726119
Chennai,Petrol,Manual,First,18.6,5,4.45,Maruti,Swift ZXI,13,7.167919799498747
Coimbatore,Diesel,Automatic,First,22.32,5,8.31,Hyundai,Verna 1.6 SX CRDI (O) AT,7,7.984829329962073
Jaipur,Diesel,Manual,Second,15.96,7,6.0,Mahindra,Bolero ZLX,14,2.461355529131986
Chennai,Diesel,Manual,First,22.9,5,5.25,Maruti,Swift VDI,12,5.929487179487179
Chennai,Petrol,Manual,First,17.0,5,1.4,Hyundai,Santro Xing XO,20,10.4306531982477
Hyderabad,Diesel,Automatic,First,17.68,5,12.3,Audi,A6 2011-2015 2.0 TDI Premium Plus,14,8.858231707317074
Chennai,Petrol,Manual,Third,13.8,5,1.5,Ford,Ikon 1.3 LXi NXt,22,5.388760585065435
Coimbatore,Diesel,Manual,First,20.14,5,8.12,Volkswagen,Polo 1.5 TDI Highline,8,5.874499332443257
Coimbatore,Diesel,Manual,First,13.6,7,6.12,Mahindra,Bolero VLX CRDe,14,2.4970273483947683
Coimbatore,Diesel,Manual,First,25.1,5,10.88,Honda,City i DTEC VX Option,9,6.582109479305741
Kolkata,Petrol,Manual,First,18.2,5,3.5,Chevrolet,Sail Hatchback 1.2 LS,12,6.8807339449541285
Kochi,Petrol,Manual,First,18.6,5,6.15,Hyundai,i20 1.2 Spotz,10,6.836257309941521
Chennai,Diesel,Automatic,First,17.05,5,33.0,BMW,X1 sDrive 20d Sportline,10,9.223057644110275
Mumbai,Diesel,Automatic,First,15.06,5,13.5,BMW,X1 sDrive 20d Exclusive,14,8.87218045112782
Mumbai,Diesel,Automatic,First,12.55,7,17.11,Toyota,Fortuner 4x2 AT,11,5.650570087189806
Kochi,Diesel,Automatic,First,11.33,7,29.77,Audi,Q7 4.2 TDI Quattro Technology,12,8.108369617803579
Kolkata,Diesel,Manual,First,20.77,7,5.95,Maruti,Ertiga VDI,13,7.112179487179487
Bangalore,Petrol,Manual,First,18.5,5,5.75,Hyundai,i20 1.2 Magna,11,6.683375104427736
Bangalore,Petrol,Automatic,Second,10.13,5,19.0,Mercedes-Benz,S Class 2005 2013 S 350 L,20,10.431675242995997
Ahmedabad,Diesel,Manual,First,20.45,5,4.75,Renault,Duster 85PS Diesel RxL,12,5.7357973990417515
Hyderabad,Diesel,Manual,Second,17.21,7,3.3,Mahindra,Quanto C2,13,6.697923643670463
Delhi,Diesel,Automatic,First,12.55,7,16.5,Toyota,Fortuner 4x2 AT,13,5.650570087189806
Mumbai,Diesel,Automatic,First,15.97,7,44.0,BMW,X5 2014-2019 xDrive 30d Design Pure Experience 7 Seater,12,8.620113598396257
Hyderabad,Diesel,Manual,First,19.3,5,4.39,Maruti,Swift Dzire VDi,15,5.9214743589743595
Kochi,Diesel,Manual,First,25.2,5,6.2,Maruti,Swift LDI Optional,8,5.929487179487179
Kochi,Petrol,Automatic,First,13.53,5,24.22,Audi,A6 2011-2015 35 TFSI Technology,10,8.921875
Mumbai,Diesel,Manual,Third,10.5,6,5.45,Mitsubishi,Pajero 2.8 SFX BSIV Dual Tone,18,3.781305114638448
Delhi,Diesel,Automatic,First,16.36,5,44.0,Jaguar,XF 2.2 Litre Executive,10,8.614043139054612
Coimbatore,Diesel,Automatic,First,11.36,7,24.82,Toyota,Innova Crysta 2.8 ZX AT,7,6.2250453720508165
Mumbai,Diesel,Automatic,First,19.3,5,11.69,Skoda,Octavia Ambition 2.0 TDI AT,11,7.164634146341463
Bangalore,Petrol,Automatic,First,14.28,5,20.0,Toyota,Corolla Altis VL AT,8,7.676863181312569
Pune,Petrol,Manual,First,19.7,8,1.45,Maruti,Omni 8 Seater BSII,16,4.396984924623116
Mumbai,Diesel,Automatic,First,17.9,5,48.5,Mercedes-Benz,GLC 220d 4MATIC Style,8,7.932804479701354
Mumbai,Diesel,Automatic,First,21.5,5,9.45,Volkswagen,Vento 1.5 TDI Highline AT,10,7.242990654205607
Ahmedabad,Diesel,Manual,First,16.0,7,12.5,Mahindra,XUV500 W10 2WD,11,6.424965580541533
Hyderabad,Diesel,Manual,First,20.45,5,6.9,Nissan,Terrano XL 85 PS,12,5.7357973990417515
Jaipur,Diesel,Manual,Second,22.32,5,5.8,Hyundai,Verna 1.6 SX CRDi (O),14,7.984829329962073
Coimbatore,Diesel,Automatic,First,14.69,5,44.56,BMW,5 Series 2013-2017 530d M Sport,10,8.620113598396257
Bangalore,Diesel,Manual,Second,15.4,7,8.5,Mahindra,Scorpio S4 Plus,11,5.507113354749885
Coimbatore,Diesel,Manual,First,23.9,5,10.7,Hyundai,Verna 1.6 CRDi SX,9,7.977243994943111
Pune,Diesel,Automatic,Second,12.07,7,12.0,Audi,Q7 3.0 TDI Quattro Premium Plus,17,8.136164475901584
Coimbatore,Petrol,Manual,First,14.7,5,2.44,Chevrolet,Aveo U-VA 1.2 LT,16,6.608695652173912
Kolkata,Diesel,Manual,First,13.6,7,1.95,Mahindra,Bolero ZLX BSIII,26,2.4970273483947683
Mumbai,Petrol,Manual,First,19.1,5,4.35,Hyundai,Xcent 1.2 Kappa S,12,6.8504594820384295
Hyderabad,Diesel,Manual,First,13.68,8,17.5,Toyota,Innova Crysta 2.4 GX MT 8S,9,6.176347680735479
Hyderabad,Petrol,Manual,First,21.1,5,2.9,Hyundai,EON Era Plus,11,6.781326781326781
Delhi,Diesel,Manual,First,22.07,5,2.9,Volkswagen,Polo Diesel Comfortline 1.2L,13,6.163469557964971
Pune,Diesel,Manual,First,24.3,5,8.9,Maruti,Vitara Brezza ZDi,10,7.091346153846153
Mumbai,Diesel,Automatic,First,18.88,5,16.75,BMW,3 Series 320d Prestige,13,9.223057644110275
Coimbatore,Petrol,Manual,First,21.1,5,3.95,Hyundai,EON Sportz,10,6.781326781326781
Mumbai,Petrol,Manual,First,17.0,5,2.1,Honda,City 1.5 S MT,17,7.882431529726119
Kochi,Petrol,Manual,Second,12.8,5,4.29,Honda,Accord 2.4 MT,15,7.544604927782498
Hyderabad,Diesel,Manual,First,14.0,8,3.85,Mahindra,Xylo E8,17,4.483586869495596
Chennai,Diesel,Automatic,Second,13.2,5,9.0,BMW,3 Series 320d,17,8.521303258145362
Pune,Petrol,Manual,Second,16.8,5,4.5,Honda,City V MT,13,7.768871075484301
Kochi,Diesel,Manual,First,16.0,7,12.46,Mahindra,XUV500 W10 2WD,10,6.424965580541533
Delhi,Diesel,Manual,First,21.27,5,4.65,Hyundai,i20 Asta 1.4 CRDi,12,6.358166189111748
Hyderabad,Diesel,Manual,First,13.0,7,20.5,Toyota,Fortuner 4x2 Manual,12,5.650570087189806
Chennai,Diesel,Manual,First,13.6,8,2.9,Mahindra,Bolero DI BSII,20,2.4970273483947683
Chennai,Petrol,Manual,First,15.9,5,1.45,Maruti,Esteem Vxi - BSIII,19,6.548536209553159
Chennai,Petrol,Manual,Third,0.0,5,0.65,Hyundai,Santro LS zipPlus,24,10.4306531982477
Mumbai,Diesel,Automatic,First,20.7,5,29.5,Mini,Cooper 5 DOOR D,10,7.6189839572192515
Hyderabad,Diesel,Automatic,First,15.73,5,25.0,Audi,Q3 35 TDI Quattro Premium,11,8.858231707317074
Delhi,Petrol,Manual,Second,17.0,5,3.5,Hyundai,i20 Sportz Option,13,6.683375104427736
Jaipur,Diesel,Manual,First,14.1,7,11.25,Tata,Safari Storme VX Varicor 400,9,7.067462138595686
Kochi,Diesel,Manual,First,21.9,7,10.79,Honda,BR-V i-DTEC VX MT,9,6.582109479305741
Kolkata,Diesel,Manual,First,19.33,5,5.9,Volkswagen,Jetta 2013-2015 2.0L TDI Highline,13,7.013719512195123
Jaipur,Petrol,Manual,First,19.1,5,5.12,Hyundai,Xcent 1.2 Kappa S Option,9,6.838763575605681
Mumbai,Petrol,Manual,First,20.89,5,5.7,Maruti,Ignis 1.2 Alpha,9,6.83375104427736
Coimbatore,Diesel,Automatic,First,18.12,5,35.84,BMW,5 Series 2013-2017 520d Luxury Line,10,9.523809523809524
Hyderabad,Petrol,Manual,First,13.8,5,1.25,Ford,Ikon 1.3 CLXi,19,5.388760585065435
Kolkata,Petrol,Manual,First,20.36,5,2.65,Hyundai,i10 Sportz,13,6.591478696741855
Coimbatore,Diesel,Manual,First,22.32,5,9.19,Hyundai,Verna 1.6 CRDI,10,7.983565107458912
Bangalore,Diesel,Automatic,First,16.07,5,23.5,BMW,3 Series 320d Highline,12,9.072681704260651
Delhi,Petrol,Automatic,First,12.3,5,12.5,Mercedes-Benz,E-Class 2009-2013 E200 CGI Blue Efficiency,15,10.300668151447661
Kolkata,Petrol,Manual,Second,18.6,5,1.5,Chevrolet,Beat Option Pack,16,6.622185154295246
Jaipur,Petrol,Manual,First,0.0,5,0.8,Hyundai,Santro Xing XP,22,10.4306531982477
Jaipur,Diesel,Manual,Second,13.5,5,0.75,Tata,Indica DLS,17,8.062412365335945
Delhi,Diesel,Manual,First,15.1,7,8.1,Mahindra,XUV500 W8 2WD,14,6.424965580541533
Jaipur,Diesel,Manual,First,28.09,5,9.75,Maruti,Ciaz ZDi Plus SHVS,9,7.091346153846153
Coimbatore,Diesel,Automatic,First,19.71,5,37.93,Mercedes-Benz,New C-Class C 250 CDI Avantgarde,9,9.386374241717219
Chennai,Petrol,Automatic,Third,16.4,5,1.96,Honda,City ZX CVT,21,5.210420841683367
Jaipur,Diesel,Automatic,First,11.5,7,20.5,Toyota,Fortuner 4x2 4 Speed AT,11,5.667337357478202
Bangalore,Petrol,Manual,First,24.07,5,2.75,Maruti,Alto K10 VXI,15,6.723446893787574
Mumbai,Petrol,Automatic,First,9.43,5,75.0,Jaguar,XJ 2.0L Portfolio,9,11.875937968984493
Chennai,Diesel,Manual,First,21.9,5,2.8,Hyundai,i20 1.4 Magna ABS,17,6.446991404011461
Mumbai,Petrol,Automatic,First,16.0,7,9.25,Honda,BRV i-VTEC V CVT,9,7.83567134268537
Chennai,Petrol,Manual,First,13.4,5,3.0,Toyota,Corolla Executive (HE),19,6.967670011148272
Coimbatore,Diesel,Automatic,First,17.68,5,23.89,Audi,A6 2011-2015 2.0 TDI Premium Plus,12,8.858231707317074
Mumbai,Diesel,Manual,First,12.99,7,12.75,Toyota,Innova 2.5 ZX Diesel 7 Seater BSIII,12,4.033680834001604
Jaipur,Diesel,Manual,First,24.0,5,4.15,Hyundai,Grand i10 CRDi Sportz,12,6.25
Mumbai,Petrol,Automatic,First,14.8,5,4.65,Volkswagen,Vento IPL II Petrol Highline AT,13,6.570713391739674
Delhi,Diesel,Manual,First,12.8,7,8.9,Toyota,Innova 2.5 VX (Diesel) 7 Seater BS IV,14,4.0898155573376105
Jaipur,Diesel,Manual,Second,16.8,5,1.5,Hyundai,Verna CRDi SX,18,7.367716008037509
Pune,Diesel,Manual,Second,23.2,5,3.27,Maruti,Ritz VDi,11,5.924679487179487
Pune,Diesel,Automatic,Second,12.07,7,18.0,Audi,Q7 3.0 TDI Quattro Technology,18,8.136164475901584
Pune,Petrol,Manual,First,18.6,5,6.3,Hyundai,i20 Asta Option 1.2,10,6.836257309941521
Coimbatore,Diesel,Manual,First,24.3,5,11.31,Maruti,Vitara Brezza ZDi Plus Dual Tone,9,7.091346153846153
Pune,Petrol,Manual,First,17.4,5,6.16,Honda,City i VTEC S,12,7.83567134268537
Pune,Petrol,Manual,First,20.73,5,6.0,Maruti,Ciaz ZXi,12,6.635105608157319
Kochi,Petrol,Automatic,First,17.5,5,5.43,Nissan,Sunny XV CVT,13,6.64886515353805
Hyderabad,Diesel,Manual,First,22.07,5,4.65,Volkswagen,Polo Diesel Highline 1.2L,14,6.163469557964971
Hyderabad,Diesel,Manual,First,20.77,7,7.5,Maruti,Ertiga ZDI,11,7.115384615384615
Jaipur,Diesel,Manual,First,26.59,5,6.25,Maruti,Swift Dzire VDI,11,5.929487179487179
Bangalore,Diesel,Automatic,First,14.84,5,9.25,Mercedes-Benz,New C-Class C 220 CDI Elegance AT,19,7.932804479701354
Mumbai,Petrol,Manual,First,19.4,5,3.15,Honda,Brio S MT,13,7.245409015025041
Hyderabad,Petrol,Manual,First,16.0,5,2.3,Hyundai,i10 Magna Optional 1.1L,18,6.141804788213628
Jaipur,Diesel,Manual,First,22.32,5,5.25,Hyundai,Verna 1.6 SX CRDi (O),14,7.984829329962073
Kochi,Diesel,Manual,First,28.09,5,7.4,Maruti,Ciaz VDI SHVS,9,7.091346153846153
Pune,Petrol,Manual,Second,13.8,5,1.55,Ford,Ikon 1.3 Flair,20,5.388760585065435
Pune,Petrol,Manual,Second,16.2,5,6.0,Volkswagen,Polo 1.2 MPI Highline,9,6.171809841534612
Chennai,Petrol,Manual,First,18.7,5,5.9,Honda,Jazz 1.2 V i VTEC,10,7.397831526271894
Bangalore,Diesel,Manual,Second,25.8,5,4.7,Honda,Amaze EX i-Dtech,13,6.582109479305741
Hyderabad,Diesel,Manual,First,22.54,5,6.5,Hyundai,i20 Asta 1.4 CRDi,11,6.356017191977077
Hyderabad,Diesel,Manual,First,21.1,5,3.55,Maruti,Ritz VDi,14,5.9214743589743595
Chennai,Petrol,Manual,First,16.8,5,7.1,Honda,City V MT,12,7.768871075484301
Hyderabad,Petrol,Manual,First,13.14,5,6.0,Skoda,Superb 1.8 TSI MT,16,8.898776418242491
Pune,Diesel,Manual,First,24.3,5,7.99,Maruti,Vitara Brezza LDi Option,9,7.091346153846153
Bangalore,Petrol,Manual,Second,17.0,5,4.1,Hyundai,i20 Asta,17,6.683375104427736
Hyderabad,Petrol,Automatic,First,24.07,5,3.95,Maruti,Alto K10 VXI AGS,9,6.723446893787574
Kochi,Petrol,Manual,First,21.1,5,4.38,Hyundai,EON Era Plus,10,6.781326781326781
Mumbai,Petrol,Manual,First,20.36,5,2.75,Hyundai,i10 Sportz,15,6.591478696741855
Coimbatore,Petrol,Automatic,First,18.1,2,55.54,Mercedes-Benz,SLK-Class SLK 350,10,8.747855917667238
Hyderabad,Diesel,Automatic,First,18.53,5,29.0,Audi,A6 2.0 TDI Design Edition,12,9.539634146341463
Bangalore,Diesel,Manual,First,22.77,5,6.6,Ford,EcoSport 1.5 TDCi Titanium,13,6.5814419225634175
Kolkata,Diesel,Automatic,First,14.3,5,6.99,Volkswagen,Passat Highline DSG,14,7.113821138211382
Bangalore,Diesel,Manual,First,13.68,7,18.75,Toyota,Innova Crysta 2.4 ZX MT,9,6.176347680735479
Jaipur,Diesel,Manual,Third,20.0,5,1.28,Ford,Figo Diesel ZXI,16,4.8606147248034315
Pune,Petrol,Manual,Third,14.49,5,1.2,Chevrolet,Aveo 1.4,20,6.626161543959971
Coimbatore,Petrol,Manual,First,18.5,5,4.31,Maruti,Ritz LXi,13,7.167919799498747
Chennai,Diesel,Automatic,First,12.39,5,16.5,Land,Rover Freelander 2 SE,15,6.7696190913262955
Coimbatore,Petrol,Manual,First,18.9,5,5.64,Hyundai,Grand i10 Asta,9,6.8504594820384295
Coimbatore,Diesel,Automatic,First,10.91,7,31.12,Ford,Endeavour 3.2 Trend AT 4X4,9,6.16635397123202
Kochi,Diesel,Automatic,First,12.8,5,25.46,Audi,Q5 2008-2012 2.0 TDI,13,8.516260162601625
Kochi,Petrol,Manual,First,17.01,5,7.88,Hyundai,Verna 1.6 VTVT,9,7.6241357636706475
Chennai,Diesel,Automatic,First,13.0,5,36.0,Mercedes-Benz,E-Class 2015-2017 E250 CDI Avantgarde,9,9.519365375641623
Pune,Diesel,Automatic,First,0.0,5,30.0,Mercedes-Benz,M-Class ML 350 4Matic,12,5.523937060595915
Pune,Petrol,Manual,Second,17.5,5,2.85,Maruti,Swift Dzire ZXi,18,6.610169491525424
Delhi,Petrol,Manual,First,13.0,5,3.5,Honda,City 1.3 EXI S,15,6.701414743112435
Jaipur,Diesel,Manual,First,20.46,5,7.5,Renault,Duster 85PS Diesel RxL Optional,12,5.7357973990417515
Hyderabad,Diesel,Automatic,First,14.84,5,19.0,Mercedes-Benz,New C-Class 220 CDI AT,14,7.932804479701354
Hyderabad,Diesel,Automatic,First,15.97,5,54.0,BMW,X5 xDrive 30d Design Pure Experience 5 Seater,11,8.620113598396257
Kochi,Petrol,Manual,First,19.1,5,4.7,Hyundai,Xcent 1.2 Kappa SX Option,11,6.8504594820384295
Hyderabad,Petrol,Automatic,First,22.0,5,8.5,Maruti,Dzire AMT ZXI Plus,9,6.83375104427736
Kolkata,Diesel,Automatic,First,16.07,4,17.0,BMW,3 Series 320d Corporate Edition,13,9.072681704260651
Kochi,Petrol,Manual,First,22.74,5,3.51,Maruti,Alto 800 LXI,9,5.942211055276381
Bangalore,Diesel,Automatic,Second,17.11,5,19.5,Audi,A4 2.0 TDI 177 Bhp Premium Plus,13,8.858231707317074
Pune,Petrol,Automatic,Second,13.6,4,17.0,Mini,Cooper S,14,11.32665832290363
Coimbatore,Diesel,Automatic,Second,12.07,7,43.35,Audi,Q7 3.0 TDI Quattro Premium Plus,11,8.136164475901584
Bangalore,Diesel,Manual,First,25.44,5,2.65,Chevrolet,Beat Diesel LT,14,6.153846153846154
Kochi,Petrol,Manual,First,20.51,5,3.52,Maruti,Wagon R LXI BS IV,11,6.717434869739479
Kolkata,Diesel,Manual,First,19.01,5,6.25,Nissan,Terrano XV Premium 110 PS,10,7.426420260095824
Ahmedabad,Diesel,Automatic,First,18.88,5,24.75,BMW,3 Series 320d Luxury Plus,11,9.223057644110275
Mumbai,Petrol,Manual,First,20.85,5,5.25,Maruti,Swift Dzire VXI,11,6.945697577276524
Jaipur,Diesel,Manual,First,17.72,5,11.0,Skoda,Yeti Elegance 4X2,10,5.513211382113821
Kochi,Petrol,Automatic,First,15.63,5,9.1,Ford,EcoSport 1.5 Ti VCT AT Titanium,8,7.364909939959974
Chennai,Petrol,Manual,First,18.5,5,3.25,Hyundai,i20 1.2 Magna,16,6.683375104427736
Pune,Diesel,Manual,First,15.0,5,8.5,Maruti,S Cross DDiS 200 Sigma Option,9,7.091346153846153
Pune,Petrol,Manual,First,16.2,5,3.1,Hyundai,Verna Transform VTVT,16,6.454033771106942
Kochi,Diesel,Automatic,First,18.88,5,19.86,BMW,3 Series 320d Luxury Line,11,9.223057644110275
Kolkata,Diesel,Manual,First,24.0,5,4.9,Hyundai,Grand i10 1.2 CRDi Magna,9,6.236930860033726
Delhi,Petrol,Manual,Second,17.4,5,5.7,Honda,City i-VTEC V,12,7.83567134268537
Kolkata,Diesel,Manual,First,25.2,5,2.9,Maruti,Swift VDI BSIV,14,5.929487179487179
Coimbatore,Diesel,Manual,First,27.39,5,7.83,Maruti,Baleno Zeta 1.3,8,5.929487179487179
Kochi,Diesel,Manual,First,14.0,7,8.15,Tata,Safari Storme 2012-2015 LX,11,6.3377696190913255
Bangalore,Petrol,Manual,Second,13.2,5,2.0,Hyundai,Accent GLS,18,6.287625418060201
Hyderabad,Diesel,Manual,First,25.2,5,6.25,Maruti,Swift LDI SP Limited Edition,10,5.929487179487179
Bangalore,Diesel,Manual,Second,17.8,5,3.4,Maruti,Swift VDI BSIV,19,9.076674177321317
Coimbatore,Petrol,Automatic,First,21.9,4,3.19,Tata,Nano XTA,10,6.0064102564102555
Ahmedabad,Diesel,Manual,First,25.47,7,7.75,Maruti,Ertiga VDI,9,7.091346153846153
Delhi,Petrol,Automatic,Second,23.1,5,3.2,Maruti,Celerio VXI AMT,12,6.717434869739479
Delhi,Diesel,Manual,First,25.2,5,4.9,Maruti,Swift VDI BSIV,11,5.929487179487179
Kochi,Petrol,Manual,First,15.04,5,3.8,Volkswagen,Vento Petrol Highline,14,6.483103879849812
Chennai,Diesel,Automatic,First,15.5,5,4.0,Volkswagen,Jetta 2007-2011 1.9 Highline TDI,17,5.537974683544303
Hyderabad,Diesel,Automatic,Second,20.7,5,23.5,Mini,Cooper 5 DOOR D,12,7.6189839572192515
Chennai,Diesel,Manual,First,17.2,5,1.15,Tata,Indica V2 DLS,18,3.832378223495702
Hyderabad,Petrol,Manual,First,17.0,5,2.2,Hyundai,Santro Xing XO,19,10.4306531982477
Bangalore,Petrol,Automatic,First,18.0,5,10.65,Honda,City i-VTEC CVT VX,11,7.83567134268537
Coimbatore,Diesel,Automatic,First,16.36,5,35.68,Jaguar,XF 2.2 Litre Luxury,10,8.614043139054612
Kochi,Diesel,Automatic,First,15.0,5,31.94,Mercedes-Benz,E-Class 2015-2017 E250 Edition E,9,9.519365375641623
Chennai,Diesel,Manual,Third,18.3,5,4.2,Chevrolet,Cruze LTZ,15,7.4284279256654955
Ahmedabad,Diesel,Manual,First,15.1,7,9.9,Mahindra,XUV500 W8 2WD,11,6.424965580541533
Kochi,Petrol,Automatic,First,11.74,5,15.46,Mercedes-Benz,New C-Class C 200 CGI Avantgarde,12,10.356347438752785
Kochi,Petrol,Manual,First,18.2,5,8.46,Honda,Jazz VX,8,7.397831526271894
Kolkata,Petrol,Manual,First,16.78,5,3.25,Toyota,Etios G,13,5.93114973262032
Hyderabad,Petrol,Manual,First,19.7,5,2.6,Maruti,Alto LXi BSIII,14,5.816582914572864
Coimbatore,Petrol,Manual,First,20.4,5,5.2,Maruti,Swift VXI BSIV,10,6.83375104427736
Pune,Petrol,Manual,Third,19.0,5,1.8,Maruti,A-Star Vxi,17,6.623246492985971
Chennai,Petrol,Manual,First,25.4,4,1.6,Tata,Nano Lx BSIV,15,6.0064102564102555
Kolkata,Diesel,Manual,First,25.5,5,2.5,Ford,Figo Titanium Diesel,11,6.608811748998665
Jaipur,Petrol,Manual,First,16.0,5,2.5,Fiat,Linea Emotion,15,6.578947368421052
Coimbatore,Petrol,Manual,First,18.16,5,6.7,Ford,Figo Aspire 1.2 Ti-VCT Trend,9,7.25752508361204
Hyderabad,Petrol,Manual,First,15.4,5,1.2,Maruti,Baleno LXI,21,5.911949685534592
Coimbatore,Diesel,Automatic,First,18.88,5,35.55,BMW,3 Series 320d Luxury Line,10,9.223057644110275
Jaipur,Diesel,Manual,First,17.9,5,7.75,Chevrolet,Cruze LTZ,9,8.193193193193192
Chennai,Diesel,Manual,First,12.7,8,1.94,Mahindra,Scorpio 2.6 DX,21,4.469145266385588
Hyderabad,Diesel,Manual,First,25.0,5,2.2,Tata,Indica V2 eLS,10,4.9426934097421205
Ahmedabad,Diesel,Automatic,First,18.1,4,3.8,Chevrolet,Cruze LTZ AT,15,7.4284279256654955
Chennai,Diesel,Manual,First,12.8,8,15.65,Toyota,Innova 2.5 V Diesel 8-seater,10,4.0898155573376105
Coimbatore,Diesel,Automatic,First,19.27,5,39.47,Mercedes-Benz,New C-Class C 220d Avantgarde Edition C,8,7.821745216985534
Kolkata,Petrol,Manual,Second,18.5,5,1.5,Maruti,Ritz VXi,15,7.167919799498747
Ahmedabad,Diesel,Manual,First,12.8,8,8.85,Toyota,Innova 2.5 GX (Diesel) 8 Seater BS IV,13,4.0898155573376105
Bangalore,Diesel,Manual,Second,12.55,7,17.9,Toyota,Fortuner 4x4 MT,13,5.650570087189806
Coimbatore,Petrol,Automatic,Second,16.95,5,5.08,Hyundai,i10 Sportz AT,12,6.591478696741855
Bangalore,Diesel,Manual,First,22.32,5,6.25,Hyundai,Verna 1.6 SX,14,7.984829329962073
Bangalore,Diesel,Automatic,First,15.73,5,22.75,Audi,Q3 2012-2015 35 TDI Quattro Premium Plus,11,8.858231707317074
Kolkata,Petrol,Manual,First,18.6,5,1.46,Chevrolet,Beat LS,16,6.622185154295246
Pune,Diesel,Manual,Second,17.8,5,2.05,Ford,Fiesta 1.4 Duratorq ZXI,19,4.8606147248034315
Coimbatore,Diesel,Manual,First,20.0,5,4.08,Ford,Figo Diesel EXI,12,4.8606147248034315
Hyderabad,Petrol,Automatic,First,23.1,5,4.55,Maruti,Celerio VXI AT,12,6.717434869739479
Mumbai,Diesel,Automatic,First,20.0,5,14.0,Mercedes-Benz,A Class A180 CDI,13,5.006999533364443
Ahmedabad,Petrol,Manual,First,15.8,5,10.9,Hyundai,Creta 1.6 SX,10,7.6241357636706475
Bangalore,Petrol,Manual,First,18.9,5,2.45,Maruti,Wagon R VXI BS IV,16,6.723446893787574
Delhi,Diesel,Automatic,First,10.0,5,15.8,Mercedes-Benz,E-Class 2009-2013 E 220 CDI Avantgarde,13,7.9143389199255125
Mumbai,Petrol,Manual,First,18.88,5,8.25,Ford,EcoSport 1.5 Ti VCT MT Titanium BE,9,7.364909939959974
Delhi,Diesel,Automatic,Second,13.73,5,8.5,Renault,Koleos 2.0 Diesel,13,7.4185463659147866
Coimbatore,Diesel,Manual,First,16.0,7,15.54,Mahindra,XUV500 W10 2WD,10,6.424965580541533
Hyderabad,Petrol,Manual,First,16.8,8,2.35,Maruti,Omni E 8 Str STD,13,4.296482412060302
Coimbatore,Petrol,Manual,First,22.5,5,4.32,Maruti,Wagon R VXI,11,6.717434869739479
Jaipur,Diesel,Manual,Second,13.1,7,3.9,Ford,Endeavour XLT TDCi 4X2,18,5.642256902761105
Hyderabad,Diesel,Manual,Second,22.32,5,5.2,Hyundai,Verna 1.6 SX,15,7.984829329962073
Mumbai,Petrol,Manual,First,18.6,5,5.85,Hyundai,i20 Magna 1.2,8,6.836257309941521
Bangalore,Petrol,Manual,Second,16.02,7,6.25,Maruti,Ertiga ZXI,13,6.824471959213402
Coimbatore,Diesel,Automatic,First,14.0,7,17.63,Mahindra,XUV500 W9 AT,7,7.113354749885269
Mumbai,Diesel,Manual,First,23.65,5,9.75,Maruti,SX4 S Cross DDiS 200 Zeta,9,7.091346153846153
Bangalore,Petrol,Automatic,First,18.1,2,55.0,Mercedes-Benz,SLK-Class SLK 350,11,8.747855917667238
Hyderabad,Diesel,Manual,First,22.07,5,4.1,Volkswagen,Polo Diesel Comfortline 1.2L,15,6.163469557964971
Hyderabad,Diesel,Manual,First,12.55,7,11.99,Toyota,Fortuner 4x4 MT,15,5.650570087189806
Kochi,Diesel,Manual,First,16.0,7,13.54,Mahindra,XUV500 W10 2WD,9,6.424965580541533
Mumbai,Diesel,Automatic,First,17.9,5,56.0,Mercedes-Benz,GLE 250d,10,9.386374241717219
Chennai,Petrol,Manual,First,18.7,5,6.5,Honda,Jazz 1.2 VX i VTEC,10,7.397831526271894
Pune,Diesel,Manual,First,23.4,5,4.75,Maruti,Swift Dzire VDI,13,5.929487179487179
Hyderabad,Petrol,Manual,First,17.01,5,5.6,Hyundai,Verna 1.6 SX VTVT,12,7.6241357636706475
Coimbatore,Diesel,Automatic,First,10.91,7,29.2,Ford,Endeavour 3.2 Titanium AT 4X4,9,6.160100062539087
Kolkata,Petrol,Manual,First,18.6,5,6.35,Hyundai,i20 1.2 Asta Option,8,6.836257309941521
Mumbai,Petrol,Manual,First,16.8,5,4.95,Honda,City 1.5 V MT Sunroof,13,7.768871075484301
Hyderabad,Diesel,Manual,First,27.4,5,8.5,Honda,Amaze VX Diesel,8,6.582109479305741
Kolkata,Petrol,Manual,First,17.1,5,4.5,Hyundai,Verna 1.6 SX VTVT (O),13,7.6241357636706475
Chennai,Diesel,Manual,First,24.2,7,5.5,Honda,Mobilio S i DTEC,11,6.582109479305741
Kochi,Diesel,Manual,First,20.77,7,6.56,Maruti,Ertiga ZDI,13,7.115384615384615
Pune,Petrol,Manual,First,24.07,5,2.3,Maruti,Alto K10 LXI,12,6.723446893787574
Pune,Diesel,Manual,Second,13.1,10,3.5,Toyota,Qualis FS B2,22,3.066230580539657
Kochi,Petrol,Manual,First,20.36,5,4.55,Hyundai,i10 Sportz,10,6.591478696741855
Bangalore,Diesel,Automatic,Second,17.0,5,7.75,Skoda,Laura 1.9 TDI AT Ambiente,17,5.537974683544303
Mumbai,Petrol,Manual,Second,18.6,5,5.25,Hyundai,i20 Asta Option 1.2,11,6.836257309941521
Coimbatore,Diesel,Automatic,First,11.5,5,23.29,BMW,5 Series 2003-2012 530d Highline,13,7.851653859004344
Mumbai,Diesel,Automatic,First,22.69,5,23.99,BMW,3 Series 320d M Sport,10,9.523809523809524
Pune,Petrol,Manual,First,14.49,5,1.79,Chevrolet,Aveo 1.4 LT ABS BSIV,16,6.626161543959971
Mumbai,Diesel,Automatic,Second,14.21,5,13.9,Mercedes-Benz,E-Class 2009-2013 E250 CDI Elegance,15,9.472701819878674
Kolkata,Diesel,Automatic,First,17.68,5,18.95,Audi,A6 2011-2015 2.0 TDI Premium Plus,13,8.858231707317074
Kolkata,Petrol,Manual,First,20.51,5,2.49,Maruti,Wagon R LXI BS IV,12,6.717434869739479
Jaipur,Petrol,Manual,First,25.17,5,3.15,Renault,KWID RXT,10,6.670838548185232
Mumbai,Diesel,Manual,First,21.66,5,6.45,Volkswagen,Ameo 1.5 TDI Highline,9,7.251001335113486
Ahmedabad,Diesel,Manual,First,22.07,5,4.25,Volkswagen,Polo Diesel Comfortline 1.2L,13,6.163469557964971
Hyderabad,Petrol,Manual,First,22.74,5,2.75,Maruti,Alto 800 LXI,12,5.942211055276381
Kochi,Petrol,Manual,First,18.6,5,7.14,Hyundai,i20 Asta Option 1.2,9,6.836257309941521
Mumbai,Petrol,Manual,First,18.3,5,2.44,Toyota,Etios Liva G,14,9.463399643522976
Jaipur,Petrol,Manual,Third,17.0,5,3.5,Hyundai,i20 1.2 Sportz,14,6.683375104427736
Chennai,Diesel,Manual,First,22.54,5,7.3,Hyundai,i20 1.4 Asta,9,6.356017191977077
Kolkata,Petrol,Manual,First,20.51,5,2.75,Maruti,Wagon R LXI Optional,12,6.717434869739479
Bangalore,Diesel,Manual,Second,22.54,5,8.2,Hyundai,i20 1.4 Asta Option,9,6.356017191977077
Mumbai,Petrol,Automatic,First,17.21,5,6.51,Volkswagen,Polo GT TSI,11,8.654970760233919
Pune,Diesel,Manual,First,20.0,5,4.25,Ford,Figo Diesel Titanium,11,4.8641887062187275
Coimbatore,Petrol,Manual,Second,18.6,5,6.21,Maruti,Swift ZXI,12,7.167919799498747
Kochi,Diesel,Manual,First,24.0,5,4.58,Hyundai,Grand i10 CRDi Magna,10,6.25
Chennai,Diesel,Manual,First,14.02,7,7.5,Mahindra,Xylo H4,10,5.429095915557594
Coimbatore,Petrol,Manual,First,19.81,5,4.09,Hyundai,i10 Magna 1.1,12,6.266114180478821
Mumbai,Diesel,Automatic,First,19.3,5,10.75,Skoda,Octavia Elegance 2.0 TDI AT,12,7.164634146341463
Mumbai,Diesel,Automatic,First,15.97,7,41.5,BMW,X5 2014-2019 xDrive 30d Design Pure Experience 7 Seater,12,8.620113598396257
Hyderabad,Petrol,Automatic,First,23.1,5,4.4,Maruti,Celerio VXI AT,12,6.717434869739479
Jaipur,Diesel,Manual,Second,20.54,5,6.25,Volkswagen,Vento Diesel Comfortline,13,6.483103879849812
Pune,Diesel,Automatic,Second,16.07,5,10.5,BMW,3 Series 320d Highline,15,9.072681704260651
Mumbai,Diesel,Manual,First,20.77,7,7.25,Maruti,Ertiga ZDI,12,7.115384615384615
Hyderabad,Diesel,Manual,First,20.0,5,3.2,Ford,Figo Diesel ZXI,13,4.8641887062187275
Mumbai,Petrol,Manual,First,16.47,5,3.95,Volkswagen,Polo 1.2 MPI Highline,12,6.176961602671119
Coimbatore,Diesel,Automatic,Second,16.77,5,12.07,Audi,A6 3.0 TDI quattro,17,8.135490394337715
Pune,Diesel,Manual,First,13.68,7,18.6,Toyota,Innova Crysta 2.4 ZX MT,9,6.176347680735479
Delhi,Diesel,Automatic,First,22.32,5,5.7,Hyundai,Verna 1.6 CRDi EX AT,13,7.983565107458912
Kolkata,Petrol,Manual,First,17.92,5,1.75,Hyundai,Santro Xing GL Plus,13,5.718232044198896
Delhi,Diesel,Automatic,Second,16.55,5,10.99,Audi,A4 2.0 TDI,15,7.495426829268292
Kolkata,Diesel,Automatic,First,16.55,5,14.5,Audi,A4 2.0 TDI,14,7.495426829268292
Jaipur,Diesel,Manual,First,17.0,5,3.11,Skoda,Laura 1.9 TDI MT Ambiente,17,5.537974683544303
Coimbatore,Petrol,Automatic,First,13.7,5,13.96,Honda,CR-V 2.0L 2WD AT,11,7.70455683525288
Coimbatore,Diesel,Manual,First,22.32,5,7.11,Hyundai,Verna 1.6 SX CRDi (O),11,7.984829329962073
Chennai,Diesel,Manual,First,24.5,7,6.9,Honda,Mobilio RS i DTEC,12,6.582109479305741
Coimbatore,Petrol,Manual,First,18.6,5,7.77,Hyundai,i20 1.2 Asta Option,8,6.836257309941521
Kolkata,Diesel,Manual,Second,12.8,8,5.5,Toyota,Innova 2.5 G (Diesel) 7 Seater BS IV,15,4.0898155573376105
Hyderabad,Petrol,Manual,First,18.6,5,5.35,Hyundai,i20 Magna 1.2,12,6.836257309941521
Chennai,Diesel,Manual,Second,13.6,7,4.5,Mahindra,Bolero VLX BS IV,15,2.4970273483947683
Jaipur,Diesel,Manual,First,20.34,5,4.75,Volkswagen,Vento 1.5 TDI Comfortline,12,6.889185580774367
Coimbatore,Diesel,Automatic,First,16.36,5,32.8,Jaguar,XF 2.2 Litre Luxury,11,8.614043139054612
Mumbai,Petrol,Manual,First,17.3,5,0.7,Maruti,Zen LXi - BS III,21,6.042296072507553
Coimbatore,Diesel,Automatic,First,13.0,5,50.29,Mercedes-Benz,E-Class Facelift,8,8.637428858386341
Mumbai,Diesel,Manual,Second,11.5,7,10.99,Toyota,Fortuner 3.0 Diesel,16,5.734406438631791
Coimbatore,Petrol,Automatic,First,18.9,5,5.57,Hyundai,Grand i10 AT Asta,11,6.8504594820384295
Jaipur,Diesel,Manual,First,25.4,5,5.9,Hyundai,Xcent 1.2 CRDi S,8,6.236930860033726
Coimbatore,Petrol,Manual,First,15.29,5,9.43,Hyundai,Creta 1.6 VTVT S,10,7.6241357636706475
Bangalore,Petrol,Manual,First,20.36,5,2.9,Hyundai,i10 Sportz,16,6.591478696741855
Delhi,Petrol,Manual,First,19.4,5,3.68,Honda,Brio S MT,10,7.245409015025041
Coimbatore,Diesel,Automatic,First,12.55,7,21.67,Toyota,Fortuner 4x2 AT,11,5.650570087189806
Ahmedabad,Diesel,Automatic,First,16.55,5,12.5,Audi,A4 2.0 TDI Multitronic,15,7.113821138211382
Kochi,Diesel,Automatic,First,11.36,7,19.92,Toyota,Innova Crysta 2.8 ZX AT,8,6.2250453720508165
Jaipur,Diesel,Manual,First,25.1,5,6.75,Honda,City i DTEC VX,12,6.582109479305741
Kochi,Diesel,Manual,First,25.1,5,6.96,Honda,City i DTEC VX,11,6.582109479305741
Jaipur,Petrol,Manual,First,21.7,5,3.25,Renault,KWID 1.0 RXT Optional,9,6.706706706706707
Hyderabad,Diesel,Manual,First,28.4,5,8.65,Maruti,Swift DDiS ZDI Plus,8,5.929487179487179
Pune,Petrol,Automatic,First,23.1,5,5.0,Maruti,Celerio VXI Optional AMT,9,6.717434869739479
Delhi,Diesel,Manual,First,15.1,7,5.5,Mahindra,XUV500 W8 2WD,15,6.424965580541533
Jaipur,Petrol,Manual,Second,20.36,5,2.6,Hyundai,i10 Magna,16,6.591478696741855
Kochi,Petrol,Manual,First,19.81,5,3.41,Hyundai,i10 Magna 1.1,12,6.266114180478821
Kolkata,Petrol,Manual,First,22.0,5,2.7,Maruti,Dzire VXI,15,6.83375104427736
Chennai,Petrol,Automatic,Fourth & Above,9.7,5,5.5,Maruti,Grand Vitara AT,18,8.195488721804512
Kolkata,Petrol,Automatic,First,14.33,4,35.0,Audi,TT 40 TFSI,14,11.421370967741936
Mumbai,Petrol,Automatic,Second,14.74,5,9.75,Mercedes-Benz,New C-Class C 200 CGI,15,9.241587142139629
Mumbai,Diesel,Manual,First,21.64,5,4.25,Nissan,Sunny 2011-2014 Diesel XV,13,5.804243668720054
Ahmedabad,Petrol,Manual,First,18.9,5,3.2,Maruti,Wagon R LXI,11,6.723446893787574
Bangalore,Diesel,Manual,Second,23.4,5,6.85,Maruti,Swift Dzire ZDI,12,5.929487179487179
Delhi,Diesel,Manual,First,25.8,5,4.5,Honda,Amaze S i-Dtech,11,6.582109479305741
Delhi,Diesel,Manual,First,28.4,5,3.55,Maruti,Swift ZDI,14,5.929487179487179
Hyderabad,Diesel,Manual,First,10.5,7,3.6,Mahindra,Scorpio LX 2.6 Turbo,18,4.599463395937141
Kochi,Diesel,Automatic,First,13.0,5,21.8,Mercedes-Benz,E-Class E250 CDI Avantgrade,11,9.384041063929072
Mumbai,Diesel,Manual,Second,13.0,7,13.5,Toyota,Fortuner 4x2 Manual,14,5.650570087189806
Delhi,Petrol,Manual,Second,16.8,5,3.75,Honda,City V MT,16,7.768871075484301
Pune,Petrol,Automatic,First,19.16,5,32.0,Toyota,Camry Hybrid,8,6.343223736968724
Coimbatore,Diesel,Manual,First,26.0,5,8.07,Honda,City i DTec V,10,6.582109479305741
Kochi,Diesel,Manual,First,19.33,5,5.64,Volkswagen,Jetta 2012-2014 2.0L TDI Trendline,14,7.017276422764228
Hyderabad,Diesel,Automatic,First,17.68,5,23.99,Audi,A6 2011-2015 2.0 TDI,13,8.858231707317074
Coimbatore,Diesel,Manual,First,20.77,7,7.5,Maruti,Ertiga VDI,10,7.112179487179487
Jaipur,Diesel,Automatic,First,19.27,5,27.0,Mercedes-Benz,New C-Class C 220 CDI Style,10,7.821745216985534
Mumbai,Diesel,Manual,Second,19.3,5,2.85,Maruti,Swift Dzire Vdi BSIV,18,5.9214743589743595
Pune,Diesel,Manual,First,19.01,5,6.35,Renault,Duster 110PS Diesel RxZ Pack,14,7.42299794661191
Hyderabad,Diesel,Manual,First,21.1,5,3.3,Maruti,Ritz VDi,16,5.9214743589743595
Bangalore,Petrol,Manual,First,19.1,5,5.0,Maruti,Swift Dzire VXI,13,7.167919799498747
Coimbatore,Diesel,Manual,First,22.9,5,6.46,Maruti,Swift ZDi,12,5.929487179487179
Jaipur,Petrol,Manual,First,21.1,5,3.75,Hyundai,EON Sportz,9,6.781326781326781
Kochi,Petrol,Manual,Third,17.3,5,1.52,Maruti,Zen VXI BSII,23,6.042296072507553
Coimbatore,Petrol,Manual,First,15.1,7,3.61,Maruti,Eeco 7 Seater Standard,14,6.103678929765886
Coimbatore,Diesel,Automatic,First,14.16,5,43.74,Audi,Q5 30 TDI quattro Premium,9,8.856707317073171
Chennai,Diesel,Automatic,First,15.73,5,20.0,Audi,Q3 2.0 TDI,12,8.858231707317074
Hyderabad,Diesel,Manual,First,19.3,5,3.65,Maruti,Swift Dzire VDi,16,5.9214743589743595
Mumbai,Diesel,Manual,First,14.07,10,5.25,Tata,Sumo DX,13,4.201213346814964
Hyderabad,Diesel,Automatic,First,15.97,7,58.0,BMW,X5 2014-2019 xDrive 30d Design Pure Experience 7 Seater,10,8.620113598396257
Mumbai,Petrol,Automatic,First,18.0,5,8.65,Honda,City i-VTEC CVT VX,11,7.83567134268537
Delhi,Diesel,Manual,First,25.0,5,2.5,Tata,Indigo eCS eLX BS IV,11,4.943409742120345
Chennai,Petrol,Automatic,First,16.93,5,7.75,Volkswagen,Vento TSI,12,8.654970760233919
Bangalore,Petrol,Manual,First,23.1,5,4.15,Maruti,Celerio VXI,11,6.717434869739479
Delhi,Diesel,Manual,First,11.5,7,10.85,Toyota,Fortuner 3.0 Diesel,15,5.734406438631791
Delhi,Petrol,Automatic,Second,11.3,5,5.53,Mitsubishi,Outlander 2.4,16,7.203389830508475
Pune,Diesel,Automatic,First,15.5,5,11.5,Volkswagen,Jetta 2007-2011 1.9 Highline TDI,12,5.537974683544303
Hyderabad,Petrol,Manual,First,9.0,2,40.0,Porsche,Cayman 2009-2012 S,16,3.2967664066638545
Kolkata,Diesel,Manual,First,19.67,5,9.25,Hyundai,Creta 1.6 CRDi SX,11,7.977243994943111
Pune,Petrol,Manual,First,17.5,5,2.29,Skoda,Fabia 1.2 MPI Ambiente Petrol,15,6.260434056761269
Chennai,Diesel,Manual,First,22.77,5,7.0,Ford,EcoSport 1.5 TDCi Titanium,11,6.5814419225634175
Bangalore,Petrol,Manual,Second,18.2,5,1.65,Maruti,Zen Estilo 1.1 LXI BSIII,19,6.032045240339302
Ahmedabad,Petrol,Manual,First,20.73,5,8.25,Maruti,Ciaz 1.4 Delta,9,6.635105608157319
Kochi,Petrol,Automatic,First,14.74,5,9.14,Mercedes-Benz,New C-Class C 200 Avantgarde Edition C,15,9.092415871421396
Hyderabad,Petrol,Manual,First,17.8,5,6.5,Honda,Amaze SX i-VTEC,10,7.237061769616027
Kolkata,Diesel,Manual,First,23.59,5,2.95,Toyota,Etios GD,14,8.304757605056455
Jaipur,Diesel,Manual,First,19.87,5,5.75,Renault,Duster 85PS Diesel RxL,11,5.7357973990417515
Kolkata,Petrol,Manual,Second,16.47,5,2.1,Volkswagen,Polo Petrol Highline 1.2L,15,6.168614357262104
Coimbatore,Diesel,Manual,First,19.67,5,13.55,Hyundai,Creta 1.6 SX Plus Diesel,9,7.977243994943111
Kolkata,Diesel,Automatic,First,14.74,5,20.5,Jaguar,XF Diesel,14,9.05111927831607
Mumbai,Diesel,Manual,First,16.3,5,20.0,Jeep,Compass 2.0 Limited 4X4,9,8.69120654396728
Kochi,Diesel,Automatic,First,15.68,5,59.72,Land,Rover Range Rover Evoque 2.0 TD4 HSE Dynamic,8,8.854427213606805
Kolkata,Diesel,Manual,First,27.39,5,6.5,Maruti,Baleno Alpha Diesel,10,5.929487179487179
Ahmedabad,Diesel,Manual,First,28.09,5,7.5,Maruti,Ciaz ZDi SHVS,10,7.091346153846153
Jaipur,Petrol,Manual,Second,15.0,5,2.15,Maruti,SX4 Vxi BSIII,19,6.600252206809584
Coimbatore,Diesel,Manual,First,22.7,5,8.44,Hyundai,Elantra CRDi SX,11,7.979772439949431
Bangalore,Diesel,Manual,First,13.5,7,12.49,Mitsubishi,Pajero Sport 4X4,13,7.087605974969721
Pune,Petrol,Manual,First,17.0,5,5.48,Volkswagen,Ameo 1.2 MPI Comfortline,9,6.156093489148581
Hyderabad,Petrol,Manual,First,18.5,5,4.2,Maruti,Ritz VXi,13,7.167919799498747
Hyderabad,Diesel,Manual,First,16.8,5,7.2,Hyundai,Verna CRDi SX,13,7.367716008037509
Jaipur,Diesel,Manual,First,23.4,5,4.8,Maruti,Swift Dzire Tour LDI,12,5.929487179487179
Kochi,Diesel,Manual,First,25.32,6,5.83,Mahindra,KUV 100 mFALCON D75 K6,9,6.42737896494157
Coimbatore,Diesel,Manual,First,13.68,7,18.39,Toyota,Innova Crysta 2.4 ZX MT,8,6.176347680735479
Pune,Petrol,Manual,First,21.4,5,5.85,Maruti,Baleno Delta 1.2,10,6.942355889724311
Mumbai,Diesel,Manual,First,27.3,5,6.21,Honda,Jazz VX Diesel,10,6.582109479305741
Delhi,Petrol,Manual,First,17.0,5,3.65,Hyundai,i20 1.2 Asta,13,6.683375104427736
Delhi,Diesel,Manual,First,23.0,5,3.7,Hyundai,i20 Sportz Diesel,14,6.446991404011461
Pune,Diesel,Automatic,First,19.27,5,30.0,Mercedes-Benz,New C-Class C 220d Avantgarde Edition C,11,7.821745216985534
Kochi,Petrol,Manual,First,19.1,5,4.85,Hyundai,Xcent 1.2 Kappa Base,10,6.8504594820384295
Coimbatore,Petrol,Automatic,First,18.9,5,6.93,Hyundai,Grand i10 AT Asta,9,6.8504594820384295
Kolkata,Petrol,Manual,First,22.74,5,2.6,Maruti,Alto 800 VXI,10,5.942211055276381
Kolkata,Petrol,Manual,First,18.2,5,1.89,Chevrolet,Sail Hatchback 1.2 LS,12,6.8807339449541285
Mumbai,Diesel,Automatic,First,0.0,5,39.5,Mercedes-Benz,C-Class Progressive C 220d,8,9.948717948717949
Mumbai,Petrol,Automatic,First,13.7,5,10.0,Skoda,Superb Elegance 1.8 TSI AT,14,8.773637374860957
Kolkata,Diesel,Automatic,First,16.55,5,9.95,Audi,A4 2.0 TDI,17,7.495426829268292
Mumbai,Diesel,Manual,Second,12.8,8,9.45,Toyota,Innova 2.5 G (Diesel) 7 Seater BS IV,12,4.0898155573376105
Coimbatore,Diesel,Automatic,First,17.9,5,28.25,Mercedes-Benz,CLA 200 CDI Sport,9,6.346243583761082
Jaipur,Petrol,Manual,Second,19.81,5,1.8,Hyundai,i10 Era,18,6.266114180478821
Kolkata,Petrol,Manual,Second,17.5,5,1.4,Maruti,Swift Dzire VXi,18,6.610169491525424
Ahmedabad,Diesel,Automatic,First,21.66,5,7.25,Skoda,Rapid 1.5 TDI AT Ambition,11,6.910547396528704
Hyderabad,Diesel,Manual,First,21.1,5,3.6,Maruti,Ritz VDi,14,5.9214743589743595
Jaipur,Petrol,Manual,Second,14.4,5,1.2,Hyundai,Accent GLS 1.6,22,5.8786741713570985
Coimbatore,Petrol,Manual,Second,17.8,5,4.94,Honda,Amaze SX i-VTEC,12,7.237061769616027
Delhi,Petrol,Manual,Second,18.9,5,1.25,Maruti,Wagon R LXI,19,6.723446893787574
Chennai,Diesel,Manual,Second,22.07,5,4.8,Volkswagen,Polo Diesel Comfortline 1.2L,13,6.163469557964971
Kochi,Diesel,Automatic,First,12.62,7,31.15,Ford,Endeavour 2.2 Trend AT 4X2,7,7.188353048225659
Pune,Petrol,Manual,Second,17.0,5,3.3,Hyundai,i20 1.2 Sportz,15,6.683375104427736
Bangalore,Diesel,Manual,First,25.44,5,2.4,Chevrolet,Beat Diesel PS,14,6.153846153846154
Kolkata,Petrol,Manual,First,14.8,5,2.0,Honda,Civic 2010-2013 1.8 V MT,16,7.237354085603112
Pune,Petrol,Manual,First,20.51,5,3.1,Maruti,Wagon R VXI BS IV,12,6.717434869739479
Kochi,Petrol,Manual,First,15.0,5,5.09,Skoda,Rapid 1.6 MPI Ambition Plus,12,6.483103879849812
Pune,Petrol,Manual,Second,15.4,5,1.05,Maruti,Baleno Vxi - BSIII,20,5.911949685534592
Bangalore,Diesel,Manual,Second,22.77,5,7.0,Ford,EcoSport 1.5 TDCi Titanium,11,6.5814419225634175
Ahmedabad,Petrol,Manual,Second,13.2,5,2.5,Hyundai,Accent GLE,16,6.287625418060201
Mumbai,Diesel,Automatic,First,22.48,5,17.5,BMW,5 Series 520d Luxury Line,14,9.523809523809524
Chennai,Petrol,Manual,First,20.92,5,2.1,Maruti,Alto K10 2010-2014 VXI,15,6.723446893787574
Bangalore,Diesel,Automatic,First,15.73,5,17.75,Audi,Q3 2012-2015 2.0 TDI Quattro Premium Plus,13,8.858231707317074
Bangalore,Petrol,Automatic,Second,11.3,5,2.45,Toyota,Corolla H4,21,6.967670011148272
Pune,Diesel,Automatic,First,13.5,5,13.8,Volvo,XC60 D5,15,8.958333333333334
Kolkata,Diesel,Manual,First,27.3,5,5.85,Honda,Jazz 1.5 VX i DTEC,10,6.582109479305741
Delhi,Diesel,Manual,First,28.09,5,8.9,Maruti,Ciaz 1.3 Alpha,9,7.091346153846153
Mumbai,Petrol,Manual,First,20.4,5,5.15,Maruti,Swift VXI BSIV,10,6.83375104427736
Kochi,Diesel,Automatic,First,19.27,5,16.56,Mercedes-Benz,New C-Class C 220 CDI Avantgarde,11,7.932804479701354
Chennai,Petrol,Manual,Second,18.9,5,1.65,Maruti,Wagon R VXI Minor,16,6.314797360980208
Pune,Petrol,Automatic,First,15.5,5,16.0,Mercedes-Benz,A Class A180 Sport,11,7.567398119122257
Pune,Petrol,Manual,First,0.0,5,1.45,Hyundai,Santro Xing GL,18,5.70902394106814
Coimbatore,Diesel,Automatic,First,26.59,5,8.08,Maruti,Swift Dzire AMT ZDI,9,5.929487179487179
Pune,Petrol,Automatic,First,18.9,5,4.5,Hyundai,Grand i10 AT Asta,12,6.8504594820384295
Chennai,Petrol,Manual,Second,16.95,5,4.3,Nissan,Sunny 2011-2014 XV Special Edition,13,6.522029372496663
Hyderabad,Petrol,Manual,First,19.0,5,2.6,Maruti,A-Star Lxi,16,6.623246492985971
Hyderabad,Petrol,Manual,First,25.17,5,4.45,Renault,KWID RXT Optional,8,6.670838548185232
Coimbatore,Petrol,Automatic,First,17.1,5,5.37,Hyundai,Verna 1.6 SX VTVT (O) AT,14,7.630421118793213
Chennai,Petrol,Manual,Second,18.9,5,1.75,Maruti,Wagon R LXI Minor,18,6.314797360980208
Kolkata,Diesel,Automatic,First,18.88,5,16.5,BMW,3 Series 320d Sport Line,13,9.223057644110275
Delhi,Diesel,Automatic,First,18.48,5,19.0,BMW,5 Series 2003-2012 520d,13,8.87218045112782
Jaipur,Diesel,Manual,First,25.0,5,2.8,Tata,Indigo CS eVX,10,4.943409742120345
Hyderabad,Diesel,Manual,First,22.54,5,6.2,Hyundai,i20 Sportz 1.4 CRDi,11,6.356017191977077
Kochi,Petrol,Manual,First,16.8,8,3.8,Maruti,Omni E MPI STD BS IV,7,4.296482412060302
Hyderabad,Diesel,Manual,First,25.2,5,6.1,Maruti,Swift ZDi,12,5.929487179487179
Coimbatore,Diesel,Manual,First,23.0,5,11.65,Ford,Ecosport Signature Edition Diesel,7,6.606141522029373
Mumbai,Petrol,Automatic,First,16.5,5,4.15,Honda,Brio VX AT,12,7.245409015025041
Chennai,Diesel,Manual,First,13.68,7,16.5,Toyota,Innova Crysta 2.4 GX MT,9,6.176347680735479
Bangalore,Diesel,Manual,Second,10.5,8,4.3,Mahindra,Scorpio 2.6 LX,18,5.507113354749885
Kolkata,Petrol,Manual,First,18.5,5,2.25,Hyundai,i20 1.2 Magna,16,6.683375104427736
Ahmedabad,Diesel,Manual,First,22.32,5,6.75,Hyundai,Verna 1.6 SX,12,7.984829329962073
Chennai,Diesel,Manual,First,15.1,7,9.4,Mahindra,XUV500 W6 2WD,12,6.424965580541533
Coimbatore,Diesel,Manual,First,20.64,5,5.39,Volkswagen,Vento 1.5 TDI Comfortline,12,7.242990654205607
Kochi,Diesel,Manual,First,26.59,5,8.51,Maruti,Swift Dzire VDI Optional,7,5.929487179487179
Pune,Petrol,Manual,First,13.7,5,1.85,Tata,Manza Aura Safire BS IV,16,6.491228070175438
Kolkata,Diesel,Manual,Second,22.9,5,2.5,Maruti,Swift VDI,14,5.929487179487179
Chennai,Diesel,Manual,First,22.07,5,4.75,Volkswagen,Polo Diesel Highline 1.2L,13,6.163469557964971
Pune,Petrol,Manual,Second,17.0,5,3.5,Honda,City 1.5 V MT,17,7.882431529726119
Bangalore,Diesel,Manual,First,23.0,5,5.5,Hyundai,i20 Asta (o) 1.4 CRDi (Diesel),12,6.446991404011461
Coimbatore,Petrol,Manual,First,17.0,5,6.33,Honda,City 1.5 V MT,14,7.882431529726119
Kochi,Diesel,Manual,First,25.44,5,2.47,Chevrolet,Beat Diesel,12,6.153846153846154
Kochi,Petrol,Manual,First,16.2,5,3.3,Chevrolet,Spark 1.0 LS,12,6.241206030150754
Delhi,Diesel,Manual,Second,11.57,7,3.5,Tata,New Safari DICOR 2.2 EX 4x2,15,6.3377696190913255
Delhi,Diesel,Automatic,First,11.3,7,38.75,Mercedes-Benz,GL-Class 350 CDI Blue Efficiency,12,8.530297957817208
Pune,Diesel,Automatic,First,11.5,5,7.99,BMW,5 Series 2003-2012 530d Highline,18,7.851653859004344
Kochi,Diesel,Manual,First,14.24,7,13.28,Toyota,Fortuner 2.8 4WD MT,13,6.333938294010889
Pune,Petrol,Automatic,First,11.25,5,9.5,BMW,X1 sDrive 18i,14,7.518796992481203
Kochi,Diesel,Manual,First,20.37,5,14.01,Renault,Captur 1.5 Diesel Platine Mono,7,7.42299794661191
Coimbatore,Diesel,Manual,First,24.4,5,6.99,Hyundai,Xcent 1.1 CRDi S,10,6.3392857142857135
Hyderabad,Diesel,Automatic,Second,13.2,5,11.0,BMW,3 Series 320d,16,8.521303258145362
Hyderabad,Petrol,Automatic,Second,10.8,5,11.0,BMW,5 Series 2010-2013 525i,18,8.610332398878654
Pune,Petrol,Manual,Second,18.06,5,2.3,Nissan,Micra XE,16,6.260434056761269
Delhi,Diesel,Automatic,First,16.36,5,26.5,Jaguar,XF 2.2 Litre Luxury,12,8.614043139054612
Bangalore,Diesel,Automatic,First,10.2,7,67.0,Land,Rover Range Rover TDV8 (Diesel),15,7.052896725440807
Mumbai,Petrol,Automatic,First,16.0,5,17.75,Jeep,Compass 1.4 Limited Option,9,11.695906432748536
Delhi,Petrol,Automatic,Second,10.1,5,4.8,Honda,CR-V 2.4 AT,16,6.457094307561598
Coimbatore,Petrol,Manual,First,18.6,5,4.57,Maruti,Swift VXI,13,7.167919799498747
Chennai,Diesel,Manual,First,24.4,5,3.5,Hyundai,Xcent 1.1 CRDi S,10,6.3392857142857135
Kochi,Diesel,Manual,First,19.01,5,7.61,Nissan,Terrano XV Premium 110 PS,11,7.426420260095824
Hyderabad,Diesel,Automatic,First,18.25,5,25.0,Audi,A4 35 TDI Technology,11,9.539634146341463
Coimbatore,Petrol,Manual,First,18.9,5,5.88,Hyundai,Grand i10 Asta Option,10,6.8504594820384295
Hyderabad,Diesel,Manual,First,12.99,8,13.5,Toyota,Innova 2.5 G (Diesel) 8 Seater,11,4.033680834001604
Kolkata,Petrol,Manual,First,18.5,5,4.6,Hyundai,i20 1.2 Magna,11,6.683375104427736
Kolkata,Diesel,Manual,First,22.77,5,4.9,Ford,EcoSport 1.5 TDCi Titanium,13,6.5814419225634175
Hyderabad,Petrol,Manual,First,17.0,5,5.25,Honda,City 1.5 S MT,14,7.882431529726119
Coimbatore,Petrol,Automatic,First,14.8,5,12.41,Ford,EcoSport 1.5 Petrol Titanium Plus AT,8,8.10688042752171
Kolkata,Diesel,Manual,First,22.07,5,3.8,Volkswagen,Polo Diesel Highline 1.2L,12,6.163469557964971
Mumbai,Diesel,Automatic,First,19.27,5,8.95,Mercedes-Benz,New C-Class C 220 CDI Avantgarde,16,7.932804479701354
Hyderabad,Diesel,Manual,First,22.7,5,7.2,Ford,Ecosport 1.5 DV5 MT Titanium,13,5.9973297730307085
Hyderabad,Petrol,Manual,First,14.4,5,4.5,Tata,Indigo GLE,9,4.656160458452722
Delhi,Diesel,Manual,First,26.59,5,4.15,Maruti,Swift Dzire LDI,12,5.929487179487179
Coimbatore,Diesel,Manual,First,25.1,5,7.94,Maruti,S-Cross Zeta DDiS 200 SH,10,7.091346153846153
Pune,Diesel,Manual,First,19.01,5,7.25,Renault,Duster 110PS Diesel RxZ Pack,12,7.42299794661191
Delhi,Petrol,Manual,First,18.9,5,3.7,Maruti,Wagon R VXI,10,6.723446893787574
Hyderabad,Petrol,Manual,First,0.0,5,2.45,Hyundai,Santro Xing GL,16,5.70902394106814
Chennai,Diesel,Manual,Third,25.44,5,1.5,Chevrolet,Beat Diesel LT,15,6.153846153846154
Delhi,Diesel,Manual,First,16.0,7,12.0,Mahindra,XUV500 W4 1.99 mHawk,9,7.01051577366049
Delhi,Petrol,Manual,Second,19.81,5,2.2,Hyundai,i10 Era 1.1,14,6.266114180478821
Hyderabad,Diesel,Manual,First,13.93,7,3.6,Tata,New Safari DICOR 2.2 EX 4x4,19,6.333180357962368
Kolkata,Petrol,Manual,First,20.36,5,1.92,Hyundai,i10 Sportz,17,6.591478696741855
Bangalore,Diesel,Automatic,First,11.36,7,20.5,Toyota,Innova Crysta 2.8 ZX AT,10,6.2250453720508165
Jaipur,Diesel,Manual,First,17.5,5,4.25,Skoda,Laura Elegance MT,16,5.590717299578059
Kolkata,Petrol,Manual,First,18.9,5,3.2,Hyundai,Grand i10 Sportz,13,6.8504594820384295
Pune,Diesel,Manual,Second,23.59,5,2.6,Toyota,Etios Liva GD,14,8.304757605056455
Kolkata,Diesel,Manual,First,23.4,5,3.85,Maruti,Swift Dzire VDI,12,5.929487179487179
Kochi,Diesel,Manual,First,23.0,5,3.48,Hyundai,i20 Asta 1.4 CRDi (Diesel),16,6.446991404011461
Hyderabad,Diesel,Manual,Second,25.83,5,4.55,Ford,Figo 2015-2019 1.5D Trend MT,9,6.608811748998665
Pune,Diesel,Manual,First,25.47,7,7.0,Maruti,Ertiga VDI,10,7.091346153846153
Ahmedabad,Diesel,Manual,First,20.77,7,5.75,Maruti,Ertiga ZDI,13,7.115384615384615
Kochi,Petrol,Automatic,First,16.8,5,8.73,Honda,City 1.5 V AT Sunroof,10,7.768871075484301
Hyderabad,Petrol,Manual,First,19.7,5,1.7,Maruti,Alto LXi BSIII,17,5.816582914572864
Hyderabad,Diesel,Automatic,First,10.91,7,29.5,Ford,Endeavour 3.2 Titanium AT 4X4,10,6.160100062539087
Kochi,Diesel,Manual,First,24.3,5,10.49,Maruti,Vitara Brezza ZDi Plus,7,7.091346153846153
Kolkata,Petrol,Automatic,First,8.6,2,64.0,Porsche,Boxster S tiptronic,11,9.793052475979305
Pune,Diesel,Manual,First,22.9,5,7.55,Maruti,Swift ZDi,10,5.929487179487179
Mumbai,Petrol,Manual,First,17.57,5,3.95,Tata,Zest Revotron 1.2 XT,12,7.435037720033528
Bangalore,Petrol,Manual,Fourth & Above,17.0,5,3.25,Hyundai,i20 1.2 Sportz Option,16,6.683375104427736
Mumbai,Diesel,Manual,First,19.4,5,2.75,Skoda,Fabia 1.4 TDI Active,17,4.922644163150492
Kolkata,Diesel,Manual,First,21.43,5,7.35,Toyota,Corolla Altis D-4D J,11,6.392961876832845
Ahmedabad,Petrol,Manual,First,17.0,5,4.7,Volkswagen,Ameo 1.2 MPI Comfortline,9,6.156093489148581
Kochi,Petrol,Manual,Second,15.29,5,8.77,Hyundai,Creta 1.6 VTVT S,10,7.6241357636706475
Kochi,Petrol,Manual,First,20.36,5,3.42,Hyundai,i10 Magna 1.2,13,6.591478696741855
Kolkata,Petrol,Manual,First,18.6,5,2.5,Chevrolet,Beat LS,11,6.40533778148457
Kolkata,Diesel,Automatic,First,14.74,5,20.0,Jaguar,XF 3.0 Litre S Premium Luxury,14,9.05111927831607
Mumbai,Petrol,Manual,First,13.24,5,5.25,Nissan,Terrano XL,12,6.414267834793493
Delhi,Diesel,Automatic,Second,15.73,5,14.5,Audi,Q3 2012-2015 2.0 TDI Quattro Premium Plus,13,8.858231707317074
Mumbai,Petrol,Automatic,First,16.95,5,3.45,Hyundai,i10 Asta AT,15,6.591478696741855
Pune,Petrol,Automatic,First,24.07,5,3.3,Maruti,Alto K10 VXI AGS,11,6.723446893787574
Bangalore,Diesel,Automatic,First,11.33,7,51.0,Audi,Q7 4.2 TDI Quattro Technology,12,8.108369617803579
Kolkata,Diesel,Manual,First,24.3,5,6.5,Maruti,Vitara Brezza VDi,9,7.091346153846153
Hyderabad,Petrol,Manual,First,21.1,5,3.65,Hyundai,EON D Lite Plus,13,6.781326781326781
Chennai,Diesel,Manual,First,20.0,5,7.25,Mahindra,XUV300 W8 Diesel,14,7.682030728122912
Kochi,Diesel,Manual,First,22.0,5,6.01,Hyundai,Verna CRDi 1.6 SX Option,12,7.977243994943111
Kolkata,Petrol,Manual,First,18.9,5,2.8,Maruti,Wagon R VXI,11,6.723446893787574
Chennai,Petrol,Manual,First,17.0,5,4.0,Hyundai,i20 Sportz Option,14,6.683375104427736
Delhi,Petrol,Manual,First,17.4,5,5.95,Honda,City i VTEC V,12,7.83567134268537
Chennai,Diesel,Manual,Second,12.8,7,9.2,Toyota,Innova 2.5 V Diesel 7-seater,15,4.0898155573376105
Pune,Diesel,Manual,First,16.8,5,5.35,Hyundai,Verna CRDi SX,14,7.367716008037509
Delhi,Diesel,Manual,First,17.6,7,12.0,Tata,Hexa XT,9,7.061037173015146
Coimbatore,Diesel,Automatic,Second,12.07,7,38.94,Audi,Q7 3.0 TDI Quattro Premium Plus,11,8.136164475901584
Coimbatore,Petrol,Manual,Second,18.9,5,2.69,Maruti,Wagon R VXI,18,6.723446893787574
Bangalore,Diesel,Automatic,Second,17.09,5,27.5,BMW,5 Series 2013-2017 525d Luxury Line,13,10.927318295739347
Kolkata,Petrol,Manual,First,18.0,5,2.75,Honda,Amaze EX i-Vtech,12,7.237061769616027
Mumbai,Petrol,Manual,First,24.7,5,2.8,Maruti,Alto 800 2016-2019 LXI,10,5.942211055276381
Mumbai,Petrol,Manual,First,17.01,5,6.45,Hyundai,Verna 1.6 SX VTVT,10,7.6241357636706475
Coimbatore,Petrol,Manual,First,23.84,5,5.88,Tata,Tiago 1.2 Revotron XZ,8,7.005838198498749
Pune,Petrol,Manual,First,18.6,5,4.65,Maruti,Swift LXI,13,7.167919799498747
Jaipur,Petrol,Manual,First,21.1,5,2.5,Hyundai,EON Era,12,6.781326781326781
Kochi,Petrol,Automatic,First,12.6,5,51.35,Mercedes-Benz,E-Class E 220 d,8,9.812307692307693
Hyderabad,Diesel,Manual,First,22.54,5,6.85,Hyundai,i20 Magna 1.4 CRDi,10,6.356017191977077
Chennai,Diesel,Manual,First,23.59,5,5.25,Toyota,Etios VD,14,4.915689149560118
Coimbatore,Diesel,Manual,First,21.43,5,9.23,Toyota,Corolla Altis Diesel D4DG,12,6.392961876832845
Ahmedabad,Diesel,Automatic,First,20.7,5,22.0,Mini,Cooper 5 DOOR D,12,7.6189839572192515
Hyderabad,Diesel,Manual,First,20.14,5,5.19,Volkswagen,Polo 1.5 TDI Highline,12,5.9279038718291055
Pune,Petrol,Automatic,First,13.7,5,4.35,Skoda,Superb Elegance 1.8 TSI AT,17,8.773637374860957
Hyderabad,Diesel,Automatic,First,10.0,5,24.5,Mercedes-Benz,E-Class 2009-2013 E 220 CDI Avantgarde,13,7.9143389199255125
Pune,Diesel,Manual,First,17.8,5,5.75,Maruti,Swift VDi BSIII W/ ABS,11,6.009615384615385
Kochi,Petrol,Automatic,First,18.0,5,9.19,Honda,City i VTEC CVT VX,10,7.83567134268537
Pune,Petrol,Automatic,Second,8.45,5,10.75,BMW,7 Series 2007-2012 740Li,18,10.775427995971802
Bangalore,Petrol,Automatic,First,19.2,5,2.99,Hyundai,i10 Magna AT,17,6.683375104427736
Kolkata,Diesel,Manual,First,26.59,5,3.89,Maruti,Swift Dzire VDI,12,5.929487179487179
Coimbatore,Diesel,Manual,First,26.0,5,11.73,Honda,City i DTec VX,8,6.582109479305741
Coimbatore,Petrol,Manual,First,14.0,5,3.11,Maruti,Omni 8 Seater BSIV,10,4.396984924623116
Jaipur,Diesel,Manual,Second,17.2,5,14.45,Skoda,Superb 2009-2014 Elegance 2.0 TDI MT,12,7.017276422764228
Ahmedabad,Diesel,Manual,First,24.52,7,8.7,Maruti,Ertiga SHVS VDI,8,7.091346153846153
Kochi,Diesel,Manual,First,24.0,5,5.04,Hyundai,Grand i10 CRDi Magna,10,6.25
Jaipur,Diesel,Manual,First,28.09,5,8.5,Maruti,Ciaz VDi Plus SHVS,9,7.091346153846153
Delhi,Diesel,Automatic,First,19.27,5,15.65,Mercedes-Benz,New C-Class C 220 CDI Avantgarde,12,7.932804479701354
Mumbai,Diesel,Manual,First,20.5,5,5.65,Fiat,Avventura MULTIJET Emotion,11,7.3493589743589745
Bangalore,Petrol,Automatic,First,10.93,5,16.5,Mercedes-Benz,E-Class 2009-2013 E 250 Elegance,16,8.16980376451742
Pune,Petrol,Manual,First,15.04,5,3.9,Volkswagen,Vento Petrol Highline,14,6.483103879849812
Jaipur,Diesel,Automatic,First,18.88,5,14.5,BMW,3 Series 320d Luxury Line,13,9.223057644110275
Bangalore,Diesel,Automatic,First,14.69,5,44.0,BMW,5 Series 2013-2017 530d M Sport,11,8.620113598396257
Delhi,Petrol,Manual,First,18.9,5,5.0,Hyundai,Grand i10 1.2 Kappa Magna,9,6.838763575605681
Hyderabad,Diesel,Automatic,First,11.36,7,19.75,Toyota,Innova Crysta 2.8 ZX AT,10,6.2250453720508165
Coimbatore,Diesel,Automatic,First,19.6,5,11.44,Renault,Duster 110PS Diesel RxZ AMT,9,7.42299794661191
Chennai,Diesel,Manual,First,18.0,5,1.75,Tata,Indica Vista Aura 1.3 Quadrajet,15,6.009615384615385
Bangalore,Diesel,Manual,First,17.8,5,5.6,Maruti,Swift VDI BSIV,13,9.076674177321317
Kochi,Petrol,Manual,First,12.3,5,30.42,Mercedes-Benz,E-Class 2009-2013 E 200 CGI Avantgarde,10,10.300668151447661
Coimbatore,Diesel,Manual,First,15.1,7,9.57,Mahindra,XUV500 W8 4WD,13,6.424965580541533
Mumbai,Diesel,Manual,First,15.96,7,3.5,Mahindra,Bolero ZLX,10,2.461355529131986
Coimbatore,Diesel,Manual,First,24.3,5,10.46,Maruti,Vitara Brezza ZDi,8,7.091346153846153
Pune,Diesel,Manual,First,20.5,5,4.85,Fiat,Avventura MULTIJET Emotion,12,7.3493589743589745
Kochi,Petrol,Manual,First,19.5,5,5.68,Honda,Amaze S Petrol,10,7.402835696413678
Mumbai,Petrol,Automatic,First,13.7,5,13.25,Skoda,Superb Elegance 1.8 TSI AT,11,8.773637374860957
Bangalore,Diesel,Automatic,First,14.74,5,16.0,Jaguar,XF 3.0 Litre S Premium Luxury,15,9.05111927831607
Chennai,Petrol,Manual,First,18.9,5,3.0,Maruti,Wagon R VXI BSIII,13,6.723446893787574
Kolkata,Petrol,Manual,First,17.0,5,0.99,Hyundai,Santro Xing XL eRLX Euro III,19,10.4306531982477
Mumbai,Petrol,Automatic,First,14.53,5,5.0,Toyota,Corolla Altis VL,16,7.68075639599555
Delhi,Petrol,Manual,First,16.1,5,4.75,Maruti,Swift VXi BSIV,10,7.101086048454469
Bangalore,Petrol,Manual,First,16.47,5,5.35,Volkswagen,Polo 1.2 MPI Highline,12,6.176961602671119
Hyderabad,Petrol,Manual,First,18.9,5,5.98,Hyundai,Grand i10 1.2 Kappa Asta,9,6.838763575605681
Chennai,Diesel,Manual,Third,21.5,5,3.5,Maruti,SX4 ZDI,15,7.115384615384615
Kochi,Petrol,Manual,First,18.9,5,4.77,Hyundai,Grand i10 1.2 Kappa Magna,8,6.838763575605681
Delhi,Petrol,Manual,First,21.4,5,5.45,Maruti,Baleno Delta 1.2,10,6.942355889724311
Ahmedabad,Petrol,Automatic,First,20.3,5,6.85,Tata,Tigor 1.2 Revotron XTA,8,7.005838198498749
Jaipur,Diesel,Automatic,First,26.59,5,7.3,Maruti,Swift Dzire AMT ZDI,10,5.929487179487179
Pune,Petrol,Manual,First,15.3,5,1.25,Tata,Indica GLS BS IV,19,5.473595976529757
Chennai,Diesel,Manual,First,22.7,5,8.25,Maruti,SX4 S Cross DDiS 320 Zeta,11,7.3842302878598245
Ahmedabad,Petrol,Manual,First,16.1,5,2.71,Maruti,Swift VXI BSIII,18,6.79506933744222
Kolkata,Petrol,Manual,First,19.1,5,3.6,Hyundai,Xcent 1.2 Kappa SX,10,6.8504594820384295
Ahmedabad,Petrol,Manual,First,18.5,5,3.0,Hyundai,i20 1.2 Magna,16,6.683375104427736
Hyderabad,Petrol,Automatic,First,23.1,5,4.65,Maruti,Celerio VXI AT,10,6.717434869739479
Mumbai,Diesel,Automatic,First,14.84,5,9.5,Mercedes-Benz,New C-Class C 220 CDI Elegance AT,16,7.932804479701354
Mumbai,Petrol,Manual,First,17.5,5,2.95,Maruti,Swift Dzire VXi,15,6.610169491525424
Mumbai,Petrol,Manual,First,15.04,5,3.0,Volkswagen,Vento Petrol Trendline,15,6.483103879849812
Hyderabad,Diesel,Manual,First,25.2,5,5.95,Maruti,Swift ZDi,11,5.929487179487179
Delhi,Petrol,Automatic,First,14.53,5,4.0,Toyota,Corolla Altis VL,18,7.68075639599555
Delhi,Petrol,Manual,First,13.5,5,2.5,Honda,Civic 2006-2010 1.8 V MT,18,7.226236798221233
Kolkata,Petrol,Automatic,First,16.05,5,11.37,Ford,EcoSport 1.5 Ti VCT AT Titanium BE,9,7.364909939959974
Pune,Diesel,Manual,Second,19.0,5,2.25,Fiat,Linea Emotion Pack (Diesel),16,7.451923076923077
Jaipur,Petrol,Manual,First,19.81,5,3.1,Hyundai,i10 Era,13,6.266114180478821
Kochi,Diesel,Automatic,First,11.2,5,17.18,Volvo,XC60 D5 Inscription,12,8.958333333333334
Jaipur,Petrol,Manual,First,18.6,5,6.5,Hyundai,i20 1.2 Asta,8,6.836257309941521
Ahmedabad,Diesel,Manual,First,26.0,5,5.7,Honda,City i DTEC S,12,6.582109479305741
Ahmedabad,Diesel,Manual,First,12.99,8,8.0,Toyota,Innova 2.5 VX (Diesel) 8 Seater BS IV,13,4.0096230954290295
Chennai,Petrol,Manual,First,25.17,5,2.6,Renault,KWID RXT,10,6.670838548185232
Hyderabad,Petrol,Manual,First,19.0,5,2.45,Maruti,A-Star Vxi,17,6.623246492985971
Kochi,Petrol,Automatic,First,14.8,5,11.57,Mercedes-Benz,B Class B180,12,7.567398119122257
Kolkata,Petrol,Manual,First,18.9,5,2.3,Maruti,Wagon R LXI BS IV,14,6.723446893787574
Jaipur,Diesel,Manual,First,25.2,5,5.9,Maruti,Swift VDI BSIV,10,5.929487179487179
Mumbai,Petrol,Automatic,First,17.0,5,7.2,Hyundai,Verna VTVT 1.6 AT SX Option,11,7.6241357636706475
Ahmedabad,Diesel,Automatic,First,22.0,5,5.9,Hyundai,Verna CRDi 1.6 AT SX Option,13,7.977243994943111
Chennai,Petrol,Manual,Second,16.8,5,6.0,Honda,City V MT,12,7.768871075484301
Kolkata,Petrol,Manual,First,16.0,5,1.95,Hyundai,i10 Magna Optional 1.1L,16,6.141804788213628
Coimbatore,Diesel,Manual,First,23.59,5,6.55,Toyota,Etios GD SP,10,4.914956011730206
Hyderabad,Diesel,Automatic,First,27.03,5,25.0,Volvo,S60 D4 Momentum,11,9.649568308786186
Kolkata,Diesel,Manual,First,20.0,5,2.65,Ford,Figo Diesel EXI,14,4.8641887062187275
Mumbai,Diesel,Automatic,First,13.0,5,69.5,Mercedes-Benz,E-Class 2015-2017 E350 CDI Avantgrade,9,8.87177770338132
Chennai,Diesel,Automatic,First,22.69,5,14.0,BMW,3 Series 320d Luxury Line,14,9.523809523809524
Pune,Petrol,Manual,Second,22.74,5,2.1,Maruti,Alto 800 VXI,12,5.942211055276381
Hyderabad,Diesel,Manual,First,13.68,7,20.4,Toyota,Innova Crysta 2.4 VX MT,9,6.176347680735479
Hyderabad,Petrol,Manual,First,18.78,5,5.68,Volkswagen,Polo 1.0 MPI Trendline,7,7.5075075075075075
Mumbai,Petrol,Manual,First,13.24,5,5.55,Nissan,Terrano XL,12,6.414267834793493
Mumbai,Diesel,Manual,First,13.5,7,12.75,Mitsubishi,Pajero Sport 4X4,13,7.087605974969721
Mumbai,Petrol,Manual,Second,14.8,5,3.35,Honda,Civic 2010-2013 1.8 S MT,14,7.237354085603112
Kolkata,Petrol,Manual,First,22.74,5,1.55,Maruti,Alto 800 LXI,13,5.942211055276381
Coimbatore,Diesel,Manual,Second,20.54,5,5.9,Volkswagen,Vento Diesel Highline,13,6.483103879849812
Hyderabad,Diesel,Automatic,First,12.35,5,18.98,Land,Rover Freelander 2 HSE,14,8.615878843506195
Mumbai,Petrol,Manual,First,13.7,5,11.51,Honda,CR-V 2.0L 2WD MT,12,7.70455683525288
Mumbai,Diesel,Manual,First,20.77,7,7.75,Maruti,Ertiga VDI,10,7.112179487179487
Chennai,Diesel,Manual,First,12.99,7,13.9,Toyota,Innova 2.5 GX (Diesel) 7 Seater,10,4.033680834001604
Kolkata,Petrol,Manual,First,15.0,5,1.35,Tata,Manza Aura Safire,16,6.578947368421052
Mumbai,Diesel,Automatic,Second,12.07,7,38.0,Audi,Q7 35 TDI Quattro Premium Plus,11,8.136164475901584
Mumbai,Petrol,Automatic,First,17.1,5,11.6,Hyundai,Verna 1.6 SX VTVT (O) AT,9,7.630421118793213
Hyderabad,Diesel,Automatic,First,21.5,5,12.25,Volkswagen,Vento 1.5 Highline Plus AT 16 Alloy,9,7.242990654205607
Jaipur,Petrol,Manual,First,17.0,5,3.8,Honda,City 1.5 S MT,15,7.882431529726119
Mumbai,Diesel,Manual,First,20.0,5,3.25,Ford,Figo Diesel Titanium,12,4.8641887062187275
Mumbai,Petrol,Manual,First,18.7,5,6.4,Honda,Jazz 1.2 VX i VTEC,10,7.397831526271894
Bangalore,Petrol,Manual,Second,16.47,5,3.95,Volkswagen,Polo Petrol Highline 1.2L,14,6.168614357262104
Delhi,Petrol,Manual,First,17.4,5,3.57,Honda,City i-VTEC S,16,7.83567134268537
Mumbai,Petrol,Manual,Second,17.7,5,1.25,Honda,City ZX GXi,21,5.210420841683367
Kolkata,Petrol,Automatic,Second,12.0,5,12.5,Honda,CR-V 2.4L 4WD AT AVN,13,7.960917587085811
Ahmedabad,Diesel,Automatic,Second,18.12,5,23.0,BMW,5 Series 2013-2017 520d Luxury Line,12,9.523809523809524
Coimbatore,Diesel,Manual,First,12.05,8,6.32,Mahindra,Scorpio VLX 2.2 mHawk BSIII,14,5.507113354749885
Kolkata,Diesel,Manual,First,20.54,5,3.4,Volkswagen,Vento Diesel Comfortline,14,6.483103879849812
Jaipur,Petrol,Manual,Second,17.3,5,0.77,Maruti,Zen VX,27,6.042296072507553
Jaipur,Petrol,Manual,First,16.1,4,0.9,Maruti,800 DX BSII,17,4.648241206030151
Delhi,Petrol,Automatic,First,14.28,5,18.0,Toyota,Corolla Altis 1.8 VL CVT,9,7.676863181312569
Pune,Petrol,Automatic,First,14.59,5,19.0,BMW,3 Series 328i Sport Line,13,12.268402603905859
Chennai,Petrol,Manual,Third,13.8,5,1.1,Ford,Ikon 1.3 Flair,19,5.388760585065435
Pune,Petrol,Manual,Second,18.6,5,2.0,Chevrolet,Beat LT,14,6.622185154295246
Ahmedabad,Diesel,Manual,First,21.43,5,6.5,Toyota,Corolla Altis 1.4 DG,14,6.362903225806452
Bangalore,Diesel,Manual,First,16.0,7,9.45,Mahindra,XUV500 W4,12,6.424965580541533
Mumbai,Diesel,Manual,First,24.4,5,4.0,Hyundai,Xcent 1.1 CRDi Base,10,6.3392857142857135
Kochi,Diesel,Automatic,First,13.0,5,32.25,Mercedes-Benz,E-Class 2015-2017 E250 CDI Avantgarde,9,9.519365375641623
Pune,Petrol,Manual,First,20.36,5,2.1,Hyundai,i10 Sportz,17,6.591478696741855
Mumbai,Petrol,Automatic,Second,14.28,5,9.75,Toyota,Corolla Altis VL AT,11,7.676863181312569
Kolkata,Petrol,Manual,First,14.53,5,6.3,Toyota,Corolla 1.8 J,12,7.675194660734149
Hyderabad,Diesel,Automatic,First,17.32,5,21.0,Audi,Q3 2.0 TDI Quattro,13,9.34959349593496
Mumbai,Diesel,Manual,First,21.9,5,4.65,Hyundai,i20 Magna Optional 1.4 CRDi,12,6.3610315186246424
Mumbai,Diesel,Automatic,Second,19.27,5,17.0,Mercedes-Benz,New C-Class C 220d Avantgarde Edition C,13,7.821745216985534
Pune,Diesel,Manual,First,21.1,5,4.35,Maruti,Ritz VDi,13,5.9214743589743595
Coimbatore,Diesel,Manual,First,19.67,5,14.82,Hyundai,Creta 1.6 SX Plus Diesel,9,7.977243994943111
Delhi,Diesel,Automatic,First,13.6,5,40.0,Jaguar,XE 2.0L Diesel Prestige,8,8.854427213606805
Chennai,Diesel,Manual,First,14.95,7,6.15,Mahindra,Xylo D4,10,3.7645640819606268
Ahmedabad,Diesel,Manual,First,12.99,7,11.25,Toyota,Innova 2.5 G (Diesel) 7 Seater,12,4.033680834001604
Pune,Petrol,Automatic,First,19.16,5,32.0,Toyota,Camry 2.5 Hybrid,8,6.323175621491579
Coimbatore,Diesel,Automatic,First,13.22,5,45.62,Audi,Q5 3.0 TDI Quattro,8,8.136164475901584
Kochi,Diesel,Manual,First,28.4,5,6.24,Maruti,Swift VDI,9,5.929487179487179
Chennai,Diesel,Manual,First,20.77,7,4.8,Maruti,Ertiga VDI Limited Edition,11,7.112179487179487
Chennai,Petrol,Manual,Second,16.1,5,4.5,Maruti,Swift VXi BSIV,12,7.101086048454469
Kochi,Petrol,Manual,First,20.36,5,3.87,Hyundai,i10 Sportz,11,6.591478696741855
Delhi,Petrol,Manual,First,20.36,5,2.75,Hyundai,i10 Sportz,13,6.591478696741855
Kochi,Petrol,Manual,First,21.4,5,6.57,Maruti,Baleno Sigma 1.2,8,6.942355889724311
Jaipur,Petrol,Manual,First,16.36,5,2.0,Hyundai,Accent Executive,16,6.2675585284280935
Ahmedabad,Petrol,Manual,First,19.4,5,3.65,Honda,Brio S MT,14,7.245409015025041
Hyderabad,Diesel,Manual,First,22.9,5,6.95,Maruti,Swift ZDi,10,5.929487179487179
Bangalore,Petrol,Manual,First,20.14,5,5.5,Hyundai,Xcent 1.2 VTVT S,12,6.838763575605681
Kolkata,Diesel,Manual,First,16.0,7,7.0,Mahindra,XUV500 W8 2WD,13,6.424965580541533
Delhi,Diesel,Automatic,First,13.0,5,24.0,Mercedes-Benz,E-Class E250 CDI Avantgrade,12,9.384041063929072
Bangalore,Diesel,Automatic,Second,0.0,5,11.0,Land,Rover Freelander 2 TD4 S,16,5.277650298301973
Bangalore,Diesel,Automatic,First,19.27,5,32.5,Mercedes-Benz,New C-Class C 220 CDI Avantgarde,10,7.932804479701354
Kochi,Diesel,Manual,First,21.27,5,6.45,Hyundai,i20 Asta 1.4 CRDi,11,6.358166189111748
Mumbai,Diesel,Automatic,First,19.3,5,15.75,Skoda,Octavia Elegance 2.0 TDI AT,11,7.164634146341463
Mumbai,Petrol,Manual,First,17.0,5,5.5,Honda,City 1.5 S MT,12,7.882431529726119
Kochi,Diesel,Automatic,First,12.55,7,19.03,Toyota,Fortuner 4x2 AT,11,5.650570087189806
Kolkata,Diesel,Automatic,First,17.32,5,15.25,Audi,Q3 2.0 TDI Quattro,13,9.34959349593496
Hyderabad,Petrol,Manual,First,20.92,5,2.4,Maruti,Alto K10 2010-2014 VXI,14,6.723446893787574
Chennai,Diesel,Manual,First,23.03,5,2.3,Tata,Indigo eCS LX BSIV,15,4.9426934097421205
Kochi,Diesel,Automatic,First,17.11,5,14.35,Audi,A4 2.0 TDI 177 Bhp Premium Plus,12,8.858231707317074
Kochi,Petrol,Automatic,First,18.0,5,11.97,Honda,City i-VTEC CVT VX,8,7.83567134268537
Jaipur,Petrol,Manual,Second,0.0,5,1.6,Hyundai,Santro GLS I - Euro II,17,11.339028401698704
Ahmedabad,Diesel,Manual,First,14.24,7,18.9,Toyota,Fortuner 2.8 2WD MT,11,6.333938294010889
Ahmedabad,Petrol,Manual,First,18.9,5,5.4,Hyundai,Grand i10 Sportz,9,6.8504594820384295
Hyderabad,Petrol,Manual,First,15.1,7,2.95,Maruti,Eeco 7 Seater Standard,11,6.103678929765886
Bangalore,Petrol,Manual,First,16.47,5,5.1,Volkswagen,Polo Petrol Highline 1.2L,13,6.168614357262104
Jaipur,Petrol,Manual,First,18.9,5,1.5,Maruti,Wagon R LXI Minor,20,6.314797360980208
Bangalore,Petrol,Manual,First,17.0,5,4.9,Honda,City 1.5 V MT,15,7.882431529726119
Mumbai,Petrol,Manual,First,14.8,5,2.9,Honda,Civic 2010-2013 1.8 S MT,16,7.237354085603112
Pune,Petrol,Manual,First,13.0,5,1.15,Honda,City 1.5 EXI,21,6.697923643670463
Kolkata,Petrol,Manual,First,18.5,5,2.3,Hyundai,i20 1.2 Magna,16,6.683375104427736
Kochi,Diesel,Manual,First,24.0,5,5.99,Hyundai,Grand i10 CRDi Sportz Celebration Edition,8,6.25
Pune,Petrol,Automatic,Third,14.4,5,3.4,Volkswagen,Vento Petrol Highline AT,15,6.483103879849812
Kolkata,Petrol,Manual,First,20.36,5,1.7,Hyundai,i10 Sportz 1.2,17,6.591478696741855
Kolkata,Petrol,Manual,First,17.0,5,1.99,Hyundai,i20 Asta,17,6.683375104427736
Pune,Petrol,Manual,First,18.6,5,2.5,Chevrolet,Beat LS,14,6.622185154295246
Hyderabad,Diesel,Manual,First,22.07,5,4.85,Volkswagen,Polo Diesel Highline 1.2L,13,6.163469557964971
Hyderabad,Petrol,Manual,First,15.6,5,2.65,Ford,Figo Petrol LXI,16,5.852842809364549
Kochi,Petrol,Automatic,First,9.9,2,27.35,Audi,TT 2.0 TFSI,12,10.473790322580646
Jaipur,Diesel,Manual,Second,25.1,5,6.9,Honda,City i DTEC VX,11,6.582109479305741
Hyderabad,Diesel,Manual,First,20.0,5,3.5,Ford,Figo Diesel Titanium,13,4.8641887062187275
Delhi,Diesel,Manual,First,12.99,7,12.5,Toyota,Innova 2.5 ZX Diesel 7 Seater,11,4.033680834001604
Delhi,Petrol,Automatic,First,19.12,5,9.2,Maruti,Ciaz 1.4 AT Alpha,9,6.635105608157319
Mumbai,Petrol,Automatic,First,18.9,5,4.9,Hyundai,Grand i10 AT Asta,11,6.8504594820384295
Kochi,Petrol,Manual,First,18.88,5,5.55,Ford,EcoSport 1.0 Ecoboost Titanium Plus BE,12,12.336336336336336
Ahmedabad,Petrol,Automatic,First,14.7,5,13.5,Skoda,Octavia Ambition 1.8 TSI AT,12,9.877641824249165
Kolkata,Diesel,Manual,First,20.4,5,2.6,Fiat,Linea Emotion (Diesel),16,7.347756410256411
Jaipur,Petrol,Manual,First,16.1,5,4.5,Maruti,Swift Lxi BSIII,11,6.79506933744222
Delhi,Diesel,Automatic,Second,11.8,7,34.0,Land,Rover Discovery 4 TDV6 SE,13,6.0140327430671565
Hyderabad,Diesel,Manual,First,12.8,7,12.0,Toyota,Innova 2.5 V Diesel 7-seater,14,4.0898155573376105
Mumbai,Diesel,Manual,First,28.4,5,5.25,Maruti,Swift LDI,11,5.929487179487179
Kochi,Diesel,Automatic,First,17.68,5,21.56,Audi,A6 2011-2015 2.0 TDI Premium Plus,12,8.858231707317074
Coimbatore,Diesel,Automatic,First,22.48,5,24.68,BMW,5 Series 520d Luxury Line,14,9.523809523809524
Delhi,Petrol,Manual,First,18.5,5,3.67,Hyundai,i20 Magna Optional 1.2,13,6.925647451963242
Mumbai,Diesel,Automatic,First,17.05,5,29.5,BMW,X1 M Sport sDrive 20d,10,9.523809523809524
Delhi,Petrol,Manual,First,17.6,5,3.1,Toyota,Etios G,14,5.93114973262032
Ahmedabad,Diesel,Manual,First,17.0,5,2.9,Tata,Indigo LX,11,4.98220640569395
Bangalore,Diesel,Automatic,Second,0.0,5,43.0,Mercedes-Benz,M-Class ML 350 4Matic,12,5.523937060595915
Mumbai,Petrol,Automatic,First,10.98,4,15.95,Volkswagen,Beetle 2.0,17,5.766129032258065
Hyderabad,Diesel,Manual,First,19.7,5,4.5,Volkswagen,Polo GT TDI,15,6.483103879849812
Delhi,Diesel,Manual,First,24.0,5,3.49,Hyundai,Grand i10 CRDi Magna,12,6.25
Delhi,Diesel,Manual,First,25.2,5,4.25,Maruti,Swift VDI BSIV,12,5.929487179487179
Chennai,Diesel,Manual,Second,24.0,5,1.9,Hyundai,Verna CRDi 1.4 E,18,6.358166189111748
Mumbai,Diesel,Automatic,First,16.73,5,16.57,BMW,5 Series 2003-2012 525d,15,10.927318295739347
Bangalore,Petrol,Manual,First,17.0,5,5.75,Honda,City 1.5 S MT,14,7.882431529726119
Delhi,Diesel,Automatic,Second,16.55,5,14.0,Audi,A4 2.0 TDI,13,7.495426829268292
Jaipur,Diesel,Manual,Second,19.5,5,2.5,Fiat,Linea Classic Plus 1.3 Multijet,13,6.009615384615385
Ahmedabad,Petrol,Manual,First,13.0,5,1.2,Honda,City 1.3 EXI,24,6.701414743112435
Pune,Petrol,Manual,Second,15.5,5,0.85,Fiat,Petra 1.2 EL,21,9.120522844844608
Kochi,Diesel,Automatic,First,22.69,5,13.95,BMW,3 Series 320d Luxury Line,13,9.523809523809524
Chennai,Petrol,Manual,First,16.6,5,1.6,Ford,Fiesta 1.4 Duratec EXI,19,4.899135446685879
Coimbatore,Petrol,Automatic,First,21.9,4,3.6,Tata,Nano XTA,10,6.0064102564102555
Coimbatore,Petrol,Manual,First,20.89,5,6.06,Maruti,Ignis 1.2 Delta,7,6.83375104427736
Coimbatore,Petrol,Manual,Second,17.5,5,5.29,Maruti,Swift Dzire ZXi,13,6.610169491525424
Jaipur,Diesel,Manual,First,22.7,5,5.75,Ford,Ecosport 1.5 DV5 MT Titanium,12,5.9973297730307085
Coimbatore,Petrol,Manual,First,19.1,5,5.72,Maruti,Swift Dzire VXI,12,7.167919799498747
Kochi,Petrol,Automatic,First,16.95,5,4.39,Hyundai,i10 Sportz AT,12,6.591478696741855
Coimbatore,Diesel,Manual,First,15.1,7,11.05,Mahindra,XUV500 W6 2WD,10,6.424965580541533
Delhi,Diesel,Manual,Second,22.54,5,4.83,Hyundai,i20 Magna 1.4 CRDi,11,6.356017191977077
Chennai,Diesel,Manual,Second,21.27,5,4.5,Hyundai,i20 Asta 1.4 CRDi,14,6.358166189111748
Mumbai,Diesel,Automatic,Second,16.46,5,19.5,BMW,7 Series 730Ld,15,8.620113598396257
Mumbai,Petrol,Automatic,First,14.3,5,8.75,Skoda,Rapid 1.6 MPI AT Style Plus,9,6.478097622027534
Mumbai,Diesel,Automatic,First,14.75,7,67.0,Audi,Q7 45 TDI Quattro Technology,10,8.257499157398044
Kochi,Petrol,Manual,First,17.4,5,8.4,Honda,City i VTEC VX,10,7.83567134268537
Mumbai,Petrol,Manual,First,19.1,5,4.99,Hyundai,Xcent 1.2 Kappa SX,10,6.8504594820384295
Coimbatore,Diesel,Manual,First,26.0,5,8.18,Honda,City i DTec E,10,6.582109479305741
Pune,Petrol,Manual,First,18.4,5,2.9,Honda,Brio S Option MT,14,7.245409015025041
Jaipur,Diesel,Manual,First,28.09,5,7.1,Maruti,Ciaz ZDi Plus SHVS,11,7.091346153846153
Pune,Diesel,Manual,First,26.59,5,7.05,Maruti,Swift Dzire VDI Optional,10,5.929487179487179
Pune,Petrol,Automatic,First,11.1,5,17.5,Honda,CR-V 2.4L 4WD AT,11,6.7459643160577745
Mumbai,Petrol,Automatic,Second,14.53,5,3.41,Toyota,Corolla Altis 2008-2013 1.8 VL AT,18,7.697881828316611
Pune,Petrol,Manual,First,0.0,5,1.3,Maruti,Baleno Vxi,21,7.124332939180506
Coimbatore,Petrol,Manual,First,17.0,5,5.68,Honda,City 1.5 V MT,14,7.882431529726119
Bangalore,Diesel,Manual,First,12.05,9,4.1,Mahindra,Scorpio LX BS IV,19,5.507113354749885
Delhi,Petrol,Manual,First,13.4,5,4.0,Skoda,Laura 1.8 TSI Ambiente,15,8.776418242491658
Hyderabad,Diesel,Automatic,First,18.88,5,30.0,BMW,3 Series 320d Sport Line,11,9.223057644110275
Chennai,Petrol,Manual,First,15.0,5,1.8,Maruti,SX4 Zxi BSIII,19,6.600252206809584
Kochi,Petrol,Manual,First,20.73,5,6.93,Maruti,Ciaz VXi Plus,11,6.635105608157319
Bangalore,Diesel,Automatic,First,10.2,7,70.0,Land,Rover Range Rover 3.6 TDV8 Vogue SE Diesel,14,7.052896725440807
Ahmedabad,Diesel,Manual,First,12.99,7,7.9,Toyota,Innova 2.5 G (Diesel) 7 Seater BS IV,13,4.0096230954290295
Kochi,Petrol,Manual,First,0.0,5,2.78,Hyundai,Santro Xing GL,15,5.70902394106814
Chennai,Diesel,Automatic,First,13.01,7,14.4,Hyundai,Santa Fe 4WD AT,12,8.835834470213735
Mumbai,Petrol,Automatic,Second,11.74,5,13.5,Mercedes-Benz,New C-Class C250 Avantgarde,15,10.356347438752785
Coimbatore,Petrol,Manual,First,19.7,5,2.88,Maruti,Alto LXi,14,5.816582914572864
Kolkata,Petrol,Manual,First,24.7,5,2.15,Maruti,Alto 800 2016-2019 LXI,10,5.942211055276381
Pune,Petrol,Manual,First,16.95,5,3.75,Nissan,Sunny 2011-2014 XV,13,6.522029372496663
Mumbai,Petrol,Manual,First,24.7,5,3.6,Maruti,Alto 800 2016-2019 VXI,7,5.942211055276381
Kolkata,Petrol,Manual,First,24.07,5,3.6,Maruti,Alto K10 VXI,8,6.723446893787574
Coimbatore,Petrol,Automatic,First,18.9,5,7.55,Hyundai,Grand i10 1.2 Kappa Sportz AT,8,6.838763575605681
Kolkata,Diesel,Manual,First,24.2,7,4.7,Honda,Mobilio S i DTEC,11,6.582109479305741
Jaipur,Diesel,Manual,Second,18.8,5,1.6,Tata,Manza Aqua Quadrajet,16,7.211538461538461
Pune,Diesel,Manual,First,16.52,5,3.34,Chevrolet,Optra Magnum 2.0 LT,15,6.212958312405827
Kochi,Petrol,Automatic,First,18.0,5,9.1,Honda,City i VTEC CVT VX,10,7.83567134268537
Kochi,Petrol,Manual,First,18.9,5,6.17,Hyundai,Grand i10 1.2 Kappa Sportz,7,6.838763575605681
Hyderabad,Diesel,Manual,First,22.0,5,2.5,Hyundai,Verna CRDi 1.6 SX,18,7.977243994943111
Kolkata,Petrol,Manual,First,18.44,5,3.0,Nissan,Micra XL,10,6.260434056761269
Jaipur,Diesel,Manual,First,22.32,5,5.75,Hyundai,Verna 1.6 SX,14,7.984829329962073
Bangalore,Petrol,Manual,First,15.29,5,10.75,Hyundai,Creta 1.6 VTVT E Plus,9,7.6241357636706475
Jaipur,Petrol,Manual,Second,20.51,5,2.85,Maruti,Wagon R VXI BS IV,13,6.717434869739479
Chennai,Petrol,Automatic,First,10.2,5,6.5,Honda,Accord 2.4 Elegance A/T,18,7.646559048428207
Bangalore,Petrol,Automatic,First,16.8,5,9.45,Honda,City 1.5 S AT,10,7.882431529726119
Delhi,Diesel,Manual,First,27.39,5,6.75,Maruti,Baleno Alpha 1.3,10,5.929487179487179
Coimbatore,Diesel,Manual,First,26.0,5,7.75,Honda,City i DTec V,9,6.582109479305741
Kochi,Diesel,Manual,First,22.54,5,4.4,Hyundai,i20 Era 1.4 CRDi,12,6.358166189111748
Jaipur,Diesel,Automatic,First,13.0,5,42.0,Mercedes-Benz,E-Class 2015-2017 E350 Edition E,11,8.87177770338132
Kochi,Diesel,Manual,First,19.01,5,5.67,Nissan,Terrano XV 110 PS,12,7.426420260095824
Bangalore,Diesel,Automatic,First,19.6,5,11.5,Renault,Duster 110PS Diesel RxZ AMT,10,7.42299794661191
Pune,Petrol,Manual,First,18.9,5,1.69,Maruti,Wagon R LXI Minor,17,6.723446893787574
Jaipur,Diesel,Manual,Second,17.1,5,1.8,Hyundai,Getz 1.5 CRDi GVS,17,7.367716008037509
Mumbai,Petrol,Manual,First,18.5,5,3.2,Maruti,Ritz LXi,10,7.167919799498747
Kochi,Diesel,Automatic,First,22.48,5,45.86,BMW,5 Series 520d Sport Line,7,9.410526315789475
Hyderabad,Petrol,Manual,First,16.47,5,5.1,Volkswagen,Polo 1.2 MPI Highline,10,6.176961602671119
Pune,Diesel,Manual,First,17.8,5,4.85,Maruti,Swift VDI BSIV,13,9.076674177321317
Mumbai,Petrol,Manual,Second,15.6,5,2.4,Ford,Figo Petrol ZXI,16,5.852842809364549
Hyderabad,Diesel,Automatic,First,18.88,5,22.0,BMW,3 Series 320d Luxury Line,13,9.223057644110275
Delhi,Diesel,Manual,First,22.32,5,4.28,Hyundai,Verna 1.6 SX CRDi (O),14,7.984829329962073
Coimbatore,Diesel,Manual,First,20.45,5,5.67,Renault,Duster 85PS Diesel RxL,11,5.7357973990417515
Bangalore,Petrol,Automatic,First,18.9,5,6.2,Hyundai,Grand i10 1.2 Kappa Magna AT,8,6.838763575605681
Bangalore,Diesel,Automatic,Second,17.05,5,14.49,BMW,X1 sDrive20d,13,9.223057644110275
Pune,Diesel,Manual,First,21.1,5,3.0,Maruti,Ritz VDi,16,5.9214743589743595
Jaipur,Petrol,Manual,Second,19.81,5,2.25,Hyundai,i10 Era 1.1 iTech SE,16,6.266114180478821
Kochi,Diesel,Automatic,First,15.97,7,43.78,BMW,X5 2014-2019 xDrive 30d Design Pure Experience 7 Seater,10,8.620113598396257
Kochi,Petrol,Manual,First,16.8,5,11.45,Honda,City V MT Exclusive,7,7.768871075484301
Delhi,Diesel,Automatic,First,11.18,7,10.5,Mahindra,Ssangyong Rexton RX7,12,6.824925816023739
Coimbatore,Diesel,Manual,First,22.7,5,7.48,Ford,Ecosport 1.5 DV5 MT Titanium Optional,11,5.9973297730307085
Coimbatore,Petrol,Manual,First,19.7,5,3.1,Maruti,Alto LXi,16,5.816582914572864
Mumbai,Petrol,Manual,First,16.47,5,2.55,Volkswagen,Polo 1.2 MPI Highline,15,6.176961602671119
Jaipur,Diesel,Manual,First,22.07,5,3.5,Volkswagen,Polo Diesel Comfortline 1.2L,13,6.163469557964971
Kolkata,Diesel,Manual,First,22.07,5,2.59,Volkswagen,Polo Diesel Highline 1.2L,14,6.163469557964971
Kolkata,Diesel,Manual,First,20.77,7,5.45,Maruti,Ertiga ZDI,13,7.115384615384615
Kolkata,Diesel,Manual,First,22.77,5,6.0,Ford,EcoSport 1.5 TDCi Ambiente,9,6.5814419225634175
Kolkata,Diesel,Automatic,First,11.36,7,15.49,Toyota,Innova Crysta 2.8 ZX AT,10,6.2250453720508165
Mumbai,Petrol,Automatic,Second,10.8,5,12.5,BMW,5 Series 523i Sedan,16,6.0072086503804565
Kolkata,Diesel,Manual,First,23.4,5,4.75,Maruti,Swift Dzire Tour LDI,9,5.929487179487179
Mumbai,Petrol,Manual,First,18.88,5,7.85,Ford,Ecosport 1.0 Ecoboost Platinum Edition,9,12.336336336336336
Ahmedabad,Diesel,Manual,First,16.8,5,6.0,Hyundai,Verna CRDi SX,13,7.367716008037509
Mumbai,Petrol,Manual,First,17.57,5,4.0,Tata,Zest Revotron 1.2T XM,10,7.435037720033528
Mumbai,Diesel,Automatic,First,14.4,5,28.75,Audi,A7 2011-2015 3.0 TDI Quattro,15,8.136164475901584
Pune,Diesel,Manual,First,22.3,5,2.5,Tata,Indica Vista Quadrajet VX,14,5.929487179487179
Delhi,Diesel,Manual,First,26.59,5,5.5,Maruti,Swift Dzire VDI,11,5.929487179487179
Kolkata,Petrol,Manual,First,16.0,5,1.59,Fiat,Linea Emotion,16,6.578947368421052
Mumbai,Petrol,Manual,First,18.6,5,6.22,Hyundai,i20 1.2 Spotz,9,6.836257309941521
Kolkata,Petrol,Manual,First,21.1,5,2.75,Hyundai,EON Era Plus,10,6.781326781326781
Chennai,Petrol,Manual,Second,0.0,5,1.35,Hyundai,Santro Xing XL,19,10.4306531982477
Pune,Diesel,Automatic,First,17.9,5,25.0,Mercedes-Benz,GLA Class 200 CDI SPORT,9,6.346243583761082
Delhi,Petrol,Manual,First,23.1,5,2.8,Maruti,Celerio VXI,12,6.717434869739479
Mumbai,Petrol,Manual,Second,17.8,5,2.45,Chevrolet,Beat LT,12,6.40533778148457
Pune,Petrol,Automatic,First,19.0,5,6.35,Honda,Jazz 1.2 V AT i VTEC Privilege,10,7.397831526271894
Mumbai,Diesel,Automatic,Third,16.07,5,8.0,BMW,3 Series 320d Highline,17,9.072681704260651
Bangalore,Diesel,Manual,First,19.01,5,8.25,Renault,Duster 110PS Diesel RxL,12,7.42299794661191
Mumbai,Petrol,Automatic,First,17.01,5,5.95,Ford,Figo 2015-2019 1.5P Titanium AT,9,7.364909939959974
Kochi,Diesel,Manual,First,13.68,7,19.92,Toyota,Innova Crysta 2.4 VX MT,8,6.176347680735479
Kochi,Diesel,Manual,First,25.44,5,3.15,Chevrolet,Beat Diesel LS,10,6.014957264957264
Chennai,Petrol,Automatic,First,17.21,4,5.75,Volkswagen,Polo GTI,12,10.511679644048943
Kochi,Diesel,Automatic,First,10.91,7,32.44,Ford,Endeavour 3.2 Trend AT 4X4,8,6.16635397123202
Kochi,Diesel,Automatic,Second,22.32,5,8.01,Hyundai,Verna 1.6 SX CRDI (O) AT,10,7.984829329962073
Coimbatore,Petrol,Manual,First,18.16,5,6.48,Ford,Figo 2015-2019 1.2P Titanium Opt MT,9,7.25752508361204
Jaipur,Petrol,Manual,First,16.1,4,0.75,Maruti,800 AC,19,4.648241206030151
Kolkata,Diesel,Manual,First,26.0,5,5.0,Honda,City i DTEC V,12,6.582109479305741
Mumbai,Diesel,Manual,First,16.0,7,7.75,Mahindra,XUV500 W8 2WD,14,6.424965580541533
Chennai,Diesel,Manual,First,20.0,5,2.6,Ford,Figo Diesel ZXI,16,4.8606147248034315
Pune,Petrol,Manual,First,17.0,5,9.2,Ford,EcoSport 1.5 Petrol Titanium,8,8.10688042752171
Mumbai,Petrol,Manual,First,18.6,5,5.05,Hyundai,i20 Asta 1.2,11,6.836257309941521
Hyderabad,Diesel,Manual,First,12.99,7,9.6,Toyota,Innova 2.5 G (Diesel) 7 Seater BS IV,14,4.0096230954290295
Mumbai,Diesel,Manual,First,20.46,5,5.5,Renault,Duster 85PS Diesel RxL Optional,13,5.7357973990417515
Mumbai,Diesel,Manual,First,12.99,8,9.35,Toyota,Innova 2.5 VX (Diesel) 8 Seater,13,4.033680834001604
Delhi,Petrol,Manual,First,17.0,5,2.6,Honda,City 1.5 S MT,17,7.882431529726119
Hyderabad,Petrol,Manual,First,24.07,5,3.5,Maruti,Alto K10 VXI,10,6.723446893787574
Kochi,Petrol,Manual,First,19.49,5,4.26,Nissan,Micra Active XL Petrol,10,5.5959933222036735
Chennai,Petrol,Automatic,Second,23.1,5,4.25,Maruti,Celerio VXI AT,10,6.717434869739479
Hyderabad,Petrol,Manual,Second,11.7,5,11.75,Mercedes-Benz,New C-Class 200 Kompressor,16,9.910913140311804
Chennai,Diesel,Manual,First,23.5,5,3.5,Ford,Fiesta Diesel Style,13,5.921228304405875
Jaipur,Petrol,Manual,First,17.01,5,7.5,Hyundai,Verna 1.6 VTVT S,11,7.6241357636706475
Chennai,Petrol,Automatic,Third,15.0,5,3.25,Hyundai,i20 1.4 Asta (AT),17,7.163323782234957
Chennai,Petrol,Manual,First,17.5,5,4.9,Maruti,Swift Dzire VXi,14,6.610169491525424
Hyderabad,Diesel,Automatic,First,14.84,5,27.0,Mercedes-Benz,New C-Class C 220CDIBE Avantgarde Command,12,7.932804479701354
Kochi,Petrol,Manual,First,18.6,5,8.91,Hyundai,Elite i20 Petrol Asta,9,6.838763575605681
Kochi,Petrol,Automatic,First,17.01,5,6.69,Hyundai,Verna 1.6 VTVT EX AT,12,7.630421118793213
Kochi,Diesel,Manual,First,17.3,5,6.02,Chevrolet,Cruze LTZ,12,8.193193193193192
Mumbai,Petrol,Manual,First,14.28,5,4.5,Toyota,Corolla Altis 1.8 G,16,7.676863181312569
Pune,Petrol,Manual,First,19.0,5,2.0,Maruti,A-Star Vxi,15,6.623246492985971
Kolkata,Diesel,Manual,First,23.08,5,2.4,Nissan,Micra Diesel XV Premium,14,4.31895961670089
Pune,Petrol,Manual,First,25.4,4,1.2,Tata,Nano LX,13,6.0064102564102555
Delhi,Diesel,Manual,First,23.4,5,2.9,Maruti,Swift Dzire Tour LDI,12,5.929487179487179
Ahmedabad,Diesel,Automatic,First,17.32,5,27.0,Audi,Q3 2.0 TDI Quattro,10,9.34959349593496
Chennai,Diesel,Manual,First,25.8,5,7.5,Honda,Amaze VX i-DTEC,10,6.582109479305741
Mumbai,Petrol,Manual,First,14.7,5,1.5,Chevrolet,Optra 1.6 LS,22,6.504065040650407
Hyderabad,Diesel,Automatic,First,14.16,5,39.5,Audi,Q5 2.0 TDI Premium Plus,10,8.856707317073171
Hyderabad,Diesel,Manual,First,23.2,5,3.39,Maruti,Ritz VDi,14,5.924679487179487
Kochi,Diesel,Manual,First,15.4,7,12.4,Mahindra,Scorpio S6 7 Seater,8,5.507113354749885
Chennai,Diesel,Manual,First,28.09,5,6.85,Maruti,Ciaz ZDi SHVS,12,7.091346153846153
Pune,Diesel,Manual,Second,21.43,5,5.75,Toyota,Corolla Altis Aero D 4D J,15,10.117302052785924
Chennai,Diesel,Manual,Second,25.0,5,2.0,Tata,Indica V2 eLS,11,4.9426934097421205
Jaipur,Petrol,Manual,First,16.1,4,0.9,Maruti,800 Std BSIII,20,4.648241206030151
Kolkata,Petrol,Manual,First,16.47,5,3.8,Volkswagen,Polo 1.2 MPI Highline,11,6.176961602671119
Delhi,Petrol,Automatic,First,14.62,5,16.35,Hyundai,Elantra 2.0 SX Option AT,9,7.499749874937469
Hyderabad,Diesel,Automatic,First,11.5,7,16.5,Toyota,Fortuner 4x2 4 Speed AT,14,5.667337357478202
Coimbatore,Petrol,Manual,First,21.4,5,8.7,Maruti,Baleno Zeta 1.2,7,6.942355889724311
Mumbai,Petrol,Manual,First,21.4,5,6.1,Maruti,Baleno Zeta 1.2,10,6.942355889724311
Hyderabad,Diesel,Automatic,First,23.8,5,21.94,Mini,Cooper Countryman D,13,5.605605605605605
Chennai,Diesel,Automatic,Second,13.0,5,22.0,Mercedes-Benz,S Class 2005 2013 320 CDI,17,7.030465349849348
Delhi,Petrol,Manual,First,20.92,5,2.65,Maruti,Alto K10 LXI,11,6.723446893787574
Kochi,Petrol,Manual,First,20.4,5,5.27,Maruti,Swift VXI Optional,9,6.83375104427736
Kolkata,Diesel,Manual,First,22.1,5,2.48,Chevrolet,Sail LT ABS,12,5.929487179487179
Kolkata,Diesel,Manual,First,12.8,8,6.0,Toyota,Innova 2.5 G (Diesel) 8 Seater BS IV,15,4.0898155573376105
Mumbai,Diesel,Manual,First,11.5,7,8.9,Toyota,Fortuner 3.0 Diesel,17,5.734406438631791
Hyderabad,Diesel,Automatic,Second,18.88,5,18.0,BMW,3 Series 320d Sport Line,14,9.223057644110275
Coimbatore,Petrol,Manual,First,16.8,5,11.64,Skoda,Octavia Ambition 1.4 TSI MT,10,9.893906810035844
Kolkata,Diesel,Manual,First,11.5,7,8.99,Toyota,Fortuner 3.0 Diesel,7,5.734406438631791
Bangalore,Diesel,Automatic,First,15.5,5,5.25,Volkswagen,Jetta 2007-2011 1.9 Highline TDI,17,5.537974683544303
Kolkata,Diesel,Manual,First,23.0,5,2.95,Hyundai,i20 1.4 CRDi Asta,15,6.446991404011461
Mumbai,Diesel,Manual,Second,21.02,5,2.65,Tata,Manza Club Class Quadrajet90 LX,13,7.112179487179487
Pune,Petrol,Manual,First,15.04,5,4.0,Volkswagen,Vento Petrol Highline,13,6.483103879849812
Chennai,Diesel,Automatic,First,17.6,5,12.5,Hyundai,Creta 1.6 SX Automatic Diesel,10,7.977243994943111
Mumbai,Petrol,Manual,First,21.1,5,3.25,Maruti,Ritz VXI,12,7.167919799498747
Delhi,Petrol,Manual,First,13.1,5,4.0,Honda,CR-V 2.0L 2WD MT,18,7.065598397596394
Delhi,Diesel,Manual,Second,15.1,7,6.25,Mahindra,XUV500 W8 2WD,14,6.424965580541533
Jaipur,Diesel,Manual,First,21.66,5,5.8,Volkswagen,Ameo 1.5 TDI Comfortline,10,7.251001335113486
Kolkata,Petrol,Manual,First,17.57,5,5.0,Tata,Zest Revotron 1.2 XT,11,7.435037720033528
Kochi,Diesel,Automatic,First,12.9,5,58.73,Jaguar,XJ 3.0L Portfolio LWB,10,9.05045105245573
Kochi,Petrol,Automatic,First,14.28,5,17.49,Toyota,Corolla Altis 1.8 VL CVT,8,7.676863181312569
Pune,Petrol,Manual,Second,19.0,5,1.95,Maruti,A-Star Vxi,15,6.623246492985971
Mumbai,Petrol,Automatic,First,11.1,5,3.0,Honda,Accord VTi-L (AT),19,6.032285471537808
Delhi,Petrol,Manual,First,17.0,5,5.5,Hyundai,i20 Asta (o),12,6.683375104427736
Delhi,Diesel,Automatic,First,12.55,7,16.5,Toyota,Fortuner 4x2 AT,13,5.650570087189806
Mumbai,Petrol,Automatic,Second,11.74,5,14.5,Mercedes-Benz,New C-Class C 200 CGI Avantgarde,15,10.356347438752785
Hyderabad,Diesel,Manual,First,27.39,5,7.79,Maruti,Baleno Alpha 1.3,10,5.929487179487179
Kochi,Diesel,Manual,First,20.77,7,8.27,Maruti,Ertiga VDI,9,7.112179487179487
Mumbai,Petrol,Manual,First,12.9,5,2.15,Chevrolet,Optra Magnum 1.6 LT ABS BS3,14,6.414267834793493
Hyderabad,Petrol,Automatic,Second,12.9,5,3.0,Honda,Civic 2006-2010 1.8 V AT,18,7.226236798221233
Coimbatore,Diesel,Automatic,First,16.09,5,28.79,BMW,X3 xDrive20d,12,9.223057644110275
Mumbai,Diesel,Automatic,First,20.0,5,5.45,Skoda,Laura Ambition 2.0 TDI CR AT,15,7.017276422764228
Delhi,Diesel,Manual,First,23.4,5,3.95,Maruti,Swift Dzire VDI,13,5.929487179487179
Pune,Diesel,Automatic,First,23.3,5,16.0,Volvo,V40 Cross Country D3,13,7.560483870967742
Delhi,Petrol,Manual,First,17.5,5,4.25,Maruti,Swift Dzire ZXi,13,6.610169491525424
Bangalore,Diesel,Automatic,First,12.7,5,34.5,Land,Rover Range Rover 2.2L Pure,12,8.614043139054612
Mumbai,Petrol,Automatic,Third,11.7,5,2.6,Honda,Accord 2.4 AT,18,7.544604927782498
Kochi,Diesel,Manual,First,12.99,8,13.48,Toyota,Innova 2.5 G (Diesel) 8 Seater,9,4.033680834001604
Hyderabad,Diesel,Manual,First,12.55,7,32.1,Toyota,Fortuner 4x4 MT,8,5.650570087189806
Kochi,Petrol,Manual,First,18.7,5,6.17,Honda,Jazz 1.2 E i VTEC,8,7.397831526271894
Kolkata,Petrol,Manual,First,17.0,5,5.5,Honda,City 1.5 V MT,11,7.882431529726119
Hyderabad,Diesel,Automatic,First,28.4,5,9.15,Maruti,Dzire AMT ZDI Plus,9,5.909455128205128
Pune,Diesel,Manual,First,21.64,5,4.5,Nissan,Sunny 2011-2014 Diesel XL,12,5.804243668720054
Chennai,Diesel,Manual,First,12.99,8,10.5,Toyota,Innova 2.5 G (Diesel) 8 Seater,12,4.033680834001604
Coimbatore,Petrol,Manual,First,19.4,5,5.37,Honda,Brio S MT,10,7.245409015025041
Bangalore,Petrol,Manual,First,15.04,5,5.45,Volkswagen,Vento Petrol Trendline,14,6.483103879849812
Mumbai,Diesel,Manual,First,16.0,7,9.25,Mahindra,XUV500 W4,10,6.424965580541533
Chennai,Diesel,Manual,First,23.0,5,7.7,Ford,EcoSport 1.5 Diesel Titanium Plus,10,6.606141522029373
Hyderabad,Diesel,Manual,First,17.72,5,7.99,Skoda,Yeti Ambition 4X2,14,5.51270325203252
Chennai,Petrol,Manual,First,20.36,5,3.0,Hyundai,i10 Sportz,14,6.591478696741855
Hyderabad,Diesel,Manual,First,12.8,8,4.0,Toyota,Innova 2.5 G (Diesel) 8 Seater BS IV,21,4.0898155573376105
Coimbatore,Diesel,Manual,First,20.65,5,6.69,Tata,Zest Quadrajet 1.3 XT,8,7.107371794871795
Delhi,Diesel,Manual,First,22.9,5,4.25,Maruti,Swift VDI,12,5.929487179487179
Kolkata,Diesel,Automatic,First,21.72,5,10.5,Skoda,Rapid 1.5 TDI AT Style,9,7.236315086782377
Coimbatore,Diesel,Manual,First,13.68,8,22.55,Toyota,Innova Crysta 2.4 VX MT 8S,7,6.176347680735479
Pune,Petrol,Manual,Second,17.01,5,5.2,Hyundai,Verna 1.6 SX VTVT,12,7.6241357636706475
Coimbatore,Petrol,Manual,First,17.4,5,11.87,Honda,City i VTEC VX Option,7,7.83567134268537
Hyderabad,Diesel,Manual,First,26.0,5,6.99,Honda,City i DTEC SV,12,6.582109479305741
Jaipur,Diesel,Manual,First,20.54,5,5.0,Volkswagen,Vento Diesel Highline,15,6.483103879849812
Chennai,Diesel,Automatic,First,12.19,5,44.0,Audi,Q5 2008-2012 3.0 TDI,12,7.954162453656892
Chennai,Petrol,Manual,First,22.74,5,2.79,Maruti,Alto 800 LXI,11,5.942211055276381
Pune,Diesel,Manual,Second,21.12,5,2.9,Tata,Manza ELAN Quadrajet BS IV,14,7.115384615384615
Delhi,Petrol,Manual,First,15.29,5,9.85,Hyundai,Creta 1.6 SX Plus Dual Tone Petrol,10,7.6241357636706475
Bangalore,Diesel,Automatic,First,12.0,7,49.0,Mercedes-Benz,GL-Class 2007 2012 350 CDI Luxury,12,7.499163039839303
Jaipur,Diesel,Manual,First,16.55,6,9.25,Mahindra,Thar CRDe,10,4.2033626901521215
Mumbai,Diesel,Manual,Second,22.32,5,3.75,Hyundai,Verna 1.6 CRDI,15,7.983565107458912
Coimbatore,Diesel,Manual,First,26.1,5,7.29,Ford,Aspire Titanium Diesel,9,6.608811748998665
Mumbai,Diesel,Automatic,First,20.7,4,23.5,Mini,Cooper 3 DOOR D,10,7.6189839572192515
Hyderabad,Petrol,Manual,First,14.0,5,2.6,Maruti,Omni 8 Seater BSIV,13,4.396984924623116
Pune,Diesel,Manual,Second,21.03,5,3.1,Mahindra,Verito 1.5 D4 BSIV,11,4.4490075290896645
Coimbatore,Diesel,Automatic,First,14.21,5,29.98,Mercedes-Benz,E-Class 2009-2013 E250 CDI Elegance,10,9.472701819878674
Kochi,Diesel,Manual,First,19.01,5,6.73,Renault,Duster 110PS Diesel RxZ,10,7.42299794661191
Kolkata,Diesel,Manual,First,23.4,5,3.5,Maruti,Swift Dzire Tour LDI,10,5.929487179487179
Kolkata,Petrol,Manual,First,16.47,5,2.35,Volkswagen,Polo Petrol Highline 1.2L,15,6.168614357262104
Coimbatore,Diesel,Manual,First,16.0,7,16.13,Mahindra,XUV500 W10 2WD,9,6.424965580541533
Coimbatore,Petrol,Manual,First,16.47,5,5.9,Volkswagen,Polo 1.2 MPI Highline,12,6.176961602671119
Hyderabad,Petrol,Manual,First,21.1,5,3.9,Maruti,Ritz VXI,14,7.167919799498747
Pune,Petrol,Manual,First,14.7,5,1.5,Chevrolet,Optra 1.6 Elite,21,7.088666691675222
Delhi,Diesel,Manual,First,12.8,7,6.95,Toyota,Innova 2.5 GX 7 STR BSIV,14,4.0898155573376105
Delhi,Diesel,Manual,First,26.0,5,7.0,Honda,City i DTec SV,11,6.582109479305741
Coimbatore,Petrol,Manual,First,17.0,5,7.23,Volkswagen,Ameo 1.2 MPI Highline,9,6.156093489148581
Mumbai,Diesel,Manual,First,21.5,5,3.81,Maruti,SX4 ZDI Leather,14,7.115384615384615
Chennai,Petrol,Manual,Third,18.6,5,4.5,Maruti,Swift ZXI,14,7.167919799498747
Pune,Diesel,Manual,First,19.67,5,12.6,Hyundai,Creta 1.6 CRDi SX,9,7.977243994943111
Bangalore,Diesel,Automatic,First,12.07,7,48.0,Audi,Q7 35 TDI Quattro Technology,11,8.136164475901584
Coimbatore,Petrol,Manual,First,19.7,5,2.96,Maruti,Alto LXi BSIII,16,5.816582914572864
Kolkata,Diesel,Manual,First,25.8,5,3.25,Honda,Amaze SX i-DTEC,12,6.582109479305741
Chennai,Diesel,Automatic,Second,18.33,5,8.5,Volkswagen,Passat Diesel Highline 2.0 TDI,15,8.521341463414632
Mumbai,Diesel,Automatic,First,19.5,5,8.75,Hyundai,Elantra CRDi SX AT,13,7.979772439949431
Kochi,Petrol,Manual,First,18.9,5,3.08,Maruti,Wagon R VXI BS IV,15,6.723446893787574
Mumbai,Diesel,Automatic,First,12.81,7,41.5,Land,Rover Discovery Sport TD4 HSE 7S,9,7.419209604802401
Pune,Petrol,Manual,First,17.8,5,7.0,Honda,City i VTEC SV,10,7.83567134268537
Kochi,Petrol,Automatic,Second,14.74,5,11.5,Mercedes-Benz,New C-Class C 200 Avantgarde Edition C,15,9.092415871421396
Pune,Petrol,Manual,First,20.51,5,2.6,Maruti,Wagon R LX BS IV,15,6.717434869739479
Kolkata,Diesel,Manual,First,22.32,5,4.3,Hyundai,Verna 1.6 CRDI,12,7.983565107458912
Jaipur,Diesel,Automatic,First,17.06,5,24.9,Volkswagen,Tiguan 2.0 TDI Highline,9,7.164634146341463
Pune,Diesel,Automatic,First,15.06,5,13.75,BMW,X1 sDrive 20d Exclusive,15,8.87218045112782
Kolkata,Diesel,Manual,First,24.0,5,3.85,Hyundai,Grand i10 1.2 CRDi Sportz Option,12,6.236930860033726
Mumbai,Diesel,Automatic,First,13.0,5,23.25,Mercedes-Benz,E-Class E250 CDI Avantgrade,12,9.384041063929072
Chennai,Diesel,Manual,First,13.6,7,7.0,Mahindra,Bolero ZLX,14,4.489769866546573
Bangalore,Petrol,Manual,First,18.9,5,5.75,Hyundai,Grand i10 Asta Option,11,6.8504594820384295
Mumbai,Petrol,Manual,Second,20.36,5,1.65,Hyundai,i10 Magna 1.2,18,6.591478696741855
Mumbai,Diesel,Manual,First,19.33,5,6.5,Volkswagen,Jetta 2012-2014 2.0L TDI Comfortline,14,7.017276422764228
Chennai,Diesel,Manual,First,17.67,5,7.5,Skoda,Yeti Elegance,15,7.016260162601627
Kochi,Diesel,Automatic,First,14.75,7,72.94,Audi,Q7 45 TDI Quattro Premium Plus,7,8.257499157398044
Chennai,Diesel,Manual,Second,11.5,7,11.0,Toyota,Fortuner 3.0 Diesel,16,5.734406438631791
Kochi,Petrol,Manual,First,18.9,5,3.02,Maruti,Wagon R VXI Minor ABS,13,6.314797360980208
Coimbatore,Petrol,Manual,First,21.1,5,3.32,Hyundai,EON Era,13,6.781326781326781
Delhi,Petrol,Manual,First,19.4,5,3.24,Honda,Brio S MT,13,7.245409015025041
Kolkata,Petrol,Manual,First,22.74,5,2.35,Maruti,Alto 800 VXI,11,5.942211055276381
Jaipur,Diesel,Manual,First,15.96,7,5.5,Mahindra,Bolero ZLX,13,2.461355529131986
Mumbai,Petrol,Manual,First,17.8,5,6.75,Honda,City i VTEC SV,11,7.83567134268537
Mumbai,Petrol,Manual,First,15.0,5,6.15,Skoda,Rapid 1.6 MPI Elegance Black Package,11,6.478097622027534
Pune,Petrol,Manual,First,22.0,5,5.45,Maruti,Swift VVT VXI,10,6.83375104427736
Hyderabad,Petrol,Manual,Second,21.1,5,2.3,Hyundai,EON Magna Plus,13,6.781326781326781
Kochi,Petrol,Manual,First,20.85,5,6.21,Maruti,Swift Dzire ZXI,11,6.945697577276524
Coimbatore,Petrol,Automatic,First,19.34,5,5.21,Nissan,Micra XV CVT,12,6.3439065108514185
Delhi,Petrol,Automatic,First,8.3,7,11.99,Audi,Q7 4.2 FSI quattro,18,6.047411707789066
Pune,Diesel,Manual,First,17.8,5,3.1,Maruti,Swift Vdi BSIII,16,6.009615384615385
Jaipur,Diesel,Manual,First,13.49,5,7.5,Tata,Xenon XT EX 4X2,9,6.334557136301056
Kolkata,Diesel,Manual,First,20.14,5,4.0,Volkswagen,Polo 1.5 TDI Comfortline,10,5.9279038718291055
Kochi,Petrol,Manual,First,17.8,5,7.73,Honda,City i VTEC SV,10,7.83567134268537
Bangalore,Petrol,Manual,First,17.4,5,7.8,Honda,City i VTEC V,11,7.83567134268537
Hyderabad,Petrol,Manual,First,16.1,4,1.3,Maruti,800 AC BSIII,15,4.648241206030151
Jaipur,Diesel,Manual,First,20.14,5,4.42,Volkswagen,Polo 1.5 TDI Trendline,12,5.9279038718291055
Pune,Diesel,Automatic,First,12.5,7,4.0,Chevrolet,Captiva LTZ VCDi,17,7.4284279256654955
Kolkata,Diesel,Manual,First,16.0,7,13.0,Mahindra,XUV500 W10 2WD,10,6.424965580541533
Kochi,Diesel,Manual,First,25.8,5,5.38,Honda,Amaze VX i-DTEC,11,6.582109479305741
Chennai,Petrol,Manual,Second,17.0,5,3.25,Hyundai,i20 1.2 Sportz Option,15,6.683375104427736
Jaipur,Petrol,Automatic,First,20.51,5,3.87,Maruti,Wagon R AMT VXI,10,6.713426853707414
Mumbai,Diesel,Automatic,Second,16.96,5,8.25,Volkswagen,Jetta 2013-2015 2.0L TDI Highline AT,12,7.013719512195123
Mumbai,Petrol,Manual,First,20.73,5,9.28,Maruti,Ciaz 1.4 Zeta,8,6.635105608157319
Delhi,Diesel,Automatic,First,11.79,7,6.25,Mahindra,Scorpio 2009-2014 VLX 4WD AT 7S BSIV,14,5.507113354749885
Mumbai,Petrol,Manual,Second,15.26,5,1.15,Chevrolet,Aveo U-VA 1.2 LS,18,6.51304347826087
Kochi,Petrol,Manual,First,20.73,5,7.8,Maruti,Ciaz ZXi Option,10,6.642388929351785
Hyderabad,Diesel,Manual,First,23.0,5,4.5,Hyundai,i20 1.4 CRDi Asta,14,6.446991404011461
Kochi,Petrol,Manual,First,18.7,5,7.56,Honda,Jazz 1.2 SV i VTEC,8,7.397831526271894
Coimbatore,Diesel,Manual,First,16.0,7,16.08,Mahindra,XUV500 W10 2WD,9,6.424965580541533
Bangalore,Petrol,Manual,First,17.0,5,4.5,Hyundai,i20 1.2 Sportz,14,6.683375104427736
Chennai,Diesel,Manual,First,22.32,5,5.0,Hyundai,Verna 1.6 SX,14,7.984829329962073
Delhi,Petrol,Manual,First,19.81,5,2.2,Hyundai,i10 Era 1.1,15,6.266114180478821
Bangalore,Petrol,Automatic,First,23.1,5,4.0,Maruti,Celerio VXI AT,12,6.717434869739479
Kolkata,Diesel,Manual,First,20.86,5,2.51,Skoda,Fabia 1.2 TDI Ambition,14,6.163469557964971
Delhi,Diesel,Manual,First,25.2,5,4.75,Maruti,Swift VDI BSIV,11,5.929487179487179
Pune,Petrol,Manual,Second,16.0,5,2.0,Hyundai,i10 Magna(O) with Sun Roof,18,6.141804788213628
Jaipur,Petrol,Manual,Second,20.36,5,2.1,Hyundai,i10 Magna 1.2,16,6.591478696741855
Mumbai,Petrol,Automatic,First,16.5,5,6.25,Ford,Ecosport 1.5 Ti VCT AT Titanium,13,7.338225483655771
Kochi,Diesel,Automatic,Second,11.5,5,10.6,Mercedes-Benz,E-Class 2009-2013 E350 CDI Avantgarde,15,7.030465349849348
Ahmedabad,Diesel,Manual,First,25.2,5,6.0,Maruti,Swift VDI BSIV,9,5.929487179487179
Jaipur,Petrol,Manual,Second,16.1,4,0.45,Maruti,800 Std BSIII,22,4.648241206030151
Pune,Petrol,Manual,Third,16.1,5,2.5,Maruti,Swift Lxi BSIII,16,6.79506933744222
Mumbai,Petrol,Manual,First,15.29,5,12.75,Hyundai,Creta 1.6 SX Plus Dual Tone Petrol,8,7.6241357636706475
Kochi,Diesel,Automatic,First,17.05,5,30.29,BMW,X1 M Sport sDrive 20d,9,9.523809523809524
Hyderabad,Petrol,Manual,First,13.8,5,1.6,Ford,Ikon 1.3 Flair,20,5.388760585065435
Kochi,Diesel,Manual,First,22.7,5,7.54,Ford,Ecosport 1.5 DV5 MT Titanium Optional,9,5.9973297730307085
Kochi,Petrol,Manual,First,20.73,5,6.84,Maruti,Ciaz VXi Plus,11,6.635105608157319
Kolkata,Diesel,Automatic,First,18.33,5,6.0,Volkswagen,Passat Diesel Highline 2.0 TDI,14,8.521341463414632
Pune,Diesel,Manual,First,27.3,5,8.0,Honda,Jazz 1.5 VX i DTEC,9,6.582109479305741
Coimbatore,Diesel,Automatic,First,17.11,5,24.74,Audi,A4 35 TDI Premium,10,8.858231707317074
Kochi,Diesel,Manual,First,24.0,5,5.5,Hyundai,Grand i10 CRDi Sportz Celebration Edition,9,6.25
Delhi,Diesel,Automatic,First,12.0,7,36.0,Mercedes-Benz,GL-Class 2007 2012 350 CDI Luxury,13,7.499163039839303
Coimbatore,Diesel,Manual,First,12.99,7,11.79,Toyota,Innova 2.5 G (Diesel) 7 Seater,13,4.033680834001604
Jaipur,Petrol,Manual,Second,16.95,5,3.0,Nissan,Sunny 2011-2014 XL,15,6.522029372496663
Bangalore,Diesel,Automatic,Second,20.0,5,6.75,Skoda,Laura Ambiente 2.0 TDI CR AT,15,7.017276422764228
Jaipur,Petrol,Manual,First,14.49,5,1.4,Chevrolet,Aveo 1.4 LS,20,6.626161543959971
Mumbai,Diesel,Manual,First,24.2,7,5.75,Honda,Mobilio V i DTEC,12,6.582109479305741
Hyderabad,Diesel,Manual,First,21.1,5,3.4,Maruti,Ritz VDi,16,5.9214743589743595
Coimbatore,Petrol,Manual,Second,16.47,5,4.89,Volkswagen,Polo Petrol Highline 1.2L,15,6.168614357262104
Mumbai,Petrol,Manual,First,13.24,5,4.95,Nissan,Terrano XL,13,6.414267834793493
Coimbatore,Petrol,Automatic,Second,16.98,5,3.49,Maruti,A-Star AT Vxi Aktiv,13,6.623246492985971
Pune,Diesel,Manual,First,23.59,5,3.85,Toyota,Etios Liva GD,15,8.304757605056455
Pune,Petrol,Manual,First,17.0,5,6.35,Honda,City 1.5 S MT,12,7.882431529726119
Coimbatore,Petrol,Automatic,First,18.9,5,7.08,Hyundai,Grand i10 AT Asta,9,6.8504594820384295
Hyderabad,Diesel,Automatic,First,13.6,5,38.0,Jaguar,XE 2.0L Diesel Prestige,9,8.854427213606805
Kolkata,Diesel,Manual,First,12.05,8,6.25,Mahindra,Scorpio VLX,14,5.507113354749885
Mumbai,Petrol,Automatic,First,11.74,5,10.15,Mercedes-Benz,New C-Class C 200 Kompressor Elegance AT,15,10.356347438752785
Delhi,Petrol,Automatic,First,13.7,5,10.75,Skoda,Superb Elegance 1.8 TSI AT,12,8.773637374860957
Pune,Diesel,Automatic,First,18.1,4,4.65,Chevrolet,Cruze LTZ AT,14,7.4284279256654955
Delhi,Diesel,Manual,First,12.05,8,4.75,Mahindra,Scorpio VLX,16,5.507113354749885
Coimbatore,Petrol,Manual,First,17.1,5,7.78,Hyundai,Verna 1.6 SX VTVT (O),11,7.6241357636706475
Hyderabad,Diesel,Manual,First,23.0,5,6.75,Hyundai,i20 1.4 Asta CRDi with AVN,10,6.446991404011461
Hyderabad,Petrol,Automatic,First,16.4,5,2.99,Honda,City ZX CVT,18,5.210420841683367
Kolkata,Petrol,Manual,First,20.36,5,2.35,Hyundai,i10 Magna,13,6.591478696741855
Delhi,Diesel,Manual,First,25.8,5,3.65,Honda,Amaze S i-Dtech,13,6.582109479305741
Delhi,Petrol,Manual,Second,22.5,5,2.74,Maruti,Wagon R LXI,14,6.717434869739479
Jaipur,Petrol,Manual,First,19.4,5,3.5,Honda,Brio S MT,13,7.245409015025041
Kochi,Petrol,Manual,First,17.0,5,4.76,Hyundai,i20 1.2 Sportz Option,12,6.683375104427736
Kochi,Petrol,Manual,First,15.04,5,6.2,Volkswagen,Vento 2013-2015 1.6 Comfortline,10,6.458072590738423
Pune,Diesel,Manual,Second,18.7,5,2.35,Skoda,Octavia Rider 1.9 TDI MT,18,3.481012658227848
Mumbai,Diesel,Automatic,First,13.0,5,24.5,Mercedes-Benz,E-Class 2015-2017 E250 CDI Avantgarde,12,9.519365375641623
Pune,Petrol,Manual,First,13.24,5,6.0,Renault,Duster Petrol RxL,13,6.418648310387985
Hyderabad,Petrol,Manual,First,21.1,5,3.65,Hyundai,EON Sportz,9,6.781326781326781
Coimbatore,Petrol,Manual,Second,18.6,5,6.26,Maruti,Swift VXI,10,7.167919799498747
Jaipur,Diesel,Manual,Second,19.5,5,2.1,Nissan,Micra Diesel,15,7.753380816767286
Mumbai,Diesel,Automatic,First,13.22,5,32.95,Audi,Q5 3.0 TDI Quattro Technology,11,8.136164475901584
Coimbatore,Petrol,Manual,First,18.6,5,7.8,Hyundai,i20 1.2 Spotz,8,6.836257309941521
Bangalore,Petrol,Manual,First,19.4,5,4.25,Honda,Brio S MT,12,7.245409015025041
Kochi,Petrol,Manual,First,17.5,5,4.86,Maruti,Swift Dzire ZXi,12,6.610169491525424
Delhi,Petrol,Manual,First,18.9,5,4.9,Hyundai,Grand i10 1.2 Kappa Magna,9,6.838763575605681
Coimbatore,Diesel,Manual,First,11.68,8,7.06,Mahindra,Xylo E8 ABS BS IV,12,4.483586869495596
Delhi,Petrol,Automatic,First,17.21,4,4.5,Volkswagen,Polo GTI,11,10.511679644048943
Coimbatore,Petrol,Manual,First,24.07,5,3.22,Maruti,Alto K10 VXI,15,6.723446893787574
Kolkata,Diesel,Manual,First,22.07,5,3.25,Volkswagen,Polo Diesel Comfortline 1.2L,12,6.163469557964971
Delhi,Petrol,Manual,First,18.9,5,4.53,Hyundai,Grand i10 Sportz,10,6.8504594820384295
Coimbatore,Diesel,Automatic,First,14.84,5,34.78,Mercedes-Benz,New C-Class C 220 CDI Elegance AT,9,7.932804479701354
Pune,Petrol,Automatic,First,15.74,5,6.5,Hyundai,Verna 1.6 SX VTVT AT,12,7.6241357636706475
Chennai,Petrol,Manual,First,15.7,5,2.25,Fiat,Punto EVO 1.2 Emotion,16,5.716723549488054
Pune,Diesel,Manual,Second,12.99,8,8.0,Toyota,Innova 2.5 VX (Diesel) 8 Seater BS IV,15,4.0096230954290295
Kochi,Diesel,Automatic,First,18.49,7,8.37,Mahindra,TUV 300 2015-2019 mHAWK100 T8 AMT,9,6.697923643670463
Coimbatore,Diesel,Manual,First,20.14,5,5.39,Volkswagen,Polo 1.5 TDI Comfortline,11,5.9279038718291055
Kochi,Diesel,Automatic,First,22.48,5,37.3,BMW,5 Series 520d Luxury Line,8,9.523809523809524
Coimbatore,Diesel,Automatic,First,11.57,5,70.8,Mercedes-Benz,GLE 350d,8,8.529963173752929
Mumbai,Diesel,Automatic,First,11.74,5,22.25,Mercedes-Benz,M-Class ML 350 CDI,14,8.530297957817208
Kochi,Petrol,Manual,First,18.9,5,6.03,Hyundai,Grand i10 1.2 Kappa Sportz,8,6.838763575605681
Mumbai,Petrol,Automatic,First,13.7,5,4.9,Skoda,Superb Elegance 1.8 TSI AT,15,8.773637374860957
Chennai,Petrol,Automatic,First,16.95,5,3.96,Hyundai,i10 Sportz AT,13,6.591478696741855
Hyderabad,Diesel,Manual,First,23.0,5,4.6,Hyundai,i20 1.4 CRDi Asta,15,6.446991404011461
Mumbai,Diesel,Manual,Second,12.05,8,5.5,Mahindra,Scorpio VLX,15,5.507113354749885
Mumbai,Petrol,Manual,First,19.4,5,3.25,Honda,Brio V MT,13,7.245409015025041
Jaipur,Petrol,Manual,First,18.6,5,6.25,Hyundai,i20 1.2 Magna Executive,9,6.836257309941521
Pune,Diesel,Manual,Fourth & Above,10.9,7,3.0,Ford,Endeavour 4x2 XLT Limited Edition,19,5.722288915566227
Chennai,Diesel,Manual,First,16.8,5,4.25,Hyundai,Verna CRDi SX,15,7.367716008037509
Pune,Diesel,Manual,First,11.5,7,12.25,Toyota,Fortuner 3.0 Diesel,15,5.734406438631791
Pune,Diesel,Automatic,Second,17.05,5,10.95,BMW,X1 sDrive20d,15,9.223057644110275
Delhi,Diesel,Automatic,First,12.55,7,16.5,Toyota,Fortuner 4x2 AT,13,5.650570087189806
Pune,Petrol,Automatic,First,19.0,5,7.8,Honda,Amaze V CVT Petrol,8,7.402835696413678
Kochi,Petrol,Manual,First,19.81,5,3.7,Hyundai,i10 Era 1.1,13,6.266114180478821
Hyderabad,Petrol,Manual,First,17.0,5,4.0,Hyundai,i20 1.2 Sportz,14,6.683375104427736
Mumbai,Diesel,Automatic,First,19.59,5,26.75,BMW,3 Series 320d GT Luxury Line,11,9.410526315789475
Coimbatore,Diesel,Automatic,First,15.17,5,28.03,Audi,Q3 35 TDI Quattro Premium Plus,10,9.197154471544716
Kochi,Petrol,Manual,First,20.4,5,5.44,Maruti,Swift VXI Optional,9,6.83375104427736
Delhi,Petrol,Automatic,First,21.4,5,6.2,Maruti,Baleno Delta Automatic,9,6.942355889724311
Kolkata,Petrol,Manual,First,13.2,5,0.9,Hyundai,Accent GLE,21,6.287625418060201
Mumbai,Petrol,Manual,First,18.5,5,3.95,Maruti,Ritz LXi,10,7.167919799498747
Pune,Petrol,Manual,Second,26.0,4,0.44,Tata,Nano Lx,15,5.6089743589743595
Ahmedabad,Diesel,Manual,First,20.0,5,2.75,Ford,Figo Diesel EXI,14,4.8606147248034315
Hyderabad,Diesel,Automatic,First,18.33,5,7.5,Volkswagen,Passat Diesel Highline 2.0 TDI,15,8.521341463414632
Chennai,Diesel,Manual,Second,19.0,5,2.5,Fiat,Linea Emotion Pack (Diesel),16,7.451923076923077
Hyderabad,Diesel,Manual,First,14.95,7,5.0,Mahindra,Xylo D4,11,3.7645640819606268
Hyderabad,Petrol,Manual,First,18.9,5,3.6,Maruti,Wagon R VXI,13,6.723446893787574
Kochi,Petrol,Manual,First,17.6,5,3.99,Toyota,Etios G Safety,14,5.9291443850267385
Coimbatore,Petrol,Manual,First,18.9,5,5.64,Hyundai,Grand i10 Sportz,11,6.8504594820384295
Pune,Diesel,Manual,First,12.99,8,12.0,Toyota,Innova 2.5 VX (Diesel) 8 Seater BS IV,12,4.0096230954290295
Kolkata,Diesel,Manual,First,16.8,5,0.7,Tata,Indica V2 DLS TC,18,4.412811387900356
Mumbai,Diesel,Automatic,First,18.88,5,19.0,BMW,3 Series 320d Sport Line,11,9.223057644110275
Delhi,Diesel,Automatic,First,10.91,7,30.48,Ford,Endeavour 3.2 Titanium AT 4X4,9,6.160100062539087
Mumbai,Petrol,Manual,First,21.56,5,8.2,Maruti,Ciaz Zeta,9,7.062243502051984
Kolkata,Diesel,Manual,First,25.83,5,7.55,Ford,Figo 1.5D Titanium Plus MT,11,6.608811748998665
Pune,Petrol,Manual,Third,15.26,5,0.99,Chevrolet,Aveo U-VA 1.2 LS,19,6.51304347826087
Delhi,Petrol,Automatic,First,16.8,5,4.15,Honda,City 1.5 V AT,15,7.882431529726119
Chennai,Petrol,Manual,First,16.95,5,6.2,Nissan,Sunny XL,10,6.51535380507343
Kolkata,Petrol,Manual,First,19.1,5,4.4,Maruti,Swift Dzire VXI,10,7.167919799498747
Kolkata,Diesel,Manual,First,20.0,5,2.1,Ford,Figo Diesel Titanium,14,4.8606147248034315
Jaipur,Diesel,Manual,First,20.3,5,2.2,Fiat,Grande Punto 1.3 Emotion (Diesel),15,6.009615384615385
Coimbatore,Petrol,Manual,First,18.6,5,8.34,Hyundai,Elite i20 Petrol Asta,8,6.838763575605681
Kolkata,Diesel,Manual,First,23.4,5,4.35,Maruti,Swift Dzire VDI,12,5.929487179487179
Hyderabad,Diesel,Manual,First,22.7,5,6.8,Ford,Ecosport 1.5 DV5 MT Titanium,12,5.9973297730307085
Jaipur,Diesel,Manual,First,19.3,5,3.3,Maruti,Swift Dzire VDi,16,5.9214743589743595
Kochi,Petrol,Manual,First,18.9,5,5.04,Hyundai,Grand i10 Sportz,10,6.8504594820384295
Hyderabad,Diesel,Automatic,First,11.4,7,9.2,Ford,Endeavour 3.0L 4X4 AT,14,5.2102946156451075
Hyderabad,Diesel,Manual,First,22.07,5,5.7,Volkswagen,Polo Diesel Highline 1.2L,12,6.163469557964971
Kochi,Diesel,Manual,First,18.49,7,8.48,Mahindra,TUV 300 2015-2019 mHAWK100 T8,8,6.697923643670463
Hyderabad,Diesel,Automatic,First,11.2,4,48.0,BMW,X6 xDrive 40d,13,10.223855663214167
Hyderabad,Diesel,Manual,First,19.01,5,6.1,Renault,Duster 110PS Diesel RxZ,14,7.42299794661191
Ahmedabad,Petrol,Manual,First,22.5,5,2.75,Maruti,Wagon R LXI,16,6.717434869739479
Pune,Diesel,Manual,First,24.52,7,8.0,Maruti,Ertiga SHVS VDI,9,7.091346153846153
Jaipur,Petrol,Manual,First,19.7,5,1.85,Maruti,Alto LXi BSIII,16,5.816582914572864
Jaipur,Petrol,Automatic,First,20.51,5,3.85,Maruti,Wagon R AMT VXI Option,11,6.713426853707414
Coimbatore,Petrol,Manual,First,15.1,7,4.74,Maruti,Eeco 7 Seater Standard,9,6.103678929765886
Kochi,Diesel,Manual,First,19.6,5,5.63,Renault,Duster 110PS Diesel RxL,13,7.42299794661191
Kochi,Petrol,Manual,First,18.2,5,2.62,Maruti,Zen Estilo 1.1 LX BSIII,15,6.032045240339302
Kochi,Petrol,Manual,First,13.06,5,4.9,Renault,Duster Petrol RxL,11,6.416145181476845
Chennai,Petrol,Manual,First,13.5,5,2.65,Honda,Civic 2006-2010 1.8 S MT,20,7.226236798221233
Delhi,Diesel,Manual,First,16.0,7,5.99,Mahindra,XUV500 W8 2WD,14,6.424965580541533
Chennai,Diesel,Manual,Second,21.0,5,2.4,Mahindra,Verito 1.5 D6 BSIV,15,4.387405886379192
Delhi,Petrol,Manual,First,21.7,5,4.25,Renault,KWID Climber 1.0 MT,9,6.706706706706707
Mumbai,Diesel,Automatic,First,15.15,5,40.0,Porsche,Cayenne Diesel,13,8.088978766430738
Pune,Diesel,Manual,Second,28.4,5,2.7,Maruti,Swift DDiS VDI,18,5.929487179487179
Chennai,Petrol,Manual,First,18.5,5,3.4,Hyundai,i20 1.2 Magna,15,6.683375104427736
Coimbatore,Diesel,Automatic,Second,18.12,5,30.8,BMW,5 Series 2013-2017 520d Luxury Line,10,9.523809523809524
Mumbai,Diesel,Manual,First,20.77,7,5.85,Maruti,Ertiga ZDI,14,7.115384615384615
Jaipur,Petrol,Manual,First,18.9,5,4.0,Hyundai,Grand i10 Magna,12,6.8504594820384295
Coimbatore,Petrol,Automatic,First,9.43,5,14.12,BMW,3 Series 330i,15,8.477970627503337
Mumbai,Diesel,Manual,First,17.9,5,4.55,Chevrolet,Cruze LTZ,15,8.193193193193192
Pune,Diesel,Automatic,First,0.0,5,38.0,Mercedes-Benz,M-Class ML 350 4Matic,11,5.523937060595915
Jaipur,Diesel,Manual,First,21.1,5,2.9,Maruti,Ritz LDi,15,5.9214743589743595
Pune,Petrol,Automatic,Second,11.74,5,6.0,Mercedes-Benz,New C-Class C 200 Kompressor Elegance AT,19,10.356347438752785
Kochi,Petrol,Manual,First,18.6,5,6.95,Hyundai,i20 1.2 Magna Executive,10,6.836257309941521
Kolkata,Petrol,Manual,First,20.3,5,2.75,Hyundai,EON 1.0 Kappa Magna Plus Optional,12,6.818637274549098
Pune,Diesel,Manual,First,22.9,5,5.1,Maruti,Swift VDI,12,5.929487179487179
Chennai,Petrol,Manual,First,18.6,5,6.75,Hyundai,i20 Sportz 1.2,9,6.836257309941521
Mumbai,Petrol,Manual,First,18.5,5,3.69,Maruti,Ritz ZXi,12,7.167919799498747
Hyderabad,Diesel,Manual,First,22.9,5,5.45,Maruti,Swift VDI,13,5.929487179487179
Kochi,Petrol,Manual,First,17.5,5,9.29,Honda,WRV i-VTEC VX,8,7.397831526271894
Chennai,Petrol,Automatic,Second,16.9,5,4.0,Hyundai,Xcent 1.2 Kappa AT S Option,11,6.838763575605681
Kolkata,Petrol,Manual,First,18.0,5,2.9,Honda,Amaze E i-Vtech,13,7.237061769616027
Pune,Petrol,Manual,First,17.1,5,5.25,Hyundai,Verna 1.6 SX VTVT (O),13,7.6241357636706475
Mumbai,Petrol,Manual,First,16.8,5,5.75,Honda,City V MT,12,7.768871075484301
Coimbatore,Petrol,Manual,First,15.29,5,13.12,Hyundai,Creta 1.6 SX Plus Dual Tone Petrol,9,7.6241357636706475
Kochi,Diesel,Manual,First,15.1,7,7.83,Mahindra,XUV500 W8 2WD,12,6.424965580541533
Mumbai,Diesel,Manual,First,12.8,7,10.4,Toyota,Innova 2.5 V Diesel 7-seater,13,4.0898155573376105
Pune,Diesel,Manual,First,22.9,5,4.35,Maruti,Swift VDI,14,5.929487179487179
Coimbatore,Petrol,Automatic,First,22.5,5,5.23,Maruti,Wagon R VXI AMT,9,6.713426853707414
Coimbatore,Petrol,Manual,First,18.9,5,6.01,Hyundai,Grand i10 1.2 Kappa Asta,10,6.838763575605681
Hyderabad,Diesel,Manual,First,25.8,5,4.4,Honda,Amaze VX i-DTEC,12,6.582109479305741
Chennai,Diesel,Automatic,First,16.07,5,12.75,BMW,3 Series 320d Highline,16,9.072681704260651
Delhi,Petrol,Manual,First,15.6,5,2.4,Ford,Figo Petrol Titanium,15,5.852842809364549
Kochi,Petrol,Manual,First,17.0,5,5.71,Volkswagen,Ameo 1.2 MPI Trendline,8,6.156093489148581
Kochi,Diesel,Manual,Second,22.7,5,5.49,Ford,Ecosport 1.5 DV5 MT Trend,11,5.9973297730307085
Pune,Petrol,Manual,Second,13.0,5,1.3,Honda,City 1.3 EXI,22,6.701414743112435
Kolkata,Diesel,Manual,First,16.0,7,8.5,Mahindra,XUV500 W6 2WD,12,6.424965580541533
Delhi,Diesel,Manual,First,13.0,7,12.99,Toyota,Fortuner 4x2 Manual,14,5.650570087189806
Kolkata,Petrol,Manual,First,18.9,5,5.0,Hyundai,Grand i10 1.2 Kappa Magna,9,6.838763575605681
Pune,Diesel,Automatic,First,28.4,5,9.0,Maruti,Dzire AMT ZDI Plus,9,5.909455128205128
Kochi,Diesel,Manual,First,22.9,5,5.22,Maruti,Swift VDI,10,5.929487179487179
Pune,Petrol,Manual,First,16.47,5,3.8,Volkswagen,Polo Petrol Highline 1.2L,14,6.168614357262104
Coimbatore,Petrol,Manual,First,18.16,5,7.27,Toyota,Etios Liva 1.2 VX Dual Tone,7,6.591478696741855
Mumbai,Petrol,Manual,First,22.0,5,5.1,Maruti,Swift VXI,10,6.83375104427736
Bangalore,Diesel,Automatic,First,14.21,5,29.0,Mercedes-Benz,E-Class 2009-2013 E250 CDI Elegance,13,9.472701819878674
Pune,Petrol,Manual,First,18.9,5,2.9,Maruti,Wagon R VXI,13,6.723446893787574
Kochi,Petrol,Manual,First,26.0,4,1.38,Tata,Nano Lx BSIV,14,5.6089743589743595
Bangalore,Petrol,Manual,First,13.4,5,5.5,Skoda,Laura 1.8 TSI Ambiente,15,8.776418242491658
Mumbai,Petrol,Automatic,First,17.21,5,7.25,Volkswagen,Polo GT TSI,10,8.646616541353383
Coimbatore,Diesel,Manual,First,22.32,5,6.98,Hyundai,Verna 1.6 SX,12,7.984829329962073
Hyderabad,Diesel,Manual,First,22.95,5,5.25,Tata,Bolt Quadrajet XE,9,5.929487179487179
Kolkata,Petrol,Manual,First,21.1,5,1.95,Hyundai,EON D Lite Plus,13,6.781326781326781
Bangalore,Diesel,Automatic,First,17.11,5,24.5,Audi,A4 2.0 TDI 177 Bhp Premium Plus,12,8.858231707317074
Kochi,Diesel,Manual,First,12.99,7,8.31,Toyota,Innova 2.5 GX (Diesel) 7 Seater,13,4.0096230954290295
Hyderabad,Diesel,Automatic,First,11.74,5,36.0,Mercedes-Benz,M-Class ML 350 CDI,14,8.530297957817208
Pune,Diesel,Manual,First,24.4,5,5.5,Hyundai,Xcent 1.1 CRDi S,11,6.3392857142857135
Kochi,Petrol,Automatic,First,11.7,5,5.89,Honda,Accord 2.4 AT,15,7.544604927782498
Kochi,Diesel,Manual,First,20.34,5,7.95,Volkswagen,Vento 1.5 TDI Highline,10,6.889185580774367
Mumbai,Petrol,Manual,First,17.0,5,2.75,Hyundai,i20 Sportz Petrol,16,6.683375104427736
Jaipur,Diesel,Manual,First,22.7,5,6.25,Hyundai,Elantra CRDi SX,14,7.979772439949431
Hyderabad,Diesel,Manual,First,20.0,5,4.95,Ford,Figo Diesel Titanium,11,4.8641887062187275
Kochi,Petrol,Manual,First,18.6,5,6.27,Hyundai,i20 1.2 Magna Executive,7,6.836257309941521
Kolkata,Diesel,Manual,First,23.9,5,8.65,Hyundai,Verna 1.6 CRDi SX,9,7.977243994943111
Kolkata,Petrol,Manual,First,18.9,5,3.5,Hyundai,Grand i10 Asta,12,6.8504594820384295
Hyderabad,Diesel,Automatic,First,14.16,5,35.0,Audi,Q5 2.0 TDI,11,8.856707317073171
Kolkata,Petrol,Manual,First,17.5,5,4.45,Maruti,Swift Dzire ZXi,11,6.610169491525424
Kolkata,Petrol,Manual,First,18.5,5,2.65,Hyundai,i20 Magna,14,6.683375104427736
Kolkata,Diesel,Manual,First,25.32,5,4.7,Mahindra,KUV 100 mFALCON D75 K4 Plus 5str,9,6.42737896494157
Ahmedabad,Diesel,Automatic,First,18.23,5,8.9,Hyundai,Elantra 1.6 SX Option AT,12,7.977243994943111
Mumbai,Diesel,Manual,First,17.1,5,17.45,Jeep,Compass 2.0 Limited Option Black,9,8.69120654396728
Coimbatore,Diesel,Manual,First,24.3,5,9.58,Maruti,Vitara Brezza VDi Option,9,7.091346153846153
Kochi,Petrol,Manual,First,14.28,5,6.22,Toyota,Corolla Altis 1.8 GL,14,7.676863181312569
Kolkata,Diesel,Manual,First,15.1,7,7.8,Mahindra,XUV500 W8 2WD,13,6.424965580541533
Mumbai,Diesel,Automatic,First,20.68,5,27.75,BMW,X1 xDrive 20d xLine,10,9.523809523809524
Pune,Diesel,Manual,Second,22.54,5,7.0,Hyundai,i20 Magna 1.4 CRDi,11,6.356017191977077
Coimbatore,Diesel,Automatic,First,11.57,5,64.87,Mercedes-Benz,GLE 350d,9,8.529963173752929
Bangalore,Diesel,Manual,Second,17.3,5,6.5,Chevrolet,Cruze LTZ,13,8.193193193193192
Jaipur,Petrol,Manual,Second,18.5,5,2.7,Hyundai,i20 1.2 Magna,15,6.683375104427736
Mumbai,Petrol,Manual,Second,19.4,5,2.5,Honda,Brio S MT,14,7.245409015025041
Hyderabad,Diesel,Manual,First,19.3,7,3.9,Nissan,Evalia 2013 XL,13,5.804243668720054
Delhi,Petrol,Manual,First,16.47,5,3.95,Volkswagen,Polo Petrol Trendline 1.2L,11,6.168614357262104
Chennai,Petrol,Manual,Second,20.36,5,2.1,Hyundai,i10 Sportz 1.2,16,6.591478696741855
Pune,Diesel,Automatic,Third,18.1,4,3.5,Chevrolet,Cruze LTZ AT,17,7.4284279256654955
Hyderabad,Petrol,Manual,Second,19.81,5,2.0,Hyundai,i10 Era,19,6.266114180478821
Delhi,Diesel,Manual,First,20.77,7,5.35,Maruti,Ertiga VDI,12,7.112179487179487
Delhi,Diesel,Manual,First,25.8,5,3.8,Honda,Amaze S i-Dtech,13,6.582109479305741
Mumbai,Petrol,Automatic,First,15.5,5,17.25,Mercedes-Benz,A Class A180 Sport,10,7.6489028213166135
Kochi,Petrol,Manual,First,18.9,5,5.53,Hyundai,Grand i10 1.2 Kappa Magna,8,6.838763575605681
Pune,Petrol,Manual,Third,20.36,5,1.95,Hyundai,i10 Sportz 1.2,17,6.591478696741855
Hyderabad,Diesel,Manual,First,28.4,5,8.2,Maruti,Swift DDiS ZDI Plus,9,5.929487179487179
Pune,Petrol,Manual,First,13.0,5,0.9,Honda,City 1.3 EXI,27,6.701414743112435
Pune,Diesel,Manual,Third,12.99,7,6.5,Toyota,Innova 2.5 GX (Diesel) 7 Seater,13,4.033680834001604
Coimbatore,Diesel,Automatic,First,23.8,5,19.41,Mini,Cooper Countryman D High,12,5.605605605605605
Coimbatore,Petrol,Manual,First,15.7,5,6.58,Fiat,Linea T-Jet Active,10,8.216374269005849
Mumbai,Petrol,Manual,Second,14.49,5,2.1,Chevrolet,Aveo 1.4 LT,15,6.626161543959971
Chennai,Petrol,Manual,Second,19.81,5,2.0,Hyundai,i10 Era 1.1,18,6.266114180478821
Delhi,Diesel,Manual,First,24.4,5,3.7,Hyundai,Xcent 1.1 CRDi Base,11,6.3392857142857135
Mumbai,Petrol,Automatic,First,23.1,5,3.8,Maruti,Celerio VXI AT,12,6.717434869739479
Jaipur,Petrol,Manual,First,20.36,5,3.25,Hyundai,i10 Sportz,12,6.591478696741855
Coimbatore,Diesel,Manual,First,19.87,5,5.53,Renault,Duster 85PS Diesel RxL,11,5.7357973990417515
Ahmedabad,Diesel,Automatic,Second,22.69,5,10.9,BMW,3 Series 320d,15,9.523809523809524
Kolkata,Petrol,Manual,First,18.9,5,5.1,Hyundai,Grand i10 Sportz,8,6.8504594820384295
Hyderabad,Petrol,Manual,Second,0.0,5,2.2,Hyundai,Santro DX,19,11.339028401698704
Pune,Petrol,Manual,Second,18.0,5,1.6,Chevrolet,Spark 1.0 LS,17,6.231155778894473
Ahmedabad,Petrol,Manual,First,17.4,5,11.25,Honda,City i VTEC VX Option,8,7.83567134268537
Chennai,Diesel,Manual,First,20.54,5,5.9,Volkswagen,Vento Diesel Highline,13,6.483103879849812
Delhi,Diesel,Automatic,First,11.5,7,14.4,Toyota,Fortuner 4x2 4 Speed AT,14,5.667337357478202
Delhi,Petrol,Manual,First,17.0,5,3.6,Honda,City 1.5 S MT,15,7.882431529726119
Jaipur,Diesel,Automatic,First,18.12,5,40.5,BMW,5 Series 2013-2017 520d Luxury Line,9,9.523809523809524
Bangalore,Diesel,Automatic,Second,14.16,5,38.95,Audi,Q5 30 TDI quattro Premium Plus,12,8.856707317073171
Delhi,Diesel,Manual,First,23.2,5,3.6,Maruti,Ritz LDi,12,5.924679487179487
Kochi,Diesel,Automatic,First,21.21,5,7.12,Volkswagen,Vento 1.5 TDI Highline AT,10,6.889185580774367
Kochi,Diesel,Manual,First,26.0,5,7.52,Honda,City i DTEC SV,10,6.582109479305741
Delhi,Diesel,Automatic,Second,15.2,5,10.35,Audi,A4 New 2.0 TDI Multitronic,14,7.154471544715448
Hyderabad,Petrol,Manual,First,15.0,5,7.0,Skoda,Rapid 1.6 MPI Elegance,12,6.478097622027534
Delhi,Diesel,Manual,First,11.5,7,10.85,Toyota,Fortuner 3.0 Diesel,15,5.734406438631791
Mumbai,Diesel,Manual,First,16.52,5,2.35,Chevrolet,Optra Magnum 2.0 LT BS3,16,6.212958312405827
Mumbai,Petrol,Manual,First,15.1,7,2.9,Maruti,Eeco 7 Seater Standard,12,6.103678929765886
Delhi,Petrol,Manual,First,20.73,5,7.65,Maruti,Ciaz ZXi,9,6.635105608157319
Delhi,Diesel,Manual,First,28.09,5,6.4,Maruti,Ciaz VDi Plus SHVS,10,7.091346153846153
Pune,Diesel,Manual,First,12.99,7,10.1,Toyota,Innova 2.5 LE 2014 Diesel 7 Seater,12,4.033680834001604
Kolkata,Petrol,Manual,First,19.1,5,4.25,Maruti,Swift Dzire VXI,12,7.167919799498747
Kochi,Diesel,Automatic,First,11.36,7,19.65,Toyota,Innova Crysta 2.8 GX AT,7,6.2250453720508165
Pune,Diesel,Manual,First,25.0,5,4.4,Tata,Indica V2 eLX,9,4.9426934097421205
Jaipur,Petrol,Manual,First,18.5,5,3.25,Hyundai,i20 Magna,14,6.921470342522975
Pune,Diesel,Manual,First,17.8,5,2.8,Ford,Fiesta 1.4 Duratorq ZXI,14,4.8606147248034315
Kolkata,Diesel,Manual,First,18.2,8,4.3,Chevrolet,Enjoy 1.3 TCDi LS 8,11,5.908653846153846
Chennai,Diesel,Manual,Third,17.8,5,1.55,Ford,Fiesta 1.4 Duratorq EXI,20,4.8606147248034315
Chennai,Petrol,Manual,Second,10.8,5,4.7,Honda,CR-V 2.4 MT,19,6.457094307561598
Kochi,Petrol,Manual,First,18.7,5,7.07,Honda,Jazz 1.2 VX i VTEC,9,7.397831526271894
Delhi,Diesel,Automatic,First,11.0,7,79.0,Mercedes-Benz,GLS 350d Grand Edition,8,8.637428858386341
Delhi,Petrol,Manual,First,18.9,5,5.75,Hyundai,Grand i10 1.2 Kappa Sportz,8,6.838763575605681
Mumbai,Petrol,Manual,First,18.5,5,3.25,Maruti,Ritz VXi,14,7.167919799498747
Coimbatore,Diesel,Automatic,First,22.0,5,8.89,Volkswagen,Ameo 1.5 TDI Highline AT,9,7.242656875834447
Mumbai,Petrol,Manual,First,17.4,5,5.9,Honda,City i VTEC SV,11,7.83567134268537
Kolkata,Petrol,Manual,First,18.7,5,4.95,Honda,Jazz 1.2 S i VTEC,10,7.397831526271894
Delhi,Diesel,Manual,First,17.8,5,3.75,Maruti,Swift Ldi BSIV,12,6.009615384615385
Kochi,Diesel,Automatic,First,17.01,5,10.97,Hyundai,Creta 1.6 CRDi AT SX Plus,9,7.977243994943111
Kochi,Diesel,Automatic,Second,14.4,5,24.94,Audi,A7 2011-2015 3.0 TDI Quattro,12,8.136164475901584
Kolkata,Petrol,Manual,First,21.1,5,1.97,Hyundai,EON D Lite Plus,12,6.781326781326781
Jaipur,Diesel,Manual,Second,20.0,5,1.4,Ford,Figo Diesel EXI,16,4.8606147248034315
Coimbatore,Petrol,Manual,First,17.0,5,7.27,Volkswagen,Ameo 1.2 MPI Highline,8,6.156093489148581
Kolkata,Diesel,Manual,First,21.64,5,4.0,Renault,Scala Diesel RxL,13,5.804243668720054
Kolkata,Petrol,Manual,First,18.7,5,4.75,Honda,Jazz 1.2 V i VTEC,11,7.397831526271894
Delhi,Petrol,Manual,First,17.0,5,5.1,Hyundai,i20 1.2 Sportz,11,6.683375104427736
Coimbatore,Diesel,Automatic,First,14.94,5,16.11,Audi,A4 3.0 TDI Quattro Premium,14,8.136164475901584
Delhi,Diesel,Automatic,First,11.18,7,10.55,Mahindra,Ssangyong Rexton RX7,12,6.824925816023739
Ahmedabad,Diesel,Automatic,First,12.9,7,30.0,Toyota,Fortuner 2.8 2WD AT,9,6.333938294010889
Kolkata,Diesel,Manual,First,18.7,5,1.6,Skoda,Octavia Classic 1.9 TDI MT,24,3.481012658227848
Hyderabad,Diesel,Automatic,First,15.8,5,18.49,Mercedes-Benz,New C-Class 250 CDI Classic,14,7.9143389199255125
Kochi,Petrol,Manual,First,20.73,5,9.96,Maruti,Ciaz 1.4 Zeta,8,6.635105608157319
Hyderabad,Diesel,Manual,Second,22.9,5,4.75,Maruti,Swift ZDi,13,5.929487179487179
Bangalore,Diesel,Manual,Third,13.1,10,3.65,Toyota,Qualis FS B3,24,3.066230580539657
Delhi,Diesel,Automatic,Second,16.73,5,15.5,BMW,5 Series 2007-2010 525d Sedan,14,8.7374749498998
Kochi,Diesel,Manual,First,10.5,6,11.82,Mitsubishi,Pajero 2.8 SFX BSIII Dual Tone,13,4.123456790123457
Delhi,Petrol,Manual,First,13.4,5,2.05,Toyota,Corolla H2,18,6.967670011148272
Mumbai,Petrol,Manual,First,16.8,8,2.25,Maruti,Omni E MPI STD BS IV,13,4.296482412060302
Kochi,Diesel,Automatic,First,17.68,5,20.12,Audi,A6 2011-2015 2.0 TDI,12,8.858231707317074
Coimbatore,Diesel,Manual,First,27.3,5,7.48,Honda,Jazz 1.5 S i DTEC,10,6.582109479305741
Mumbai,Petrol,Automatic,Second,10.5,5,5.5,Mercedes-Benz,E-Class 200 Kompressor Elegance,22,8.780623608017816
Kochi,Diesel,Automatic,First,16.55,5,13.19,Audi,A4 2.0 TDI,13,7.495426829268292
Mumbai,Petrol,Manual,First,19.1,5,3.85,Maruti,Swift Dzire VXI,14,7.167919799498747
Delhi,Diesel,Manual,First,28.4,5,5.75,Maruti,Dzire VDI,10,5.909455128205128
Pune,Diesel,Manual,First,15.1,7,9.0,Mahindra,XUV500 W8 4WD,12,6.424965580541533
Kochi,Petrol,Manual,First,18.6,5,2.21,Chevrolet,Beat LT,14,6.622185154295246
Kochi,Diesel,Manual,First,23.0,5,8.09,Ford,EcoSport 1.5 Diesel Titanium Plus,9,6.606141522029373
Coimbatore,Diesel,Automatic,First,14.69,5,48.63,BMW,5 Series 2013-2017 530d M Sport,9,8.620113598396257
Coimbatore,Diesel,Automatic,Second,14.16,5,39.47,Audi,Q5 30 TDI quattro Premium Plus,11,8.856707317073171
Coimbatore,Diesel,Automatic,Second,20.68,5,22.24,BMW,X1 sDrive 20d xLine,11,9.523809523809524
Mumbai,Petrol,Automatic,First,19.2,5,2.6,Hyundai,i10 Magna AT,17,6.683375104427736
Ahmedabad,Diesel,Automatic,First,17.01,5,12.0,Hyundai,Creta 1.6 CRDi AT SX Plus,10,7.977243994943111
Chennai,Diesel,Automatic,First,17.11,5,18.0,Audi,A4 2.0 TDI 177 Bhp Premium Plus,12,8.858231707317074
Mumbai,Petrol,Automatic,Third,10.13,5,9.99,Mercedes-Benz,S Class 2005 2013 S 350 L,19,10.431675242995997
Kolkata,Petrol,Manual,First,20.36,5,2.45,Hyundai,i10 Magna,14,6.591478696741855
Mumbai,Diesel,Manual,First,23.0,5,8.99,Ford,EcoSport 1.5 Diesel Titanium,9,6.606141522029373
Kolkata,Diesel,Manual,First,20.54,5,3.15,Volkswagen,Vento Diesel Highline,15,6.483103879849812
Jaipur,Diesel,Manual,First,28.4,5,8.2,Maruti,Dzire ZDI Plus,9,5.909455128205128
Ahmedabad,Diesel,Manual,First,15.4,7,11.5,Mahindra,Scorpio 1.99 S10,10,6.009013520280421
Coimbatore,Diesel,Manual,First,22.54,5,7.3,Hyundai,i20 Asta 1.4 CRDi,10,6.356017191977077
Chennai,Petrol,Manual,First,19.7,5,1.59,Maruti,Alto LXi,18,5.816582914572864
Delhi,Petrol,Manual,Second,20.36,5,3.15,Hyundai,i10 Magna,11,6.591478696741855
Kolkata,Diesel,Manual,Second,15.4,7,8.5,Mahindra,Scorpio S6 7 Seater,11,5.507113354749885
Hyderabad,Diesel,Manual,First,19.5,5,3.0,Skoda,Fabia 1.2L Diesel Classic,16,6.255212677231025
Mumbai,Diesel,Automatic,First,15.3,5,21.0,BMW,X5 xDrive 30d,14,8.620113598396257
Hyderabad,Diesel,Manual,First,27.3,5,7.75,Honda,Jazz 1.5 S i DTEC,10,6.582109479305741
Mumbai,Diesel,Automatic,First,10.0,5,23.0,Mercedes-Benz,E-Class 2009-2013 E 220 CDI Avantgarde,13,7.9143389199255125
Mumbai,Diesel,Automatic,First,16.0,7,13.75,Mahindra,XUV500 AT W10 FWD,10,6.424965580541533
Kochi,Petrol,Automatic,First,18.0,5,8.29,Honda,City i VTEC CVT SV,9,7.83567134268537
Coimbatore,Diesel,Manual,First,22.9,5,5.79,Maruti,Swift VDI,12,5.929487179487179
Coimbatore,Diesel,Automatic,First,14.84,5,30.5,Mercedes-Benz,New C-Class 220 CDI AT,9,7.932804479701354
Mumbai,Petrol,Manual,First,17.0,5,3.8,Honda,City 1.5 S MT,15,7.882431529726119
Bangalore,Diesel,Manual,First,15.3,7,4.45,Tata,Sumo EX,12,2.8349120433017587
Delhi,Petrol,Manual,First,18.5,5,3.3,Hyundai,i20 Magna,14,6.921470342522975
Jaipur,Diesel,Manual,Second,20.4,5,1.75,Fiat,Linea 1.3 Dynamic,17,7.307692307692308
Bangalore,Petrol,Automatic,Second,12.9,5,5.5,Honda,Civic 2006-2010 1.8 V AT,15,7.226236798221233
Pune,Diesel,Manual,First,19.67,5,13.35,Hyundai,Creta 1.6 SX Plus Diesel,9,7.977243994943111
Delhi,Diesel,Automatic,Second,20.38,5,22.5,Audi,A3 35 TDI Technology,9,7.266260162601626
Delhi,Petrol,Manual,Second,17.0,5,5.25,Hyundai,Verna VTVT 1.6 SX Option,13,7.6241357636706475
Hyderabad,Diesel,Manual,First,21.9,5,3.75,Hyundai,i20 1.4 CRDi Magna,15,6.446991404011461
Kochi,Diesel,Manual,First,24.2,7,6.32,Honda,Mobilio S i DTEC,11,6.582109479305741
Bangalore,Diesel,Automatic,First,22.32,5,7.75,Hyundai,Verna 1.6 SX CRDI (O) AT,8,7.984829329962073
Chennai,Petrol,Manual,Second,15.3,5,1.37,Ford,Fiesta 1.6 ZXI Duratec,20,6.328320802005012
Mumbai,Petrol,Manual,First,20.36,5,2.1,Hyundai,i10 Sportz 1.2,16,6.591478696741855
Hyderabad,Diesel,Manual,First,24.3,5,9.3,Maruti,Vitara Brezza ZDi,10,7.091346153846153
Ahmedabad,Diesel,Manual,First,12.99,7,12.0,Toyota,Innova 2.5 VX (Diesel) 7 Seater,11,4.033680834001604
Pune,Diesel,Automatic,First,17.9,5,23.5,Mercedes-Benz,GLA Class 200 d Sport,9,6.346243583761082
Hyderabad,Petrol,Manual,First,19.7,5,1.8,Maruti,Alto LXi BSIII,20,5.816582914572864
Chennai,Diesel,Automatic,Second,14.84,5,12.5,Mercedes-Benz,New C-Class C 220 CDI Elegance AT,13,7.932804479701354
Delhi,Diesel,Manual,First,22.9,5,4.74,Maruti,Swift LDI,11,5.929487179487179
Kochi,Petrol,Manual,First,18.9,5,5.43,Hyundai,Grand i10 Sportz,10,6.8504594820384295
Kochi,Diesel,Automatic,Second,12.55,7,31.62,Toyota,Fortuner 4x4 AT,8,5.650570087189806
Kolkata,Petrol,Manual,First,12.4,8,6.3,Toyota,Innova 2.0 GX 8 STR,15,6.606606606606606
Kochi,Diesel,Manual,First,22.77,5,8.45,Ford,EcoSport 1.5 TDCi Titanium,9,6.5814419225634175
Pune,Petrol,Manual,First,18.16,5,5.0,Ford,Figo 1.2P Titanium MT,10,7.25752508361204
Chennai,Diesel,Manual,First,11.5,7,13.0,Toyota,Fortuner 3.0 Diesel,15,5.734406438631791
Hyderabad,Petrol,Manual,First,19.1,5,4.7,Maruti,Swift Dzire VXI,14,7.167919799498747
Pune,Petrol,Manual,First,13.14,5,3.3,Skoda,Superb 1.8 TSI MT,14,8.898776418242491
Jaipur,Petrol,Manual,Second,18.9,5,1.51,Maruti,Wagon R LXI Minor,17,6.314797360980208
Kochi,Diesel,Manual,First,19.01,5,6.09,Renault,Duster 110PS Diesel RxZ,13,7.42299794661191
Mumbai,Petrol,Manual,First,20.73,5,5.95,Maruti,Ciaz VXi Plus,11,6.635105608157319
Hyderabad,Diesel,Manual,First,22.7,5,9.0,Hyundai,Elantra CRDi SX,14,7.979772439949431
Kolkata,Diesel,Automatic,First,21.66,5,4.25,Skoda,Rapid 1.5 TDI AT Elegance,11,6.910547396528704
Hyderabad,Diesel,Automatic,First,14.84,5,23.5,Mercedes-Benz,New C-Class C 220 CDI Elegance AT,13,7.932804479701354
Mumbai,Petrol,Automatic,First,11.7,5,6.35,Honda,Accord 2.4 A/T,15,7.544604927782498
Chennai,Petrol,Manual,First,23.1,5,3.4,Maruti,Celerio VXI,12,6.717434869739479
Chennai,Diesel,Automatic,First,22.69,5,21.6,BMW,3 Series 320d Sport,12,9.523809523809524
Chennai,Diesel,Manual,First,20.54,5,4.0,Volkswagen,Vento Diesel Trendline,15,6.483103879849812
Pune,Diesel,Manual,First,23.4,5,5.5,Maruti,Swift Dzire Tour LDI,8,5.929487179487179
Mumbai,Diesel,Automatic,First,12.39,5,19.25,Land,Rover Freelander 2 SE,14,6.7696190913262955
Hyderabad,Diesel,Manual,First,21.9,5,3.95,Hyundai,i20 1.4 CRDi Magna,14,6.446991404011461
Mumbai,Diesel,Manual,Second,28.4,5,4.25,Maruti,Dzire VDI,14,5.909455128205128
Kochi,Diesel,Manual,First,17.1,5,17.02,Jeep,Compass 2.0 Longitude,8,8.69120654396728
Hyderabad,Diesel,Manual,First,20.77,7,6.5,Maruti,Ertiga VDI,14,7.112179487179487
Bangalore,Petrol,Manual,First,15.6,5,2.95,Ford,Figo Petrol ZXI,15,5.852842809364549
Coimbatore,Diesel,Manual,First,21.43,5,7.12,Toyota,Corolla Altis 1.4 DG,13,6.362903225806452
Chennai,Diesel,Automatic,First,24.3,5,11.25,Maruti,Vitara Brezza ZDi Plus AMT Dual Tone,8,7.091346153846153
Delhi,Petrol,Manual,First,17.0,5,2.75,Honda,City 1.5 S MT,17,7.882431529726119
Hyderabad,Diesel,Manual,First,15.4,7,12.0,Mahindra,Scorpio S10 4WD,11,5.507113354749885
Mumbai,Petrol,Manual,First,20.14,5,3.67,Hyundai,Xcent 1.2 VTVT SX,12,6.838763575605681
Pune,Diesel,Manual,First,15.0,5,5.0,Mercedes-Benz,E-Class 220 CDI,25,5.273598404700654
Pune,Petrol,Manual,First,15.7,5,2.3,Mahindra,Renault Logan 1.4 GLX Petrol,18,5.39568345323741
Pune,Diesel,Manual,First,18.7,5,2.2,Skoda,Octavia 1.9 TDI,18,3.481012658227848
Pune,Diesel,Automatic,First,12.0,7,41.0,Mercedes-Benz,GL-Class 2007 2012 350 CDI Luxury,12,7.499163039839303
Bangalore,Diesel,Automatic,First,20.68,5,28.5,BMW,X1 sDrive 20d xLine,10,9.523809523809524
Mumbai,Petrol,Manual,First,15.04,5,5.49,Volkswagen,Vento 2013-2015 1.6 Comfortline,11,6.458072590738423
Ahmedabad,Diesel,Automatic,Second,16.55,5,17.5,Audi,A4 2.0 TDI,13,7.495426829268292
Bangalore,Diesel,Manual,First,13.8,5,1.99,Ford,Ikon 1.4 TDCi DuraTorq,17,4.8606147248034315
Kochi,Diesel,Manual,First,22.32,5,6.64,Hyundai,Verna 1.6 CRDi EX MT,10,7.983565107458912
Hyderabad,Diesel,Manual,First,13.68,7,16.5,Toyota,Innova Crysta 2.4 VX MT,9,6.176347680735479
Pune,Petrol,Manual,First,18.9,5,5.0,Hyundai,Grand i10 Asta Option,10,6.8504594820384295
Mumbai,Petrol,Manual,First,17.0,5,5.4,Volkswagen,Ameo 1.2 MPI Comfortline,9,6.156093489148581
Kolkata,Petrol,Manual,First,25.17,5,2.99,Renault,KWID RXT,9,6.670838548185232
Jaipur,Petrol,Manual,First,17.0,5,4.1,Honda,City 1.5 S MT,15,7.882431529726119
Kochi,Petrol,Automatic,First,18.9,5,6.76,Hyundai,Grand i10 1.2 Kappa Magna AT,8,6.838763575605681
Chennai,Petrol,Manual,Second,18.78,5,5.5,Volkswagen,Polo 1.0 MPI Comfortline,10,7.5075075075075075
Coimbatore,Diesel,Manual,First,25.2,5,5.99,Maruti,Swift VDI BSIV,12,5.929487179487179
Delhi,Diesel,Manual,First,21.64,5,2.59,Nissan,Sunny 2011-2014 Diesel XV,14,5.804243668720054
Mumbai,Diesel,Automatic,First,16.36,5,26.75,Jaguar,XF 2.2 Litre Luxury,13,8.614043139054612
Pune,Diesel,Manual,First,28.09,5,8.5,Maruti,Ciaz ZDi SHVS,10,7.091346153846153
Bangalore,Diesel,Automatic,First,12.8,5,23.0,Audi,Q5 2008-2012 2.0 TDI,15,8.516260162601625
Pune,Petrol,Manual,First,15.6,5,3.35,Ford,Figo Petrol ZXI,12,5.854515050167223
Bangalore,Diesel,Automatic,Second,11.72,7,10.75,Hyundai,Santa Fe 4x4 AT,14,8.835834470213735
Kolkata,Diesel,Manual,First,12.05,8,6.29,Mahindra,Scorpio VLX 2WD AIRBAG BSIV,13,5.507113354749885
Bangalore,Diesel,Manual,First,19.6,5,7.75,Renault,Duster 110PS Diesel RxL,12,7.42299794661191
Delhi,Diesel,Automatic,First,15.2,5,13.5,Audi,A4 New 2.0 TDI Multitronic,14,7.154471544715448
Coimbatore,Petrol,Manual,First,15.1,7,3.75,Maruti,Eeco 7 Seater Standard,13,6.103678929765886
Mumbai,Diesel,Manual,Second,14.0,7,3.75,Mahindra,Xylo E4,15,4.483586869495596
Jaipur,Petrol,Manual,Second,18.9,5,1.5,Maruti,Wagon R LXI,20,6.723446893787574
Chennai,Petrol,Manual,First,14.0,5,1.45,Maruti,Wagon R LXI BSIII,21,6.032045240339302
Coimbatore,Petrol,Manual,First,15.5,5,4.12,Maruti,SX4 ZXI MT BSIV,13,6.513240857503153
Mumbai,Diesel,Manual,First,13.68,7,17.11,Toyota,Innova Crysta 2.4 VX MT,10,6.176347680735479
Pune,Diesel,Manual,Second,12.99,7,10.25,Toyota,Innova 2.5 G (Diesel) 7 Seater,11,4.033680834001604
Kolkata,Diesel,Manual,First,22.07,5,2.49,Volkswagen,Polo Diesel Trendline 1.2L,15,6.163469557964971
Pune,Petrol,Manual,Second,16.78,5,3.85,Toyota,Etios G,11,5.93114973262032
Hyderabad,Diesel,Manual,First,22.7,5,6.25,Ford,Ecosport 1.5 DV5 MT Titanium,12,5.9973297730307085
Hyderabad,Diesel,Manual,First,24.0,5,4.88,Hyundai,Grand i10 CRDi Magna,11,6.25
Mumbai,Petrol,Automatic,First,18.0,5,9.45,Honda,City i VTEC CVT SV,10,7.83567134268537
Hyderabad,Diesel,Manual,Second,12.8,8,4.8,Toyota,Innova 2.5 G3,19,4.0898155573376105
Kolkata,Petrol,Manual,First,21.1,5,1.99,Hyundai,EON Era Plus,14,6.781326781326781
Hyderabad,Petrol,Manual,First,20.36,5,2.8,Hyundai,i10 Magna 1.2,16,6.591478696741855
Bangalore,Petrol,Automatic,Second,12.3,5,22.0,Mercedes-Benz,E-Class 2009-2013 E 200 CGI Elegance,15,10.300668151447661
Hyderabad,Diesel,Manual,First,15.96,7,4.3,Mahindra,Bolero SLE,14,2.461355529131986
Coimbatore,Diesel,Automatic,First,20.0,5,9.75,Skoda,Laura Ambition 2.0 TDI CR AT,12,7.017276422764228
Ahmedabad,Petrol,Manual,First,20.4,5,5.9,Maruti,Swift ZXI,11,6.83375104427736
Delhi,Diesel,Automatic,First,16.55,5,14.5,Audi,A4 2.0 TDI,13,7.495426829268292
Hyderabad,Diesel,Manual,Second,17.8,5,2.4,Ford,Fiesta 1.4 SXi TDCi ABS,17,4.8606147248034315
Mumbai,Petrol,Manual,Second,15.0,5,2.11,Maruti,SX4 Vxi BSIII,18,6.600252206809584
Coimbatore,Petrol,Automatic,First,18.9,5,7.6,Hyundai,Grand i10 AT Asta,9,6.8504594820384295
Hyderabad,Petrol,Automatic,First,17.16,5,3.6,Maruti,Ritz AT,14,7.167919799498747
Jaipur,Diesel,Manual,First,10.5,8,6.0,Mahindra,Scorpio 2.6 CRDe,13,5.507113354749885
Mumbai,Diesel,Manual,First,15.4,7,7.45,Mahindra,Scorpio S4 7 Seater,12,5.507113354749885
Chennai,Petrol,Manual,First,19.7,5,2.1,Maruti,Alto LXi,15,5.816582914572864
Ahmedabad,Diesel,Manual,Second,19.01,5,5.2,Renault,Duster 110PS Diesel RxZ,13,7.42299794661191
Hyderabad,Diesel,Manual,First,0.0,6,6.99,Mahindra,Jeep MM 550 PE,17,4.534703512128504
Mumbai,Petrol,Manual,First,20.89,5,6.36,Maruti,Ignis 1.2 Alpha,9,6.83375104427736
Kochi,Diesel,Manual,First,12.99,7,11.62,Toyota,Innova 2.5 ZX Diesel 7 Seater,11,4.033680834001604
Kochi,Diesel,Automatic,Second,16.77,5,43.6,BMW,7 Series 730Ld Eminence,11,8.736719011025727
Kolkata,Diesel,Manual,Second,13.6,5,4.9,Hyundai,Sonata Embera 2.0L CRDi MT,17,7.132094424912104
Kochi,Diesel,Manual,First,19.01,5,6.7,Renault,Duster Adventure Edition,11,7.42299794661191
Bangalore,Diesel,Automatic,First,17.11,5,25.0,Audi,A4 2.0 TDI 177 Bhp Technology Edition,12,8.858231707317074
Coimbatore,Diesel,Manual,First,17.1,5,19.05,Jeep,Compass 2.0 Longitude,8,8.69120654396728
Kolkata,Petrol,Manual,First,17.43,5,4.5,Hyundai,Verna 1.4 VTVT,11,7.5573065902578795
Pune,Petrol,Manual,First,18.0,5,4.15,Honda,Amaze VX i-Vtech,13,7.237061769616027
Chennai,Diesel,Manual,First,19.67,5,11.9,Hyundai,Creta 1.6 CRDi SX Option,11,7.977243994943111
Delhi,Petrol,Manual,First,19.81,5,2.1,Hyundai,i10 Magna 1.1,15,6.266114180478821
Delhi,Diesel,Manual,First,18.49,7,6.95,Mahindra,TUV 300 T8,10,6.697923643670463
Pune,Petrol,Manual,Second,17.5,5,2.4,Maruti,Swift Dzire VXi,18,6.610169491525424
Chennai,Petrol,Manual,First,13.2,5,2.65,Hyundai,Accent GLE 1,19,6.287625418060201
Jaipur,Diesel,Manual,First,15.1,7,9.0,Mahindra,XUV500 W8 2WD,12,6.424965580541533
Pune,Petrol,Manual,First,20.92,5,2.1,Maruti,Alto K10 2010-2014 VXI,14,6.723446893787574
Pune,Petrol,Manual,Second,18.6,5,2.5,Chevrolet,Beat LT,15,6.622185154295246
Mumbai,Diesel,Automatic,First,12.4,5,8.95,Audi,A6 2.7 TDI,17,6.653076352853966
Hyderabad,Diesel,Automatic,First,20.7,5,34.0,Mini,Cooper 5 DOOR D,9,7.6189839572192515
Chennai,Petrol,Manual,First,17.57,5,4.0,Tata,Zest Revotron 1.2T XMS,11,7.435037720033528
Kolkata,Diesel,Manual,First,26.0,5,4.45,Honda,City i DTEC SV,12,6.582109479305741
Jaipur,Petrol,Manual,First,18.6,5,1.5,Chevrolet,Beat LT,16,6.622185154295246
Jaipur,Diesel,Automatic,Second,16.55,5,14.5,Audi,A4 2.0 TDI Multitronic,15,7.113821138211382
Kolkata,Diesel,Manual,First,26.1,5,8.41,Ford,Aspire Titanium Plus Diesel,11,6.608811748998665
Mumbai,Diesel,Automatic,Second,19.08,5,5.45,Hyundai,Verna SX CRDi AT,12,7.984829329962073
Mumbai,Petrol,Automatic,First,18.0,5,8.9,Honda,City i VTEC CVT VX,11,7.83567134268537
Hyderabad,Petrol,Manual,First,20.36,5,3.65,Hyundai,i10 Sportz 1.2,14,6.591478696741855
Bangalore,Diesel,Automatic,Second,18.56,5,29.0,BMW,X3 xDrive20d Expedition,11,9.523809523809524
Mumbai,Diesel,Automatic,First,16.55,5,13.5,Audi,A4 2.0 TDI,13,7.495426829268292
Hyderabad,Petrol,Automatic,First,10.1,5,5.4,Honda,CR-V 2.4 AT,18,6.457094307561598
Coimbatore,Petrol,Manual,First,18.9,5,5.89,Hyundai,Grand i10 1.2 Kappa Asta,10,6.838763575605681
Hyderabad,Diesel,Manual,First,28.09,5,8.45,Maruti,Ciaz ZDi Plus SHVS,10,7.091346153846153
Delhi,Petrol,Manual,First,17.4,5,4.0,Honda,City i-VTEC V,15,7.83567134268537
Mumbai,Diesel,Automatic,First,9.52,4,45.0,BMW,6 Series 640d Coupe,13,10.457734714333444
Mumbai,Petrol,Automatic,First,23.1,5,3.94,Maruti,Celerio VXI AMT,10,6.717434869739479
Jaipur,Diesel,Automatic,Second,13.73,5,8.0,Renault,Koleos 2.0 Diesel,15,7.4185463659147866
Hyderabad,Diesel,Manual,First,20.0,5,4.1,Ford,Figo Diesel ZXI,13,4.8606147248034315
Chennai,Diesel,Manual,First,12.8,7,6.25,Toyota,Innova 2.5 V Diesel 7-seater,20,4.0898155573376105
Kolkata,Diesel,Manual,First,28.4,5,5.25,Maruti,Dzire VDI,11,5.909455128205128
Hyderabad,Diesel,Automatic,First,16.1,5,21.0,Mercedes-Benz,E-Class E 220 d,13,9.948717948717949
Ahmedabad,Petrol,Manual,First,18.9,5,4.3,Hyundai,Grand i10 1.2 Kappa Sportz,11,6.838763575605681
Mumbai,Petrol,Manual,First,17.3,7,5.25,Honda,Mobilio S i VTEC,12,7.83567134268537
Mumbai,Petrol,Automatic,Second,11.9,5,32.0,Porsche,Cayenne Turbo S,16,11.444028297960882
Kolkata,Diesel,Manual,First,17.21,7,3.9,Mahindra,Quanto C8,13,6.697923643670463
Mumbai,Petrol,Manual,Third,13.4,5,2.2,Toyota,Corolla H5,19,6.967670011148272
Mumbai,Diesel,Manual,First,25.32,6,3.7,Mahindra,KUV 100 mFALCON D75 K4,10,6.42737896494157
Coimbatore,Petrol,Automatic,Second,10.9,5,11.27,BMW,3 Series 2005-2011 325i Sedan,16,8.610332398878654
Jaipur,Petrol,Manual,First,22.74,5,2.41,Maruti,Alto 800 LXI,13,5.942211055276381
Pune,Diesel,Automatic,First,15.73,5,19.0,Audi,Q3 35 TDI Quattro Premium,11,8.858231707317074
Hyderabad,Diesel,Manual,Second,23.59,5,5.8,Toyota,Etios GD,11,4.915689149560118
Coimbatore,Diesel,Manual,First,15.1,7,13.52,Mahindra,XUV500 W8 2WD,10,6.424965580541533
Hyderabad,Diesel,Manual,First,13.0,7,24.5,Toyota,Fortuner 4x2 MT TRD Sportivo,11,5.657276995305164
Kochi,Diesel,Automatic,First,17.9,5,56.73,Mercedes-Benz,GLE 250d,9,9.386374241717219
Jaipur,Diesel,Manual,First,19.67,5,9.95,Hyundai,Creta 1.6 CRDi SX,11,7.977243994943111
Pune,Petrol,Automatic,First,16.8,5,5.5,Honda,City 1.5 V AT,14,7.882431529726119
Hyderabad,Diesel,Automatic,First,17.11,5,25.0,Audi,A4 35 TDI Premium,11,8.858231707317074
Kolkata,Petrol,Manual,First,17.3,5,1.0,Maruti,Zen VXI,17,6.042296072507553
Hyderabad,Petrol,Manual,Second,19.7,5,2.15,Maruti,Alto LXi,15,5.816582914572864
Kochi,Petrol,Automatic,First,21.4,5,7.89,Maruti,Baleno Delta Automatic,8,6.942355889724311
Delhi,Diesel,Manual,First,16.0,7,10.25,Mahindra,XUV500 W10 2WD,11,6.424965580541533
Mumbai,Petrol,Manual,First,19.0,5,6.0,Ford,Freestyle Titanium Petrol,19,7.9296482412060305
Coimbatore,Petrol,Manual,First,18.6,5,7.53,Hyundai,Elite i20 Asta Option,9,6.838763575605681
Coimbatore,Diesel,Automatic,First,19.27,5,39.45,Mercedes-Benz,New C-Class C 220d Avantgarde Edition C,8,7.821745216985534
Delhi,Petrol,Manual,First,17.8,5,5.84,Honda,City i VTEC SV,12,7.83567134268537
Mumbai,Petrol,Manual,First,18.88,5,8.65,Ford,EcoSport 1.5 Ti VCT MT Titanium BE,9,7.364909939959974
Kochi,Petrol,Manual,First,21.4,5,7.74,Maruti,Baleno Alpha 1.2,9,6.942355889724311
Bangalore,Petrol,Manual,First,20.36,5,2.5,Hyundai,i10 Sportz,18,6.591478696741855
Pune,Diesel,Manual,Second,12.8,8,5.7,Toyota,Innova 2.5 G (Diesel) 8 Seater BS IV,19,4.0898155573376105
Mumbai,Petrol,Manual,First,21.4,5,5.8,Maruti,Baleno Delta,10,6.942355889724311
Hyderabad,Diesel,Automatic,First,12.07,7,36.5,Audi,Q7 3.0 TDI Quattro Technology,14,8.136164475901584
Delhi,Diesel,Automatic,Second,13.01,7,9.5,Hyundai,Santa Fe 2WD AT,14,8.835834470213735
Coimbatore,Petrol,Manual,First,0.0,5,3.48,Hyundai,Santro GLS I - Euro II,14,11.339028401698704
Mumbai,Petrol,Manual,First,17.0,5,4.55,Honda,City 1.5 V MT Exclusive,13,7.882431529726119
Jaipur,Diesel,Manual,First,21.9,5,3.9,Hyundai,i20 1.4 CRDi Magna,14,6.446991404011461
Pune,Diesel,Manual,First,13.6,7,2.7,Mahindra,Bolero SLE BSIII,19,2.4970273483947683
Pune,Diesel,Automatic,First,12.9,7,31.0,Toyota,Fortuner 2.8 2WD AT,9,6.333938294010889
Bangalore,Petrol,Automatic,Second,10.9,5,10.3,BMW,3 Series 2005-2011 325i Sedan,17,8.610332398878654
Kolkata,Diesel,Automatic,First,16.07,5,7.75,BMW,3 Series 320d Sedan,16,9.072681704260651
Hyderabad,Petrol,Manual,First,18.9,5,3.2,Maruti,Wagon R LXI,14,6.723446893787574
Delhi,Diesel,Manual,First,25.47,7,4.85,Maruti,Ertiga ZDI,13,7.091346153846153
Kochi,Diesel,Automatic,Second,15.68,5,34.08,Land,Rover Range Rover Evoque 2.0 TD4 Pure,10,8.854427213606805
Chennai,Diesel,Manual,First,24.52,7,8.1,Maruti,Ertiga SHVS VDI,9,7.091346153846153
Chennai,Diesel,Manual,Second,25.0,5,2.35,Tata,Indigo CS eVX,10,4.943409742120345
Pune,Petrol,Manual,First,20.92,5,1.8,Maruti,Alto K10 LXI,14,6.723446893787574
Coimbatore,Petrol,Manual,First,21.1,5,3.42,Hyundai,EON D Lite Plus,11,6.781326781326781
Mumbai,Diesel,Automatic,Second,11.4,7,5.34,Ford,Endeavour 3.0L 4X4 AT,16,5.2102946156451075
Hyderabad,Diesel,Automatic,First,12.62,7,31.99,Ford,Endeavour 2.2 Titanium AT 4X2,8,7.188353048225659
Bangalore,Diesel,Manual,First,20.54,5,4.75,Volkswagen,Vento Diesel Highline,15,6.483103879849812
Mumbai,Petrol,Automatic,First,19.12,5,6.1,Maruti,Ciaz AT ZXi,12,6.635105608157319
Coimbatore,Petrol,Manual,Second,21.1,5,3.69,Hyundai,EON D Lite Plus,13,6.781326781326781
Delhi,Diesel,Automatic,Second,14.16,5,15.0,Audi,Q5 2.0 TDI Premium Plus,14,8.856707317073171
Coimbatore,Diesel,Manual,First,16.0,7,14.5,Mahindra,XUV500 W10 AWD,10,6.424965580541533
Hyderabad,Diesel,Manual,First,28.4,5,5.65,Maruti,Swift VDI,13,5.929487179487179
Kolkata,Diesel,Manual,First,21.1,5,2.5,Maruti,Ritz VDi,15,5.9214743589743595
Mumbai,Diesel,Automatic,First,19.71,5,38.5,Mercedes-Benz,New C-Class C 250 CDI Avantgarde,9,9.386374241717219
Kolkata,Diesel,Manual,First,19.01,5,5.49,Renault,Duster 110PS Diesel RxZ,12,7.42299794661191
Kolkata,Petrol,Manual,First,19.1,5,3.55,Maruti,Swift Dzire VXI,13,7.167919799498747
Jaipur,Diesel,Manual,First,12.99,7,10.75,Toyota,Innova 2.5 VX (Diesel) 7 Seater,12,4.033680834001604
Delhi,Petrol,Manual,First,15.8,5,11.0,Hyundai,Creta 1.6 SX Option,10,7.6241357636706475
Ahmedabad,Diesel,Manual,First,21.79,5,4.5,Maruti,SX4 ZDI,12,7.109775641025641
Kochi,Diesel,Manual,First,15.1,7,8.42,Mahindra,XUV500 W8 2WD,12,6.424965580541533
Mumbai,Petrol,Automatic,First,18.0,5,11.6,Honda,City i-VTEC CVT VX,9,7.83567134268537
Kochi,Diesel,Automatic,First,16.36,5,33.63,Jaguar,XF 2.2 Litre Luxury,10,8.614043139054612
Pune,Diesel,Manual,Third,17.8,5,2.25,Ford,Fiesta 1.4 SXi TDCi ABS,18,4.8606147248034315
Mumbai,Petrol,Automatic,First,10.8,5,12.95,BMW,5 Series 523i Sedan,16,6.0072086503804565
Hyderabad,Diesel,Manual,First,17.8,5,4.25,Maruti,Swift VDI BSIV W ABS,16,9.076674177321317
Coimbatore,Diesel,Automatic,First,17.68,5,25.02,Audi,A6 2011-2015 2.0 TDI Premium Plus,12,8.858231707317074
Kochi,Petrol,Manual,First,18.5,5,3.95,Honda,Brio 1.2 VX MT,12,7.245409015025041
Mumbai,Petrol,Automatic,First,16.8,5,4.4,Honda,City 1.5 V AT,15,7.882431529726119
Bangalore,Petrol,Manual,Third,16.47,5,4.95,Volkswagen,Polo Petrol Comfortline 1.2L,11,6.168614357262104
Pune,Diesel,Manual,Second,12.05,8,5.5,Mahindra,Scorpio SLE BSIII,16,5.507113354749885
Mumbai,Petrol,Manual,First,16.8,5,3.25,Honda,City V MT,15,7.768871075484301
Kochi,Petrol,Manual,First,15.0,5,4.02,Skoda,Rapid 1.6 MPI Elegance,13,6.476846057571965
Coimbatore,Diesel,Manual,First,16.0,7,11.73,Mahindra,XUV500 W6 2WD,10,6.424965580541533
Chennai,Diesel,Manual,First,15.0,5,9.5,Volkswagen,Jetta 2007-2011 2.0 TDI Trendline,14,5.537974683544303
Hyderabad,Petrol,Automatic,First,21.4,5,8.6,Maruti,Baleno Alpha Automatic,9,6.942355889724311
Jaipur,Diesel,Manual,First,25.8,5,4.0,Honda,Amaze EX i-Dtech,13,6.582109479305741
Mumbai,Petrol,Manual,First,15.04,5,5.55,Volkswagen,Vento 1.6 Highline,11,6.458072590738423
Hyderabad,Petrol,Manual,First,22.74,5,2.5,Maruti,Alto 800 LXI,11,5.942211055276381
Mumbai,Diesel,Automatic,First,18.0,7,41.6,Land,Rover Discovery HSE Luxury 3.0 TD6,9,8.51987971934514
Delhi,Petrol,Automatic,First,18.0,5,7.41,Honda,City i VTEC CVT VX,11,7.83567134268537
Mumbai,Diesel,Manual,First,19.01,5,6.5,Nissan,Terrano XL 110 PS,12,7.426420260095824
Mumbai,Petrol,Manual,First,19.7,5,1.2,Maruti,Alto LXi,18,5.816582914572864
Bangalore,Diesel,Manual,First,14.24,7,23.0,Toyota,Fortuner 2.8 4WD MT,11,6.333938294010889
Kolkata,Diesel,Manual,First,21.9,5,2.74,Hyundai,i20 1.4 CRDi Magna,14,6.446991404011461
Hyderabad,Diesel,Manual,First,20.0,5,3.9,Ford,Figo Diesel Titanium,13,4.8606147248034315
Ahmedabad,Diesel,Manual,First,24.3,5,8.0,Maruti,Vitara Brezza ZDi Plus,9,7.091346153846153
Chennai,Diesel,Manual,Third,22.32,5,4.0,Hyundai,Verna 1.6 SX,14,7.984829329962073
Mumbai,Petrol,Automatic,First,12.95,5,17.75,Hyundai,Tucson 2.0 Dual VTVT 2WD AT GL,10,7.647823911955978
Coimbatore,Diesel,Manual,First,21.1,5,5.05,Maruti,Ritz VDi,13,5.9214743589743595
Mumbai,Petrol,Automatic,First,10.8,5,12.0,Audi,A4 2.0 TFSI,15,6.653225806451612
Kochi,Diesel,Automatic,First,13.0,5,29.6,Mercedes-Benz,E-Class E250 CDI Launch Edition,10,9.519365375641623
Jaipur,Diesel,Manual,First,19.87,5,6.5,Renault,Duster 85PS Diesel RxE,11,5.7357973990417515
Mumbai,Petrol,Automatic,First,15.5,5,4.75,Honda,Amaze S AT i-Vtech,12,7.237061769616027
Coimbatore,Diesel,Automatic,First,9.0,5,24.36,Volvo,S60 D4 SUMMUM,10,9.122983870967742
Mumbai,Petrol,Manual,Second,17.5,5,3.2,Maruti,Swift Dzire 1.2 Lxi BSIV,15,7.167919799498747
Kolkata,Petrol,Manual,First,22.5,5,3.6,Maruti,Wagon R VXI,10,6.717434869739479
Coimbatore,Petrol,Manual,First,16.8,5,3.58,Maruti,Omni MPI STD BSIV,9,4.296482412060302
Delhi,Diesel,Manual,First,21.5,5,2.5,Maruti,SX4 VDI,15,7.115384615384615
Ahmedabad,Diesel,Manual,Second,23.5,5,3.5,Ford,Fiesta Titanium 1.5 TDCi,13,6.008010680907877
Delhi,Petrol,Automatic,First,19.16,5,25.0,Toyota,Camry Hybrid,11,6.343223736968724
Mumbai,Petrol,Manual,Second,22.5,5,1.75,Maruti,Wagon R VXI,16,6.717434869739479
Bangalore,Diesel,Automatic,First,11.0,5,10.0,Mercedes-Benz,E-Class E270 CDI,21,6.645463675929025
Jaipur,Petrol,Automatic,First,21.4,5,7.75,Maruti,Baleno Zeta Automatic,8,6.942355889724311
Hyderabad,Petrol,Manual,First,18.7,5,6.45,Honda,Jazz 1.2 VX i VTEC,10,7.397831526271894
Pune,Diesel,Automatic,First,15.4,7,10.0,Mahindra,Scorpio S10 AT 4WD,9,5.507113354749885
Mumbai,Petrol,Manual,First,16.47,5,4.5,Volkswagen,Polo 1.2 MPI Trendline,12,6.176961602671119
Kolkata,Petrol,Manual,First,17.0,5,3.4,Hyundai,i20 1.2 Era,11,6.683375104427736
Mumbai,Petrol,Automatic,First,12.1,5,4.5,Toyota,Camry W4 (AT),16,6.972904318374258
Hyderabad,Petrol,Manual,First,18.9,5,4.3,Maruti,Wagon R VXI,11,6.723446893787574
Pune,Diesel,Automatic,First,18.12,5,46.0,BMW,5 Series 2013-2017 520d M Sport,8,9.523809523809524
Chennai,Petrol,Automatic,First,24.07,5,3.4,Maruti,Alto K10 VXI AGS,10,6.723446893787574
Delhi,Diesel,Automatic,First,14.84,5,14.5,Mercedes-Benz,New C-Class 220 CDI AT,13,7.932804479701354
Delhi,Petrol,Manual,First,24.7,5,2.1,Maruti,Alto 800 2016-2019 LXI,13,5.942211055276381
Mumbai,Petrol,Manual,First,18.6,5,3.65,Maruti,Swift VXI,14,7.167919799498747
Kolkata,Petrol,Manual,First,18.2,5,3.0,Chevrolet,Sail Hatchback 1.2 LS ABS,12,6.8807339449541285
Ahmedabad,Diesel,Manual,Second,23.0,5,3.95,Hyundai,i20 Asta 1.4 CRDi (Diesel),17,6.446991404011461
Delhi,Diesel,Automatic,First,11.9,5,6.75,Skoda,Superb 2.5 TDi AT,14,6.538461538461537
Kochi,Diesel,Manual,First,21.43,5,6.53,Toyota,Corolla Altis D-4D G,13,6.392961876832845
Hyderabad,Diesel,Manual,First,13.0,7,22.0,Toyota,Fortuner 4x2 Manual,11,5.650570087189806
Pune,Petrol,Automatic,First,14.3,5,4.75,Skoda,Rapid 1.6 MPI AT Elegance,13,6.478097622027534
Mumbai,Petrol,Automatic,First,16.5,5,5.99,Honda,Brio 1.2 VX AT,9,7.245409015025041
Jaipur,Petrol,Manual,First,16.47,5,3.05,Volkswagen,Polo Petrol Comfortline 1.2L,15,6.168614357262104
Delhi,Petrol,Manual,First,16.47,5,2.4,Volkswagen,Polo Petrol Comfortline 1.2L,16,6.168614357262104
Pune,Petrol,Manual,Third,18.2,5,1.3,Maruti,Zen Estilo LXI BSIII,19,6.723446893787574
Kochi,Diesel,Manual,First,23.59,5,6.71,Toyota,Etios Cross 1.4L GD,10,4.916422287390029
Ahmedabad,Diesel,Manual,Second,15.1,7,7.2,Mahindra,XUV500 W8 2WD,12,6.424965580541533
Chennai,Petrol,Automatic,First,18.9,5,5.4,Hyundai,Grand i10 AT Asta,10,6.8504594820384295
Kochi,Diesel,Manual,First,22.7,5,6.63,Ford,Ecosport 1.5 DV5 MT Titanium Optional,11,5.9973297730307085
Coimbatore,Petrol,Automatic,First,18.0,5,14.21,Honda,City i-VTEC CVT ZX,8,7.83567134268537
Kolkata,Petrol,Manual,First,17.0,5,3.0,Honda,City 1.5 V MT,16,7.882431529726119
Kochi,Petrol,Manual,First,23.1,5,5.11,Maruti,Celerio ZXI MT,9,6.717434869739479
Pune,Petrol,Manual,First,15.04,5,3.39,Volkswagen,Vento Petrol Highline,15,6.483103879849812
Hyderabad,Diesel,Automatic,First,11.36,7,22.99,Toyota,Innova Crysta 2.8 ZX AT,9,6.2250453720508165
Delhi,Petrol,Manual,Second,18.5,5,2.35,Hyundai,i20 Magna,17,6.683375104427736
Kolkata,Diesel,Manual,First,23.2,5,2.85,Maruti,Ritz VDi,14,5.924679487179487
Delhi,Diesel,Automatic,First,17.68,5,18.5,Audi,A6 2011-2015 2.0 TDI Premium Plus,12,8.858231707317074
Bangalore,Petrol,Manual,First,13.24,5,5.99,Renault,Duster Petrol RxL,12,6.418648310387985
Hyderabad,Petrol,Manual,Second,13.5,5,3.0,Honda,Civic 2006-2010 1.8 V MT,18,7.226236798221233
Jaipur,Petrol,Manual,First,23.84,5,3.6,Tata,Tiago 1.2 Revotron XT,10,7.005838198498749
Hyderabad,Diesel,Automatic,First,16.55,5,24.0,Audi,A4 2.0 TDI,12,7.495426829268292
Coimbatore,Petrol,Manual,First,19.1,5,6.26,Maruti,Swift Dzire VXI,11,7.167919799498747
Hyderabad,Diesel,Manual,First,14.24,7,13.7,Toyota,Fortuner 2.8 4WD MT,16,6.333938294010889
Mumbai,Diesel,Automatic,First,15.26,5,35.0,Mercedes-Benz,M-Class ML 250 CDI,10,9.482034531031264
Kochi,Diesel,Manual,First,21.9,5,5.02,Hyundai,i20 Magna 1.4 CRDi,11,6.446991404011461
Mumbai,Petrol,Manual,First,21.5,5,3.1,Maruti,Wagon R VXI 1.2,11,6.83375104427736
Bangalore,Diesel,Manual,First,20.54,5,5.5,Volkswagen,Vento Diesel Highline,14,6.483103879849812
Kolkata,Petrol,Manual,First,19.1,5,3.59,Maruti,Swift Dzire VXI,12,7.167919799498747
Kolkata,Diesel,Manual,First,20.4,5,4.65,Fiat,Linea Emotion (Diesel),11,7.347756410256411
Bangalore,Petrol,Manual,Third,17.0,5,3.8,Honda,City 1.5 V MT,17,7.882431529726119
Hyderabad,Diesel,Manual,First,19.67,5,12.5,Hyundai,Creta 1.6 SX Plus Diesel,10,7.977243994943111
Hyderabad,Diesel,Manual,First,25.6,5,12.9,Honda,City i-DTEC ZX,9,6.582109479305741
Hyderabad,Petrol,Manual,First,14.0,5,2.35,Maruti,Omni 8 Seater BSIV,11,4.396984924623116
Chennai,Petrol,Manual,First,20.4,5,4.15,Maruti,Swift LXI Option,11,6.83375104427736
Coimbatore,Diesel,Automatic,First,14.0,5,22.58,Mercedes-Benz,M-Class ML 350 CDI Corporate,14,7.499163039839303
Ahmedabad,Petrol,Manual,First,24.7,5,2.65,Maruti,Alto 800 2016-2019 LXI,10,5.942211055276381
Delhi,Petrol,Manual,Second,15.6,5,2.25,Ford,Figo Petrol Titanium,16,5.852842809364549
Hyderabad,Diesel,Manual,First,13.68,7,16.0,Toyota,Innova Crysta 2.4 G MT,10,6.176347680735479
Mumbai,Diesel,Automatic,First,18.48,5,19.5,BMW,5 Series 2003-2012 520d,13,8.87218045112782
Bangalore,Diesel,Automatic,First,13.01,7,21.0,Hyundai,Santa Fe 4WD AT,11,8.835834470213735
Ahmedabad,Diesel,Automatic,Second,22.48,5,17.5,BMW,5 Series 520d Luxury Line,14,9.523809523809524
Hyderabad,Diesel,Manual,Second,17.8,5,2.41,Ford,Fiesta EXi 1.4 TDCi Ltd,16,4.8606147248034315
Bangalore,Diesel,Manual,Second,23.59,5,4.45,Toyota,Etios GD,14,8.304757605056455
Coimbatore,Diesel,Automatic,Second,12.7,5,29.93,Land,Rover Range Rover 2.2L Prestige,12,8.614043139054612
Kolkata,Petrol,Manual,First,19.7,5,1.02,Maruti,Alto LX,17,5.816582914572864
Jaipur,Diesel,Manual,First,11.5,7,11.0,Toyota,Fortuner 3.0 Diesel,17,5.734406438631791
Pune,Diesel,Manual,Second,0.0,10,3.5,Toyota,Qualis RS E2,22,4.631107675100983
Mumbai,Petrol,Manual,First,15.8,5,5.35,Ford,Ecosport 1.5 Ti VCT MT Titanium,13,7.338225483655771
Mumbai,Petrol,Manual,First,21.4,5,5.65,Maruti,Baleno Sigma 1.2,9,6.942355889724311
Mumbai,Diesel,Automatic,First,23.8,5,22.0,Mini,Cooper Countryman D High,11,5.605605605605605
Mumbai,Petrol,Automatic,First,17.01,5,5.95,Hyundai,Verna 1.6 VTVT EX AT,13,7.630421118793213
Pune,Diesel,Manual,Third,20.0,5,2.35,Ford,Figo Diesel Titanium,15,4.8606147248034315
Pune,Diesel,Manual,Second,25.8,5,4.1,Honda,Amaze S i-Dtech,12,6.582109479305741
Pune,Diesel,Manual,First,19.01,5,5.4,Renault,Duster 110PS Diesel RxZ,14,7.42299794661191
Delhi,Diesel,Manual,First,23.0,5,8.45,Ford,EcoSport 1.5 Diesel Titanium,9,6.606141522029373
Jaipur,Diesel,Automatic,Second,11.2,4,42.5,BMW,X6 xDrive30d,13,8.052121617106582
Mumbai,Diesel,Manual,First,14.24,7,10.75,Toyota,Fortuner 2.8 4WD MT,16,6.333938294010889
Kochi,Diesel,Automatic,First,11.18,7,11.03,Mahindra,Ssangyong Rexton RX7,11,6.824925816023739
Kolkata,Petrol,Manual,First,23.1,5,3.5,Maruti,Celerio VXI,10,6.717434869739479
Jaipur,Petrol,Manual,First,18.6,5,6.3,Hyundai,i20 Sportz 1.2,10,6.836257309941521
Bangalore,Petrol,Manual,First,18.88,5,6.75,Ford,EcoSport 1.0 Ecoboost Titanium Plus,12,12.336336336336336
Jaipur,Diesel,Manual,First,26.21,5,7.5,Maruti,Ciaz VDi,9,7.091346153846153
Pune,Diesel,Automatic,First,17.11,5,15.5,Audi,A4 2.0 TDI 177 Bhp Premium Plus,13,8.858231707317074
Delhi,Petrol,Manual,First,18.0,5,4.65,Honda,Amaze S i-Vtech,11,7.237061769616027
Kochi,Petrol,Automatic,First,15.63,5,7.58,Ford,EcoSport 1.5 Ti VCT AT Titanium,10,7.364909939959974
Hyderabad,Petrol,Manual,First,20.92,5,2.2,Maruti,Alto K10 2010-2014 VXI,13,6.723446893787574
Bangalore,Diesel,Automatic,Third,16.77,5,21.0,Audi,A6 3.0 TDI quattro,15,8.135490394337715
Kolkata,Diesel,Automatic,First,18.33,5,5.25,Volkswagen,Passat Diesel Highline 2.0 TDI,15,8.521341463414632
Kochi,Diesel,Manual,First,28.4,5,5.22,Maruti,Swift VDI,10,5.929487179487179
Chennai,Diesel,Manual,Third,19.2,5,2.0,Mahindra,Logan Diesel 1.5 DLS,15,4.4490075290896645
Kochi,Petrol,Manual,First,21.56,5,9.18,Maruti,Ciaz Alpha,8,7.062243502051984
Coimbatore,Petrol,Manual,First,26.0,4,1.74,Tata,Nano Lx,13,5.6089743589743595
Delhi,Petrol,Automatic,First,16.8,5,4.45,Honda,City 1.5 V AT,15,7.882431529726119
Coimbatore,Petrol,Manual,First,18.16,5,4.95,Ford,Figo 2015-2019 1.2P Trend MT,9,7.25752508361204
Delhi,Diesel,Manual,First,22.54,5,5.64,Hyundai,i20 Sportz 1.4 CRDi,12,6.356017191977077
Mumbai,Petrol,Manual,First,18.88,5,6.9,Ford,EcoSport 1.5 Ti VCT MT Titanium BE,10,7.364909939959974
Hyderabad,Diesel,Automatic,First,16.55,5,13.95,Audi,A4 2.0 TDI,15,7.495426829268292
Hyderabad,Diesel,Automatic,Second,20.58,5,17.0,BMW,1 Series 118d Sport Line,13,7.167919799498747
Bangalore,Diesel,Manual,Second,13.93,7,4.6,Tata,Safari DICOR 2.2 LX 4x2,14,6.334557136301056
Jaipur,Diesel,Manual,Second,12.05,8,5.21,Mahindra,Scorpio VLX 4WD AIRBAG BSIV,16,5.507113354749885
Coimbatore,Petrol,Manual,First,15.29,5,12.34,Hyundai,Creta 1.6 SX Plus Dual Tone Petrol,9,7.6241357636706475
Chennai,Petrol,Manual,First,16.9,5,1.5,Honda,City ZX VTEC,20,6.6800267201068815
Delhi,Diesel,Automatic,First,17.05,5,22.99,BMW,X1 sDrive 20d Sportline,11,9.223057644110275
Mumbai,Petrol,Automatic,First,9.0,2,43.0,Porsche,Cayman 2009-2012 S tiptronic,15,3.2967664066638545
Hyderabad,Diesel,Automatic,First,14.7,6,40.0,Land,Rover Range Rover Sport 2005 2012 HSE,16,8.0654861343134
Chennai,Petrol,Manual,Third,19.7,5,1.2,Maruti,Alto LXi BSIII,18,5.816582914572864
Mumbai,Petrol,Automatic,First,19.2,5,2.9,Hyundai,i10 Asta Sunroof AT,15,6.683375104427736
Delhi,Petrol,Automatic,First,14.62,5,13.9,Hyundai,Elantra 2.0 SX Option AT,10,7.499749874937469
Delhi,Diesel,Manual,Second,28.09,5,7.85,Maruti,Ciaz RS ZDi Plus SHVS,10,7.091346153846153
Coimbatore,Diesel,Automatic,First,15.3,5,54.45,BMW,X5 xDrive 30d,10,8.620113598396257
Kolkata,Diesel,Manual,First,13.58,9,4.75,Chevrolet,Tavera LT 9 Str BS IV,14,3.12124849939976
Mumbai,Diesel,Manual,First,20.64,5,3.25,Volkswagen,Vento 1.5 TDI Trendline,15,7.242990654205607
Mumbai,Petrol,Manual,First,17.8,5,7.1,Honda,City i VTEC V,11,7.83567134268537
Kolkata,Petrol,Manual,First,20.4,5,4.65,Maruti,Swift VXI BSIV,9,6.83375104427736
Kolkata,Diesel,Manual,First,19.33,5,5.0,Volkswagen,Jetta 2012-2014 2.0L TDI Comfortline,14,7.017276422764228
Delhi,Petrol,Manual,First,18.6,5,4.95,Hyundai,i20 Sportz 1.2,11,6.836257309941521
Bangalore,Diesel,Manual,First,15.1,7,9.8,Mahindra,XUV500 W8 2WD,12,6.424965580541533
Coimbatore,Diesel,Automatic,First,18.0,5,78.8,Mercedes-Benz,E-Class E 350 d,7,8.637428858386341
Kolkata,Petrol,Manual,First,23.1,5,2.99,Maruti,Celerio LXI,11,6.717434869739479
Mumbai,Petrol,Manual,First,15.04,5,4.45,Volkswagen,Vento 1.6 Highline,12,6.458072590738423
Pune,Petrol,Manual,Second,23.9,4,0.75,Tata,Nano XT,15,6.0064102564102555
Chennai,Diesel,Manual,Second,22.77,5,5.0,Ford,EcoSport 1.5 TDCi Titanium,12,6.5814419225634175
Coimbatore,Petrol,Automatic,First,14.62,5,9.69,Hyundai,Elantra 2.0 SX Option AT,11,7.499749874937469
Coimbatore,Diesel,Manual,First,18.2,8,5.5,Chevrolet,Enjoy 1.3 TCDi LTZ 8,11,5.908653846153846
Chennai,Diesel,Automatic,First,15.97,5,65.0,BMW,X5 xDrive 30d M Sport,9,8.620113598396257
Jaipur,Diesel,Manual,First,20.14,5,5.11,Volkswagen,Polo 1.5 TDI Highline,11,5.9279038718291055
Mumbai,Petrol,Manual,First,16.25,5,2.19,Skoda,Fabia 1.2 MPI Ambition Plus,14,6.260434056761269
Chennai,Diesel,Manual,First,20.54,5,4.25,Volkswagen,Vento Diesel Comfortline,14,6.483103879849812
Hyderabad,Diesel,Automatic,First,11.18,7,14.5,Mahindra,Ssangyong Rexton RX7,13,6.824925816023739
Mumbai,Diesel,Manual,First,19.87,5,5.65,Nissan,Terrano XL D Option,12,5.690622861054073
Ahmedabad,Diesel,Automatic,Second,12.9,7,22.5,Toyota,Fortuner 2.8 2WD AT,10,6.333938294010889
Jaipur,Petrol,Automatic,Second,11.3,5,1.5,Toyota,Corolla H4,22,6.967670011148272
Kochi,Petrol,Manual,First,20.36,5,3.2,Hyundai,i10 Sportz,14,6.591478696741855
Bangalore,Diesel,Manual,First,23.0,5,4.5,Hyundai,i20 1.4 CRDi Sportz,14,6.446991404011461
Pune,Diesel,Manual,Second,25.8,5,4.5,Honda,Amaze S i-Dtech,12,6.582109479305741
Jaipur,Diesel,Automatic,First,22.32,5,8.0,Hyundai,Verna 1.6 SX CRDI (O) AT,12,7.984829329962073
Mumbai,Diesel,Automatic,First,17.9,5,28.9,Mercedes-Benz,GLA Class 200 d Sport,8,6.346243583761082
Coimbatore,Diesel,Manual,First,20.14,5,4.1,Volkswagen,Polo 1.5 TDI Trendline,11,5.9279038718291055
Hyderabad,Petrol,Automatic,First,0.0,5,2.3,Hyundai,Santro AT,20,11.339028401698704
Kochi,Petrol,Automatic,First,21.4,5,7.22,Maruti,Baleno Zeta Automatic,9,6.942355889724311
Hyderabad,Diesel,Manual,First,22.9,5,5.8,Maruti,Swift VDI,12,5.929487179487179
Chennai,Diesel,Manual,Second,14.0,8,3.5,Mahindra,Xylo D2 BSIV,13,3.816793893129771
Bangalore,Diesel,Manual,Second,22.7,5,6.35,Ford,Ecosport 1.5 DV5 MT Trend,13,5.9973297730307085
Delhi,Diesel,Manual,First,15.1,7,8.85,Mahindra,XUV500 W8 2WD,11,6.424965580541533
Hyderabad,Petrol,Manual,Second,18.6,5,2.0,Chevrolet,Beat LS,16,6.622185154295246
Bangalore,Petrol,Manual,First,17.01,5,5.5,Hyundai,Verna 1.6 VTVT,14,7.6241357636706475
Kolkata,Petrol,Manual,Second,18.9,5,2.3,Hyundai,Grand i10 Asta,12,6.8504594820384295
Bangalore,Diesel,Manual,First,19.01,5,7.95,Renault,Duster 110PS Diesel RxZ,12,7.42299794661191
Coimbatore,Petrol,Manual,First,19.1,5,6.16,Hyundai,Xcent 1.2 Kappa S Option,10,6.838763575605681
Delhi,Petrol,Manual,First,20.36,5,2.85,Hyundai,i10 Sportz,14,6.591478696741855
Delhi,Petrol,Automatic,First,13.7,5,25.0,Mercedes-Benz,GLA Class 200 Sport Edition,10,9.191361125062784
Coimbatore,Diesel,Manual,First,15.8,5,10.36,Mercedes-Benz,New C-Class 220 CDI MT,18,7.9143389199255125
Delhi,Petrol,Automatic,First,15.04,5,26.0,Mercedes-Benz,CLA 200 Sport Edition,10,9.191361125062784
Kolkata,Diesel,Manual,First,22.32,5,4.35,Hyundai,Verna 1.6 SX CRDi (O),13,7.984829329962073
Chennai,Diesel,Manual,First,14.95,9,4.5,Mahindra,Xylo D2 Maxx,10,3.7645640819606268
Delhi,Diesel,Manual,First,26.59,5,5.0,Maruti,Swift Dzire LDI,11,5.929487179487179
Ahmedabad,Petrol,Manual,First,20.36,5,3.67,Hyundai,i10 Sportz,12,6.591478696741855
Delhi,Diesel,Manual,First,14.0,7,6.0,Tata,Safari Storme Explorer Edition,12,6.3377696190913255
Coimbatore,Petrol,Manual,First,18.9,5,6.34,Hyundai,Grand i10 Asta,8,6.8504594820384295
Chennai,Petrol,Automatic,Second,16.82,4,22.0,Mini,Cooper Convertible S,14,9.463463463463464
Delhi,Petrol,Manual,Second,13.4,5,1.67,Toyota,Corolla H5,20,6.967670011148272
Kolkata,Petrol,Manual,First,14.28,5,7.95,Toyota,Corolla Altis G MT,12,7.676863181312569
Kochi,Petrol,Manual,First,10.4,5,9.74,Maruti,Grand Vitara 2.4 MT,8,6.832427914751358
Chennai,Diesel,Manual,Second,16.0,7,6.0,Mahindra,XUV500 W8 1.99 mHawk,15,7.01051577366049
Mumbai,Petrol,Automatic,First,17.44,4,21.5,Mini,Cooper 3 DOOR S,13,9.463463463463464
Jaipur,Diesel,Manual,Second,21.1,5,2.35,Maruti,Ritz VDi,17,5.9214743589743595
Delhi,Diesel,Manual,Second,22.07,5,2.65,Volkswagen,Polo Diesel Comfortline 1.2L,14,6.163469557964971
Kochi,Petrol,Manual,First,20.36,5,3.16,Hyundai,i10 Magna,15,6.591478696741855
Jaipur,Petrol,Manual,Second,19.0,5,2.05,Maruti,A-Star Vxi,17,6.623246492985971
Hyderabad,Petrol,Manual,First,20.51,5,3.9,Maruti,Wagon R Stingray LXI,12,6.717434869739479
Coimbatore,Diesel,Manual,Second,24.2,7,6.68,Honda,Mobilio S i DTEC,9,6.582109479305741
Jaipur,Petrol,Manual,Second,21.1,5,3.5,Hyundai,EON Era Plus,9,6.781326781326781
Mumbai,Petrol,Automatic,First,14.84,5,8.11,Skoda,Rapid 1.6 MPI AT Ambition,9,6.478097622027534
Delhi,Diesel,Manual,First,28.09,5,8.3,Maruti,Ciaz VDi Plus SHVS,9,7.091346153846153
Coimbatore,Diesel,Automatic,First,15.26,5,45.61,Mercedes-Benz,M-Class ML 250 CDI,10,9.482034531031264
Pune,Diesel,Automatic,First,20.0,5,4.45,Skoda,Laura Elegance 2.0 TDI CR AT,16,7.017276422764228
Delhi,Diesel,Manual,First,24.3,5,7.85,Maruti,Vitara Brezza VDi Option,9,7.091346153846153
Kolkata,Diesel,Manual,First,24.0,5,3.75,Hyundai,Grand i10 CRDi Sportz,12,6.25
Delhi,Diesel,Manual,First,25.47,7,7.65,Maruti,Ertiga VDI,9,7.091346153846153
Ahmedabad,Petrol,Manual,First,17.0,5,4.9,Hyundai,i20 1.2 Sportz,13,6.683375104427736
Coimbatore,Diesel,Automatic,First,16.0,7,16.52,Mahindra,XUV500 AT W10 FWD,8,6.424965580541533
Kochi,Petrol,Automatic,First,13.7,5,14.05,Skoda,Superb Elegance 1.8 TSI AT,10,8.773637374860957
Kochi,Petrol,Manual,First,20.73,5,6.75,Maruti,Ciaz VXi Plus,10,6.635105608157319
Kolkata,Diesel,Manual,First,19.67,5,9.2,Hyundai,Creta 1.6 CRDi SX,10,7.977243994943111
Chennai,Diesel,Manual,Third,23.59,5,3.0,Toyota,Etios GD,14,8.304757605056455
Chennai,Petrol,Manual,Second,17.0,5,2.75,Honda,City 1.5 S MT,18,7.882431529726119
Hyderabad,Diesel,Manual,First,13.5,7,20.5,Ford,Endeavour 2.2 Trend MT 4X4,10,7.174704276615104
Pune,Diesel,Manual,First,21.9,5,4.25,Hyundai,i20 2015-2017 1.4 Magna ABS,14,6.446991404011461
Kolkata,Petrol,Manual,First,17.0,5,6.0,Ford,EcoSport 1.5 Petrol Trend,10,8.10688042752171
Coimbatore,Petrol,Manual,Second,17.0,5,6.0,Hyundai,i20 1.2 Sportz,11,6.683375104427736
Ahmedabad,Petrol,Manual,First,16.1,5,2.41,Maruti,Swift VXI BSIII,18,6.79506933744222
Hyderabad,Petrol,Automatic,First,19.0,5,7.25,Honda,Jazz V CVT,11,7.397831526271894
Kochi,Diesel,Manual,First,11.1,7,23.65,Volvo,XC90 2007-2015 D5 AWD,12,8.333333333333332
Delhi,Petrol,Manual,First,21.4,5,6.5,Maruti,Baleno Alpha 1.2,10,6.942355889724311
Kochi,Diesel,Automatic,Second,17.9,5,18.06,Mercedes-Benz,GLA Class 200 CDI SPORT,9,6.346243583761082
Hyderabad,Petrol,Manual,First,25.17,5,3.2,Renault,KWID RXT,10,6.670838548185232
Coimbatore,Petrol,Manual,First,18.16,5,6.42,Ford,Figo 2015-2019 1.2P Titanium Opt MT,9,7.25752508361204
Jaipur,Diesel,Manual,First,13.0,7,23.0,Toyota,Fortuner 4x2 Manual,11,5.650570087189806
Chennai,Petrol,Manual,First,17.0,5,5.9,Honda,City 1.5 S MT,13,7.882431529726119
Pune,Diesel,Manual,First,15.4,7,7.75,Mahindra,Scorpio S2 7 Seater,12,2.972651605231867
Hyderabad,Diesel,Automatic,First,13.2,5,15.0,BMW,3 Series 320d,14,8.521303258145362
Jaipur,Diesel,Manual,First,24.3,5,9.0,Maruti,Vitara Brezza ZDi Plus,9,7.091346153846153
Delhi,Petrol,Automatic,First,11.74,5,11.5,Mercedes-Benz,New C-Class C 200 CGI Elegance,15,10.356347438752785
Kolkata,Petrol,Manual,Second,17.01,5,6.2,Hyundai,Verna 1.6 VTVT,14,7.6241357636706475
Kochi,Diesel,Manual,First,24.0,5,5.92,Hyundai,Grand i10 1.2 CRDi Sportz,9,6.236930860033726
Kolkata,Diesel,Manual,First,20.14,5,6.29,Volkswagen,Polo 1.5 TDI Highline,10,5.874499332443257
Kochi,Petrol,Manual,First,18.0,5,4.12,Honda,Amaze S i-Vtech,12,7.237061769616027
Pune,Petrol,Automatic,Third,10.1,5,3.8,Honda,CR-V 2.4 AT,19,6.457094307561598
Ahmedabad,Petrol,Manual,First,17.92,5,2.7,Hyundai,Santro Xing GL Plus,12,5.718232044198896
Coimbatore,Diesel,Automatic,First,15.0,5,20.28,Mercedes-Benz,B Class B200 CDI,9,5.006999533364443
Delhi,Petrol,Manual,First,18.0,5,3.9,Honda,Amaze S i-Vtech,12,7.237061769616027
Pune,Diesel,Automatic,Second,12.55,7,16.5,Toyota,Fortuner 4x2 AT,12,5.650570087189806
Pune,Petrol,Manual,First,17.01,5,3.7,Hyundai,Verna 1.6 VTVT,15,7.6241357636706475
Delhi,Diesel,Automatic,First,10.5,4,79.0,Jaguar,XJ 3.0L Portfolio,10,9.062145005011695
Mumbai,Diesel,Automatic,First,22.69,5,17.99,BMW,3 Series 320d,13,9.523809523809524
Jaipur,Diesel,Manual,First,21.9,5,3.9,Hyundai,i20 Magna 1.4 CRDi (Diesel),13,6.358166189111748
Chennai,Diesel,Manual,First,18.5,5,3.12,Ford,Figo Diesel EXI Option,14,4.8606147248034315
Pune,Petrol,Manual,First,14.0,5,1.65,Maruti,Wagon R LXI BSIII,19,6.032045240339302
Kolkata,Petrol,Manual,First,19.1,5,3.5,Hyundai,Xcent 1.2 Kappa S Option,11,6.838763575605681
Chennai,Diesel,Manual,Second,14.02,7,4.85,Mahindra,Xylo H4,11,5.429095915557594
Coimbatore,Diesel,Automatic,First,19.27,5,39.22,Mercedes-Benz,New C-Class C 220d Avantgarde Edition C,8,7.821745216985534
Kolkata,Petrol,Manual,Second,20.36,5,2.0,Hyundai,i10 Magna,19,6.591478696741855
Mumbai,Diesel,Manual,Second,11.5,7,10.45,Toyota,Fortuner 3.0 Diesel,16,5.734406438631791
Chennai,Petrol,Automatic,First,19.16,5,27.0,Toyota,Camry Hybrid,10,6.343223736968724
Kolkata,Diesel,Manual,First,20.0,5,2.25,Ford,Figo Diesel ZXI,15,4.8606147248034315
Kolkata,Petrol,Manual,First,19.1,5,3.45,Hyundai,Xcent 1.2 Kappa S Option,12,6.838763575605681
Kochi,Petrol,Manual,First,18.6,5,6.14,Hyundai,i20 Sportz 1.2,10,6.836257309941521
Hyderabad,Diesel,Manual,First,28.4,5,4.0,Maruti,Dzire VDI,15,5.909455128205128
Kolkata,Petrol,Manual,First,17.0,5,2.59,Honda,City 1.5 S MT,16,7.882431529726119
Delhi,Diesel,Manual,First,27.39,5,6.96,Maruti,Baleno Delta 1.3,9,5.929487179487179
Kolkata,Petrol,Manual,First,18.3,5,2.19,Toyota,Etios Liva G,15,9.463399643522976
Jaipur,Petrol,Manual,First,21.1,5,3.0,Hyundai,EON Era Plus,10,6.781326781326781
Delhi,Diesel,Manual,First,20.14,5,3.6,Volkswagen,Polo 1.5 TDI Highline,14,5.874499332443257
Coimbatore,Diesel,Manual,Second,25.44,5,3.7,Chevrolet,Beat Diesel LS,12,6.153846153846154
Ahmedabad,Diesel,Automatic,First,22.48,5,21.75,BMW,5 Series 520d Luxury Line,13,9.523809523809524
Mumbai,Diesel,Automatic,First,17.9,5,45.0,Mercedes-Benz,GLC 220d 4MATIC Sport,9,7.932804479701354
Coimbatore,Petrol,Manual,Second,24.07,5,3.19,Maruti,Alto K10 VXI,15,6.723446893787574
Coimbatore,Petrol,Manual,First,20.14,5,6.2,Hyundai,Xcent 1.2 VTVT S,11,6.838763575605681
Coimbatore,Petrol,Manual,First,19.81,5,3.96,Hyundai,i10 Magna 1.1,13,6.266114180478821
Kolkata,Diesel,Manual,First,13.5,5,0.82,Tata,Indica DLS,17,8.062412365335945
Jaipur,Diesel,Manual,First,23.4,5,4.5,Maruti,Swift Dzire Tour LDI,10,5.929487179487179
Mumbai,Diesel,Manual,First,25.4,5,3.55,Hyundai,Xcent 1.2 CRDi E Plus,9,6.236930860033726
Chennai,Diesel,Manual,First,22.71,5,5.5,Nissan,Sunny Diesel XV,12,5.804243668720054
Mumbai,Petrol,Manual,First,15.8,5,10.25,Hyundai,Creta 1.6 SX Option,10,7.6241357636706475
Delhi,Diesel,Automatic,First,12.9,7,30.0,Toyota,Fortuner 2.8 2WD AT,9,6.333938294010889
Pune,Petrol,Manual,Second,18.5,5,3.5,Maruti,Ritz VXi,12,7.167919799498747
Delhi,Diesel,Manual,First,23.08,5,3.1,Renault,Pulse RxL,12,4.3203285420944555
Hyderabad,Petrol,Manual,First,17.5,5,3.25,Skoda,Fabia 1.2 MPI Ambiente Petrol,16,6.260434056761269
Mumbai,Diesel,Manual,First,23.0,5,8.99,Ford,EcoSport 1.5 Diesel Titanium,9,6.606141522029373
Kolkata,Petrol,Manual,First,15.04,5,3.99,Volkswagen,Vento Petrol Comfortline,11,6.483103879849812
Mumbai,Diesel,Manual,Second,19.01,5,6.0,Nissan,Terrano XV 110 PS,11,7.426420260095824
Mumbai,Diesel,Automatic,First,15.73,5,18.25,Audi,Q3 2012-2015 35 TDI Quattro Premium,11,8.858231707317074
Delhi,Diesel,Manual,First,12.99,7,7.75,Toyota,Innova 2.5 GX (Diesel) 7 Seater,14,4.0096230954290295
Delhi,Petrol,Manual,Second,17.57,5,4.5,Tata,Zest Revotron 1.2T XE,9,7.435037720033528
Bangalore,Diesel,Manual,First,11.5,7,16.75,Toyota,Fortuner 3.0 Diesel,12,5.734406438631791
Pune,Diesel,Automatic,First,16.09,5,17.5,BMW,X3 xDrive20d,14,9.223057644110275
Chennai,Diesel,Manual,First,22.7,5,7.7,Maruti,SX4 S Cross DDiS 320 Zeta,10,7.3842302878598245
Pune,Petrol,Manual,Second,17.0,5,4.45,Honda,City 1.5 S MT,14,7.882431529726119
Jaipur,Diesel,Manual,First,26.59,5,5.25,Maruti,Swift Dzire LDI,11,5.929487179487179
Kochi,Diesel,Automatic,First,22.69,5,33.66,BMW,3 Series 320d M Sport,9,9.523809523809524
Chennai,Petrol,Automatic,Second,19.34,5,2.8,Nissan,Micra XV CVT,13,6.3439065108514185
Coimbatore,Petrol,Automatic,First,21.4,5,8.47,Maruti,Baleno Zeta Automatic,8,6.942355889724311
Coimbatore,Diesel,Manual,First,26.21,5,9.32,Maruti,Ciaz ZDi Plus,8,7.091346153846153
Coimbatore,Diesel,Automatic,First,17.9,5,27.43,Mercedes-Benz,CLA 200 CDI Style,9,6.346243583761082
Delhi,Diesel,Manual,First,24.5,7,6.5,Honda,Mobilio RS i DTEC,11,6.582109479305741
Delhi,Diesel,Manual,First,12.99,8,9.5,Toyota,Innova 2.5 GX (Diesel) 8 Seater,12,4.033680834001604
Kochi,Diesel,Automatic,First,14.74,5,31.8,Jaguar,XF 3.0 Litre S Premium Luxury,11,9.05111927831607
Chennai,Petrol,Manual,Second,17.6,5,4.2,Toyota,Etios Petrol TRD Sportivo,13,5.935828877005347
Kochi,Diesel,Manual,First,25.44,5,3.85,Chevrolet,Beat Diesel LS,13,6.153846153846154
Delhi,Petrol,Manual,Second,12.8,5,6.0,Honda,Accord 2.4 M/T,14,7.544604927782498
Hyderabad,Petrol,Manual,First,19.7,5,1.65,Maruti,Alto LXi,19,5.816582914572864
Bangalore,Diesel,Automatic,First,19.3,5,14.5,Skoda,Octavia Ambition 2.0 TDI AT,13,7.164634146341463
Delhi,Diesel,Manual,First,12.8,7,7.1,Toyota,Innova 2.5 V Diesel 7-seater,15,4.0898155573376105
Chennai,Diesel,Automatic,First,17.11,5,28.0,Audi,A4 35 TDI Premium Sport,10,8.858231707317074
Kochi,Diesel,Manual,First,24.3,5,9.38,Maruti,Vitara Brezza ZDi Plus Dual Tone,9,7.091346153846153
Kochi,Petrol,Manual,First,18.9,5,4.78,Hyundai,Grand i10 Sportz,10,6.8504594820384295
Chennai,Petrol,Manual,Second,13.4,5,1.7,Toyota,Corolla DX,23,6.967670011148272
Coimbatore,Diesel,Automatic,First,17.6,7,17.85,Tata,Hexa XTA,7,7.061037173015146
Pune,Petrol,Manual,Second,17.0,5,2.75,Hyundai,i20 2015-2017 1.2 Asta,16,6.683375104427736
Mumbai,Petrol,Manual,First,17.01,5,5.95,Hyundai,Verna 1.6 SX VTVT,12,7.6241357636706475
Mumbai,Petrol,Manual,First,14.0,5,1.5,Maruti,Omni 8 Seater BSIV,15,4.396984924623116
Kochi,Petrol,Manual,First,24.7,5,3.8,Maruti,Alto 800 2016-2019 VXI,7,5.942211055276381
Bangalore,Diesel,Automatic,First,19.27,5,38.5,Mercedes-Benz,New C-Class C 220d Avantgarde Edition C,9,7.821745216985534
Jaipur,Petrol,Manual,First,19.81,5,2.15,Hyundai,i10 Era 1.1,15,6.266114180478821
Mumbai,Petrol,Automatic,Second,14.67,5,3.75,Skoda,Superb Style 1.8 TSI AT,16,9.869855394883203
Mumbai,Diesel,Automatic,First,21.5,5,8.95,Volkswagen,Vento 1.5 TDI Highline AT,10,7.242990654205607
Hyderabad,Diesel,Manual,First,17.8,5,5.0,Maruti,Swift VDI BSIV,13,9.076674177321317
Pune,Petrol,Manual,First,14.8,5,2.95,Honda,Civic 2010-2013 1.8 V MT,16,7.237354085603112
Coimbatore,Petrol,Automatic,First,12.05,5,10.49,BMW,3 Series 320i Sedan,16,7.719298245614035
Hyderabad,Petrol,Manual,Second,17.92,5,1.85,Hyundai,Santro Xing GLS,19,5.718232044198896
Hyderabad,Diesel,Manual,First,17.8,5,6.45,Maruti,Swift VDI BSIV,10,9.076674177321317
Jaipur,Petrol,Automatic,First,11.1,5,5.25,Honda,Accord 2001-2003 2.3 VTi L AT,17,6.032285471537808
Kolkata,Diesel,Manual,First,20.77,7,5.99,Maruti,Ertiga VDI,12,7.112179487179487
Kochi,Diesel,Manual,First,18.6,5,3.82,Ford,Fiesta Classic 1.4 Duratorq LXI,11,4.827089337175792
Hyderabad,Diesel,Automatic,First,12.07,7,39.0,Audi,Q7 3.0 TDI Quattro Premium Plus,14,8.136164475901584
Coimbatore,Diesel,Automatic,First,17.11,5,25.75,Audi,A4 35 TDI Premium,10,8.858231707317074
Hyderabad,Diesel,Manual,First,22.3,5,2.2,Tata,Indica Vista Quadrajet VX,14,5.929487179487179
Chennai,Diesel,Manual,Second,18.1,5,2.0,Hyundai,Verna CRDi ABS,18,7.367716008037509
Mumbai,Diesel,Automatic,First,16.1,5,56.5,Mercedes-Benz,E-Class E 220 d,8,9.948717948717949
Mumbai,Diesel,Automatic,Second,22.69,5,21.0,BMW,3 Series 320d Luxury Line,12,9.523809523809524
Ahmedabad,Diesel,Manual,First,24.0,5,4.0,Hyundai,Grand i10 CRDi Asta,12,6.25
Coimbatore,Petrol,Automatic,First,16.95,5,3.83,Hyundai,i10 Sportz AT,15,6.591478696741855
Kochi,Petrol,Manual,First,16.1,5,5.89,Maruti,Swift VXi BSIV,10,7.101086048454469
Kolkata,Petrol,Manual,First,17.92,5,1.36,Hyundai,Santro Xing GLS,16,5.718232044198896
Delhi,Diesel,Automatic,Second,17.54,4,44.0,BMW,6 Series Gran Coupe,13,10.457734714333444
Bangalore,Petrol,Manual,First,17.43,5,8.0,Hyundai,Verna 1.4 VTVT,10,7.5573065902578795
Ahmedabad,Diesel,Manual,First,23.4,5,4.25,Maruti,Swift Dzire ZDI,14,5.929487179487179
Pune,Diesel,Manual,First,28.4,5,6.0,Maruti,Swift VDI,8,5.929487179487179
Kochi,Diesel,Automatic,First,19.5,5,16.61,Skoda,Octavia 2.0 TDI AT Style Plus,10,7.164634146341463
Coimbatore,Diesel,Manual,First,19.6,5,7.26,Renault,Duster 110PS Diesel RxL,13,7.42299794661191
Bangalore,Diesel,Manual,First,10.5,8,4.0,Mahindra,Scorpio 2.6 CRDe,21,5.507113354749885
Ahmedabad,Diesel,Automatic,First,18.12,5,34.51,BMW,5 Series 2013-2017 520d Luxury Line,10,9.523809523809524
Chennai,Petrol,Manual,Third,17.3,5,0.95,Maruti,Wagon R VXI BSIII,23,6.032045240339302
Hyderabad,Petrol,Manual,First,14.0,5,2.2,Maruti,Wagon R LXI BSIII,19,6.032045240339302
Mumbai,Petrol,Manual,First,18.6,5,5.75,Hyundai,i20 Sportz 1.2,9,6.836257309941521
Delhi,Diesel,Automatic,First,18.0,7,36.75,Land,Rover Discovery SE 3.0 TD6,10,8.51987971934514
Hyderabad,Petrol,Automatic,Second,11.7,5,10.0,Mercedes-Benz,New C-Class 230 Avantgarde,17,9.910913140311804
Mumbai,Diesel,Manual,First,21.64,5,4.05,Nissan,Sunny 2011-2014 Diesel XV,14,5.804243668720054
Hyderabad,Diesel,Automatic,First,12.07,7,22.0,Audi,Q7 3.0 TDI quattro,15,8.136164475901584
Coimbatore,Diesel,Automatic,First,17.9,5,27.87,Mercedes-Benz,CLA 200 CDI Sport,9,6.346243583761082
Kolkata,Diesel,Manual,First,24.3,5,8.75,Maruti,Vitara Brezza ZDi,8,7.091346153846153
Hyderabad,Diesel,Manual,First,19.3,5,4.79,Maruti,Swift Dzire Vdi BSIV,10,5.9214743589743595
Coimbatore,Diesel,Manual,First,21.13,5,11.92,Skoda,Rapid 1.5 TDI Ambition,8,7.236315086782377
Coimbatore,Diesel,Automatic,Second,12.07,7,53.11,Audi,Q7 35 TDI Quattro Technology,10,8.136164475901584
Jaipur,Petrol,Manual,First,18.9,5,1.15,Maruti,Wagon R LXI,20,6.723446893787574
Pune,Diesel,Manual,First,25.1,5,7.45,Honda,City i DTEC VX Option,12,6.582109479305741
Jaipur,Petrol,Manual,First,21.1,5,3.5,Hyundai,EON Magna Plus,9,6.781326781326781
Kochi,Diesel,Automatic,First,13.0,5,70.15,Mercedes-Benz,E-Class 2015-2017 E350 CDI Avantgrade,8,8.87177770338132
Hyderabad,Diesel,Automatic,First,13.2,5,19.5,BMW,3 Series 320d,13,8.521303258145362
Pune,Petrol,Automatic,Second,12.05,5,15.0,BMW,3 Series 318i Sedan,14,7.719298245614035
Coimbatore,Diesel,Manual,First,17.45,7,7.57,Mahindra,NuvoSport N8,9,6.697923643670463
Hyderabad,Petrol,Manual,First,18.5,5,4.4,Maruti,Ritz VXi,14,7.167919799498747
Chennai,Diesel,Automatic,First,15.87,5,60.0,BMW,X6 xDrive 40d M Sport,10,10.305045105245574
Kolkata,Petrol,Manual,First,18.6,5,1.6,Chevrolet,Beat LT,16,6.622185154295246
Pune,Petrol,Manual,First,19.1,5,4.9,Maruti,Swift Dzire VXI,12,7.167919799498747
Delhi,Diesel,Manual,First,20.77,7,5.95,Maruti,Ertiga ZDI,12,7.115384615384615
Coimbatore,Diesel,Manual,First,20.45,5,5.35,Renault,Duster 85PS Diesel RxL,11,5.7357973990417515
Hyderabad,Petrol,Automatic,First,15.5,5,5.4,Honda,Amaze VX AT i-Vtech,12,7.237061769616027
Coimbatore,Diesel,Automatic,First,17.11,5,23.45,Audi,A4 2.0 TDI Premium Sport Limited Edition,11,8.858231707317074
Hyderabad,Diesel,Manual,Second,18.7,5,1.9,Skoda,Octavia Ambiente 1.9 TDI MT,24,3.481012658227848
Pune,Diesel,Manual,First,25.8,5,6.1,Honda,Amaze E i-Dtech,10,6.582109479305741
Mumbai,Diesel,Manual,First,12.8,8,4.95,Toyota,Innova 2.5 EV Diesel MS 8 Str BSIII,20,4.0898155573376105
Hyderabad,Petrol,Manual,Second,21.1,5,2.5,Hyundai,EON D Lite Plus,13,6.781326781326781
Chennai,Diesel,Manual,First,22.9,5,4.4,Maruti,Swift VDI,14,5.929487179487179
Hyderabad,Diesel,Manual,First,9.5,6,7.99,Mitsubishi,Pajero 2.8 GLX Sports,18,4.18342151675485
Hyderabad,Diesel,Automatic,First,13.1,5,10.99,Volvo,S80 D5,18,8.958333333333334
Delhi,Diesel,Automatic,First,12.55,7,18.5,Toyota,Fortuner 4x2 AT,12,5.650570087189806
Coimbatore,Diesel,Manual,First,16.3,5,21.69,Jeep,Compass 2.0 Limited 4X4,8,8.69120654396728
Coimbatore,Diesel,Manual,First,23.4,5,5.17,Maruti,Swift Dzire VDI,12,5.929487179487179
Delhi,Diesel,Manual,Second,22.32,5,4.5,Hyundai,Verna 1.6 SX,15,7.984829329962073
Kolkata,Diesel,Manual,First,12.05,8,6.75,Mahindra,Scorpio VLX 2WD BSIV,12,5.507113354749885
Kochi,Petrol,Manual,First,19.81,5,3.12,Hyundai,i10 Era,13,6.266114180478821
Hyderabad,Diesel,Manual,First,12.99,8,8.25,Toyota,Innova 2.5 G (Diesel) 8 Seater,15,4.033680834001604
Coimbatore,Diesel,Automatic,First,11.36,7,20.14,Toyota,Innova Crysta 2.8 ZX AT,9,6.2250453720508165
Hyderabad,Diesel,Manual,First,12.99,8,12.6,Toyota,Innova 2.5 G (Diesel) 8 Seater,13,4.0096230954290295
Kochi,Diesel,Manual,First,23.4,5,6.61,Maruti,Swift Dzire ZDI,11,5.929487179487179
Kochi,Diesel,Automatic,First,17.01,5,13.23,Hyundai,Creta 1.6 CRDi AT SX Plus,10,7.977243994943111
Mumbai,Diesel,Manual,First,12.99,8,4.75,Toyota,Innova 2.5 G (Diesel) 8 Seater BS IV,18,4.0096230954290295
Mumbai,Diesel,Manual,Second,20.54,5,2.9,Volkswagen,Vento Diesel Highline,15,6.483103879849812
Hyderabad,Diesel,Manual,First,14.8,10,5.5,Chevrolet,Tavera LS B3 10 Seats BSIII,11,3.201280512204882
Kochi,Diesel,Automatic,Second,11.18,7,9.47,Mahindra,Ssangyong Rexton RX7,12,6.824925816023739
Mumbai,Petrol,Manual,First,20.36,5,1.95,Hyundai,i10 Magna,18,6.591478696741855
Kolkata,Petrol,Manual,First,20.36,5,2.2,Hyundai,i10 Sportz 1.2,15,6.591478696741855
Mumbai,Petrol,Manual,First,17.0,5,1.15,Hyundai,Santro Xing XG eRLX Euro III,20,10.4306531982477
Bangalore,Petrol,Manual,Second,18.0,5,4.35,Honda,Amaze S i-Vtech,13,7.237061769616027
Pune,Petrol,Automatic,First,23.1,5,4.5,Maruti,Celerio ZXI AT,10,6.717434869739479
Chennai,Petrol,Manual,First,18.9,5,3.55,Hyundai,Grand i10 Asta,13,6.8504594820384295
Kolkata,Diesel,Manual,First,19.3,5,4.75,Maruti,Swift Dzire VDi,11,5.9214743589743595
Coimbatore,Petrol,Manual,Second,20.36,5,4.52,Hyundai,i10 Sportz,14,6.591478696741855
Mumbai,Diesel,Automatic,First,15.06,5,12.75,BMW,X1 sDrive 20d Exclusive,14,8.87218045112782
Coimbatore,Diesel,Automatic,Second,17.11,5,20.04,Audi,A4 2.0 TDI 177 Bhp Premium Plus,12,8.858231707317074
Bangalore,Diesel,Manual,First,20.45,5,6.5,Nissan,Terrano XL 85 PS,12,5.7357973990417515
Chennai,Diesel,Manual,First,11.56,7,7.5,Mitsubishi,Montero 3.2 GLS,19,6.228125
Mumbai,Petrol,Automatic,First,22.5,5,4.15,Maruti,Wagon R VXI AMT,10,6.713426853707414
Hyderabad,Petrol,Manual,First,13.5,5,2.5,Honda,Civic 2006-2010 1.8 (E) MT,19,7.226236798221233
Pune,Petrol,Manual,First,18.6,5,5.4,Hyundai,i20 2015-2017 Magna 1.2,10,6.836257309941521
Mumbai,Petrol,Manual,First,24.07,5,3.15,Maruti,Alto K10 VXI,10,6.723446893787574
Bangalore,Diesel,Automatic,Second,12.07,7,52.5,Audi,Q7 35 TDI Quattro Technology,11,8.136164475901584
Delhi,Petrol,Manual,First,18.6,5,5.95,Hyundai,i20 Sportz Option 1.2,10,6.836257309941521
Coimbatore,Petrol,Automatic,First,23.84,5,6.97,Tata,Tiago AMT 1.2 Revotron XZA,7,6.991659716430358
Hyderabad,Petrol,Manual,First,20.36,5,3.2,Hyundai,i10 Sportz 1.2,15,6.591478696741855
Pune,Petrol,Manual,First,0.0,5,1.12,Hyundai,Santro Xing XP,19,10.4306531982477
Bangalore,Diesel,Manual,First,20.46,5,6.69,Renault,Duster 85PS Diesel RxL Optional,13,5.7357973990417515
Bangalore,Diesel,Manual,Second,13.49,5,5.9,Tata,Xenon XT EX 4X4,12,6.334557136301056
Kolkata,Petrol,Manual,First,18.5,5,2.25,Hyundai,i20 Magna,17,6.683375104427736
Kolkata,Diesel,Manual,First,23.4,5,4.5,Maruti,Swift Dzire VDI,13,5.929487179487179
Pune,Petrol,Manual,First,22.0,5,2.61,Hyundai,EON Magna,11,6.756756756756757
Jaipur,Diesel,Automatic,First,14.84,5,11.5,Mercedes-Benz,New C-Class 220 CDI AT,16,7.932804479701354
Mumbai,Petrol,Automatic,First,16.82,4,35.0,Mini,Cooper Convertible S,10,9.463463463463464
Jaipur,Petrol,Manual,First,26.0,4,0.5,Tata,Nano Cx,16,5.6089743589743595
Kolkata,Diesel,Manual,Second,26.21,5,5.75,Maruti,Ciaz ZDi Plus,11,7.091346153846153
Pune,Diesel,Manual,First,22.0,5,11.5,Hyundai,Verna CRDi 1.6 SX Option,9,7.977243994943111
Jaipur,Petrol,Manual,First,21.1,5,2.75,Hyundai,EON Era Plus,11,6.781326781326781
Chennai,Diesel,Automatic,Second,18.12,5,31.5,BMW,5 Series 2013-2017 520d Luxury Line,10,9.523809523809524
Kochi,Petrol,Manual,First,19.4,5,4.92,Honda,Brio S MT,10,7.245409015025041
Pune,Diesel,Manual,First,23.2,5,3.52,Maruti,Ritz VDi,14,5.924679487179487
Chennai,Diesel,Automatic,First,18.88,5,17.55,BMW,3 Series 320d Prestige,12,9.223057644110275
Pune,Diesel,Manual,First,26.59,5,5.8,Maruti,Swift Dzire LDI,10,5.929487179487179
Hyderabad,Diesel,Manual,First,23.4,5,6.95,Maruti,Swift Dzire VDI,13,5.929487179487179
Kolkata,Petrol,Manual,First,16.95,5,2.4,Renault,Scala RxL,13,6.51535380507343
Mumbai,Diesel,Automatic,First,14.39,5,5.25,Chevrolet,Cruze LTZ AT,13,8.193193193193192
Ahmedabad,Petrol,Manual,First,17.5,5,4.25,Maruti,Swift Dzire ZXi,14,6.610169491525424
Jaipur,Diesel,Manual,First,19.09,5,1.5,Tata,Indigo CS LX (TDI) BS III,18,4.9426934097421205
Jaipur,Diesel,Manual,First,24.0,5,4.5,Hyundai,Grand i10 CRDi Sportz,10,6.25
Pune,Diesel,Manual,First,22.3,5,2.5,Tata,Indica Vista Quadrajet LS,12,5.929487179487179
Chennai,Diesel,Manual,Third,17.8,5,1.55,Ford,Fiesta 1.4 TDCi EXI,20,4.8606147248034315
Pune,Diesel,Manual,First,19.87,5,6.5,Renault,Duster 85PS Diesel RxE,10,5.7357973990417515
Kochi,Diesel,Manual,First,24.0,5,4.96,Hyundai,Grand i10 CRDi SportZ Edition,11,6.25
Bangalore,Petrol,Manual,First,19.4,5,3.25,Honda,Brio S MT,14,7.245409015025041
Kolkata,Petrol,Automatic,First,12.3,5,8.5,Audi,A4 1.8 TFSI,16,9.163391353172374
Bangalore,Petrol,Manual,Second,24.7,5,2.75,Maruti,Alto 800 2016-2019 LXI,12,5.942211055276381
Bangalore,Petrol,Manual,Second,16.2,5,3.4,Hyundai,Verna Transform SX VTVT,15,6.454033771106942
Hyderabad,Diesel,Manual,First,20.77,7,7.0,Maruti,Ertiga ZDI,13,7.115384615384615
Kochi,Petrol,Manual,First,12.9,5,3.21,Chevrolet,Optra Magnum 1.6 LT ABS BS3,14,6.414267834793493
Coimbatore,Diesel,Manual,First,19.67,5,14.25,Hyundai,Creta 1.6 CRDi SX Option,10,7.977243994943111
Hyderabad,Diesel,Manual,First,20.34,5,6.5,Volkswagen,Vento 1.5 TDI Highline,12,6.889185580774367
Kolkata,Petrol,Manual,First,17.4,5,5.49,Honda,City i VTEC SV,12,7.83567134268537
Pune,Petrol,Manual,Third,16.8,5,0.8,Hyundai,Getz GLS ABS,21,6.1894108873974645
Kochi,Petrol,Manual,First,17.0,5,1.99,Hyundai,Santro Xing XG eRLX Euro III,19,10.4306531982477
Coimbatore,Petrol,Automatic,Second,18.9,5,5.91,Hyundai,Grand i10 AT Asta,11,6.8504594820384295
Coimbatore,Petrol,Manual,First,18.9,5,6.44,Hyundai,Grand i10 1.2 Kappa Sportz Option,7,6.838763575605681
Jaipur,Petrol,Manual,First,18.9,5,4.6,Hyundai,Grand i10 Sportz,11,6.8504594820384295
Pune,Diesel,Manual,Second,17.8,5,2.35,Maruti,Swift VDI BSIV,19,9.076674177321317
Coimbatore,Petrol,Manual,First,18.6,5,7.21,Hyundai,i20 Asta 1.2,10,6.836257309941521
Pune,Diesel,Manual,First,19.87,5,8.0,Renault,Duster 85PS Diesel RxL,10,5.7357973990417515
Hyderabad,Diesel,Manual,Second,19.3,5,3.5,Maruti,Swift Dzire VDi,17,5.9214743589743595
Pune,Diesel,Manual,First,12.8,8,5.9,Toyota,Innova 2.5 G (Diesel) 8 Seater BS IV,18,4.0898155573376105
Coimbatore,Petrol,Manual,Second,25.4,4,1.74,Tata,Nano Twist XT,11,6.009615384615385
Mumbai,Petrol,Manual,First,18.12,5,6.8,Ford,Figo 2015-2019 1.2P Sports Edition MT,7,7.25752508361204
Jaipur,Petrol,Manual,First,18.6,5,7.5,Hyundai,i20 1.2 Asta Option,9,6.836257309941521
Pune,Petrol,Manual,First,15.4,7,8.0,Honda,BRV i-VTEC V MT,10,7.83567134268537
Hyderabad,Diesel,Manual,First,27.4,5,5.99,Honda,Amaze S Diesel,11,6.582109479305741
Mumbai,Diesel,Manual,First,19.67,5,12.9,Hyundai,Creta 1.6 CRDi SX,9,7.977243994943111
Delhi,Petrol,Manual,First,21.4,5,7.0,Maruti,Baleno Zeta 1.2,8,6.942355889724311
Hyderabad,Diesel,Automatic,First,14.16,5,35.0,Audi,Q5 2.0 TDI Technology,12,8.856707317073171
Jaipur,Diesel,Manual,First,25.8,5,5.5,Honda,Amaze S i-DTEC,11,6.582109479305741
Coimbatore,Diesel,Automatic,First,11.0,5,18.46,BMW,X5 3.0d,16,7.851653859004344
Jaipur,Petrol,Manual,First,15.6,5,2.4,Ford,Figo Petrol Titanium,16,5.852842809364549
Pune,Petrol,Manual,Third,18.9,5,1.0,Maruti,Wagon R VXI,24,6.723446893787574
Ahmedabad,Petrol,Manual,Second,19.81,5,2.65,Hyundai,i10 Era,14,6.266114180478821
Kochi,Diesel,Automatic,First,21.66,5,5.96,Skoda,Rapid 1.5 TDI AT Elegance,11,6.910547396528704
Kolkata,Diesel,Automatic,First,17.85,4,75.0,Porsche,Panamera Diesel,11,10.111223458038422
Kochi,Petrol,Automatic,First,15.04,5,27.15,Mercedes-Benz,CLA 200 Sport Edition,9,9.191361125062784
Ahmedabad,Petrol,Automatic,Second,10.4,5,10.5,Audi,A6 2.8 FSI,18,7.248467363865848
Chennai,Petrol,Manual,First,20.73,5,6.7,Maruti,Ciaz ZXi Plus,11,6.635105608157319
Kolkata,Diesel,Manual,First,22.7,5,4.9,Ford,Ecosport 1.5 DV5 MT Titanium,13,5.9973297730307085
Hyderabad,Diesel,Manual,First,16.5,7,8.0,Mahindra,Bolero mHAWK D70 ZLX,9,4.688546550569324
Kochi,Petrol,Manual,First,24.07,5,3.63,Maruti,Alto K10 VXI,8,6.723446893787574
Mumbai,Petrol,Manual,First,17.5,5,4.8,Maruti,Swift Dzire 1.2 Vxi BSIV,11,7.167919799498747
Mumbai,Petrol,Manual,First,17.57,5,4.25,Tata,Zest Revotron 1.2T XE,9,7.435037720033528
Coimbatore,Diesel,Automatic,First,10.91,7,30.27,Ford,Endeavour 3.2 Trend AT 4X4,8,6.16635397123202
Jaipur,Diesel,Manual,First,15.8,5,14.25,Mercedes-Benz,New C-Class C 220 CDI CLASSIC,13,7.9143389199255125
Ahmedabad,Petrol,Automatic,First,16.95,5,3.41,Hyundai,i10 Sportz AT,14,6.591478696741855
Delhi,Petrol,Manual,First,17.0,5,2.78,Honda,City 1.5 S MT,17,7.882431529726119
Ahmedabad,Diesel,Automatic,First,19.3,5,15.5,Skoda,Octavia Elegance 2.0 TDI AT,11,7.164634146341463
Chennai,Diesel,Manual,First,25.0,5,3.0,Tata,Indica V2 eLS,9,4.9426934097421205
Pune,Petrol,Manual,First,18.9,5,2.3,Maruti,Wagon R VXi BSII,14,6.723446893787574
Kochi,Diesel,Manual,First,19.67,5,13.28,Hyundai,Creta 1.6 CRDi SX,9,7.977243994943111
Hyderabad,Petrol,Manual,First,19.0,5,2.25,Maruti,A-Star Lxi,17,6.623246492985971
Kochi,Petrol,Manual,First,22.5,5,3.36,Maruti,Wagon R LXI,15,6.717434869739479
Kolkata,Petrol,Manual,First,17.3,7,4.25,Honda,Mobilio E i VTEC,12,7.83567134268537
Coimbatore,Petrol,Manual,First,20.36,5,4.3,Hyundai,i10 Magna,14,6.591478696741855
Hyderabad,Petrol,Automatic,First,0.0,5,6.0,Skoda,Superb 3.6 V6 FSI,16,7.30052821795941
Coimbatore,Diesel,Manual,First,22.54,5,9.18,Hyundai,i20 1.4 Sportz,8,6.356017191977077
Hyderabad,Petrol,Manual,First,23.1,5,4.99,Maruti,Celerio ZXI Optional,9,6.717434869739479
Pune,Petrol,Manual,First,13.4,5,3.75,Skoda,Laura 1.8 TSI Ambiente,15,8.776418242491658
Chennai,Diesel,Manual,First,20.0,5,2.5,Ford,Figo Diesel LXI,16,4.8606147248034315
Hyderabad,Diesel,Manual,First,27.3,5,7.2,Honda,Jazz 1.5 VX i DTEC,10,6.582109479305741
Ahmedabad,Diesel,Automatic,First,15.0,5,29.5,Mercedes-Benz,E-Class 2015-2017 E250 Edition E,10,9.519365375641623
Chennai,Diesel,Automatic,First,17.9,5,17.55,Mercedes-Benz,GLA Class 200 CDI SPORT,11,6.346243583761082
Chennai,Diesel,Automatic,First,18.5,5,12.0,Volvo,S60 D3,14,8.211586901763223
Bangalore,Diesel,Automatic,First,11.8,5,13.5,Audi,A8 L 3.0 TDI quattro,17,8.31479609032693
Kolkata,Diesel,Automatic,First,22.32,5,5.1,Hyundai,Verna 1.6 SX CRDI (O) AT,12,7.984829329962073
Kolkata,Diesel,Automatic,First,22.69,5,10.3,BMW,3 Series 320d,15,9.523809523809524
Delhi,Diesel,Manual,First,22.32,5,5.7,Hyundai,Verna 1.6 SX,12,7.984829329962073
Kochi,Petrol,Manual,First,22.5,5,3.41,Maruti,Wagon R VXI,12,6.717434869739479
Hyderabad,Diesel,Manual,Second,20.0,5,2.4,Ford,Figo Diesel EXI,16,4.8606147248034315
Coimbatore,Petrol,Manual,First,18.15,6,5.6,Mahindra,KUV 100 mFALCON G80 K2,9,6.844741235392321
Pune,Diesel,Manual,First,17.0,5,1.0,Tata,Indigo LS,20,4.98220640569395
Hyderabad,Diesel,Automatic,First,18.49,7,8.2,Mahindra,TUV 300 T8 AMT,9,6.697923643670463
Bangalore,Diesel,Automatic,First,15.17,5,27.5,Audi,Q3 35 TDI Quattro Premium Plus,11,9.197154471544716
Jaipur,Petrol,Manual,First,21.5,5,3.5,Maruti,Wagon R VXI 1.2,11,6.83375104427736
Coimbatore,Diesel,Manual,First,24.3,5,10.34,Maruti,Vitara Brezza ZDi Plus Dual Tone,9,7.091346153846153
Mumbai,Diesel,Manual,First,12.7,8,3.25,Mahindra,Scorpio DX 2.6 Turbo 8 Str,20,4.469145266385588
Jaipur,Diesel,Manual,Third,12.6,7,5.0,Hyundai,Tucson CRDi,19,5.62531391260673
Hyderabad,Petrol,Manual,First,17.92,5,2.25,Hyundai,Santro Xing GLS,18,5.718232044198896
Kochi,Diesel,Automatic,First,18.18,4,51.52,Porsche,Panamera Diesel 250hp,12,8.426019548365351
Kochi,Diesel,Manual,First,24.3,5,8.62,Maruti,Vitara Brezza VDi Option,8,7.091346153846153
Mumbai,Diesel,Manual,First,23.4,5,7.25,Maruti,Swift Dzire VDI,9,5.929487179487179
Kochi,Petrol,Manual,First,19.5,5,5.47,Honda,Amaze V Petrol,10,7.236030025020851
Pune,Diesel,Automatic,First,16.36,5,31.0,Jaguar,XF 2.2 Litre Luxury,12,8.614043139054612
Kochi,Petrol,Automatic,First,16.82,4,35.98,Mini,Cooper Convertible S,9,9.463463463463464
Jaipur,Petrol,Manual,First,21.1,5,3.42,Hyundai,EON Era Plus,9,6.781326781326781
Ahmedabad,Diesel,Automatic,Second,16.77,5,11.5,Audi,A6 3.0 TDI quattro,18,8.135490394337715
Pune,Petrol,Manual,First,17.19,5,7.25,Hyundai,i20 Active 1.2 SX Dual Tone,10,6.838763575605681
Chennai,Diesel,Manual,First,28.4,5,8.0,Maruti,Swift AMT DDiS VDI,8,5.929487179487179
Kochi,Diesel,Manual,First,22.7,5,7.33,Ford,Ecosport 1.5 DV5 MT Titanium,11,5.9973297730307085
Kolkata,Petrol,Manual,First,18.9,5,3.35,Maruti,Wagon R VXI BS IV with ABS,10,6.723446893787574
Mumbai,Diesel,Manual,First,20.34,5,4.4,Volkswagen,Vento 1.5 TDI Highline,13,6.889185580774367
Kolkata,Petrol,Manual,First,17.6,5,2.99,Toyota,Etios VX,14,5.9291443850267385
Bangalore,Petrol,Manual,First,18.7,5,5.6,Honda,Jazz 1.2 SV i VTEC,11,7.397831526271894
Coimbatore,Diesel,Manual,First,20.14,5,6.63,Volkswagen,CrossPolo 1.5 TDI,10,5.923230974632844
Kochi,Diesel,Manual,First,21.66,5,7.9,Volkswagen,Ameo 1.5 TDI Highline,8,7.251001335113486
Kochi,Petrol,Manual,First,16.8,5,7.0,Honda,City V MT Exclusive,11,7.768871075484301
Hyderabad,Petrol,Automatic,First,16.5,5,4.95,Honda,Brio VX AT,12,7.245409015025041
Mumbai,Petrol,Automatic,First,14.3,5,9.19,Skoda,Rapid 1.6 MPI AT Style,9,6.478097622027534
Hyderabad,Diesel,Manual,First,16.8,5,5.1,Hyundai,Verna CRDi,15,7.367716008037509
Jaipur,Diesel,Manual,First,21.19,5,5.9,Hyundai,i20 Active S Diesel,11,6.358166189111748
Kochi,Petrol,Automatic,First,21.4,5,9.51,Maruti,Baleno Alpha CVT,7,6.942355889724311
Mumbai,Petrol,Manual,Second,11.1,5,3.9,Honda,CR-V 2.4L 4WD MT,18,6.7459643160577745
Coimbatore,Petrol,Manual,Second,19.1,5,5.39,Maruti,Swift Dzire VXI,12,7.167919799498747
Pune,Diesel,Manual,Second,19.3,5,3.0,Maruti,Swift Dzire VDi,17,5.9214743589743595
Jaipur,Diesel,Manual,First,23.4,5,4.3,Maruti,Swift Dzire ZDI,14,5.929487179487179
Jaipur,Petrol,Manual,First,20.85,5,6.75,Maruti,Swift Dzire ZXI,9,6.945697577276524
Jaipur,Petrol,Manual,First,18.9,5,4.5,Hyundai,Grand i10 Sportz,9,6.8504594820384295
Chennai,Diesel,Manual,First,17.8,5,2.75,Ford,Fiesta 1.4 ZXi TDCi ABS,16,4.8606147248034315
Chennai,Diesel,Manual,First,23.9,5,9.0,Hyundai,Verna 1.6 CRDi S,10,7.977243994943111
Delhi,Diesel,Manual,Second,20.0,5,2.55,Ford,Figo Diesel EXI,12,4.8641887062187275
Coimbatore,Diesel,Manual,First,21.12,5,3.54,Tata,Manza Aqua Quadrajet BS IV,12,7.115384615384615
Ahmedabad,Petrol,Manual,First,13.5,5,4.25,Honda,Civic 2006-2010 1.8 S MT,17,7.226236798221233
Ahmedabad,Petrol,Manual,Second,19.7,5,1.2,Maruti,Alto LX BSIII,19,5.816582914572864
Ahmedabad,Diesel,Automatic,First,22.48,5,19.5,BMW,5 Series 520d Luxury Line,13,9.523809523809524
Bangalore,Diesel,Manual,Second,16.0,7,12.0,Mahindra,XUV500 W8 2WD,11,6.424965580541533
Hyderabad,Diesel,Manual,First,23.2,5,3.9,Maruti,Ritz VDi,14,5.924679487179487
Kochi,Diesel,Manual,First,24.3,5,9.13,Maruti,Vitara Brezza ZDi Plus,9,7.091346153846153
Pune,Petrol,Manual,First,15.1,7,2.25,Maruti,Eeco 7 Seater Standard,15,6.103678929765886
Mumbai,Petrol,Manual,First,17.5,5,3.25,Maruti,Swift Dzire 1.2 Vxi BSIV,14,7.167919799498747
Coimbatore,Diesel,Automatic,First,17.01,5,14.79,Hyundai,Creta 1.6 CRDi AT SX Plus,9,7.977243994943111
Mumbai,Petrol,Manual,First,22.5,5,2.35,Maruti,Wagon R LXI,16,6.717434869739479
Kolkata,Diesel,Manual,First,27.62,5,3.1,Maruti,Celerio ZDi,11,5.926860025220681
Delhi,Diesel,Automatic,First,13.01,7,12.9,Hyundai,Santa Fe 2WD AT,12,8.835834470213735
Kolkata,Petrol,Manual,First,21.1,5,2.5,Hyundai,EON D Lite Plus Option,9,6.781326781326781
Delhi,Petrol,Manual,First,18.5,5,3.65,Hyundai,i20 Sportz 1.2,13,6.921470342522975
Bangalore,Petrol,Manual,First,17.1,5,7.5,Hyundai,Verna 1.6 SX VTVT (O),12,7.6241357636706475
Kochi,Petrol,Manual,First,18.4,5,3.74,Honda,Brio S Option MT,13,7.245409015025041
Kochi,Petrol,Manual,First,20.4,5,5.86,Maruti,Swift VXI Optional,9,6.83375104427736
Coimbatore,Diesel,Automatic,First,19.27,5,39.62,Mercedes-Benz,New C-Class C 220d Avantgarde Edition C,8,7.821745216985534
Coimbatore,Diesel,Manual,First,25.2,5,7.05,Maruti,Swift VDI Optional,8,5.929487179487179
Delhi,Diesel,Automatic,First,28.4,5,7.5,Maruti,Swift AMT VDI,8,5.929487179487179
Chennai,Diesel,Manual,First,25.44,5,2.1,Chevrolet,Beat Diesel LS,14,6.153846153846154
Delhi,Petrol,Automatic,First,13.7,5,11.6,Skoda,Superb Elegance 1.8 TSI AT,12,8.773637374860957
Bangalore,Diesel,Automatic,Second,14.84,5,19.25,Mercedes-Benz,New C-Class C 220 CDI BE Avantgare,14,7.821745216985534
Coimbatore,Diesel,Manual,First,13.68,8,17.92,Toyota,Innova Crysta 2.4 VX MT 8S,9,6.176347680735479
Kolkata,Petrol,Manual,First,20.36,5,3.6,Hyundai,i10 Sportz,10,6.591478696741855
Ahmedabad,Diesel,Manual,Second,25.8,5,4.5,Honda,Amaze S i-DTEC,12,6.582109479305741
Hyderabad,Diesel,Manual,First,21.9,5,7.4,Hyundai,i20 Magna 1.4 CRDi (Diesel),9,6.358166189111748
Coimbatore,Diesel,Automatic,First,11.57,5,59.29,Mercedes-Benz,GLE 350d,8,8.529963173752929
Kolkata,Diesel,Manual,First,12.05,7,5.5,Mahindra,Scorpio 2009-2014 SLE 7S BSIV,15,5.507113354749885
Bangalore,Petrol,Manual,Second,15.3,5,1.75,Hyundai,Getz GLE,20,6.1894108873974645
Mumbai,Petrol,Manual,First,21.4,5,6.75,Maruti,Baleno Alpha,10,6.942355889724311
Chennai,Diesel,Manual,First,16.52,5,3.95,Chevrolet,Optra Magnum 2.0 LT,15,6.212958312405827
Mumbai,Petrol,Manual,First,17.1,5,4.2,Hyundai,Verna 1.6 SX VTVT (O),15,7.6241357636706475
Hyderabad,Petrol,Manual,First,17.0,5,8.4,Honda,City 1.5 V MT,10,7.882431529726119
Mumbai,Petrol,Automatic,First,17.21,5,8.25,Volkswagen,Polo GT TSI,9,8.646616541353383
Bangalore,Petrol,Manual,First,19.4,5,3.31,Honda,Brio E MT,13,7.245409015025041
Ahmedabad,Diesel,Manual,First,26.59,5,7.5,Maruti,Swift Dzire VDI,9,5.929487179487179
Pune,Petrol,Manual,First,17.0,5,4.75,Honda,City 1.5 V MT Exclusive,14,7.882431529726119
Pune,Diesel,Automatic,Second,11.18,7,8.79,Mahindra,Ssangyong Rexton RX7,13,6.824925816023739
Pune,Petrol,Manual,First,13.1,5,9.5,Skoda,Superb Elegance 1.8 TSI MT,12,8.773637374860957
Kolkata,Petrol,Manual,First,19.7,5,1.55,Maruti,Alto LXi,16,5.816582914572864
Jaipur,Diesel,Manual,First,23.0,5,5.85,Hyundai,i20 Asta (o) 1.4 CRDi (Diesel),12,6.446991404011461
Coimbatore,Petrol,Manual,First,15.8,5,7.52,Ford,Ecosport 1.5 Ti VCT MT Trend,12,7.338225483655771
Hyderabad,Diesel,Manual,First,23.08,5,3.6,Nissan,Micra Diesel XV,15,4.31895961670089
Kochi,Petrol,Manual,First,19.4,5,4.73,Honda,Brio E MT,10,7.245409015025041
Delhi,Diesel,Automatic,First,11.18,7,10.5,Mahindra,Ssangyong Rexton RX7,13,6.824925816023739
Coimbatore,Diesel,Automatic,First,16.46,5,34.54,BMW,7 Series 730Ld Sedan,13,8.620113598396257
Kochi,Petrol,Manual,First,18.9,5,6.07,Hyundai,Grand i10 1.2 Kappa Sportz,8,6.838763575605681
Coimbatore,Petrol,Manual,First,21.4,5,7.76,Maruti,Baleno Delta 1.2,8,6.942355889724311
Coimbatore,Diesel,Manual,First,11.68,8,7.46,Mahindra,Xylo E8 ABS BS IV,10,4.483586869495596
Delhi,Diesel,Manual,First,21.8,5,3.49,Renault,Fluence Diesel E4,14,5.338809034907597
Coimbatore,Petrol,Manual,Second,18.5,5,4.05,Hyundai,i20 1.2 Magna,14,6.683375104427736
Kochi,Diesel,Manual,First,10.5,6,11.88,Mitsubishi,Pajero 2.8 SFX,13,3.781305114638448
Pune,Petrol,Automatic,First,14.53,5,6.45,Toyota,Corolla Altis 2008-2013 1.8 VL AT,15,7.697881828316611
Pune,Diesel,Automatic,First,15.97,5,50.0,BMW,X5 X5 M,11,8.620113598396257
Pune,Petrol,Automatic,First,10.9,5,9.0,BMW,3 Series 2005-2011 325i Sedan,15,8.610332398878654
Coimbatore,Diesel,Automatic,First,17.01,5,14.25,Hyundai,Creta 1.6 CRDi AT SX Plus,10,7.977243994943111
Coimbatore,Diesel,Manual,First,18.49,7,7.36,Mahindra,TUV 300 2015-2019 T8,9,6.697923643670463
Delhi,Diesel,Manual,First,12.05,8,4.4,Mahindra,Scorpio VLX 2.2 mHawk BSIII,16,5.507113354749885
Mumbai,Petrol,Manual,First,25.17,5,3.1,Renault,KWID RXT,10,6.670838548185232
Coimbatore,Petrol,Automatic,First,22.5,5,4.28,Renault,KWID 1.0 RXT Optional AMT,9,6.706706706706707
Pune,Petrol,Manual,First,16.1,5,5.5,Maruti,Swift VXi BSIV,9,7.101086048454469
Kolkata,Diesel,Automatic,First,17.0,5,6.99,Skoda,Laura 1.9 TDI AT Ambiente,14,5.537974683544303
Coimbatore,Petrol,Manual,First,24.7,5,4.29,Maruti,Alto 800 2016-2019 VXI,8,5.942211055276381
Delhi,Petrol,Manual,First,18.6,5,4.2,Maruti,Swift VXI,12,7.167919799498747
Pune,Diesel,Manual,First,23.0,5,4.11,Hyundai,i20 1.4 CRDi Sportz,14,6.446991404011461
Mumbai,Diesel,Automatic,First,15.73,5,18.75,Audi,Q3 2012-2015 35 TDI Quattro Premium,11,8.858231707317074
Mumbai,Diesel,Automatic,First,11.57,5,64.95,Mercedes-Benz,GLE 350d,9,8.529963173752929
Mumbai,Petrol,Manual,Second,19.81,5,1.59,Hyundai,i10 Era,16,6.266114180478821
Kolkata,Petrol,Manual,First,20.51,5,3.6,Maruti,Wagon R LXI Optional,10,6.717434869739479
Kochi,Petrol,Manual,Second,17.8,5,7.87,Honda,City i VTEC V,9,7.83567134268537
Mumbai,Petrol,Manual,First,18.9,5,5.55,Hyundai,Grand i10 1.2 Kappa Sportz,8,6.838763575605681
Jaipur,Diesel,Manual,Second,25.1,5,6.4,Honda,City i DTEC VX,12,6.582109479305741
Mumbai,Petrol,Manual,Third,17.5,5,2.65,Maruti,Swift Dzire VXi,17,6.610169491525424
Delhi,Petrol,Manual,First,17.5,5,5.5,Maruti,Swift Dzire ZXi,11,6.610169491525424
Kochi,Diesel,Manual,First,15.1,7,7.31,Mahindra,XUV500 W8 2WD,13,6.424965580541533
Jaipur,Diesel,Manual,First,28.09,5,7.1,Maruti,Ciaz ZDi Plus SHVS,10,7.091346153846153
Kochi,Diesel,Manual,First,22.32,5,7.83,Hyundai,Verna 1.6 SX CRDi (O),10,7.984829329962073
Mumbai,Diesel,Manual,First,13.1,5,0.85,Hyundai,Accent CRDi,21,5.492297387809779
Mumbai,Petrol,Manual,First,19.4,5,3.55,Honda,Brio S MT,12,7.245409015025041
Coimbatore,Petrol,Manual,First,17.19,5,8.19,Hyundai,i20 Active 1.2 SX,9,6.838763575605681
Pune,Diesel,Automatic,First,18.88,5,28.0,BMW,3 Series 320d Sport Line,8,9.223057644110275
Chennai,Diesel,Automatic,First,16.96,5,13.0,Volkswagen,Jetta 2013-2015 2.0L TDI Highline AT,11,7.013719512195123
Chennai,Petrol,Manual,Second,15.26,5,3.29,Volkswagen,Polo Petrol Highline 1.6L,15,6.476846057571965
Pune,Petrol,Manual,Second,16.1,5,4.41,Maruti,Swift VXi BSIV,11,7.101086048454469
Kolkata,Diesel,Manual,First,19.01,5,4.99,Renault,Duster 110PS Diesel RxZ,13,7.42299794661191
Hyderabad,Diesel,Automatic,First,18.56,5,17.98,BMW,X3 xDrive 20d Luxury Line,17,9.523809523809524
Coimbatore,Diesel,Manual,First,20.5,5,7.71,Fiat,Avventura MULTIJET Emotion,8,7.3493589743589745
Delhi,Petrol,Manual,First,20.51,5,2.8,Maruti,Wagon R Stingray VXI,13,6.717434869739479
Kolkata,Diesel,Manual,First,22.1,5,3.0,Chevrolet,Sail Hatchback LS ABS,13,6.1618589743589745
Coimbatore,Diesel,Manual,First,15.1,7,12.49,Mahindra,XUV500 W8 2WD,11,6.424965580541533
Kochi,Diesel,Manual,First,23.0,5,5.0,Tata,Zest Quadrajet 1.3,10,7.115384615384615
Kochi,Diesel,Automatic,First,18.56,5,32.64,BMW,X3 xDrive20d xLine,9,9.523809523809524
Chennai,Diesel,Manual,First,25.2,5,6.5,Maruti,Swift VDI BSIV,11,5.929487179487179
Bangalore,Diesel,Automatic,First,18.12,5,35.0,BMW,5 Series 2013-2017 520d Luxury Line,11,9.523809523809524
Chennai,Diesel,Manual,Second,25.0,5,2.0,Tata,Indigo CS eVX,11,4.943409742120345
Kochi,Diesel,Manual,First,15.1,7,9.46,Mahindra,XUV500 W8 2WD,11,6.424965580541533
Kochi,Diesel,Automatic,Second,12.07,7,39.0,Audi,Q7 35 TDI Quattro Premium Plus,10,8.136164475901584
Hyderabad,Diesel,Automatic,First,18.48,5,15.0,BMW,5 Series 2003-2012 520d,17,8.87218045112782
Coimbatore,Petrol,Manual,First,17.1,5,6.15,Hyundai,Verna 1.6 SX VTVT (O),13,7.6241357636706475
Pune,Diesel,Automatic,Second,13.01,7,14.5,Hyundai,Santa Fe 4WD AT,11,8.835834470213735
Kochi,Petrol,Automatic,First,20.51,5,5.18,Maruti,Wagon R AMT VXI,8,6.713426853707414
Pune,Petrol,Manual,Second,17.3,5,1.24,Maruti,Wagon R LX BSIII,19,6.032045240339302
Kolkata,Petrol,Manual,First,18.5,5,2.8,Hyundai,i20 Sportz 1.2,13,6.921470342522975
Kochi,Petrol,Automatic,Second,13.7,5,5.23,Skoda,Superb Elegance 1.8 TSI AT,15,8.773637374860957
Pune,Petrol,Manual,Second,15.3,5,0.45,Hyundai,Getz GLS,21,6.1894108873974645
Delhi,Petrol,Manual,First,18.9,5,3.25,Maruti,Wagon R LXI BS IV,12,6.723446893787574
Kolkata,Petrol,Manual,First,16.8,5,1.5,Maruti,Omni MPI CARGO BSIV,11,4.296482412060302
Mumbai,Petrol,Manual,First,20.36,5,2.85,Hyundai,i10 Magna 1.2,14,6.591478696741855
Kochi,Petrol,Manual,First,21.7,5,4.5,Renault,KWID 1.0 RXT Optional,8,6.706706706706707
Bangalore,Diesel,Automatic,First,15.0,5,16.25,Mercedes-Benz,B Class 2012-2015 B200 Sport CDI,12,4.997671169073125
Mumbai,Petrol,Automatic,First,17.21,5,7.75,Volkswagen,Polo GT TSI,9,8.646616541353383
Bangalore,Diesel,Manual,Third,12.05,8,4.35,Mahindra,Scorpio VLX 4WD,19,5.507113354749885
Kochi,Diesel,Automatic,First,12.9,7,33.13,Toyota,Fortuner 2.8 2WD AT,7,6.333938294010889
Coimbatore,Diesel,Manual,First,25.44,5,3.63,Chevrolet,Beat Diesel LT,13,6.014957264957264
Delhi,Diesel,Manual,First,12.8,8,4.75,Toyota,Innova 2.5 G4 Diesel 8-seater,16,4.0898155573376105
Kochi,Petrol,Manual,First,20.85,5,6.51,Maruti,Swift Dzire VXI,8,6.945697577276524
Hyderabad,Petrol,Manual,First,21.7,5,4.8,Renault,KWID Climber 1.0 MT,8,6.706706706706707
Hyderabad,Diesel,Manual,First,22.95,5,6.0,Tata,Bolt Quadrajet XM,9,5.929487179487179
Coimbatore,Petrol,Manual,First,18.9,5,6.4,Hyundai,Grand i10 Asta,10,6.8504594820384295
Ahmedabad,Diesel,Manual,First,20.34,5,4.9,Volkswagen,Vento 1.5 TDI Highline,12,6.889185580774367
Coimbatore,Diesel,Automatic,First,17.68,5,20.57,Audi,A6 2011-2015 2.0 TDI,13,8.858231707317074
Kolkata,Diesel,Manual,First,19.3,5,4.76,Maruti,Swift Dzire Ldi BSIV,11,5.9214743589743595
Kochi,Petrol,Manual,First,18.0,5,2.0,Chevrolet,Spark 1.0 LT,14,6.231155778894473
Coimbatore,Diesel,Automatic,First,22.69,5,9.92,BMW,3 Series 320d,17,9.523809523809524
Kochi,Petrol,Manual,First,21.1,5,3.69,Hyundai,EON Era Plus,8,6.781326781326781
Hyderabad,Diesel,Manual,First,23.4,5,5.75,Maruti,Swift Dzire VDI,13,5.929487179487179
Hyderabad,Diesel,Manual,First,20.14,5,5.7,Volkswagen,CrossPolo 1.5 TDI,12,5.907877169559413
Coimbatore,Petrol,Manual,First,18.0,5,4.94,Honda,Amaze E i-Vtech,12,7.237061769616027
Kochi,Petrol,Automatic,First,14.4,5,4.29,Volkswagen,Vento Petrol Highline AT,14,6.483103879849812
Kolkata,Petrol,Manual,First,20.51,5,3.0,Maruti,Wagon R Stingray VXI,12,6.717434869739479
Hyderabad,Diesel,Manual,First,20.14,5,6.5,Volkswagen,Polo 1.5 TDI Highline,12,5.9279038718291055
Jaipur,Petrol,Manual,Second,16.47,5,4.9,Volkswagen,Polo Petrol Comfortline 1.2L,11,6.168614357262104
Kochi,Diesel,Manual,First,25.8,5,5.4,Honda,Amaze SX i-DTEC,10,6.582109479305741
Delhi,Diesel,Automatic,First,18.53,5,24.0,Audi,A6 35 TDI Matrix,12,9.539634146341463
Kochi,Diesel,Manual,First,24.7,5,7.46,Tata,Tigor 1.05 Revotorq XZ Option,7,6.59025787965616
Kochi,Diesel,Automatic,First,21.5,5,9.6,Volkswagen,Vento 1.5 TDI Highline AT,9,7.242990654205607
Hyderabad,Diesel,Automatic,First,18.53,5,25.0,Audi,A6 35 TDI Matrix,12,9.539634146341463
Hyderabad,Diesel,Manual,First,19.01,5,6.8,Nissan,Terrano XL 110 PS,12,7.426420260095824
Coimbatore,Diesel,Automatic,First,21.66,5,8.59,Skoda,Rapid 1.5 TDI AT Elegance,10,6.910547396528704
Hyderabad,Diesel,Manual,First,25.83,5,5.29,Ford,Figo Aspire 1.5 TDCi Trend,10,6.608811748998665
Pune,Diesel,Manual,First,15.42,8,2.5,Tata,Venture EX,15,4.98220640569395
Chennai,Diesel,Automatic,First,14.84,5,13.9,Mercedes-Benz,New C-Class C 220 CDI BE Avantgare,15,7.821745216985534
Jaipur,Diesel,Manual,Second,13.0,7,20.0,Toyota,Fortuner 4x2 Manual,12,5.650570087189806
Delhi,Petrol,Manual,Second,17.0,5,3.4,Honda,City 1.5 V MT,15,7.882431529726119
Mumbai,Petrol,Manual,First,18.6,5,5.5,Hyundai,i20 Asta Option 1.2,11,6.836257309941521
Hyderabad,Diesel,Manual,Second,20.54,5,3.65,Volkswagen,Vento Diesel Trendline,14,6.483103879849812
Kochi,Diesel,Manual,First,13.1,7,5.86,Ford,Endeavour 2.5L 4X2 MT,15,5.642256902761105
Coimbatore,Petrol,Automatic,First,14.8,5,10.44,Ford,EcoSport 1.5 Petrol Titanium Plus AT,8,8.10688042752171
Bangalore,Diesel,Manual,First,17.8,5,5.0,Maruti,Swift VDI BSIV,13,9.076674177321317
Coimbatore,Diesel,Manual,First,23.0,5,3.37,Hyundai,i20 Sportz Diesel,15,6.446991404011461
Delhi,Diesel,Manual,First,12.99,8,6.95,Toyota,Innova 2.5 VX (Diesel) 8 Seater,15,4.033680834001604
Mumbai,Diesel,Manual,First,21.5,5,9.9,Tata,Nexon 1.5 Revotorq XZ Plus Dual Tone,8,7.247828991315965
Hyderabad,Diesel,Manual,First,20.0,5,3.3,Ford,Figo Diesel Titanium,14,4.8641887062187275
Delhi,Diesel,Automatic,Second,17.85,4,50.5,Porsche,Panamera Diesel,13,10.111223458038422
Jaipur,Diesel,Automatic,First,17.01,5,12.5,Hyundai,Creta 1.6 CRDi AT SX Plus,11,7.977243994943111
Hyderabad,Diesel,Automatic,First,16.55,5,20.5,Audi,A4 2.0 TDI Multitronic,12,7.113821138211382
Kolkata,Diesel,Manual,First,16.0,7,14.5,Mahindra,XUV500 W8 4WD,9,6.424965580541533
Delhi,Diesel,Manual,First,23.4,5,5.25,Maruti,Swift Dzire VDI,12,5.929487179487179
Kolkata,Petrol,Manual,First,20.73,5,5.9,Maruti,Ciaz ZXi,11,6.635105608157319
Pune,Petrol,Manual,First,21.1,5,2.6,Hyundai,EON Era Plus,13,6.781326781326781
Chennai,Diesel,Automatic,First,11.0,5,11.0,Mercedes-Benz,E-Class 280 CDI,19,6.645463675929025
Pune,Diesel,Automatic,First,18.48,5,15.5,BMW,5 Series 2003-2012 520d,15,8.87218045112782
Jaipur,Diesel,Manual,First,24.0,5,5.75,Hyundai,Grand i10 1.2 CRDi Sportz Option,9,6.236930860033726
Hyderabad,Diesel,Automatic,First,14.47,5,75.0,Jaguar,XJ 3.0L Portfolio,11,10.081189442031407
Chennai,Diesel,Manual,Second,17.8,5,2.0,Maruti,Swift Ldi BSIII,19,6.009615384615385
Hyderabad,Petrol,Manual,First,17.92,5,2.3,Hyundai,Santro Xing GLS,18,5.718232044198896
Hyderabad,Diesel,Manual,Second,12.8,8,8.2,Toyota,Innova 2.5 V Diesel 8-seater,17,4.0898155573376105
Kolkata,Petrol,Manual,First,18.6,5,4.8,Hyundai,i20 Sportz 1.2,11,6.836257309941521
Mumbai,Diesel,Automatic,Second,11.0,5,8.5,Mercedes-Benz,E-Class 280 CDI,18,6.645463675929025
Chennai,Diesel,Manual,First,20.0,5,2.9,Ford,Figo Diesel ZXI,15,4.8606147248034315
Ahmedabad,Diesel,Manual,First,21.43,5,6.5,Toyota,Corolla Altis 1.4 DG,14,6.362903225806452
Jaipur,Petrol,Manual,First,18.9,5,5.85,Hyundai,Grand i10 1.2 Kappa Sportz,8,6.838763575605681
Coimbatore,Diesel,Manual,First,16.3,5,23.91,Jeep,Compass 2.0 Limited 4X4,7,8.69120654396728
Coimbatore,Petrol,Automatic,First,20.89,5,7.36,Maruti,Ignis 1.2 AMT Alpha,7,6.83375104427736
Pune,Diesel,Manual,First,11.5,7,17.25,Toyota,Fortuner 3.0 Diesel,12,5.734406438631791
Jaipur,Diesel,Manual,First,20.54,5,7.0,Volkswagen,Vento Diesel Highline,13,6.483103879849812
Mumbai,Diesel,Manual,First,13.68,7,17.65,Toyota,Innova Crysta 2.4 VX MT,9,6.176347680735479
Jaipur,Diesel,Manual,First,20.0,5,2.5,Ford,Figo Diesel Celebration Edition,13,4.867762687634023
Hyderabad,Diesel,Manual,First,23.59,5,6.0,Toyota,Platinum Etios 1.4 GXD,11,4.915689149560118
Mumbai,Diesel,Manual,First,18.06,7,8.25,Mahindra,Thar DI 4X4,8,2.4970273483947683
Kochi,Diesel,Automatic,First,12.7,5,44.83,Land,Rover Range Rover HSE Dynamic,8,8.614043139054612
Delhi,Diesel,Automatic,First,16.07,5,10.5,BMW,3 Series 320d Highline,15,9.072681704260651
Bangalore,Petrol,Manual,Second,13.2,5,1.9,Hyundai,Accent GLS,18,6.287625418060201
Jaipur,Petrol,Automatic,Second,23.1,5,4.25,Maruti,Celerio ZXI AT,10,6.717434869739479
Chennai,Diesel,Automatic,Second,16.36,5,26.5,Jaguar,XF 2.2 Litre Luxury,12,8.614043139054612
Bangalore,Diesel,Automatic,Second,12.4,5,22.5,Audi,A6 2.7 TDI,13,6.653076352853966
Hyderabad,Diesel,Manual,First,23.08,5,3.3,Nissan,Micra Diesel XV,15,4.31895961670089
Jaipur,Petrol,Manual,Second,18.0,5,4.3,Honda,Amaze S i-Vtech,11,7.237061769616027
Chennai,Diesel,Manual,First,19.87,5,5.25,Renault,Duster 85PS Diesel RxL Option,14,5.7357973990417515
Jaipur,Diesel,Manual,First,12.99,8,11.75,Toyota,Innova 2.5 G (Diesel) 8 Seater,11,4.033680834001604
Ahmedabad,Petrol,Manual,First,18.0,5,4.25,Honda,Amaze E i-Vtech,12,7.237061769616027
Delhi,Diesel,Automatic,First,14.94,5,14.22,Mercedes-Benz,New C-Class C 250 CDI Elegance,14,9.519365375641623
Chennai,Petrol,Manual,First,17.71,5,4.2,Toyota,Etios Liva G,11,6.591478696741855
Delhi,Diesel,Automatic,First,11.36,8,18.25,Toyota,Innova Crysta 2.8 GX AT 8S,9,6.2250453720508165
Bangalore,Diesel,Manual,First,15.8,5,18.5,Mercedes-Benz,New C-Class 200 CDI Elegance,13,7.9143389199255125
Chennai,Petrol,Manual,Second,16.1,5,2.4,Maruti,Swift VXI BSIII,18,6.79506933744222
Kolkata,Diesel,Manual,First,27.39,5,6.5,Maruti,Baleno Alpha 1.3,10,5.929487179487179
Mumbai,Petrol,Automatic,First,23.1,5,3.99,Maruti,Celerio VXI AT,11,6.717434869739479
Kochi,Diesel,Manual,First,22.7,5,5.45,Ford,Ecosport 1.5 DV5 MT Ambiente,12,5.9973297730307085
Hyderabad,Diesel,Manual,First,18.8,5,2.7,Tata,Manza Aura Quadrajet,16,7.211538461538461
Mumbai,Diesel,Manual,First,27.3,5,6.25,Honda,Jazz 1.5 SV i DTEC,10,6.582109479305741
Coimbatore,Diesel,Manual,First,15.1,7,13.28,Mahindra,XUV500 W8 2WD,10,6.424965580541533
Hyderabad,Diesel,Manual,First,23.08,5,3.7,Nissan,Micra Diesel XV Premium,14,4.31895961670089
Coimbatore,Diesel,Automatic,First,19.27,5,39.51,Mercedes-Benz,New C-Class C 220d Avantgarde Edition C,8,7.821745216985534
Hyderabad,Diesel,Manual,Second,19.0,5,1.4,Tata,Manza Aura Plus Quadrajet BS IV,16,7.211538461538461
Kolkata,Diesel,Manual,First,22.9,5,3.5,Maruti,Swift VDI,12,5.929487179487179
Jaipur,Petrol,Manual,First,17.5,5,3.78,Maruti,Swift Dzire 1.2 Lxi BSIV,14,7.167919799498747
Pune,Diesel,Manual,First,19.09,5,2.7,Tata,Indigo eCS LS (TDI) BS-III,11,4.9117437722419925
Kolkata,Diesel,Manual,First,25.8,5,3.2,Honda,Amaze S i-Dtech,13,6.582109479305741
Delhi,Petrol,Manual,First,20.4,5,5.0,Maruti,Swift VXI BSIV,10,6.83375104427736
Chennai,Diesel,Manual,First,20.77,7,7.0,Maruti,Ertiga ZDI,14,7.115384615384615
Kolkata,Petrol,Manual,Second,18.9,5,2.85,Hyundai,Grand i10 Era,12,6.8504594820384295
Ahmedabad,Petrol,Manual,First,19.69,5,4.25,Nissan,Micra Active XV,10,5.5959933222036735
Bangalore,Petrol,Manual,Second,18.9,5,4.9,Hyundai,Grand i10 Asta Option,12,6.8504594820384295
Hyderabad,Diesel,Manual,First,17.1,5,16.9,Jeep,Compass 2.0 Sport,9,8.69120654396728
Delhi,Diesel,Manual,Second,22.07,5,4.25,Volkswagen,Polo Diesel Comfortline 1.2L,12,6.163469557964971
Pune,Petrol,Automatic,First,15.5,5,4.34,Honda,Amaze S AT i-Vtech,11,7.237061769616027
Kolkata,Diesel,Automatic,First,16.09,5,17.0,BMW,X3 xDrive20d Advantage Edition,14,9.223057644110275
Kochi,Diesel,Automatic,First,18.88,5,28.45,BMW,3 Series 320d Luxury Line,9,9.223057644110275
Kochi,Petrol,Automatic,First,15.6,5,6.15,Honda,City V AT,12,7.768871075484301
Kochi,Diesel,Manual,First,12.83,7,9.25,Mahindra,Ssangyong Rexton RX5,12,6.008902077151335
Delhi,Diesel,Manual,First,26.59,5,4.85,Maruti,Swift Dzire LDI,11,5.929487179487179
Jaipur,Diesel,Manual,First,25.2,5,4.8,Maruti,Swift VDI BSIV,12,5.929487179487179
Pune,Petrol,Manual,First,18.4,5,2.3,Honda,Brio S Option MT,14,7.245409015025041
Mumbai,Petrol,Manual,First,18.9,5,4.75,Hyundai,Grand i10 Sportz,10,6.8504594820384295
Pune,Diesel,Manual,First,22.95,5,5.0,Tata,Zest Quadrajet 1.3 75PS XM,9,5.929487179487179
Jaipur,Petrol,Manual,First,21.1,5,2.5,Hyundai,EON Era Plus,11,6.781326781326781
Mumbai,Petrol,Manual,First,18.6,5,5.95,Hyundai,i20 1.2 Spotz,9,6.836257309941521
Delhi,Diesel,Automatic,Second,9.0,5,16.0,Volvo,S60 D4 KINETIC,12,9.122983870967742
Delhi,Diesel,Manual,First,22.7,5,6.15,Ford,Ecosport 1.5 DV5 MT Titanium Optional,12,5.9973297730307085
Hyderabad,Petrol,Manual,Second,21.1,5,4.05,Maruti,Ritz VXI,12,7.167919799498747
Hyderabad,Diesel,Manual,Second,21.9,5,3.1,Hyundai,i20 1.4 CRDi Magna,16,6.446991404011461
Hyderabad,Petrol,Manual,First,22.0,5,5.49,Maruti,Dzire VXI,13,6.83375104427736
Coimbatore,Petrol,Automatic,Third,8.0,4,42.91,Porsche,Panamera 2010 2013 4S,16,8.204327923429048
Jaipur,Diesel,Manual,First,17.8,5,5.7,Maruti,Swift VDi BSIII W/ ABS,11,6.009615384615385
Kolkata,Petrol,Manual,First,19.4,5,2.85,Honda,Brio S MT,12,7.245409015025041
Bangalore,Petrol,Manual,Second,18.6,5,2.35,Chevrolet,Beat LS,14,6.622185154295246
Coimbatore,Petrol,Automatic,First,13.0,5,14.76,Hyundai,Creta 1.6 SX Plus Petrol Automatic,8,7.6241357636706475
Pune,Petrol,Manual,Second,17.7,5,2.25,Honda,City ZX GXi,18,5.210420841683367
Mumbai,Petrol,Manual,First,18.5,5,3.65,Maruti,Ritz LXi,10,7.167919799498747
Delhi,Diesel,Manual,First,22.77,5,7.25,Ford,EcoSport 1.5 TDCi Trend,10,6.5814419225634175
Hyderabad,Diesel,Automatic,First,13.2,5,10.69,BMW,3 Series 320d,16,8.521303258145362
Mumbai,Petrol,Manual,Second,17.01,5,5.5,Hyundai,Verna 1.6 SX VTVT,12,7.6241357636706475
Chennai,Diesel,Manual,Fourth & Above,12.8,8,5.1,Toyota,Innova 2.5 G4 Diesel 8-seater,21,4.0898155573376105
Mumbai,Petrol,Manual,First,22.5,5,3.25,Maruti,Wagon R LXI,12,6.717434869739479
Mumbai,Diesel,Manual,First,25.47,7,9.25,Maruti,Ertiga VDI,8,7.091346153846153
Hyderabad,Petrol,Manual,First,19.7,5,1.7,Maruti,Alto LXi BSIII,18,5.816582914572864
Kochi,Petrol,Manual,First,19.0,5,2.87,Maruti,A-Star Vxi,16,6.623246492985971
Bangalore,Diesel,Automatic,First,11.0,5,17.75,BMW,X5 3.0d,17,7.851653859004344
Kolkata,Petrol,Manual,First,18.15,5,4.5,Mahindra,KUV 100 G80 K6 Plus 5Str,9,6.844741235392321
Bangalore,Petrol,Automatic,Second,19.2,5,2.95,Hyundai,i10 Magna AT,18,6.683375104427736
Pune,Petrol,Automatic,Second,12.9,5,2.6,Honda,Civic 2006-2010 1.8 S AT,19,7.226236798221233
Hyderabad,Petrol,Manual,First,20.36,5,3.0,Hyundai,i10 Sportz 1.2,16,6.591478696741855
Ahmedabad,Diesel,Automatic,Second,14.84,5,15.5,Mercedes-Benz,New C-Class C 220 CDI Elegance AT,12,7.932804479701354
Pune,Petrol,Manual,First,17.6,5,2.8,Toyota,Etios G,15,5.93114973262032
Kolkata,Petrol,Manual,First,17.0,5,2.5,Honda,City 1.5 E MT,16,7.882431529726119
Bangalore,Diesel,Manual,First,23.4,5,5.75,Maruti,Swift Dzire VDI,12,5.929487179487179
Pune,Petrol,Manual,First,22.0,5,2.8,Maruti,Swift VXI,16,6.83375104427736
Kolkata,Petrol,Manual,First,17.01,5,4.59,Hyundai,Verna 1.6 EX VTVT,12,7.6241357636706475
Pune,Diesel,Manual,First,23.2,5,3.65,Maruti,Ritz VDi,14,5.924679487179487
Mumbai,Diesel,Manual,First,13.0,7,19.85,Toyota,Fortuner 4x2 Manual,11,5.650570087189806
Pune,Diesel,Manual,First,17.1,5,18.5,Jeep,Compass 2.0 Limited,8,8.69120654396728
Hyderabad,Petrol,Manual,First,18.6,5,6.95,Hyundai,i20 Asta Option 1.2,9,6.836257309941521
Jaipur,Diesel,Manual,First,13.93,7,3.75,Tata,New Safari DICOR 2.2 EX 4x4 BS IV,14,6.333180357962368
Jaipur,Diesel,Manual,Second,19.3,5,2.3,Maruti,Swift Dzire LDi,18,5.9214743589743595
Kolkata,Diesel,Manual,First,25.0,5,2.3,Tata,Indigo eCS eLS BS IV,10,4.943409742120345
Hyderabad,Diesel,Manual,First,28.4,5,5.95,Maruti,Swift LDI,10,5.929487179487179
Kolkata,Petrol,Automatic,First,23.1,5,3.49,Maruti,Celerio VXI AT,10,6.717434869739479
Coimbatore,Diesel,Automatic,First,14.69,5,47.7,BMW,5 Series 2013-2017 530d M Sport,10,8.620113598396257
Coimbatore,Petrol,Manual,First,16.47,5,6.43,Volkswagen,Polo 1.2 MPI Highline,11,6.176961602671119
Bangalore,Diesel,Manual,First,13.93,7,4.5,Tata,Safari DICOR 2.2 LX 4x2,15,6.334557136301056
Kolkata,Petrol,Automatic,First,13.6,4,39.75,Mini,Cooper S Carbon Edition,8,11.32665832290363
Kolkata,Petrol,Manual,First,15.6,5,4.0,Ford,Figo Petrol Titanium,11,5.852842809364549
Ahmedabad,Diesel,Manual,First,26.0,5,6.98,Honda,City i DTEC V,11,6.582109479305741
Delhi,Diesel,Manual,Second,12.6,7,1.75,Hyundai,Tucson CRDi,20,5.62531391260673
Delhi,Diesel,Manual,First,20.0,5,4.75,Skoda,Laura Ambiente 2.0 TDI CR MT,13,5.513211382113821
Hyderabad,Diesel,Manual,First,11.5,7,23.5,Toyota,Fortuner 3.0 Diesel,10,5.734406438631791
Hyderabad,Diesel,Manual,First,22.32,5,7.49,Hyundai,Verna 1.6 SX,12,7.984829329962073
Hyderabad,Diesel,Manual,First,15.1,7,10.85,Mahindra,XUV500 W6 2WD,11,6.424965580541533
Mumbai,Petrol,Manual,First,25.17,5,3.5,Renault,KWID RXT,9,6.670838548185232
Bangalore,Petrol,Manual,Second,18.6,5,6.3,Hyundai,i20 Asta 1.2,11,6.836257309941521
Bangalore,Petrol,Automatic,First,15.6,5,6.75,Honda,City V AT,14,7.768871075484301
Coimbatore,Diesel,Automatic,First,10.91,7,28.88,Ford,Endeavour 3.2 Titanium AT 4X4,9,6.160100062539087
Kochi,Petrol,Automatic,First,13.7,5,14.23,Skoda,Superb Elegance 1.8 TSI AT,10,8.773637374860957
Mumbai,Diesel,Automatic,Third,22.69,5,15.0,BMW,3 Series 320d Sport,14,9.523809523809524
Jaipur,Diesel,Manual,First,23.2,5,3.75,Maruti,Ritz LDi,13,5.924679487179487
Jaipur,Petrol,Manual,First,0.0,5,1.15,Hyundai,Santro Xing XP,21,10.4306531982477
Jaipur,Diesel,Manual,Second,11.5,7,12.75,Toyota,Fortuner 3.0 Diesel,15,5.734406438631791
Mumbai,Petrol,Manual,First,16.1,5,1.95,Maruti,Swift Lxi BSIII,17,6.79506933744222
Mumbai,Petrol,Manual,First,20.3,5,4.95,Tata,Tigor 1.2 Revotron XT,8,7.005838198498749
Delhi,Petrol,Automatic,First,18.0,5,8.25,Honda,City i VTEC CVT VX,11,7.83567134268537
Hyderabad,Diesel,Automatic,First,13.2,5,20.99,BMW,3 Series 320d,13,8.521303258145362
Hyderabad,Diesel,Automatic,Second,14.21,5,17.5,Mercedes-Benz,E-Class 2009-2013 E250 CDI Blue Efficiency,16,9.472701819878674
Kochi,Diesel,Manual,First,28.4,5,5.36,Maruti,Swift VDI,11,5.929487179487179
Delhi,Petrol,Manual,First,16.02,7,6.35,Maruti,Ertiga VXI,12,6.824471959213402
Kolkata,Petrol,Manual,First,17.01,5,2.95,Hyundai,Verna 1.6 VTVT,15,7.6241357636706475
Coimbatore,Diesel,Automatic,First,12.63,5,55.7,Land,Rover Discovery Sport TD4 HSE,7,6.769160165213401
Kolkata,Petrol,Manual,First,0.0,5,1.15,Hyundai,Santro Xing GL,17,5.70902394106814
Hyderabad,Diesel,Automatic,First,19.27,5,37.5,Mercedes-Benz,New C-Class C 220 CDI Style,9,7.821745216985534
Kochi,Petrol,Manual,First,20.36,5,4.07,Hyundai,i10 Magna 1.2,9,6.591478696741855
Kolkata,Diesel,Manual,First,22.07,5,2.99,Volkswagen,Polo Diesel Comfortline 1.2L,14,6.163469557964971
Delhi,Diesel,Manual,First,24.3,5,7.9,Maruti,Vitara Brezza VDi Option,9,7.091346153846153
Mumbai,Diesel,Manual,First,19.87,5,7.49,Renault,Duster 85PS Diesel RxL,10,5.7357973990417515
Jaipur,Diesel,Manual,First,18.0,5,1.1,Tata,Indica Vista Aqua 1.3 Quadrajet,17,6.009615384615385
Delhi,Diesel,Automatic,First,11.3,7,56.0,Mercedes-Benz,GL-Class 350 CDI Blue Efficiency,10,8.530297957817208
Mumbai,Diesel,Manual,First,25.4,5,3.5,Hyundai,Xcent 1.2 CRDi S,10,6.236930860033726
Hyderabad,Diesel,Manual,First,18.1,5,3.0,Hyundai,Verna CRDi SX ABS,18,7.367716008037509
Mumbai,Petrol,Manual,First,17.01,5,6.1,Hyundai,Verna 1.6 SX VTVT,12,7.6241357636706475
Bangalore,Petrol,Manual,First,15.6,5,2.25,Ford,Figo Petrol ZXI,16,5.852842809364549
Chennai,Diesel,Manual,First,25.2,5,5.95,Maruti,Swift VDI Optional,10,5.929487179487179
Hyderabad,Diesel,Manual,First,23.08,5,4.95,Renault,Pulse RxL,13,4.3203285420944555
Bangalore,Petrol,Manual,Second,16.47,5,5.49,Volkswagen,Polo 1.2 MPI Highline,11,6.176961602671119
Delhi,Diesel,Automatic,First,22.69,5,6.67,BMW,3 Series 320d Luxury Line,7,9.523809523809524
Ahmedabad,Petrol,Manual,First,15.0,5,6.25,Skoda,Rapid 1.6 MPI Active,11,6.478097622027534
Ahmedabad,Petrol,Manual,Second,0.0,5,1.51,Hyundai,Santro GS,21,11.339028401698704
Coimbatore,Diesel,Automatic,First,12.07,7,34.88,Audi,Q7 3.0 TDI Quattro Premium Plus,12,8.136164475901584
Jaipur,Diesel,Manual,First,26.21,5,6.9,Maruti,Ciaz VDi Plus,10,7.091346153846153
Kolkata,Diesel,Manual,First,25.1,5,5.99,Honda,City i DTEC VX,12,6.582109479305741
Mumbai,Petrol,Automatic,First,10.93,5,10.4,Mercedes-Benz,E-Class 2009-2013 E350 Petrol,16,7.775871926815323
Pune,Diesel,Automatic,First,14.57,5,29.0,Audi,A6 2011-2015 3.0 TDI Quattro Premium Plus,14,8.135490394337715
Coimbatore,Diesel,Manual,Second,14.02,7,5.85,Mahindra,Xylo H4,10,5.429095915557594
Kochi,Petrol,Automatic,Third,12.0,5,2.21,Honda,City 1.5 EXI AT,20,6.697923643670463
Mumbai,Petrol,Manual,First,15.5,5,2.4,Maruti,SX4 ZXI MT BSIV,16,6.513240857503153
Pune,Petrol,Manual,Third,14.53,5,3.0,Toyota,Corolla Altis G,17,7.68075639599555
Pune,Petrol,Automatic,Second,14.4,5,3.75,Volkswagen,Vento Petrol Highline AT,14,6.483103879849812
Pune,Petrol,Manual,First,21.1,5,2.95,Hyundai,EON Era Plus,11,6.781326781326781
Hyderabad,Diesel,Manual,First,20.0,5,5.8,Skoda,Laura Ambition 2.0 TDI CR MT,15,5.513211382113821
Hyderabad,Diesel,Manual,First,22.9,5,4.9,Maruti,Swift VDI,14,5.929487179487179
Kolkata,Petrol,Automatic,First,14.28,5,16.95,Toyota,Corolla Altis 1.8 VL CVT,8,7.676863181312569
Hyderabad,Diesel,Manual,First,12.99,8,12.5,Toyota,Innova 2.5 G (Diesel) 8 Seater,13,4.0096230954290295
Hyderabad,Diesel,Manual,First,27.28,5,5.0,Tata,Tiago Wizz 1.05 Revotorq,9,6.59025787965616
Mumbai,Petrol,Manual,First,15.41,5,4.68,Skoda,Rapid 1.6 MPI Ambition,11,6.478097622027534
Mumbai,Diesel,Automatic,First,10.91,7,29.8,Ford,Endeavour 3.2 Titanium AT 4X4,10,6.160100062539087
Kochi,Petrol,Manual,Second,25.17,5,3.46,Renault,KWID RXL,9,6.670838548185232
Pune,Diesel,Manual,First,23.0,5,4.0,Hyundai,i20 1.4 Asta CRDi with AVN,14,6.446991404011461
Chennai,Diesel,Manual,Second,17.5,5,4.5,Skoda,Laura Ambiente,14,5.590717299578059
Kochi,Diesel,Manual,First,21.43,5,5.87,Toyota,Corolla Altis Diesel D4DG,13,6.392961876832845
Delhi,Diesel,Manual,First,15.4,8,9.5,Mahindra,Scorpio S8 8 Seater,11,5.507113354749885
Chennai,Diesel,Automatic,First,14.16,5,32.5,Audi,Q5 2.0 TDI Premium Plus,13,8.856707317073171
Coimbatore,Diesel,Manual,First,18.2,8,3.88,Chevrolet,Enjoy TCDi LS 8 Seater,12,5.913461538461538
Coimbatore,Diesel,Automatic,First,22.69,5,13.08,BMW,3 Series 320d,13,9.523809523809524
Delhi,Diesel,Manual,First,21.64,5,3.5,Nissan,Sunny 2011-2014 Diesel XV,14,5.804243668720054
Mumbai,Petrol,Manual,Second,12.8,5,3.5,Honda,Accord 2.4 MT,16,7.544604927782498
Bangalore,Diesel,Manual,First,16.8,5,4.45,Hyundai,Verna CRDi,16,7.367716008037509
Jaipur,Petrol,Manual,First,16.8,8,2.35,Maruti,Omni E MPI STD BS IV,11,4.296482412060302
Kolkata,Petrol,Manual,First,17.4,5,5.0,Honda,City i VTEC SV,11,7.83567134268537
Kolkata,Diesel,Automatic,Second,0.0,5,28.0,Audi,A7 2011-2015 Sportback,14,8.136164475901584
Chennai,Petrol,Manual,Second,16.6,5,2.0,Ford,Fiesta 1.4 ZXi Leather,19,4.899135446685879
Mumbai,Diesel,Manual,First,22.54,5,6.35,Hyundai,i20 1.4 Asta,11,6.356017191977077
Kochi,Diesel,Automatic,First,13.0,5,24.63,Mercedes-Benz,E-Class E250 CDI Avantgrade,11,9.384041063929072
Chennai,Diesel,Manual,First,22.77,5,7.9,Ford,EcoSport 1.5 TDCi Trend Plus,10,6.5814419225634175
Mumbai,Petrol,Manual,First,18.5,5,3.25,Hyundai,i20 1.2 Magna,15,6.683375104427736
Delhi,Petrol,Manual,Second,17.8,5,8.25,Honda,City i VTEC V,10,7.83567134268537
Kolkata,Diesel,Manual,First,23.08,5,2.85,Nissan,Micra Diesel XV,15,4.31895961670089
Pune,Diesel,Manual,Second,20.0,5,3.2,Ford,Figo Diesel EXI,16,4.8606147248034315
Kolkata,Petrol,Manual,First,18.44,5,1.75,Nissan,Micra XL,13,6.260434056761269
Kolkata,Diesel,Manual,First,17.8,5,3.38,Maruti,Swift VDI BSIV,13,9.076674177321317
Ahmedabad,Petrol,Manual,Second,12.8,5,5.75,Honda,Accord 2.4 MT,17,7.544604927782498
Mumbai,Petrol,Automatic,First,13.7,5,4.7,Skoda,Superb Elegance 1.8 TSI AT,16,8.773637374860957
Hyderabad,Petrol,Manual,First,14.0,5,2.9,Maruti,Omni 8 Seater BSIV,9,4.396984924623116
Ahmedabad,Diesel,Manual,First,21.9,5,4.25,Hyundai,i20 Magna Optional 1.4 CRDi,14,6.3610315186246424
Chennai,Diesel,Automatic,First,17.01,5,14.5,Hyundai,Creta 1.6 CRDi AT SX Plus,9,7.977243994943111
Kochi,Diesel,Manual,First,25.2,5,5.34,Maruti,Swift VDI BSIV,10,5.929487179487179
Jaipur,Diesel,Manual,First,25.2,5,3.85,Maruti,Swift LDI BSIV,12,5.929487179487179
Hyderabad,Diesel,Manual,First,12.8,8,8.5,Toyota,Innova 2.5 G (Diesel) 8 Seater BS IV,17,4.0898155573376105
Mumbai,Diesel,Manual,First,24.4,5,4.2,Hyundai,Xcent 1.1 CRDi Base,10,6.3392857142857135
Delhi,Diesel,Manual,First,20.77,7,6.75,Maruti,Ertiga Paseo VDI,10,7.107371794871795
Jaipur,Diesel,Automatic,First,10.91,7,26.0,Ford,Endeavour 3.2 Trend AT 4X4,10,6.16635397123202
Coimbatore,Diesel,Manual,First,22.54,5,8.61,Hyundai,i20 1.4 Sportz,7,6.356017191977077
Mumbai,Petrol,Manual,First,19.0,5,1.46,Maruti,Zen Estilo LXI BS IV,17,6.723446893787574
Mumbai,Diesel,Manual,Second,21.1,5,2.8,Maruti,Ritz VDi,15,5.9214743589743595
Mumbai,Petrol,Manual,First,17.0,5,5.47,Honda,City 1.5 S MT,12,7.882431529726119
Mumbai,Petrol,Manual,First,17.5,5,2.45,Maruti,Swift Dzire ZXi,17,6.610169491525424
Hyderabad,Diesel,Automatic,First,17.05,5,21.5,BMW,X1 sDrive 20d Sportline,12,9.223057644110275
Mumbai,Petrol,Manual,First,15.0,5,1.38,Tata,Manza Aqua Safire,16,6.578947368421052
Chennai,Diesel,Manual,First,16.0,7,13.5,Mahindra,XUV500 W10 2WD,10,6.424965580541533
Bangalore,Petrol,Automatic,Second,16.95,5,3.1,Hyundai,i10 Sportz AT,17,6.591478696741855
Mumbai,Petrol,Manual,First,21.4,5,5.49,Maruti,Baleno Sigma 1.2,10,6.942355889724311
Kochi,Diesel,Manual,First,24.3,5,9.51,Maruti,Vitara Brezza ZDi Plus Dual Tone,9,7.091346153846153
Mumbai,Petrol,Manual,First,15.6,5,2.39,Ford,Figo Petrol ZXI,14,5.854515050167223
Mumbai,Petrol,Automatic,First,18.19,5,5.65,Volkswagen,Vento Sport 1.2 TSI AT,12,8.646616541353383
Ahmedabad,Diesel,Manual,First,14.95,7,1.85,Mahindra,Xylo D2 BS III,16,3.7645640819606268
Kochi,Petrol,Automatic,First,13.33,5,2.02,Porsche,Cayenne Base,7,11.352253756260435
Hyderabad,Diesel,Manual,First,19.3,5,5.8,Maruti,Swift Dzire VDi,13,5.9214743589743595
Hyderabad,Petrol,Manual,First,16.2,5,6.9,Volkswagen,Polo 1.2 MPI Highline Plus,9,6.171809841534612
Chennai,Petrol,Manual,Second,17.01,5,5.35,Hyundai,Verna 1.6 VTVT,13,7.6241357636706475
Bangalore,Petrol,Manual,First,19.81,5,2.85,Hyundai,i10 Era 1.1,16,6.266114180478821
Chennai,Diesel,Automatic,First,13.0,5,22.75,Mercedes-Benz,E-Class E250 CDI Launch Edition,12,9.519365375641623
Jaipur,Petrol,Manual,Third,17.3,5,0.45,Maruti,Zen LXI,28,6.042296072507553
Coimbatore,Petrol,Manual,First,20.36,5,4.64,Hyundai,i10 Sportz,13,6.591478696741855
Coimbatore,Diesel,Manual,First,25.8,5,5.27,Honda,Amaze S i-Dtech,10,6.582109479305741
Jaipur,Diesel,Manual,First,14.1,7,10.0,Tata,Safari Storme VX,10,6.792106470858192
Mumbai,Petrol,Manual,First,18.5,5,3.95,Honda,Brio 1.2 S MT,11,7.245409015025041
Kochi,Petrol,Manual,First,17.0,5,3.38,Hyundai,i20 Asta,16,6.683375104427736
Coimbatore,Petrol,Manual,First,14.69,5,16.8,Volkswagen,Jetta 2012-2014 1.4 TSI,8,8.6568345323741
Kolkata,Petrol,Manual,First,16.7,5,1.99,Honda,Jazz Select Edition,16,7.412353923205342
Coimbatore,Petrol,Manual,First,18.9,5,5.84,Hyundai,Grand i10 Sportz,9,6.8504594820384295
Coimbatore,Diesel,Automatic,First,14.74,5,36.15,Jaguar,XF Diesel,10,9.05111927831607
Kolkata,Diesel,Automatic,First,16.36,5,25.7,Jaguar,XF 2.2 Litre Luxury,12,8.614043139054612
Coimbatore,Diesel,Manual,First,16.0,7,9.24,Mahindra,XUV500 W8 2WD,13,6.424965580541533
Delhi,Diesel,Manual,First,22.7,5,7.65,Maruti,S Cross DDiS 320 Alpha,11,7.3842302878598245
Coimbatore,Diesel,Automatic,First,17.11,5,25.31,Audi,A4 2.0 TDI 177 Bhp Premium Plus,11,8.858231707317074
Delhi,Diesel,Manual,First,19.01,5,4.75,Renault,Duster 110PS Diesel RxZ,13,7.42299794661191
Coimbatore,Petrol,Manual,First,19.1,5,6.69,Maruti,Swift Dzire VXI,12,7.167919799498747
Mumbai,Petrol,Manual,First,16.47,5,3.1,Volkswagen,Polo Petrol Trendline 1.2L,14,6.168614357262104
Jaipur,Petrol,Manual,First,19.7,8,1.55,Maruti,Omni 8 Seater BSII,14,4.396984924623116
Coimbatore,Petrol,Automatic,First,18.9,5,6.84,Hyundai,Grand i10 1.2 Kappa Magna AT,7,6.838763575605681
Hyderabad,Petrol,Manual,First,25.4,4,1.6,Tata,Nano Twist XT,12,6.009615384615385
Kochi,Petrol,Automatic,First,17.84,5,21.73,Audi,A4 30 TFSI Premium Plus,9,10.574193548387097
Mumbai,Petrol,Manual,First,16.47,5,4.75,Volkswagen,Polo 1.2 MPI Highline,11,6.176961602671119
Chennai,Petrol,Manual,First,22.74,5,2.45,Maruti,Alto 800 LXI,11,5.942211055276381
Kochi,Diesel,Automatic,First,20.7,5,31.55,Mini,Cooper 5 DOOR D,7,7.6189839572192515
Delhi,Diesel,Automatic,Second,15.2,5,10.25,Audi,A4 New 2.0 TDI Multitronic,14,7.154471544715448
Coimbatore,Diesel,Manual,First,12.62,7,27.36,Ford,Endeavour Titanium 4X2,7,7.188353048225659
Hyderabad,Petrol,Manual,Second,15.8,5,6.5,Ford,Ecosport 1.5 Ti VCT MT Titanium,13,7.338225483655771
Jaipur,Petrol,Manual,First,18.9,5,4.25,Hyundai,Grand i10 Magna,10,6.8504594820384295
Mumbai,Petrol,Manual,First,18.2,5,5.5,Chevrolet,Sail 1.2 LS,12,6.872393661384487
Kolkata,Petrol,Manual,First,20.85,5,4.0,Maruti,Swift Dzire LXI,11,6.945697577276524
Kochi,Petrol,Manual,First,17.57,5,4.65,Tata,Zest Revotron 1.2T XM,9,7.435037720033528
Delhi,Diesel,Automatic,First,19.27,5,28.5,Mercedes-Benz,New C-Class C 220 CDI Avantgarde,11,7.932804479701354
Coimbatore,Diesel,Manual,First,17.3,5,7.11,Chevrolet,Cruze LTZ,12,8.193193193193192
Hyderabad,Diesel,Manual,First,21.1,5,3.9,Maruti,Ritz VDi,13,5.9214743589743595
Jaipur,Petrol,Manual,First,18.9,5,5.6,Hyundai,Grand i10 1.2 Kappa Sportz Option,9,6.838763575605681
Pune,Diesel,Manual,Third,28.4,5,2.25,Maruti,Dzire LDI,14,5.909455128205128
Kolkata,Diesel,Manual,First,22.32,5,3.9,Hyundai,Verna 1.6 SX,15,7.984829329962073
Coimbatore,Diesel,Automatic,First,14.74,5,28.63,Jaguar,XF Diesel,12,9.05111927831607
Delhi,Petrol,Automatic,First,13.7,5,7.25,Skoda,Superb Elegance 1.8 TSI AT,13,8.773637374860957
Pune,Petrol,Manual,Second,18.9,5,2.0,Maruti,Wagon R LXI,20,6.723446893787574
Mumbai,Petrol,Manual,First,16.47,5,3.5,Volkswagen,Polo Petrol Highline 1.2L,15,6.168614357262104
Hyderabad,Petrol,Manual,First,14.8,5,5.0,Honda,Civic 2010-2013 1.8 S MT,15,7.237354085603112
Chennai,Petrol,Manual,First,22.5,5,3.45,Maruti,Wagon R VXI,12,6.717434869739479
Kolkata,Diesel,Manual,First,23.4,5,4.5,Maruti,Swift Dzire VDI,13,5.929487179487179
Coimbatore,Petrol,Automatic,First,13.0,5,14.36,Hyundai,Creta 1.6 SX Plus Petrol Automatic,8,7.6241357636706475
Bangalore,Petrol,Manual,First,18.9,5,5.5,Hyundai,Grand i10 Asta,10,6.8504594820384295
Mumbai,Diesel,Manual,First,23.08,5,3.0,Nissan,Micra Diesel XV Premium,13,4.31895961670089
Coimbatore,Petrol,Manual,First,18.9,5,6.08,Hyundai,Grand i10 1.2 Kappa Asta,9,6.838763575605681
Chennai,Diesel,Manual,First,20.54,5,5.0,Volkswagen,Vento Diesel Highline,13,6.483103879849812
Kochi,Diesel,Automatic,First,12.55,7,20.25,Toyota,Fortuner 4x2 AT,11,5.650570087189806
Chennai,Petrol,Manual,Third,0.0,5,1.2,Hyundai,Santro GS zipDrive - Euro II,24,11.339028401698704
Pune,Diesel,Automatic,First,11.36,7,18.0,Toyota,Innova Crysta 2.8 GX AT,8,6.2250453720508165
Pune,Diesel,Automatic,First,20.0,5,17.5,Mercedes-Benz,A Class A180 CDI,11,5.006999533364443
Pune,Petrol,Manual,First,21.1,5,2.1,Hyundai,EON D Lite,13,6.781326781326781
Bangalore,Diesel,Manual,Second,22.7,5,7.5,Hyundai,Elantra CRDi SX,14,7.979772439949431
Kochi,Diesel,Automatic,Second,20.7,4,24.77,Mini,Cooper 3 DOOR D,11,7.6189839572192515
Bangalore,Diesel,Manual,First,19.64,5,8.65,Renault,Duster 110PS Diesel RXZ Option,11,7.42299794661191
Chennai,Diesel,Automatic,First,10.91,7,35.5,Ford,Endeavour 3.2 Titanium AT 4X4,7,6.160100062539087
Delhi,Petrol,Manual,First,14.28,5,10.5,Toyota,Corolla Altis GL MT,12,7.676863181312569
Delhi,Diesel,Manual,First,14.0,7,13.0,Mahindra,XUV500 W7,8,7.113354749885269
Kolkata,Diesel,Automatic,First,16.77,5,26.5,BMW,7 Series 730Ld Design Pure Excellence CBU,14,8.736719011025727
Ahmedabad,Petrol,Manual,Second,17.3,5,1.4,Maruti,Wagon R LX BSIII,22,6.032045240339302
Kochi,Petrol,Manual,First,17.8,5,7.51,Honda,City i VTEC SV,9,7.83567134268537
Delhi,Diesel,Manual,First,22.9,5,4.3,Maruti,Swift VDI,12,5.929487179487179
Mumbai,Petrol,Automatic,First,18.0,5,8.95,Honda,City i-VTEC CVT VX,11,7.83567134268537
Kochi,Diesel,Manual,First,20.77,7,6.91,Maruti,Ertiga VDI,11,7.112179487179487
Coimbatore,Diesel,Manual,First,19.01,5,9.75,Renault,Duster 110PS Diesel RxZ,10,7.42299794661191
Jaipur,Diesel,Manual,Second,19.3,5,4.0,Maruti,Swift Dzire VDi,16,5.9214743589743595
Hyderabad,Diesel,Manual,First,23.2,5,3.65,Maruti,Ritz VDi,15,5.924679487179487
Chennai,Diesel,Manual,First,15.1,7,10.75,Mahindra,XUV500 W8 4WD,13,6.424965580541533
Kochi,Petrol,Manual,First,19.4,5,4.51,Honda,Brio S MT,11,7.245409015025041
Coimbatore,Diesel,Automatic,First,0.0,5,49.22,Mercedes-Benz,M-Class ML 350 4Matic,10,5.523937060595915
Coimbatore,Diesel,Manual,First,21.02,5,3.7,Tata,Manza Club Class Quadrajet90 LS,12,7.115384615384615
Hyderabad,Diesel,Manual,First,12.8,7,12.99,Toyota,Innova 2.5 V Diesel 7-seater,12,4.0898155573376105
Delhi,Petrol,Manual,First,18.6,5,4.15,Maruti,Swift VXI,11,7.167919799498747
Kolkata,Petrol,Manual,First,17.01,5,4.4,Hyundai,Verna 1.6 EX VTVT,14,7.6241357636706475
Kolkata,Petrol,Manual,First,17.3,7,4.25,Honda,Mobilio S i VTEC,11,7.83567134268537
Mumbai,Petrol,Manual,First,18.0,5,4.25,Honda,Amaze S i-Vtech,9,7.237061769616027
Jaipur,Petrol,Automatic,First,18.0,5,7.7,Honda,City i-VTEC CVT VX,9,7.83567134268537
Pune,Diesel,Automatic,First,12.7,5,39.75,Land,Rover Range Rover 2.2L Dynamic,11,8.614043139054612
Mumbai,Petrol,Manual,First,17.4,5,8.5,Honda,City i-VTEC V,9,7.83567134268537
Jaipur,Petrol,Automatic,First,9.5,5,7.0,Mercedes-Benz,E-Class 280 Elegance,18,7.711044377711045
Chennai,Petrol,Manual,Third,13.8,5,0.8,Ford,Ikon 1.3 Flair,24,5.388760585065435
Delhi,Diesel,Manual,First,13.0,7,15.25,Toyota,Fortuner 4x2 Manual,13,5.650570087189806
Hyderabad,Petrol,Manual,First,19.0,5,2.25,Maruti,A-Star Vxi,18,6.623246492985971
Kolkata,Diesel,Manual,First,14.07,7,4.85,Tata,Sumo EX,10,4.265913757700205
Coimbatore,Petrol,Automatic,Second,15.6,5,6.42,Honda,City V AT,14,7.768871075484301
Chennai,Diesel,Manual,Second,23.19,5,2.5,Nissan,Micra XV D,14,4.3203285420944555
Hyderabad,Diesel,Automatic,First,19.08,5,5.75,Hyundai,Verna SX CRDi AT,15,7.984829329962073
Pune,Petrol,Manual,First,16.1,4,0.5,Maruti,800 Std,23,4.648241206030151
Coimbatore,Diesel,Manual,First,15.1,7,11.52,Mahindra,XUV500 W8 4WD,11,6.424965580541533
Delhi,Diesel,Manual,First,21.5,5,4.5,Maruti,SX4 VDI,12,7.115384615384615
Bangalore,Petrol,Automatic,First,15.0,5,4.75,Hyundai,i20 Sportz AT 1.4,13,7.063037249283667
Coimbatore,Diesel,Manual,First,19.67,5,13.54,Hyundai,Creta 1.6 CRDi SX,7,7.977243994943111
Kochi,Diesel,Automatic,First,13.0,5,23.41,Mercedes-Benz,E-Class E250 CDI Avantgrade,11,9.384041063929072
Hyderabad,Diesel,Automatic,Second,12.55,7,19.25,Toyota,Fortuner 4x2 AT,13,5.650570087189806
Ahmedabad,Diesel,Automatic,First,9.0,5,20.0,Volvo,S60 D4 KINETIC,11,9.122983870967742
Delhi,Diesel,Automatic,First,14.21,5,13.0,Mercedes-Benz,E-Class 2009-2013 E250 CDI Avantgarde,15,9.472701819878674
Chennai,Petrol,Manual,First,10.2,5,3.99,Honda,Accord 2.4 Elegance M/T,16,7.646559048428207
Pune,Diesel,Manual,First,25.8,5,4.65,Honda,Amaze S i-Dtech,11,6.582109479305741
Ahmedabad,Diesel,Manual,First,28.4,5,4.65,Maruti,Dzire ZDI,13,5.909455128205128
Kolkata,Petrol,Manual,First,18.6,5,3.15,Maruti,Swift LXI,13,7.167919799498747
Delhi,Petrol,Automatic,First,14.53,5,8.25,Toyota,Corolla Altis G HV AT,13,7.68075639599555
Bangalore,Diesel,Automatic,Second,11.49,5,65.0,Land,Rover Range Rover Vogue SE 4.4 SDV8,14,7.678039844286697
Chennai,Diesel,Manual,First,22.9,5,4.5,Maruti,Swift VDI,14,5.929487179487179
Kolkata,Diesel,Manual,First,16.3,5,17.5,Jeep,Compass 2.0 Limited Option 4X4,9,8.69120654396728
Mumbai,Petrol,Manual,First,20.4,5,4.31,Maruti,Swift VXI BSIV,10,6.83375104427736
Kochi,Petrol,Manual,First,18.7,5,6.2,Honda,Jazz 1.2 SV i VTEC,10,7.397831526271894
Chennai,Diesel,Manual,First,23.59,5,4.67,Toyota,Etios GD,15,8.304757605056455
Kochi,Petrol,Manual,First,16.47,5,3.32,Volkswagen,Polo Petrol Trendline 1.2L,15,6.168614357262104
Delhi,Petrol,Automatic,First,12.9,5,3.75,Honda,Civic 2006-2010 1.8 V AT,15,7.226236798221233
Bangalore,Petrol,Manual,First,16.78,5,4.7,Toyota,Etios G SP,13,5.93114973262032
Chennai,Petrol,Manual,First,17.01,5,6.5,Hyundai,Verna 1.6 SX VTVT,10,7.6241357636706475
Hyderabad,Diesel,Manual,First,12.8,8,7.25,Toyota,Innova 2.5 G4 Diesel 8-seater,17,4.0898155573376105
Coimbatore,Diesel,Manual,First,22.7,5,8.94,Maruti,SX4 S Cross DDiS 320 Zeta,10,7.3842302878598245
Kolkata,Petrol,Manual,First,19.0,5,7.34,Ford,Freestyle Titanium Plus Petrol,8,7.9296482412060305
Delhi,Petrol,Manual,First,21.4,5,6.9,Maruti,Baleno Alpha 1.2,10,6.942355889724311
Mumbai,Petrol,Manual,First,18.2,5,5.9,Honda,Jazz V,10,7.397831526271894
Pune,Diesel,Automatic,First,22.32,5,6.75,Hyundai,Verna 1.6 CRDi EX AT,13,7.983565107458912
Ahmedabad,Diesel,Manual,First,25.8,5,4.1,Honda,Amaze VX i-DTEC,12,6.582109479305741
Mumbai,Diesel,Automatic,First,18.51,5,27.0,Audi,Q3 30 TDI Premium FWD,9,7.495426829268292
Mumbai,Petrol,Manual,First,15.0,5,4.5,Skoda,Rapid 2013-2016 1.6 MPI Ambition,12,6.478097622027534
Kolkata,Diesel,Automatic,First,17.11,5,14.5,Audi,A4 2.0 TDI 177 Bhp Premium Plus,13,8.858231707317074
Jaipur,Diesel,Manual,First,23.4,5,5.25,Maruti,Swift Dzire VDI,12,5.929487179487179
Kolkata,Diesel,Manual,Second,22.3,5,1.2,Tata,Indica Vista Quadrajet LS,14,5.929487179487179
Jaipur,Diesel,Manual,Second,12.99,8,4.95,Toyota,Innova 2.5 G (Diesel) 8 Seater,20,4.033680834001604
Hyderabad,Diesel,Manual,First,19.64,5,7.5,Renault,Duster 110PS Diesel RxZ Plus,13,7.42299794661191
Kolkata,Petrol,Automatic,First,10.0,4,48.0,Mercedes-Benz,E-Class E400 Cabriolet,11,11.114819759679573
Delhi,Diesel,Manual,First,25.8,5,4.45,Honda,Amaze S i-Dtech,11,6.582109479305741
Coimbatore,Diesel,Automatic,First,11.57,5,59.65,Mercedes-Benz,GLE 350d,8,8.529963173752929
Kochi,Diesel,Manual,First,23.2,5,4.38,Maruti,Ritz VDi,11,5.924679487179487
Kochi,Diesel,Manual,First,28.09,5,7.9,Maruti,Ciaz ZDi Plus SHVS,10,7.091346153846153
Bangalore,Petrol,Manual,Second,0.0,5,1.88,Hyundai,Santro Xing GL,18,5.70902394106814
Coimbatore,Petrol,Automatic,First,21.4,5,7.29,Maruti,Baleno Delta CVT,8,6.942355889724311
Hyderabad,Diesel,Manual,First,23.5,5,6.0,Ford,Fiesta Diesel Titanium Plus,14,5.921228304405875
Chennai,Diesel,Manual,Third,16.0,7,6.7,Mahindra,XUV500 W8 2WD,15,6.424965580541533
Jaipur,Petrol,Manual,First,19.7,5,1.5,Maruti,Alto LXi,17,5.816582914572864
Kochi,Diesel,Automatic,First,20.7,4,23.8,Mini,Cooper 3 DOOR D,10,7.6189839572192515
Kochi,Diesel,Manual,First,15.1,7,7.77,Mahindra,XUV500 W8 4WD,12,6.424965580541533
Coimbatore,Petrol,Manual,First,17.92,5,3.32,Hyundai,Santro Xing GLS,14,5.718232044198896
Kochi,Diesel,Manual,First,22.9,5,4.94,Maruti,Swift VDI,11,5.929487179487179
Delhi,Diesel,Automatic,Second,20.0,5,11.0,Mercedes-Benz,A Class A180 CDI,13,5.006999533364443
Hyderabad,Petrol,Manual,First,25.17,5,3.4,Renault,KWID RXT,10,6.670838548185232
Kochi,Diesel,Manual,First,22.9,5,4.17,Maruti,Swift VDI,13,5.929487179487179
Hyderabad,Petrol,Manual,Second,17.3,5,1.25,Maruti,Zen LXI,21,6.042296072507553
Mumbai,Petrol,Automatic,First,18.9,5,5.45,Hyundai,Grand i10 Magna AT,10,6.8504594820384295
Jaipur,Diesel,Manual,First,21.12,5,2.59,Tata,Manza Aura Quadrajet BS IV,14,7.115384615384615
Pune,Diesel,Manual,First,16.0,7,12.01,Mahindra,XUV500 W10 AWD,11,6.424965580541533
Delhi,Petrol,Manual,Second,17.5,5,2.45,Maruti,Swift Dzire 1.2 Vxi BSIV,16,7.167919799498747
Bangalore,Diesel,Automatic,First,15.73,5,29.0,Audi,Q3 35 TDI Quattro Premium Plus,11,8.858231707317074
Hyderabad,Diesel,Manual,Second,17.8,5,2.4,Ford,Fiesta 1.4 SXi TDCi,18,8.096990259683349
Hyderabad,Diesel,Automatic,First,14.84,5,11.99,Mercedes-Benz,New C-Class C 220 CDI Elegance AT,16,7.932804479701354
Delhi,Petrol,Automatic,First,18.0,5,7.9,Honda,City i VTEC CVT VX,11,7.83567134268537
Pune,Diesel,Manual,Third,12.8,7,6.25,Toyota,Innova 2.5 GX 7 STR,16,4.0898155573376105
Pune,Petrol,Manual,Second,18.6,5,1.8,Chevrolet,Beat LT,15,6.622185154295246
Mumbai,Petrol,Manual,First,18.7,5,4.9,Honda,Jazz 1.2 S i VTEC,11,7.397831526271894
Jaipur,Petrol,Manual,First,18.06,5,2.25,Nissan,Micra XL Primo,16,6.260434056761269
Coimbatore,Petrol,Automatic,First,19.12,5,8.89,Maruti,Ciaz AT ZXi,9,6.635105608157319
Mumbai,Diesel,Automatic,First,12.55,7,15.0,Toyota,Fortuner 4x2 AT,14,5.650570087189806
Kolkata,Diesel,Manual,First,26.1,5,5.65,Ford,Aspire Ambiente Diesel,8,6.608811748998665
Jaipur,Diesel,Manual,First,20.77,7,7.0,Maruti,Ertiga ZDI,12,7.115384615384615
Hyderabad,Petrol,Manual,First,22.74,5,2.95,Maruti,Alto 800 LXI,10,5.942211055276381
Chennai,Petrol,Manual,First,19.4,5,3.3,Honda,Brio V MT,13,7.245409015025041
Hyderabad,Diesel,Manual,Second,16.2,5,3.5,Hyundai,Verna Transform CRDi VGT SX ABS,16,7.367716008037509
Jaipur,Petrol,Manual,First,12.8,5,2.3,Honda,City 1.5 GXI,19,6.697923643670463
Coimbatore,Diesel,Manual,First,19.67,5,13.69,Hyundai,Creta 1.6 CRDi SX,9,7.977243994943111
Delhi,Diesel,Manual,First,23.59,5,3.1,Toyota,Etios Liva GD,13,4.916422287390029
Mumbai,Petrol,Manual,First,13.44,5,12.75,Hyundai,Sonata Transform 2.4 GDi MT,12,8.403984739296313
Pune,Diesel,Manual,First,19.67,5,13.75,Hyundai,Creta 1.6 CRDi SX Option,9,7.977243994943111
Chennai,Petrol,Manual,First,18.7,5,6.75,Honda,Jazz 1.2 SV i VTEC,9,7.397831526271894
Chennai,Diesel,Manual,First,20.54,5,5.25,Volkswagen,Vento Diesel Comfortline,12,6.483103879849812
Mumbai,Diesel,Manual,First,16.0,7,8.75,Mahindra,XUV500 W6 2WD,11,6.424965580541533
Kochi,Diesel,Manual,First,18.49,7,8.87,Mahindra,TUV 300 2015-2019 T8,9,6.697923643670463
Bangalore,Petrol,Automatic,Second,11.1,5,6.5,Honda,Accord 2001-2003 2.3 VTi L AT,16,6.032285471537808
Pune,Diesel,Manual,First,20.77,7,4.5,Maruti,Ertiga VDI,14,7.112179487179487
Hyderabad,Diesel,Manual,First,12.83,7,12.5,Mahindra,Ssangyong Rexton RX5,14,6.008902077151335
Delhi,Diesel,Automatic,First,12.55,7,16.8,Toyota,Fortuner 4x2 AT,12,5.650570087189806
Hyderabad,Diesel,Manual,First,20.77,7,8.75,Maruti,Ertiga ZDI,10,7.115384615384615
Pune,Diesel,Automatic,First,19.5,5,8.5,Hyundai,Elantra CRDi SX AT,13,7.979772439949431
Kolkata,Petrol,Manual,First,20.36,5,2.21,Hyundai,i10 Magna 1.2,15,6.591478696741855
Jaipur,Petrol,Manual,First,16.8,5,1.6,Maruti,Omni MPI STD BSIV,14,4.296482412060302
Delhi,Petrol,Automatic,First,15.5,5,6.25,Honda,Amaze VX AT i-Vtech,10,7.237061769616027
Mumbai,Petrol,Automatic,Second,12.9,5,2.25,Honda,Civic 2006-2010 1.8 V AT,19,7.226236798221233
Kochi,Diesel,Automatic,First,17.9,5,25.75,Mercedes-Benz,CLA 200 CDI Sport,7,6.346243583761082
Ahmedabad,Petrol,Manual,Second,13.14,5,6.75,Skoda,Superb 1.8 TFSI MT,16,8.776418242491658
Ahmedabad,Diesel,Manual,First,28.09,5,6.25,Maruti,Ciaz ZDi Plus SHVS,11,7.091346153846153
Delhi,Diesel,Manual,First,22.7,5,5.1,Ford,Ecosport 1.5 DV5 MT Titanium Optional,13,5.9973297730307085
Mumbai,Diesel,Automatic,Second,8.7,5,10.75,Mercedes-Benz,M-Class ML 320 CDI,17,7.5105456980247745
Hyderabad,Diesel,Manual,First,24.0,5,5.7,Hyundai,Grand i10 CRDi Sportz,10,6.25
Bangalore,Diesel,Manual,First,20.5,5,5.95,Volkswagen,Vento Diesel Breeze,13,6.570713391739674
Kochi,Diesel,Manual,First,25.44,5,2.4,Chevrolet,Beat Diesel LT,14,6.014957264957264
Mumbai,Diesel,Manual,First,17.21,7,3.49,Mahindra,Quanto C6,13,6.697923643670463
Hyderabad,Petrol,Automatic,First,19.2,5,4.0,Hyundai,i10 Asta 1.2 AT with Sunroof,15,6.683375104427736
Delhi,Diesel,Manual,First,23.59,5,3.85,Toyota,Etios Liva 1.4 GD,13,4.914956011730206
Mumbai,Petrol,Automatic,First,14.53,5,3.95,Toyota,Corolla Altis 2008-2013 1.8 VL AT,16,7.697881828316611
Jaipur,Petrol,Manual,Second,20.36,5,3.0,Hyundai,i10 Magna 1.2,13,6.591478696741855
Kochi,Petrol,Manual,First,18.16,5,6.7,Ford,Figo Aspire 1.2 Ti-VCT Titanium,8,7.25752508361204
Coimbatore,Petrol,Manual,First,18.5,5,6.14,Maruti,Ritz ZXi,10,7.167919799498747
Bangalore,Petrol,Automatic,Second,15.0,5,4.4,Hyundai,i20 Sportz AT 1.4,14,7.063037249283667
Pune,Diesel,Manual,First,26.59,5,4.25,Maruti,Swift Dzire LDI,9,5.929487179487179
Kochi,Petrol,Automatic,First,8.77,5,25.93,BMW,7 Series 2007-2012 750Li,16,9.146757679180888
Kolkata,Diesel,Manual,First,22.7,5,7.0,Maruti,S Cross DDiS 320 Alpha,10,7.3842302878598245
Coimbatore,Diesel,Automatic,First,12.55,7,25.12,Toyota,Fortuner 4x4 AT,9,5.650570087189806
Kochi,Petrol,Manual,First,20.3,5,4.45,Hyundai,EON 1.0 Magna Plus Option O,9,6.818637274549098
Kolkata,Diesel,Manual,First,21.9,5,2.4,Hyundai,i20 1.4 CRDi Magna,15,6.446991404011461
Pune,Diesel,Manual,Second,20.54,5,4.33,Volkswagen,Vento Diesel Highline,14,6.483103879849812
Coimbatore,Petrol,Automatic,First,18.5,5,6.93,Maruti,Swift Dzire VXi AT,9,6.945697577276524
Ahmedabad,Diesel,Manual,First,21.9,5,4.25,Hyundai,i20 Magna 1.4 CRDi,12,6.446991404011461
Pune,Diesel,Automatic,First,14.21,5,12.5,Mercedes-Benz,E-Class 2009-2013 E250 CDI Blue Efficiency,16,9.472701819878674
Chennai,Petrol,Manual,First,18.9,5,4.9,Hyundai,Grand i10 Sportz,11,6.8504594820384295
Mumbai,Diesel,Manual,First,23.0,5,4.5,Hyundai,i20 1.4 CRDi Sportz,12,6.446991404011461
Jaipur,Petrol,Manual,First,25.17,5,3.0,Renault,KWID RXT,10,6.670838548185232
Chennai,Petrol,Automatic,First,16.9,5,5.8,Hyundai,Xcent 1.2 Kappa AT SX Option,11,6.8504594820384295
Pune,Petrol,Manual,First,15.04,5,3.33,Volkswagen,Vento Petrol Highline,15,6.483103879849812
Kochi,Diesel,Automatic,First,14.39,5,6.62,Chevrolet,Cruze LTZ AT,11,8.193193193193192
Mumbai,Diesel,Manual,Second,19.01,5,5.75,Nissan,Terrano XL 110 PS,11,7.426420260095824
Hyderabad,Diesel,Manual,First,22.32,5,6.2,Hyundai,Verna 1.6 SX,14,7.984829329962073
Chennai,Petrol,Automatic,First,23.1,5,3.5,Maruti,Celerio VXI AMT,11,6.717434869739479
Pune,Petrol,Manual,First,18.9,5,2.0,Maruti,Wagon R LXI,16,6.723446893787574
Chennai,Diesel,Manual,First,21.9,5,4.0,Hyundai,i20 Magna Optional 1.4 CRDi,14,6.3610315186246424
Mumbai,Petrol,Automatic,First,12.3,5,9.5,Audi,A4 1.8 TFSI,15,9.163391353172374
Mumbai,Diesel,Automatic,First,17.05,5,17.5,BMW,X1 sDrive20d,13,9.223057644110275
Mumbai,Petrol,Automatic,First,14.3,5,6.11,Skoda,Rapid 1.6 MPI AT Elegance Plus,11,6.478097622027534
Ahmedabad,Petrol,Manual,First,20.36,5,3.75,Hyundai,i10 Magna,12,6.591478696741855
Hyderabad,Diesel,Manual,Second,10.5,6,6.2,Mitsubishi,Pajero 2.8 GLX CRZ,19,3.781305114638448
Mumbai,Diesel,Manual,First,26.0,5,6.15,Honda,City i DTEC SV,12,6.582109479305741
Pune,Petrol,Manual,First,20.92,5,2.4,Maruti,Alto K10 2010-2014 VXI,14,6.723446893787574
Pune,Diesel,Manual,Fourth & Above,17.8,5,2.15,Maruti,Swift Ldi BSIII,17,6.009615384615385
Kolkata,Petrol,Manual,First,18.9,5,3.75,Hyundai,Grand i10 Magna,10,6.8504594820384295
Mumbai,Petrol,Manual,Second,15.6,5,2.15,Ford,Figo Petrol ZXI,15,5.852842809364549
Bangalore,Petrol,Manual,First,18.9,5,4.75,Hyundai,Grand i10 SportZ Edition,11,6.838763575605681
Mumbai,Petrol,Manual,First,15.5,5,2.45,Maruti,SX4 Vxi BSIV,16,6.513240857503153
Mumbai,Petrol,Manual,First,17.4,5,11.15,Honda,City i-VTEC VX,9,7.83567134268537
Jaipur,Diesel,Automatic,First,19.6,5,8.9,Renault,Duster 110PS Diesel RxZ AMT,10,7.42299794661191
Ahmedabad,Diesel,Manual,First,25.8,5,4.35,Honda,Amaze S i-Dtech,12,6.582109479305741
Jaipur,Diesel,Manual,Second,12.99,7,12.0,Toyota,Innova 2.5 Z Diesel 7 Seater,11,4.033680834001604
Mumbai,Diesel,Automatic,Second,16.07,5,8.5,BMW,3 Series 320d Highline,17,9.072681704260651
Kochi,Petrol,Manual,First,19.81,5,4.27,Hyundai,i10 Magna 1.1 iTech SE,9,6.266114180478821
Jaipur,Diesel,Manual,Second,20.45,5,4.25,Renault,Duster 85PS Diesel RxL Optional with Nav,14,5.7357973990417515
Bangalore,Petrol,Automatic,First,11.3,5,9.25,Mitsubishi,Outlander 2.4,16,7.203389830508475
Kochi,Diesel,Manual,First,24.3,5,8.61,Maruti,Vitara Brezza LDi,9,7.091346153846153
Hyderabad,Diesel,Automatic,First,11.8,7,28.0,Mercedes-Benz,R-Class R350 CDI 4MATIC,16,8.737864077669903
Coimbatore,Diesel,Manual,First,23.0,5,9.25,Ford,EcoSport 1.5 Diesel Titanium,8,6.606141522029373
Chennai,Diesel,Automatic,First,19.08,5,8.6,Hyundai,Verna 1.6 CRDI AT SX Option,10,7.977243994943111
Coimbatore,Petrol,Manual,First,16.47,5,7.53,Volkswagen,Polo 1.2 MPI Highline,8,6.176961602671119
Mumbai,Diesel,Manual,First,19.64,5,5.75,Renault,Duster 110PS Diesel RxL,12,7.42299794661191
Chennai,Petrol,Automatic,First,16.5,5,4.15,Honda,Brio S Option AT,14,7.245409015025041
Coimbatore,Petrol,Manual,First,18.16,5,5.84,Ford,Figo 2015-2019 1.2P Titanium MT,9,7.25752508361204
Kolkata,Diesel,Automatic,First,18.53,5,16.5,Audi,A6 2.0 TDI Design Edition,14,9.539634146341463
Mumbai,Diesel,Automatic,First,15.97,7,43.0,BMW,X5 2014-2019 xDrive 30d Design Pure Experience 7 Seater,11,8.620113598396257
Pune,Petrol,Manual,First,20.36,5,3.55,Hyundai,i10 Sportz Option,13,6.591478696741855
Hyderabad,Petrol,Manual,First,18.6,5,8.9,Hyundai,i20 1.2 Asta Option,8,6.836257309941521
Hyderabad,Diesel,Manual,Second,16.4,5,2.5,Skoda,Octavia L and K 1.9 TDI MT,20,4.746835443037975
Hyderabad,Diesel,Manual,First,16.2,5,3.85,Hyundai,Verna Transform SX VGT CRDi,16,7.367716008037509
Chennai,Petrol,Automatic,Third,17.1,5,7.5,Hyundai,Verna 1.6 SX VTVT (O) AT,14,7.630421118793213
Mumbai,Petrol,Manual,Second,15.3,5,1.8,Hyundai,Getz GVS,21,4.548844146159582
Chennai,Diesel,Manual,First,20.0,5,2.25,Ford,Figo Diesel EXI,16,4.8606147248034315
Mumbai,Diesel,Automatic,First,17.68,5,24.25,Audi,A6 2011-2015 35 TDI Technology,11,8.858231707317074
Mumbai,Petrol,Manual,First,16.47,5,4.35,Volkswagen,Polo 1.2 MPI Highline,11,6.176961602671119
Kolkata,Diesel,Automatic,First,17.05,5,11.5,BMW,X1 sDrive20d,14,9.223057644110275
Kolkata,Petrol,Manual,First,17.4,5,4.75,Honda,City i VTEC SV,12,7.83567134268537
Hyderabad,Diesel,Manual,First,23.0,5,4.99,Hyundai,i20 Sportz Option Diesel,14,6.446991404011461
Coimbatore,Petrol,Automatic,First,19.0,5,9.15,Honda,Jazz 1.2 V CVT i VTEC,8,7.397831526271894
Hyderabad,Petrol,Automatic,First,10.1,5,13.99,Honda,CR-V 2.4 AT,12,6.457094307561598
Bangalore,Diesel,Automatic,Second,20.0,5,19.75,Mercedes-Benz,A Class A180 CDI,12,5.006999533364443
Coimbatore,Diesel,Automatic,First,16.0,7,16.77,Mahindra,XUV500 AT W10 AWD,8,6.424965580541533
Bangalore,Diesel,Manual,Third,13.6,7,2.5,Mahindra,Bolero SLX 2WD,20,2.4970273483947683
Mumbai,Petrol,Automatic,First,17.97,5,3.65,Renault,Scala RxL AT,13,6.64886515353805
Ahmedabad,Diesel,Automatic,Second,12.35,5,23.5,Land,Rover Freelander 2 HSE SD4,14,8.615878843506195
Pune,Petrol,Manual,First,22.74,5,3.11,Maruti,Alto 800 VXI,9,5.942211055276381
Kochi,Petrol,Manual,First,17.6,5,4.57,Toyota,Etios G,13,5.93114973262032
Mumbai,Petrol,Manual,First,17.0,5,5.32,Hyundai,i20 Sportz Option,12,6.683375104427736
Hyderabad,Petrol,Manual,First,20.36,5,3.2,Hyundai,i10 Sportz,14,6.591478696741855
Kochi,Diesel,Manual,First,25.2,5,5.63,Maruti,Swift VDI BSIV,10,5.929487179487179
Hyderabad,Petrol,Manual,First,21.1,5,3.0,Hyundai,EON Magna Plus,11,6.781326781326781
Mumbai,Diesel,Automatic,Second,22.69,5,9.25,BMW,3 Series 320d,16,9.523809523809524
Delhi,Diesel,Manual,First,23.57,5,1.2,Tata,Indigo XL Classic Dicor,15,5.014326647564469
Delhi,Petrol,Manual,First,22.74,5,2.15,Maruti,Alto 800 LXI,11,5.942211055276381
Pune,Diesel,Manual,First,22.07,5,3.05,Volkswagen,Polo Diesel Highline 1.2L,16,6.163469557964971
Ahmedabad,Petrol,Automatic,First,14.28,5,11.5,Toyota,Corolla Altis VL AT,12,7.676863181312569
Hyderabad,Petrol,Manual,First,17.92,5,2.3,Hyundai,Santro Xing GLS,18,5.718232044198896
Kolkata,Petrol,Manual,First,20.4,5,4.95,Maruti,Swift ZXI,10,6.83375104427736
Hyderabad,Diesel,Manual,First,21.64,5,4.75,Renault,Scala Diesel RxL,13,5.804243668720054
Coimbatore,Diesel,Manual,First,24.3,5,10.15,Maruti,Vitara Brezza ZDi Plus,8,7.091346153846153
Kolkata,Petrol,Manual,First,18.06,5,2.65,Nissan,Micra XV,15,6.260434056761269
Hyderabad,Diesel,Manual,First,20.0,5,3.8,Ford,Figo Diesel EXI,11,4.8641887062187275
Kochi,Petrol,Automatic,First,13.1,5,16.68,Honda,CR-V 2.0 AT,9,7.065598397596394
Pune,Diesel,Manual,First,19.01,5,5.0,Nissan,Terrano XV 110 PS,12,7.426420260095824
Chennai,Petrol,Manual,Second,17.71,5,3.75,Toyota,Etios Liva 1.2 G,15,6.591478696741855
Jaipur,Diesel,Manual,Third,21.27,5,4.11,Hyundai,i20 Asta 1.4 CRDi,13,6.358166189111748
Chennai,Petrol,Manual,Second,18.16,5,4.25,Ford,Figo Aspire 1.2 Ti-VCT Ambiente,11,7.25752508361204
Mumbai,Diesel,Manual,First,10.5,6,3.45,Mitsubishi,Pajero 2.8 GLX CRZ,22,3.781305114638448
Bangalore,Diesel,Automatic,First,17.11,5,22.5,Audi,A4 2.0 TDI 177 Bhp Premium Plus,12,8.858231707317074
Delhi,Petrol,Manual,First,12.4,8,4.5,Toyota,Innova 2.0 E,20,6.606606606606606
Jaipur,Petrol,Manual,First,15.26,5,0.9,Chevrolet,Aveo U-VA 1.2 LS,19,6.51304347826087
Hyderabad,Petrol,Manual,First,15.3,5,1.85,Hyundai,Getz GLS,20,6.1894108873974645
Kolkata,Diesel,Manual,First,25.8,5,3.25,Honda,Amaze S i-Dtech,13,6.582109479305741
Pune,Diesel,Manual,Second,17.8,5,3.1,Maruti,Swift VDI BSIV W ABS,16,9.076674177321317
Coimbatore,Diesel,Manual,First,22.7,5,7.34,Ford,Ecosport 1.5 DV5 MT Titanium Optional,12,5.9973297730307085
Kolkata,Diesel,Manual,First,20.14,5,4.25,Volkswagen,CrossPolo 1.5 TDI,11,5.907877169559413
Delhi,Petrol,Manual,First,18.6,5,6.45,Hyundai,Elite i20 Petrol Sportz,10,6.838763575605681
Chennai,Diesel,Manual,Second,12.8,8,10.75,Toyota,Innova 2.5 V Diesel 8-seater,15,4.0898155573376105
Kolkata,Diesel,Automatic,First,15.26,5,27.75,Mercedes-Benz,M-Class ML 250 CDI,11,9.482034531031264
Jaipur,Petrol,Manual,Second,17.3,5,0.99,Maruti,Wagon R LX BSIII,21,6.032045240339302
Pune,Diesel,Automatic,First,12.62,7,24.0,Ford,Endeavour 2.2 Trend AT 4X2,10,7.188353048225659
Jaipur,Petrol,Manual,First,18.6,5,6.1,Hyundai,Elite i20 Petrol Sportz,10,6.838763575605681
Ahmedabad,Petrol,Manual,First,17.5,5,8.25,Honda,WRV i-VTEC VX,9,7.397831526271894
Bangalore,Petrol,Manual,First,16.47,5,4.65,Volkswagen,Polo Petrol Highline 1.2L,13,6.168614357262104
Mumbai,Petrol,Manual,First,13.7,5,9.75,Honda,CR-V 2.0L 2WD MT,12,7.70455683525288
Bangalore,Petrol,Manual,First,18.9,5,4.4,Hyundai,Grand i10 1.2 Kappa Asta,12,6.838763575605681
Kolkata,Petrol,Manual,First,19.1,5,3.99,Maruti,Swift Dzire VXI,12,7.167919799498747
Coimbatore,Diesel,Automatic,First,16.2,5,45.73,BMW,5 Series 2003-2012 530d,10,8.620113598396257
Kochi,Diesel,Manual,First,22.7,5,5.27,Ford,Ecosport 1.5 DV5 MT Ambiente,12,5.9973297730307085
Ahmedabad,Diesel,Manual,First,26.0,5,7.25,Honda,City i DTec V,10,6.582109479305741
Chennai,Diesel,Manual,Second,17.0,5,1.6,Tata,Indigo LS,18,4.98220640569395
Pune,Diesel,Manual,Second,19.01,5,6.0,Renault,Duster 110PS Diesel RxL,12,7.42299794661191
Chennai,Petrol,Manual,First,20.36,5,3.0,Hyundai,i10 Sportz,16,6.591478696741855
Mumbai,Petrol,Manual,First,18.7,5,4.95,Honda,Jazz 1.2 SV i VTEC,11,7.397831526271894
Hyderabad,Diesel,Manual,First,23.65,5,8.99,Maruti,SX4 S Cross DDiS 200 Zeta,10,7.091346153846153
Mumbai,Petrol,Manual,Third,11.9,5,1.85,Honda,Accord VTi-L MT,19,6.117247238742566
Coimbatore,Petrol,Manual,First,16.47,5,6.16,Volkswagen,Polo Petrol Comfortline 1.2L,10,6.168614357262104
Hyderabad,Diesel,Manual,First,21.1,5,3.5,Maruti,Ritz VDi,16,5.9214743589743595
Jaipur,Petrol,Manual,First,19.5,5,4.5,Honda,Amaze S Petrol,12,7.402835696413678
Hyderabad,Petrol,Manual,First,18.6,5,7.75,Hyundai,i20 1.2 Asta Option,9,6.836257309941521
Hyderabad,Diesel,Manual,First,20.45,5,6.6,Renault,Duster 85PS Diesel RxL,12,5.7357973990417515
Kochi,Petrol,Manual,First,18.9,5,4.98,Hyundai,Grand i10 Magna,12,6.8504594820384295
Chennai,Diesel,Automatic,Third,16.07,5,9.75,BMW,3 Series 320d Highline,18,9.072681704260651
Mumbai,Diesel,Manual,First,22.7,5,5.55,Ford,Ecosport 1.5 DV5 MT Trend,12,5.9973297730307085
Hyderabad,Diesel,Automatic,First,21.5,5,10.3,Volkswagen,Vento 1.5 TDI Highline AT,10,7.242990654205607
Chennai,Petrol,Automatic,Second,11.7,5,7.5,Honda,Accord 2.4 AT,15,7.544604927782498
Hyderabad,Petrol,Manual,First,14.49,5,1.8,Chevrolet,Aveo 1.4,18,6.626161543959971
Hyderabad,Petrol,Manual,First,16.2,5,6.25,Volkswagen,Polo 1.2 MPI Highline Plus,9,6.171809841534612
Hyderabad,Diesel,Manual,Second,14.95,7,6.8,Mahindra,Xylo D4 BS III,11,3.7645640819606268
Hyderabad,Petrol,Automatic,First,19.2,5,3.0,Hyundai,i10 Magna AT,17,6.683375104427736
Coimbatore,Diesel,Manual,First,15.1,7,11.6,Mahindra,XUV500 W8 4WD,11,6.424965580541533
Mumbai,Diesel,Manual,Second,22.7,5,6.95,Hyundai,Elantra CRDi SX,13,7.979772439949431
Mumbai,Petrol,Manual,Third,14.3,5,3.5,Volkswagen,Passat 1.8 TSI MT,16,8.898776418242491
Coimbatore,Petrol,Manual,First,18.9,5,5.5,Hyundai,Grand i10 1.2 Kappa Sportz,12,6.838763575605681
Mumbai,Petrol,Manual,First,18.6,5,5.65,Hyundai,i20 Asta Option 1.2,11,6.836257309941521
Ahmedabad,Diesel,Manual,First,18.2,8,3.25,Chevrolet,Enjoy TCDi LS 8 Seater,13,5.913461538461538
Coimbatore,Petrol,Automatic,First,14.3,5,7.72,Skoda,Rapid 1.6 MPI AT Ambition Plus Alloy,11,6.483103879849812
Pune,Diesel,Manual,First,19.67,5,12.0,Hyundai,Creta 1.6 CRDi SX,10,7.977243994943111
Jaipur,Diesel,Manual,First,25.44,5,1.55,Chevrolet,Beat Diesel PS,13,6.153846153846154
Delhi,Diesel,Manual,First,11.5,7,10.75,Toyota,Fortuner 3.0 Diesel,15,5.734406438631791
Coimbatore,Petrol,Manual,First,18.6,5,6.72,Hyundai,i20 Sportz Option 1.2,10,6.836257309941521
Coimbatore,Diesel,Automatic,First,12.07,7,28.55,Audi,Q7 3.0 TDI quattro,14,8.136164475901584
Bangalore,Diesel,Automatic,Second,17.85,4,75.0,Porsche,Panamera Diesel,13,10.111223458038422
Hyderabad,Petrol,Manual,First,17.8,5,10.49,Honda,City i VTEC VX,10,7.83567134268537
Hyderabad,Diesel,Manual,First,17.21,7,3.8,Mahindra,Quanto C4,14,6.697923643670463
Ahmedabad,Diesel,Automatic,First,16.55,5,18.5,Audi,A4 2.0 TDI Multitronic,14,7.113821138211382
Kolkata,Petrol,Automatic,First,12.37,5,6.0,Hyundai,Sonata Transform 2.4 GDi AT,13,8.403984739296313
Hyderabad,Diesel,Manual,First,22.32,5,5.5,Hyundai,Verna 1.6 SX,14,7.984829329962073
Pune,Petrol,Manual,First,18.9,5,2.3,Maruti,Wagon R LXI BS IV,16,6.723446893787574
Jaipur,Diesel,Manual,First,24.52,7,8.7,Maruti,Ertiga SHVS ZDI Plus,10,7.091346153846153
Delhi,Diesel,Manual,First,24.4,5,4.95,Hyundai,Xcent 1.1 CRDi S Option,11,6.340178571428572
Jaipur,Diesel,Manual,First,22.9,5,4.25,Maruti,Swift VDI,14,5.929487179487179
Kochi,Diesel,Manual,Second,16.0,7,10.94,Mahindra,XUV500 W6 2WD,9,6.424965580541533
Delhi,Diesel,Automatic,First,22.48,5,21.26,BMW,5 Series 520d Luxury Line,13,9.523809523809524
Bangalore,Petrol,Manual,Second,14.28,5,11.5,Toyota,Corolla Altis 1.8 G,10,7.676863181312569
Pune,Diesel,Manual,Second,22.54,5,6.0,Hyundai,i20 Asta 1.4 CRDi,11,6.356017191977077
Hyderabad,Petrol,Manual,First,18.15,6,4.1,Mahindra,KUV 100 mFALCON G80 K2,10,6.844741235392321
Kolkata,Petrol,Manual,First,24.7,5,2.01,Maruti,Alto 800 2016-2019 LXI,13,5.942211055276381
Hyderabad,Petrol,Manual,First,15.7,5,2.6,Fiat,Punto EVO 1.2 Emotion,16,5.716723549488054
Kolkata,Petrol,Manual,First,18.9,5,2.35,Maruti,Wagon R VXI BS IV,14,6.723446893787574
Bangalore,Diesel,Manual,Second,9.5,6,9.15,Mitsubishi,Pajero 4X4 LHD,14,4.18342151675485
Chennai,Petrol,Manual,First,19.4,5,2.9,Honda,Brio EX MT,13,7.245409015025041
Coimbatore,Diesel,Manual,Second,22.54,5,9.18,Hyundai,i20 Asta Option 1.4 CRDi,9,6.356017191977077
Mumbai,Petrol,Automatic,First,13.0,5,11.45,Hyundai,Creta 1.6 SX Plus Petrol Automatic,10,7.6241357636706475
Kochi,Petrol,Manual,First,17.8,5,5.53,Honda,Amaze S i-VTEC,9,7.237061769616027
Chennai,Petrol,Manual,First,18.15,6,3.75,Mahindra,KUV 100 mFALCON G80 K6 Plus,10,6.844741235392321
Pune,Petrol,Automatic,First,18.0,5,12.5,Honda,City i-VTEC CVT VX,8,7.83567134268537
Mumbai,Diesel,Automatic,First,16.0,7,15.5,Mahindra,XUV500 AT W10 FWD,9,6.424965580541533
Pune,Petrol,Manual,First,0.0,5,2.1,Hyundai,Santro GLS I - Euro I,15,10.4306531982477
Mumbai,Diesel,Automatic,Second,14.84,5,14.5,Mercedes-Benz,New C-Class 220 CDI AT,13,7.932804479701354
Coimbatore,Diesel,Automatic,First,19.6,5,12.46,Renault,Duster 110PS Diesel RxZ AMT,9,7.42299794661191
Bangalore,Petrol,Manual,Second,16.47,5,5.25,Volkswagen,Polo 1.2 MPI Comfortline,12,6.176961602671119
Bangalore,Diesel,Automatic,Second,13.5,5,25.0,Mercedes-Benz,S Class 2005 2013 S 350 CDI,17,9.440910612654838
Hyderabad,Diesel,Automatic,First,12.9,4,45.0,Jaguar,XJ 3.0L Premium Luxury,14,9.062145005011695
Jaipur,Diesel,Manual,First,28.4,5,5.1,Maruti,Swift VDI,11,5.929487179487179
Delhi,Diesel,Manual,First,25.8,5,3.5,Honda,Amaze S i-Dtech,12,6.582109479305741
Ahmedabad,Diesel,Automatic,Second,16.07,5,12.5,BMW,3 Series 320d Highline,15,9.072681704260651
Hyderabad,Diesel,Manual,First,23.5,5,5.55,Hyundai,Verna 1.4 EX,14,6.353868194842407
Delhi,Diesel,Automatic,First,11.5,7,19.48,Toyota,Fortuner 4x2 4 Speed AT,11,5.667337357478202
Ahmedabad,Petrol,Manual,First,18.6,5,3.91,Maruti,Swift VXI,14,7.167919799498747
Chennai,Petrol,Manual,First,18.6,5,2.19,Chevrolet,Beat LS,16,6.622185154295246
Coimbatore,Petrol,Automatic,First,18.9,5,6.89,Hyundai,Grand i10 Asta Option AT,9,6.8504594820384295
Coimbatore,Petrol,Manual,Second,15.6,5,3.47,Ford,Figo Petrol ZXI,15,5.852842809364549
Mumbai,Petrol,Automatic,Second,9.1,5,3.25,Nissan,Teana 230jM,18,4.8223454122166896
Pune,Petrol,Manual,First,16.1,5,2.85,Maruti,Swift VXI BSIII,16,6.79506933744222
Coimbatore,Diesel,Automatic,First,17.11,5,25.64,Audi,A4 35 TDI Premium,10,8.858231707317074
Kochi,Petrol,Manual,First,16.8,5,10.28,Honda,City V MT,8,7.768871075484301
Hyderabad,Petrol,Manual,First,18.2,5,6.3,Honda,Jazz V,11,7.397831526271894
Chennai,Diesel,Manual,First,20.14,5,4.75,Volkswagen,Polo 1.5 TDI Highline,12,5.9279038718291055
Hyderabad,Diesel,Manual,First,19.87,5,5.8,Nissan,Terrano XL D Option,13,5.690622861054073
Hyderabad,Diesel,Automatic,First,12.51,7,44.5,Land,Rover Discovery Sport SD4 HSE Luxury 7S,10,8.614043139054612
Kochi,Petrol,Manual,First,18.5,5,4.65,Hyundai,i20 Magna Optional 1.2,12,6.925647451963242
Jaipur,Petrol,Manual,First,17.0,5,3.6,Honda,City 1.5 E MT,17,7.882431529726119
Hyderabad,Diesel,Manual,First,16.0,7,12.25,Mahindra,XUV500 W10 AWD,11,6.424965580541533
Jaipur,Diesel,Manual,First,16.3,5,20.0,Jeep,Compass 2.0 Limited Option 4X4,9,8.69120654396728
Jaipur,Diesel,Manual,First,16.0,7,16.0,Mahindra,XUV500 W10 AWD,9,6.424965580541533
Coimbatore,Diesel,Automatic,Second,11.79,8,6.21,Mahindra,Scorpio VLX 4WD AIRBAG AT BSIV,15,5.507113354749885
Kolkata,Diesel,Manual,First,15.4,7,9.75,Mahindra,Scorpio S6 Plus 7 Seater,10,5.507113354749885
Mumbai,Petrol,Automatic,First,15.5,5,4.45,Honda,Amaze S AT i-Vtech,12,7.237061769616027
Pune,Diesel,Manual,First,25.6,5,12.0,Honda,City i-DTEC ZX,9,6.582109479305741
Chennai,Petrol,Manual,First,14.4,5,0.8,Tata,Indigo GLE,18,4.656160458452722
Chennai,Diesel,Manual,First,24.0,5,5.95,Hyundai,Grand i10 1.2 CRDi Sportz,8,6.236930860033726
Kolkata,Petrol,Manual,First,17.43,5,5.25,Hyundai,Verna 1.4 CX VTVT,12,7.5573065902578795
Coimbatore,Diesel,Manual,First,13.68,7,22.2,Toyota,Innova Crysta 2.4 VX MT,7,6.176347680735479
Jaipur,Diesel,Automatic,First,17.05,5,13.5,BMW,X1 sDrive20d,14,9.223057644110275
Chennai,Diesel,Automatic,First,16.96,5,13.5,Volkswagen,Jetta 2013-2015 2.0L TDI Highline AT,11,7.013719512195123
Delhi,Diesel,Manual,First,20.0,5,3.47,Ford,Figo Diesel ZXI,12,4.8641887062187275
Ahmedabad,Diesel,Automatic,Second,11.18,7,9.5,Mahindra,Ssangyong Rexton RX7,13,6.824925816023739
Chennai,Petrol,Manual,First,15.04,5,4.8,Volkswagen,Vento Petrol Highline,15,6.483103879849812
Kochi,Petrol,Manual,First,15.0,5,6.54,Skoda,Rapid 1.6 MPI Ambition With Alloy Wheel,10,6.478097622027534
Delhi,Petrol,Manual,First,16.47,5,3.1,Volkswagen,Polo Petrol Comfortline 1.2L,14,6.168614357262104
Hyderabad,Diesel,Manual,First,23.65,5,7.99,Maruti,S Cross DDiS 200 Delta,11,7.091346153846153
Kolkata,Petrol,Manual,Second,14.53,5,3.3,Toyota,Corolla Altis G,17,7.68075639599555
Bangalore,Diesel,Manual,First,20.77,7,8.75,Maruti,Ertiga ZDI,11,7.115384615384615
Hyderabad,Petrol,Automatic,First,19.2,5,4.19,Hyundai,i10 Asta Sunroof AT,13,6.683375104427736
Kochi,Diesel,Automatic,First,17.9,5,30.77,Mercedes-Benz,CLA 200 CDI Sport,7,6.346243583761082
Jaipur,Petrol,Manual,Second,16.9,5,2.11,Honda,City ZX VTEC,20,6.6800267201068815
Jaipur,Petrol,Manual,First,18.15,6,6.25,Mahindra,KUV 100 G80 K8,8,6.844741235392321
Delhi,Diesel,Manual,First,11.5,7,11.4,Toyota,Fortuner 3.0 Diesel,15,5.734406438631791
Bangalore,Petrol,Manual,First,17.0,5,5.2,Honda,City 1.5 V MT,15,7.882431529726119
Coimbatore,Diesel,Automatic,First,18.53,5,39.84,Audi,A6 35 TDI Matrix,9,9.539634146341463
Coimbatore,Diesel,Manual,First,20.0,5,4.45,Ford,Figo Diesel ZXI,13,4.8641887062187275
Kolkata,Diesel,Automatic,First,17.9,5,19.5,Mercedes-Benz,GLA Class 200 CDI,12,6.346243583761082
Hyderabad,Petrol,Manual,First,15.26,5,1.75,Chevrolet,Aveo U-VA 1.2 LS,19,6.51304347826087
Hyderabad,Diesel,Manual,First,25.83,5,5.1,Ford,Figo 2015-2019 1.5D Titanium MT,10,6.608811748998665
Delhi,Diesel,Automatic,First,22.7,5,6.8,Hyundai,Elantra CRDi SX AT,13,7.977243994943111
Kolkata,Petrol,Automatic,First,21.4,5,5.74,Maruti,Baleno Zeta CVT,10,6.942355889724311
Hyderabad,Petrol,Manual,First,16.1,5,3.3,Maruti,Swift LXi BSIV,16,7.101086048454469
Hyderabad,Diesel,Automatic,First,9.9,4,32.0,Mercedes-Benz,CLS-Class 2006-2010 350 CDI,16,7.767867352773014
Ahmedabad,Diesel,Automatic,First,21.76,5,35.0,BMW,3 Series Luxury Line,10,9.523809523809524
Chennai,Diesel,Automatic,First,28.4,5,8.9,Maruti,Dzire AMT ZDI Plus,9,5.909455128205128
Mumbai,Petrol,Manual,Second,17.01,5,4.0,Hyundai,Verna 1.6 SX VTVT,15,7.6241357636706475
Kochi,Diesel,Manual,First,17.1,5,19.46,Jeep,Compass 2.0 Longitude,8,8.69120654396728
Hyderabad,Diesel,Automatic,First,11.4,5,5.25,Hyundai,Sonata Embera 2.0L CRDi AT,17,7.132094424912104
Kolkata,Diesel,Manual,First,21.5,5,9.22,Tata,Nexon 1.5 Revotorq XZ Plus Dual Tone,8,7.247828991315965
Jaipur,Petrol,Manual,First,21.1,5,1.8,Hyundai,EON Era Plus,13,6.781326781326781
Hyderabad,Diesel,Manual,Second,13.5,5,1.3,Tata,Indica DLS,21,8.062412365335945
Kochi,Diesel,Automatic,First,14.69,5,31.75,BMW,5 Series 2013-2017 530d M Sport,11,8.620113598396257
Delhi,Diesel,Manual,First,20.77,7,5.99,Maruti,Ertiga VDI,12,7.112179487179487
Kochi,Petrol,Manual,First,18.0,5,4.94,Honda,Amaze E i-Vtech,11,7.237061769616027
Jaipur,Petrol,Manual,Third,16.6,5,1.5,Ford,Fiesta 1.4 Duratec ZXI,19,4.899135446685879
Bangalore,Petrol,Manual,Third,13.5,5,3.25,Honda,Civic 2006-2010 1.8 V MT,18,7.226236798221233
Delhi,Diesel,Manual,First,20.77,7,6.5,Maruti,Ertiga ZDI,12,7.115384615384615
Delhi,Diesel,Manual,First,24.0,5,3.71,Hyundai,Grand i10 CRDi Sportz,13,6.25
Pune,Petrol,Manual,First,20.14,5,5.0,Hyundai,Xcent 1.2 VTVT E Plus,8,6.838763575605681
Ahmedabad,Petrol,Manual,First,19.81,5,1.99,Hyundai,i10 Era,18,6.266114180478821
Mumbai,Petrol,Manual,First,18.0,5,4.25,Honda,Amaze S i-Vtech,9,7.237061769616027
Ahmedabad,Diesel,Automatic,First,12.4,5,8.0,Audi,A6 2.7 TDI,17,6.653076352853966
Mumbai,Petrol,Manual,First,20.36,5,2.95,Hyundai,i10 Magna 1.2 iTech SE,15,6.591478696741855
Pune,Petrol,Manual,First,25.17,5,3.5,Renault,KWID RXT Optional,8,6.670838548185232
Jaipur,Diesel,Automatic,Second,15.2,5,16.0,Audi,A4 New 2.0 TDI Multitronic,14,7.154471544715448
Jaipur,Petrol,Manual,First,22.74,5,2.75,Maruti,Alto 800 LXI Airbag,11,5.942211055276381
Delhi,Petrol,Manual,First,17.8,5,6.95,Honda,City i VTEC VX Option,11,7.83567134268537
Delhi,Petrol,Automatic,Second,11.74,5,12.5,Mercedes-Benz,New C-Class C250 Avantgarde,15,10.356347438752785
Coimbatore,Diesel,Automatic,First,13.22,5,36.83,Audi,Q5 3.0 TDI Quattro Technology,9,8.136164475901584
Pune,Petrol,Manual,First,16.2,5,2.7,Volkswagen,Polo 1.2 MPI Comfortline,15,6.171809841534612
Mumbai,Diesel,Manual,First,21.38,5,9.9,Hyundai,Creta 1.4 E Plus Diesel,9,6.353868194842407
Kochi,Petrol,Manual,First,17.0,5,3.83,Honda,City 1.5 V MT,15,7.882431529726119
Coimbatore,Petrol,Manual,First,17.0,5,5.25,Honda,City 1.5 S MT,14,7.882431529726119
Kolkata,Diesel,Manual,First,22.7,5,7.75,Maruti,S Cross DDiS 320 Alpha,10,7.3842302878598245
Mumbai,Petrol,Manual,Second,16.51,5,2.46,Maruti,SX4 Vxi BSIV,16,6.506935687263557
Kolkata,Diesel,Manual,First,23.4,5,3.96,Maruti,Swift Dzire VDI,12,5.929487179487179
Chennai,Diesel,Manual,First,20.77,7,8.25,Maruti,Ertiga ZDI,11,7.115384615384615
Coimbatore,Petrol,Manual,First,18.6,5,7.58,Hyundai,i20 1.2 Spotz,8,6.836257309941521
Hyderabad,Diesel,Manual,First,24.0,5,3.99,Hyundai,Grand i10 CRDi Magna,12,6.25
Delhi,Petrol,Manual,First,17.4,5,6.25,Honda,City i VTEC SV,12,7.83567134268537
Hyderabad,Diesel,Manual,First,20.5,5,5.0,Skoda,Rapid 1.6 TDI Elegance,13,6.476846057571965
Hyderabad,Diesel,Automatic,Second,11.0,5,4.65,Mercedes-Benz,E-Class E270 CDI,21,6.645463675929025
Coimbatore,Diesel,Automatic,First,13.01,7,21.37,Hyundai,Santa Fe 4WD AT,10,8.835834470213735
Hyderabad,Petrol,Manual,First,19.7,5,1.75,Maruti,Alto LXi,19,5.816582914572864
Kolkata,Diesel,Manual,First,24.8,5,4.1,Hyundai,Verna 1.4 CRDi GL,14,6.353868194842407
Coimbatore,Diesel,Manual,First,20.0,5,3.56,Ford,Figo Diesel ZXI,11,4.8606147248034315
Pune,Petrol,Manual,Second,17.0,5,4.21,Honda,City 1.5 S MT,16,7.882431529726119
Coimbatore,Diesel,Manual,First,17.8,5,6.86,Maruti,Swift VDI BSIV W ABS,10,9.076674177321317
Delhi,Diesel,Manual,First,23.9,5,6.6,Hyundai,Verna 1.6 CRDi S,11,7.977243994943111
Coimbatore,Petrol,Automatic,First,13.0,5,14.35,Hyundai,Creta 1.6 SX Plus Petrol Automatic,8,7.6241357636706475
Hyderabad,Diesel,Manual,First,22.7,5,9.5,Ford,Ecosport 1.5 DV5 MT Titanium,9,5.9973297730307085
Delhi,Diesel,Automatic,First,11.2,4,21.9,BMW,X6 xDrive30d,15,8.052121617106582
Coimbatore,Diesel,Automatic,First,18.12,5,30.45,BMW,5 Series 2013-2017 520d Luxury Line,10,9.523809523809524
Hyderabad,Diesel,Manual,First,25.83,5,5.1,Ford,Figo Aspire 1.5 TDCi Ambiente,10,6.608811748998665
Pune,Petrol,Automatic,First,17.0,5,5.44,Hyundai,Verna VTVT 1.6 AT EX,13,7.6241357636706475
Jaipur,Diesel,Manual,First,13.8,5,1.6,Ford,Ikon 1.4 TDCi DuraTorq,16,4.8606147248034315
Kochi,Diesel,Automatic,First,17.68,5,16.67,Audi,A6 2011-2015 2.0 TDI,12,8.858231707317074
Hyderabad,Petrol,Manual,First,10.8,5,9.5,Honda,CR-V Sport,16,4.812102537509348
Pune,Petrol,Automatic,First,15.0,5,3.85,Hyundai,i20 2015-2017 Sportz AT 1.4,14,7.063037249283667
Kochi,Diesel,Manual,First,14.24,7,10.64,Toyota,Fortuner 2.8 4WD MT,15,6.333938294010889
Bangalore,Petrol,Manual,First,25.17,5,3.5,Renault,KWID RXT,10,6.670838548185232
Chennai,Petrol,Manual,Third,18.0,5,1.1,Chevrolet,Spark 1.0 LT,18,6.231155778894473
Hyderabad,Petrol,Manual,Second,16.2,5,2.6,Hyundai,Verna Transform VTVT,15,6.454033771106942
Hyderabad,Diesel,Automatic,First,18.88,5,18.5,BMW,3 Series 320d Sport Line,14,9.223057644110275
Bangalore,Petrol,Manual,First,0.0,5,1.35,Hyundai,Santro Xing XP,22,10.4306531982477
Hyderabad,Diesel,Manual,First,26.59,5,7.95,Maruti,Swift Dzire VDI,11,5.929487179487179
Jaipur,Diesel,Manual,First,25.4,5,5.49,Hyundai,Xcent 1.2 CRDi E Plus,9,6.236930860033726
Mumbai,Petrol,Automatic,First,19.0,5,6.95,Honda,Jazz V CVT,9,7.397831526271894
Jaipur,Diesel,Manual,First,17.0,5,1.0,Tata,Indigo LS,18,4.98220640569395
Chennai,Diesel,Manual,Second,17.8,5,4.45,Ford,Fiesta Classic 1.4 Duratorq CLXI,13,4.789135096497498
Kolkata,Diesel,Manual,First,25.1,5,6.99,Maruti,S-Cross Alpha DDiS 200 SH,10,7.091346153846153
Coimbatore,Petrol,Manual,First,15.6,5,3.51,Maruti,SX4 Zxi with Leather BSIII,18,6.600252206809584
Kochi,Petrol,Automatic,First,21.4,5,7.54,Maruti,Baleno Zeta Automatic,8,6.942355889724311
Bangalore,Diesel,Manual,First,23.2,5,3.65,Maruti,Ritz LDi,10,5.924679487179487
Ahmedabad,Diesel,Automatic,First,19.5,5,16.0,Hyundai,Elantra CRDi SX AT,10,7.979772439949431
Kolkata,Petrol,Manual,First,16.2,5,1.4,Chevrolet,Spark 1.0 LT,14,6.241206030150754
Mumbai,Petrol,Manual,First,18.6,5,6.45,Hyundai,i20 1.2 Spotz,9,6.836257309941521
Hyderabad,Diesel,Manual,First,24.4,5,4.4,Hyundai,Xcent 1.1 CRDi Base,10,6.3392857142857135
Delhi,Petrol,Automatic,First,19.0,5,5.95,Honda,Jazz 1.2 V CVT i VTEC,11,7.397831526271894
Ahmedabad,Petrol,Manual,First,19.4,5,3.9,Honda,Brio S MT,13,7.245409015025041
Coimbatore,Diesel,Automatic,First,13.0,5,35.28,Mercedes-Benz,E-Class E250 CDI Avantgrade,10,9.384041063929072
Pune,Diesel,Manual,First,17.6,7,14.25,Tata,Hexa XT,9,7.061037173015146
Pune,Diesel,Manual,First,24.4,5,4.5,Hyundai,Xcent 1.1 CRDi Base,9,6.3392857142857135
Pune,Diesel,Manual,First,22.7,5,7.5,Ford,Ecosport 1.5 DV5 MT Titanium Optional,11,5.9973297730307085
Coimbatore,Petrol,Automatic,First,21.9,4,3.41,Tata,Nano XTA,9,6.0064102564102555
Pune,Petrol,Manual,Second,19.4,5,3.25,Honda,Brio VX,13,7.245409015025041
Hyderabad,Diesel,Manual,First,24.52,7,8.3,Maruti,Ertiga SHVS ZDI Plus,10,7.091346153846153
Bangalore,Petrol,Manual,First,20.36,5,3.45,Hyundai,i10 Sportz 1.2,16,6.591478696741855
Hyderabad,Petrol,Manual,First,17.0,5,2.1,Hyundai,Santro Xing XO,19,10.4306531982477
Mumbai,Diesel,Manual,First,16.0,7,11.95,Mahindra,XUV500 W10 2WD,11,6.424965580541533
Hyderabad,Diesel,Manual,First,20.54,5,4.25,Volkswagen,Vento Diesel Highline,16,6.483103879849812
Hyderabad,Diesel,Manual,First,14.0,7,8.25,Tata,Safari Storme 2012-2015 VX,12,6.3377696190913255
Hyderabad,Petrol,Manual,First,10.2,5,5.95,Honda,Accord 2.4 Elegance M/T,16,7.646559048428207
Coimbatore,Petrol,Manual,First,15.1,7,4.3,Maruti,Eeco 7 Seater Standard,10,6.103678929765886
Ahmedabad,Diesel,Manual,First,22.9,5,3.9,Maruti,Swift VDI,14,5.929487179487179
Pune,Petrol,Automatic,First,21.4,5,6.41,Maruti,Baleno Zeta Automatic,10,6.942355889724311
Coimbatore,Diesel,Manual,First,15.1,7,8.36,Mahindra,XUV500 W8 2WD,11,6.424965580541533
Chennai,Petrol,Manual,First,19.1,5,3.85,Hyundai,Xcent 1.2 Kappa S,12,6.8504594820384295
Hyderabad,Diesel,Automatic,First,19.27,5,36.0,Mercedes-Benz,New C-Class C 220 CDI Style,9,7.821745216985534
Kolkata,Petrol,Manual,First,13.14,5,7.5,Skoda,Superb 1.8 TSI MT,15,8.898776418242491
Hyderabad,Diesel,Manual,First,20.14,5,5.7,Volkswagen,CrossPolo 1.5 TDI,11,5.923230974632844
Kochi,Petrol,Manual,First,20.89,5,5.5,Maruti,Ignis 1.2 Delta,7,6.83375104427736
Chennai,Diesel,Manual,First,25.2,5,5.9,Maruti,Swift VDI BSIV,10,5.929487179487179
Mumbai,Petrol,Manual,First,17.8,5,7.75,Honda,City i VTEC VX Option,11,7.83567134268537
Ahmedabad,Diesel,Automatic,First,11.5,5,18.0,BMW,5 Series 530d Highline Sedan,16,7.851653859004344
Hyderabad,Diesel,Manual,First,17.5,5,4.4,Skoda,Laura Ambiente,18,5.590717299578059
Coimbatore,Petrol,Automatic,First,17.21,5,8.27,Volkswagen,Polo GT TSI,9,8.646616541353383
Ahmedabad,Diesel,Manual,First,19.87,5,4.75,Renault,Duster 85PS Diesel RxL,12,5.7357973990417515
Hyderabad,Petrol,Automatic,First,16.8,5,3.8,Honda,City 1.5 S AT,18,7.882431529726119
Ahmedabad,Diesel,Manual,First,20.54,5,3.4,Volkswagen,Vento Diesel Highline,15,6.483103879849812
Pune,Petrol,Manual,Second,18.9,5,4.7,Hyundai,Grand i10 Sportz,10,6.8504594820384295
Pune,Petrol,Manual,Second,16.6,5,1.49,Ford,Fiesta 1.4 ZXi Duratec,18,4.899135446685879
Mumbai,Diesel,Manual,Second,24.4,5,4.5,Hyundai,Xcent 1.1 CRDi S,10,6.3392857142857135
Hyderabad,Diesel,Manual,First,25.8,5,5.4,Honda,Amaze VX i-DTEC,12,6.582109479305741
Hyderabad,Petrol,Automatic,First,18.0,5,11.5,Honda,City i VTEC CVT VX,10,7.83567134268537
Pune,Diesel,Manual,Second,20.4,5,3.5,Renault,Fluence 1.5,14,7.426420260095824
Ahmedabad,Diesel,Automatic,First,22.48,5,16.5,BMW,5 Series 520d Luxury Line,16,9.523809523809524
Mumbai,Petrol,Manual,First,15.5,5,3.9,Maruti,SX4 ZXI MT BSIV,14,6.513240857503153
Hyderabad,Petrol,Automatic,First,16.4,5,3.25,Honda,City ZX CVT,19,5.210420841683367
Kochi,Petrol,Manual,First,17.0,5,5.84,Volkswagen,Ameo 1.2 MPI Comfortline,8,6.156093489148581
Hyderabad,Petrol,Manual,First,17.0,5,5.75,Volkswagen,Ameo 1.2 MPI Comfortline,10,6.156093489148581
Delhi,Diesel,Automatic,First,16.55,5,10.0,Audi,A4 2.0 TDI Multitronic,16,7.113821138211382
Mumbai,Petrol,Manual,Second,18.9,5,1.05,Maruti,Wagon R VXI,20,6.723446893787574
Delhi,Diesel,Automatic,First,19.08,5,5.64,Hyundai,Verna SX CRDi AT,13,7.984829329962073
Coimbatore,Diesel,Automatic,First,17.9,5,50.97,Mercedes-Benz,GLC 220d 4MATIC Style,7,7.932804479701354
Mumbai,Diesel,Automatic,First,21.76,5,29.95,BMW,3 Series Luxury Line,10,9.523809523809524
Mumbai,Diesel,Manual,Second,24.2,7,4.85,Honda,Mobilio V Option i DTEC,12,6.582109479305741
Hyderabad,Diesel,Automatic,First,17.01,5,14.5,Hyundai,Creta 1.6 CRDi AT SX Plus,10,7.977243994943111
Hyderabad,Petrol,Manual,First,17.0,5,5.5,Honda,City 1.5 S MT,15,7.882431529726119
Bangalore,Diesel,Manual,First,17.8,5,3.2,Ford,Fiesta 1.4 TDCi EXI,15,4.8606147248034315
Chennai,Diesel,Manual,First,26.59,5,4.5,Maruti,Swift Dzire LDI,10,5.929487179487179
Coimbatore,Diesel,Automatic,First,13.0,5,30.72,Mercedes-Benz,E-Class E250 CDI Launch Edition,11,9.519365375641623
Jaipur,Diesel,Manual,First,11.5,7,3.5,Chevrolet,Captiva LT,17,7.4284279256654955
Bangalore,Diesel,Manual,First,12.8,7,6.99,Toyota,Innova 2.5 V Diesel 7-seater,19,4.0898155573376105
Kochi,Diesel,Manual,First,17.21,7,3.45,Mahindra,Quanto C8,12,6.697923643670463
Kochi,Petrol,Manual,First,17.4,5,6.57,Honda,City i VTEC V,11,7.83567134268537
Kolkata,Diesel,Automatic,First,17.11,5,17.5,Audi,A4 2.0 TDI 177 Bhp Premium Plus,12,8.858231707317074
Delhi,Diesel,Manual,First,22.07,5,3.75,Volkswagen,Polo Diesel Comfortline 1.2L,13,6.163469557964971
Pune,Petrol,Automatic,First,14.8,5,9.99,Ford,EcoSport 1.5 Petrol Titanium Plus AT,9,8.10688042752171
Kolkata,Diesel,Manual,First,12.99,7,8.2,Toyota,Innova 2.5 G (Diesel) 7 Seater BS IV,14,4.0096230954290295
Jaipur,Petrol,Manual,Third,13.0,5,1.1,Honda,City 1.5 EXI,21,6.697923643670463
Chennai,Petrol,Manual,First,24.7,5,2.45,Maruti,Alto 800 2016-2019 LXI Optional,11,5.942211055276381
Pune,Diesel,Automatic,First,8.7,5,13.75,Mercedes-Benz,M-Class ML 320 CDI,17,7.5105456980247745
Kolkata,Diesel,Manual,First,26.59,5,3.0,Maruti,Swift Dzire LDI,9,5.929487179487179
Ahmedabad,Diesel,Manual,First,24.3,5,9.25,Maruti,Vitara Brezza ZDi Plus Dual Tone,9,7.091346153846153
Mumbai,Diesel,Automatic,First,13.2,5,17.65,Volvo,S60 D5 Summum,13,8.958333333333334
Delhi,Diesel,Automatic,First,12.55,7,18.25,Toyota,Fortuner 4x2 AT,12,5.650570087189806
Kochi,Diesel,Manual,First,23.0,5,3.45,Hyundai,i20 Sportz Option Diesel,13,6.446991404011461
Bangalore,Diesel,Automatic,First,17.11,5,23.75,Audi,A4 35 TDI Premium,11,8.858231707317074
Mumbai,Diesel,Manual,Second,19.64,5,5.45,Nissan,Terrano XV D Pre,13,7.426420260095824
Coimbatore,Petrol,Automatic,First,23.1,5,5.25,Maruti,Celerio ZXI AMT,9,6.717434869739479
Delhi,Petrol,Manual,First,15.9,5,1.1,Maruti,Esteem Vxi,21,8.727033415483055
Delhi,Petrol,Automatic,First,16.95,5,2.9,Hyundai,i10 Sportz AT,14,6.591478696741855
Hyderabad,Diesel,Automatic,First,22.69,5,14.2,BMW,3 Series 320d,16,9.523809523809524
Kochi,Petrol,Manual,First,18.9,5,5.8,Hyundai,Grand i10 Sportz,8,6.8504594820384295
Coimbatore,Petrol,Automatic,First,18.9,5,7.22,Hyundai,Grand i10 Asta Option AT,9,6.8504594820384295
Coimbatore,Petrol,Manual,First,18.9,5,4.87,Hyundai,Grand i10 1.2 Kappa Sportz,10,6.838763575605681
Delhi,Petrol,Manual,First,16.47,5,3.3,Volkswagen,Polo 1.2 MPI Comfortline,13,6.176961602671119
Hyderabad,Petrol,Manual,Second,17.7,5,3.0,Honda,City ZX EXi,19,5.210420841683367
Hyderabad,Diesel,Automatic,First,17.9,5,26.0,Mercedes-Benz,GLA Class 200 CDI,12,6.346243583761082
Hyderabad,Petrol,Manual,First,14.0,5,2.9,Maruti,Omni 8 Seater BSIV,9,4.396984924623116
Bangalore,Petrol,Automatic,First,15.74,5,7.5,Hyundai,Verna 1.6 SX VTVT AT,12,7.6241357636706475
Hyderabad,Petrol,Manual,First,22.74,5,2.36,Maruti,Alto 800 LXI,11,5.942211055276381
Coimbatore,Diesel,Manual,First,24.3,5,11.39,Maruti,Vitara Brezza ZDi Plus Dual Tone,9,7.091346153846153
Kochi,Diesel,Manual,First,15.1,7,7.02,Mahindra,XUV500 W8 2WD,13,6.424965580541533
Delhi,Diesel,Manual,First,24.3,5,8.0,Maruti,Vitara Brezza ZDi,10,7.091346153846153
Kochi,Petrol,Manual,First,18.6,5,7.11,Hyundai,i20 1.2 Spotz,9,6.836257309941521
Mumbai,Diesel,Automatic,First,10.0,5,3.9,Mercedes-Benz,E-Class 250 D W 210,28,8.780623608017816
Hyderabad,Petrol,Manual,First,19.7,5,2.15,Maruti,Alto LXi,17,5.816582914572864
Kolkata,Petrol,Manual,First,18.0,5,3.25,Honda,Amaze S i-Vtech,13,7.237061769616027
Kochi,Diesel,Automatic,First,12.65,5,70.66,Land,Rover Range Rover Sport HSE,11,8.51987971934514
Mumbai,Diesel,Manual,First,24.0,5,4.61,Hyundai,Grand i10 CRDi Magna,13,6.25
Mumbai,Petrol,Manual,First,13.5,5,2.35,Honda,Civic 2006-2010 1.8 S MT,18,7.226236798221233
Chennai,Diesel,Manual,Second,24.0,5,4.05,Hyundai,Grand i10 CRDi Magna,12,6.25
Jaipur,Petrol,Manual,Second,16.1,4,0.8,Maruti,800 AC Uniq,17,4.648241206030151
Hyderabad,Diesel,Manual,First,23.59,5,5.6,Toyota,Etios Liva Diesel,12,4.919354838709677
Delhi,Diesel,Manual,First,22.54,5,5.35,Hyundai,i20 Magna 1.4 CRDi,11,6.356017191977077
Mumbai,Petrol,Manual,First,24.07,5,3.25,Maruti,Alto K10 VXI,9,6.723446893787574
Pune,Diesel,Automatic,Second,17.05,5,11.5,BMW,X1 sDrive20d,14,9.223057644110275
Pune,Petrol,Automatic,First,23.1,5,4.25,Maruti,Celerio VXI AT,10,6.717434869739479
Mumbai,Petrol,Automatic,Second,13.7,5,4.45,Skoda,Superb Elegance 1.8 TSI AT,17,8.773637374860957
Pune,Diesel,Manual,First,14.0,7,2.85,Mahindra,Xylo E4,17,4.483586869495596
Delhi,Diesel,Manual,First,15.1,7,7.85,Mahindra,XUV500 W8 2WD,12,6.424965580541533
Pune,Petrol,Manual,First,19.1,5,5.3,Maruti,Swift Dzire VXI,10,7.167919799498747
Mumbai,Petrol,Manual,First,18.88,5,8.0,Ford,Ecosport 1.0 Ecoboost Platinum Edition,9,12.336336336336336
Coimbatore,Diesel,Manual,First,21.43,5,9.43,Toyota,Corolla Altis Diesel D4DG,12,6.392961876832845
Pune,Petrol,Manual,First,18.5,5,2.75,Hyundai,i20 2015-2017 1.2 Magna,14,6.683375104427736
Mumbai,Diesel,Manual,First,20.37,5,13.5,Renault,Captur 1.5 Diesel Platine Mono,8,7.42299794661191
Hyderabad,Diesel,Automatic,First,11.0,5,9.99,Mercedes-Benz,E-Class 280 CDI,17,6.645463675929025
Chennai,Petrol,Manual,First,21.1,5,6.95,Maruti,Baleno RS 1.0 Petrol,9,10.02004008016032
Chennai,Petrol,Automatic,First,17.97,5,6.75,Nissan,Sunny 2011-2014 XL AT Special Edition,11,6.64886515353805
Chennai,Petrol,Automatic,First,18.9,5,5.5,Hyundai,Grand i10 AT Asta,11,6.8504594820384295
Kochi,Petrol,Manual,First,21.56,5,9.18,Maruti,Ciaz Zeta,8,7.062243502051984
Jaipur,Petrol,Manual,First,19.1,5,4.15,Hyundai,Xcent 1.2 Kappa S,12,6.8504594820384295
Ahmedabad,Diesel,Manual,First,22.32,5,6.5,Hyundai,Verna 1.6 SX CRDi (O),14,7.984829329962073
Kochi,Petrol,Manual,First,21.5,5,4.11,Maruti,Wagon R VXI 1.2,11,6.83375104427736
Hyderabad,Diesel,Manual,Second,16.8,5,2.25,Hyundai,Verna CRDi,18,7.367716008037509
Kochi,Petrol,Manual,First,17.71,5,4.56,Toyota,Etios Liva G,11,6.591478696741855
Pune,Diesel,Manual,First,11.68,7,4.0,Mahindra,Xylo E4 ABS BS III,13,4.483586869495596
Coimbatore,Diesel,Manual,First,23.59,5,5.27,Toyota,Etios Liva GD,11,4.916422287390029
Kochi,Diesel,Manual,First,18.06,7,9.11,Mahindra,Thar DI 4X4,7,2.4970273483947683
Pune,Diesel,Manual,Second,14.42,5,6.2,Nissan,X-Trail SLX MT,16,7.398496240601503
Kochi,Diesel,Automatic,First,11.36,7,19.97,Toyota,Innova Crysta 2.8 ZX AT,9,6.2250453720508165
Delhi,Diesel,Manual,First,21.38,5,10.17,Hyundai,Creta 1.4 CRDi S,10,6.353868194842407
Pune,Diesel,Manual,First,28.4,5,4.5,Maruti,Swift VDI,12,5.929487179487179
Kochi,Diesel,Manual,First,23.9,5,14.28,Hyundai,Verna 1.6 CRDI SX Option,7,7.977243994943111
Kochi,Petrol,Manual,Second,19.7,5,2.47,Maruti,Alto LXi BSIII,14,5.816582914572864
Ahmedabad,Diesel,Manual,First,23.65,5,7.9,Maruti,S Cross DDiS 200 Alpha,10,7.091346153846153
Hyderabad,Petrol,Manual,First,21.1,5,2.3,Hyundai,EON Era,15,6.781326781326781
Hyderabad,Petrol,Manual,First,13.24,5,6.5,Nissan,Terrano XL,13,6.414267834793493
Hyderabad,Petrol,Manual,First,21.1,5,3.25,Hyundai,EON Era,10,6.781326781326781
Bangalore,Diesel,Manual,First,20.65,5,5.85,Tata,Zest Quadrajet 1.3 XT,9,7.107371794871795
Hyderabad,Diesel,Automatic,Second,14.21,5,29.0,Mercedes-Benz,E-Class 2009-2013 E250 CDI Elegance,12,9.472701819878674
Coimbatore,Diesel,Automatic,Second,14.16,5,25.71,Audi,Q5 2.0 TDI Premium Plus,12,8.856707317073171
Chennai,Petrol,Manual,Second,15.3,5,1.85,Ford,Fiesta 1.6 ZXi Leather,18,6.328320802005012
Mumbai,Diesel,Automatic,First,18.88,5,22.75,BMW,3 Series 320d Prestige,11,9.223057644110275
Kochi,Petrol,Manual,First,21.1,5,8.32,Maruti,Baleno RS 1.0 Petrol,8,10.02004008016032
Delhi,Diesel,Automatic,First,14.21,5,26.0,Mercedes-Benz,E-Class 2009-2013 E250 CDI Blue Efficiency,12,9.472701819878674
Hyderabad,Petrol,Manual,First,20.36,5,3.45,Hyundai,i10 Sportz 1.2,13,6.591478696741855
Mumbai,Petrol,Manual,First,18.9,5,5.15,Hyundai,Grand i10 Asta Option,9,6.8504594820384295
Kochi,Petrol,Manual,First,19.4,5,3.51,Honda,Brio S MT,12,7.245409015025041
Kolkata,Diesel,Manual,First,21.9,5,3.45,Hyundai,i20 Magna 1.4 CRDi (Diesel),11,6.358166189111748
Pune,Petrol,Manual,First,16.47,5,3.75,Volkswagen,Polo Petrol Highline 1.2L,13,6.168614357262104
Pune,Petrol,Manual,Second,13.0,5,1.45,Honda,City 1.5 EXI,25,6.697923643670463
Delhi,Diesel,Manual,First,18.7,5,2.2,Skoda,Octavia Ambiente 1.9 TDI,18,3.481012658227848
Hyderabad,Diesel,Manual,First,13.1,7,7.99,Ford,Endeavour 2.5L 4X2,16,5.642256902761105
Bangalore,Diesel,Manual,Second,18.3,5,6.75,Chevrolet,Cruze LTZ,13,7.4284279256654955
Kolkata,Diesel,Manual,First,24.2,7,5.0,Honda,Mobilio V i DTEC,12,6.582109479305741
Pune,Diesel,Manual,Second,20.77,7,5.9,Maruti,Ertiga VDI,14,7.112179487179487
Mumbai,Petrol,Manual,First,18.9,5,3.75,Hyundai,Grand i10 Sportz,13,6.8504594820384295
Mumbai,Diesel,Automatic,First,14.74,5,29.5,Jaguar,XF 3.0 Litre S Premium Luxury,12,9.05111927831607
Chennai,Petrol,Manual,First,18.0,5,4.75,Honda,Amaze VX i-Vtech,12,7.237061769616027
Pune,Diesel,Automatic,First,12.4,5,11.5,Audi,A6 2.7 TDI,15,6.653076352853966
Chennai,Petrol,Manual,First,18.6,5,6.95,Hyundai,i20 1.2 Spotz,9,6.836257309941521
Mumbai,Petrol,Manual,First,17.0,5,5.4,Volkswagen,Ameo 1.2 MPI Highline Plus 16,10,6.156093489148581
Jaipur,Petrol,Automatic,First,13.4,5,4.75,Renault,Fluence 2.0,15,6.765147721582373
Chennai,Petrol,Manual,First,24.07,5,2.15,Maruti,Alto K10 VXI,15,6.723446893787574
Jaipur,Petrol,Manual,First,19.7,5,0.9,Maruti,Alto Std,21,5.816582914572864
Kolkata,Petrol,Manual,First,20.51,5,3.5,Maruti,Wagon R VXI BS IV,10,6.717434869739479
Kochi,Diesel,Manual,First,20.4,5,5.85,Fiat,Linea 1.3 Emotion,10,7.371794871794872
Pune,Diesel,Manual,First,19.3,5,3.15,Maruti,Swift Dzire Vdi BSIV,16,5.9214743589743595
Pune,Diesel,Manual,First,21.64,5,6.0,Renault,Scala Diesel RxL,10,5.804243668720054
Kolkata,Petrol,Manual,First,18.5,5,2.23,Hyundai,i20 Magna,16,6.683375104427736
Bangalore,Petrol,Manual,First,19.1,5,2.5,Hyundai,Xcent 1.2 Kappa SX Option,10,6.8504594820384295
Kochi,Petrol,Manual,First,18.9,5,3.87,Maruti,Wagon R LXI,11,6.723446893787574
Ahmedabad,Diesel,Manual,First,15.1,7,9.5,Mahindra,XUV500 W8 2WD,12,6.424965580541533
Delhi,Diesel,Automatic,First,12.55,7,17.75,Toyota,Fortuner 4x2 AT,12,5.650570087189806
Delhi,Diesel,Manual,First,19.64,5,3.75,Renault,Duster 110PS Diesel RxZ Plus,14,7.42299794661191
Chennai,Petrol,Manual,Second,17.92,5,1.5,Hyundai,Santro Xing GLS,16,5.718232044198896
Pune,Petrol,Manual,Second,17.01,5,5.0,Hyundai,Verna 1.6 SX VTVT,13,7.6241357636706475
Pune,Diesel,Automatic,Second,15.06,5,17.0,BMW,X1 sDrive 20d Exclusive,12,8.87218045112782
Kochi,Petrol,Automatic,First,12.9,5,4.38,Honda,Civic 2006-2010 1.8 V AT,15,7.226236798221233
Delhi,Petrol,Automatic,First,15.26,5,41.5,Audi,A6 35 TFSI Matrix,8,10.441601779755285
Kolkata,Petrol,Manual,First,20.51,5,3.0,Maruti,Wagon R LXI BS IV,9,6.717434869739479
Coimbatore,Diesel,Manual,First,24.3,5,11.0,Maruti,Vitara Brezza ZDi Plus Dual Tone,8,7.091346153846153
Pune,Diesel,Automatic,Second,11.8,7,14.0,Land,Rover Discovery 3 TDV6 Diesel Automatic,14,6.985294117647059
Pune,Diesel,Automatic,First,26.59,5,7.65,Maruti,Dzire New,10,5.929487179487179
Kolkata,Petrol,Manual,First,17.0,5,8.7,Hyundai,Verna VTVT 1.6 SX,8,7.6241357636706475
Hyderabad,Diesel,Manual,First,25.47,7,9.9,Maruti,Ertiga ZDI Plus,10,7.091346153846153
Mumbai,Petrol,Manual,First,13.2,5,2.05,Hyundai,Accent GLE,16,6.287625418060201
Kolkata,Petrol,Manual,First,17.0,5,5.25,Hyundai,i20 1.2 Sportz,10,6.683375104427736
Kochi,Petrol,Manual,First,17.0,5,5.77,Hyundai,Verna VTVT 1.6 SX,14,7.6241357636706475
Hyderabad,Petrol,Manual,First,19.7,5,1.95,Maruti,Alto LX,16,5.816582914572864
Ahmedabad,Diesel,Manual,Second,12.05,8,7.45,Mahindra,Scorpio VLX,15,5.507113354749885
Delhi,Petrol,Manual,First,18.9,5,2.6,Maruti,Wagon R LXI,14,6.723446893787574
Ahmedabad,Petrol,Manual,Second,17.0,5,3.25,Hyundai,i20 1.2 Sportz,15,6.683375104427736
Hyderabad,Diesel,Manual,First,21.1,5,3.85,Maruti,Ritz VDi,16,5.9214743589743595
Delhi,Diesel,Automatic,Second,13.73,5,7.5,Renault,Koleos 2.0 Diesel,13,7.4185463659147866
Kochi,Diesel,Automatic,First,22.69,5,11.5,BMW,3 Series 320d,14,9.523809523809524
Pune,Petrol,Manual,First,19.4,5,3.25,Honda,Brio V MT,13,7.245409015025041
Chennai,Petrol,Manual,Second,11.7,5,1.5,Hyundai,Sonata GOLD,23,6.71006509764647
Jaipur,Diesel,Manual,First,19.3,5,5.31,Maruti,Swift Dzire VDi,12,5.9214743589743595
Hyderabad,Diesel,Manual,First,16.0,7,9.0,Mahindra,XUV500 W8 4WD,13,6.424965580541533
Kolkata,Petrol,Manual,First,19.81,5,3.59,Hyundai,i10 Sportz 1.1L,10,6.266114180478821
Kochi,Petrol,Manual,First,20.73,5,7.35,Maruti,Ciaz ZXi Plus,10,6.635105608157319
Pune,Diesel,Manual,First,12.8,8,12.0,Toyota,Innova 2.5 V Diesel 8-seater,13,4.0898155573376105
Coimbatore,Petrol,Manual,First,18.9,5,6.02,Hyundai,Grand i10 Sportz,9,6.8504594820384295
Coimbatore,Diesel,Manual,First,16.52,5,2.57,Chevrolet,Optra Magnum 2.0 LS BSIII,18,6.212958312405827
Pune,Diesel,Manual,First,12.83,7,12.45,Mahindra,Ssangyong Rexton RX5,13,6.008902077151335
Coimbatore,Diesel,Manual,First,15.1,7,12.63,Mahindra,XUV500 W8 2WD,11,6.424965580541533
Bangalore,Petrol,Manual,Second,17.4,5,7.75,Honda,City i VTEC SV,12,7.83567134268537
Delhi,Diesel,Manual,First,22.7,5,5.5,Ford,Ecosport 1.5 DV5 MT Titanium,12,5.9973297730307085
Kolkata,Petrol,Manual,First,18.6,5,4.43,Hyundai,i20 Sportz 1.2,11,6.836257309941521
Kochi,Diesel,Automatic,First,17.9,5,24.51,Mercedes-Benz,CLA 200 CDI Sport,10,6.346243583761082
Ahmedabad,Petrol,Manual,First,22.0,5,2.65,Hyundai,EON Magna,12,6.756756756756757
Delhi,Petrol,Manual,First,17.6,5,3.2,Toyota,Etios G Safety,15,5.9291443850267385
Chennai,Diesel,Manual,First,23.4,5,4.25,Maruti,Swift Dzire Tour LDI,10,5.929487179487179
Kolkata,Petrol,Manual,First,19.7,5,1.1,Maruti,Alto LXi,18,5.816582914572864
Chennai,Petrol,Manual,First,23.1,5,4.3,Maruti,Celerio ZXI,11,6.717434869739479
Hyderabad,Diesel,Manual,First,22.7,5,8.9,Ford,Ecosport 1.5 DV5 MT Titanium Optional,11,5.9973297730307085
Jaipur,Diesel,Manual,First,19.01,5,6.5,Nissan,Terrano XV 110 PS Limited Edition,11,7.426420260095824
Delhi,Petrol,Automatic,Third,11.1,5,3.5,Honda,Accord VTi-L AT,17,6.032285471537808
Hyderabad,Diesel,Manual,First,17.8,5,4.25,Maruti,Swift Ldi BSIII,18,6.009615384615385
Kochi,Diesel,Automatic,First,16.0,7,16.46,Mahindra,XUV500 AT W10 FWD,8,6.424965580541533
Mumbai,Petrol,Manual,First,18.7,5,5.95,Honda,Jazz 1.2 VX i VTEC,10,7.397831526271894
Mumbai,Petrol,Manual,First,17.8,5,7.1,Honda,City i VTEC V,11,7.83567134268537
Kolkata,Petrol,Manual,Second,15.7,5,1.25,Fiat,Grande Punto 1.2 Dynamic,15,5.716723549488054
Pune,Petrol,Manual,First,16.02,7,5.5,Maruti,Ertiga ZXI,13,6.824471959213402
Chennai,Petrol,Manual,First,18.44,5,3.25,Nissan,Micra XL,13,6.260434056761269
Hyderabad,Petrol,Manual,First,17.0,5,5.0,Honda,City 1.5 V MT,16,7.882431529726119
Coimbatore,Petrol,Manual,First,16.78,5,6.58,Toyota,Etios VX,10,5.93114973262032
Mumbai,Diesel,Automatic,First,18.88,5,19.5,BMW,3 Series 320d Luxury Line,13,9.223057644110275
Kochi,Petrol,Manual,First,18.7,5,6.14,Honda,Jazz 1.2 SV i VTEC,9,7.397831526271894
Jaipur,Diesel,Manual,First,28.4,5,4.95,Maruti,Dzire VDI,13,5.909455128205128
Hyderabad,Diesel,Manual,First,20.5,5,5.75,Skoda,Rapid 1.6 TDI Elegance,13,6.476846057571965
Kolkata,Diesel,Manual,First,15.1,7,6.6,Mahindra,XUV500 W6 2WD,13,6.424965580541533
Coimbatore,Petrol,Automatic,First,18.9,5,5.72,Hyundai,Grand i10 AT Asta,11,6.8504594820384295
Delhi,Petrol,Manual,Second,17.0,5,2.6,Honda,City 1.5 V MT,17,7.882431529726119
Hyderabad,Diesel,Manual,Second,12.8,7,6.5,Toyota,Innova 2.5 GX 7 STR,16,4.0898155573376105
Pune,Diesel,Manual,Second,15.1,7,6.1,Mahindra,XUV500 W8 2WD,15,6.424965580541533
Hyderabad,Diesel,Manual,First,19.3,5,3.85,Maruti,Swift Dzire VDi,16,5.9214743589743595
Pune,Petrol,Manual,Second,15.04,5,4.5,Volkswagen,Vento Petrol Highline,13,6.483103879849812
Coimbatore,Diesel,Manual,First,23.59,5,5.3,Toyota,Etios GD,13,8.304757605056455
Bangalore,Diesel,Automatic,Second,16.55,5,18.25,Audi,A4 2.0 TDI,13,7.495426829268292
Ahmedabad,Petrol,Manual,First,16.02,7,5.75,Maruti,Ertiga LXI,14,6.824471959213402
Jaipur,Petrol,Manual,Second,16.1,4,0.9,Maruti,800 AC,16,4.648241206030151
Hyderabad,Petrol,Manual,First,17.0,5,5.5,Honda,City 1.5 V MT,15,7.882431529726119
Kolkata,Petrol,Manual,First,19.1,5,3.99,Maruti,Swift Dzire VXI,12,7.167919799498747
Delhi,Petrol,Automatic,First,19.16,5,18.75,Toyota,Camry Hybrid,12,6.343223736968724
Kolkata,Diesel,Manual,First,24.0,5,3.5,Hyundai,Grand i10 CRDi Sportz,12,6.25
Chennai,Diesel,Automatic,First,11.36,8,16.45,Toyota,Innova Crysta 2.8 GX AT 8S,10,6.2250453720508165
Coimbatore,Petrol,Manual,First,20.36,5,3.65,Hyundai,i10 Magna,15,6.591478696741855
Bangalore,Petrol,Automatic,First,18.9,5,5.4,Hyundai,Grand i10 AT Asta,12,6.8504594820384295
Mumbai,Diesel,Manual,First,27.39,5,8.7,Maruti,Baleno Alpha Diesel,8,5.929487179487179
Mumbai,Petrol,Automatic,First,14.67,5,20.75,Skoda,Superb Style 1.8 TSI AT,10,9.869855394883203
Hyderabad,Diesel,Automatic,First,14.84,5,12.5,Mercedes-Benz,New C-Class 220 CDI AT,16,7.932804479701354
Kolkata,Diesel,Manual,First,21.1,5,1.89,Maruti,Ritz VDi,15,5.9214743589743595
Kolkata,Diesel,Manual,First,23.4,5,4.0,Maruti,Swift Dzire Tour LDI,11,5.929487179487179
Mumbai,Petrol,Manual,First,14.8,5,3.95,Honda,Civic 2010-2013 1.8 V MT,14,7.237354085603112
Hyderabad,Diesel,Manual,First,24.52,7,7.85,Maruti,Ertiga SHVS VDI,11,7.091346153846153
Kolkata,Diesel,Manual,First,22.7,5,7.0,Hyundai,Elantra CRDi SX,12,7.979772439949431
Hyderabad,Diesel,Automatic,First,12.55,7,24.99,Toyota,Fortuner 4x2 AT,10,5.650570087189806
Delhi,Petrol,Automatic,First,17.21,5,4.5,Volkswagen,Polo GT TSI,13,8.654970760233919
Pune,Diesel,Manual,Third,18.7,5,1.25,Skoda,Octavia Classic 1.9 TDI MT,21,3.481012658227848
Delhi,Diesel,Manual,First,20.14,5,3.95,Volkswagen,Polo 1.5 TDI Trendline,12,5.9279038718291055
Pune,Petrol,Manual,Second,17.92,5,1.6,Hyundai,Santro Xing GL Plus,14,5.718232044198896
Hyderabad,Petrol,Manual,First,13.2,5,0.6,Hyundai,Accent GLE,22,6.287625418060201
Coimbatore,Petrol,Manual,Second,21.1,5,3.39,Hyundai,EON D Lite Plus,12,6.781326781326781
Hyderabad,Diesel,Manual,First,12.8,7,9.8,Toyota,Innova 2.5 V Diesel 7-seater,15,4.0898155573376105
Mumbai,Diesel,Manual,First,26.8,5,5.91,Maruti,Ignis 1.3 Zeta,9,5.929487179487179
Mumbai,Petrol,Manual,First,21.56,5,8.25,Maruti,Ciaz Alpha,9,7.062243502051984
Mumbai,Petrol,Manual,First,17.5,5,3.75,Maruti,Swift Dzire VXi,14,6.610169491525424
Hyderabad,Petrol,Automatic,First,18.0,5,12.5,Honda,City i VTEC CVT VX,9,7.83567134268537
Bangalore,Diesel,Manual,First,17.8,5,5.95,Maruti,Swift VDI BSIV W ABS,11,9.076674177321317
Delhi,Petrol,Manual,First,19.4,5,3.8,Honda,Brio S MT,11,7.245409015025041
Delhi,Diesel,Manual,First,23.59,5,4.35,Toyota,Etios Liva GD,12,4.914956011730206
Hyderabad,Diesel,Automatic,First,13.5,5,32.5,Volvo,XC60 D5,11,8.958333333333334
Kolkata,Petrol,Manual,First,15.64,5,3.0,Tata,Indigo CS eGVX,11,5.371332774518021
Pune,Diesel,Automatic,Second,11.36,7,19.0,Toyota,Innova Crysta 2.8 ZX AT,10,6.2250453720508165
Pune,Diesel,Manual,First,20.54,5,5.0,Volkswagen,Vento Diesel Highline,13,6.483103879849812
Pune,Diesel,Manual,First,22.7,5,5.45,Ford,Ecosport 1.5 DV5 MT Titanium,12,5.9973297730307085
Mumbai,Petrol,Manual,First,18.9,5,2.7,Maruti,Wagon R VXI,16,6.723446893787574
Mumbai,Petrol,Manual,First,13.0,5,10.75,Mercedes-Benz,S-Class 320 L,20,7.030465349849348
Hyderabad,Diesel,Manual,First,20.14,5,5.8,Volkswagen,Polo 1.5 TDI Highline,11,5.9279038718291055
Pune,Petrol,Manual,Second,15.3,5,0.95,Tata,Indica GLS BS IV,19,5.473595976529757
Jaipur,Petrol,Manual,Second,16.1,4,0.63,Maruti,800 Std BSIII,24,4.648241206030151
Kochi,Diesel,Manual,First,17.1,5,17.55,Jeep,Compass 2.0 Longitude,8,8.69120654396728
Pune,Petrol,Manual,First,24.07,5,3.0,Maruti,Alto K10 LXI Optional,10,6.723446893787574
Bangalore,Diesel,Automatic,First,19.3,5,15.0,Skoda,Octavia Elegance 2.0 TDI AT,13,7.164634146341463
Hyderabad,Diesel,Manual,First,26.59,5,6.0,Maruti,Swift Dzire VDI Optional,10,5.929487179487179
Mumbai,Diesel,Manual,First,28.09,5,7.65,Maruti,Ciaz VDi Plus SHVS,10,7.091346153846153
Jaipur,Diesel,Manual,Second,15.8,5,8.5,Mercedes-Benz,New C-Class C 220 CDI CLASSIC,17,7.9143389199255125
Kolkata,Diesel,Manual,First,20.0,5,2.25,Ford,Figo Diesel ZXI,13,4.8606147248034315
Delhi,Petrol,Automatic,Second,14.53,5,4.65,Toyota,Corolla Altis VL,16,7.68075639599555
Mumbai,Diesel,Manual,First,22.7,5,7.85,Maruti,SX4 S Cross DDiS 320 Zeta,10,7.3842302878598245
Coimbatore,Petrol,Manual,First,15.6,5,3.46,Ford,Figo Petrol ZXI,15,5.852842809364549
Mumbai,Petrol,Automatic,First,19.0,5,8.25,Honda,Jazz Exclusive CVT,8,7.397831526271894
Pune,Petrol,Manual,First,17.3,5,1.25,Maruti,Zen LXi - BS III,20,6.042296072507553
Bangalore,Diesel,Manual,Third,11.5,7,16.0,Toyota,Fortuner 3.0 Diesel,14,5.734406438631791
Jaipur,Diesel,Manual,First,26.21,5,7.4,Maruti,Ciaz ZDi Plus,11,7.091346153846153
Kochi,Petrol,Manual,First,25.17,5,3.07,Renault,KWID RXT,10,6.670838548185232
Coimbatore,Petrol,Automatic,First,19.2,5,3.84,Hyundai,i10 Magna AT,15,6.683375104427736
Pune,Petrol,Automatic,First,23.1,5,4.2,Maruti,Celerio ZXI AT Optional,10,6.717434869739479
Kochi,Diesel,Manual,First,21.38,5,10.82,Hyundai,Creta 1.4 E Plus Diesel,8,6.353868194842407
Hyderabad,Diesel,Manual,First,27.3,5,6.1,Honda,Jazz 1.5 SV i DTEC,10,6.582109479305741
Kolkata,Petrol,Manual,First,17.0,5,3.1,Honda,City 1.5 S MT,15,7.882431529726119
Chennai,Petrol,Manual,Third,13.7,5,1.0,Mitsubishi,Lancer 1.5 SFXi,25,5.844686648501362
Coimbatore,Petrol,Manual,First,16.95,5,4.69,Nissan,Sunny XE P,14,6.51535380507343
Mumbai,Petrol,Automatic,First,11.7,5,5.4,Honda,Accord 2.4 AT,15,7.544604927782498
Mumbai,Diesel,Manual,First,15.1,7,12.0,Mahindra,XUV500 W8 2WD,10,6.424965580541533
Mumbai,Petrol,Manual,First,18.6,5,6.5,Hyundai,i20 1.2 Magna Executive,8,6.836257309941521
Chennai,Diesel,Manual,First,23.08,5,3.0,Nissan,Micra Diesel XL,12,4.31895961670089
Kochi,Petrol,Automatic,First,19.12,5,6.9,Maruti,Ciaz AT ZXi,11,6.635105608157319
Chennai,Diesel,Manual,First,20.54,5,4.0,Volkswagen,Vento Diesel Trendline,15,6.483103879849812
Chennai,Petrol,Manual,First,17.0,5,4.25,Hyundai,i20 Asta,15,6.683375104427736
Hyderabad,Petrol,Manual,First,14.53,5,5.1,Toyota,Corolla Altis G,18,7.68075639599555
Kolkata,Diesel,Manual,First,25.1,5,4.9,Honda,City i DTEC VX,12,6.582109479305741
Pune,Petrol,Manual,Second,20.4,5,3.6,Maruti,Swift VXI BSIV,12,6.83375104427736
Pune,Diesel,Automatic,First,14.21,5,34.0,Mercedes-Benz,E-Class 2009-2013 E250 CDI Elegance,10,9.472701819878674
Mumbai,Diesel,Manual,First,12.99,7,8.25,Toyota,Innova 2.5 G (Diesel) 7 Seater,11,4.033680834001604
Pune,Petrol,Manual,First,16.1,5,1.3,Maruti,Swift Lxi BSIII,15,6.79506933744222
Coimbatore,Diesel,Automatic,First,19.27,5,39.05,Mercedes-Benz,New C-Class C 220d Avantgarde Edition C,8,7.821745216985534
Kolkata,Petrol,Manual,First,18.9,5,3.75,Hyundai,Grand i10 Asta,11,6.8504594820384295
Mumbai,Petrol,Manual,First,18.9,5,2.1,Maruti,Wagon R LXI BS IV,16,6.723446893787574
Hyderabad,Diesel,Manual,First,22.77,5,8.8,Ford,EcoSport 1.5 TDCi Titanium,10,6.5814419225634175
Coimbatore,Petrol,Manual,First,16.47,5,5.84,Volkswagen,Polo 1.2 MPI Comfortline,11,6.176961602671119
Kochi,Petrol,Automatic,First,17.01,5,9.03,Hyundai,Verna 1.6 VTVT AT SX,8,7.6241357636706475
Ahmedabad,Petrol,Automatic,Second,24.04,5,3.25,Renault,KWID AMT RXL,9,6.706706706706707
Coimbatore,Petrol,Automatic,First,16.5,5,4.9,Honda,Brio S Option AT,13,7.245409015025041
Kochi,Petrol,Manual,First,18.16,5,6.46,Ford,Figo Aspire 1.2 Ti-VCT Titanium,8,7.25752508361204
Bangalore,Diesel,Manual,Second,11.5,7,18.5,Toyota,Fortuner 3.0 Diesel,12,5.734406438631791
Ahmedabad,Diesel,Manual,First,25.0,5,2.7,Tata,Indigo eCS eLX BS IV,13,4.943409742120345
Chennai,Diesel,Manual,First,25.83,5,4.6,Ford,Figo 2015-2019 1.5D Ambiente MT,10,6.608811748998665
Jaipur,Diesel,Manual,First,23.4,5,5.35,Maruti,Swift Dzire VDI,12,5.929487179487179
Pune,Diesel,Manual,First,23.08,5,2.3,Nissan,Micra Diesel XV Primo,15,4.31895961670089
Delhi,Diesel,Automatic,First,19.3,5,15.45,Skoda,Octavia Style Plus 2.0 TDI AT,10,7.164634146341463
Hyderabad,Diesel,Automatic,First,16.96,5,12.49,Volkswagen,Jetta 2013-2015 2.0L TDI Highline AT,12,7.013719512195123
Coimbatore,Diesel,Automatic,First,12.07,7,48.76,Audi,Q7 35 TDI Quattro Technology,10,8.136164475901584
Pune,Petrol,Manual,First,17.0,5,3.2,Hyundai,i20 1.2 Sportz,15,6.683375104427736
Delhi,Diesel,Automatic,First,16.07,4,8.75,BMW,3 Series 320d Corporate Edition,14,9.072681704260651
Kolkata,Diesel,Manual,First,21.19,5,5.99,Hyundai,i20 Active 1.4 SX Dual Tone,11,6.356017191977077
Chennai,Diesel,Manual,Second,12.7,8,2.9,Mahindra,Scorpio 2.6 DX,21,4.469145266385588
Hyderabad,Petrol,Automatic,First,10.5,0,18.0,Audi,A4 3.2 FSI Tiptronic Quattro,14,3.5432247023137324
Kolkata,Diesel,Manual,First,20.0,5,1.8,Ford,Figo Diesel EXI,15,4.8641887062187275
Mumbai,Petrol,Manual,First,9.8,5,6.25,Honda,Accord 2.4 Inspire M/T,14,7.646559048428207
Bangalore,Diesel,Manual,First,21.9,5,5.45,Hyundai,i20 Sportz 1.4 CRDi,13,6.358166189111748
Mumbai,Diesel,Automatic,First,16.36,5,52.5,Jaguar,XF 2.2 Litre Luxury,8,8.614043139054612
Mumbai,Petrol,Automatic,First,17.1,5,5.6,Hyundai,Verna 1.6 SX VTVT (O) AT,13,7.630421118793213
Kolkata,Petrol,Manual,First,17.4,5,6.45,Honda,City i VTEC VX Option,12,7.83567134268537
Mumbai,Petrol,Manual,First,18.5,5,3.7,Hyundai,i20 Asta Optional with Sunroof 1.2,14,6.921470342522975
Chennai,Petrol,Manual,First,19.4,5,3.49,Honda,Brio S MT,13,7.245409015025041
Kolkata,Diesel,Manual,First,21.9,5,3.55,Hyundai,i20 Sportz 1.4 CRDi,13,6.358166189111748
Mumbai,Petrol,Manual,First,10.4,5,9.0,Maruti,Grand Vitara 2.4 MT,9,6.832427914751358
Hyderabad,Petrol,Manual,First,19.0,5,2.7,Maruti,A-Star Vxi,15,6.623246492985971
Chennai,Petrol,Manual,First,19.7,5,1.5,Maruti,Alto LXi,20,5.816582914572864
Jaipur,Diesel,Manual,First,16.0,7,15.9,Mahindra,XUV500 W10 2WD,9,6.424965580541533
Hyderabad,Diesel,Manual,First,22.9,5,5.2,Maruti,Swift RS VDI,13,5.929487179487179
Mumbai,Diesel,Automatic,First,17.05,5,16.25,BMW,X1 sDrive20d,12,9.223057644110275
Mumbai,Diesel,Automatic,Second,14.3,5,3.31,Volkswagen,Passat 2.0 PD DSG,19,7.113821138211382
Bangalore,Diesel,Automatic,First,16.09,5,24.0,BMW,X3 xDrive20d,14,9.223057644110275
Kolkata,Petrol,Manual,First,18.5,5,2.5,Maruti,Ritz VXi,15,7.167919799498747
Jaipur,Diesel,Manual,Second,21.9,5,3.9,Hyundai,i20 Sportz 1.4 CRDi,13,6.358166189111748
Kolkata,Diesel,Manual,First,25.2,5,3.85,Maruti,Swift VDI BSIV,13,5.929487179487179
Delhi,Petrol,Manual,First,11.7,5,8.8,Mercedes-Benz,New C-Class 200 Kompressor,15,9.910913140311804
Chennai,Petrol,Manual,Second,14.28,5,4.95,Toyota,Corolla Altis 1.8 GL,17,7.676863181312569
Kolkata,Diesel,Manual,First,22.32,5,5.75,Hyundai,Verna 1.6 SX CRDi (O),12,7.984829329962073
Kochi,Diesel,Manual,First,19.01,5,6.17,Renault,Duster 110PS Diesel RxZ,12,7.42299794661191
Chennai,Diesel,Manual,First,17.8,5,3.45,Maruti,Swift Ldi BSIII,16,6.009615384615385
Jaipur,Petrol,Manual,First,24.07,5,3.2,Maruti,Alto K10 VXI,10,6.723446893787574
Coimbatore,Petrol,Automatic,First,13.0,5,13.49,Hyundai,Creta 1.6 SX Plus Petrol Automatic,9,7.6241357636706475
Delhi,Petrol,Automatic,First,15.04,5,24.5,Mercedes-Benz,CLA 200 CGI Sport,10,9.191361125062784
Kolkata,Petrol,Automatic,First,10.1,5,14.7,Honda,CR-V 2.4 4WD AT,11,6.457094307561598
Hyderabad,Diesel,Manual,First,22.7,5,6.0,Ford,Ecosport 1.5 DV5 MT Trend,12,5.9973297730307085
Coimbatore,Diesel,Automatic,First,13.0,5,34.18,Mercedes-Benz,E-Class 2015-2017 E250 CDI Avantgarde,10,9.519365375641623
Delhi,Diesel,Manual,First,24.0,5,3.5,Hyundai,Grand i10 CRDi Magna,12,6.25
Hyderabad,Petrol,Manual,First,16.6,5,2.15,Ford,Fiesta 1.4 Duratec ZXI,20,4.899135446685879
Kolkata,Diesel,Automatic,First,17.6,5,11.25,Hyundai,Creta 1.6 SX Automatic Diesel,8,7.977243994943111
Delhi,Petrol,Manual,First,19.0,5,2.0,Maruti,A-Star Lxi,16,6.623246492985971
Kochi,Diesel,Manual,First,23.2,5,4.27,Maruti,Ritz LDi,11,5.924679487179487
Kochi,Petrol,Manual,First,17.8,5,7.68,Honda,City i VTEC SV,9,7.83567134268537
Coimbatore,Diesel,Manual,First,12.99,7,14.52,Toyota,Innova 2.5 GX (Diesel) 7 Seater,9,4.033680834001604
Mumbai,Petrol,Automatic,Second,11.8,7,16.85,Mercedes-Benz,R-Class R350 4Matic Long,15,7.775871926815323
Mumbai,Diesel,Manual,First,21.14,5,5.75,Skoda,Rapid 1.5 TDI Elegance,11,6.910547396528704
Mumbai,Petrol,Manual,First,15.8,5,8.3,Ford,Ecosport 1.5 Ti VCT MT Titanium,9,7.338225483655771
Chennai,Petrol,Automatic,First,23.1,5,3.95,Maruti,Celerio VXI AT,12,6.717434869739479
Mumbai,Petrol,Manual,First,15.04,5,4.8,Volkswagen,Vento Petrol Highline,12,6.483103879849812
Ahmedabad,Diesel,Automatic,First,13.5,5,12.0,Volvo,XC60 D5,15,8.958333333333334
Ahmedabad,Diesel,Manual,First,23.59,5,6.25,Toyota,Etios Cross 1.4 GD,9,4.914956011730206
Jaipur,Diesel,Manual,First,19.4,5,2.5,Tata,Indica Vista TDI LX,14,4.98220640569395
Pune,Petrol,Automatic,First,18.0,5,7.5,Honda,City i VTEC CVT VX,12,7.83567134268537
Delhi,Petrol,Manual,First,17.0,5,3.5,Honda,City 1.5 V MT,16,7.882431529726119
Hyderabad,Diesel,Manual,First,18.7,5,1.99,Skoda,Octavia Rider Classic 1.9 TDI,21,3.481012658227848
Kolkata,Petrol,Manual,First,14.53,5,2.25,Toyota,Corolla 1.8 J,17,7.675194660734149
Delhi,Petrol,Manual,First,16.78,5,3.25,Toyota,Etios G,12,5.93114973262032
Bangalore,Diesel,Automatic,First,17.05,5,28.5,BMW,X1 sDrive20d,10,9.223057644110275
Kolkata,Petrol,Automatic,First,16.4,5,1.5,Honda,City ZX CVT,20,5.210420841683367
Delhi,Diesel,Manual,First,22.54,5,7.0,Hyundai,i20 Sportz 1.4 CRDi,9,6.356017191977077
Delhi,Diesel,Automatic,First,13.0,5,27.5,Mercedes-Benz,E-Class E350 CDI,12,8.75460328088383
Ahmedabad,Diesel,Manual,First,19.67,5,10.5,Hyundai,Creta 1.6 CRDi SX Option,11,7.977243994943111
Jaipur,Diesel,Automatic,Second,15.73,5,21.5,Audi,Q3 2012-2015 2.0 TDI Quattro Premium Plus,12,8.858231707317074
Delhi,Diesel,Automatic,First,12.63,5,35.0,Land,Rover Discovery Sport TD4 HSE,10,6.769160165213401
Hyderabad,Diesel,Automatic,First,21.66,5,7.99,Skoda,Rapid 1.5 TDI AT Elegance Plus,11,6.910547396528704
Coimbatore,Petrol,Automatic,First,23.1,5,4.88,Maruti,Celerio VXI AT,11,6.717434869739479
Mumbai,Petrol,Automatic,First,11.05,4,40.5,Audi,RS5 Coupe,13,15.342087076710436
Mumbai,Petrol,Manual,First,20.73,5,6.55,Maruti,Ciaz ZXi Plus,11,6.635105608157319
Coimbatore,Diesel,Automatic,First,14.16,5,29.64,Audi,Q5 2.0 TDI Premium Plus,11,8.856707317073171
Coimbatore,Diesel,Manual,Second,20.0,5,4.34,Ford,Figo Diesel Titanium,13,4.8606147248034315
Kochi,Petrol,Manual,First,18.88,5,6.22,Ford,Ecosport 1.0 Ecoboost Titanium,12,12.34934934934935
Delhi,Petrol,Manual,Second,17.0,5,2.25,Honda,City 1.5 S MT,17,7.882431529726119
Hyderabad,Diesel,Automatic,First,16.36,5,38.0,Jaguar,XF 2.2 Litre Luxury,11,8.614043139054612
Mumbai,Petrol,Manual,Second,20.4,5,2.15,Maruti,Swift VXI BSIV,18,6.83375104427736
Coimbatore,Diesel,Automatic,First,22.48,5,22.45,BMW,5 Series 520d Luxury Line,12,9.523809523809524
Coimbatore,Diesel,Automatic,First,15.0,5,20.87,Mercedes-Benz,B Class B200 CDI,9,5.006999533364443
Mumbai,Petrol,Manual,First,19.4,5,3.1,Honda,Brio S MT,13,7.245409015025041
Mumbai,Petrol,Manual,First,18.6,5,5.95,Hyundai,i20 Sportz 1.2,10,6.836257309941521
Mumbai,Diesel,Manual,Second,16.8,5,0.86,Tata,Indica V2 DLG TC,20,4.839857651245551
Delhi,Diesel,Manual,First,11.5,7,9.25,Toyota,Fortuner 3.0 Diesel,16,5.734406438631791
Mumbai,Petrol,Manual,First,19.81,5,2.25,Hyundai,i10 Sportz 1.1L,15,6.266114180478821
Kochi,Petrol,Manual,First,17.0,5,6.13,Hyundai,i20 1.2 Sportz Option,10,6.683375104427736
Kochi,Petrol,Manual,Second,15.4,5,1.81,Maruti,Baleno LXI - BSIII,20,7.124332939180506
Pune,Petrol,Automatic,Second,15.5,5,3.79,Honda,Amaze S AT i-Vtech,12,7.237061769616027
Mumbai,Diesel,Manual,First,23.59,5,3.6,Toyota,Etios Liva GD,15,8.304757605056455
Pune,Petrol,Automatic,Second,16.95,5,3.85,Hyundai,i10 Sportz 1.2 AT,13,6.591478696741855
Hyderabad,Diesel,Manual,First,22.07,5,4.5,Volkswagen,Polo Diesel Trendline 1.2L,13,6.163469557964971
Coimbatore,Petrol,Manual,First,21.1,5,8.61,Maruti,Baleno RS Petrol,8,10.02004008016032
Ahmedabad,Diesel,Manual,First,21.9,5,6.5,Hyundai,i20 Sportz 1.4 CRDi,10,6.358166189111748
Chennai,Petrol,Automatic,First,11.3,5,2.6,Toyota,Corolla H4,21,6.967670011148272
Pune,Diesel,Manual,First,12.99,7,15.0,Toyota,Innova 2.5 VX (Diesel) 7 Seater,11,4.033680834001604
Pune,Petrol,Automatic,First,23.1,5,4.7,Maruti,Celerio VXI AT Optional,9,6.717434869739479
Hyderabad,Diesel,Automatic,First,19.3,5,12.99,Skoda,Octavia Elegance 2.0 TDI AT,11,7.164634146341463
Kochi,Petrol,Manual,First,17.3,7,7.32,Honda,Mobilio S i VTEC,8,7.83567134268537
Delhi,Diesel,Manual,Second,23.9,5,6.5,Hyundai,Verna 1.6 CRDi SX,11,7.977243994943111
Coimbatore,Petrol,Manual,Second,17.0,5,5.67,Honda,City 1.5 S MT,14,7.882431529726119
Chennai,Diesel,Manual,Second,19.68,5,3.0,Ford,Classic 1.4 Duratorq Titanium,12,4.789135096497498
Delhi,Diesel,Manual,Second,26.21,5,5.5,Maruti,Ciaz ZDi,11,7.091346153846153
Pune,Petrol,Manual,First,18.9,5,3.35,Maruti,Wagon R VXI BS IV,11,6.723446893787574
Coimbatore,Diesel,Automatic,First,14.94,5,25.02,Audi,A4 3.0 TDI Quattro,11,8.136164475901584
Coimbatore,Petrol,Automatic,First,19.16,5,26.11,Toyota,Camry Hybrid 2.5,9,7.063530357860875
Coimbatore,Petrol,Manual,First,18.6,5,7.09,Hyundai,i20 Asta 1.2,10,6.836257309941521
Delhi,Petrol,Manual,First,18.9,5,6.5,Hyundai,Grand i10 1.2 Kappa Asta,8,6.838763575605681
Chennai,Diesel,Manual,First,22.07,5,4.5,Volkswagen,Polo Diesel Trendline 1.2L,14,6.163469557964971
Chennai,Diesel,Automatic,First,15.97,5,57.0,BMW,X5 xDrive 30d M Sport,10,8.620113598396257
Kochi,Petrol,Manual,First,16.47,5,3.82,Volkswagen,Polo Petrol Comfortline 1.2L,14,6.168614357262104
Jaipur,Diesel,Manual,First,20.45,5,5.25,Renault,Duster 85PS Diesel RxE,13,5.7357973990417515
Coimbatore,Petrol,Automatic,First,14.67,5,16.81,Skoda,Superb Style 1.8 TSI AT,10,9.869855394883203
Delhi,Diesel,Automatic,First,14.16,5,21.5,Audi,Q5 2.0 TDI,13,8.856707317073171
Hyderabad,Diesel,Manual,First,27.39,5,8.5,Maruti,Baleno Delta 1.3,9,5.929487179487179
Delhi,Petrol,Manual,First,16.47,5,3.25,Volkswagen,Polo Petrol Comfortline 1.2L,13,6.168614357262104
Coimbatore,Diesel,Automatic,First,13.5,6,27.11,Mitsubishi,Pajero Sport 4X4 AT,7,7.087605974969721
Mumbai,Petrol,Manual,First,20.73,5,5.95,Maruti,Ciaz VXi Plus,11,6.635105608157319
Kochi,Diesel,Manual,First,19.87,5,6.79,Renault,Duster 85PS Diesel RxL Option,11,5.7357973990417515
Mumbai,Petrol,Manual,First,21.1,5,2.55,Hyundai,EON D Lite Plus Option,10,6.781326781326781
Pune,Petrol,Manual,Second,10.8,5,3.7,Honda,CR-V 2.4 MT,18,6.457094307561598
Bangalore,Petrol,Manual,Second,17.01,5,6.75,Hyundai,Verna 1.6 SX VTVT,12,7.6241357636706475
Kolkata,Petrol,Manual,First,14.28,5,6.95,Toyota,Corolla Altis JS MT,11,7.676863181312569
Kochi,Petrol,Manual,First,15.5,5,2.78,Maruti,SX4 ZXI MT BSIV,15,6.513240857503153
Coimbatore,Petrol,Manual,First,16.47,5,6.18,Volkswagen,Polo Petrol Comfortline 1.2L,10,6.168614357262104
Bangalore,Diesel,Automatic,First,14.16,5,36.0,Audi,Q5 30 TDI quattro Premium Plus,11,8.856707317073171
Coimbatore,Petrol,Manual,First,17.0,5,5.81,Honda,City 1.5 V MT,14,7.882431529726119
Pune,Petrol,Manual,First,22.5,5,3.41,Maruti,Wagon R VXI,12,6.717434869739479
Bangalore,Diesel,Automatic,First,13.5,6,26.5,Mitsubishi,Pajero Sport 4X4 AT,8,7.087605974969721
Hyderabad,Petrol,Automatic,First,14.7,5,16.0,Skoda,Octavia Elegance 1.8 TSI AT,11,9.872080088987763
Kochi,Diesel,Manual,First,19.67,5,12.13,Hyundai,Creta 1.6 CRDi SX Option,9,7.977243994943111
Hyderabad,Petrol,Manual,Second,19.7,5,1.8,Maruti,Alto LXi BSIII,17,5.816582914572864
Pune,Petrol,Manual,First,16.8,5,6.25,Honda,City V MT,13,7.768871075484301
Pune,Diesel,Manual,First,17.67,5,6.0,Skoda,Yeti Ambition 4WD,15,7.016260162601627
Delhi,Petrol,Automatic,First,14.8,5,11.56,Mercedes-Benz,B Class B180,13,7.567398119122257
Mumbai,Petrol,Automatic,Second,17.21,5,5.2,Volkswagen,Polo GT TSI,12,8.654970760233919
Coimbatore,Diesel,Manual,First,22.77,5,7.52,Ford,EcoSport 1.5 TDCi Titanium,12,6.5814419225634175
Coimbatore,Petrol,Manual,First,15.29,5,12.49,Hyundai,Creta 1.6 SX Plus Dual Tone Petrol,9,7.6241357636706475
Coimbatore,Diesel,Manual,First,14.24,7,35.82,Toyota,Fortuner 2.8 2WD MT,7,6.333938294010889
Chennai,Petrol,Manual,First,20.85,5,6.25,Maruti,Swift Dzire ZXI,9,6.945697577276524
Coimbatore,Petrol,Manual,First,17.0,5,6.22,Hyundai,i20 1.2 Asta with AVN,11,6.683375104427736
Bangalore,Petrol,Manual,First,15.4,7,8.02,Honda,BR-V i-VTEC S MT,10,7.83567134268537
Mumbai,Petrol,Manual,First,23.1,5,3.75,Maruti,Celerio ZXI,12,6.717434869739479
Mumbai,Petrol,Automatic,Second,10.93,5,11.75,Mercedes-Benz,E-Class 2009-2013 E350 Petrol,17,7.775871926815323
Kolkata,Petrol,Manual,First,20.36,5,2.25,Hyundai,i10 Magna 1.2 iTech SE,14,6.591478696741855
Mumbai,Petrol,Manual,First,17.71,5,3.55,Toyota,Etios Liva V,13,6.591478696741855
Coimbatore,Diesel,Automatic,First,15.0,5,38.15,Mercedes-Benz,E-Class 2015-2017 E250 Edition E,9,9.519365375641623
Ahmedabad,Petrol,Manual,First,21.1,5,2.66,Hyundai,EON D Lite Plus,11,6.781326781326781
Bangalore,Petrol,Manual,First,17.0,5,4.95,Honda,City 1.5 S MT,15,7.882431529726119
Chennai,Petrol,Automatic,First,13.0,5,6.5,Mercedes-Benz,S-Class 280 AT,23,7.030465349849348
Pune,Diesel,Manual,Second,25.0,5,2.4,Tata,Indigo CS eVX,10,4.943409742120345
Pune,Petrol,Manual,First,15.29,5,12.5,Hyundai,Creta 1.6 VTVT S,10,7.6241357636706475
Pune,Petrol,Manual,First,20.51,5,3.0,Maruti,Wagon R LXI BS IV,13,6.717434869739479
Kochi,Diesel,Manual,First,28.4,5,6.67,Maruti,Dzire VDI,9,5.909455128205128
Coimbatore,Petrol,Manual,Fourth & Above,13.8,5,1.97,Ford,Ikon 1.3 Flair,18,5.388760585065435
Kolkata,Petrol,Manual,First,16.47,5,2.8,Volkswagen,Polo Petrol Comfortline 1.2L,13,6.168614357262104
Jaipur,Petrol,Manual,First,20.36,5,2.65,Hyundai,i10 Magna 1.2,15,6.591478696741855
Chennai,Diesel,Manual,First,18.2,8,4.75,Chevrolet,Enjoy 1.3 TCDi LTZ 8,12,5.908653846153846
Bangalore,Petrol,Automatic,Second,10.5,5,19.0,Mercedes-Benz,E-Class 200 Kompressor Elegance,15,8.780623608017816
Bangalore,Diesel,Manual,First,17.8,5,4.5,Maruti,Swift Vdi BSIII,14,6.009615384615385
Hyderabad,Diesel,Manual,First,15.1,7,8.25,Mahindra,XUV500 W8 4WD,14,6.424965580541533
Pune,Petrol,Manual,First,17.71,5,3.5,Toyota,Etios Liva G,12,6.591478696741855
Pune,Diesel,Manual,First,15.1,7,8.5,Mahindra,XUV500 W8 4WD,13,6.424965580541533
Hyderabad,Petrol,Manual,First,15.29,5,9.0,Hyundai,Creta 1.6 VTVT S,11,7.6241357636706475
Hyderabad,Diesel,Manual,First,26.0,5,6.75,Honda,City i DTEC SV,12,6.582109479305741
Hyderabad,Diesel,Manual,First,19.3,5,5.4,Maruti,Swift Dzire VDi,12,5.9214743589743595
Delhi,Petrol,Manual,First,20.51,5,3.5,Maruti,Wagon R LXI BS IV,11,6.717434869739479
Hyderabad,Petrol,Manual,First,21.1,5,2.6,Hyundai,EON Era Plus,14,6.781326781326781
Bangalore,Diesel,Automatic,First,11.36,7,20.5,Toyota,Innova Crysta 2.8 ZX AT,9,6.2250453720508165
Kochi,Petrol,Manual,Second,15.8,5,11.31,Hyundai,Creta 1.6 SX Option,9,7.6241357636706475
Kolkata,Petrol,Manual,First,20.51,5,4.5,Maruti,Wagon R VXI Plus,8,6.717434869739479
Chennai,Diesel,Automatic,First,11.3,7,56.0,Mercedes-Benz,GL-Class 350 CDI Blue Efficiency,11,8.530297957817208
Kochi,Petrol,Manual,First,23.1,5,5.2,Maruti,Celerio VXI,9,6.717434869739479
Delhi,Diesel,Manual,First,12.05,8,5.25,Mahindra,Scorpio SLE BSIV,15,5.507113354749885
Pune,Diesel,Manual,First,21.2,5,3.3,Fiat,Grande Punto EVO 1.3 Active,12,6.009615384615385
Kolkata,Diesel,Manual,First,22.7,5,5.85,Hyundai,Elantra CRDi SX,13,7.979772439949431
Delhi,Petrol,Manual,First,19.1,5,3.9,Maruti,Swift Dzire LXI,12,7.167919799498747
Delhi,Diesel,Automatic,First,16.55,5,7.98,Audi,A4 2.0 TDI Multitronic,17,7.113821138211382
Mumbai,Petrol,Automatic,First,16.5,5,4.3,Honda,Brio VX AT,12,7.245409015025041
Kolkata,Petrol,Manual,First,18.9,5,2.25,Maruti,Wagon R LXI BS IV,15,6.723446893787574
Ahmedabad,Petrol,Manual,First,19.81,5,3.2,Hyundai,i10 Magna 1.1,13,6.266114180478821
Hyderabad,Diesel,Manual,First,22.32,5,6.55,Hyundai,Verna 1.6 SX,14,7.984829329962073
Bangalore,Diesel,Manual,Second,22.32,5,6.9,Hyundai,Verna 1.6 SX,12,7.984829329962073
Chennai,Diesel,Manual,First,23.2,5,2.95,Maruti,Ritz VDi,17,5.924679487179487
Coimbatore,Diesel,Manual,First,20.5,5,11.45,Hyundai,Creta 1.6 SX Option Diesel,9,7.977243994943111
Kochi,Petrol,Manual,First,21.4,5,6.37,Maruti,Baleno Delta,9,6.942355889724311
Jaipur,Diesel,Manual,First,22.32,5,5.0,Hyundai,Verna 1.6 CRDI,15,7.983565107458912
Chennai,Diesel,Manual,Second,22.3,5,2.6,Tata,Indica Vista Quadrajet VX,14,5.929487179487179
Kolkata,Petrol,Manual,First,18.5,5,1.9,Hyundai,i20 1.2 Magna,16,6.683375104427736
Kochi,Diesel,Automatic,First,17.85,4,60.95,Porsche,Panamera Diesel,11,10.111223458038422
Coimbatore,Petrol,Manual,First,15.1,5,4.44,Maruti,Eeco Smiles 5 Seater AC,9,6.103678929765886
Chennai,Diesel,Automatic,Second,22.69,5,15.3,BMW,3 Series 320d Sport,14,9.523809523809524
Chennai,Diesel,Manual,Second,25.47,7,8.2,Maruti,Ertiga VDI,10,7.091346153846153
Ahmedabad,Petrol,Automatic,First,16.9,5,5.25,Hyundai,Xcent 1.2 Kappa AT S Option,12,6.838763575605681
Pune,Petrol,Automatic,Second,16.93,5,8.5,Volkswagen,Vento 1.2 TSI Highline AT,10,8.62155388471178
Chennai,Diesel,Automatic,First,15.73,5,23.75,Audi,Q3 35 TDI Quattro Premium,11,8.858231707317074
Delhi,Petrol,Manual,First,19.81,5,2.74,Hyundai,i10 Magna 1.1,13,6.266114180478821
Coimbatore,Diesel,Automatic,First,16.96,5,13.83,Volkswagen,Jetta 2013-2015 2.0L TDI Highline AT,10,7.013719512195123
Mumbai,Petrol,Manual,First,21.1,5,6.99,Maruti,Baleno RS 1.0 Petrol,9,10.02004008016032
Jaipur,Petrol,Manual,First,19.81,5,2.25,Hyundai,i10 Era,17,6.266114180478821
Hyderabad,Diesel,Manual,First,12.8,8,11.49,Toyota,Innova 2.5 G4 Diesel 8-seater,13,4.0898155573376105
Coimbatore,Petrol,Manual,Second,18.6,5,2.87,Chevrolet,Beat LT,14,6.622185154295246
Kolkata,Diesel,Manual,First,12.8,8,3.25,Toyota,Innova 2.5 G3,21,4.0898155573376105
Pune,Petrol,Manual,Second,9.8,5,3.5,Honda,Accord 2.4 Inspire M/T,17,7.646559048428207
Kochi,Diesel,Manual,First,25.32,6,4.49,Mahindra,KUV 100 mFALCON D75 K4 Plus,9,6.42737896494157
Jaipur,Diesel,Manual,First,22.07,5,2.9,Volkswagen,Polo Diesel Trendline 1.2L,15,6.163469557964971
Coimbatore,Petrol,Manual,First,12.4,8,12.36,Toyota,Innova 2.0 GX 8 STR,12,6.606606606606606
Mumbai,Diesel,Automatic,First,11.79,8,6.0,Mahindra,Scorpio VLX AT AIRBAG BSIV,15,5.507113354749885
Chennai,Diesel,Automatic,First,16.46,5,31.0,BMW,7 Series 730Ld Sedan,16,8.620113598396257
Kolkata,Diesel,Manual,First,25.6,5,5.49,Honda,City i-DTEC SV,11,6.582109479305741
Coimbatore,Diesel,Manual,First,22.07,5,5.86,Volkswagen,Polo Diesel Comfortline 1.2L,11,6.163469557964971
Mumbai,Diesel,Manual,First,16.0,7,9.0,Mahindra,XUV500 W8 2WD,11,6.424965580541533
Jaipur,Petrol,Manual,First,16.09,5,7.7,Volkswagen,Vento 1.6 Highline,10,6.476846057571965
Coimbatore,Petrol,Manual,First,17.4,5,9.47,Honda,City i VTEC V,9,7.83567134268537
Bangalore,Diesel,Automatic,First,14.16,5,29.0,Audi,Q5 2.0 TDI Premium Plus,12,8.856707317073171
Kochi,Petrol,Automatic,First,17.0,5,5.42,Honda,City 1.5 V AT Exclusive,14,7.882431529726119
Coimbatore,Petrol,Manual,First,20.4,5,6.39,Maruti,Swift VXI BSIV,10,6.83375104427736
Jaipur,Petrol,Manual,First,22.74,5,2.75,Maruti,Alto 800 LXI,11,5.942211055276381
Chennai,Diesel,Manual,First,20.0,5,2.5,Ford,Figo Diesel Titanium,15,4.8606147248034315
Delhi,Petrol,Manual,First,17.92,5,2.35,Hyundai,Santro Xing GL Plus,14,5.718232044198896
Coimbatore,Petrol,Manual,First,18.9,5,4.65,Maruti,Wagon R VXI,11,6.723446893787574
Ahmedabad,Diesel,Manual,First,26.0,5,6.0,Honda,City i DTEC SV,12,6.582109479305741
Pune,Petrol,Manual,Second,16.8,5,3.5,Honda,City V MT AVN,14,7.768871075484301
Hyderabad,Diesel,Manual,First,25.1,5,7.0,Honda,City i DTEC VX,12,6.582109479305741
Bangalore,Petrol,Manual,First,17.0,5,7.75,Hyundai,Verna VTVT 1.6 SX,12,7.6241357636706475
Kochi,Petrol,Manual,First,24.07,5,2.93,Maruti,Alto K10 LXI,12,6.723446893787574
Kolkata,Diesel,Automatic,First,14.21,5,22.5,Mercedes-Benz,E-Class 2009-2013 E250 CDI Avantgarde,12,9.472701819878674
Coimbatore,Diesel,Automatic,First,11.2,4,40.66,BMW,X6 xDrive30d,12,8.052121617106582
Pune,Petrol,Manual,First,14.0,5,1.75,Maruti,Wagon R LXI BSIII,18,6.032045240339302
Hyderabad,Diesel,Manual,Second,19.72,5,8.2,Renault,Duster RXZ AWD,11,7.42299794661191
Delhi,Diesel,Manual,First,12.05,8,4.49,Mahindra,Scorpio VLX 2.2 mHawk Airbag BSIV,15,5.507113354749885
Chennai,Diesel,Automatic,First,10.91,7,26.5,Ford,Endeavour 3.2 Trend AT 4X4,10,6.16635397123202
Hyderabad,Petrol,Manual,First,19.0,5,2.6,Maruti,Zen Estilo LXI BS IV,15,6.723446893787574
Kolkata,Petrol,Manual,First,20.36,5,2.49,Hyundai,i10 Asta,15,6.591478696741855
Hyderabad,Petrol,Automatic,First,16.5,5,5.4,Honda,Brio VX AT,13,7.245409015025041
Jaipur,Petrol,Automatic,First,20.51,5,4.35,Maruti,Wagon R AMT VXI,9,6.713426853707414
Coimbatore,Diesel,Automatic,First,18.51,5,32.73,Audi,Q3 30 TDI Premium FWD,8,7.495426829268292
Chennai,Diesel,Automatic,First,0.0,5,26.0,Mercedes-Benz,M-Class ML 350 4Matic,14,5.523937060595915
Jaipur,Petrol,Manual,First,18.9,5,2.5,Maruti,Wagon R LXI,15,6.723446893787574
Kochi,Diesel,Automatic,First,18.25,5,21.66,Audi,A4 35 TDI Premium Plus,11,9.539634146341463
Mumbai,Petrol,Manual,First,25.17,5,2.99,Renault,KWID RXT Optional,10,6.670838548185232
Kolkata,Petrol,Manual,First,24.7,5,2.61,Maruti,Alto 800 2016-2019 VXI,10,5.942211055276381
Delhi,Diesel,Manual,First,12.99,8,8.25,Toyota,Innova 2.5 GX (Diesel) 8 Seater,13,4.0096230954290295
Pune,Petrol,Automatic,First,14.53,5,12.5,Toyota,Corolla Altis 2008-2013 1.8 VL AT,11,7.697881828316611
Hyderabad,Diesel,Manual,First,25.83,5,5.5,Ford,Figo 2015-2019 1.5D Titanium Plus MT,11,6.608811748998665
Coimbatore,Petrol,Manual,First,19.4,5,5.53,Honda,Brio S MT,12,7.245409015025041
Pune,Petrol,Manual,Second,14.2,5,1.1,Ford,Ikon 1.6 ZXI NXt,22,5.760801502817784
Mumbai,Diesel,Manual,First,12.05,7,6.85,Mahindra,Scorpio 2009-2014 LX 2WD 7S,12,5.507113354749885
Coimbatore,Petrol,Manual,First,13.0,5,17.09,Mercedes-Benz,S-Class 320 L,19,7.030465349849348
Delhi,Diesel,Manual,Second,12.05,8,4.93,Mahindra,Scorpio SLE BSIV,14,5.507113354749885
Ahmedabad,Diesel,Automatic,Second,12.39,5,17.5,Land,Rover Freelander 2 SE,14,6.7696190913262955
Delhi,Petrol,Manual,First,18.6,5,1.95,Chevrolet,Beat LS,15,6.622185154295246
Bangalore,Diesel,Manual,First,22.9,5,6.1,Maruti,Swift ZDi,12,5.929487179487179
Mumbai,Petrol,Manual,Second,13.4,5,1.8,Toyota,Corolla H2,18,6.967670011148272
Bangalore,Diesel,Automatic,First,13.22,5,34.5,Audi,Q5 3.0 TDI Quattro,11,8.136164475901584
Coimbatore,Petrol,Manual,First,21.1,5,4.01,Hyundai,EON Era Plus,11,6.781326781326781
Kolkata,Petrol,Manual,First,19.5,5,3.15,Honda,Amaze S Petrol,13,7.402835696413678
Mumbai,Petrol,Automatic,First,17.01,5,5.49,Ford,Figo Aspire 1.5 Ti-VCT Titanium,11,7.371581054036024
Bangalore,Diesel,Automatic,Second,19.6,5,10.0,Renault,Duster 110PS Diesel RxL AMT,10,7.42299794661191
Kolkata,Petrol,Automatic,First,15.6,5,4.55,Honda,City V AT,13,7.768871075484301
Mumbai,Petrol,Manual,First,19.7,5,1.5,Maruti,Alto LXi,16,5.816582914572864
Kolkata,Petrol,Manual,First,20.36,5,2.15,Hyundai,i10 Magna 1.2,15,6.591478696741855
Chennai,Petrol,Manual,Second,18.0,5,1.4,Chevrolet,Spark 1.0 LS,16,6.231155778894473
Bangalore,Diesel,Manual,First,21.14,5,6.2,Skoda,Rapid 1.5 TDI Ambition Plus,12,6.915887850467289
Mumbai,Diesel,Automatic,First,17.68,5,19.8,Audi,A6 2011-2015 2.0 TDI Premium Plus,13,8.858231707317074
Mumbai,Petrol,Manual,First,18.7,5,5.6,Honda,Jazz 1.2 V i VTEC,11,7.397831526271894
Mumbai,Petrol,Manual,First,15.29,5,9.5,Hyundai,Creta 1.6 SX Plus Dual Tone Petrol,11,7.6241357636706475
Delhi,Petrol,Manual,First,18.6,5,2.21,Chevrolet,Beat LS,14,6.622185154295246
Kochi,Petrol,Manual,First,19.1,5,5.44,Hyundai,Xcent 1.2 Kappa S Option,10,6.838763575605681
Kolkata,Petrol,Automatic,First,10.0,5,7.56,Mercedes-Benz,E-Class 230 E AT,17,6.3181089743589745
Jaipur,Diesel,Manual,Second,22.9,5,3.2,Maruti,Swift ZDi,15,5.929487179487179
Kochi,Petrol,Manual,First,23.1,5,5.53,Maruti,Celerio ZXI,8,6.717434869739479
Hyderabad,Diesel,Automatic,First,19.3,5,17.0,Skoda,Octavia Elegance 2.0 TDI AT,11,7.164634146341463
Delhi,Petrol,Automatic,First,16.8,5,3.55,Honda,City 1.5 V AT,16,7.882431529726119
Chennai,Petrol,Automatic,Second,9.0,5,2.65,Honda,Accord V6 AT,20,7.27394060727394
Mumbai,Petrol,Automatic,First,14.67,5,17.85,Skoda,Superb Style 1.8 TSI AT,10,9.869855394883203
Coimbatore,Diesel,Manual,First,12.99,8,7.96,Toyota,Innova 2.5 G (Diesel) 8 Seater,16,4.033680834001604
Pune,Petrol,Automatic,First,23.1,5,4.25,Maruti,Celerio VXI AT,11,6.717434869739479
Kolkata,Diesel,Manual,First,20.77,7,5.85,Maruti,Ertiga VDI,12,7.112179487179487
Mumbai,Diesel,Automatic,First,20.0,5,13.0,Mercedes-Benz,A Class A180 CDI,13,5.006999533364443
Kochi,Diesel,Manual,First,14.0,8,2.65,Mahindra,Xylo E2,16,4.483586869495596
Ahmedabad,Diesel,Manual,First,25.8,5,4.75,Honda,Amaze E i-Dtech,12,6.582109479305741
Pune,Petrol,Manual,First,25.17,5,2.65,Renault,KWID RXT,11,6.670838548185232
Pune,Petrol,Manual,First,25.17,5,3.0,Renault,KWID RXT,9,6.670838548185232
Coimbatore,Diesel,Automatic,First,12.07,7,32.52,Audi,Q7 3.0 TDI Quattro Premium Plus,12,8.136164475901584
Pune,Diesel,Automatic,First,22.32,5,7.75,Hyundai,Verna 1.6 SX CRDI (O) AT,12,7.984829329962073
Delhi,Diesel,Automatic,First,11.36,7,19.6,Toyota,Innova Crysta 2.8 ZX AT,10,6.2250453720508165
Delhi,Petrol,Manual,First,17.0,5,2.6,Hyundai,i20 Sportz Option,16,6.683375104427736
Mumbai,Petrol,Manual,First,16.47,5,3.76,Volkswagen,Polo Petrol Comfortline 1.2L,13,6.168614357262104
Chennai,Diesel,Manual,First,20.54,5,4.75,Volkswagen,Vento Diesel Trendline,14,6.483103879849812
Mumbai,Petrol,Manual,Second,17.7,5,1.75,Honda,City ZX GXi,19,5.210420841683367
Bangalore,Petrol,Manual,First,16.2,5,3.95,Hyundai,Verna Transform Xxi ABS,15,6.454033771106942
Pune,Petrol,Manual,Second,13.2,5,1.0,Hyundai,Accent GLE,21,6.287625418060201
Jaipur,Diesel,Automatic,First,20.0,5,4.5,Skoda,Laura Ambiente 2.0 TDI CR AT,15,7.017276422764228
Coimbatore,Petrol,Automatic,First,10.93,5,17.23,Mercedes-Benz,E-Class 2009-2013 E 250 Elegance,15,8.16980376451742
Kochi,Petrol,Manual,First,18.6,5,5.76,Hyundai,i20 Sportz 1.2,11,6.836257309941521
Coimbatore,Petrol,Manual,First,20.36,5,4.32,Hyundai,i10 Magna 1.2,13,6.591478696741855
Delhi,Petrol,Manual,Second,19.81,5,1.9,Hyundai,i10 Magna 1.1L,17,6.266114180478821
Pune,Petrol,Manual,First,17.0,5,5.5,Volkswagen,Ameo 1.2 MPI Anniversary Edition,8,6.176961602671119
Mumbai,Petrol,Automatic,First,12.98,5,13.5,Toyota,Camry 2.5 G,12,7.1531676022453885
Bangalore,Diesel,Manual,Second,16.0,7,9.75,Mahindra,XUV500 W8 2WD,13,6.424965580541533
Hyderabad,Diesel,Automatic,First,17.2,5,9.44,Skoda,Superb Elegance 2.0 TDI CR AT,15,7.017276422764228
Mumbai,Petrol,Automatic,First,22.5,5,4.45,Maruti,Wagon R VXI AMT,8,6.713426853707414
Pune,Diesel,Manual,First,24.3,5,8.85,Maruti,Vitara Brezza ZDi Plus Dual Tone,10,7.091346153846153
Delhi,Petrol,Manual,First,0.0,5,2.15,Hyundai,Santro Xing GL,14,5.70902394106814
Kochi,Diesel,Manual,First,20.54,5,4.89,Volkswagen,Vento Diesel Comfortline,13,6.483103879849812
Hyderabad,Diesel,Manual,First,20.14,5,6.25,Volkswagen,Polo 1.5 TDI Highline,11,5.9279038718291055
Chennai,Diesel,Manual,First,22.9,5,4.8,Maruti,Swift ZDi,14,5.929487179487179
Jaipur,Petrol,Manual,First,19.81,5,1.8,Hyundai,i10 Era 1.1,18,6.266114180478821
Kolkata,Diesel,Manual,First,16.0,7,7.25,Mahindra,XUV500 W8 2WD,13,6.424965580541533
Coimbatore,Diesel,Manual,First,25.47,7,7.56,Maruti,Ertiga VDI,12,7.091346153846153
Kochi,Diesel,Manual,First,16.0,7,6.82,Mahindra,XUV500 W8 2WD,13,6.424965580541533
Jaipur,Diesel,Manual,Second,21.12,5,1.8,Tata,Manza Aura Quadrajet BS IV,15,7.115384615384615
Pune,Diesel,Automatic,First,11.0,5,11.5,Mercedes-Benz,E-Class 280 CDI,17,6.645463675929025
Chennai,Petrol,Manual,First,15.6,5,2.8,Maruti,SX4 Zxi with Leather BSIII,16,6.600252206809584
Hyderabad,Petrol,Automatic,First,20.51,5,5.5,Maruti,Wagon R AMT VXI,10,6.713426853707414
Jaipur,Diesel,Manual,First,20.0,5,3.25,Ford,Figo Diesel ZXI,12,4.8606147248034315
Coimbatore,Diesel,Automatic,First,17.2,5,10.9,Skoda,Superb Elegance 2.0 TDI CR AT,12,7.017276422764228
Kochi,Petrol,Manual,First,18.5,5,4.07,Hyundai,i20 1.2 Magna,12,6.683375104427736
Ahmedabad,Diesel,Automatic,First,11.36,7,18.0,Toyota,Innova Crysta 2.8 ZX AT,10,6.2250453720508165
Mumbai,Petrol,Manual,First,19.4,5,2.95,Honda,Brio V MT,14,7.245409015025041
Mumbai,Diesel,Automatic,First,17.2,5,7.5,Skoda,Superb Elegance 2.0 TDI CR AT,15,7.017276422764228
Coimbatore,Diesel,Automatic,First,13.0,5,32.73,Mercedes-Benz,E-Class 2015-2017 E250 CDI Avantgarde,10,9.519365375641623
Delhi,Diesel,Automatic,Second,12.55,7,21.5,Toyota,Fortuner 4x2 AT TRD Sportivo,11,5.657276995305164
Pune,Petrol,Manual,First,16.51,5,2.5,Maruti,SX4 ZXI MT BSIV,18,6.506935687263557
Ahmedabad,Diesel,Manual,First,27.3,5,5.5,Honda,Jazz 1.5 V i DTEC,10,6.582109479305741
Mumbai,Petrol,Automatic,First,14.53,5,7.5,Toyota,Corolla Altis 2008-2013 1.8 VL AT,14,7.697881828316611
Mumbai,Petrol,Manual,First,16.9,5,1.55,Honda,City ZX VTEC,19,6.6800267201068815
Kolkata,Diesel,Automatic,First,20.68,5,29.0,BMW,X1 xDrive 20d M Sport,9,9.523809523809524
Coimbatore,Diesel,Manual,First,28.4,5,8.4,Maruti,Swift DDiS VDI,7,5.929487179487179
Hyderabad,Diesel,Manual,First,25.32,6,6.5,Mahindra,KUV 100 mFALCON D75 K8,10,6.42737896494157
Mumbai,Petrol,Manual,First,16.0,5,2.35,Honda,Jazz Mode,16,7.512520868113523
Mumbai,Petrol,Manual,First,20.4,5,5.55,Maruti,Swift ZXI,10,6.83375104427736
Mumbai,Petrol,Automatic,First,18.9,5,5.35,Hyundai,Grand i10 Asta Option AT,10,6.8504594820384295
Chennai,Petrol,Manual,First,17.8,5,5.25,Honda,Amaze SX i-VTEC,10,7.237061769616027
Coimbatore,Petrol,Manual,First,18.9,5,5.87,Hyundai,Grand i10 1.2 Kappa Sportz,9,6.838763575605681
Kochi,Diesel,Manual,First,20.54,5,5.36,Volkswagen,Vento Diesel Comfortline,12,6.483103879849812
Bangalore,Diesel,Manual,First,28.09,5,7.75,Maruti,Ciaz 1.3 S,10,7.091346153846153
Kochi,Petrol,Automatic,Second,14.4,5,5.41,Volkswagen,Vento Petrol Highline AT,12,6.483103879849812
Bangalore,Petrol,Manual,First,18.5,5,3.65,Hyundai,i20 1.2 Magna,16,6.683375104427736
Pune,Petrol,Automatic,First,16.5,5,5.25,Honda,Brio VX AT,10,7.245409015025041
Kolkata,Petrol,Manual,First,17.4,5,6.25,Honda,City i VTEC VX,12,7.83567134268537
Coimbatore,Petrol,Manual,First,23.9,4,3.47,Tata,Nano XT,9,6.0064102564102555
Mumbai,Petrol,Automatic,First,10.13,5,8.85,Mercedes-Benz,S Class 2005 2013 S 350 L,20,10.431675242995997
Pune,Petrol,Manual,First,14.0,5,0.85,Maruti,Wagon R LXI BSIII,22,6.032045240339302
Mumbai,Petrol,Automatic,First,13.7,5,13.65,Skoda,Superb Elegance 1.8 TSI AT,11,8.773637374860957
Coimbatore,Diesel,Automatic,First,12.07,7,50.22,Audi,Q7 35 TDI Quattro Technology,10,8.136164475901584
Ahmedabad,Petrol,Manual,First,22.0,5,7.75,Maruti,Swift ZXI Plus,8,6.83375104427736
Coimbatore,Diesel,Manual,First,12.8,7,10.05,Toyota,Innova 2.5 G4 Diesel 7-seater,15,4.0898155573376105
Kolkata,Petrol,Automatic,First,12.05,5,9.75,BMW,3 Series 320i Sedan,15,7.719298245614035
Delhi,Diesel,Automatic,First,17.9,5,23.0,Mercedes-Benz,GLA Class 200 CDI SPORT,11,6.346243583761082
Coimbatore,Diesel,Manual,First,13.68,8,21.42,Toyota,Innova Crysta 2.4 VX MT 8S,7,6.176347680735479
Jaipur,Petrol,Manual,Third,15.9,5,0.7,Maruti,Esteem LX BSII,23,8.727033415483055
Delhi,Diesel,Manual,First,25.2,5,5.21,Maruti,Swift VDI BSIV,12,5.929487179487179
Hyderabad,Diesel,Manual,First,12.99,7,7.5,Toyota,Innova 2.5 GX (Diesel) 7 Seater,17,4.033680834001604
Delhi,Diesel,Manual,First,23.59,5,2.65,Toyota,Etios Liva GD,14,8.304757605056455
Chennai,Petrol,Manual,First,18.6,5,1.75,Chevrolet,Beat LT,16,6.622185154295246
Jaipur,Diesel,Manual,Second,13.8,5,1.0,Ford,Ikon 1.4 TDCi DuraTorq,16,4.8606147248034315
Delhi,Diesel,Automatic,First,19.27,5,33.0,Mercedes-Benz,New C-Class C 220 CDI Avantgarde,10,7.932804479701354
Kolkata,Petrol,Manual,First,17.6,5,2.2,Toyota,Etios G,15,5.93114973262032
Kochi,Diesel,Manual,First,12.8,7,12.83,Toyota,Innova 2.5 GX (Diesel) 7 Seater BS IV,9,4.0898155573376105
Kochi,Diesel,Automatic,First,17.54,4,68.94,BMW,6 Series Gran Coupe,8,10.457734714333444
Mumbai,Diesel,Manual,First,21.13,5,4.1,Skoda,Rapid 1.5 TDI Ambition,14,7.236315086782377
Jaipur,Petrol,Manual,First,22.0,5,2.85,Hyundai,EON Magna,10,6.756756756756757
Mumbai,Petrol,Automatic,First,11.1,5,3.7,Honda,CR-V 2.4L 4WD AT,19,6.7459643160577745
Coimbatore,Diesel,Automatic,First,20.0,5,9.06,Skoda,Laura Elegance 2.0 TDI CR AT,13,7.017276422764228
Delhi,Petrol,Manual,Second,13.4,5,4.75,Skoda,Laura RS,15,8.776418242491658
Jaipur,Diesel,Manual,First,26.0,5,6.6,Honda,City i DTec S,11,6.582109479305741
Chennai,Diesel,Manual,Second,13.93,7,3.5,Tata,New Safari 4X4 EX,19,6.333180357962368
Pune,Petrol,Manual,First,19.0,5,2.0,Maruti,Zen Estilo LXI BS IV,15,6.723446893787574
Mumbai,Petrol,Manual,First,17.8,5,3.89,Honda,Amaze S i-VTEC,13,7.237061769616027
Jaipur,Petrol,Manual,First,23.01,5,3.6,Renault,KWID 1.0 RXL,9,6.706706706706707
Mumbai,Petrol,Automatic,First,19.12,5,6.95,Maruti,Ciaz AT ZXi,11,6.635105608157319
Coimbatore,Diesel,Manual,First,22.54,5,7.03,Hyundai,i20 Asta Option 1.4 CRDi,10,6.356017191977077
Ahmedabad,Diesel,Manual,First,13.68,7,16.5,Toyota,Innova Crysta 2.4 ZX MT,10,6.176347680735479
Coimbatore,Diesel,Manual,First,28.09,5,7.67,Maruti,Ciaz ZDi Plus SHVS,10,7.091346153846153
Coimbatore,Diesel,Automatic,First,14.74,5,23.19,Jaguar,XF Diesel,14,9.05111927831607
Kochi,Petrol,Manual,First,19.1,5,6.21,Hyundai,Xcent 1.2 Kappa S,9,6.8504594820384295
Coimbatore,Diesel,Automatic,First,16.12,5,45.82,Porsche,Cayenne Diesel,11,8.257499157398044
Mumbai,Diesel,Manual,First,24.4,5,5.95,Hyundai,Xcent 1.1 CRDi S,10,6.3392857142857135
Delhi,Diesel,Automatic,First,16.55,5,11.0,Audi,A4 2.0 TDI Multitronic,15,7.113821138211382
Coimbatore,Petrol,Manual,First,20.73,5,7.19,Maruti,Ciaz RS ZXi Plus,10,6.635105608157319
Delhi,Diesel,Manual,First,12.8,8,6.4,Toyota,Innova 2.5 G4 Diesel 8-seater,15,4.0898155573376105
Chennai,Diesel,Manual,First,15.8,5,26.0,Mercedes-Benz,New C-Class 220 CDI MT,11,7.9143389199255125
Hyderabad,Petrol,Manual,First,20.36,5,4.5,Hyundai,i10 Sportz,10,6.591478696741855
Chennai,Petrol,Automatic,First,16.95,5,3.1,Hyundai,i10 Sportz 1.2 AT,15,6.591478696741855
Delhi,Diesel,Manual,First,27.39,5,5.95,Maruti,Baleno Zeta 1.3,11,5.929487179487179
Delhi,Petrol,Manual,First,18.2,5,1.2,Maruti,Zen Estilo 1.1 VXI BSIII,18,6.032045240339302
Chennai,Diesel,Automatic,First,16.46,5,52.0,BMW,7 Series 730Ld,12,8.620113598396257
Bangalore,Diesel,Automatic,First,11.33,7,48.0,Audi,Q7 4.2 TDI Quattro Technology,11,8.108369617803579
Hyderabad,Diesel,Automatic,First,11.7,5,21.99,BMW,X5 xDrive 30d,15,8.18576678917474
Hyderabad,Petrol,Manual,First,21.1,5,4.3,Maruti,Ritz LXI,13,7.167919799498747
Pune,Diesel,Manual,First,21.64,5,3.75,Nissan,Sunny 2011-2014 Diesel XL,13,5.804243668720054
Mumbai,Petrol,Manual,First,14.28,5,8.95,Toyota,Corolla Altis 1.8 Limited Edition,11,7.676863181312569
Pune,Diesel,Manual,First,23.59,5,4.75,Toyota,Etios VXD,14,4.919354838709677
Coimbatore,Petrol,Manual,First,14.28,5,14.6,Toyota,Corolla Altis GL MT,10,7.676863181312569
Mumbai,Diesel,Automatic,First,17.68,5,17.5,Audi,A6 2011-2015 2.0 TDI Premium Plus,14,8.858231707317074
Kolkata,Diesel,Manual,First,20.77,7,5.2,Maruti,Ertiga ZDI,14,7.115384615384615
Coimbatore,Petrol,Manual,First,18.9,5,6.04,Hyundai,Grand i10 Sportz,9,6.8504594820384295
Chennai,Diesel,Manual,Second,19.09,5,2.7,Tata,Indigo CS LX (TDI) BS III,17,4.9426934097421205
Chennai,Diesel,Automatic,First,26.59,5,6.75,Maruti,Swift Dzire AMT ZDI,7,5.929487179487179
Kolkata,Petrol,Manual,First,15.26,5,2.35,Volkswagen,Polo Petrol Highline 1.6L,15,6.476846057571965
Hyderabad,Petrol,Manual,First,23.84,5,5.0,Tata,Tiago 1.2 Revotron XZ WO Alloy,9,7.005838198498749
Kolkata,Petrol,Manual,First,17.8,5,6.95,Honda,City i VTEC VX,10,7.83567134268537
Jaipur,Petrol,Manual,First,19.5,5,6.7,Honda,Amaze V Petrol,8,7.236030025020851
Hyderabad,Diesel,Automatic,First,17.11,5,25.0,Audi,A4 35 TDI Premium,11,8.858231707317074
Chennai,Petrol,Automatic,First,14.4,5,3.75,Volkswagen,Vento Petrol Highline AT,15,6.483103879849812
Chennai,Diesel,Manual,First,20.54,5,3.75,Volkswagen,Vento Diesel Trendline,15,6.483103879849812
Pune,Petrol,Manual,First,17.0,5,5.1,Honda,City 1.5 S MT,13,7.882431529726119
Mumbai,Petrol,Manual,First,22.5,5,2.45,Maruti,Wagon R LXI,16,6.717434869739479
Kolkata,Petrol,Automatic,First,9.3,5,3.25,Skoda,Superb 2.8 V6 AT,21,6.968603392277156
Kolkata,Diesel,Manual,First,26.0,5,5.5,Honda,City i DTEC SV,12,6.582109479305741
Coimbatore,Diesel,Automatic,First,0.0,5,49.24,Mercedes-Benz,M-Class ML 350 4Matic,10,5.523937060595915
Kochi,Petrol,Manual,First,22.74,5,3.04,Maruti,Alto 800 LXI,10,5.942211055276381
Delhi,Petrol,Manual,First,18.6,5,4.9,Hyundai,i20 Magna 1.2,11,6.836257309941521
Bangalore,Diesel,Manual,First,22.7,5,6.25,Ford,Ecosport 1.5 DV5 MT Trend,13,5.9973297730307085
Hyderabad,Diesel,Automatic,First,19.59,5,33.0,BMW,3 Series GT 320d Luxury Line,11,9.223057644110275
Chennai,Diesel,Automatic,Second,11.7,5,27.0,BMW,X5 xDrive 30d,15,8.18576678917474
Coimbatore,Petrol,Manual,Second,18.0,5,5.21,Honda,Amaze S i-Vtech,12,7.237061769616027
Mumbai,Petrol,Manual,First,15.85,5,5.75,Ford,EcoSport 1.5 Ti VCT MT Titanium,12,7.364909939959974
Coimbatore,Diesel,Automatic,First,14.74,5,16.58,Jaguar,XF 3.0 Litre S Premium Luxury,14,9.05111927831607
Delhi,Petrol,Manual,First,14.53,5,11.0,Toyota,Corolla 1.8 J,11,7.675194660734149
Pune,Petrol,Manual,Second,20.36,5,2.8,Hyundai,i10 Sportz,12,6.591478696741855
Kochi,Diesel,Automatic,First,15.8,5,37.99,Mercedes-Benz,New C-Class C220 CDI Executive Edition,7,7.9143389199255125
Delhi,Diesel,Manual,Second,20.0,5,3.65,Skoda,Laura Ambiente 2.0 TDI CR MT,15,5.513211382113821
Hyderabad,Diesel,Manual,First,13.1,7,6.0,Ford,Endeavour 4x2 XLT,19,5.642256902761105
Coimbatore,Petrol,Manual,First,15.6,5,4.54,Ford,Figo Petrol EXI,13,5.852842809364549
Kochi,Petrol,Manual,First,18.0,5,5.4,Honda,Amaze S i-Vtech,11,7.237061769616027
Mumbai,Diesel,Manual,First,19.1,5,3.3,Tata,Indica Vista TDI LS,12,4.98220640569395
Hyderabad,Diesel,Automatic,Second,14.7,5,18.25,Volvo,XC60 D4 Summum,14,8.211586901763223
Kochi,Petrol,Manual,First,21.1,5,3.84,Hyundai,EON Era Plus,13,6.781326781326781
Kolkata,Petrol,Manual,First,22.74,5,2.44,Maruti,Alto 800 VXI,10,5.942211055276381
Bangalore,Petrol,Manual,Second,16.47,5,3.6,Volkswagen,Polo Petrol Trendline 1.2L,15,6.168614357262104
Mumbai,Petrol,Manual,First,20.36,5,3.9,Hyundai,i10 Asta,11,6.591478696741855
Chennai,Petrol,Manual,Second,16.95,5,2.9,Nissan,Sunny 2011-2014 XL,13,6.522029372496663
Chennai,Petrol,Manual,Second,14.53,5,3.5,Toyota,Corolla Altis G,18,7.68075639599555
Chennai,Diesel,Manual,Second,18.1,5,3.5,Hyundai,Verna CRDi ABS,17,7.367716008037509
Jaipur,Petrol,Manual,First,24.7,5,3.5,Maruti,Alto 800 2016-2019 LXI Optional,7,5.942211055276381
Hyderabad,Diesel,Manual,First,21.9,5,7.0,Hyundai,i20 Sportz 1.4 CRDi,11,6.358166189111748
Chennai,Diesel,Automatic,First,19.08,5,8.7,Hyundai,Verna 1.6 CRDi AT S,10,7.977243994943111
Hyderabad,Diesel,Automatic,First,12.07,7,45.0,Audi,Q7 3.0 TDI Quattro Technology,12,8.136164475901584
Hyderabad,Diesel,Manual,First,25.0,5,1.8,Tata,Indica V2 eLS,10,4.9426934097421205
Kolkata,Petrol,Manual,First,18.0,5,0.99,Chevrolet,Spark 1.0 LS,19,6.231155778894473
Kolkata,Petrol,Manual,First,18.9,5,4.8,Hyundai,Grand i10 1.2 Kappa Magna,8,6.838763575605681
Mumbai,Diesel,Manual,First,12.55,7,17.95,Toyota,Fortuner 4x4 MT TRD Sportivo,12,5.667337357478202
Kochi,Petrol,Manual,First,18.9,5,5.66,Hyundai,Grand i10 1.2 Kappa Asta,9,6.838763575605681
Delhi,Petrol,Manual,First,17.0,5,3.1,Honda,City 1.5 S MT,17,7.882431529726119
Kochi,Petrol,Manual,First,18.6,5,6.54,Hyundai,Elite i20 Petrol Asta,10,6.838763575605681
Hyderabad,Diesel,Manual,First,12.8,8,13.2,Toyota,Innova 2.5 G4 Diesel 8-seater,11,4.0898155573376105
Kochi,Petrol,Automatic,First,13.0,4,56.8,Ford,Mustang V8,8,7.978186225005049
Kochi,Diesel,Automatic,First,11.36,7,19.4,Toyota,Innova Crysta 2.8 GX AT,7,6.2250453720508165
Ahmedabad,Petrol,Manual,First,18.2,5,1.65,Maruti,Zen Estilo 1.1 VXI BSIII,19,6.032045240339302
Jaipur,Diesel,Manual,Second,22.9,5,4.35,Maruti,Swift ZDi,13,5.929487179487179
Hyderabad,Diesel,Manual,First,20.5,5,6.5,Fiat,Avventura MULTIJET Emotion,11,7.3493589743589745
Delhi,Petrol,Manual,First,18.2,5,1.11,Maruti,Zen Estilo VXI BSIII,19,6.723446893787574
Mumbai,Diesel,Manual,First,19.87,5,5.5,Renault,Duster 85PS Diesel RxL,13,5.7357973990417515
Delhi,Diesel,Manual,First,10.5,6,11.0,Mitsubishi,Pajero 2.8 SFX,14,3.781305114638448
Pune,Petrol,Automatic,First,23.1,5,3.9,Maruti,Celerio VXI AT,11,6.717434869739479
Pune,Diesel,Manual,First,17.88,5,1.8,Tata,Indica V2 DLS BSIII,13,3.4313167259786477
Kochi,Petrol,Manual,First,18.6,5,6.22,Hyundai,Elite i20 Petrol Asta,10,6.838763575605681
Hyderabad,Petrol,Automatic,First,23.1,5,4.3,Maruti,Celerio VXI AT,12,6.717434869739479
Hyderabad,Petrol,Manual,First,18.9,5,5.99,Hyundai,Grand i10 1.2 Kappa Asta,9,6.838763575605681
Delhi,Petrol,Manual,First,18.6,5,6.0,Hyundai,i20 1.2 Magna Executive,9,6.836257309941521
Delhi,Petrol,Manual,First,17.1,5,5.85,Hyundai,Verna 1.6 SX VTVT (O),12,7.6241357636706475
Kochi,Diesel,Automatic,First,12.39,5,19.94,Land,Rover Freelander 2 SE,12,6.7696190913262955
Chennai,Petrol,Manual,First,16.1,5,2.9,Maruti,Swift VXI BSIII,17,6.79506933744222
Mumbai,Petrol,Manual,First,18.0,5,4.25,Honda,Amaze SX i-VTEC,12,7.237061769616027
Hyderabad,Diesel,Manual,First,21.43,5,5.99,Toyota,Corolla Altis Diesel D4DG,16,6.392961876832845
Kolkata,Diesel,Manual,First,27.4,5,3.3,Honda,Amaze S Diesel,13,6.582109479305741
Coimbatore,Diesel,Automatic,Second,16.77,5,8.08,Audi,A6 3.0 TDI quattro,17,8.135490394337715
Jaipur,Petrol,Manual,First,22.5,5,4.5,Maruti,Wagon R VXI,9,6.717434869739479
Hyderabad,Diesel,Manual,First,24.2,7,6.5,Honda,Mobilio E i DTEC,12,6.582109479305741
Bangalore,Petrol,Automatic,Second,10.1,5,3.9,Honda,CR-V 2.4 4WD AT,20,6.457094307561598
Delhi,Petrol,Manual,First,17.1,5,5.25,Hyundai,Verna 1.6 SX VTVT (O),13,7.6241357636706475
Bangalore,Diesel,Automatic,First,11.72,7,17.0,Hyundai,Santa Fe 4x4 AT,12,8.835834470213735
Ahmedabad,Petrol,Automatic,First,16.95,5,3.5,Hyundai,i10 Sportz AT,14,6.591478696741855
Hyderabad,Diesel,Manual,Second,17.7,5,3.0,Ford,Fusion Plus 1.4 TDCi Diesel,18,4.8606147248034315
Coimbatore,Petrol,Manual,Second,20.36,5,4.87,Hyundai,i10 Sportz,11,6.591478696741855
Jaipur,Diesel,Manual,First,24.4,5,6.0,Hyundai,Xcent 1.1 CRDi SX Option,12,6.3392857142857135
Mumbai,Diesel,Automatic,First,18.19,5,15.5,Skoda,Superb Style 2.0 TDI AT,11,8.866869918699187
Pune,Petrol,Manual,Second,16.6,5,1.6,Ford,Fiesta 1.4 Duratec EXI,18,4.899135446685879
Pune,Petrol,Automatic,First,21.4,5,7.25,Maruti,Baleno Zeta Automatic,9,6.942355889724311
Mumbai,Diesel,Manual,Second,17.0,5,3.25,Skoda,Laura 1.9 TDI MT Ambiente,16,5.537974683544303
Kolkata,Diesel,Manual,First,20.64,5,3.4,Volkswagen,Vento 1.5 TDI Comfortline,14,7.242990654205607
Coimbatore,Diesel,Automatic,First,12.07,7,30.5,Audi,Q7 3.0 TDI Quattro Technology,12,8.136164475901584
Kochi,Petrol,Manual,First,17.0,5,7.97,Hyundai,Verna VTVT 1.6 SX Option,10,7.6241357636706475
Delhi,Diesel,Automatic,First,14.84,5,13.51,Mercedes-Benz,New C-Class 220 CDI AT,14,7.932804479701354
Kochi,Diesel,Manual,First,25.8,5,5.43,Honda,Amaze S i-Dtech,11,6.582109479305741
Chennai,Petrol,Manual,First,16.6,5,2.6,Ford,Fiesta 1.4 Duratec EXI Limited Edition,16,4.899135446685879
Bangalore,Petrol,Manual,First,18.5,5,4.45,Hyundai,i20 Magna Optional 1.2,13,6.925647451963242
Kolkata,Petrol,Manual,First,22.74,5,2.75,Maruti,Alto 800 LXI,9,5.942211055276381
Kolkata,Petrol,Automatic,First,10.6,5,8.75,BMW,5 Series 530i Sedan,16,8.611481975967958
Coimbatore,Petrol,Manual,Second,14.6,5,5.41,Fiat,Grande Punto 1.4 Emotion,11,6.483918128654971
Kochi,Diesel,Automatic,First,28.4,5,8.55,Maruti,Dzire AMT ZDI Plus,8,5.909455128205128
Mumbai,Diesel,Manual,First,15.1,7,8.25,Mahindra,XUV500 W6 2WD,12,6.424965580541533
Kochi,Diesel,Automatic,First,11.1,7,23.58,Volvo,XC90 2007-2015 D5 AT AWD,12,8.333333333333332
Coimbatore,Petrol,Manual,First,20.36,5,4.49,Hyundai,i10 Sportz 1.2,12,6.591478696741855
Hyderabad,Diesel,Manual,First,11.5,7,12.99,Toyota,Fortuner 3.0 Diesel,16,5.734406438631791
Bangalore,Petrol,Automatic,First,21.9,4,2.8,Tata,Nano XTA,10,6.0064102564102555
Coimbatore,Diesel,Manual,First,19.98,8,8.43,Renault,Lodgy 110PS RxZ 8 Seater,10,7.426420260095824
Hyderabad,Diesel,Automatic,First,12.07,7,47.5,Audi,Q7 3.0 TDI Quattro Premium Plus,11,8.136164475901584
Mumbai,Petrol,Automatic,First,18.0,5,8.95,Honda,City i VTEC CVT VX,10,7.83567134268537
Jaipur,Diesel,Manual,Second,19.01,5,5.5,Renault,Duster 110PS Diesel RxL,13,7.42299794661191
Jaipur,Petrol,Manual,First,17.8,5,4.75,Honda,Amaze S i-VTEC,12,7.237061769616027
Jaipur,Petrol,Manual,First,18.0,5,4.75,Honda,Amaze S i-Vtech,10,7.237061769616027
Pune,Petrol,Automatic,Second,12.05,5,9.5,BMW,3 Series 320i,17,7.719298245614035
Coimbatore,Diesel,Manual,First,23.2,5,3.77,Maruti,Ritz LDi,15,5.924679487179487
Delhi,Petrol,Manual,Second,17.0,5,4.25,Honda,City 1.5 S MT,14,7.882431529726119
Mumbai,Diesel,Automatic,First,18.88,5,19.9,BMW,3 Series 320d Sport Line,12,9.223057644110275
Chennai,Diesel,Manual,First,15.0,5,4.0,Volkswagen,Jetta 2007-2011 1.9 TDI Trendline,17,5.537974683544303
Kochi,Petrol,Manual,First,19.1,5,4.16,Maruti,Swift Dzire LXI,13,7.167919799498747
Bangalore,Diesel,Automatic,Second,16.36,5,38.0,Jaguar,XF 2.2 Litre Executive,11,8.614043139054612
Kochi,Petrol,Automatic,First,16.9,5,6.34,Hyundai,Xcent 1.2 Kappa AT SX Option,10,6.8504594820384295
Pune,Diesel,Manual,First,12.8,8,4.5,Toyota,Innova 2.5 G (Diesel) 7 Seater BS IV,17,4.0898155573376105
Chennai,Petrol,Manual,First,15.1,7,3.75,Maruti,Eeco 7 Seater Standard,10,6.103678929765886
Delhi,Diesel,Automatic,Second,15.2,5,10.2,Audi,A4 New 2.0 TDI Multitronic,14,7.154471544715448
Chennai,Diesel,Manual,First,12.8,8,5.0,Toyota,Innova 2.5 G (Diesel) 7 Seater BS IV,19,4.0898155573376105
Mumbai,Petrol,Manual,First,9.8,5,3.95,Maruti,Grand Vitara MT,18,8.195488721804512
Coimbatore,Diesel,Manual,First,20.34,5,9.75,Volkswagen,Vento 1.5 TDI Highline,10,6.889185580774367
Kochi,Petrol,Manual,First,18.6,5,7.93,Hyundai,Elite i20 Petrol Asta,8,6.838763575605681
Hyderabad,Diesel,Manual,First,17.8,5,2.1,Ford,Fiesta Classic 1.4 Duratorq CLXI,15,4.789135096497498
Coimbatore,Diesel,Manual,First,13.5,7,16.42,Mitsubishi,Pajero Sport 4X4,11,7.087605974969721
Bangalore,Diesel,Manual,Second,14.66,7,8.9,Hyundai,Santa Fe 4X4,15,8.835834470213735
Pune,Diesel,Manual,First,15.1,7,7.21,Mahindra,XUV500 W8 2WD,14,6.424965580541533
Chennai,Diesel,Manual,First,12.8,8,13.5,Toyota,Innova 2.5 V Diesel 8-seater,11,4.0898155573376105
Chennai,Diesel,Automatic,First,11.57,5,65.0,Mercedes-Benz,GLE 350d,10,8.529963173752929
Bangalore,Diesel,Manual,First,12.05,7,7.4,Mahindra,Scorpio 2009-2014 SLE 7S BSIV,12,5.507113354749885
Kochi,Petrol,Automatic,First,16.8,5,5.15,Honda,City 1.5 S AT,12,7.882431529726119
Pune,Diesel,Automatic,First,12.0,7,32.0,Mercedes-Benz,GL-Class 2007 2012 350 CDI Luxury,13,7.499163039839303
Kolkata,Petrol,Manual,First,17.0,5,3.25,Honda,City 1.5 S MT,15,7.882431529726119
Kolkata,Petrol,Automatic,First,22.5,5,3.95,Maruti,Wagon R VXI AMT,9,6.713426853707414
Pune,Petrol,Manual,Second,15.4,5,1.5,Tata,Indigo eCS GLE BSIII,13,5.448449287510478
Pune,Petrol,Manual,Second,17.0,5,3.0,Hyundai,i20 2015-2017 1.2 Asta with AVN,16,6.683375104427736
Kolkata,Petrol,Manual,First,16.0,5,1.99,Honda,Jazz Active,16,7.512520868113523
Kolkata,Petrol,Manual,First,19.0,5,1.35,Maruti,A-Star Lxi,16,6.623246492985971
Hyderabad,Diesel,Automatic,First,16.07,5,13.5,BMW,3 Series 320d Highline,17,9.072681704260651
Hyderabad,Diesel,Manual,First,17.67,5,6.99,Skoda,Yeti Elegance,16,7.016260162601627
Hyderabad,Diesel,Manual,First,19.01,5,8.5,Nissan,Terrano XV Premium 110 PS,13,7.426420260095824
Pune,Diesel,Manual,Second,22.07,5,2.89,Volkswagen,Polo Diesel Comfortline 1.2L,16,6.163469557964971
Mumbai,Diesel,Automatic,First,22.69,5,10.5,BMW,3 Series 320d,15,9.523809523809524
Kochi,Petrol,Manual,First,16.95,5,3.97,Nissan,Sunny 2011-2014 XL,13,6.522029372496663
Chennai,Petrol,Automatic,First,24.07,5,4.25,Maruti,Alto K10 VXI AGS,9,6.723446893787574
Coimbatore,Petrol,Manual,First,21.1,5,6.17,Maruti,Ritz ZXI,10,7.167919799498747
Coimbatore,Diesel,Automatic,First,14.16,5,38.72,Audi,Q5 30 TDI quattro Premium Plus,10,8.856707317073171
Hyderabad,Diesel,Manual,First,16.8,5,6.5,Hyundai,Verna CRDi SX,13,7.367716008037509
Jaipur,Diesel,Manual,Second,25.8,5,4.25,Honda,Amaze S i-Dtech,13,6.582109479305741
Kolkata,Diesel,Manual,First,26.0,5,4.75,Honda,City i DTEC SV,12,6.582109479305741
Kochi,Diesel,Automatic,First,12.9,7,17.71,Toyota,Fortuner TRD Sportivo 2.8 2WD AT,12,6.333938294010889
Jaipur,Diesel,Manual,First,20.34,5,5.85,Volkswagen,Vento 1.5 TDI Highline,11,6.889185580774367
Coimbatore,Diesel,Automatic,First,22.48,5,17.27,BMW,5 Series 520d Luxury Line,15,9.523809523809524
Hyderabad,Diesel,Automatic,First,16.07,5,9.25,BMW,3 Series 320d Sedan,19,9.072681704260651
Ahmedabad,Petrol,Automatic,First,13.0,5,12.75,Hyundai,Creta 1.6 SX Plus Petrol Automatic,9,7.6241357636706475
Pune,Diesel,Automatic,Second,21.76,5,27.0,BMW,3 Series Luxury Line,10,9.523809523809524
Bangalore,Diesel,Automatic,Second,14.84,5,21.0,Mercedes-Benz,New C-Class C 220 CDI BE Avantgare,13,7.821745216985534
Hyderabad,Diesel,Manual,First,26.59,5,7.95,Maruti,Swift Dzire VDI,9,5.929487179487179
Hyderabad,Petrol,Manual,Second,23.1,5,4.5,Maruti,Celerio ZXI,11,6.717434869739479
Mumbai,Diesel,Automatic,First,19.59,5,33.75,BMW,3 Series 320d GT Luxury Line,9,9.410526315789475
Delhi,Diesel,Automatic,First,11.33,7,17.51,Audi,Q7 4.2 TDI Quattro Technology,16,8.108369617803579
Kochi,Petrol,Manual,First,18.2,5,6.8,Honda,Jazz V,9,7.397831526271894
Coimbatore,Petrol,Manual,First,25.4,4,1.68,Tata,Nano Cx BSIV,12,6.0064102564102555
Chennai,Petrol,Manual,First,24.7,5,2.9,Maruti,Alto 800 2016-2019 LXI,10,5.942211055276381
Mumbai,Petrol,Manual,First,22.5,5,3.16,Maruti,Wagon R VXI,12,6.717434869739479
Jaipur,Diesel,Manual,First,24.4,5,3.9,Hyundai,Xcent 1.1 CRDi Base,12,6.3392857142857135
Delhi,Petrol,Manual,Second,17.8,5,1.95,Chevrolet,Beat LT,16,6.40533778148457
Kochi,Diesel,Automatic,First,16.36,5,26.52,Jaguar,XF 2.2 Litre Luxury,11,8.614043139054612
Chennai,Diesel,Automatic,First,18.33,5,9.0,Volkswagen,Passat Diesel Highline 2.0 TDI,16,8.521341463414632
Hyderabad,Diesel,Manual,First,21.27,5,4.5,Hyundai,i20 Asta 1.4 CRDi,14,6.358166189111748
Chennai,Diesel,Manual,First,10.5,6,8.75,Mitsubishi,Pajero 2.8 SFX,18,3.781305114638448
Chennai,Diesel,Automatic,First,24.3,5,11.5,Maruti,Vitara Brezza ZDi Plus AMT Dual Tone,8,7.091346153846153
Delhi,Petrol,Manual,First,24.07,5,3.0,Maruti,Alto K10 LXI,10,6.723446893787574
Coimbatore,Petrol,Manual,First,21.1,5,3.79,Hyundai,EON Magna Plus,11,6.781326781326781
Ahmedabad,Diesel,Manual,First,28.09,5,6.0,Maruti,Ciaz VDi Plus SHVS,11,7.091346153846153
Bangalore,Diesel,Manual,First,19.67,5,13.25,Hyundai,Creta 1.6 CRDi SX Option,10,7.977243994943111
Delhi,Diesel,Automatic,First,17.2,5,8.0,Skoda,Superb Ambition 2.0 TDI CR AT,14,7.017276422764228
Hyderabad,Diesel,Manual,First,20.14,5,5.8,Volkswagen,Polo 1.5 TDI Highline,11,5.9279038718291055
Hyderabad,Diesel,Manual,Second,12.99,7,13.5,Toyota,Innova 2.5 VX (Diesel) 7 Seater,13,4.033680834001604
Pune,Diesel,Automatic,First,14.21,5,25.0,Mercedes-Benz,E-Class 2009-2013 E250 CDI Elegance,12,9.472701819878674
Kochi,Diesel,Manual,First,20.14,5,5.49,Volkswagen,Polo 1.5 TDI Highline,10,5.9279038718291055
Hyderabad,Diesel,Automatic,First,17.32,5,19.0,Audi,Q3 2.0 TDI,13,7.621951219512195
Kolkata,Petrol,Manual,First,18.5,5,2.5,Hyundai,i20 1.2 Magna,15,6.683375104427736
Kolkata,Petrol,Manual,Second,19.81,5,3.0,Hyundai,i10 Sportz 1.1L,11,6.266114180478821
Kochi,Diesel,Manual,First,24.7,5,6.64,Tata,Tigor 1.05 Revotorq XT,8,6.59025787965616
Kochi,Petrol,Manual,First,21.1,5,3.21,Hyundai,EON Era,9,6.781326781326781
Chennai,Petrol,Manual,Second,17.92,5,1.55,Hyundai,Santro Xing GLS,17,5.718232044198896
Hyderabad,Petrol,Manual,First,17.92,5,2.59,Hyundai,Santro Xing GLS,15,5.718232044198896
Chennai,Diesel,Manual,Second,12.7,8,4.0,Mahindra,Scorpio SLX,18,4.599463395937141
Jaipur,Petrol,Manual,First,17.4,5,3.87,Honda,City i-VTEC S,16,7.83567134268537
Bangalore,Diesel,Manual,First,24.3,5,9.75,Maruti,Vitara Brezza ZDi,9,7.091346153846153
Kochi,Diesel,Automatic,First,17.11,5,32.91,Audi,A4 35 TDI Technology Edition,7,8.858231707317074
Chennai,Diesel,Automatic,Second,14.21,5,16.75,Mercedes-Benz,E-Class 2009-2013 E250 CDI Elegance,15,9.472701819878674
Jaipur,Petrol,Manual,First,13.5,5,1.9,Honda,Civic 2006-2010 1.8 MT Sport,19,7.226236798221233
Kochi,Petrol,Manual,First,18.6,5,6.59,Hyundai,i20 Magna 1.2,9,6.836257309941521
Coimbatore,Diesel,Automatic,First,15.73,5,31.93,Audi,Q3 35 TDI Quattro Premium Plus,9,8.858231707317074
Jaipur,Diesel,Manual,First,25.1,5,7.25,Honda,City i DTEC VX,12,6.582109479305741
Pune,Petrol,Manual,First,19.81,5,1.9,Hyundai,i10 Era 1.1 iTech SE,18,6.266114180478821
Kolkata,Diesel,Manual,First,25.2,5,3.55,Maruti,Swift VDI BSIV,11,5.929487179487179
Hyderabad,Diesel,Automatic,First,11.4,7,9.25,Ford,Endeavour 3.0L 4X4 AT,14,5.2102946156451075
Kochi,Petrol,Manual,First,13.8,5,1.65,Ford,Ikon 1.3 Flair,17,5.388760585065435
Coimbatore,Diesel,Automatic,First,20.68,5,36.64,BMW,X1 sDrive 20d xLine,7,9.523809523809524
Mumbai,Diesel,Automatic,Second,14.21,5,16.0,Mercedes-Benz,E-Class 2009-2013 E250 CDI Classic,15,9.472701819878674
Ahmedabad,Diesel,Manual,First,25.8,5,4.35,Honda,Amaze S i-Dtech,12,6.582109479305741
Hyderabad,Petrol,Manual,Second,17.3,5,1.2,Maruti,Zen LXi - BS III,20,6.042296072507553
Jaipur,Petrol,Manual,Second,18.5,5,4.1,Hyundai,i20 Magna,13,6.683375104427736
Chennai,Diesel,Automatic,First,11.0,5,18.75,BMW,X5 3.0d,17,7.851653859004344
Coimbatore,Diesel,Manual,First,19.67,5,13.78,Hyundai,Creta 1.6 CRDi SX Option,9,7.977243994943111
Kolkata,Diesel,Manual,First,26.59,5,4.0,Maruti,Swift Dzire LDI,10,5.929487179487179
Jaipur,Diesel,Manual,First,22.9,5,4.33,Maruti,Swift VDI,13,5.929487179487179
Kochi,Diesel,Manual,First,24.0,5,5.43,Hyundai,Grand i10 1.2 CRDi Asta,11,6.236930860033726
Mumbai,Petrol,Manual,First,18.16,5,4.9,Ford,Figo Aspire 1.2 Ti-VCT Trend,10,7.25752508361204
Chennai,Diesel,Automatic,First,15.97,5,70.0,BMW,X5 X5 M,9,8.620113598396257
Kolkata,Diesel,Automatic,First,11.78,5,25.5,Mercedes-Benz,New C-Class C 220 CDI Celebration Edition,10,7.821745216985534
Ahmedabad,Petrol,Automatic,First,18.9,5,5.1,Hyundai,Grand i10 AT Asta,11,6.8504594820384295
Hyderabad,Diesel,Manual,First,22.32,5,6.7,Hyundai,Verna 1.6 SX CRDi (O),13,7.984829329962073
Hyderabad,Diesel,Automatic,First,16.73,5,26.5,BMW,5 Series 525d Sedan,13,7.2836618777146676
Ahmedabad,Diesel,Manual,First,23.08,5,3.9,Nissan,Micra Diesel XV Premium,13,4.31895961670089
Pune,Petrol,Manual,Second,15.5,5,2.7,Maruti,SX4 ZXI MT BSIV,16,6.513240857503153
Hyderabad,Diesel,Manual,First,21.12,5,2.95,Tata,Manza Aura Quadrajet BS IV,15,7.115384615384615
Ahmedabad,Diesel,Automatic,First,16.55,5,23.0,Audi,A4 2.0 TDI Multitronic,11,7.113821138211382
Pune,Diesel,Manual,Second,17.8,5,2.49,Maruti,Swift Ldi BSIV,17,6.009615384615385
Jaipur,Diesel,Manual,First,25.2,5,4.5,Maruti,Swift LDI Optional,11,5.929487179487179
Delhi,Diesel,Manual,First,21.43,5,4.5,Toyota,Corolla Altis Diesel D4DJ,15,6.392961876832845
Hyderabad,Diesel,Manual,First,27.3,5,6.9,Honda,Jazz 1.5 VX i DTEC,11,6.582109479305741
Kochi,Petrol,Automatic,First,7.94,4,20.72,BMW,6 Series 650i Coupe,16,10.238907849829351
Jaipur,Petrol,Manual,First,16.25,5,2.21,Skoda,Fabia 1.2 Petrol Active,16,6.168614357262104
Jaipur,Petrol,Manual,Third,0.0,5,0.55,Fiat,Siena 1.2 ELX,25,9.120522844844608
Mumbai,Diesel,Automatic,Second,12.35,5,13.9,Land,Rover Freelander 2 HSE,15,8.615878843506195
Pune,Petrol,Manual,First,15.3,5,1.46,Ford,Fiesta 1.6 ZXi Duratec,16,6.328320802005012
Pune,Diesel,Automatic,First,19.08,5,6.0,Hyundai,Verna SX CRDi AT,14,7.984829329962073
Jaipur,Petrol,Manual,First,21.7,5,3.0,Renault,KWID 1.0 RXT Optional,10,6.706706706706707
Delhi,Diesel,Manual,First,22.3,5,3.5,Tata,Indica Vista Quadrajet 90 ZX Plus,14,7.115384615384615
Kochi,Diesel,Manual,First,21.19,5,7.59,Hyundai,i20 Active 1.4 SX,8,6.356017191977077
Mumbai,Petrol,Manual,Second,15.0,5,1.99,Maruti,SX4 Zxi BSIII,17,6.600252206809584
Hyderabad,Petrol,Manual,First,25.17,5,3.8,Renault,KWID RXT,10,6.670838548185232
Bangalore,Diesel,Manual,First,11.68,7,4.0,Mahindra,Xylo E4 ABS BS III,13,4.483586869495596
Bangalore,Petrol,Manual,Second,21.1,5,2.95,Hyundai,EON D Lite Plus,13,6.781326781326781
Delhi,Diesel,Manual,First,25.8,5,3.75,Honda,Amaze VX i-DTEC,13,6.582109479305741
Kolkata,Diesel,Manual,First,22.07,5,2.5,Volkswagen,Polo Diesel Highline 1.2L,16,6.163469557964971
Pune,Petrol,Manual,First,17.0,5,3.75,Honda,City 1.5 V MT,15,7.882431529726119
Pune,Diesel,Automatic,First,12.55,7,22.0,Toyota,Fortuner 4x2 AT,11,5.650570087189806
Kochi,Petrol,Manual,First,18.0,5,6.14,Honda,Amaze E i-Vtech,9,7.237061769616027
Pune,Diesel,Automatic,First,20.58,5,16.0,BMW,1 Series 118d Base,11,7.167919799498747
Hyderabad,Petrol,Automatic,First,23.1,5,3.75,Maruti,Celerio VXI AT,12,6.717434869739479
Mumbai,Diesel,Manual,First,12.99,8,11.75,Toyota,Innova 2.5 GX (Diesel) 8 Seater,11,4.033680834001604
Pune,Diesel,Automatic,Second,16.36,5,24.0,Jaguar,XF 2.2 Litre Luxury,13,8.614043139054612
Hyderabad,Petrol,Manual,First,17.5,5,8.9,Honda,WRV i-VTEC VX,9,7.397831526271894
Chennai,Diesel,Automatic,Third,17.05,5,10.0,BMW,X1 sDrive20d,14,9.223057644110275
Mumbai,Petrol,Automatic,First,14.3,5,5.55,Skoda,Rapid 1.6 MPI AT Elegance,12,6.476846057571965
Kochi,Petrol,Manual,First,16.09,5,3.59,Volkswagen,Vento 1.6 Comfortline,14,6.476846057571965
Coimbatore,Diesel,Manual,First,22.77,5,11.13,Ford,EcoSport 1.5 TDCi Trend Plus BE,7,6.5814419225634175
Jaipur,Diesel,Manual,First,15.1,7,7.2,Mahindra,XUV500 W6 2WD,14,6.424965580541533
Mumbai,Diesel,Manual,First,18.6,5,2.98,Ford,Fiesta Classic 1.4 Duratorq LXI,12,4.827089337175792
Pune,Petrol,Manual,Second,17.92,5,1.7,Hyundai,Santro Xing GLS,16,5.718232044198896
Delhi,Diesel,Automatic,First,12.0,7,52.0,Mercedes-Benz,GL-Class 2007 2012 350 CDI Luxury,11,7.499163039839303
Pune,Petrol,Manual,First,19.7,5,0.95,Maruti,Alto LXi BSII,23,5.816582914572864
Mumbai,Petrol,Manual,First,17.8,5,9.25,Honda,City i VTEC VX Option,10,7.83567134268537
Bangalore,Diesel,Automatic,First,13.01,7,16.25,Hyundai,Santa Fe 2WD AT,12,8.835834470213735
Kolkata,Diesel,Automatic,First,17.9,5,20.99,Mercedes-Benz,GLA Class 200 CDI SPORT,11,6.346243583761082
Chennai,Diesel,Manual,Second,12.8,8,4.25,Toyota,Innova 2.5 G4 Diesel 8-seater,21,4.0898155573376105
Bangalore,Diesel,Automatic,Second,16.07,5,7.2,BMW,3 Series 320d Sedan,18,9.072681704260651
Hyderabad,Petrol,Manual,First,18.6,5,4.4,Maruti,Swift ZXI,15,7.167919799498747
Pune,Petrol,Manual,Second,15.04,5,4.25,Volkswagen,Vento Petrol Highline,15,6.483103879849812
Ahmedabad,Petrol,Manual,First,16.02,7,5.35,Maruti,Ertiga VXI,14,6.824471959213402
Coimbatore,Petrol,Automatic,Second,18.9,5,6.3,Hyundai,Grand i10 AT Asta,10,6.8504594820384295
Delhi,Diesel,Manual,First,19.67,5,12.5,Hyundai,Creta 1.6 CRDi SX,9,7.977243994943111
Ahmedabad,Diesel,Automatic,Second,16.77,5,7.5,Audi,A6 3.0 TDI quattro,18,8.135490394337715
Delhi,Diesel,Manual,First,16.0,7,11.25,Mahindra,XUV500 W8 1.99 mHawk,10,7.01051577366049
Mumbai,Petrol,Automatic,First,16.05,5,7.65,Ford,EcoSport 1.5 Ti VCT AT Titanium BE,10,7.364909939959974
Mumbai,Diesel,Manual,First,24.4,5,4.5,Hyundai,Xcent 1.1 CRDi Base,10,6.3392857142857135
Hyderabad,Diesel,Automatic,First,21.21,5,7.5,Volkswagen,Vento 1.5 TDI Comfortline AT,12,6.889185580774367
Kochi,Petrol,Automatic,First,13.0,5,7.1,Mercedes-Benz,S-Class 280 AT,22,7.030465349849348
Mumbai,Petrol,Manual,First,20.36,5,2.25,Hyundai,i10 Magna,16,6.591478696741855
Hyderabad,Diesel,Automatic,First,17.11,5,27.0,Audi,A4 35 TDI Technology Edition,11,8.858231707317074
Pune,Diesel,Manual,Second,21.9,5,4.18,Hyundai,i20 Sportz 1.4 CRDi,14,6.358166189111748
Chennai,Diesel,Manual,First,23.5,5,6.5,Hyundai,Verna 1.4 EX,13,6.353868194842407
Delhi,Petrol,Manual,First,17.0,5,3.15,Honda,City 1.5 V MT,16,7.882431529726119
Pune,Diesel,Manual,First,25.47,7,7.64,Maruti,Ertiga VDI,10,7.091346153846153
Hyderabad,Petrol,Manual,First,19.7,5,2.4,Maruti,Alto LXi BSII,15,5.816582914572864
Mumbai,Petrol,Automatic,First,20.51,5,4.25,Maruti,Wagon R AMT VXI,10,6.713426853707414
Kochi,Diesel,Automatic,First,19.08,5,9.31,Hyundai,Verna 1.6 CRDi AT SX,10,7.977243994943111
Bangalore,Petrol,Manual,First,19.7,5,2.39,Maruti,Alto LXi BSIII,15,5.816582914572864
Kochi,Petrol,Manual,Second,16.09,5,7.64,Volkswagen,Vento 1.6 Comfortline,8,6.476846057571965
Delhi,Petrol,Manual,First,21.4,5,6.21,Maruti,Baleno Zeta 1.2,10,6.942355889724311
Jaipur,Diesel,Automatic,First,0.0,5,16.5,Land,Rover Freelander 2 TD4 SE,14,5.277650298301973
Kochi,Petrol,Automatic,First,13.7,5,8.22,Honda,CR-V 2.0L 2WD AT,15,7.70455683525288
Coimbatore,Diesel,Manual,First,14.24,7,28.85,Toyota,Fortuner 2.8 2WD MT,9,6.333938294010889
Mumbai,Petrol,Automatic,First,15.6,5,8.5,Honda,City V AT,11,7.768871075484301
Mumbai,Petrol,Manual,First,17.4,5,6.51,Honda,City i-VTEC S,11,7.83567134268537
Mumbai,Diesel,Manual,First,22.9,5,4.65,Maruti,Swift VDI,13,5.929487179487179
Kochi,Petrol,Automatic,First,14.53,5,8.4,Toyota,Corolla Altis 2008-2013 1.8 VL AT,13,7.697881828316611
Bangalore,Diesel,Manual,First,23.59,5,5.75,Toyota,Etios Cross 1.4L VD,12,4.916422287390029
Jaipur,Petrol,Manual,First,18.9,5,1.11,Maruti,Wagon R LX,20,6.723446893787574
Mumbai,Petrol,Automatic,First,12.0,5,17.25,Mercedes-Benz,E-Class 2015-2017 E 200 CGI,12,9.241587142139629
Delhi,Diesel,Automatic,First,16.36,5,32.0,Jaguar,XF Aero Sport Edition,14,8.614043139054612
Kochi,Petrol,Manual,First,17.0,5,3.45,Hyundai,i20 Sportz Petrol,15,6.683375104427736
Pune,Diesel,Automatic,Second,12.39,5,23.0,Land,Rover Freelander 2 SE,12,6.7696190913262955
Kochi,Petrol,Manual,First,18.6,5,7.32,Hyundai,Elite i20 Petrol Sportz,8,6.838763575605681
Jaipur,Petrol,Manual,First,18.0,5,4.4,Honda,Amaze S i-Vtech,12,7.237061769616027
Bangalore,Diesel,Automatic,First,0.0,5,47.35,Mercedes-Benz,M-Class ML 350 4Matic,11,5.523937060595915
Coimbatore,Petrol,Manual,First,22.74,5,4.12,Maruti,Alto 800 VXI,10,5.942211055276381
Chennai,Diesel,Automatic,First,11.36,7,19.5,Toyota,Innova Crysta 2.8 ZX AT,10,6.2250453720508165
Hyderabad,Petrol,Automatic,First,18.9,5,6.2,Hyundai,Grand i10 AT Asta,10,6.8504594820384295
Bangalore,Diesel,Automatic,First,16.55,5,45.0,BMW,X3 xDrive30d M Sport,10,8.620113598396257
Hyderabad,Petrol,Manual,Second,15.0,5,0.85,Maruti,1000 AC,28,11.678030281749487
Chennai,Petrol,Manual,Second,18.5,5,2.8,Hyundai,i20 Magna,16,6.683375104427736
Pune,Petrol,Automatic,First,18.9,5,4.8,Hyundai,Grand i10 AT Asta,11,6.8504594820384295
Hyderabad,Diesel,Manual,First,25.01,5,5.65,Ford,Fiesta 1.5 TDCi Titanium,12,5.991321762349799
Ahmedabad,Diesel,Manual,Second,15.0,5,14.5,Mercedes-Benz,E-Class 220 CDI,15,5.273598404700654
Ahmedabad,Diesel,Manual,First,26.59,5,5.9,Maruti,Swift Dzire VDI,11,5.929487179487179
Pune,Diesel,Manual,Second,23.59,5,5.0,Toyota,Etios VXD,11,4.914956011730206
Ahmedabad,Petrol,Manual,First,19.1,5,4.9,Hyundai,Xcent 1.2 Kappa Base,11,6.8504594820384295
Ahmedabad,Petrol,Manual,First,13.5,5,4.25,Honda,Civic 2006-2010 1.8 S MT,17,7.226236798221233
Chennai,Diesel,Manual,First,12.99,8,10.9,Toyota,Innova 2.5 GX (Diesel) 8 Seater,12,4.033680834001604
Delhi,Petrol,Manual,First,13.2,5,2.45,Hyundai,Accent GLE,14,6.287625418060201
Pune,Petrol,Manual,First,22.74,5,2.5,Maruti,Alto 800 LXI,13,5.942211055276381
Kolkata,Petrol,Automatic,First,8.1,2,29.5,Mercedes-Benz,SL-Class SL 500,16,7.092107672587439
Jaipur,Diesel,Manual,Second,22.7,5,5.75,Ford,Ecosport 1.5 DV5 MT Titanium Optional,13,5.9973297730307085
Pune,Petrol,Manual,First,20.14,5,5.0,Hyundai,Xcent 1.2 VTVT E,8,6.838763575605681
Kochi,Petrol,Automatic,First,14.3,5,4.62,Skoda,Rapid 1.6 MPI AT Ambition Plus,12,6.483103879849812
Delhi,Diesel,Automatic,First,15.73,5,23.5,Audi,Q3 2012-2015 35 TDI Quattro Premium Plus,10,8.858231707317074
Kolkata,Diesel,Manual,First,16.0,7,7.25,Mahindra,XUV500 W8 2WD,13,6.424965580541533
Kochi,Petrol,Manual,First,17.0,5,11.88,Hyundai,Verna VTVT 1.6 SX Option,7,7.6241357636706475
Chennai,Petrol,Manual,Third,13.9,5,2.25,Hyundai,Verna Xi (Petrol),17,6.454033771106942
Pune,Petrol,Manual,Second,14.2,5,0.85,Ford,Ikon 1.6 CLXI,23,5.760801502817784
Pune,Petrol,Manual,First,19.69,5,4.0,Nissan,Micra Active XV,8,5.5959933222036735
Pune,Petrol,Automatic,First,16.5,5,5.1,Honda,Brio VX AT,10,7.245409015025041
Hyderabad,Diesel,Manual,First,12.99,7,12.5,Toyota,Innova 2.5 GX (Diesel) 7 Seater,12,4.033680834001604
Chennai,Diesel,Manual,First,20.64,5,2.9,Volkswagen,Vento 1.5 TDI Highline,15,7.242990654205607
Coimbatore,Diesel,Manual,First,16.0,7,15.96,Mahindra,XUV500 W10 AWD,10,6.424965580541533
Mumbai,Petrol,Automatic,First,16.9,5,5.45,Hyundai,Xcent 1.2 Kappa AT SX Option,11,6.8504594820384295
Kochi,Diesel,Manual,First,13.5,7,23.86,Ford,Endeavour 2.2 Trend MT 4X4,9,7.174704276615104
Kochi,Petrol,Manual,First,18.0,5,1.75,Chevrolet,Spark 1.0 LT,18,6.231155778894473
Hyderabad,Diesel,Manual,First,24.52,7,9.75,Maruti,Ertiga SHVS VDI,9,7.091346153846153
Bangalore,Diesel,Manual,First,25.8,5,4.75,Honda,Amaze S i-Dtech,13,6.582109479305741
Delhi,Petrol,Manual,First,17.4,5,6.25,Honda,City i VTEC S,12,7.83567134268537
Bangalore,Diesel,Automatic,Second,23.8,5,22.0,Mini,Cooper Countryman D,12,5.605605605605605
Kochi,Petrol,Automatic,First,14.53,5,14.14,Toyota,Corolla Altis 2008-2013 1.8 VL AT,10,7.697881828316611
Kolkata,Petrol,Manual,First,17.0,5,0.95,Hyundai,Santro Xing XL eRLX Euro III,21,10.4306531982477
Delhi,Petrol,Automatic,First,13.7,5,11.95,Skoda,Superb Elegance 1.8 TSI AT,12,8.773637374860957
Delhi,Petrol,Manual,First,18.9,5,2.5,Maruti,Wagon R LXI BS IV,15,6.723446893787574
Mumbai,Petrol,Manual,First,19.81,5,2.75,Hyundai,i10 Era 1.1,13,6.266114180478821
Coimbatore,Petrol,Manual,First,23.84,5,5.85,Tata,Tiago 1.2 Revotron XT Option,7,7.005838198498749
Ahmedabad,Petrol,Manual,First,21.4,5,6.25,Maruti,Baleno Zeta 1.2,10,6.942355889724311
Mumbai,Petrol,Manual,First,15.04,5,4.95,Volkswagen,Vento 1.6 Highline,12,6.458072590738423
Pune,Petrol,Manual,First,18.9,5,4.75,Hyundai,Grand i10 1.2 Kappa Sportz Option,9,6.838763575605681
Delhi,Diesel,Manual,First,20.0,5,2.55,Ford,Figo Diesel EXI,13,4.8641887062187275
Pune,Petrol,Automatic,Second,13.9,5,4.5,Honda,Civic 2010-2013 1.8 V AT Sunroof,15,7.242912729294053
Kochi,Petrol,Manual,First,22.74,5,3.01,Maruti,Alto 800 LXI,11,5.942211055276381
Hyderabad,Diesel,Automatic,First,15.68,5,42.0,Land,Rover Range Rover Evoque 2.0 TD4 HSE Dynamic,10,8.854427213606805
Kolkata,Diesel,Automatic,First,12.4,5,11.5,Audi,A6 2.7 TDI,16,6.653076352853966
Hyderabad,Diesel,Automatic,First,11.0,5,10.99,Mercedes-Benz,E-Class 280 CDI,20,6.645463675929025
Jaipur,Petrol,Automatic,First,17.0,5,3.71,Honda,City 1.5 V AT Exclusive,17,7.882431529726119
Jaipur,Petrol,Automatic,Third,10.1,5,2.0,Honda,CR-V 2.4 4WD AT,20,6.457094307561598
Kochi,Diesel,Manual,First,28.09,5,9.48,Maruti,Ciaz 1.3 Alpha,8,7.091346153846153
Jaipur,Petrol,Manual,Second,18.9,5,1.25,Maruti,Wagon R LXI,22,6.723446893787574
Jaipur,Diesel,Manual,First,19.67,5,10.9,Hyundai,Creta 1.6 CRDi SX Option,11,7.977243994943111
Kolkata,Diesel,Manual,First,28.09,5,5.5,Maruti,Ciaz VDi Plus SHVS,11,7.091346153846153
Coimbatore,Petrol,Manual,First,21.1,5,3.71,Hyundai,EON D Lite Plus,10,6.781326781326781
Mumbai,Petrol,Manual,First,16.02,7,6.25,Maruti,Ertiga VXI,12,6.824471959213402
Chennai,Diesel,Manual,First,20.54,5,4.9,Volkswagen,Vento Diesel Highline,14,6.483103879849812
Mumbai,Petrol,Manual,Second,12.8,5,1.1,Honda,City 1.5 GXI,21,6.697923643670463
Kochi,Petrol,Manual,First,16.47,5,4.72,Volkswagen,Polo Petrol Trendline 1.2L,10,6.168614357262104
Mumbai,Diesel,Automatic,First,17.9,5,24.85,Mercedes-Benz,GLA Class 200 CDI,10,6.346243583761082
Jaipur,Diesel,Manual,First,14.66,7,12.25,Hyundai,Santa Fe 4X2,13,8.835834470213735
Kolkata,Diesel,Manual,First,22.9,5,3.9,Maruti,Swift VDI,12,5.929487179487179
Kochi,Petrol,Manual,First,18.6,5,6.28,Hyundai,Elite i20 Sportz Plus,9,6.838763575605681
Mumbai,Diesel,Manual,First,14.0,8,2.75,Mahindra,Xylo E8 BS IV,15,4.483586869495596
Coimbatore,Petrol,Manual,First,18.9,5,7.85,Hyundai,Grand i10 Asta Option,9,6.8504594820384295
Mumbai,Petrol,Manual,First,15.04,5,2.95,Volkswagen,Vento Petrol Highline,15,6.483103879849812
Mumbai,Petrol,Automatic,Second,11.7,5,4.85,Honda,Accord 2.4 A/T,18,7.544604927782498
Bangalore,Diesel,Automatic,Second,13.5,5,30.0,Mercedes-Benz,S-Class S 350 d,15,9.627692307692309
Bangalore,Diesel,Automatic,First,15.0,5,19.9,Mercedes-Benz,B Class B200 CDI,10,5.006999533364443
Bangalore,Diesel,Manual,First,20.5,5,10.8,Hyundai,Creta 1.6 SX Option Diesel,10,7.977243994943111
Hyderabad,Petrol,Manual,First,19.7,5,1.75,Maruti,Alto LXI,19,5.816582914572864
Mumbai,Diesel,Automatic,First,20.38,5,19.25,Audi,A3 35 TDI Premium,10,7.266260162601626
Delhi,Diesel,Manual,First,19.87,5,5.5,Renault,Duster 85PS Diesel RxL,13,5.7357973990417515
Chennai,Diesel,Manual,First,17.8,5,2.75,Ford,Fiesta 1.4 ZXi TDCi ABS,17,4.8606147248034315
Bangalore,Diesel,Manual,First,19.67,5,13.0,Hyundai,Creta 1.6 SX Plus Diesel,11,7.977243994943111
Mumbai,Diesel,Manual,First,20.0,5,3.2,Ford,Figo Diesel ZXI,15,4.8606147248034315
Coimbatore,Petrol,Manual,First,15.26,5,5.84,Volkswagen,Polo Petrol Highline 1.6L,13,6.476846057571965
Hyderabad,Diesel,Automatic,Second,16.8,5,24.0,Volvo,V40 D3 R Design,11,7.618080243778567
Chennai,Diesel,Automatic,First,19.08,5,6.25,Hyundai,Verna SX CRDi AT,14,7.984829329962073
Hyderabad,Diesel,Automatic,First,14.49,5,36.0,BMW,7 Series 2007-2012 730Ld,17,8.620113598396257
Chennai,Diesel,Manual,Third,14.8,5,3.0,Mitsubishi,Lancer GLXD,23,3.4034034034034035
Chennai,Diesel,Manual,First,11.5,7,11.0,Toyota,Fortuner 3.0 Diesel,16,5.734406438631791
Chennai,Diesel,Manual,First,26.21,5,6.5,Maruti,Ciaz VDi Plus,11,7.091346153846153
Hyderabad,Diesel,Manual,First,24.3,5,9.4,Maruti,Vitara Brezza VDi Option,8,7.091346153846153
Kochi,Diesel,Automatic,First,21.76,5,37.92,BMW,3 Series Luxury Line,8,9.523809523809524
Pune,Petrol,Automatic,First,14.4,5,5.25,Volkswagen,Vento Petrol Highline AT,13,6.483103879849812
Chennai,Petrol,Manual,First,17.0,5,4.5,Hyundai,i20 1.2 Asta,15,6.683375104427736
Chennai,Diesel,Automatic,First,11.0,5,18.0,BMW,X5 3.0d,17,7.851653859004344
Coimbatore,Petrol,Manual,First,19.1,5,5.56,Hyundai,Xcent 1.2 Kappa S,11,6.8504594820384295
Bangalore,Diesel,Automatic,First,14.21,5,22.0,Mercedes-Benz,E-Class 2009-2013 E250 CDI Blue Efficiency,13,9.472701819878674
Hyderabad,Diesel,Automatic,First,12.39,5,22.0,Land,Rover Freelander 2 SE,15,6.7696190913262955
Mumbai,Petrol,Manual,First,20.36,5,2.65,Hyundai,i10 Magna,15,6.591478696741855
Jaipur,Diesel,Manual,Second,22.32,5,5.85,Hyundai,Verna 1.6 SX CRDi (O),13,7.984829329962073
Chennai,Diesel,Manual,First,19.33,5,6.95,Volkswagen,Jetta 2012-2014 2.0L TDI Highline,14,7.017276422764228
Kolkata,Diesel,Manual,First,15.1,7,6.5,Mahindra,XUV500 W8 2WD,14,6.424965580541533
Jaipur,Petrol,Manual,Third,19.7,8,0.85,Maruti,Omni 8 Seater BSII,22,4.396984924623116
Delhi,Petrol,Automatic,Second,14.67,5,7.25,Skoda,Superb Style 1.8 TSI AT,13,9.869855394883203
Pune,Diesel,Manual,First,22.9,5,4.5,Maruti,Swift VDI,14,5.929487179487179
Mumbai,Diesel,Manual,First,10.5,8,4.25,Mahindra,Scorpio 2.6 LX,16,5.507113354749885
Chennai,Petrol,Automatic,First,13.7,5,26.0,Mercedes-Benz,GLA Class 200 Sport Edition,10,9.191361125062784
Coimbatore,Diesel,Manual,First,16.55,6,9.66,Mahindra,Thar CRDe,9,4.2033626901521215
Bangalore,Diesel,Manual,Second,19.01,5,6.85,Renault,Duster 110PS Diesel RxZ,13,7.42299794661191
Coimbatore,Diesel,Automatic,First,12.8,5,23.68,Audi,Q5 2008-2012 2.0 TDI,13,8.516260162601625
Delhi,Diesel,Automatic,Second,12.39,5,15.75,Land,Rover Freelander 2 SE,13,6.7696190913262955
Pune,Diesel,Manual,Third,20.54,5,3.5,Volkswagen,Vento Diesel Comfortline,14,6.483103879849812
Delhi,Petrol,Automatic,Second,11.62,5,6.99,BMW,5 Series 2003-2012 540i Sedan,20,10.27190332326284
Coimbatore,Diesel,Manual,First,22.7,5,15.57,Hyundai,Elantra CRDi SX,7,7.977243994943111
Coimbatore,Diesel,Manual,First,15.3,7,5.29,Tata,Sumo EX,11,2.8349120433017587
Chennai,Diesel,Automatic,First,11.7,5,20.0,BMW,X5 xDrive 30d,17,8.18576678917474
Mumbai,Petrol,Automatic,First,7.94,4,47.5,BMW,6 Series 630i Coupe,15,10.238907849829351
Chennai,Petrol,Manual,Second,18.9,5,1.22,Maruti,Alto Vxi 1.1,24,4.429783223374175
Chennai,Petrol,Manual,First,16.47,5,3.65,Volkswagen,Polo Petrol Comfortline 1.2L,14,6.168614357262104
Bangalore,Petrol,Manual,First,15.29,5,11.5,Hyundai,Creta 1.6 VTVT S,10,7.6241357636706475
Kochi,Petrol,Manual,First,24.07,5,3.46,Maruti,Alto K10 VXI,11,6.723446893787574
Coimbatore,Diesel,Manual,First,14.66,7,8.38,Hyundai,Santa Fe 4X4,13,8.835834470213735
Pune,Diesel,Manual,First,15.11,5,4.8,Volkswagen,Polo GT TDI,12,6.483103879849812
Pune,Diesel,Manual,Second,25.8,5,4.5,Honda,Amaze S i-Dtech,12,6.582109479305741
Chennai,Petrol,Manual,First,15.9,5,0.8,Maruti,Esteem Vxi,22,8.727033415483055
Kolkata,Diesel,Manual,First,22.9,5,3.95,Maruti,Swift VDI,12,5.929487179487179
Hyderabad,Diesel,Manual,First,20.5,5,3.65,Skoda,Rapid 1.6 TDI Ambition,14,6.476846057571965
Mumbai,Diesel,Automatic,First,11.0,5,10.0,Mercedes-Benz,E-Class 280 CDI,21,6.645463675929025
Delhi,Diesel,Manual,Second,12.05,8,4.0,Mahindra,Scorpio SLE BSIV,15,5.507113354749885
Hyderabad,Diesel,Manual,First,21.64,5,4.75,Nissan,Sunny 2011-2014 Diesel XL,14,5.804243668720054
Bangalore,Petrol,Manual,Second,17.5,5,3.1,Maruti,Swift Dzire VXi,17,6.610169491525424
Kochi,Petrol,Manual,First,21.1,5,3.61,Hyundai,EON Sportz,9,6.781326781326781
Coimbatore,Petrol,Manual,First,19.4,5,4.29,Honda,Brio S MT,11,7.245409015025041
Kolkata,Petrol,Manual,First,18.06,5,2.13,Nissan,Micra XV Primo,15,6.260434056761269
Mumbai,Petrol,Manual,First,19.7,5,1.1,Maruti,Alto LXi BSII,18,5.816582914572864
Hyderabad,Diesel,Automatic,First,22.69,5,13.95,BMW,3 Series 320d,15,9.523809523809524
Mumbai,Petrol,Manual,First,16.47,5,5.35,Volkswagen,Polo 1.2 MPI Highline,12,6.176961602671119
Hyderabad,Petrol,Manual,First,23.1,5,3.9,Maruti,Celerio LXI,12,6.717434869739479
Kolkata,Petrol,Manual,First,21.5,5,2.8,Maruti,Wagon R VXI 1.2,12,6.83375104427736
Mumbai,Diesel,Manual,First,26.21,5,8.75,Maruti,Ciaz ZDi Plus,10,7.091346153846153
Hyderabad,Diesel,Automatic,First,16.55,5,19.5,Audi,A4 2.0 TDI,13,7.495426829268292
Kolkata,Petrol,Manual,First,19.4,5,2.75,Honda,Brio S MT,13,7.245409015025041
Hyderabad,Diesel,Automatic,First,11.79,8,8.0,Mahindra,Scorpio VLX 2WD AT BSIV,13,5.507113354749885
Delhi,Diesel,Manual,First,26.0,5,5.7,Honda,City i DTEC V,12,6.582109479305741
Ahmedabad,Diesel,Automatic,First,17.05,5,12.5,BMW,X1 sDrive20d,14,9.223057644110275
Chennai,Petrol,Manual,Second,18.0,5,1.75,Chevrolet,Spark 1.0 LT,15,6.231155778894473
Chennai,Diesel,Manual,Second,20.0,5,1.9,Ford,Figo Diesel EXI,16,4.8606147248034315
Ahmedabad,Petrol,Manual,First,20.4,5,4.5,Maruti,Swift VXI BSIV,11,6.83375104427736
Mumbai,Diesel,Automatic,First,19.27,5,30.3,Mercedes-Benz,New C-Class C 220 CDI Avantgarde,11,7.932804479701354
Hyderabad,Diesel,Automatic,First,19.3,5,16.0,Skoda,Octavia Elegance 2.0 TDI AT,12,7.164634146341463
Kochi,Diesel,Automatic,First,18.56,5,32.78,BMW,X3 xDrive20d xLine,9,9.523809523809524
Jaipur,Petrol,Manual,First,21.1,5,2.5,Hyundai,EON Era Plus,11,6.781326781326781
Hyderabad,Diesel,Automatic,First,18.25,5,43.0,Audi,A4 35 TDI Technology,9,9.539634146341463
Kochi,Petrol,Manual,First,18.16,5,5.38,Ford,Figo 2015-2019 1.2P Titanium MT,9,7.25752508361204
Hyderabad,Petrol,Manual,First,20.92,5,2.65,Maruti,Alto K10 2010-2014 VXI,13,6.723446893787574
Hyderabad,Petrol,Manual,First,24.7,5,3.3,Maruti,Alto 800 2016-2019 VXI,9,5.942211055276381
Hyderabad,Diesel,Automatic,First,19.27,5,34.0,Mercedes-Benz,New C-Class C 220 CDI Style,11,7.821745216985534
Chennai,Petrol,Manual,Third,20.3,5,0.7,Hyundai,Santro D Lite,25,6.261510128913445
Kochi,Diesel,Manual,First,24.4,5,6.83,Hyundai,Xcent 1.1 CRDi S,9,6.3392857142857135
Kochi,Diesel,Manual,First,25.8,5,5.77,Honda,Amaze S i-Dtech,10,6.582109479305741
Chennai,Diesel,Manual,Second,17.8,5,3.1,Maruti,Swift Vdi BSIII,18,6.009615384615385
Mumbai,Petrol,Manual,First,16.2,5,4.95,Volkswagen,Polo 1.2 MPI Comfortline,9,6.171809841534612
Bangalore,Diesel,Automatic,First,17.11,5,16.25,Audi,A4 2.0 TDI 177 Bhp Premium Plus,13,8.858231707317074
Coimbatore,Diesel,Automatic,First,10.2,7,52.54,Land,Rover Range Rover 3.6 TDV8 Vogue SE,14,7.052896725440807
Chennai,Diesel,Manual,Third,16.0,7,6.4,Mahindra,XUV500 W8 2WD,15,6.424965580541533
Bangalore,Diesel,Manual,Third,13.1,7,6.95,Ford,Endeavour 2.5L 4X2,15,5.642256902761105
Kolkata,Diesel,Manual,First,17.2,5,0.85,Tata,Indica V2 DLX,18,3.832378223495702
Chennai,Petrol,Manual,First,21.4,5,6.95,Maruti,Baleno Alpha,10,6.942355889724311
Kolkata,Diesel,Manual,First,24.4,5,3.45,Hyundai,Xcent 1.1 CRDi Base,9,6.3392857142857135
Delhi,Petrol,Manual,First,13.5,5,2.75,Honda,Civic 2006-2010 1.8 S MT,18,7.226236798221233
Delhi,Petrol,Manual,Second,18.6,5,4.95,Hyundai,i20 Sportz Option 1.2,11,6.836257309941521
Coimbatore,Petrol,Manual,First,17.0,5,9.62,Tata,Nexon 1.2 Revotron XZ Plus,8,9.056761268781303
Coimbatore,Petrol,Manual,First,18.6,5,6.79,Hyundai,i20 Sportz 1.2,10,6.836257309941521
Mumbai,Petrol,Manual,First,19.1,5,4.5,Maruti,Swift Dzire ZXI,12,7.167919799498747
Kochi,Petrol,Manual,First,22.5,5,3.01,Maruti,Wagon R LXI,12,6.717434869739479
Bangalore,Diesel,Manual,First,21.9,5,4.4,Hyundai,i20 Sportz 1.4 CRDi,14,6.358166189111748
Hyderabad,Diesel,Automatic,First,12.55,7,17.49,Toyota,Fortuner 4x2 AT,14,5.650570087189806
Coimbatore,Petrol,Manual,First,20.36,5,4.66,Hyundai,i10 Sportz,12,6.591478696741855
Chennai,Petrol,Manual,First,18.9,5,5.5,Hyundai,Grand i10 Asta,11,6.8504594820384295
Ahmedabad,Petrol,Manual,First,18.6,5,6.0,Hyundai,i20 Asta 1.2,10,6.836257309941521
Hyderabad,Petrol,Automatic,First,17.0,5,2.4,Hyundai,Santro Xing XL AT eRLX Euro II,19,10.4306531982477
Kochi,Diesel,Manual,First,24.3,5,10.19,Maruti,Vitara Brezza ZDi Plus,8,7.091346153846153
Kochi,Diesel,Manual,First,25.8,5,5.25,Honda,Amaze S i-Dtech,10,6.582109479305741
Hyderabad,Diesel,Automatic,First,15.26,5,45.0,Mercedes-Benz,M-Class ML 250 CDI,12,9.482034531031264
Ahmedabad,Diesel,Manual,First,23.0,5,2.7,Hyundai,i20 Sportz Diesel,16,6.446991404011461
Coimbatore,Petrol,Manual,First,19.81,5,3.39,Hyundai,i10 Era,13,6.266114180478821
Hyderabad,Diesel,Manual,First,26.59,5,5.69,Maruti,Swift Dzire VDI,12,5.929487179487179
Kochi,Petrol,Automatic,First,10.37,2,58.54,BMW,Z4 2009-2013 Roadster 2.5i,8,10.27190332326284
Hyderabad,Diesel,Manual,First,27.39,5,8.4,Maruti,Baleno Alpha Diesel,9,5.929487179487179
Hyderabad,Diesel,Manual,First,25.44,5,2.5,Chevrolet,Beat Diesel,14,6.153846153846154
Pune,Petrol,Manual,First,19.4,5,3.25,Honda,Brio V MT,14,7.245409015025041
Mumbai,Diesel,Manual,Second,20.0,5,3.25,Ford,Figo Diesel Titanium,12,4.8641887062187275
Pune,Petrol,Automatic,First,23.1,5,4.25,Maruti,Celerio VXI AT,10,6.717434869739479
Jaipur,Diesel,Automatic,First,14.84,5,18.5,Mercedes-Benz,New C-Class C 220 CDI Elegance AT,12,7.932804479701354
Hyderabad,Petrol,Automatic,First,17.0,5,2.4,Hyundai,Santro Xing XL AT eRLX Euro III,19,10.4306531982477
Jaipur,Petrol,Manual,First,19.4,5,4.25,Honda,Brio S MT,11,7.245409015025041
Mumbai,Petrol,Automatic,First,21.4,5,8.85,Maruti,Baleno Alpha CVT,8,6.942355889724311
Coimbatore,Petrol,Manual,First,21.1,5,4.14,Hyundai,EON Sportz,12,6.781326781326781
Hyderabad,Diesel,Manual,First,23.0,5,7.0,Hyundai,i20 1.4 CRDi Sportz,11,6.446991404011461
Hyderabad,Diesel,Automatic,First,10.91,7,33.0,Ford,Endeavour 3.2 Titanium AT 4X4,8,6.160100062539087
Ahmedabad,Petrol,Manual,First,17.4,5,10.0,Honda,City i-VTEC VX,9,7.83567134268537
Kochi,Diesel,Manual,Second,21.5,5,3.53,Maruti,SX4 ZDI,14,7.115384615384615
Jaipur,Petrol,Manual,First,12.9,5,1.35,Chevrolet,Optra Magnum 1.6 LS Petrol,19,6.414267834793493
Delhi,Diesel,Manual,First,20.54,5,4.5,Volkswagen,Vento Diesel Highline,13,6.483103879849812
Pune,Petrol,Manual,First,16.8,5,4.9,Honda,City V MT,14,7.768871075484301
Kochi,Diesel,Manual,First,19.67,5,12.26,Hyundai,Creta 1.6 CRDi SX Option,10,7.977243994943111
Mumbai,Diesel,Manual,Second,24.4,5,3.99,Hyundai,Xcent 1.1 CRDi SX,12,6.3392857142857135
Mumbai,Diesel,Automatic,First,17.9,5,46.95,Mercedes-Benz,GLC 220d 4MATIC Style,9,7.932804479701354
Hyderabad,Diesel,Manual,First,20.0,5,3.8,Ford,Figo Diesel EXI,11,4.8606147248034315
Ahmedabad,Diesel,Manual,Second,15.0,5,6.75,Volkswagen,Jetta 2007-2011 2.0 TDI Trendline,13,5.537974683544303
Coimbatore,Diesel,Manual,First,18.49,7,8.75,Mahindra,TUV 300 2015-2019 T8,9,6.697923643670463
Chennai,Petrol,Manual,Second,15.8,5,5.2,Ford,Ecosport 1.5 Ti VCT MT Titanium,13,7.338225483655771
Kochi,Petrol,Manual,First,17.1,5,8.42,Hyundai,Verna 1.6 SX VTVT (O),9,7.6241357636706475
Mumbai,Petrol,Manual,First,18.6,5,5.75,Hyundai,i20 Sportz 1.2,10,6.836257309941521
Kolkata,Diesel,Automatic,First,15.2,5,9.75,Audi,A4 New 2.0 TDI Multitronic,18,7.154471544715448
Delhi,Petrol,Manual,First,19.49,5,3.5,Nissan,Micra Active XV S,11,5.5959933222036735
Jaipur,Diesel,Automatic,First,15.26,5,30.0,Mercedes-Benz,M-Class ML 250 CDI,12,9.482034531031264
Delhi,Diesel,Automatic,First,12.83,5,35.0,Land,Rover Discovery Sport TD4 S,9,6.769160165213401
Coimbatore,Petrol,Manual,First,15.8,5,13.25,Hyundai,Creta 1.6 SX Option Executive,8,7.6241357636706475
Mumbai,Diesel,Manual,First,20.5,5,3.65,Skoda,Rapid 1.6 TDI Active,13,6.476846057571965
Jaipur,Diesel,Manual,First,23.4,5,5.25,Maruti,Swift Dzire VDI,11,5.929487179487179
Delhi,Petrol,Manual,First,15.8,5,9.7,Hyundai,Creta 1.6 SX,10,7.6241357636706475
Coimbatore,Diesel,Manual,First,24.0,5,5.21,Hyundai,Grand i10 CRDi Sportz,9,6.25
Pune,Diesel,Manual,First,18.49,7,6.3,Mahindra,TUV 300 T8,10,6.697923643670463
Kochi,Diesel,Manual,First,24.0,5,4.72,Hyundai,Grand i10 CRDi Sportz,12,6.25
Chennai,Diesel,Automatic,Second,11.7,5,28.0,BMW,X5 xDrive 30d,15,8.18576678917474
Coimbatore,Diesel,Automatic,First,28.4,5,8.37,Maruti,Dzire AMT VDI,8,5.909455128205128
Delhi,Diesel,Manual,First,12.55,7,14.0,Toyota,Fortuner 4x4 MT,14,5.650570087189806
Hyderabad,Diesel,Automatic,First,17.68,5,36.0,Audi,A6 2011-2015 35 TDI Technology,11,8.858231707317074
Pune,Diesel,Manual,First,27.3,5,6.4,Honda,Jazz 1.5 V i DTEC,11,6.582109479305741
Coimbatore,Diesel,Automatic,First,11.33,7,51.69,Audi,Q7 4.2 TDI Quattro Technology,11,8.108369617803579
Jaipur,Diesel,Manual,First,12.05,7,8.0,Mahindra,Scorpio 2009-2014 VLX 2WD 7S BSIV,12,5.507113354749885
Hyderabad,Diesel,Manual,First,18.3,5,9.8,Chevrolet,Cruze LTZ,14,7.4284279256654955
Hyderabad,Diesel,Manual,First,25.44,5,2.7,Chevrolet,Beat Diesel LT,14,6.153846153846154
Coimbatore,Diesel,Automatic,First,18.25,5,24.37,Audi,A4 35 TDI Premium Plus,12,9.539634146341463
Kochi,Petrol,Automatic,First,14.3,5,9.72,Skoda,Rapid 1.6 MPI AT Style,8,6.478097622027534
Pune,Diesel,Manual,First,23.4,5,5.0,Maruti,Swift Dzire VDI,12,5.929487179487179
Pune,Diesel,Manual,Second,11.5,7,10.5,Toyota,Fortuner 3.0 Diesel,17,5.734406438631791
Jaipur,Diesel,Manual,Second,22.9,5,3.9,Maruti,Swift VDI,14,5.929487179487179
Coimbatore,Petrol,Manual,First,17.0,5,5.65,Honda,City 1.5 V MT Exclusive,14,7.882431529726119
Mumbai,Diesel,Automatic,First,15.26,5,29.95,Mercedes-Benz,M-Class ML 250 CDI,14,9.482034531031264
Bangalore,Diesel,Manual,Second,17.8,5,3.0,Maruti,Swift Ldi BSIII,18,6.009615384615385
Kolkata,Diesel,Manual,First,26.1,5,6.0,Ford,Aspire Titanium Diesel,9,6.608811748998665
Mumbai,Petrol,Manual,First,20.36,5,2.11,Hyundai,i10 Sportz,17,6.591478696741855
Jaipur,Petrol,Manual,First,19.7,5,1.5,Maruti,Alto LXi,15,5.816582914572864
Coimbatore,Diesel,Manual,First,23.59,5,4.67,Toyota,Etios Liva GD,13,8.304757605056455
Bangalore,Petrol,Manual,Second,20.4,5,2.85,Maruti,Swift VXI BSIV,20,6.83375104427736
Coimbatore,Diesel,Automatic,First,19.27,5,33.64,Mercedes-Benz,New C-Class C 220 CDI Avantgarde,9,7.932804479701354
Hyderabad,Diesel,Manual,Second,17.88,5,0.91,Tata,Indica V2 DLE BSIII,15,3.7822349570200573
Jaipur,Petrol,Manual,Second,22.74,5,2.42,Maruti,Alto 800 VXI,12,5.942211055276381
Kolkata,Petrol,Automatic,First,9.3,5,3.25,Skoda,Superb 2.8 V6 AT,21,6.968603392277156
Kolkata,Petrol,Manual,First,16.47,5,2.8,Volkswagen,Polo Petrol Comfortline 1.2L,13,6.168614357262104
Coimbatore,Petrol,Automatic,First,22.0,5,8.3,Maruti,Dzire AMT ZXI Plus,7,6.83375104427736
Bangalore,Diesel,Manual,Third,12.05,8,5.25,Mahindra,Scorpio VLX,16,5.507113354749885
Jaipur,Diesel,Manual,First,17.8,5,2.9,Maruti,Swift Vdi BSIII,16,6.009615384615385
Pune,Diesel,Automatic,First,18.88,5,15.0,BMW,3 Series 320d Prestige,13,9.223057644110275
Jaipur,Petrol,Manual,Second,25.4,4,0.53,Tata,Nano STD SE,14,6.009615384615385
Mumbai,Diesel,Manual,First,12.99,8,12.5,Toyota,Innova 2.5 VX (Diesel) 8 Seater,12,4.0096230954290295
Mumbai,Petrol,Manual,First,18.4,5,2.75,Honda,Brio S Option MT,14,7.245409015025041
Pune,Petrol,Automatic,First,23.84,5,5.0,Tata,Tiago AMT 1.2 Revotron XZA,8,6.991659716430358
Kochi,Diesel,Manual,First,12.05,8,7.09,Mahindra,Scorpio SLE BSIV,12,5.507113354749885
Hyderabad,Diesel,Automatic,First,16.73,5,19.99,BMW,5 Series 2003-2012 525d,15,10.927318295739347
Mumbai,Diesel,Manual,First,21.43,5,10.75,Toyota,Corolla Altis D-4D GL,12,6.392961876832845
Mumbai,Petrol,Automatic,First,18.0,5,9.45,Honda,City i VTEC CVT VX,10,7.83567134268537
Hyderabad,Diesel,Manual,First,22.0,5,2.9,Hyundai,Verna CRDi 1.6 SX Option,18,7.977243994943111
Kolkata,Diesel,Manual,First,26.59,5,4.7,Maruti,Swift Dzire VDI Optional,11,5.929487179487179
Coimbatore,Petrol,Manual,First,20.73,5,7.11,Maruti,Ciaz ZXi,10,6.635105608157319
Jaipur,Diesel,Manual,First,22.7,5,6.25,Ford,Ecosport 1.5 DV5 MT Titanium,12,5.9973297730307085
Hyderabad,Petrol,Manual,First,20.92,5,2.2,Maruti,Alto K10 2010-2014 VXI,15,6.723446893787574
Kochi,Petrol,Automatic,First,19.0,5,8.86,Honda,Amaze V CVT Petrol,7,7.402835696413678
Delhi,Diesel,Manual,First,15.1,7,9.3,Mahindra,XUV500 W6 2WD,11,6.424965580541533
Coimbatore,Diesel,Manual,First,18.49,7,7.57,Mahindra,TUV 300 2015-2019 T8,9,6.697923643670463
Chennai,Petrol,Manual,First,18.2,5,7.9,Honda,Jazz VX,9,7.397831526271894
Kochi,Petrol,Manual,First,16.1,5,5.65,Maruti,Swift VXI BSIII W/ ABS,8,6.79506933744222
Delhi,Petrol,Manual,First,16.47,5,3.25,Volkswagen,Polo Petrol Highline 1.2L,13,6.168614357262104
Coimbatore,Diesel,Manual,First,20.5,5,16.27,Hyundai,Creta 1.6 SX Option Diesel,7,7.977243994943111
Coimbatore,Petrol,Manual,First,18.6,5,3.21,Chevrolet,Beat LS,15,6.622185154295246
Kolkata,Diesel,Manual,First,25.8,5,3.9,Honda,Amaze VX i-DTEC,13,6.582109479305741
Mumbai,Petrol,Automatic,Second,10.0,5,6.5,Mercedes-Benz,E-Class 230 E AT,18,6.3181089743589745
Hyderabad,Diesel,Automatic,First,18.59,5,48.0,BMW,5 Series 530d M Sport,10,8.853992649515536
Mumbai,Diesel,Automatic,First,20.38,5,18.9,Audi,A3 35 TDI Premium Plus,10,7.266260162601626
Pune,Diesel,Manual,First,26.59,5,3.6,Maruti,Swift Dzire VDI,11,5.929487179487179
Kolkata,Diesel,Manual,First,26.59,5,5.5,Maruti,Swift Dzire VDI,11,5.929487179487179
Pune,Diesel,Manual,Second,12.8,7,7.0,Toyota,Innova 2.5 V Diesel 7-seater,15,4.0898155573376105
Bangalore,Diesel,Automatic,First,16.09,5,41.75,BMW,X3 xDrive20d,10,9.223057644110275
Hyderabad,Diesel,Automatic,First,16.73,5,10.5,BMW,5 Series 2003-2012 525d,19,10.927318295739347
Coimbatore,Diesel,Manual,First,15.1,7,10.09,Mahindra,XUV500 W8 2WD,12,6.424965580541533
Delhi,Petrol,Manual,First,17.0,5,3.0,Honda,City 1.5 S MT,17,7.882431529726119
Jaipur,Diesel,Manual,First,20.14,5,4.91,Volkswagen,Polo 1.5 TDI Comfortline,11,5.874499332443257
Kolkata,Petrol,Manual,First,16.0,5,2.0,Honda,Jazz S,16,7.512520868113523
Hyderabad,Diesel,Manual,First,23.59,5,5.3,Toyota,Etios Liva GD SP,11,4.916422287390029
Mumbai,Diesel,Manual,First,19.01,5,7.22,Nissan,Terrano XV Premium 110 PS,12,7.426420260095824
Kochi,Diesel,Automatic,First,18.56,5,32.57,BMW,X3 xDrive 20d xLine,9,9.523809523809524
Mumbai,Petrol,Manual,First,18.5,5,2.75,Hyundai,i20 1.2 Magna,16,6.683375104427736
Hyderabad,Diesel,Manual,First,17.8,5,3.75,Ford,Fiesta EXi 1.4 TDCi Ltd,15,4.8606147248034315
Kochi,Petrol,Automatic,First,16.8,5,5.91,Honda,City 1.5 V AT,12,7.882431529726119
Chennai,Diesel,Manual,First,25.2,5,4.35,Maruti,Swift VDI BSIV,13,5.929487179487179
Delhi,Diesel,Manual,First,24.0,5,3.25,Hyundai,Grand i10 CRDi SportZ Edition,12,6.25
Pune,Diesel,Automatic,First,14.75,7,68.0,Audi,Q7 45 TDI Quattro Technology,9,8.257499157398044
Mumbai,Petrol,Manual,First,17.0,5,5.5,Volkswagen,Ameo 1.2 MPI Highline 16 Alloy,10,6.176961602671119
Kochi,Petrol,Automatic,First,18.0,5,12.08,Honda,City i VTEC CVT VX,8,7.83567134268537
Kochi,Diesel,Manual,First,27.39,5,7.48,Maruti,Baleno Alpha 1.3,8,5.929487179487179
Jaipur,Diesel,Manual,First,24.0,5,5.5,Hyundai,Grand i10 CRDi Sportz,10,6.25
Jaipur,Diesel,Manual,First,19.3,5,3.5,Maruti,Swift Dzire VDi,15,5.9214743589743595
Delhi,Diesel,Automatic,First,0.0,5,15.5,Land,Rover Freelander 2 TD4 HSE,13,5.277650298301973
Hyderabad,Diesel,Manual,First,11.5,7,19.0,Toyota,Fortuner 3.0 Diesel,13,5.734406438631791
Hyderabad,Diesel,Manual,First,27.3,5,8.4,Honda,Jazz VX Diesel,9,6.582109479305741
Pune,Diesel,Manual,First,24.3,5,7.25,Maruti,Vitara Brezza LDi Option,10,7.091346153846153
Kolkata,Diesel,Manual,First,23.4,5,4.25,Maruti,Swift Dzire VDI,12,5.929487179487179
Delhi,Diesel,Automatic,Second,21.66,5,5.7,Skoda,Rapid 1.5 TDI AT Elegance,11,6.910547396528704
Hyderabad,Diesel,Automatic,Second,0.0,5,26.0,Land,Rover Freelander 2 TD4 SE,13,5.277650298301973
Hyderabad,Petrol,Manual,First,22.74,5,2.49,Maruti,Alto 800 LXI,13,5.942211055276381
Pune,Petrol,Manual,Second,16.47,5,3.0,Volkswagen,Polo Petrol Highline 1.2L,15,6.168614357262104
Delhi,Diesel,Manual,First,26.0,5,5.95,Honda,City i DTEC SV,11,6.582109479305741
Delhi,Diesel,Manual,First,23.4,5,2.69,Maruti,Swift Dzire LDI,13,5.929487179487179
Bangalore,Diesel,Automatic,First,17.11,5,26.0,Audi,A4 2.0 TDI 177 Bhp Technology Edition,12,8.858231707317074
Kolkata,Petrol,Manual,First,17.8,5,5.5,Honda,City i VTEC VX,11,7.83567134268537
Chennai,Petrol,Manual,First,18.16,5,4.85,Ford,Figo Aspire 1.2 Ti-VCT Ambiente,10,7.25752508361204
Kochi,Diesel,Manual,First,24.3,5,8.39,Maruti,Vitara Brezza LDi,8,7.091346153846153
Hyderabad,Diesel,Manual,First,19.01,5,7.99,Renault,Duster 110PS Diesel RxL,11,7.42299794661191
Hyderabad,Diesel,Manual,First,21.19,5,6.95,Hyundai,i20 Active 1.4 SX,10,6.356017191977077
Mumbai,Petrol,Manual,First,15.7,5,1.5,Mahindra,Logan Petrol 1.4 GLE,16,5.39568345323741
Mumbai,Petrol,Manual,First,17.7,5,1.55,Honda,City ZX GXi,20,5.210420841683367
Bangalore,Petrol,Manual,Second,15.6,5,2.75,Ford,Figo Petrol EXI,16,5.852842809364549
Mumbai,Petrol,Manual,First,13.06,5,4.25,Renault,Duster Petrol RxL,12,6.416145181476845
Kolkata,Petrol,Manual,First,20.36,5,2.85,Hyundai,i10 Sportz 1.2,11,6.591478696741855
Coimbatore,Diesel,Automatic,First,12.81,7,56.14,Land,Rover Discovery Sport TD4 HSE 7S,7,7.419209604802401
Ahmedabad,Petrol,Automatic,Second,9.74,5,10.0,Audi,Q5 2008-2012 2.0 TFSI Quattro,17,10.483870967741936
Mumbai,Petrol,Manual,Second,11.3,8,1.25,Maruti,Versa DX2 BS II,23,6.402157164869029
Kolkata,Diesel,Manual,First,26.59,5,7.5,Maruti,Swift Dzire ZDI,9,5.929487179487179
Coimbatore,Diesel,Automatic,First,17.11,5,25.81,Audi,A4 2.0 TDI Premium Sport Limited Edition,11,8.858231707317074
Ahmedabad,Petrol,Manual,First,16.47,5,4.3,Volkswagen,Polo 1.2 MPI Comfortline,12,6.176961602671119
Chennai,Diesel,Manual,Second,11.5,7,11.0,Toyota,Fortuner 3.0 Diesel,16,5.734406438631791
Jaipur,Diesel,Manual,Second,11.5,7,11.75,Toyota,Fortuner 3.0 Diesel,16,5.734406438631791
Coimbatore,Petrol,Manual,First,12.8,5,6.58,Honda,Accord 2.4 MT,14,7.544604927782498
Chennai,Diesel,Manual,First,22.9,5,4.8,Maruti,Swift ZDi,14,5.929487179487179
Pune,Petrol,Manual,Second,17.5,5,1.65,Skoda,Fabia 1.2 MPI Classic,18,5.843071786310518
Kolkata,Diesel,Manual,First,17.1,5,15.0,Jeep,Compass 2.0 Sport,9,8.69120654396728
Ahmedabad,Petrol,Manual,Second,25.4,4,1.0,Tata,Nano Twist XT,12,6.009615384615385
Hyderabad,Petrol,Manual,First,15.3,5,1.65,Ford,Fiesta 1.6 ZXi ABS,19,6.328320802005012
Ahmedabad,Diesel,Manual,First,27.62,5,3.6,Maruti,Celerio ZDi,11,5.926860025220681
Delhi,Diesel,Manual,First,11.5,7,11.5,Toyota,Fortuner 3.0 Diesel,15,5.734406438631791
Ahmedabad,Diesel,Manual,First,27.62,5,3.6,Maruti,Celerio ZDi,11,5.926860025220681
Pune,Petrol,Manual,First,21.1,5,3.05,Hyundai,EON Era Plus,11,6.781326781326781
Bangalore,Diesel,Manual,Second,23.5,5,6.0,Ford,Fiesta Diesel Trend,15,6.008010680907877
Ahmedabad,Petrol,Manual,First,16.47,5,3.75,Volkswagen,Polo 1.2 MPI Comfortline,13,6.176961602671119
Coimbatore,Petrol,Manual,First,16.2,5,6.17,Volkswagen,Polo 1.2 MPI Comfortline,10,6.171809841534612
Coimbatore,Diesel,Manual,First,24.3,5,9.05,Maruti,Vitara Brezza ZDi,9,7.091346153846153
Coimbatore,Petrol,Manual,First,19.4,5,4.05,Honda,Brio S MT,13,7.245409015025041
Pune,Petrol,Manual,First,17.5,5,4.25,Maruti,Swift Dzire VXi,13,6.610169491525424
Kolkata,Petrol,Manual,First,23.1,5,3.75,Maruti,Celerio LXI MT,8,6.717434869739479
Mumbai,Petrol,Automatic,First,13.0,5,11.85,Hyundai,Creta 1.6 SX Plus Petrol Automatic,10,7.6241357636706475
Kochi,Diesel,Manual,First,22.7,5,8.24,Ford,Ecosport 1.5 DV5 MT Titanium,10,5.9973297730307085
Hyderabad,Diesel,Manual,First,17.8,5,5.99,Maruti,Swift VDI BSIV W ABS,10,9.076674177321317
Jaipur,Petrol,Manual,Second,13.1,5,6.5,Honda,CR-V RVi MT,18,7.065598397596394
Coimbatore,Diesel,Automatic,First,12.51,7,58.91,Land,Rover Discovery Sport SD4 HSE Luxury 7S,7,8.614043139054612
Delhi,Diesel,Manual,First,15.1,7,8.0,Mahindra,XUV500 W8 2WD,12,6.424965580541533
Kochi,Petrol,Manual,First,16.47,5,4.64,Volkswagen,Polo 1.2 MPI Highline,11,6.176961602671119
Kochi,Petrol,Automatic,First,19.2,5,3.32,Hyundai,i10 Magna AT,16,6.683375104427736
Chennai,Petrol,Manual,Second,20.36,5,2.78,Hyundai,i10 Magna 1.2,14,6.591478696741855
Kochi,Diesel,Automatic,First,14.81,5,8.95,Chevrolet,Cruze LTZ AT,10,8.193193193193192
Mumbai,Petrol,Automatic,First,12.0,5,21.95,Mercedes-Benz,E-Class E 200 CGI,13,9.092415871421396
Ahmedabad,Petrol,Manual,First,11.7,5,7.9,Hyundai,Sonata 2.4 GDI,13,5.680373039423484
Kolkata,Petrol,Automatic,First,11.74,5,29.0,Mercedes-Benz,New C-Class C 200 Kompressor Elegance AT,19,10.356347438752785
Kolkata,Diesel,Manual,First,22.07,5,3.25,Volkswagen,Polo Diesel Trendline 1.2L,13,6.163469557964971
Mumbai,Petrol,Manual,First,17.4,5,5.9,Honda,City i VTEC SV,12,7.83567134268537
Coimbatore,Diesel,Manual,First,24.3,5,9.88,Maruti,Vitara Brezza ZDi,9,7.091346153846153
Coimbatore,Petrol,Manual,First,18.6,5,8.78,Hyundai,Elite i20 Asta Option,7,6.838763575605681
Kolkata,Diesel,Manual,Second,13.93,7,2.75,Tata,New Safari Dicor EX 4X2,15,6.3377696190913255
Kochi,Diesel,Manual,First,21.64,5,5.98,Nissan,Sunny 2011-2014 Diesel XL,12,5.804243668720054
Delhi,Petrol,Automatic,First,10.9,5,31.0,BMW,3 Series 330 Ci Convertible,15,8.610332398878654
Delhi,Petrol,Manual,Second,14.53,5,3.55,Toyota,Corolla 1.8 J,15,7.675194660734149
Kochi,Diesel,Manual,First,22.32,5,6.24,Hyundai,Verna 1.6 SX,11,7.984829329962073
Kolkata,Diesel,Manual,First,19.3,5,2.19,Maruti,Swift Dzire VDi,17,5.9214743589743595
Hyderabad,Diesel,Manual,First,28.4,5,5.5,Maruti,Dzire VDI,13,5.909455128205128
Pune,Petrol,Manual,First,24.07,5,2.1,Maruti,Alto K10 VXI,12,6.723446893787574
Coimbatore,Petrol,Automatic,First,10.5,4,50.66,Jaguar,XJ 5.0 L V8 Supercharged,15,10.059999999999999
Kolkata,Diesel,Automatic,First,14.84,5,14.0,Mercedes-Benz,New C-Class 220 CDI AT,14,7.932804479701354
Mumbai,Diesel,Manual,First,22.0,5,5.5,Hyundai,Verna CRDi 1.6 SX Option,13,7.977243994943111
Pune,Petrol,Manual,Third,14.2,5,1.2,Chevrolet,Aveo 1.6 LT,19,6.382978723404255
Hyderabad,Petrol,Manual,First,20.4,5,5.3,Maruti,Swift VXI BSIV,12,6.83375104427736
Chennai,Diesel,Manual,First,23.9,5,6.3,Hyundai,Verna 1.6 CRDi S,11,7.977243994943111
Kochi,Diesel,Automatic,First,17.9,5,40.47,Mercedes-Benz,GLC 220d Celebration Edition,9,7.839477368175456
Delhi,Diesel,Manual,First,13.0,7,16.1,Toyota,Fortuner 4x2 Manual,13,5.650570087189806
Delhi,Diesel,Automatic,First,12.8,5,25.0,Audi,Q5 2008-2012 2.0 TDI,12,8.516260162601625
Mumbai,Diesel,Automatic,Second,13.2,5,7.95,BMW,3 Series 320d Dynamic,18,8.521303258145362
Delhi,Petrol,Manual,First,24.7,5,2.65,Maruti,Alto 800 2016-2019 LXI,10,5.942211055276381
Coimbatore,Petrol,Manual,First,20.92,5,2.81,Maruti,Alto K10 2010-2014 VXI,14,6.723446893787574
Hyderabad,Petrol,Automatic,First,15.64,5,17.5,Audi,A4 1.8 TFSI Technology Edition,14,9.32258064516129
Mumbai,Petrol,Manual,First,16.1,5,3.3,Maruti,Swift VXi BSIV,14,7.101086048454469
Kochi,Petrol,Manual,First,22.5,5,5.34,Maruti,Wagon R VXI,7,6.717434869739479
Hyderabad,Diesel,Manual,First,21.14,5,8.5,Skoda,Rapid 1.5 TDI Ambition,10,6.910547396528704
Kochi,Petrol,Manual,Second,16.0,5,2.69,Honda,Jazz S,16,7.512520868113523
Ahmedabad,Diesel,Manual,First,16.0,7,11.5,Mahindra,XUV500 W10 2WD,11,6.424965580541533
Coimbatore,Petrol,Manual,First,18.5,5,4.06,Maruti,Ritz VXi,15,7.167919799498747
Hyderabad,Diesel,Automatic,First,17.9,5,49.0,Mercedes-Benz,GLE 250d,10,9.386374241717219
Bangalore,Diesel,Manual,First,20.5,5,4.6,Skoda,Rapid 1.6 TDI Ambition,14,6.476846057571965
Delhi,Diesel,Manual,First,24.0,5,3.96,Hyundai,Grand i10 CRDi Magna,11,6.25
Mumbai,Petrol,Manual,First,18.6,5,5.6,Hyundai,Elite i20 Petrol Asta,11,6.838763575605681
Kolkata,Diesel,Manual,First,22.95,5,3.75,Tata,Zest Quadrajet 1.3 75PS XE,9,5.929487179487179
Jaipur,Diesel,Manual,First,22.54,5,5.5,Hyundai,i20 Magna 1.4 CRDi,11,6.356017191977077
Delhi,Diesel,Manual,Second,20.5,5,3.0,Skoda,Rapid 1.6 TDI Elegance,14,6.476846057571965
Mumbai,Petrol,Manual,First,16.0,5,3.0,Fiat,Linea Emotion,15,6.578947368421052
Pune,Petrol,Manual,First,16.1,5,2.95,Maruti,Swift VXI BSIII W/ ABS,16,6.79506933744222
Hyderabad,Diesel,Manual,First,25.0,5,2.45,Tata,Indica V2 2001-2011 eLS,11,4.9426934097421205
Pune,Diesel,Automatic,First,14.84,5,13.99,Mercedes-Benz,New C-Class C 220 CDI Elegance AT,14,7.932804479701354
Bangalore,Diesel,Automatic,First,11.57,5,60.75,Mercedes-Benz,GLE 350d,10,8.529963173752929
Kolkata,Petrol,Manual,Second,0.0,5,1.17,Hyundai,Santro Xing XP,18,10.4306531982477
Chennai,Petrol,Manual,Second,16.8,5,4.5,Honda,City V MT AVN,14,7.768871075484301
Mumbai,Petrol,Manual,Second,18.5,5,2.5,Hyundai,i20 Magna,16,6.683375104427736
Chennai,Diesel,Manual,First,13.0,7,20.5,Toyota,Fortuner 4x2 Manual,11,5.650570087189806
Delhi,Petrol,Manual,First,18.9,5,3.9,Hyundai,Grand i10 Magna,12,6.8504594820384295
Chennai,Diesel,Manual,Second,15.0,5,3.5,Volkswagen,Jetta 2007-2011 2.0 TDI Comfortline,17,5.537974683544303
Hyderabad,Petrol,Automatic,First,15.63,5,8.3,Ford,EcoSport 1.5 Ti VCT AT Titanium,10,7.364909939959974
Chennai,Petrol,Manual,First,21.1,5,2.5,Hyundai,EON Magna Plus,14,6.781326781326781
Kolkata,Petrol,Automatic,First,19.15,5,2.65,Nissan,Micra XV CVT,15,6.338898163606011
Kochi,Petrol,Automatic,First,19.0,5,7.42,Honda,Jazz 1.2 V CVT i VTEC,10,7.397831526271894
Kochi,Petrol,Manual,First,16.47,5,4.63,Volkswagen,Polo 1.2 MPI Trendline,10,6.176961602671119
Kolkata,Petrol,Manual,First,19.7,5,1.09,Maruti,Alto LXi,18,5.816582914572864
Delhi,Diesel,Manual,First,22.32,5,3.8,Hyundai,Verna 1.6 SX,15,7.984829329962073
Mumbai,Diesel,Automatic,First,10.0,5,15.75,Mercedes-Benz,E-Class 2009-2013 E 220 CDI Avantgarde,13,7.9143389199255125
Coimbatore,Petrol,Manual,First,17.57,5,5.27,Tata,Zest Revotron 1.2 XT,11,7.435037720033528
Mumbai,Petrol,Manual,Second,18.4,5,2.75,Honda,Brio S Option MT,14,7.245409015025041
Chennai,Diesel,Manual,First,27.3,5,7.4,Honda,Jazz VX Diesel,10,6.582109479305741
Jaipur,Petrol,Automatic,First,24.07,5,3.9,Maruti,Alto K10 VXI AGS,9,6.723446893787574
Jaipur,Petrol,Manual,Second,17.3,5,0.7,Maruti,Zen VXi - BS III,26,6.042296072507553
Pune,Diesel,Manual,First,22.54,5,5.9,Hyundai,i20 Sportz 1.4 CRDi,11,6.356017191977077
Coimbatore,Diesel,Manual,First,22.7,5,9.58,Maruti,SX4 S Cross DDiS 320 Zeta,10,7.3842302878598245
Delhi,Diesel,Automatic,First,14.21,5,24.95,Mercedes-Benz,E-Class 2009-2013 E250 CDI Elegance,12,9.472701819878674
Kochi,Petrol,Manual,First,13.7,7,4.29,Chevrolet,Enjoy Petrol LS 7 Seater,11,7.06361686919228
Delhi,Diesel,Automatic,Second,14.21,5,11.5,Mercedes-Benz,E-Class 2009-2013 E250 CDI Blue Efficiency,15,9.472701819878674
Mumbai,Diesel,Manual,First,16.0,7,9.65,Mahindra,XUV500 W4,10,6.424965580541533
Mumbai,Petrol,Manual,First,20.36,5,3.75,Hyundai,i10 Sportz,11,6.591478696741855
Pune,Petrol,Manual,Second,14.2,5,1.1,Hyundai,Getz 1.3 GLS,19,6.181953765846384
Coimbatore,Diesel,Automatic,First,12.07,7,31.41,Audi,Q7 3.0 TDI quattro,12,8.136164475901584
Pune,Diesel,Manual,Third,12.05,8,6.0,Mahindra,Scorpio SLE BSIV,14,5.507113354749885
Pune,Petrol,Manual,First,18.7,5,5.55,Honda,Jazz 1.2 SV i VTEC,10,7.397831526271894
Jaipur,Diesel,Manual,First,14.0,7,10.91,Tata,Safari Storme 2012-2015 EX,9,6.3377696190913255
Kolkata,Diesel,Manual,First,15.1,7,7.25,Mahindra,XUV500 W6 2WD,12,6.424965580541533
Hyderabad,Diesel,Manual,First,22.07,5,3.9,Volkswagen,Polo Diesel Comfortline 1.2L,14,6.163469557964971
Delhi,Diesel,Manual,First,19.3,5,3.95,Maruti,Swift Dzire ZDi,14,5.9214743589743595
Mumbai,Diesel,Automatic,First,15.73,5,22.0,Audi,Q3 2.0 TDI,13,8.858231707317074
Delhi,Petrol,Manual,First,23.1,5,3.38,Maruti,Celerio ZXI,12,6.717434869739479
Mumbai,Petrol,Manual,First,16.8,5,3.45,Honda,City V MT Exclusive,15,7.768871075484301
Delhi,Petrol,Manual,First,18.6,5,5.75,Hyundai,i20 1.2 Spotz,10,6.836257309941521
Jaipur,Petrol,Manual,First,25.17,5,2.75,Renault,KWID RXT,10,6.670838548185232
Kochi,Diesel,Automatic,First,17.9,5,30.3,Mercedes-Benz,CLA 200 CDI Sport,7,6.346243583761082
Hyderabad,Diesel,Manual,First,22.7,5,7.5,Ford,Ecosport 1.5 DV5 MT Titanium,12,5.9973297730307085
Coimbatore,Petrol,Manual,First,18.6,5,6.87,Hyundai,i20 Asta 1.2,11,6.836257309941521
Bangalore,Diesel,Manual,First,12.99,7,15.2,Toyota,Innova 2.5 ZX Diesel 7 Seater,11,4.033680834001604
Chennai,Diesel,Manual,First,21.64,5,3.5,Nissan,Sunny 2011-2014 Diesel XL,14,5.804243668720054
Hyderabad,Diesel,Manual,First,25.2,5,5.85,Maruti,Swift VDI BSIV,12,5.929487179487179
Hyderabad,Petrol,Manual,First,19.0,5,2.5,Maruti,A-Star Vxi,16,6.623246492985971
Pune,Petrol,Manual,First,18.6,5,3.95,Maruti,Swift ZXI,13,7.167919799498747
Jaipur,Diesel,Automatic,First,17.9,5,27.0,Mercedes-Benz,CLA 200 CDI Sport,9,6.346243583761082
Bangalore,Petrol,Manual,Second,16.02,7,6.75,Maruti,Ertiga ZXI,12,6.824471959213402
Jaipur,Petrol,Manual,Second,18.9,5,1.5,Maruti,Wagon R LXI,19,6.723446893787574
Hyderabad,Diesel,Manual,First,22.07,5,3.9,Volkswagen,Polo Diesel Trendline 1.2L,14,6.163469557964971
Hyderabad,Diesel,Manual,First,22.7,5,6.55,Ford,Ecosport 1.5 DV5 MT Titanium Optional,12,5.9973297730307085
Kochi,Diesel,Manual,First,25.1,5,9.44,Honda,City i DTEC VX,9,6.582109479305741
Coimbatore,Petrol,Manual,First,14.28,5,10.77,Toyota,Corolla Altis 1.8 GL,11,7.676863181312569
Ahmedabad,Diesel,Manual,First,15.1,7,7.5,Mahindra,XUV500 W8 2WD,12,6.424965580541533
Kolkata,Petrol,Manual,First,24.7,5,3.0,Maruti,Alto 800 2016-2019 VXI,10,5.942211055276381
Chennai,Diesel,Automatic,First,18.59,5,11.75,BMW,5 Series 530d M Sport,16,8.853992649515536
Kochi,Petrol,Manual,First,21.1,5,3.29,Hyundai,EON D Lite Plus,10,6.781326781326781
Chennai,Diesel,Manual,First,26.59,5,6.5,Maruti,Swift Dzire VDI,10,5.929487179487179
Hyderabad,Diesel,Automatic,First,16.55,5,18.0,Audi,A4 2.0 TDI,15,7.495426829268292
Bangalore,Petrol,Automatic,Second,13.7,5,4.95,Skoda,Superb Elegance 1.8 TSI AT,17,8.773637374860957
Kochi,Petrol,Manual,First,17.57,5,4.52,Tata,Zest Revotron 1.2T XM,11,7.435037720033528
Coimbatore,Petrol,Manual,First,17.4,5,6.26,Honda,City i-VTEC VX,13,7.83567134268537
Chennai,Petrol,Manual,First,16.95,5,7.5,Nissan,Sunny 2011-2014 XV,10,6.522029372496663
Mumbai,Petrol,Automatic,First,14.4,5,3.35,Volkswagen,Vento Petrol Highline AT,15,6.483103879849812
Mumbai,Petrol,Automatic,First,15.74,5,5.5,Hyundai,Verna 1.6 SX VTVT AT,12,7.6241357636706475
Bangalore,Diesel,Automatic,First,22.0,5,5.25,Hyundai,Verna CRDi 1.6 AT SX Plus,14,7.977243994943111
Bangalore,Diesel,Automatic,First,16.55,5,16.25,Audi,A4 2.0 TDI Multitronic,14,7.113821138211382
Delhi,Petrol,Manual,First,15.5,5,2.7,Maruti,SX4 Vxi BSIV,17,6.513240857503153
Chennai,Diesel,Automatic,First,12.62,7,32.9,Ford,Endeavour 2.2 Titanium AT 4X2,7,7.188353048225659
Coimbatore,Petrol,Manual,First,20.4,5,3.41,Maruti,Swift LXI BSIV,18,6.943191311612364
Hyderabad,Diesel,Manual,First,24.0,5,4.15,Hyundai,Grand i10 CRDi Magna,12,6.25
Hyderabad,Diesel,Manual,Second,20.14,5,5.9,Volkswagen,Polo 1.5 TDI Highline,12,5.9279038718291055
Pune,Petrol,Automatic,First,10.0,5,11.5,Mercedes-Benz,E-Class 230,14,6.3181089743589745
Kolkata,Petrol,Manual,First,18.6,5,4.75,Hyundai,i20 Asta 1.2,11,6.836257309941521
Chennai,Petrol,Automatic,First,24.07,5,3.5,Maruti,Alto K10 VXI AGS,11,6.723446893787574
Pune,Diesel,Manual,First,20.77,7,7.25,Maruti,Ertiga VDI,12,7.112179487179487
Mumbai,Petrol,Automatic,First,23.1,5,4.35,Maruti,Celerio VXI AT,10,6.717434869739479
Coimbatore,Petrol,Automatic,Second,22.5,5,4.99,Renault,KWID Climber 1.0 AMT,8,6.706706706706707
Bangalore,Diesel,Manual,First,12.05,8,7.65,Mahindra,Scorpio SLE BSIV,13,5.507113354749885
Chennai,Diesel,Manual,First,12.8,7,9.0,Toyota,Innova 2.5 GX (Diesel) 7 Seater BS IV,15,4.0898155573376105
Chennai,Diesel,Manual,First,22.07,5,6.9,Volkswagen,Polo Diesel Highline 1.2L,9,6.163469557964971
Chennai,Diesel,Manual,First,20.0,5,2.9,Ford,Figo Diesel ZXI,15,4.8606147248034315
Kolkata,Diesel,Manual,First,20.45,5,5.75,Nissan,Terrano XL Plus 85 PS,12,5.7357973990417515
Kochi,Petrol,Automatic,First,22.5,5,4.41,Renault,KWID 1.0 RXT Optional AMT,9,6.706706706706707
Mumbai,Diesel,Manual,First,21.14,5,4.95,Skoda,Rapid 1.5 TDI Elegance,13,6.910547396528704
Hyderabad,Diesel,Automatic,First,16.0,7,14.4,Mahindra,XUV500 AT W10 FWD,10,6.424965580541533
Chennai,Diesel,Manual,First,20.0,5,2.95,Ford,Figo Diesel Titanium,14,4.8641887062187275
Coimbatore,Diesel,Manual,First,15.96,7,8.14,Mahindra,Bolero ZLX,9,2.461355529131986
Hyderabad,Diesel,Manual,First,20.64,5,8.45,Volkswagen,Vento 1.5 TDI Highline,10,7.242990654205607
Pune,Diesel,Manual,First,12.99,8,12.5,Toyota,Innova 2.5 VX (Diesel) 8 Seater BS IV,11,4.0096230954290295
Mumbai,Diesel,Manual,First,15.1,7,6.5,Mahindra,XUV500 W8 2WD,14,6.424965580541533
Coimbatore,Petrol,Manual,Second,15.8,5,7.72,Ford,Ecosport 1.5 Ti VCT MT Titanium,11,7.338225483655771
Chennai,Diesel,Automatic,First,16.96,5,8.0,Volkswagen,Jetta 2012-2014 2.0L TDI Highline AT,15,7.017276422764228
Chennai,Diesel,Manual,Second,13.93,7,3.0,Tata,New Safari DICOR 2.2 VX 4x4,17,6.333180357962368
Mumbai,Diesel,Automatic,First,8.2,4,29.0,BMW,3 Series 330d Convertible,13,8.18576678917474
Kolkata,Petrol,Manual,First,16.47,5,4.11,Volkswagen,Polo 1.2 MPI Highline,12,6.176961602671119
Coimbatore,Petrol,Manual,First,18.5,5,5.37,Hyundai,i20 Magna Optional 1.2,11,6.925647451963242
Mumbai,Diesel,Manual,First,20.77,7,6.55,Maruti,Ertiga ZDI,13,7.115384615384615
Chennai,Petrol,Manual,First,17.4,5,7.0,Honda,City i VTEC V,11,7.83567134268537
Mumbai,Petrol,Manual,First,17.0,5,5.48,Honda,City 1.5 S MT,12,7.882431529726119
Kochi,Diesel,Automatic,First,16.96,5,6.51,Volkswagen,Jetta 2013-2015 2.0L TDI Highline AT,13,7.013719512195123
Pune,Diesel,Manual,First,25.8,5,5.15,Honda,Amaze VX i-DTEC,10,6.582109479305741
Hyderabad,Diesel,Manual,Second,15.1,7,9.0,Mahindra,XUV500 W8 2WD,13,6.424965580541533
Mumbai,Petrol,Automatic,Second,14.53,5,2.75,Toyota,Corolla Altis VL,18,7.68075639599555
Pune,Petrol,Manual,Second,17.0,5,1.2,Hyundai,Santro Xing XL eRLX Euro III,21,10.4306531982477
Bangalore,Diesel,Automatic,First,22.69,5,12.5,BMW,3 Series 320d,14,9.523809523809524
Kochi,Diesel,Manual,First,23.0,5,7.69,Ford,EcoSport 1.5 Diesel Trend,9,6.606141522029373
Kochi,Petrol,Manual,First,18.5,5,4.57,Hyundai,i20 Asta Optional with Sunroof 1.2,13,6.921470342522975
Mumbai,Petrol,Automatic,First,16.8,5,4.5,Honda,City 1.5 S AT,13,7.882431529726119
Hyderabad,Diesel,Manual,First,23.2,5,4.9,Maruti,Ritz VDI (ABS) BS IV,11,5.924679487179487
Kolkata,Petrol,Manual,First,19.81,5,1.65,Hyundai,i10 Era 1.1,18,6.266114180478821
Mumbai,Petrol,Manual,First,18.2,5,3.25,Chevrolet,Sail 1.2 LS,11,6.872393661384487
Chennai,Diesel,Manual,First,22.32,5,6.25,Hyundai,Verna 1.6 SX CRDi (O),14,7.984829329962073
Kochi,Petrol,Manual,First,15.8,5,12.13,Hyundai,Creta 1.6 SX Option,8,7.6241357636706475
Jaipur,Petrol,Manual,First,18.2,5,3.25,Chevrolet,Sail 1.2 LS,13,6.872393661384487
Hyderabad,Diesel,Automatic,First,14.16,5,29.0,Audi,Q5 2.0 TDI,13,8.856707317073171
Kochi,Petrol,Manual,First,17.0,5,5.53,Honda,City 1.5 V MT Exclusive,13,7.882431529726119
Hyderabad,Petrol,Manual,First,17.0,5,8.75,Ford,EcoSport 1.5 Petrol Titanium,9,8.10688042752171
Bangalore,Diesel,Automatic,Second,12.07,7,37.9,Audi,Q7 3.0 TDI Quattro Premium Plus,12,8.136164475901584
Delhi,Petrol,Manual,First,20.36,5,2.4,Hyundai,i10 Magna 1.2,16,6.591478696741855
Chennai,Petrol,Manual,First,17.0,5,4.55,Hyundai,i20 1.2 Asta,12,6.683375104427736
Delhi,Petrol,Manual,Second,17.5,5,2.65,Maruti,Swift Dzire 1.2 Vxi BSIV,15,7.167919799498747
Pune,Diesel,Manual,Second,25.0,5,1.6,Tata,Indica V2 eLX,9,4.9426934097421205
Coimbatore,Diesel,Automatic,Second,16.2,5,25.72,BMW,5 Series 2010-2013 530d,14,7.851653859004344
Ahmedabad,Diesel,Manual,First,22.9,5,4.15,Maruti,Swift VDI,13,5.929487179487179
Jaipur,Petrol,Manual,First,19.0,5,7.23,Ford,Freestyle Titanium Plus Petrol,8,7.9296482412060305
Bangalore,Petrol,Manual,Second,13.9,5,2.6,Hyundai,Verna XXi ABS (Petrol),18,6.454033771106942
Mumbai,Diesel,Automatic,Second,16.07,5,7.25,BMW,3 Series 320d Highline,18,9.072681704260651
Kochi,Diesel,Manual,First,12.8,8,14.29,Toyota,Innova 2.5 G4 Diesel 8-seater,9,4.0898155573376105
Hyderabad,Diesel,Automatic,Second,14.94,5,17.25,Mercedes-Benz,New C-Class C 250 CDI Elegance,15,9.519365375641623
Pune,Diesel,Manual,First,22.54,5,7.5,Hyundai,Elantra 1.6 SX,13,7.977243994943111
Hyderabad,Diesel,Manual,First,23.2,5,4.35,Maruti,Ritz ZDi,12,5.924679487179487
Pune,Diesel,Manual,First,24.3,5,8.9,Maruti,Vitara Brezza ZDi Plus Dual Tone,10,7.091346153846153
Kolkata,Petrol,Manual,Second,19.1,5,3.5,Hyundai,Xcent 1.2 Kappa S,10,6.8504594820384295
Kolkata,Diesel,Manual,First,26.0,5,6.1,Honda,City i DTEC V,12,6.582109479305741
Mumbai,Petrol,Manual,First,25.17,5,3.2,Renault,KWID RXT,10,6.670838548185232
Jaipur,Diesel,Manual,First,23.59,5,4.9,Toyota,Etios Cross 1.4L VD,12,4.916422287390029
Kochi,Petrol,Manual,First,24.07,5,3.69,Maruti,Alto K10 VXI,11,6.723446893787574
Chennai,Petrol,Manual,First,23.84,5,3.98,Tata,Tiago 1.2 Revotron XM Option,10,7.005838198498749
Kolkata,Diesel,Manual,First,21.9,5,2.95,Hyundai,i20 1.4 CRDi Magna,13,6.446991404011461
Kochi,Diesel,Automatic,First,16.55,5,15.21,Audi,A4 2.0 TDI,12,7.495426829268292
Hyderabad,Diesel,Manual,First,28.4,5,6.3,Maruti,Swift VDI,11,5.929487179487179
Kochi,Petrol,Manual,First,17.0,5,6.69,Volkswagen,Ameo 1.2 MPI Highline,9,6.156093489148581
Mumbai,Petrol,Automatic,First,16.0,7,9.5,Honda,BRV i-VTEC V CVT,9,7.83567134268537
Mumbai,Petrol,Manual,First,17.0,5,2.65,Hyundai,i20 Asta,17,6.683375104427736
Ahmedabad,Diesel,Manual,First,14.66,7,7.5,Hyundai,Santa Fe 4X4,14,8.835834470213735
Kochi,Petrol,Automatic,First,23.1,5,5.63,Maruti,Celerio ZXI Optional AMT,8,6.717434869739479
Coimbatore,Petrol,Manual,First,15.8,5,11.78,Hyundai,Creta 1.6 SX,8,7.6241357636706475
Hyderabad,Diesel,Manual,Second,17.88,5,0.85,Tata,Indica V2 DL BSIII,22,3.7822349570200573
Mumbai,Petrol,Manual,First,15.04,5,3.35,Volkswagen,Vento Petrol Highline,15,6.483103879849812
Kochi,Petrol,Manual,First,23.1,5,4.11,Maruti,Celerio VXI,11,6.717434869739479
Ahmedabad,Diesel,Automatic,First,17.9,5,25.51,Mercedes-Benz,CLA 200 D Sport Edition,11,6.346243583761082
Jaipur,Petrol,Manual,First,22.74,5,3.1,Maruti,Alto 800 LXI,9,5.942211055276381
Delhi,Diesel,Automatic,First,10.91,7,33.5,Ford,Endeavour 3.2 Titanium AT 4X4,8,6.160100062539087
Kolkata,Petrol,Manual,First,17.57,5,4.8,Tata,Zest Revotron 1.2T XE,9,7.435037720033528
Kolkata,Petrol,Manual,First,16.09,5,3.49,Volkswagen,Vento 1.6 Comfortline,12,6.476846057571965
Mumbai,Petrol,Manual,Second,17.5,7,5.15,Maruti,Ertiga ZXI,14,6.635105608157319
Mumbai,Diesel,Automatic,First,14.0,5,14.41,Mercedes-Benz,M-Class ML 350 CDI Corporate,15,7.499163039839303
Mumbai,Petrol,Manual,First,16.2,5,4.75,Volkswagen,Polo 1.2 MPI Highline,12,6.171809841534612
Jaipur,Diesel,Automatic,First,12.55,7,19.0,Toyota,Fortuner 4x2 AT,11,5.650570087189806
Hyderabad,Petrol,Manual,First,23.1,5,4.9,Maruti,Celerio VXI,9,6.717434869739479
Chennai,Diesel,Automatic,Second,16.07,4,6.3,BMW,3 Series 320d Corporate Edition,18,9.072681704260651
Jaipur,Petrol,Manual,Second,16.9,5,2.4,Honda,City ZX VTEC,20,6.6800267201068815
Pune,Petrol,Manual,First,13.17,5,3.0,Mitsubishi,Cedia Sports,17,5.702851425712856
Delhi,Petrol,Manual,First,18.06,5,4.25,Renault,Pulse Petrol RxL,10,6.254590984974959
Hyderabad,Diesel,Manual,First,20.14,5,6.3,Volkswagen,Polo 1.5 TDI Highline,10,5.874499332443257
Kochi,Petrol,Manual,First,21.1,5,8.15,Maruti,Baleno RS Petrol,8,10.02004008016032
Kochi,Petrol,Manual,First,20.36,5,3.22,Hyundai,i10 Magna,14,6.591478696741855
Kochi,Petrol,Manual,First,18.6,5,7.65,Hyundai,i20 1.2 Spotz,8,6.836257309941521
Delhi,Petrol,Automatic,First,10.37,2,30.0,BMW,Z4 2009-2013 35i,15,10.27190332326284
Pune,Petrol,Manual,Second,20.36,5,2.3,Hyundai,i10 Sportz 1.2,16,6.591478696741855
Delhi,Petrol,Automatic,First,13.6,4,22.0,Mini,Cooper S Carbon Edition,14,11.32665832290363
Pune,Petrol,Manual,First,19.4,5,3.28,Honda,Brio V MT,14,7.245409015025041
Kochi,Petrol,Manual,First,20.73,5,7.09,Maruti,Ciaz ZXi Option,10,6.642388929351785
Coimbatore,Diesel,Manual,First,19.3,5,6.46,Maruti,Swift Dzire ZDi,13,5.9214743589743595
Chennai,Diesel,Manual,First,22.07,5,4.0,Volkswagen,Polo Diesel Comfortline 1.2L,14,6.163469557964971
Delhi,Diesel,Automatic,First,17.05,5,11.0,BMW,X1 sDrive20d,15,9.223057644110275
Coimbatore,Diesel,Automatic,Second,12.07,7,49.79,Audi,Q7 3.0 TDI Quattro Premium Plus,10,8.136164475901584
Kolkata,Diesel,Manual,First,25.83,5,4.8,Ford,Figo 1.5D Trend MT,11,6.608811748998665
Bangalore,Diesel,Automatic,First,21.76,5,35.0,BMW,3 Series Luxury Line,9,9.523809523809524
Bangalore,Diesel,Automatic,First,14.0,5,21.99,Mercedes-Benz,M-Class ML 350 CDI Corporate,15,7.499163039839303
Mumbai,Petrol,Manual,Second,17.3,5,1.1,Maruti,Wagon R LX BSIII,19,6.032045240339302
Delhi,Petrol,Manual,First,21.4,5,6.6,Maruti,Baleno Zeta 1.2,8,6.942355889724311
Pune,Petrol,Manual,First,22.0,5,4.5,Maruti,Dzire VXI,13,6.83375104427736
Pune,Petrol,Manual,Second,14.7,5,1.0,Chevrolet,Aveo U-VA 1.2 LT,17,6.608695652173912
Chennai,Diesel,Manual,First,20.14,5,6.9,Volkswagen,Polo 1.5 TDI Highline,9,5.874499332443257
Hyderabad,Diesel,Automatic,First,0.0,5,16.75,Land,Rover Freelander 2 TD4 SE,14,5.277650298301973
Mumbai,Diesel,Automatic,First,14.16,5,25.49,Audi,Q5 30 TDI quattro Premium,11,8.856707317073171
Chennai,Diesel,Automatic,First,18.53,5,35.5,Audi,A6 35 TDI Matrix,11,9.539634146341463
Kochi,Diesel,Manual,First,24.0,5,6.28,Hyundai,Grand i10 1.2 CRDi Sportz,8,6.236930860033726
Delhi,Diesel,Manual,Second,12.05,8,4.88,Mahindra,Scorpio SLE BSIV,14,5.507113354749885
Hyderabad,Diesel,Manual,First,22.95,5,3.7,Tata,Bolt Quadrajet XE,10,5.929487179487179
Kochi,Petrol,Manual,First,21.1,5,3.45,Hyundai,EON Era Plus,11,6.781326781326781
Kochi,Diesel,Manual,First,15.4,8,10.23,Mahindra,Scorpio S8 8 Seater,10,5.507113354749885
Bangalore,Petrol,Automatic,Second,11.1,5,6.5,Honda,Accord 2001-2003 2.0 AT,16,6.032285471537808
Mumbai,Petrol,Manual,First,16.2,5,6.15,Volkswagen,Polo 1.2 MPI Highline,10,6.171809841534612
Mumbai,Petrol,Manual,First,15.1,7,2.9,Maruti,Eeco 7 Seater Standard,12,6.103678929765886
Ahmedabad,Diesel,Manual,First,24.0,5,5.5,Hyundai,Grand i10 CRDi Sportz,10,6.25
Chennai,Diesel,Automatic,First,10.91,7,31.0,Ford,Endeavour 3.2 Titanium AT 4X4,9,6.160100062539087
Delhi,Diesel,Manual,First,24.0,5,4.25,Hyundai,Grand i10 1.2 CRDi Sportz,11,6.236930860033726
Kochi,Diesel,Manual,First,22.9,5,5.48,Maruti,Swift VDI,10,5.929487179487179
Bangalore,Petrol,Manual,First,18.6,5,7.25,Hyundai,i20 1.2 Asta Option,10,6.836257309941521
Hyderabad,Petrol,Manual,First,17.5,5,3.0,Maruti,Swift Dzire VXi,14,6.610169491525424
Hyderabad,Diesel,Automatic,First,22.69,5,29.5,BMW,3 Series 320d Luxury Line,11,9.523809523809524
Mumbai,Petrol,Manual,Second,17.7,5,1.49,Honda,City ZX GXi,19,5.210420841683367
Pune,Petrol,Automatic,First,16.95,5,3.65,Hyundai,i10 Sportz 1.2 AT,13,6.591478696741855
Ahmedabad,Diesel,Manual,First,23.0,5,10.9,Ford,Ecosport Signature Edition Diesel,8,6.606141522029373
Bangalore,Petrol,Manual,First,23.1,5,4.3,Maruti,Celerio ZXI MT,11,6.717434869739479
Pune,Diesel,Manual,Second,20.77,7,6.11,Maruti,Ertiga VDI,14,7.112179487179487
Hyderabad,Diesel,Manual,First,12.8,8,15.5,Toyota,Innova 2.5 V Diesel 8-seater,11,4.0898155573376105
Mumbai,Petrol,Manual,First,17.8,5,6.9,Honda,City i VTEC SV,10,7.83567134268537
Bangalore,Petrol,Manual,First,19.1,5,4.69,Maruti,Swift Dzire VXI,14,7.167919799498747
Kochi,Petrol,Manual,First,18.5,5,3.19,Maruti,Ritz LXi,15,7.167919799498747
Pune,Petrol,Automatic,Second,15.0,5,3.75,Hyundai,i20 Sportz AT 1.4,14,7.063037249283667
Pune,Petrol,Manual,First,17.19,5,8.6,Hyundai,i20 Active SX Dual Tone Petrol,7,6.838763575605681
Chennai,Petrol,Manual,Second,17.0,5,3.85,Honda,City 1.5 E MT,15,7.882431529726119
Coimbatore,Diesel,Automatic,First,13.6,5,67.83,Porsche,Cayenne S Diesel,10,9.240445089501694
Coimbatore,Petrol,Manual,First,17.8,5,9.31,Honda,Amaze VX i-VTEC,7,7.237061769616027
Pune,Petrol,Automatic,First,12.9,5,3.0,Honda,Civic 2006-2010 1.8 S AT,18,7.226236798221233
Bangalore,Petrol,Manual,First,18.6,5,5.5,Hyundai,i20 Magna 1.2,11,6.836257309941521
Hyderabad,Diesel,Manual,First,19.67,5,13.3,Hyundai,Creta 1.6 CRDi SX,9,7.977243994943111
Hyderabad,Diesel,Automatic,First,15.73,5,23.0,Audi,Q3 2012-2015 2.0 TDI Quattro Premium Plus,13,8.858231707317074
Mumbai,Petrol,Manual,First,24.7,5,3.35,Maruti,Alto 800 2016-2019 LXI,8,5.942211055276381
Chennai,Diesel,Automatic,Third,15.06,5,10.0,BMW,X1 sDrive 20d Exclusive,14,8.87218045112782
Delhi,Petrol,Manual,First,20.36,5,2.95,Hyundai,i10 Magna,13,6.591478696741855
Pune,Diesel,Manual,First,21.66,5,6.75,Volkswagen,Ameo 1.5 TDI Highline,10,7.251001335113486
Pune,Petrol,Manual,Third,16.47,5,2.44,Volkswagen,Polo Petrol Highline 1.2L,16,6.168614357262104
Mumbai,Petrol,Manual,First,20.73,5,5.85,Maruti,Ciaz VXi Plus,11,6.635105608157319
Kochi,Petrol,Automatic,First,17.21,5,7.4,Volkswagen,Polo GT TSI,11,8.646616541353383
Pune,Diesel,Manual,First,24.4,5,3.8,Hyundai,Xcent 1.1 CRDi Base,10,6.3392857142857135
Hyderabad,Petrol,Manual,First,13.5,5,3.8,Honda,Civic 2006-2010 1.8 S MT,18,7.226236798221233
Kolkata,Petrol,Manual,First,17.7,5,2.7,Honda,City ZX GXi,18,5.210420841683367
Jaipur,Diesel,Manual,First,15.96,7,7.21,Mahindra,Bolero ZLX,10,2.461355529131986
Hyderabad,Petrol,Manual,First,17.4,5,7.9,Honda,City i VTEC V,10,7.83567134268537
Kolkata,Diesel,Manual,First,25.4,5,4.2,Hyundai,Xcent 1.2 CRDi S,9,6.236930860033726
Mumbai,Diesel,Manual,First,19.01,5,5.75,Renault,Duster 110PS Diesel RxL,12,7.42299794661191
Hyderabad,Petrol,Automatic,First,16.98,5,3.45,Maruti,A-Star AT VXI,13,6.623246492985971
Bangalore,Diesel,Automatic,First,17.11,5,25.75,Audi,A4 2.0 TDI 177 Bhp Premium Plus,12,8.858231707317074
Coimbatore,Diesel,Manual,First,16.0,7,16.59,Mahindra,XUV500 W8 2WD,8,6.424965580541533
Coimbatore,Petrol,Manual,First,18.06,5,4.69,Renault,Pulse Petrol RxZ,12,6.257095158597663
Mumbai,Diesel,Automatic,Second,13.2,5,7.5,BMW,3 Series 320d,17,8.521303258145362
Hyderabad,Diesel,Manual,First,13.68,7,16.5,Toyota,Innova Crysta 2.4 GX MT,10,6.176347680735479
Kolkata,Petrol,Manual,First,17.0,5,1.99,Honda,City 1.5 S MT,17,7.882431529726119
Chennai,Diesel,Manual,First,22.9,5,5.25,Maruti,Swift VDI,12,5.929487179487179
Mumbai,Diesel,Manual,Second,19.64,5,5.4,Renault,Duster 110PS Diesel RxZ Plus,13,7.42299794661191
Mumbai,Petrol,Manual,First,16.47,5,3.9,Volkswagen,Polo 1.2 MPI Comfortline,12,6.176961602671119
Mumbai,Petrol,Manual,First,17.19,5,5.8,Hyundai,i20 Active 1.2 S,11,6.838763575605681
Pune,Diesel,Automatic,First,18.12,5,30.5,BMW,5 Series 2013-2017 520d Luxury Line,12,9.523809523809524
Hyderabad,Diesel,Manual,First,23.4,5,5.6,Maruti,Swift Dzire LDI,9,5.929487179487179
Ahmedabad,Diesel,Automatic,First,0.0,5,23.0,Mercedes-Benz,M-Class ML 350 4Matic,14,5.523937060595915
Jaipur,Diesel,Manual,First,28.4,5,5.15,Maruti,Swift LDI,11,5.929487179487179
Coimbatore,Diesel,Automatic,First,19.08,5,9.48,Hyundai,Verna 1.6 CRDI AT SX Option,9,7.977243994943111
Bangalore,Petrol,Automatic,Second,21.9,4,2.38,Tata,Nano XTA,10,6.0064102564102555
Hyderabad,Petrol,Manual,First,17.5,5,3.8,Maruti,Swift Dzire LXi,17,6.610169491525424
Delhi,Petrol,Manual,Second,18.6,5,5.5,Hyundai,i20 Asta Option 1.2,11,6.836257309941521
Hyderabad,Petrol,Manual,First,17.0,5,3.55,Hyundai,i20 1.2 Sportz,16,6.683375104427736
Mumbai,Petrol,Manual,First,20.73,5,6.35,Maruti,Ciaz ZXi,11,6.635105608157319
Delhi,Diesel,Automatic,First,12.7,5,36.0,Land,Rover Range Rover 2.2L Prestige,11,8.614043139054612
Hyderabad,Diesel,Manual,Second,16.1,5,1.1,Tata,Indigo LX BSII,21,4.98220640569395
Mumbai,Petrol,Manual,First,17.57,5,3.7,Tata,Zest Revotron 1.2T XM,12,7.435037720033528
Delhi,Diesel,Manual,First,16.0,7,13.5,Mahindra,XUV500 W10 1.99 mHawk,10,7.01051577366049
Mumbai,Petrol,Automatic,Third,11.7,5,2.85,Honda,Accord 2.4 AT,18,7.544604927782498
Coimbatore,Petrol,Manual,Second,25.4,4,2.13,Tata,Nano Twist XT,11,6.009615384615385
Ahmedabad,Diesel,Manual,First,22.7,5,7.75,Hyundai,Elantra CRDi S,11,7.977243994943111
Chennai,Diesel,Manual,First,25.0,5,2.85,Tata,Indica V2 eLS,9,4.9426934097421205
Jaipur,Diesel,Manual,First,25.8,5,4.95,Honda,Amaze S i-Dtech,12,6.582109479305741
Kochi,Diesel,Manual,First,15.1,7,6.2,Mahindra,XUV500 W8 2WD,14,6.424965580541533
Pune,Diesel,Automatic,First,18.56,5,17.5,BMW,X3 xDrive 20d Expedition,13,9.523809523809524
Pune,Petrol,Manual,First,18.9,5,2.25,Hyundai,Grand i10 1.2 Kappa Magna,16,6.838763575605681
Delhi,Petrol,Manual,First,21.4,5,6.75,Maruti,Baleno Zeta 1.2,9,6.942355889724311
Kochi,Diesel,Automatic,First,19.08,5,9.73,Hyundai,Verna 1.6 CRDi AT SX,10,7.977243994943111
Kochi,Diesel,Manual,First,25.47,7,8.49,Maruti,Ertiga VDI,8,7.091346153846153
Mumbai,Petrol,Automatic,First,13.6,4,25.0,Mini,Cooper S Carbon Edition,13,11.32665832290363
Coimbatore,Diesel,Manual,First,23.2,5,5.59,Maruti,Ritz ZDi,11,5.924679487179487
Mumbai,Diesel,Automatic,First,15.6,5,4.8,Skoda,Laura L n K 1.9 PD AT,15,5.590717299578059
Delhi,Diesel,Manual,First,22.7,5,5.45,Ford,Ecosport 1.5 DV5 MT Titanium Optional,12,5.9973297730307085
Pune,Petrol,Manual,First,18.6,5,6.5,Hyundai,i20 2015-2017 Sportz 1.2,9,6.836257309941521
Chennai,Petrol,Manual,First,19.4,5,4.35,Honda,Brio E MT,11,7.245409015025041
Kolkata,Diesel,Manual,First,25.8,5,3.75,Honda,Amaze S i-Dtech,13,6.582109479305741
Pune,Diesel,Automatic,Third,18.48,5,12.0,BMW,5 Series 2003-2012 520d,16,8.87218045112782
Delhi,Diesel,Automatic,First,12.07,7,32.0,Audi,Q7 3.0 TDI Quattro Premium Plus,12,8.136164475901584
Jaipur,Diesel,Manual,Second,24.0,5,4.0,Hyundai,Grand i10 CRDi Magna,11,6.25
Kolkata,Diesel,Manual,First,23.08,5,2.6,Nissan,Micra Diesel XV,15,4.31895961670089
Jaipur,Petrol,Manual,First,18.9,5,4.45,Hyundai,Grand i10 Sportz,10,6.8504594820384295
Pune,Petrol,Manual,First,21.1,5,2.6,Hyundai,EON Era,11,6.781326781326781
Chennai,Petrol,Automatic,First,11.74,5,16.0,Mercedes-Benz,New C-Class C250 Avantgarde,15,10.356347438752785
Delhi,Diesel,Automatic,First,12.7,5,32.5,Land,Rover Range Rover 2.2L Pure,12,8.614043139054612
Mumbai,Diesel,Automatic,First,11.18,7,13.85,Mahindra,Ssangyong Rexton RX7,10,6.824925816023739
Coimbatore,Petrol,Manual,First,20.73,5,8.76,Maruti,Ciaz 1.4 Delta,8,6.635105608157319
Kochi,Petrol,Automatic,First,11.8,7,23.68,Mercedes-Benz,R-Class R350 4Matic Long,12,7.775871926815323
Chennai,Petrol,Automatic,First,22.0,5,5.5,Maruti,Dzire AMT VXI,9,6.83375104427736
Coimbatore,Diesel,Automatic,Second,11.49,5,65.81,Land,Rover Range Rover Vogue SE 4.4 SDV8,13,7.678039844286697
Kolkata,Diesel,Manual,First,19.01,5,4.99,Renault,Duster 110PS Diesel RxZ,13,7.42299794661191
Chennai,Diesel,Manual,Second,22.32,5,5.7,Hyundai,Verna 1.6 SX,13,7.984829329962073
Coimbatore,Petrol,Automatic,First,14.28,5,11.99,Toyota,Corolla Altis 1.8 VL CVT,10,7.676863181312569
Mumbai,Diesel,Automatic,Second,21.76,5,29.99,BMW,3 Series Sport,10,9.523809523809524
Chennai,Petrol,Manual,First,18.88,5,9.5,Ford,EcoSport 1.5 Ti VCT MT Signature,8,7.364909939959974
Hyderabad,Diesel,Manual,First,25.2,5,5.5,Maruti,Swift VDI BSIV,12,5.929487179487179
Bangalore,Diesel,Automatic,First,11.72,7,23.0,Hyundai,Santa Fe 4x4 AT,10,8.835834470213735
Hyderabad,Diesel,Manual,First,17.2,5,2.95,Tata,Indica V2 DLS,13,3.832378223495702
Kochi,Diesel,Manual,First,24.0,5,4.9,Hyundai,Grand i10 CRDi Sportz,11,6.25
Chennai,Petrol,Manual,Third,0.0,5,1.3,Hyundai,Santro Xing XL,20,10.4306531982477
Delhi,Petrol,Automatic,First,22.5,5,4.25,Maruti,Wagon R VXI AMT,10,6.713426853707414
Kochi,Diesel,Manual,First,16.0,7,16.36,Mahindra,XUV500 W10 2WD,8,6.424965580541533
Kolkata,Diesel,Automatic,First,16.55,5,9.95,Audi,A4 2.0 TDI,17,7.495426829268292
Bangalore,Diesel,Manual,First,20.54,5,5.5,Volkswagen,Vento Diesel Highline,14,6.483103879849812
Delhi,Diesel,Manual,First,24.3,5,8.25,Maruti,Vitara Brezza ZDi Plus Dual Tone,10,7.091346153846153
Chennai,Petrol,Manual,First,17.3,5,0.95,Maruti,Zen LX,24,6.042296072507553
Kochi,Petrol,Manual,First,19.81,5,4.01,Hyundai,i10 Era,10,6.266114180478821
Kochi,Petrol,Manual,First,17.5,5,8.2,Honda,WR-V Edge Edition i-VTEC S,7,7.397831526271894
Chennai,Diesel,Manual,Second,25.1,5,6.2,Honda,City i DTEC VX,12,6.582109479305741
Chennai,Diesel,Automatic,First,11.5,7,16.75,Toyota,Fortuner 4x2 4 Speed AT,14,5.667337357478202
Delhi,Diesel,Automatic,First,16.0,7,16.5,Mahindra,XUV500 AT W10 FWD,9,6.424965580541533
Mumbai,Diesel,Manual,Third,10.9,7,3.75,Ford,Endeavour XLT TDCi 4X4,19,4.532888904880754
Kolkata,Diesel,Manual,First,20.0,5,3.5,Ford,Figo Diesel ZXI,14,4.8641887062187275
Coimbatore,Petrol,Automatic,Second,19.0,5,5.43,Honda,Jazz 1.2 V CVT i VTEC,9,7.397831526271894
Coimbatore,Diesel,Automatic,First,10.91,7,30.35,Ford,Endeavour 3.2 Titanium AT 4X4,9,6.160100062539087
Hyderabad,Petrol,Automatic,First,17.97,5,7.99,Nissan,Sunny XL CVT,12,6.64886515353805
Coimbatore,Diesel,Manual,First,18.7,5,3.59,Skoda,Octavia Ambiente 1.9 TDI MT,15,3.481012658227848
Chennai,Diesel,Manual,First,25.44,5,1.9,Chevrolet,Beat Diesel LT,14,6.153846153846154
Chennai,Petrol,Automatic,First,12.1,5,4.7,Toyota,Camry W2 (AT),17,6.972904318374258
Chennai,Diesel,Manual,First,19.01,5,7.25,Renault,Duster 110PS Diesel RxZ,14,7.42299794661191
Kochi,Diesel,Automatic,First,17.9,5,24.46,Mercedes-Benz,GLA Class 200 d Style,10,6.346243583761082
Pune,Petrol,Manual,Second,17.57,5,3.9,Tata,Zest Revotron 1.2T XMS,12,7.435037720033528
Coimbatore,Petrol,Manual,First,18.5,5,5.15,Hyundai,i20 1.2 Magna,13,6.683375104427736
Mumbai,Petrol,Automatic,First,21.5,5,3.65,Maruti,Wagon R VXI AMT1.2,11,6.83375104427736
Kolkata,Diesel,Manual,First,25.4,5,5.0,Hyundai,Xcent 1.2 CRDi S,10,6.236930860033726
Kolkata,Petrol,Manual,First,17.0,5,2.3,Honda,City 1.5 S MT,17,7.882431529726119
Pune,Petrol,Manual,Second,13.2,5,0.75,Hyundai,Accent GLE,25,6.287625418060201
Kochi,Petrol,Manual,Second,13.9,5,1.85,Hyundai,Verna Xi (Petrol),17,6.454033771106942
Kolkata,Petrol,Manual,First,15.6,5,1.8,Ford,Figo Petrol ZXI,16,5.852842809364549
Kochi,Diesel,Manual,First,25.8,5,4.41,Honda,Amaze S i-Dtech,12,6.582109479305741
Chennai,Petrol,Manual,First,18.9,5,2.0,Maruti,Wagon R LX BSII,20,6.723446893787574
Hyderabad,Diesel,Manual,First,17.8,5,5.55,Maruti,Swift VDI BSIV,12,9.076674177321317
Bangalore,Diesel,Automatic,First,13.0,5,31.75,Mercedes-Benz,E-Class Facelift,12,8.637428858386341
Bangalore,Diesel,Automatic,First,17.68,5,32.0,Audi,A6 2011-2015 35 TDI Technology,11,8.858231707317074
Hyderabad,Diesel,Automatic,First,13.5,5,21.0,Mercedes-Benz,S Class 2005 2013 S 350 CDI,16,9.440910612654838
Ahmedabad,Diesel,Manual,First,19.3,5,2.75,Maruti,Swift Dzire LDi,16,5.9214743589743595
Coimbatore,Petrol,Manual,First,13.4,5,2.64,Toyota,Corolla H2,21,6.967670011148272
Kochi,Diesel,Manual,First,15.4,7,14.19,Mahindra,Scorpio S10 7 Seater,8,5.507113354749885
Jaipur,Petrol,Manual,First,22.5,5,3.85,Maruti,Wagon R VXI,9,6.717434869739479
Delhi,Diesel,Manual,First,13.0,7,15.5,Toyota,Fortuner 4x2 Manual,12,5.650570087189806
Mumbai,Petrol,Manual,First,18.2,5,1.9,Maruti,Zen Estilo 1.1 LX BSIII,16,6.032045240339302
Kochi,Petrol,Manual,First,25.4,4,1.26,Tata,Nano CX,12,6.0064102564102555
Chennai,Petrol,Manual,Second,18.5,5,2.4,Hyundai,i20 Magna,17,6.683375104427736
Bangalore,Diesel,Automatic,First,22.69,5,11.5,BMW,3 Series 320d,16,9.523809523809524
Jaipur,Diesel,Manual,First,16.0,7,8.25,Mahindra,XUV500 W6 2WD,12,6.424965580541533
Pune,Petrol,Manual,First,15.8,5,2.75,Volkswagen,Vento IPL II Petrol Trendline,15,6.570713391739674
Delhi,Petrol,Manual,Second,17.5,5,1.4,Skoda,Fabia 1.2 MPI Classic,17,5.843071786310518
Coimbatore,Petrol,Manual,First,25.4,4,2.9,Tata,Nano Twist XT,11,6.009615384615385
Chennai,Diesel,Manual,First,20.0,5,2.4,Ford,Figo Diesel EXI,15,4.8606147248034315
Pune,Petrol,Automatic,First,14.8,5,4.75,Volkswagen,Vento IPL II Petrol Highline AT,13,6.570713391739674
Kochi,Diesel,Automatic,First,12.7,5,44.76,Land,Rover Range Rover HSE Dynamic,8,8.614043139054612
Kochi,Diesel,Manual,First,26.0,5,6.22,Honda,City i DTEC SV,11,6.582109479305741
Chennai,Petrol,Automatic,First,22.5,5,4.5,Renault,KWID Climber 1.0 AMT,8,6.706706706706707
Mumbai,Petrol,Manual,First,18.9,5,4.25,Hyundai,Grand i10 Asta Option,11,6.8504594820384295
Hyderabad,Diesel,Automatic,First,18.1,4,5.5,Chevrolet,Cruze LTZ AT,15,7.4284279256654955
Mumbai,Diesel,Manual,First,22.54,5,6.95,Hyundai,i20 1.4 Asta,9,6.356017191977077
Coimbatore,Petrol,Automatic,First,24.07,5,4.56,Maruti,Alto K10 VXI AGS,8,6.723446893787574
Coimbatore,Diesel,Manual,First,20.5,5,13.82,Hyundai,Creta 1.6 SX Option Diesel,10,7.977243994943111
Mumbai,Petrol,Manual,First,18.0,5,5.65,Honda,Amaze VX i-Vtech,10,7.237061769616027
Kochi,Diesel,Manual,First,21.19,5,6.2,Hyundai,i20 Active 1.4 SX Dual Tone,10,6.356017191977077
Delhi,Petrol,Manual,First,23.1,5,3.25,Maruti,Celerio VXI,12,6.717434869739479
Kolkata,Diesel,Automatic,First,16.55,5,8.5,Audi,A4 2.0 TDI,17,7.495426829268292
Bangalore,Diesel,Manual,First,24.8,5,7.25,Hyundai,Verna 1.4 CRDi,10,6.353868194842407
Pune,Diesel,Manual,First,21.8,5,4.61,Renault,Fluence Diesel E4,13,5.338809034907597
Delhi,Petrol,Manual,First,16.2,5,5.3,Volkswagen,Polo 1.2 MPI Highline,10,6.171809841534612
Ahmedabad,Diesel,Manual,First,17.0,5,1.9,Tata,Indigo LX,14,4.98220640569395
Kochi,Petrol,Manual,First,20.36,5,3.09,Hyundai,i10 Sportz,14,6.591478696741855
Mumbai,Diesel,Automatic,Second,16.46,5,9.5,BMW,7 Series 730Ld Sedan,19,8.620113598396257
Mumbai,Diesel,Automatic,First,17.01,5,12.65,Hyundai,Creta 1.6 CRDi AT SX Plus,11,7.977243994943111
Delhi,Petrol,Manual,First,18.9,5,4.25,Hyundai,Grand i10 Magna,10,6.8504594820384295
Hyderabad,Diesel,Manual,First,21.1,5,2.95,Maruti,Ritz VDi,15,5.9214743589743595
Hyderabad,Diesel,Manual,First,10.5,8,3.45,Mahindra,Scorpio 2.6 SLX CRDe,20,5.507113354749885
Hyderabad,Petrol,Manual,First,19.81,5,3.3,Hyundai,i10 Era,15,6.266114180478821
Hyderabad,Diesel,Manual,First,14.0,7,8.0,Tata,Safari Storme 2012-2015 VX,12,6.3377696190913255
Kolkata,Petrol,Manual,First,13.5,5,2.71,Honda,Civic 2006-2010 1.8 V MT,17,7.226236798221233
Hyderabad,Petrol,Manual,First,18.2,5,2.7,Maruti,Zen Estilo LXI BSIII,14,6.723446893787574
Mumbai,Diesel,Manual,Second,23.4,5,4.5,Maruti,Swift Dzire VDI,14,5.929487179487179
Delhi,Diesel,Manual,Second,13.0,7,18.75,Toyota,Fortuner 4x2 Manual,11,5.650570087189806
Pune,Diesel,Manual,Second,28.4,5,5.25,Maruti,Swift VDI,12,5.929487179487179
Pune,Diesel,Manual,First,28.4,5,6.0,Maruti,Dzire LDI,9,5.909455128205128
Kolkata,Petrol,Manual,First,18.9,5,3.14,Hyundai,Grand i10 Asta,12,6.8504594820384295
Jaipur,Petrol,Manual,First,25.17,5,2.55,Renault,KWID RXL,10,6.670838548185232
Jaipur,Petrol,Manual,Second,15.64,5,2.3,Tata,Indigo CS eGLX BS IV,14,5.371332774518021
Hyderabad,Diesel,Manual,First,20.0,5,5.65,Ford,Figo Diesel Titanium,12,4.8641887062187275
Kochi,Diesel,Automatic,First,15.15,5,48.22,Porsche,Cayenne 2009-2014 Diesel,11,8.088978766430738
Jaipur,Petrol,Manual,First,24.07,5,3.0,Maruti,Alto K10 VXI,10,6.723446893787574
Ahmedabad,Diesel,Manual,First,20.34,5,7.5,Volkswagen,Vento 1.5 TDI Highline,11,6.889185580774367
Bangalore,Diesel,Manual,First,10.5,8,2.6,Mahindra,Scorpio 2.6 SLX CRDe,21,5.507113354749885
Mumbai,Diesel,Automatic,First,18.56,5,61.25,BMW,X3 xDrive 20d Luxury Line,8,9.523809523809524
Chennai,Petrol,Manual,Second,17.0,5,3.5,Honda,City 1.5 V MT,17,7.882431529726119
Kochi,Petrol,Automatic,First,17.44,4,28.95,Mini,Cooper 3 DOOR S,10,9.463463463463464
Pune,Diesel,Automatic,First,13.5,6,15.0,Mitsubishi,Pajero Sport 4X4 AT,11,7.087605974969721
Jaipur,Diesel,Manual,First,19.3,5,4.25,Maruti,Swift Dzire VDi,14,5.9214743589743595
Pune,Diesel,Manual,First,20.77,7,6.6,Maruti,Ertiga VDI,13,7.112179487179487
Hyderabad,Diesel,Manual,Second,12.8,7,5.2,Toyota,Innova 2.5 G4 Diesel 7-seater,19,4.0898155573376105
Chennai,Petrol,Manual,First,11.7,5,10.0,Mercedes-Benz,New C-Class C 200 Kompressor Elegance MT,16,9.910913140311804
Bangalore,Diesel,Automatic,First,14.84,5,35.0,Mercedes-Benz,New C-Class C 220 CDI BE Avantgare,10,7.821745216985534
Mumbai,Diesel,Manual,First,22.7,5,8.75,Ford,Ecosport 1.5 DV5 MT Titanium Optional,9,5.9973297730307085
Coimbatore,Petrol,Manual,First,17.71,5,4.57,Toyota,Etios Liva 1.2 G,11,6.591478696741855
Delhi,Petrol,Manual,First,20.36,5,2.5,Hyundai,i10 Magna 1.2,14,6.591478696741855
Chennai,Petrol,Manual,First,0.0,5,1.75,Hyundai,Santro LP - Euro II,21,11.339028401698704
Kochi,Diesel,Automatic,First,12.39,5,20.11,Land,Rover Freelander 2 SE,12,6.7696190913262955
Hyderabad,Diesel,Manual,First,12.8,8,7.8,Toyota,Innova 2.5 V Diesel 8-seater,15,4.0898155573376105
Coimbatore,Petrol,Manual,First,18.5,5,3.61,Hyundai,i20 1.2 Magna,15,6.683375104427736
Pune,Petrol,Manual,Second,17.0,5,1.11,Hyundai,Santro Xing XO eRLX Euro II,19,10.4306531982477
Mumbai,Petrol,Automatic,First,19.15,5,4.6,Nissan,Micra XV CVT,11,6.338898163606011
Kolkata,Petrol,Automatic,First,16.8,5,5.25,Honda,City 1.5 V AT,11,7.882431529726119
Delhi,Diesel,Manual,Second,25.8,5,3.3,Honda,Amaze E i-Dtech,13,6.582109479305741
Bangalore,Diesel,Manual,Second,11.5,7,17.75,Toyota,Fortuner 3.0 Diesel,13,5.734406438631791
Delhi,Diesel,Automatic,First,12.97,5,35.0,Land,Rover Discovery Sport SD4 HSE Luxury,10,8.614043139054612
Coimbatore,Diesel,Manual,First,19.67,5,13.39,Hyundai,Creta 1.6 CRDi SX,10,7.977243994943111
Chennai,Diesel,Manual,First,25.44,5,2.5,Chevrolet,Beat Diesel LT,14,6.014957264957264
Kochi,Diesel,Automatic,First,11.36,7,18.36,Toyota,Innova Crysta 2.8 GX AT,9,6.2250453720508165
Jaipur,Diesel,Manual,First,23.4,5,5.95,Maruti,Swift Dzire VDI,11,5.929487179487179
Mumbai,Diesel,Manual,Second,19.67,5,11.0,Hyundai,Creta 1.6 CRDi SX Option,11,7.977243994943111
Delhi,Diesel,Automatic,Second,12.65,5,64.75,Land,Rover Range Rover Sport SE,12,8.51987971934514
Hyderabad,Diesel,Manual,First,25.8,5,6.3,Honda,Amaze VX i-DTEC,9,6.582109479305741
Kochi,Petrol,Manual,First,15.29,5,11.94,Hyundai,Creta 1.6 SX Plus Dual Tone Petrol,9,7.6241357636706475
Mumbai,Petrol,Automatic,First,18.19,5,5.95,Volkswagen,Vento Sport 1.2 TSI AT,12,8.646616541353383
Ahmedabad,Diesel,Manual,First,26.0,5,11.0,Honda,City i DTec VX,9,6.582109479305741
Coimbatore,Petrol,Manual,First,15.29,5,12.53,Hyundai,Creta 1.6 SX Plus Dual Tone Petrol,9,7.6241357636706475
Bangalore,Diesel,Manual,Second,20.0,5,3.75,Ford,Figo Diesel Titanium,14,4.8606147248034315
Pune,Diesel,Automatic,First,14.69,5,27.0,BMW,5 Series 2013-2017 530d M Sport,12,8.620113598396257
Pune,Diesel,Manual,First,10.5,6,9.95,Mitsubishi,Pajero 2.8 SFX 7Str,14,3.781305114638448
Jaipur,Diesel,Manual,First,19.87,5,4.2,Renault,Duster 85PS Diesel RxL Option,13,5.7357973990417515
Delhi,Petrol,Manual,Second,21.1,5,2.0,Maruti,Ritz VXI,16,7.167919799498747
Kolkata,Petrol,Manual,First,18.9,5,3.25,Hyundai,Grand i10 Sportz,13,6.8504594820384295
Bangalore,Diesel,Automatic,First,17.9,5,34.0,Mercedes-Benz,GLA Class 200 CDI SPORT,9,6.346243583761082
Coimbatore,Diesel,Automatic,First,22.48,5,30.37,BMW,5 Series 520d Luxury Line,10,9.523809523809524
Kochi,Petrol,Automatic,First,13.0,5,12.6,Hyundai,Creta 1.6 SX Plus Petrol Automatic,8,7.6241357636706475
Kochi,Petrol,Manual,First,25.17,5,5.09,Renault,KWID RXT Optional,7,6.670838548185232
Bangalore,Diesel,Automatic,First,14.94,5,24.5,Audi,A4 3.0 TDI Quattro,12,8.136164475901584
Kochi,Diesel,Manual,Second,28.09,5,7.97,Maruti,Ciaz VDI SHVS,8,7.091346153846153
Delhi,Petrol,Manual,First,16.0,5,2.9,Honda,Jazz S,15,7.512520868113523
Kochi,Diesel,Automatic,First,22.69,5,21.33,BMW,3 Series 320d Luxury Line,10,9.523809523809524
Bangalore,Diesel,Automatic,Second,19.08,5,6.5,Hyundai,Verna SX CRDi AT,14,7.984829329962073
Coimbatore,Diesel,Manual,First,21.38,5,12.15,Hyundai,Creta 1.4 CRDi S Plus,10,6.353868194842407
Kolkata,Petrol,Manual,First,15.04,5,4.25,Volkswagen,Vento 2013-2015 1.6 Comfortline,12,6.458072590738423
Coimbatore,Diesel,Automatic,First,21.76,5,35.84,BMW,3 Series Luxury Line,9,9.523809523809524
Chennai,Petrol,Automatic,Third,14.4,5,3.0,Honda,CR-V Petrol 2WD,22,7.611417125688533
Chennai,Diesel,Manual,First,19.72,5,6.75,Renault,Duster 110PS Diesel RxZ AWD,14,7.42299794661191
Bangalore,Petrol,Manual,Second,18.6,5,5.65,Hyundai,i20 Asta 1.2,12,6.836257309941521
Pune,Diesel,Automatic,Second,16.96,5,7.5,Volkswagen,Jetta 2013-2015 2.0L TDI Highline AT,13,7.013719512195123
Kochi,Diesel,Manual,First,19.67,5,13.34,Hyundai,Creta 1.6 SX Plus Diesel,8,7.977243994943111
Hyderabad,Diesel,Manual,First,28.09,5,7.9,Maruti,Ciaz VDI SHVS,10,7.091346153846153
Coimbatore,Diesel,Manual,First,22.54,5,6.98,Hyundai,i20 Asta 1.4 CRDi,11,6.356017191977077
Mumbai,Petrol,Manual,First,17.01,5,5.75,Hyundai,Verna 1.6 SX VTVT,12,7.6241357636706475
Kolkata,Diesel,Manual,First,22.07,5,2.65,Volkswagen,Polo Diesel Trendline 1.2L,14,6.163469557964971
Kolkata,Diesel,Manual,First,22.07,5,2.49,Volkswagen,Polo Diesel Trendline 1.2L,15,6.163469557964971
Pune,Petrol,Manual,Second,15.0,5,1.5,Maruti,SX4 Vxi BSIII,19,6.600252206809584
Kochi,Diesel,Manual,First,24.5,7,6.5,Honda,Mobilio RS Option i DTEC,10,6.582109479305741
Hyderabad,Diesel,Manual,First,19.64,5,8.0,Renault,Duster 110PS Diesel RxZ Plus,13,7.42299794661191
Coimbatore,Diesel,Automatic,First,12.9,7,30.85,Toyota,Fortuner 2.8 2WD AT,7,6.333938294010889
Kochi,Diesel,Automatic,First,14.7,5,17.15,Volvo,XC60 D4 SUMMUM,12,9.122983870967742
Hyderabad,Petrol,Automatic,First,23.1,5,4.55,Maruti,Celerio VXI AT,12,6.717434869739479
Hyderabad,Diesel,Manual,Second,26.21,5,7.4,Maruti,Ciaz ZDi Plus,11,7.091346153846153
Kochi,Diesel,Automatic,First,12.8,5,25.64,Audi,Q5 2008-2012 2.0 TDI,13,8.516260162601625
Kolkata,Diesel,Automatic,Second,17.05,5,13.5,BMW,X1 sDrive 20d Sportline,13,9.223057644110275
Bangalore,Petrol,Manual,First,15.6,5,3.55,Ford,Figo Petrol ZXI,13,5.852842809364549
Ahmedabad,Diesel,Manual,First,22.7,5,15.0,Hyundai,Elantra CRDi SX,8,7.977243994943111
Pune,Petrol,Manual,Second,13.9,5,1.95,Hyundai,Verna 1.6 i ABS,19,6.454033771106942
Pune,Petrol,Manual,Second,13.5,5,2.3,Honda,Civic 2006-2010 1.8 S MT,20,7.226236798221233
Chennai,Diesel,Manual,Second,12.55,7,15.0,Toyota,Fortuner 4x4 MT,13,5.650570087189806
Chennai,Petrol,Manual,First,20.36,5,3.15,Hyundai,i10 Sportz,14,6.591478696741855
Hyderabad,Diesel,Manual,First,21.64,5,5.0,Nissan,Sunny 2011-2014 Diesel XL,14,5.804243668720054
Jaipur,Diesel,Automatic,Second,18.12,5,24.75,BMW,5 Series 2013-2017 520d Luxury Line,13,9.523809523809524
Pune,Diesel,Manual,Second,16.52,5,2.6,Chevrolet,Optra Magnum 2.0 LT,18,6.212958312405827
Ahmedabad,Petrol,Manual,First,20.36,5,3.75,Hyundai,i10 Asta,15,6.591478696741855
Ahmedabad,Diesel,Manual,Second,17.5,5,4.85,Skoda,Laura Ambiente,17,5.590717299578059
Jaipur,Diesel,Automatic,First,10.0,5,27.0,Mercedes-Benz,E-Class 2009-2013 E 220 CDI Avantgarde,13,7.9143389199255125
Kolkata,Diesel,Manual,First,25.8,5,3.0,Honda,Amaze SX i-DTEC,12,6.582109479305741
Delhi,Diesel,Automatic,First,20.68,5,28.75,BMW,X1 xDrive 20d xLine,9,9.523809523809524
Hyderabad,Diesel,Manual,First,12.99,8,14.49,Toyota,Innova 2.5 G (Diesel) 8 Seater,10,4.033680834001604
Delhi,Diesel,Automatic,First,7.5,4,72.0,Porsche,Panamera 2010 2013 Diesel,13,8.204327923429048
Chennai,Diesel,Manual,Second,22.71,5,4.0,Nissan,Sunny XV D,14,5.804243668720054
Delhi,Diesel,Manual,Second,26.59,5,4.5,Maruti,Swift Dzire LDI,11,5.929487179487179
Mumbai,Petrol,Automatic,First,21.5,5,6.25,Maruti,Wagon R ZXI AMT 1.2,7,6.83375104427736
Pune,Diesel,Automatic,Second,16.96,5,11.5,Volkswagen,Jetta 2013-2015 2.0L TDI Highline AT,11,7.013719512195123
Pune,Petrol,Manual,Third,9.8,5,3.1,Honda,Accord 2.4 Inspire M/T,17,7.646559048428207
Mumbai,Petrol,Manual,First,17.8,5,10.11,Honda,City i VTEC V,8,7.83567134268537
Coimbatore,Petrol,Manual,First,17.01,5,11.54,Hyundai,Verna 1.6 SX VTVT,7,7.6241357636706475
Delhi,Petrol,Manual,Second,18.9,5,1.0,Maruti,Wagon R LX BSII,20,6.723446893787574
Kolkata,Diesel,Manual,Second,23.4,5,2.5,Maruti,Swift Dzire Tour LDI,13,5.929487179487179
Kochi,Petrol,Automatic,First,9.74,5,18.0,Audi,Q5 2008-2012 2.0 TFSI Quattro,15,10.483870967741936
Coimbatore,Diesel,Manual,First,23.59,5,6.85,Toyota,Etios Cross 1.4 GD,8,4.914956011730206
Kochi,Petrol,Manual,First,19.81,5,2.97,Hyundai,i10 Era 1.1 iTech SE,14,6.266114180478821
Pune,Petrol,Manual,First,17.01,5,4.75,Hyundai,Verna 1.6 VTVT,13,7.6241357636706475
Coimbatore,Diesel,Manual,First,20.14,5,7.38,Volkswagen,Polo 1.5 TDI Highline,8,5.9279038718291055
Delhi,Diesel,Automatic,First,22.48,5,42.75,BMW,5 Series 520d Sport Line,9,9.410526315789475
Bangalore,Diesel,Manual,Second,23.0,5,3.65,Hyundai,i20 1.4 Asta Optional With Sunroof,16,6.446991404011461
Kochi,Petrol,Automatic,First,18.9,5,5.99,Hyundai,Grand i10 Asta Option AT,9,6.8504594820384295
Pune,Diesel,Automatic,First,11.5,7,13.5,Toyota,Fortuner 4x2 4 Speed AT,14,5.667337357478202
Chennai,Petrol,Automatic,First,21.4,5,7.0,Maruti,Baleno Zeta Automatic,10,6.942355889724311
Hyderabad,Petrol,Automatic,First,13.0,5,10.95,Hyundai,Creta 1.6 SX Plus Petrol Automatic,10,7.6241357636706475
Pune,Petrol,Manual,Third,20.36,5,2.95,Hyundai,i10 Sportz,13,6.591478696741855
Ahmedabad,Diesel,Manual,First,24.7,5,5.5,Tata,Tigor XE Diesel,9,6.59025787965616
Kochi,Petrol,Automatic,First,14.67,5,17.08,Skoda,Superb Style 1.8 TSI AT,9,9.869855394883203
Hyderabad,Diesel,Manual,First,26.59,5,6.85,Maruti,Swift Dzire VDI,11,5.929487179487179
Jaipur,Petrol,Automatic,First,13.1,5,10.5,Honda,CR-V 2.0 AT,12,7.065598397596394
Hyderabad,Diesel,Manual,First,12.8,8,8.75,Toyota,Innova 2.5 G (Diesel) 8 Seater BS IV,16,4.0898155573376105
Kolkata,Petrol,Manual,First,17.0,5,2.7,Honda,City 1.5 V MT,16,7.882431529726119
Mumbai,Petrol,Automatic,First,17.0,5,4.25,Hyundai,Verna VTVT 1.6 AT SX Plus,14,7.6241357636706475
Pune,Diesel,Manual,First,23.59,5,7.9,Toyota,Etios 1.4 VXD,8,4.914956011730206
Delhi,Petrol,Automatic,Second,13.7,5,4.5,Skoda,Superb Elegance 1.8 TSI AT,15,8.773637374860957
Kolkata,Diesel,Manual,First,21.64,5,4.0,Nissan,Sunny 2011-2014 Diesel XV,14,5.804243668720054
Delhi,Petrol,Manual,First,17.0,5,4.75,Honda,City 1.5 V MT Exclusive,14,7.882431529726119
Kolkata,Diesel,Manual,First,22.54,5,7.65,Hyundai,Elite i20 Diesel Asta Option,8,6.358166189111748
Kochi,Petrol,Manual,Second,17.4,5,3.47,Chevrolet,Optra 1.6 LT Royale,13,6.504065040650407
Kochi,Petrol,Manual,First,18.0,5,5.64,Honda,Amaze S i-Vtech,10,7.237061769616027
Kolkata,Petrol,Manual,First,16.47,5,2.95,Volkswagen,Polo Petrol Comfortline 1.2L,13,6.168614357262104
Jaipur,Diesel,Manual,First,22.9,5,5.65,Maruti,Swift VDI,10,5.929487179487179
Kochi,Diesel,Automatic,First,11.4,7,8.41,Ford,Endeavour 3.0L 4X4 AT,14,5.2102946156451075
Pune,Petrol,Manual,Third,15.4,5,0.85,Maruti,Baleno LXI,20,5.911949685534592
Pune,Petrol,Manual,Second,18.9,5,0.8,Maruti,Wagon R LX,23,6.723446893787574
Coimbatore,Diesel,Manual,First,20.14,5,5.65,Volkswagen,Polo 1.5 TDI Highline,12,5.874499332443257
Kolkata,Petrol,Manual,First,17.1,5,4.5,Hyundai,Verna 1.6 SX VTVT (O),13,7.6241357636706475
Ahmedabad,Diesel,Manual,First,28.09,5,6.9,Maruti,Ciaz ZDi Plus SHVS,11,7.091346153846153
Mumbai,Diesel,Manual,Fourth & Above,0.0,8,2.2,Toyota,Qualis Fleet A3,25,4.631107675100983
Jaipur,Diesel,Manual,First,21.64,5,4.0,Nissan,Sunny 2011-2014 Diesel XL,13,5.804243668720054
Mumbai,Petrol,Manual,First,15.0,5,5.6,Skoda,Rapid 1.6 MPI Ambition With Alloy Wheel,11,6.478097622027534
Delhi,Petrol,Manual,First,15.1,7,2.2,Maruti,Eeco 7 Seater Standard,10,6.103678929765886
Bangalore,Petrol,Manual,First,15.0,5,4.0,Skoda,Rapid Ultima 1.6 MPI Ambition Plus,13,6.476846057571965
Jaipur,Diesel,Manual,Second,12.55,7,16.0,Toyota,Fortuner 4x4 MT,12,5.650570087189806
Mumbai,Diesel,Manual,First,19.67,5,12.6,Hyundai,Creta 1.6 CRDi SX,10,7.977243994943111
Kochi,Petrol,Manual,First,18.5,5,4.79,Hyundai,i20 Magna Optional 1.2,12,6.925647451963242
Kochi,Diesel,Manual,First,26.0,5,6.83,Honda,City i DTEC V,10,6.582109479305741
Jaipur,Petrol,Manual,First,16.1,4,0.51,Maruti,800 Std,24,4.648241206030151
Pune,Petrol,Manual,Second,13.8,5,0.69,Ford,Ikon 1.3 Flair,20,5.388760585065435
Delhi,Petrol,Manual,First,20.85,5,4.65,Maruti,Swift Dzire LXI,11,6.945697577276524
Kolkata,Petrol,Manual,First,16.8,5,6.49,Honda,City 1.5 V MT Sunroof,12,7.768871075484301
Chennai,Diesel,Manual,First,16.8,5,2.9,Hyundai,Verna CRDi,17,7.367716008037509
Delhi,Petrol,Manual,First,17.01,5,7.4,Hyundai,Verna 1.6 SX VTVT,10,7.6241357636706475
Bangalore,Petrol,Manual,Second,25.17,5,3.25,Renault,KWID RXT,10,6.670838548185232
Ahmedabad,Petrol,Manual,Second,18.9,5,1.95,Maruti,Wagon R LXI,18,6.723446893787574
Jaipur,Petrol,Manual,Second,18.9,5,4.0,Hyundai,Grand i10 Sportz,11,6.8504594820384295
Delhi,Petrol,Manual,First,18.6,5,6.85,Hyundai,i20 1.2 Asta,9,6.836257309941521
Coimbatore,Petrol,Manual,First,18.0,5,5.45,Honda,Amaze S i-Vtech,11,7.237061769616027
Hyderabad,Diesel,Manual,First,17.8,5,1.99,Ford,Fiesta 1.4 Duratorq ZXI,19,4.8606147248034315
Hyderabad,Diesel,Automatic,First,19.08,5,8.99,Hyundai,Verna SX CRDi AT,12,7.984829329962073
Kolkata,Diesel,Manual,First,23.59,5,6.5,Toyota,Etios VD SP,12,4.914956011730206
Coimbatore,Petrol,Automatic,First,19.0,5,9.27,Honda,Jazz 1.2 V CVT i VTEC,8,7.397831526271894
Ahmedabad,Diesel,Manual,First,23.9,5,6.99,Hyundai,Verna 1.6 CRDi SX,11,7.977243994943111
Coimbatore,Diesel,Automatic,First,17.9,5,36.76,Mercedes-Benz,CLA 200 D Sport Edition,7,6.346243583761082
Kochi,Petrol,Automatic,First,14.7,5,17.08,Skoda,Octavia Elegance 1.8 TSI AT,9,9.872080088987763
Kolkata,Diesel,Manual,First,25.44,5,2.8,Chevrolet,Beat Diesel LS,13,6.153846153846154
Kolkata,Diesel,Manual,First,22.07,5,2.49,Volkswagen,Polo Diesel Trendline 1.2L,15,6.163469557964971
Jaipur,Diesel,Manual,First,23.65,5,8.85,Maruti,SX4 S Cross DDiS 200 Zeta,10,7.091346153846153
Ahmedabad,Petrol,Manual,First,16.8,5,4.15,Honda,City V MT,15,7.768871075484301
Hyderabad,Diesel,Manual,First,20.64,5,10.0,Volkswagen,Vento 1.5 TDI Highline,9,7.242990654205607
Delhi,Petrol,Manual,First,18.9,5,4.75,Hyundai,Grand i10 1.2 Kappa Magna,9,6.838763575605681
Jaipur,Petrol,Automatic,First,24.04,5,3.2,Renault,KWID AMT RXL,9,6.706706706706707
Kochi,Petrol,Manual,First,22.74,5,3.28,Maruti,Alto 800 LXI,9,5.942211055276381
Bangalore,Petrol,Manual,First,15.8,5,7.5,Ford,Ecosport 1.5 Ti VCT MT Titanium,13,7.338225483655771
Coimbatore,Petrol,Manual,First,21.4,5,7.39,Maruti,Baleno Zeta,8,6.942355889724311
Pune,Diesel,Manual,First,23.2,5,3.65,Maruti,Ritz VDi,13,5.924679487179487
Chennai,Diesel,Automatic,First,11.0,5,11.0,Mercedes-Benz,E-Class 280 CDI,19,6.645463675929025
Kolkata,Diesel,Manual,First,23.2,5,3.0,Maruti,Ritz VDi,14,5.924679487179487
Chennai,Diesel,Manual,Second,25.44,5,2.25,Chevrolet,Beat Diesel LT,14,6.153846153846154
Kochi,Petrol,Manual,First,15.5,5,2.83,Maruti,SX4 Vxi BSIV,16,6.513240857503153
Coimbatore,Petrol,Manual,First,14.0,5,4.11,Maruti,Omni 5 Seater BSIV,7,4.396984924623116
Kolkata,Diesel,Manual,First,13.5,7,14.7,Mitsubishi,Pajero Sport Anniversary Edition,12,7.1861122325393625
Pune,Petrol,Automatic,First,13.0,5,25.0,Mercedes-Benz,S Class 2005 2013 S 300 L,13,7.030465349849348
Bangalore,Diesel,Manual,First,25.44,5,2.35,Chevrolet,Beat Diesel LS,11,6.014957264957264
Coimbatore,Diesel,Manual,Second,25.83,5,6.41,Ford,Figo 2015-2019 1.5D Titanium MT,9,6.608811748998665
Ahmedabad,Petrol,Manual,First,17.4,5,5.75,Honda,City i-VTEC VX,14,7.83567134268537
Chennai,Diesel,Automatic,Second,17.9,5,17.55,Mercedes-Benz,GLA Class 200 CDI SPORT,10,6.346243583761082
Jaipur,Diesel,Manual,First,21.38,5,10.25,Hyundai,Creta 1.4 CRDi S Plus,11,6.353868194842407
Kochi,Diesel,Manual,First,17.8,5,3.16,Ford,Fiesta Classic 1.4 Duratorq CLXI,14,4.789135096497498
Bangalore,Diesel,Automatic,Second,16.55,5,22.5,Audi,A4 2.0 TDI,12,7.495426829268292
Kochi,Petrol,Manual,First,19.81,5,3.55,Hyundai,i10 Magna 1.1,11,6.266114180478821
Kochi,Petrol,Automatic,First,12.05,5,9.86,BMW,3 Series 320i Sedan,16,7.719298245614035
Chennai,Diesel,Automatic,First,16.46,5,45.0,BMW,7 Series 730Ld,13,8.620113598396257
Kochi,Petrol,Manual,First,17.01,5,7.99,Hyundai,Verna 1.6 SX VTVT,9,7.6241357636706475
Jaipur,Diesel,Automatic,First,22.0,5,6.5,Volkswagen,Ameo 1.5 TDI Comfortline AT,9,7.242656875834447
Kolkata,Petrol,Manual,First,14.49,5,0.75,Chevrolet,Aveo 1.4 LS,19,6.626161543959971
Coimbatore,Diesel,Manual,Second,18.3,5,9.87,Chevrolet,Cruze LTZ,8,7.4284279256654955
Kochi,Diesel,Manual,Second,22.54,5,6.36,Hyundai,i20 1.4 Sportz,8,6.356017191977077
Mumbai,Petrol,Automatic,First,16.0,7,9.5,Honda,BRV i-VTEC V CVT,9,7.83567134268537
Kochi,Petrol,Manual,First,19.1,5,6.05,Hyundai,Xcent 1.2 Kappa SX,9,6.8504594820384295
Hyderabad,Diesel,Manual,First,24.0,5,5.5,Hyundai,Grand i10 CRDi Sportz,11,6.25
Kolkata,Petrol,Manual,Second,19.7,5,1.25,Maruti,Alto LXi,19,5.816582914572864
Coimbatore,Diesel,Manual,First,12.99,7,11.99,Toyota,Innova 2.5 VX (Diesel) 7 Seater,11,4.033680834001604
Mumbai,Petrol,Automatic,Second,16.95,5,2.5,Hyundai,i10 Sportz 1.2 AT,16,6.591478696741855
Kochi,Petrol,Automatic,First,18.0,5,11.66,Honda,City i-VTEC CVT V,7,7.83567134268537
Jaipur,Petrol,Manual,Third,17.3,5,0.53,Maruti,Zen LX,28,6.042296072507553
Kolkata,Petrol,Manual,First,20.51,5,3.1,Maruti,Wagon R LXI BS IV,11,6.717434869739479
Hyderabad,Diesel,Manual,Second,20.0,5,2.6,Ford,Figo Diesel Titanium,14,4.8606147248034315
Kochi,Petrol,Manual,First,18.0,5,5.09,Honda,Amaze S i-Vtech,11,7.237061769616027
Hyderabad,Petrol,Manual,First,13.2,5,2.3,Hyundai,Accent GLE,18,6.287625418060201
Pune,Diesel,Manual,First,22.32,5,6.0,Hyundai,Verna 1.6 SX CRDi (O),14,7.984829329962073
Ahmedabad,Diesel,Manual,First,25.2,5,4.4,Maruti,Swift ZDi,13,5.929487179487179
Delhi,Petrol,Automatic,Second,14.8,5,11.0,Mercedes-Benz,B Class B180,13,7.567398119122257
Coimbatore,Diesel,Manual,First,17.3,5,5.7,Chevrolet,Cruze LTZ,12,8.193193193193192
Chennai,Diesel,Automatic,First,20.0,5,6.95,Skoda,Laura Ambiente 2.0 TDI CR AT,13,7.017276422764228
Hyderabad,Diesel,Manual,First,12.05,8,7.9,Mahindra,Scorpio VLX 2WD BSIV,12,5.507113354749885
Kochi,Diesel,Automatic,First,20.68,5,29.3,BMW,X1 xDrive 20d xLine,8,9.523809523809524
Kolkata,Petrol,Automatic,First,10.93,5,10.24,Mercedes-Benz,E-Class 2009-2013 E350 Petrol,17,7.775871926815323
Pune,Petrol,Automatic,Second,13.7,5,5.35,Skoda,Superb Elegance 1.8 TSI AT,16,8.773637374860957
Mumbai,Petrol,Automatic,Second,16.5,5,3.49,Honda,Brio VX AT,12,7.245409015025041
Hyderabad,Petrol,Manual,First,20.36,5,2.85,Hyundai,i10 Magna 1.2,17,6.591478696741855
Mumbai,Petrol,Manual,First,17.4,5,5.35,Honda,City i VTEC SV,12,7.83567134268537
Coimbatore,Petrol,Manual,First,15.6,5,3.62,Ford,Figo Petrol ZXI,14,5.852842809364549
Hyderabad,Diesel,Manual,First,12.8,7,6.25,Toyota,Innova 2.5 G4 Diesel 7-seater,20,4.0898155573376105
Kochi,Diesel,Manual,Second,21.0,5,3.19,Mahindra,Verito 1.5 D6 BSIV,14,4.387405886379192
Delhi,Petrol,Manual,First,18.15,6,5.5,Mahindra,KUV 100 G80 K8 Dual Tone,8,6.844741235392321
Kochi,Petrol,Manual,First,18.6,5,7.67,Hyundai,i20 Sportz Option 1.2,7,6.836257309941521
Jaipur,Petrol,Manual,First,12.0,7,5.5,Tata,New Safari EX 4x2,15,6.07074569789675
Hyderabad,Diesel,Manual,First,19.3,5,6.6,Maruti,Swift Dzire VDi,12,5.9214743589743595
Chennai,Diesel,Automatic,Second,15.97,5,55.0,BMW,X5 xDrive 30d M Sport,9,8.620113598396257
Pune,Diesel,Automatic,First,17.68,5,21.0,Audi,A6 2011-2015 2.0 TDI Premium Plus,13,8.858231707317074
Jaipur,Petrol,Manual,First,21.4,5,4.5,Maruti,Baleno Delta 1.2,9,6.942355889724311
Coimbatore,Diesel,Automatic,First,13.01,7,20.67,Hyundai,Santa Fe 4WD AT,10,8.835834470213735
Hyderabad,Diesel,Automatic,First,14.39,5,6.5,Chevrolet,Cruze LTZ AT,13,8.193193193193192
Coimbatore,Diesel,Automatic,First,15.0,5,37.98,Mercedes-Benz,E-Class 2015-2017 E250 Edition E,8,9.519365375641623
Mumbai,Petrol,Manual,First,17.92,5,1.45,Hyundai,Santro Xing GLS,17,5.718232044198896
Hyderabad,Diesel,Manual,First,28.09,5,7.9,Maruti,Ciaz VDi Plus SHVS,11,7.091346153846153
Kochi,Petrol,Manual,First,17.4,5,10.07,Honda,City i-VTEC V,8,7.83567134268537
Mumbai,Diesel,Manual,First,20.45,5,6.5,Nissan,Terrano XL Plus ICC WT20 SE,10,5.7357973990417515
Hyderabad,Diesel,Automatic,First,18.88,5,22.0,BMW,3 Series 320d Prestige,11,9.223057644110275
Hyderabad,Diesel,Manual,First,26.0,5,9.75,Honda,City i DTEC V,10,6.582109479305741
Jaipur,Diesel,Manual,First,20.45,5,6.0,Nissan,Terrano XL Plus 85 PS,12,5.7357973990417515
Delhi,Diesel,Manual,First,24.0,5,3.99,Hyundai,Grand i10 CRDi Sportz,12,6.25
Ahmedabad,Petrol,Manual,First,17.0,5,1.75,Hyundai,Santro Xing XL eRLX Euro III,18,10.4306531982477
Delhi,Diesel,Automatic,First,12.55,7,19.75,Toyota,Fortuner 4x2 AT,11,5.650570087189806
Kolkata,Diesel,Manual,First,13.68,7,16.95,Toyota,Innova Crysta 2.4 VX MT,9,6.176347680735479
Chennai,Petrol,Manual,First,21.4,5,6.8,Maruti,Baleno Zeta 1.2,9,6.942355889724311
Kolkata,Petrol,Manual,First,17.0,5,0.99,Hyundai,Santro Xing XL eRLX Euro III,19,10.4306531982477
Pune,Petrol,Manual,First,19.81,5,2.95,Hyundai,i10 Sportz 1.1L,13,6.266114180478821
Coimbatore,Diesel,Automatic,First,12.07,7,42.83,Audi,Q7 3.0 TDI Quattro Premium Plus,11,8.136164475901584
Hyderabad,Diesel,Automatic,First,27.03,5,21.5,Volvo,S60 D4 Momentum,12,9.649568308786186
Jaipur,Petrol,Manual,First,17.8,5,7.9,Honda,City i VTEC V,11,7.83567134268537
Hyderabad,Petrol,Manual,Second,20.92,5,2.3,Maruti,Alto K10 2010-2014 VXI,15,6.723446893787574
Delhi,Petrol,Manual,First,18.5,5,2.75,Honda,Brio 1.2 S Option MT,14,7.245409015025041
Jaipur,Diesel,Manual,First,12.05,8,6.71,Mahindra,Scorpio VLX 2WD AIRBAG BSIV,15,5.507113354749885
Kochi,Diesel,Automatic,First,19.6,5,9.6,Renault,Duster 110PS Diesel RxL AMT,9,7.42299794661191
Kochi,Diesel,Manual,First,19.67,5,12.81,Hyundai,Creta 1.6 CRDi SX,9,7.977243994943111
Coimbatore,Petrol,Manual,First,23.84,5,6.94,Tata,Tiago 1.2 Revotron XZ,7,7.005838198498749
Mumbai,Diesel,Manual,First,16.0,7,9.45,Mahindra,XUV500 W6 2WD,11,6.424965580541533
Hyderabad,Diesel,Manual,First,20.34,5,6.0,Volkswagen,Vento 1.5 TDI Highline,11,6.889185580774367
Delhi,Petrol,Automatic,First,14.8,5,11.0,Mercedes-Benz,B Class B180,13,7.567398119122257
Delhi,Petrol,Manual,First,15.5,5,2.6,Maruti,SX4 Vxi BSIV,15,6.513240857503153
Hyderabad,Petrol,Manual,First,15.3,5,1.95,Hyundai,Getz GLE,19,6.1894108873974645
Mumbai,Diesel,Automatic,First,17.54,4,45.0,BMW,6 Series Gran Coupe,13,10.457734714333444
Chennai,Diesel,Automatic,First,17.11,5,22.0,Audi,A4 2.0 TDI 177 Bhp Premium Plus,12,8.858231707317074
Kolkata,Petrol,Manual,First,18.6,5,4.9,Hyundai,i20 Asta Option 1.2,11,6.836257309941521
Kochi,Diesel,Manual,First,19.87,5,6.25,Nissan,Terrano XL D Option,11,5.690622861054073
Chennai,Diesel,Manual,Second,20.54,5,6.1,Volkswagen,Vento Konekt Diesel Highline,13,6.483103879849812
Mumbai,Petrol,Manual,First,20.36,5,2.6,Hyundai,i10 Sportz,15,6.591478696741855
Hyderabad,Diesel,Automatic,First,14.74,5,29.0,Jaguar,XF 3.0 Litre S Premium Luxury,14,9.05111927831607
Pune,Petrol,Manual,Second,17.5,5,3.3,Maruti,Swift Dzire VXi,16,6.610169491525424
Hyderabad,Diesel,Manual,Second,22.3,5,3.05,Tata,Indica Vista Quadrajet VX,13,5.929487179487179
Kolkata,Diesel,Manual,First,21.27,5,3.25,Hyundai,i20 Asta 1.4 CRDi,14,6.358166189111748
Delhi,Petrol,Manual,First,19.1,5,3.75,Hyundai,Xcent 1.2 Kappa S Option,12,6.838763575605681
Mumbai,Diesel,Manual,First,12.99,7,13.25,Toyota,Innova 2.5 VX (Diesel) 7 Seater,11,4.033680834001604
Hyderabad,Petrol,Manual,First,23.84,5,4.8,Tata,Tiago 1.2 Revotron XZ,9,7.005838198498749
Kochi,Petrol,Manual,First,25.17,5,3.8,Renault,KWID RXL,7,6.670838548185232
Pune,Diesel,Manual,First,12.8,7,8.5,Toyota,Innova 2.5 V Diesel 7-seater,15,4.0898155573376105
Coimbatore,Diesel,Automatic,First,13.0,5,38.76,Mercedes-Benz,E-Class 2015-2017 E250 CDI Avantgarde,10,9.519365375641623
Ahmedabad,Petrol,Automatic,First,16.8,5,3.2,Honda,City 1.5 S AT,17,7.775551102204409
Hyderabad,Petrol,Manual,First,20.36,5,3.5,Hyundai,i10 Sportz 1.2,15,6.591478696741855
Pune,Diesel,Manual,First,19.67,5,12.25,Hyundai,Creta 1.6 CRDi SX Option,11,7.977243994943111
Mumbai,Petrol,Manual,First,19.5,5,4.75,Honda,Amaze VX Petrol,12,7.236030025020851
Delhi,Petrol,Manual,First,18.78,5,4.5,Volkswagen,Polo 1.2 MPI Trendline,10,7.4074074074074066
Kolkata,Petrol,Manual,First,20.36,5,2.35,Hyundai,i10 Magna 1.2,14,6.591478696741855
Hyderabad,Diesel,Manual,First,23.08,5,3.4,Renault,Pulse RxL,12,4.3203285420944555
Pune,Diesel,Automatic,First,21.5,5,10.0,Volkswagen,Vento 1.5 TDI Highline AT,10,7.242990654205607
Hyderabad,Diesel,Manual,First,12.99,7,9.0,Toyota,Innova 2.5 VX (Diesel) 7 Seater BS IV,14,4.0096230954290295
Delhi,Petrol,Manual,Second,14.53,5,5.2,Toyota,Corolla Altis G,13,7.68075639599555
Chennai,Diesel,Manual,Second,16.8,5,1.85,Hyundai,Verna CRDi,20,7.367716008037509
Chennai,Diesel,Automatic,Second,11.3,7,38.0,Mercedes-Benz,GL-Class 350 CDI Blue Efficiency,13,8.530297957817208
Kochi,Diesel,Manual,First,20.46,5,5.11,Renault,Duster 85PS Diesel RxL Optional,13,5.7357973990417515
Coimbatore,Petrol,Manual,First,15.41,5,9.66,Skoda,Rapid 1.6 MPI Ambition,7,6.478097622027534
Kolkata,Petrol,Manual,First,20.36,5,3.4,Hyundai,i10 Sportz 1.2,11,6.591478696741855
Kochi,Petrol,Manual,First,18.15,6,5.84,Mahindra,KUV 100 mFALCON G80 K8,9,6.844741235392321
Kolkata,Petrol,Automatic,First,23.1,5,3.8,Maruti,Celerio VXI AMT,10,6.717434869739479
Mumbai,Petrol,Automatic,First,16.98,5,2.5,Maruti,A-Star AT VXI,14,6.623246492985971
Kolkata,Diesel,Manual,First,25.1,5,6.95,Honda,City i DTEC VX,11,6.582109479305741
Pune,Petrol,Automatic,First,12.6,5,5.5,Skoda,Superb 1.8 TSI,16,8.987764182424916
Coimbatore,Petrol,Manual,First,18.9,5,6.19,Hyundai,Grand i10 Sportz,9,6.8504594820384295
Hyderabad,Diesel,Manual,First,20.45,5,6.0,Renault,Duster 85PS Diesel RxL,13,5.7357973990417515
Pune,Petrol,Manual,First,18.9,5,3.75,Hyundai,Grand i10 Magna,11,6.8504594820384295
Kochi,Diesel,Manual,First,22.77,5,9.46,Ford,EcoSport 1.5 TDCi Titanium,8,6.5814419225634175
Jaipur,Petrol,Manual,Second,16.95,5,3.0,Nissan,Sunny 2011-2014 XL,15,6.522029372496663
Chennai,Diesel,Manual,First,25.83,5,5.75,Ford,Figo Aspire 1.5 TDCi Titanium,10,6.608811748998665
Coimbatore,Petrol,Manual,First,13.5,5,4.41,Honda,Civic 2006-2010 1.8 V MT,17,7.226236798221233
Kochi,Petrol,Manual,First,25.17,5,3.7,Renault,KWID RXT Optional,9,6.670838548185232
Kolkata,Petrol,Manual,Second,19.4,5,2.5,Honda,Brio EX MT,12,7.245409015025041
Coimbatore,Petrol,Manual,First,16.1,5,5.35,Maruti,Swift ZXI ABS,14,6.79506933744222
Delhi,Diesel,Manual,First,21.9,5,3.65,Hyundai,i20 Magna Optional 1.4 CRDi,13,6.3610315186246424
Delhi,Diesel,Automatic,First,17.2,5,13.0,Skoda,Superb Elegance 2.0 TDI CR AT,12,7.013719512195123
Delhi,Petrol,Manual,First,18.9,5,2.45,Maruti,Wagon R LXI BSII,14,6.723446893787574
Mumbai,Diesel,Automatic,First,21.21,5,5.75,Volkswagen,Vento 1.5 TDI Highline AT,11,6.889185580774367
Coimbatore,Diesel,Manual,First,26.0,5,8.11,Honda,City i DTEC S,9,6.582109479305741
Ahmedabad,Diesel,Manual,First,22.54,5,7.75,Hyundai,i20 1.4 Sportz,8,6.356017191977077
Coimbatore,Petrol,Automatic,First,19.15,5,5.85,Nissan,Micra XV CVT,9,6.338898163606011
Mumbai,Petrol,Manual,First,25.17,5,4.29,Renault,KWID RXT Optional,8,6.670838548185232
Hyderabad,Diesel,Manual,First,25.6,5,8.0,Honda,City i-DTEC SV,11,6.582109479305741
Mumbai,Diesel,Manual,First,13.68,8,16.5,Toyota,Innova Crysta 2.4 G MT 8S,9,6.176347680735479
Jaipur,Diesel,Manual,First,27.39,5,5.5,Maruti,Baleno Alpha 1.3,11,5.929487179487179
Delhi,Diesel,Manual,First,22.77,5,6.35,Ford,EcoSport 1.5 TDCi Trend,11,6.5814419225634175
Jaipur,Diesel,Manual,Second,12.99,8,7.9,Toyota,Innova 2.5 G (Diesel) 8 Seater,13,4.033680834001604
Hyderabad,Diesel,Manual,First,22.7,5,7.2,Ford,Ecosport 1.5 DV5 MT Ambiente,12,5.9973297730307085
Bangalore,Diesel,Manual,First,22.07,5,3.65,Volkswagen,Polo Diesel Comfortline 1.2L,14,6.163469557964971
Kochi,Diesel,Manual,First,22.54,5,6.35,Hyundai,i20 Sportz 1.4 CRDi,10,6.356017191977077
Pune,Diesel,Manual,First,19.87,5,7.8,Renault,Duster 85PS Diesel RxL Explore,10,5.7357973990417515
Chennai,Petrol,Manual,Second,13.8,5,1.4,Ford,Ikon 1.3 Flair,19,5.388760585065435
Chennai,Diesel,Manual,First,13.1,7,5.5,Ford,Endeavour XLT TDCi 4X2,19,5.642256902761105
Hyderabad,Diesel,Manual,First,27.39,5,8.5,Maruti,Baleno Delta 1.3,8,5.929487179487179
Kochi,Diesel,Automatic,First,14.84,5,10.48,Mercedes-Benz,New C-Class C 220 CDI Elegance AT,15,7.932804479701354
Ahmedabad,Petrol,Manual,Second,15.9,5,0.75,Maruti,Esteem Vxi - BSIII,21,6.548536209553159
Pune,Petrol,Manual,Second,12.85,5,1.3,Tata,Indigo XL Grand Petrol,18,7.134670487106017
Mumbai,Diesel,Automatic,First,16.73,5,21.0,BMW,5 Series 525d Sedan,13,7.2836618777146676
Delhi,Petrol,Manual,First,17.92,5,2.3,Hyundai,Santro Xing GL Plus,13,5.718232044198896
Mumbai,Diesel,Automatic,First,19.5,5,14.95,Skoda,Octavia 2.0 TDI AT Style Plus,11,7.164634146341463
Coimbatore,Diesel,Automatic,Second,17.68,5,35.92,Audi,A6 2011-2015 35 TDI Technology,9,8.858231707317074
Pune,Diesel,Manual,First,25.83,5,4.5,Ford,Figo 1.5D Trend MT,10,6.608811748998665
Hyderabad,Diesel,Manual,First,14.95,7,5.5,Mahindra,Xylo D4 BS III,10,3.7645640819606268
Mumbai,Petrol,Automatic,First,23.1,5,4.45,Maruti,Celerio ZXI AT,11,6.717434869739479
Chennai,Diesel,Manual,First,12.8,8,6.85,Toyota,Innova 2.5 G4 Diesel 8-seater,18,4.0898155573376105
Bangalore,Diesel,Manual,First,24.0,5,5.5,Hyundai,Grand i10 CRDi Asta,10,6.25
Kochi,Petrol,Manual,First,18.9,5,5.07,Hyundai,Grand i10 1.2 Kappa Sportz,10,6.838763575605681
Mumbai,Petrol,Manual,First,18.9,5,3.85,Hyundai,Grand i10 Sportz,11,6.8504594820384295
Chennai,Petrol,Manual,First,18.6,5,7.95,Hyundai,Elite i20 Petrol Asta,10,6.838763575605681
Jaipur,Petrol,Manual,Second,18.2,5,1.25,Maruti,Zen Estilo LXI BSIII,17,6.723446893787574
Kochi,Petrol,Manual,First,20.92,5,3.64,Maruti,Alto K10 2010-2014 VXI,12,6.723446893787574
Jaipur,Diesel,Manual,First,13.0,7,20.0,Toyota,Fortuner 4x2 Manual,10,5.650570087189806
Coimbatore,Diesel,Manual,First,16.55,6,10.36,Mahindra,Thar CRDe AC,7,4.2033626901521215
Chennai,Petrol,Manual,First,17.0,5,1.85,Hyundai,Santro Xing XO,19,10.4306531982477
Jaipur,Petrol,Manual,Second,16.78,5,4.05,Toyota,Etios G,13,5.93114973262032
Mumbai,Diesel,Automatic,First,12.0,7,48.5,Mercedes-Benz,GL-Class 2007 2012 350 CDI Luxury,11,7.499163039839303
Bangalore,Diesel,Manual,First,19.6,5,8.25,Renault,Duster 110PS Diesel RxZ,12,7.42299794661191
Pune,Diesel,Manual,First,22.9,5,5.25,Maruti,Swift VDI,12,5.929487179487179
Mumbai,Petrol,Manual,First,15.04,5,4.4,Volkswagen,Vento Magnific 1.6 Comfortline,13,6.458072590738423
Mumbai,Diesel,Automatic,First,18.19,5,25.75,Skoda,Superb L&K 2.0 TDI AT,9,8.866869918699187
Kochi,Diesel,Automatic,First,8.2,4,29.52,BMW,3 Series 330d Convertible,12,8.18576678917474
Kolkata,Petrol,Manual,Second,18.9,5,2.1,Maruti,Wagon R VXI BS IV,15,6.723446893787574
Kochi,Petrol,Manual,First,25.17,5,3.71,Renault,KWID RXT,9,6.670838548185232
Pune,Diesel,Manual,First,10.9,7,7.5,Ford,Endeavour 4x2 XLT Limited Edition,17,5.722288915566227
Kochi,Diesel,Manual,First,24.3,5,9.44,Maruti,Vitara Brezza ZDi Plus Dual Tone,9,7.091346153846153
Pune,Petrol,Manual,Second,17.0,5,1.2,Hyundai,Santro Xing XO eRLX Euro II,20,10.4306531982477
Delhi,Petrol,Automatic,First,10.5,5,24.0,Mercedes-Benz,E-Class 200 Kompressor Elegance,12,8.780623608017816
Ahmedabad,Diesel,Automatic,First,0.0,5,35.0,Mercedes-Benz,C-Class Progressive C 220d,7,9.948717948717949
Delhi,Diesel,Automatic,Second,16.55,5,9.75,Audi,A4 2.0 TDI Celebration Edition,15,7.495426829268292
Kolkata,Petrol,Manual,First,18.9,5,3.45,Hyundai,Grand i10 Asta,12,6.8504594820384295
Jaipur,Diesel,Manual,Second,13.5,7,11.85,Mitsubishi,Pajero Sport 4X4,12,7.087605974969721
Coimbatore,Diesel,Automatic,Second,19.71,5,16.14,Mercedes-Benz,New C-Class C 250 CDI Avantgarde,14,9.386374241717219
Ahmedabad,Petrol,Automatic,First,24.07,5,4.0,Maruti,Alto K10 VXI AGS,9,6.723446893787574
Delhi,Petrol,Manual,Second,18.6,5,5.8,Hyundai,i20 Sportz 1.2,11,6.836257309941521
Kolkata,Diesel,Manual,First,23.4,5,4.65,Maruti,Swift Dzire VDI,12,5.929487179487179
Pune,Petrol,Automatic,Second,11.8,7,15.0,Mercedes-Benz,R-Class R350 4Matic Long,16,7.775871926815323
Mumbai,Petrol,Automatic,First,15.63,5,6.8,Ford,EcoSport 1.5 Ti VCT AT Titanium,11,7.364909939959974
Bangalore,Diesel,Manual,First,25.1,5,10.25,Honda,City i DTEC VX Option,10,6.582109479305741
Chennai,Petrol,Manual,First,20.92,5,2.7,Maruti,Alto K10 2010-2014 VXI,12,6.723446893787574
Hyderabad,Diesel,Manual,First,20.77,7,8.5,Maruti,Ertiga ZDI,11,7.115384615384615
Pune,Diesel,Manual,First,22.54,5,7.75,Hyundai,i20 Diesel Asta Option,8,6.356017191977077
Pune,Petrol,Manual,First,15.64,5,2.7,Tata,Indigo CS eGLX BS IV,11,5.371332774518021
Hyderabad,Petrol,Manual,Second,19.7,5,1.3,Maruti,Alto Std,22,5.816582914572864
Hyderabad,Petrol,Manual,First,15.8,5,13.2,Hyundai,Creta 1.6 SX,8,7.6241357636706475
Pune,Petrol,Manual,Second,18.9,5,1.0,Maruti,Wagon R LX,22,6.723446893787574
Kochi,Petrol,Manual,First,16.78,5,6.37,Toyota,Etios V,9,5.93114973262032
Kolkata,Petrol,Manual,First,16.78,5,4.5,Toyota,Etios V,11,5.93114973262032
Mumbai,Diesel,Manual,First,19.01,5,6.5,Renault,Duster 110PS Diesel RXZ Optional with Nav,13,7.42299794661191
Mumbai,Diesel,Manual,Second,19.3,5,4.99,Maruti,Swift Dzire Vdi BSIV,13,5.9214743589743595
Coimbatore,Diesel,Automatic,First,17.9,5,43.3,Mercedes-Benz,GLC 220,9,7.932804479701354
Mumbai,Diesel,Manual,First,22.7,5,6.5,Ford,Ecosport 1.5 DV5 MT Titanium Optional,12,5.9973297730307085
Hyderabad,Petrol,Automatic,First,19.12,5,9.95,Maruti,Ciaz 1.4 AT Alpha,9,6.635105608157319
Mumbai,Diesel,Manual,First,22.7,5,7.35,Ford,Ecosport 1.5 DV5 MT Titanium,11,5.9973297730307085
Hyderabad,Diesel,Manual,First,22.95,5,4.6,Tata,Zest Quadrajet 1.3 75PS XE,10,5.929487179487179
Chennai,Diesel,Automatic,First,11.4,7,8.5,Ford,Endeavour 3.0L 4X4 AT,15,5.2102946156451075
Coimbatore,Diesel,Automatic,First,19.6,5,11.86,Renault,Duster 110PS Diesel RxZ AMT,9,7.42299794661191
Pune,Diesel,Manual,First,14.42,5,8.0,Nissan,X-Trail SLX MT,15,7.398496240601503
Delhi,Diesel,Automatic,First,12.55,7,21.5,Toyota,Fortuner 4x4 AT,11,5.650570087189806
Pune,Petrol,Manual,First,15.26,5,1.3,Chevrolet,Aveo U-VA 1.2 LS,19,6.51304347826087
Chennai,Diesel,Manual,First,20.5,5,5.9,Skoda,Rapid 1.6 TDI Ambition,14,6.476846057571965
Bangalore,Diesel,Manual,Second,15.1,7,9.5,Mahindra,XUV500 W8 4WD,13,6.424965580541533
Chennai,Diesel,Manual,First,19.3,5,4.5,Maruti,Swift Dzire ZDi,16,5.9214743589743595
Hyderabad,Diesel,Manual,First,18.7,5,2.25,Skoda,Octavia Elegance 1.9 TDI,23,3.481012658227848
Mumbai,Petrol,Manual,First,13.7,7,3.35,Chevrolet,Enjoy Petrol LS 7 Seater,12,7.06361686919228
Kolkata,Petrol,Manual,First,13.2,5,0.7,Hyundai,Accent GLE,21,6.287625418060201
Bangalore,Petrol,Automatic,First,14.74,5,16.0,Mercedes-Benz,New C-Class C 200 CGI,14,9.241587142139629
Pune,Diesel,Manual,First,20.45,5,8.0,Renault,Duster 85PS Diesel RxE,12,5.7357973990417515
Kochi,Diesel,Manual,First,22.32,5,4.74,Hyundai,Verna 1.6 SX,14,7.984829329962073
Mumbai,Diesel,Automatic,First,13.0,5,36.0,Mercedes-Benz,E-Class 2015-2017 E250 CDI Avantgarde,10,9.519365375641623
Kochi,Petrol,Manual,First,15.04,5,5.54,Volkswagen,Vento Petrol Highline,11,6.483103879849812
Mumbai,Diesel,Automatic,First,18.19,5,22.99,Skoda,Superb Style 2.0 TDI AT,9,8.866869918699187
Kochi,Diesel,Manual,First,15.4,7,10.08,Mahindra,Scorpio 1.99 S4 Plus,9,6.009013520280421
Pune,Petrol,Manual,First,17.5,5,2.85,Skoda,Laura Classic 1.8 TSI,16,6.300160941766965
Pune,Petrol,Manual,First,16.1,4,0.55,Maruti,800 DX BSII,26,4.648241206030151
Coimbatore,Diesel,Automatic,First,13.22,5,45.52,Audi,Q5 3.0 TDI Quattro Technology,8,8.136164475901584
Coimbatore,Diesel,Manual,Second,17.45,7,7.29,Mahindra,NuvoSport N6,8,6.697923643670463
Chennai,Diesel,Manual,Second,20.54,5,4.3,Volkswagen,Vento Diesel Highline,15,6.483103879849812
Chennai,Petrol,Manual,First,20.85,5,4.8,Maruti,Swift Dzire VXI Optional,11,6.945697577276524
Mumbai,Petrol,Manual,Second,16.02,7,5.25,Maruti,Ertiga VXI,14,6.824471959213402
Chennai,Petrol,Manual,First,24.7,5,2.8,Maruti,Alto 800 2016-2019 LXI,10,5.942211055276381
Kochi,Diesel,Manual,First,21.9,5,4.35,Hyundai,i20 Magna 1.4 CRDi (Diesel),12,6.358166189111748
Kolkata,Diesel,Manual,First,22.7,5,5.49,Ford,Ecosport 1.5 DV5 MT Titanium,12,5.9973297730307085
Bangalore,Diesel,Manual,First,20.34,5,6.5,Volkswagen,Vento 1.5 TDI Highline,12,6.889185580774367
Bangalore,Diesel,Manual,First,12.05,8,6.4,Mahindra,Scorpio VLX 2WD Airbag BSIII,15,5.507113354749885
Kochi,Diesel,Manual,First,25.83,5,6.22,Ford,Figo Aspire 1.5 TDCi Titanium Plus,10,6.608811748998665
Mumbai,Diesel,Manual,First,12.99,8,8.4,Toyota,Innova 2.5 G (Diesel) 8 Seater,14,4.0096230954290295
Pune,Diesel,Manual,First,28.4,5,5.9,Maruti,Dzire LDI,8,5.909455128205128
Pune,Petrol,Manual,First,25.17,5,3.4,Renault,KWID RXL,8,6.670838548185232
Jaipur,Diesel,Manual,Third,13.1,7,6.5,Ford,Endeavour 2.5L 4X2 MT,15,5.642256902761105
Chennai,Diesel,Manual,First,0.0,6,1.7,Mahindra,Jeep MM 540 DP,24,5.36348928659896
Delhi,Petrol,Manual,First,18.88,5,6.0,Ford,EcoSport 1.0 Ecoboost Titanium Plus,11,12.336336336336336
Hyderabad,Diesel,Manual,First,19.67,5,11.9,Hyundai,Creta 1.6 CRDi SX,10,7.977243994943111
Bangalore,Diesel,Automatic,First,14.69,5,48.0,BMW,5 Series 2013-2017 530d M Sport,10,8.620113598396257
Mumbai,Petrol,Automatic,First,18.69,7,8.0,Maruti,Ertiga VXI AT Petrol,9,7.04514363885089
Hyderabad,Diesel,Automatic,Second,15.6,5,2.45,Skoda,Laura L and K AT,19,5.590717299578059
Kolkata,Petrol,Manual,First,18.6,5,1.75,Chevrolet,Beat LS,13,6.622185154295246
Bangalore,Diesel,Automatic,First,15.73,5,21.75,Audi,Q3 2.0 TDI,12,8.858231707317074
Pune,Petrol,Manual,First,17.0,5,7.25,Honda,City 1.5 V MT,12,7.882431529726119
Pune,Petrol,Manual,Second,16.1,5,3.0,Maruti,Swift Lxi BSIII,17,6.79506933744222
Jaipur,Diesel,Manual,First,20.0,5,2.51,Ford,Figo Diesel EXI,14,4.8606147248034315
Chennai,Diesel,Automatic,First,12.55,7,19.6,Toyota,Fortuner 4x4 AT,11,5.650570087189806
Pune,Diesel,Manual,Second,15.8,5,15.5,Mercedes-Benz,New C-Class 200 CDI Classic,13,7.9143389199255125
Chennai,Diesel,Manual,First,12.99,7,11.5,Toyota,Innova 2.5 GX (Diesel) 7 Seater,14,4.0096230954290295
Coimbatore,Petrol,Manual,Second,13.0,5,1.76,Honda,City 1.5 EXI,22,6.697923643670463
Jaipur,Diesel,Manual,First,25.8,5,4.68,Honda,Amaze S i-Dtech,11,6.582109479305741
Delhi,Petrol,Automatic,Second,14.28,5,4.0,Toyota,Corolla Altis 1.8 G CVT,16,7.676863181312569
Hyderabad,Diesel,Manual,First,22.3,5,2.8,Tata,Indica Vista Quadrajet VX,14,5.929487179487179
Mumbai,Diesel,Manual,First,16.0,7,8.25,Mahindra,XUV500 W8 2WD,14,6.424965580541533
Kolkata,Diesel,Manual,First,21.1,5,1.7,Maruti,Ritz VDi,16,5.9214743589743595
Mumbai,Petrol,Automatic,First,14.74,5,14.85,Mercedes-Benz,New C-Class C 200 AVANTGARDE,13,9.092918131592164
Mumbai,Petrol,Automatic,First,17.0,5,12.85,Hyundai,Verna VTVT 1.6 AT SX Option,8,7.6241357636706475
Hyderabad,Diesel,Automatic,First,14.94,5,16.0,Mercedes-Benz,New C-Class C 250 CDI Elegance,14,9.519365375641623
Hyderabad,Petrol,Manual,First,18.9,5,4.7,Maruti,Wagon R VXI BS IV,8,6.723446893787574
Bangalore,Petrol,Manual,Second,16.02,7,5.94,Maruti,Ertiga VXI,12,6.824471959213402
Hyderabad,Diesel,Manual,First,20.5,5,8.0,Skoda,Rapid Ultima 1.6 TDI Elegance,13,6.476846057571965
Delhi,Diesel,Manual,First,12.8,8,5.45,Toyota,Innova 2.5 V Diesel 8-seater,16,4.0898155573376105
Kochi,Petrol,Automatic,First,13.7,5,26.76,Mercedes-Benz,GLA Class 200 Sport,8,9.191361125062784
Hyderabad,Diesel,Manual,Second,20.14,5,3.5,Volkswagen,Polo 1.5 TDI Highline,13,5.874499332443257
Mumbai,Petrol,Manual,Second,0.0,5,1.39,Hyundai,Santro Xing GL,18,5.70902394106814
Kolkata,Diesel,Manual,First,22.32,5,4.7,Hyundai,Verna 1.6 CRDi EX MT,13,7.983565107458912
Ahmedabad,Petrol,Manual,First,17.0,5,5.75,Volkswagen,Ameo 1.2 MPI Highline,10,6.156093489148581
Coimbatore,Petrol,Manual,First,18.6,5,8.11,Hyundai,i20 Asta Option 1.2,9,6.836257309941521
Delhi,Petrol,Manual,Second,17.3,5,0.75,Maruti,Wagon R LX BSIII,20,6.032045240339302
Pune,Petrol,Manual,Second,13.5,5,1.0,Tata,Indica LEI,20,4.270462633451958
Hyderabad,Diesel,Manual,First,14.0,7,5.3,Mahindra,Xylo D4,10,4.483586869495596
Pune,Petrol,Manual,First,18.5,5,2.74,Hyundai,i20 2015-2017 Magna,16,6.683375104427736
Mumbai,Petrol,Manual,First,21.4,5,7.5,Maruti,Baleno Alpha,9,6.942355889724311
Jaipur,Diesel,Automatic,First,17.6,7,13.5,Tata,Hexa XTA,10,7.061037173015146
Kolkata,Petrol,Manual,First,16.47,5,2.2,Volkswagen,Polo Petrol Comfortline 1.2L,15,6.168614357262104
Mumbai,Petrol,Automatic,First,11.74,5,13.25,Mercedes-Benz,New C-Class C 200 CGI Elegance,14,10.356347438752785
Delhi,Diesel,Manual,First,23.59,5,3.88,Toyota,Etios GD,13,8.304757605056455
Jaipur,Petrol,Manual,Second,15.3,5,0.85,Hyundai,Getz GLS,21,6.1894108873974645
Kochi,Petrol,Manual,First,23.84,5,5.11,Tata,Tiago 1.2 Revotron XT,9,7.005838198498749
Mumbai,Diesel,Manual,First,19.87,5,4.25,Renault,Duster 85PS Diesel RxL Option,13,5.7357973990417515
Coimbatore,Diesel,Automatic,Second,18.25,5,16.52,Audi,A4 35 TDI Premium Plus,13,9.539634146341463
Pune,Diesel,Manual,Third,13.93,7,0.6,Tata,New Safari DICOR 2.2 VX 4x2,18,6.333180357962368
Hyderabad,Diesel,Manual,First,22.9,5,4.8,Maruti,Swift VDI,14,5.929487179487179
Mumbai,Petrol,Automatic,First,13.7,5,6.25,Skoda,Superb Elegance 1.8 TSI AT,15,8.773637374860957
Mumbai,Petrol,Manual,First,16.3,5,8.3,Hyundai,Elantra SX,12,8.208124652198109
Pune,Petrol,Manual,Third,17.0,5,3.25,Honda,City 1.5 E MT,17,7.882431529726119
Pune,Diesel,Manual,First,19.87,5,7.75,Renault,Duster 85PS Diesel RxL Explore,11,5.7357973990417515
Kochi,Diesel,Automatic,First,16.36,5,30.54,Jaguar,XF 2.2 Litre Luxury,10,8.614043139054612
Pune,Petrol,Manual,Second,17.24,5,2.96,Volkswagen,Polo IPL II 1.2 Petrol Highline,16,6.168614357262104
Chennai,Petrol,Manual,First,17.57,5,4.0,Tata,Bolt Revotron XT,10,7.435037720033528
Bangalore,Petrol,Manual,Second,18.5,5,5.25,Hyundai,i20 Sportz 1.2,12,6.921470342522975
Kochi,Diesel,Automatic,First,17.68,5,17.56,Audi,A6 2011-2015 2.0 TDI,13,8.858231707317074
Mumbai,Petrol,Manual,First,16.09,5,3.25,Volkswagen,Vento 1.6 Highline,15,6.476846057571965
Bangalore,Petrol,Manual,First,23.1,5,4.0,Maruti,Celerio VXI,11,6.717434869739479
Coimbatore,Petrol,Manual,First,15.3,5,2.2,Hyundai,Getz GLE,19,6.1894108873974645
Pune,Diesel,Manual,First,24.3,5,7.43,Maruti,Vitara Brezza VDi,10,7.091346153846153
Mumbai,Diesel,Automatic,First,8.7,5,10.75,Mercedes-Benz,M-Class ML 320 CDI,17,7.5105456980247745
Delhi,Diesel,Manual,First,19.3,5,2.75,Maruti,Swift Dzire Vdi BSIV,15,5.9214743589743595
Hyderabad,Diesel,Automatic,Second,17.85,4,45.0,Porsche,Panamera Diesel,13,10.111223458038422
Mumbai,Petrol,Automatic,First,19.16,5,19.75,Toyota,Camry Hybrid,11,6.343223736968724
Delhi,Petrol,Manual,First,18.5,5,3.2,Honda,Brio 1.2 VX MT,13,7.245409015025041
Hyderabad,Petrol,Automatic,First,0.0,5,4.75,Skoda,Superb 3.6 V6 FSI,17,7.30052821795941
Coimbatore,Diesel,Manual,First,12.8,7,9.48,Toyota,Innova 2.5 V Diesel 7-seater,15,4.0898155573376105
Coimbatore,Diesel,Manual,First,25.8,5,4.83,Honda,Amaze VX i-DTEC,11,6.582109479305741
Delhi,Diesel,Manual,First,28.4,5,4.75,Maruti,Swift VDI,12,5.929487179487179
Jaipur,Diesel,Manual,First,24.4,5,4.0,Hyundai,Xcent 1.1 CRDi S,11,6.3392857142857135
Jaipur,Diesel,Manual,Second,14.0,8,2.9,Mahindra,Xylo D4 BSIV,14,4.483586869495596
Kolkata,Petrol,Manual,First,18.9,5,2.65,Maruti,Wagon R VXI,13,6.723446893787574
Hyderabad,Diesel,Manual,First,25.44,5,2.5,Chevrolet,Beat Diesel,15,6.153846153846154
