Location,Year,Fuel_Type,Transmission,Owner_Type,Mileage,Engine,Power,Price,Model,Brand,Power_bins
Pune,2015,Diesel,Manual,First,19.67,1582.0,126.2,12.5,Creta 1.6 CRDi SX Option,Hyundai,1
Chennai,2011,Petrol,Manual,First,18.2,1199.0,88.7,4.5,Jazz V,Honda,1
Chennai,2012,Diesel,Manual,First,20.77,1248.0,88.76,6.0,Ertiga VDI,Maruti,1
Coimbatore,2013,Diesel,Automatic,Second,15.2,1968.0,140.8,17.74,A4 New 2.0 TDI Multitronic,Audi,2
Jaipur,2013,Diesel,Manual,First,23.08,1461.0,63.1,3.5,Micra Diesel XV,Nissan,0
Mumbai,2016,Diesel,Automatic,First,11.36,2755.0,171.5,17.5,Innova Crysta 2.8 GX AT 8S,Toyota,2
Pune,2013,Diesel,Manual,First,20.54,1598.0,103.6,5.2,Vento Diesel Comfortline,Volkswagen,1
Chennai,2012,Diesel,Manual,Second,22.3,1248.0,74.0,1.95,Indica Vista Quadrajet LS,Tata,0
Kochi,2018,Petrol,Manual,First,21.56,1462.0,103.25,9.95,Ciaz Zeta,Maruti,1
Kolkata,2012,Petrol,Automatic,First,16.8,1497.0,116.3,4.49,City 1.5 V AT Sunroof,Honda,1
Jaipur,2015,Diesel,Manual,First,25.2,1248.0,74.0,5.6,Swift VDI BSIV,Maruti,0
Delhi,2014,Diesel,Automatic,First,12.7,2179.0,187.7,27.0,Rover Range Rover 2.2L Pure,Land,3
Delhi,2014,Diesel,Manual,First,13.5,2477.0,175.56,15.0,Pajero Sport 4X4,Mitsubishi,3
Kochi,2016,Diesel,Manual,First,25.8,1498.0,98.6,5.4,Amaze S i-Dtech,Honda,1
Jaipur,2017,Diesel,Manual,First,28.4,1248.0,74.0,5.99,Swift DDiS VDI,Maruti,0
Kochi,2014,Diesel,Manual,First,20.45,1461.0,83.8,6.34,Duster 85PS Diesel RxL Plus,Renault,1
Bangalore,2014,Diesel,Automatic,First,14.84,2143.0,167.62,28.0,New C-Class C 220 CDI BE Avantgare,Mercedes-Benz,2
Kochi,2014,Diesel,Automatic,First,22.69,1995.0,190.0,18.55,3 Series 320d,BMW,3
Bangalore,2015,Diesel,Manual,Second,23.65,1248.0,88.5,8.25,S Cross DDiS 200 Alpha,Maruti,1
Mumbai,2015,Petrol,Automatic,First,13.53,1984.0,177.01,23.5,A6 2011-2015 35 TFSI Technology,Audi,3
Kolkata,2010,Petrol,Manual,First,18.5,1197.0,80.0,1.87,i20 1.2 Magna,Hyundai,0
Kolkata,2010,Petrol,Automatic,First,14.4,1598.0,103.6,2.85,Vento Petrol Highline AT,Volkswagen,1
Mumbai,2012,Petrol,Manual,First,16.8,1497.0,116.3,4.25,City Corporate Edition,Honda,1
Hyderabad,2012,Diesel,Manual,First,23.08,1461.0,63.1,4.25,Micra Diesel XV,Nissan,0
Hyderabad,2013,Petrol,Manual,Second,20.92,998.0,67.1,2.75,Alto K10 2010-2014 VXI,Maruti,0
Kochi,2018,Petrol,Manual,First,17.5,1199.0,88.7,9.9,WRV i-VTEC VX,Honda,1
Mumbai,2007,Diesel,Manual,Fourth & Above,12.8,2494.0,102.0,4.0,Innova 2.5 V Diesel 7-seater,Toyota,1
Bangalore,2013,Diesel,Manual,First,19.01,1461.0,108.45,7.75,Duster 110PS Diesel RxZ Pack,Renault,1
Delhi,2012,Petrol,Manual,First,14.53,1798.0,138.1,6.75,Corolla Altis G,Toyota,2
Bangalore,2013,Diesel,Automatic,Second,11.18,2696.0,184.0,12.5,Ssangyong Rexton RX7,Mahindra,3
Kolkata,2010,Diesel,Automatic,First,12.4,2698.0,179.5,11.5,A6 2.7 TDI,Audi,3
Coimbatore,2014,Petrol,Manual,Second,16.09,1598.0,103.5,6.98,Vento 1.6 Highline,Volkswagen,1
Jaipur,2009,Petrol,Manual,Second,14.0,1061.0,64.0,1.85,Wagon R LXI BSIII,Maruti,0
Kochi,2018,Diesel,Manual,First,24.3,1248.0,88.5,8.63,Vitara Brezza ZDi Plus,Maruti,1
Delhi,2017,Petrol,Manual,First,18.15,1198.0,82.0,4.85,KUV 100 mFALCON G80 K6 5str AW,Mahindra,1
Pune,2013,Diesel,Automatic,First,11.74,2987.0,254.8,28.0,M-Class ML 350 CDI,Mercedes-Benz,4
Chennai,2013,Diesel,Manual,First,22.07,1199.0,73.9,5.0,Polo Diesel Trendline 1.2L,Volkswagen,0
Delhi,2008,Petrol,Manual,Second,19.7,796.0,46.3,1.25,Alto LXi,Maruti,0
Kochi,2014,Petrol,Manual,First,25.4,624.0,37.5,1.53,Nano LX SE,Tata,0
Coimbatore,2017,Diesel,Manual,First,25.32,1198.0,77.0,5.58,KUV 100 mFALCON D75 K8 Dual Tone,Mahindra,0
Kochi,2014,Petrol,Manual,First,18.5,1197.0,82.9,4.74,i20 Magna Optional 1.2,Hyundai,1
Bangalore,2014,Petrol,Automatic,First,14.62,1999.0,149.92,8.85,Elantra 2.0 SX Option AT,Hyundai,2
Mumbai,2016,Petrol,Automatic,First,14.28,1798.0,138.03,10.11,Corolla Altis G AT,Toyota,2
Ahmedabad,2008,Diesel,Manual,Second,14.9,1991.0,112.2,4.25,Elantra CRDi,Hyundai,1
Bangalore,2012,Petrol,Manual,First,11.25,2694.0,163.7,10.95,Innova Crysta 2.7 GX MT,Toyota,2
Jaipur,2014,Diesel,Manual,First,24.4,1120.0,71.0,3.85,Xcent 1.1 CRDi S,Hyundai,0
Jaipur,2012,Diesel,Manual,Second,16.55,2498.0,105.0,5.5,Thar CRDe AC,Mahindra,1
Kochi,2015,Diesel,Automatic,First,17.11,1968.0,174.33,21.43,A4 2.0 TDI 177 Bhp Premium Plus,Audi,3
Delhi,2014,Diesel,Manual,First,22.9,1248.0,74.0,4.25,Swift LDI,Maruti,0
Kolkata,2014,Diesel,Manual,First,17.8,1248.0,75.0,3.3,Swift Ldi BSIV,Maruti,0
Delhi,2013,Diesel,Manual,First,28.4,1248.0,74.0,3.85,Swift VDI,Maruti,0
Chennai,2015,Petrol,Manual,Third,18.9,1197.0,82.0,3.6,Grand i10 Sportz,Hyundai,1
Kolkata,2015,Petrol,Manual,First,15.04,1598.0,103.2,3.99,Vento 2013-2015 1.6 Comfortline,Volkswagen,1
Kochi,2017,Petrol,Manual,First,25.17,799.0,53.3,3.3,KWID RXT,Renault,0
Kolkata,2010,Petrol,Manual,First,20.36,1197.0,78.9,2.07,i10 Asta,Hyundai,0
Hyderabad,2010,Diesel,Automatic,First,13.29,1995.0,147.6,7.75,X-Trail SLX AT,Nissan,2
Hyderabad,2010,Petrol,Manual,First,18.2,998.0,67.1,2.25,Zen Estilo VXI BSIII,Maruti,0
Mumbai,2017,Diesel,Manual,First,13.68,2393.0,147.8,16.5,Innova Crysta 2.4 GX MT 8S,Toyota,2
Bangalore,2010,Diesel,Manual,First,20.0,1399.0,68.0,2.75,Figo Diesel Titanium,Ford,0
Delhi,2015,Petrol,Automatic,First,11.74,1796.0,186.0,26.7,New C-Class C 200 CGI Avantgarde,Mercedes-Benz,3
Pune,2011,Diesel,Manual,Second,15.8,2148.0,170.0,10.0,New C-Class 200 CDI Classic,Mercedes-Benz,2
Chennai,2016,Diesel,Manual,First,25.0,1396.0,69.0,2.5,Indica V2 eLS,Tata,0
Jaipur,2012,Diesel,Automatic,First,16.55,1968.0,140.0,13.5,A4 2.0 TDI Multitronic,Audi,2
Mumbai,2007,Petrol,Automatic,Second,16.4,1497.0,78.0,1.85,City ZX CVT,Honda,0
Pune,2016,Diesel,Manual,First,24.52,1248.0,88.5,8.15,Ertiga SHVS VDI,Maruti,1
Mumbai,2018,Diesel,Manual,First,22.1,1396.0,88.7,10.5,Creta 1.4 E Plus Diesel,Hyundai,1
Mumbai,2008,Petrol,Automatic,First,8.5,4806.0,500.0,14.5,Cayenne 2009-2014 Turbo,Porsche,9
Mumbai,2015,Diesel,Manual,First,15.1,2179.0,140.0,9.65,XUV500 W8 4WD,Mahindra,2
Kochi,2012,Petrol,Automatic,First,16.95,1197.0,78.9,3.48,i10 Sportz 1.2 AT,Hyundai,0
Kochi,2015,Diesel,Manual,First,19.64,1461.0,108.5,6.92,Terrano XV D Pre,Nissan,1
Coimbatore,2016,Petrol,Automatic,Second,16.5,1198.0,86.8,6.46,Brio VX AT,Honda,1
Delhi,2014,Diesel,Automatic,Second,18.53,1968.0,187.74,29.5,A6 2.0 TDI Design Edition,Audi,3
Jaipur,2008,Diesel,Manual,First,17.8,1399.0,113.25304969366915,2.0,Fiesta 1.4 SXi TDCi,Ford,1
Chennai,2006,Petrol,Manual,Third,12.4,1998.0,132.0,4.5,Innova 2.0 G1,Toyota,2
Hyderabad,2012,Diesel,Manual,First,12.8,2494.0,102.0,11.75,Innova 2.5 VX 7 STR BSIV,Toyota,1
Jaipur,2012,Diesel,Manual,First,22.9,1248.0,74.0,3.75,Swift VDI,Maruti,0
Pune,2017,Petrol,Manual,First,17.57,1193.0,88.7,4.5,Zest Revotron 1.2T XE,Tata,1
Kochi,2016,Petrol,Manual,First,18.0,1198.0,86.7,4.82,Amaze SX i-VTEC,Honda,1
Hyderabad,2012,Diesel,Manual,First,20.0,1399.0,68.0,2.8,Figo Diesel ZXI,Ford,0
Jaipur,2013,Diesel,Manual,First,23.2,1248.0,73.94,3.11,Ritz VDi,Maruti,0
Delhi,2009,Petrol,Manual,First,17.8,1497.0,117.3,3.25,City i VTEC E,Honda,1
Delhi,2011,Diesel,Automatic,Second,16.73,1995.0,218.0,13.9,5 Series 2003-2012 525d,BMW,3
Pune,2009,Petrol,Manual,First,20.36,1197.0,78.9,2.25,i10 Sportz 1.2,Hyundai,0
Bangalore,2016,Petrol,Manual,First,18.9,1197.0,82.0,5.75,Grand i10 Sportz,Hyundai,1
Hyderabad,2007,Petrol,Manual,First,17.0,1086.0,113.25304969366915,2.1,Santro Xing XO,Hyundai,1
Mumbai,2016,Petrol,Manual,First,17.8,1198.0,86.7,5.0,Amaze SX i-VTEC,Honda,1
Delhi,2014,Diesel,Manual,First,13.0,2982.0,168.5,16.5,Fortuner 4x2 Manual,Toyota,2
Coimbatore,2018,Diesel,Automatic,First,17.68,1968.0,174.33,39.58,A6 2011-2015 35 TDI Premium,Audi,3
Delhi,2013,Diesel,Manual,First,22.7,1498.0,89.84,5.5,Ecosport 1.5 DV5 MT Titanium Optional,Ford,1
Delhi,2014,Diesel,Manual,First,15.1,2179.0,140.0,8.1,XUV500 W8 2WD,Mahindra,2
Kolkata,2015,Diesel,Manual,First,25.8,1498.0,98.6,3.5,Amaze SX i-DTEC,Honda,1
Kolkata,2013,Diesel,Manual,First,22.07,1199.0,73.9,2.79,Polo Diesel Highline 1.2L,Volkswagen,0
Ahmedabad,2010,Diesel,Manual,First,16.2,1493.0,110.0,3.45,Verna Transform SX VGT CRDi,Hyundai,1
Bangalore,2016,Petrol,Manual,First,18.9,998.0,67.1,4.45,Wagon R VXI BS IV,Maruti,0
Delhi,2010,Petrol,Manual,First,15.26,1598.0,103.5,2.65,Polo Petrol Highline 1.6L,Volkswagen,1
Pune,2011,Diesel,Manual,Second,23.0,1396.0,90.0,3.8,i20 1.4 CRDi Sportz,Hyundai,1
Mumbai,2014,Petrol,Manual,First,18.5,1197.0,82.85,4.65,i20 Asta 1.2,Hyundai,1
Kolkata,2010,Diesel,Automatic,First,14.94,2967.0,241.4,9.8,A4 3.0 TDI Quattro Premium,Audi,4
Pune,2009,Petrol,Manual,Second,17.0,1197.0,80.0,2.7,i20 2015-2017 Asta,Hyundai,0
Coimbatore,2010,Petrol,Manual,First,14.0,796.0,35.0,2.41,Omni 5 Str STD,Maruti,0
Ahmedabad,2014,Petrol,Manual,First,17.71,1197.0,78.9,3.9,Etios Liva 1.2 G,Toyota,0
Hyderabad,2011,Diesel,Automatic,Second,14.74,2993.0,270.9,24.0,XF 3.0 Litre S Premium Luxury,Jaguar,5
Delhi,2012,Diesel,Manual,Second,16.0,2179.0,140.0,5.75,XUV500 W8 2WD,Mahindra,2
Kolkata,2014,Diesel,Automatic,First,22.32,1582.0,126.32,5.25,Verna 1.6 SX CRDI (O) AT,Hyundai,1
Mumbai,2017,Diesel,Automatic,First,11.36,2755.0,171.5,19.25,Innova Crysta 2.8 ZX AT,Toyota,2
Coimbatore,2017,Petrol,Manual,First,15.1,1196.0,73.0,3.91,Eeco 5 Seater AC,Maruti,0
Bangalore,2014,Petrol,Manual,First,25.4,624.0,37.5,2.15,Nano Twist XT,Tata,0
Mumbai,2015,Diesel,Automatic,First,22.69,1995.0,190.0,20.75,3 Series 320d Luxury Line,BMW,3
Delhi,2010,Petrol,Manual,First,13.5,1799.0,130.0,3.35,Civic 2006-2010 1.8 V MT,Honda,2
Ahmedabad,2014,Diesel,Manual,First,12.99,2494.0,100.6,11.11,Innova 2.5 VX (Diesel) 7 Seater,Toyota,1
Bangalore,2014,Diesel,Automatic,First,23.3,1984.0,150.0,20.0,V40 Cross Country D3,Volvo,2
Coimbatore,2016,Petrol,Automatic,First,19.15,1198.0,75.94,6.55,Micra XV CVT,Nissan,0
Mumbai,2009,Petrol,Automatic,First,10.8,2497.0,215.0,7.0,5 Series 2010-2013 525i,BMW,3
Mumbai,2016,Diesel,Manual,First,24.3,1248.0,88.5,7.5,Vitara Brezza VDi,Maruti,1
Mumbai,2005,Petrol,Manual,Second,17.0,1086.0,113.25304969366915,0.85,Santro Xing XL eRLX Euro III,Hyundai,1
Pune,2014,Diesel,Automatic,Second,15.0,2143.0,107.3,16.75,B Class B200 CDI,Mercedes-Benz,1
Kolkata,2018,Diesel,Manual,First,22.0,1582.0,126.2,10.95,Verna CRDi 1.6 SX Option,Hyundai,1
Pune,2011,Petrol,Manual,First,18.9,998.0,67.1,2.45,Wagon R LXI BS IV,Maruti,0
Coimbatore,2017,Petrol,Automatic,First,21.9,624.0,37.48,3.23,Nano XTA,Tata,0
Kolkata,2014,Diesel,Manual,First,12.05,2179.0,120.0,7.75,Scorpio VLX,Mahindra,1
Kolkata,2009,Petrol,Automatic,First,11.7,1796.0,178.0,9.35,New C-Class 200 K AT,Mercedes-Benz,3
Bangalore,2007,Petrol,Manual,Second,10.8,2354.0,152.0,5.25,CR-V 2.4 MT,Honda,2
Pune,2015,Diesel,Automatic,First,21.21,1498.0,103.2,7.25,Vento 1.5 TDI Comfortline AT,Volkswagen,1
Kochi,2017,Petrol,Manual,First,20.73,1373.0,91.1,7.47,Ciaz VXi Plus,Maruti,1
Jaipur,2016,Diesel,Automatic,First,16.0,2179.0,140.0,13.25,XUV500 AT W10 FWD,Mahindra,2
Coimbatore,2016,Petrol,Manual,First,21.1,1197.0,85.8,5.81,Ritz VXI ABS,Maruti,1
Hyderabad,2014,Petrol,Manual,First,24.07,998.0,67.1,2.6,Alto K10 VXI,Maruti,0
Kolkata,2017,Petrol,Automatic,First,19.0,2996.0,362.07,54.0,SLC 43 AMG,Mercedes-Benz,7
Kochi,2019,Petrol,Automatic,First,17.0,1591.0,121.3,11.5,Verna VTVT 1.6 AT SX Plus,Hyundai,1
Chennai,2010,Petrol,Manual,Second,19.7,796.0,46.3,1.6,Alto LXi BSIII,Maruti,0
Coimbatore,2015,Diesel,Automatic,First,20.58,1995.0,143.0,17.22,1 Series 118d Base,BMW,2
Mumbai,2015,Petrol,Automatic,First,19.0,1199.0,88.7,6.0,Jazz 1.2 V CVT i VTEC,Honda,1
Delhi,2012,Petrol,Manual,First,13.5,1799.0,130.0,3.95,Civic 2006-2010 1.8 V MT,Honda,2
Kochi,2014,Diesel,Automatic,First,19.27,2143.0,170.0,17.95,New C-Class C 220 CDI Avantgarde,Mercedes-Benz,2
Kolkata,2014,Diesel,Manual,First,25.8,1498.0,98.6,3.7,Amaze SX i-DTEC,Honda,1
Kochi,2016,Petrol,Manual,First,22.0,1197.0,81.8,5.43,Swift VVT VXI,Maruti,1
Kochi,2008,Petrol,Manual,Third,17.0,1086.0,113.25304969366915,1.67,Santro Xing XO eRLX Euro II,Hyundai,1
Coimbatore,2012,Diesel,Manual,First,11.5,2982.0,171.0,13.49,Fortuner 3.0 Diesel,Toyota,2
Pune,2014,Petrol,Manual,First,18.6,1199.0,76.8,2.85,Beat LT Option,Chevrolet,0
Chennai,2013,Diesel,Manual,First,21.14,1498.0,103.52,4.75,Rapid 1.5 TDI Elegance,Skoda,1
Kochi,2018,Petrol,Manual,First,20.73,1373.0,91.1,9.9,Ciaz 1.4 Alpha,Maruti,1
Mumbai,2013,Petrol,Automatic,First,11.05,2894.0,444.0,37.0,RS5 Coupe,Audi,8
Mumbai,2014,Diesel,Automatic,First,21.76,1995.0,190.0,26.5,3 Series Luxury Line,BMW,3
Coimbatore,2015,Diesel,Automatic,First,17.11,1968.0,174.33,23.32,A4 2.0 TDI 177 Bhp Premium Plus,Audi,3
Chennai,2016,Diesel,Manual,First,22.9,1248.0,74.0,6.25,Swift VDI,Maruti,0
Kolkata,2010,Petrol,Automatic,First,7.81,5461.0,362.9,30.0,S Class 2005 2013 S 500,Mercedes-Benz,7
Coimbatore,2016,Diesel,Automatic,First,21.66,1498.0,103.52,9.86,Rapid 1.5 TDI AT Elegance Plus Black Package,Skoda,1
Pune,2012,Diesel,Automatic,First,17.2,1968.0,138.1,8.5,Superb Elegance 2.0 TDI CR AT,Skoda,2
Kochi,2019,Petrol,Manual,First,21.1,814.0,55.2,4.23,EON Magna Plus,Hyundai,0
Jaipur,2012,Diesel,Manual,First,22.07,1199.0,73.9,3.5,Polo Diesel Trendline 1.2L,Volkswagen,0
Kolkata,2013,Petrol,Manual,First,19.4,1198.0,86.8,2.39,Brio S MT,Honda,1
Delhi,2013,Petrol,Automatic,First,14.8,1595.0,120.7,11.25,B Class B180,Mercedes-Benz,1
Kochi,2015,Diesel,Manual,First,26.0,1498.0,98.6,7.11,City i DTEC V,Honda,1
Ahmedabad,2016,Diesel,Manual,First,12.99,2494.0,100.6,10.9,Innova 2.5 G (Diesel) 7 Seater,Toyota,1
Ahmedabad,2017,Petrol,Manual,First,20.4,1197.0,81.8,6.2,Swift VXI Optional,Maruti,1
Mumbai,2012,Diesel,Manual,First,15.1,2179.0,140.0,7.9,XUV500 W8 2WD,Mahindra,2
Kochi,2014,Diesel,Manual,First,22.7,1498.0,89.84,4.42,Ecosport 1.5 DV5 MT Ambiente,Ford,1
Mumbai,2012,Diesel,Manual,First,13.0,2982.0,168.5,13.5,Fortuner 4x2 Manual,Toyota,2
Chennai,2013,Diesel,Automatic,First,21.5,1498.0,108.5,6.25,Vento 1.5 Highline Plus AT 16 Alloy,Volkswagen,1
Jaipur,2010,Diesel,Manual,Second,20.0,1399.0,68.0,2.1,Figo Diesel Titanium,Ford,0
Mumbai,2015,Diesel,Automatic,First,15.3,2993.0,258.0,45.0,X5 xDrive 30d,BMW,4
Coimbatore,2017,Diesel,Automatic,First,19.27,2143.0,167.62,33.66,New C-Class C 220 CDI Style,Mercedes-Benz,2
Bangalore,2012,Petrol,Manual,Second,19.4,1198.0,86.8,3.65,Brio V MT,Honda,1
Delhi,2013,Petrol,Manual,First,20.36,1197.0,78.9,2.75,i10 Magna 1.2,Hyundai,0
Bangalore,2016,Diesel,Automatic,First,17.9,2143.0,170.0,42.5,GLC 220,Mercedes-Benz,2
Kolkata,2019,Petrol,Manual,First,18.9,1197.0,81.86,6.5,Grand i10 1.2 Kappa Asta,Hyundai,1
Mumbai,2012,Diesel,Automatic,Second,17.68,1968.0,174.33,19.0,A6 2011-2015 2.0 TDI Premium Plus,Audi,3
Mumbai,2013,Petrol,Automatic,Second,14.4,1598.0,103.6,4.45,Vento Petrol Highline AT,Volkswagen,1
Jaipur,2017,Diesel,Automatic,Second,16.6,1998.0,112.0,23.0,Countryman Cooper D,Mini,1
Bangalore,2014,Diesel,Manual,First,22.54,1396.0,88.73,8.35,i20 Asta 1.4 CRDi,Hyundai,1
Mumbai,2014,Diesel,Automatic,First,17.68,1968.0,174.33,22.95,A6 2011-2015 2.0 TDI Premium Plus,Audi,3
Jaipur,2012,Diesel,Manual,First,25.44,936.0,57.6,1.5,Beat Diesel LT,Chevrolet,0
Kochi,2012,Petrol,Automatic,First,13.7,1798.0,157.75,6.89,Superb Elegance 1.8 TSI AT,Skoda,2
Chennai,2006,Diesel,Manual,Second,17.8,1399.0,68.0,1.45,Fiesta 1.4 TDCi EXI Limited Edition,Ford,0
Hyderabad,2014,Diesel,Automatic,First,22.48,1995.0,190.0,33.5,5 Series 520d Luxury Line,BMW,3
Jaipur,2007,Petrol,Manual,First,12.9,1598.0,102.5,1.25,Optra Magnum 1.6 LS BS3,Chevrolet,1
Hyderabad,2012,Diesel,Manual,First,22.07,1199.0,73.9,4.2,Polo Diesel Highline 1.2L,Volkswagen,0
Mumbai,2015,Diesel,Manual,First,19.98,1461.0,108.5,6.75,Lodgy 110PS RxZ 8 Seater,Renault,1
Bangalore,2014,Diesel,Automatic,First,13.0,2143.0,201.1,32.0,E-Class E250 CDI Avantgrade,Mercedes-Benz,3
Kochi,2017,Petrol,Manual,First,21.4,1197.0,83.1,7.5,Baleno Alpha,Maruti,1
Delhi,2012,Diesel,Manual,First,22.32,1582.0,126.32,4.6,Verna 1.6 SX,Hyundai,1
Kochi,2017,Petrol,Manual,First,19.81,1086.0,68.05,4.04,i10 Magna 1.1,Hyundai,0
Kochi,2016,Diesel,Manual,First,15.4,1997.0,120.0,10.31,Scorpio 1.99 S10 4WD,Mahindra,1
Coimbatore,2018,Diesel,Automatic,First,12.7,2179.0,187.7,55.76,Rover Range Rover 2.2L Dynamic,Land,3
Chennai,2010,Diesel,Manual,First,20.0,1399.0,68.0,2.6,Figo Diesel ZXI,Ford,0
Mumbai,2016,Diesel,Manual,First,25.47,1248.0,88.5,8.5,Ertiga ZDI,Maruti,1
Kolkata,2014,Diesel,Manual,First,25.8,1498.0,98.6,3.5,Amaze S i-Dtech,Honda,1
Jaipur,2015,Petrol,Manual,First,20.36,1197.0,78.9,3.55,i10 Magna,Hyundai,0
Kolkata,2013,Diesel,Manual,First,25.8,1498.0,98.6,3.25,Amaze S i-Dtech,Honda,1
Hyderabad,2008,Diesel,Manual,First,17.5,1896.0,106.0,4.5,Laura Ambiente,Skoda,1
Delhi,2014,Diesel,Manual,First,19.87,1461.0,83.8,5.35,Duster 85PS Diesel RxL,Renault,1
Chennai,2017,Diesel,Manual,Second,17.45,1493.0,100.0,6.5,NuvoSport N6,Mahindra,1
Mumbai,2016,Diesel,Manual,First,24.3,1248.0,88.5,9.0,Vitara Brezza ZDi Plus Dual Tone,Maruti,1
Kochi,2016,Petrol,Manual,First,18.6,1197.0,81.83,6.0,i20 Asta Option 1.2,Hyundai,1
Jaipur,2009,Petrol,Manual,First,14.7,1390.0,85.0,2.75,Fabia 1.4 MPI Ambiente,Skoda,1
Pune,2010,Petrol,Manual,First,15.64,1193.0,64.1,1.5,Indigo eCS GLX,Tata,0
Delhi,2015,Diesel,Automatic,First,15.73,1968.0,174.33,19.9,Q3 2012-2015 35 TDI Quattro Premium Plus,Audi,3
Mumbai,2014,Petrol,Automatic,First,14.7,1798.0,177.5,10.0,Octavia Elegance 1.8 TSI AT,Skoda,3
Delhi,2014,Diesel,Manual,First,23.59,1364.0,67.06,3.0,Etios Liva GD SP,Toyota,0
Kolkata,2010,Petrol,Manual,First,16.1,1621.276449941501,113.25304969366915,2.11,Swift 1.3 VXi,Maruti,1
Kochi,2014,Petrol,Automatic,First,14.8,1595.0,120.7,11.96,B Class B180,Mercedes-Benz,1
Kolkata,2013,Diesel,Manual,First,27.4,1498.0,98.6,3.25,Amaze S Diesel,Honda,1
Jaipur,2012,Diesel,Manual,Second,22.32,1582.0,126.32,4.75,Verna 1.6 SX,Hyundai,1
Mumbai,2014,Diesel,Manual,First,20.46,1461.0,83.8,5.95,Duster 85PS Diesel RxL Optional,Renault,1
Delhi,2015,Petrol,Manual,Second,15.29,1591.0,121.3,8.15,Creta 1.6 VTVT S,Hyundai,1
Mumbai,2016,Petrol,Automatic,First,20.51,998.0,67.0,4.22,Wagon R AMT VXI,Maruti,0
Kolkata,2010,Petrol,Automatic,First,11.74,1796.0,186.0,10.5,New C-Class C250 Avantgarde,Mercedes-Benz,3
Delhi,2012,Diesel,Automatic,First,11.8,2967.0,246.7,45.0,A8 L 3.0 TDI quattro,Audi,4
Pune,2012,Petrol,Manual,Second,19.81,1086.0,68.05,2.9,i10 Magna 1.1,Hyundai,0
Mumbai,2017,Petrol,Automatic,First,14.3,1598.0,103.52,8.9,Rapid 1.6 MPI AT Style Black Package,Skoda,1
Hyderabad,2017,Petrol,Automatic,First,14.67,1798.0,177.46,26.0,Superb Style 1.8 TSI AT,Skoda,3
Coimbatore,2018,Petrol,Manual,First,17.19,1197.0,81.86,8.22,i20 Active 1.2 SX,Hyundai,1
Kolkata,2014,Diesel,Manual,Second,25.8,1498.0,98.6,3.5,Amaze VX i-DTEC,Honda,1
Chennai,2004,Petrol,Manual,Second,18.9,998.0,67.1,1.25,Wagon R LXI,Maruti,0
Hyderabad,2013,Diesel,Manual,First,21.03,1461.0,65.0,3.7,Verito 1.5 D4 BSIV,Mahindra,0
Coimbatore,2018,Diesel,Automatic,First,19.27,2143.0,167.62,39.41,New C-Class C 220d Avantgarde Edition C,Mercedes-Benz,2
Kolkata,2013,Petrol,Manual,First,22.5,998.0,67.04,2.65,Wagon R VXI,Maruti,0
Coimbatore,2015,Diesel,Manual,Second,19.01,1461.0,108.5,8.92,Terrano XV Premium 110 PS Anniversary Edition,Nissan,1
Delhi,2013,Diesel,Manual,First,17.8,1248.0,113.25304969366915,4.1,Swift VDI BSIV,Maruti,1
Kochi,2017,Petrol,Automatic,First,16.82,1998.0,189.08,35.67,Cooper Convertible S,Mini,3
Jaipur,2007,Diesel,Manual,Second,17.2,1396.0,53.5,0.85,Indica V2 DLS BSII,Tata,0
Kochi,2016,Petrol,Manual,Second,18.6,1199.0,76.8,3.32,Beat LT,Chevrolet,0
Mumbai,2012,Diesel,Manual,First,22.07,1199.0,73.9,3.6,Polo Diesel Comfortline 1.2L,Volkswagen,0
Hyderabad,2016,Diesel,Manual,First,22.9,1248.0,74.0,6.8,Swift ZDi,Maruti,0
Kolkata,2012,Diesel,Manual,First,20.0,1399.0,68.05,2.5,Figo Diesel EXI,Ford,0
Kochi,2019,Diesel,Automatic,First,11.36,2755.0,171.5,19.64,Innova Crysta 2.8 GX AT,Toyota,2
Mumbai,2011,Diesel,Automatic,Second,11.72,2199.0,194.3,7.0,Santa Fe 4x4 AT,Hyundai,3
Kolkata,2011,Petrol,Manual,First,17.4,1497.0,117.3,3.87,City i-VTEC V,Honda,1
Kochi,2018,Petrol,Manual,First,18.6,1197.0,81.83,6.27,i20 1.2 Magna Executive,Hyundai,1
Kochi,2015,Diesel,Automatic,First,19.27,2143.0,167.62,18.12,New C-Class C 220d Avantgarde Edition C,Mercedes-Benz,2
Mumbai,2013,Diesel,Manual,First,25.44,936.0,57.6,2.65,Beat Diesel LT,Chevrolet,0
Kochi,2015,Diesel,Manual,First,22.54,1396.0,88.73,7.2,i20 Sportz 1.4 CRDi,Hyundai,1
Coimbatore,2015,Diesel,Manual,First,12.99,2494.0,100.6,14.3,Innova 2.5 Z Diesel 7 Seater,Toyota,1
Chennai,2013,Diesel,Manual,First,20.77,1248.0,88.76,6.9,Ertiga VDI,Maruti,1
Mumbai,2014,Diesel,Manual,First,12.8,2494.0,102.0,10.75,Innova 2.5 V Diesel 7-seater,Toyota,1
Mumbai,2007,Petrol,Manual,Third,17.0,1086.0,113.25304969366915,0.95,Santro Xing XO eRLX Euro II,Hyundai,1
Kochi,2016,Petrol,Manual,First,17.8,1497.0,117.3,8.09,City i VTEC V,Honda,1
Ahmedabad,2014,Diesel,Automatic,First,17.05,1995.0,184.0,18.5,X1 sDrive20d,BMW,3
Mumbai,2017,Diesel,Manual,First,24.0,1120.0,70.0,4.75,Grand i10 CRDi Era,Hyundai,0
Chennai,2016,Diesel,Manual,First,28.09,1248.0,88.5,8.45,Ciaz 1.3 Alpha,Maruti,1
Kolkata,2012,Diesel,Manual,First,20.5,1598.0,103.6,3.5,Rapid Leisure 1.6 TDI MT,Skoda,1
Kochi,2006,Diesel,Manual,First,13.1,1493.0,82.0,1.8,Accent CRDi,Hyundai,1
Jaipur,2014,Diesel,Manual,Second,19.91,1498.0,103.6,3.7,Polo GT 1.5 TDI,Volkswagen,1
Coimbatore,2017,Petrol,Manual,First,18.7,1199.0,88.7,7.17,Jazz 1.2 VX i VTEC,Honda,1
Jaipur,2010,Petrol,Manual,First,19.81,1086.0,68.05,1.75,i10 Era,Hyundai,0
Kochi,2018,Diesel,Automatic,First,16.38,1995.0,183.0,21.99,Tucson 2.0 e-VGT 2WD AT GLS,Hyundai,3
Pune,2017,Diesel,Manual,First,13.68,2393.0,147.8,18.65,Innova Crysta 2.4 ZX MT,Toyota,2
Jaipur,2011,Petrol,Manual,Third,19.7,796.0,35.0,1.85,Omni MPI CARGO BSIII W/ IMMOBILISER,Maruti,0
Coimbatore,2017,Petrol,Manual,Second,20.4,1197.0,81.8,5.95,Swift VXI BSIV,Maruti,1
Mumbai,2014,Petrol,Manual,First,18.9,1197.0,82.0,3.75,Grand i10 Magna,Hyundai,1
Pune,2012,Diesel,Manual,First,22.9,1248.0,74.0,3.75,Swift VDI,Maruti,0
Hyderabad,2008,Diesel,Manual,First,22.0,1582.0,126.2,2.6,Verna CRDi 1.6 SX,Hyundai,1
Mumbai,2010,Petrol,Manual,First,17.0,1197.0,80.0,2.8,i20 1.2 Sportz,Hyundai,0
Coimbatore,2017,Diesel,Automatic,First,11.57,2987.0,254.79,61.29,GLE 350d,Mercedes-Benz,4
Bangalore,2014,Diesel,Manual,Second,15.8,2148.0,170.0,18.0,New C-Class C 220 CDI CLASSIC,Mercedes-Benz,2
Hyderabad,2014,Diesel,Manual,First,23.2,1248.0,73.94,4.35,Ritz ZDi,Maruti,0
Bangalore,2016,Diesel,Manual,First,19.67,1582.0,126.2,13.75,Creta 1.6 CRDi SX,Hyundai,1
Pune,2010,Petrol,Manual,First,19.0,998.0,66.1,2.0,A-Star Vxi,Maruti,0
Delhi,2016,Diesel,Manual,First,19.64,1461.0,108.45,10.0,Duster 110PS Diesel RXZ Option,Renault,1
Delhi,2010,Diesel,Manual,First,17.8,1248.0,76.0,1.65,Grande Punto 1.3 Emotion Pack (Diesel),Fiat,0
Coimbatore,2017,Diesel,Automatic,First,16.55,2993.0,258.0,45.77,X3 xDrive30d M Sport,BMW,4
Bangalore,2010,Petrol,Manual,Second,20.36,1197.0,78.9,3.25,i10 Sportz,Hyundai,0
Pune,2016,Diesel,Manual,First,12.8,2494.0,102.0,12.8,Innova 2.5 G4 Diesel 7-seater,Toyota,1
Mumbai,2002,Petrol,Manual,Third,17.3,993.0,60.0,0.55,Zen VXI BSII,Maruti,0
Hyderabad,2018,Diesel,Manual,First,28.4,1248.0,74.0,7.15,Swift VDI,Maruti,0
Pune,2013,Diesel,Manual,Second,12.05,2179.0,120.0,7.0,Scorpio VLX 2.2 mHawk Airbag BSIV,Mahindra,1
Pune,2017,Diesel,Manual,First,22.95,1248.0,74.0,3.75,Zest Quadrajet 1.3 75PS XE,Tata,0
Mumbai,2017,Petrol,Manual,First,18.88,999.0,123.24,8.5,EcoSport 1.0 Ecoboost Titanium Plus,Ford,1
Jaipur,2012,Diesel,Manual,First,23.4,1248.0,74.0,4.35,Swift Dzire ZDI,Maruti,0
Kochi,2016,Petrol,Manual,First,22.74,796.0,47.3,3.26,Alto 800 LXI,Maruti,0
Jaipur,2011,Petrol,Manual,First,17.0,1497.0,118.0,4.21,City 1.5 S MT,Honda,1
Kochi,2018,Diesel,Automatic,First,12.07,2967.0,241.4,70.36,Q7 3.0 TDI Quattro Technology,Audi,4
Mumbai,2009,Diesel,Automatic,Second,17.0,1896.0,105.0,2.95,Laura 1.9 TDI AT Ambiente,Skoda,1
Kochi,2012,Petrol,Manual,First,17.1,1591.0,121.3,4.28,Verna 1.6 SX VTVT (O),Hyundai,1
Jaipur,2009,Petrol,Automatic,First,16.8,1497.0,118.0,3.57,City 1.5 V AT,Honda,1
Kolkata,2013,Diesel,Manual,First,21.9,1396.0,88.8,3.11,i20 Magna Optional 1.4 CRDi,Hyundai,1
Coimbatore,2014,Petrol,Automatic,First,15.0,1396.0,98.6,5.96,i20 Sportz AT 1.4,Hyundai,1
Hyderabad,2011,Diesel,Manual,First,20.54,1598.0,103.6,4.7,Vento Diesel Highline,Volkswagen,1
Ahmedabad,2014,Petrol,Manual,First,17.4,1497.0,117.3,6.9,City i VTEC VX,Honda,1
Pune,2018,Diesel,Manual,First,22.95,1248.0,74.0,5.25,Zest Quadrajet 1.3 75PS XE,Tata,0
Pune,2015,Diesel,Automatic,First,18.48,1995.0,177.0,28.0,5 Series 2003-2012 520d,BMW,3
Delhi,2009,Petrol,Manual,First,18.9,1061.0,67.0,1.35,Wagon R LXI Minor,Maruti,0
Delhi,2015,Petrol,Manual,First,18.2,1199.0,88.7,4.85,Jazz VX,Honda,1
Coimbatore,2012,Diesel,Manual,First,15.0,1896.0,105.0,6.7,Jetta 2007-2011 2.0 TDI Comfortline,Volkswagen,1
Hyderabad,2010,Petrol,Manual,First,20.36,1197.0,78.9,3.1,i10 Magna 1.2,Hyundai,0
Kochi,2015,Diesel,Automatic,First,19.27,2143.0,170.0,18.64,New C-Class C 220 CDI Avantgarde,Mercedes-Benz,2
Pune,2012,Petrol,Manual,First,20.36,1197.0,78.9,2.8,i10 Magna 1.2 iTech SE,Hyundai,0
Chennai,2016,Diesel,Manual,First,13.68,2393.0,147.8,20.25,Innova Crysta 2.4 ZX MT,Toyota,2
Kochi,2015,Diesel,Automatic,First,17.68,1968.0,174.33,26.78,A6 2011-2015 2.0 TDI Technology,Audi,3
Hyderabad,2010,Diesel,Manual,Second,12.99,2494.0,100.6,8.26,Innova 2.5 VX (Diesel) 7 Seater,Toyota,1
Mumbai,2015,Petrol,Manual,First,16.47,1198.0,73.9,3.89,Polo Petrol Trendline 1.2L,Volkswagen,0
Hyderabad,2011,Petrol,Manual,First,20.92,998.0,67.1,2.1,Alto K10 LXI,Maruti,0
Mumbai,2017,Petrol,Automatic,First,18.0,1497.0,117.3,12.69,City i-VTEC CVT ZX,Honda,1
Coimbatore,2013,Diesel,Manual,First,17.0,1405.0,70.0,2.58,Indigo LX,Tata,0
Kochi,2014,Diesel,Automatic,First,17.68,1968.0,174.33,20.77,A6 2011-2015 2.0 TDI Premium Plus,Audi,3
Delhi,2015,Diesel,Automatic,First,17.9,2143.0,136.0,20.26,GLA Class 200 CDI SPORT,Mercedes-Benz,2
Kolkata,2011,Diesel,Manual,First,17.8,1248.0,113.25304969366915,2.5,Swift VDI BSIV,Maruti,1
Hyderabad,2014,Petrol,Automatic,First,23.1,998.0,67.04,4.25,Celerio VXI AT,Maruti,0
Hyderabad,2017,Diesel,Automatic,First,17.9,2143.0,201.15,57.0,GLE 250d,Mercedes-Benz,3
Delhi,2017,Diesel,Automatic,First,12.7,2179.0,187.7,44.0,Rover Range Rover HSE Dynamic,Land,3
Hyderabad,2011,Diesel,Manual,First,20.54,1598.0,103.6,3.65,Vento Diesel Trendline,Volkswagen,1
Hyderabad,2012,Petrol,Manual,First,14.0,796.0,35.0,2.05,Omni 8 Seater BSIV,Maruti,0
Kochi,2012,Petrol,Manual,First,18.5,1198.0,86.8,3.13,Brio 1.2 VX MT,Honda,1
Hyderabad,2000,Diesel,Manual,Second,14.07,2956.0,83.1,1.5,Sumo Delux,Tata,1
Pune,2012,Diesel,Manual,First,18.0,1248.0,75.0,2.85,Indica Vista Aura 1.3 Quadrajet,Tata,0
Delhi,2012,Petrol,Manual,First,18.9,998.0,67.1,2.65,Wagon R LXI BS IV,Maruti,0
Hyderabad,2015,Diesel,Manual,First,16.0,2179.0,140.0,10.6,XUV500 W8 4WD,Mahindra,2
Pune,2008,Diesel,Manual,Second,17.1,1396.0,70.0,1.25,Indigo LS Dicor,Tata,0
Mumbai,2018,Petrol,Manual,First,16.02,1373.0,93.7,8.25,Ertiga Paseo VXI,Maruti,1
Mumbai,2011,Petrol,Automatic,First,11.7,2354.0,177.6,4.45,Accord 2.4 A/T,Honda,3
Kolkata,2012,Diesel,Manual,First,19.3,1248.0,73.9,3.7,Swift Dzire VDi,Maruti,0
Hyderabad,2009,Diesel,Manual,First,17.8,1399.0,68.0,2.8,Fiesta EXi 1.4 TDCi Ltd,Ford,0
Kolkata,2008,Petrol,Manual,First,17.7,1497.0,78.0,1.8,City ZX GXi,Honda,0
Kochi,2014,Diesel,Automatic,First,17.68,1968.0,174.33,21.95,A6 2011-2015 2.0 TDI Premium Plus,Audi,3
Mumbai,2011,Diesel,Automatic,First,9.52,2993.0,313.0,49.0,6 Series 640d Gran Coupe,BMW,5
Coimbatore,2017,Diesel,Automatic,First,14.75,2967.0,245.0,62.67,Q7 45 TDI Quattro Technology,Audi,4
Pune,2012,Diesel,Manual,First,23.0,1396.0,90.0,5.5,i20 1.4 CRDi Asta,Hyundai,1
Bangalore,2009,Petrol,Automatic,Third,16.95,1197.0,78.9,2.95,i10 Sportz AT,Hyundai,0
Kochi,2016,Petrol,Automatic,First,19.0,1199.0,88.7,6.86,Jazz 1.2 V CVT i VTEC,Honda,1
Hyderabad,2015,Diesel,Manual,First,25.2,1248.0,74.0,6.15,Swift VDI BSIV,Maruti,0
Pune,2011,Petrol,Manual,Second,18.5,1197.0,82.85,3.3,i20 Asta 1.2,Hyundai,1
Kolkata,2011,Petrol,Manual,First,16.47,1198.0,73.9,2.55,Polo Petrol Comfortline 1.2L,Volkswagen,0
Ahmedabad,2009,Petrol,Manual,First,19.7,796.0,46.3,1.5,Alto LXi,Maruti,0
Chennai,2004,Petrol,Automatic,Second,11.3,1794.0,125.0,2.5,Corolla H4,Toyota,1
Chennai,2006,Petrol,Manual,Second,19.7,796.0,46.3,1.4,Alto LXi,Maruti,0
Pune,2012,Diesel,Manual,First,21.12,1248.0,88.8,3.4,Manza ELAN Quadrajet BS IV,Tata,1
Pune,2012,Petrol,Manual,First,19.7,796.0,46.3,2.25,Alto LXi,Maruti,0
Kolkata,2013,Diesel,Automatic,First,19.3,1968.0,141.0,7.5,Octavia Ambition Plus 2.0 TDI AT,Skoda,2
Kolkata,2008,Petrol,Automatic,First,11.3,1794.0,125.0,2.8,Corolla H4,Toyota,1
Coimbatore,2016,Petrol,Manual,First,18.6,1197.0,81.83,7.66,i20 Asta Option 1.2,Hyundai,1
Chennai,2016,Diesel,Manual,First,24.3,1248.0,88.5,7.15,Vitara Brezza LDi,Maruti,1
Delhi,2010,Petrol,Manual,First,17.0,1497.0,118.0,3.5,City 1.5 V MT,Honda,1
Hyderabad,2014,Diesel,Manual,Second,18.0,1248.0,75.0,3.5,Indica Vista Aqua 1.3 Quadrajet,Tata,0
Kolkata,2013,Diesel,Manual,First,25.8,1498.0,98.6,3.45,Amaze S i-Dtech,Honda,1
Coimbatore,2016,Petrol,Manual,First,21.1,814.0,55.2,3.55,EON D Lite Plus,Hyundai,0
Kochi,2015,Diesel,Automatic,Second,21.76,1995.0,190.0,25.99,3 Series Luxury Line,BMW,3
Bangalore,2012,Diesel,Manual,First,22.32,1582.0,126.32,5.25,Verna 1.6 SX,Hyundai,1
Ahmedabad,2013,Diesel,Manual,First,21.02,1248.0,88.8,2.9,Manza Club Class Quadrajet90 LS,Tata,1
Jaipur,2005,Petrol,Automatic,First,14.45,1984.0,227.0,2.05,Octavia RS,Skoda,4
Pune,2017,Petrol,Manual,First,24.07,998.0,67.1,3.75,Alto K10 VXI,Maruti,0
Mumbai,2014,Diesel,Manual,First,22.7,1498.0,89.84,6.75,Ecosport 1.5 DV5 MT Titanium Optional,Ford,1
Kolkata,2011,Petrol,Manual,Second,18.0,995.0,62.0,0.95,Spark 1.0 LS,Chevrolet,0
Hyderabad,2017,Diesel,Automatic,First,19.33,1999.0,177.0,52.0,XF 2.0 Diesel Portfolio,Jaguar,3
Jaipur,2007,Petrol,Manual,Third,13.1,1997.0,141.1,3.91,CR-V RVi MT,Honda,2
Kochi,2019,Petrol,Automatic,First,14.67,1798.0,177.46,27.3,Superb L&K 1.8 TSI AT,Skoda,3
Chennai,2009,Petrol,Manual,First,20.36,1197.0,78.9,2.7,i10 Magna 1.2,Hyundai,0
Delhi,2013,Diesel,Manual,First,22.9,1248.0,74.0,3.5,Swift LDI,Maruti,0
Mumbai,2016,Petrol,Automatic,First,18.5,1197.0,83.14,6.2,Swift Dzire VXi AT,Maruti,1
Chennai,2011,Diesel,Manual,First,23.08,1461.0,63.1,2.75,Micra Diesel XV,Nissan,0
Mumbai,2015,Diesel,Manual,First,23.4,1248.0,74.0,3.25,Swift Dzire Tour LDI,Maruti,0
Pune,2012,Diesel,Manual,First,17.8,1399.0,67.0,3.25,Fiesta Classic 1.4 Duratorq CLXI,Ford,0
Kolkata,2003,Petrol,Manual,First,17.3,993.0,60.0,0.65,Zen LX,Maruti,0
Pune,2017,Petrol,Manual,First,13.8,1998.0,192.0,35.0,Clubman Cooper S,Mini,3
Kolkata,2014,Diesel,Manual,First,23.59,1364.0,67.05,3.25,Etios GD,Toyota,0
Kolkata,2018,Petrol,Manual,First,24.7,796.0,47.3,2.9,Alto 800 2016-2019 LXI,Maruti,0
Bangalore,2011,Petrol,Manual,Third,18.9,796.0,47.0,2.9,Alto VXi,Maruti,0
Bangalore,2009,Diesel,Automatic,Second,11.0,2993.0,235.0,17.75,X5 3.0d,BMW,4
Mumbai,2015,Petrol,Automatic,Second,11.07,2496.0,179.5,8.25,Teana XV,Nissan,3
Coimbatore,2015,Petrol,Automatic,First,18.9,1197.0,82.0,5.77,Grand i10 AT Asta,Hyundai,1
Hyderabad,2017,Diesel,Manual,First,24.3,1248.0,88.5,9.49,Vitara Brezza ZDi Plus,Maruti,1
Mumbai,2008,Diesel,Automatic,Third,12.07,2967.0,241.4,12.95,Q7 3.0 TDI Quattro Premium Plus,Audi,4
Chennai,2015,Diesel,Automatic,First,17.9,2143.0,136.0,20.0,GLA Class 200 CDI,Mercedes-Benz,2
Chennai,2007,Petrol,Manual,Third,16.1,796.0,37.0,1.0,800 AC,Maruti,0
Chennai,2015,Diesel,Manual,Second,20.45,1461.0,83.8,7.1,Duster 85PS Diesel RxL,Renault,1
Mumbai,2017,Diesel,Manual,First,21.43,1364.0,87.2,16.5,Corolla Altis D-4D GL,Toyota,1
Chennai,2014,Diesel,Manual,First,15.8,2148.0,170.0,26.0,New C-Class 220,Mercedes-Benz,2
Hyderabad,2010,Diesel,Manual,Second,21.1,1248.0,73.9,3.2,Ritz VDi,Maruti,0
Kochi,2017,Petrol,Automatic,First,16.0,1497.0,117.3,9.48,BRV i-VTEC V CVT,Honda,1
Kochi,2015,Diesel,Manual,First,24.4,1120.0,71.0,4.0,Xcent 1.1 CRDi Base,Hyundai,0
Jaipur,2014,Diesel,Automatic,First,14.21,2143.0,203.0,26.5,E-Class 2009-2013 E250 CDI Avantgarde,Mercedes-Benz,3
Kochi,2014,Petrol,Automatic,Second,14.8,1595.0,120.7,11.77,B Class B180,Mercedes-Benz,1
Bangalore,2017,Diesel,Automatic,First,15.0,2143.0,204.0,37.0,E-Class 2015-2017 E250 Edition E,Mercedes-Benz,3
Mumbai,2016,Petrol,Manual,First,17.8,1497.0,117.3,8.75,City i VTEC VX Option,Honda,1
Hyderabad,2007,Petrol,Manual,First,17.0,1086.0,113.25304969366915,1.95,Santro Xing XL eRLX Euro III,Hyundai,1
Chennai,2011,Petrol,Manual,First,17.0,1497.0,118.0,3.75,City 1.5 S MT,Honda,1
Pune,2010,Petrol,Manual,First,16.2,1599.0,103.2,2.5,Verna Transform VTVT,Hyundai,1
Mumbai,2017,Petrol,Automatic,First,13.5,1999.0,246.74,34.5,XE Portfolio,Jaguar,4
Delhi,2015,Petrol,Manual,First,18.0,1198.0,86.7,4.65,Amaze S i-Vtech,Honda,1
Bangalore,2015,Petrol,Automatic,First,18.86,1598.0,122.0,32.0,Cooper Convertible 1.6,Mini,1
Coimbatore,2017,Diesel,Automatic,First,13.5,2987.0,282.0,62.81,S Class 2005 2013 S 350 CDI,Mercedes-Benz,5
Chennai,2014,Petrol,Manual,First,21.1,814.0,55.2,3.25,EON Magna Plus,Hyundai,0
Kolkata,2014,Petrol,Manual,First,20.51,998.0,67.04,3.1,Wagon R VXI BS IV,Maruti,0
Coimbatore,2011,Diesel,Manual,First,21.1,1248.0,73.9,3.91,Ritz LDi,Maruti,0
Chennai,2011,Diesel,Automatic,First,16.07,1995.0,181.0,11.0,3 Series 320d Sedan,BMW,3
Pune,2014,Diesel,Manual,First,13.49,2179.0,138.03,3.5,Xenon XT EX 4X2,Tata,2
Chennai,2014,Diesel,Automatic,First,20.38,1968.0,143.0,16.5,A3 35 TDI Attraction,Audi,2
Hyderabad,2012,Diesel,Automatic,First,12.7,2179.0,187.7,30.0,Rover Range Rover 2.2L Dynamic,Land,3
Pune,2010,Diesel,Automatic,Second,12.0,2987.0,224.0,28.0,GL-Class 2007 2012 350 CDI Luxury,Mercedes-Benz,4
Hyderabad,2018,Diesel,Automatic,First,13.5,2477.0,175.56,28.0,Pajero Sport 4X2 AT DualTone BlackTop,Mitsubishi,3
Jaipur,2010,Petrol,Manual,First,19.7,796.0,46.3,0.92,Alto LX,Maruti,0
Pune,2013,Petrol,Manual,First,14.0,1061.0,64.0,2.75,Wagon R LXI BSIII,Maruti,0
Coimbatore,2017,Diesel,Automatic,First,12.7,2179.0,187.7,53.83,Rover Range Rover 2.2L Prestige,Land,3
Pune,2011,Petrol,Manual,Second,17.01,1591.0,121.3,4.95,Verna 1.6 SX VTVT,Hyundai,1
Hyderabad,2013,Diesel,Automatic,First,16.73,2993.0,218.0,33.5,5 Series 525d Sedan,BMW,3
Bangalore,2013,Diesel,Automatic,First,14.74,2993.0,270.9,27.95,XF Diesel,Jaguar,5
Hyderabad,2010,Petrol,Automatic,First,13.7,1798.0,157.75,7.25,Superb Elegance 1.8 TSI AT,Skoda,2
Kochi,2017,Diesel,Automatic,First,15.73,1968.0,174.33,25.71,Q3 35 TDI Quattro Premium,Audi,3
Coimbatore,2014,Diesel,Automatic,First,12.7,2179.0,187.7,29.67,Rover Range Rover 2.2L Pure,Land,3
Jaipur,2013,Diesel,Automatic,First,14.84,2143.0,170.0,19.0,New C-Class 220 CDI AT,Mercedes-Benz,2
Kochi,2017,Diesel,Manual,First,15.4,2179.0,120.0,13.05,Scorpio S10 4WD,Mahindra,1
Mumbai,2015,Diesel,Automatic,First,21.76,1995.0,190.0,25.5,3 Series Luxury Line,BMW,3
Pune,2017,Petrol,Manual,First,15.4,1497.0,117.3,8.5,BR-V i-VTEC S MT,Honda,1
Chennai,2010,Diesel,Automatic,Second,16.0,2400.0,215.0,7.25,S80 2006-2013 D5,Volvo,3
Pune,2005,Petrol,Manual,First,13.2,1495.0,94.0,0.8,Accent GLE,Hyundai,1
Jaipur,2017,Petrol,Manual,First,17.19,1197.0,81.86,6.9,i20 Active SX Petrol,Hyundai,1
Coimbatore,2018,Petrol,Automatic,First,11.5,2996.0,367.0,70.99,GLC 43 AMG Coupe,Mercedes-Benz,7
Kolkata,2015,Petrol,Manual,Second,21.1,814.0,55.2,2.25,EON Magna Plus,Hyundai,0
Kochi,2018,Petrol,Manual,First,18.9,1197.0,81.86,5.5,Grand i10 SportZ Edition,Hyundai,1
Mumbai,2013,Petrol,Manual,First,13.0,1493.0,100.0,4.35,City 1.5 EXI S,Honda,1
Kolkata,2010,Petrol,Manual,First,16.47,1198.0,73.9,2.25,Polo Petrol Trendline 1.2L,Volkswagen,0
Mumbai,2016,Petrol,Automatic,First,15.26,1798.0,187.74,24.5,A6 35 TFSI Matrix,Audi,3
Coimbatore,2017,Petrol,Manual,First,15.29,1591.0,121.3,12.03,Creta 1.6 SX Plus Dual Tone Petrol,Hyundai,1
Mumbai,2011,Petrol,Automatic,Second,11.74,1796.0,186.0,8.5,New C-Class C 200 CGI Avantgarde,Mercedes-Benz,3
Mumbai,2014,Petrol,Automatic,First,16.82,1998.0,189.08,28.5,Cooper Convertible S,Mini,3
Pune,2006,Petrol,Manual,Second,17.0,1086.0,113.25304969366915,1.2,Santro Xing XO eRLX Euro II,Hyundai,1
Bangalore,2013,Diesel,Manual,First,23.59,1364.0,67.04,5.75,Etios VD,Toyota,0
Delhi,2014,Petrol,Manual,Second,19.4,1198.0,86.8,3.2,Brio S MT,Honda,1
Coimbatore,2018,Petrol,Automatic,First,21.4,1197.0,83.1,9.89,Baleno Alpha Automatic,Maruti,1
Coimbatore,2012,Diesel,Automatic,First,20.0,1968.0,138.1,6.58,Laura Ambiente 2.0 TDI CR AT,Skoda,2
Kochi,2018,Petrol,Manual,First,21.1,814.0,55.2,4.06,EON Era Plus,Hyundai,0
Coimbatore,2019,Diesel,Manual,First,20.37,1461.0,108.45,13.37,Captur 1.5 Diesel RXL,Renault,1
Coimbatore,2011,Diesel,Automatic,First,16.2,2993.0,258.0,25.82,5 Series 2003-2012 GT 530d LE,BMW,4
Kochi,2016,Petrol,Manual,First,22.74,796.0,47.3,3.74,Alto 800 LXI,Maruti,0
Bangalore,2015,Diesel,Automatic,Second,16.8,1984.0,150.0,22.0,V40 D3,Volvo,2
Ahmedabad,2007,Petrol,Manual,First,18.9,998.0,67.1,1.45,Wagon R LXI BSII,Maruti,0
Kolkata,2008,Petrol,Manual,First,17.7,1497.0,78.0,2.0,City ZX GXi,Honda,0
Kolkata,2014,Petrol,Manual,First,13.7,1399.0,98.79,3.75,Enjoy 1.4 LS 8,Chevrolet,1
Coimbatore,2016,Diesel,Manual,First,15.96,2523.0,62.1,7.7,Bolero ZLX,Mahindra,0
Hyderabad,2014,Petrol,Manual,First,21.1,814.0,55.2,2.6,EON D Lite,Hyundai,0
Coimbatore,2017,Petrol,Automatic,First,13.0,1591.0,121.3,13.77,Creta 1.6 SX Plus Petrol Automatic,Hyundai,1
Mumbai,2017,Petrol,Manual,Second,16.09,1598.0,103.5,7.1,Vento 1.6 Comfortline,Volkswagen,1
Pune,2008,Petrol,Automatic,Second,12.9,1799.0,130.0,2.65,Civic 2006-2010 1.8 S AT,Honda,2
Hyderabad,2014,Diesel,Manual,First,22.3,1248.0,74.0,2.5,Indica Vista Quadrajet LS,Tata,0
Kochi,2013,Diesel,Manual,First,16.0,2179.0,140.0,7.53,XUV500 W8 2WD,Mahindra,2
Coimbatore,2017,Petrol,Manual,First,18.6,1197.0,81.83,7.98,i20 1.2 Asta Option,Hyundai,1
Bangalore,2014,Diesel,Automatic,Second,14.16,1968.0,174.3,39.0,Q5 30 TDI quattro Premium Plus,Audi,3
Chennai,2011,Petrol,Manual,Second,18.5,1197.0,85.8,2.25,Ritz VXi,Maruti,1
Chennai,2010,Petrol,Manual,Second,13.17,1999.0,114.0,3.85,Cedia Sports,Mitsubishi,1
Hyderabad,2015,Diesel,Manual,First,12.8,2494.0,102.0,13.5,Innova 2.5 V Diesel 7-seater,Toyota,1
Hyderabad,2016,Diesel,Manual,First,27.62,793.0,47.0,3.5,Celerio LDi,Maruti,0
Delhi,2018,Diesel,Manual,First,25.1,1248.0,88.5,8.92,S-Cross Delta DDiS 200 SH,Maruti,1
Coimbatore,2016,Diesel,Automatic,First,15.17,1968.0,181.0,20.37,Q3 35 TDI Quattro Premium Plus,Audi,3
Bangalore,2016,Diesel,Automatic,First,21.76,1995.0,190.0,36.5,3 Series Luxury Line,BMW,3
Coimbatore,2016,Diesel,Automatic,First,11.33,4134.0,335.2,48.91,Q7 4.2 TDI Quattro Technology,Audi,6
Pune,2016,Petrol,Manual,First,18.6,1197.0,81.83,7.2,i20 2015-2017 Asta 1.2,Hyundai,1
Hyderabad,2012,Diesel,Manual,First,19.01,1461.0,108.45,5.99,Duster 110PS Diesel RxL,Renault,1
Pune,2016,Diesel,Manual,First,24.4,1120.0,71.0,5.25,Xcent 1.1 CRDi S Celebration Edition,Hyundai,0
Delhi,2014,Diesel,Manual,First,22.7,1498.0,89.84,6.5,Ecosport 1.5 DV5 MT Titanium,Ford,1
Hyderabad,2013,Petrol,Manual,First,16.47,1198.0,73.9,4.4,Polo Petrol Trendline 1.2L,Volkswagen,0
Kolkata,2017,Diesel,Manual,First,24.0,1120.0,70.0,4.6,Grand i10 CRDi Magna,Hyundai,0
Ahmedabad,2013,Diesel,Manual,First,21.12,1248.0,88.8,2.95,Manza Aqua Quadrajet BS IV,Tata,1
Kolkata,2011,Petrol,Manual,First,17.0,1497.0,118.0,3.26,City 1.5 V MT,Honda,1
Bangalore,2008,Petrol,Manual,Second,17.92,1086.0,62.1,2.22,Santro Xing GLS,Hyundai,0
Hyderabad,2012,Diesel,Manual,First,12.99,2494.0,100.0,10.5,Innova 2.5 VX (Diesel) 7 Seater,Toyota,1
Coimbatore,2017,Diesel,Manual,First,28.09,1248.0,88.5,8.26,Ciaz 1.3 S,Maruti,1
Delhi,2013,Diesel,Manual,First,12.55,2982.0,169.0,14.45,Fortuner 4x4 MT TRD Sportivo,Toyota,2
Chennai,2009,Petrol,Manual,Second,15.3,1596.0,113.25304969366915,2.5,Fiesta 1.6 SXI ABS Duratec,Ford,1
Kochi,2018,Petrol,Automatic,First,12.6,1950.0,191.34,51.43,E-Class E 220 d,Mercedes-Benz,3
Chennai,2014,Diesel,Manual,First,15.8,2148.0,170.0,23.0,New C-Class 220 CDI MT,Mercedes-Benz,2
Kolkata,2012,Diesel,Manual,First,17.72,1968.0,108.49,5.5,Yeti Ambition 4X2,Skoda,1
Delhi,2015,Petrol,Manual,First,18.9,1197.0,82.0,4.5,Grand i10 Sportz,Hyundai,1
Hyderabad,2018,Petrol,Manual,First,18.16,1196.0,86.8,6.8,Figo 2015-2019 1.2P Titanium MT,Ford,1
Mumbai,2013,Petrol,Manual,First,16.8,1395.0,138.02,8.75,Octavia Ambition 1.4 TSI MT,Skoda,2
Mumbai,2015,Diesel,Manual,Second,19.87,1461.0,83.8,7.0,Duster 85PS Diesel RxL Option,Renault,1
Delhi,2015,Diesel,Automatic,Second,15.68,1999.0,177.0,33.5,Rover Range Rover Evoque 2.0 TD4 Pure,Land,3
Chennai,2011,Diesel,Manual,Second,20.0,1399.0,68.0,2.25,Figo Diesel EXI,Ford,0
Hyderabad,2008,Diesel,Automatic,Second,12.8,2953.0,156.0,4.24,Endeavour Hurricane Limited Edition,Ford,2
Coimbatore,2017,Diesel,Manual,First,12.55,2982.0,168.5,28.42,Fortuner 4x4 MT,Toyota,2
Kolkata,2012,Diesel,Manual,First,22.07,1199.0,73.9,2.75,Polo Diesel Comfortline 1.2L,Volkswagen,0
Jaipur,2011,Diesel,Manual,First,23.2,1248.0,73.94,3.0,Ritz VDi,Maruti,0
Pune,2013,Diesel,Manual,First,23.08,1461.0,63.1,3.55,Micra Diesel XV Premium,Nissan,0
Kolkata,2013,Diesel,Manual,First,22.32,1582.0,126.32,4.8,Verna 1.6 SX,Hyundai,1
Kolkata,2011,Petrol,Automatic,First,10.8,2497.0,150.0,13.5,5 Series 2003-2012 523i,BMW,2
Pune,2017,Diesel,Automatic,First,11.0,2987.0,258.0,56.0,GLS 350d 4MATIC,Mercedes-Benz,4
Hyderabad,2004,Petrol,Automatic,First,12.0,2354.0,187.4,3.99,CR-V 2.4L 4WD AT,Honda,3
Bangalore,2016,Diesel,Automatic,First,17.01,1582.0,126.2,15.5,Creta 1.6 CRDi AT SX Plus,Hyundai,1
Jaipur,2010,Petrol,Manual,Second,19.81,1086.0,68.05,2.32,i10 Era,Hyundai,0
Kochi,2016,Diesel,Automatic,First,20.0,2143.0,136.0,18.58,A Class A200 CDI Sport,Mercedes-Benz,2
Jaipur,2014,Petrol,Manual,First,16.02,1373.0,93.7,5.5,Ertiga VXI,Maruti,1
Chennai,2006,Diesel,Manual,Second,18.7,1896.0,66.0,3.2,Octavia Classic 1.9 TDI MT,Skoda,0
Pune,2015,Petrol,Manual,First,18.0,1198.0,86.7,4.0,Amaze VX i-Vtech,Honda,1
Chennai,2004,Petrol,Manual,First,17.3,993.0,60.0,1.6,Zen LXi BSII,Maruti,0
Kochi,2013,Petrol,Manual,First,15.5,1586.0,103.3,4.15,SX4 ZXI MT BSIV,Maruti,1
Mumbai,2014,Petrol,Automatic,First,16.5,1198.0,86.8,4.25,Brio VX AT,Honda,1
Ahmedabad,2011,Petrol,Manual,First,18.9,998.0,67.1,2.6,Wagon R VXI,Maruti,0
Mumbai,2008,Petrol,Automatic,Second,12.1,2362.0,164.7,3.43,Camry A/T,Toyota,2
Kochi,2012,Petrol,Manual,First,18.6,1199.0,79.4,2.55,Beat LS,Chevrolet,0
Delhi,2017,Diesel,Automatic,First,12.55,2982.0,168.5,32.0,Fortuner 4x4 AT,Toyota,2
Mumbai,2014,Diesel,Manual,First,22.7,1498.0,89.84,6.25,Ecosport 1.5 DV5 MT Titanium Optional,Ford,1
Hyderabad,2010,Diesel,Manual,Second,17.8,1248.0,75.0,3.6,Swift Vdi BSIII,Maruti,0
Pune,2010,Diesel,Automatic,First,13.5,2987.0,282.0,18.5,S Class 2005 2013 S 350 CDI,Mercedes-Benz,5
Mumbai,2015,Petrol,Manual,Second,17.3,1497.0,117.3,4.25,Mobilio S i VTEC,Honda,1
Mumbai,2017,Petrol,Manual,Second,18.9,1197.0,82.0,4.8,Grand i10 Sportz,Hyundai,1
Bangalore,2015,Diesel,Automatic,First,16.0,2179.0,140.0,13.0,XUV500 AT W8 FWD,Mahindra,2
Pune,2012,Petrol,Manual,Second,14.83,1598.0,105.0,2.25,Fabia 1.6 MPI Elegance,Skoda,1
Hyderabad,2009,Petrol,Manual,First,17.92,1086.0,62.1,2.3,Santro Xing GLS,Hyundai,0
Kochi,2019,Petrol,Manual,First,15.29,1591.0,121.3,13.56,Creta 1.6 SX Plus Dual Tone Petrol,Hyundai,1
Delhi,2017,Diesel,Manual,First,15.4,1997.0,120.0,12.25,Scorpio 1.99 S8,Mahindra,1
Pune,2013,Diesel,Manual,First,20.5,1598.0,103.5,3.76,Rapid 1.6 TDI Ambition,Skoda,1
Coimbatore,2015,Diesel,Manual,First,19.01,1461.0,108.45,8.58,Duster 110PS Diesel RxZ,Renault,1
Hyderabad,2011,Diesel,Automatic,First,11.7,2993.0,245.0,27.5,X5 xDrive 30d,BMW,4
Coimbatore,2013,Petrol,Manual,First,17.6,1496.0,88.73,4.95,Etios G,Toyota,1
Ahmedabad,2012,Petrol,Manual,First,22.5,998.0,67.04,3.3,Wagon R LXI,Maruti,0
Chennai,2016,Petrol,Manual,First,15.8,1591.0,121.3,8.0,Creta 1.6 SX,Hyundai,1
Jaipur,2014,Petrol,Manual,First,23.1,998.0,67.04,2.79,Celerio VXI,Maruti,0
Coimbatore,2017,Diesel,Automatic,First,12.7,2179.0,187.7,45.64,Rover Range Rover HSE Dynamic,Land,3
Pune,2014,Petrol,Manual,First,18.6,1199.0,76.8,2.55,Beat LT,Chevrolet,0
Ahmedabad,2014,Petrol,Manual,Second,25.4,624.0,37.5,1.0,Nano Twist XT,Tata,0
Coimbatore,2017,Diesel,Automatic,First,17.68,1968.0,174.33,37.56,A6 2011-2015 35 TDI Technology,Audi,3
Kochi,2009,Diesel,Automatic,Second,11.0,2987.0,198.5,9.29,E-Class 280 CDI,Mercedes-Benz,3
Kochi,2019,Petrol,Manual,First,22.0,1197.0,81.8,6.37,Swift VXI,Maruti,1
Coimbatore,2013,Petrol,Manual,First,14.6,1368.0,112.0,2.98,Linea T Jet,Fiat,1
Kochi,2017,Petrol,Manual,First,20.4,1197.0,81.8,5.75,Swift VXI Optional,Maruti,1
Hyderabad,2010,Diesel,Manual,First,11.5,2982.0,171.0,13.0,Fortuner 3.0 Diesel,Toyota,2
Mumbai,2014,Petrol,Manual,First,16.02,1373.0,93.7,6.8,Ertiga ZXI,Maruti,1
Coimbatore,2010,Petrol,Automatic,First,12.05,1995.0,154.0,10.49,3 Series 320i Sedan,BMW,2
Jaipur,2014,Petrol,Manual,First,16.02,1373.0,93.7,5.6,Ertiga VXI,Maruti,1
Mumbai,2010,Petrol,Automatic,Second,16.8,1497.0,118.0,2.85,City 1.5 V AT,Honda,1
Coimbatore,2013,Diesel,Manual,First,14.66,2199.0,194.3,8.36,Santa Fe 4X4,Hyundai,3
Jaipur,2005,Diesel,Manual,First,17.0,1405.0,70.0,1.0,Indigo LS,Tata,0
Kolkata,2010,Petrol,Automatic,Second,10.93,2497.0,204.0,10.75,E-Class 2009-2013 E 250 Elegance,Mercedes-Benz,3
Hyderabad,2011,Diesel,Manual,First,19.3,1248.0,73.9,3.85,Swift Dzire LDi,Maruti,0
Hyderabad,2012,Diesel,Manual,First,17.8,1399.0,67.0,3.0,Fiesta Classic 1.4 Duratorq CLXI,Ford,0
Coimbatore,2015,Petrol,Automatic,First,18.0,1497.0,117.3,9.6,City i VTEC CVT VX,Honda,1
Delhi,2012,Diesel,Manual,First,13.0,2982.0,168.5,13.25,Fortuner 4x2 Manual,Toyota,2
Mumbai,2016,Petrol,Manual,First,18.0,1198.0,86.7,5.75,Amaze VX O i VTEC,Honda,1
Delhi,2014,Diesel,Manual,First,22.54,1396.0,88.73,6.75,i20 Asta 1.4 CRDi,Hyundai,1
Bangalore,2013,Diesel,Manual,Second,18.2,1248.0,73.8,4.85,Enjoy TCDi LTZ 7 Seater,Chevrolet,0
Mumbai,2009,Petrol,Automatic,First,12.6,1586.0,103.2,2.85,SX4 ZXI AT Leather,Maruti,1
Mumbai,2012,Diesel,Manual,First,12.99,2494.0,100.0,9.51,Innova 2.5 VX (Diesel) 7 Seater,Toyota,1
Ahmedabad,2012,Diesel,Automatic,Second,18.48,1995.0,177.0,18.5,5 Series 2003-2012 520d,BMW,3
Delhi,2015,Diesel,Manual,First,19.01,1461.0,108.45,6.75,Duster 110PS Diesel RxZ,Renault,1
Coimbatore,2017,Diesel,Automatic,First,20.68,1995.0,190.0,29.4,X1 sDrive 20d xLine,BMW,3
Kochi,2009,Petrol,Manual,First,17.7,1497.0,78.0,3.29,City ZX GXi,Honda,0
Delhi,2016,Diesel,Manual,First,28.09,1248.0,88.5,9.5,Ciaz RS ZDi Plus SHVS,Maruti,1
Pune,2010,Petrol,Manual,Second,17.5,1298.0,85.8,2.2,Swift Dzire VXi,Maruti,1
Pune,2012,Diesel,Manual,First,15.1,2179.0,140.0,6.5,XUV500 W6 2WD,Mahindra,2
Ahmedabad,2007,Petrol,Manual,First,13.5,1799.0,130.0,4.9,Civic 2006-2010 1.8 S MT,Honda,2
Pune,2013,Diesel,Manual,Second,25.47,1248.0,88.5,6.75,Ertiga ZDI,Maruti,1
Chennai,2013,Diesel,Manual,First,23.59,1364.0,67.04,3.8,Etios Liva GD,Toyota,0
Delhi,2013,Petrol,Automatic,First,9.9,1984.0,207.8,29.5,TT 2.0 TFSI,Audi,3
Hyderabad,2017,Diesel,Manual,First,21.13,1498.0,108.4,10.5,Rapid 1.5 TDI Style,Skoda,1
Hyderabad,2015,Diesel,Manual,First,20.14,1498.0,88.8,6.2,Polo 1.5 TDI Highline,Volkswagen,1
Jaipur,2009,Diesel,Automatic,First,17.0,1896.0,105.0,5.0,Laura 1.9 TDI AT Elegance,Skoda,1
Chennai,2007,Diesel,Manual,First,19.2,1461.0,65.0,2.3,Renault Logan 1.5 DLE Diesel,Mahindra,0
Ahmedabad,2016,Diesel,Automatic,First,11.36,2755.0,171.5,17.0,Innova Crysta 2.8 GX AT,Toyota,2
Bangalore,2014,Diesel,Automatic,First,18.88,1995.0,184.0,25.5,3 Series 320d Luxury Line,BMW,3
Jaipur,2015,Diesel,Manual,First,27.3,1498.0,98.6,5.65,Jazz 1.5 S i DTEC,Honda,1
Kochi,2015,Diesel,Manual,First,25.8,1498.0,98.6,5.6,Amaze VX i-DTEC,Honda,1
Kochi,2015,Diesel,Automatic,First,16.36,2179.0,187.7,29.98,XF 2.2 Litre Luxury,Jaguar,3
Coimbatore,2016,Diesel,Manual,First,26.59,1248.0,74.0,7.39,Swift Dzire VDI,Maruti,0
Jaipur,2018,Diesel,Manual,First,17.1,1956.0,170.0,19.0,Compass 2.0 Limited,Jeep,2
Pune,2010,Petrol,Manual,First,12.5,1794.0,132.0,5.0,Corolla Altis 1.8 Sport,Toyota,2
Kolkata,2011,Petrol,Manual,First,17.0,1497.0,118.0,3.35,City 1.5 V MT,Honda,1
Chennai,2013,Petrol,Manual,First,18.6,1197.0,85.8,4.45,Swift ZXI,Maruti,1
Coimbatore,2019,Diesel,Automatic,First,22.32,1582.0,126.32,8.31,Verna 1.6 SX CRDI (O) AT,Hyundai,1
Jaipur,2012,Diesel,Manual,Second,15.96,2523.0,62.1,6.0,Bolero ZLX,Mahindra,0
Chennai,2014,Diesel,Manual,First,22.9,1248.0,74.0,5.25,Swift VDI,Maruti,0
Chennai,2006,Petrol,Manual,First,17.0,1086.0,113.25304969366915,1.4,Santro Xing XO,Hyundai,1
Hyderabad,2012,Diesel,Automatic,First,17.68,1968.0,174.33,12.3,A6 2011-2015 2.0 TDI Premium Plus,Audi,3
Chennai,2004,Petrol,Manual,Third,13.8,1299.0,70.0,1.5,Ikon 1.3 LXi NXt,Ford,0
Coimbatore,2018,Diesel,Manual,First,20.14,1498.0,88.0,8.12,Polo 1.5 TDI Highline,Volkswagen,1
Coimbatore,2012,Diesel,Manual,First,13.6,2523.0,63.0,6.12,Bolero VLX CRDe,Mahindra,0
Coimbatore,2017,Diesel,Manual,First,25.1,1498.0,98.6,10.88,City i DTEC VX Option,Honda,1
Kolkata,2014,Petrol,Manual,First,18.2,1199.0,82.5,3.5,Sail Hatchback 1.2 LS,Chevrolet,1
Kochi,2016,Petrol,Manual,First,18.6,1197.0,81.83,6.15,i20 1.2 Spotz,Hyundai,1
Chennai,2016,Diesel,Automatic,First,17.05,1995.0,184.0,33.0,X1 sDrive 20d Sportline,BMW,3
Mumbai,2012,Diesel,Automatic,First,15.06,1995.0,177.0,13.5,X1 sDrive 20d Exclusive,BMW,3
Mumbai,2015,Diesel,Automatic,First,12.55,2982.0,168.5,17.11,Fortuner 4x2 AT,Toyota,2
Kochi,2014,Diesel,Automatic,First,11.33,4134.0,335.2,29.77,Q7 4.2 TDI Quattro Technology,Audi,6
Kolkata,2013,Diesel,Manual,First,20.77,1248.0,88.76,5.95,Ertiga VDI,Maruti,1
Bangalore,2015,Petrol,Manual,First,18.5,1197.0,80.0,5.75,i20 1.2 Magna,Hyundai,0
Bangalore,2006,Petrol,Automatic,Second,10.13,3498.0,364.9,19.0,S Class 2005 2013 S 350 L,Mercedes-Benz,7
Ahmedabad,2014,Diesel,Manual,First,20.45,1461.0,83.8,4.75,Duster 85PS Diesel RxL,Renault,1
Hyderabad,2013,Diesel,Manual,Second,17.21,1493.0,100.0,3.3,Quanto C2,Mahindra,1
Delhi,2013,Diesel,Automatic,First,12.55,2982.0,168.5,16.5,Fortuner 4x2 AT,Toyota,2
Mumbai,2014,Diesel,Automatic,First,15.97,2993.0,258.0,44.0,X5 2014-2019 xDrive 30d Design Pure Experience 7 Seater,BMW,4
Hyderabad,2011,Diesel,Manual,First,19.3,1248.0,73.9,4.39,Swift Dzire VDi,Maruti,0
Kochi,2018,Diesel,Manual,First,25.2,1248.0,74.0,6.2,Swift LDI Optional,Maruti,0
Kochi,2016,Petrol,Automatic,First,13.53,1984.0,177.01,24.22,A6 2011-2015 35 TFSI Technology,Audi,3
Mumbai,2008,Diesel,Manual,Third,10.5,2835.0,107.2,5.45,Pajero 2.8 SFX BSIV Dual Tone,Mitsubishi,1
Delhi,2016,Diesel,Automatic,First,16.36,2179.0,187.7,44.0,XF 2.2 Litre Executive,Jaguar,3
Coimbatore,2019,Diesel,Automatic,First,11.36,2755.0,171.5,24.82,Innova Crysta 2.8 ZX AT,Toyota,2
Mumbai,2015,Diesel,Automatic,First,19.3,1968.0,141.0,11.69,Octavia Ambition 2.0 TDI AT,Skoda,2
Bangalore,2018,Petrol,Automatic,First,14.28,1798.0,138.03,20.0,Corolla Altis VL AT,Toyota,2
Pune,2010,Petrol,Manual,First,19.7,796.0,35.0,1.45,Omni 8 Seater BSII,Maruti,0
Mumbai,2018,Diesel,Automatic,First,17.9,2143.0,170.0,48.5,GLC 220d 4MATIC Style,Mercedes-Benz,2
Mumbai,2016,Diesel,Automatic,First,21.5,1498.0,108.5,9.45,Vento 1.5 TDI Highline AT,Volkswagen,1
Ahmedabad,2015,Diesel,Manual,First,16.0,2179.0,140.0,12.5,XUV500 W10 2WD,Mahindra,2
Hyderabad,2014,Diesel,Manual,First,20.45,1461.0,83.8,6.9,Terrano XL 85 PS,Nissan,1
Jaipur,2012,Diesel,Manual,Second,22.32,1582.0,126.32,5.8,Verna 1.6 SX CRDi (O),Hyundai,1
Coimbatore,2016,Diesel,Automatic,First,14.69,2993.0,258.0,44.56,5 Series 2013-2017 530d M Sport,BMW,4
Bangalore,2015,Diesel,Manual,Second,15.4,2179.0,120.0,8.5,Scorpio S4 Plus,Mahindra,1
Coimbatore,2017,Diesel,Manual,First,23.9,1582.0,126.2,10.7,Verna 1.6 CRDi SX,Hyundai,1
Pune,2009,Diesel,Automatic,Second,12.07,2967.0,241.4,12.0,Q7 3.0 TDI Quattro Premium Plus,Audi,4
Coimbatore,2010,Petrol,Manual,First,14.7,1150.0,76.0,2.44,Aveo U-VA 1.2 LT,Chevrolet,0
Kolkata,2000,Diesel,Manual,First,13.6,2523.0,63.0,1.95,Bolero ZLX BSIII,Mahindra,0
Mumbai,2014,Petrol,Manual,First,19.1,1197.0,82.0,4.35,Xcent 1.2 Kappa S,Hyundai,1
Hyderabad,2017,Diesel,Manual,First,13.68,2393.0,147.8,17.5,Innova Crysta 2.4 GX MT 8S,Toyota,2
Hyderabad,2015,Petrol,Manual,First,21.1,814.0,55.2,2.9,EON Era Plus,Hyundai,0
Delhi,2013,Diesel,Manual,First,22.07,1199.0,73.9,2.9,Polo Diesel Comfortline 1.2L,Volkswagen,0
Pune,2016,Diesel,Manual,First,24.3,1248.0,88.5,8.9,Vitara Brezza ZDi,Maruti,1
Mumbai,2013,Diesel,Automatic,First,18.88,1995.0,184.0,16.75,3 Series 320d Prestige,BMW,3
Coimbatore,2016,Petrol,Manual,First,21.1,814.0,55.2,3.95,EON Sportz,Hyundai,0
Mumbai,2009,Petrol,Manual,First,17.0,1497.0,118.0,2.1,City 1.5 S MT,Honda,1
Kochi,2011,Petrol,Manual,Second,12.8,2354.0,177.6,4.29,Accord 2.4 MT,Honda,3
Hyderabad,2009,Diesel,Manual,First,14.0,2498.0,112.0,3.85,Xylo E8,Mahindra,1
Chennai,2009,Diesel,Automatic,Second,13.2,1995.0,170.0,9.0,3 Series 320d,BMW,2
Pune,2013,Petrol,Manual,Second,16.8,1497.0,116.3,4.5,City V MT,Honda,1
Kochi,2016,Diesel,Manual,First,16.0,2179.0,140.0,12.46,XUV500 W10 2WD,Mahindra,2
Delhi,2014,Diesel,Manual,First,21.27,1396.0,88.76,4.65,i20 Asta 1.4 CRDi,Hyundai,1
Hyderabad,2014,Diesel,Manual,First,13.0,2982.0,168.5,20.5,Fortuner 4x2 Manual,Toyota,2
Chennai,2006,Diesel,Manual,First,13.6,2523.0,63.0,2.9,Bolero DI BSII,Mahindra,0
Chennai,2007,Petrol,Manual,First,15.9,1298.0,85.0,1.45,Esteem Vxi - BSIII,Maruti,1
Mumbai,2016,Diesel,Automatic,First,20.7,1496.0,113.98,29.5,Cooper 5 DOOR D,Mini,1
Hyderabad,2015,Diesel,Automatic,First,15.73,1968.0,174.33,25.0,Q3 35 TDI Quattro Premium,Audi,3
Delhi,2013,Petrol,Manual,Second,17.0,1197.0,80.0,3.5,i20 Sportz Option,Hyundai,0
Jaipur,2017,Diesel,Manual,First,14.1,2179.0,154.0,11.25,Safari Storme VX Varicor 400,Tata,2
Kochi,2017,Diesel,Manual,First,21.9,1498.0,98.6,10.79,BR-V i-DTEC VX MT,Honda,1
Kolkata,2013,Diesel,Manual,First,19.33,1968.0,138.03,5.9,Jetta 2013-2015 2.0L TDI Highline,Volkswagen,2
Jaipur,2017,Petrol,Manual,First,19.1,1197.0,81.86,5.12,Xcent 1.2 Kappa S Option,Hyundai,1
Mumbai,2017,Petrol,Manual,First,20.89,1197.0,81.8,5.7,Ignis 1.2 Alpha,Maruti,1
Coimbatore,2016,Diesel,Automatic,First,18.12,1995.0,190.0,35.84,5 Series 2013-2017 520d Luxury Line,BMW,3
Hyderabad,2007,Petrol,Manual,First,13.8,1299.0,70.0,1.25,Ikon 1.3 CLXi,Ford,0
Kolkata,2013,Petrol,Manual,First,20.36,1197.0,78.9,2.65,i10 Sportz,Hyundai,0
Coimbatore,2016,Diesel,Manual,First,22.32,1582.0,126.3,9.19,Verna 1.6 CRDI,Hyundai,1
Bangalore,2014,Diesel,Automatic,First,16.07,1995.0,181.0,23.5,3 Series 320d Highline,BMW,3
Delhi,2011,Petrol,Automatic,First,12.3,1796.0,185.0,12.5,E-Class 2009-2013 E200 CGI Blue Efficiency,Mercedes-Benz,3
Kolkata,2010,Petrol,Manual,Second,18.6,1199.0,79.4,1.5,Beat Option Pack,Chevrolet,0
Jaipur,2009,Diesel,Manual,Second,13.5,1405.0,113.25304969366915,0.75,Indica DLS,Tata,1
Delhi,2012,Diesel,Manual,First,15.1,2179.0,140.0,8.1,XUV500 W8 2WD,Mahindra,2
Jaipur,2017,Diesel,Manual,First,28.09,1248.0,88.5,9.75,Ciaz ZDi Plus SHVS,Maruti,1
Coimbatore,2017,Diesel,Automatic,First,19.71,2143.0,201.15,37.93,New C-Class C 250 CDI Avantgarde,Mercedes-Benz,3
Chennai,2005,Petrol,Automatic,Third,16.4,1497.0,78.0,1.96,City ZX CVT,Honda,0
Jaipur,2015,Diesel,Automatic,First,11.5,2982.0,169.0,20.5,Fortuner 4x2 4 Speed AT,Toyota,2
Bangalore,2011,Petrol,Manual,First,24.07,998.0,67.1,2.75,Alto K10 VXI,Maruti,0
Mumbai,2017,Petrol,Automatic,First,9.43,1999.0,237.4,75.0,XJ 2.0L Portfolio,Jaguar,4
Chennai,2009,Diesel,Manual,First,21.9,1396.0,90.0,2.8,i20 1.4 Magna ABS,Hyundai,1
Mumbai,2017,Petrol,Automatic,First,16.0,1497.0,117.3,9.25,BRV i-VTEC V CVT,Honda,1
Chennai,2007,Petrol,Manual,First,13.4,1794.0,125.0,3.0,Corolla Executive (HE),Toyota,1
Coimbatore,2014,Diesel,Automatic,First,17.68,1968.0,174.33,23.89,A6 2011-2015 2.0 TDI Premium Plus,Audi,3
Mumbai,2014,Diesel,Manual,First,12.99,2494.0,100.6,12.75,Innova 2.5 ZX Diesel 7 Seater BSIII,Toyota,1
Jaipur,2014,Diesel,Manual,First,24.0,1120.0,70.0,4.15,Grand i10 CRDi Sportz,Hyundai,0
Mumbai,2013,Petrol,Automatic,First,14.8,1598.0,105.0,4.65,Vento IPL II Petrol Highline AT,Volkswagen,1
Delhi,2012,Diesel,Manual,First,12.8,2494.0,102.0,8.9,Innova 2.5 VX (Diesel) 7 Seater BS IV,Toyota,1
Jaipur,2008,Diesel,Manual,Second,16.8,1493.0,110.0,1.5,Verna CRDi SX,Hyundai,1
Pune,2015,Diesel,Manual,Second,23.2,1248.0,73.94,3.27,Ritz VDi,Maruti,0
Pune,2008,Diesel,Automatic,Second,12.07,2967.0,241.4,18.0,Q7 3.0 TDI Quattro Technology,Audi,4
Pune,2016,Petrol,Manual,First,18.6,1197.0,81.83,6.3,i20 Asta Option 1.2,Hyundai,1
Coimbatore,2017,Diesel,Manual,First,24.3,1248.0,88.5,11.31,Vitara Brezza ZDi Plus Dual Tone,Maruti,1
Pune,2014,Petrol,Manual,First,17.4,1497.0,117.3,6.16,City i VTEC S,Honda,1
Pune,2014,Petrol,Manual,First,20.73,1373.0,91.1,6.0,Ciaz ZXi,Maruti,1
Kochi,2013,Petrol,Automatic,First,17.5,1498.0,99.6,5.43,Sunny XV CVT,Nissan,1
Hyderabad,2012,Diesel,Manual,First,22.07,1199.0,73.9,4.65,Polo Diesel Highline 1.2L,Volkswagen,0
Hyderabad,2015,Diesel,Manual,First,20.77,1248.0,88.8,7.5,Ertiga ZDI,Maruti,1
Jaipur,2015,Diesel,Manual,First,26.59,1248.0,74.0,6.25,Swift Dzire VDI,Maruti,0
Bangalore,2007,Diesel,Automatic,First,14.84,2143.0,170.0,9.25,New C-Class C 220 CDI Elegance AT,Mercedes-Benz,2
Mumbai,2013,Petrol,Manual,First,19.4,1198.0,86.8,3.15,Brio S MT,Honda,1
Hyderabad,2008,Petrol,Manual,First,16.0,1086.0,66.7,2.3,i10 Magna Optional 1.1L,Hyundai,0
Jaipur,2012,Diesel,Manual,First,22.32,1582.0,126.32,5.25,Verna 1.6 SX CRDi (O),Hyundai,1
Kochi,2017,Diesel,Manual,First,28.09,1248.0,88.5,7.4,Ciaz VDI SHVS,Maruti,1
Pune,2006,Petrol,Manual,Second,13.8,1299.0,70.0,1.55,Ikon 1.3 Flair,Ford,0
Pune,2017,Petrol,Manual,Second,16.2,1199.0,74.0,6.0,Polo 1.2 MPI Highline,Volkswagen,0
Chennai,2016,Petrol,Manual,First,18.7,1199.0,88.7,5.9,Jazz 1.2 V i VTEC,Honda,1
Bangalore,2013,Diesel,Manual,Second,25.8,1498.0,98.6,4.7,Amaze EX i-Dtech,Honda,1
Hyderabad,2015,Diesel,Manual,First,22.54,1396.0,88.73,6.5,i20 Asta 1.4 CRDi,Hyundai,1
Hyderabad,2012,Diesel,Manual,First,21.1,1248.0,73.9,3.55,Ritz VDi,Maruti,0
Chennai,2014,Petrol,Manual,First,16.8,1497.0,116.3,7.1,City V MT,Honda,1
Hyderabad,2010,Petrol,Manual,First,13.14,1798.0,160.0,6.0,Superb 1.8 TSI MT,Skoda,2
Pune,2017,Diesel,Manual,First,24.3,1248.0,88.5,7.99,Vitara Brezza LDi Option,Maruti,1
Bangalore,2009,Petrol,Manual,Second,17.0,1197.0,80.0,4.1,i20 Asta,Hyundai,0
Hyderabad,2017,Petrol,Automatic,First,24.07,998.0,67.1,3.95,Alto K10 VXI AGS,Maruti,0
Kochi,2016,Petrol,Manual,First,21.1,814.0,55.2,4.38,EON Era Plus,Hyundai,0
Mumbai,2011,Petrol,Manual,First,20.36,1197.0,78.9,2.75,i10 Sportz,Hyundai,0
Coimbatore,2016,Petrol,Automatic,First,18.1,3498.0,306.0,55.54,SLK-Class SLK 350,Mercedes-Benz,5
Hyderabad,2014,Diesel,Automatic,First,18.53,1968.0,187.74,29.0,A6 2.0 TDI Design Edition,Audi,3
Bangalore,2013,Diesel,Manual,First,22.77,1498.0,98.59,6.6,EcoSport 1.5 TDCi Titanium,Ford,1
Kolkata,2012,Diesel,Automatic,First,14.3,1968.0,140.0,6.99,Passat Highline DSG,Volkswagen,2
Bangalore,2017,Diesel,Manual,First,13.68,2393.0,147.8,18.75,Innova Crysta 2.4 ZX MT,Toyota,2
Jaipur,2010,Diesel,Manual,Third,20.0,1399.0,68.0,1.28,Figo Diesel ZXI,Ford,0
Pune,2006,Petrol,Manual,Third,14.49,1399.0,92.7,1.2,Aveo 1.4,Chevrolet,1
Coimbatore,2013,Petrol,Manual,First,18.5,1197.0,85.8,4.31,Ritz LXi,Maruti,1
Chennai,2011,Diesel,Automatic,First,12.39,2179.0,147.51,16.5,Rover Freelander 2 SE,Land,2
Coimbatore,2017,Petrol,Manual,First,18.9,1197.0,82.0,5.64,Grand i10 Asta,Hyundai,1
Coimbatore,2017,Diesel,Automatic,First,10.91,3198.0,197.2,31.12,Endeavour 3.2 Trend AT 4X4,Ford,3
Kochi,2013,Diesel,Automatic,First,12.8,1968.0,167.6,25.46,Q5 2008-2012 2.0 TDI,Audi,2
Kochi,2017,Petrol,Manual,First,17.01,1591.0,121.3,7.88,Verna 1.6 VTVT,Hyundai,1
Chennai,2017,Diesel,Automatic,First,13.0,2143.0,204.0,36.0,E-Class 2015-2017 E250 CDI Avantgarde,Mercedes-Benz,3
Pune,2008,Petrol,Manual,Second,17.5,1298.0,85.8,2.85,Swift Dzire ZXi,Maruti,1
Delhi,2011,Petrol,Manual,First,13.0,1343.0,90.0,3.5,City 1.3 EXI S,Honda,1
Jaipur,2014,Diesel,Manual,First,20.46,1461.0,83.8,7.5,Duster 85PS Diesel RxL Optional,Renault,1
Hyderabad,2012,Diesel,Automatic,First,14.84,2143.0,170.0,19.0,New C-Class 220 CDI AT,Mercedes-Benz,2
Hyderabad,2015,Diesel,Automatic,First,15.97,2993.0,258.0,54.0,X5 xDrive 30d Design Pure Experience 5 Seater,BMW,4
Kochi,2015,Petrol,Manual,First,19.1,1197.0,82.0,4.7,Xcent 1.2 Kappa SX Option,Hyundai,1
Hyderabad,2017,Petrol,Automatic,First,22.0,1197.0,81.8,8.5,Dzire AMT ZXI Plus,Maruti,1
Kolkata,2013,Diesel,Automatic,First,16.07,1995.0,181.0,17.0,3 Series 320d Corporate Edition,BMW,3
Kochi,2017,Petrol,Manual,First,22.74,796.0,47.3,3.51,Alto 800 LXI,Maruti,0
Bangalore,2013,Diesel,Automatic,Second,17.11,1968.0,174.33,19.5,A4 2.0 TDI 177 Bhp Premium Plus,Audi,3
Pune,2012,Petrol,Automatic,Second,13.6,1598.0,181.0,17.0,Cooper S,Mini,3
Coimbatore,2015,Diesel,Automatic,Second,12.07,2967.0,241.4,43.35,Q7 3.0 TDI Quattro Premium Plus,Audi,4
Bangalore,2012,Diesel,Manual,First,25.44,936.0,57.6,2.65,Beat Diesel LT,Chevrolet,0
Kochi,2015,Petrol,Manual,First,20.51,998.0,67.04,3.52,Wagon R LXI BS IV,Maruti,0
Kolkata,2016,Diesel,Manual,First,19.01,1461.0,108.5,6.25,Terrano XV Premium 110 PS,Nissan,1
Ahmedabad,2015,Diesel,Automatic,First,18.88,1995.0,184.0,24.75,3 Series 320d Luxury Plus,BMW,3
Mumbai,2015,Petrol,Manual,First,20.85,1197.0,83.14,5.25,Swift Dzire VXI,Maruti,1
Jaipur,2016,Diesel,Manual,First,17.72,1968.0,108.5,11.0,Yeti Elegance 4X2,Skoda,1
Kochi,2018,Petrol,Automatic,First,15.63,1499.0,110.4,9.1,EcoSport 1.5 Ti VCT AT Titanium,Ford,1
Chennai,2010,Petrol,Manual,First,18.5,1197.0,80.0,3.25,i20 1.2 Magna,Hyundai,0
Pune,2017,Diesel,Manual,First,15.0,1248.0,88.5,8.5,S Cross DDiS 200 Sigma Option,Maruti,1
Pune,2010,Petrol,Manual,First,16.2,1599.0,103.2,3.1,Verna Transform VTVT,Hyundai,1
Kochi,2015,Diesel,Automatic,First,18.88,1995.0,184.0,19.86,3 Series 320d Luxury Line,BMW,3
Kolkata,2017,Diesel,Manual,First,24.0,1186.0,73.97,4.9,Grand i10 1.2 CRDi Magna,Hyundai,0
Delhi,2014,Petrol,Manual,Second,17.4,1497.0,117.3,5.7,City i-VTEC V,Honda,1
Chennai,2006,Petrol,Manual,Third,16.1,1621.276449941501,113.25304969366915,1.75,Swift 1.3 VXi,Maruti,1
Kolkata,2012,Diesel,Manual,First,25.2,1248.0,74.0,2.9,Swift VDI BSIV,Maruti,0
Coimbatore,2018,Diesel,Manual,First,27.39,1248.0,74.0,7.83,Baleno Zeta 1.3,Maruti,0
Kochi,2015,Diesel,Manual,First,14.0,2179.0,138.1,8.15,Safari Storme 2012-2015 LX,Tata,2
Bangalore,2008,Petrol,Manual,Second,13.2,1495.0,94.0,2.0,Accent GLS,Hyundai,1
Hyderabad,2016,Diesel,Manual,First,25.2,1248.0,74.0,6.25,Swift LDI SP Limited Edition,Maruti,0
Bangalore,2007,Diesel,Manual,Second,17.8,1248.0,113.25304969366915,3.4,Swift VDI BSIV,Maruti,1
Coimbatore,2016,Petrol,Automatic,First,21.9,624.0,37.48,3.19,Nano XTA,Tata,0
Ahmedabad,2017,Diesel,Manual,First,25.47,1248.0,88.5,7.75,Ertiga VDI,Maruti,1
Delhi,2014,Petrol,Automatic,Second,23.1,998.0,67.04,3.2,Celerio VXI AMT,Maruti,0
Delhi,2015,Diesel,Manual,First,25.2,1248.0,74.0,4.9,Swift VDI BSIV,Maruti,0
Kochi,2012,Petrol,Manual,First,15.04,1598.0,103.6,3.8,Vento Petrol Highline,Volkswagen,1
Chennai,2009,Diesel,Automatic,First,15.5,1896.0,105.0,4.0,Jetta 2007-2011 1.9 Highline TDI,Volkswagen,1
Hyderabad,2014,Diesel,Automatic,Second,20.7,1496.0,113.98,23.5,Cooper 5 DOOR D,Mini,1
Chennai,2008,Diesel,Manual,First,17.2,1396.0,53.5,1.15,Indica V2 DLS,Tata,0
Hyderabad,2007,Petrol,Manual,First,17.0,1086.0,113.25304969366915,2.2,Santro Xing XO,Hyundai,1
Bangalore,2015,Petrol,Automatic,First,18.0,1497.0,117.3,10.65,City i-VTEC CVT VX,Honda,1
Coimbatore,2016,Diesel,Automatic,First,16.36,2179.0,187.7,35.68,XF 2.2 Litre Luxury,Jaguar,3
Kochi,2017,Diesel,Automatic,First,15.0,2143.0,204.0,31.94,E-Class 2015-2017 E250 Edition E,Mercedes-Benz,3
Chennai,2011,Diesel,Manual,Third,18.3,1991.0,147.9,4.2,Cruze LTZ,Chevrolet,2
Ahmedabad,2015,Diesel,Manual,First,15.1,2179.0,140.0,9.9,XUV500 W8 2WD,Mahindra,2
Kochi,2014,Petrol,Automatic,First,11.74,1796.0,186.0,15.46,New C-Class C 200 CGI Avantgarde,Mercedes-Benz,3
Kochi,2018,Petrol,Manual,First,18.2,1199.0,88.7,8.46,Jazz VX,Honda,1
Kolkata,2013,Petrol,Manual,First,16.78,1496.0,88.73,3.25,Etios G,Toyota,1
Hyderabad,2012,Petrol,Manual,First,19.7,796.0,46.3,2.6,Alto LXi BSIII,Maruti,0
Coimbatore,2016,Petrol,Manual,First,20.4,1197.0,81.8,5.2,Swift VXI BSIV,Maruti,1
Pune,2009,Petrol,Manual,Third,19.0,998.0,66.1,1.8,A-Star Vxi,Maruti,0
Chennai,2011,Petrol,Manual,First,25.4,624.0,37.48,1.6,Nano Lx BSIV,Tata,0
Kolkata,2015,Diesel,Manual,First,25.5,1498.0,99.0,2.5,Figo Titanium Diesel,Ford,1
Jaipur,2011,Petrol,Manual,First,16.0,1368.0,90.0,2.5,Linea Emotion,Fiat,1
Coimbatore,2017,Petrol,Manual,First,18.16,1196.0,86.8,6.7,Figo Aspire 1.2 Ti-VCT Trend,Ford,1
Hyderabad,2005,Petrol,Manual,First,15.4,1590.0,94.0,1.2,Baleno LXI,Maruti,1
Coimbatore,2016,Diesel,Automatic,First,18.88,1995.0,184.0,35.55,3 Series 320d Luxury Line,BMW,3
Jaipur,2017,Diesel,Manual,First,17.9,1998.0,163.7,7.75,Cruze LTZ,Chevrolet,2
Chennai,2005,Diesel,Manual,First,12.7,2609.0,116.6,1.94,Scorpio 2.6 DX,Mahindra,1
Hyderabad,2016,Diesel,Manual,First,25.0,1396.0,69.0,2.2,Indica V2 eLS,Tata,0
Ahmedabad,2011,Diesel,Automatic,First,18.1,1991.0,147.9,3.8,Cruze LTZ AT,Chevrolet,2
Chennai,2016,Diesel,Manual,First,12.8,2494.0,102.0,15.65,Innova 2.5 V Diesel 8-seater,Toyota,1
Coimbatore,2018,Diesel,Automatic,First,19.27,2143.0,167.62,39.47,New C-Class C 220d Avantgarde Edition C,Mercedes-Benz,2
Kolkata,2011,Petrol,Manual,Second,18.5,1197.0,85.8,1.5,Ritz VXi,Maruti,1
Ahmedabad,2013,Diesel,Manual,First,12.8,2494.0,102.0,8.85,Innova 2.5 GX (Diesel) 8 Seater BS IV,Toyota,1
Bangalore,2013,Diesel,Manual,Second,12.55,2982.0,168.5,17.9,Fortuner 4x4 MT,Toyota,2
Coimbatore,2014,Petrol,Automatic,Second,16.95,1197.0,78.9,5.08,i10 Sportz AT,Hyundai,0
Bangalore,2012,Diesel,Manual,First,22.32,1582.0,126.32,6.25,Verna 1.6 SX,Hyundai,1
Bangalore,2015,Diesel,Automatic,First,15.73,1968.0,174.33,22.75,Q3 2012-2015 35 TDI Quattro Premium Plus,Audi,3
Kolkata,2010,Petrol,Manual,First,18.6,1199.0,79.4,1.46,Beat LS,Chevrolet,0
Pune,2007,Diesel,Manual,Second,17.8,1399.0,68.0,2.05,Fiesta 1.4 Duratorq ZXI,Ford,0
Coimbatore,2014,Diesel,Manual,First,20.0,1399.0,68.0,4.08,Figo Diesel EXI,Ford,0
Hyderabad,2014,Petrol,Automatic,First,23.1,998.0,67.04,4.55,Celerio VXI AT,Maruti,0
Mumbai,2013,Diesel,Automatic,First,20.0,2143.0,107.3,14.0,A Class A180 CDI,Mercedes-Benz,1
Ahmedabad,2016,Petrol,Manual,First,15.8,1591.0,121.3,10.9,Creta 1.6 SX,Hyundai,1
Bangalore,2010,Petrol,Manual,First,18.9,998.0,67.1,2.45,Wagon R VXI BS IV,Maruti,0
Delhi,2013,Diesel,Automatic,First,10.0,2148.0,170.0,15.8,E-Class 2009-2013 E 220 CDI Avantgarde,Mercedes-Benz,2
Mumbai,2017,Petrol,Manual,First,18.88,1499.0,110.4,8.25,EcoSport 1.5 Ti VCT MT Titanium BE,Ford,1
Delhi,2013,Diesel,Automatic,Second,13.73,1995.0,148.0,8.5,Koleos 2.0 Diesel,Renault,2
Coimbatore,2016,Diesel,Manual,First,16.0,2179.0,140.0,15.54,XUV500 W10 2WD,Mahindra,2
Hyderabad,2013,Petrol,Manual,First,16.8,796.0,34.2,2.35,Omni E 8 Str STD,Maruti,0
Coimbatore,2015,Petrol,Manual,First,22.5,998.0,67.04,4.32,Wagon R VXI,Maruti,0
Jaipur,2008,Diesel,Manual,Second,13.1,2499.0,141.0,3.9,Endeavour XLT TDCi 4X2,Ford,2
Hyderabad,2011,Diesel,Manual,Second,22.32,1582.0,126.32,5.2,Verna 1.6 SX,Hyundai,1
Mumbai,2018,Petrol,Manual,First,18.6,1197.0,81.83,5.85,i20 Magna 1.2,Hyundai,1
Bangalore,2013,Petrol,Manual,Second,16.02,1373.0,93.7,6.25,Ertiga ZXI,Maruti,1
Coimbatore,2019,Diesel,Automatic,First,14.0,2179.0,155.0,17.63,XUV500 W9 AT,Mahindra,2
Mumbai,2017,Diesel,Manual,First,23.65,1248.0,88.5,9.75,SX4 S Cross DDiS 200 Zeta,Maruti,1
Bangalore,2015,Petrol,Automatic,First,18.1,3498.0,306.0,55.0,SLK-Class SLK 350,Mercedes-Benz,5
Hyderabad,2011,Diesel,Manual,First,22.07,1199.0,73.9,4.1,Polo Diesel Comfortline 1.2L,Volkswagen,0
Hyderabad,2011,Diesel,Manual,First,12.55,2982.0,168.5,11.99,Fortuner 4x4 MT,Toyota,2
Kochi,2017,Diesel,Manual,First,16.0,2179.0,140.0,13.54,XUV500 W10 2WD,Mahindra,2
Mumbai,2016,Diesel,Automatic,First,17.9,2143.0,201.15,56.0,GLE 250d,Mercedes-Benz,3
Chennai,2016,Petrol,Manual,First,18.7,1199.0,88.7,6.5,Jazz 1.2 VX i VTEC,Honda,1
Pune,2013,Diesel,Manual,First,23.4,1248.0,74.0,4.75,Swift Dzire VDI,Maruti,0
Hyderabad,2014,Petrol,Manual,First,17.01,1591.0,121.3,5.6,Verna 1.6 SX VTVT,Hyundai,1
Coimbatore,2017,Diesel,Automatic,First,10.91,3198.0,197.0,29.2,Endeavour 3.2 Titanium AT 4X4,Ford,3
Kolkata,2018,Petrol,Manual,First,18.6,1197.0,81.83,6.35,i20 1.2 Asta Option,Hyundai,1
Mumbai,2013,Petrol,Manual,First,16.8,1497.0,116.3,4.95,City 1.5 V MT Sunroof,Honda,1
Hyderabad,2018,Diesel,Manual,First,27.4,1498.0,98.6,8.5,Amaze VX Diesel,Honda,1
Kolkata,2013,Petrol,Manual,First,17.1,1591.0,121.3,4.5,Verna 1.6 SX VTVT (O),Hyundai,1
Chennai,2015,Diesel,Manual,First,24.2,1498.0,98.6,5.5,Mobilio S i DTEC,Honda,1
Kochi,2013,Diesel,Manual,First,20.77,1248.0,88.8,6.56,Ertiga ZDI,Maruti,1
Pune,2014,Petrol,Manual,First,24.07,998.0,67.1,2.3,Alto K10 LXI,Maruti,0
Pune,2004,Diesel,Manual,Second,13.1,2446.0,75.0,3.5,Qualis FS B2,Toyota,0
Kochi,2016,Petrol,Manual,First,20.36,1197.0,78.9,4.55,i10 Sportz,Hyundai,0
Bangalore,2009,Diesel,Automatic,Second,17.0,1896.0,105.0,7.75,Laura 1.9 TDI AT Ambiente,Skoda,1
Mumbai,2015,Petrol,Manual,Second,18.6,1197.0,81.83,5.25,i20 Asta Option 1.2,Hyundai,1
Coimbatore,2013,Diesel,Automatic,First,11.5,2993.0,235.0,23.29,5 Series 2003-2012 530d Highline,BMW,4
Mumbai,2016,Diesel,Automatic,First,22.69,1995.0,190.0,23.99,3 Series 320d M Sport,BMW,3
Pune,2010,Petrol,Manual,First,14.49,1399.0,92.7,1.79,Aveo 1.4 LT ABS BSIV,Chevrolet,1
Mumbai,2011,Diesel,Automatic,Second,14.21,2143.0,203.0,13.9,E-Class 2009-2013 E250 CDI Elegance,Mercedes-Benz,3
Kolkata,2013,Diesel,Automatic,First,17.68,1968.0,174.33,18.95,A6 2011-2015 2.0 TDI Premium Plus,Audi,3
Kolkata,2014,Petrol,Manual,First,20.51,998.0,67.04,2.49,Wagon R LXI BS IV,Maruti,0
Jaipur,2016,Petrol,Manual,First,25.17,799.0,53.3,3.15,KWID RXT,Renault,0
Mumbai,2017,Diesel,Manual,First,21.66,1498.0,108.62,6.45,Ameo 1.5 TDI Highline,Volkswagen,1
Ahmedabad,2013,Diesel,Manual,First,22.07,1199.0,73.9,4.25,Polo Diesel Comfortline 1.2L,Volkswagen,0
Hyderabad,2014,Petrol,Manual,First,22.74,796.0,47.3,2.75,Alto 800 LXI,Maruti,0
Kochi,2017,Petrol,Manual,First,18.6,1197.0,81.83,7.14,i20 Asta Option 1.2,Hyundai,1
Mumbai,2012,Petrol,Manual,First,18.3,1197.0,113.25304969366915,2.44,Etios Liva G,Toyota,1
Jaipur,2012,Petrol,Manual,Third,17.0,1197.0,80.0,3.5,i20 1.2 Sportz,Hyundai,0
Chennai,2017,Diesel,Manual,First,22.54,1396.0,88.73,7.3,i20 1.4 Asta,Hyundai,1
Kolkata,2014,Petrol,Manual,First,20.51,998.0,67.04,2.75,Wagon R LXI Optional,Maruti,0
Bangalore,2017,Diesel,Manual,Second,22.54,1396.0,88.73,8.2,i20 1.4 Asta Option,Hyundai,1
Mumbai,2015,Petrol,Automatic,First,17.21,1197.0,103.6,6.51,Polo GT TSI,Volkswagen,1
Pune,2015,Diesel,Manual,First,20.0,1399.0,68.05,4.25,Figo Diesel Titanium,Ford,0
Coimbatore,2014,Petrol,Manual,Second,18.6,1197.0,85.8,6.21,Swift ZXI,Maruti,1
Kochi,2016,Diesel,Manual,First,24.0,1120.0,70.0,4.58,Grand i10 CRDi Magna,Hyundai,0
Chennai,2016,Diesel,Manual,First,14.02,2179.0,118.3,7.5,Xylo H4,Mahindra,1
Coimbatore,2014,Petrol,Manual,First,19.81,1086.0,68.05,4.09,i10 Magna 1.1,Hyundai,0
Mumbai,2014,Diesel,Automatic,First,19.3,1968.0,141.0,10.75,Octavia Elegance 2.0 TDI AT,Skoda,2
Mumbai,2014,Diesel,Automatic,First,15.97,2993.0,258.0,41.5,X5 2014-2019 xDrive 30d Design Pure Experience 7 Seater,BMW,4
Hyderabad,2014,Petrol,Automatic,First,23.1,998.0,67.04,4.4,Celerio VXI AT,Maruti,0
Jaipur,2013,Diesel,Manual,Second,20.54,1598.0,103.6,6.25,Vento Diesel Comfortline,Volkswagen,1
Pune,2011,Diesel,Automatic,Second,16.07,1995.0,181.0,10.5,3 Series 320d Highline,BMW,3
Mumbai,2014,Diesel,Manual,First,20.77,1248.0,88.8,7.25,Ertiga ZDI,Maruti,1
Hyderabad,2013,Diesel,Manual,First,20.0,1399.0,68.05,3.2,Figo Diesel ZXI,Ford,0
Mumbai,2014,Petrol,Manual,First,16.47,1198.0,74.0,3.95,Polo 1.2 MPI Highline,Volkswagen,0
Coimbatore,2009,Diesel,Automatic,Second,16.77,2967.0,241.38,12.07,A6 3.0 TDI quattro,Audi,4
Pune,2017,Diesel,Manual,First,13.68,2393.0,147.8,18.6,Innova Crysta 2.4 ZX MT,Toyota,2
Delhi,2013,Diesel,Automatic,First,22.32,1582.0,126.3,5.7,Verna 1.6 CRDi EX AT,Hyundai,1
Kolkata,2013,Petrol,Manual,First,17.92,1086.0,62.1,1.75,Santro Xing GL Plus,Hyundai,0
Delhi,2011,Diesel,Automatic,Second,16.55,1968.0,147.51,10.99,A4 2.0 TDI,Audi,2
Kolkata,2012,Diesel,Automatic,First,16.55,1968.0,147.51,14.5,A4 2.0 TDI,Audi,2
Jaipur,2009,Diesel,Manual,First,17.0,1896.0,105.0,3.11,Laura 1.9 TDI MT Ambiente,Skoda,1
Coimbatore,2015,Petrol,Automatic,First,13.7,1997.0,153.86,13.96,CR-V 2.0L 2WD AT,Honda,2
Coimbatore,2015,Diesel,Manual,First,22.32,1582.0,126.32,7.11,Verna 1.6 SX CRDi (O),Hyundai,1
Chennai,2014,Diesel,Manual,First,24.5,1498.0,98.6,6.9,Mobilio RS i DTEC,Honda,1
Coimbatore,2018,Petrol,Manual,First,18.6,1197.0,81.83,7.77,i20 1.2 Asta Option,Hyundai,1
Kolkata,2011,Diesel,Manual,Second,12.8,2494.0,102.0,5.5,Innova 2.5 G (Diesel) 7 Seater BS IV,Toyota,1
Hyderabad,2014,Petrol,Manual,First,18.6,1197.0,81.83,5.35,i20 Magna 1.2,Hyundai,1
Chennai,2011,Diesel,Manual,Second,13.6,2523.0,63.0,4.5,Bolero VLX BS IV,Mahindra,0
Jaipur,2014,Diesel,Manual,First,20.34,1498.0,103.2,4.75,Vento 1.5 TDI Comfortline,Volkswagen,1
Coimbatore,2015,Diesel,Automatic,First,16.36,2179.0,187.7,32.8,XF 2.2 Litre Luxury,Jaguar,3
Mumbai,2005,Petrol,Manual,First,17.3,993.0,60.0,0.7,Zen LXi - BS III,Maruti,0
Coimbatore,2018,Diesel,Automatic,First,13.0,2987.0,258.0,50.29,E-Class Facelift,Mercedes-Benz,4
Mumbai,2010,Diesel,Manual,Second,11.5,2982.0,171.0,10.99,Fortuner 3.0 Diesel,Toyota,2
Coimbatore,2015,Petrol,Automatic,First,18.9,1197.0,82.0,5.57,Grand i10 AT Asta,Hyundai,1
Jaipur,2018,Diesel,Manual,First,25.4,1186.0,73.97,5.9,Xcent 1.2 CRDi S,Hyundai,0
Coimbatore,2016,Petrol,Manual,First,15.29,1591.0,121.3,9.43,Creta 1.6 VTVT S,Hyundai,1
Bangalore,2010,Petrol,Manual,First,20.36,1197.0,78.9,2.9,i10 Sportz,Hyundai,0
Delhi,2016,Petrol,Manual,First,19.4,1198.0,86.8,3.68,Brio S MT,Honda,1
Coimbatore,2015,Diesel,Automatic,First,12.55,2982.0,168.5,21.67,Fortuner 4x2 AT,Toyota,2
Ahmedabad,2011,Diesel,Automatic,First,16.55,1968.0,140.0,12.5,A4 2.0 TDI Multitronic,Audi,2
Kochi,2018,Diesel,Automatic,First,11.36,2755.0,171.5,19.92,Innova Crysta 2.8 ZX AT,Toyota,2
Jaipur,2014,Diesel,Manual,First,25.1,1498.0,98.6,6.75,City i DTEC VX,Honda,1
Kochi,2015,Diesel,Manual,First,25.1,1498.0,98.6,6.96,City i DTEC VX,Honda,1
Jaipur,2017,Petrol,Manual,First,21.7,999.0,67.0,3.25,KWID 1.0 RXT Optional,Renault,0
Hyderabad,2018,Diesel,Manual,First,28.4,1248.0,74.0,8.65,Swift DDiS ZDI Plus,Maruti,0
Pune,2017,Petrol,Automatic,First,23.1,998.0,67.04,5.0,Celerio VXI Optional AMT,Maruti,0
Delhi,2011,Diesel,Manual,First,15.1,2179.0,140.0,5.5,XUV500 W8 2WD,Mahindra,2
Jaipur,2010,Petrol,Manual,Second,20.36,1197.0,78.9,2.6,i10 Magna,Hyundai,0
Kochi,2014,Petrol,Manual,First,19.81,1086.0,68.05,3.41,i10 Magna 1.1,Hyundai,0
Kolkata,2011,Petrol,Manual,First,22.0,1197.0,81.8,2.7,Dzire VXI,Maruti,1
Chennai,2008,Petrol,Automatic,Fourth & Above,9.7,1995.0,163.5,5.5,Grand Vitara AT,Maruti,2
Kolkata,2012,Petrol,Automatic,First,14.33,1984.0,226.6,35.0,TT 40 TFSI,Audi,4
Mumbai,2011,Petrol,Automatic,Second,14.74,1991.0,184.0,9.75,New C-Class C 200 CGI,Mercedes-Benz,3
Mumbai,2013,Diesel,Manual,First,21.64,1461.0,84.8,4.25,Sunny 2011-2014 Diesel XV,Nissan,1
Ahmedabad,2015,Petrol,Manual,First,18.9,998.0,67.1,3.2,Wagon R LXI,Maruti,0
Bangalore,2014,Diesel,Manual,Second,23.4,1248.0,74.0,6.85,Swift Dzire ZDI,Maruti,0
Delhi,2015,Diesel,Manual,First,25.8,1498.0,98.6,4.5,Amaze S i-Dtech,Honda,1
Delhi,2012,Diesel,Manual,First,28.4,1248.0,74.0,3.55,Swift ZDI,Maruti,0
Hyderabad,2008,Diesel,Manual,First,10.5,2609.0,120.0,3.6,Scorpio LX 2.6 Turbo,Mahindra,1
Kochi,2015,Diesel,Automatic,First,13.0,2143.0,201.1,21.8,E-Class E250 CDI Avantgrade,Mercedes-Benz,3
Mumbai,2012,Diesel,Manual,Second,13.0,2982.0,168.5,13.5,Fortuner 4x2 Manual,Toyota,2
Delhi,2010,Petrol,Manual,Second,16.8,1497.0,116.3,3.75,City V MT,Honda,1
Pune,2018,Petrol,Automatic,First,19.16,2494.0,158.2,32.0,Camry Hybrid,Toyota,2
Coimbatore,2016,Diesel,Manual,First,26.0,1498.0,98.6,8.07,City i DTec V,Honda,1
Kochi,2012,Diesel,Manual,First,19.33,1968.0,138.1,5.64,Jetta 2012-2014 2.0L TDI Trendline,Volkswagen,2
Hyderabad,2013,Diesel,Automatic,First,17.68,1968.0,174.33,23.99,A6 2011-2015 2.0 TDI,Audi,3
Coimbatore,2016,Diesel,Manual,First,20.77,1248.0,88.76,7.5,Ertiga VDI,Maruti,1
Jaipur,2016,Diesel,Automatic,First,19.27,2143.0,167.62,27.0,New C-Class C 220 CDI Style,Mercedes-Benz,2
Mumbai,2008,Diesel,Manual,Second,19.3,1248.0,73.9,2.85,Swift Dzire Vdi BSIV,Maruti,0
Pune,2012,Diesel,Manual,First,19.01,1461.0,108.45,6.35,Duster 110PS Diesel RxZ Pack,Renault,1
Hyderabad,2010,Diesel,Manual,First,21.1,1248.0,73.9,3.3,Ritz VDi,Maruti,0
Bangalore,2013,Petrol,Manual,First,19.1,1197.0,85.8,5.0,Swift Dzire VXI,Maruti,1
Coimbatore,2014,Diesel,Manual,First,22.9,1248.0,74.0,6.46,Swift ZDi,Maruti,0
Jaipur,2017,Petrol,Manual,First,21.1,814.0,55.2,3.75,EON Sportz,Hyundai,0
Kochi,2003,Petrol,Manual,Third,17.3,993.0,60.0,1.52,Zen VXI BSII,Maruti,0
Coimbatore,2012,Petrol,Manual,First,15.1,1196.0,73.0,3.61,Eeco 7 Seater Standard,Maruti,0
Coimbatore,2017,Diesel,Automatic,First,14.16,1968.0,174.3,43.74,Q5 30 TDI quattro Premium,Audi,3
Chennai,2014,Diesel,Automatic,First,15.73,1968.0,174.33,20.0,Q3 2.0 TDI,Audi,3
Hyderabad,2010,Diesel,Manual,First,19.3,1248.0,73.9,3.65,Swift Dzire VDi,Maruti,0
Mumbai,2013,Diesel,Manual,First,14.07,1978.0,83.1,5.25,Sumo DX,Tata,1
Hyderabad,2016,Diesel,Automatic,First,15.97,2993.0,258.0,58.0,X5 2014-2019 xDrive 30d Design Pure Experience 7 Seater,BMW,4
Mumbai,2015,Petrol,Automatic,First,18.0,1497.0,117.3,8.65,City i-VTEC CVT VX,Honda,1
Delhi,2015,Diesel,Manual,First,25.0,1396.0,69.01,2.5,Indigo eCS eLX BS IV,Tata,0
Chennai,2014,Petrol,Automatic,First,16.93,1197.0,103.6,7.75,Vento TSI,Volkswagen,1
Bangalore,2015,Petrol,Manual,First,23.1,998.0,67.04,4.15,Celerio VXI,Maruti,0
Delhi,2011,Diesel,Manual,First,11.5,2982.0,171.0,10.85,Fortuner 3.0 Diesel,Toyota,2
Delhi,2010,Petrol,Automatic,Second,11.3,2360.0,170.0,5.53,Outlander 2.4,Mitsubishi,2
Pune,2014,Diesel,Automatic,First,15.5,1896.0,105.0,11.5,Jetta 2007-2011 1.9 Highline TDI,Volkswagen,1
Hyderabad,2010,Petrol,Manual,First,9.0,3436.0,113.25304969366915,40.0,Cayman 2009-2012 S,Porsche,1
Kolkata,2015,Diesel,Manual,First,19.67,1582.0,126.2,9.25,Creta 1.6 CRDi SX,Hyundai,1
Pune,2011,Petrol,Manual,First,17.5,1198.0,75.0,2.29,Fabia 1.2 MPI Ambiente Petrol,Skoda,0
Chennai,2015,Diesel,Manual,First,22.77,1498.0,98.59,7.0,EcoSport 1.5 TDCi Titanium,Ford,1
Bangalore,2007,Petrol,Manual,Second,18.2,1061.0,64.0,1.65,Zen Estilo 1.1 LXI BSIII,Maruti,0
Ahmedabad,2017,Petrol,Manual,First,20.73,1373.0,91.1,8.25,Ciaz 1.4 Delta,Maruti,1
Kochi,2011,Petrol,Automatic,First,14.74,1991.0,181.03,9.14,New C-Class C 200 Avantgarde Edition C,Mercedes-Benz,3
Hyderabad,2016,Petrol,Manual,First,17.8,1198.0,86.7,6.5,Amaze SX i-VTEC,Honda,1
Kolkata,2012,Diesel,Manual,First,23.59,1364.0,113.25304969366915,2.95,Etios GD,Toyota,1
Jaipur,2015,Diesel,Manual,First,19.87,1461.0,83.8,5.75,Duster 85PS Diesel RxL,Renault,1
Kolkata,2011,Petrol,Manual,Second,16.47,1198.0,73.9,2.1,Polo Petrol Highline 1.2L,Volkswagen,0
Coimbatore,2017,Diesel,Manual,First,19.67,1582.0,126.2,13.55,Creta 1.6 SX Plus Diesel,Hyundai,1
Kolkata,2012,Diesel,Automatic,First,14.74,2993.0,270.9,20.5,XF Diesel,Jaguar,5
Mumbai,2017,Diesel,Manual,First,16.3,1956.0,170.0,20.0,Compass 2.0 Limited 4X4,Jeep,2
Kochi,2018,Diesel,Automatic,First,15.68,1999.0,177.0,59.72,Rover Range Rover Evoque 2.0 TD4 HSE Dynamic,Land,3
Kolkata,2016,Diesel,Manual,First,27.39,1248.0,74.0,6.5,Baleno Alpha Diesel,Maruti,0
Ahmedabad,2016,Diesel,Manual,First,28.09,1248.0,88.5,7.5,Ciaz ZDi SHVS,Maruti,1
Jaipur,2007,Petrol,Manual,Second,15.0,1586.0,104.68,2.15,SX4 Vxi BSIII,Maruti,1
Coimbatore,2015,Diesel,Manual,First,22.7,1582.0,126.24,8.44,Elantra CRDi SX,Hyundai,1
Bangalore,2013,Diesel,Manual,First,13.5,2477.0,175.56,12.49,Pajero Sport 4X4,Mitsubishi,3
Pune,2017,Petrol,Manual,First,17.0,1198.0,73.75,5.48,Ameo 1.2 MPI Comfortline,Volkswagen,0
Hyderabad,2013,Petrol,Manual,First,18.5,1197.0,85.8,4.2,Ritz VXi,Maruti,1
Hyderabad,2013,Diesel,Manual,First,16.8,1493.0,110.0,7.2,Verna CRDi SX,Hyundai,1
Jaipur,2014,Diesel,Manual,First,23.4,1248.0,74.0,4.8,Swift Dzire Tour LDI,Maruti,0
Kochi,2017,Diesel,Manual,First,25.32,1198.0,77.0,5.83,KUV 100 mFALCON D75 K6,Mahindra,0
Coimbatore,2018,Diesel,Manual,First,13.68,2393.0,147.8,18.39,Innova Crysta 2.4 ZX MT,Toyota,2
Pune,2016,Petrol,Manual,First,21.4,1197.0,83.1,5.85,Baleno Delta 1.2,Maruti,1
Mumbai,2016,Diesel,Manual,First,27.3,1498.0,98.6,6.21,Jazz VX Diesel,Honda,1
Delhi,2013,Petrol,Manual,First,17.0,1197.0,80.0,3.65,i20 1.2 Asta,Hyundai,0
Delhi,2012,Diesel,Manual,First,23.0,1396.0,90.0,3.7,i20 Sportz Diesel,Hyundai,1
Pune,2015,Diesel,Automatic,First,19.27,2143.0,167.62,30.0,New C-Class C 220d Avantgarde Edition C,Mercedes-Benz,2
Kochi,2016,Petrol,Manual,First,19.1,1197.0,82.0,4.85,Xcent 1.2 Kappa Base,Hyundai,1
Coimbatore,2017,Petrol,Automatic,First,18.9,1197.0,82.0,6.93,Grand i10 AT Asta,Hyundai,1
Kolkata,2016,Petrol,Manual,First,22.74,796.0,47.3,2.6,Alto 800 VXI,Maruti,0
Kolkata,2014,Petrol,Manual,First,18.2,1199.0,82.5,1.89,Sail Hatchback 1.2 LS,Chevrolet,1
Mumbai,2012,Petrol,Automatic,First,13.7,1798.0,157.75,10.0,Superb Elegance 1.8 TSI AT,Skoda,2
Kolkata,2009,Diesel,Automatic,First,16.55,1968.0,147.51,9.95,A4 2.0 TDI,Audi,2
Mumbai,2014,Diesel,Manual,Second,12.8,2494.0,102.0,9.45,Innova 2.5 G (Diesel) 7 Seater BS IV,Toyota,1
Coimbatore,2017,Diesel,Automatic,First,17.9,2143.0,136.0,28.25,CLA 200 CDI Sport,Mercedes-Benz,2
Jaipur,2008,Petrol,Manual,Second,19.81,1086.0,68.05,1.8,i10 Era,Hyundai,0
Kolkata,2008,Petrol,Manual,Second,17.5,1298.0,85.8,1.4,Swift Dzire VXi,Maruti,1
Ahmedabad,2015,Diesel,Automatic,First,21.66,1498.0,103.52,7.25,Rapid 1.5 TDI AT Ambition,Skoda,1
Hyderabad,2012,Diesel,Manual,First,21.1,1248.0,73.9,3.6,Ritz VDi,Maruti,0
Jaipur,2004,Petrol,Manual,Second,14.4,1599.0,94.0,1.2,Accent GLS 1.6,Hyundai,1
Coimbatore,2014,Petrol,Manual,Second,17.8,1198.0,86.7,4.94,Amaze SX i-VTEC,Honda,1
Delhi,2007,Petrol,Manual,Second,18.9,998.0,67.1,1.25,Wagon R LXI,Maruti,0
Chennai,2013,Diesel,Manual,Second,22.07,1199.0,73.9,4.8,Polo Diesel Comfortline 1.2L,Volkswagen,0
Kochi,2019,Diesel,Automatic,First,12.62,2198.0,158.0,31.15,Endeavour 2.2 Trend AT 4X2,Ford,2
Pune,2011,Petrol,Manual,Second,17.0,1197.0,80.0,3.3,i20 1.2 Sportz,Hyundai,0
Bangalore,2012,Diesel,Manual,First,25.44,936.0,57.6,2.4,Beat Diesel PS,Chevrolet,0
Kolkata,2010,Petrol,Manual,First,14.8,1799.0,130.2,2.0,Civic 2010-2013 1.8 V MT,Honda,2
Pune,2014,Petrol,Manual,First,20.51,998.0,67.04,3.1,Wagon R VXI BS IV,Maruti,0
Kochi,2014,Petrol,Manual,First,15.0,1598.0,103.6,5.09,Rapid 1.6 MPI Ambition Plus,Skoda,1
Pune,2006,Petrol,Manual,Second,15.4,1590.0,94.0,1.05,Baleno Vxi - BSIII,Maruti,1
Bangalore,2015,Diesel,Manual,Second,22.77,1498.0,98.59,7.0,EcoSport 1.5 TDCi Titanium,Ford,1
Ahmedabad,2010,Petrol,Manual,Second,13.2,1495.0,94.0,2.5,Accent GLE,Hyundai,1
Mumbai,2012,Diesel,Automatic,First,22.48,1995.0,190.0,17.5,5 Series 520d Luxury Line,BMW,3
Chennai,2011,Petrol,Manual,First,20.92,998.0,67.1,2.1,Alto K10 2010-2014 VXI,Maruti,0
Bangalore,2013,Diesel,Automatic,First,15.73,1968.0,174.33,17.75,Q3 2012-2015 2.0 TDI Quattro Premium Plus,Audi,3
Bangalore,2005,Petrol,Automatic,Second,11.3,1794.0,125.0,2.45,Corolla H4,Toyota,1
Pune,2011,Diesel,Automatic,First,13.5,2400.0,215.0,13.8,XC60 D5,Volvo,3
Kolkata,2016,Diesel,Manual,First,27.3,1498.0,98.6,5.85,Jazz 1.5 VX i DTEC,Honda,1
Delhi,2017,Diesel,Manual,First,28.09,1248.0,88.5,8.9,Ciaz 1.3 Alpha,Maruti,1
Mumbai,2016,Petrol,Manual,First,20.4,1197.0,81.8,5.15,Swift VXI BSIV,Maruti,1
Kochi,2015,Diesel,Automatic,First,19.27,2143.0,170.0,16.56,New C-Class C 220 CDI Avantgarde,Mercedes-Benz,2
Chennai,2010,Petrol,Manual,Second,18.9,1061.0,67.0,1.65,Wagon R VXI Minor,Maruti,0
Pune,2015,Petrol,Automatic,First,15.5,1595.0,120.7,16.0,A Class A180 Sport,Mercedes-Benz,1
Coimbatore,2017,Diesel,Automatic,First,26.59,1248.0,74.0,8.08,Swift Dzire AMT ZDI,Maruti,0
Pune,2014,Petrol,Automatic,First,18.9,1197.0,82.0,4.5,Grand i10 AT Asta,Hyundai,1
Chennai,2013,Petrol,Manual,Second,16.95,1498.0,97.7,4.3,Sunny 2011-2014 XV Special Edition,Nissan,1
Hyderabad,2010,Petrol,Manual,First,19.0,998.0,66.1,2.6,A-Star Lxi,Maruti,0
Hyderabad,2018,Petrol,Manual,First,25.17,799.0,53.3,4.45,KWID RXT Optional,Renault,0
Coimbatore,2012,Petrol,Automatic,First,17.1,1591.0,121.4,5.37,Verna 1.6 SX VTVT (O) AT,Hyundai,1
Chennai,2008,Petrol,Manual,Second,18.9,1061.0,67.0,1.75,Wagon R LXI Minor,Maruti,0
Kolkata,2013,Diesel,Automatic,First,18.88,1995.0,184.0,16.5,3 Series 320d Sport Line,BMW,3
Delhi,2013,Diesel,Automatic,First,18.48,1995.0,177.0,19.0,5 Series 2003-2012 520d,BMW,3
Jaipur,2016,Diesel,Manual,First,25.0,1396.0,69.01,2.8,Indigo CS eVX,Tata,0
Hyderabad,2015,Diesel,Manual,First,22.54,1396.0,88.73,6.2,i20 Sportz 1.4 CRDi,Hyundai,1
Kochi,2019,Petrol,Manual,First,16.8,796.0,34.2,3.8,Omni E MPI STD BS IV,Maruti,0
Hyderabad,2014,Diesel,Manual,First,25.2,1248.0,74.0,6.1,Swift ZDi,Maruti,0
Coimbatore,2019,Diesel,Manual,First,23.0,1498.0,98.96,11.65,Ecosport Signature Edition Diesel,Ford,1
Mumbai,2014,Petrol,Automatic,First,16.5,1198.0,86.8,4.15,Brio VX AT,Honda,1
Chennai,2017,Diesel,Manual,First,13.68,2393.0,147.8,16.5,Innova Crysta 2.4 GX MT,Toyota,2
Bangalore,2008,Diesel,Manual,Second,10.5,2179.0,120.0,4.3,Scorpio 2.6 LX,Mahindra,1
Kolkata,2010,Petrol,Manual,First,18.5,1197.0,80.0,2.25,i20 1.2 Magna,Hyundai,0
Ahmedabad,2014,Diesel,Manual,First,22.32,1582.0,126.32,6.75,Verna 1.6 SX,Hyundai,1
Chennai,2014,Diesel,Manual,First,15.1,2179.0,140.0,9.4,XUV500 W6 2WD,Mahindra,2
Coimbatore,2014,Diesel,Manual,First,20.64,1498.0,108.5,5.39,Vento 1.5 TDI Comfortline,Volkswagen,1
Kochi,2019,Diesel,Manual,First,26.59,1248.0,74.0,8.51,Swift Dzire VDI Optional,Maruti,0
Pune,2010,Petrol,Manual,First,13.7,1368.0,88.8,1.85,Manza Aura Safire BS IV,Tata,1
Kolkata,2012,Diesel,Manual,Second,22.9,1248.0,74.0,2.5,Swift VDI,Maruti,0
Chennai,2013,Diesel,Manual,First,22.07,1199.0,73.9,4.75,Polo Diesel Highline 1.2L,Volkswagen,0
Pune,2009,Petrol,Manual,Second,17.0,1497.0,118.0,3.5,City 1.5 V MT,Honda,1
Bangalore,2014,Diesel,Manual,First,23.0,1396.0,90.0,5.5,i20 Asta (o) 1.4 CRDi (Diesel),Hyundai,1
Coimbatore,2012,Petrol,Manual,First,17.0,1497.0,118.0,6.33,City 1.5 V MT,Honda,1
Kochi,2014,Diesel,Manual,First,25.44,936.0,57.6,2.47,Beat Diesel,Chevrolet,0
Kochi,2014,Petrol,Manual,First,16.2,995.0,62.1,3.3,Spark 1.0 LS,Chevrolet,0
Delhi,2011,Diesel,Manual,Second,11.57,2179.0,138.1,3.5,New Safari DICOR 2.2 EX 4x2,Tata,2
Delhi,2014,Diesel,Automatic,First,11.3,2987.0,254.8,38.75,GL-Class 350 CDI Blue Efficiency,Mercedes-Benz,4
Pune,2008,Diesel,Automatic,First,11.5,2993.0,235.0,7.99,5 Series 2003-2012 530d Highline,BMW,4
Kochi,2013,Diesel,Manual,First,14.24,2755.0,174.5,13.28,Fortuner 2.8 4WD MT,Toyota,3
Pune,2012,Petrol,Automatic,First,11.25,1995.0,150.0,9.5,X1 sDrive 18i,BMW,2
Kochi,2019,Diesel,Manual,First,20.37,1461.0,108.45,14.01,Captur 1.5 Diesel Platine Mono,Renault,1
Coimbatore,2016,Diesel,Manual,First,24.4,1120.0,71.0,6.99,Xcent 1.1 CRDi S,Hyundai,0
Hyderabad,2010,Diesel,Automatic,Second,13.2,1995.0,170.0,11.0,3 Series 320d,BMW,2
Hyderabad,2008,Petrol,Automatic,Second,10.8,2497.0,215.0,11.0,5 Series 2010-2013 525i,BMW,3
Pune,2010,Petrol,Manual,Second,18.06,1198.0,75.0,2.3,Micra XE,Nissan,0
Delhi,2014,Diesel,Automatic,First,16.36,2179.0,187.7,26.5,XF 2.2 Litre Luxury,Jaguar,3
Bangalore,2011,Diesel,Automatic,First,10.2,4367.0,308.0,67.0,Rover Range Rover TDV8 (Diesel),Land,5
Mumbai,2017,Petrol,Automatic,First,16.0,1368.0,160.0,17.75,Compass 1.4 Limited Option,Jeep,2
Delhi,2010,Petrol,Automatic,Second,10.1,2354.0,152.0,4.8,CR-V 2.4 AT,Honda,2
Coimbatore,2013,Petrol,Manual,First,18.6,1197.0,85.8,4.57,Swift VXI,Maruti,1
Chennai,2016,Diesel,Manual,First,24.4,1120.0,71.0,3.5,Xcent 1.1 CRDi S,Hyundai,0
Kochi,2015,Diesel,Manual,First,19.01,1461.0,108.5,7.61,Terrano XV Premium 110 PS,Nissan,1
Hyderabad,2015,Diesel,Automatic,First,18.25,1968.0,187.74,25.0,A4 35 TDI Technology,Audi,3
Coimbatore,2016,Petrol,Manual,First,18.9,1197.0,82.0,5.88,Grand i10 Asta Option,Hyundai,1
Hyderabad,2015,Diesel,Manual,First,12.99,2494.0,100.6,13.5,Innova 2.5 G (Diesel) 8 Seater,Toyota,1
Kolkata,2015,Petrol,Manual,First,18.5,1197.0,80.0,4.6,i20 1.2 Magna,Hyundai,0
Kolkata,2013,Diesel,Manual,First,22.77,1498.0,98.59,4.9,EcoSport 1.5 TDCi Titanium,Ford,1
Hyderabad,2012,Petrol,Manual,First,17.0,1497.0,118.0,5.25,City 1.5 S MT,Honda,1
Coimbatore,2018,Petrol,Automatic,First,14.8,1497.0,121.36,12.41,EcoSport 1.5 Petrol Titanium Plus AT,Ford,1
Kolkata,2014,Diesel,Manual,First,22.07,1199.0,73.9,3.8,Polo Diesel Highline 1.2L,Volkswagen,0
Mumbai,2010,Diesel,Automatic,First,19.27,2143.0,170.0,8.95,New C-Class C 220 CDI Avantgarde,Mercedes-Benz,2
Hyderabad,2013,Diesel,Manual,First,22.7,1498.0,89.84,7.2,Ecosport 1.5 DV5 MT Titanium,Ford,1
Hyderabad,2017,Petrol,Manual,First,14.4,1396.0,65.0,4.5,Indigo GLE,Tata,0
Delhi,2014,Diesel,Manual,First,26.59,1248.0,74.0,4.15,Swift Dzire LDI,Maruti,0
Coimbatore,2016,Diesel,Manual,First,25.1,1248.0,88.5,7.94,S-Cross Zeta DDiS 200 SH,Maruti,1
Pune,2014,Diesel,Manual,First,19.01,1461.0,108.45,7.25,Duster 110PS Diesel RxZ Pack,Renault,1
Delhi,2016,Petrol,Manual,First,18.9,998.0,67.1,3.7,Wagon R VXI,Maruti,0
Chennai,2011,Diesel,Manual,Third,25.44,936.0,57.6,1.5,Beat Diesel LT,Chevrolet,0
Delhi,2017,Diesel,Manual,First,16.0,1997.0,140.0,12.0,XUV500 W4 1.99 mHawk,Mahindra,2
Delhi,2012,Petrol,Manual,Second,19.81,1086.0,68.05,2.2,i10 Era 1.1,Hyundai,0
Hyderabad,2007,Diesel,Manual,First,13.93,2179.0,138.0,3.6,New Safari DICOR 2.2 EX 4x4,Tata,2
Kolkata,2009,Petrol,Manual,First,20.36,1197.0,78.9,1.92,i10 Sportz,Hyundai,0
Bangalore,2016,Diesel,Automatic,First,11.36,2755.0,171.5,20.5,Innova Crysta 2.8 ZX AT,Toyota,2
Jaipur,2010,Diesel,Manual,First,17.5,1896.0,106.0,4.25,Laura Elegance MT,Skoda,1
Kolkata,2013,Petrol,Manual,First,18.9,1197.0,82.0,3.2,Grand i10 Sportz,Hyundai,1
Pune,2012,Diesel,Manual,Second,23.59,1364.0,113.25304969366915,2.6,Etios Liva GD,Toyota,1
Kolkata,2014,Diesel,Manual,First,23.4,1248.0,74.0,3.85,Swift Dzire VDI,Maruti,0
Kochi,2010,Diesel,Manual,First,23.0,1396.0,90.0,3.48,i20 Asta 1.4 CRDi (Diesel),Hyundai,1
Hyderabad,2017,Diesel,Manual,Second,25.83,1498.0,99.0,4.55,Figo 2015-2019 1.5D Trend MT,Ford,1
Pune,2016,Diesel,Manual,First,25.47,1248.0,88.5,7.0,Ertiga VDI,Maruti,1
Ahmedabad,2013,Diesel,Manual,First,20.77,1248.0,88.8,5.75,Ertiga ZDI,Maruti,1
Kochi,2016,Petrol,Automatic,First,16.8,1497.0,116.3,8.73,City 1.5 V AT Sunroof,Honda,1
Hyderabad,2009,Petrol,Manual,First,19.7,796.0,46.3,1.7,Alto LXi BSIII,Maruti,0
Hyderabad,2016,Diesel,Automatic,First,10.91,3198.0,197.0,29.5,Endeavour 3.2 Titanium AT 4X4,Ford,3
Kochi,2019,Diesel,Manual,First,24.3,1248.0,88.5,10.49,Vitara Brezza ZDi Plus,Maruti,1
Kolkata,2015,Petrol,Automatic,First,8.6,2706.0,265.0,64.0,Boxster S tiptronic,Porsche,4
Pune,2016,Diesel,Manual,First,22.9,1248.0,74.0,7.55,Swift ZDi,Maruti,0
Mumbai,2014,Petrol,Manual,First,17.57,1193.0,88.7,3.95,Zest Revotron 1.2 XT,Tata,1
Bangalore,2010,Petrol,Manual,Fourth & Above,17.0,1197.0,80.0,3.25,i20 1.2 Sportz Option,Hyundai,0
Mumbai,2009,Diesel,Manual,First,19.4,1422.0,70.0,2.75,Fabia 1.4 TDI Active,Skoda,0
Kolkata,2015,Diesel,Manual,First,21.43,1364.0,87.2,7.35,Corolla Altis D-4D J,Toyota,1
Ahmedabad,2017,Petrol,Manual,First,17.0,1198.0,73.75,4.7,Ameo 1.2 MPI Comfortline,Volkswagen,0
Kochi,2016,Petrol,Manual,Second,15.29,1591.0,121.3,8.77,Creta 1.6 VTVT S,Hyundai,1
Kochi,2013,Petrol,Manual,First,20.36,1197.0,78.9,3.42,i10 Magna 1.2,Hyundai,0
Kolkata,2015,Petrol,Manual,First,18.6,1199.0,76.8,2.5,Beat LS,Chevrolet,0
Kolkata,2012,Diesel,Automatic,First,14.74,2993.0,270.9,20.0,XF 3.0 Litre S Premium Luxury,Jaguar,5
Mumbai,2014,Petrol,Manual,First,13.24,1598.0,102.5,5.25,Terrano XL,Nissan,1
Delhi,2013,Diesel,Automatic,Second,15.73,1968.0,174.33,14.5,Q3 2012-2015 2.0 TDI Quattro Premium Plus,Audi,3
Mumbai,2011,Petrol,Automatic,First,16.95,1197.0,78.9,3.45,i10 Asta AT,Hyundai,0
Pune,2015,Petrol,Automatic,First,24.07,998.0,67.1,3.3,Alto K10 VXI AGS,Maruti,0
Bangalore,2014,Diesel,Automatic,First,11.33,4134.0,335.2,51.0,Q7 4.2 TDI Quattro Technology,Audi,6
Kolkata,2017,Diesel,Manual,First,24.3,1248.0,88.5,6.5,Vitara Brezza VDi,Maruti,1
Hyderabad,2013,Petrol,Manual,First,21.1,814.0,55.2,3.65,EON D Lite Plus,Hyundai,0
Chennai,2012,Diesel,Manual,First,20.0,1497.0,115.0,7.25,XUV300 W8 Diesel,Mahindra,1
Kochi,2014,Diesel,Manual,First,22.0,1582.0,126.2,6.01,Verna CRDi 1.6 SX Option,Hyundai,1
Kolkata,2015,Petrol,Manual,First,18.9,998.0,67.1,2.8,Wagon R VXI,Maruti,0
Chennai,2012,Petrol,Manual,First,17.0,1197.0,80.0,4.0,i20 Sportz Option,Hyundai,0
Delhi,2014,Petrol,Manual,First,17.4,1497.0,117.3,5.95,City i VTEC V,Honda,1
Chennai,2011,Diesel,Manual,Second,12.8,2494.0,102.0,9.2,Innova 2.5 V Diesel 7-seater,Toyota,1
Pune,2012,Diesel,Manual,First,16.8,1493.0,110.0,5.35,Verna CRDi SX,Hyundai,1
Delhi,2017,Diesel,Manual,First,17.6,2179.0,153.86,12.0,Hexa XT,Tata,2
Coimbatore,2015,Diesel,Automatic,Second,12.07,2967.0,241.4,38.94,Q7 3.0 TDI Quattro Premium Plus,Audi,4
Coimbatore,2008,Petrol,Manual,Second,18.9,998.0,67.1,2.69,Wagon R VXI,Maruti,0
Bangalore,2013,Diesel,Automatic,Second,17.09,1995.0,218.0,27.5,5 Series 2013-2017 525d Luxury Line,BMW,3
Kolkata,2014,Petrol,Manual,First,18.0,1198.0,86.7,2.75,Amaze EX i-Vtech,Honda,1
Mumbai,2016,Petrol,Manual,First,24.7,796.0,47.3,2.8,Alto 800 2016-2019 LXI,Maruti,0
Mumbai,2016,Petrol,Manual,First,17.01,1591.0,121.3,6.45,Verna 1.6 SX VTVT,Hyundai,1
Coimbatore,2018,Petrol,Manual,First,23.84,1199.0,84.0,5.88,Tiago 1.2 Revotron XZ,Tata,1
Pune,2013,Petrol,Manual,First,18.6,1197.0,85.8,4.65,Swift LXI,Maruti,1
Jaipur,2014,Petrol,Manual,First,21.1,814.0,55.2,2.5,EON Era,Hyundai,0
Kochi,2018,Petrol,Automatic,First,12.6,1950.0,191.34,51.35,E-Class E 220 d,Mercedes-Benz,3
Hyderabad,2016,Diesel,Manual,First,22.54,1396.0,88.73,6.85,i20 Magna 1.4 CRDi,Hyundai,1
Chennai,2012,Diesel,Manual,First,23.59,1364.0,67.05,5.25,Etios VD,Toyota,0
Coimbatore,2014,Diesel,Manual,First,21.43,1364.0,87.2,9.23,Corolla Altis Diesel D4DG,Toyota,1
Ahmedabad,2014,Diesel,Automatic,First,20.7,1496.0,113.98,22.0,Cooper 5 DOOR D,Mini,1
Hyderabad,2014,Diesel,Manual,First,20.14,1498.0,88.8,5.19,Polo 1.5 TDI Highline,Volkswagen,1
Pune,2009,Petrol,Automatic,First,13.7,1798.0,157.75,4.35,Superb Elegance 1.8 TSI AT,Skoda,2
Hyderabad,2013,Diesel,Automatic,First,10.0,2148.0,170.0,24.5,E-Class 2009-2013 E 220 CDI Avantgarde,Mercedes-Benz,2
Pune,2015,Diesel,Manual,First,17.8,1248.0,75.0,5.75,Swift VDi BSIII W/ ABS,Maruti,0
Kochi,2016,Petrol,Automatic,First,18.0,1497.0,117.3,9.19,City i VTEC CVT VX,Honda,1
Pune,2008,Petrol,Automatic,Second,8.45,2979.0,321.0,10.75,7 Series 2007-2012 740Li,BMW,6
Bangalore,2009,Petrol,Automatic,First,19.2,1197.0,80.0,2.99,i10 Magna AT,Hyundai,0
Kolkata,2014,Diesel,Manual,First,26.59,1248.0,74.0,3.89,Swift Dzire VDI,Maruti,0
Coimbatore,2018,Diesel,Manual,First,26.0,1498.0,98.6,11.73,City i DTec VX,Honda,1
Coimbatore,2016,Petrol,Manual,First,14.0,796.0,35.0,3.11,Omni 8 Seater BSIV,Maruti,0
Jaipur,2014,Diesel,Manual,Second,17.2,1968.0,138.1,14.45,Superb 2009-2014 Elegance 2.0 TDI MT,Skoda,2
Ahmedabad,2018,Diesel,Manual,First,24.52,1248.0,88.5,8.7,Ertiga SHVS VDI,Maruti,1
Kochi,2016,Diesel,Manual,First,24.0,1120.0,70.0,5.04,Grand i10 CRDi Magna,Hyundai,0
Jaipur,2017,Diesel,Manual,First,28.09,1248.0,88.5,8.5,Ciaz VDi Plus SHVS,Maruti,1
Delhi,2014,Diesel,Automatic,First,19.27,2143.0,170.0,15.65,New C-Class C 220 CDI Avantgarde,Mercedes-Benz,2
Mumbai,2015,Diesel,Manual,First,20.5,1248.0,91.72,5.65,Avventura MULTIJET Emotion,Fiat,1
Bangalore,2010,Petrol,Automatic,First,10.93,2497.0,204.0,16.5,E-Class 2009-2013 E 250 Elegance,Mercedes-Benz,3
Pune,2012,Petrol,Manual,First,15.04,1598.0,103.6,3.9,Vento Petrol Highline,Volkswagen,1
Jaipur,2013,Diesel,Automatic,First,18.88,1995.0,184.0,14.5,3 Series 320d Luxury Line,BMW,3
Bangalore,2015,Diesel,Automatic,First,14.69,2993.0,258.0,44.0,5 Series 2013-2017 530d M Sport,BMW,4
Delhi,2017,Petrol,Manual,First,18.9,1197.0,81.86,5.0,Grand i10 1.2 Kappa Magna,Hyundai,1
Hyderabad,2016,Diesel,Automatic,First,11.36,2755.0,171.5,19.75,Innova Crysta 2.8 ZX AT,Toyota,2
Coimbatore,2017,Diesel,Automatic,First,19.6,1461.0,108.45,11.44,Duster 110PS Diesel RxZ AMT,Renault,1
Chennai,2011,Diesel,Manual,First,18.0,1248.0,75.0,1.75,Indica Vista Aura 1.3 Quadrajet,Tata,0
Bangalore,2013,Diesel,Manual,First,17.8,1248.0,113.25304969366915,5.6,Swift VDI BSIV,Maruti,1
Kochi,2016,Petrol,Manual,First,12.3,1796.0,185.0,30.42,E-Class 2009-2013 E 200 CGI Avantgarde,Mercedes-Benz,3
Coimbatore,2013,Diesel,Manual,First,15.1,2179.0,140.0,9.57,XUV500 W8 4WD,Mahindra,2
Mumbai,2016,Diesel,Manual,First,15.96,2523.0,62.1,3.5,Bolero ZLX,Mahindra,0
Coimbatore,2018,Diesel,Manual,First,24.3,1248.0,88.5,10.46,Vitara Brezza ZDi,Maruti,1
Pune,2014,Diesel,Manual,First,20.5,1248.0,91.72,4.85,Avventura MULTIJET Emotion,Fiat,1
Kochi,2016,Petrol,Manual,First,19.5,1199.0,88.76,5.68,Amaze S Petrol,Honda,1
Mumbai,2015,Petrol,Automatic,First,13.7,1798.0,157.75,13.25,Superb Elegance 1.8 TSI AT,Skoda,2
Bangalore,2011,Diesel,Automatic,First,14.74,2993.0,270.9,16.0,XF 3.0 Litre S Premium Luxury,Jaguar,5
Chennai,2013,Petrol,Manual,First,18.9,998.0,67.1,3.0,Wagon R VXI BSIII,Maruti,0
Kolkata,2007,Petrol,Manual,First,17.0,1086.0,113.25304969366915,0.99,Santro Xing XL eRLX Euro III,Hyundai,1
Mumbai,2010,Petrol,Automatic,First,14.53,1798.0,138.1,5.0,Corolla Altis VL,Toyota,2
Delhi,2016,Petrol,Manual,First,16.1,1197.0,85.0,4.75,Swift VXi BSIV,Maruti,1
Bangalore,2014,Petrol,Manual,First,16.47,1198.0,74.0,5.35,Polo 1.2 MPI Highline,Volkswagen,0
Hyderabad,2017,Petrol,Manual,First,18.9,1197.0,81.86,5.98,Grand i10 1.2 Kappa Asta,Hyundai,1
Chennai,2011,Diesel,Manual,Third,21.5,1248.0,88.8,3.5,SX4 ZDI,Maruti,1
Kochi,2018,Petrol,Manual,First,18.9,1197.0,81.86,4.77,Grand i10 1.2 Kappa Magna,Hyundai,1
Delhi,2016,Petrol,Manual,First,21.4,1197.0,83.1,5.45,Baleno Delta 1.2,Maruti,1
Ahmedabad,2018,Petrol,Automatic,First,20.3,1199.0,84.0,6.85,Tigor 1.2 Revotron XTA,Tata,1
Jaipur,2016,Diesel,Automatic,First,26.59,1248.0,74.0,7.3,Swift Dzire AMT ZDI,Maruti,0
Pune,2007,Petrol,Manual,First,15.3,1193.0,65.3,1.25,Indica GLS BS IV,Tata,0
Chennai,2015,Diesel,Manual,First,22.7,1598.0,118.0,8.25,SX4 S Cross DDiS 320 Zeta,Maruti,1
Ahmedabad,2008,Petrol,Manual,First,16.1,1298.0,88.2,2.71,Swift VXI BSIII,Maruti,1
Kolkata,2016,Petrol,Manual,First,19.1,1197.0,82.0,3.6,Xcent 1.2 Kappa SX,Hyundai,1
Ahmedabad,2010,Petrol,Manual,First,18.5,1197.0,80.0,3.0,i20 1.2 Magna,Hyundai,0
Hyderabad,2016,Petrol,Automatic,First,23.1,998.0,67.04,4.65,Celerio VXI AT,Maruti,0
Mumbai,2010,Diesel,Automatic,First,14.84,2143.0,170.0,9.5,New C-Class C 220 CDI Elegance AT,Mercedes-Benz,2
Mumbai,2011,Petrol,Manual,First,17.5,1298.0,85.8,2.95,Swift Dzire VXi,Maruti,1
Mumbai,2011,Petrol,Manual,First,15.04,1598.0,103.6,3.0,Vento Petrol Trendline,Volkswagen,1
Hyderabad,2015,Diesel,Manual,First,25.2,1248.0,74.0,5.95,Swift ZDi,Maruti,0
Delhi,2008,Petrol,Automatic,First,14.53,1798.0,138.1,4.0,Corolla Altis VL,Toyota,2
Delhi,2008,Petrol,Manual,First,13.5,1799.0,130.0,2.5,Civic 2006-2010 1.8 V MT,Honda,2
Kolkata,2017,Petrol,Automatic,First,16.05,1499.0,110.4,11.37,EcoSport 1.5 Ti VCT AT Titanium BE,Ford,1
Pune,2010,Diesel,Manual,Second,19.0,1248.0,93.0,2.25,Linea Emotion Pack (Diesel),Fiat,1
Jaipur,2013,Petrol,Manual,First,19.81,1086.0,68.05,3.1,i10 Era,Hyundai,0
Kochi,2014,Diesel,Automatic,First,11.2,2400.0,215.0,17.18,XC60 D5 Inscription,Volvo,3
Jaipur,2018,Petrol,Manual,First,18.6,1197.0,81.83,6.5,i20 1.2 Asta,Hyundai,1
Ahmedabad,2014,Diesel,Manual,First,26.0,1498.0,98.6,5.7,City i DTEC S,Honda,1
Ahmedabad,2013,Diesel,Manual,First,12.99,2494.0,100.0,8.0,Innova 2.5 VX (Diesel) 8 Seater BS IV,Toyota,1
Chennai,2016,Petrol,Manual,First,25.17,799.0,53.3,2.6,KWID RXT,Renault,0
Hyderabad,2009,Petrol,Manual,First,19.0,998.0,66.1,2.45,A-Star Vxi,Maruti,0
Kochi,2014,Petrol,Automatic,First,14.8,1595.0,120.7,11.57,B Class B180,Mercedes-Benz,1
Kolkata,2012,Petrol,Manual,First,18.9,998.0,67.1,2.3,Wagon R LXI BS IV,Maruti,0
Jaipur,2016,Diesel,Manual,First,25.2,1248.0,74.0,5.9,Swift VDI BSIV,Maruti,0
Mumbai,2015,Petrol,Automatic,First,17.0,1591.0,121.3,7.2,Verna VTVT 1.6 AT SX Option,Hyundai,1
Ahmedabad,2013,Diesel,Automatic,First,22.0,1582.0,126.2,5.9,Verna CRDi 1.6 AT SX Option,Hyundai,1
Chennai,2014,Petrol,Manual,Second,16.8,1497.0,116.3,6.0,City V MT,Honda,1
Kolkata,2010,Petrol,Manual,First,16.0,1086.0,66.7,1.95,i10 Magna Optional 1.1L,Hyundai,0
Coimbatore,2016,Diesel,Manual,First,23.59,1364.0,67.04,6.55,Etios GD SP,Toyota,0
Hyderabad,2015,Diesel,Automatic,First,27.03,1969.0,190.0,25.0,S60 D4 Momentum,Volvo,3
Kolkata,2012,Diesel,Manual,First,20.0,1399.0,68.05,2.65,Figo Diesel EXI,Ford,0
Mumbai,2017,Diesel,Automatic,First,13.0,2987.0,265.0,69.5,E-Class 2015-2017 E350 CDI Avantgrade,Mercedes-Benz,4
Chennai,2012,Diesel,Automatic,First,22.69,1995.0,190.0,14.0,3 Series 320d Luxury Line,BMW,3
Pune,2014,Petrol,Manual,Second,22.74,796.0,47.3,2.1,Alto 800 VXI,Maruti,0
Hyderabad,2017,Diesel,Manual,First,13.68,2393.0,147.8,20.4,Innova Crysta 2.4 VX MT,Toyota,2
Hyderabad,2019,Petrol,Manual,First,18.78,999.0,75.0,5.68,Polo 1.0 MPI Trendline,Volkswagen,0
Mumbai,2014,Petrol,Manual,First,13.24,1598.0,102.5,5.55,Terrano XL,Nissan,1
Mumbai,2013,Diesel,Manual,First,13.5,2477.0,175.56,12.75,Pajero Sport 4X4,Mitsubishi,3
Mumbai,2012,Petrol,Manual,Second,14.8,1799.0,130.2,3.35,Civic 2010-2013 1.8 S MT,Honda,2
Kolkata,2013,Petrol,Manual,First,22.74,796.0,47.3,1.55,Alto 800 LXI,Maruti,0
Coimbatore,2013,Diesel,Manual,Second,20.54,1598.0,103.6,5.9,Vento Diesel Highline,Volkswagen,1
Hyderabad,2012,Diesel,Automatic,First,12.35,2179.0,187.74,18.98,Rover Freelander 2 HSE,Land,3
Mumbai,2014,Petrol,Manual,First,13.7,1997.0,153.86,11.51,CR-V 2.0L 2WD MT,Honda,2
Mumbai,2016,Diesel,Manual,First,20.77,1248.0,88.76,7.75,Ertiga VDI,Maruti,1
Chennai,2016,Diesel,Manual,First,12.99,2494.0,100.6,13.9,Innova 2.5 GX (Diesel) 7 Seater,Toyota,1
Kolkata,2010,Petrol,Manual,First,15.0,1368.0,90.0,1.35,Manza Aura Safire,Tata,1
Mumbai,2015,Diesel,Automatic,Second,12.07,2967.0,241.4,38.0,Q7 35 TDI Quattro Premium Plus,Audi,4
Mumbai,2017,Petrol,Automatic,First,17.1,1591.0,121.4,11.6,Verna 1.6 SX VTVT (O) AT,Hyundai,1
Hyderabad,2017,Diesel,Automatic,First,21.5,1498.0,108.5,12.25,Vento 1.5 Highline Plus AT 16 Alloy,Volkswagen,1
Jaipur,2011,Petrol,Manual,First,17.0,1497.0,118.0,3.8,City 1.5 S MT,Honda,1
Mumbai,2014,Diesel,Manual,First,20.0,1399.0,68.05,3.25,Figo Diesel Titanium,Ford,0
Mumbai,2016,Petrol,Manual,First,18.7,1199.0,88.7,6.4,Jazz 1.2 VX i VTEC,Honda,1
Bangalore,2012,Petrol,Manual,Second,16.47,1198.0,73.9,3.95,Polo Petrol Highline 1.2L,Volkswagen,0
Delhi,2010,Petrol,Manual,First,17.4,1497.0,117.3,3.57,City i-VTEC S,Honda,1
Mumbai,2005,Petrol,Manual,Second,17.7,1497.0,78.0,1.25,City ZX GXi,Honda,0
Kolkata,2013,Petrol,Automatic,Second,12.0,2354.0,187.4,12.5,CR-V 2.4L 4WD AT AVN,Honda,3
Ahmedabad,2014,Diesel,Automatic,Second,18.12,1995.0,190.0,23.0,5 Series 2013-2017 520d Luxury Line,BMW,3
Coimbatore,2012,Diesel,Manual,First,12.05,2179.0,120.0,6.32,Scorpio VLX 2.2 mHawk BSIII,Mahindra,1
Kolkata,2012,Diesel,Manual,First,20.54,1598.0,103.6,3.4,Vento Diesel Comfortline,Volkswagen,1
Jaipur,1999,Petrol,Manual,Second,17.3,993.0,60.0,0.77,Zen VX,Maruti,0
Jaipur,2009,Petrol,Manual,First,16.1,796.0,37.0,0.9,800 DX BSII,Maruti,0
Delhi,2017,Petrol,Automatic,First,14.28,1798.0,138.03,18.0,Corolla Altis 1.8 VL CVT,Toyota,2
Pune,2013,Petrol,Automatic,First,14.59,1997.0,245.0,19.0,3 Series 328i Sport Line,BMW,4
Chennai,2007,Petrol,Manual,Third,13.8,1299.0,70.0,1.1,Ikon 1.3 Flair,Ford,0
Pune,2012,Petrol,Manual,Second,18.6,1199.0,79.4,2.0,Beat LT,Chevrolet,0
Ahmedabad,2012,Diesel,Manual,First,21.43,1364.0,86.79,6.5,Corolla Altis 1.4 DG,Toyota,1
Bangalore,2014,Diesel,Manual,First,16.0,2179.0,140.0,9.45,XUV500 W4,Mahindra,2
Mumbai,2016,Diesel,Manual,First,24.4,1120.0,71.0,4.0,Xcent 1.1 CRDi Base,Hyundai,0
Kochi,2017,Diesel,Automatic,First,13.0,2143.0,204.0,32.25,E-Class 2015-2017 E250 CDI Avantgarde,Mercedes-Benz,3
Pune,2009,Petrol,Manual,First,20.36,1197.0,78.9,2.1,i10 Sportz,Hyundai,0
Mumbai,2015,Petrol,Automatic,Second,14.28,1798.0,138.03,9.75,Corolla Altis VL AT,Toyota,2
Kolkata,2014,Petrol,Manual,First,14.53,1798.0,138.0,6.3,Corolla 1.8 J,Toyota,2
Hyderabad,2013,Diesel,Automatic,First,17.32,1968.0,184.0,21.0,Q3 2.0 TDI Quattro,Audi,3
Mumbai,2014,Diesel,Manual,First,21.9,1396.0,88.8,4.65,i20 Magna Optional 1.4 CRDi,Hyundai,1
Mumbai,2013,Diesel,Automatic,Second,19.27,2143.0,167.62,17.0,New C-Class C 220d Avantgarde Edition C,Mercedes-Benz,2
Pune,2013,Diesel,Manual,First,21.1,1248.0,73.9,4.35,Ritz VDi,Maruti,0
Coimbatore,2017,Diesel,Manual,First,19.67,1582.0,126.2,14.82,Creta 1.6 SX Plus Diesel,Hyundai,1
Delhi,2018,Diesel,Automatic,First,13.6,1999.0,177.0,40.0,XE 2.0L Diesel Prestige,Jaguar,3
Chennai,2016,Diesel,Manual,First,14.95,2489.0,93.7,6.15,Xylo D4,Mahindra,1
Ahmedabad,2014,Diesel,Manual,First,12.99,2494.0,100.6,11.25,Innova 2.5 G (Diesel) 7 Seater,Toyota,1
Pune,2018,Petrol,Automatic,First,19.16,2494.0,157.7,32.0,Camry 2.5 Hybrid,Toyota,2
Coimbatore,2018,Diesel,Automatic,First,13.22,2967.0,241.4,45.62,Q5 3.0 TDI Quattro,Audi,4
Kochi,2017,Diesel,Manual,First,28.4,1248.0,74.0,6.24,Swift VDI,Maruti,0
Chennai,2015,Diesel,Manual,First,20.77,1248.0,88.76,4.8,Ertiga VDI Limited Edition,Maruti,1
Chennai,2014,Petrol,Manual,Second,16.1,1197.0,85.0,4.5,Swift VXi BSIV,Maruti,1
Kochi,2015,Petrol,Manual,First,20.36,1197.0,78.9,3.87,i10 Sportz,Hyundai,0
Delhi,2013,Petrol,Manual,First,20.36,1197.0,78.9,2.75,i10 Sportz,Hyundai,0
Kochi,2018,Petrol,Manual,First,21.4,1197.0,83.1,6.57,Baleno Sigma 1.2,Maruti,1
Jaipur,2010,Petrol,Manual,First,16.36,1495.0,93.7,2.0,Accent Executive,Hyundai,1
Ahmedabad,2012,Petrol,Manual,First,19.4,1198.0,86.8,3.65,Brio S MT,Honda,1
Hyderabad,2016,Diesel,Manual,First,22.9,1248.0,74.0,6.95,Swift ZDi,Maruti,0
Bangalore,2014,Petrol,Manual,First,20.14,1197.0,81.86,5.5,Xcent 1.2 VTVT S,Hyundai,1
Kolkata,2013,Diesel,Manual,First,16.0,2179.0,140.0,7.0,XUV500 W8 2WD,Mahindra,2
Delhi,2014,Diesel,Automatic,First,13.0,2143.0,201.1,24.0,E-Class E250 CDI Avantgrade,Mercedes-Benz,3
Bangalore,2016,Diesel,Automatic,First,19.27,2143.0,170.0,32.5,New C-Class C 220 CDI Avantgarde,Mercedes-Benz,2
Kochi,2015,Diesel,Manual,First,21.27,1396.0,88.76,6.45,i20 Asta 1.4 CRDi,Hyundai,1
Mumbai,2015,Diesel,Automatic,First,19.3,1968.0,141.0,15.75,Octavia Elegance 2.0 TDI AT,Skoda,2
Mumbai,2014,Petrol,Manual,First,17.0,1497.0,118.0,5.5,City 1.5 S MT,Honda,1
Kochi,2015,Diesel,Automatic,First,12.55,2982.0,168.5,19.03,Fortuner 4x2 AT,Toyota,2
Kolkata,2013,Diesel,Automatic,First,17.32,1968.0,184.0,15.25,Q3 2.0 TDI Quattro,Audi,3
Hyderabad,2012,Petrol,Manual,First,20.92,998.0,67.1,2.4,Alto K10 2010-2014 VXI,Maruti,0
Chennai,2011,Diesel,Manual,First,23.03,1396.0,69.0,2.3,Indigo eCS LX BSIV,Tata,0
Kochi,2014,Diesel,Automatic,First,17.11,1968.0,174.33,14.35,A4 2.0 TDI 177 Bhp Premium Plus,Audi,3
Kochi,2018,Petrol,Automatic,First,18.0,1497.0,117.3,11.97,City i-VTEC CVT VX,Honda,1
Ahmedabad,2015,Diesel,Manual,First,14.24,2755.0,174.5,18.9,Fortuner 2.8 2WD MT,Toyota,3
Ahmedabad,2017,Petrol,Manual,First,18.9,1197.0,82.0,5.4,Grand i10 Sportz,Hyundai,1
Hyderabad,2015,Petrol,Manual,First,15.1,1196.0,73.0,2.95,Eeco 7 Seater Standard,Maruti,0
Bangalore,2013,Petrol,Manual,First,16.47,1198.0,73.9,5.1,Polo Petrol Highline 1.2L,Volkswagen,0
Jaipur,2006,Petrol,Manual,First,18.9,1061.0,67.0,1.5,Wagon R LXI Minor,Maruti,0
Bangalore,2011,Petrol,Manual,First,17.0,1497.0,118.0,4.9,City 1.5 V MT,Honda,1
Mumbai,2010,Petrol,Manual,First,14.8,1799.0,130.2,2.9,Civic 2010-2013 1.8 S MT,Honda,2
Pune,2005,Petrol,Manual,First,13.0,1493.0,100.0,1.15,City 1.5 EXI,Honda,1
Kolkata,2010,Petrol,Manual,First,18.5,1197.0,80.0,2.3,i20 1.2 Magna,Hyundai,0
Kochi,2018,Diesel,Manual,First,24.0,1120.0,70.0,5.99,Grand i10 CRDi Sportz Celebration Edition,Hyundai,0
Pune,2011,Petrol,Automatic,Third,14.4,1598.0,103.6,3.4,Vento Petrol Highline AT,Volkswagen,1
Kolkata,2009,Petrol,Manual,First,20.36,1197.0,78.9,1.7,i10 Sportz 1.2,Hyundai,0
Kolkata,2009,Petrol,Manual,First,17.0,1197.0,80.0,1.99,i20 Asta,Hyundai,0
Pune,2012,Petrol,Manual,First,18.6,1199.0,79.4,2.5,Beat LS,Chevrolet,0
Hyderabad,2013,Diesel,Manual,First,22.07,1199.0,73.9,4.85,Polo Diesel Highline 1.2L,Volkswagen,0
Hyderabad,2010,Petrol,Manual,First,15.6,1196.0,70.0,2.65,Figo Petrol LXI,Ford,0
Kochi,2014,Petrol,Automatic,First,9.9,1984.0,207.8,27.35,TT 2.0 TFSI,Audi,3
Jaipur,2015,Diesel,Manual,Second,25.1,1498.0,98.6,6.9,City i DTEC VX,Honda,1
Hyderabad,2013,Diesel,Manual,First,20.0,1399.0,68.05,3.5,Figo Diesel Titanium,Ford,0
Delhi,2015,Diesel,Manual,First,12.99,2494.0,100.6,12.5,Innova 2.5 ZX Diesel 7 Seater,Toyota,1
Delhi,2017,Petrol,Automatic,First,19.12,1373.0,91.1,9.2,Ciaz 1.4 AT Alpha,Maruti,1
Mumbai,2015,Petrol,Automatic,First,18.9,1197.0,82.0,4.9,Grand i10 AT Asta,Hyundai,1
Delhi,2009,Petrol,Manual,First,12.8,1621.276449941501,113.25304969366915,3.2,City 1.3 DX,Honda,1
Kochi,2014,Petrol,Manual,First,18.88,999.0,123.24,5.55,EcoSport 1.0 Ecoboost Titanium Plus BE,Ford,1
Ahmedabad,2014,Petrol,Automatic,First,14.7,1798.0,177.6,13.5,Octavia Ambition 1.8 TSI AT,Skoda,3
Kolkata,2010,Diesel,Manual,First,20.4,1248.0,91.7,2.6,Linea Emotion (Diesel),Fiat,1
Jaipur,2015,Petrol,Manual,First,16.1,1298.0,88.2,4.5,Swift Lxi BSIII,Maruti,1
Delhi,2013,Diesel,Automatic,Second,11.8,2993.0,180.0,34.0,Rover Discovery 4 TDV6 SE,Land,3
Hyderabad,2012,Diesel,Manual,First,12.8,2494.0,102.0,12.0,Innova 2.5 V Diesel 7-seater,Toyota,1
Mumbai,2015,Diesel,Manual,First,28.4,1248.0,74.0,5.25,Swift LDI,Maruti,0
Kochi,2014,Diesel,Automatic,First,17.68,1968.0,174.33,21.56,A6 2011-2015 2.0 TDI Premium Plus,Audi,3
Coimbatore,2012,Diesel,Automatic,First,22.48,1995.0,190.0,24.68,5 Series 520d Luxury Line,BMW,3
Delhi,2013,Petrol,Manual,First,18.5,1197.0,82.9,3.67,i20 Magna Optional 1.2,Hyundai,1
Mumbai,2016,Diesel,Automatic,First,17.05,1995.0,190.0,29.5,X1 M Sport sDrive 20d,BMW,3
Delhi,2012,Petrol,Manual,First,17.6,1496.0,88.73,3.1,Etios G,Toyota,1
Ahmedabad,2015,Diesel,Manual,First,17.0,1405.0,70.0,2.9,Indigo LX,Tata,0
Mumbai,2009,Petrol,Automatic,First,10.98,1984.0,114.4,15.95,Beetle 2.0,Volkswagen,1
Hyderabad,2011,Diesel,Manual,First,19.7,1598.0,103.6,4.5,Polo GT TDI,Volkswagen,1
Delhi,2014,Diesel,Manual,First,24.0,1120.0,70.0,3.49,Grand i10 CRDi Magna,Hyundai,0
Delhi,2014,Diesel,Manual,First,25.2,1248.0,74.0,4.25,Swift VDI BSIV,Maruti,0
Chennai,2008,Diesel,Manual,Second,24.0,1396.0,88.76,1.9,Verna CRDi 1.4 E,Hyundai,1
Mumbai,2011,Diesel,Automatic,First,16.73,1995.0,218.0,16.57,5 Series 2003-2012 525d,BMW,3
Bangalore,2012,Petrol,Manual,First,17.0,1497.0,118.0,5.75,City 1.5 S MT,Honda,1
Delhi,2013,Diesel,Automatic,Second,16.55,1968.0,147.51,14.0,A4 2.0 TDI,Audi,2
Jaipur,2013,Diesel,Manual,Second,19.5,1248.0,75.0,2.5,Linea Classic Plus 1.3 Multijet,Fiat,0
Ahmedabad,2002,Petrol,Manual,First,13.0,1343.0,90.0,1.2,City 1.3 EXI,Honda,1
Pune,2005,Petrol,Manual,Second,15.5,1242.0,113.25304969366915,0.85,Petra 1.2 EL,Fiat,1
Kochi,2013,Diesel,Automatic,First,22.69,1995.0,190.0,13.95,3 Series 320d Luxury Line,BMW,3
Chennai,2007,Petrol,Manual,First,16.6,1388.0,68.0,1.6,Fiesta 1.4 Duratec EXI,Ford,0
Coimbatore,2016,Petrol,Automatic,First,21.9,624.0,37.48,3.6,Nano XTA,Tata,0
Coimbatore,2019,Petrol,Manual,First,20.89,1197.0,81.8,6.06,Ignis 1.2 Delta,Maruti,1
Coimbatore,2013,Petrol,Manual,Second,17.5,1298.0,85.8,5.29,Swift Dzire ZXi,Maruti,1
Jaipur,2014,Diesel,Manual,First,22.7,1498.0,89.84,5.75,Ecosport 1.5 DV5 MT Titanium,Ford,1
Hyderabad,2015,Petrol,Manual,First,16.1,1621.276449941501,113.25304969366915,5.8,Swift 1.3 ZXI,Maruti,1
Coimbatore,2014,Petrol,Manual,First,19.1,1197.0,85.8,5.72,Swift Dzire VXI,Maruti,1
Kochi,2014,Petrol,Automatic,First,16.95,1197.0,78.9,4.39,i10 Sportz AT,Hyundai,0
Coimbatore,2016,Diesel,Manual,First,15.1,2179.0,140.0,11.05,XUV500 W6 2WD,Mahindra,2
Delhi,2015,Diesel,Manual,Second,22.54,1396.0,88.73,4.83,i20 Magna 1.4 CRDi,Hyundai,1
Chennai,2012,Diesel,Manual,Second,21.27,1396.0,88.76,4.5,i20 Asta 1.4 CRDi,Hyundai,1
Mumbai,2011,Diesel,Automatic,Second,16.46,2993.0,258.0,19.5,7 Series 730Ld,BMW,4
Mumbai,2017,Petrol,Automatic,First,14.3,1598.0,103.52,8.75,Rapid 1.6 MPI AT Style Plus,Skoda,1
Mumbai,2016,Diesel,Automatic,First,14.75,2967.0,245.0,67.0,Q7 45 TDI Quattro Technology,Audi,4
Kochi,2016,Petrol,Manual,First,17.4,1497.0,117.3,8.4,City i VTEC VX,Honda,1
Mumbai,2016,Petrol,Manual,First,19.1,1197.0,82.0,4.99,Xcent 1.2 Kappa SX,Hyundai,1
Coimbatore,2016,Diesel,Manual,First,26.0,1498.0,98.6,8.18,City i DTec E,Honda,1
Pune,2012,Petrol,Manual,First,18.4,1198.0,86.8,2.9,Brio S Option MT,Honda,1
Jaipur,2015,Diesel,Manual,First,28.09,1248.0,88.5,7.1,Ciaz ZDi Plus SHVS,Maruti,1
Pune,2016,Diesel,Manual,First,26.59,1248.0,74.0,7.05,Swift Dzire VDI Optional,Maruti,0
Pune,2015,Petrol,Automatic,First,11.1,2354.0,158.8,17.5,CR-V 2.4L 4WD AT,Honda,2
Mumbai,2008,Petrol,Automatic,Second,14.53,1794.0,138.1,3.41,Corolla Altis 2008-2013 1.8 VL AT,Toyota,2
Coimbatore,2012,Petrol,Manual,First,17.0,1497.0,118.0,5.68,City 1.5 V MT,Honda,1
Bangalore,2007,Diesel,Manual,First,12.05,2179.0,120.0,4.1,Scorpio LX BS IV,Mahindra,1
Delhi,2011,Petrol,Manual,First,13.4,1798.0,157.8,4.0,Laura 1.8 TSI Ambiente,Skoda,2
Hyderabad,2015,Diesel,Automatic,First,18.88,1995.0,184.0,30.0,3 Series 320d Sport Line,BMW,3
Chennai,2007,Petrol,Manual,First,15.0,1586.0,104.68,1.8,SX4 Zxi BSIII,Maruti,1
Kochi,2015,Petrol,Manual,First,20.73,1373.0,91.1,6.93,Ciaz VXi Plus,Maruti,1
Bangalore,2012,Diesel,Automatic,First,10.2,4367.0,308.0,70.0,Rover Range Rover 3.6 TDV8 Vogue SE Diesel,Land,5
Ahmedabad,2013,Diesel,Manual,First,12.99,2494.0,100.0,7.9,Innova 2.5 G (Diesel) 7 Seater BS IV,Toyota,1
Chennai,2014,Diesel,Automatic,First,13.01,2199.0,194.3,14.4,Santa Fe 4WD AT,Hyundai,3
Mumbai,2011,Petrol,Automatic,Second,11.74,1796.0,186.0,13.5,New C-Class C250 Avantgarde,Mercedes-Benz,3
Coimbatore,2012,Petrol,Manual,First,19.7,796.0,46.3,2.88,Alto LXi,Maruti,0
Kolkata,2016,Petrol,Manual,First,24.7,796.0,47.3,2.15,Alto 800 2016-2019 LXI,Maruti,0
Pune,2013,Petrol,Manual,First,16.95,1498.0,97.7,3.75,Sunny 2011-2014 XV,Nissan,1
Mumbai,2019,Petrol,Manual,First,24.7,796.0,47.3,3.6,Alto 800 2016-2019 VXI,Maruti,0
Kolkata,2018,Petrol,Manual,First,24.07,998.0,67.1,3.6,Alto K10 VXI,Maruti,0
Coimbatore,2018,Petrol,Automatic,First,18.9,1197.0,81.86,7.55,Grand i10 1.2 Kappa Sportz AT,Hyundai,1
Kolkata,2015,Diesel,Manual,First,24.2,1498.0,98.6,4.7,Mobilio S i DTEC,Honda,1
Jaipur,2010,Diesel,Manual,Second,18.8,1248.0,90.0,1.6,Manza Aqua Quadrajet,Tata,1
Pune,2011,Diesel,Manual,First,16.52,1991.0,123.7,3.34,Optra Magnum 2.0 LT,Chevrolet,1
Kochi,2016,Petrol,Automatic,First,18.0,1497.0,117.3,9.1,City i VTEC CVT VX,Honda,1
Kochi,2019,Petrol,Manual,First,18.9,1197.0,81.86,6.17,Grand i10 1.2 Kappa Sportz,Hyundai,1
Hyderabad,2008,Diesel,Manual,First,22.0,1582.0,126.2,2.5,Verna CRDi 1.6 SX,Hyundai,1
Kolkata,2016,Petrol,Manual,First,18.44,1198.0,75.0,3.0,Micra XL,Nissan,0
Jaipur,2012,Diesel,Manual,First,22.32,1582.0,126.32,5.75,Verna 1.6 SX,Hyundai,1
Bangalore,2017,Petrol,Manual,First,15.29,1591.0,121.3,10.75,Creta 1.6 VTVT E Plus,Hyundai,1
Jaipur,2013,Petrol,Manual,Second,20.51,998.0,67.04,2.85,Wagon R VXI BS IV,Maruti,0
Chennai,2008,Petrol,Automatic,First,10.2,2354.0,180.0,6.5,Accord 2.4 Elegance A/T,Honda,3
Bangalore,2016,Petrol,Automatic,First,16.8,1497.0,118.0,9.45,City 1.5 S AT,Honda,1
Delhi,2016,Diesel,Manual,First,27.39,1248.0,74.0,6.75,Baleno Alpha 1.3,Maruti,0
Coimbatore,2017,Diesel,Manual,First,26.0,1498.0,98.6,7.75,City i DTec V,Honda,1
Kochi,2014,Diesel,Manual,First,22.54,1396.0,88.76,4.4,i20 Era 1.4 CRDi,Hyundai,1
Jaipur,2015,Diesel,Automatic,First,13.0,2987.0,265.0,42.0,E-Class 2015-2017 E350 Edition E,Mercedes-Benz,4
Kochi,2014,Diesel,Manual,First,19.01,1461.0,108.5,5.67,Terrano XV 110 PS,Nissan,1
Bangalore,2016,Diesel,Automatic,First,19.6,1461.0,108.45,11.5,Duster 110PS Diesel RxZ AMT,Renault,1
Pune,2009,Petrol,Manual,First,18.9,998.0,67.1,1.69,Wagon R LXI Minor,Maruti,0
Jaipur,2009,Diesel,Manual,Second,17.1,1493.0,110.0,1.8,Getz 1.5 CRDi GVS,Hyundai,1
Mumbai,2016,Petrol,Manual,First,18.5,1197.0,85.8,3.2,Ritz LXi,Maruti,1
Kochi,2019,Diesel,Automatic,First,22.48,1995.0,187.74,45.86,5 Series 520d Sport Line,BMW,3
Hyderabad,2016,Petrol,Manual,First,16.47,1198.0,74.0,5.1,Polo 1.2 MPI Highline,Volkswagen,0
Pune,2013,Diesel,Manual,First,17.8,1248.0,113.25304969366915,4.85,Swift VDI BSIV,Maruti,1
Mumbai,2010,Petrol,Manual,Second,15.6,1196.0,70.0,2.4,Figo Petrol ZXI,Ford,0
Hyderabad,2013,Diesel,Automatic,First,18.88,1995.0,184.0,22.0,3 Series 320d Luxury Line,BMW,3
Delhi,2012,Diesel,Manual,First,22.32,1582.0,126.32,4.28,Verna 1.6 SX CRDi (O),Hyundai,1
Coimbatore,2015,Diesel,Manual,First,20.45,1461.0,83.8,5.67,Duster 85PS Diesel RxL,Renault,1
Bangalore,2018,Petrol,Automatic,First,18.9,1197.0,81.86,6.2,Grand i10 1.2 Kappa Magna AT,Hyundai,1
Bangalore,2013,Diesel,Automatic,Second,17.05,1995.0,184.0,14.49,X1 sDrive20d,BMW,3
Pune,2010,Diesel,Manual,First,21.1,1248.0,73.9,3.0,Ritz VDi,Maruti,0
Jaipur,2010,Petrol,Manual,Second,19.81,1086.0,68.05,2.25,i10 Era 1.1 iTech SE,Hyundai,0
Kochi,2016,Diesel,Automatic,First,15.97,2993.0,258.0,43.78,X5 2014-2019 xDrive 30d Design Pure Experience 7 Seater,BMW,4
Kochi,2019,Petrol,Manual,First,16.8,1497.0,116.3,11.45,City V MT Exclusive,Honda,1
Delhi,2014,Diesel,Automatic,First,11.18,2696.0,184.0,10.5,Ssangyong Rexton RX7,Mahindra,3
Coimbatore,2015,Diesel,Manual,First,22.7,1498.0,89.84,7.48,Ecosport 1.5 DV5 MT Titanium Optional,Ford,1
Coimbatore,2010,Petrol,Manual,First,19.7,796.0,46.3,3.1,Alto LXi,Maruti,0
Mumbai,2011,Petrol,Manual,First,16.47,1198.0,74.0,2.55,Polo 1.2 MPI Highline,Volkswagen,0
Jaipur,2013,Diesel,Manual,First,22.07,1199.0,73.9,3.5,Polo Diesel Comfortline 1.2L,Volkswagen,0
Kolkata,2012,Diesel,Manual,First,22.07,1199.0,73.9,2.59,Polo Diesel Highline 1.2L,Volkswagen,0
Kolkata,2013,Diesel,Manual,First,20.77,1248.0,88.8,5.45,Ertiga ZDI,Maruti,1
Kolkata,2017,Diesel,Manual,First,22.77,1498.0,98.59,6.0,EcoSport 1.5 TDCi Ambiente,Ford,1
Kolkata,2016,Diesel,Automatic,First,11.36,2755.0,171.5,15.49,Innova Crysta 2.8 ZX AT,Toyota,2
Mumbai,2010,Petrol,Automatic,Second,10.8,2497.0,150.0,12.5,5 Series 523i Sedan,BMW,2
Kolkata,2017,Diesel,Manual,First,23.4,1248.0,74.0,4.75,Swift Dzire Tour LDI,Maruti,0
Mumbai,2017,Petrol,Manual,First,18.88,999.0,123.24,7.85,Ecosport 1.0 Ecoboost Platinum Edition,Ford,1
Ahmedabad,2013,Diesel,Manual,First,16.8,1493.0,110.0,6.0,Verna CRDi SX,Hyundai,1
Mumbai,2016,Petrol,Manual,First,17.57,1193.0,88.7,4.0,Zest Revotron 1.2T XM,Tata,1
Mumbai,2011,Diesel,Automatic,First,14.4,2967.0,241.4,28.75,A7 2011-2015 3.0 TDI Quattro,Audi,4
Pune,2012,Diesel,Manual,First,22.3,1248.0,74.0,2.5,Indica Vista Quadrajet VX,Tata,0
Delhi,2015,Diesel,Manual,First,26.59,1248.0,74.0,5.5,Swift Dzire VDI,Maruti,0
Kolkata,2010,Petrol,Manual,First,16.0,1368.0,90.0,1.59,Linea Emotion,Fiat,1
Mumbai,2017,Petrol,Manual,First,18.6,1197.0,81.83,6.22,i20 1.2 Spotz,Hyundai,1
Kolkata,2016,Petrol,Manual,First,21.1,814.0,55.2,2.75,EON Era Plus,Hyundai,0
Pune,2017,Diesel,Automatic,First,17.9,2143.0,136.0,25.0,GLA Class 200 CDI SPORT,Mercedes-Benz,2
Delhi,2014,Petrol,Manual,First,23.1,998.0,67.04,2.8,Celerio VXI,Maruti,0
Mumbai,2014,Petrol,Manual,Second,17.8,1199.0,76.8,2.45,Beat LT,Chevrolet,0
Pune,2016,Petrol,Automatic,First,19.0,1199.0,88.7,6.35,Jazz 1.2 V AT i VTEC Privilege,Honda,1
Mumbai,2009,Diesel,Automatic,Third,16.07,1995.0,181.0,8.0,3 Series 320d Highline,BMW,3
Bangalore,2014,Diesel,Manual,First,19.01,1461.0,108.45,8.25,Duster 110PS Diesel RxL,Renault,1
Mumbai,2017,Petrol,Automatic,First,17.01,1499.0,110.4,5.95,Figo 2015-2019 1.5P Titanium AT,Ford,1
Kochi,2018,Diesel,Manual,First,13.68,2393.0,147.8,19.92,Innova Crysta 2.4 VX MT,Toyota,2
Kochi,2016,Diesel,Manual,First,25.44,936.0,56.3,3.15,Beat Diesel LS,Chevrolet,0
Chennai,2014,Petrol,Automatic,First,17.21,1798.0,189.0,5.75,Polo GTI,Volkswagen,3
Kochi,2018,Diesel,Automatic,First,10.91,3198.0,197.2,32.44,Endeavour 3.2 Trend AT 4X4,Ford,3
Kochi,2016,Diesel,Automatic,Second,22.32,1582.0,126.32,8.01,Verna 1.6 SX CRDI (O) AT,Hyundai,1
Coimbatore,2017,Petrol,Manual,First,18.16,1196.0,86.8,6.48,Figo 2015-2019 1.2P Titanium Opt MT,Ford,1
Jaipur,2007,Petrol,Manual,First,16.1,796.0,37.0,0.75,800 AC,Maruti,0
Kolkata,2014,Diesel,Manual,First,26.0,1498.0,98.6,5.0,City i DTEC V,Honda,1
Mumbai,2012,Diesel,Manual,First,16.0,2179.0,140.0,7.75,XUV500 W8 2WD,Mahindra,2
Chennai,2010,Diesel,Manual,First,20.0,1399.0,68.0,2.6,Figo Diesel ZXI,Ford,0
Pune,2018,Petrol,Manual,First,17.0,1497.0,121.36,9.2,EcoSport 1.5 Petrol Titanium,Ford,1
Mumbai,2015,Petrol,Manual,First,18.6,1197.0,81.83,5.05,i20 Asta 1.2,Hyundai,1
Hyderabad,2012,Diesel,Manual,First,12.99,2494.0,100.0,9.6,Innova 2.5 G (Diesel) 7 Seater BS IV,Toyota,1
Mumbai,2013,Diesel,Manual,First,20.46,1461.0,83.8,5.5,Duster 85PS Diesel RxL Optional,Renault,1
Mumbai,2013,Diesel,Manual,First,12.99,2494.0,100.6,9.35,Innova 2.5 VX (Diesel) 8 Seater,Toyota,1
Delhi,2009,Petrol,Manual,First,17.0,1497.0,118.0,2.6,City 1.5 S MT,Honda,1
Hyderabad,2016,Petrol,Manual,First,24.07,998.0,67.1,3.5,Alto K10 VXI,Maruti,0
Kochi,2016,Petrol,Manual,First,19.49,1198.0,67.04,4.26,Micra Active XL Petrol,Nissan,0
Chennai,2016,Petrol,Automatic,Second,23.1,998.0,67.04,4.25,Celerio VXI AT,Maruti,0
Hyderabad,2010,Petrol,Manual,Second,11.7,1796.0,178.0,11.75,New C-Class 200 Kompressor,Mercedes-Benz,3
Chennai,2013,Diesel,Manual,First,23.5,1498.0,88.7,3.5,Fiesta Diesel Style,Ford,1
Jaipur,2015,Petrol,Manual,First,17.01,1591.0,121.3,7.5,Verna 1.6 VTVT S,Hyundai,1
Chennai,2009,Petrol,Automatic,Third,15.0,1396.0,100.0,3.25,i20 1.4 Asta (AT),Hyundai,1
Chennai,2012,Petrol,Manual,First,17.5,1298.0,85.8,4.9,Swift Dzire VXi,Maruti,1
Hyderabad,2014,Diesel,Automatic,First,14.84,2143.0,170.0,27.0,New C-Class C 220CDIBE Avantgarde Command,Mercedes-Benz,2
Kochi,2017,Petrol,Manual,First,18.6,1197.0,81.86,8.91,Elite i20 Petrol Asta,Hyundai,1
Kochi,2014,Petrol,Automatic,First,17.01,1591.0,121.4,6.69,Verna 1.6 VTVT EX AT,Hyundai,1
Kochi,2014,Diesel,Manual,First,17.3,1998.0,163.7,6.02,Cruze LTZ,Chevrolet,2
Mumbai,2010,Petrol,Manual,First,14.28,1798.0,138.03,4.5,Corolla Altis 1.8 G,Toyota,2
Pune,2011,Petrol,Manual,First,19.0,998.0,66.1,2.0,A-Star Vxi,Maruti,0
Kolkata,2012,Diesel,Manual,First,23.08,1461.0,63.1,2.4,Micra Diesel XV Premium,Nissan,0
Pune,2013,Petrol,Manual,First,25.4,624.0,37.48,1.2,Nano LX,Tata,0
Delhi,2014,Diesel,Manual,First,23.4,1248.0,74.0,2.9,Swift Dzire Tour LDI,Maruti,0
Ahmedabad,2016,Diesel,Automatic,First,17.32,1968.0,184.0,27.0,Q3 2.0 TDI Quattro,Audi,3
Chennai,2016,Diesel,Manual,First,25.8,1498.0,98.6,7.5,Amaze VX i-DTEC,Honda,1
Mumbai,2004,Petrol,Manual,First,14.7,1599.0,104.0,1.5,Optra 1.6 LS,Chevrolet,1
Hyderabad,2016,Diesel,Automatic,First,14.16,1968.0,174.3,39.5,Q5 2.0 TDI Premium Plus,Audi,3
Hyderabad,2012,Diesel,Manual,First,23.2,1248.0,73.94,3.39,Ritz VDi,Maruti,0
Kochi,2018,Diesel,Manual,First,15.4,2179.0,120.0,12.4,Scorpio S6 7 Seater,Mahindra,1
Chennai,2014,Diesel,Manual,First,28.09,1248.0,88.5,6.85,Ciaz ZDi SHVS,Maruti,1
Pune,2011,Diesel,Manual,Second,21.43,1364.0,138.0,5.75,Corolla Altis Aero D 4D J,Toyota,2
Chennai,2015,Diesel,Manual,Second,25.0,1396.0,69.0,2.0,Indica V2 eLS,Tata,0
Jaipur,2006,Petrol,Manual,First,16.1,796.0,37.0,0.9,800 Std BSIII,Maruti,0
Kolkata,2015,Petrol,Manual,First,16.47,1198.0,74.0,3.8,Polo 1.2 MPI Highline,Volkswagen,0
Delhi,2017,Petrol,Automatic,First,14.62,1999.0,149.92,16.35,Elantra 2.0 SX Option AT,Hyundai,2
Hyderabad,2012,Diesel,Automatic,First,11.5,2982.0,169.0,16.5,Fortuner 4x2 4 Speed AT,Toyota,2
Coimbatore,2019,Petrol,Manual,First,21.4,1197.0,83.1,8.7,Baleno Zeta 1.2,Maruti,1
Mumbai,2016,Petrol,Manual,First,21.4,1197.0,83.1,6.1,Baleno Zeta 1.2,Maruti,1
Hyderabad,2013,Diesel,Automatic,First,23.8,1998.0,112.0,21.94,Cooper Countryman D,Mini,1
Chennai,2009,Diesel,Automatic,Second,13.0,2987.0,210.0,22.0,S Class 2005 2013 320 CDI,Mercedes-Benz,3
Delhi,2015,Petrol,Manual,First,20.92,998.0,67.1,2.65,Alto K10 LXI,Maruti,0
Kochi,2017,Petrol,Manual,First,20.4,1197.0,81.8,5.27,Swift VXI Optional,Maruti,1
Kolkata,2014,Diesel,Manual,First,22.1,1248.0,74.0,2.48,Sail LT ABS,Chevrolet,0
Kolkata,2011,Diesel,Manual,First,12.8,2494.0,102.0,6.0,Innova 2.5 G (Diesel) 8 Seater BS IV,Toyota,1
Mumbai,2009,Diesel,Manual,First,11.5,2982.0,171.0,8.9,Fortuner 3.0 Diesel,Toyota,2
Hyderabad,2012,Diesel,Automatic,Second,18.88,1995.0,184.0,18.0,3 Series 320d Sport Line,BMW,3
Coimbatore,2016,Petrol,Manual,First,16.8,1395.0,138.02,11.64,Octavia Ambition 1.4 TSI MT,Skoda,2
Kolkata,2019,Diesel,Manual,First,11.5,2982.0,171.0,8.99,Fortuner 3.0 Diesel,Toyota,2
Bangalore,2009,Diesel,Automatic,First,15.5,1896.0,105.0,5.25,Jetta 2007-2011 1.9 Highline TDI,Volkswagen,1
Kolkata,2011,Diesel,Manual,First,23.0,1396.0,90.0,2.95,i20 1.4 CRDi Asta,Hyundai,1
Mumbai,2013,Diesel,Manual,Second,21.02,1248.0,88.76,2.65,Manza Club Class Quadrajet90 LX,Tata,1
Pune,2013,Petrol,Manual,First,15.04,1598.0,103.6,4.0,Vento Petrol Highline,Volkswagen,1
Chennai,2016,Diesel,Automatic,First,17.6,1582.0,126.2,12.5,Creta 1.6 SX Automatic Diesel,Hyundai,1
Mumbai,2014,Petrol,Manual,First,21.1,1197.0,85.8,3.25,Ritz VXI,Maruti,1
Delhi,2008,Petrol,Manual,First,13.1,1997.0,141.1,4.0,CR-V 2.0L 2WD MT,Honda,2
Delhi,2012,Diesel,Manual,Second,15.1,2179.0,140.0,6.25,XUV500 W8 2WD,Mahindra,2
Jaipur,2016,Diesel,Manual,First,21.66,1498.0,108.62,5.8,Ameo 1.5 TDI Comfortline,Volkswagen,1
Kolkata,2015,Petrol,Manual,First,17.57,1193.0,88.7,5.0,Zest Revotron 1.2 XT,Tata,1
Kochi,2016,Diesel,Automatic,First,12.9,2993.0,270.88,58.73,XJ 3.0L Portfolio LWB,Jaguar,5
Kochi,2018,Petrol,Automatic,First,14.28,1798.0,138.03,17.49,Corolla Altis 1.8 VL CVT,Toyota,2
Pune,2011,Petrol,Manual,Second,19.0,998.0,66.1,1.95,A-Star Vxi,Maruti,0
Mumbai,2007,Petrol,Automatic,First,11.1,2354.0,142.0,3.0,Accord VTi-L (AT),Honda,2
Delhi,2014,Petrol,Manual,First,17.0,1197.0,80.0,5.5,i20 Asta (o),Hyundai,0
Delhi,2013,Diesel,Automatic,First,12.55,2982.0,168.5,16.5,Fortuner 4x2 AT,Toyota,2
Mumbai,2011,Petrol,Automatic,Second,11.74,1796.0,186.0,14.5,New C-Class C 200 CGI Avantgarde,Mercedes-Benz,3
Hyderabad,2016,Diesel,Manual,First,27.39,1248.0,74.0,7.79,Baleno Alpha 1.3,Maruti,0
Kochi,2017,Diesel,Manual,First,20.77,1248.0,88.76,8.27,Ertiga VDI,Maruti,1
Mumbai,2012,Petrol,Manual,First,12.9,1598.0,102.5,2.15,Optra Magnum 1.6 LT ABS BS3,Chevrolet,1
Hyderabad,2008,Petrol,Automatic,Second,12.9,1799.0,130.0,3.0,Civic 2006-2010 1.8 V AT,Honda,2
Coimbatore,2014,Diesel,Automatic,First,16.09,1995.0,184.0,28.79,X3 xDrive20d,BMW,3
Mumbai,2011,Diesel,Automatic,First,20.0,1968.0,138.1,5.45,Laura Ambition 2.0 TDI CR AT,Skoda,2
Delhi,2013,Diesel,Manual,First,23.4,1248.0,74.0,3.95,Swift Dzire VDI,Maruti,0
Pune,2013,Diesel,Automatic,First,23.3,1984.0,150.0,16.0,V40 Cross Country D3,Volvo,2
Delhi,2013,Petrol,Manual,First,17.5,1298.0,85.8,4.25,Swift Dzire ZXi,Maruti,1
Bangalore,2014,Diesel,Automatic,First,12.7,2179.0,187.7,34.5,Rover Range Rover 2.2L Pure,Land,3
Mumbai,2008,Petrol,Automatic,Third,11.7,2354.0,177.6,2.6,Accord 2.4 AT,Honda,3
Kochi,2017,Diesel,Manual,First,12.99,2494.0,100.6,13.48,Innova 2.5 G (Diesel) 8 Seater,Toyota,1
Hyderabad,2018,Diesel,Manual,First,12.55,2982.0,168.5,32.1,Fortuner 4x4 MT,Toyota,2
Kochi,2018,Petrol,Manual,First,18.7,1199.0,88.7,6.17,Jazz 1.2 E i VTEC,Honda,1
Kolkata,2015,Petrol,Manual,First,17.0,1497.0,118.0,5.5,City 1.5 V MT,Honda,1
Hyderabad,2017,Diesel,Automatic,First,28.4,1248.0,73.75,9.15,Dzire AMT ZDI Plus,Maruti,0
Pune,2014,Diesel,Manual,First,21.64,1461.0,84.8,4.5,Sunny 2011-2014 Diesel XL,Nissan,1
Chennai,2014,Diesel,Manual,First,12.99,2494.0,100.6,10.5,Innova 2.5 G (Diesel) 8 Seater,Toyota,1
Coimbatore,2016,Petrol,Manual,First,19.4,1198.0,86.8,5.37,Brio S MT,Honda,1
Bangalore,2012,Petrol,Manual,First,15.04,1598.0,103.6,5.45,Vento Petrol Trendline,Volkswagen,1
Mumbai,2016,Diesel,Manual,First,16.0,2179.0,140.0,9.25,XUV500 W4,Mahindra,2
Chennai,2016,Diesel,Manual,First,23.0,1498.0,98.96,7.7,EcoSport 1.5 Diesel Titanium Plus,Ford,1
Hyderabad,2012,Diesel,Manual,First,17.72,1968.0,108.49,7.99,Yeti Ambition 4X2,Skoda,1
Chennai,2012,Petrol,Manual,First,20.36,1197.0,78.9,3.0,i10 Sportz,Hyundai,0
Hyderabad,2005,Diesel,Manual,First,12.8,2494.0,102.0,4.0,Innova 2.5 G (Diesel) 8 Seater BS IV,Toyota,1
Coimbatore,2018,Diesel,Manual,First,20.65,1248.0,88.7,6.69,Zest Quadrajet 1.3 XT,Tata,1
Delhi,2014,Diesel,Manual,First,22.9,1248.0,74.0,4.25,Swift VDI,Maruti,0
Kolkata,2017,Diesel,Automatic,First,21.72,1498.0,108.4,10.5,Rapid 1.5 TDI AT Style,Skoda,1
Coimbatore,2019,Diesel,Manual,First,13.68,2393.0,147.8,22.55,Innova Crysta 2.4 VX MT 8S,Toyota,2
Pune,2014,Petrol,Manual,Second,17.01,1591.0,121.3,5.2,Verna 1.6 SX VTVT,Hyundai,1
Coimbatore,2019,Petrol,Manual,First,17.4,1497.0,117.3,11.87,City i VTEC VX Option,Honda,1
Hyderabad,2014,Diesel,Manual,First,26.0,1498.0,98.6,6.99,City i DTEC SV,Honda,1
Jaipur,2011,Diesel,Manual,First,20.54,1598.0,103.6,5.0,Vento Diesel Highline,Volkswagen,1
Chennai,2014,Diesel,Automatic,First,12.19,2967.0,236.0,44.0,Q5 2008-2012 3.0 TDI,Audi,4
Chennai,2015,Petrol,Manual,First,22.74,796.0,47.3,2.79,Alto 800 LXI,Maruti,0
Pune,2012,Diesel,Manual,Second,21.12,1248.0,88.8,2.9,Manza ELAN Quadrajet BS IV,Tata,1
Delhi,2016,Petrol,Manual,First,15.29,1591.0,121.3,9.85,Creta 1.6 SX Plus Dual Tone Petrol,Hyundai,1
Bangalore,2014,Diesel,Automatic,First,12.0,2987.0,224.0,49.0,GL-Class 2007 2012 350 CDI Luxury,Mercedes-Benz,4
Jaipur,2016,Diesel,Manual,First,16.55,2498.0,105.0,9.25,Thar CRDe,Mahindra,1
Mumbai,2011,Diesel,Manual,Second,22.32,1582.0,126.3,3.75,Verna 1.6 CRDI,Hyundai,1
Coimbatore,2017,Diesel,Manual,First,26.1,1498.0,99.0,7.29,Aspire Titanium Diesel,Ford,1
Mumbai,2016,Diesel,Automatic,First,20.7,1496.0,113.98,23.5,Cooper 3 DOOR D,Mini,1
Hyderabad,2013,Petrol,Manual,First,14.0,796.0,35.0,2.6,Omni 8 Seater BSIV,Maruti,0
Pune,2015,Diesel,Manual,Second,21.03,1461.0,65.0,3.1,Verito 1.5 D4 BSIV,Mahindra,0
Coimbatore,2016,Diesel,Automatic,First,14.21,2143.0,203.0,29.98,E-Class 2009-2013 E250 CDI Elegance,Mercedes-Benz,3
Kochi,2016,Diesel,Manual,First,19.01,1461.0,108.45,6.73,Duster 110PS Diesel RxZ,Renault,1
Kolkata,2016,Diesel,Manual,First,23.4,1248.0,74.0,3.5,Swift Dzire Tour LDI,Maruti,0
Kolkata,2011,Petrol,Manual,First,16.47,1198.0,73.9,2.35,Polo Petrol Highline 1.2L,Volkswagen,0
Coimbatore,2017,Diesel,Manual,First,16.0,2179.0,140.0,16.13,XUV500 W10 2WD,Mahindra,2
Coimbatore,2014,Petrol,Manual,First,16.47,1198.0,74.0,5.9,Polo 1.2 MPI Highline,Volkswagen,0
Hyderabad,2012,Petrol,Manual,First,21.1,1197.0,85.8,3.9,Ritz VXI,Maruti,1
Pune,2005,Petrol,Manual,First,14.7,1598.0,113.25304969366915,1.5,Optra 1.6 Elite,Chevrolet,1
Delhi,2012,Diesel,Manual,First,12.8,2494.0,102.0,6.95,Innova 2.5 GX 7 STR BSIV,Toyota,1
Delhi,2015,Diesel,Manual,First,26.0,1498.0,98.6,7.0,City i DTec SV,Honda,1
Coimbatore,2017,Petrol,Manual,First,17.0,1198.0,73.75,7.23,Ameo 1.2 MPI Highline,Volkswagen,0
Mumbai,2012,Diesel,Manual,First,21.5,1248.0,88.8,3.81,SX4 ZDI Leather,Maruti,1
Chennai,2012,Petrol,Manual,Third,18.6,1197.0,85.8,4.5,Swift ZXI,Maruti,1
Pune,2017,Diesel,Manual,First,19.67,1582.0,126.2,12.6,Creta 1.6 CRDi SX,Hyundai,1
Bangalore,2015,Diesel,Automatic,First,12.07,2967.0,241.4,48.0,Q7 35 TDI Quattro Technology,Audi,4
Coimbatore,2010,Petrol,Manual,First,19.7,796.0,46.3,2.96,Alto LXi BSIII,Maruti,0
Kolkata,2014,Diesel,Manual,First,25.8,1498.0,98.6,3.25,Amaze SX i-DTEC,Honda,1
Chennai,2011,Diesel,Automatic,Second,18.33,1968.0,167.7,8.5,Passat Diesel Highline 2.0 TDI,Volkswagen,2
Mumbai,2013,Diesel,Automatic,First,19.5,1582.0,126.24,8.75,Elantra CRDi SX AT,Hyundai,1
Kochi,2011,Petrol,Manual,First,18.9,998.0,67.1,3.08,Wagon R VXI BS IV,Maruti,0
Mumbai,2017,Diesel,Automatic,First,12.81,1999.0,148.31,41.5,Rover Discovery Sport TD4 HSE 7S,Land,2
Pune,2016,Petrol,Manual,First,17.8,1497.0,117.3,7.0,City i VTEC SV,Honda,1
Kochi,2011,Petrol,Automatic,Second,14.74,1991.0,181.03,11.5,New C-Class C 200 Avantgarde Edition C,Mercedes-Benz,3
Pune,2011,Petrol,Manual,First,20.51,998.0,67.04,2.6,Wagon R LX BS IV,Maruti,0
Kolkata,2014,Diesel,Manual,First,22.32,1582.0,126.3,4.3,Verna 1.6 CRDI,Hyundai,1
Jaipur,2017,Diesel,Automatic,First,17.06,1968.0,141.0,24.9,Tiguan 2.0 TDI Highline,Volkswagen,2
Pune,2011,Diesel,Automatic,First,15.06,1995.0,177.0,13.75,X1 sDrive 20d Exclusive,BMW,3
Kolkata,2014,Diesel,Manual,First,24.0,1186.0,73.97,3.85,Grand i10 1.2 CRDi Sportz Option,Hyundai,0
Mumbai,2014,Diesel,Automatic,First,13.0,2143.0,201.1,23.25,E-Class E250 CDI Avantgrade,Mercedes-Benz,3
Chennai,2012,Diesel,Manual,First,13.6,2523.0,113.25304969366915,7.0,Bolero ZLX,Mahindra,1
Bangalore,2015,Petrol,Manual,First,18.9,1197.0,82.0,5.75,Grand i10 Asta Option,Hyundai,1
Mumbai,2008,Petrol,Manual,Second,20.36,1197.0,78.9,1.65,i10 Magna 1.2,Hyundai,0
Mumbai,2012,Diesel,Manual,First,19.33,1968.0,138.1,6.5,Jetta 2012-2014 2.0L TDI Comfortline,Volkswagen,2
Chennai,2011,Diesel,Manual,First,17.67,1968.0,138.08,7.5,Yeti Elegance,Skoda,2
Kochi,2019,Diesel,Automatic,First,14.75,2967.0,245.0,72.94,Q7 45 TDI Quattro Premium Plus,Audi,4
Chennai,2010,Diesel,Manual,Second,11.5,2982.0,171.0,11.0,Fortuner 3.0 Diesel,Toyota,2
Kochi,2013,Petrol,Manual,First,18.9,1061.0,67.0,3.02,Wagon R VXI Minor ABS,Maruti,0
Coimbatore,2013,Petrol,Manual,First,21.1,814.0,55.2,3.32,EON Era,Hyundai,0
Delhi,2013,Petrol,Manual,First,19.4,1198.0,86.8,3.24,Brio S MT,Honda,1
Kolkata,2015,Petrol,Manual,First,22.74,796.0,47.3,2.35,Alto 800 VXI,Maruti,0
Jaipur,2013,Diesel,Manual,First,15.96,2523.0,62.1,5.5,Bolero ZLX,Mahindra,0
Mumbai,2015,Petrol,Manual,First,17.8,1497.0,117.3,6.75,City i VTEC SV,Honda,1
Mumbai,2015,Petrol,Manual,First,15.0,1598.0,103.52,6.15,Rapid 1.6 MPI Elegance Black Package,Skoda,1
Pune,2016,Petrol,Manual,First,22.0,1197.0,81.8,5.45,Swift VVT VXI,Maruti,1
Hyderabad,2013,Petrol,Manual,Second,21.1,814.0,55.2,2.3,EON Magna Plus,Hyundai,0
Kochi,2015,Petrol,Manual,First,20.85,1197.0,83.14,6.21,Swift Dzire ZXI,Maruti,1
Coimbatore,2014,Petrol,Automatic,First,19.34,1198.0,76.0,5.21,Micra XV CVT,Nissan,0
Delhi,2008,Petrol,Automatic,First,8.3,4134.0,250.0,11.99,Q7 4.2 FSI quattro,Audi,4
Pune,2010,Diesel,Manual,First,17.8,1248.0,75.0,3.1,Swift Vdi BSIII,Maruti,0
Jaipur,2017,Diesel,Manual,First,13.49,2179.0,138.03,7.5,Xenon XT EX 4X2,Tata,2
Kolkata,2016,Diesel,Manual,First,20.14,1498.0,88.8,4.0,Polo 1.5 TDI Comfortline,Volkswagen,1
Kochi,2016,Petrol,Manual,First,17.8,1497.0,117.3,7.73,City i VTEC SV,Honda,1
Bangalore,2015,Petrol,Manual,First,17.4,1497.0,117.3,7.8,City i VTEC V,Honda,1
Hyderabad,2011,Petrol,Manual,First,16.1,796.0,37.0,1.3,800 AC BSIII,Maruti,0
Jaipur,2014,Diesel,Manual,First,20.14,1498.0,88.8,4.42,Polo 1.5 TDI Trendline,Volkswagen,1
Pune,2009,Diesel,Automatic,First,12.5,1991.0,147.9,4.0,Captiva LTZ VCDi,Chevrolet,2
Kolkata,2016,Diesel,Manual,First,16.0,2179.0,140.0,13.0,XUV500 W10 2WD,Mahindra,2
Kochi,2015,Diesel,Manual,First,25.8,1498.0,98.6,5.38,Amaze VX i-DTEC,Honda,1
Chennai,2011,Petrol,Manual,Second,17.0,1197.0,80.0,3.25,i20 1.2 Sportz Option,Hyundai,0
Jaipur,2016,Petrol,Automatic,First,20.51,998.0,67.0,3.87,Wagon R AMT VXI,Maruti,0
Mumbai,2014,Diesel,Automatic,Second,16.96,1968.0,138.03,8.25,Jetta 2013-2015 2.0L TDI Highline AT,Volkswagen,2
Mumbai,2018,Petrol,Manual,First,20.73,1373.0,91.1,9.28,Ciaz 1.4 Zeta,Maruti,1
Delhi,2012,Diesel,Automatic,First,11.79,2179.0,120.0,6.25,Scorpio 2009-2014 VLX 4WD AT 7S BSIV,Mahindra,1
Mumbai,2008,Petrol,Manual,Second,15.26,1150.0,74.9,1.15,Aveo U-VA 1.2 LS,Chevrolet,0
Kochi,2016,Petrol,Manual,First,20.73,1373.0,91.2,7.8,Ciaz ZXi Option,Maruti,1
Hyderabad,2012,Diesel,Manual,First,23.0,1396.0,90.0,4.5,i20 1.4 CRDi Asta,Hyundai,1
Kochi,2018,Petrol,Manual,First,18.7,1199.0,88.7,7.56,Jazz 1.2 SV i VTEC,Honda,1
Coimbatore,2017,Diesel,Manual,First,16.0,2179.0,140.0,16.08,XUV500 W10 2WD,Mahindra,2
Bangalore,2012,Petrol,Manual,First,17.0,1197.0,80.0,4.5,i20 1.2 Sportz,Hyundai,0
Chennai,2012,Diesel,Manual,First,22.32,1582.0,126.32,5.0,Verna 1.6 SX,Hyundai,1
Delhi,2011,Petrol,Manual,First,19.81,1086.0,68.05,2.2,i10 Era 1.1,Hyundai,0
Bangalore,2014,Petrol,Automatic,First,23.1,998.0,67.04,4.0,Celerio VXI AT,Maruti,0
Kolkata,2012,Diesel,Manual,First,20.86,1199.0,73.9,2.51,Fabia 1.2 TDI Ambition,Skoda,0
Delhi,2015,Diesel,Manual,First,25.2,1248.0,74.0,4.75,Swift VDI BSIV,Maruti,0
Pune,2008,Petrol,Manual,Second,16.0,1086.0,66.7,2.0,i10 Magna(O) with Sun Roof,Hyundai,0
Jaipur,2010,Petrol,Manual,Second,20.36,1197.0,78.9,2.1,i10 Magna 1.2,Hyundai,0
Mumbai,2013,Petrol,Automatic,First,16.5,1499.0,110.0,6.25,Ecosport 1.5 Ti VCT AT Titanium,Ford,1
Kochi,2011,Diesel,Automatic,Second,11.5,2987.0,210.0,10.6,E-Class 2009-2013 E350 CDI Avantgarde,Mercedes-Benz,3
Ahmedabad,2017,Diesel,Manual,First,25.2,1248.0,74.0,6.0,Swift VDI BSIV,Maruti,0
Jaipur,2004,Petrol,Manual,Second,16.1,796.0,37.0,0.45,800 Std BSIII,Maruti,0
Pune,2010,Petrol,Manual,Third,16.1,1298.0,88.2,2.5,Swift Lxi BSIII,Maruti,1
Mumbai,2018,Petrol,Manual,First,15.29,1591.0,121.3,12.75,Creta 1.6 SX Plus Dual Tone Petrol,Hyundai,1
Kochi,2017,Diesel,Automatic,First,17.05,1995.0,190.0,30.29,X1 M Sport sDrive 20d,BMW,3
Hyderabad,2006,Petrol,Manual,First,13.8,1299.0,70.0,1.6,Ikon 1.3 Flair,Ford,0
Kochi,2017,Diesel,Manual,First,22.7,1498.0,89.84,7.54,Ecosport 1.5 DV5 MT Titanium Optional,Ford,1
Kochi,2015,Petrol,Manual,First,20.73,1373.0,91.1,6.84,Ciaz VXi Plus,Maruti,1
Kolkata,2012,Diesel,Automatic,First,18.33,1968.0,167.7,6.0,Passat Diesel Highline 2.0 TDI,Volkswagen,2
Pune,2017,Diesel,Manual,First,27.3,1498.0,98.6,8.0,Jazz 1.5 VX i DTEC,Honda,1
Coimbatore,2016,Diesel,Automatic,First,17.11,1968.0,174.33,24.74,A4 35 TDI Premium,Audi,3
Kochi,2017,Diesel,Manual,First,24.0,1120.0,70.0,5.5,Grand i10 CRDi Sportz Celebration Edition,Hyundai,0
Delhi,2013,Diesel,Automatic,First,12.0,2987.0,224.0,36.0,GL-Class 2007 2012 350 CDI Luxury,Mercedes-Benz,4
Coimbatore,2013,Diesel,Manual,First,12.99,2494.0,100.6,11.79,Innova 2.5 G (Diesel) 7 Seater,Toyota,1
Jaipur,2011,Petrol,Manual,Second,16.95,1498.0,97.7,3.0,Sunny 2011-2014 XL,Nissan,1
Bangalore,2011,Diesel,Automatic,Second,20.0,1968.0,138.1,6.75,Laura Ambiente 2.0 TDI CR AT,Skoda,2
Jaipur,2006,Petrol,Manual,First,14.49,1399.0,92.7,1.4,Aveo 1.4 LS,Chevrolet,1
Mumbai,2014,Diesel,Manual,First,24.2,1498.0,98.6,5.75,Mobilio V i DTEC,Honda,1
Hyderabad,2010,Diesel,Manual,First,21.1,1248.0,73.9,3.4,Ritz VDi,Maruti,0
Coimbatore,2011,Petrol,Manual,Second,16.47,1198.0,73.9,4.89,Polo Petrol Highline 1.2L,Volkswagen,0
Mumbai,2013,Petrol,Manual,First,13.24,1598.0,102.5,4.95,Terrano XL,Nissan,1
Coimbatore,2013,Petrol,Automatic,Second,16.98,998.0,66.1,3.49,A-Star AT Vxi Aktiv,Maruti,0
Pune,2011,Diesel,Manual,First,23.59,1364.0,113.25304969366915,3.85,Etios Liva GD,Toyota,1
Pune,2014,Petrol,Manual,First,17.0,1497.0,118.0,6.35,City 1.5 S MT,Honda,1
Coimbatore,2017,Petrol,Automatic,First,18.9,1197.0,82.0,7.08,Grand i10 AT Asta,Hyundai,1
Hyderabad,2017,Diesel,Automatic,First,13.6,1999.0,177.0,38.0,XE 2.0L Diesel Prestige,Jaguar,3
Kolkata,2012,Diesel,Manual,First,12.05,2179.0,120.0,6.25,Scorpio VLX,Mahindra,1
Mumbai,2011,Petrol,Automatic,First,11.74,1796.0,186.0,10.15,New C-Class C 200 Kompressor Elegance AT,Mercedes-Benz,3
Delhi,2014,Petrol,Automatic,First,13.7,1798.0,157.75,10.75,Superb Elegance 1.8 TSI AT,Skoda,2
Pune,2012,Diesel,Automatic,First,18.1,1991.0,147.9,4.65,Cruze LTZ AT,Chevrolet,2
Delhi,2010,Diesel,Manual,First,12.05,2179.0,120.0,4.75,Scorpio VLX,Mahindra,1
Coimbatore,2015,Petrol,Manual,First,17.1,1591.0,121.3,7.78,Verna 1.6 SX VTVT (O),Hyundai,1
Hyderabad,2016,Diesel,Manual,First,23.0,1396.0,90.0,6.75,i20 1.4 Asta CRDi with AVN,Hyundai,1
Hyderabad,2008,Petrol,Automatic,First,16.4,1497.0,78.0,2.99,City ZX CVT,Honda,0
Kolkata,2013,Petrol,Manual,First,20.36,1197.0,78.9,2.35,i10 Magna,Hyundai,0
Delhi,2013,Diesel,Manual,First,25.8,1498.0,98.6,3.65,Amaze S i-Dtech,Honda,1
Delhi,2012,Petrol,Manual,Second,22.5,998.0,67.04,2.74,Wagon R LXI,Maruti,0
Jaipur,2013,Petrol,Manual,First,19.4,1198.0,86.8,3.5,Brio S MT,Honda,1
Kochi,2014,Petrol,Manual,First,17.0,1197.0,80.0,4.76,i20 1.2 Sportz Option,Hyundai,0
Kochi,2016,Petrol,Manual,First,15.04,1598.0,103.2,6.2,Vento 2013-2015 1.6 Comfortline,Volkswagen,1
Pune,2008,Diesel,Manual,Second,18.7,1896.0,66.0,2.35,Octavia Rider 1.9 TDI MT,Skoda,0
Mumbai,2014,Diesel,Automatic,First,13.0,2143.0,204.0,24.5,E-Class 2015-2017 E250 CDI Avantgarde,Mercedes-Benz,3
Pune,2013,Petrol,Manual,First,13.24,1598.0,102.57,6.0,Duster Petrol RxL,Renault,1
Hyderabad,2017,Petrol,Manual,First,21.1,814.0,55.2,3.65,EON Sportz,Hyundai,0
Coimbatore,2016,Petrol,Manual,Second,18.6,1197.0,85.8,6.26,Swift VXI,Maruti,1
Jaipur,2011,Diesel,Manual,Second,19.5,1461.0,113.25304969366915,2.1,Micra Diesel,Nissan,1
Mumbai,2015,Diesel,Automatic,First,13.22,2967.0,241.4,32.95,Q5 3.0 TDI Quattro Technology,Audi,4
Coimbatore,2018,Petrol,Manual,First,18.6,1197.0,81.83,7.8,i20 1.2 Spotz,Hyundai,1
Bangalore,2014,Petrol,Manual,First,19.4,1198.0,86.8,4.25,Brio S MT,Honda,1
Kochi,2014,Petrol,Manual,First,17.5,1298.0,85.8,4.86,Swift Dzire ZXi,Maruti,1
Delhi,2017,Petrol,Manual,First,18.9,1197.0,81.86,4.9,Grand i10 1.2 Kappa Magna,Hyundai,1
Coimbatore,2014,Diesel,Manual,First,11.68,2498.0,112.0,7.06,Xylo E8 ABS BS IV,Mahindra,1
Delhi,2015,Petrol,Automatic,First,17.21,1798.0,189.0,4.5,Polo GTI,Volkswagen,3
Coimbatore,2011,Petrol,Manual,First,24.07,998.0,67.1,3.22,Alto K10 VXI,Maruti,0
Kolkata,2014,Diesel,Manual,First,22.07,1199.0,73.9,3.25,Polo Diesel Comfortline 1.2L,Volkswagen,0
Delhi,2016,Petrol,Manual,First,18.9,1197.0,82.0,4.53,Grand i10 Sportz,Hyundai,1
Coimbatore,2017,Diesel,Automatic,First,14.84,2143.0,170.0,34.78,New C-Class C 220 CDI Elegance AT,Mercedes-Benz,2
Pune,2014,Petrol,Automatic,First,15.74,1591.0,121.3,6.5,Verna 1.6 SX VTVT AT,Hyundai,1
Chennai,2010,Petrol,Manual,First,15.7,1172.0,67.0,2.25,Punto EVO 1.2 Emotion,Fiat,0
Pune,2011,Diesel,Manual,Second,12.99,2494.0,100.0,8.0,Innova 2.5 VX (Diesel) 8 Seater BS IV,Toyota,1
Kochi,2017,Diesel,Automatic,First,18.49,1493.0,100.0,8.37,TUV 300 2015-2019 mHAWK100 T8 AMT,Mahindra,1
Coimbatore,2015,Diesel,Manual,First,20.14,1498.0,88.8,5.39,Polo 1.5 TDI Comfortline,Volkswagen,1
Kochi,2018,Diesel,Automatic,First,22.48,1995.0,190.0,37.3,5 Series 520d Luxury Line,BMW,3
Coimbatore,2018,Diesel,Automatic,First,11.57,2987.0,254.79,70.8,GLE 350d,Mercedes-Benz,4
Mumbai,2012,Diesel,Automatic,First,11.74,2987.0,254.8,22.25,M-Class ML 350 CDI,Mercedes-Benz,4
Kochi,2018,Petrol,Manual,First,18.9,1197.0,81.86,6.03,Grand i10 1.2 Kappa Sportz,Hyundai,1
Mumbai,2011,Petrol,Automatic,First,13.7,1798.0,157.75,4.9,Superb Elegance 1.8 TSI AT,Skoda,2
Chennai,2013,Petrol,Automatic,First,16.95,1197.0,78.9,3.96,i10 Sportz AT,Hyundai,0
Hyderabad,2011,Diesel,Manual,First,23.0,1396.0,90.0,4.6,i20 1.4 CRDi Asta,Hyundai,1
Mumbai,2011,Diesel,Manual,Second,12.05,2179.0,120.0,5.5,Scorpio VLX,Mahindra,1
Mumbai,2013,Petrol,Manual,First,19.4,1198.0,86.8,3.25,Brio V MT,Honda,1
Jaipur,2017,Petrol,Manual,First,18.6,1197.0,81.83,6.25,i20 1.2 Magna Executive,Hyundai,1
Pune,2007,Diesel,Manual,Fourth & Above,10.9,2499.0,143.0,3.0,Endeavour 4x2 XLT Limited Edition,Ford,2
Chennai,2011,Diesel,Manual,First,16.8,1493.0,110.0,4.25,Verna CRDi SX,Hyundai,1
Pune,2011,Diesel,Manual,First,11.5,2982.0,171.0,12.25,Fortuner 3.0 Diesel,Toyota,2
Pune,2011,Diesel,Automatic,Second,17.05,1995.0,184.0,10.95,X1 sDrive20d,BMW,3
Delhi,2013,Diesel,Automatic,First,12.55,2982.0,168.5,16.5,Fortuner 4x2 AT,Toyota,2
Pune,2018,Petrol,Automatic,First,19.0,1199.0,88.76,7.8,Amaze V CVT Petrol,Honda,1
Kochi,2013,Petrol,Manual,First,19.81,1086.0,68.05,3.7,i10 Era 1.1,Hyundai,0
Hyderabad,2012,Petrol,Manual,First,17.0,1197.0,80.0,4.0,i20 1.2 Sportz,Hyundai,0
Mumbai,2015,Diesel,Automatic,First,19.59,1995.0,187.74,26.75,3 Series 320d GT Luxury Line,BMW,3
Coimbatore,2016,Diesel,Automatic,First,15.17,1968.0,181.0,28.03,Q3 35 TDI Quattro Premium Plus,Audi,3
Kochi,2017,Petrol,Manual,First,20.4,1197.0,81.8,5.44,Swift VXI Optional,Maruti,1
Delhi,2017,Petrol,Automatic,First,21.4,1197.0,83.1,6.2,Baleno Delta Automatic,Maruti,1
Kolkata,2005,Petrol,Manual,First,13.2,1495.0,94.0,0.9,Accent GLE,Hyundai,1
Mumbai,2016,Petrol,Manual,First,18.5,1197.0,85.8,3.95,Ritz LXi,Maruti,1
Pune,2011,Petrol,Manual,Second,26.0,624.0,35.0,0.44,Nano Lx,Tata,0
Ahmedabad,2012,Diesel,Manual,First,20.0,1399.0,68.0,2.75,Figo Diesel EXI,Ford,0
Hyderabad,2011,Diesel,Automatic,First,18.33,1968.0,167.7,7.5,Passat Diesel Highline 2.0 TDI,Volkswagen,2
Chennai,2010,Diesel,Manual,Second,19.0,1248.0,93.0,2.5,Linea Emotion Pack (Diesel),Fiat,1
Hyderabad,2015,Diesel,Manual,First,14.95,2489.0,93.7,5.0,Xylo D4,Mahindra,1
Hyderabad,2013,Petrol,Manual,First,18.9,998.0,67.1,3.6,Wagon R VXI,Maruti,0
Kochi,2012,Petrol,Manual,First,17.6,1496.0,88.7,3.99,Etios G Safety,Toyota,1
Coimbatore,2015,Petrol,Manual,First,18.9,1197.0,82.0,5.64,Grand i10 Sportz,Hyundai,1
Pune,2014,Diesel,Manual,First,12.99,2494.0,100.0,12.0,Innova 2.5 VX (Diesel) 8 Seater BS IV,Toyota,1
Kolkata,2008,Diesel,Manual,First,16.8,1405.0,62.0,0.7,Indica V2 DLS TC,Tata,0
Mumbai,2015,Diesel,Automatic,First,18.88,1995.0,184.0,19.0,3 Series 320d Sport Line,BMW,3
Delhi,2017,Diesel,Automatic,First,10.91,3198.0,197.0,30.48,Endeavour 3.2 Titanium AT 4X4,Ford,3
Mumbai,2017,Petrol,Manual,First,21.56,1462.0,103.25,8.2,Ciaz Zeta,Maruti,1
Kolkata,2015,Diesel,Manual,First,25.83,1498.0,99.0,7.55,Figo 1.5D Titanium Plus MT,Ford,1
Pune,2007,Petrol,Manual,Third,15.26,1150.0,74.9,0.99,Aveo U-VA 1.2 LS,Chevrolet,0
Delhi,2011,Petrol,Automatic,First,16.8,1497.0,118.0,4.15,City 1.5 V AT,Honda,1
Chennai,2016,Petrol,Manual,First,16.95,1498.0,97.6,6.2,Sunny XL,Nissan,1
Kolkata,2016,Petrol,Manual,First,19.1,1197.0,85.8,4.4,Swift Dzire VXI,Maruti,1
Kolkata,2012,Diesel,Manual,First,20.0,1399.0,68.0,2.1,Figo Diesel Titanium,Ford,0
Jaipur,2011,Diesel,Manual,First,20.3,1248.0,75.0,2.2,Grande Punto 1.3 Emotion (Diesel),Fiat,0
Coimbatore,2018,Petrol,Manual,First,18.6,1197.0,81.86,8.34,Elite i20 Petrol Asta,Hyundai,1
Kolkata,2014,Diesel,Manual,First,23.4,1248.0,74.0,4.35,Swift Dzire VDI,Maruti,0
Hyderabad,2014,Diesel,Manual,First,22.7,1498.0,89.84,6.8,Ecosport 1.5 DV5 MT Titanium,Ford,1
Jaipur,2010,Diesel,Manual,First,19.3,1248.0,73.9,3.3,Swift Dzire VDi,Maruti,0
Kochi,2016,Petrol,Manual,First,18.9,1197.0,82.0,5.04,Grand i10 Sportz,Hyundai,1
Hyderabad,2012,Diesel,Automatic,First,11.4,2953.0,153.86,9.2,Endeavour 3.0L 4X4 AT,Ford,2
Hyderabad,2014,Diesel,Manual,First,22.07,1199.0,73.9,5.7,Polo Diesel Highline 1.2L,Volkswagen,0
Kochi,2018,Diesel,Manual,First,18.49,1493.0,100.0,8.48,TUV 300 2015-2019 mHAWK100 T8,Mahindra,1
Hyderabad,2013,Diesel,Automatic,First,11.2,2993.0,306.0,48.0,X6 xDrive 40d,BMW,5
Hyderabad,2012,Diesel,Manual,First,19.01,1461.0,108.45,6.1,Duster 110PS Diesel RxZ,Renault,1
Ahmedabad,2010,Petrol,Manual,First,22.5,998.0,67.04,2.75,Wagon R LXI,Maruti,0
Pune,2017,Diesel,Manual,First,24.52,1248.0,88.5,8.0,Ertiga SHVS VDI,Maruti,1
Jaipur,2010,Petrol,Manual,First,19.7,796.0,46.3,1.85,Alto LXi BSIII,Maruti,0
Jaipur,2015,Petrol,Automatic,First,20.51,998.0,67.0,3.85,Wagon R AMT VXI Option,Maruti,0
Coimbatore,2017,Petrol,Manual,First,15.1,1196.0,73.0,4.74,Eeco 7 Seater Standard,Maruti,0
Kochi,2013,Diesel,Manual,First,19.6,1461.0,108.45,5.63,Duster 110PS Diesel RxL,Renault,1
Kochi,2011,Petrol,Manual,First,18.2,1061.0,64.0,2.62,Zen Estilo 1.1 LX BSIII,Maruti,0
Kochi,2015,Petrol,Manual,First,13.06,1598.0,102.53,4.9,Duster Petrol RxL,Renault,1
Chennai,2006,Petrol,Manual,First,13.5,1799.0,130.0,2.65,Civic 2006-2010 1.8 S MT,Honda,2
Delhi,2012,Diesel,Manual,First,16.0,2179.0,140.0,5.99,XUV500 W8 2WD,Mahindra,2
Chennai,2011,Diesel,Manual,Second,21.0,1461.0,64.1,2.4,Verito 1.5 D6 BSIV,Mahindra,0
Delhi,2017,Petrol,Manual,First,21.7,999.0,67.0,4.25,KWID Climber 1.0 MT,Renault,0
Mumbai,2013,Diesel,Automatic,First,15.15,2967.0,240.0,40.0,Cayenne Diesel,Porsche,4
Pune,2008,Diesel,Manual,Second,28.4,1248.0,74.0,2.7,Swift DDiS VDI,Maruti,0
Chennai,2011,Petrol,Manual,First,18.5,1197.0,80.0,3.4,i20 1.2 Magna,Hyundai,0
Coimbatore,2016,Diesel,Automatic,Second,18.12,1995.0,190.0,30.8,5 Series 2013-2017 520d Luxury Line,BMW,3
Mumbai,2012,Diesel,Manual,First,20.77,1248.0,88.8,5.85,Ertiga ZDI,Maruti,1
Jaipur,2014,Petrol,Manual,First,18.9,1197.0,82.0,4.0,Grand i10 Magna,Hyundai,1
Coimbatore,2011,Petrol,Automatic,First,9.43,2996.0,254.0,14.12,3 Series 330i,BMW,4
Mumbai,2011,Diesel,Manual,First,17.9,1998.0,163.7,4.55,Cruze LTZ,Chevrolet,2
Jaipur,2011,Diesel,Manual,First,21.1,1248.0,73.9,2.9,Ritz LDi,Maruti,0
Pune,2007,Petrol,Automatic,Second,11.74,1796.0,186.0,6.0,New C-Class C 200 Kompressor Elegance AT,Mercedes-Benz,3
Kochi,2016,Petrol,Manual,First,18.6,1197.0,81.83,6.95,i20 1.2 Magna Executive,Hyundai,1
Kolkata,2014,Petrol,Manual,First,20.3,998.0,68.05,2.75,EON 1.0 Kappa Magna Plus Optional,Hyundai,0
Pune,2014,Diesel,Manual,First,22.9,1248.0,74.0,5.1,Swift VDI,Maruti,0
Chennai,2017,Petrol,Manual,First,18.6,1197.0,81.83,6.75,i20 Sportz 1.2,Hyundai,1
Mumbai,2014,Petrol,Manual,First,18.5,1197.0,85.8,3.69,Ritz ZXi,Maruti,1
Hyderabad,2013,Diesel,Manual,First,22.9,1248.0,74.0,5.45,Swift VDI,Maruti,0
Kochi,2018,Petrol,Manual,First,17.5,1199.0,88.7,9.29,WRV i-VTEC VX,Honda,1
Chennai,2015,Petrol,Automatic,Second,16.9,1197.0,81.86,4.0,Xcent 1.2 Kappa AT S Option,Hyundai,1
Kolkata,2013,Petrol,Manual,First,18.0,1198.0,86.7,2.9,Amaze E i-Vtech,Honda,1
Pune,2013,Petrol,Manual,First,17.1,1591.0,121.3,5.25,Verna 1.6 SX VTVT (O),Hyundai,1
Mumbai,2014,Petrol,Manual,First,16.8,1497.0,116.3,5.75,City V MT,Honda,1
Coimbatore,2017,Petrol,Manual,First,15.29,1591.0,121.3,13.12,Creta 1.6 SX Plus Dual Tone Petrol,Hyundai,1
Kochi,2014,Diesel,Manual,First,15.1,2179.0,140.0,7.83,XUV500 W8 2WD,Mahindra,2
Mumbai,2013,Diesel,Manual,First,12.8,2494.0,102.0,10.4,Innova 2.5 V Diesel 7-seater,Toyota,1
Pune,2012,Diesel,Manual,First,22.9,1248.0,74.0,4.35,Swift VDI,Maruti,0
Coimbatore,2017,Petrol,Automatic,First,22.5,998.0,67.0,5.23,Wagon R VXI AMT,Maruti,0
Coimbatore,2016,Petrol,Manual,First,18.9,1197.0,81.86,6.01,Grand i10 1.2 Kappa Asta,Hyundai,1
Hyderabad,2014,Diesel,Manual,First,25.8,1498.0,98.6,4.4,Amaze VX i-DTEC,Honda,1
Chennai,2010,Diesel,Automatic,First,16.07,1995.0,181.0,12.75,3 Series 320d Highline,BMW,3
Delhi,2011,Petrol,Manual,First,15.6,1196.0,70.0,2.4,Figo Petrol Titanium,Ford,0
Kochi,2018,Petrol,Manual,First,17.0,1198.0,73.75,5.71,Ameo 1.2 MPI Trendline,Volkswagen,0
Kochi,2015,Diesel,Manual,Second,22.7,1498.0,89.84,5.49,Ecosport 1.5 DV5 MT Trend,Ford,1
Pune,2004,Petrol,Manual,Second,13.0,1343.0,90.0,1.3,City 1.3 EXI,Honda,1
Kolkata,2014,Diesel,Manual,First,16.0,2179.0,140.0,8.5,XUV500 W6 2WD,Mahindra,2
Delhi,2012,Diesel,Manual,First,13.0,2982.0,168.5,12.99,Fortuner 4x2 Manual,Toyota,2
Kolkata,2017,Petrol,Manual,First,18.9,1197.0,81.86,5.0,Grand i10 1.2 Kappa Magna,Hyundai,1
Pune,2017,Diesel,Automatic,First,28.4,1248.0,73.75,9.0,Dzire AMT ZDI Plus,Maruti,0
Kochi,2016,Diesel,Manual,First,22.9,1248.0,74.0,5.22,Swift VDI,Maruti,0
Pune,2012,Petrol,Manual,First,16.47,1198.0,73.9,3.8,Polo Petrol Highline 1.2L,Volkswagen,0
Coimbatore,2019,Petrol,Manual,First,18.16,1197.0,78.9,7.27,Etios Liva 1.2 VX Dual Tone,Toyota,0
Mumbai,2016,Petrol,Manual,First,22.0,1197.0,81.8,5.1,Swift VXI,Maruti,1
Bangalore,2013,Diesel,Automatic,First,14.21,2143.0,203.0,29.0,E-Class 2009-2013 E250 CDI Elegance,Mercedes-Benz,3
Pune,2013,Petrol,Manual,First,18.9,998.0,67.1,2.9,Wagon R VXI,Maruti,0
Kochi,2012,Petrol,Manual,First,26.0,624.0,35.0,1.38,Nano Lx BSIV,Tata,0
Bangalore,2011,Petrol,Manual,First,13.4,1798.0,157.8,5.5,Laura 1.8 TSI Ambiente,Skoda,2
Mumbai,2016,Petrol,Automatic,First,17.21,1197.0,103.5,7.25,Polo GT TSI,Volkswagen,1
Coimbatore,2014,Diesel,Manual,First,22.32,1582.0,126.32,6.98,Verna 1.6 SX,Hyundai,1
Hyderabad,2017,Diesel,Manual,First,22.95,1248.0,74.0,5.25,Bolt Quadrajet XE,Tata,0
Kolkata,2013,Petrol,Manual,First,21.1,814.0,55.2,1.95,EON D Lite Plus,Hyundai,0
Bangalore,2014,Diesel,Automatic,First,17.11,1968.0,174.33,24.5,A4 2.0 TDI 177 Bhp Premium Plus,Audi,3
Kochi,2013,Diesel,Manual,First,12.99,2494.0,100.0,8.31,Innova 2.5 GX (Diesel) 7 Seater,Toyota,1
Hyderabad,2012,Diesel,Automatic,First,11.74,2987.0,254.8,36.0,M-Class ML 350 CDI,Mercedes-Benz,4
Pune,2015,Diesel,Manual,First,24.4,1120.0,71.0,5.5,Xcent 1.1 CRDi S,Hyundai,0
Kochi,2011,Petrol,Automatic,First,11.7,2354.0,177.6,5.89,Accord 2.4 AT,Honda,3
Kochi,2016,Diesel,Manual,First,20.34,1498.0,103.2,7.95,Vento 1.5 TDI Highline,Volkswagen,1
Mumbai,2010,Petrol,Manual,First,17.0,1197.0,80.0,2.75,i20 Sportz Petrol,Hyundai,0
Jaipur,2012,Diesel,Manual,First,22.7,1582.0,126.24,6.25,Elantra CRDi SX,Hyundai,1
Hyderabad,2015,Diesel,Manual,First,20.0,1399.0,68.05,4.95,Figo Diesel Titanium,Ford,0
Kochi,2019,Petrol,Manual,First,18.6,1197.0,81.83,6.27,i20 1.2 Magna Executive,Hyundai,1
Kolkata,2017,Diesel,Manual,First,23.9,1582.0,126.2,8.65,Verna 1.6 CRDi SX,Hyundai,1
Kolkata,2014,Petrol,Manual,First,18.9,1197.0,82.0,3.5,Grand i10 Asta,Hyundai,1
Hyderabad,2015,Diesel,Automatic,First,14.16,1968.0,174.3,35.0,Q5 2.0 TDI,Audi,3
Kolkata,2015,Petrol,Manual,First,17.5,1298.0,85.8,4.45,Swift Dzire ZXi,Maruti,1
Kolkata,2012,Petrol,Manual,First,18.5,1197.0,80.0,2.65,i20 Magna,Hyundai,0
Kolkata,2017,Diesel,Manual,First,25.32,1198.0,77.0,4.7,KUV 100 mFALCON D75 K4 Plus 5str,Mahindra,0
Ahmedabad,2014,Diesel,Automatic,First,18.23,1582.0,126.2,8.9,Elantra 1.6 SX Option AT,Hyundai,1
Mumbai,2017,Diesel,Manual,First,17.1,1956.0,170.0,17.45,Compass 2.0 Limited Option Black,Jeep,2
Coimbatore,2017,Diesel,Manual,First,24.3,1248.0,88.5,9.58,Vitara Brezza VDi Option,Maruti,1
Kochi,2012,Petrol,Manual,First,14.28,1798.0,138.03,6.22,Corolla Altis 1.8 GL,Toyota,2
Kolkata,2013,Diesel,Manual,First,15.1,2179.0,140.0,7.8,XUV500 W8 2WD,Mahindra,2
Mumbai,2016,Diesel,Automatic,First,20.68,1995.0,190.0,27.75,X1 xDrive 20d xLine,BMW,3
Pune,2015,Diesel,Manual,Second,22.54,1396.0,88.73,7.0,i20 Magna 1.4 CRDi,Hyundai,1
Coimbatore,2017,Diesel,Automatic,First,11.57,2987.0,254.79,64.87,GLE 350d,Mercedes-Benz,4
Bangalore,2013,Diesel,Manual,Second,17.3,1998.0,163.7,6.5,Cruze LTZ,Chevrolet,2
Jaipur,2011,Petrol,Manual,Second,18.5,1197.0,80.0,2.7,i20 1.2 Magna,Hyundai,0
Mumbai,2012,Petrol,Manual,Second,19.4,1198.0,86.8,2.5,Brio S MT,Honda,1
Hyderabad,2013,Diesel,Manual,First,19.3,1461.0,84.8,3.9,Evalia 2013 XL,Nissan,1
Delhi,2015,Petrol,Manual,First,16.47,1198.0,73.9,3.95,Polo Petrol Trendline 1.2L,Volkswagen,0
Chennai,2010,Petrol,Manual,Second,20.36,1197.0,78.9,2.1,i10 Sportz 1.2,Hyundai,0
Pune,2009,Diesel,Automatic,Third,18.1,1991.0,147.9,3.5,Cruze LTZ AT,Chevrolet,2
Hyderabad,2007,Petrol,Manual,Second,19.81,1086.0,68.05,2.0,i10 Era,Hyundai,0
Delhi,2014,Diesel,Manual,First,20.77,1248.0,88.76,5.35,Ertiga VDI,Maruti,1
Delhi,2013,Diesel,Manual,First,25.8,1498.0,98.6,3.8,Amaze S i-Dtech,Honda,1
Mumbai,2016,Petrol,Automatic,First,15.5,1595.0,122.0,17.25,A Class A180 Sport,Mercedes-Benz,1
Kochi,2018,Petrol,Manual,First,18.9,1197.0,81.86,5.53,Grand i10 1.2 Kappa Magna,Hyundai,1
Pune,2009,Petrol,Manual,Third,20.36,1197.0,78.9,1.95,i10 Sportz 1.2,Hyundai,0
Hyderabad,2017,Diesel,Manual,First,28.4,1248.0,74.0,8.2,Swift DDiS ZDI Plus,Maruti,0
Pune,1999,Petrol,Manual,First,13.0,1343.0,90.0,0.9,City 1.3 EXI,Honda,1
Pune,2013,Diesel,Manual,Third,12.99,2494.0,100.6,6.5,Innova 2.5 GX (Diesel) 7 Seater,Toyota,1
Coimbatore,2014,Diesel,Automatic,First,23.8,1998.0,112.0,19.41,Cooper Countryman D High,Mini,1
Coimbatore,2016,Petrol,Manual,First,15.7,1368.0,112.4,6.58,Linea T-Jet Active,Fiat,1
Mumbai,2011,Petrol,Manual,Second,14.49,1399.0,92.7,2.1,Aveo 1.4 LT,Chevrolet,1
Chennai,2008,Petrol,Manual,Second,19.81,1086.0,68.05,2.0,i10 Era 1.1,Hyundai,0
Delhi,2015,Diesel,Manual,First,24.4,1120.0,71.0,3.7,Xcent 1.1 CRDi Base,Hyundai,0
Mumbai,2014,Petrol,Automatic,First,23.1,998.0,67.04,3.8,Celerio VXI AT,Maruti,0
Jaipur,2014,Petrol,Manual,First,20.36,1197.0,78.9,3.25,i10 Sportz,Hyundai,0
Coimbatore,2015,Diesel,Manual,First,19.87,1461.0,83.8,5.53,Duster 85PS Diesel RxL,Renault,1
Ahmedabad,2011,Diesel,Automatic,Second,22.69,1995.0,190.0,10.9,3 Series 320d,BMW,3
Kolkata,2018,Petrol,Manual,First,18.9,1197.0,82.0,5.1,Grand i10 Sportz,Hyundai,1
Pune,2009,Petrol,Manual,Second,18.0,995.0,62.0,1.6,Spark 1.0 LS,Chevrolet,0
Ahmedabad,2018,Petrol,Manual,First,17.4,1497.0,117.3,11.25,City i VTEC VX Option,Honda,1
Chennai,2013,Diesel,Manual,First,20.54,1598.0,103.6,5.9,Vento Diesel Highline,Volkswagen,1
Delhi,2012,Diesel,Automatic,First,11.5,2982.0,169.0,14.4,Fortuner 4x2 4 Speed AT,Toyota,2
Delhi,2011,Petrol,Manual,First,17.0,1497.0,118.0,3.6,City 1.5 S MT,Honda,1
Jaipur,2017,Diesel,Automatic,First,18.12,1995.0,190.0,40.5,5 Series 2013-2017 520d Luxury Line,BMW,3
Bangalore,2014,Diesel,Automatic,Second,14.16,1968.0,174.3,38.95,Q5 30 TDI quattro Premium Plus,Audi,3
Delhi,2014,Diesel,Manual,First,23.2,1248.0,73.94,3.6,Ritz LDi,Maruti,0
Kochi,2016,Diesel,Automatic,First,21.21,1498.0,103.2,7.12,Vento 1.5 TDI Highline AT,Volkswagen,1
Kochi,2016,Diesel,Manual,First,26.0,1498.0,98.6,7.52,City i DTEC SV,Honda,1
Delhi,2012,Diesel,Automatic,Second,15.2,1968.0,140.8,10.35,A4 New 2.0 TDI Multitronic,Audi,2
Hyderabad,2014,Petrol,Manual,First,15.0,1598.0,103.52,7.0,Rapid 1.6 MPI Elegance,Skoda,1
Delhi,2011,Diesel,Manual,First,11.5,2982.0,171.0,10.85,Fortuner 3.0 Diesel,Toyota,2
Mumbai,2010,Diesel,Manual,First,16.52,1991.0,123.7,2.35,Optra Magnum 2.0 LT BS3,Chevrolet,1
Mumbai,2014,Petrol,Manual,First,15.1,1196.0,73.0,2.9,Eeco 7 Seater Standard,Maruti,0
Delhi,2017,Petrol,Manual,First,20.73,1373.0,91.1,7.65,Ciaz ZXi,Maruti,1
Delhi,2016,Diesel,Manual,First,28.09,1248.0,88.5,6.4,Ciaz VDi Plus SHVS,Maruti,1
Pune,2014,Diesel,Manual,First,12.99,2494.0,100.6,10.1,Innova 2.5 LE 2014 Diesel 7 Seater,Toyota,1
Kolkata,2014,Petrol,Manual,First,19.1,1197.0,85.8,4.25,Swift Dzire VXI,Maruti,1
Kochi,2019,Diesel,Automatic,First,11.36,2755.0,171.5,19.65,Innova Crysta 2.8 GX AT,Toyota,2
Pune,2017,Diesel,Manual,First,25.0,1396.0,69.0,4.4,Indica V2 eLX,Tata,0
Jaipur,2012,Petrol,Manual,First,18.5,1197.0,82.85,3.25,i20 Magna,Hyundai,1
Pune,2012,Diesel,Manual,First,17.8,1399.0,68.0,2.8,Fiesta 1.4 Duratorq ZXI,Ford,0
Kolkata,2015,Diesel,Manual,First,18.2,1248.0,73.74,4.3,Enjoy 1.3 TCDi LS 8,Chevrolet,0
Chennai,2006,Diesel,Manual,Third,17.8,1399.0,68.0,1.55,Fiesta 1.4 Duratorq EXI,Ford,0
Chennai,2007,Petrol,Manual,Second,10.8,2354.0,152.0,4.7,CR-V 2.4 MT,Honda,2
Kochi,2017,Petrol,Manual,First,18.7,1199.0,88.7,7.07,Jazz 1.2 VX i VTEC,Honda,1
Delhi,2018,Diesel,Automatic,First,11.0,2987.0,258.0,79.0,GLS 350d Grand Edition,Mercedes-Benz,4
Delhi,2018,Petrol,Manual,First,18.9,1197.0,81.86,5.75,Grand i10 1.2 Kappa Sportz,Hyundai,1
Mumbai,2012,Petrol,Manual,First,18.5,1197.0,85.8,3.25,Ritz VXi,Maruti,1
Coimbatore,2017,Diesel,Automatic,First,22.0,1498.0,108.495,8.89,Ameo 1.5 TDI Highline AT,Volkswagen,1
Mumbai,2015,Petrol,Manual,First,17.4,1497.0,117.3,5.9,City i VTEC SV,Honda,1
Kolkata,2016,Petrol,Manual,First,18.7,1199.0,88.7,4.95,Jazz 1.2 S i VTEC,Honda,1
Delhi,2014,Diesel,Manual,First,17.8,1248.0,75.0,3.75,Swift Ldi BSIV,Maruti,0
Kochi,2017,Diesel,Automatic,First,17.01,1582.0,126.2,10.97,Creta 1.6 CRDi AT SX Plus,Hyundai,1
Kochi,2014,Diesel,Automatic,Second,14.4,2967.0,241.4,24.94,A7 2011-2015 3.0 TDI Quattro,Audi,4
Kolkata,2014,Petrol,Manual,First,21.1,814.0,55.2,1.97,EON D Lite Plus,Hyundai,0
Jaipur,2010,Diesel,Manual,Second,20.0,1399.0,68.0,1.4,Figo Diesel EXI,Ford,0
Coimbatore,2018,Petrol,Manual,First,17.0,1198.0,73.75,7.27,Ameo 1.2 MPI Highline,Volkswagen,0
Kolkata,2013,Diesel,Manual,First,21.64,1461.0,84.8,4.0,Scala Diesel RxL,Renault,1
Kolkata,2015,Petrol,Manual,First,18.7,1199.0,88.7,4.75,Jazz 1.2 V i VTEC,Honda,1
Delhi,2015,Petrol,Manual,First,17.0,1197.0,80.0,5.1,i20 1.2 Sportz,Hyundai,0
Coimbatore,2012,Diesel,Automatic,First,14.94,2967.0,241.4,16.11,A4 3.0 TDI Quattro Premium,Audi,4
Delhi,2014,Diesel,Automatic,First,11.18,2696.0,184.0,10.55,Ssangyong Rexton RX7,Mahindra,3
Ahmedabad,2017,Diesel,Automatic,First,12.9,2755.0,174.5,30.0,Fortuner 2.8 2WD AT,Toyota,3
Kolkata,2002,Diesel,Manual,First,18.7,1896.0,66.0,1.6,Octavia Classic 1.9 TDI MT,Skoda,0
Hyderabad,2012,Diesel,Automatic,First,15.8,2148.0,170.0,18.49,New C-Class 250 CDI Classic,Mercedes-Benz,2
Kochi,2018,Petrol,Manual,First,20.73,1373.0,91.1,9.96,Ciaz 1.4 Zeta,Maruti,1
Hyderabad,2013,Diesel,Manual,Second,22.9,1248.0,74.0,4.75,Swift ZDi,Maruti,0
Bangalore,2002,Diesel,Manual,Third,13.1,2446.0,75.0,3.65,Qualis FS B3,Toyota,0
Delhi,2012,Diesel,Automatic,Second,16.73,2495.0,218.0,15.5,5 Series 2007-2010 525d Sedan,BMW,3
Kochi,2013,Diesel,Manual,First,10.5,2835.0,116.9,11.82,Pajero 2.8 SFX BSIII Dual Tone,Mitsubishi,1
Delhi,2008,Petrol,Manual,First,13.4,1794.0,125.0,2.05,Corolla H2,Toyota,1
Mumbai,2013,Petrol,Manual,First,16.8,796.0,34.2,2.25,Omni E MPI STD BS IV,Maruti,0
Kochi,2014,Diesel,Automatic,First,17.68,1968.0,174.33,20.12,A6 2011-2015 2.0 TDI,Audi,3
Coimbatore,2016,Diesel,Manual,First,27.3,1498.0,98.6,7.48,Jazz 1.5 S i DTEC,Honda,1
Mumbai,2004,Petrol,Automatic,Second,10.5,1796.0,157.7,5.5,E-Class 200 Kompressor Elegance,Mercedes-Benz,2
Jaipur,2005,Petrol,Manual,Second,13.0,1493.0,100.0,1.7,City 1.5 EXI,Honda,1
Kochi,2013,Diesel,Automatic,First,16.55,1968.0,147.51,13.19,A4 2.0 TDI,Audi,2
Mumbai,2012,Petrol,Manual,First,19.1,1197.0,85.8,3.85,Swift Dzire VXI,Maruti,1
Delhi,2016,Diesel,Manual,First,28.4,1248.0,73.75,5.75,Dzire VDI,Maruti,0
Pune,2014,Diesel,Manual,First,15.1,2179.0,140.0,9.0,XUV500 W8 4WD,Mahindra,2
Kochi,2012,Petrol,Manual,First,18.6,1199.0,79.4,2.21,Beat LT,Chevrolet,0
Kochi,2017,Diesel,Manual,First,23.0,1498.0,98.96,8.09,EcoSport 1.5 Diesel Titanium Plus,Ford,1
Coimbatore,2017,Diesel,Automatic,First,14.69,2993.0,258.0,48.63,5 Series 2013-2017 530d M Sport,BMW,4
Coimbatore,2015,Diesel,Automatic,Second,14.16,1968.0,174.3,39.47,Q5 30 TDI quattro Premium Plus,Audi,3
Coimbatore,2015,Diesel,Automatic,Second,20.68,1995.0,190.0,22.24,X1 sDrive 20d xLine,BMW,3
Mumbai,2009,Petrol,Automatic,First,19.2,1197.0,80.0,2.6,i10 Magna AT,Hyundai,0
Ahmedabad,2016,Diesel,Automatic,First,17.01,1582.0,126.2,12.0,Creta 1.6 CRDi AT SX Plus,Hyundai,1
Chennai,2014,Diesel,Automatic,First,17.11,1968.0,174.33,18.0,A4 2.0 TDI 177 Bhp Premium Plus,Audi,3
Mumbai,2007,Petrol,Automatic,Third,10.13,3498.0,364.9,9.99,S Class 2005 2013 S 350 L,Mercedes-Benz,7
Kolkata,2012,Petrol,Manual,First,20.36,1197.0,78.9,2.45,i10 Magna,Hyundai,0
Mumbai,2017,Diesel,Manual,First,23.0,1498.0,98.96,8.99,EcoSport 1.5 Diesel Titanium,Ford,1
Kolkata,2011,Diesel,Manual,First,20.54,1598.0,103.6,3.15,Vento Diesel Highline,Volkswagen,1
Jaipur,2017,Diesel,Manual,First,28.4,1248.0,73.75,8.2,Dzire ZDI Plus,Maruti,0
Ahmedabad,2016,Diesel,Manual,First,15.4,1997.0,120.0,11.5,Scorpio 1.99 S10,Mahindra,1
Coimbatore,2016,Diesel,Manual,First,22.54,1396.0,88.73,7.3,i20 Asta 1.4 CRDi,Hyundai,1
Chennai,2008,Petrol,Manual,First,19.7,796.0,46.3,1.59,Alto LXi,Maruti,0
Delhi,2015,Petrol,Manual,Second,20.36,1197.0,78.9,3.15,i10 Magna,Hyundai,0
Kolkata,2015,Diesel,Manual,Second,15.4,2179.0,120.0,8.5,Scorpio S6 7 Seater,Mahindra,1
Hyderabad,2010,Diesel,Manual,First,19.5,1199.0,75.0,3.0,Fabia 1.2L Diesel Classic,Skoda,0
Mumbai,2012,Diesel,Automatic,First,15.3,2993.0,258.0,21.0,X5 xDrive 30d,BMW,4
Hyderabad,2016,Diesel,Manual,First,27.3,1498.0,98.6,7.75,Jazz 1.5 S i DTEC,Honda,1
Mumbai,2013,Diesel,Automatic,First,10.0,2148.0,170.0,23.0,E-Class 2009-2013 E 220 CDI Avantgarde,Mercedes-Benz,2
Mumbai,2016,Diesel,Automatic,First,16.0,2179.0,140.0,13.75,XUV500 AT W10 FWD,Mahindra,2
Kochi,2017,Petrol,Automatic,First,18.0,1497.0,117.3,8.29,City i VTEC CVT SV,Honda,1
Coimbatore,2014,Diesel,Manual,First,22.9,1248.0,74.0,5.79,Swift VDI,Maruti,0
Coimbatore,2017,Diesel,Automatic,First,14.84,2143.0,170.0,30.5,New C-Class 220 CDI AT,Mercedes-Benz,2
Mumbai,2011,Petrol,Manual,First,17.0,1497.0,118.0,3.8,City 1.5 S MT,Honda,1
Bangalore,2014,Diesel,Manual,First,15.3,2956.0,83.8,4.45,Sumo EX,Tata,1
Delhi,2012,Petrol,Manual,First,18.5,1197.0,82.85,3.3,i20 Magna,Hyundai,1
Jaipur,2009,Diesel,Manual,Second,20.4,1248.0,91.2,1.75,Linea 1.3 Dynamic,Fiat,1
Bangalore,2011,Petrol,Automatic,Second,12.9,1799.0,130.0,5.5,Civic 2006-2010 1.8 V AT,Honda,2
Pune,2017,Diesel,Manual,First,19.67,1582.0,126.2,13.35,Creta 1.6 SX Plus Diesel,Hyundai,1
Delhi,2017,Diesel,Automatic,Second,20.38,1968.0,143.0,22.5,A3 35 TDI Technology,Audi,2
Delhi,2013,Petrol,Manual,Second,17.0,1591.0,121.3,5.25,Verna VTVT 1.6 SX Option,Hyundai,1
Hyderabad,2011,Diesel,Manual,First,21.9,1396.0,90.0,3.75,i20 1.4 CRDi Magna,Hyundai,1
Kochi,2015,Diesel,Manual,First,24.2,1498.0,98.6,6.32,Mobilio S i DTEC,Honda,1
Bangalore,2018,Diesel,Automatic,First,22.32,1582.0,126.32,7.75,Verna 1.6 SX CRDI (O) AT,Hyundai,1
Chennai,2006,Petrol,Manual,Second,15.3,1596.0,101.0,1.37,Fiesta 1.6 ZXI Duratec,Ford,1
Mumbai,2010,Petrol,Manual,First,20.36,1197.0,78.9,2.1,i10 Sportz 1.2,Hyundai,0
Hyderabad,2016,Diesel,Manual,First,24.3,1248.0,88.5,9.3,Vitara Brezza ZDi,Maruti,1
Ahmedabad,2015,Diesel,Manual,First,12.99,2494.0,100.6,12.0,Innova 2.5 VX (Diesel) 7 Seater,Toyota,1
Pune,2017,Diesel,Automatic,First,17.9,2143.0,136.0,23.5,GLA Class 200 d Sport,Mercedes-Benz,2
Hyderabad,2006,Petrol,Manual,First,19.7,796.0,46.3,1.8,Alto LXi BSIII,Maruti,0
Chennai,2013,Diesel,Automatic,Second,14.84,2143.0,170.0,12.5,New C-Class C 220 CDI Elegance AT,Mercedes-Benz,2
Delhi,2015,Diesel,Manual,First,22.9,1248.0,74.0,4.74,Swift LDI,Maruti,0
Kochi,2016,Petrol,Manual,First,18.9,1197.0,82.0,5.43,Grand i10 Sportz,Hyundai,1
Kochi,2018,Diesel,Automatic,Second,12.55,2982.0,168.5,31.62,Fortuner 4x4 AT,Toyota,2
Kolkata,2011,Petrol,Manual,First,12.4,1998.0,132.0,6.3,Innova 2.0 GX 8 STR,Toyota,2
Kochi,2017,Diesel,Manual,First,22.77,1498.0,98.59,8.45,EcoSport 1.5 TDCi Titanium,Ford,1
Pune,2016,Petrol,Manual,First,18.16,1196.0,86.8,5.0,Figo 1.2P Titanium MT,Ford,1
Chennai,2011,Diesel,Manual,First,11.5,2982.0,171.0,13.0,Fortuner 3.0 Diesel,Toyota,2
Hyderabad,2012,Petrol,Manual,First,19.1,1197.0,85.8,4.7,Swift Dzire VXI,Maruti,1
Pune,2012,Petrol,Manual,First,13.14,1798.0,160.0,3.3,Superb 1.8 TSI MT,Skoda,2
Jaipur,2009,Petrol,Manual,Second,18.9,1061.0,67.0,1.51,Wagon R LXI Minor,Maruti,0
Kochi,2013,Diesel,Manual,First,19.01,1461.0,108.45,6.09,Duster 110PS Diesel RxZ,Renault,1
Mumbai,2015,Petrol,Manual,First,20.73,1373.0,91.1,5.95,Ciaz VXi Plus,Maruti,1
Hyderabad,2012,Diesel,Manual,First,22.7,1582.0,126.24,9.0,Elantra CRDi SX,Hyundai,1
Kolkata,2015,Diesel,Automatic,First,21.66,1498.0,103.52,4.25,Rapid 1.5 TDI AT Elegance,Skoda,1
Hyderabad,2013,Diesel,Automatic,First,14.84,2143.0,170.0,23.5,New C-Class C 220 CDI Elegance AT,Mercedes-Benz,2
Mumbai,2011,Petrol,Automatic,First,11.7,2354.0,177.6,6.35,Accord 2.4 A/T,Honda,3
Chennai,2014,Petrol,Manual,First,23.1,998.0,67.04,3.4,Celerio VXI,Maruti,0
Chennai,2014,Diesel,Automatic,First,22.69,1995.0,190.0,21.6,3 Series 320d Sport,BMW,3
Chennai,2011,Diesel,Manual,First,20.54,1598.0,103.6,4.0,Vento Diesel Trendline,Volkswagen,1
Pune,2018,Diesel,Manual,First,23.4,1248.0,74.0,5.5,Swift Dzire Tour LDI,Maruti,0
Mumbai,2012,Diesel,Automatic,First,12.39,2179.0,147.51,19.25,Rover Freelander 2 SE,Land,2
Hyderabad,2012,Diesel,Manual,First,21.9,1396.0,90.0,3.95,i20 1.4 CRDi Magna,Hyundai,1
Mumbai,2012,Diesel,Manual,Second,28.4,1248.0,73.75,4.25,Dzire VDI,Maruti,0
Kochi,2018,Diesel,Manual,First,17.1,1956.0,170.0,17.02,Compass 2.0 Longitude,Jeep,2
Hyderabad,2012,Diesel,Manual,First,20.77,1248.0,88.76,6.5,Ertiga VDI,Maruti,1
Bangalore,2011,Petrol,Manual,First,15.6,1196.0,70.0,2.95,Figo Petrol ZXI,Ford,0
Coimbatore,2013,Diesel,Manual,First,21.43,1364.0,86.79,7.12,Corolla Altis 1.4 DG,Toyota,1
Chennai,2018,Diesel,Automatic,First,24.3,1248.0,88.5,11.25,Vitara Brezza ZDi Plus AMT Dual Tone,Maruti,1
Delhi,2009,Petrol,Manual,First,17.0,1497.0,118.0,2.75,City 1.5 S MT,Honda,1
Hyderabad,2015,Diesel,Manual,First,15.4,2179.0,120.0,12.0,Scorpio S10 4WD,Mahindra,1
Mumbai,2014,Petrol,Manual,First,20.14,1197.0,81.86,3.67,Xcent 1.2 VTVT SX,Hyundai,1
Pune,2001,Diesel,Manual,First,15.0,2148.0,113.25304969366915,5.0,E-Class 220 CDI,Mercedes-Benz,1
Pune,2008,Petrol,Manual,First,15.7,1390.0,75.0,2.3,Renault Logan 1.4 GLX Petrol,Mahindra,0
Pune,2008,Diesel,Manual,First,18.7,1896.0,66.0,2.2,Octavia 1.9 TDI,Skoda,0
Pune,2014,Diesel,Automatic,First,12.0,2987.0,224.0,41.0,GL-Class 2007 2012 350 CDI Luxury,Mercedes-Benz,4
Bangalore,2016,Diesel,Automatic,First,20.68,1995.0,190.0,28.5,X1 sDrive 20d xLine,BMW,3
Mumbai,2015,Petrol,Manual,First,15.04,1598.0,103.2,5.49,Vento 2013-2015 1.6 Comfortline,Volkswagen,1
Ahmedabad,2013,Diesel,Automatic,Second,16.55,1968.0,147.51,17.5,A4 2.0 TDI,Audi,2
Bangalore,2009,Diesel,Manual,First,13.8,1399.0,68.0,1.99,Ikon 1.4 TDCi DuraTorq,Ford,0
Kochi,2016,Diesel,Manual,First,22.32,1582.0,126.3,6.64,Verna 1.6 CRDi EX MT,Hyundai,1
Hyderabad,2017,Diesel,Manual,First,13.68,2393.0,147.8,16.5,Innova Crysta 2.4 VX MT,Toyota,2
Pune,2016,Petrol,Manual,First,18.9,1197.0,82.0,5.0,Grand i10 Asta Option,Hyundai,1
Mumbai,2017,Petrol,Manual,First,17.0,1198.0,73.75,5.4,Ameo 1.2 MPI Comfortline,Volkswagen,0
Kolkata,2017,Petrol,Manual,First,25.17,799.0,53.3,2.99,KWID RXT,Renault,0
Jaipur,2011,Petrol,Manual,First,17.0,1497.0,118.0,4.1,City 1.5 S MT,Honda,1
Kochi,2018,Petrol,Automatic,First,18.9,1197.0,81.86,6.76,Grand i10 1.2 Kappa Magna AT,Hyundai,1
Chennai,2016,Petrol,Manual,Second,18.78,999.0,75.0,5.5,Polo 1.0 MPI Comfortline,Volkswagen,0
Coimbatore,2014,Diesel,Manual,First,25.2,1248.0,74.0,5.99,Swift VDI BSIV,Maruti,0
Delhi,2012,Diesel,Manual,First,21.64,1461.0,84.8,2.59,Sunny 2011-2014 Diesel XV,Nissan,1
Mumbai,2013,Diesel,Automatic,First,16.36,2179.0,187.7,26.75,XF 2.2 Litre Luxury,Jaguar,3
Pune,2016,Diesel,Manual,First,28.09,1248.0,88.5,8.5,Ciaz ZDi SHVS,Maruti,1
Bangalore,2011,Diesel,Automatic,First,12.8,1968.0,167.6,23.0,Q5 2008-2012 2.0 TDI,Audi,2
Pune,2014,Petrol,Manual,First,15.6,1196.0,70.02,3.35,Figo Petrol ZXI,Ford,0
Bangalore,2012,Diesel,Automatic,Second,11.72,2199.0,194.3,10.75,Santa Fe 4x4 AT,Hyundai,3
Kolkata,2013,Diesel,Manual,First,12.05,2179.0,120.0,6.29,Scorpio VLX 2WD AIRBAG BSIV,Mahindra,1
Bangalore,2014,Diesel,Manual,First,19.6,1461.0,108.45,7.75,Duster 110PS Diesel RxL,Renault,1
Delhi,2012,Diesel,Automatic,First,15.2,1968.0,140.8,13.5,A4 New 2.0 TDI Multitronic,Audi,2
Coimbatore,2013,Petrol,Manual,First,15.1,1196.0,73.0,3.75,Eeco 7 Seater Standard,Maruti,0
Mumbai,2011,Diesel,Manual,Second,14.0,2498.0,112.0,3.75,Xylo E4,Mahindra,1
Jaipur,2006,Petrol,Manual,Second,18.9,998.0,67.1,1.5,Wagon R LXI,Maruti,0
Chennai,2005,Petrol,Manual,First,14.0,1061.0,64.0,1.45,Wagon R LXI BSIII,Maruti,0
Coimbatore,2013,Petrol,Manual,First,15.5,1586.0,103.3,4.12,SX4 ZXI MT BSIV,Maruti,1
Mumbai,2016,Diesel,Manual,First,13.68,2393.0,147.8,17.11,Innova Crysta 2.4 VX MT,Toyota,2
Pune,2015,Diesel,Manual,Second,12.99,2494.0,100.6,10.25,Innova 2.5 G (Diesel) 7 Seater,Toyota,1
Kolkata,2011,Diesel,Manual,First,22.07,1199.0,73.9,2.49,Polo Diesel Trendline 1.2L,Volkswagen,0
Pune,2015,Petrol,Manual,Second,16.78,1496.0,88.73,3.85,Etios G,Toyota,1
Hyderabad,2014,Diesel,Manual,First,22.7,1498.0,89.84,6.25,Ecosport 1.5 DV5 MT Titanium,Ford,1
Hyderabad,2015,Diesel,Manual,First,24.0,1120.0,70.0,4.88,Grand i10 CRDi Magna,Hyundai,0
Mumbai,2016,Petrol,Automatic,First,18.0,1497.0,117.3,9.45,City i VTEC CVT SV,Honda,1
Hyderabad,2007,Diesel,Manual,Second,12.8,2494.0,102.0,4.8,Innova 2.5 G3,Toyota,1
Kolkata,2012,Petrol,Manual,First,21.1,814.0,55.2,1.99,EON Era Plus,Hyundai,0
Hyderabad,2010,Petrol,Manual,First,20.36,1197.0,78.9,2.8,i10 Magna 1.2,Hyundai,0
Bangalore,2011,Petrol,Automatic,Second,12.3,1796.0,185.0,22.0,E-Class 2009-2013 E 200 CGI Elegance,Mercedes-Benz,3
Hyderabad,2012,Diesel,Manual,First,15.96,2523.0,62.1,4.3,Bolero SLE,Mahindra,0
Coimbatore,2014,Diesel,Automatic,First,20.0,1968.0,138.1,9.75,Laura Ambition 2.0 TDI CR AT,Skoda,2
Ahmedabad,2015,Petrol,Manual,First,20.4,1197.0,81.8,5.9,Swift ZXI,Maruti,1
Delhi,2013,Diesel,Automatic,First,16.55,1968.0,147.51,14.5,A4 2.0 TDI,Audi,2
Hyderabad,2009,Diesel,Manual,Second,17.8,1399.0,68.0,2.4,Fiesta 1.4 SXi TDCi ABS,Ford,0
Mumbai,2008,Petrol,Manual,Second,15.0,1586.0,104.68,2.11,SX4 Vxi BSIII,Maruti,1
Coimbatore,2017,Petrol,Automatic,First,18.9,1197.0,82.0,7.6,Grand i10 AT Asta,Hyundai,1
Hyderabad,2012,Petrol,Automatic,First,17.16,1197.0,85.8,3.6,Ritz AT,Maruti,1
Jaipur,2013,Diesel,Manual,First,10.5,2179.0,120.0,6.0,Scorpio 2.6 CRDe,Mahindra,1
Mumbai,2014,Diesel,Manual,First,15.4,2179.0,120.0,7.45,Scorpio S4 7 Seater,Mahindra,1
Chennai,2011,Petrol,Manual,First,19.7,796.0,46.3,2.1,Alto LXi,Maruti,0
Ahmedabad,2013,Diesel,Manual,Second,19.01,1461.0,108.45,5.2,Duster 110PS Diesel RxZ,Renault,1
Mumbai,2017,Petrol,Manual,First,20.89,1197.0,81.8,6.36,Ignis 1.2 Alpha,Maruti,1
Kochi,2015,Diesel,Manual,First,12.99,2494.0,100.6,11.62,Innova 2.5 ZX Diesel 7 Seater,Toyota,1
Kochi,2015,Diesel,Automatic,Second,16.77,2993.0,261.49,43.6,7 Series 730Ld Eminence,BMW,4
Kolkata,2009,Diesel,Manual,Second,13.6,1991.0,142.0,4.9,Sonata Embera 2.0L CRDi MT,Hyundai,2
Kochi,2015,Diesel,Manual,First,19.01,1461.0,108.45,6.7,Duster Adventure Edition,Renault,1
Bangalore,2014,Diesel,Automatic,First,17.11,1968.0,174.33,25.0,A4 2.0 TDI 177 Bhp Technology Edition,Audi,3
Coimbatore,2018,Diesel,Manual,First,17.1,1956.0,170.0,19.05,Compass 2.0 Longitude,Jeep,2
Kolkata,2015,Petrol,Manual,First,17.43,1396.0,105.5,4.5,Verna 1.4 VTVT,Hyundai,1
Pune,2013,Petrol,Manual,First,18.0,1198.0,86.7,4.15,Amaze VX i-Vtech,Honda,1
Chennai,2015,Diesel,Manual,First,19.67,1582.0,126.2,11.9,Creta 1.6 CRDi SX Option,Hyundai,1
Delhi,2011,Petrol,Manual,First,19.81,1086.0,68.05,2.1,i10 Magna 1.1,Hyundai,0
Delhi,2016,Diesel,Manual,First,18.49,1493.0,100.0,6.95,TUV 300 T8,Mahindra,1
Pune,2008,Petrol,Manual,Second,17.5,1298.0,85.8,2.4,Swift Dzire VXi,Maruti,1
Chennai,2007,Petrol,Manual,First,13.2,1495.0,94.0,2.65,Accent GLE 1,Hyundai,1
Jaipur,2014,Diesel,Manual,First,15.1,2179.0,140.0,9.0,XUV500 W8 2WD,Mahindra,2
Pune,2012,Petrol,Manual,First,20.92,998.0,67.1,2.1,Alto K10 2010-2014 VXI,Maruti,0
Pune,2011,Petrol,Manual,Second,18.6,1199.0,79.4,2.5,Beat LT,Chevrolet,0
Mumbai,2009,Diesel,Automatic,First,12.4,2698.0,179.5,8.95,A6 2.7 TDI,Audi,3
Hyderabad,2017,Diesel,Automatic,First,20.7,1496.0,113.98,34.0,Cooper 5 DOOR D,Mini,1
Pune,2011,Petrol,Manual,First,16.1,1621.276449941501,113.25304969366915,3.15,Swift 1.3 LXI,Maruti,1
Chennai,2015,Petrol,Manual,First,17.57,1193.0,88.7,4.0,Zest Revotron 1.2T XMS,Tata,1
Kolkata,2014,Diesel,Manual,First,26.0,1498.0,98.6,4.45,City i DTEC SV,Honda,1
Jaipur,2010,Petrol,Manual,First,18.6,1199.0,79.4,1.5,Beat LT,Chevrolet,0
Jaipur,2011,Diesel,Automatic,Second,16.55,1968.0,140.0,14.5,A4 2.0 TDI Multitronic,Audi,2
Kolkata,2015,Diesel,Manual,First,26.1,1498.0,99.0,8.41,Aspire Titanium Plus Diesel,Ford,1
Mumbai,2014,Diesel,Automatic,Second,19.08,1582.0,126.32,5.45,Verna SX CRDi AT,Hyundai,1
Mumbai,2015,Petrol,Automatic,First,18.0,1497.0,117.3,8.9,City i VTEC CVT VX,Honda,1
Hyderabad,2012,Petrol,Manual,First,20.36,1197.0,78.9,3.65,i10 Sportz 1.2,Hyundai,0
Bangalore,2015,Diesel,Automatic,Second,18.56,1995.0,190.0,29.0,X3 xDrive20d Expedition,BMW,3
Mumbai,2013,Diesel,Automatic,First,16.55,1968.0,147.51,13.5,A4 2.0 TDI,Audi,2
Hyderabad,2008,Petrol,Automatic,First,10.1,2354.0,152.0,5.4,CR-V 2.4 AT,Honda,2
Coimbatore,2016,Petrol,Manual,First,18.9,1197.0,81.86,5.89,Grand i10 1.2 Kappa Asta,Hyundai,1
Hyderabad,2016,Diesel,Manual,First,28.09,1248.0,88.5,8.45,Ciaz ZDi Plus SHVS,Maruti,1
Delhi,2011,Petrol,Manual,First,17.4,1497.0,117.3,4.0,City i-VTEC V,Honda,1
Mumbai,2013,Diesel,Automatic,First,9.52,2993.0,313.0,45.0,6 Series 640d Coupe,BMW,5
Mumbai,2016,Petrol,Automatic,First,23.1,998.0,67.04,3.94,Celerio VXI AMT,Maruti,0
Jaipur,2011,Diesel,Automatic,Second,13.73,1995.0,148.0,8.0,Koleos 2.0 Diesel,Renault,2
Hyderabad,2013,Diesel,Manual,First,20.0,1399.0,68.0,4.1,Figo Diesel ZXI,Ford,0
Chennai,2006,Diesel,Manual,First,12.8,2494.0,102.0,6.25,Innova 2.5 V Diesel 7-seater,Toyota,1
Kolkata,2015,Diesel,Manual,First,28.4,1248.0,73.75,5.25,Dzire VDI,Maruti,0
Hyderabad,2013,Diesel,Automatic,First,16.1,1950.0,194.0,21.0,E-Class E 220 d,Mercedes-Benz,3
Ahmedabad,2015,Petrol,Manual,First,18.9,1197.0,81.86,4.3,Grand i10 1.2 Kappa Sportz,Hyundai,1
Mumbai,2014,Petrol,Manual,First,17.3,1497.0,117.3,5.25,Mobilio S i VTEC,Honda,1
Mumbai,2010,Petrol,Automatic,Second,11.9,4806.0,550.0,32.0,Cayenne Turbo S,Porsche,9
Kolkata,2013,Diesel,Manual,First,17.21,1493.0,100.0,3.9,Quanto C8,Mahindra,1
Mumbai,2007,Petrol,Manual,Third,13.4,1794.0,125.0,2.2,Corolla H5,Toyota,1
Mumbai,2016,Diesel,Manual,First,25.32,1198.0,77.0,3.7,KUV 100 mFALCON D75 K4,Mahindra,0
Coimbatore,2010,Petrol,Automatic,Second,10.9,2497.0,215.0,11.27,3 Series 2005-2011 325i Sedan,BMW,3
Jaipur,2013,Petrol,Manual,First,22.74,796.0,47.3,2.41,Alto 800 LXI,Maruti,0
Pune,2015,Diesel,Automatic,First,15.73,1968.0,174.33,19.0,Q3 35 TDI Quattro Premium,Audi,3
Hyderabad,2015,Diesel,Manual,Second,23.59,1364.0,67.05,5.8,Etios GD,Toyota,0
Coimbatore,2016,Diesel,Manual,First,15.1,2179.0,140.0,13.52,XUV500 W8 2WD,Mahindra,2
Hyderabad,2015,Diesel,Manual,First,13.0,2982.0,168.7,24.5,Fortuner 4x2 MT TRD Sportivo,Toyota,2
Kochi,2017,Diesel,Automatic,First,17.9,2143.0,201.15,56.73,GLE 250d,Mercedes-Benz,3
Jaipur,2015,Diesel,Manual,First,19.67,1582.0,126.2,9.95,Creta 1.6 CRDi SX,Hyundai,1
Pune,2012,Petrol,Automatic,First,16.8,1497.0,118.0,5.5,City 1.5 V AT,Honda,1
Hyderabad,2015,Diesel,Automatic,First,17.11,1968.0,174.33,25.0,A4 35 TDI Premium,Audi,3
Kolkata,2009,Petrol,Manual,First,17.3,993.0,60.0,1.0,Zen VXI,Maruti,0
Hyderabad,2011,Petrol,Manual,Second,19.7,796.0,46.3,2.15,Alto LXi,Maruti,0
Kochi,2018,Petrol,Automatic,First,21.4,1197.0,83.1,7.89,Baleno Delta Automatic,Maruti,1
Delhi,2015,Diesel,Manual,First,16.0,2179.0,140.0,10.25,XUV500 W10 2WD,Mahindra,2
Mumbai,2007,Petrol,Manual,First,19.0,1194.0,94.68,6.0,Freestyle Titanium Petrol,Ford,1
Coimbatore,2017,Petrol,Manual,First,18.6,1197.0,81.86,7.53,Elite i20 Asta Option,Hyundai,1
Coimbatore,2018,Diesel,Automatic,First,19.27,2143.0,167.62,39.45,New C-Class C 220d Avantgarde Edition C,Mercedes-Benz,2
Delhi,2014,Petrol,Manual,First,17.8,1497.0,117.3,5.84,City i VTEC SV,Honda,1
Mumbai,2017,Petrol,Manual,First,18.88,1499.0,110.4,8.65,EcoSport 1.5 Ti VCT MT Titanium BE,Ford,1
Kochi,2017,Petrol,Manual,First,21.4,1197.0,83.1,7.74,Baleno Alpha 1.2,Maruti,1
Bangalore,2008,Petrol,Manual,First,20.36,1197.0,78.9,2.5,i10 Sportz,Hyundai,0
Pune,2007,Diesel,Manual,Second,12.8,2494.0,102.0,5.7,Innova 2.5 G (Diesel) 8 Seater BS IV,Toyota,1
Mumbai,2016,Petrol,Manual,First,21.4,1197.0,83.1,5.8,Baleno Delta,Maruti,1
Hyderabad,2012,Diesel,Automatic,First,12.07,2967.0,241.4,36.5,Q7 3.0 TDI Quattro Technology,Audi,4
Delhi,2012,Diesel,Automatic,Second,13.01,2199.0,194.3,9.5,Santa Fe 2WD AT,Hyundai,3
Mumbai,2013,Petrol,Manual,First,17.0,1497.0,118.0,4.55,City 1.5 V MT Exclusive,Honda,1
Jaipur,2012,Diesel,Manual,First,21.9,1396.0,90.0,3.9,i20 1.4 CRDi Magna,Hyundai,1
Pune,2007,Diesel,Manual,First,13.6,2523.0,63.0,2.7,Bolero SLE BSIII,Mahindra,0
Pune,2017,Diesel,Automatic,First,12.9,2755.0,174.5,31.0,Fortuner 2.8 2WD AT,Toyota,3
Bangalore,2009,Petrol,Automatic,Second,10.9,2497.0,215.0,10.3,3 Series 2005-2011 325i Sedan,BMW,3
Kolkata,2010,Diesel,Automatic,First,16.07,1995.0,181.0,7.75,3 Series 320d Sedan,BMW,3
Hyderabad,2012,Petrol,Manual,First,18.9,998.0,67.1,3.2,Wagon R LXI,Maruti,0
Delhi,2013,Diesel,Manual,First,25.47,1248.0,88.5,4.85,Ertiga ZDI,Maruti,1
Kochi,2016,Diesel,Automatic,Second,15.68,1999.0,177.0,34.08,Rover Range Rover Evoque 2.0 TD4 Pure,Land,3
Chennai,2017,Diesel,Manual,First,24.52,1248.0,88.5,8.1,Ertiga SHVS VDI,Maruti,1
Chennai,2016,Diesel,Manual,Second,25.0,1396.0,69.01,2.35,Indigo CS eVX,Tata,0
Pune,2012,Petrol,Manual,First,20.92,998.0,67.1,1.8,Alto K10 LXI,Maruti,0
Coimbatore,2015,Petrol,Manual,First,21.1,814.0,55.2,3.42,EON D Lite Plus,Hyundai,0
Mumbai,2010,Diesel,Automatic,Second,11.4,2953.0,153.86,5.34,Endeavour 3.0L 4X4 AT,Ford,2
Hyderabad,2018,Diesel,Automatic,First,12.62,2198.0,158.0,31.99,Endeavour 2.2 Titanium AT 4X2,Ford,2
Bangalore,2011,Diesel,Manual,First,20.54,1598.0,103.6,4.75,Vento Diesel Highline,Volkswagen,1
Mumbai,2014,Petrol,Automatic,First,19.12,1373.0,91.1,6.1,Ciaz AT ZXi,Maruti,1
Coimbatore,2013,Petrol,Manual,Second,21.1,814.0,55.2,3.69,EON D Lite Plus,Hyundai,0
Delhi,2012,Diesel,Automatic,Second,14.16,1968.0,174.3,15.0,Q5 2.0 TDI Premium Plus,Audi,3
Coimbatore,2016,Diesel,Manual,First,16.0,2179.0,140.0,14.5,XUV500 W10 AWD,Mahindra,2
Hyderabad,2013,Diesel,Manual,First,28.4,1248.0,74.0,5.65,Swift VDI,Maruti,0
Kolkata,2011,Diesel,Manual,First,21.1,1248.0,73.9,2.5,Ritz VDi,Maruti,0
Mumbai,2017,Diesel,Automatic,First,19.71,2143.0,201.15,38.5,New C-Class C 250 CDI Avantgarde,Mercedes-Benz,3
Kolkata,2014,Diesel,Manual,First,19.01,1461.0,108.45,5.49,Duster 110PS Diesel RxZ,Renault,1
Kolkata,2013,Petrol,Manual,First,19.1,1197.0,85.8,3.55,Swift Dzire VXI,Maruti,1
Jaipur,2014,Diesel,Manual,First,12.99,2494.0,100.6,10.75,Innova 2.5 VX (Diesel) 7 Seater,Toyota,1
Delhi,2016,Petrol,Manual,First,15.8,1591.0,121.3,11.0,Creta 1.6 SX Option,Hyundai,1
Ahmedabad,2014,Diesel,Manual,First,21.79,1248.0,88.73,4.5,SX4 ZDI,Maruti,1
Kochi,2014,Diesel,Manual,First,15.1,2179.0,140.0,8.42,XUV500 W8 2WD,Mahindra,2
Mumbai,2017,Petrol,Automatic,First,18.0,1497.0,117.3,11.6,City i-VTEC CVT VX,Honda,1
Kochi,2016,Diesel,Automatic,First,16.36,2179.0,187.7,33.63,XF 2.2 Litre Luxury,Jaguar,3
Pune,2008,Diesel,Manual,Third,17.8,1399.0,68.0,2.25,Fiesta 1.4 SXi TDCi ABS,Ford,0
Mumbai,2010,Petrol,Automatic,First,10.8,2497.0,150.0,12.95,5 Series 523i Sedan,BMW,2
Hyderabad,2010,Diesel,Manual,First,17.8,1248.0,113.25304969366915,4.25,Swift VDI BSIV W ABS,Maruti,1
Coimbatore,2014,Diesel,Automatic,First,17.68,1968.0,174.33,25.02,A6 2011-2015 2.0 TDI Premium Plus,Audi,3
Kochi,2014,Petrol,Manual,First,18.5,1198.0,86.8,3.95,Brio 1.2 VX MT,Honda,1
Mumbai,2011,Petrol,Automatic,First,16.8,1497.0,118.0,4.4,City 1.5 V AT,Honda,1
Bangalore,2015,Petrol,Manual,Third,16.47,1198.0,73.9,4.95,Polo Petrol Comfortline 1.2L,Volkswagen,0
Pune,2010,Diesel,Manual,Second,12.05,2179.0,120.0,5.5,Scorpio SLE BSIII,Mahindra,1
Mumbai,2011,Petrol,Manual,First,16.8,1497.0,116.3,3.25,City V MT,Honda,1
Kochi,2013,Petrol,Manual,First,15.0,1598.0,103.5,4.02,Rapid 1.6 MPI Elegance,Skoda,1
Coimbatore,2016,Diesel,Manual,First,16.0,2179.0,140.0,11.73,XUV500 W6 2WD,Mahindra,2
Chennai,2012,Diesel,Manual,First,15.0,1896.0,105.0,9.5,Jetta 2007-2011 2.0 TDI Trendline,Volkswagen,1
Hyderabad,2017,Petrol,Automatic,First,21.4,1197.0,83.1,8.6,Baleno Alpha Automatic,Maruti,1
Jaipur,2013,Diesel,Manual,First,25.8,1498.0,98.6,4.0,Amaze EX i-Dtech,Honda,1
Mumbai,2015,Petrol,Manual,First,15.04,1598.0,103.2,5.55,Vento 1.6 Highline,Volkswagen,1
Hyderabad,2015,Petrol,Manual,First,22.74,796.0,47.3,2.5,Alto 800 LXI,Maruti,0
Mumbai,2017,Diesel,Automatic,First,18.0,2993.0,255.0,41.6,Rover Discovery HSE Luxury 3.0 TD6,Land,4
Delhi,2015,Petrol,Automatic,First,18.0,1497.0,117.3,7.41,City i VTEC CVT VX,Honda,1
Mumbai,2014,Diesel,Manual,First,19.01,1461.0,108.5,6.5,Terrano XL 110 PS,Nissan,1
Mumbai,2008,Petrol,Manual,First,19.7,796.0,46.3,1.2,Alto LXi,Maruti,0
Bangalore,2015,Diesel,Manual,First,14.24,2755.0,174.5,23.0,Fortuner 2.8 4WD MT,Toyota,3
Kolkata,2012,Diesel,Manual,First,21.9,1396.0,90.0,2.74,i20 1.4 CRDi Magna,Hyundai,1
Hyderabad,2013,Diesel,Manual,First,20.0,1399.0,68.0,3.9,Figo Diesel Titanium,Ford,0
Ahmedabad,2017,Diesel,Manual,First,24.3,1248.0,88.5,8.0,Vitara Brezza ZDi Plus,Maruti,1
Chennai,2012,Diesel,Manual,Third,22.32,1582.0,126.32,4.0,Verna 1.6 SX,Hyundai,1
Mumbai,2016,Petrol,Automatic,First,12.95,1999.0,152.88,17.75,Tucson 2.0 Dual VTVT 2WD AT GL,Hyundai,2
Coimbatore,2013,Diesel,Manual,First,21.1,1248.0,73.9,5.05,Ritz VDi,Maruti,0
Mumbai,2011,Petrol,Automatic,First,10.8,1984.0,132.0,12.0,A4 2.0 TFSI,Audi,2
Kochi,2016,Diesel,Automatic,First,13.0,2143.0,204.0,29.6,E-Class E250 CDI Launch Edition,Mercedes-Benz,3
Jaipur,2015,Diesel,Manual,First,19.87,1461.0,83.8,6.5,Duster 85PS Diesel RxE,Renault,1
Mumbai,2014,Petrol,Automatic,First,15.5,1198.0,86.7,4.75,Amaze S AT i-Vtech,Honda,1
Coimbatore,2016,Diesel,Automatic,First,9.0,1984.0,181.0,24.36,S60 D4 SUMMUM,Volvo,3
Mumbai,2011,Petrol,Manual,Second,17.5,1197.0,85.8,3.2,Swift Dzire 1.2 Lxi BSIV,Maruti,1
Kolkata,2016,Petrol,Manual,First,22.5,998.0,67.04,3.6,Wagon R VXI,Maruti,0
Coimbatore,2017,Petrol,Manual,First,16.8,796.0,34.2,3.58,Omni MPI STD BSIV,Maruti,0
Delhi,2011,Diesel,Manual,First,21.5,1248.0,88.8,2.5,SX4 VDI,Maruti,1
Ahmedabad,2013,Diesel,Manual,Second,23.5,1498.0,90.0,3.5,Fiesta Titanium 1.5 TDCi,Ford,1
Delhi,2015,Petrol,Automatic,First,19.16,2494.0,158.2,25.0,Camry Hybrid,Toyota,2
Mumbai,2010,Petrol,Manual,Second,22.5,998.0,67.04,1.75,Wagon R VXI,Maruti,0
Bangalore,2005,Diesel,Automatic,First,11.0,2987.0,198.5,10.0,E-Class E270 CDI,Mercedes-Benz,3
Jaipur,2018,Petrol,Automatic,First,21.4,1197.0,83.1,7.75,Baleno Zeta Automatic,Maruti,1
Hyderabad,2016,Petrol,Manual,First,18.7,1199.0,88.7,6.45,Jazz 1.2 VX i VTEC,Honda,1
Pune,2017,Diesel,Automatic,First,15.4,2179.0,120.0,10.0,Scorpio S10 AT 4WD,Mahindra,1
Mumbai,2014,Petrol,Manual,First,16.47,1198.0,74.0,4.5,Polo 1.2 MPI Trendline,Volkswagen,0
Kolkata,2015,Petrol,Manual,First,17.0,1197.0,80.0,3.4,i20 1.2 Era,Hyundai,0
Mumbai,2010,Petrol,Automatic,First,12.1,2362.0,164.7,4.5,Camry W4 (AT),Toyota,2
Hyderabad,2015,Petrol,Manual,First,18.9,998.0,67.1,4.3,Wagon R VXI,Maruti,0
Pune,2018,Diesel,Automatic,First,18.12,1995.0,190.0,46.0,5 Series 2013-2017 520d M Sport,BMW,3
Chennai,2016,Petrol,Automatic,First,24.07,998.0,67.1,3.4,Alto K10 VXI AGS,Maruti,0
Delhi,2013,Diesel,Automatic,First,14.84,2143.0,170.0,14.5,New C-Class 220 CDI AT,Mercedes-Benz,2
Delhi,2013,Petrol,Manual,First,24.7,796.0,47.3,2.1,Alto 800 2016-2019 LXI,Maruti,0
Mumbai,2012,Petrol,Manual,First,18.6,1197.0,85.8,3.65,Swift VXI,Maruti,1
Kolkata,2014,Petrol,Manual,First,18.2,1199.0,82.5,3.0,Sail Hatchback 1.2 LS ABS,Chevrolet,1
Ahmedabad,2009,Diesel,Manual,Second,23.0,1396.0,90.0,3.95,i20 Asta 1.4 CRDi (Diesel),Hyundai,1
Delhi,2012,Diesel,Automatic,First,11.9,2496.0,163.2,6.75,Superb 2.5 TDi AT,Skoda,2
Kochi,2013,Diesel,Manual,First,21.43,1364.0,87.2,6.53,Corolla Altis D-4D G,Toyota,1
Hyderabad,2015,Diesel,Manual,First,13.0,2982.0,168.5,22.0,Fortuner 4x2 Manual,Toyota,2
Pune,2013,Petrol,Automatic,First,14.3,1598.0,103.52,4.75,Rapid 1.6 MPI AT Elegance,Skoda,1
Mumbai,2017,Petrol,Automatic,First,16.5,1198.0,86.8,5.99,Brio 1.2 VX AT,Honda,1
Jaipur,2011,Petrol,Manual,First,16.47,1198.0,73.9,3.05,Polo Petrol Comfortline 1.2L,Volkswagen,0
Delhi,2010,Petrol,Manual,First,16.47,1198.0,73.9,2.4,Polo Petrol Comfortline 1.2L,Volkswagen,0
Pune,2007,Petrol,Manual,Third,18.2,998.0,67.1,1.3,Zen Estilo LXI BSIII,Maruti,0
Kochi,2016,Diesel,Manual,First,23.59,1364.0,67.06,6.71,Etios Cross 1.4L GD,Toyota,0
Ahmedabad,2014,Diesel,Manual,Second,15.1,2179.0,140.0,7.2,XUV500 W8 2WD,Mahindra,2
Chennai,2016,Petrol,Automatic,First,18.9,1197.0,82.0,5.4,Grand i10 AT Asta,Hyundai,1
Kochi,2015,Diesel,Manual,First,22.7,1498.0,89.84,6.63,Ecosport 1.5 DV5 MT Titanium Optional,Ford,1
Coimbatore,2018,Petrol,Automatic,First,18.0,1497.0,117.3,14.21,City i-VTEC CVT ZX,Honda,1
Kolkata,2010,Petrol,Manual,First,17.0,1497.0,118.0,3.0,City 1.5 V MT,Honda,1
Kochi,2017,Petrol,Manual,First,23.1,998.0,67.04,5.11,Celerio ZXI MT,Maruti,0
Pune,2011,Petrol,Manual,First,15.04,1598.0,103.6,3.39,Vento Petrol Highline,Volkswagen,1
Hyderabad,2017,Diesel,Automatic,First,11.36,2755.0,171.5,22.99,Innova Crysta 2.8 ZX AT,Toyota,2
Delhi,2009,Petrol,Manual,Second,18.5,1197.0,80.0,2.35,i20 Magna,Hyundai,0
Kolkata,2012,Diesel,Manual,First,23.2,1248.0,73.94,2.85,Ritz VDi,Maruti,0
Delhi,2014,Diesel,Automatic,First,17.68,1968.0,174.33,18.5,A6 2011-2015 2.0 TDI Premium Plus,Audi,3
Bangalore,2014,Petrol,Manual,First,13.24,1598.0,102.57,5.99,Duster Petrol RxL,Renault,1
Hyderabad,2008,Petrol,Manual,Second,13.5,1799.0,130.0,3.0,Civic 2006-2010 1.8 V MT,Honda,2
Jaipur,2016,Petrol,Manual,First,23.84,1199.0,84.0,3.6,Tiago 1.2 Revotron XT,Tata,1
Hyderabad,2014,Diesel,Automatic,First,16.55,1968.0,147.51,24.0,A4 2.0 TDI,Audi,2
Coimbatore,2015,Petrol,Manual,First,19.1,1197.0,85.8,6.26,Swift Dzire VXI,Maruti,1
Hyderabad,2010,Diesel,Manual,First,14.24,2755.0,174.5,13.7,Fortuner 2.8 4WD MT,Toyota,3
Mumbai,2016,Diesel,Automatic,First,15.26,2143.0,203.2,35.0,M-Class ML 250 CDI,Mercedes-Benz,3
Kochi,2015,Diesel,Manual,First,21.9,1396.0,90.0,5.02,i20 Magna 1.4 CRDi,Hyundai,1
Mumbai,2015,Petrol,Manual,First,21.5,1197.0,81.8,3.1,Wagon R VXI 1.2,Maruti,1
Bangalore,2012,Diesel,Manual,First,20.54,1598.0,103.6,5.5,Vento Diesel Highline,Volkswagen,1
Kolkata,2014,Petrol,Manual,First,19.1,1197.0,85.8,3.59,Swift Dzire VXI,Maruti,1
Kolkata,2015,Diesel,Manual,First,20.4,1248.0,91.7,4.65,Linea Emotion (Diesel),Fiat,1
Bangalore,2009,Petrol,Manual,Third,17.0,1497.0,118.0,3.8,City 1.5 V MT,Honda,1
Hyderabad,2016,Diesel,Manual,First,19.67,1582.0,126.2,12.5,Creta 1.6 SX Plus Diesel,Hyundai,1
Hyderabad,2017,Diesel,Manual,First,25.6,1498.0,98.6,12.9,City i-DTEC ZX,Honda,1
Hyderabad,2015,Petrol,Manual,First,14.0,796.0,35.0,2.35,Omni 8 Seater BSIV,Maruti,0
Chennai,2015,Petrol,Manual,First,20.4,1197.0,81.8,4.15,Swift LXI Option,Maruti,1
Coimbatore,2012,Diesel,Automatic,First,14.0,2987.0,224.0,22.58,M-Class ML 350 CDI Corporate,Mercedes-Benz,4
Ahmedabad,2016,Petrol,Manual,First,24.7,796.0,47.3,2.65,Alto 800 2016-2019 LXI,Maruti,0
Delhi,2010,Petrol,Manual,Second,15.6,1196.0,70.0,2.25,Figo Petrol Titanium,Ford,0
Hyderabad,2016,Diesel,Manual,First,13.68,2393.0,147.8,16.0,Innova Crysta 2.4 G MT,Toyota,2
Mumbai,2013,Diesel,Automatic,First,18.48,1995.0,177.0,19.5,5 Series 2003-2012 520d,BMW,3
Bangalore,2015,Diesel,Automatic,First,13.01,2199.0,194.3,21.0,Santa Fe 4WD AT,Hyundai,3
Ahmedabad,2012,Diesel,Automatic,Second,22.48,1995.0,190.0,17.5,5 Series 520d Luxury Line,BMW,3
Hyderabad,2010,Diesel,Manual,Second,17.8,1399.0,68.0,2.41,Fiesta EXi 1.4 TDCi Ltd,Ford,0
Bangalore,2012,Diesel,Manual,Second,23.59,1364.0,113.25304969366915,4.45,Etios GD,Toyota,1
Coimbatore,2014,Diesel,Automatic,Second,12.7,2179.0,187.7,29.93,Rover Range Rover 2.2L Prestige,Land,3
Pune,2012,Petrol,Manual,Second,18.3,1621.276449941501,113.25304969366915,2.95,Etios Liva V,Toyota,1
Kolkata,2009,Petrol,Manual,First,19.7,796.0,46.3,1.02,Alto LX,Maruti,0
Jaipur,2009,Diesel,Manual,First,11.5,2982.0,171.0,11.0,Fortuner 3.0 Diesel,Toyota,2
Mumbai,2013,Petrol,Manual,First,15.8,1499.0,110.0,5.35,Ecosport 1.5 Ti VCT MT Titanium,Ford,1
Mumbai,2017,Petrol,Manual,First,21.4,1197.0,83.1,5.65,Baleno Sigma 1.2,Maruti,1
Mumbai,2015,Diesel,Automatic,First,23.8,1998.0,112.0,22.0,Cooper Countryman D High,Mini,1
Mumbai,2013,Petrol,Automatic,First,17.01,1591.0,121.4,5.95,Verna 1.6 VTVT EX AT,Hyundai,1
Pune,2011,Diesel,Manual,Third,20.0,1399.0,68.0,2.35,Figo Diesel Titanium,Ford,0
Pune,2014,Diesel,Manual,Second,25.8,1498.0,98.6,4.1,Amaze S i-Dtech,Honda,1
Pune,2012,Diesel,Manual,First,19.01,1461.0,108.45,5.4,Duster 110PS Diesel RxZ,Renault,1
Delhi,2017,Diesel,Manual,First,23.0,1498.0,98.96,8.45,EcoSport 1.5 Diesel Titanium,Ford,1
Jaipur,2013,Diesel,Automatic,Second,11.2,2993.0,241.0,42.5,X6 xDrive30d,BMW,4
Mumbai,2010,Diesel,Manual,First,14.24,2755.0,174.5,10.75,Fortuner 2.8 4WD MT,Toyota,3
Kochi,2015,Diesel,Automatic,First,11.18,2696.0,184.0,11.03,Ssangyong Rexton RX7,Mahindra,3
Kolkata,2016,Petrol,Manual,First,23.1,998.0,67.04,3.5,Celerio VXI,Maruti,0
Jaipur,2016,Petrol,Manual,First,18.6,1197.0,81.83,6.3,i20 Sportz 1.2,Hyundai,1
Bangalore,2014,Petrol,Manual,First,18.88,999.0,123.24,6.75,EcoSport 1.0 Ecoboost Titanium Plus,Ford,1
Jaipur,2017,Diesel,Manual,First,26.21,1248.0,88.5,7.5,Ciaz VDi,Maruti,1
Pune,2013,Diesel,Automatic,First,17.11,1968.0,174.33,15.5,A4 2.0 TDI 177 Bhp Premium Plus,Audi,3
Delhi,2015,Petrol,Manual,First,18.0,1198.0,86.7,4.65,Amaze S i-Vtech,Honda,1
Kochi,2016,Petrol,Automatic,First,15.63,1499.0,110.4,7.58,EcoSport 1.5 Ti VCT AT Titanium,Ford,1
Hyderabad,2013,Petrol,Manual,First,20.92,998.0,67.1,2.2,Alto K10 2010-2014 VXI,Maruti,0
Bangalore,2011,Diesel,Automatic,Third,16.77,2967.0,241.38,21.0,A6 3.0 TDI quattro,Audi,4
Kolkata,2011,Diesel,Automatic,First,18.33,1968.0,167.7,5.25,Passat Diesel Highline 2.0 TDI,Volkswagen,2
Kochi,2016,Diesel,Manual,First,28.4,1248.0,74.0,5.22,Swift VDI,Maruti,0
Chennai,2011,Diesel,Manual,Third,19.2,1461.0,65.0,2.0,Logan Diesel 1.5 DLS,Mahindra,0
Kochi,2018,Petrol,Manual,First,21.56,1462.0,103.25,9.18,Ciaz Alpha,Maruti,1
Coimbatore,2013,Petrol,Manual,First,26.0,624.0,35.0,1.74,Nano Lx,Tata,0
Delhi,2011,Petrol,Automatic,First,16.8,1497.0,118.0,4.45,City 1.5 V AT,Honda,1
Coimbatore,2017,Petrol,Manual,First,18.16,1196.0,86.8,4.95,Figo 2015-2019 1.2P Trend MT,Ford,1
Delhi,2014,Diesel,Manual,First,22.54,1396.0,88.73,5.64,i20 Sportz 1.4 CRDi,Hyundai,1
Mumbai,2016,Petrol,Manual,First,18.88,1499.0,110.4,6.9,EcoSport 1.5 Ti VCT MT Titanium BE,Ford,1
Hyderabad,2011,Diesel,Automatic,First,16.55,1968.0,147.51,13.95,A4 2.0 TDI,Audi,2
Hyderabad,2013,Diesel,Automatic,Second,20.58,1995.0,143.0,17.0,1 Series 118d Sport Line,BMW,2
Bangalore,2012,Diesel,Manual,Second,13.93,2179.0,138.03,4.6,Safari DICOR 2.2 LX 4x2,Tata,2
Jaipur,2010,Diesel,Manual,Second,12.05,2179.0,120.0,5.21,Scorpio VLX 4WD AIRBAG BSIV,Mahindra,1
Coimbatore,2017,Petrol,Manual,First,15.29,1591.0,121.3,12.34,Creta 1.6 SX Plus Dual Tone Petrol,Hyundai,1
Chennai,2006,Petrol,Manual,First,16.9,1497.0,100.0,1.5,City ZX VTEC,Honda,1
Delhi,2015,Diesel,Automatic,First,17.05,1995.0,184.0,22.99,X1 sDrive 20d Sportline,BMW,3
Mumbai,2011,Petrol,Automatic,First,9.0,3436.0,113.25304969366915,43.0,Cayman 2009-2012 S tiptronic,Porsche,1
Hyderabad,2010,Diesel,Automatic,First,14.7,2993.0,241.4,40.0,Rover Range Rover Sport 2005 2012 HSE,Land,4
Chennai,2008,Petrol,Manual,Third,19.7,796.0,46.3,1.2,Alto LXi BSIII,Maruti,0
Mumbai,2011,Petrol,Automatic,First,19.2,1197.0,80.0,2.9,i10 Asta Sunroof AT,Hyundai,0
Delhi,2016,Petrol,Automatic,First,14.62,1999.0,149.92,13.9,Elantra 2.0 SX Option AT,Hyundai,2
Delhi,2016,Diesel,Manual,Second,28.09,1248.0,88.5,7.85,Ciaz RS ZDi Plus SHVS,Maruti,1
Coimbatore,2016,Diesel,Automatic,First,15.3,2993.0,258.0,54.45,X5 xDrive 30d,BMW,4
Kolkata,2012,Diesel,Manual,First,13.58,2499.0,78.0,4.75,Tavera LT 9 Str BS IV,Chevrolet,0
Mumbai,2011,Diesel,Manual,First,20.64,1498.0,108.5,3.25,Vento 1.5 TDI Trendline,Volkswagen,1
Mumbai,2015,Petrol,Manual,First,17.8,1497.0,117.3,7.1,City i VTEC V,Honda,1
Kolkata,2017,Petrol,Manual,First,20.4,1197.0,81.8,4.65,Swift VXI BSIV,Maruti,1
Kolkata,2012,Diesel,Manual,First,19.33,1968.0,138.1,5.0,Jetta 2012-2014 2.0L TDI Comfortline,Volkswagen,2
Delhi,2015,Petrol,Manual,First,18.6,1197.0,81.83,4.95,i20 Sportz 1.2,Hyundai,1
Bangalore,2014,Diesel,Manual,First,15.1,2179.0,140.0,9.8,XUV500 W8 2WD,Mahindra,2
Coimbatore,2019,Diesel,Automatic,First,18.0,2987.0,258.0,78.8,E-Class E 350 d,Mercedes-Benz,4
Kolkata,2015,Petrol,Manual,First,23.1,998.0,67.04,2.99,Celerio LXI,Maruti,0
Mumbai,2014,Petrol,Manual,First,15.04,1598.0,103.2,4.45,Vento 1.6 Highline,Volkswagen,1
Pune,2011,Petrol,Manual,Second,23.9,624.0,37.48,0.75,Nano XT,Tata,0
Chennai,2014,Diesel,Manual,Second,22.77,1498.0,98.59,5.0,EcoSport 1.5 TDCi Titanium,Ford,1
Pune,2015,Petrol,Manual,First,16.1,1621.276449941501,113.25304969366915,4.7,Swift 1.3 VXI ABS,Maruti,1
Coimbatore,2015,Petrol,Automatic,First,14.62,1999.0,149.92,9.69,Elantra 2.0 SX Option AT,Hyundai,2
Coimbatore,2015,Diesel,Manual,First,18.2,1248.0,73.74,5.5,Enjoy 1.3 TCDi LTZ 8,Chevrolet,0
Chennai,2017,Diesel,Automatic,First,15.97,2993.0,258.0,65.0,X5 xDrive 30d M Sport,BMW,4
Jaipur,2015,Diesel,Manual,First,20.14,1498.0,88.8,5.11,Polo 1.5 TDI Highline,Volkswagen,1
Mumbai,2012,Petrol,Manual,First,16.25,1198.0,75.0,2.19,Fabia 1.2 MPI Ambition Plus,Skoda,0
Chennai,2012,Diesel,Manual,First,20.54,1598.0,103.6,4.25,Vento Diesel Comfortline,Volkswagen,1
Hyderabad,2013,Diesel,Automatic,First,11.18,2696.0,184.0,14.5,Ssangyong Rexton RX7,Mahindra,3
Mumbai,2014,Diesel,Manual,First,19.87,1461.0,83.14,5.65,Terrano XL D Option,Nissan,1
Ahmedabad,2016,Diesel,Automatic,Second,12.9,2755.0,174.5,22.5,Fortuner 2.8 2WD AT,Toyota,3
Mumbai,2007,Petrol,Manual,Second,16.1,1621.276449941501,113.25304969366915,1.75,Swift 1.3 VXi,Maruti,1
Jaipur,2004,Petrol,Automatic,Second,11.3,1794.0,125.0,1.5,Corolla H4,Toyota,1
Kochi,2012,Petrol,Manual,First,20.36,1197.0,78.9,3.2,i10 Sportz,Hyundai,0
Bangalore,2012,Diesel,Manual,First,23.0,1396.0,90.0,4.5,i20 1.4 CRDi Sportz,Hyundai,1
Pune,2014,Diesel,Manual,Second,25.8,1498.0,98.6,4.5,Amaze S i-Dtech,Honda,1
Jaipur,2014,Diesel,Automatic,First,22.32,1582.0,126.32,8.0,Verna 1.6 SX CRDI (O) AT,Hyundai,1
Mumbai,2018,Diesel,Automatic,First,17.9,2143.0,136.0,28.9,GLA Class 200 d Sport,Mercedes-Benz,2
Coimbatore,2015,Diesel,Manual,First,20.14,1498.0,88.8,4.1,Polo 1.5 TDI Trendline,Volkswagen,1
Kochi,2017,Petrol,Automatic,First,21.4,1197.0,83.1,7.22,Baleno Zeta Automatic,Maruti,1
Hyderabad,2014,Diesel,Manual,First,22.9,1248.0,74.0,5.8,Swift VDI,Maruti,0
Chennai,2013,Diesel,Manual,Second,14.0,2489.0,95.0,3.5,Xylo D2 BSIV,Mahindra,1
Bangalore,2013,Diesel,Manual,Second,22.7,1498.0,89.84,6.35,Ecosport 1.5 DV5 MT Trend,Ford,1
Delhi,2015,Diesel,Manual,First,15.1,2179.0,140.0,8.85,XUV500 W8 2WD,Mahindra,2
Hyderabad,2010,Petrol,Manual,Second,18.6,1199.0,79.4,2.0,Beat LS,Chevrolet,0
Bangalore,2012,Petrol,Manual,First,17.01,1591.0,121.3,5.5,Verna 1.6 VTVT,Hyundai,1
Kolkata,2014,Petrol,Manual,Second,18.9,1197.0,82.0,2.3,Grand i10 Asta,Hyundai,1
Bangalore,2014,Diesel,Manual,First,19.01,1461.0,108.45,7.95,Duster 110PS Diesel RxZ,Renault,1
Coimbatore,2016,Petrol,Manual,First,19.1,1197.0,81.86,6.16,Xcent 1.2 Kappa S Option,Hyundai,1
Delhi,2012,Petrol,Manual,First,20.36,1197.0,78.9,2.85,i10 Sportz,Hyundai,0
Delhi,2016,Petrol,Automatic,First,13.7,1991.0,183.0,25.0,GLA Class 200 Sport Edition,Mercedes-Benz,3
Coimbatore,2008,Diesel,Manual,First,15.8,2148.0,170.0,10.36,New C-Class 220 CDI MT,Mercedes-Benz,2
Delhi,2016,Petrol,Automatic,First,15.04,1991.0,183.0,26.0,CLA 200 Sport Edition,Mercedes-Benz,3
Kolkata,2013,Diesel,Manual,First,22.32,1582.0,126.32,4.35,Verna 1.6 SX CRDi (O),Hyundai,1
Chennai,2016,Diesel,Manual,First,14.95,2489.0,93.7,4.5,Xylo D2 Maxx,Mahindra,1
Delhi,2015,Diesel,Manual,First,26.59,1248.0,74.0,5.0,Swift Dzire LDI,Maruti,0
Ahmedabad,2014,Petrol,Manual,First,20.36,1197.0,78.9,3.67,i10 Sportz,Hyundai,0
Delhi,2014,Diesel,Manual,First,14.0,2179.0,138.1,6.0,Safari Storme Explorer Edition,Tata,2
Coimbatore,2018,Petrol,Manual,First,18.9,1197.0,82.0,6.34,Grand i10 Asta,Hyundai,1
Chennai,2012,Petrol,Automatic,Second,16.82,1998.0,189.08,22.0,Cooper Convertible S,Mini,3
Delhi,2006,Petrol,Manual,Second,13.4,1794.0,125.0,1.67,Corolla H5,Toyota,1
Kolkata,2014,Petrol,Manual,First,14.28,1798.0,138.03,7.95,Corolla Altis G MT,Toyota,2
Kochi,2018,Petrol,Manual,First,10.4,2393.0,163.5,9.74,Grand Vitara 2.4 MT,Maruti,2
Chennai,2011,Diesel,Manual,Second,16.0,1997.0,140.0,6.0,XUV500 W8 1.99 mHawk,Mahindra,2
Chennai,2008,Petrol,Manual,Second,19.5,1061.0,113.25304969366915,1.5,Estilo LXI,Maruti,1
Mumbai,2013,Petrol,Automatic,First,17.44,1998.0,189.08,21.5,Cooper 3 DOOR S,Mini,3
Jaipur,2009,Diesel,Manual,Second,21.1,1248.0,73.9,2.35,Ritz VDi,Maruti,0
Delhi,2012,Diesel,Manual,Second,22.07,1199.0,73.9,2.65,Polo Diesel Comfortline 1.2L,Volkswagen,0
Kochi,2011,Petrol,Manual,First,20.36,1197.0,78.9,3.16,i10 Magna,Hyundai,0
Jaipur,2009,Petrol,Manual,Second,19.0,998.0,66.1,2.05,A-Star Vxi,Maruti,0
Hyderabad,2014,Petrol,Manual,First,20.51,998.0,67.04,3.9,Wagon R Stingray LXI,Maruti,0
Coimbatore,2017,Diesel,Manual,Second,24.2,1498.0,98.6,6.68,Mobilio S i DTEC,Honda,1
Jaipur,2017,Petrol,Manual,Second,21.1,814.0,55.2,3.5,EON Era Plus,Hyundai,0
Mumbai,2017,Petrol,Automatic,First,14.84,1598.0,103.52,8.11,Rapid 1.6 MPI AT Ambition,Skoda,1
Delhi,2017,Diesel,Manual,First,28.09,1248.0,88.5,8.3,Ciaz VDi Plus SHVS,Maruti,1
Coimbatore,2016,Diesel,Automatic,First,15.26,2143.0,203.2,45.61,M-Class ML 250 CDI,Mercedes-Benz,3
Pune,2010,Diesel,Automatic,First,20.0,1968.0,138.1,4.45,Laura Elegance 2.0 TDI CR AT,Skoda,2
Delhi,2017,Diesel,Manual,First,24.3,1248.0,88.5,7.85,Vitara Brezza VDi Option,Maruti,1
Kolkata,2014,Diesel,Manual,First,24.0,1120.0,70.0,3.75,Grand i10 CRDi Sportz,Hyundai,0
Delhi,2017,Diesel,Manual,First,25.47,1248.0,88.5,7.65,Ertiga VDI,Maruti,1
Ahmedabad,2013,Petrol,Manual,First,17.0,1197.0,80.0,4.9,i20 1.2 Sportz,Hyundai,0
Coimbatore,2018,Diesel,Automatic,First,16.0,2179.0,140.0,16.52,XUV500 AT W10 FWD,Mahindra,2
Kochi,2016,Petrol,Automatic,First,13.7,1798.0,157.75,14.05,Superb Elegance 1.8 TSI AT,Skoda,2
Kochi,2016,Petrol,Manual,First,20.73,1373.0,91.1,6.75,Ciaz VXi Plus,Maruti,1
Kolkata,2016,Diesel,Manual,First,19.67,1582.0,126.2,9.2,Creta 1.6 CRDi SX,Hyundai,1
Chennai,2012,Diesel,Manual,Third,23.59,1364.0,113.25304969366915,3.0,Etios GD,Toyota,1
Chennai,2008,Petrol,Manual,Second,17.0,1497.0,118.0,2.75,City 1.5 S MT,Honda,1
Hyderabad,2016,Diesel,Manual,First,13.5,2198.0,157.7,20.5,Endeavour 2.2 Trend MT 4X4,Ford,2
Pune,2012,Diesel,Manual,First,21.9,1396.0,90.0,4.25,i20 2015-2017 1.4 Magna ABS,Hyundai,1
Kolkata,2016,Petrol,Manual,First,17.0,1497.0,121.36,6.0,EcoSport 1.5 Petrol Trend,Ford,1
Coimbatore,2015,Petrol,Manual,Second,17.0,1197.0,80.0,6.0,i20 1.2 Sportz,Hyundai,0
Ahmedabad,2008,Petrol,Manual,First,16.1,1298.0,88.2,2.41,Swift VXI BSIII,Maruti,1
Hyderabad,2015,Petrol,Automatic,First,19.0,1199.0,88.7,7.25,Jazz V CVT,Honda,1
Kochi,2014,Diesel,Manual,First,11.1,2400.0,200.0,23.65,XC90 2007-2015 D5 AWD,Volvo,3
Delhi,2016,Petrol,Manual,First,21.4,1197.0,83.1,6.5,Baleno Alpha 1.2,Maruti,1
Kochi,2017,Diesel,Automatic,Second,17.9,2143.0,136.0,18.06,GLA Class 200 CDI SPORT,Mercedes-Benz,2
Hyderabad,2016,Petrol,Manual,First,25.17,799.0,53.3,3.2,KWID RXT,Renault,0
Coimbatore,2017,Petrol,Manual,First,18.16,1196.0,86.8,6.42,Figo 2015-2019 1.2P Titanium Opt MT,Ford,1
Jaipur,2015,Diesel,Manual,First,13.0,2982.0,168.5,23.0,Fortuner 4x2 Manual,Toyota,2
Chennai,2013,Petrol,Manual,First,17.0,1497.0,118.0,5.9,City 1.5 S MT,Honda,1
Pune,2014,Diesel,Manual,First,15.4,2523.0,75.0,7.75,Scorpio S2 7 Seater,Mahindra,0
Hyderabad,2012,Diesel,Automatic,First,13.2,1995.0,170.0,15.0,3 Series 320d,BMW,2
Jaipur,2017,Diesel,Manual,First,24.3,1248.0,88.5,9.0,Vitara Brezza ZDi Plus,Maruti,1
Delhi,2011,Petrol,Automatic,First,11.74,1796.0,186.0,11.5,New C-Class C 200 CGI Elegance,Mercedes-Benz,3
Kolkata,2012,Petrol,Manual,Second,17.01,1591.0,121.3,6.2,Verna 1.6 VTVT,Hyundai,1
Kochi,2017,Diesel,Manual,First,24.0,1186.0,73.97,5.92,Grand i10 1.2 CRDi Sportz,Hyundai,0
Kolkata,2016,Diesel,Manual,First,20.14,1498.0,88.0,6.29,Polo 1.5 TDI Highline,Volkswagen,1
Kochi,2014,Petrol,Manual,First,18.0,1198.0,86.7,4.12,Amaze S i-Vtech,Honda,1
Pune,2007,Petrol,Automatic,Third,10.1,2354.0,152.0,3.8,CR-V 2.4 AT,Honda,2
Ahmedabad,2014,Petrol,Manual,First,17.92,1086.0,62.1,2.7,Santro Xing GL Plus,Hyundai,0
Coimbatore,2017,Diesel,Automatic,First,15.0,2143.0,107.3,20.28,B Class B200 CDI,Mercedes-Benz,1
Delhi,2014,Petrol,Manual,First,18.0,1198.0,86.7,3.9,Amaze S i-Vtech,Honda,1
Pune,2014,Diesel,Automatic,Second,12.55,2982.0,168.5,16.5,Fortuner 4x2 AT,Toyota,2
Pune,2011,Petrol,Manual,First,17.01,1591.0,121.3,3.7,Verna 1.6 VTVT,Hyundai,1
Delhi,2016,Diesel,Automatic,First,10.5,2993.0,271.23,79.0,XJ 3.0L Portfolio,Jaguar,5
Mumbai,2013,Diesel,Automatic,First,22.69,1995.0,190.0,17.99,3 Series 320d,BMW,3
Jaipur,2013,Diesel,Manual,First,21.9,1396.0,88.76,3.9,i20 Magna 1.4 CRDi (Diesel),Hyundai,1
Chennai,2012,Diesel,Manual,First,18.5,1399.0,68.0,3.12,Figo Diesel EXI Option,Ford,0
Pune,2007,Petrol,Manual,First,14.0,1061.0,64.0,1.65,Wagon R LXI BSIII,Maruti,0
Kolkata,2015,Petrol,Manual,First,19.1,1197.0,81.86,3.5,Xcent 1.2 Kappa S Option,Hyundai,1
Chennai,2015,Diesel,Manual,Second,14.02,2179.0,118.3,4.85,Xylo H4,Mahindra,1
Coimbatore,2018,Diesel,Automatic,First,19.27,2143.0,167.62,39.22,New C-Class C 220d Avantgarde Edition C,Mercedes-Benz,2
Kolkata,2007,Petrol,Manual,Second,20.36,1197.0,78.9,2.0,i10 Magna,Hyundai,0
Mumbai,2010,Diesel,Manual,Second,11.5,2982.0,171.0,10.45,Fortuner 3.0 Diesel,Toyota,2
Chennai,2016,Petrol,Automatic,First,19.16,2494.0,158.2,27.0,Camry Hybrid,Toyota,2
Kolkata,2011,Diesel,Manual,First,20.0,1399.0,68.0,2.25,Figo Diesel ZXI,Ford,0
Kolkata,2014,Petrol,Manual,First,19.1,1197.0,81.86,3.45,Xcent 1.2 Kappa S Option,Hyundai,1
Kochi,2016,Petrol,Manual,First,18.6,1197.0,81.83,6.14,i20 Sportz 1.2,Hyundai,1
Hyderabad,2011,Diesel,Manual,First,28.4,1248.0,73.75,4.0,Dzire VDI,Maruti,0
Kolkata,2010,Petrol,Manual,First,17.0,1497.0,118.0,2.59,City 1.5 S MT,Honda,1
Delhi,2017,Diesel,Manual,First,27.39,1248.0,74.0,6.96,Baleno Delta 1.3,Maruti,0
Kolkata,2011,Petrol,Manual,First,18.3,1197.0,113.25304969366915,2.19,Etios Liva G,Toyota,1
Jaipur,2016,Petrol,Manual,First,21.1,814.0,55.2,3.0,EON Era Plus,Hyundai,0
Delhi,2012,Diesel,Manual,First,20.14,1498.0,88.0,3.6,Polo 1.5 TDI Highline,Volkswagen,1
Coimbatore,2014,Diesel,Manual,Second,25.44,936.0,57.6,3.7,Beat Diesel LS,Chevrolet,0
Ahmedabad,2013,Diesel,Automatic,First,22.48,1995.0,190.0,21.75,5 Series 520d Luxury Line,BMW,3
Mumbai,2017,Diesel,Automatic,First,17.9,2143.0,170.0,45.0,GLC 220d 4MATIC Sport,Mercedes-Benz,2
Coimbatore,2011,Petrol,Manual,Second,24.07,998.0,67.1,3.19,Alto K10 VXI,Maruti,0
Coimbatore,2015,Petrol,Manual,First,20.14,1197.0,81.86,6.2,Xcent 1.2 VTVT S,Hyundai,1
Coimbatore,2013,Petrol,Manual,First,19.81,1086.0,68.05,3.96,i10 Magna 1.1,Hyundai,0
Kolkata,2009,Diesel,Manual,First,13.5,1405.0,113.25304969366915,0.82,Indica DLS,Tata,1
Jaipur,2016,Diesel,Manual,First,23.4,1248.0,74.0,4.5,Swift Dzire Tour LDI,Maruti,0
Mumbai,2017,Diesel,Manual,First,25.4,1186.0,73.97,3.55,Xcent 1.2 CRDi E Plus,Hyundai,0
Chennai,2014,Diesel,Manual,First,22.71,1461.0,84.8,5.5,Sunny Diesel XV,Nissan,1
Mumbai,2016,Petrol,Manual,First,15.8,1591.0,121.3,10.25,Creta 1.6 SX Option,Hyundai,1
Delhi,2017,Diesel,Automatic,First,12.9,2755.0,174.5,30.0,Fortuner 2.8 2WD AT,Toyota,3
Pune,2014,Petrol,Manual,Second,18.5,1197.0,85.8,3.5,Ritz VXi,Maruti,1
Delhi,2014,Diesel,Manual,First,23.08,1461.0,63.12,3.1,Pulse RxL,Renault,0
Hyderabad,2010,Petrol,Manual,First,17.5,1198.0,75.0,3.25,Fabia 1.2 MPI Ambiente Petrol,Skoda,0
Mumbai,2017,Diesel,Manual,First,23.0,1498.0,98.96,8.99,EcoSport 1.5 Diesel Titanium,Ford,1
Kolkata,2015,Petrol,Manual,First,15.04,1598.0,103.6,3.99,Vento Petrol Comfortline,Volkswagen,1
Mumbai,2015,Diesel,Manual,Second,19.01,1461.0,108.5,6.0,Terrano XV 110 PS,Nissan,1
Mumbai,2015,Diesel,Automatic,First,15.73,1968.0,174.33,18.25,Q3 2012-2015 35 TDI Quattro Premium,Audi,3
Delhi,2012,Diesel,Manual,First,12.99,2494.0,100.0,7.75,Innova 2.5 GX (Diesel) 7 Seater,Toyota,1
Delhi,2017,Petrol,Manual,Second,17.57,1193.0,88.7,4.5,Zest Revotron 1.2T XE,Tata,1
Bangalore,2014,Diesel,Manual,First,11.5,2982.0,171.0,16.75,Fortuner 3.0 Diesel,Toyota,2
Pune,2012,Diesel,Automatic,First,16.09,1995.0,184.0,17.5,X3 xDrive20d,BMW,3
Chennai,2016,Diesel,Manual,First,22.7,1598.0,118.0,7.7,SX4 S Cross DDiS 320 Zeta,Maruti,1
Pune,2012,Petrol,Manual,Second,17.0,1497.0,118.0,4.45,City 1.5 S MT,Honda,1
Jaipur,2015,Diesel,Manual,First,26.59,1248.0,74.0,5.25,Swift Dzire LDI,Maruti,0
Kochi,2017,Diesel,Automatic,First,22.69,1995.0,190.0,33.66,3 Series 320d M Sport,BMW,3
Chennai,2013,Petrol,Automatic,Second,19.34,1198.0,76.0,2.8,Micra XV CVT,Nissan,0
Coimbatore,2018,Petrol,Automatic,First,21.4,1197.0,83.1,8.47,Baleno Zeta Automatic,Maruti,1
Coimbatore,2018,Diesel,Manual,First,26.21,1248.0,88.5,9.32,Ciaz ZDi Plus,Maruti,1
Coimbatore,2017,Diesel,Automatic,First,17.9,2143.0,136.0,27.43,CLA 200 CDI Style,Mercedes-Benz,2
Delhi,2015,Diesel,Manual,First,24.5,1498.0,98.6,6.5,Mobilio RS i DTEC,Honda,1
Delhi,2014,Diesel,Manual,First,12.99,2494.0,100.6,9.5,Innova 2.5 GX (Diesel) 8 Seater,Toyota,1
Kochi,2015,Diesel,Automatic,First,14.74,2993.0,270.9,31.8,XF 3.0 Litre S Premium Luxury,Jaguar,5
Chennai,2013,Petrol,Manual,Second,17.6,1496.0,88.8,4.2,Etios Petrol TRD Sportivo,Toyota,1
Kochi,2013,Diesel,Manual,First,25.44,936.0,57.6,3.85,Beat Diesel LS,Chevrolet,0
Delhi,2012,Petrol,Manual,Second,12.8,2354.0,177.6,6.0,Accord 2.4 M/T,Honda,3
Hyderabad,2007,Petrol,Manual,First,19.7,796.0,46.3,1.65,Alto LXi,Maruti,0
Bangalore,2013,Diesel,Automatic,First,19.3,1968.0,141.0,14.5,Octavia Ambition 2.0 TDI AT,Skoda,2
Delhi,2011,Diesel,Manual,First,12.8,2494.0,102.0,7.1,Innova 2.5 V Diesel 7-seater,Toyota,1
Chennai,2016,Diesel,Automatic,First,17.11,1968.0,174.33,28.0,A4 35 TDI Premium Sport,Audi,3
Kochi,2017,Diesel,Manual,First,24.3,1248.0,88.5,9.38,Vitara Brezza ZDi Plus Dual Tone,Maruti,1
Kochi,2016,Petrol,Manual,First,18.9,1197.0,82.0,4.78,Grand i10 Sportz,Hyundai,1
Chennai,2003,Petrol,Manual,Second,13.4,1794.0,125.0,1.7,Corolla DX,Toyota,1
Coimbatore,2019,Diesel,Automatic,First,17.6,2179.0,153.86,17.85,Hexa XTA,Tata,2
Pune,2010,Petrol,Manual,Second,17.0,1197.0,80.0,2.75,i20 2015-2017 1.2 Asta,Hyundai,0
Mumbai,2014,Petrol,Manual,First,17.01,1591.0,121.3,5.95,Verna 1.6 SX VTVT,Hyundai,1
Mumbai,2011,Petrol,Manual,First,14.0,796.0,35.0,1.5,Omni 8 Seater BSIV,Maruti,0
Kochi,2019,Petrol,Manual,First,24.7,796.0,47.3,3.8,Alto 800 2016-2019 VXI,Maruti,0
Bangalore,2017,Diesel,Automatic,First,19.27,2143.0,167.62,38.5,New C-Class C 220d Avantgarde Edition C,Mercedes-Benz,2
Jaipur,2011,Petrol,Manual,First,19.81,1086.0,68.05,2.15,i10 Era 1.1,Hyundai,0
Mumbai,2010,Petrol,Automatic,Second,14.67,1798.0,177.46,3.75,Superb Style 1.8 TSI AT,Skoda,3
Mumbai,2016,Diesel,Automatic,First,21.5,1498.0,108.5,8.95,Vento 1.5 TDI Highline AT,Volkswagen,1
Hyderabad,2013,Diesel,Manual,First,17.8,1248.0,113.25304969366915,5.0,Swift VDI BSIV,Maruti,1
Pune,2010,Petrol,Manual,First,14.8,1799.0,130.2,2.95,Civic 2010-2013 1.8 V MT,Honda,2
Coimbatore,2010,Petrol,Automatic,First,12.05,1995.0,154.0,10.49,3 Series 320i Sedan,BMW,2
Hyderabad,2007,Petrol,Manual,Second,17.92,1086.0,62.1,1.85,Santro Xing GLS,Hyundai,0
Hyderabad,2016,Diesel,Manual,First,17.8,1248.0,113.25304969366915,6.45,Swift VDI BSIV,Maruti,1
Jaipur,2009,Petrol,Automatic,First,11.1,2354.0,142.0,5.25,Accord 2001-2003 2.3 VTi L AT,Honda,2
Kolkata,2014,Diesel,Manual,First,20.77,1248.0,88.76,5.99,Ertiga VDI,Maruti,1
Kochi,2015,Diesel,Manual,First,18.6,1388.0,67.0,3.82,Fiesta Classic 1.4 Duratorq LXI,Ford,0
Hyderabad,2012,Diesel,Automatic,First,12.07,2967.0,241.4,39.0,Q7 3.0 TDI Quattro Premium Plus,Audi,4
Coimbatore,2016,Diesel,Automatic,First,17.11,1968.0,174.33,25.75,A4 35 TDI Premium,Audi,3
Hyderabad,2012,Diesel,Manual,First,22.3,1248.0,74.0,2.2,Indica Vista Quadrajet VX,Tata,0
Chennai,2008,Diesel,Manual,Second,18.1,1493.0,110.0,2.0,Verna CRDi ABS,Hyundai,1
Mumbai,2018,Diesel,Automatic,First,16.1,1950.0,194.0,56.5,E-Class E 220 d,Mercedes-Benz,3
Mumbai,2014,Diesel,Automatic,Second,22.69,1995.0,190.0,21.0,3 Series 320d Luxury Line,BMW,3
Ahmedabad,2014,Diesel,Manual,First,24.0,1120.0,70.0,4.0,Grand i10 CRDi Asta,Hyundai,0
Coimbatore,2011,Petrol,Automatic,First,16.95,1197.0,78.9,3.83,i10 Sportz AT,Hyundai,0
Kochi,2016,Petrol,Manual,First,16.1,1197.0,85.0,5.89,Swift VXi BSIV,Maruti,1
Kolkata,2010,Petrol,Manual,First,17.92,1086.0,62.1,1.36,Santro Xing GLS,Hyundai,0
Delhi,2013,Diesel,Automatic,Second,17.54,2993.0,313.0,44.0,6 Series Gran Coupe,BMW,5
Bangalore,2016,Petrol,Manual,First,17.43,1396.0,105.5,8.0,Verna 1.4 VTVT,Hyundai,1
Ahmedabad,2012,Diesel,Manual,First,23.4,1248.0,74.0,4.25,Swift Dzire ZDI,Maruti,0
Pune,2018,Diesel,Manual,First,28.4,1248.0,74.0,6.0,Swift VDI,Maruti,0
Kochi,2016,Diesel,Automatic,First,19.5,1968.0,141.0,16.61,Octavia 2.0 TDI AT Style Plus,Skoda,2
Coimbatore,2013,Diesel,Manual,First,19.6,1461.0,108.45,7.26,Duster 110PS Diesel RxL,Renault,1
Bangalore,2005,Diesel,Manual,First,10.5,2179.0,120.0,4.0,Scorpio 2.6 CRDe,Mahindra,1
Ahmedabad,2016,Diesel,Automatic,First,18.12,1995.0,190.0,34.51,5 Series 2013-2017 520d Luxury Line,BMW,3
Chennai,2003,Petrol,Manual,Third,17.3,1061.0,64.0,0.95,Wagon R VXI BSIII,Maruti,0
Hyderabad,2007,Petrol,Manual,First,14.0,1061.0,64.0,2.2,Wagon R LXI BSIII,Maruti,0
Mumbai,2017,Petrol,Manual,First,18.6,1197.0,81.83,5.75,i20 Sportz 1.2,Hyundai,1
Delhi,2016,Diesel,Automatic,First,18.0,2993.0,255.0,36.75,Rover Discovery SE 3.0 TD6,Land,4
Hyderabad,2009,Petrol,Automatic,Second,11.7,1796.0,178.0,10.0,New C-Class 230 Avantgarde,Mercedes-Benz,3
Kochi,2014,Diesel,Automatic,First,18.48,1621.276449941501,113.25304969366915,17.89,5 Series 520d Sedan,BMW,1
Mumbai,2012,Diesel,Manual,First,21.64,1461.0,84.8,4.05,Sunny 2011-2014 Diesel XV,Nissan,1
Hyderabad,2011,Diesel,Automatic,First,12.07,2967.0,241.4,22.0,Q7 3.0 TDI quattro,Audi,4
Coimbatore,2017,Diesel,Automatic,First,17.9,2143.0,136.0,27.87,CLA 200 CDI Sport,Mercedes-Benz,2
Kolkata,2018,Diesel,Manual,First,24.3,1248.0,88.5,8.75,Vitara Brezza ZDi,Maruti,1
Hyderabad,2016,Diesel,Manual,First,19.3,1248.0,73.9,4.79,Swift Dzire Vdi BSIV,Maruti,0
Coimbatore,2018,Diesel,Manual,First,21.13,1498.0,108.4,11.92,Rapid 1.5 TDI Ambition,Skoda,1
Coimbatore,2016,Diesel,Automatic,Second,12.07,2967.0,241.4,53.11,Q7 35 TDI Quattro Technology,Audi,4
Jaipur,2006,Petrol,Manual,First,18.9,998.0,67.1,1.15,Wagon R LXI,Maruti,0
Pune,2014,Diesel,Manual,First,25.1,1498.0,98.6,7.45,City i DTEC VX Option,Honda,1
Jaipur,2017,Petrol,Manual,First,21.1,814.0,55.2,3.5,EON Magna Plus,Hyundai,0
Kochi,2018,Diesel,Automatic,First,13.0,2987.0,265.0,70.15,E-Class 2015-2017 E350 CDI Avantgrade,Mercedes-Benz,4
Hyderabad,2013,Diesel,Automatic,First,13.2,1995.0,170.0,19.5,3 Series 320d,BMW,2
Pune,2012,Petrol,Automatic,Second,12.05,1995.0,154.0,15.0,3 Series 318i Sedan,BMW,2
Coimbatore,2017,Diesel,Manual,First,17.45,1493.0,100.0,7.57,NuvoSport N8,Mahindra,1
Hyderabad,2012,Petrol,Manual,First,18.5,1197.0,85.8,4.4,Ritz VXi,Maruti,1
Chennai,2016,Diesel,Automatic,First,15.87,2993.0,308.43,60.0,X6 xDrive 40d M Sport,BMW,5
Kolkata,2010,Petrol,Manual,First,18.6,1199.0,79.4,1.6,Beat LT,Chevrolet,0
Pune,2014,Petrol,Manual,First,19.1,1197.0,85.8,4.9,Swift Dzire VXI,Maruti,1
Delhi,2014,Diesel,Manual,First,20.77,1248.0,88.8,5.95,Ertiga ZDI,Maruti,1
Coimbatore,2015,Diesel,Manual,First,20.45,1461.0,83.8,5.35,Duster 85PS Diesel RxL,Renault,1
Hyderabad,2014,Petrol,Automatic,First,15.5,1198.0,86.7,5.4,Amaze VX AT i-Vtech,Honda,1
Coimbatore,2015,Diesel,Automatic,First,17.11,1968.0,174.33,23.45,A4 2.0 TDI Premium Sport Limited Edition,Audi,3
Hyderabad,2002,Diesel,Manual,Second,18.7,1896.0,66.0,1.9,Octavia Ambiente 1.9 TDI MT,Skoda,0
Pune,2016,Diesel,Manual,First,25.8,1498.0,98.6,6.1,Amaze E i-Dtech,Honda,1
Mumbai,2006,Diesel,Manual,First,12.8,2494.0,102.0,4.95,Innova 2.5 EV Diesel MS 8 Str BSIII,Toyota,1
Hyderabad,2013,Petrol,Manual,Second,21.1,814.0,55.2,2.5,EON D Lite Plus,Hyundai,0
Chennai,2012,Diesel,Manual,First,22.9,1248.0,74.0,4.4,Swift VDI,Maruti,0
Hyderabad,2008,Diesel,Manual,First,9.5,2835.0,118.6,7.99,Pajero 2.8 GLX Sports,Mitsubishi,1
Hyderabad,2008,Diesel,Automatic,First,13.1,2400.0,215.0,10.99,S80 D5,Volvo,3
Delhi,2014,Diesel,Automatic,First,12.55,2982.0,168.5,18.5,Fortuner 4x2 AT,Toyota,2
Coimbatore,2018,Diesel,Manual,First,16.3,1956.0,170.0,21.69,Compass 2.0 Limited 4X4,Jeep,2
Coimbatore,2014,Diesel,Manual,First,23.4,1248.0,74.0,5.17,Swift Dzire VDI,Maruti,0
Delhi,2011,Diesel,Manual,Second,22.32,1582.0,126.32,4.5,Verna 1.6 SX,Hyundai,1
Kolkata,2014,Diesel,Manual,First,12.05,2179.0,120.0,6.75,Scorpio VLX 2WD BSIV,Mahindra,1
Kochi,2013,Petrol,Manual,First,19.81,1086.0,68.05,3.12,i10 Era,Hyundai,0
Hyderabad,2011,Diesel,Manual,First,12.99,2494.0,100.6,8.25,Innova 2.5 G (Diesel) 8 Seater,Toyota,1
Coimbatore,2017,Diesel,Automatic,First,11.36,2755.0,171.5,20.14,Innova Crysta 2.8 ZX AT,Toyota,2
Hyderabad,2013,Diesel,Manual,First,12.99,2494.0,100.0,12.6,Innova 2.5 G (Diesel) 8 Seater,Toyota,1
Kochi,2015,Diesel,Manual,First,23.4,1248.0,74.0,6.61,Swift Dzire ZDI,Maruti,0
Kochi,2016,Diesel,Automatic,First,17.01,1582.0,126.2,13.23,Creta 1.6 CRDi AT SX Plus,Hyundai,1
Mumbai,2008,Diesel,Manual,First,12.99,2494.0,100.0,4.75,Innova 2.5 G (Diesel) 8 Seater BS IV,Toyota,1
Mumbai,2011,Diesel,Manual,Second,20.54,1598.0,103.6,2.9,Vento Diesel Highline,Volkswagen,1
Hyderabad,2015,Diesel,Manual,First,14.8,2499.0,80.0,5.5,Tavera LS B3 10 Seats BSIII,Chevrolet,0
Kochi,2014,Diesel,Automatic,Second,11.18,2696.0,184.0,9.47,Ssangyong Rexton RX7,Mahindra,3
Mumbai,2008,Petrol,Manual,First,20.36,1197.0,78.9,1.95,i10 Magna,Hyundai,0
Kolkata,2011,Petrol,Manual,First,20.36,1197.0,78.9,2.2,i10 Sportz 1.2,Hyundai,0
Mumbai,2006,Petrol,Manual,First,17.0,1086.0,113.25304969366915,1.15,Santro Xing XG eRLX Euro III,Hyundai,1
Bangalore,2013,Petrol,Manual,Second,18.0,1198.0,86.7,4.35,Amaze S i-Vtech,Honda,1
Pune,2016,Petrol,Automatic,First,23.1,998.0,67.04,4.5,Celerio ZXI AT,Maruti,0
Chennai,2013,Petrol,Manual,First,18.9,1197.0,82.0,3.55,Grand i10 Asta,Hyundai,1
Kolkata,2015,Diesel,Manual,First,19.3,1248.0,73.9,4.75,Swift Dzire VDi,Maruti,0
Coimbatore,2012,Petrol,Manual,Second,20.36,1197.0,78.9,4.52,i10 Sportz,Hyundai,0
Mumbai,2012,Diesel,Automatic,First,15.06,1995.0,177.0,12.75,X1 sDrive 20d Exclusive,BMW,3
Coimbatore,2014,Diesel,Automatic,Second,17.11,1968.0,174.33,20.04,A4 2.0 TDI 177 Bhp Premium Plus,Audi,3
Bangalore,2014,Diesel,Manual,First,20.45,1461.0,83.8,6.5,Terrano XL 85 PS,Nissan,1
Chennai,2007,Diesel,Manual,First,11.56,3200.0,199.3,7.5,Montero 3.2 GLS,Mitsubishi,3
Mumbai,2016,Petrol,Automatic,First,22.5,998.0,67.0,4.15,Wagon R VXI AMT,Maruti,0
Hyderabad,2007,Petrol,Manual,First,13.5,1799.0,130.0,2.5,Civic 2006-2010 1.8 (E) MT,Honda,2
Pune,2016,Petrol,Manual,First,18.6,1197.0,81.83,5.4,i20 2015-2017 Magna 1.2,Hyundai,1
Mumbai,2016,Petrol,Manual,First,24.07,998.0,67.1,3.15,Alto K10 VXI,Maruti,0
Bangalore,2015,Diesel,Automatic,Second,12.07,2967.0,241.4,52.5,Q7 35 TDI Quattro Technology,Audi,4
Delhi,2016,Petrol,Manual,First,18.6,1197.0,81.83,5.95,i20 Sportz Option 1.2,Hyundai,1
Coimbatore,2019,Petrol,Automatic,First,23.84,1199.0,83.83,6.97,Tiago AMT 1.2 Revotron XZA,Tata,1
Hyderabad,2011,Petrol,Manual,First,20.36,1197.0,78.9,3.2,i10 Sportz 1.2,Hyundai,0
Bangalore,2013,Diesel,Manual,First,20.46,1461.0,83.8,6.69,Duster 85PS Diesel RxL Optional,Renault,1
Bangalore,2014,Diesel,Manual,Second,13.49,2179.0,138.03,5.9,Xenon XT EX 4X4,Tata,2
Kolkata,2009,Petrol,Manual,First,18.5,1197.0,80.0,2.25,i20 Magna,Hyundai,0
Kolkata,2013,Diesel,Manual,First,23.4,1248.0,74.0,4.5,Swift Dzire VDI,Maruti,0
Pune,2015,Petrol,Manual,First,22.0,814.0,55.0,2.61,EON Magna,Hyundai,0
Jaipur,2010,Diesel,Automatic,First,14.84,2143.0,170.0,11.5,New C-Class 220 CDI AT,Mercedes-Benz,2
Mumbai,2016,Petrol,Automatic,First,16.82,1998.0,189.08,35.0,Cooper Convertible S,Mini,3
Jaipur,2010,Petrol,Manual,First,26.0,624.0,35.0,0.5,Nano Cx,Tata,0
Kolkata,2015,Diesel,Manual,Second,26.21,1248.0,88.5,5.75,Ciaz ZDi Plus,Maruti,1
Pune,2017,Diesel,Manual,First,22.0,1582.0,126.2,11.5,Verna CRDi 1.6 SX Option,Hyundai,1
Jaipur,2015,Petrol,Manual,First,21.1,814.0,55.2,2.75,EON Era Plus,Hyundai,0
Chennai,2016,Diesel,Automatic,Second,18.12,1995.0,190.0,31.5,5 Series 2013-2017 520d Luxury Line,BMW,3
Kochi,2016,Petrol,Manual,First,19.4,1198.0,86.8,4.92,Brio S MT,Honda,1
Pune,2012,Diesel,Manual,First,23.2,1248.0,73.94,3.52,Ritz VDi,Maruti,0
Chennai,2014,Diesel,Automatic,First,18.88,1995.0,184.0,17.55,3 Series 320d Prestige,BMW,3
Pune,2016,Diesel,Manual,First,26.59,1248.0,74.0,5.8,Swift Dzire LDI,Maruti,0
Hyderabad,2013,Diesel,Manual,First,23.4,1248.0,74.0,6.95,Swift Dzire VDI,Maruti,0
Kolkata,2013,Petrol,Manual,First,16.95,1498.0,97.6,2.4,Scala RxL,Renault,1
Mumbai,2013,Diesel,Automatic,First,14.39,1998.0,163.7,5.25,Cruze LTZ AT,Chevrolet,2
Ahmedabad,2012,Petrol,Manual,First,17.5,1298.0,85.8,4.25,Swift Dzire ZXi,Maruti,1
Jaipur,2008,Diesel,Manual,First,19.09,1396.0,69.0,1.5,Indigo CS LX (TDI) BS III,Tata,0
Jaipur,2016,Diesel,Manual,First,24.0,1120.0,70.0,4.5,Grand i10 CRDi Sportz,Hyundai,0
Pune,2014,Diesel,Manual,First,22.3,1248.0,74.0,2.5,Indica Vista Quadrajet LS,Tata,0
Chennai,2006,Diesel,Manual,Third,17.8,1399.0,68.0,1.55,Fiesta 1.4 TDCi EXI,Ford,0
Pune,2016,Diesel,Manual,First,19.87,1461.0,83.8,6.5,Duster 85PS Diesel RxE,Renault,1
Pune,2012,Diesel,Automatic,Second,18.48,1621.276449941501,113.25304969366915,18.0,5 Series 520d Sedan,BMW,1
Kochi,2015,Diesel,Manual,First,24.0,1120.0,70.0,4.96,Grand i10 CRDi SportZ Edition,Hyundai,0
Bangalore,2012,Petrol,Manual,First,19.4,1198.0,86.8,3.25,Brio S MT,Honda,1
Kolkata,2010,Petrol,Automatic,First,12.3,1781.0,163.2,8.5,A4 1.8 TFSI,Audi,2
Bangalore,2014,Petrol,Manual,Second,24.7,796.0,47.3,2.75,Alto 800 2016-2019 LXI,Maruti,0
Bangalore,2011,Petrol,Manual,Second,16.2,1599.0,103.2,3.4,Verna Transform SX VTVT,Hyundai,1
Hyderabad,2013,Diesel,Manual,First,20.77,1248.0,88.8,7.0,Ertiga ZDI,Maruti,1
Kochi,2012,Petrol,Manual,First,12.9,1598.0,102.5,3.21,Optra Magnum 1.6 LT ABS BS3,Chevrolet,1
Coimbatore,2016,Diesel,Manual,First,19.67,1582.0,126.2,14.25,Creta 1.6 CRDi SX Option,Hyundai,1
Hyderabad,2014,Diesel,Manual,First,20.34,1498.0,103.2,6.5,Vento 1.5 TDI Highline,Volkswagen,1
Kolkata,2014,Petrol,Manual,First,17.4,1497.0,117.3,5.49,City i VTEC SV,Honda,1
Pune,2005,Petrol,Manual,Third,16.8,1341.0,83.0,0.8,Getz GLS ABS,Hyundai,1
Kochi,2007,Petrol,Manual,First,17.0,1086.0,113.25304969366915,1.99,Santro Xing XG eRLX Euro III,Hyundai,1
Coimbatore,2015,Petrol,Automatic,Second,18.9,1197.0,82.0,5.91,Grand i10 AT Asta,Hyundai,1
Coimbatore,2019,Petrol,Manual,First,18.9,1197.0,81.86,6.44,Grand i10 1.2 Kappa Sportz Option,Hyundai,1
Jaipur,2015,Petrol,Manual,First,18.9,1197.0,82.0,4.6,Grand i10 Sportz,Hyundai,1
Pune,2007,Diesel,Manual,Second,17.8,1248.0,113.25304969366915,2.35,Swift VDI BSIV,Maruti,1
Coimbatore,2016,Petrol,Manual,First,18.6,1197.0,81.83,7.21,i20 Asta 1.2,Hyundai,1
Pune,2016,Diesel,Manual,First,19.87,1461.0,83.8,8.0,Duster 85PS Diesel RxL,Renault,1
Hyderabad,2009,Diesel,Manual,Second,19.3,1248.0,73.9,3.5,Swift Dzire VDi,Maruti,0
Pune,2008,Diesel,Manual,First,12.8,2494.0,102.0,5.9,Innova 2.5 G (Diesel) 8 Seater BS IV,Toyota,1
Coimbatore,2015,Petrol,Manual,Second,25.4,624.0,37.5,1.74,Nano Twist XT,Tata,0
Mumbai,2019,Petrol,Manual,First,18.12,1196.0,86.8,6.8,Figo 2015-2019 1.2P Sports Edition MT,Ford,1
Jaipur,2017,Petrol,Manual,First,18.6,1197.0,81.83,7.5,i20 1.2 Asta Option,Hyundai,1
Pune,2016,Petrol,Manual,First,15.4,1497.0,117.3,8.0,BRV i-VTEC V MT,Honda,1
Hyderabad,2015,Diesel,Manual,First,27.4,1498.0,98.6,5.99,Amaze S Diesel,Honda,1
Mumbai,2017,Diesel,Manual,First,19.67,1582.0,126.2,12.9,Creta 1.6 CRDi SX,Hyundai,1
Delhi,2018,Petrol,Manual,First,21.4,1197.0,83.1,7.0,Baleno Zeta 1.2,Maruti,1
Hyderabad,2014,Diesel,Automatic,First,14.16,1968.0,174.3,35.0,Q5 2.0 TDI Technology,Audi,3
Jaipur,2015,Diesel,Manual,First,25.8,1498.0,98.6,5.5,Amaze S i-DTEC,Honda,1
Coimbatore,2010,Diesel,Automatic,First,11.0,2993.0,235.0,18.46,X5 3.0d,BMW,4
Jaipur,2010,Petrol,Manual,First,15.6,1196.0,70.0,2.4,Figo Petrol Titanium,Ford,0
Pune,2002,Petrol,Manual,Third,18.9,998.0,67.1,1.0,Wagon R VXI,Maruti,0
Ahmedabad,2012,Petrol,Manual,Second,19.81,1086.0,68.05,2.65,i10 Era,Hyundai,0
Kochi,2015,Diesel,Automatic,First,21.66,1498.0,103.52,5.96,Rapid 1.5 TDI AT Elegance,Skoda,1
Kolkata,2015,Diesel,Automatic,First,17.85,2967.0,300.0,75.0,Panamera Diesel,Porsche,5
Kochi,2017,Petrol,Automatic,First,15.04,1991.0,183.0,27.15,CLA 200 Sport Edition,Mercedes-Benz,3
Ahmedabad,2008,Petrol,Automatic,Second,10.4,2773.0,201.0,10.5,A6 2.8 FSI,Audi,3
Chennai,2015,Petrol,Manual,First,20.73,1373.0,91.1,6.7,Ciaz ZXi Plus,Maruti,1
Kolkata,2013,Diesel,Manual,First,22.7,1498.0,89.84,4.9,Ecosport 1.5 DV5 MT Titanium,Ford,1
Hyderabad,2017,Diesel,Manual,First,16.5,1493.0,70.0,8.0,Bolero mHAWK D70 ZLX,Mahindra,0
Kochi,2018,Petrol,Manual,First,24.07,998.0,67.1,3.63,Alto K10 VXI,Maruti,0
Mumbai,2015,Petrol,Manual,First,17.5,1197.0,85.8,4.8,Swift Dzire 1.2 Vxi BSIV,Maruti,1
Mumbai,2017,Petrol,Manual,First,17.57,1193.0,88.7,4.25,Zest Revotron 1.2T XE,Tata,1
Kolkata,2014,Petrol,Manual,First,16.1,1621.276449941501,113.25304969366915,4.24,Swift 1.3 VXi,Maruti,1
Coimbatore,2018,Diesel,Automatic,First,10.91,3198.0,197.2,30.27,Endeavour 3.2 Trend AT 4X4,Ford,3
Jaipur,2013,Diesel,Manual,First,15.8,2148.0,170.0,14.25,New C-Class C 220 CDI CLASSIC,Mercedes-Benz,2
Ahmedabad,2012,Petrol,Automatic,First,16.95,1197.0,78.9,3.41,i10 Sportz AT,Hyundai,0
Delhi,2009,Petrol,Manual,First,17.0,1497.0,118.0,2.78,City 1.5 S MT,Honda,1
Ahmedabad,2015,Diesel,Automatic,First,19.3,1968.0,141.0,15.5,Octavia Elegance 2.0 TDI AT,Skoda,2
Chennai,2017,Diesel,Manual,First,25.0,1396.0,69.0,3.0,Indica V2 eLS,Tata,0
Pune,2012,Petrol,Manual,First,18.9,998.0,67.1,2.3,Wagon R VXi BSII,Maruti,0
Kochi,2017,Diesel,Manual,First,19.67,1582.0,126.2,13.28,Creta 1.6 CRDi SX,Hyundai,1
Hyderabad,2009,Petrol,Manual,First,19.0,998.0,66.1,2.25,A-Star Lxi,Maruti,0
Kochi,2011,Petrol,Manual,First,22.5,998.0,67.04,3.36,Wagon R LXI,Maruti,0
Kolkata,2014,Petrol,Manual,First,17.3,1497.0,117.3,4.25,Mobilio E i VTEC,Honda,1
Coimbatore,2012,Petrol,Manual,First,20.36,1197.0,78.9,4.3,i10 Magna,Hyundai,0
Coimbatore,2018,Diesel,Manual,First,22.54,1396.0,88.73,9.18,i20 1.4 Sportz,Hyundai,1
Hyderabad,2017,Petrol,Manual,First,23.1,998.0,67.04,4.99,Celerio ZXI Optional,Maruti,0
Pune,2011,Petrol,Manual,First,13.4,1798.0,157.8,3.75,Laura 1.8 TSI Ambiente,Skoda,2
Chennai,2010,Diesel,Manual,First,20.0,1399.0,68.0,2.5,Figo Diesel LXI,Ford,0
Hyderabad,2016,Diesel,Manual,First,27.3,1498.0,98.6,7.2,Jazz 1.5 VX i DTEC,Honda,1
Ahmedabad,2016,Diesel,Automatic,First,15.0,2143.0,204.0,29.5,E-Class 2015-2017 E250 Edition E,Mercedes-Benz,3
Chennai,2015,Diesel,Automatic,First,17.9,2143.0,136.0,17.55,GLA Class 200 CDI SPORT,Mercedes-Benz,2
Chennai,2012,Diesel,Automatic,First,18.5,1985.0,163.0,12.0,S60 D3,Volvo,2
Bangalore,2009,Diesel,Automatic,First,11.8,2967.0,246.7,13.5,A8 L 3.0 TDI quattro,Audi,4
Kolkata,2014,Diesel,Automatic,First,22.32,1582.0,126.32,5.1,Verna 1.6 SX CRDI (O) AT,Hyundai,1
Kolkata,2011,Diesel,Automatic,First,22.69,1995.0,190.0,10.3,3 Series 320d,BMW,3
Delhi,2014,Diesel,Manual,First,22.32,1582.0,126.32,5.7,Verna 1.6 SX,Hyundai,1
Kochi,2014,Petrol,Manual,First,22.5,998.0,67.04,3.41,Wagon R VXI,Maruti,0
Hyderabad,2010,Diesel,Manual,Second,20.0,1399.0,68.0,2.4,Figo Diesel EXI,Ford,0
Coimbatore,2017,Petrol,Manual,First,18.15,1198.0,82.0,5.6,KUV 100 mFALCON G80 K2,Mahindra,1
Pune,2006,Diesel,Manual,First,17.0,1405.0,70.0,1.0,Indigo LS,Tata,0
Hyderabad,2017,Diesel,Automatic,First,18.49,1493.0,100.0,8.2,TUV 300 T8 AMT,Mahindra,1
Bangalore,2015,Diesel,Automatic,First,15.17,1968.0,181.0,27.5,Q3 35 TDI Quattro Premium Plus,Audi,3
Jaipur,2015,Petrol,Manual,First,21.5,1197.0,81.8,3.5,Wagon R VXI 1.2,Maruti,1
Coimbatore,2017,Diesel,Manual,First,24.3,1248.0,88.5,10.34,Vitara Brezza ZDi Plus Dual Tone,Maruti,1
Mumbai,2006,Diesel,Manual,First,12.7,2609.0,116.6,3.25,Scorpio DX 2.6 Turbo 8 Str,Mahindra,1
Jaipur,2007,Diesel,Manual,Third,12.6,1991.0,112.0,5.0,Tucson CRDi,Hyundai,1
Hyderabad,2008,Petrol,Manual,First,17.92,1086.0,62.1,2.25,Santro Xing GLS,Hyundai,0
Kochi,2014,Diesel,Automatic,First,18.18,2967.0,250.0,51.52,Panamera Diesel 250hp,Porsche,4
Kochi,2018,Diesel,Manual,First,24.3,1248.0,88.5,8.62,Vitara Brezza VDi Option,Maruti,1
Mumbai,2017,Diesel,Manual,First,23.4,1248.0,74.0,7.25,Swift Dzire VDI,Maruti,0
Kochi,2016,Petrol,Manual,First,19.5,1199.0,86.76,5.47,Amaze V Petrol,Honda,1
Pune,2014,Diesel,Automatic,First,16.36,2179.0,187.7,31.0,XF 2.2 Litre Luxury,Jaguar,3
Kochi,2017,Petrol,Automatic,First,16.82,1998.0,189.08,35.98,Cooper Convertible S,Mini,3
Jaipur,2017,Petrol,Manual,First,21.1,814.0,55.2,3.42,EON Era Plus,Hyundai,0
Ahmedabad,2008,Diesel,Automatic,Second,16.77,2967.0,241.38,11.5,A6 3.0 TDI quattro,Audi,4
Pune,2016,Petrol,Manual,First,17.19,1197.0,81.86,7.25,i20 Active 1.2 SX Dual Tone,Hyundai,1
Chennai,2018,Diesel,Manual,First,28.4,1248.0,74.0,8.0,Swift AMT DDiS VDI,Maruti,0
Kochi,2015,Diesel,Manual,First,22.7,1498.0,89.84,7.33,Ecosport 1.5 DV5 MT Titanium,Ford,1
Kolkata,2016,Petrol,Manual,First,18.9,998.0,67.1,3.35,Wagon R VXI BS IV with ABS,Maruti,0
Mumbai,2013,Diesel,Manual,First,20.34,1498.0,103.2,4.4,Vento 1.5 TDI Highline,Volkswagen,1
Kolkata,2012,Petrol,Manual,First,17.6,1496.0,88.7,2.99,Etios VX,Toyota,1
Bangalore,2015,Petrol,Manual,First,18.7,1199.0,88.7,5.6,Jazz 1.2 SV i VTEC,Honda,1
Coimbatore,2016,Diesel,Manual,First,20.14,1498.0,88.73,6.63,CrossPolo 1.5 TDI,Volkswagen,1
Kochi,2018,Diesel,Manual,First,21.66,1498.0,108.62,7.9,Ameo 1.5 TDI Highline,Volkswagen,1
Kochi,2015,Petrol,Manual,First,16.8,1497.0,116.3,7.0,City V MT Exclusive,Honda,1
Hyderabad,2014,Petrol,Automatic,First,16.5,1198.0,86.8,4.95,Brio VX AT,Honda,1
Mumbai,2017,Petrol,Automatic,First,14.3,1598.0,103.52,9.19,Rapid 1.6 MPI AT Style,Skoda,1
Hyderabad,2011,Diesel,Manual,First,16.8,1493.0,110.0,5.1,Verna CRDi,Hyundai,1
Jaipur,2015,Diesel,Manual,First,21.19,1396.0,88.76,5.9,i20 Active S Diesel,Hyundai,1
Kochi,2019,Petrol,Automatic,First,21.4,1197.0,83.1,9.51,Baleno Alpha CVT,Maruti,1
Mumbai,2008,Petrol,Manual,Second,11.1,2354.0,158.8,3.9,CR-V 2.4L 4WD MT,Honda,2
Coimbatore,2014,Petrol,Manual,Second,19.1,1197.0,85.8,5.39,Swift Dzire VXI,Maruti,1
Pune,2009,Diesel,Manual,Second,19.3,1248.0,73.9,3.0,Swift Dzire VDi,Maruti,0
Jaipur,2012,Diesel,Manual,First,23.4,1248.0,74.0,4.3,Swift Dzire ZDI,Maruti,0
Jaipur,2017,Petrol,Manual,First,20.85,1197.0,83.14,6.75,Swift Dzire ZXI,Maruti,1
Jaipur,2017,Petrol,Manual,First,18.9,1197.0,82.0,4.5,Grand i10 Sportz,Hyundai,1
Chennai,2010,Diesel,Manual,First,17.8,1399.0,68.0,2.75,Fiesta 1.4 ZXi TDCi ABS,Ford,0
Chennai,2016,Diesel,Manual,First,23.9,1582.0,126.2,9.0,Verna 1.6 CRDi S,Hyundai,1
Jaipur,2001,Petrol,Manual,First,12.0,1621.276449941501,113.25304969366915,0.7,Wagon R Vx,Maruti,1
Delhi,2014,Diesel,Manual,Second,20.0,1399.0,68.05,2.55,Figo Diesel EXI,Ford,0
Coimbatore,2014,Diesel,Manual,First,21.12,1248.0,88.8,3.54,Manza Aqua Quadrajet BS IV,Tata,1
Ahmedabad,2009,Petrol,Manual,First,13.5,1799.0,130.0,4.25,Civic 2006-2010 1.8 S MT,Honda,2
Ahmedabad,2007,Petrol,Manual,Second,19.7,796.0,46.3,1.2,Alto LX BSIII,Maruti,0
Ahmedabad,2013,Diesel,Automatic,First,22.48,1995.0,190.0,19.5,5 Series 520d Luxury Line,BMW,3
Bangalore,2015,Diesel,Manual,Second,16.0,2179.0,140.0,12.0,XUV500 W8 2WD,Mahindra,2
Hyderabad,2012,Diesel,Manual,First,23.2,1248.0,73.94,3.9,Ritz VDi,Maruti,0
Kochi,2017,Diesel,Manual,First,24.3,1248.0,88.5,9.13,Vitara Brezza ZDi Plus,Maruti,1
Pune,2011,Petrol,Manual,First,15.1,1196.0,73.0,2.25,Eeco 7 Seater Standard,Maruti,0
Mumbai,2012,Petrol,Manual,First,17.5,1197.0,85.8,3.25,Swift Dzire 1.2 Vxi BSIV,Maruti,1
Coimbatore,2017,Diesel,Automatic,First,17.01,1582.0,126.2,14.79,Creta 1.6 CRDi AT SX Plus,Hyundai,1
Mumbai,2010,Petrol,Manual,First,22.5,998.0,67.04,2.35,Wagon R LXI,Maruti,0
Kolkata,2015,Diesel,Manual,First,27.62,793.0,47.0,3.1,Celerio ZDi,Maruti,0
Delhi,2014,Diesel,Automatic,First,13.01,2199.0,194.3,12.9,Santa Fe 2WD AT,Hyundai,3
Kolkata,2017,Petrol,Manual,First,21.1,814.0,55.2,2.5,EON D Lite Plus Option,Hyundai,0
Delhi,2013,Petrol,Manual,First,18.5,1197.0,82.85,3.65,i20 Sportz 1.2,Hyundai,1
Bangalore,2014,Petrol,Manual,First,17.1,1591.0,121.3,7.5,Verna 1.6 SX VTVT (O),Hyundai,1
Kochi,2013,Petrol,Manual,First,18.4,1198.0,86.8,3.74,Brio S Option MT,Honda,1
Kochi,2017,Petrol,Manual,First,20.4,1197.0,81.8,5.86,Swift VXI Optional,Maruti,1
Coimbatore,2018,Diesel,Automatic,First,19.27,2143.0,167.62,39.62,New C-Class C 220d Avantgarde Edition C,Mercedes-Benz,2
Coimbatore,2018,Diesel,Manual,First,25.2,1248.0,74.0,7.05,Swift VDI Optional,Maruti,0
Delhi,2018,Diesel,Automatic,First,28.4,1248.0,74.0,7.5,Swift AMT VDI,Maruti,0
Chennai,2012,Diesel,Manual,First,25.44,936.0,57.6,2.1,Beat Diesel LS,Chevrolet,0
Delhi,2014,Petrol,Automatic,First,13.7,1798.0,157.75,11.6,Superb Elegance 1.8 TSI AT,Skoda,2
Bangalore,2012,Diesel,Automatic,Second,14.84,2143.0,167.62,19.25,New C-Class C 220 CDI BE Avantgare,Mercedes-Benz,2
Coimbatore,2017,Diesel,Manual,First,13.68,2393.0,147.8,17.92,Innova Crysta 2.4 VX MT 8S,Toyota,2
Kolkata,2016,Petrol,Manual,First,20.36,1197.0,78.9,3.6,i10 Sportz,Hyundai,0
Ahmedabad,2014,Diesel,Manual,Second,25.8,1498.0,98.6,4.5,Amaze S i-DTEC,Honda,1
Hyderabad,2017,Diesel,Manual,First,21.9,1396.0,88.76,7.4,i20 Magna 1.4 CRDi (Diesel),Hyundai,1
Coimbatore,2018,Diesel,Automatic,First,11.57,2987.0,254.79,59.29,GLE 350d,Mercedes-Benz,4
Kolkata,2011,Diesel,Manual,First,12.05,2179.0,120.0,5.5,Scorpio 2009-2014 SLE 7S BSIV,Mahindra,1
Bangalore,2006,Petrol,Manual,Second,15.3,1341.0,83.0,1.75,Getz GLE,Hyundai,1
Mumbai,2016,Petrol,Manual,First,21.4,1197.0,83.1,6.75,Baleno Alpha,Maruti,1
Chennai,2011,Diesel,Manual,First,16.52,1991.0,123.7,3.95,Optra Magnum 2.0 LT,Chevrolet,1
Mumbai,2011,Petrol,Manual,First,17.1,1591.0,121.3,4.2,Verna 1.6 SX VTVT (O),Hyundai,1
Hyderabad,2016,Petrol,Manual,First,17.0,1497.0,118.0,8.4,City 1.5 V MT,Honda,1
Mumbai,2017,Petrol,Automatic,First,17.21,1197.0,103.5,8.25,Polo GT TSI,Volkswagen,1
Bangalore,2013,Petrol,Manual,First,19.4,1198.0,86.8,3.31,Brio E MT,Honda,1
Ahmedabad,2017,Diesel,Manual,First,26.59,1248.0,74.0,7.5,Swift Dzire VDI,Maruti,0
Pune,2012,Petrol,Manual,First,17.0,1497.0,118.0,4.75,City 1.5 V MT Exclusive,Honda,1
Pune,2013,Diesel,Automatic,Second,11.18,2696.0,184.0,8.79,Ssangyong Rexton RX7,Mahindra,3
Pune,2014,Petrol,Manual,First,13.1,1798.0,157.75,9.5,Superb Elegance 1.8 TSI MT,Skoda,2
Kolkata,2010,Petrol,Manual,First,19.7,796.0,46.3,1.55,Alto LXi,Maruti,0
Jaipur,2014,Diesel,Manual,First,23.0,1396.0,90.0,5.85,i20 Asta (o) 1.4 CRDi (Diesel),Hyundai,1
Coimbatore,2014,Petrol,Manual,First,15.8,1499.0,110.0,7.52,Ecosport 1.5 Ti VCT MT Trend,Ford,1
Hyderabad,2011,Diesel,Manual,First,23.08,1461.0,63.1,3.6,Micra Diesel XV,Nissan,0
Kochi,2016,Petrol,Manual,First,19.4,1198.0,86.8,4.73,Brio E MT,Honda,1
Delhi,2013,Diesel,Automatic,First,11.18,2696.0,184.0,10.5,Ssangyong Rexton RX7,Mahindra,3
Coimbatore,2013,Diesel,Automatic,First,16.46,2993.0,258.0,34.54,7 Series 730Ld Sedan,BMW,4
Kochi,2018,Petrol,Manual,First,18.9,1197.0,81.86,6.07,Grand i10 1.2 Kappa Sportz,Hyundai,1
Coimbatore,2018,Petrol,Manual,First,21.4,1197.0,83.1,7.76,Baleno Delta 1.2,Maruti,1
Coimbatore,2016,Diesel,Manual,First,11.68,2498.0,112.0,7.46,Xylo E8 ABS BS IV,Mahindra,1
Delhi,2012,Diesel,Manual,First,21.8,1461.0,78.0,3.49,Fluence Diesel E4,Renault,0
Coimbatore,2012,Petrol,Manual,Second,18.5,1197.0,80.0,4.05,i20 1.2 Magna,Hyundai,0
Kochi,2013,Diesel,Manual,First,10.5,2835.0,107.2,11.88,Pajero 2.8 SFX,Mitsubishi,1
Pune,2011,Petrol,Automatic,First,14.53,1794.0,138.1,6.45,Corolla Altis 2008-2013 1.8 VL AT,Toyota,2
Pune,2015,Diesel,Automatic,First,15.97,2993.0,258.0,50.0,X5 X5 M,BMW,4
Pune,2011,Petrol,Automatic,First,10.9,2497.0,215.0,9.0,3 Series 2005-2011 325i Sedan,BMW,3
Coimbatore,2016,Diesel,Automatic,First,17.01,1582.0,126.2,14.25,Creta 1.6 CRDi AT SX Plus,Hyundai,1
Coimbatore,2017,Diesel,Manual,First,18.49,1493.0,100.0,7.36,TUV 300 2015-2019 T8,Mahindra,1
Delhi,2010,Diesel,Manual,First,12.05,2179.0,120.0,4.4,Scorpio VLX 2.2 mHawk BSIII,Mahindra,1
Mumbai,2016,Petrol,Manual,First,25.17,799.0,53.3,3.1,KWID RXT,Renault,0
Coimbatore,2017,Petrol,Automatic,First,22.5,999.0,67.0,4.28,KWID 1.0 RXT Optional AMT,Renault,0
Pune,2017,Petrol,Manual,First,16.1,1197.0,85.0,5.5,Swift VXi BSIV,Maruti,1
Kolkata,2012,Diesel,Automatic,First,17.0,1896.0,105.0,6.99,Laura 1.9 TDI AT Ambiente,Skoda,1
Coimbatore,2018,Petrol,Manual,First,24.7,796.0,47.3,4.29,Alto 800 2016-2019 VXI,Maruti,0
Delhi,2014,Petrol,Manual,First,18.6,1197.0,85.8,4.2,Swift VXI,Maruti,1
Pune,2012,Diesel,Manual,First,23.0,1396.0,90.0,4.11,i20 1.4 CRDi Sportz,Hyundai,1
Mumbai,2015,Diesel,Automatic,First,15.73,1968.0,174.33,18.75,Q3 2012-2015 35 TDI Quattro Premium,Audi,3
Mumbai,2017,Diesel,Automatic,First,11.57,2987.0,254.79,64.95,GLE 350d,Mercedes-Benz,4
Mumbai,2010,Petrol,Manual,Second,19.81,1086.0,68.05,1.59,i10 Era,Hyundai,0
Kolkata,2016,Petrol,Manual,First,20.51,998.0,67.04,3.6,Wagon R LXI Optional,Maruti,0
Kochi,2017,Petrol,Manual,Second,17.8,1497.0,117.3,7.87,City i VTEC V,Honda,1
Mumbai,2018,Petrol,Manual,First,18.9,1197.0,81.86,5.55,Grand i10 1.2 Kappa Sportz,Hyundai,1
Jaipur,2014,Diesel,Manual,Second,25.1,1498.0,98.6,6.4,City i DTEC VX,Honda,1
Mumbai,2009,Petrol,Manual,Third,17.5,1298.0,85.8,2.65,Swift Dzire VXi,Maruti,1
Delhi,2015,Petrol,Manual,First,17.5,1298.0,85.8,5.5,Swift Dzire ZXi,Maruti,1
Kochi,2013,Diesel,Manual,First,15.1,2179.0,140.0,7.31,XUV500 W8 2WD,Mahindra,2
Jaipur,2016,Diesel,Manual,First,28.09,1248.0,88.5,7.1,Ciaz ZDi Plus SHVS,Maruti,1
Kochi,2016,Diesel,Manual,First,22.32,1582.0,126.32,7.83,Verna 1.6 SX CRDi (O),Hyundai,1
Mumbai,2005,Diesel,Manual,First,13.1,1493.0,82.0,0.85,Accent CRDi,Hyundai,1
Mumbai,2014,Petrol,Manual,First,19.4,1198.0,86.8,3.55,Brio S MT,Honda,1
Coimbatore,2017,Petrol,Manual,First,17.19,1197.0,81.86,8.19,i20 Active 1.2 SX,Hyundai,1
Pune,2018,Diesel,Automatic,First,18.88,1995.0,184.0,28.0,3 Series 320d Sport Line,BMW,3
Chennai,2015,Diesel,Automatic,First,16.96,1968.0,138.03,13.0,Jetta 2013-2015 2.0L TDI Highline AT,Volkswagen,2
Chennai,2011,Petrol,Manual,Second,15.26,1598.0,103.5,3.29,Polo Petrol Highline 1.6L,Volkswagen,1
Pune,2015,Petrol,Manual,Second,16.1,1197.0,85.0,4.41,Swift VXi BSIV,Maruti,1
Kolkata,2013,Diesel,Manual,First,19.01,1461.0,108.45,4.99,Duster 110PS Diesel RxZ,Renault,1
Hyderabad,2009,Diesel,Automatic,First,18.56,1995.0,190.0,17.98,X3 xDrive 20d Luxury Line,BMW,3
Coimbatore,2018,Diesel,Manual,First,20.5,1248.0,91.72,7.71,Avventura MULTIJET Emotion,Fiat,1
Delhi,2013,Petrol,Manual,First,20.51,998.0,67.04,2.8,Wagon R Stingray VXI,Maruti,0
Kolkata,2013,Diesel,Manual,First,22.1,1248.0,76.9,3.0,Sail Hatchback LS ABS,Chevrolet,0
Coimbatore,2015,Diesel,Manual,First,15.1,2179.0,140.0,12.49,XUV500 W8 2WD,Mahindra,2
Kochi,2016,Diesel,Manual,First,23.0,1248.0,88.8,5.0,Zest Quadrajet 1.3,Tata,1
Kochi,2017,Diesel,Automatic,First,18.56,1995.0,190.0,32.64,X3 xDrive20d xLine,BMW,3
Chennai,2015,Diesel,Manual,First,25.2,1248.0,74.0,6.5,Swift VDI BSIV,Maruti,0
Bangalore,2015,Diesel,Automatic,First,18.12,1995.0,190.0,35.0,5 Series 2013-2017 520d Luxury Line,BMW,3
Chennai,2015,Diesel,Manual,Second,25.0,1396.0,69.01,2.0,Indigo CS eVX,Tata,0
Kochi,2015,Diesel,Manual,First,15.1,2179.0,140.0,9.46,XUV500 W8 2WD,Mahindra,2
Kochi,2016,Diesel,Automatic,Second,12.07,2967.0,241.4,39.0,Q7 35 TDI Quattro Premium Plus,Audi,4
Hyderabad,2009,Diesel,Automatic,First,18.48,1995.0,177.0,15.0,5 Series 2003-2012 520d,BMW,3
Coimbatore,2013,Petrol,Manual,First,17.1,1591.0,121.3,6.15,Verna 1.6 SX VTVT (O),Hyundai,1
Pune,2015,Diesel,Automatic,Second,13.01,2199.0,194.3,14.5,Santa Fe 4WD AT,Hyundai,3
Kochi,2018,Petrol,Automatic,First,20.51,998.0,67.0,5.18,Wagon R AMT VXI,Maruti,0
Pune,2007,Petrol,Manual,Second,17.3,1061.0,64.0,1.24,Wagon R LX BSIII,Maruti,0
Kolkata,2013,Petrol,Manual,First,18.5,1197.0,82.85,2.8,i20 Sportz 1.2,Hyundai,1
Kochi,2011,Petrol,Automatic,Second,13.7,1798.0,157.75,5.23,Superb Elegance 1.8 TSI AT,Skoda,2
Pune,2005,Petrol,Manual,Second,15.3,1341.0,83.0,0.45,Getz GLS,Hyundai,1
Delhi,2014,Petrol,Manual,First,18.9,998.0,67.1,3.25,Wagon R LXI BS IV,Maruti,0
Kolkata,2015,Petrol,Manual,First,16.8,796.0,34.2,1.5,Omni MPI CARGO BSIV,Maruti,0
Mumbai,2012,Petrol,Manual,First,20.36,1197.0,78.9,2.85,i10 Magna 1.2,Hyundai,0
Kochi,2018,Petrol,Manual,First,21.7,999.0,67.0,4.5,KWID 1.0 RXT Optional,Renault,0
Bangalore,2014,Diesel,Automatic,First,15.0,2147.0,107.3,16.25,B Class 2012-2015 B200 Sport CDI,Mercedes-Benz,1
Mumbai,2017,Petrol,Automatic,First,17.21,1197.0,103.5,7.75,Polo GT TSI,Volkswagen,1
Bangalore,2007,Diesel,Manual,Third,12.05,2179.0,120.0,4.35,Scorpio VLX 4WD,Mahindra,1
Kochi,2019,Diesel,Automatic,First,12.9,2755.0,174.5,33.13,Fortuner 2.8 2WD AT,Toyota,3
Coimbatore,2013,Diesel,Manual,First,25.44,936.0,56.3,3.63,Beat Diesel LT,Chevrolet,0
Delhi,2010,Diesel,Manual,First,12.8,2494.0,102.0,4.75,Innova 2.5 G4 Diesel 8-seater,Toyota,1
Kochi,2018,Petrol,Manual,First,20.85,1197.0,83.14,6.51,Swift Dzire VXI,Maruti,1
Hyderabad,2018,Petrol,Manual,First,21.7,999.0,67.0,4.8,KWID Climber 1.0 MT,Renault,0
Hyderabad,2017,Diesel,Manual,First,22.95,1248.0,74.0,6.0,Bolt Quadrajet XM,Tata,0
Coimbatore,2016,Petrol,Manual,First,18.9,1197.0,82.0,6.4,Grand i10 Asta,Hyundai,1
Ahmedabad,2014,Diesel,Manual,First,20.34,1498.0,103.2,4.9,Vento 1.5 TDI Highline,Volkswagen,1
Coimbatore,2013,Diesel,Automatic,First,17.68,1968.0,174.33,20.57,A6 2011-2015 2.0 TDI,Audi,3
Kolkata,2015,Diesel,Manual,First,19.3,1248.0,73.9,4.76,Swift Dzire Ldi BSIV,Maruti,0
Kochi,2012,Petrol,Manual,First,18.0,995.0,62.0,2.0,Spark 1.0 LT,Chevrolet,0
Coimbatore,2009,Diesel,Automatic,First,22.69,1995.0,190.0,9.92,3 Series 320d,BMW,3
Kochi,2018,Petrol,Manual,First,21.1,814.0,55.2,3.69,EON Era Plus,Hyundai,0
Hyderabad,2013,Diesel,Manual,First,23.4,1248.0,74.0,5.75,Swift Dzire VDI,Maruti,0
Hyderabad,2014,Diesel,Manual,First,20.14,1498.0,88.5,5.7,CrossPolo 1.5 TDI,Volkswagen,1
Coimbatore,2014,Petrol,Manual,First,18.0,1198.0,86.7,4.94,Amaze E i-Vtech,Honda,1
Kochi,2012,Petrol,Automatic,First,14.4,1598.0,103.6,4.29,Vento Petrol Highline AT,Volkswagen,1
Kolkata,2014,Petrol,Manual,First,20.51,998.0,67.04,3.0,Wagon R Stingray VXI,Maruti,0
Hyderabad,2014,Diesel,Manual,First,20.14,1498.0,88.8,6.5,Polo 1.5 TDI Highline,Volkswagen,1
Jaipur,2015,Petrol,Manual,Second,16.47,1198.0,73.9,4.9,Polo Petrol Comfortline 1.2L,Volkswagen,0
Kochi,2016,Diesel,Manual,First,25.8,1498.0,98.6,5.4,Amaze SX i-DTEC,Honda,1
Delhi,2014,Diesel,Automatic,First,18.53,1968.0,187.74,24.0,A6 35 TDI Matrix,Audi,3
Kochi,2019,Diesel,Manual,First,24.7,1047.0,69.0,7.46,Tigor 1.05 Revotorq XZ Option,Tata,0
Kochi,2017,Diesel,Automatic,First,21.5,1498.0,108.5,9.6,Vento 1.5 TDI Highline AT,Volkswagen,1
Hyderabad,2014,Diesel,Automatic,First,18.53,1968.0,187.74,25.0,A6 35 TDI Matrix,Audi,3
Hyderabad,2014,Diesel,Manual,First,19.01,1461.0,108.5,6.8,Terrano XL 110 PS,Nissan,1
Coimbatore,2016,Diesel,Automatic,First,21.66,1498.0,103.52,8.59,Rapid 1.5 TDI AT Elegance,Skoda,1
Hyderabad,2016,Diesel,Manual,First,25.83,1498.0,99.0,5.29,Figo Aspire 1.5 TDCi Trend,Ford,1
Pune,2011,Diesel,Manual,First,15.42,1405.0,70.0,2.5,Venture EX,Tata,0
Chennai,2011,Diesel,Automatic,First,14.84,2143.0,167.62,13.9,New C-Class C 220 CDI BE Avantgare,Mercedes-Benz,2
Jaipur,2014,Diesel,Manual,Second,13.0,2982.0,168.5,20.0,Fortuner 4x2 Manual,Toyota,2
Delhi,2011,Petrol,Manual,Second,17.0,1497.0,118.0,3.4,City 1.5 V MT,Honda,1
Mumbai,2015,Petrol,Manual,First,18.6,1197.0,81.83,5.5,i20 Asta Option 1.2,Hyundai,1
Hyderabad,2012,Diesel,Manual,Second,20.54,1598.0,103.6,3.65,Vento Diesel Trendline,Volkswagen,1
Kochi,2011,Diesel,Manual,First,13.1,2499.0,141.0,5.86,Endeavour 2.5L 4X2 MT,Ford,2
Coimbatore,2018,Petrol,Automatic,First,14.8,1497.0,121.36,10.44,EcoSport 1.5 Petrol Titanium Plus AT,Ford,1
Bangalore,2013,Diesel,Manual,First,17.8,1248.0,113.25304969366915,5.0,Swift VDI BSIV,Maruti,1
Coimbatore,2011,Diesel,Manual,First,23.0,1396.0,90.0,3.37,i20 Sportz Diesel,Hyundai,1
Delhi,2011,Diesel,Manual,First,12.99,2494.0,100.6,6.95,Innova 2.5 VX (Diesel) 8 Seater,Toyota,1
Mumbai,2018,Diesel,Manual,First,21.5,1497.0,108.5,9.9,Nexon 1.5 Revotorq XZ Plus Dual Tone,Tata,1
Hyderabad,2012,Diesel,Manual,First,20.0,1399.0,68.05,3.3,Figo Diesel Titanium,Ford,0
Delhi,2013,Diesel,Automatic,Second,17.85,2967.0,300.0,50.5,Panamera Diesel,Porsche,5
Jaipur,2015,Diesel,Automatic,First,17.01,1582.0,126.2,12.5,Creta 1.6 CRDi AT SX Plus,Hyundai,1
Hyderabad,2014,Diesel,Automatic,First,16.55,1968.0,140.0,20.5,A4 2.0 TDI Multitronic,Audi,2
Kolkata,2017,Diesel,Manual,First,16.0,2179.0,140.0,14.5,XUV500 W8 4WD,Mahindra,2
Delhi,2014,Diesel,Manual,First,23.4,1248.0,74.0,5.25,Swift Dzire VDI,Maruti,0
Kolkata,2015,Petrol,Manual,First,20.73,1373.0,91.1,5.9,Ciaz ZXi,Maruti,1
Pune,2013,Petrol,Manual,First,21.1,814.0,55.2,2.6,EON Era Plus,Hyundai,0
Chennai,2007,Diesel,Automatic,First,11.0,2987.0,198.5,11.0,E-Class 280 CDI,Mercedes-Benz,3
Pune,2011,Diesel,Automatic,First,18.48,1995.0,177.0,15.5,5 Series 2003-2012 520d,BMW,3
Jaipur,2017,Diesel,Manual,First,24.0,1186.0,73.97,5.75,Grand i10 1.2 CRDi Sportz Option,Hyundai,0
Hyderabad,2015,Diesel,Automatic,First,14.47,2993.0,301.73,75.0,XJ 3.0L Portfolio,Jaguar,5
Chennai,2007,Diesel,Manual,Second,17.8,1248.0,75.0,2.0,Swift Ldi BSIII,Maruti,0
Hyderabad,2008,Petrol,Manual,First,17.92,1086.0,62.1,2.3,Santro Xing GLS,Hyundai,0
Hyderabad,2009,Diesel,Manual,Second,12.8,2494.0,102.0,8.2,Innova 2.5 V Diesel 8-seater,Toyota,1
Kolkata,2015,Petrol,Manual,First,18.6,1197.0,81.83,4.8,i20 Sportz 1.2,Hyundai,1
Mumbai,2008,Diesel,Automatic,Second,11.0,2987.0,198.5,8.5,E-Class 280 CDI,Mercedes-Benz,3
Chennai,2011,Diesel,Manual,First,20.0,1399.0,68.0,2.9,Figo Diesel ZXI,Ford,0
Ahmedabad,2012,Diesel,Manual,First,21.43,1364.0,86.79,6.5,Corolla Altis 1.4 DG,Toyota,1
Jaipur,2018,Petrol,Manual,First,18.9,1197.0,81.86,5.85,Grand i10 1.2 Kappa Sportz,Hyundai,1
Coimbatore,2019,Diesel,Manual,First,16.3,1956.0,170.0,23.91,Compass 2.0 Limited 4X4,Jeep,2
Coimbatore,2019,Petrol,Automatic,First,20.89,1197.0,81.8,7.36,Ignis 1.2 AMT Alpha,Maruti,1
Pune,2014,Diesel,Manual,First,11.5,2982.0,171.0,17.25,Fortuner 3.0 Diesel,Toyota,2
Jaipur,2013,Diesel,Manual,First,20.54,1598.0,103.6,7.0,Vento Diesel Highline,Volkswagen,1
Mumbai,2017,Diesel,Manual,First,13.68,2393.0,147.8,17.65,Innova Crysta 2.4 VX MT,Toyota,2
Jaipur,2013,Diesel,Manual,First,20.0,1399.0,68.1,2.5,Figo Diesel Celebration Edition,Ford,0
Hyderabad,2015,Diesel,Manual,First,23.59,1364.0,67.05,6.0,Platinum Etios 1.4 GXD,Toyota,0
Mumbai,2018,Diesel,Manual,First,18.06,2523.0,63.0,8.25,Thar DI 4X4,Mahindra,0
Kochi,2018,Diesel,Automatic,First,12.7,2179.0,187.7,44.83,Rover Range Rover HSE Dynamic,Land,3
Delhi,2011,Diesel,Automatic,First,16.07,1995.0,181.0,10.5,3 Series 320d Highline,BMW,3
Bangalore,2008,Petrol,Manual,Second,13.2,1495.0,94.0,1.9,Accent GLS,Hyundai,1
Jaipur,2016,Petrol,Automatic,Second,23.1,998.0,67.04,4.25,Celerio ZXI AT,Maruti,0
Chennai,2014,Diesel,Automatic,Second,16.36,2179.0,187.7,26.5,XF 2.2 Litre Luxury,Jaguar,3
Bangalore,2013,Diesel,Automatic,Second,12.4,2698.0,179.5,22.5,A6 2.7 TDI,Audi,3
Hyderabad,2011,Diesel,Manual,First,23.08,1461.0,63.1,3.3,Micra Diesel XV,Nissan,0
Jaipur,2015,Petrol,Manual,Second,18.0,1198.0,86.7,4.3,Amaze S i-Vtech,Honda,1
Chennai,2012,Diesel,Manual,First,19.87,1461.0,83.8,5.25,Duster 85PS Diesel RxL Option,Renault,1
Jaipur,2015,Diesel,Manual,First,12.99,2494.0,100.6,11.75,Innova 2.5 G (Diesel) 8 Seater,Toyota,1
Ahmedabad,2014,Petrol,Manual,First,18.0,1198.0,86.7,4.25,Amaze E i-Vtech,Honda,1
Delhi,2012,Diesel,Automatic,First,14.94,2143.0,204.0,14.22,New C-Class C 250 CDI Elegance,Mercedes-Benz,3
Chennai,2015,Petrol,Manual,First,17.71,1197.0,78.9,4.2,Etios Liva G,Toyota,0
Delhi,2017,Diesel,Automatic,First,11.36,2755.0,171.5,18.25,Innova Crysta 2.8 GX AT 8S,Toyota,2
Bangalore,2013,Diesel,Manual,First,15.8,2148.0,170.0,18.5,New C-Class 200 CDI Elegance,Mercedes-Benz,2
Chennai,2008,Petrol,Manual,Second,16.1,1298.0,88.2,2.4,Swift VXI BSIII,Maruti,1
Kolkata,2016,Diesel,Manual,First,27.39,1248.0,74.0,6.5,Baleno Alpha 1.3,Maruti,0
Mumbai,2015,Petrol,Automatic,First,23.1,998.0,67.04,3.99,Celerio VXI AT,Maruti,0
Kochi,2014,Diesel,Manual,First,22.7,1498.0,89.84,5.45,Ecosport 1.5 DV5 MT Ambiente,Ford,1
Hyderabad,2010,Diesel,Manual,First,18.8,1248.0,90.0,2.7,Manza Aura Quadrajet,Tata,1
Mumbai,2016,Diesel,Manual,First,27.3,1498.0,98.6,6.25,Jazz 1.5 SV i DTEC,Honda,1
Coimbatore,2016,Diesel,Manual,First,15.1,2179.0,140.0,13.28,XUV500 W8 2WD,Mahindra,2
Hyderabad,2012,Diesel,Manual,First,23.08,1461.0,63.1,3.7,Micra Diesel XV Premium,Nissan,0
Coimbatore,2018,Diesel,Automatic,First,19.27,2143.0,167.62,39.51,New C-Class C 220d Avantgarde Edition C,Mercedes-Benz,2
Hyderabad,2010,Diesel,Manual,Second,19.0,1248.0,90.0,1.4,Manza Aura Plus Quadrajet BS IV,Tata,1
Kolkata,2014,Diesel,Manual,First,22.9,1248.0,74.0,3.5,Swift VDI,Maruti,0
Jaipur,2012,Petrol,Manual,First,17.5,1197.0,85.8,3.78,Swift Dzire 1.2 Lxi BSIV,Maruti,1
Pune,2015,Diesel,Manual,First,19.09,1405.0,69.01,2.7,Indigo eCS LS (TDI) BS-III,Tata,0
Kolkata,2013,Diesel,Manual,First,25.8,1498.0,98.6,3.2,Amaze S i-Dtech,Honda,1
Delhi,2016,Petrol,Manual,First,20.4,1197.0,81.8,5.0,Swift VXI BSIV,Maruti,1
Chennai,2012,Diesel,Manual,First,20.77,1248.0,88.8,7.0,Ertiga ZDI,Maruti,1
Kolkata,2014,Petrol,Manual,Second,18.9,1197.0,82.0,2.85,Grand i10 Era,Hyundai,1
Ahmedabad,2016,Petrol,Manual,First,19.69,1198.0,67.04,4.25,Micra Active XV,Nissan,0
Bangalore,2014,Petrol,Manual,Second,18.9,1197.0,82.0,4.9,Grand i10 Asta Option,Hyundai,1
Hyderabad,2017,Diesel,Manual,First,17.1,1956.0,170.0,16.9,Compass 2.0 Sport,Jeep,2
Delhi,2014,Diesel,Manual,Second,22.07,1199.0,73.9,4.25,Polo Diesel Comfortline 1.2L,Volkswagen,0
Pune,2015,Petrol,Automatic,First,15.5,1198.0,86.7,4.34,Amaze S AT i-Vtech,Honda,1
Kolkata,2012,Diesel,Automatic,First,16.09,1995.0,184.0,17.0,X3 xDrive20d Advantage Edition,BMW,3
Kochi,2017,Diesel,Automatic,First,18.88,1995.0,184.0,28.45,3 Series 320d Luxury Line,BMW,3
Kochi,2014,Petrol,Automatic,First,15.6,1497.0,116.3,6.15,City V AT,Honda,1
Kochi,2014,Diesel,Manual,First,12.83,2696.0,162.0,9.25,Ssangyong Rexton RX5,Mahindra,2
Delhi,2015,Diesel,Manual,First,26.59,1248.0,74.0,4.85,Swift Dzire LDI,Maruti,0
Jaipur,2014,Diesel,Manual,First,25.2,1248.0,74.0,4.8,Swift VDI BSIV,Maruti,0
Pune,2012,Petrol,Manual,First,18.4,1198.0,86.8,2.3,Brio S Option MT,Honda,1
Mumbai,2016,Petrol,Manual,First,18.9,1197.0,82.0,4.75,Grand i10 Sportz,Hyundai,1
Pune,2017,Diesel,Manual,First,22.95,1248.0,74.0,5.0,Zest Quadrajet 1.3 75PS XM,Tata,0
Jaipur,2015,Petrol,Manual,First,21.1,814.0,55.2,2.5,EON Era Plus,Hyundai,0
Mumbai,2017,Petrol,Manual,First,18.6,1197.0,81.83,5.95,i20 1.2 Spotz,Hyundai,1
Delhi,2014,Diesel,Automatic,Second,9.0,1984.0,181.0,16.0,S60 D4 KINETIC,Volvo,3
Delhi,2014,Diesel,Manual,First,22.7,1498.0,89.84,6.15,Ecosport 1.5 DV5 MT Titanium Optional,Ford,1
Hyderabad,2014,Petrol,Manual,Second,21.1,1197.0,85.8,4.05,Ritz VXI,Maruti,1
Hyderabad,2010,Diesel,Manual,Second,21.9,1396.0,90.0,3.1,i20 1.4 CRDi Magna,Hyundai,1
Hyderabad,2013,Petrol,Manual,First,22.0,1197.0,81.8,5.49,Dzire VXI,Maruti,1
Coimbatore,2010,Petrol,Automatic,Third,8.0,4806.0,394.3,42.91,Panamera 2010 2013 4S,Porsche,7
Jaipur,2015,Diesel,Manual,First,17.8,1248.0,75.0,5.7,Swift VDi BSIII W/ ABS,Maruti,0
Kolkata,2014,Petrol,Manual,First,19.4,1198.0,86.8,2.85,Brio S MT,Honda,1
Bangalore,2012,Petrol,Manual,Second,18.6,1199.0,79.4,2.35,Beat LS,Chevrolet,0
Coimbatore,2018,Petrol,Automatic,First,13.0,1591.0,121.3,14.76,Creta 1.6 SX Plus Petrol Automatic,Hyundai,1
Pune,2008,Petrol,Manual,Second,17.7,1497.0,78.0,2.25,City ZX GXi,Honda,0
Mumbai,2016,Petrol,Manual,First,18.5,1197.0,85.8,3.65,Ritz LXi,Maruti,1
Delhi,2016,Diesel,Manual,First,22.77,1498.0,98.59,7.25,EcoSport 1.5 TDCi Trend,Ford,1
Hyderabad,2010,Diesel,Automatic,First,13.2,1995.0,170.0,10.69,3 Series 320d,BMW,2
Mumbai,2014,Petrol,Manual,Second,17.01,1591.0,121.3,5.5,Verna 1.6 SX VTVT,Hyundai,1
Chennai,2005,Diesel,Manual,Fourth & Above,12.8,2494.0,102.0,5.1,Innova 2.5 G4 Diesel 8-seater,Toyota,1
Mumbai,2014,Petrol,Manual,First,22.5,998.0,67.04,3.25,Wagon R LXI,Maruti,0
Mumbai,2018,Diesel,Manual,First,25.47,1248.0,88.5,9.25,Ertiga VDI,Maruti,1
Hyderabad,2008,Petrol,Manual,First,19.7,796.0,46.3,1.7,Alto LXi BSIII,Maruti,0
Kochi,2010,Petrol,Manual,First,19.0,998.0,66.1,2.87,A-Star Vxi,Maruti,0
Bangalore,2009,Diesel,Automatic,First,11.0,2993.0,235.0,17.75,X5 3.0d,BMW,4
Kolkata,2017,Petrol,Manual,First,18.15,1198.0,82.0,4.5,KUV 100 G80 K6 Plus 5Str,Mahindra,1
Bangalore,2008,Petrol,Automatic,Second,19.2,1197.0,80.0,2.95,i10 Magna AT,Hyundai,0
Pune,2007,Petrol,Automatic,Second,12.9,1799.0,130.0,2.6,Civic 2006-2010 1.8 S AT,Honda,2
Hyderabad,2010,Petrol,Manual,First,20.36,1197.0,78.9,3.0,i10 Sportz 1.2,Hyundai,0
Ahmedabad,2014,Diesel,Automatic,Second,14.84,2143.0,170.0,15.5,New C-Class C 220 CDI Elegance AT,Mercedes-Benz,2
Pune,2011,Petrol,Manual,First,17.6,1496.0,88.73,2.8,Etios G,Toyota,1
Kolkata,2010,Petrol,Manual,First,17.0,1497.0,118.0,2.5,City 1.5 E MT,Honda,1
Bangalore,2014,Diesel,Manual,First,23.4,1248.0,74.0,5.75,Swift Dzire VDI,Maruti,0
Pune,2010,Petrol,Manual,First,22.0,1197.0,81.8,2.8,Swift VXI,Maruti,1
Kolkata,2014,Petrol,Manual,First,17.01,1591.0,121.3,4.59,Verna 1.6 EX VTVT,Hyundai,1
Pune,2012,Diesel,Manual,First,23.2,1248.0,73.94,3.65,Ritz VDi,Maruti,0
Mumbai,2015,Diesel,Manual,First,13.0,2982.0,168.5,19.85,Fortuner 4x2 Manual,Toyota,2
Pune,2018,Diesel,Manual,First,17.1,1956.0,170.0,18.5,Compass 2.0 Limited,Jeep,2
Hyderabad,2017,Petrol,Manual,First,18.6,1197.0,81.83,6.95,i20 Asta Option 1.2,Hyundai,1
Jaipur,2012,Diesel,Manual,First,13.93,2179.0,138.0,3.75,New Safari DICOR 2.2 EX 4x4 BS IV,Tata,2
Jaipur,2008,Diesel,Manual,Second,19.3,1248.0,73.9,2.3,Swift Dzire LDi,Maruti,0
Kolkata,2016,Diesel,Manual,First,25.0,1396.0,69.01,2.3,Indigo eCS eLS BS IV,Tata,0
Hyderabad,2016,Diesel,Manual,First,28.4,1248.0,74.0,5.95,Swift LDI,Maruti,0
Kolkata,2016,Petrol,Automatic,First,23.1,998.0,67.04,3.49,Celerio VXI AT,Maruti,0
Coimbatore,2016,Diesel,Automatic,First,14.69,2993.0,258.0,47.7,5 Series 2013-2017 530d M Sport,BMW,4
Coimbatore,2015,Petrol,Manual,First,16.47,1198.0,74.0,6.43,Polo 1.2 MPI Highline,Volkswagen,0
Bangalore,2011,Diesel,Manual,First,13.93,2179.0,138.03,4.5,Safari DICOR 2.2 LX 4x2,Tata,2
Kolkata,2018,Petrol,Automatic,First,13.6,1598.0,181.0,39.75,Cooper S Carbon Edition,Mini,3
Kolkata,2015,Petrol,Manual,First,15.6,1196.0,70.0,4.0,Figo Petrol Titanium,Ford,0
Ahmedabad,2015,Diesel,Manual,First,26.0,1498.0,98.6,6.98,City i DTEC V,Honda,1
Delhi,2006,Diesel,Manual,Second,12.6,1991.0,112.0,1.75,Tucson CRDi,Hyundai,1
Delhi,2013,Diesel,Manual,First,20.0,1968.0,108.5,4.75,Laura Ambiente 2.0 TDI CR MT,Skoda,1
Hyderabad,2016,Diesel,Manual,First,11.5,2982.0,171.0,23.5,Fortuner 3.0 Diesel,Toyota,2
Hyderabad,2014,Diesel,Manual,First,22.32,1582.0,126.32,7.49,Verna 1.6 SX,Hyundai,1
Hyderabad,2015,Diesel,Manual,First,15.1,2179.0,140.0,10.85,XUV500 W6 2WD,Mahindra,2
Mumbai,2017,Petrol,Manual,First,25.17,799.0,53.3,3.5,KWID RXT,Renault,0
Bangalore,2015,Petrol,Manual,Second,18.6,1197.0,81.83,6.3,i20 Asta 1.2,Hyundai,1
Bangalore,2012,Petrol,Automatic,First,15.6,1497.0,116.3,6.75,City V AT,Honda,1
Coimbatore,2017,Diesel,Automatic,First,10.91,3198.0,197.0,28.88,Endeavour 3.2 Titanium AT 4X4,Ford,3
Kochi,2016,Petrol,Automatic,First,13.7,1798.0,157.75,14.23,Superb Elegance 1.8 TSI AT,Skoda,2
Mumbai,2012,Diesel,Automatic,Third,22.69,1995.0,190.0,15.0,3 Series 320d Sport,BMW,3
Jaipur,2013,Diesel,Manual,First,23.2,1248.0,73.94,3.75,Ritz LDi,Maruti,0
Jaipur,2011,Diesel,Manual,Second,11.5,2982.0,171.0,12.75,Fortuner 3.0 Diesel,Toyota,2
Mumbai,2009,Petrol,Manual,First,16.1,1298.0,88.2,1.95,Swift Lxi BSIII,Maruti,1
Mumbai,2018,Petrol,Manual,First,20.3,1199.0,84.0,4.95,Tigor 1.2 Revotron XT,Tata,1
Delhi,2015,Petrol,Automatic,First,18.0,1497.0,117.3,8.25,City i VTEC CVT VX,Honda,1
Hyderabad,2013,Diesel,Automatic,First,13.2,1995.0,170.0,20.99,3 Series 320d,BMW,2
Hyderabad,2010,Diesel,Automatic,Second,14.21,2143.0,203.0,17.5,E-Class 2009-2013 E250 CDI Blue Efficiency,Mercedes-Benz,3
Kochi,2015,Diesel,Manual,First,28.4,1248.0,74.0,5.36,Swift VDI,Maruti,0
Delhi,2014,Petrol,Manual,First,16.02,1373.0,93.7,6.35,Ertiga VXI,Maruti,1
Kolkata,2011,Petrol,Manual,First,17.01,1591.0,121.3,2.95,Verna 1.6 VTVT,Hyundai,1
Coimbatore,2019,Diesel,Automatic,First,12.63,2179.0,147.5,55.7,Rover Discovery Sport TD4 HSE,Land,2
Hyderabad,2017,Diesel,Automatic,First,19.27,2143.0,167.62,37.5,New C-Class C 220 CDI Style,Mercedes-Benz,2
Kochi,2017,Petrol,Manual,First,20.36,1197.0,78.9,4.07,i10 Magna 1.2,Hyundai,0
Kolkata,2012,Diesel,Manual,First,22.07,1199.0,73.9,2.99,Polo Diesel Comfortline 1.2L,Volkswagen,0
Delhi,2017,Diesel,Manual,First,24.3,1248.0,88.5,7.9,Vitara Brezza VDi Option,Maruti,1
Mumbai,2016,Diesel,Manual,First,19.87,1461.0,83.8,7.49,Duster 85PS Diesel RxL,Renault,1
Jaipur,2009,Diesel,Manual,First,18.0,1248.0,75.0,1.1,Indica Vista Aqua 1.3 Quadrajet,Tata,0
Delhi,2016,Diesel,Automatic,First,11.3,2987.0,254.8,56.0,GL-Class 350 CDI Blue Efficiency,Mercedes-Benz,4
Mumbai,2016,Diesel,Manual,First,25.4,1186.0,73.97,3.5,Xcent 1.2 CRDi S,Hyundai,0
Hyderabad,2008,Diesel,Manual,First,18.1,1493.0,110.0,3.0,Verna CRDi SX ABS,Hyundai,1
Mumbai,2014,Petrol,Manual,First,17.01,1591.0,121.3,6.1,Verna 1.6 SX VTVT,Hyundai,1
Bangalore,2010,Petrol,Manual,First,15.6,1196.0,70.0,2.25,Figo Petrol ZXI,Ford,0
Chennai,2016,Diesel,Manual,First,25.2,1248.0,74.0,5.95,Swift VDI Optional,Maruti,0
Hyderabad,2013,Diesel,Manual,First,23.08,1461.0,63.12,4.95,Pulse RxL,Renault,0
Bangalore,2015,Petrol,Manual,Second,16.47,1198.0,74.0,5.49,Polo 1.2 MPI Highline,Volkswagen,0
Delhi,2019,Diesel,Automatic,First,22.69,1995.0,190.0,6.67,3 Series 320d Luxury Line,BMW,3
Ahmedabad,2015,Petrol,Manual,First,15.0,1598.0,103.52,6.25,Rapid 1.6 MPI Active,Skoda,1
Coimbatore,2014,Diesel,Automatic,First,12.07,2967.0,241.4,34.88,Q7 3.0 TDI Quattro Premium Plus,Audi,4
Jaipur,2016,Diesel,Manual,First,26.21,1248.0,88.5,6.9,Ciaz VDi Plus,Maruti,1
Kolkata,2014,Diesel,Manual,First,25.1,1498.0,98.6,5.99,City i DTEC VX,Honda,1
Mumbai,2010,Petrol,Automatic,First,10.93,3498.0,272.0,10.4,E-Class 2009-2013 E350 Petrol,Mercedes-Benz,5
Pune,2012,Diesel,Automatic,First,14.57,2967.0,241.38,29.0,A6 2011-2015 3.0 TDI Quattro Premium Plus,Audi,4
Coimbatore,2016,Diesel,Manual,Second,14.02,2179.0,118.3,5.85,Xylo H4,Mahindra,1
Kochi,2006,Petrol,Automatic,Third,12.0,1493.0,100.0,2.21,City 1.5 EXI AT,Honda,1
Mumbai,2010,Petrol,Manual,First,15.5,1586.0,103.3,2.4,SX4 ZXI MT BSIV,Maruti,1
Pune,2009,Petrol,Manual,Third,14.53,1798.0,138.1,3.0,Corolla Altis G,Toyota,2
Pune,2012,Petrol,Automatic,Second,14.4,1598.0,103.6,3.75,Vento Petrol Highline AT,Volkswagen,1
Pune,2015,Petrol,Manual,First,21.1,814.0,55.2,2.95,EON Era Plus,Hyundai,0
Hyderabad,2011,Diesel,Manual,First,20.0,1968.0,108.5,5.8,Laura Ambition 2.0 TDI CR MT,Skoda,1
Hyderabad,2012,Diesel,Manual,First,22.9,1248.0,74.0,4.9,Swift VDI,Maruti,0
Kolkata,2018,Petrol,Automatic,First,14.28,1798.0,138.03,16.95,Corolla Altis 1.8 VL CVT,Toyota,2
Hyderabad,2013,Diesel,Manual,First,12.99,2494.0,100.0,12.5,Innova 2.5 G (Diesel) 8 Seater,Toyota,1
Hyderabad,2017,Diesel,Manual,First,27.28,1047.0,69.0,5.0,Tiago Wizz 1.05 Revotorq,Tata,0
Mumbai,2015,Petrol,Manual,First,15.41,1598.0,103.52,4.68,Rapid 1.6 MPI Ambition,Skoda,1
Mumbai,2016,Diesel,Automatic,First,10.91,3198.0,197.0,29.8,Endeavour 3.2 Titanium AT 4X4,Ford,3
Kochi,2017,Petrol,Manual,Second,25.17,799.0,53.3,3.46,KWID RXL,Renault,0
Pune,2012,Diesel,Manual,First,23.0,1396.0,90.0,4.0,i20 1.4 Asta CRDi with AVN,Hyundai,1
Chennai,2012,Diesel,Manual,Second,17.5,1896.0,106.0,4.5,Laura Ambiente,Skoda,1
Kochi,2013,Diesel,Manual,First,21.43,1364.0,87.2,5.87,Corolla Altis Diesel D4DG,Toyota,1
Delhi,2015,Diesel,Manual,First,15.4,2179.0,120.0,9.5,Scorpio S8 8 Seater,Mahindra,1
Chennai,2013,Diesel,Automatic,First,14.16,1968.0,174.3,32.5,Q5 2.0 TDI Premium Plus,Audi,3
Coimbatore,2014,Diesel,Manual,First,18.2,1248.0,73.8,3.88,Enjoy TCDi LS 8 Seater,Chevrolet,0
Coimbatore,2013,Diesel,Automatic,First,22.69,1995.0,190.0,13.08,3 Series 320d,BMW,3
Delhi,2012,Diesel,Manual,First,21.64,1461.0,84.8,3.5,Sunny 2011-2014 Diesel XV,Nissan,1
Mumbai,2010,Petrol,Manual,Second,12.8,2354.0,177.6,3.5,Accord 2.4 MT,Honda,3
Bangalore,2010,Diesel,Manual,First,16.8,1493.0,110.0,4.45,Verna CRDi,Hyundai,1
Jaipur,2015,Petrol,Manual,First,16.8,796.0,34.2,2.35,Omni E MPI STD BS IV,Maruti,0
Kolkata,2015,Petrol,Manual,First,17.4,1497.0,117.3,5.0,City i VTEC SV,Honda,1
Chennai,2007,Petrol,Manual,Second,16.6,1388.0,68.0,2.0,Fiesta 1.4 ZXi Leather,Ford,0
Mumbai,2015,Diesel,Manual,First,22.54,1396.0,88.73,6.35,i20 1.4 Asta,Hyundai,1
Kochi,2015,Diesel,Automatic,First,13.0,2143.0,201.1,24.63,E-Class E250 CDI Avantgrade,Mercedes-Benz,3
Chennai,2016,Diesel,Manual,First,22.77,1498.0,98.59,7.9,EcoSport 1.5 TDCi Trend Plus,Ford,1
Mumbai,2011,Petrol,Manual,First,18.5,1197.0,80.0,3.25,i20 1.2 Magna,Hyundai,0
Delhi,2016,Petrol,Manual,Second,17.8,1497.0,117.3,8.25,City i VTEC V,Honda,1
Kolkata,2011,Diesel,Manual,First,23.08,1461.0,63.1,2.85,Micra Diesel XV,Nissan,0
Pune,2010,Diesel,Manual,Second,20.0,1399.0,68.0,3.2,Figo Diesel EXI,Ford,0
Kolkata,2013,Petrol,Manual,First,18.44,1198.0,75.0,1.75,Micra XL,Nissan,0
Kolkata,2013,Diesel,Manual,First,17.8,1248.0,113.25304969366915,3.38,Swift VDI BSIV,Maruti,1
Ahmedabad,2009,Petrol,Manual,Second,12.8,2354.0,177.6,5.75,Accord 2.4 MT,Honda,3
Mumbai,2010,Petrol,Automatic,First,13.7,1798.0,157.75,4.7,Superb Elegance 1.8 TSI AT,Skoda,2
Hyderabad,2017,Petrol,Manual,First,14.0,796.0,35.0,2.9,Omni 8 Seater BSIV,Maruti,0
Ahmedabad,2012,Diesel,Manual,First,21.9,1396.0,88.8,4.25,i20 Magna Optional 1.4 CRDi,Hyundai,1
Chennai,2017,Diesel,Automatic,First,17.01,1582.0,126.2,14.5,Creta 1.6 CRDi AT SX Plus,Hyundai,1
Kochi,2016,Diesel,Manual,First,25.2,1248.0,74.0,5.34,Swift VDI BSIV,Maruti,0
Jaipur,2014,Diesel,Manual,First,25.2,1248.0,74.0,3.85,Swift LDI BSIV,Maruti,0
Hyderabad,2009,Diesel,Manual,First,12.8,2494.0,102.0,8.5,Innova 2.5 G (Diesel) 8 Seater BS IV,Toyota,1
Mumbai,2016,Diesel,Manual,First,24.4,1120.0,71.0,4.2,Xcent 1.1 CRDi Base,Hyundai,0
Delhi,2016,Diesel,Manual,First,20.77,1248.0,88.7,6.75,Ertiga Paseo VDI,Maruti,1
Jaipur,2016,Diesel,Automatic,First,10.91,3198.0,197.2,26.0,Endeavour 3.2 Trend AT 4X4,Ford,3
Coimbatore,2019,Diesel,Manual,First,22.54,1396.0,88.73,8.61,i20 1.4 Sportz,Hyundai,1
Mumbai,2009,Petrol,Manual,First,19.0,998.0,67.1,1.46,Zen Estilo LXI BS IV,Maruti,0
Mumbai,2011,Diesel,Manual,Second,21.1,1248.0,73.9,2.8,Ritz VDi,Maruti,0
Mumbai,2014,Petrol,Manual,First,17.0,1497.0,118.0,5.47,City 1.5 S MT,Honda,1
Mumbai,2009,Petrol,Manual,First,17.5,1298.0,85.8,2.45,Swift Dzire ZXi,Maruti,1
Hyderabad,2014,Diesel,Automatic,First,17.05,1995.0,184.0,21.5,X1 sDrive 20d Sportline,BMW,3
Mumbai,2010,Petrol,Manual,First,15.0,1368.0,90.0,1.38,Manza Aqua Safire,Tata,1
Chennai,2016,Diesel,Manual,First,16.0,2179.0,140.0,13.5,XUV500 W10 2WD,Mahindra,2
Bangalore,2009,Petrol,Automatic,Second,16.95,1197.0,78.9,3.1,i10 Sportz AT,Hyundai,0
Mumbai,2016,Petrol,Manual,First,21.4,1197.0,83.1,5.49,Baleno Sigma 1.2,Maruti,1
Kochi,2017,Diesel,Manual,First,24.3,1248.0,88.5,9.51,Vitara Brezza ZDi Plus Dual Tone,Maruti,1
Mumbai,2012,Petrol,Manual,First,15.6,1196.0,70.02,2.39,Figo Petrol ZXI,Ford,0
Mumbai,2014,Petrol,Automatic,First,18.19,1197.0,103.5,5.65,Vento Sport 1.2 TSI AT,Volkswagen,1
Ahmedabad,2010,Diesel,Manual,First,14.95,2489.0,93.7,1.85,Xylo D2 BS III,Mahindra,1
Kochi,2019,Petrol,Automatic,First,13.33,2995.0,340.0,2.02,Cayenne Base,Porsche,6
Hyderabad,2013,Diesel,Manual,First,19.3,1248.0,73.9,5.8,Swift Dzire VDi,Maruti,0
Hyderabad,2017,Petrol,Manual,First,16.2,1199.0,74.0,6.9,Polo 1.2 MPI Highline Plus,Volkswagen,0
Chennai,2013,Petrol,Manual,Second,17.01,1591.0,121.3,5.35,Verna 1.6 VTVT,Hyundai,1
Bangalore,2010,Petrol,Manual,First,19.81,1086.0,68.05,2.85,i10 Era 1.1,Hyundai,0
Chennai,2014,Diesel,Automatic,First,13.0,2143.0,204.0,22.75,E-Class E250 CDI Launch Edition,Mercedes-Benz,3
Jaipur,1998,Petrol,Manual,Third,17.3,993.0,60.0,0.45,Zen LXI,Maruti,0
Coimbatore,2013,Petrol,Manual,First,20.36,1197.0,78.9,4.64,i10 Sportz,Hyundai,0
Coimbatore,2016,Diesel,Manual,First,25.8,1498.0,98.6,5.27,Amaze S i-Dtech,Honda,1
Jaipur,2016,Diesel,Manual,First,14.1,2179.0,148.0,10.0,Safari Storme VX,Tata,2
Mumbai,2015,Petrol,Manual,First,18.5,1198.0,86.8,3.95,Brio 1.2 S MT,Honda,1
Kochi,2010,Petrol,Manual,First,17.0,1197.0,80.0,3.38,i20 Asta,Hyundai,0
Coimbatore,2018,Petrol,Manual,First,14.69,1390.0,120.33,16.8,Jetta 2012-2014 1.4 TSI,Volkswagen,1
Kolkata,2010,Petrol,Manual,First,16.7,1198.0,88.8,1.99,Jazz Select Edition,Honda,1
Coimbatore,2017,Petrol,Manual,First,18.9,1197.0,82.0,5.84,Grand i10 Sportz,Hyundai,1
Coimbatore,2016,Diesel,Automatic,First,14.74,2993.0,270.9,36.15,XF Diesel,Jaguar,5
Kolkata,2014,Diesel,Automatic,First,16.36,2179.0,187.7,25.7,XF 2.2 Litre Luxury,Jaguar,3
Coimbatore,2013,Diesel,Manual,First,16.0,2179.0,140.0,9.24,XUV500 W8 2WD,Mahindra,2
Delhi,2015,Diesel,Manual,First,22.7,1598.0,118.0,7.65,S Cross DDiS 320 Alpha,Maruti,1
Coimbatore,2015,Diesel,Automatic,First,17.11,1968.0,174.33,25.31,A4 2.0 TDI 177 Bhp Premium Plus,Audi,3
Delhi,2013,Diesel,Manual,First,19.01,1461.0,108.45,4.75,Duster 110PS Diesel RxZ,Renault,1
Coimbatore,2014,Petrol,Manual,First,19.1,1197.0,85.8,6.69,Swift Dzire VXI,Maruti,1
Mumbai,2012,Petrol,Manual,First,16.47,1198.0,73.9,3.1,Polo Petrol Trendline 1.2L,Volkswagen,0
Jaipur,2012,Petrol,Manual,First,19.7,796.0,35.0,1.55,Omni 8 Seater BSII,Maruti,0
Coimbatore,2019,Petrol,Automatic,First,18.9,1197.0,81.86,6.84,Grand i10 1.2 Kappa Magna AT,Hyundai,1
Hyderabad,2014,Petrol,Manual,First,25.4,624.0,37.5,1.6,Nano Twist XT,Tata,0
Kochi,2017,Petrol,Automatic,First,17.84,1395.0,147.51,21.73,A4 30 TFSI Premium Plus,Audi,2
Mumbai,2015,Petrol,Manual,First,16.47,1198.0,74.0,4.75,Polo 1.2 MPI Highline,Volkswagen,0
Chennai,2015,Petrol,Manual,First,22.74,796.0,47.3,2.45,Alto 800 LXI,Maruti,0
Kochi,2019,Diesel,Automatic,First,20.7,1496.0,113.98,31.55,Cooper 5 DOOR D,Mini,1
Delhi,2012,Diesel,Automatic,Second,15.2,1968.0,140.8,10.25,A4 New 2.0 TDI Multitronic,Audi,2
Coimbatore,2019,Diesel,Manual,First,12.62,2198.0,158.0,27.36,Endeavour Titanium 4X2,Ford,2
Hyderabad,2013,Petrol,Manual,Second,15.8,1499.0,110.0,6.5,Ecosport 1.5 Ti VCT MT Titanium,Ford,1
Jaipur,2016,Petrol,Manual,First,18.9,1197.0,82.0,4.25,Grand i10 Magna,Hyundai,1
Mumbai,2014,Petrol,Manual,First,18.2,1199.0,82.4,5.5,Sail 1.2 LS,Chevrolet,1
Kolkata,2015,Petrol,Manual,First,20.85,1197.0,83.14,4.0,Swift Dzire LXI,Maruti,1
Kochi,2017,Petrol,Manual,First,17.57,1193.0,88.7,4.65,Zest Revotron 1.2T XM,Tata,1
Delhi,2015,Diesel,Automatic,First,19.27,2143.0,170.0,28.5,New C-Class C 220 CDI Avantgarde,Mercedes-Benz,2
Coimbatore,2014,Diesel,Manual,First,17.3,1998.0,163.7,7.11,Cruze LTZ,Chevrolet,2
Hyderabad,2013,Diesel,Manual,First,21.1,1248.0,73.9,3.9,Ritz VDi,Maruti,0
Jaipur,2017,Petrol,Manual,First,18.9,1197.0,81.86,5.6,Grand i10 1.2 Kappa Sportz Option,Hyundai,1
Pune,2012,Diesel,Manual,Third,28.4,1248.0,73.75,2.25,Dzire LDI,Maruti,0
Kolkata,2011,Diesel,Manual,First,22.32,1582.0,126.32,3.9,Verna 1.6 SX,Hyundai,1
Coimbatore,2014,Diesel,Automatic,First,14.74,2993.0,270.9,28.63,XF Diesel,Jaguar,5
Delhi,2013,Petrol,Automatic,First,13.7,1798.0,157.75,7.25,Superb Elegance 1.8 TSI AT,Skoda,2
Pune,2006,Petrol,Manual,Second,18.9,998.0,67.1,2.0,Wagon R LXI,Maruti,0
Mumbai,2011,Petrol,Manual,First,16.47,1198.0,73.9,3.5,Polo Petrol Highline 1.2L,Volkswagen,0
Hyderabad,2011,Petrol,Manual,First,14.8,1799.0,130.2,5.0,Civic 2010-2013 1.8 S MT,Honda,2
Chennai,2014,Petrol,Manual,First,22.5,998.0,67.04,3.45,Wagon R VXI,Maruti,0
Kolkata,2013,Diesel,Manual,First,23.4,1248.0,74.0,4.5,Swift Dzire VDI,Maruti,0
Coimbatore,2018,Petrol,Automatic,First,13.0,1591.0,121.3,14.36,Creta 1.6 SX Plus Petrol Automatic,Hyundai,1
Bangalore,2016,Petrol,Manual,First,18.9,1197.0,82.0,5.5,Grand i10 Asta,Hyundai,1
Mumbai,2013,Diesel,Manual,First,23.08,1461.0,63.1,3.0,Micra Diesel XV Premium,Nissan,0
Coimbatore,2017,Petrol,Manual,First,18.9,1197.0,81.86,6.08,Grand i10 1.2 Kappa Asta,Hyundai,1
Chennai,2013,Diesel,Manual,First,20.54,1598.0,103.6,5.0,Vento Diesel Highline,Volkswagen,1
Kochi,2015,Diesel,Automatic,First,12.55,2982.0,168.5,20.25,Fortuner 4x2 AT,Toyota,2
Pune,2018,Diesel,Automatic,First,11.36,2755.0,171.5,18.0,Innova Crysta 2.8 GX AT,Toyota,2
Pune,2015,Diesel,Automatic,First,20.0,2143.0,107.3,17.5,A Class A180 CDI,Mercedes-Benz,1
Pune,2013,Petrol,Manual,First,21.1,814.0,55.2,2.1,EON D Lite,Hyundai,0
Bangalore,2012,Diesel,Manual,Second,22.7,1582.0,126.24,7.5,Elantra CRDi SX,Hyundai,1
Kochi,2015,Diesel,Automatic,Second,20.7,1496.0,113.98,24.77,Cooper 3 DOOR D,Mini,1
Bangalore,2015,Diesel,Manual,First,19.64,1461.0,108.45,8.65,Duster 110PS Diesel RXZ Option,Renault,1
Chennai,2019,Diesel,Automatic,First,10.91,3198.0,197.0,35.5,Endeavour 3.2 Titanium AT 4X4,Ford,3
Delhi,2014,Petrol,Manual,First,14.28,1798.0,138.03,10.5,Corolla Altis GL MT,Toyota,2
Delhi,2018,Diesel,Manual,First,14.0,2179.0,155.0,13.0,XUV500 W7,Mahindra,2
Kolkata,2012,Diesel,Automatic,First,16.77,2993.0,261.49,26.5,7 Series 730Ld Design Pure Excellence CBU,BMW,4
Ahmedabad,2004,Petrol,Manual,Second,17.3,1061.0,64.0,1.4,Wagon R LX BSIII,Maruti,0
Kochi,2017,Petrol,Manual,First,17.8,1497.0,117.3,7.51,City i VTEC SV,Honda,1
Delhi,2014,Diesel,Manual,First,22.9,1248.0,74.0,4.3,Swift VDI,Maruti,0
Mumbai,2015,Petrol,Automatic,First,18.0,1497.0,117.3,8.95,City i-VTEC CVT VX,Honda,1
Kochi,2015,Diesel,Manual,First,20.77,1248.0,88.76,6.91,Ertiga VDI,Maruti,1
Coimbatore,2016,Diesel,Manual,First,19.01,1461.0,108.45,9.75,Duster 110PS Diesel RxZ,Renault,1
Jaipur,2010,Diesel,Manual,Second,19.3,1248.0,73.9,4.0,Swift Dzire VDi,Maruti,0
Hyderabad,2011,Diesel,Manual,First,23.2,1248.0,73.94,3.65,Ritz VDi,Maruti,0
Chennai,2013,Diesel,Manual,First,15.1,2179.0,140.0,10.75,XUV500 W8 4WD,Mahindra,2
Kochi,2015,Petrol,Manual,First,19.4,1198.0,86.8,4.51,Brio S MT,Honda,1
Coimbatore,2014,Diesel,Manual,First,21.02,1248.0,88.8,3.7,Manza Club Class Quadrajet90 LS,Tata,1
Hyderabad,2014,Diesel,Manual,First,12.8,2494.0,102.0,12.99,Innova 2.5 V Diesel 7-seater,Toyota,1
Delhi,2015,Petrol,Manual,First,18.6,1197.0,85.8,4.15,Swift VXI,Maruti,1
Kolkata,2012,Petrol,Manual,First,17.01,1591.0,121.3,4.4,Verna 1.6 EX VTVT,Hyundai,1
Kolkata,2015,Petrol,Manual,First,17.3,1497.0,117.3,4.25,Mobilio S i VTEC,Honda,1
Mumbai,2017,Petrol,Manual,First,18.0,1198.0,86.7,4.25,Amaze S i-Vtech,Honda,1
Jaipur,2017,Petrol,Automatic,First,18.0,1497.0,117.3,7.7,City i-VTEC CVT VX,Honda,1
Pune,2015,Diesel,Automatic,First,12.7,2179.0,187.7,39.75,Rover Range Rover 2.2L Dynamic,Land,3
Mumbai,2017,Petrol,Manual,First,17.4,1497.0,117.3,8.5,City i-VTEC V,Honda,1
Jaipur,2008,Petrol,Automatic,First,9.5,2997.0,231.1,7.0,E-Class 280 Elegance,Mercedes-Benz,4
Chennai,2002,Petrol,Manual,Third,13.8,1299.0,70.0,0.8,Ikon 1.3 Flair,Ford,0
Delhi,2013,Diesel,Manual,First,13.0,2982.0,168.5,15.25,Fortuner 4x2 Manual,Toyota,2
Hyderabad,2008,Petrol,Manual,First,19.0,998.0,66.1,2.25,A-Star Vxi,Maruti,0
Kolkata,2016,Diesel,Manual,First,14.07,1948.0,83.1,4.85,Sumo EX,Tata,1
Coimbatore,2012,Petrol,Automatic,Second,15.6,1497.0,116.3,6.42,City V AT,Honda,1
Chennai,2012,Diesel,Manual,Second,23.19,1461.0,63.12,2.5,Micra XV D,Nissan,0
Hyderabad,2011,Diesel,Automatic,First,19.08,1582.0,126.32,5.75,Verna SX CRDi AT,Hyundai,1
Pune,2003,Petrol,Manual,First,16.1,796.0,37.0,0.5,800 Std,Maruti,0
Coimbatore,2015,Diesel,Manual,First,15.1,2179.0,140.0,11.52,XUV500 W8 4WD,Mahindra,2
Delhi,2014,Diesel,Manual,First,21.5,1248.0,88.8,4.5,SX4 VDI,Maruti,1
Bangalore,2013,Petrol,Automatic,First,15.0,1396.0,98.6,4.75,i20 Sportz AT 1.4,Hyundai,1
Coimbatore,2019,Diesel,Manual,First,19.67,1582.0,126.2,13.54,Creta 1.6 CRDi SX,Hyundai,1
Kochi,2015,Diesel,Automatic,First,13.0,2143.0,201.1,23.41,E-Class E250 CDI Avantgrade,Mercedes-Benz,3
Hyderabad,2013,Diesel,Automatic,Second,12.55,2982.0,168.5,19.25,Fortuner 4x2 AT,Toyota,2
Ahmedabad,2015,Diesel,Automatic,First,9.0,1984.0,181.0,20.0,S60 D4 KINETIC,Volvo,3
Delhi,2011,Diesel,Automatic,First,14.21,2143.0,203.0,13.0,E-Class 2009-2013 E250 CDI Avantgarde,Mercedes-Benz,3
Chennai,2010,Petrol,Manual,First,10.2,2354.0,180.0,3.99,Accord 2.4 Elegance M/T,Honda,3
Pune,2015,Diesel,Manual,First,25.8,1498.0,98.6,4.65,Amaze S i-Dtech,Honda,1
Ahmedabad,2013,Diesel,Manual,First,28.4,1248.0,73.75,4.65,Dzire ZDI,Maruti,0
Kolkata,2013,Petrol,Manual,First,18.6,1197.0,85.8,3.15,Swift LXI,Maruti,1
Delhi,2013,Petrol,Automatic,First,14.53,1798.0,138.1,8.25,Corolla Altis G HV AT,Toyota,2
Bangalore,2012,Diesel,Automatic,Second,11.49,4367.0,335.3,65.0,Rover Range Rover Vogue SE 4.4 SDV8,Land,6
Chennai,2012,Diesel,Manual,First,22.9,1248.0,74.0,4.5,Swift VDI,Maruti,0
Kolkata,2017,Diesel,Manual,First,16.3,1956.0,170.0,17.5,Compass 2.0 Limited Option 4X4,Jeep,2
Mumbai,2016,Petrol,Manual,First,20.4,1197.0,81.8,4.31,Swift VXI BSIV,Maruti,1
Kochi,2016,Petrol,Manual,First,18.7,1199.0,88.7,6.2,Jazz 1.2 SV i VTEC,Honda,1
Chennai,2011,Diesel,Manual,First,23.59,1364.0,113.25304969366915,4.67,Etios GD,Toyota,1
Kochi,2011,Petrol,Manual,First,16.47,1198.0,73.9,3.32,Polo Petrol Trendline 1.2L,Volkswagen,0
Delhi,2011,Petrol,Automatic,First,12.9,1799.0,130.0,3.75,Civic 2006-2010 1.8 V AT,Honda,2
Bangalore,2013,Petrol,Manual,First,16.78,1496.0,88.73,4.7,Etios G SP,Toyota,1
Chennai,2016,Petrol,Manual,First,17.01,1591.0,121.3,6.5,Verna 1.6 SX VTVT,Hyundai,1
Hyderabad,2009,Diesel,Manual,First,12.8,2494.0,102.0,7.25,Innova 2.5 G4 Diesel 8-seater,Toyota,1
Coimbatore,2016,Diesel,Manual,First,22.7,1598.0,118.0,8.94,SX4 S Cross DDiS 320 Zeta,Maruti,1
Kolkata,2018,Petrol,Manual,First,19.0,1194.0,94.68,7.34,Freestyle Titanium Plus Petrol,Ford,1
Delhi,2016,Petrol,Manual,First,21.4,1197.0,83.1,6.9,Baleno Alpha 1.2,Maruti,1
Mumbai,2016,Petrol,Manual,First,18.2,1199.0,88.7,5.9,Jazz V,Honda,1
Pune,2013,Diesel,Automatic,First,22.32,1582.0,126.3,6.75,Verna 1.6 CRDi EX AT,Hyundai,1
Ahmedabad,2014,Diesel,Manual,First,25.8,1498.0,98.6,4.1,Amaze VX i-DTEC,Honda,1
Mumbai,2017,Diesel,Automatic,First,18.51,1968.0,147.51,27.0,Q3 30 TDI Premium FWD,Audi,2
Mumbai,2014,Petrol,Manual,First,15.0,1598.0,103.52,4.5,Rapid 2013-2016 1.6 MPI Ambition,Skoda,1
Kolkata,2013,Diesel,Automatic,First,17.11,1968.0,174.33,14.5,A4 2.0 TDI 177 Bhp Premium Plus,Audi,3
Jaipur,2014,Diesel,Manual,First,23.4,1248.0,74.0,5.25,Swift Dzire VDI,Maruti,0
Kolkata,2012,Diesel,Manual,Second,22.3,1248.0,74.0,1.2,Indica Vista Quadrajet LS,Tata,0
Jaipur,2006,Diesel,Manual,Second,12.99,2494.0,100.6,4.95,Innova 2.5 G (Diesel) 8 Seater,Toyota,1
Hyderabad,2013,Diesel,Manual,First,19.64,1461.0,108.45,7.5,Duster 110PS Diesel RxZ Plus,Renault,1
Kolkata,2015,Petrol,Automatic,First,10.0,2996.0,333.0,48.0,E-Class E400 Cabriolet,Mercedes-Benz,6
Delhi,2015,Diesel,Manual,First,25.8,1498.0,98.6,4.45,Amaze S i-Dtech,Honda,1
Coimbatore,2018,Diesel,Automatic,First,11.57,2987.0,254.79,59.65,GLE 350d,Mercedes-Benz,4
Kochi,2015,Diesel,Manual,First,23.2,1248.0,73.94,4.38,Ritz VDi,Maruti,0
Kochi,2016,Diesel,Manual,First,28.09,1248.0,88.5,7.9,Ciaz ZDi Plus SHVS,Maruti,1
Mumbai,2008,Diesel,Automatic,Second,18.48,1621.276449941501,113.25304969366915,10.5,5 Series 520d Sedan,BMW,1
Coimbatore,2018,Petrol,Automatic,First,21.4,1197.0,83.1,7.29,Baleno Delta CVT,Maruti,1
Hyderabad,2012,Diesel,Manual,First,23.5,1498.0,88.7,6.0,Fiesta Diesel Titanium Plus,Ford,1
Chennai,2011,Diesel,Manual,Third,16.0,2179.0,140.0,6.7,XUV500 W8 2WD,Mahindra,2
Jaipur,2009,Petrol,Manual,First,19.7,796.0,46.3,1.5,Alto LXi,Maruti,0
Kochi,2016,Diesel,Automatic,First,20.7,1496.0,113.98,23.8,Cooper 3 DOOR D,Mini,1
Kochi,2014,Diesel,Manual,First,15.1,2179.0,140.0,7.77,XUV500 W8 4WD,Mahindra,2
Coimbatore,2012,Petrol,Manual,First,17.92,1086.0,62.1,3.32,Santro Xing GLS,Hyundai,0
Kochi,2015,Diesel,Manual,First,22.9,1248.0,74.0,4.94,Swift VDI,Maruti,0
Delhi,2013,Diesel,Automatic,Second,20.0,2143.0,107.3,11.0,A Class A180 CDI,Mercedes-Benz,1
Hyderabad,2016,Petrol,Manual,First,25.17,799.0,53.3,3.4,KWID RXT,Renault,0
Kochi,2013,Diesel,Manual,First,22.9,1248.0,74.0,4.17,Swift VDI,Maruti,0
Hyderabad,2005,Petrol,Manual,Second,17.3,993.0,60.0,1.25,Zen LXI,Maruti,0
Mumbai,2016,Petrol,Automatic,First,18.9,1197.0,82.0,5.45,Grand i10 Magna AT,Hyundai,1
Jaipur,2012,Diesel,Manual,First,21.12,1248.0,88.8,2.59,Manza Aura Quadrajet BS IV,Tata,1
Pune,2015,Diesel,Manual,First,16.0,2179.0,140.0,12.01,XUV500 W10 AWD,Mahindra,2
Delhi,2010,Petrol,Manual,Second,17.5,1197.0,85.8,2.45,Swift Dzire 1.2 Vxi BSIV,Maruti,1
Bangalore,2015,Diesel,Automatic,First,15.73,1968.0,174.33,29.0,Q3 35 TDI Quattro Premium Plus,Audi,3
Hyderabad,2008,Diesel,Manual,Second,17.8,1399.0,113.25304969366915,2.4,Fiesta 1.4 SXi TDCi,Ford,1
Hyderabad,2010,Diesel,Automatic,First,14.84,2143.0,170.0,11.99,New C-Class C 220 CDI Elegance AT,Mercedes-Benz,2
Delhi,2015,Petrol,Automatic,First,18.0,1497.0,117.3,7.9,City i VTEC CVT VX,Honda,1
Pune,2010,Diesel,Manual,Third,12.8,2494.0,102.0,6.25,Innova 2.5 GX 7 STR,Toyota,1
Pune,2011,Petrol,Manual,Second,18.6,1199.0,79.4,1.8,Beat LT,Chevrolet,0
Mumbai,2015,Petrol,Manual,First,18.7,1199.0,88.7,4.9,Jazz 1.2 S i VTEC,Honda,1
Jaipur,2010,Petrol,Manual,First,18.06,1198.0,75.0,2.25,Micra XL Primo,Nissan,0
Coimbatore,2017,Petrol,Automatic,First,19.12,1373.0,91.1,8.89,Ciaz AT ZXi,Maruti,1
Mumbai,2012,Diesel,Automatic,First,12.55,2982.0,168.5,15.0,Fortuner 4x2 AT,Toyota,2
Kolkata,2018,Diesel,Manual,First,26.1,1498.0,99.0,5.65,Aspire Ambiente Diesel,Ford,1
Jaipur,2014,Diesel,Manual,First,20.77,1248.0,88.8,7.0,Ertiga ZDI,Maruti,1
Hyderabad,2016,Petrol,Manual,First,22.74,796.0,47.3,2.95,Alto 800 LXI,Maruti,0
Chennai,2013,Petrol,Manual,First,19.4,1198.0,86.8,3.3,Brio V MT,Honda,1
Hyderabad,2010,Diesel,Manual,Second,16.2,1493.0,110.0,3.5,Verna Transform CRDi VGT SX ABS,Hyundai,1
Jaipur,2007,Petrol,Manual,First,12.8,1493.0,100.0,2.3,City 1.5 GXI,Honda,1
Coimbatore,2017,Diesel,Manual,First,19.67,1582.0,126.2,13.69,Creta 1.6 CRDi SX,Hyundai,1
Delhi,2013,Diesel,Manual,First,23.59,1364.0,67.06,3.1,Etios Liva GD,Toyota,0
Mumbai,2014,Petrol,Manual,First,13.44,2359.0,198.25,12.75,Sonata Transform 2.4 GDi MT,Hyundai,3
Pune,2017,Diesel,Manual,First,19.67,1582.0,126.2,13.75,Creta 1.6 CRDi SX Option,Hyundai,1
Chennai,2017,Petrol,Manual,First,18.7,1199.0,88.7,6.75,Jazz 1.2 SV i VTEC,Honda,1
Chennai,2014,Diesel,Manual,First,20.54,1598.0,103.6,5.25,Vento Diesel Comfortline,Volkswagen,1
Mumbai,2015,Diesel,Manual,First,16.0,2179.0,140.0,8.75,XUV500 W6 2WD,Mahindra,2
Kochi,2017,Diesel,Manual,First,18.49,1493.0,100.0,8.87,TUV 300 2015-2019 T8,Mahindra,1
Bangalore,2010,Petrol,Automatic,Second,11.1,2354.0,142.0,6.5,Accord 2001-2003 2.3 VTi L AT,Honda,2
Pune,2012,Diesel,Manual,First,20.77,1248.0,88.76,4.5,Ertiga VDI,Maruti,1
Hyderabad,2012,Diesel,Manual,First,12.83,2696.0,162.0,12.5,Ssangyong Rexton RX5,Mahindra,2
Delhi,2014,Diesel,Automatic,First,12.55,2982.0,168.5,16.8,Fortuner 4x2 AT,Toyota,2
Hyderabad,2016,Diesel,Manual,First,20.77,1248.0,88.8,8.75,Ertiga ZDI,Maruti,1
Pune,2013,Diesel,Automatic,First,19.5,1582.0,126.24,8.5,Elantra CRDi SX AT,Hyundai,1
Kolkata,2011,Petrol,Manual,First,20.36,1197.0,78.9,2.21,i10 Magna 1.2,Hyundai,0
Jaipur,2012,Petrol,Manual,First,16.8,796.0,34.2,1.6,Omni MPI STD BSIV,Maruti,0
Delhi,2016,Petrol,Automatic,First,15.5,1198.0,86.7,6.25,Amaze VX AT i-Vtech,Honda,1
Mumbai,2007,Petrol,Automatic,Second,12.9,1799.0,130.0,2.25,Civic 2006-2010 1.8 V AT,Honda,2
Kochi,2019,Diesel,Automatic,First,17.9,2143.0,136.0,25.75,CLA 200 CDI Sport,Mercedes-Benz,2
Ahmedabad,2010,Petrol,Manual,Second,13.14,1798.0,157.8,6.75,Superb 1.8 TFSI MT,Skoda,2
Ahmedabad,2015,Diesel,Manual,First,28.09,1248.0,88.5,6.25,Ciaz ZDi Plus SHVS,Maruti,1
Delhi,2013,Diesel,Manual,First,22.7,1498.0,89.84,5.1,Ecosport 1.5 DV5 MT Titanium Optional,Ford,1
Mumbai,2009,Diesel,Automatic,Second,8.7,2987.0,224.34,10.75,M-Class ML 320 CDI,Mercedes-Benz,4
Hyderabad,2016,Diesel,Manual,First,24.0,1120.0,70.0,5.7,Grand i10 CRDi Sportz,Hyundai,0
Bangalore,2013,Diesel,Manual,First,20.5,1598.0,105.0,5.95,Vento Diesel Breeze,Volkswagen,1
Kochi,2012,Diesel,Manual,First,25.44,936.0,56.3,2.4,Beat Diesel LT,Chevrolet,0
Mumbai,2013,Diesel,Manual,First,17.21,1493.0,100.0,3.49,Quanto C6,Mahindra,1
Hyderabad,2011,Petrol,Automatic,First,19.2,1197.0,80.0,4.0,i10 Asta 1.2 AT with Sunroof,Hyundai,0
Delhi,2013,Diesel,Manual,First,23.59,1364.0,67.04,3.85,Etios Liva 1.4 GD,Toyota,0
Mumbai,2010,Petrol,Automatic,First,14.53,1794.0,138.1,3.95,Corolla Altis 2008-2013 1.8 VL AT,Toyota,2
Jaipur,2013,Petrol,Manual,Second,20.36,1197.0,78.9,3.0,i10 Magna 1.2,Hyundai,0
Kochi,2018,Petrol,Manual,First,18.16,1196.0,86.8,6.7,Figo Aspire 1.2 Ti-VCT Titanium,Ford,1
Coimbatore,2016,Petrol,Manual,First,18.5,1197.0,85.8,6.14,Ritz ZXi,Maruti,1
Bangalore,2012,Petrol,Automatic,Second,15.0,1396.0,98.6,4.4,i20 Sportz AT 1.4,Hyundai,1
Pune,2017,Diesel,Manual,First,26.59,1248.0,74.0,4.25,Swift Dzire LDI,Maruti,0
Kochi,2010,Petrol,Automatic,First,8.77,4395.0,402.0,25.93,7 Series 2007-2012 750Li,BMW,7
Kolkata,2016,Diesel,Manual,First,22.7,1598.0,118.0,7.0,S Cross DDiS 320 Alpha,Maruti,1
Coimbatore,2017,Diesel,Automatic,First,12.55,2982.0,168.5,25.12,Fortuner 4x4 AT,Toyota,2
Kochi,2017,Petrol,Manual,First,20.3,998.0,68.05,4.45,EON 1.0 Magna Plus Option O,Hyundai,0
Kolkata,2011,Diesel,Manual,First,21.9,1396.0,90.0,2.4,i20 1.4 CRDi Magna,Hyundai,1
Pune,2012,Diesel,Manual,Second,20.54,1598.0,103.6,4.33,Vento Diesel Highline,Volkswagen,1
Coimbatore,2017,Petrol,Automatic,First,18.5,1197.0,83.14,6.93,Swift Dzire VXi AT,Maruti,1
Ahmedabad,2014,Diesel,Manual,First,21.9,1396.0,90.0,4.25,i20 Magna 1.4 CRDi,Hyundai,1
Pune,2010,Diesel,Automatic,First,14.21,2143.0,203.0,12.5,E-Class 2009-2013 E250 CDI Blue Efficiency,Mercedes-Benz,3
Chennai,2015,Petrol,Manual,First,18.9,1197.0,82.0,4.9,Grand i10 Sportz,Hyundai,1
Mumbai,2014,Diesel,Manual,First,23.0,1396.0,90.0,4.5,i20 1.4 CRDi Sportz,Hyundai,1
Jaipur,2016,Petrol,Manual,First,25.17,799.0,53.3,3.0,KWID RXT,Renault,0
Chennai,2015,Petrol,Automatic,First,16.9,1197.0,82.0,5.8,Xcent 1.2 Kappa AT SX Option,Hyundai,1
Pune,2011,Petrol,Manual,First,15.04,1598.0,103.6,3.33,Vento Petrol Highline,Volkswagen,1
Kochi,2015,Diesel,Automatic,First,14.39,1998.0,163.7,6.62,Cruze LTZ AT,Chevrolet,2
Mumbai,2015,Diesel,Manual,Second,19.01,1461.0,108.5,5.75,Terrano XL 110 PS,Nissan,1
Hyderabad,2012,Diesel,Manual,First,22.32,1582.0,126.32,6.2,Verna 1.6 SX,Hyundai,1
Chennai,2015,Petrol,Automatic,First,23.1,998.0,67.04,3.5,Celerio VXI AMT,Maruti,0
Pune,2010,Petrol,Manual,First,18.9,998.0,67.1,2.0,Wagon R LXI,Maruti,0
Chennai,2012,Diesel,Manual,First,21.9,1396.0,88.8,4.0,i20 Magna Optional 1.4 CRDi,Hyundai,1
Mumbai,2011,Petrol,Automatic,First,12.3,1781.0,163.2,9.5,A4 1.8 TFSI,Audi,2
Mumbai,2013,Diesel,Automatic,First,17.05,1995.0,184.0,17.5,X1 sDrive20d,BMW,3
Mumbai,2015,Petrol,Automatic,First,14.3,1598.0,103.52,6.11,Rapid 1.6 MPI AT Elegance Plus,Skoda,1
Ahmedabad,2014,Petrol,Manual,First,20.36,1197.0,78.9,3.75,i10 Magna,Hyundai,0
Hyderabad,2007,Diesel,Manual,Second,10.5,2835.0,107.2,6.2,Pajero 2.8 GLX CRZ,Mitsubishi,1
Mumbai,2014,Diesel,Manual,First,26.0,1498.0,98.6,6.15,City i DTEC SV,Honda,1
Pune,2012,Petrol,Manual,First,20.92,998.0,67.1,2.4,Alto K10 2010-2014 VXI,Maruti,0
Pune,2009,Diesel,Manual,Fourth & Above,17.8,1248.0,75.0,2.15,Swift Ldi BSIII,Maruti,0
Kolkata,2016,Petrol,Manual,First,18.9,1197.0,82.0,3.75,Grand i10 Magna,Hyundai,1
Mumbai,2011,Petrol,Manual,Second,15.6,1196.0,70.0,2.15,Figo Petrol ZXI,Ford,0
Bangalore,2015,Petrol,Manual,First,18.9,1197.0,81.86,4.75,Grand i10 SportZ Edition,Hyundai,1
Mumbai,2010,Petrol,Manual,First,15.5,1586.0,103.3,2.45,SX4 Vxi BSIV,Maruti,1
Mumbai,2017,Petrol,Manual,First,17.4,1497.0,117.3,11.15,City i-VTEC VX,Honda,1
Jaipur,2016,Diesel,Automatic,First,19.6,1461.0,108.45,8.9,Duster 110PS Diesel RxZ AMT,Renault,1
Ahmedabad,2014,Diesel,Manual,First,25.8,1498.0,98.6,4.35,Amaze S i-Dtech,Honda,1
Jaipur,2015,Diesel,Manual,Second,12.99,2494.0,100.6,12.0,Innova 2.5 Z Diesel 7 Seater,Toyota,1
Mumbai,2009,Diesel,Automatic,Second,16.07,1995.0,181.0,8.5,3 Series 320d Highline,BMW,3
Kochi,2017,Petrol,Manual,First,19.81,1086.0,68.05,4.27,i10 Magna 1.1 iTech SE,Hyundai,0
Jaipur,2012,Diesel,Manual,Second,20.45,1461.0,83.8,4.25,Duster 85PS Diesel RxL Optional with Nav,Renault,1
Bangalore,2010,Petrol,Automatic,First,11.3,2360.0,170.0,9.25,Outlander 2.4,Mitsubishi,2
Kochi,2017,Diesel,Manual,First,24.3,1248.0,88.5,8.61,Vitara Brezza LDi,Maruti,1
Hyderabad,2010,Diesel,Automatic,First,11.8,2987.0,261.0,28.0,R-Class R350 CDI 4MATIC,Mercedes-Benz,4
Coimbatore,2018,Diesel,Manual,First,23.0,1498.0,98.96,9.25,EcoSport 1.5 Diesel Titanium,Ford,1
Chennai,2016,Diesel,Automatic,First,19.08,1582.0,126.2,8.6,Verna 1.6 CRDI AT SX Option,Hyundai,1
Coimbatore,2018,Petrol,Manual,First,16.47,1198.0,74.0,7.53,Polo 1.2 MPI Highline,Volkswagen,0
Mumbai,2014,Diesel,Manual,First,19.64,1461.0,108.45,5.75,Duster 110PS Diesel RxL,Renault,1
Chennai,2012,Petrol,Automatic,First,16.5,1198.0,86.8,4.15,Brio S Option AT,Honda,1
Coimbatore,2017,Petrol,Manual,First,18.16,1196.0,86.8,5.84,Figo 2015-2019 1.2P Titanium MT,Ford,1
Kolkata,2012,Diesel,Automatic,First,18.53,1968.0,187.74,16.5,A6 2.0 TDI Design Edition,Audi,3
Mumbai,2015,Diesel,Automatic,First,15.97,2993.0,258.0,43.0,X5 2014-2019 xDrive 30d Design Pure Experience 7 Seater,BMW,4
Pune,2013,Petrol,Manual,First,20.36,1197.0,78.9,3.55,i10 Sportz Option,Hyundai,0
Hyderabad,2018,Petrol,Manual,First,18.6,1197.0,81.83,8.9,i20 1.2 Asta Option,Hyundai,1
Hyderabad,2006,Diesel,Manual,Second,16.4,1896.0,90.0,2.5,Octavia L and K 1.9 TDI MT,Skoda,1
Hyderabad,2010,Diesel,Manual,First,16.2,1493.0,110.0,3.85,Verna Transform SX VGT CRDi,Hyundai,1
Chennai,2012,Petrol,Automatic,Third,17.1,1591.0,121.4,7.5,Verna 1.6 SX VTVT (O) AT,Hyundai,1
Mumbai,2005,Petrol,Manual,Second,15.3,1341.0,61.0,1.8,Getz GVS,Hyundai,0
Chennai,2010,Diesel,Manual,First,20.0,1399.0,68.0,2.25,Figo Diesel EXI,Ford,0
Mumbai,2015,Diesel,Automatic,First,17.68,1968.0,174.33,24.25,A6 2011-2015 35 TDI Technology,Audi,3
Mumbai,2015,Petrol,Manual,First,16.47,1198.0,74.0,4.35,Polo 1.2 MPI Highline,Volkswagen,0
Kolkata,2012,Diesel,Automatic,First,17.05,1995.0,184.0,11.5,X1 sDrive20d,BMW,3
Kolkata,2014,Petrol,Manual,First,17.4,1497.0,117.3,4.75,City i VTEC SV,Honda,1
Hyderabad,2012,Diesel,Manual,First,23.0,1396.0,90.0,4.99,i20 Sportz Option Diesel,Hyundai,1
Coimbatore,2018,Petrol,Automatic,First,19.0,1199.0,88.7,9.15,Jazz 1.2 V CVT i VTEC,Honda,1
Jaipur,2006,Petrol,Manual,Fourth & Above,16.1,1621.276449941501,113.25304969366915,2.35,Swift 1.3 VXi,Maruti,1
Hyderabad,2014,Petrol,Automatic,First,10.1,2354.0,152.0,13.99,CR-V 2.4 AT,Honda,2
Bangalore,2014,Diesel,Automatic,Second,20.0,2143.0,107.3,19.75,A Class A180 CDI,Mercedes-Benz,1
Coimbatore,2018,Diesel,Automatic,First,16.0,2179.0,140.0,16.77,XUV500 AT W10 AWD,Mahindra,2
Bangalore,2006,Diesel,Manual,Third,13.6,2523.0,63.0,2.5,Bolero SLX 2WD,Mahindra,0
Mumbai,2013,Petrol,Automatic,First,17.97,1498.0,99.6,3.65,Scala RxL AT,Renault,1
Ahmedabad,2012,Diesel,Automatic,Second,12.35,2179.0,187.74,23.5,Rover Freelander 2 HSE SD4,Land,3
Pune,2017,Petrol,Manual,First,22.74,796.0,47.3,3.11,Alto 800 VXI,Maruti,0
Kochi,2013,Petrol,Manual,First,17.6,1496.0,88.73,4.57,Etios G,Toyota,1
Mumbai,2014,Petrol,Manual,First,17.0,1197.0,80.0,5.32,i20 Sportz Option,Hyundai,0
Hyderabad,2012,Petrol,Manual,First,20.36,1197.0,78.9,3.2,i10 Sportz,Hyundai,0
Kochi,2016,Diesel,Manual,First,25.2,1248.0,74.0,5.63,Swift VDI BSIV,Maruti,0
Hyderabad,2015,Petrol,Manual,First,21.1,814.0,55.2,3.0,EON Magna Plus,Hyundai,0
Mumbai,2010,Diesel,Automatic,Second,22.69,1995.0,190.0,9.25,3 Series 320d,BMW,3
Delhi,2011,Diesel,Manual,First,23.57,1396.0,70.0,1.2,Indigo XL Classic Dicor,Tata,0
Delhi,2015,Petrol,Manual,First,22.74,796.0,47.3,2.15,Alto 800 LXI,Maruti,0
Pune,2010,Diesel,Manual,First,22.07,1199.0,73.9,3.05,Polo Diesel Highline 1.2L,Volkswagen,0
Ahmedabad,2014,Petrol,Automatic,First,14.28,1798.0,138.03,11.5,Corolla Altis VL AT,Toyota,2
Hyderabad,2008,Petrol,Manual,First,17.92,1086.0,62.1,2.3,Santro Xing GLS,Hyundai,0
Kolkata,2016,Petrol,Manual,First,20.4,1197.0,81.8,4.95,Swift ZXI,Maruti,1
Hyderabad,2013,Diesel,Manual,First,21.64,1461.0,84.8,4.75,Scala Diesel RxL,Renault,1
Coimbatore,2018,Diesel,Manual,First,24.3,1248.0,88.5,10.15,Vitara Brezza ZDi Plus,Maruti,1
Kolkata,2011,Petrol,Manual,First,18.06,1198.0,75.0,2.65,Micra XV,Nissan,0
Hyderabad,2015,Diesel,Manual,First,20.0,1399.0,68.05,3.8,Figo Diesel EXI,Ford,0
Kochi,2017,Petrol,Automatic,First,13.1,1997.0,141.1,16.68,CR-V 2.0 AT,Honda,2
Pune,2014,Diesel,Manual,First,19.01,1461.0,108.5,5.0,Terrano XV 110 PS,Nissan,1
Chennai,2011,Petrol,Manual,Second,17.71,1197.0,78.9,3.75,Etios Liva 1.2 G,Toyota,0
Jaipur,2013,Diesel,Manual,Third,21.27,1396.0,88.76,4.11,i20 Asta 1.4 CRDi,Hyundai,1
Chennai,2015,Petrol,Manual,Second,18.16,1196.0,86.8,4.25,Figo Aspire 1.2 Ti-VCT Ambiente,Ford,1
Mumbai,2004,Diesel,Manual,First,10.5,2835.0,107.2,3.45,Pajero 2.8 GLX CRZ,Mitsubishi,1
Bangalore,2014,Diesel,Automatic,First,17.11,1968.0,174.33,22.5,A4 2.0 TDI 177 Bhp Premium Plus,Audi,3
Delhi,2006,Petrol,Manual,First,12.4,1998.0,132.0,4.5,Innova 2.0 E,Toyota,2
Jaipur,2007,Petrol,Manual,First,15.26,1150.0,74.9,0.9,Aveo U-VA 1.2 LS,Chevrolet,0
Hyderabad,2006,Petrol,Manual,First,15.3,1341.0,83.0,1.85,Getz GLS,Hyundai,1
Kolkata,2013,Diesel,Manual,First,25.8,1498.0,98.6,3.25,Amaze S i-Dtech,Honda,1
Pune,2010,Diesel,Manual,Second,17.8,1248.0,113.25304969366915,3.1,Swift VDI BSIV W ABS,Maruti,1
Coimbatore,2014,Diesel,Manual,First,22.7,1498.0,89.84,7.34,Ecosport 1.5 DV5 MT Titanium Optional,Ford,1
Kolkata,2015,Diesel,Manual,First,20.14,1498.0,88.5,4.25,CrossPolo 1.5 TDI,Volkswagen,1
Delhi,2016,Petrol,Manual,First,18.6,1197.0,81.86,6.45,Elite i20 Petrol Sportz,Hyundai,1
Chennai,2011,Diesel,Manual,Second,12.8,2494.0,102.0,10.75,Innova 2.5 V Diesel 8-seater,Toyota,1
Kolkata,2015,Diesel,Automatic,First,15.26,2143.0,203.2,27.75,M-Class ML 250 CDI,Mercedes-Benz,3
Jaipur,2005,Petrol,Manual,Second,17.3,1061.0,64.0,0.99,Wagon R LX BSIII,Maruti,0
Pune,2016,Diesel,Automatic,First,12.62,2198.0,158.0,24.0,Endeavour 2.2 Trend AT 4X2,Ford,2
Jaipur,2016,Petrol,Manual,First,18.6,1197.0,81.86,6.1,Elite i20 Petrol Sportz,Hyundai,1
Ahmedabad,2017,Petrol,Manual,First,17.5,1199.0,88.7,8.25,WRV i-VTEC VX,Honda,1
Bangalore,2013,Petrol,Manual,First,16.47,1198.0,73.9,4.65,Polo Petrol Highline 1.2L,Volkswagen,0
Mumbai,2014,Petrol,Manual,First,13.7,1997.0,153.86,9.75,CR-V 2.0L 2WD MT,Honda,2
Bangalore,2014,Petrol,Manual,First,18.9,1197.0,81.86,4.4,Grand i10 1.2 Kappa Asta,Hyundai,1
Kolkata,2014,Petrol,Manual,First,19.1,1197.0,85.8,3.99,Swift Dzire VXI,Maruti,1
Coimbatore,2016,Diesel,Automatic,First,16.2,2993.0,258.0,45.73,5 Series 2003-2012 530d,BMW,4
Kochi,2014,Diesel,Manual,First,22.7,1498.0,89.84,5.27,Ecosport 1.5 DV5 MT Ambiente,Ford,1
Ahmedabad,2016,Diesel,Manual,First,26.0,1498.0,98.6,7.25,City i DTec V,Honda,1
Chennai,2008,Diesel,Manual,Second,17.0,1405.0,70.0,1.6,Indigo LS,Tata,0
Pune,2014,Diesel,Manual,Second,19.01,1461.0,108.45,6.0,Duster 110PS Diesel RxL,Renault,1
Chennai,2010,Petrol,Manual,First,20.36,1197.0,78.9,3.0,i10 Sportz,Hyundai,0
Mumbai,2015,Petrol,Manual,First,18.7,1199.0,88.7,4.95,Jazz 1.2 SV i VTEC,Honda,1
Hyderabad,2016,Diesel,Manual,First,23.65,1248.0,88.5,8.99,SX4 S Cross DDiS 200 Zeta,Maruti,1
Mumbai,2007,Petrol,Manual,Third,11.9,2354.0,144.0,1.85,Accord VTi-L MT,Honda,2
Coimbatore,2016,Petrol,Manual,First,16.47,1198.0,73.9,6.16,Polo Petrol Comfortline 1.2L,Volkswagen,0
Hyderabad,2010,Diesel,Manual,First,21.1,1248.0,73.9,3.5,Ritz VDi,Maruti,0
Jaipur,2014,Petrol,Manual,First,19.5,1199.0,88.76,4.5,Amaze S Petrol,Honda,1
Hyderabad,2017,Petrol,Manual,First,18.6,1197.0,81.83,7.75,i20 1.2 Asta Option,Hyundai,1
Hyderabad,2014,Diesel,Manual,First,20.45,1461.0,83.8,6.6,Duster 85PS Diesel RxL,Renault,1
Kochi,2014,Petrol,Manual,First,18.9,1197.0,82.0,4.98,Grand i10 Magna,Hyundai,1
Chennai,2008,Diesel,Automatic,Third,16.07,1995.0,181.0,9.75,3 Series 320d Highline,BMW,3
Mumbai,2014,Diesel,Manual,First,22.7,1498.0,89.84,5.55,Ecosport 1.5 DV5 MT Trend,Ford,1
Hyderabad,2016,Diesel,Automatic,First,21.5,1498.0,108.5,10.3,Vento 1.5 TDI Highline AT,Volkswagen,1
Chennai,2011,Petrol,Automatic,Second,11.7,2354.0,177.6,7.5,Accord 2.4 AT,Honda,3
Hyderabad,2008,Petrol,Manual,First,14.49,1399.0,92.7,1.8,Aveo 1.4,Chevrolet,1
Hyderabad,2017,Petrol,Manual,First,16.2,1199.0,74.0,6.25,Polo 1.2 MPI Highline Plus,Volkswagen,0
Hyderabad,2015,Diesel,Manual,Second,14.95,2489.0,93.7,6.8,Xylo D4 BS III,Mahindra,1
Hyderabad,2009,Petrol,Automatic,First,19.2,1197.0,80.0,3.0,i10 Magna AT,Hyundai,0
Coimbatore,2015,Diesel,Manual,First,15.1,2179.0,140.0,11.6,XUV500 W8 4WD,Mahindra,2
Mumbai,2013,Diesel,Manual,Second,22.7,1582.0,126.24,6.95,Elantra CRDi SX,Hyundai,1
Mumbai,2010,Petrol,Manual,Third,14.3,1798.0,160.0,3.5,Passat 1.8 TSI MT,Volkswagen,2
Coimbatore,2014,Petrol,Manual,First,18.9,1197.0,81.86,5.5,Grand i10 1.2 Kappa Sportz,Hyundai,1
Mumbai,2015,Petrol,Manual,First,18.6,1197.0,81.83,5.65,i20 Asta Option 1.2,Hyundai,1
Ahmedabad,2013,Diesel,Manual,First,18.2,1248.0,73.8,3.25,Enjoy TCDi LS 8 Seater,Chevrolet,0
Coimbatore,2015,Petrol,Automatic,First,14.3,1598.0,103.6,7.72,Rapid 1.6 MPI AT Ambition Plus Alloy,Skoda,1
Pune,2016,Diesel,Manual,First,19.67,1582.0,126.2,12.0,Creta 1.6 CRDi SX,Hyundai,1
Jaipur,2013,Diesel,Manual,First,25.44,936.0,57.6,1.55,Beat Diesel PS,Chevrolet,0
Delhi,2011,Diesel,Manual,First,11.5,2982.0,171.0,10.75,Fortuner 3.0 Diesel,Toyota,2
Coimbatore,2016,Petrol,Manual,First,18.6,1197.0,81.83,6.72,i20 Sportz Option 1.2,Hyundai,1
Coimbatore,2012,Diesel,Automatic,First,12.07,2967.0,241.4,28.55,Q7 3.0 TDI quattro,Audi,4
Bangalore,2013,Diesel,Automatic,Second,17.85,2967.0,300.0,75.0,Panamera Diesel,Porsche,5
Hyderabad,2016,Petrol,Manual,First,17.8,1497.0,117.3,10.49,City i VTEC VX,Honda,1
Hyderabad,2012,Diesel,Manual,First,17.21,1493.0,100.0,3.8,Quanto C4,Mahindra,1
Ahmedabad,2012,Diesel,Automatic,First,16.55,1968.0,140.0,18.5,A4 2.0 TDI Multitronic,Audi,2
Kolkata,2013,Petrol,Automatic,First,12.37,2359.0,198.25,6.0,Sonata Transform 2.4 GDi AT,Hyundai,3
Hyderabad,2012,Diesel,Manual,First,22.32,1582.0,126.32,5.5,Verna 1.6 SX,Hyundai,1
Pune,2010,Petrol,Manual,First,18.9,998.0,67.1,2.3,Wagon R LXI BS IV,Maruti,0
Jaipur,2016,Diesel,Manual,First,24.52,1248.0,88.5,8.7,Ertiga SHVS ZDI Plus,Maruti,1
Delhi,2015,Diesel,Manual,First,24.4,1120.0,71.01,4.95,Xcent 1.1 CRDi S Option,Hyundai,0
Jaipur,2012,Diesel,Manual,First,22.9,1248.0,74.0,4.25,Swift VDI,Maruti,0
Kochi,2017,Diesel,Manual,Second,16.0,2179.0,140.0,10.94,XUV500 W6 2WD,Mahindra,2
Delhi,2013,Diesel,Automatic,First,22.48,1995.0,190.0,21.26,5 Series 520d Luxury Line,BMW,3
Bangalore,2016,Petrol,Manual,Second,14.28,1798.0,138.03,11.5,Corolla Altis 1.8 G,Toyota,2
Pune,2015,Diesel,Manual,Second,22.54,1396.0,88.73,6.0,i20 Asta 1.4 CRDi,Hyundai,1
Hyderabad,2016,Petrol,Manual,First,18.15,1198.0,82.0,4.1,KUV 100 mFALCON G80 K2,Mahindra,1
Kolkata,2013,Petrol,Manual,First,24.7,796.0,47.3,2.01,Alto 800 2016-2019 LXI,Maruti,0
Hyderabad,2010,Petrol,Manual,First,15.7,1172.0,67.0,2.6,Punto EVO 1.2 Emotion,Fiat,0
Kolkata,2012,Petrol,Manual,First,18.9,998.0,67.1,2.35,Wagon R VXI BS IV,Maruti,0
Bangalore,2012,Diesel,Manual,Second,9.5,2835.0,118.6,9.15,Pajero 4X4 LHD,Mitsubishi,1
Chennai,2013,Petrol,Manual,First,19.4,1198.0,86.8,2.9,Brio EX MT,Honda,1
Coimbatore,2017,Diesel,Manual,Second,22.54,1396.0,88.73,9.18,i20 Asta Option 1.4 CRDi,Hyundai,1
Mumbai,2016,Petrol,Automatic,First,13.0,1591.0,121.3,11.45,Creta 1.6 SX Plus Petrol Automatic,Hyundai,1
Kochi,2017,Petrol,Manual,First,17.8,1198.0,86.7,5.53,Amaze S i-VTEC,Honda,1
Chennai,2016,Petrol,Manual,First,18.15,1198.0,82.0,3.75,KUV 100 mFALCON G80 K6 Plus,Mahindra,1
Pune,2018,Petrol,Automatic,First,18.0,1497.0,117.3,12.5,City i-VTEC CVT VX,Honda,1
Mumbai,2017,Diesel,Automatic,First,16.0,2179.0,140.0,15.5,XUV500 AT W10 FWD,Mahindra,2
Mumbai,2013,Diesel,Automatic,Second,14.84,2143.0,170.0,14.5,New C-Class 220 CDI AT,Mercedes-Benz,2
Coimbatore,2017,Diesel,Automatic,First,19.6,1461.0,108.45,12.46,Duster 110PS Diesel RxZ AMT,Renault,1
Bangalore,2014,Petrol,Manual,Second,16.47,1198.0,74.0,5.25,Polo 1.2 MPI Comfortline,Volkswagen,0
Delhi,2012,Diesel,Automatic,First,18.48,1621.276449941501,113.25304969366915,14.5,5 Series 520d Sedan,BMW,1
Bangalore,2009,Diesel,Automatic,Second,13.5,2987.0,282.0,25.0,S Class 2005 2013 S 350 CDI,Mercedes-Benz,5
Hyderabad,2012,Diesel,Automatic,First,12.9,2993.0,271.23,45.0,XJ 3.0L Premium Luxury,Jaguar,5
Jaipur,2015,Diesel,Manual,First,28.4,1248.0,74.0,5.1,Swift VDI,Maruti,0
Delhi,2014,Diesel,Manual,First,25.8,1498.0,98.6,3.5,Amaze S i-Dtech,Honda,1
Ahmedabad,2011,Diesel,Automatic,Second,16.07,1995.0,181.0,12.5,3 Series 320d Highline,BMW,3
Hyderabad,2012,Diesel,Manual,First,23.5,1396.0,88.7,5.55,Verna 1.4 EX,Hyundai,1
Delhi,2015,Diesel,Automatic,First,11.5,2982.0,169.0,19.48,Fortuner 4x2 4 Speed AT,Toyota,2
Ahmedabad,2012,Petrol,Manual,First,18.6,1197.0,85.8,3.91,Swift VXI,Maruti,1
Chennai,2010,Petrol,Manual,First,18.6,1199.0,79.4,2.19,Beat LS,Chevrolet,0
Coimbatore,2017,Petrol,Automatic,First,18.9,1197.0,82.0,6.89,Grand i10 Asta Option AT,Hyundai,1
Coimbatore,2011,Petrol,Manual,Second,15.6,1196.0,70.0,3.47,Figo Petrol ZXI,Ford,0
Mumbai,2008,Petrol,Automatic,Second,9.1,2349.0,113.25304969366915,3.25,Teana 230jM,Nissan,1
Pune,2010,Petrol,Manual,First,16.1,1298.0,88.2,2.85,Swift VXI BSIII,Maruti,1
Coimbatore,2016,Diesel,Automatic,First,17.11,1968.0,174.33,25.64,A4 35 TDI Premium,Audi,3
Kochi,2018,Petrol,Manual,First,16.8,1497.0,116.3,10.28,City V MT,Honda,1
Hyderabad,2015,Petrol,Manual,First,18.2,1199.0,88.7,6.3,Jazz V,Honda,1
Chennai,2014,Diesel,Manual,First,20.14,1498.0,88.8,4.75,Polo 1.5 TDI Highline,Volkswagen,1
Hyderabad,2013,Diesel,Manual,First,19.87,1461.0,83.14,5.8,Terrano XL D Option,Nissan,1
Hyderabad,2016,Diesel,Automatic,First,12.51,2179.0,187.7,44.5,Rover Discovery Sport SD4 HSE Luxury 7S,Land,3
Kochi,2014,Petrol,Manual,First,18.5,1197.0,82.9,4.65,i20 Magna Optional 1.2,Hyundai,1
Jaipur,2009,Petrol,Manual,First,17.0,1497.0,118.0,3.6,City 1.5 E MT,Honda,1
Hyderabad,2015,Diesel,Manual,First,16.0,2179.0,140.0,12.25,XUV500 W10 AWD,Mahindra,2
Jaipur,2017,Diesel,Manual,First,16.3,1956.0,170.0,20.0,Compass 2.0 Limited Option 4X4,Jeep,2
Jaipur,2017,Diesel,Manual,First,16.0,2179.0,140.0,16.0,XUV500 W10 AWD,Mahindra,2
Coimbatore,2011,Diesel,Automatic,Second,11.79,2179.0,120.0,6.21,Scorpio VLX 4WD AIRBAG AT BSIV,Mahindra,1
Kolkata,2016,Diesel,Manual,First,15.4,2179.0,120.0,9.75,Scorpio S6 Plus 7 Seater,Mahindra,1
Mumbai,2014,Petrol,Automatic,First,15.5,1198.0,86.7,4.45,Amaze S AT i-Vtech,Honda,1
Pune,2017,Diesel,Manual,First,25.6,1498.0,98.6,12.0,City i-DTEC ZX,Honda,1
Chennai,2008,Petrol,Manual,First,14.4,1396.0,65.0,0.8,Indigo GLE,Tata,0
Chennai,2018,Diesel,Manual,First,24.0,1186.0,73.97,5.95,Grand i10 1.2 CRDi Sportz,Hyundai,0
Kolkata,2014,Petrol,Manual,First,17.43,1396.0,105.5,5.25,Verna 1.4 CX VTVT,Hyundai,1
Coimbatore,2019,Diesel,Manual,First,13.68,2393.0,147.8,22.2,Innova Crysta 2.4 VX MT,Toyota,2
Jaipur,2012,Diesel,Automatic,First,17.05,1995.0,184.0,13.5,X1 sDrive20d,BMW,3
Chennai,2015,Diesel,Automatic,First,16.96,1968.0,138.03,13.5,Jetta 2013-2015 2.0L TDI Highline AT,Volkswagen,2
Delhi,2014,Diesel,Manual,First,20.0,1399.0,68.05,3.47,Figo Diesel ZXI,Ford,0
Ahmedabad,2013,Diesel,Automatic,Second,11.18,2696.0,184.0,9.5,Ssangyong Rexton RX7,Mahindra,3
Chennai,2011,Petrol,Manual,First,15.04,1598.0,103.6,4.8,Vento Petrol Highline,Volkswagen,1
Kochi,2016,Petrol,Manual,First,15.0,1598.0,103.52,6.54,Rapid 1.6 MPI Ambition With Alloy Wheel,Skoda,1
Delhi,2012,Petrol,Manual,First,16.47,1198.0,73.9,3.1,Polo Petrol Comfortline 1.2L,Volkswagen,0
Hyderabad,2015,Diesel,Manual,First,23.65,1248.0,88.5,7.99,S Cross DDiS 200 Delta,Maruti,1
Kolkata,2009,Petrol,Manual,Second,14.53,1798.0,138.1,3.3,Corolla Altis G,Toyota,2
Bangalore,2015,Diesel,Manual,First,20.77,1248.0,88.8,8.75,Ertiga ZDI,Maruti,1
Hyderabad,2013,Petrol,Automatic,First,19.2,1197.0,80.0,4.19,i10 Asta Sunroof AT,Hyundai,0
Kochi,2019,Diesel,Automatic,First,17.9,2143.0,136.0,30.77,CLA 200 CDI Sport,Mercedes-Benz,2
Jaipur,2006,Petrol,Manual,Second,16.9,1497.0,100.0,2.11,City ZX VTEC,Honda,1
Jaipur,2018,Petrol,Manual,First,18.15,1198.0,82.0,6.25,KUV 100 G80 K8,Mahindra,1
Delhi,2011,Diesel,Manual,First,11.5,2982.0,171.0,11.4,Fortuner 3.0 Diesel,Toyota,2
Bangalore,2011,Petrol,Manual,First,17.0,1497.0,118.0,5.2,City 1.5 V MT,Honda,1
Coimbatore,2017,Diesel,Automatic,First,18.53,1968.0,187.74,39.84,A6 35 TDI Matrix,Audi,3
Coimbatore,2013,Diesel,Manual,First,20.0,1399.0,68.05,4.45,Figo Diesel ZXI,Ford,0
Kolkata,2014,Diesel,Automatic,First,17.9,2143.0,136.0,19.5,GLA Class 200 CDI,Mercedes-Benz,2
Hyderabad,2007,Petrol,Manual,First,15.26,1150.0,74.9,1.75,Aveo U-VA 1.2 LS,Chevrolet,0
Hyderabad,2016,Diesel,Manual,First,25.83,1498.0,99.0,5.1,Figo 2015-2019 1.5D Titanium MT,Ford,1
Delhi,2013,Diesel,Automatic,First,22.7,1582.0,126.2,6.8,Elantra CRDi SX AT,Hyundai,1
Kolkata,2016,Petrol,Automatic,First,21.4,1197.0,83.1,5.74,Baleno Zeta CVT,Maruti,1
Hyderabad,2010,Petrol,Manual,First,16.1,1197.0,85.0,3.3,Swift LXi BSIV,Maruti,1
Hyderabad,2010,Diesel,Automatic,First,9.9,3498.0,271.72,32.0,CLS-Class 2006-2010 350 CDI,Mercedes-Benz,5
Ahmedabad,2016,Diesel,Automatic,First,21.76,1995.0,190.0,35.0,3 Series Luxury Line,BMW,3
Chennai,2017,Diesel,Automatic,First,28.4,1248.0,73.75,8.9,Dzire AMT ZDI Plus,Maruti,0
Mumbai,2011,Petrol,Manual,Second,17.01,1591.0,121.3,4.0,Verna 1.6 SX VTVT,Hyundai,1
Kochi,2018,Diesel,Manual,First,17.1,1956.0,170.0,19.46,Compass 2.0 Longitude,Jeep,2
Hyderabad,2009,Diesel,Automatic,First,11.4,1991.0,142.0,5.25,Sonata Embera 2.0L CRDi AT,Hyundai,2
Kolkata,2018,Diesel,Manual,First,21.5,1497.0,108.5,9.22,Nexon 1.5 Revotorq XZ Plus Dual Tone,Tata,1
Jaipur,2013,Petrol,Manual,First,21.1,814.0,55.2,1.8,EON Era Plus,Hyundai,0
Hyderabad,2005,Diesel,Manual,Second,13.5,1405.0,113.25304969366915,1.3,Indica DLS,Tata,1
Kochi,2015,Diesel,Automatic,First,14.69,2993.0,258.0,31.75,5 Series 2013-2017 530d M Sport,BMW,4
Delhi,2014,Diesel,Manual,First,20.77,1248.0,88.76,5.99,Ertiga VDI,Maruti,1
Kochi,2015,Petrol,Manual,First,18.0,1198.0,86.7,4.94,Amaze E i-Vtech,Honda,1
Jaipur,2007,Petrol,Manual,Third,16.6,1388.0,68.0,1.5,Fiesta 1.4 Duratec ZXI,Ford,0
Bangalore,2008,Petrol,Manual,Third,13.5,1799.0,130.0,3.25,Civic 2006-2010 1.8 V MT,Honda,2
Delhi,2014,Diesel,Manual,First,20.77,1248.0,88.8,6.5,Ertiga ZDI,Maruti,1
Delhi,2013,Diesel,Manual,First,24.0,1120.0,70.0,3.71,Grand i10 CRDi Sportz,Hyundai,0
Pune,2018,Petrol,Manual,First,20.14,1197.0,81.86,5.0,Xcent 1.2 VTVT E Plus,Hyundai,1
Ahmedabad,2008,Petrol,Manual,First,19.81,1086.0,68.05,1.99,i10 Era,Hyundai,0
Mumbai,2017,Petrol,Manual,First,18.0,1198.0,86.7,4.25,Amaze S i-Vtech,Honda,1
Ahmedabad,2009,Diesel,Automatic,First,12.4,2698.0,179.5,8.0,A6 2.7 TDI,Audi,3
Mumbai,2011,Petrol,Manual,First,20.36,1197.0,78.9,2.95,i10 Magna 1.2 iTech SE,Hyundai,0
Pune,2018,Petrol,Manual,First,25.17,799.0,53.3,3.5,KWID RXT Optional,Renault,0
Jaipur,2012,Diesel,Automatic,Second,15.2,1968.0,140.8,16.0,A4 New 2.0 TDI Multitronic,Audi,2
Jaipur,2015,Petrol,Manual,First,22.74,796.0,47.3,2.75,Alto 800 LXI Airbag,Maruti,0
Delhi,2015,Petrol,Manual,First,17.8,1497.0,117.3,6.95,City i VTEC VX Option,Honda,1
Delhi,2011,Petrol,Automatic,Second,11.74,1796.0,186.0,12.5,New C-Class C250 Avantgarde,Mercedes-Benz,3
Coimbatore,2017,Diesel,Automatic,First,13.22,2967.0,241.4,36.83,Q5 3.0 TDI Quattro Technology,Audi,4
Pune,2011,Petrol,Manual,First,16.2,1199.0,74.0,2.7,Polo 1.2 MPI Comfortline,Volkswagen,0
Mumbai,2017,Diesel,Manual,First,21.38,1396.0,88.7,9.9,Creta 1.4 E Plus Diesel,Hyundai,1
Kochi,2011,Petrol,Manual,First,17.0,1497.0,118.0,3.83,City 1.5 V MT,Honda,1
Coimbatore,2012,Petrol,Manual,First,17.0,1497.0,118.0,5.25,City 1.5 S MT,Honda,1
Kolkata,2016,Diesel,Manual,First,22.7,1598.0,118.0,7.75,S Cross DDiS 320 Alpha,Maruti,1
Mumbai,2010,Petrol,Manual,Second,16.51,1586.0,103.2,2.46,SX4 Vxi BSIV,Maruti,1
Kolkata,2014,Diesel,Manual,First,23.4,1248.0,74.0,3.96,Swift Dzire VDI,Maruti,0
Chennai,2015,Diesel,Manual,First,20.77,1248.0,88.8,8.25,Ertiga ZDI,Maruti,1
Coimbatore,2018,Petrol,Manual,First,18.6,1197.0,81.83,7.58,i20 1.2 Spotz,Hyundai,1
Hyderabad,2014,Diesel,Manual,First,24.0,1120.0,70.0,3.99,Grand i10 CRDi Magna,Hyundai,0
Delhi,2014,Petrol,Manual,First,17.4,1497.0,117.3,6.25,City i VTEC SV,Honda,1
Hyderabad,2013,Diesel,Manual,First,20.5,1598.0,103.5,5.0,Rapid 1.6 TDI Elegance,Skoda,1
Hyderabad,2005,Diesel,Automatic,Second,11.0,2987.0,198.5,4.65,E-Class E270 CDI,Mercedes-Benz,3
Coimbatore,2016,Diesel,Automatic,First,13.01,2199.0,194.3,21.37,Santa Fe 4WD AT,Hyundai,3
Hyderabad,2007,Petrol,Manual,First,19.7,796.0,46.3,1.75,Alto LXi,Maruti,0
Kolkata,2012,Diesel,Manual,First,24.8,1396.0,88.7,4.1,Verna 1.4 CRDi GL,Hyundai,1
Coimbatore,2015,Diesel,Manual,First,20.0,1399.0,68.0,3.56,Figo Diesel ZXI,Ford,0
Pune,2010,Petrol,Manual,Second,17.0,1497.0,118.0,4.21,City 1.5 S MT,Honda,1
Coimbatore,2016,Diesel,Manual,First,17.8,1248.0,113.25304969366915,6.86,Swift VDI BSIV W ABS,Maruti,1
Delhi,2015,Diesel,Manual,First,23.9,1582.0,126.2,6.6,Verna 1.6 CRDi S,Hyundai,1
Coimbatore,2018,Petrol,Automatic,First,13.0,1591.0,121.3,14.35,Creta 1.6 SX Plus Petrol Automatic,Hyundai,1
Hyderabad,2017,Diesel,Manual,First,22.7,1498.0,89.84,9.5,Ecosport 1.5 DV5 MT Titanium,Ford,1
Delhi,2011,Diesel,Automatic,First,11.2,2993.0,241.0,21.9,X6 xDrive30d,BMW,4
Coimbatore,2016,Diesel,Automatic,First,18.12,1995.0,190.0,30.45,5 Series 2013-2017 520d Luxury Line,BMW,3
Hyderabad,2016,Diesel,Manual,First,25.83,1498.0,99.0,5.1,Figo Aspire 1.5 TDCi Ambiente,Ford,1
Pune,2013,Petrol,Automatic,First,17.0,1591.0,121.3,5.44,Verna VTVT 1.6 AT EX,Hyundai,1
Jaipur,2010,Diesel,Manual,First,13.8,1399.0,68.0,1.6,Ikon 1.4 TDCi DuraTorq,Ford,0
Kochi,2014,Diesel,Automatic,First,17.68,1968.0,174.33,16.67,A6 2011-2015 2.0 TDI,Audi,3
Hyderabad,2010,Petrol,Manual,First,10.8,2354.0,113.25304969366915,9.5,CR-V Sport,Honda,1
Pune,2012,Petrol,Automatic,First,15.0,1396.0,98.6,3.85,i20 2015-2017 Sportz AT 1.4,Hyundai,1
Kochi,2011,Diesel,Manual,First,14.24,2755.0,174.5,10.64,Fortuner 2.8 4WD MT,Toyota,3
Bangalore,2016,Petrol,Manual,First,25.17,799.0,53.3,3.5,KWID RXT,Renault,0
Chennai,2008,Petrol,Manual,Third,18.0,995.0,62.0,1.1,Spark 1.0 LT,Chevrolet,0
Hyderabad,2011,Petrol,Manual,Second,16.2,1599.0,103.2,2.6,Verna Transform VTVT,Hyundai,1
Hyderabad,2012,Diesel,Automatic,First,18.88,1995.0,184.0,18.5,3 Series 320d Sport Line,BMW,3
Hyderabad,2015,Diesel,Manual,First,26.59,1248.0,74.0,7.95,Swift Dzire VDI,Maruti,0
Jaipur,2017,Diesel,Manual,First,25.4,1186.0,73.97,5.49,Xcent 1.2 CRDi E Plus,Hyundai,0
Mumbai,2017,Petrol,Automatic,First,19.0,1199.0,88.7,6.95,Jazz V CVT,Honda,1
Jaipur,2008,Diesel,Manual,First,17.0,1405.0,70.0,1.0,Indigo LS,Tata,0
Chennai,2013,Diesel,Manual,Second,17.8,1399.0,67.0,4.45,Fiesta Classic 1.4 Duratorq CLXI,Ford,0
Kolkata,2016,Diesel,Manual,First,25.1,1248.0,88.5,6.99,S-Cross Alpha DDiS 200 SH,Maruti,1
Coimbatore,2008,Petrol,Manual,First,15.6,1586.0,104.68,3.51,SX4 Zxi with Leather BSIII,Maruti,1
Kochi,2018,Petrol,Automatic,First,21.4,1197.0,83.1,7.54,Baleno Zeta Automatic,Maruti,1
Bangalore,2016,Diesel,Manual,First,23.2,1248.0,73.94,3.65,Ritz LDi,Maruti,0
Ahmedabad,2016,Diesel,Automatic,First,19.5,1582.0,126.24,16.0,Elantra CRDi SX AT,Hyundai,1
Kolkata,2012,Petrol,Manual,First,16.2,995.0,62.1,1.4,Spark 1.0 LT,Chevrolet,0
Mumbai,2017,Petrol,Manual,First,18.6,1197.0,81.83,6.45,i20 1.2 Spotz,Hyundai,1
Hyderabad,2016,Diesel,Manual,First,24.4,1120.0,71.0,4.4,Xcent 1.1 CRDi Base,Hyundai,0
Delhi,2015,Petrol,Automatic,First,19.0,1199.0,88.7,5.95,Jazz 1.2 V CVT i VTEC,Honda,1
Ahmedabad,2013,Petrol,Manual,First,19.4,1198.0,86.8,3.9,Brio S MT,Honda,1
Coimbatore,2016,Diesel,Automatic,First,13.0,2143.0,201.1,35.28,E-Class E250 CDI Avantgrade,Mercedes-Benz,3
Pune,2017,Diesel,Manual,First,17.6,2179.0,153.86,14.25,Hexa XT,Tata,2
Pune,2017,Diesel,Manual,First,24.4,1120.0,71.0,4.5,Xcent 1.1 CRDi Base,Hyundai,0
Pune,2015,Diesel,Manual,First,22.7,1498.0,89.84,7.5,Ecosport 1.5 DV5 MT Titanium Optional,Ford,1
Coimbatore,2017,Petrol,Automatic,First,21.9,624.0,37.48,3.41,Nano XTA,Tata,0
Pune,2013,Petrol,Manual,Second,19.4,1198.0,86.8,3.25,Brio VX,Honda,1
Hyderabad,2016,Diesel,Manual,First,24.52,1248.0,88.5,8.3,Ertiga SHVS ZDI Plus,Maruti,1
Bangalore,2010,Petrol,Manual,First,20.36,1197.0,78.9,3.45,i10 Sportz 1.2,Hyundai,0
Hyderabad,2007,Petrol,Manual,First,17.0,1086.0,113.25304969366915,2.1,Santro Xing XO,Hyundai,1
Mumbai,2015,Diesel,Manual,First,16.0,2179.0,140.0,11.95,XUV500 W10 2WD,Mahindra,2
Hyderabad,2010,Diesel,Manual,First,20.54,1598.0,103.6,4.25,Vento Diesel Highline,Volkswagen,1
Hyderabad,2014,Diesel,Manual,First,14.0,2179.0,138.1,8.25,Safari Storme 2012-2015 VX,Tata,2
Hyderabad,2010,Petrol,Manual,First,10.2,2354.0,180.0,5.95,Accord 2.4 Elegance M/T,Honda,3
Coimbatore,2016,Petrol,Manual,First,15.1,1196.0,73.0,4.3,Eeco 7 Seater Standard,Maruti,0
Ahmedabad,2012,Diesel,Manual,First,22.9,1248.0,74.0,3.9,Swift VDI,Maruti,0
Pune,2016,Petrol,Automatic,First,21.4,1197.0,83.1,6.41,Baleno Zeta Automatic,Maruti,1
Coimbatore,2015,Diesel,Manual,First,15.1,2179.0,140.0,8.36,XUV500 W8 2WD,Mahindra,2
Chennai,2014,Petrol,Manual,First,19.1,1197.0,82.0,3.85,Xcent 1.2 Kappa S,Hyundai,1
Hyderabad,2017,Diesel,Automatic,First,19.27,2143.0,167.62,36.0,New C-Class C 220 CDI Style,Mercedes-Benz,2
Kolkata,2011,Petrol,Manual,First,13.14,1798.0,160.0,7.5,Superb 1.8 TSI MT,Skoda,2
Hyderabad,2015,Diesel,Manual,First,20.14,1498.0,88.73,5.7,CrossPolo 1.5 TDI,Volkswagen,1
Kochi,2019,Petrol,Manual,First,20.89,1197.0,81.8,5.5,Ignis 1.2 Delta,Maruti,1
Chennai,2016,Diesel,Manual,First,25.2,1248.0,74.0,5.9,Swift VDI BSIV,Maruti,0
Mumbai,2015,Petrol,Manual,First,17.8,1497.0,117.3,7.75,City i VTEC VX Option,Honda,1
Ahmedabad,2010,Diesel,Automatic,First,11.5,2993.0,235.0,18.0,5 Series 530d Highline Sedan,BMW,4
Hyderabad,2008,Diesel,Manual,First,17.5,1896.0,106.0,4.4,Laura Ambiente,Skoda,1
Coimbatore,2017,Petrol,Automatic,First,17.21,1197.0,103.5,8.27,Polo GT TSI,Volkswagen,1
Ahmedabad,2014,Diesel,Manual,First,19.87,1461.0,83.8,4.75,Duster 85PS Diesel RxL,Renault,1
Hyderabad,2008,Petrol,Automatic,First,16.8,1497.0,118.0,3.8,City 1.5 S AT,Honda,1
Ahmedabad,2011,Diesel,Manual,First,20.54,1598.0,103.6,3.4,Vento Diesel Highline,Volkswagen,1
Pune,2016,Petrol,Manual,Second,18.9,1197.0,82.0,4.7,Grand i10 Sportz,Hyundai,1
Pune,2008,Petrol,Manual,Second,16.6,1388.0,68.0,1.49,Fiesta 1.4 ZXi Duratec,Ford,0
Mumbai,2016,Diesel,Manual,Second,24.4,1120.0,71.0,4.5,Xcent 1.1 CRDi S,Hyundai,0
Hyderabad,2014,Diesel,Manual,First,25.8,1498.0,98.6,5.4,Amaze VX i-DTEC,Honda,1
Hyderabad,2016,Petrol,Automatic,First,18.0,1497.0,117.3,11.5,City i VTEC CVT VX,Honda,1
Pune,2012,Diesel,Manual,Second,20.4,1461.0,108.5,3.5,Fluence 1.5,Renault,1
Ahmedabad,2010,Diesel,Automatic,First,22.48,1995.0,190.0,16.5,5 Series 520d Luxury Line,BMW,3
Mumbai,2012,Petrol,Manual,First,15.5,1586.0,103.3,3.9,SX4 ZXI MT BSIV,Maruti,1
Hyderabad,2007,Petrol,Automatic,First,16.4,1497.0,78.0,3.25,City ZX CVT,Honda,0
Kochi,2018,Petrol,Manual,First,17.0,1198.0,73.75,5.84,Ameo 1.2 MPI Comfortline,Volkswagen,0
Hyderabad,2016,Petrol,Manual,First,17.0,1198.0,73.75,5.75,Ameo 1.2 MPI Comfortline,Volkswagen,0
Delhi,2010,Diesel,Automatic,First,16.55,1968.0,140.0,10.0,A4 2.0 TDI Multitronic,Audi,2
Mumbai,2006,Petrol,Manual,Second,18.9,998.0,67.1,1.05,Wagon R VXI,Maruti,0
Delhi,2013,Diesel,Automatic,First,19.08,1582.0,126.32,5.64,Verna SX CRDi AT,Hyundai,1
Coimbatore,2019,Diesel,Automatic,First,17.9,2143.0,170.0,50.97,GLC 220d 4MATIC Style,Mercedes-Benz,2
Mumbai,2016,Diesel,Automatic,First,21.76,1995.0,190.0,29.95,3 Series Luxury Line,BMW,3
Mumbai,2014,Diesel,Manual,Second,24.2,1498.0,98.6,4.85,Mobilio V Option i DTEC,Honda,1
Hyderabad,2016,Diesel,Automatic,First,17.01,1582.0,126.2,14.5,Creta 1.6 CRDi AT SX Plus,Hyundai,1
Hyderabad,2011,Petrol,Manual,First,17.0,1497.0,118.0,5.5,City 1.5 S MT,Honda,1
Bangalore,2011,Diesel,Manual,First,17.8,1399.0,68.0,3.2,Fiesta 1.4 TDCi EXI,Ford,0
Chennai,2016,Diesel,Manual,First,26.59,1248.0,74.0,4.5,Swift Dzire LDI,Maruti,0
Coimbatore,2015,Diesel,Automatic,First,13.0,2143.0,204.0,30.72,E-Class E250 CDI Launch Edition,Mercedes-Benz,3
Jaipur,2009,Diesel,Manual,First,11.5,1991.0,147.9,3.5,Captiva LT,Chevrolet,2
Bangalore,2007,Diesel,Manual,First,12.8,2494.0,102.0,6.99,Innova 2.5 V Diesel 7-seater,Toyota,1
Kochi,2014,Diesel,Manual,First,17.21,1493.0,100.0,3.45,Quanto C8,Mahindra,1
Kochi,2015,Petrol,Manual,First,17.4,1497.0,117.3,6.57,City i VTEC V,Honda,1
Kolkata,2014,Diesel,Automatic,First,17.11,1968.0,174.33,17.5,A4 2.0 TDI 177 Bhp Premium Plus,Audi,3
Delhi,2013,Diesel,Manual,First,22.07,1199.0,73.9,3.75,Polo Diesel Comfortline 1.2L,Volkswagen,0
Pune,2017,Petrol,Automatic,First,14.8,1497.0,121.36,9.99,EcoSport 1.5 Petrol Titanium Plus AT,Ford,1
Kolkata,2012,Diesel,Manual,First,12.99,2494.0,100.0,8.2,Innova 2.5 G (Diesel) 7 Seater BS IV,Toyota,1
Jaipur,2005,Petrol,Manual,Third,13.0,1493.0,100.0,1.1,City 1.5 EXI,Honda,1
Chennai,2015,Petrol,Manual,First,24.7,796.0,47.3,2.45,Alto 800 2016-2019 LXI Optional,Maruti,0
Pune,2009,Diesel,Automatic,First,8.7,2987.0,224.34,13.75,M-Class ML 320 CDI,Mercedes-Benz,4
Kolkata,2017,Diesel,Manual,First,26.59,1248.0,74.0,3.0,Swift Dzire LDI,Maruti,0
Ahmedabad,2017,Diesel,Manual,First,24.3,1248.0,88.5,9.25,Vitara Brezza ZDi Plus Dual Tone,Maruti,1
Mumbai,2013,Diesel,Automatic,First,13.2,2400.0,215.0,17.65,S60 D5 Summum,Volvo,3
Delhi,2014,Diesel,Automatic,First,12.55,2982.0,168.5,18.25,Fortuner 4x2 AT,Toyota,2
Kochi,2013,Diesel,Manual,First,23.0,1396.0,90.0,3.45,i20 Sportz Option Diesel,Hyundai,1
Bangalore,2015,Diesel,Automatic,First,17.11,1968.0,174.33,23.75,A4 35 TDI Premium,Audi,3
Mumbai,2013,Diesel,Manual,Second,19.64,1461.0,108.5,5.45,Terrano XV D Pre,Nissan,1
Coimbatore,2017,Petrol,Automatic,First,23.1,998.0,67.04,5.25,Celerio ZXI AMT,Maruti,0
Delhi,2005,Petrol,Manual,First,15.9,1298.0,113.25304969366915,1.1,Esteem Vxi,Maruti,1
Delhi,2012,Petrol,Automatic,First,16.95,1197.0,78.9,2.9,i10 Sportz AT,Hyundai,0
Hyderabad,2010,Diesel,Automatic,First,22.69,1995.0,190.0,14.2,3 Series 320d,BMW,3
Kochi,2018,Petrol,Manual,First,18.9,1197.0,82.0,5.8,Grand i10 Sportz,Hyundai,1
Coimbatore,2017,Petrol,Automatic,First,18.9,1197.0,82.0,7.22,Grand i10 Asta Option AT,Hyundai,1
Coimbatore,2016,Petrol,Manual,First,18.9,1197.0,81.86,4.87,Grand i10 1.2 Kappa Sportz,Hyundai,1
Delhi,2013,Petrol,Manual,First,16.47,1198.0,74.0,3.3,Polo 1.2 MPI Comfortline,Volkswagen,0
Hyderabad,2007,Petrol,Manual,Second,17.7,1497.0,78.0,3.0,City ZX EXi,Honda,0
Hyderabad,2014,Diesel,Automatic,First,17.9,2143.0,136.0,26.0,GLA Class 200 CDI,Mercedes-Benz,2
Hyderabad,2017,Petrol,Manual,First,14.0,796.0,35.0,2.9,Omni 8 Seater BSIV,Maruti,0
Bangalore,2014,Petrol,Automatic,First,15.74,1591.0,121.3,7.5,Verna 1.6 SX VTVT AT,Hyundai,1
Hyderabad,2015,Petrol,Manual,First,22.74,796.0,47.3,2.36,Alto 800 LXI,Maruti,0
Coimbatore,2017,Diesel,Manual,First,24.3,1248.0,88.5,11.39,Vitara Brezza ZDi Plus Dual Tone,Maruti,1
Kochi,2013,Diesel,Manual,First,15.1,2179.0,140.0,7.02,XUV500 W8 2WD,Mahindra,2
Delhi,2016,Diesel,Manual,First,24.3,1248.0,88.5,8.0,Vitara Brezza ZDi,Maruti,1
Kochi,2017,Petrol,Manual,First,18.6,1197.0,81.83,7.11,i20 1.2 Spotz,Hyundai,1
Mumbai,1998,Diesel,Automatic,First,10.0,1796.0,157.7,3.9,E-Class 250 D W 210,Mercedes-Benz,2
Hyderabad,2009,Petrol,Manual,First,19.7,796.0,46.3,2.15,Alto LXi,Maruti,0
Kolkata,2013,Petrol,Manual,First,18.0,1198.0,86.7,3.25,Amaze S i-Vtech,Honda,1
Kochi,2015,Diesel,Automatic,First,12.65,2993.0,255.0,70.66,Rover Range Rover Sport HSE,Land,4
Mumbai,2013,Diesel,Manual,First,24.0,1120.0,70.0,4.61,Grand i10 CRDi Magna,Hyundai,0
Mumbai,2008,Petrol,Manual,First,13.5,1799.0,130.0,2.35,Civic 2006-2010 1.8 S MT,Honda,2
Chennai,2014,Diesel,Manual,Second,24.0,1120.0,70.0,4.05,Grand i10 CRDi Magna,Hyundai,0
Jaipur,2009,Petrol,Manual,Second,16.1,796.0,37.0,0.8,800 AC Uniq,Maruti,0
Hyderabad,2014,Diesel,Manual,First,23.59,1364.0,67.1,5.6,Etios Liva Diesel,Toyota,0
Delhi,2015,Diesel,Manual,First,22.54,1396.0,88.73,5.35,i20 Magna 1.4 CRDi,Hyundai,1
Mumbai,2017,Petrol,Manual,First,24.07,998.0,67.1,3.25,Alto K10 VXI,Maruti,0
Pune,2012,Diesel,Automatic,Second,17.05,1995.0,184.0,11.5,X1 sDrive20d,BMW,3
Pune,2016,Petrol,Automatic,First,23.1,998.0,67.04,4.25,Celerio VXI AT,Maruti,0
Mumbai,2009,Petrol,Automatic,Second,13.7,1798.0,157.75,4.45,Superb Elegance 1.8 TSI AT,Skoda,2
Pune,2009,Diesel,Manual,First,14.0,2498.0,112.0,2.85,Xylo E4,Mahindra,1
Delhi,2014,Diesel,Manual,First,15.1,2179.0,140.0,7.85,XUV500 W8 2WD,Mahindra,2
Pune,2016,Petrol,Manual,First,19.1,1197.0,85.8,5.3,Swift Dzire VXI,Maruti,1
Mumbai,2017,Petrol,Manual,First,18.88,999.0,123.24,8.0,Ecosport 1.0 Ecoboost Platinum Edition,Ford,1
Coimbatore,2014,Diesel,Manual,First,21.43,1364.0,87.2,9.43,Corolla Altis Diesel D4DG,Toyota,1
Pune,2012,Petrol,Manual,First,18.5,1197.0,80.0,2.75,i20 2015-2017 1.2 Magna,Hyundai,0
Mumbai,2018,Diesel,Manual,First,20.37,1461.0,108.45,13.5,Captur 1.5 Diesel Platine Mono,Renault,1
Hyderabad,2009,Diesel,Automatic,First,11.0,2987.0,198.5,9.99,E-Class 280 CDI,Mercedes-Benz,3
Chennai,2017,Petrol,Manual,First,21.1,998.0,100.0,6.95,Baleno RS 1.0 Petrol,Maruti,1
Chennai,2015,Petrol,Automatic,First,17.97,1498.0,99.6,6.75,Sunny 2011-2014 XL AT Special Edition,Nissan,1
Chennai,2015,Petrol,Automatic,First,18.9,1197.0,82.0,5.5,Grand i10 AT Asta,Hyundai,1
Kochi,2018,Petrol,Manual,First,21.56,1462.0,103.25,9.18,Ciaz Zeta,Maruti,1
Jaipur,2014,Petrol,Manual,First,19.1,1197.0,82.0,4.15,Xcent 1.2 Kappa S,Hyundai,1
Ahmedabad,2012,Diesel,Manual,First,22.32,1582.0,126.32,6.5,Verna 1.6 SX CRDi (O),Hyundai,1
Kochi,2015,Petrol,Manual,First,21.5,1197.0,81.8,4.11,Wagon R VXI 1.2,Maruti,1
Hyderabad,2008,Diesel,Manual,Second,16.8,1493.0,110.0,2.25,Verna CRDi,Hyundai,1
Kochi,2015,Petrol,Manual,First,17.71,1197.0,78.9,4.56,Etios Liva G,Toyota,0
Pune,2013,Diesel,Manual,First,11.68,2498.0,112.0,4.0,Xylo E4 ABS BS III,Mahindra,1
Coimbatore,2015,Diesel,Manual,First,23.59,1364.0,67.06,5.27,Etios Liva GD,Toyota,0
Kochi,2019,Diesel,Manual,First,18.06,2523.0,63.0,9.11,Thar DI 4X4,Mahindra,0
Pune,2010,Diesel,Manual,Second,14.42,1995.0,147.6,6.2,X-Trail SLX MT,Nissan,2
Kochi,2017,Diesel,Automatic,First,11.36,2755.0,171.5,19.97,Innova Crysta 2.8 ZX AT,Toyota,2
Delhi,2016,Diesel,Manual,First,21.38,1396.0,88.7,10.17,Creta 1.4 CRDi S,Hyundai,1
Pune,2014,Diesel,Manual,First,28.4,1248.0,74.0,4.5,Swift VDI,Maruti,0
Kochi,2019,Diesel,Manual,First,23.9,1582.0,126.2,14.28,Verna 1.6 CRDI SX Option,Hyundai,1
Kochi,2012,Petrol,Manual,Second,19.7,796.0,46.3,2.47,Alto LXi BSIII,Maruti,0
Ahmedabad,2016,Diesel,Manual,First,23.65,1248.0,88.5,7.9,S Cross DDiS 200 Alpha,Maruti,1
Hyderabad,2011,Petrol,Manual,First,21.1,814.0,55.2,2.3,EON Era,Hyundai,0
Hyderabad,2013,Petrol,Manual,First,13.24,1598.0,102.5,6.5,Terrano XL,Nissan,1
Hyderabad,2016,Petrol,Manual,First,21.1,814.0,55.2,3.25,EON Era,Hyundai,0
Bangalore,2017,Diesel,Manual,First,20.65,1248.0,88.7,5.85,Zest Quadrajet 1.3 XT,Tata,1
Hyderabad,2014,Diesel,Automatic,Second,14.21,2143.0,203.0,29.0,E-Class 2009-2013 E250 CDI Elegance,Mercedes-Benz,3
Coimbatore,2014,Diesel,Automatic,Second,14.16,1968.0,174.3,25.71,Q5 2.0 TDI Premium Plus,Audi,3
Chennai,2008,Petrol,Manual,Second,15.3,1596.0,101.0,1.85,Fiesta 1.6 ZXi Leather,Ford,1
Mumbai,2015,Diesel,Automatic,First,18.88,1995.0,184.0,22.75,3 Series 320d Prestige,BMW,3
Kochi,2018,Petrol,Manual,First,21.1,998.0,100.0,8.32,Baleno RS 1.0 Petrol,Maruti,1
Delhi,2014,Diesel,Automatic,First,14.21,2143.0,203.0,26.0,E-Class 2009-2013 E250 CDI Blue Efficiency,Mercedes-Benz,3
Mumbai,2012,Diesel,Automatic,First,12.8,2953.0,113.25304969366915,7.0,Endeavour Hurricane LE,Ford,1
Hyderabad,2013,Petrol,Manual,First,20.36,1197.0,78.9,3.45,i10 Sportz 1.2,Hyundai,0
Mumbai,2017,Petrol,Manual,First,18.9,1197.0,82.0,5.15,Grand i10 Asta Option,Hyundai,1
Kochi,2014,Petrol,Manual,First,19.4,1198.0,86.8,3.51,Brio S MT,Honda,1
Kolkata,2015,Diesel,Manual,First,21.9,1396.0,88.76,3.45,i20 Magna 1.4 CRDi (Diesel),Hyundai,1
Pune,2013,Petrol,Manual,First,16.47,1198.0,73.9,3.75,Polo Petrol Highline 1.2L,Volkswagen,0
Pune,2001,Petrol,Manual,Second,13.0,1493.0,100.0,1.45,City 1.5 EXI,Honda,1
Delhi,2008,Diesel,Manual,First,18.7,1896.0,66.0,2.2,Octavia Ambiente 1.9 TDI,Skoda,0
Hyderabad,2010,Diesel,Manual,First,13.1,2499.0,141.0,7.99,Endeavour 2.5L 4X2,Ford,2
Bangalore,2013,Diesel,Manual,Second,18.3,1991.0,147.9,6.75,Cruze LTZ,Chevrolet,2
Kolkata,2013,Petrol,Automatic,First,14.0,1621.276449941501,113.25304969366915,11.99,CR-V AT With Sun Roof,Honda,1
Kolkata,2014,Diesel,Manual,First,24.2,1498.0,98.6,5.0,Mobilio V i DTEC,Honda,1
Pune,2012,Diesel,Manual,Second,20.77,1248.0,88.76,5.9,Ertiga VDI,Maruti,1
Mumbai,2013,Petrol,Manual,First,18.9,1197.0,82.0,3.75,Grand i10 Sportz,Hyundai,1
Mumbai,2014,Diesel,Automatic,First,14.74,2993.0,270.9,29.5,XF 3.0 Litre S Premium Luxury,Jaguar,5
Chennai,2014,Petrol,Manual,First,18.0,1198.0,86.7,4.75,Amaze VX i-Vtech,Honda,1
Pune,2011,Diesel,Automatic,First,12.4,2698.0,179.5,11.5,A6 2.7 TDI,Audi,3
Chennai,2017,Petrol,Manual,First,18.6,1197.0,81.83,6.95,i20 1.2 Spotz,Hyundai,1
Mumbai,2016,Petrol,Manual,First,17.0,1198.0,73.75,5.4,Ameo 1.2 MPI Highline Plus 16,Volkswagen,0
Jaipur,2011,Petrol,Automatic,First,13.4,1997.0,135.1,4.75,Fluence 2.0,Renault,2
Chennai,2011,Petrol,Manual,First,24.07,998.0,67.1,2.15,Alto K10 VXI,Maruti,0
Jaipur,2005,Petrol,Manual,First,19.7,796.0,46.3,0.9,Alto Std,Maruti,0
Kolkata,2016,Petrol,Manual,First,20.51,998.0,67.04,3.5,Wagon R VXI BS IV,Maruti,0
Kochi,2016,Diesel,Manual,First,20.4,1248.0,92.0,5.85,Linea 1.3 Emotion,Fiat,1
Pune,2010,Diesel,Manual,First,19.3,1248.0,73.9,3.15,Swift Dzire Vdi BSIV,Maruti,0
Pune,2016,Diesel,Manual,First,21.64,1461.0,84.8,6.0,Scala Diesel RxL,Renault,1
Kolkata,2010,Petrol,Manual,First,18.5,1197.0,80.0,2.23,i20 Magna,Hyundai,0
Bangalore,2016,Petrol,Manual,First,19.1,1197.0,82.0,2.5,Xcent 1.2 Kappa SX Option,Hyundai,1
Kochi,2015,Petrol,Manual,First,18.9,998.0,67.1,3.87,Wagon R LXI,Maruti,0
Ahmedabad,2014,Diesel,Manual,First,15.1,2179.0,140.0,9.5,XUV500 W8 2WD,Mahindra,2
Delhi,2014,Diesel,Automatic,First,12.55,2982.0,168.5,17.75,Fortuner 4x2 AT,Toyota,2
Delhi,2012,Diesel,Manual,First,19.64,1461.0,108.45,3.75,Duster 110PS Diesel RxZ Plus,Renault,1
Chennai,2010,Petrol,Manual,Second,17.92,1086.0,62.1,1.5,Santro Xing GLS,Hyundai,0
Pune,2013,Petrol,Manual,Second,17.01,1591.0,121.3,5.0,Verna 1.6 SX VTVT,Hyundai,1
Pune,2014,Diesel,Automatic,Second,15.06,1995.0,177.0,17.0,X1 sDrive 20d Exclusive,BMW,3
Kochi,2011,Petrol,Automatic,First,12.9,1799.0,130.0,4.38,Civic 2006-2010 1.8 V AT,Honda,2
Delhi,2018,Petrol,Automatic,First,15.26,1798.0,187.74,41.5,A6 35 TFSI Matrix,Audi,3
Kolkata,2017,Petrol,Manual,First,20.51,998.0,67.04,3.0,Wagon R LXI BS IV,Maruti,0
Coimbatore,2018,Diesel,Manual,First,24.3,1248.0,88.5,11.0,Vitara Brezza ZDi Plus Dual Tone,Maruti,1
Pune,2012,Diesel,Automatic,Second,11.8,2720.0,190.0,14.0,Rover Discovery 3 TDV6 Diesel Automatic,Land,3
Pune,2016,Diesel,Automatic,First,26.59,1248.0,74.0,7.65,Dzire New,Maruti,0
Kolkata,2018,Petrol,Manual,First,17.0,1591.0,121.3,8.7,Verna VTVT 1.6 SX,Hyundai,1
Hyderabad,2016,Diesel,Manual,First,25.47,1248.0,88.5,9.9,Ertiga ZDI Plus,Maruti,1
Mumbai,2010,Petrol,Manual,First,13.2,1495.0,94.0,2.05,Accent GLE,Hyundai,1
Kolkata,2016,Petrol,Manual,First,17.0,1197.0,80.0,5.25,i20 1.2 Sportz,Hyundai,0
Kochi,2012,Petrol,Manual,First,17.0,1591.0,121.3,5.77,Verna VTVT 1.6 SX,Hyundai,1
Hyderabad,2010,Petrol,Manual,First,19.7,796.0,46.3,1.95,Alto LX,Maruti,0
Ahmedabad,2011,Diesel,Manual,Second,12.05,2179.0,120.0,7.45,Scorpio VLX,Mahindra,1
Delhi,2012,Petrol,Manual,First,18.9,998.0,67.1,2.6,Wagon R LXI,Maruti,0
Ahmedabad,2011,Petrol,Manual,Second,17.0,1197.0,80.0,3.25,i20 1.2 Sportz,Hyundai,0
Hyderabad,2010,Diesel,Manual,First,21.1,1248.0,73.9,3.85,Ritz VDi,Maruti,0
Delhi,2013,Diesel,Automatic,Second,13.73,1995.0,148.0,7.5,Koleos 2.0 Diesel,Renault,2
Kochi,2012,Diesel,Automatic,First,22.69,1995.0,190.0,11.5,3 Series 320d,BMW,3
Pune,2013,Petrol,Manual,First,19.4,1198.0,86.8,3.25,Brio V MT,Honda,1
Chennai,2003,Petrol,Manual,Second,11.7,1997.0,134.0,1.5,Sonata GOLD,Hyundai,2
Jaipur,2014,Diesel,Manual,First,19.3,1248.0,73.9,5.31,Swift Dzire VDi,Maruti,0
Hyderabad,2013,Diesel,Manual,First,16.0,2179.0,140.0,9.0,XUV500 W8 4WD,Mahindra,2
Kolkata,2016,Petrol,Manual,First,19.81,1086.0,68.05,3.59,i10 Sportz 1.1L,Hyundai,0
Kochi,2016,Petrol,Manual,First,20.73,1373.0,91.1,7.35,Ciaz ZXi Plus,Maruti,1
Pune,2013,Diesel,Manual,First,12.8,2494.0,102.0,12.0,Innova 2.5 V Diesel 8-seater,Toyota,1
Coimbatore,2017,Petrol,Manual,First,18.9,1197.0,82.0,6.02,Grand i10 Sportz,Hyundai,1
Coimbatore,2008,Diesel,Manual,First,16.52,1991.0,123.7,2.57,Optra Magnum 2.0 LS BSIII,Chevrolet,1
Pune,2013,Diesel,Manual,First,12.83,2696.0,162.0,12.45,Ssangyong Rexton RX5,Mahindra,2
Coimbatore,2015,Diesel,Manual,First,15.1,2179.0,140.0,12.63,XUV500 W8 2WD,Mahindra,2
Bangalore,2014,Petrol,Manual,Second,17.4,1497.0,117.3,7.75,City i VTEC SV,Honda,1
Delhi,2014,Diesel,Manual,First,22.7,1498.0,89.84,5.5,Ecosport 1.5 DV5 MT Titanium,Ford,1
Kolkata,2015,Petrol,Manual,First,18.6,1197.0,81.83,4.43,i20 Sportz 1.2,Hyundai,1
Kochi,2016,Diesel,Automatic,First,17.9,2143.0,136.0,24.51,CLA 200 CDI Sport,Mercedes-Benz,2
Ahmedabad,2014,Petrol,Manual,First,22.0,814.0,55.0,2.65,EON Magna,Hyundai,0
Delhi,2011,Petrol,Manual,First,17.6,1496.0,88.7,3.2,Etios G Safety,Toyota,1
Chennai,2016,Diesel,Manual,First,23.4,1248.0,74.0,4.25,Swift Dzire Tour LDI,Maruti,0
Kolkata,2008,Petrol,Manual,First,19.7,796.0,46.3,1.1,Alto LXi,Maruti,0
Chennai,2015,Petrol,Manual,First,23.1,998.0,67.04,4.3,Celerio ZXI,Maruti,0
Hyderabad,2015,Diesel,Manual,First,22.7,1498.0,89.84,8.9,Ecosport 1.5 DV5 MT Titanium Optional,Ford,1
Jaipur,2015,Diesel,Manual,First,19.01,1461.0,108.5,6.5,Terrano XV 110 PS Limited Edition,Nissan,1
Delhi,2009,Petrol,Automatic,Third,11.1,2354.0,142.0,3.5,Accord VTi-L AT,Honda,2
Hyderabad,2008,Diesel,Manual,First,17.8,1248.0,75.0,4.25,Swift Ldi BSIII,Maruti,0
Kochi,2018,Diesel,Automatic,First,16.0,2179.0,140.0,16.46,XUV500 AT W10 FWD,Mahindra,2
Mumbai,2016,Petrol,Manual,First,18.7,1199.0,88.7,5.95,Jazz 1.2 VX i VTEC,Honda,1
Mumbai,2015,Petrol,Manual,First,17.8,1497.0,117.3,7.1,City i VTEC V,Honda,1
Kolkata,2011,Petrol,Manual,Second,15.7,1172.0,67.0,1.25,Grande Punto 1.2 Dynamic,Fiat,0
Kolkata,2010,Petrol,Manual,Second,19.5,1061.0,113.25304969366915,2.5,Estilo LXI,Maruti,1
Pune,2013,Petrol,Manual,First,16.02,1373.0,93.7,5.5,Ertiga ZXI,Maruti,1
Chennai,2013,Petrol,Manual,First,18.44,1198.0,75.0,3.25,Micra XL,Nissan,0
Hyderabad,2010,Petrol,Manual,First,17.0,1497.0,118.0,5.0,City 1.5 V MT,Honda,1
Coimbatore,2016,Petrol,Manual,First,16.78,1496.0,88.73,6.58,Etios VX,Toyota,1
Mumbai,2013,Diesel,Automatic,First,18.88,1995.0,184.0,19.5,3 Series 320d Luxury Line,BMW,3
Kochi,2017,Petrol,Manual,First,18.7,1199.0,88.7,6.14,Jazz 1.2 SV i VTEC,Honda,1
Jaipur,2013,Diesel,Manual,First,28.4,1248.0,73.75,4.95,Dzire VDI,Maruti,0
Hyderabad,2013,Diesel,Manual,First,20.5,1598.0,103.5,5.75,Rapid 1.6 TDI Elegance,Skoda,1
Kolkata,2013,Diesel,Manual,First,15.1,2179.0,140.0,6.6,XUV500 W6 2WD,Mahindra,2
Coimbatore,2015,Petrol,Automatic,First,18.9,1197.0,82.0,5.72,Grand i10 AT Asta,Hyundai,1
Delhi,2009,Petrol,Manual,Second,17.0,1497.0,118.0,2.6,City 1.5 V MT,Honda,1
Hyderabad,2010,Diesel,Manual,Second,12.8,2494.0,102.0,6.5,Innova 2.5 GX 7 STR,Toyota,1
Pune,2011,Diesel,Manual,Second,15.1,2179.0,140.0,6.1,XUV500 W8 2WD,Mahindra,2
Hyderabad,2010,Diesel,Manual,First,19.3,1248.0,73.9,3.85,Swift Dzire VDi,Maruti,0
Pune,2013,Petrol,Manual,Second,15.04,1598.0,103.6,4.5,Vento Petrol Highline,Volkswagen,1
Coimbatore,2013,Diesel,Manual,First,23.59,1364.0,113.25304969366915,5.3,Etios GD,Toyota,1
Bangalore,2013,Diesel,Automatic,Second,16.55,1968.0,147.51,18.25,A4 2.0 TDI,Audi,2
Ahmedabad,2012,Petrol,Manual,First,16.02,1373.0,93.7,5.75,Ertiga LXI,Maruti,1
Jaipur,2010,Petrol,Manual,Second,16.1,796.0,37.0,0.9,800 AC,Maruti,0
Hyderabad,2011,Petrol,Manual,First,17.0,1497.0,118.0,5.5,City 1.5 V MT,Honda,1
Kolkata,2014,Petrol,Manual,First,19.1,1197.0,85.8,3.99,Swift Dzire VXI,Maruti,1
Delhi,2014,Petrol,Automatic,First,19.16,2494.0,158.2,18.75,Camry Hybrid,Toyota,2
Kolkata,2014,Diesel,Manual,First,24.0,1120.0,70.0,3.5,Grand i10 CRDi Sportz,Hyundai,0
Chennai,2016,Diesel,Automatic,First,11.36,2755.0,171.5,16.45,Innova Crysta 2.8 GX AT 8S,Toyota,2
Coimbatore,2011,Petrol,Manual,First,20.36,1197.0,78.9,3.65,i10 Magna,Hyundai,0
Bangalore,2014,Petrol,Automatic,First,18.9,1197.0,82.0,5.4,Grand i10 AT Asta,Hyundai,1
Mumbai,2018,Diesel,Manual,First,27.39,1248.0,74.0,8.7,Baleno Alpha Diesel,Maruti,0
Mumbai,2016,Petrol,Automatic,First,14.67,1798.0,177.46,20.75,Superb Style 1.8 TSI AT,Skoda,3
Hyderabad,2010,Diesel,Automatic,First,14.84,2143.0,170.0,12.5,New C-Class 220 CDI AT,Mercedes-Benz,2
Kolkata,2011,Diesel,Manual,First,21.1,1248.0,73.9,1.89,Ritz VDi,Maruti,0
Kolkata,2015,Diesel,Manual,First,23.4,1248.0,74.0,4.0,Swift Dzire Tour LDI,Maruti,0
Mumbai,2012,Petrol,Manual,First,14.8,1799.0,130.2,3.95,Civic 2010-2013 1.8 V MT,Honda,2
Hyderabad,2015,Diesel,Manual,First,24.52,1248.0,88.5,7.85,Ertiga SHVS VDI,Maruti,1
Kolkata,2014,Diesel,Manual,First,22.7,1582.0,126.24,7.0,Elantra CRDi SX,Hyundai,1
Hyderabad,2016,Diesel,Automatic,First,12.55,2982.0,168.5,24.99,Fortuner 4x2 AT,Toyota,2
Delhi,2013,Petrol,Automatic,First,17.21,1197.0,103.6,4.5,Polo GT TSI,Volkswagen,1
Pune,2005,Diesel,Manual,Third,18.7,1896.0,66.0,1.25,Octavia Classic 1.9 TDI MT,Skoda,0
Delhi,2014,Diesel,Manual,First,20.14,1498.0,88.8,3.95,Polo 1.5 TDI Trendline,Volkswagen,1
Pune,2012,Petrol,Manual,Second,17.92,1086.0,62.1,1.6,Santro Xing GL Plus,Hyundai,0
Hyderabad,2004,Petrol,Manual,First,13.2,1495.0,94.0,0.6,Accent GLE,Hyundai,1
Coimbatore,2014,Petrol,Manual,Second,21.1,814.0,55.2,3.39,EON D Lite Plus,Hyundai,0
Hyderabad,2011,Diesel,Manual,First,12.8,2494.0,102.0,9.8,Innova 2.5 V Diesel 7-seater,Toyota,1
Mumbai,2017,Diesel,Manual,First,26.8,1248.0,74.0,5.91,Ignis 1.3 Zeta,Maruti,0
Mumbai,2017,Petrol,Manual,First,21.56,1462.0,103.25,8.25,Ciaz Alpha,Maruti,1
Mumbai,2012,Petrol,Manual,First,17.5,1298.0,85.8,3.75,Swift Dzire VXi,Maruti,1
Hyderabad,2017,Petrol,Automatic,First,18.0,1497.0,117.3,12.5,City i VTEC CVT VX,Honda,1
Bangalore,2015,Diesel,Manual,First,17.8,1248.0,113.25304969366915,5.95,Swift VDI BSIV W ABS,Maruti,1
Delhi,2015,Petrol,Manual,First,19.4,1198.0,86.8,3.8,Brio S MT,Honda,1
Delhi,2014,Diesel,Manual,First,23.59,1364.0,67.04,4.35,Etios Liva GD,Toyota,0
Hyderabad,2015,Diesel,Automatic,First,13.5,2400.0,215.0,32.5,XC60 D5,Volvo,3
Kolkata,2015,Petrol,Manual,First,15.64,1193.0,64.08,3.0,Indigo CS eGVX,Tata,0
Pune,2016,Diesel,Automatic,Second,11.36,2755.0,171.5,19.0,Innova Crysta 2.8 ZX AT,Toyota,2
Pune,2013,Diesel,Manual,First,20.54,1598.0,103.6,5.0,Vento Diesel Highline,Volkswagen,1
Pune,2014,Diesel,Manual,First,22.7,1498.0,89.84,5.45,Ecosport 1.5 DV5 MT Titanium,Ford,1
Mumbai,2010,Petrol,Manual,First,18.9,998.0,67.1,2.7,Wagon R VXI,Maruti,0
Mumbai,2006,Petrol,Manual,First,13.0,2987.0,210.0,10.75,S-Class 320 L,Mercedes-Benz,3
Hyderabad,2015,Diesel,Manual,First,20.14,1498.0,88.8,5.8,Polo 1.5 TDI Highline,Volkswagen,1
Pune,2007,Petrol,Manual,Second,15.3,1193.0,65.3,0.95,Indica GLS BS IV,Tata,0
Jaipur,2002,Petrol,Manual,Second,16.1,796.0,37.0,0.63,800 Std BSIII,Maruti,0
Kochi,2018,Diesel,Manual,First,17.1,1956.0,170.0,17.55,Compass 2.0 Longitude,Jeep,2
Pune,2016,Petrol,Manual,First,24.07,998.0,67.1,3.0,Alto K10 LXI Optional,Maruti,0
Bangalore,2013,Diesel,Automatic,First,19.3,1968.0,141.0,15.0,Octavia Elegance 2.0 TDI AT,Skoda,2
Hyderabad,2016,Diesel,Manual,First,26.59,1248.0,74.0,6.0,Swift Dzire VDI Optional,Maruti,0
Mumbai,2016,Diesel,Manual,First,28.09,1248.0,88.5,7.65,Ciaz VDi Plus SHVS,Maruti,1
Jaipur,2009,Diesel,Manual,Second,15.8,2148.0,170.0,8.5,New C-Class C 220 CDI CLASSIC,Mercedes-Benz,2
Kolkata,2013,Diesel,Manual,First,20.0,1399.0,68.0,2.25,Figo Diesel ZXI,Ford,0
Delhi,2010,Petrol,Automatic,Second,14.53,1798.0,138.1,4.65,Corolla Altis VL,Toyota,2
Mumbai,2016,Diesel,Manual,First,22.7,1598.0,118.0,7.85,SX4 S Cross DDiS 320 Zeta,Maruti,1
Coimbatore,2011,Petrol,Manual,First,15.6,1196.0,70.0,3.46,Figo Petrol ZXI,Ford,0
Mumbai,2018,Petrol,Automatic,First,19.0,1199.0,88.7,8.25,Jazz Exclusive CVT,Honda,1
Pune,2006,Petrol,Manual,First,17.3,993.0,60.0,1.25,Zen LXi - BS III,Maruti,0
Bangalore,2012,Diesel,Manual,Third,11.5,2982.0,171.0,16.0,Fortuner 3.0 Diesel,Toyota,2
Jaipur,2015,Diesel,Manual,First,26.21,1248.0,88.5,7.4,Ciaz ZDi Plus,Maruti,1
Kochi,2016,Petrol,Manual,First,25.17,799.0,53.3,3.07,KWID RXT,Renault,0
Coimbatore,2011,Petrol,Automatic,First,19.2,1197.0,80.0,3.84,i10 Magna AT,Hyundai,0
Pune,2016,Petrol,Automatic,First,23.1,998.0,67.04,4.2,Celerio ZXI AT Optional,Maruti,0
Kochi,2018,Diesel,Manual,First,21.38,1396.0,88.7,10.82,Creta 1.4 E Plus Diesel,Hyundai,1
Hyderabad,2016,Diesel,Manual,First,27.3,1498.0,98.6,6.1,Jazz 1.5 SV i DTEC,Honda,1
Kolkata,2011,Petrol,Manual,First,17.0,1497.0,118.0,3.1,City 1.5 S MT,Honda,1
Chennai,2001,Petrol,Manual,Third,13.7,1468.0,85.8,1.0,Lancer 1.5 SFXi,Mitsubishi,1
Coimbatore,2012,Petrol,Manual,First,16.95,1498.0,97.6,4.69,Sunny XE P,Nissan,1
Mumbai,2011,Petrol,Automatic,First,11.7,2354.0,177.6,5.4,Accord 2.4 AT,Honda,3
Mumbai,2016,Diesel,Manual,First,15.1,2179.0,140.0,12.0,XUV500 W8 2WD,Mahindra,2
Mumbai,2018,Petrol,Manual,First,18.6,1197.0,81.83,6.5,i20 1.2 Magna Executive,Hyundai,1
Chennai,2014,Diesel,Manual,First,23.08,1461.0,63.1,3.0,Micra Diesel XL,Nissan,0
Kochi,2015,Petrol,Automatic,First,19.12,1373.0,91.1,6.9,Ciaz AT ZXi,Maruti,1
Chennai,2011,Diesel,Manual,First,20.54,1598.0,103.6,4.0,Vento Diesel Trendline,Volkswagen,1
Chennai,2011,Petrol,Manual,First,17.0,1197.0,80.0,4.25,i20 Asta,Hyundai,0
Hyderabad,2008,Petrol,Manual,First,14.53,1798.0,138.1,5.1,Corolla Altis G,Toyota,2
Kolkata,2014,Diesel,Manual,First,25.1,1498.0,98.6,4.9,City i DTEC VX,Honda,1
Pune,2014,Petrol,Manual,Second,20.4,1197.0,81.8,3.6,Swift VXI BSIV,Maruti,1
Pune,2016,Diesel,Automatic,First,14.21,2143.0,203.0,34.0,E-Class 2009-2013 E250 CDI Elegance,Mercedes-Benz,3
Mumbai,2015,Diesel,Manual,First,12.99,2494.0,100.6,8.25,Innova 2.5 G (Diesel) 7 Seater,Toyota,1
Pune,2011,Petrol,Manual,First,16.1,1298.0,88.2,1.3,Swift Lxi BSIII,Maruti,1
Coimbatore,2018,Diesel,Automatic,First,19.27,2143.0,167.62,39.05,New C-Class C 220d Avantgarde Edition C,Mercedes-Benz,2
Kolkata,2015,Petrol,Manual,First,18.9,1197.0,82.0,3.75,Grand i10 Asta,Hyundai,1
Mumbai,2010,Petrol,Manual,First,18.9,998.0,67.1,2.1,Wagon R LXI BS IV,Maruti,0
Hyderabad,2016,Diesel,Manual,First,22.77,1498.0,98.59,8.8,EcoSport 1.5 TDCi Titanium,Ford,1
Coimbatore,2015,Petrol,Manual,First,16.47,1198.0,74.0,5.84,Polo 1.2 MPI Comfortline,Volkswagen,0
Kochi,2018,Petrol,Automatic,First,17.01,1591.0,121.3,9.03,Verna 1.6 VTVT AT SX,Hyundai,1
Ahmedabad,2017,Petrol,Automatic,Second,24.04,999.0,67.0,3.25,KWID AMT RXL,Renault,0
Coimbatore,2013,Petrol,Automatic,First,16.5,1198.0,86.8,4.9,Brio S Option AT,Honda,1
Kochi,2018,Petrol,Manual,First,18.16,1196.0,86.8,6.46,Figo Aspire 1.2 Ti-VCT Titanium,Ford,1
Bangalore,2014,Diesel,Manual,Second,11.5,2982.0,171.0,18.5,Fortuner 3.0 Diesel,Toyota,2
Ahmedabad,2013,Diesel,Manual,First,25.0,1396.0,69.01,2.7,Indigo eCS eLX BS IV,Tata,0
Chennai,2016,Diesel,Manual,First,25.83,1498.0,99.0,4.6,Figo 2015-2019 1.5D Ambiente MT,Ford,1
Jaipur,2014,Diesel,Manual,First,23.4,1248.0,74.0,5.35,Swift Dzire VDI,Maruti,0
Pune,2011,Diesel,Manual,First,23.08,1461.0,63.1,2.3,Micra Diesel XV Primo,Nissan,0
Delhi,2016,Diesel,Automatic,First,19.3,1968.0,141.0,15.45,Octavia Style Plus 2.0 TDI AT,Skoda,2
Hyderabad,2014,Diesel,Automatic,First,16.96,1968.0,138.03,12.49,Jetta 2013-2015 2.0L TDI Highline AT,Volkswagen,2
Coimbatore,2016,Diesel,Automatic,First,12.07,2967.0,241.4,48.76,Q7 35 TDI Quattro Technology,Audi,4
Pune,2011,Petrol,Manual,First,17.0,1197.0,80.0,3.2,i20 1.2 Sportz,Hyundai,0
Delhi,2012,Diesel,Automatic,First,16.07,1995.0,181.0,8.75,3 Series 320d Corporate Edition,BMW,3
Kolkata,2015,Diesel,Manual,First,21.19,1396.0,88.73,5.99,i20 Active 1.4 SX Dual Tone,Hyundai,1
Chennai,2005,Diesel,Manual,Second,12.7,2609.0,116.6,2.9,Scorpio 2.6 DX,Mahindra,1
Hyderabad,2012,Petrol,Automatic,First,10.5,3197.0,113.25304969366915,18.0,A4 3.2 FSI Tiptronic Quattro,Audi,1
Kolkata,2011,Diesel,Manual,First,20.0,1399.0,68.05,1.8,Figo Diesel EXI,Ford,0
Mumbai,2012,Petrol,Manual,First,9.8,2354.0,180.0,6.25,Accord 2.4 Inspire M/T,Honda,3
Bangalore,2013,Diesel,Manual,First,21.9,1396.0,88.76,5.45,i20 Sportz 1.4 CRDi,Hyundai,1
Mumbai,2018,Diesel,Automatic,First,16.36,2179.0,187.7,52.5,XF 2.2 Litre Luxury,Jaguar,3
Mumbai,2013,Petrol,Automatic,First,17.1,1591.0,121.4,5.6,Verna 1.6 SX VTVT (O) AT,Hyundai,1
Kolkata,2014,Petrol,Manual,First,17.4,1497.0,117.3,6.45,City i VTEC VX Option,Honda,1
Mumbai,2012,Petrol,Manual,First,18.5,1197.0,82.85,3.7,i20 Asta Optional with Sunroof 1.2,Hyundai,1
Chennai,2013,Petrol,Manual,First,19.4,1198.0,86.8,3.49,Brio S MT,Honda,1
Kolkata,2013,Diesel,Manual,First,21.9,1396.0,88.76,3.55,i20 Sportz 1.4 CRDi,Hyundai,1
Mumbai,2017,Petrol,Manual,First,10.4,2393.0,163.5,9.0,Grand Vitara 2.4 MT,Maruti,2
Hyderabad,2011,Petrol,Manual,First,19.0,998.0,66.1,2.7,A-Star Vxi,Maruti,0
Pune,2011,Diesel,Manual,First,20.3,1621.276449941501,113.25304969366915,2.6,Punto 1.3 Emotion,Fiat,1
Chennai,2006,Petrol,Manual,First,19.7,796.0,46.3,1.5,Alto LXi,Maruti,0
Jaipur,2017,Diesel,Manual,First,16.0,2179.0,140.0,15.9,XUV500 W10 2WD,Mahindra,2
Hyderabad,2013,Diesel,Manual,First,22.9,1248.0,74.0,5.2,Swift RS VDI,Maruti,0
Mumbai,2014,Diesel,Automatic,First,17.05,1995.0,184.0,16.25,X1 sDrive20d,BMW,3
Mumbai,2007,Diesel,Automatic,Second,14.3,1968.0,140.0,3.31,Passat 2.0 PD DSG,Volkswagen,2
Bangalore,2012,Diesel,Automatic,First,16.09,1995.0,184.0,24.0,X3 xDrive20d,BMW,3
Kolkata,2011,Petrol,Manual,First,18.5,1197.0,85.8,2.5,Ritz VXi,Maruti,1
Jaipur,2013,Diesel,Manual,Second,21.9,1396.0,88.76,3.9,i20 Sportz 1.4 CRDi,Hyundai,1
Kolkata,2013,Diesel,Manual,First,25.2,1248.0,74.0,3.85,Swift VDI BSIV,Maruti,0
Delhi,2011,Petrol,Manual,First,11.7,1796.0,178.0,8.8,New C-Class 200 Kompressor,Mercedes-Benz,3
Chennai,2009,Petrol,Manual,Second,14.28,1798.0,138.03,4.95,Corolla Altis 1.8 GL,Toyota,2
Kolkata,2014,Diesel,Manual,First,22.32,1582.0,126.32,5.75,Verna 1.6 SX CRDi (O),Hyundai,1
Kochi,2014,Diesel,Manual,First,19.01,1461.0,108.45,6.17,Duster 110PS Diesel RxZ,Renault,1
Chennai,2010,Diesel,Manual,First,17.8,1248.0,75.0,3.45,Swift Ldi BSIII,Maruti,0
Jaipur,2016,Petrol,Manual,First,24.07,998.0,67.1,3.2,Alto K10 VXI,Maruti,0
Coimbatore,2017,Petrol,Automatic,First,13.0,1591.0,121.3,13.49,Creta 1.6 SX Plus Petrol Automatic,Hyundai,1
Delhi,2016,Petrol,Automatic,First,15.04,1991.0,183.0,24.5,CLA 200 CGI Sport,Mercedes-Benz,3
Kolkata,2015,Petrol,Automatic,First,10.1,2354.0,152.0,14.7,CR-V 2.4 4WD AT,Honda,2
Hyderabad,2014,Diesel,Manual,First,22.7,1498.0,89.84,6.0,Ecosport 1.5 DV5 MT Trend,Ford,1
Coimbatore,2016,Diesel,Automatic,First,13.0,2143.0,204.0,34.18,E-Class 2015-2017 E250 CDI Avantgarde,Mercedes-Benz,3
Delhi,2014,Diesel,Manual,First,24.0,1120.0,70.0,3.5,Grand i10 CRDi Magna,Hyundai,0
Hyderabad,2006,Petrol,Manual,First,16.6,1388.0,68.0,2.15,Fiesta 1.4 Duratec ZXI,Ford,0
Kolkata,2018,Diesel,Automatic,First,17.6,1582.0,126.2,11.25,Creta 1.6 SX Automatic Diesel,Hyundai,1
Delhi,2010,Petrol,Manual,First,19.0,998.0,66.1,2.0,A-Star Lxi,Maruti,0
Kochi,2015,Diesel,Manual,First,23.2,1248.0,73.94,4.27,Ritz LDi,Maruti,0
Kochi,2017,Petrol,Manual,First,17.8,1497.0,117.3,7.68,City i VTEC SV,Honda,1
Coimbatore,2017,Diesel,Manual,First,12.99,2494.0,100.6,14.52,Innova 2.5 GX (Diesel) 7 Seater,Toyota,1
Mumbai,2011,Petrol,Automatic,Second,11.8,3498.0,272.0,16.85,R-Class R350 4Matic Long,Mercedes-Benz,5
Mumbai,2015,Diesel,Manual,First,21.14,1498.0,103.52,5.75,Rapid 1.5 TDI Elegance,Skoda,1
Mumbai,2017,Petrol,Manual,First,15.8,1499.0,110.0,8.3,Ecosport 1.5 Ti VCT MT Titanium,Ford,1
Chennai,2014,Petrol,Automatic,First,23.1,998.0,67.04,3.95,Celerio VXI AT,Maruti,0
Mumbai,2014,Petrol,Manual,First,15.04,1598.0,103.6,4.8,Vento Petrol Highline,Volkswagen,1
Ahmedabad,2011,Diesel,Automatic,First,13.5,2400.0,215.0,12.0,XC60 D5,Volvo,3
Ahmedabad,2017,Diesel,Manual,First,23.59,1364.0,67.04,6.25,Etios Cross 1.4 GD,Toyota,0
Jaipur,2012,Diesel,Manual,First,19.4,1405.0,70.0,2.5,Indica Vista TDI LX,Tata,0
Pune,2014,Petrol,Automatic,First,18.0,1497.0,117.3,7.5,City i VTEC CVT VX,Honda,1
Delhi,2010,Petrol,Manual,First,17.0,1497.0,118.0,3.5,City 1.5 V MT,Honda,1
Hyderabad,2005,Diesel,Manual,First,18.7,1896.0,66.0,1.99,Octavia Rider Classic 1.9 TDI,Skoda,0
Kolkata,2009,Petrol,Manual,First,14.53,1798.0,138.0,2.25,Corolla 1.8 J,Toyota,2
Delhi,2014,Petrol,Manual,First,16.78,1496.0,88.73,3.25,Etios G,Toyota,1
Bangalore,2016,Diesel,Automatic,First,17.05,1995.0,184.0,28.5,X1 sDrive20d,BMW,3
Kolkata,2006,Petrol,Automatic,First,16.4,1497.0,78.0,1.5,City ZX CVT,Honda,0
Delhi,2017,Diesel,Manual,First,22.54,1396.0,88.73,7.0,i20 Sportz 1.4 CRDi,Hyundai,1
Delhi,2014,Diesel,Automatic,First,13.0,2987.0,261.5,27.5,E-Class E350 CDI,Mercedes-Benz,4
Ahmedabad,2015,Diesel,Manual,First,19.67,1582.0,126.2,10.5,Creta 1.6 CRDi SX Option,Hyundai,1
Jaipur,2014,Diesel,Automatic,Second,15.73,1968.0,174.33,21.5,Q3 2012-2015 2.0 TDI Quattro Premium Plus,Audi,3
Delhi,2016,Diesel,Automatic,First,12.63,2179.0,147.5,35.0,Rover Discovery Sport TD4 HSE,Land,2
Hyderabad,2015,Diesel,Automatic,First,21.66,1498.0,103.52,7.99,Rapid 1.5 TDI AT Elegance Plus,Skoda,1
Coimbatore,2015,Petrol,Automatic,First,23.1,998.0,67.04,4.88,Celerio VXI AT,Maruti,0
Mumbai,2013,Petrol,Automatic,First,11.05,2894.0,444.0,40.5,RS5 Coupe,Audi,8
Mumbai,2015,Petrol,Manual,First,20.73,1373.0,91.1,6.55,Ciaz ZXi Plus,Maruti,1
Coimbatore,2015,Diesel,Automatic,First,14.16,1968.0,174.3,29.64,Q5 2.0 TDI Premium Plus,Audi,3
Coimbatore,2013,Diesel,Manual,Second,20.0,1399.0,68.0,4.34,Figo Diesel Titanium,Ford,0
Kochi,2014,Petrol,Manual,First,18.88,999.0,123.37,6.22,Ecosport 1.0 Ecoboost Titanium,Ford,1
Delhi,2009,Petrol,Manual,Second,17.0,1497.0,118.0,2.25,City 1.5 S MT,Honda,1
Hyderabad,2015,Diesel,Automatic,First,16.36,2179.0,187.7,38.0,XF 2.2 Litre Luxury,Jaguar,3
Mumbai,2008,Petrol,Manual,Second,20.4,1197.0,81.8,2.15,Swift VXI BSIV,Maruti,1
Coimbatore,2014,Diesel,Automatic,First,22.48,1995.0,190.0,22.45,5 Series 520d Luxury Line,BMW,3
Coimbatore,2017,Diesel,Automatic,First,15.0,2143.0,107.3,20.87,B Class B200 CDI,Mercedes-Benz,1
Mumbai,2013,Petrol,Manual,First,19.4,1198.0,86.8,3.1,Brio S MT,Honda,1
Mumbai,2016,Petrol,Manual,First,18.6,1197.0,81.83,5.95,i20 Sportz 1.2,Hyundai,1
Mumbai,2006,Diesel,Manual,Second,16.8,1405.0,68.0,0.86,Indica V2 DLG TC,Tata,0
Delhi,2010,Diesel,Manual,First,11.5,2982.0,171.0,9.25,Fortuner 3.0 Diesel,Toyota,2
Mumbai,2011,Petrol,Manual,First,19.81,1086.0,68.05,2.25,i10 Sportz 1.1L,Hyundai,0
Kochi,2016,Petrol,Manual,First,17.0,1197.0,80.0,6.13,i20 1.2 Sportz Option,Hyundai,0
Kochi,2006,Petrol,Manual,Second,15.4,1590.0,113.25304969366915,1.81,Baleno LXI - BSIII,Maruti,1
Pune,2014,Petrol,Automatic,Second,15.5,1198.0,86.7,3.79,Amaze S AT i-Vtech,Honda,1
Mumbai,2011,Diesel,Manual,First,23.59,1364.0,113.25304969366915,3.6,Etios Liva GD,Toyota,1
Pune,2013,Petrol,Automatic,Second,16.95,1197.0,78.9,3.85,i10 Sportz 1.2 AT,Hyundai,0
Hyderabad,2013,Diesel,Manual,First,22.07,1199.0,73.9,4.5,Polo Diesel Trendline 1.2L,Volkswagen,0
Coimbatore,2018,Petrol,Manual,First,21.1,998.0,100.0,8.61,Baleno RS Petrol,Maruti,1
Ahmedabad,2016,Diesel,Manual,First,21.9,1396.0,88.76,6.5,i20 Sportz 1.4 CRDi,Hyundai,1
Chennai,2005,Petrol,Automatic,First,11.3,1794.0,125.0,2.6,Corolla H4,Toyota,1
Pune,2015,Diesel,Manual,First,12.99,2494.0,100.6,15.0,Innova 2.5 VX (Diesel) 7 Seater,Toyota,1
Pune,2017,Petrol,Automatic,First,23.1,998.0,67.04,4.7,Celerio VXI AT Optional,Maruti,0
Hyderabad,2015,Diesel,Automatic,First,19.3,1968.0,141.0,12.99,Octavia Elegance 2.0 TDI AT,Skoda,2
Kochi,2018,Petrol,Manual,First,17.3,1497.0,117.3,7.32,Mobilio S i VTEC,Honda,1
Delhi,2015,Diesel,Manual,Second,23.9,1582.0,126.2,6.5,Verna 1.6 CRDi SX,Hyundai,1
Coimbatore,2012,Petrol,Manual,Second,17.0,1497.0,118.0,5.67,City 1.5 S MT,Honda,1
Chennai,2014,Diesel,Manual,Second,19.68,1399.0,67.0,3.0,Classic 1.4 Duratorq Titanium,Ford,0
Delhi,2015,Diesel,Manual,Second,26.21,1248.0,88.5,5.5,Ciaz ZDi,Maruti,1
Pune,2015,Petrol,Manual,First,18.9,998.0,67.1,3.35,Wagon R VXI BS IV,Maruti,0
Coimbatore,2015,Diesel,Automatic,First,14.94,2967.0,241.4,25.02,A4 3.0 TDI Quattro,Audi,4
Coimbatore,2017,Petrol,Automatic,First,19.16,2487.0,175.67,26.11,Camry Hybrid 2.5,Toyota,3
Coimbatore,2016,Petrol,Manual,First,18.6,1197.0,81.83,7.09,i20 Asta 1.2,Hyundai,1
Delhi,2018,Petrol,Manual,First,18.9,1197.0,81.86,6.5,Grand i10 1.2 Kappa Asta,Hyundai,1
Chennai,2012,Diesel,Manual,First,22.07,1199.0,73.9,4.5,Polo Diesel Trendline 1.2L,Volkswagen,0
Chennai,2016,Diesel,Automatic,First,15.97,2993.0,258.0,57.0,X5 xDrive 30d M Sport,BMW,4
Kochi,2012,Petrol,Manual,First,16.47,1198.0,73.9,3.82,Polo Petrol Comfortline 1.2L,Volkswagen,0
Jaipur,2013,Diesel,Manual,First,20.45,1461.0,83.8,5.25,Duster 85PS Diesel RxE,Renault,1
Coimbatore,2016,Petrol,Automatic,First,14.67,1798.0,177.46,16.81,Superb Style 1.8 TSI AT,Skoda,3
Delhi,2013,Diesel,Automatic,First,14.16,1968.0,174.3,21.5,Q5 2.0 TDI,Audi,3
Hyderabad,2017,Diesel,Manual,First,27.39,1248.0,74.0,8.5,Baleno Delta 1.3,Maruti,0
Delhi,2013,Petrol,Manual,First,16.47,1198.0,73.9,3.25,Polo Petrol Comfortline 1.2L,Volkswagen,0
Coimbatore,2019,Diesel,Automatic,First,13.5,2477.0,175.56,27.11,Pajero Sport 4X4 AT,Mitsubishi,3
Mumbai,2015,Petrol,Manual,First,20.73,1373.0,91.1,5.95,Ciaz VXi Plus,Maruti,1
Kochi,2015,Diesel,Manual,First,19.87,1461.0,83.8,6.79,Duster 85PS Diesel RxL Option,Renault,1
Mumbai,2016,Petrol,Manual,First,21.1,814.0,55.2,2.55,EON D Lite Plus Option,Hyundai,0
Pune,2008,Petrol,Manual,Second,10.8,2354.0,152.0,3.7,CR-V 2.4 MT,Honda,2
Bangalore,2014,Petrol,Manual,Second,17.01,1591.0,121.3,6.75,Verna 1.6 SX VTVT,Hyundai,1
Kolkata,2015,Petrol,Manual,First,14.28,1798.0,138.03,6.95,Corolla Altis JS MT,Toyota,2
Kochi,2011,Petrol,Manual,First,15.5,1586.0,103.3,2.78,SX4 ZXI MT BSIV,Maruti,1
Coimbatore,2016,Petrol,Manual,First,16.47,1198.0,73.9,6.18,Polo Petrol Comfortline 1.2L,Volkswagen,0
Bangalore,2015,Diesel,Automatic,First,14.16,1968.0,174.3,36.0,Q5 30 TDI quattro Premium Plus,Audi,3
Coimbatore,2012,Petrol,Manual,First,17.0,1497.0,118.0,5.81,City 1.5 V MT,Honda,1
Pune,2014,Petrol,Manual,First,22.5,998.0,67.04,3.41,Wagon R VXI,Maruti,0
Bangalore,2018,Diesel,Automatic,First,13.5,2477.0,175.56,26.5,Pajero Sport 4X4 AT,Mitsubishi,3
Hyderabad,2015,Petrol,Automatic,First,14.7,1798.0,177.5,16.0,Octavia Elegance 1.8 TSI AT,Skoda,3
Kochi,2017,Diesel,Manual,First,19.67,1582.0,126.2,12.13,Creta 1.6 CRDi SX Option,Hyundai,1
Hyderabad,2009,Petrol,Manual,Second,19.7,796.0,46.3,1.8,Alto LXi BSIII,Maruti,0
Pune,2013,Petrol,Manual,First,16.8,1497.0,116.3,6.25,City V MT,Honda,1
Pune,2011,Diesel,Manual,First,17.67,1968.0,138.08,6.0,Yeti Ambition 4WD,Skoda,2
Delhi,2013,Petrol,Automatic,First,14.8,1595.0,120.7,11.56,B Class B180,Mercedes-Benz,1
Mumbai,2014,Petrol,Automatic,Second,17.21,1197.0,103.6,5.2,Polo GT TSI,Volkswagen,1
Coimbatore,2014,Diesel,Manual,First,22.77,1498.0,98.59,7.52,EcoSport 1.5 TDCi Titanium,Ford,1
Coimbatore,2017,Petrol,Manual,First,15.29,1591.0,121.3,12.49,Creta 1.6 SX Plus Dual Tone Petrol,Hyundai,1
Coimbatore,2019,Diesel,Manual,First,14.24,2755.0,174.5,35.82,Fortuner 2.8 2WD MT,Toyota,3
Chennai,2017,Petrol,Manual,First,20.85,1197.0,83.14,6.25,Swift Dzire ZXI,Maruti,1
Coimbatore,2015,Petrol,Manual,First,17.0,1197.0,80.0,6.22,i20 1.2 Asta with AVN,Hyundai,0
Bangalore,2016,Petrol,Manual,First,15.4,1497.0,117.3,8.02,BR-V i-VTEC S MT,Honda,1
Mumbai,2014,Petrol,Manual,First,23.1,998.0,67.04,3.75,Celerio ZXI,Maruti,0
Mumbai,2009,Petrol,Automatic,Second,10.93,3498.0,272.0,11.75,E-Class 2009-2013 E350 Petrol,Mercedes-Benz,5
Kolkata,2012,Petrol,Manual,First,20.36,1197.0,78.9,2.25,i10 Magna 1.2 iTech SE,Hyundai,0
Mumbai,2013,Petrol,Manual,First,17.71,1197.0,78.9,3.55,Etios Liva V,Toyota,0
Coimbatore,2017,Diesel,Automatic,First,15.0,2143.0,204.0,38.15,E-Class 2015-2017 E250 Edition E,Mercedes-Benz,3
Ahmedabad,2015,Petrol,Manual,First,21.1,814.0,55.2,2.66,EON D Lite Plus,Hyundai,0
Bangalore,2011,Petrol,Manual,First,17.0,1497.0,118.0,4.95,City 1.5 S MT,Honda,1
Chennai,2003,Petrol,Automatic,First,13.0,2987.0,210.0,6.5,S-Class 280 AT,Mercedes-Benz,3
Pune,2016,Diesel,Manual,Second,25.0,1396.0,69.01,2.4,Indigo CS eVX,Tata,0
Pune,2016,Petrol,Manual,First,15.29,1591.0,121.3,12.5,Creta 1.6 VTVT S,Hyundai,1
Pune,2013,Petrol,Manual,First,20.51,998.0,67.04,3.0,Wagon R LXI BS IV,Maruti,0
Kochi,2017,Diesel,Manual,First,28.4,1248.0,73.75,6.67,Dzire VDI,Maruti,0
Coimbatore,2008,Petrol,Manual,Fourth & Above,13.8,1299.0,70.0,1.97,Ikon 1.3 Flair,Ford,0
Kolkata,2013,Petrol,Manual,First,16.47,1198.0,73.9,2.8,Polo Petrol Comfortline 1.2L,Volkswagen,0
Jaipur,2011,Petrol,Manual,First,20.36,1197.0,78.9,2.65,i10 Magna 1.2,Hyundai,0
Chennai,2014,Diesel,Manual,First,18.2,1248.0,73.74,4.75,Enjoy 1.3 TCDi LTZ 8,Chevrolet,0
Bangalore,2011,Petrol,Automatic,Second,10.5,1796.0,157.7,19.0,E-Class 200 Kompressor Elegance,Mercedes-Benz,2
Bangalore,2012,Diesel,Manual,First,17.8,1248.0,75.0,4.5,Swift Vdi BSIII,Maruti,0
Hyderabad,2012,Diesel,Manual,First,15.1,2179.0,140.0,8.25,XUV500 W8 4WD,Mahindra,2
Pune,2014,Petrol,Manual,First,17.71,1197.0,78.9,3.5,Etios Liva G,Toyota,0
Pune,2013,Diesel,Manual,First,15.1,2179.0,140.0,8.5,XUV500 W8 4WD,Mahindra,2
Hyderabad,2015,Petrol,Manual,First,15.29,1591.0,121.3,9.0,Creta 1.6 VTVT S,Hyundai,1
Hyderabad,2014,Diesel,Manual,First,26.0,1498.0,98.6,6.75,City i DTEC SV,Honda,1
Hyderabad,2014,Diesel,Manual,First,19.3,1248.0,73.9,5.4,Swift Dzire VDi,Maruti,0
Delhi,2015,Petrol,Manual,First,20.51,998.0,67.04,3.5,Wagon R LXI BS IV,Maruti,0
Hyderabad,2012,Petrol,Manual,First,21.1,814.0,55.2,2.6,EON Era Plus,Hyundai,0
Bangalore,2017,Diesel,Automatic,First,11.36,2755.0,171.5,20.5,Innova Crysta 2.8 ZX AT,Toyota,2
Kochi,2017,Petrol,Manual,Second,15.8,1591.0,121.3,11.31,Creta 1.6 SX Option,Hyundai,1
Kolkata,2018,Petrol,Manual,First,20.51,998.0,67.04,4.5,Wagon R VXI Plus,Maruti,0
Chennai,2015,Diesel,Automatic,First,11.3,2987.0,254.8,56.0,GL-Class 350 CDI Blue Efficiency,Mercedes-Benz,4
Kochi,2017,Petrol,Manual,First,23.1,998.0,67.04,5.2,Celerio VXI,Maruti,0
Delhi,2011,Diesel,Manual,First,12.05,2179.0,120.0,5.25,Scorpio SLE BSIV,Mahindra,1
Pune,2014,Diesel,Manual,First,21.2,1248.0,75.0,3.3,Grande Punto EVO 1.3 Active,Fiat,0
Kolkata,2013,Diesel,Manual,First,22.7,1582.0,126.24,5.85,Elantra CRDi SX,Hyundai,1
Delhi,2014,Petrol,Manual,First,19.1,1197.0,85.8,3.9,Swift Dzire LXI,Maruti,1
Delhi,2009,Diesel,Automatic,First,16.55,1968.0,140.0,7.98,A4 2.0 TDI Multitronic,Audi,2
Mumbai,2014,Petrol,Automatic,First,16.5,1198.0,86.8,4.3,Brio VX AT,Honda,1
Kolkata,2011,Petrol,Manual,First,18.9,998.0,67.1,2.25,Wagon R LXI BS IV,Maruti,0
Ahmedabad,2013,Petrol,Manual,First,19.81,1086.0,68.05,3.2,i10 Magna 1.1,Hyundai,0
Hyderabad,2012,Diesel,Manual,First,22.32,1582.0,126.32,6.55,Verna 1.6 SX,Hyundai,1
Bangalore,2014,Diesel,Manual,Second,22.32,1582.0,126.32,6.9,Verna 1.6 SX,Hyundai,1
Chennai,2009,Diesel,Manual,First,23.2,1248.0,73.94,2.95,Ritz VDi,Maruti,0
Coimbatore,2017,Diesel,Manual,First,20.5,1582.0,126.2,11.45,Creta 1.6 SX Option Diesel,Hyundai,1
Kochi,2017,Petrol,Manual,First,21.4,1197.0,83.1,6.37,Baleno Delta,Maruti,1
Jaipur,2011,Diesel,Manual,First,22.32,1582.0,126.3,5.0,Verna 1.6 CRDI,Hyundai,1
Chennai,2012,Diesel,Manual,Second,22.3,1248.0,74.0,2.6,Indica Vista Quadrajet VX,Tata,0
Kolkata,2010,Petrol,Manual,First,18.5,1197.0,80.0,1.9,i20 1.2 Magna,Hyundai,0
Kochi,2015,Diesel,Automatic,First,17.85,2967.0,300.0,60.95,Panamera Diesel,Porsche,5
Coimbatore,2017,Petrol,Manual,First,15.1,1196.0,73.0,4.44,Eeco Smiles 5 Seater AC,Maruti,0
Chennai,2012,Diesel,Automatic,Second,22.69,1995.0,190.0,15.3,3 Series 320d Sport,BMW,3
Chennai,2016,Diesel,Manual,Second,25.47,1248.0,88.5,8.2,Ertiga VDI,Maruti,1
Ahmedabad,2014,Petrol,Automatic,First,16.9,1197.0,81.86,5.25,Xcent 1.2 Kappa AT S Option,Hyundai,1
Pune,2016,Petrol,Automatic,Second,16.93,1197.0,103.2,8.5,Vento 1.2 TSI Highline AT,Volkswagen,1
Chennai,2015,Diesel,Automatic,First,15.73,1968.0,174.33,23.75,Q3 35 TDI Quattro Premium,Audi,3
Delhi,2013,Petrol,Manual,First,19.81,1086.0,68.05,2.74,i10 Magna 1.1,Hyundai,0
Coimbatore,2016,Diesel,Automatic,First,16.96,1968.0,138.03,13.83,Jetta 2013-2015 2.0L TDI Highline AT,Volkswagen,2
Mumbai,2017,Petrol,Manual,First,21.1,998.0,100.0,6.99,Baleno RS 1.0 Petrol,Maruti,1
Jaipur,2009,Petrol,Manual,First,19.81,1086.0,68.05,2.25,i10 Era,Hyundai,0
Hyderabad,2013,Diesel,Manual,First,12.8,2494.0,102.0,11.49,Innova 2.5 G4 Diesel 8-seater,Toyota,1
Coimbatore,2012,Petrol,Manual,Second,18.6,1199.0,79.4,2.87,Beat LT,Chevrolet,0
Kolkata,2005,Diesel,Manual,First,12.8,2494.0,102.0,3.25,Innova 2.5 G3,Toyota,1
Pune,2009,Petrol,Manual,Second,9.8,2354.0,180.0,3.5,Accord 2.4 Inspire M/T,Honda,3
Kochi,2017,Diesel,Manual,First,25.32,1198.0,77.0,4.49,KUV 100 mFALCON D75 K4 Plus,Mahindra,0
Jaipur,2011,Diesel,Manual,First,22.07,1199.0,73.9,2.9,Polo Diesel Trendline 1.2L,Volkswagen,0
Coimbatore,2014,Petrol,Manual,First,12.4,1998.0,132.0,12.36,Innova 2.0 GX 8 STR,Toyota,2
Mumbai,2011,Diesel,Automatic,First,11.79,2179.0,120.0,6.0,Scorpio VLX AT AIRBAG BSIV,Mahindra,1
Chennai,2010,Diesel,Automatic,First,16.46,2993.0,258.0,31.0,7 Series 730Ld Sedan,BMW,4
Kolkata,2015,Diesel,Manual,First,25.6,1498.0,98.6,5.49,City i-DTEC SV,Honda,1
Coimbatore,2015,Diesel,Manual,First,22.07,1199.0,73.9,5.86,Polo Diesel Comfortline 1.2L,Volkswagen,0
Mumbai,2015,Diesel,Manual,First,16.0,2179.0,140.0,9.0,XUV500 W8 2WD,Mahindra,2
Jaipur,2016,Petrol,Manual,First,16.09,1598.0,103.5,7.7,Vento 1.6 Highline,Volkswagen,1
Coimbatore,2017,Petrol,Manual,First,17.4,1497.0,117.3,9.47,City i VTEC V,Honda,1
Bangalore,2014,Diesel,Automatic,First,14.16,1968.0,174.3,29.0,Q5 2.0 TDI Premium Plus,Audi,3
Kochi,2012,Petrol,Automatic,First,17.0,1497.0,118.0,5.42,City 1.5 V AT Exclusive,Honda,1
Coimbatore,2016,Petrol,Manual,First,20.4,1197.0,81.8,6.39,Swift VXI BSIV,Maruti,1
Jaipur,2015,Petrol,Manual,First,22.74,796.0,47.3,2.75,Alto 800 LXI,Maruti,0
Chennai,2011,Diesel,Manual,First,20.0,1399.0,68.0,2.5,Figo Diesel Titanium,Ford,0
Delhi,2012,Petrol,Manual,First,17.92,1086.0,62.1,2.35,Santro Xing GL Plus,Hyundai,0
Coimbatore,2015,Petrol,Manual,First,18.9,998.0,67.1,4.65,Wagon R VXI,Maruti,0
Ahmedabad,2014,Diesel,Manual,First,26.0,1498.0,98.6,6.0,City i DTEC SV,Honda,1
Pune,2012,Petrol,Manual,Second,16.8,1497.0,116.3,3.5,City V MT AVN,Honda,1
Hyderabad,2014,Diesel,Manual,First,25.1,1498.0,98.6,7.0,City i DTEC VX,Honda,1
Bangalore,2014,Petrol,Manual,First,17.0,1591.0,121.3,7.75,Verna VTVT 1.6 SX,Hyundai,1
Kochi,2014,Petrol,Manual,First,24.07,998.0,67.1,2.93,Alto K10 LXI,Maruti,0
Kolkata,2014,Diesel,Automatic,First,14.21,2143.0,203.0,22.5,E-Class 2009-2013 E250 CDI Avantgarde,Mercedes-Benz,3
Coimbatore,2014,Diesel,Automatic,First,11.2,2993.0,241.0,40.66,X6 xDrive30d,BMW,4
Pune,2008,Petrol,Manual,First,14.0,1061.0,64.0,1.75,Wagon R LXI BSIII,Maruti,0
Hyderabad,2015,Diesel,Manual,Second,19.72,1461.0,108.45,8.2,Duster RXZ AWD,Renault,1
Delhi,2011,Diesel,Manual,First,12.05,2179.0,120.0,4.49,Scorpio VLX 2.2 mHawk Airbag BSIV,Mahindra,1
Chennai,2016,Diesel,Automatic,First,10.91,3198.0,197.2,26.5,Endeavour 3.2 Trend AT 4X4,Ford,3
Hyderabad,2011,Petrol,Manual,First,19.0,998.0,67.1,2.6,Zen Estilo LXI BS IV,Maruti,0
Bangalore,2005,Petrol,Manual,Second,17.0,1621.276449941501,113.25304969366915,1.65,Santro Xing XG,Hyundai,1
Kolkata,2011,Petrol,Manual,First,20.36,1197.0,78.9,2.49,i10 Asta,Hyundai,0
Hyderabad,2013,Petrol,Automatic,First,16.5,1198.0,86.8,5.4,Brio VX AT,Honda,1
Jaipur,2017,Petrol,Automatic,First,20.51,998.0,67.0,4.35,Wagon R AMT VXI,Maruti,0
Coimbatore,2018,Diesel,Automatic,First,18.51,1968.0,147.51,32.73,Q3 30 TDI Premium FWD,Audi,2
Jaipur,2011,Petrol,Manual,First,18.9,998.0,67.1,2.5,Wagon R LXI,Maruti,0
Kochi,2015,Diesel,Automatic,First,18.25,1968.0,187.74,21.66,A4 35 TDI Premium Plus,Audi,3
Mumbai,2016,Petrol,Manual,First,25.17,799.0,53.3,2.99,KWID RXT Optional,Renault,0
Kolkata,2016,Petrol,Manual,First,24.7,796.0,47.3,2.61,Alto 800 2016-2019 VXI,Maruti,0
Delhi,2013,Diesel,Manual,First,12.99,2494.0,100.0,8.25,Innova 2.5 GX (Diesel) 8 Seater,Toyota,1
Pune,2015,Petrol,Automatic,First,14.53,1794.0,138.1,12.5,Corolla Altis 2008-2013 1.8 VL AT,Toyota,2
Hyderabad,2015,Diesel,Manual,First,25.83,1498.0,99.0,5.5,Figo 2015-2019 1.5D Titanium Plus MT,Ford,1
Coimbatore,2014,Petrol,Manual,First,19.4,1198.0,86.8,5.53,Brio S MT,Honda,1
Pune,2004,Petrol,Manual,Second,14.2,1597.0,92.0,1.1,Ikon 1.6 ZXI NXt,Ford,1
Mumbai,2014,Diesel,Manual,First,12.05,2179.0,120.0,6.85,Scorpio 2009-2014 LX 2WD 7S,Mahindra,1
Coimbatore,2007,Petrol,Manual,First,13.0,2987.0,210.0,17.09,S-Class 320 L,Mercedes-Benz,3
Delhi,2012,Diesel,Manual,Second,12.05,2179.0,120.0,4.93,Scorpio SLE BSIV,Mahindra,1
Ahmedabad,2012,Diesel,Automatic,Second,12.39,2179.0,147.51,17.5,Rover Freelander 2 SE,Land,2
Delhi,2011,Petrol,Manual,First,18.6,1199.0,79.4,1.95,Beat LS,Chevrolet,0
Bangalore,2014,Diesel,Manual,First,22.9,1248.0,74.0,6.1,Swift ZDi,Maruti,0
Mumbai,2008,Petrol,Manual,Second,13.4,1794.0,125.0,1.8,Corolla H2,Toyota,1
Bangalore,2015,Diesel,Automatic,First,13.22,2967.0,241.4,34.5,Q5 3.0 TDI Quattro,Audi,4
Coimbatore,2015,Petrol,Manual,First,21.1,814.0,55.2,4.01,EON Era Plus,Hyundai,0
Kolkata,2013,Petrol,Manual,First,19.5,1199.0,88.76,3.15,Amaze S Petrol,Honda,1
Mumbai,2015,Petrol,Automatic,First,17.01,1499.0,110.5,5.49,Figo Aspire 1.5 Ti-VCT Titanium,Ford,1
Bangalore,2016,Diesel,Automatic,Second,19.6,1461.0,108.45,10.0,Duster 110PS Diesel RxL AMT,Renault,1
Kolkata,2013,Petrol,Automatic,First,15.6,1497.0,116.3,4.55,City V AT,Honda,1
Mumbai,2010,Petrol,Manual,First,19.7,796.0,46.3,1.5,Alto LXi,Maruti,0
Kolkata,2011,Petrol,Manual,First,20.36,1197.0,78.9,2.15,i10 Magna 1.2,Hyundai,0
Chennai,2010,Petrol,Manual,Second,18.0,995.0,62.0,1.4,Spark 1.0 LS,Chevrolet,0
Bangalore,2014,Diesel,Manual,First,21.14,1498.0,103.6,6.2,Rapid 1.5 TDI Ambition Plus,Skoda,1
Mumbai,2013,Diesel,Automatic,First,17.68,1968.0,174.33,19.8,A6 2011-2015 2.0 TDI Premium Plus,Audi,3
Mumbai,2015,Petrol,Manual,First,18.7,1199.0,88.7,5.6,Jazz 1.2 V i VTEC,Honda,1
Mumbai,2015,Petrol,Manual,First,15.29,1591.0,121.3,9.5,Creta 1.6 SX Plus Dual Tone Petrol,Hyundai,1
Delhi,2012,Petrol,Manual,First,18.6,1199.0,79.4,2.21,Beat LS,Chevrolet,0
Kochi,2016,Petrol,Manual,First,19.1,1197.0,81.86,5.44,Xcent 1.2 Kappa S Option,Hyundai,1
Kolkata,2009,Petrol,Automatic,First,10.0,2496.0,157.7,7.56,E-Class 230 E AT,Mercedes-Benz,2
Jaipur,2011,Diesel,Manual,Second,22.9,1248.0,74.0,3.2,Swift ZDi,Maruti,0
Kochi,2018,Petrol,Manual,First,23.1,998.0,67.04,5.53,Celerio ZXI,Maruti,0
Hyderabad,2015,Diesel,Automatic,First,19.3,1968.0,141.0,17.0,Octavia Elegance 2.0 TDI AT,Skoda,2
Delhi,2010,Petrol,Automatic,First,16.8,1497.0,118.0,3.55,City 1.5 V AT,Honda,1
Chennai,2006,Petrol,Automatic,Second,9.0,2997.0,218.0,2.65,Accord V6 AT,Honda,3
Mumbai,2016,Petrol,Automatic,First,14.67,1798.0,177.46,17.85,Superb Style 1.8 TSI AT,Skoda,3
Coimbatore,2010,Diesel,Manual,First,12.99,2494.0,100.6,7.96,Innova 2.5 G (Diesel) 8 Seater,Toyota,1
Pune,2015,Petrol,Automatic,First,23.1,998.0,67.04,4.25,Celerio VXI AT,Maruti,0
Kolkata,2014,Diesel,Manual,First,20.77,1248.0,88.76,5.85,Ertiga VDI,Maruti,1
Mumbai,2013,Diesel,Automatic,First,20.0,2143.0,107.3,13.0,A Class A180 CDI,Mercedes-Benz,1
Kochi,2010,Diesel,Manual,First,14.0,2498.0,112.0,2.65,Xylo E2,Mahindra,1
Ahmedabad,2014,Diesel,Manual,First,25.8,1498.0,98.6,4.75,Amaze E i-Dtech,Honda,1
Pune,2015,Petrol,Manual,First,25.17,799.0,53.3,2.65,KWID RXT,Renault,0
Pune,2017,Petrol,Manual,First,25.17,799.0,53.3,3.0,KWID RXT,Renault,0
Coimbatore,2014,Diesel,Automatic,First,12.07,2967.0,241.4,32.52,Q7 3.0 TDI Quattro Premium Plus,Audi,4
Pune,2014,Diesel,Automatic,First,22.32,1582.0,126.32,7.75,Verna 1.6 SX CRDI (O) AT,Hyundai,1
Delhi,2016,Diesel,Automatic,First,11.36,2755.0,171.5,19.6,Innova Crysta 2.8 ZX AT,Toyota,2
Delhi,2010,Petrol,Manual,First,17.0,1197.0,80.0,2.6,i20 Sportz Option,Hyundai,0
Mumbai,2013,Petrol,Manual,First,16.47,1198.0,73.9,3.76,Polo Petrol Comfortline 1.2L,Volkswagen,0
Chennai,2012,Diesel,Manual,First,20.54,1598.0,103.6,4.75,Vento Diesel Trendline,Volkswagen,1
Mumbai,2007,Petrol,Manual,Second,17.7,1497.0,78.0,1.75,City ZX GXi,Honda,0
Bangalore,2011,Petrol,Manual,First,16.2,1599.0,103.2,3.95,Verna Transform Xxi ABS,Hyundai,1
Pune,2005,Petrol,Manual,Second,13.2,1495.0,94.0,1.0,Accent GLE,Hyundai,1
Jaipur,2011,Diesel,Automatic,First,20.0,1968.0,138.1,4.5,Laura Ambiente 2.0 TDI CR AT,Skoda,2
Coimbatore,2011,Petrol,Automatic,First,10.93,2497.0,204.0,17.23,E-Class 2009-2013 E 250 Elegance,Mercedes-Benz,3
Kochi,2015,Petrol,Manual,First,18.6,1197.0,81.83,5.76,i20 Sportz 1.2,Hyundai,1
Coimbatore,2013,Petrol,Manual,First,20.36,1197.0,78.9,4.32,i10 Magna 1.2,Hyundai,0
Delhi,2009,Petrol,Manual,Second,19.81,1086.0,68.05,1.9,i10 Magna 1.1L,Hyundai,0
Pune,2018,Petrol,Manual,First,17.0,1198.0,74.0,5.5,Ameo 1.2 MPI Anniversary Edition,Volkswagen,0
Mumbai,2014,Petrol,Automatic,First,12.98,2494.0,178.4,13.5,Camry 2.5 G,Toyota,3
Bangalore,2013,Diesel,Manual,Second,16.0,2179.0,140.0,9.75,XUV500 W8 2WD,Mahindra,2
Hyderabad,2011,Diesel,Automatic,First,17.2,1968.0,138.1,9.44,Superb Elegance 2.0 TDI CR AT,Skoda,2
Mumbai,2018,Petrol,Automatic,First,22.5,998.0,67.0,4.45,Wagon R VXI AMT,Maruti,0
Pune,2016,Diesel,Manual,First,24.3,1248.0,88.5,8.85,Vitara Brezza ZDi Plus Dual Tone,Maruti,1
Kochi,2013,Diesel,Manual,First,20.54,1598.0,103.6,4.89,Vento Diesel Comfortline,Volkswagen,1
Hyderabad,2015,Diesel,Manual,First,20.14,1498.0,88.8,6.25,Polo 1.5 TDI Highline,Volkswagen,1
Chennai,2012,Diesel,Manual,First,22.9,1248.0,74.0,4.8,Swift ZDi,Maruti,0
Jaipur,2008,Petrol,Manual,First,19.81,1086.0,68.05,1.8,i10 Era 1.1,Hyundai,0
Kolkata,2013,Diesel,Manual,First,16.0,2179.0,140.0,7.25,XUV500 W8 2WD,Mahindra,2
Coimbatore,2014,Diesel,Manual,First,25.47,1248.0,88.5,7.56,Ertiga VDI,Maruti,1
Kochi,2013,Diesel,Manual,First,16.0,2179.0,140.0,6.82,XUV500 W8 2WD,Mahindra,2
Jaipur,2011,Diesel,Manual,Second,21.12,1248.0,88.8,1.8,Manza Aura Quadrajet BS IV,Tata,1
Pune,2009,Diesel,Automatic,First,11.0,2987.0,198.5,11.5,E-Class 280 CDI,Mercedes-Benz,3
Chennai,2010,Petrol,Manual,First,15.6,1586.0,104.68,2.8,SX4 Zxi with Leather BSIII,Maruti,1
Hyderabad,2016,Petrol,Automatic,First,20.51,998.0,67.0,5.5,Wagon R AMT VXI,Maruti,0
Jaipur,2014,Diesel,Manual,First,20.0,1399.0,68.0,3.25,Figo Diesel ZXI,Ford,0
Coimbatore,2014,Diesel,Automatic,First,17.2,1968.0,138.1,10.9,Superb Elegance 2.0 TDI CR AT,Skoda,2
Kochi,2014,Petrol,Manual,First,18.5,1197.0,80.0,4.07,i20 1.2 Magna,Hyundai,0
Ahmedabad,2016,Diesel,Automatic,First,11.36,2755.0,171.5,18.0,Innova Crysta 2.8 ZX AT,Toyota,2
Mumbai,2012,Petrol,Manual,First,19.4,1198.0,86.8,2.95,Brio V MT,Honda,1
Mumbai,2011,Diesel,Automatic,First,17.2,1968.0,138.1,7.5,Superb Elegance 2.0 TDI CR AT,Skoda,2
Coimbatore,2016,Diesel,Automatic,First,13.0,2143.0,204.0,32.73,E-Class 2015-2017 E250 CDI Avantgarde,Mercedes-Benz,3
Delhi,2015,Diesel,Automatic,Second,12.55,2982.0,168.7,21.5,Fortuner 4x2 AT TRD Sportivo,Toyota,2
Pune,2008,Petrol,Manual,First,16.51,1586.0,103.2,2.5,SX4 ZXI MT BSIV,Maruti,1
Ahmedabad,2016,Diesel,Manual,First,27.3,1498.0,98.6,5.5,Jazz 1.5 V i DTEC,Honda,1
Mumbai,2012,Petrol,Automatic,First,14.53,1794.0,138.1,7.5,Corolla Altis 2008-2013 1.8 VL AT,Toyota,2
Mumbai,2007,Petrol,Manual,First,16.9,1497.0,100.0,1.55,City ZX VTEC,Honda,1
Kolkata,2017,Diesel,Automatic,First,20.68,1995.0,190.0,29.0,X1 xDrive 20d M Sport,BMW,3
Coimbatore,2019,Diesel,Manual,First,28.4,1248.0,74.0,8.4,Swift DDiS VDI,Maruti,0
Hyderabad,2016,Diesel,Manual,First,25.32,1198.0,77.0,6.5,KUV 100 mFALCON D75 K8,Mahindra,0
Mumbai,2010,Petrol,Manual,First,16.0,1198.0,90.0,2.35,Jazz Mode,Honda,1
Mumbai,2016,Petrol,Manual,First,20.4,1197.0,81.8,5.55,Swift ZXI,Maruti,1
Mumbai,2016,Petrol,Automatic,First,18.9,1197.0,82.0,5.35,Grand i10 Asta Option AT,Hyundai,1
Chennai,2016,Petrol,Manual,First,17.8,1198.0,86.7,5.25,Amaze SX i-VTEC,Honda,1
Coimbatore,2017,Petrol,Manual,First,18.9,1197.0,81.86,5.87,Grand i10 1.2 Kappa Sportz,Hyundai,1
Kochi,2014,Diesel,Manual,First,20.54,1598.0,103.6,5.36,Vento Diesel Comfortline,Volkswagen,1
Bangalore,2016,Diesel,Manual,First,28.09,1248.0,88.5,7.75,Ciaz 1.3 S,Maruti,1
Kochi,2014,Petrol,Automatic,Second,14.4,1598.0,103.6,5.41,Vento Petrol Highline AT,Volkswagen,1
Bangalore,2010,Petrol,Manual,First,18.5,1197.0,80.0,3.65,i20 1.2 Magna,Hyundai,0
Pune,2016,Petrol,Automatic,First,16.5,1198.0,86.8,5.25,Brio VX AT,Honda,1
Kolkata,2014,Petrol,Manual,First,17.4,1497.0,117.3,6.25,City i VTEC VX,Honda,1
Coimbatore,2017,Petrol,Manual,First,23.9,624.0,37.48,3.47,Nano XT,Tata,0
Mumbai,2006,Petrol,Automatic,First,10.13,3498.0,364.9,8.85,S Class 2005 2013 S 350 L,Mercedes-Benz,7
Pune,2004,Petrol,Manual,First,14.0,1061.0,64.0,0.85,Wagon R LXI BSIII,Maruti,0
Mumbai,2015,Petrol,Automatic,First,13.7,1798.0,157.75,13.65,Superb Elegance 1.8 TSI AT,Skoda,2
Coimbatore,2016,Diesel,Automatic,First,12.07,2967.0,241.4,50.22,Q7 35 TDI Quattro Technology,Audi,4
Ahmedabad,2018,Petrol,Manual,First,22.0,1197.0,81.8,7.75,Swift ZXI Plus,Maruti,1
Coimbatore,2011,Diesel,Manual,First,12.8,2494.0,102.0,10.05,Innova 2.5 G4 Diesel 7-seater,Toyota,1
Kolkata,2011,Petrol,Automatic,First,12.05,1995.0,154.0,9.75,3 Series 320i Sedan,BMW,2
Delhi,2015,Diesel,Automatic,First,17.9,2143.0,136.0,23.0,GLA Class 200 CDI SPORT,Mercedes-Benz,2
Coimbatore,2019,Diesel,Manual,First,13.68,2393.0,147.8,21.42,Innova Crysta 2.4 VX MT 8S,Toyota,2
Jaipur,2003,Petrol,Manual,Third,15.9,1298.0,113.25304969366915,0.7,Esteem LX BSII,Maruti,1
Delhi,2014,Diesel,Manual,First,25.2,1248.0,74.0,5.21,Swift VDI BSIV,Maruti,0
Hyderabad,2009,Diesel,Manual,First,12.99,2494.0,100.6,7.5,Innova 2.5 GX (Diesel) 7 Seater,Toyota,1
Delhi,2012,Diesel,Manual,First,23.59,1364.0,113.25304969366915,2.65,Etios Liva GD,Toyota,1
Chennai,2010,Petrol,Manual,First,18.6,1199.0,79.4,1.75,Beat LT,Chevrolet,0
Jaipur,2010,Diesel,Manual,Second,13.8,1399.0,68.0,1.0,Ikon 1.4 TDCi DuraTorq,Ford,0
Delhi,2016,Diesel,Automatic,First,19.27,2143.0,170.0,33.0,New C-Class C 220 CDI Avantgarde,Mercedes-Benz,2
Kolkata,2011,Petrol,Manual,First,17.6,1496.0,88.73,2.2,Etios G,Toyota,1
Kochi,2017,Diesel,Manual,First,12.8,2494.0,102.0,12.83,Innova 2.5 GX (Diesel) 7 Seater BS IV,Toyota,1
Kochi,2018,Diesel,Automatic,First,17.54,2993.0,313.0,68.94,6 Series Gran Coupe,BMW,5
Mumbai,2012,Diesel,Manual,First,21.13,1498.0,108.4,4.1,Rapid 1.5 TDI Ambition,Skoda,1
Jaipur,2016,Petrol,Manual,First,22.0,814.0,55.0,2.85,EON Magna,Hyundai,0
Mumbai,2007,Petrol,Automatic,First,11.1,2354.0,158.8,3.7,CR-V 2.4L 4WD AT,Honda,2
Coimbatore,2013,Diesel,Automatic,First,20.0,1968.0,138.1,9.06,Laura Elegance 2.0 TDI CR AT,Skoda,2
Delhi,2011,Petrol,Manual,Second,13.4,1798.0,157.8,4.75,Laura RS,Skoda,2
Jaipur,2015,Diesel,Manual,First,26.0,1498.0,98.6,6.6,City i DTec S,Honda,1
Chennai,2007,Diesel,Manual,Second,13.93,2179.0,138.0,3.5,New Safari 4X4 EX,Tata,2
Pune,2011,Petrol,Manual,First,19.0,998.0,67.1,2.0,Zen Estilo LXI BS IV,Maruti,0
Mumbai,2013,Petrol,Manual,First,17.8,1198.0,86.7,3.89,Amaze S i-VTEC,Honda,1
Jaipur,2017,Petrol,Manual,First,23.01,999.0,67.0,3.6,KWID 1.0 RXL,Renault,0
Mumbai,2015,Petrol,Automatic,First,19.12,1373.0,91.1,6.95,Ciaz AT ZXi,Maruti,1
Coimbatore,2016,Diesel,Manual,First,22.54,1396.0,88.73,7.03,i20 Asta Option 1.4 CRDi,Hyundai,1
Ahmedabad,2016,Diesel,Manual,First,13.68,2393.0,147.8,16.5,Innova Crysta 2.4 ZX MT,Toyota,2
Coimbatore,2016,Diesel,Manual,First,28.09,1248.0,88.5,7.67,Ciaz ZDi Plus SHVS,Maruti,1
Coimbatore,2012,Diesel,Automatic,First,14.74,2993.0,270.9,23.19,XF Diesel,Jaguar,5
Kochi,2017,Petrol,Manual,First,19.1,1197.0,82.0,6.21,Xcent 1.2 Kappa S,Hyundai,1
Coimbatore,2015,Diesel,Automatic,First,16.12,2967.0,245.0,45.82,Cayenne Diesel,Porsche,4
Mumbai,2016,Diesel,Manual,First,24.4,1120.0,71.0,5.95,Xcent 1.1 CRDi S,Hyundai,0
Delhi,2011,Diesel,Automatic,First,16.55,1968.0,140.0,11.0,A4 2.0 TDI Multitronic,Audi,2
Coimbatore,2016,Petrol,Manual,First,20.73,1373.0,91.1,7.19,Ciaz RS ZXi Plus,Maruti,1
Delhi,2011,Diesel,Manual,First,12.8,2494.0,102.0,6.4,Innova 2.5 G4 Diesel 8-seater,Toyota,1
Chennai,2015,Diesel,Manual,First,15.8,2148.0,170.0,26.0,New C-Class 220 CDI MT,Mercedes-Benz,2
Hyderabad,2016,Petrol,Manual,First,20.36,1197.0,78.9,4.5,i10 Sportz,Hyundai,0
Chennai,2011,Petrol,Automatic,First,16.95,1197.0,78.9,3.1,i10 Sportz 1.2 AT,Hyundai,0
Delhi,2015,Diesel,Manual,First,27.39,1248.0,74.0,5.95,Baleno Zeta 1.3,Maruti,0
Delhi,2008,Petrol,Manual,First,18.2,1061.0,64.0,1.2,Zen Estilo 1.1 VXI BSIII,Maruti,0
Chennai,2014,Diesel,Automatic,First,16.46,2993.0,258.0,52.0,7 Series 730Ld,BMW,4
Bangalore,2015,Diesel,Automatic,First,11.33,4134.0,335.2,48.0,Q7 4.2 TDI Quattro Technology,Audi,6
Hyderabad,2011,Diesel,Automatic,First,11.7,2993.0,245.0,21.99,X5 xDrive 30d,BMW,4
Hyderabad,2013,Petrol,Manual,First,21.1,1197.0,85.8,4.3,Ritz LXI,Maruti,1
Pune,2013,Diesel,Manual,First,21.64,1461.0,84.8,3.75,Sunny 2011-2014 Diesel XL,Nissan,1
Mumbai,2015,Petrol,Manual,First,14.28,1798.0,138.03,8.95,Corolla Altis 1.8 Limited Edition,Toyota,2
Pune,2012,Diesel,Manual,First,23.59,1364.0,67.1,4.75,Etios VXD,Toyota,0
Coimbatore,2016,Petrol,Manual,First,14.28,1798.0,138.03,14.6,Corolla Altis GL MT,Toyota,2
Mumbai,2012,Diesel,Automatic,First,17.68,1968.0,174.33,17.5,A6 2011-2015 2.0 TDI Premium Plus,Audi,3
Kolkata,2012,Diesel,Manual,First,20.77,1248.0,88.8,5.2,Ertiga ZDI,Maruti,1
Coimbatore,2017,Petrol,Manual,First,18.9,1197.0,82.0,6.04,Grand i10 Sportz,Hyundai,1
Chennai,2009,Diesel,Manual,Second,19.09,1396.0,69.0,2.7,Indigo CS LX (TDI) BS III,Tata,0
Chennai,2019,Diesel,Automatic,First,26.59,1248.0,74.0,6.75,Swift Dzire AMT ZDI,Maruti,0
Kolkata,2011,Petrol,Manual,First,15.26,1598.0,103.5,2.35,Polo Petrol Highline 1.6L,Volkswagen,1
Hyderabad,2017,Petrol,Manual,First,23.84,1199.0,84.0,5.0,Tiago 1.2 Revotron XZ WO Alloy,Tata,1
Kolkata,2016,Petrol,Manual,First,17.8,1497.0,117.3,6.95,City i VTEC VX,Honda,1
Jaipur,2018,Petrol,Manual,First,19.5,1199.0,86.76,6.7,Amaze V Petrol,Honda,1
Hyderabad,2015,Diesel,Automatic,First,17.11,1968.0,174.33,25.0,A4 35 TDI Premium,Audi,3
Chennai,2011,Petrol,Automatic,First,14.4,1598.0,103.6,3.75,Vento Petrol Highline AT,Volkswagen,1
Chennai,2011,Diesel,Manual,First,20.54,1598.0,103.6,3.75,Vento Diesel Trendline,Volkswagen,1
Pune,2013,Petrol,Manual,First,17.0,1497.0,118.0,5.1,City 1.5 S MT,Honda,1
Mumbai,2010,Petrol,Manual,First,22.5,998.0,67.04,2.45,Wagon R LXI,Maruti,0
Kolkata,2005,Petrol,Automatic,First,9.3,2771.0,193.1,3.25,Superb 2.8 V6 AT,Skoda,3
Kolkata,2014,Diesel,Manual,First,26.0,1498.0,98.6,5.5,City i DTEC SV,Honda,1
Kochi,2016,Petrol,Manual,First,22.74,796.0,47.3,3.04,Alto 800 LXI,Maruti,0
Delhi,2015,Petrol,Manual,First,18.6,1197.0,81.83,4.9,i20 Magna 1.2,Hyundai,1
Bangalore,2013,Diesel,Manual,First,22.7,1498.0,89.84,6.25,Ecosport 1.5 DV5 MT Trend,Ford,1
Hyderabad,2015,Diesel,Automatic,First,19.59,1995.0,184.0,33.0,3 Series GT 320d Luxury Line,BMW,3
Chennai,2011,Diesel,Automatic,Second,11.7,2993.0,245.0,27.0,X5 xDrive 30d,BMW,4
Coimbatore,2014,Petrol,Manual,Second,18.0,1198.0,86.7,5.21,Amaze S i-Vtech,Honda,1
Mumbai,2014,Petrol,Manual,First,15.85,1499.0,110.4,5.75,EcoSport 1.5 Ti VCT MT Titanium,Ford,1
Coimbatore,2012,Diesel,Automatic,First,14.74,2993.0,270.9,16.58,XF 3.0 Litre S Premium Luxury,Jaguar,5
Delhi,2015,Petrol,Manual,First,14.53,1798.0,138.0,11.0,Corolla 1.8 J,Toyota,2
Pune,2014,Petrol,Manual,Second,20.36,1197.0,78.9,2.8,i10 Sportz,Hyundai,0
Kochi,2019,Diesel,Automatic,First,15.8,2148.0,170.0,37.99,New C-Class C220 CDI Executive Edition,Mercedes-Benz,2
Delhi,2011,Diesel,Manual,Second,20.0,1968.0,108.5,3.65,Laura Ambiente 2.0 TDI CR MT,Skoda,1
Hyderabad,2007,Diesel,Manual,First,13.1,2499.0,141.0,6.0,Endeavour 4x2 XLT,Ford,2
Coimbatore,2013,Petrol,Manual,First,15.6,1196.0,70.0,4.54,Figo Petrol EXI,Ford,0
Kochi,2015,Petrol,Manual,First,18.0,1198.0,86.7,5.4,Amaze S i-Vtech,Honda,1
Mumbai,2014,Diesel,Manual,First,19.1,1405.0,70.0,3.3,Indica Vista TDI LS,Tata,0
Hyderabad,2012,Diesel,Automatic,Second,14.7,1985.0,163.0,18.25,XC60 D4 Summum,Volvo,2
Kochi,2013,Petrol,Manual,First,21.1,814.0,55.2,3.84,EON Era Plus,Hyundai,0
Kolkata,2016,Petrol,Manual,First,22.74,796.0,47.3,2.44,Alto 800 VXI,Maruti,0
Bangalore,2011,Petrol,Manual,Second,16.47,1198.0,73.9,3.6,Polo Petrol Trendline 1.2L,Volkswagen,0
Mumbai,2015,Petrol,Manual,First,20.36,1197.0,78.9,3.9,i10 Asta,Hyundai,0
Chennai,2013,Petrol,Manual,Second,16.95,1498.0,97.7,2.9,Sunny 2011-2014 XL,Nissan,1
Chennai,2008,Petrol,Manual,Second,14.53,1798.0,138.1,3.5,Corolla Altis G,Toyota,2
Chennai,2009,Diesel,Manual,Second,18.1,1493.0,110.0,3.5,Verna CRDi ABS,Hyundai,1
Jaipur,2019,Petrol,Manual,First,24.7,796.0,47.3,3.5,Alto 800 2016-2019 LXI Optional,Maruti,0
Hyderabad,2015,Diesel,Manual,First,21.9,1396.0,88.76,7.0,i20 Sportz 1.4 CRDi,Hyundai,1
Chennai,2016,Diesel,Automatic,First,19.08,1582.0,126.2,8.7,Verna 1.6 CRDi AT S,Hyundai,1
Hyderabad,2014,Diesel,Automatic,First,12.07,2967.0,241.4,45.0,Q7 3.0 TDI Quattro Technology,Audi,4
Hyderabad,2016,Diesel,Manual,First,25.0,1396.0,69.0,1.8,Indica V2 eLS,Tata,0
Kolkata,2007,Petrol,Manual,First,18.0,995.0,62.0,0.99,Spark 1.0 LS,Chevrolet,0
Kolkata,2018,Petrol,Manual,First,18.9,1197.0,81.86,4.8,Grand i10 1.2 Kappa Magna,Hyundai,1
Mumbai,2014,Diesel,Manual,First,12.55,2982.0,169.0,17.95,Fortuner 4x4 MT TRD Sportivo,Toyota,2
Kochi,2017,Petrol,Manual,First,18.9,1197.0,81.86,5.66,Grand i10 1.2 Kappa Asta,Hyundai,1
Delhi,2009,Petrol,Manual,First,17.0,1497.0,118.0,3.1,City 1.5 S MT,Honda,1
Kochi,2016,Petrol,Manual,First,18.6,1197.0,81.86,6.54,Elite i20 Petrol Asta,Hyundai,1
Hyderabad,2015,Diesel,Manual,First,12.8,2494.0,102.0,13.2,Innova 2.5 G4 Diesel 8-seater,Toyota,1
Kochi,2018,Petrol,Automatic,First,13.0,4951.0,395.0,56.8,Mustang V8,Ford,7
Kochi,2019,Diesel,Automatic,First,11.36,2755.0,171.5,19.4,Innova Crysta 2.8 GX AT,Toyota,2
Ahmedabad,2007,Petrol,Manual,First,18.2,1061.0,64.0,1.65,Zen Estilo 1.1 VXI BSIII,Maruti,0
Jaipur,2013,Diesel,Manual,Second,22.9,1248.0,74.0,4.35,Swift ZDi,Maruti,0
Hyderabad,2015,Diesel,Manual,First,20.5,1248.0,91.72,6.5,Avventura MULTIJET Emotion,Fiat,1
Delhi,2007,Petrol,Manual,First,18.2,998.0,67.1,1.11,Zen Estilo VXI BSIII,Maruti,0
Mumbai,2013,Diesel,Manual,First,19.87,1461.0,83.8,5.5,Duster 85PS Diesel RxL,Renault,1
Delhi,2012,Diesel,Manual,First,10.5,2835.0,107.2,11.0,Pajero 2.8 SFX,Mitsubishi,1
Pune,2015,Petrol,Automatic,First,23.1,998.0,67.04,3.9,Celerio VXI AT,Maruti,0
Pune,2013,Diesel,Manual,First,17.88,1405.0,48.21,1.8,Indica V2 DLS BSIII,Tata,0
Kochi,2016,Petrol,Manual,First,18.6,1197.0,81.86,6.22,Elite i20 Petrol Asta,Hyundai,1
Hyderabad,2014,Petrol,Automatic,First,23.1,998.0,67.04,4.3,Celerio VXI AT,Maruti,0
Hyderabad,2017,Petrol,Manual,First,18.9,1197.0,81.86,5.99,Grand i10 1.2 Kappa Asta,Hyundai,1
Delhi,2017,Petrol,Manual,First,18.6,1197.0,81.83,6.0,i20 1.2 Magna Executive,Hyundai,1
Delhi,2014,Petrol,Manual,First,17.1,1591.0,121.3,5.85,Verna 1.6 SX VTVT (O),Hyundai,1
Kochi,2014,Diesel,Automatic,First,12.39,2179.0,147.51,19.94,Rover Freelander 2 SE,Land,2
Chennai,2009,Petrol,Manual,First,16.1,1298.0,88.2,2.9,Swift VXI BSIII,Maruti,1
Mumbai,2014,Petrol,Manual,First,18.0,1198.0,86.7,4.25,Amaze SX i-VTEC,Honda,1
Hyderabad,2010,Diesel,Manual,First,21.43,1364.0,87.2,5.99,Corolla Altis Diesel D4DG,Toyota,1
Kolkata,2013,Diesel,Manual,First,27.4,1498.0,98.6,3.3,Amaze S Diesel,Honda,1
Coimbatore,2009,Diesel,Automatic,Second,16.77,2967.0,241.38,8.08,A6 3.0 TDI quattro,Audi,4
Jaipur,2017,Petrol,Manual,First,22.5,998.0,67.04,4.5,Wagon R VXI,Maruti,0
Hyderabad,2014,Diesel,Manual,First,24.2,1498.0,98.6,6.5,Mobilio E i DTEC,Honda,1
Bangalore,2006,Petrol,Automatic,Second,10.1,2354.0,152.0,3.9,CR-V 2.4 4WD AT,Honda,2
Delhi,2013,Petrol,Manual,First,17.1,1591.0,121.3,5.25,Verna 1.6 SX VTVT (O),Hyundai,1
Bangalore,2014,Diesel,Automatic,First,11.72,2199.0,194.3,17.0,Santa Fe 4x4 AT,Hyundai,3
Ahmedabad,2012,Petrol,Automatic,First,16.95,1197.0,78.9,3.5,i10 Sportz AT,Hyundai,0
Hyderabad,2008,Diesel,Manual,Second,17.7,1399.0,68.0,3.0,Fusion Plus 1.4 TDCi Diesel,Ford,0
Coimbatore,2015,Petrol,Manual,Second,20.36,1197.0,78.9,4.87,i10 Sportz,Hyundai,0
Jaipur,2014,Diesel,Manual,First,24.4,1120.0,71.0,6.0,Xcent 1.1 CRDi SX Option,Hyundai,0
Mumbai,2015,Diesel,Automatic,First,18.19,1968.0,174.5,15.5,Superb Style 2.0 TDI AT,Skoda,3
Pune,2008,Petrol,Manual,Second,16.6,1388.0,68.0,1.6,Fiesta 1.4 Duratec EXI,Ford,0
Pune,2017,Petrol,Automatic,First,21.4,1197.0,83.1,7.25,Baleno Zeta Automatic,Maruti,1
Mumbai,2010,Diesel,Manual,Second,17.0,1896.0,105.0,3.25,Laura 1.9 TDI MT Ambiente,Skoda,1
Kolkata,2012,Diesel,Manual,First,20.64,1498.0,108.5,3.4,Vento 1.5 TDI Comfortline,Volkswagen,1
Coimbatore,2014,Diesel,Automatic,First,12.07,2967.0,241.4,30.5,Q7 3.0 TDI Quattro Technology,Audi,4
Kochi,2016,Petrol,Manual,First,17.0,1591.0,121.3,7.97,Verna VTVT 1.6 SX Option,Hyundai,1
Delhi,2012,Diesel,Automatic,First,14.84,2143.0,170.0,13.51,New C-Class 220 CDI AT,Mercedes-Benz,2
Kochi,2015,Diesel,Manual,First,25.8,1498.0,98.6,5.43,Amaze S i-Dtech,Honda,1
Chennai,2010,Petrol,Manual,First,16.6,1388.0,68.0,2.6,Fiesta 1.4 Duratec EXI Limited Edition,Ford,0
Bangalore,2013,Petrol,Manual,First,18.5,1197.0,82.9,4.45,i20 Magna Optional 1.2,Hyundai,1
Kolkata,2017,Petrol,Manual,First,22.74,796.0,47.3,2.75,Alto 800 LXI,Maruti,0
Kolkata,2010,Petrol,Automatic,First,10.6,2996.0,258.0,8.75,5 Series 530i Sedan,BMW,4
Coimbatore,2015,Petrol,Manual,Second,14.6,1368.0,88.7,5.41,Grande Punto 1.4 Emotion,Fiat,1
Kochi,2018,Diesel,Automatic,First,28.4,1248.0,73.75,8.55,Dzire AMT ZDI Plus,Maruti,0
Mumbai,2014,Diesel,Manual,First,15.1,2179.0,140.0,8.25,XUV500 W6 2WD,Mahindra,2
Kochi,2014,Diesel,Automatic,First,11.1,2400.0,200.0,23.58,XC90 2007-2015 D5 AT AWD,Volvo,3
Coimbatore,2014,Petrol,Manual,First,20.36,1197.0,78.9,4.49,i10 Sportz 1.2,Hyundai,0
Hyderabad,2010,Diesel,Manual,First,11.5,2982.0,171.0,12.99,Fortuner 3.0 Diesel,Toyota,2
Bangalore,2016,Petrol,Automatic,First,21.9,624.0,37.48,2.8,Nano XTA,Tata,0
Coimbatore,2016,Diesel,Manual,First,19.98,1461.0,108.5,8.43,Lodgy 110PS RxZ 8 Seater,Renault,1
Hyderabad,2015,Diesel,Automatic,First,12.07,2967.0,241.4,47.5,Q7 3.0 TDI Quattro Premium Plus,Audi,4
Mumbai,2016,Petrol,Automatic,First,18.0,1497.0,117.3,8.95,City i VTEC CVT VX,Honda,1
Jaipur,2013,Diesel,Manual,Second,19.01,1461.0,108.45,5.5,Duster 110PS Diesel RxL,Renault,1
Jaipur,2014,Petrol,Manual,First,17.8,1198.0,86.7,4.75,Amaze S i-VTEC,Honda,1
Jaipur,2016,Petrol,Manual,First,18.0,1198.0,86.7,4.75,Amaze S i-Vtech,Honda,1
Pune,2009,Petrol,Automatic,Second,12.05,1995.0,154.0,9.5,3 Series 320i,BMW,2
Coimbatore,2011,Diesel,Manual,First,23.2,1248.0,73.94,3.77,Ritz LDi,Maruti,0
Delhi,2012,Petrol,Manual,Second,17.0,1497.0,118.0,4.25,City 1.5 S MT,Honda,1
Mumbai,2014,Diesel,Automatic,First,18.88,1995.0,184.0,19.9,3 Series 320d Sport Line,BMW,3
Chennai,2009,Diesel,Manual,First,15.0,1896.0,105.0,4.0,Jetta 2007-2011 1.9 TDI Trendline,Volkswagen,1
Kochi,2013,Petrol,Manual,First,19.1,1197.0,85.8,4.16,Swift Dzire LXI,Maruti,1
Bangalore,2015,Diesel,Automatic,Second,16.36,2179.0,187.7,38.0,XF 2.2 Litre Executive,Jaguar,3
Kochi,2016,Petrol,Automatic,First,16.9,1197.0,82.0,6.34,Xcent 1.2 Kappa AT SX Option,Hyundai,1
Pune,2009,Diesel,Manual,First,12.8,2494.0,102.0,4.5,Innova 2.5 G (Diesel) 7 Seater BS IV,Toyota,1
Chennai,2016,Petrol,Manual,First,15.1,1196.0,73.0,3.75,Eeco 7 Seater Standard,Maruti,0
Delhi,2012,Diesel,Automatic,Second,15.2,1968.0,140.8,10.2,A4 New 2.0 TDI Multitronic,Audi,2
Chennai,2007,Diesel,Manual,First,12.8,2494.0,102.0,5.0,Innova 2.5 G (Diesel) 7 Seater BS IV,Toyota,1
Mumbai,2008,Petrol,Manual,First,9.8,1995.0,163.5,3.95,Grand Vitara MT,Maruti,2
Coimbatore,2016,Diesel,Manual,First,20.34,1498.0,103.2,9.75,Vento 1.5 TDI Highline,Volkswagen,1
Kochi,2018,Petrol,Manual,First,18.6,1197.0,81.86,7.93,Elite i20 Petrol Asta,Hyundai,1
Hyderabad,2011,Diesel,Manual,First,17.8,1399.0,67.0,2.1,Fiesta Classic 1.4 Duratorq CLXI,Ford,0
Coimbatore,2015,Diesel,Manual,First,13.5,2477.0,175.56,16.42,Pajero Sport 4X4,Mitsubishi,3
Bangalore,2011,Diesel,Manual,Second,14.66,2199.0,194.3,8.9,Santa Fe 4X4,Hyundai,3
Pune,2012,Diesel,Manual,First,15.1,2179.0,140.0,7.21,XUV500 W8 2WD,Mahindra,2
Chennai,2015,Diesel,Manual,First,12.8,2494.0,102.0,13.5,Innova 2.5 V Diesel 8-seater,Toyota,1
Chennai,2016,Diesel,Automatic,First,11.57,2987.0,254.79,65.0,GLE 350d,Mercedes-Benz,4
Bangalore,2014,Diesel,Manual,First,12.05,2179.0,120.0,7.4,Scorpio 2009-2014 SLE 7S BSIV,Mahindra,1
Kochi,2014,Petrol,Automatic,First,16.8,1497.0,118.0,5.15,City 1.5 S AT,Honda,1
Pune,2013,Diesel,Automatic,First,12.0,2987.0,224.0,32.0,GL-Class 2007 2012 350 CDI Luxury,Mercedes-Benz,4
Kolkata,2011,Petrol,Manual,First,17.0,1497.0,118.0,3.25,City 1.5 S MT,Honda,1
Kolkata,2017,Petrol,Automatic,First,22.5,998.0,67.0,3.95,Wagon R VXI AMT,Maruti,0
Pune,2013,Petrol,Manual,Second,15.4,1193.0,65.0,1.5,Indigo eCS GLE BSIII,Tata,0
Pune,2010,Petrol,Manual,Second,17.0,1197.0,80.0,3.0,i20 2015-2017 1.2 Asta with AVN,Hyundai,0
Kolkata,2010,Petrol,Manual,First,16.0,1198.0,90.0,1.99,Jazz Active,Honda,1
Kolkata,2010,Petrol,Manual,First,19.0,998.0,66.1,1.35,A-Star Lxi,Maruti,0
Hyderabad,2009,Diesel,Automatic,First,16.07,1995.0,181.0,13.5,3 Series 320d Highline,BMW,3
Hyderabad,2010,Diesel,Manual,First,17.67,1968.0,138.08,6.99,Yeti Elegance,Skoda,2
Hyderabad,2013,Diesel,Manual,First,19.01,1461.0,108.5,8.5,Terrano XV Premium 110 PS,Nissan,1
Pune,2010,Diesel,Manual,Second,22.07,1199.0,73.9,2.89,Polo Diesel Comfortline 1.2L,Volkswagen,0
Mumbai,2011,Diesel,Automatic,First,22.69,1995.0,190.0,10.5,3 Series 320d,BMW,3
Kochi,2013,Petrol,Manual,First,16.95,1498.0,97.7,3.97,Sunny 2011-2014 XL,Nissan,1
Chennai,2017,Petrol,Automatic,First,24.07,998.0,67.1,4.25,Alto K10 VXI AGS,Maruti,0
Coimbatore,2016,Petrol,Manual,First,21.1,1197.0,85.8,6.17,Ritz ZXI,Maruti,1
Coimbatore,2016,Diesel,Automatic,First,14.16,1968.0,174.3,38.72,Q5 30 TDI quattro Premium Plus,Audi,3
Hyderabad,2013,Diesel,Manual,First,16.8,1493.0,110.0,6.5,Verna CRDi SX,Hyundai,1
Jaipur,2013,Diesel,Manual,Second,25.8,1498.0,98.6,4.25,Amaze S i-Dtech,Honda,1
Kolkata,2014,Diesel,Manual,First,26.0,1498.0,98.6,4.75,City i DTEC SV,Honda,1
Kochi,2014,Diesel,Automatic,First,12.9,2755.0,174.5,17.71,Fortuner TRD Sportivo 2.8 2WD AT,Toyota,3
Jaipur,2015,Diesel,Manual,First,20.34,1498.0,103.2,5.85,Vento 1.5 TDI Highline,Volkswagen,1
Coimbatore,2011,Diesel,Automatic,First,22.48,1995.0,190.0,17.27,5 Series 520d Luxury Line,BMW,3
Hyderabad,2007,Diesel,Automatic,First,16.07,1995.0,181.0,9.25,3 Series 320d Sedan,BMW,3
Ahmedabad,2017,Petrol,Automatic,First,13.0,1591.0,121.3,12.75,Creta 1.6 SX Plus Petrol Automatic,Hyundai,1
Pune,2016,Diesel,Automatic,Second,21.76,1995.0,190.0,27.0,3 Series Luxury Line,BMW,3
Bangalore,2013,Diesel,Automatic,Second,14.84,2143.0,167.62,21.0,New C-Class C 220 CDI BE Avantgare,Mercedes-Benz,2
Hyderabad,2017,Diesel,Manual,First,26.59,1248.0,74.0,7.95,Swift Dzire VDI,Maruti,0
Hyderabad,2015,Petrol,Manual,Second,23.1,998.0,67.04,4.5,Celerio ZXI,Maruti,0
Mumbai,2017,Diesel,Automatic,First,19.59,1995.0,187.74,33.75,3 Series 320d GT Luxury Line,BMW,3
Delhi,2010,Diesel,Automatic,First,11.33,4134.0,335.2,17.51,Q7 4.2 TDI Quattro Technology,Audi,6
Kochi,2017,Petrol,Manual,First,18.2,1199.0,88.7,6.8,Jazz V,Honda,1
Coimbatore,2014,Petrol,Manual,First,25.4,624.0,37.48,1.68,Nano Cx BSIV,Tata,0
Chennai,2016,Petrol,Manual,First,24.7,796.0,47.3,2.9,Alto 800 2016-2019 LXI,Maruti,0
Mumbai,2014,Petrol,Manual,First,22.5,998.0,67.04,3.16,Wagon R VXI,Maruti,0
Jaipur,2014,Diesel,Manual,First,24.4,1120.0,71.0,3.9,Xcent 1.1 CRDi Base,Hyundai,0
Delhi,2010,Petrol,Manual,Second,17.8,1199.0,76.8,1.95,Beat LT,Chevrolet,0
Kochi,2015,Diesel,Automatic,First,16.36,2179.0,187.7,26.52,XF 2.2 Litre Luxury,Jaguar,3
Chennai,2010,Diesel,Automatic,First,18.33,1968.0,167.7,9.0,Passat Diesel Highline 2.0 TDI,Volkswagen,2
Hyderabad,2012,Diesel,Manual,First,21.27,1396.0,88.76,4.5,i20 Asta 1.4 CRDi,Hyundai,1
Chennai,2008,Diesel,Manual,First,10.5,2835.0,107.2,8.75,Pajero 2.8 SFX,Mitsubishi,1
Chennai,2018,Diesel,Automatic,First,24.3,1248.0,88.5,11.5,Vitara Brezza ZDi Plus AMT Dual Tone,Maruti,1
Delhi,2016,Petrol,Manual,First,24.07,998.0,67.1,3.0,Alto K10 LXI,Maruti,0
Coimbatore,2015,Petrol,Manual,First,21.1,814.0,55.2,3.79,EON Magna Plus,Hyundai,0
Ahmedabad,2015,Diesel,Manual,First,28.09,1248.0,88.5,6.0,Ciaz VDi Plus SHVS,Maruti,1
Bangalore,2016,Diesel,Manual,First,19.67,1582.0,126.2,13.25,Creta 1.6 CRDi SX Option,Hyundai,1
Delhi,2012,Diesel,Automatic,First,17.2,1968.0,138.1,8.0,Superb Ambition 2.0 TDI CR AT,Skoda,2
Hyderabad,2015,Diesel,Manual,First,20.14,1498.0,88.8,5.8,Polo 1.5 TDI Highline,Volkswagen,1
Delhi,2012,Diesel,Automatic,Third,18.48,1621.276449941501,113.25304969366915,13.85,5 Series 520d Sedan,BMW,1
Hyderabad,2013,Diesel,Manual,Second,12.99,2494.0,100.6,13.5,Innova 2.5 VX (Diesel) 7 Seater,Toyota,1
Pune,2014,Diesel,Automatic,First,14.21,2143.0,203.0,25.0,E-Class 2009-2013 E250 CDI Elegance,Mercedes-Benz,3
Kochi,2016,Diesel,Manual,First,20.14,1498.0,88.8,5.49,Polo 1.5 TDI Highline,Volkswagen,1
Hyderabad,2013,Diesel,Automatic,First,17.32,1968.0,150.0,19.0,Q3 2.0 TDI,Audi,2
Kolkata,2011,Petrol,Manual,First,18.5,1197.0,80.0,2.5,i20 1.2 Magna,Hyundai,0
Kolkata,2015,Petrol,Manual,Second,19.81,1086.0,68.05,3.0,i10 Sportz 1.1L,Hyundai,0
Kochi,2018,Diesel,Manual,First,24.7,1047.0,69.0,6.64,Tigor 1.05 Revotorq XT,Tata,0
Kochi,2017,Petrol,Manual,First,21.1,814.0,55.2,3.21,EON Era,Hyundai,0
Chennai,2009,Petrol,Manual,Second,17.92,1086.0,62.1,1.55,Santro Xing GLS,Hyundai,0
Hyderabad,2011,Petrol,Manual,First,17.92,1086.0,62.1,2.59,Santro Xing GLS,Hyundai,0
Chennai,2008,Diesel,Manual,Second,12.7,2609.0,120.0,4.0,Scorpio SLX,Mahindra,1
Jaipur,2010,Petrol,Manual,First,17.4,1497.0,117.3,3.87,City i-VTEC S,Honda,1
Bangalore,2017,Diesel,Manual,First,24.3,1248.0,88.5,9.75,Vitara Brezza ZDi,Maruti,1
Kochi,2019,Diesel,Automatic,First,17.11,1968.0,174.33,32.91,A4 35 TDI Technology Edition,Audi,3
Chennai,2011,Diesel,Automatic,Second,14.21,2143.0,203.0,16.75,E-Class 2009-2013 E250 CDI Elegance,Mercedes-Benz,3
Jaipur,2007,Petrol,Manual,First,13.5,1799.0,130.0,1.9,Civic 2006-2010 1.8 MT Sport,Honda,2
Kochi,2017,Petrol,Manual,First,18.6,1197.0,81.83,6.59,i20 Magna 1.2,Hyundai,1
Coimbatore,2017,Diesel,Automatic,First,15.73,1968.0,174.33,31.93,Q3 35 TDI Quattro Premium Plus,Audi,3
Jaipur,2014,Diesel,Manual,First,25.1,1498.0,98.6,7.25,City i DTEC VX,Honda,1
Pune,2008,Petrol,Manual,First,19.81,1086.0,68.05,1.9,i10 Era 1.1 iTech SE,Hyundai,0
Kolkata,2015,Diesel,Manual,First,25.2,1248.0,74.0,3.55,Swift VDI BSIV,Maruti,0
Hyderabad,2012,Diesel,Automatic,First,11.4,2953.0,153.86,9.25,Endeavour 3.0L 4X4 AT,Ford,2
Kochi,2009,Petrol,Manual,First,13.8,1299.0,70.0,1.65,Ikon 1.3 Flair,Ford,0
Coimbatore,2019,Diesel,Automatic,First,20.68,1995.0,190.0,36.64,X1 sDrive 20d xLine,BMW,3
Mumbai,2011,Diesel,Automatic,Second,14.21,2143.0,203.0,16.0,E-Class 2009-2013 E250 CDI Classic,Mercedes-Benz,3
Pune,2011,Petrol,Manual,First,16.7,1621.276449941501,113.25304969366915,3.15,Jazz Select Edition,Honda,1
Ahmedabad,2014,Diesel,Manual,First,25.8,1498.0,98.6,4.35,Amaze S i-Dtech,Honda,1
Hyderabad,2006,Petrol,Manual,Second,17.3,993.0,60.0,1.2,Zen LXi - BS III,Maruti,0
Jaipur,2013,Petrol,Manual,Second,18.5,1197.0,80.0,4.1,i20 Magna,Hyundai,0
Chennai,2009,Diesel,Automatic,First,11.0,2993.0,235.0,18.75,X5 3.0d,BMW,4
Coimbatore,2017,Diesel,Manual,First,19.67,1582.0,126.2,13.78,Creta 1.6 CRDi SX Option,Hyundai,1
Kolkata,2016,Diesel,Manual,First,26.59,1248.0,74.0,4.0,Swift Dzire LDI,Maruti,0
Jaipur,2013,Diesel,Manual,First,22.9,1248.0,74.0,4.33,Swift VDI,Maruti,0
Kochi,2015,Diesel,Manual,First,24.0,1186.0,73.97,5.43,Grand i10 1.2 CRDi Asta,Hyundai,0
Mumbai,2016,Petrol,Manual,First,18.16,1196.0,86.8,4.9,Figo Aspire 1.2 Ti-VCT Trend,Ford,1
Chennai,2017,Diesel,Automatic,First,15.97,2993.0,258.0,70.0,X5 X5 M,BMW,4
Kolkata,2016,Diesel,Automatic,First,11.78,2143.0,167.62,25.5,New C-Class C 220 CDI Celebration Edition,Mercedes-Benz,2
Ahmedabad,2015,Petrol,Automatic,First,18.9,1197.0,82.0,5.1,Grand i10 AT Asta,Hyundai,1
Hyderabad,2013,Diesel,Manual,First,22.32,1582.0,126.32,6.7,Verna 1.6 SX CRDi (O),Hyundai,1
Hyderabad,2013,Diesel,Automatic,First,16.73,2993.0,218.0,26.5,5 Series 525d Sedan,BMW,3
Ahmedabad,2013,Diesel,Manual,First,23.08,1461.0,63.1,3.9,Micra Diesel XV Premium,Nissan,0
Pune,2010,Petrol,Manual,Second,15.5,1586.0,103.3,2.7,SX4 ZXI MT BSIV,Maruti,1
Hyderabad,2011,Diesel,Manual,First,21.12,1248.0,88.8,2.95,Manza Aura Quadrajet BS IV,Tata,1
Ahmedabad,2015,Diesel,Automatic,First,16.55,1968.0,140.0,23.0,A4 2.0 TDI Multitronic,Audi,2
Pune,2009,Diesel,Manual,Second,17.8,1248.0,75.0,2.49,Swift Ldi BSIV,Maruti,0
Jaipur,2015,Diesel,Manual,First,25.2,1248.0,74.0,4.5,Swift LDI Optional,Maruti,0
Delhi,2011,Diesel,Manual,First,21.43,1364.0,87.2,4.5,Corolla Altis Diesel D4DJ,Toyota,1
Hyderabad,2015,Diesel,Manual,First,27.3,1498.0,98.6,6.9,Jazz 1.5 VX i DTEC,Honda,1
Kochi,2010,Petrol,Automatic,First,7.94,4395.0,450.0,20.72,6 Series 650i Coupe,BMW,8
Jaipur,2010,Petrol,Manual,First,16.25,1198.0,73.9,2.21,Fabia 1.2 Petrol Active,Skoda,0
Mumbai,2011,Diesel,Automatic,Second,12.35,2179.0,187.74,13.9,Rover Freelander 2 HSE,Land,3
Pune,2010,Petrol,Manual,First,15.3,1596.0,101.0,1.46,Fiesta 1.6 ZXi Duratec,Ford,1
Pune,2012,Diesel,Automatic,First,19.08,1582.0,126.32,6.0,Verna SX CRDi AT,Hyundai,1
Jaipur,2016,Petrol,Manual,First,21.7,999.0,67.0,3.0,KWID 1.0 RXT Optional,Renault,0
Delhi,2012,Diesel,Manual,First,22.3,1248.0,88.8,3.5,Indica Vista Quadrajet 90 ZX Plus,Tata,1
Kochi,2018,Diesel,Manual,First,21.19,1396.0,88.73,7.59,i20 Active 1.4 SX,Hyundai,1
Mumbai,2009,Petrol,Manual,Second,15.0,1586.0,104.68,1.99,SX4 Zxi BSIII,Maruti,1
Hyderabad,2016,Petrol,Manual,First,25.17,799.0,53.3,3.8,KWID RXT,Renault,0
Bangalore,2013,Diesel,Manual,First,11.68,2498.0,112.0,4.0,Xylo E4 ABS BS III,Mahindra,1
Bangalore,2013,Petrol,Manual,Second,21.1,814.0,55.2,2.95,EON D Lite Plus,Hyundai,0
Delhi,2013,Diesel,Manual,First,25.8,1498.0,98.6,3.75,Amaze VX i-DTEC,Honda,1
Kolkata,2010,Diesel,Manual,First,22.07,1199.0,73.9,2.5,Polo Diesel Highline 1.2L,Volkswagen,0
Pune,2011,Petrol,Manual,First,17.0,1497.0,118.0,3.75,City 1.5 V MT,Honda,1
Pune,2015,Diesel,Automatic,First,12.55,2982.0,168.5,22.0,Fortuner 4x2 AT,Toyota,2
Kochi,2017,Petrol,Manual,First,18.0,1198.0,86.7,6.14,Amaze E i-Vtech,Honda,1
Pune,2015,Diesel,Automatic,First,20.58,1995.0,143.0,16.0,1 Series 118d Base,BMW,2
Hyderabad,2014,Petrol,Automatic,First,23.1,998.0,67.04,3.75,Celerio VXI AT,Maruti,0
Mumbai,2015,Diesel,Manual,First,12.99,2494.0,100.6,11.75,Innova 2.5 GX (Diesel) 8 Seater,Toyota,1
Pune,2013,Diesel,Automatic,Second,16.36,2179.0,187.7,24.0,XF 2.2 Litre Luxury,Jaguar,3
Hyderabad,2017,Petrol,Manual,First,17.5,1199.0,88.7,8.9,WRV i-VTEC VX,Honda,1
Chennai,2012,Diesel,Automatic,Third,17.05,1995.0,184.0,10.0,X1 sDrive20d,BMW,3
Mumbai,2014,Petrol,Automatic,First,14.3,1598.0,103.5,5.55,Rapid 1.6 MPI AT Elegance,Skoda,1
Kochi,2012,Petrol,Manual,First,16.09,1598.0,103.5,3.59,Vento 1.6 Comfortline,Volkswagen,1
Coimbatore,2019,Diesel,Manual,First,22.77,1498.0,98.59,11.13,EcoSport 1.5 TDCi Trend Plus BE,Ford,1
Jaipur,2012,Diesel,Manual,First,15.1,2179.0,140.0,7.2,XUV500 W6 2WD,Mahindra,2
Mumbai,2014,Diesel,Manual,First,18.6,1388.0,67.0,2.98,Fiesta Classic 1.4 Duratorq LXI,Ford,0
Pune,2010,Petrol,Manual,Second,17.92,1086.0,62.1,1.7,Santro Xing GLS,Hyundai,0
Delhi,2015,Diesel,Automatic,First,12.0,2987.0,224.0,52.0,GL-Class 2007 2012 350 CDI Luxury,Mercedes-Benz,4
Pune,2003,Petrol,Manual,First,19.7,796.0,46.3,0.95,Alto LXi BSII,Maruti,0
Mumbai,2016,Petrol,Manual,First,17.8,1497.0,117.3,9.25,City i VTEC VX Option,Honda,1
Bangalore,2014,Diesel,Automatic,First,13.01,2199.0,194.3,16.25,Santa Fe 2WD AT,Hyundai,3
Kolkata,2015,Diesel,Automatic,First,17.9,2143.0,136.0,20.99,GLA Class 200 CDI SPORT,Mercedes-Benz,2
Chennai,2005,Diesel,Manual,Second,12.8,2494.0,102.0,4.25,Innova 2.5 G4 Diesel 8-seater,Toyota,1
Bangalore,2008,Diesel,Automatic,Second,16.07,1995.0,181.0,7.2,3 Series 320d Sedan,BMW,3
Hyderabad,2011,Petrol,Manual,First,18.6,1197.0,85.8,4.4,Swift ZXI,Maruti,1
Pune,2011,Petrol,Manual,Second,15.04,1598.0,103.6,4.25,Vento Petrol Highline,Volkswagen,1
Ahmedabad,2012,Petrol,Manual,First,16.02,1373.0,93.7,5.35,Ertiga VXI,Maruti,1
Coimbatore,2016,Petrol,Automatic,Second,18.9,1197.0,82.0,6.3,Grand i10 AT Asta,Hyundai,1
Delhi,2017,Diesel,Manual,First,19.67,1582.0,126.2,12.5,Creta 1.6 CRDi SX,Hyundai,1
Ahmedabad,2008,Diesel,Automatic,Second,16.77,2967.0,241.38,7.5,A6 3.0 TDI quattro,Audi,4
Delhi,2016,Diesel,Manual,First,16.0,1997.0,140.0,11.25,XUV500 W8 1.99 mHawk,Mahindra,2
Mumbai,2016,Petrol,Automatic,First,16.05,1499.0,110.4,7.65,EcoSport 1.5 Ti VCT AT Titanium BE,Ford,1
Mumbai,2016,Diesel,Manual,First,24.4,1120.0,71.0,4.5,Xcent 1.1 CRDi Base,Hyundai,0
Hyderabad,2014,Diesel,Automatic,First,21.21,1498.0,103.2,7.5,Vento 1.5 TDI Comfortline AT,Volkswagen,1
Kochi,2004,Petrol,Automatic,First,13.0,2987.0,210.0,7.1,S-Class 280 AT,Mercedes-Benz,3
Mumbai,2010,Petrol,Manual,First,20.36,1197.0,78.9,2.25,i10 Magna,Hyundai,0
Hyderabad,2015,Diesel,Automatic,First,17.11,1968.0,174.33,27.0,A4 35 TDI Technology Edition,Audi,3
Pune,2012,Diesel,Manual,Second,21.9,1396.0,88.76,4.18,i20 Sportz 1.4 CRDi,Hyundai,1
Chennai,2013,Diesel,Manual,First,23.5,1396.0,88.7,6.5,Verna 1.4 EX,Hyundai,1
Delhi,2010,Petrol,Manual,First,17.0,1497.0,118.0,3.15,City 1.5 V MT,Honda,1
Pune,2016,Diesel,Manual,First,25.47,1248.0,88.5,7.64,Ertiga VDI,Maruti,1
Hyderabad,2011,Petrol,Manual,First,19.7,796.0,46.3,2.4,Alto LXi BSII,Maruti,0
Mumbai,2016,Petrol,Automatic,First,20.51,998.0,67.0,4.25,Wagon R AMT VXI,Maruti,0
Kochi,2016,Diesel,Automatic,First,19.08,1582.0,126.2,9.31,Verna 1.6 CRDi AT SX,Hyundai,1
Bangalore,2011,Petrol,Manual,First,19.7,796.0,46.3,2.39,Alto LXi BSIII,Maruti,0
Kochi,2018,Petrol,Manual,Second,16.09,1598.0,103.5,7.64,Vento 1.6 Comfortline,Volkswagen,1
Delhi,2016,Petrol,Manual,First,21.4,1197.0,83.1,6.21,Baleno Zeta 1.2,Maruti,1
Kochi,2011,Petrol,Automatic,First,13.7,1997.0,153.86,8.22,CR-V 2.0L 2WD AT,Honda,2
Coimbatore,2017,Diesel,Manual,First,14.24,2755.0,174.5,28.85,Fortuner 2.8 2WD MT,Toyota,3
Mumbai,2015,Petrol,Automatic,First,15.6,1497.0,116.3,8.5,City V AT,Honda,1
Mumbai,2015,Petrol,Manual,First,17.4,1497.0,117.3,6.51,City i-VTEC S,Honda,1
Mumbai,2013,Diesel,Manual,First,22.9,1248.0,74.0,4.65,Swift VDI,Maruti,0
Kochi,2013,Petrol,Automatic,First,14.53,1794.0,138.1,8.4,Corolla Altis 2008-2013 1.8 VL AT,Toyota,2
Bangalore,2014,Diesel,Manual,First,23.59,1364.0,67.06,5.75,Etios Cross 1.4L VD,Toyota,0
Jaipur,2006,Petrol,Manual,First,18.9,998.0,67.1,1.11,Wagon R LX,Maruti,0
Kochi,2017,Petrol,Manual,First,15.7,1621.276449941501,113.25304969366915,3.93,Punto 1.2 Dynamic,Fiat,1
Mumbai,2014,Petrol,Automatic,First,12.0,1991.0,184.0,17.25,E-Class 2015-2017 E 200 CGI,Mercedes-Benz,3
Delhi,2012,Diesel,Automatic,First,16.36,2179.0,187.7,32.0,XF Aero Sport Edition,Jaguar,3
Kochi,2011,Petrol,Manual,First,17.0,1197.0,80.0,3.45,i20 Sportz Petrol,Hyundai,0
Pune,2014,Diesel,Automatic,Second,12.39,2179.0,147.51,23.0,Rover Freelander 2 SE,Land,2
Kochi,2018,Petrol,Manual,First,18.6,1197.0,81.86,7.32,Elite i20 Petrol Sportz,Hyundai,1
Jaipur,2014,Petrol,Manual,First,18.0,1198.0,86.7,4.4,Amaze S i-Vtech,Honda,1
Coimbatore,2016,Petrol,Manual,First,22.74,796.0,47.3,4.12,Alto 800 VXI,Maruti,0
Chennai,2016,Diesel,Automatic,First,11.36,2755.0,171.5,19.5,Innova Crysta 2.8 ZX AT,Toyota,2
Hyderabad,2016,Petrol,Automatic,First,18.9,1197.0,82.0,6.2,Grand i10 AT Asta,Hyundai,1
Bangalore,2016,Diesel,Automatic,First,16.55,2993.0,258.0,45.0,X3 xDrive30d M Sport,BMW,4
Hyderabad,1998,Petrol,Manual,Second,15.0,970.0,113.25304969366915,0.85,1000 AC,Maruti,1
Chennai,2010,Petrol,Manual,Second,18.5,1197.0,80.0,2.8,i20 Magna,Hyundai,0
Pune,2015,Petrol,Automatic,First,18.9,1197.0,82.0,4.8,Grand i10 AT Asta,Hyundai,1
Pune,2003,Petrol,Manual,Second,17.0,1621.276449941501,113.25304969366915,0.9,Santro Xing XG,Hyundai,1
Hyderabad,2014,Diesel,Manual,First,25.01,1498.0,89.75,5.65,Fiesta 1.5 TDCi Titanium,Ford,1
Ahmedabad,2011,Diesel,Manual,Second,15.0,2148.0,113.25304969366915,14.5,E-Class 220 CDI,Mercedes-Benz,1
Ahmedabad,2015,Diesel,Manual,First,26.59,1248.0,74.0,5.9,Swift Dzire VDI,Maruti,0
Pune,2015,Diesel,Manual,Second,23.59,1364.0,67.04,5.0,Etios VXD,Toyota,0
Ahmedabad,2015,Petrol,Manual,First,19.1,1197.0,82.0,4.9,Xcent 1.2 Kappa Base,Hyundai,1
Ahmedabad,2009,Petrol,Manual,First,13.5,1799.0,130.0,4.25,Civic 2006-2010 1.8 S MT,Honda,2
Chennai,2014,Diesel,Manual,First,12.99,2494.0,100.6,10.9,Innova 2.5 GX (Diesel) 8 Seater,Toyota,1
Delhi,2012,Petrol,Manual,First,13.2,1495.0,94.0,2.45,Accent GLE,Hyundai,1
Pune,2013,Petrol,Manual,First,22.74,796.0,47.3,2.5,Alto 800 LXI,Maruti,0
Kolkata,2010,Petrol,Automatic,First,8.1,5461.0,387.3,29.5,SL-Class SL 500,Mercedes-Benz,7
Jaipur,2013,Diesel,Manual,Second,22.7,1498.0,89.84,5.75,Ecosport 1.5 DV5 MT Titanium Optional,Ford,1
Pune,2018,Petrol,Manual,First,20.14,1197.0,81.86,5.0,Xcent 1.2 VTVT E,Hyundai,1
Kochi,2014,Petrol,Automatic,First,14.3,1598.0,103.6,4.62,Rapid 1.6 MPI AT Ambition Plus,Skoda,1
Delhi,2016,Diesel,Automatic,First,15.73,1968.0,174.33,23.5,Q3 2012-2015 35 TDI Quattro Premium Plus,Audi,3
Kolkata,2013,Diesel,Manual,First,16.0,2179.0,140.0,7.25,XUV500 W8 2WD,Mahindra,2
Kochi,2019,Petrol,Manual,First,17.0,1591.0,121.3,11.88,Verna VTVT 1.6 SX Option,Hyundai,1
Chennai,2009,Petrol,Manual,Third,13.9,1599.0,103.2,2.25,Verna Xi (Petrol),Hyundai,1
Pune,2003,Petrol,Manual,Second,14.2,1597.0,92.0,0.85,Ikon 1.6 CLXI,Ford,1
Pune,2018,Petrol,Manual,First,19.69,1198.0,67.04,4.0,Micra Active XV,Nissan,0
Pune,2016,Petrol,Automatic,First,16.5,1198.0,86.8,5.1,Brio VX AT,Honda,1
Hyderabad,2014,Diesel,Manual,First,12.99,2494.0,100.6,12.5,Innova 2.5 GX (Diesel) 7 Seater,Toyota,1
Chennai,2011,Diesel,Manual,First,20.64,1498.0,108.5,2.9,Vento 1.5 TDI Highline,Volkswagen,1
Coimbatore,2016,Diesel,Manual,First,16.0,2179.0,140.0,15.96,XUV500 W10 AWD,Mahindra,2
Mumbai,2015,Petrol,Automatic,First,16.9,1197.0,82.0,5.45,Xcent 1.2 Kappa AT SX Option,Hyundai,1
Kochi,2017,Diesel,Manual,First,13.5,2198.0,157.7,23.86,Endeavour 2.2 Trend MT 4X4,Ford,2
Kochi,2008,Petrol,Manual,First,18.0,995.0,62.0,1.75,Spark 1.0 LT,Chevrolet,0
Hyderabad,2017,Diesel,Manual,First,24.52,1248.0,88.5,9.75,Ertiga SHVS VDI,Maruti,1
Bangalore,2013,Diesel,Manual,First,25.8,1498.0,98.6,4.75,Amaze S i-Dtech,Honda,1
Delhi,2014,Petrol,Manual,First,17.4,1497.0,117.3,6.25,City i VTEC S,Honda,1
Bangalore,2014,Diesel,Automatic,Second,23.8,1998.0,112.0,22.0,Cooper Countryman D,Mini,1
Kochi,2016,Petrol,Automatic,First,14.53,1794.0,138.1,14.14,Corolla Altis 2008-2013 1.8 VL AT,Toyota,2
Kolkata,2005,Petrol,Manual,First,17.0,1086.0,113.25304969366915,0.95,Santro Xing XL eRLX Euro III,Hyundai,1
Delhi,2014,Petrol,Automatic,First,13.7,1798.0,157.75,11.95,Superb Elegance 1.8 TSI AT,Skoda,2
Delhi,2011,Petrol,Manual,First,18.9,998.0,67.1,2.5,Wagon R LXI BS IV,Maruti,0
Mumbai,2013,Petrol,Manual,First,19.81,1086.0,68.05,2.75,i10 Era 1.1,Hyundai,0
Coimbatore,2019,Petrol,Manual,First,23.84,1199.0,84.0,5.85,Tiago 1.2 Revotron XT Option,Tata,1
Ahmedabad,2016,Petrol,Manual,First,21.4,1197.0,83.1,6.25,Baleno Zeta 1.2,Maruti,1
Mumbai,2014,Petrol,Manual,First,15.04,1598.0,103.2,4.95,Vento 1.6 Highline,Volkswagen,1
Pune,2017,Petrol,Manual,First,18.9,1197.0,81.86,4.75,Grand i10 1.2 Kappa Sportz Option,Hyundai,1
Delhi,2013,Diesel,Manual,First,20.0,1399.0,68.05,2.55,Figo Diesel EXI,Ford,0
Pune,2011,Petrol,Automatic,Second,13.9,1799.0,130.3,4.5,Civic 2010-2013 1.8 V AT Sunroof,Honda,2
Kochi,2015,Petrol,Manual,First,22.74,796.0,47.3,3.01,Alto 800 LXI,Maruti,0
Hyderabad,2016,Diesel,Automatic,First,15.68,1999.0,177.0,42.0,Rover Range Rover Evoque 2.0 TD4 HSE Dynamic,Land,3
Kolkata,2010,Diesel,Automatic,First,12.4,2698.0,179.5,11.5,A6 2.7 TDI,Audi,3
Hyderabad,2006,Diesel,Automatic,First,11.0,2987.0,198.5,10.99,E-Class 280 CDI,Mercedes-Benz,3
Jaipur,2009,Petrol,Automatic,First,17.0,1497.0,118.0,3.71,City 1.5 V AT Exclusive,Honda,1
Jaipur,2006,Petrol,Automatic,Third,10.1,2354.0,152.0,2.0,CR-V 2.4 4WD AT,Honda,2
Kochi,2018,Diesel,Manual,First,28.09,1248.0,88.5,9.48,Ciaz 1.3 Alpha,Maruti,1
Jaipur,2004,Petrol,Manual,Second,18.9,998.0,67.1,1.25,Wagon R LXI,Maruti,0
Jaipur,2015,Diesel,Manual,First,19.67,1582.0,126.2,10.9,Creta 1.6 CRDi SX Option,Hyundai,1
Kolkata,2015,Diesel,Manual,First,28.09,1248.0,88.5,5.5,Ciaz VDi Plus SHVS,Maruti,1
Coimbatore,2016,Petrol,Manual,First,21.1,814.0,55.2,3.71,EON D Lite Plus,Hyundai,0
Mumbai,2014,Petrol,Manual,First,16.02,1373.0,93.7,6.25,Ertiga VXI,Maruti,1
Chennai,2012,Diesel,Manual,First,20.54,1598.0,103.6,4.9,Vento Diesel Highline,Volkswagen,1
Mumbai,2005,Petrol,Manual,Second,12.8,1493.0,100.0,1.1,City 1.5 GXI,Honda,1
Kochi,2016,Petrol,Manual,First,16.47,1198.0,73.9,4.72,Polo Petrol Trendline 1.2L,Volkswagen,0
Mumbai,2016,Diesel,Automatic,First,17.9,2143.0,136.0,24.85,GLA Class 200 CDI,Mercedes-Benz,2
Jaipur,2013,Diesel,Manual,First,14.66,2199.0,194.3,12.25,Santa Fe 4X2,Hyundai,3
Kolkata,2014,Diesel,Manual,First,22.9,1248.0,74.0,3.9,Swift VDI,Maruti,0
Kochi,2017,Petrol,Manual,First,18.6,1197.0,81.86,6.28,Elite i20 Sportz Plus,Hyundai,1
Mumbai,2011,Diesel,Manual,First,14.0,2498.0,112.0,2.75,Xylo E8 BS IV,Mahindra,1
Coimbatore,2017,Petrol,Manual,First,18.9,1197.0,82.0,7.85,Grand i10 Asta Option,Hyundai,1
Mumbai,2011,Petrol,Manual,First,15.04,1598.0,103.6,2.95,Vento Petrol Highline,Volkswagen,1
Mumbai,2008,Petrol,Automatic,Second,11.7,2354.0,177.6,4.85,Accord 2.4 A/T,Honda,3
Bangalore,2011,Diesel,Automatic,Second,13.5,2925.0,281.61,30.0,S-Class S 350 d,Mercedes-Benz,5
Bangalore,2016,Diesel,Automatic,First,15.0,2143.0,107.3,19.9,B Class B200 CDI,Mercedes-Benz,1
Bangalore,2016,Diesel,Manual,First,20.5,1582.0,126.2,10.8,Creta 1.6 SX Option Diesel,Hyundai,1
Hyderabad,2007,Petrol,Manual,First,19.7,796.0,46.3,1.75,Alto LXI,Maruti,0
Mumbai,2016,Diesel,Automatic,First,20.38,1968.0,143.0,19.25,A3 35 TDI Premium,Audi,2
Delhi,2013,Diesel,Manual,First,19.87,1461.0,83.8,5.5,Duster 85PS Diesel RxL,Renault,1
Chennai,2009,Diesel,Manual,First,17.8,1399.0,68.0,2.75,Fiesta 1.4 ZXi TDCi ABS,Ford,0
Bangalore,2015,Diesel,Manual,First,19.67,1582.0,126.2,13.0,Creta 1.6 SX Plus Diesel,Hyundai,1
Mumbai,2011,Diesel,Manual,First,20.0,1399.0,68.0,3.2,Figo Diesel ZXI,Ford,0
Coimbatore,2013,Petrol,Manual,First,15.26,1598.0,103.5,5.84,Polo Petrol Highline 1.6L,Volkswagen,1
Hyderabad,2015,Diesel,Automatic,Second,16.8,1969.0,150.0,24.0,V40 D3 R Design,Volvo,2
Chennai,2012,Diesel,Automatic,First,19.08,1582.0,126.32,6.25,Verna SX CRDi AT,Hyundai,1
Hyderabad,2009,Diesel,Automatic,First,14.49,2993.0,258.0,36.0,7 Series 2007-2012 730Ld,BMW,4
Chennai,2003,Diesel,Manual,Third,14.8,1998.0,68.0,3.0,Lancer GLXD,Mitsubishi,0
Chennai,2010,Diesel,Manual,First,11.5,2982.0,171.0,11.0,Fortuner 3.0 Diesel,Toyota,2
Chennai,2015,Diesel,Manual,First,26.21,1248.0,88.5,6.5,Ciaz VDi Plus,Maruti,1
Hyderabad,2018,Diesel,Manual,First,24.3,1248.0,88.5,9.4,Vitara Brezza VDi Option,Maruti,1
Kochi,2018,Diesel,Automatic,First,21.76,1995.0,190.0,37.92,3 Series Luxury Line,BMW,3
Pune,2013,Petrol,Automatic,First,14.4,1598.0,103.6,5.25,Vento Petrol Highline AT,Volkswagen,1
Chennai,2011,Petrol,Manual,First,17.0,1197.0,80.0,4.5,i20 1.2 Asta,Hyundai,0
Chennai,2009,Diesel,Automatic,First,11.0,2993.0,235.0,18.0,X5 3.0d,BMW,4
Coimbatore,2015,Petrol,Manual,First,19.1,1197.0,82.0,5.56,Xcent 1.2 Kappa S,Hyundai,1
Bangalore,2013,Diesel,Automatic,First,14.21,2143.0,203.0,22.0,E-Class 2009-2013 E250 CDI Blue Efficiency,Mercedes-Benz,3
Hyderabad,2011,Diesel,Automatic,First,12.39,2179.0,147.51,22.0,Rover Freelander 2 SE,Land,2
Mumbai,2011,Petrol,Manual,First,20.36,1197.0,78.9,2.65,i10 Magna,Hyundai,0
Jaipur,2013,Diesel,Manual,Second,22.32,1582.0,126.32,5.85,Verna 1.6 SX CRDi (O),Hyundai,1
Chennai,2012,Diesel,Manual,First,19.33,1968.0,138.1,6.95,Jetta 2012-2014 2.0L TDI Highline,Volkswagen,2
Kolkata,2012,Diesel,Manual,First,15.1,2179.0,140.0,6.5,XUV500 W8 2WD,Mahindra,2
Jaipur,2004,Petrol,Manual,Third,19.7,796.0,35.0,0.85,Omni 8 Seater BSII,Maruti,0
Delhi,2013,Petrol,Automatic,Second,14.67,1798.0,177.46,7.25,Superb Style 1.8 TSI AT,Skoda,3
Pune,2012,Diesel,Manual,First,22.9,1248.0,74.0,4.5,Swift VDI,Maruti,0
Mumbai,2010,Diesel,Manual,First,10.5,2179.0,120.0,4.25,Scorpio 2.6 LX,Mahindra,1
Chennai,2016,Petrol,Automatic,First,13.7,1991.0,183.0,26.0,GLA Class 200 Sport Edition,Mercedes-Benz,3
Coimbatore,2017,Diesel,Manual,First,16.55,2498.0,105.0,9.66,Thar CRDe,Mahindra,1
Bangalore,2013,Diesel,Manual,Second,19.01,1461.0,108.45,6.85,Duster 110PS Diesel RxZ,Renault,1
Coimbatore,2013,Diesel,Automatic,First,12.8,1968.0,167.6,23.68,Q5 2008-2012 2.0 TDI,Audi,2
Delhi,2013,Diesel,Automatic,Second,12.39,2179.0,147.51,15.75,Rover Freelander 2 SE,Land,2
Pune,2012,Diesel,Manual,Third,20.54,1598.0,103.6,3.5,Vento Diesel Comfortline,Volkswagen,1
Delhi,2006,Petrol,Automatic,Second,11.62,2979.0,306.0,6.99,5 Series 2003-2012 540i Sedan,BMW,5
Coimbatore,2019,Diesel,Manual,First,22.7,1582.0,126.2,15.57,Elantra CRDi SX,Hyundai,1
Coimbatore,2015,Diesel,Manual,First,15.3,2956.0,83.8,5.29,Sumo EX,Tata,1
Chennai,2009,Diesel,Automatic,First,11.7,2993.0,245.0,20.0,X5 xDrive 30d,BMW,4
Mumbai,2011,Petrol,Automatic,First,7.94,4395.0,450.0,47.5,6 Series 630i Coupe,BMW,8
Chennai,2002,Petrol,Manual,Second,18.9,1061.0,47.0,1.22,Alto Vxi 1.1,Maruti,0
Chennai,2012,Petrol,Manual,First,16.47,1198.0,73.9,3.65,Polo Petrol Comfortline 1.2L,Volkswagen,0
Bangalore,2016,Petrol,Manual,First,15.29,1591.0,121.3,11.5,Creta 1.6 VTVT S,Hyundai,1
Kochi,2015,Petrol,Manual,First,24.07,998.0,67.1,3.46,Alto K10 VXI,Maruti,0
Coimbatore,2013,Diesel,Manual,First,14.66,2199.0,194.3,8.38,Santa Fe 4X4,Hyundai,3
Pune,2014,Diesel,Manual,First,15.11,1598.0,103.6,4.8,Polo GT TDI,Volkswagen,1
Pune,2014,Diesel,Manual,Second,25.8,1498.0,98.6,4.5,Amaze S i-Dtech,Honda,1
Chennai,2004,Petrol,Manual,First,15.9,1298.0,113.25304969366915,0.8,Esteem Vxi,Maruti,1
Kolkata,2014,Diesel,Manual,First,22.9,1248.0,74.0,3.95,Swift VDI,Maruti,0
Hyderabad,2012,Diesel,Manual,First,20.5,1598.0,103.5,3.65,Rapid 1.6 TDI Ambition,Skoda,1
Mumbai,2005,Diesel,Automatic,First,11.0,2987.0,198.5,10.0,E-Class 280 CDI,Mercedes-Benz,3
Delhi,2011,Diesel,Manual,Second,12.05,2179.0,120.0,4.0,Scorpio SLE BSIV,Mahindra,1
Hyderabad,2012,Diesel,Manual,First,21.64,1461.0,84.8,4.75,Sunny 2011-2014 Diesel XL,Nissan,1
Bangalore,2009,Petrol,Manual,Second,17.5,1298.0,85.8,3.1,Swift Dzire VXi,Maruti,1
Kochi,2017,Petrol,Manual,First,21.1,814.0,55.2,3.61,EON Sportz,Hyundai,0
Coimbatore,2015,Petrol,Manual,First,19.4,1198.0,86.8,4.29,Brio S MT,Honda,1
Kolkata,2011,Petrol,Manual,First,18.06,1198.0,75.0,2.13,Micra XV Primo,Nissan,0
Mumbai,2008,Petrol,Manual,First,19.7,796.0,46.3,1.1,Alto LXi BSII,Maruti,0
Hyderabad,2011,Diesel,Automatic,First,22.69,1995.0,190.0,13.95,3 Series 320d,BMW,3
Mumbai,2014,Petrol,Manual,First,16.47,1198.0,74.0,5.35,Polo 1.2 MPI Highline,Volkswagen,0
Hyderabad,2014,Petrol,Manual,First,23.1,998.0,67.04,3.9,Celerio LXI,Maruti,0
Kolkata,2014,Petrol,Manual,First,21.5,1197.0,81.8,2.8,Wagon R VXI 1.2,Maruti,1
Mumbai,2016,Diesel,Manual,First,26.21,1248.0,88.5,8.75,Ciaz ZDi Plus,Maruti,1
Hyderabad,2013,Diesel,Automatic,First,16.55,1968.0,147.51,19.5,A4 2.0 TDI,Audi,2
Kolkata,2013,Petrol,Manual,First,19.4,1198.0,86.8,2.75,Brio S MT,Honda,1
Hyderabad,2013,Diesel,Automatic,First,11.79,2179.0,120.0,8.0,Scorpio VLX 2WD AT BSIV,Mahindra,1
Delhi,2014,Diesel,Manual,First,26.0,1498.0,98.6,5.7,City i DTEC V,Honda,1
Ahmedabad,2012,Diesel,Automatic,First,17.05,1995.0,184.0,12.5,X1 sDrive20d,BMW,3
Chennai,2011,Petrol,Manual,Second,18.0,995.0,62.0,1.75,Spark 1.0 LT,Chevrolet,0
Chennai,2010,Diesel,Manual,Second,20.0,1399.0,68.0,1.9,Figo Diesel EXI,Ford,0
Ahmedabad,2015,Petrol,Manual,First,20.4,1197.0,81.8,4.5,Swift VXI BSIV,Maruti,1
Mumbai,2015,Diesel,Automatic,First,19.27,2143.0,170.0,30.3,New C-Class C 220 CDI Avantgarde,Mercedes-Benz,2
Hyderabad,2014,Diesel,Automatic,First,19.3,1968.0,141.0,16.0,Octavia Elegance 2.0 TDI AT,Skoda,2
Kochi,2017,Diesel,Automatic,First,18.56,1995.0,190.0,32.78,X3 xDrive20d xLine,BMW,3
Jaipur,2015,Petrol,Manual,First,21.1,814.0,55.2,2.5,EON Era Plus,Hyundai,0
Hyderabad,2017,Diesel,Automatic,First,18.25,1968.0,187.74,43.0,A4 35 TDI Technology,Audi,3
Kochi,2017,Petrol,Manual,First,18.16,1196.0,86.8,5.38,Figo 2015-2019 1.2P Titanium MT,Ford,1
Hyderabad,2013,Petrol,Manual,First,20.92,998.0,67.1,2.65,Alto K10 2010-2014 VXI,Maruti,0
Hyderabad,2017,Petrol,Manual,First,24.7,796.0,47.3,3.3,Alto 800 2016-2019 VXI,Maruti,0
Hyderabad,2015,Diesel,Automatic,First,19.27,2143.0,167.62,34.0,New C-Class C 220 CDI Style,Mercedes-Benz,2
Chennai,2001,Petrol,Manual,Third,20.3,1086.0,68.0,0.7,Santro D Lite,Hyundai,0
Kochi,2017,Diesel,Manual,First,24.4,1120.0,71.0,6.83,Xcent 1.1 CRDi S,Hyundai,0
Kochi,2016,Diesel,Manual,First,25.8,1498.0,98.6,5.77,Amaze S i-Dtech,Honda,1
Chennai,2008,Diesel,Manual,Second,17.8,1248.0,75.0,3.1,Swift Vdi BSIII,Maruti,0
Mumbai,2017,Petrol,Manual,First,16.2,1199.0,74.0,4.95,Polo 1.2 MPI Comfortline,Volkswagen,0
Bangalore,2013,Diesel,Automatic,First,17.11,1968.0,174.33,16.25,A4 2.0 TDI 177 Bhp Premium Plus,Audi,3
Coimbatore,2012,Diesel,Automatic,First,10.2,4367.0,308.0,52.54,Rover Range Rover 3.6 TDV8 Vogue SE,Land,5
Chennai,2011,Diesel,Manual,Third,16.0,2179.0,140.0,6.4,XUV500 W8 2WD,Mahindra,2
Bangalore,2011,Diesel,Manual,Third,13.1,2499.0,141.0,6.95,Endeavour 2.5L 4X2,Ford,2
Kolkata,2008,Diesel,Manual,First,17.2,1396.0,53.5,0.85,Indica V2 DLX,Tata,0
Chennai,2016,Petrol,Manual,First,21.4,1197.0,83.1,6.95,Baleno Alpha,Maruti,1
Kolkata,2017,Diesel,Manual,First,24.4,1120.0,71.0,3.45,Xcent 1.1 CRDi Base,Hyundai,0
Delhi,2008,Petrol,Manual,First,13.5,1799.0,130.0,2.75,Civic 2006-2010 1.8 S MT,Honda,2
Delhi,2015,Petrol,Manual,Second,18.6,1197.0,81.83,4.95,i20 Sportz Option 1.2,Hyundai,1
Coimbatore,2018,Petrol,Manual,First,17.0,1198.0,108.5,9.62,Nexon 1.2 Revotron XZ Plus,Tata,1
Coimbatore,2016,Petrol,Manual,First,18.6,1197.0,81.83,6.79,i20 Sportz 1.2,Hyundai,1
Mumbai,2014,Petrol,Manual,First,19.1,1197.0,85.8,4.5,Swift Dzire ZXI,Maruti,1
Kochi,2014,Petrol,Manual,First,22.5,998.0,67.04,3.01,Wagon R LXI,Maruti,0
Bangalore,2012,Diesel,Manual,First,21.9,1396.0,88.76,4.4,i20 Sportz 1.4 CRDi,Hyundai,1
Hyderabad,2012,Diesel,Automatic,First,12.55,2982.0,168.5,17.49,Fortuner 4x2 AT,Toyota,2
Coimbatore,2014,Petrol,Manual,First,20.36,1197.0,78.9,4.66,i10 Sportz,Hyundai,0
Chennai,2015,Petrol,Manual,First,18.9,1197.0,82.0,5.5,Grand i10 Asta,Hyundai,1
Ahmedabad,2016,Petrol,Manual,First,18.6,1197.0,81.83,6.0,i20 Asta 1.2,Hyundai,1
Hyderabad,2007,Petrol,Automatic,First,17.0,1086.0,113.25304969366915,2.4,Santro Xing XL AT eRLX Euro II,Hyundai,1
Kochi,2018,Diesel,Manual,First,24.3,1248.0,88.5,10.19,Vitara Brezza ZDi Plus,Maruti,1
Kochi,2016,Diesel,Manual,First,25.8,1498.0,98.6,5.25,Amaze S i-Dtech,Honda,1
Hyderabad,2014,Diesel,Automatic,First,15.26,2143.0,203.2,45.0,M-Class ML 250 CDI,Mercedes-Benz,3
Ahmedabad,2010,Diesel,Manual,First,23.0,1396.0,90.0,2.7,i20 Sportz Diesel,Hyundai,1
Coimbatore,2013,Petrol,Manual,First,19.81,1086.0,68.05,3.39,i10 Era,Hyundai,0
Hyderabad,2014,Diesel,Manual,First,26.59,1248.0,74.0,5.69,Swift Dzire VDI,Maruti,0
Kochi,2018,Petrol,Automatic,First,10.37,2979.0,306.0,58.54,Z4 2009-2013 Roadster 2.5i,BMW,5
Hyderabad,2017,Diesel,Manual,First,27.39,1248.0,74.0,8.4,Baleno Alpha Diesel,Maruti,0
Hyderabad,2012,Diesel,Manual,First,25.44,936.0,57.6,2.5,Beat Diesel,Chevrolet,0
Pune,2012,Petrol,Manual,First,19.4,1198.0,86.8,3.25,Brio V MT,Honda,1
Mumbai,2014,Diesel,Manual,Second,20.0,1399.0,68.05,3.25,Figo Diesel Titanium,Ford,0
Pune,2016,Petrol,Automatic,First,23.1,998.0,67.04,4.25,Celerio VXI AT,Maruti,0
Jaipur,2014,Diesel,Automatic,First,14.84,2143.0,170.0,18.5,New C-Class C 220 CDI Elegance AT,Mercedes-Benz,2
Hyderabad,2007,Petrol,Automatic,First,17.0,1086.0,113.25304969366915,2.4,Santro Xing XL AT eRLX Euro III,Hyundai,1
Jaipur,2015,Petrol,Manual,First,19.4,1198.0,86.8,4.25,Brio S MT,Honda,1
Mumbai,2018,Petrol,Automatic,First,21.4,1197.0,83.1,8.85,Baleno Alpha CVT,Maruti,1
Coimbatore,2014,Petrol,Manual,First,21.1,814.0,55.2,4.14,EON Sportz,Hyundai,0
Hyderabad,2015,Diesel,Manual,First,23.0,1396.0,90.0,7.0,i20 1.4 CRDi Sportz,Hyundai,1
Hyderabad,2018,Diesel,Automatic,First,10.91,3198.0,197.0,33.0,Endeavour 3.2 Titanium AT 4X4,Ford,3
Ahmedabad,2017,Petrol,Manual,First,17.4,1497.0,117.3,10.0,City i-VTEC VX,Honda,1
Kochi,2012,Diesel,Manual,Second,21.5,1248.0,88.8,3.53,SX4 ZDI,Maruti,1
Jaipur,2007,Petrol,Manual,First,12.9,1598.0,102.5,1.35,Optra Magnum 1.6 LS Petrol,Chevrolet,1
Delhi,2013,Diesel,Manual,First,20.54,1598.0,103.6,4.5,Vento Diesel Highline,Volkswagen,1
Pune,2012,Petrol,Manual,First,16.8,1497.0,116.3,4.9,City V MT,Honda,1
Kochi,2016,Diesel,Manual,First,19.67,1582.0,126.2,12.26,Creta 1.6 CRDi SX Option,Hyundai,1
Mumbai,2014,Diesel,Manual,Second,24.4,1120.0,71.0,3.99,Xcent 1.1 CRDi SX,Hyundai,0
Mumbai,2017,Diesel,Automatic,First,17.9,2143.0,170.0,46.95,GLC 220d 4MATIC Style,Mercedes-Benz,2
Hyderabad,2015,Diesel,Manual,First,20.0,1399.0,68.0,3.8,Figo Diesel EXI,Ford,0
Ahmedabad,2013,Diesel,Manual,Second,15.0,1896.0,105.0,6.75,Jetta 2007-2011 2.0 TDI Trendline,Volkswagen,1
Coimbatore,2017,Diesel,Manual,First,18.49,1493.0,100.0,8.75,TUV 300 2015-2019 T8,Mahindra,1
Chennai,2013,Petrol,Manual,Second,15.8,1499.0,110.0,5.2,Ecosport 1.5 Ti VCT MT Titanium,Ford,1
Kochi,2017,Petrol,Manual,First,17.1,1591.0,121.3,8.42,Verna 1.6 SX VTVT (O),Hyundai,1
Mumbai,2016,Petrol,Manual,First,18.6,1197.0,81.83,5.75,i20 Sportz 1.2,Hyundai,1
Kolkata,2008,Diesel,Automatic,First,15.2,1968.0,140.8,9.75,A4 New 2.0 TDI Multitronic,Audi,2
Delhi,2015,Petrol,Manual,First,19.49,1198.0,67.04,3.5,Micra Active XV S,Nissan,0
Jaipur,2014,Diesel,Automatic,First,15.26,2143.0,203.2,30.0,M-Class ML 250 CDI,Mercedes-Benz,3
Delhi,2017,Diesel,Automatic,First,12.83,2179.0,147.5,35.0,Rover Discovery Sport TD4 S,Land,2
Coimbatore,2018,Petrol,Manual,First,15.8,1591.0,121.3,13.25,Creta 1.6 SX Option Executive,Hyundai,1
Mumbai,2013,Diesel,Manual,First,20.5,1598.0,103.5,3.65,Rapid 1.6 TDI Active,Skoda,1
Jaipur,2015,Diesel,Manual,First,23.4,1248.0,74.0,5.25,Swift Dzire VDI,Maruti,0
Delhi,2016,Petrol,Manual,First,15.8,1591.0,121.3,9.7,Creta 1.6 SX,Hyundai,1
Coimbatore,2017,Diesel,Manual,First,24.0,1120.0,70.0,5.21,Grand i10 CRDi Sportz,Hyundai,0
Pune,2016,Diesel,Manual,First,18.49,1493.0,100.0,6.3,TUV 300 T8,Mahindra,1
Kochi,2014,Diesel,Manual,First,24.0,1120.0,70.0,4.72,Grand i10 CRDi Sportz,Hyundai,0
Chennai,2011,Diesel,Automatic,Second,11.7,2993.0,245.0,28.0,X5 xDrive 30d,BMW,4
Coimbatore,2018,Diesel,Automatic,First,28.4,1248.0,73.75,8.37,Dzire AMT VDI,Maruti,0
Delhi,2012,Diesel,Manual,First,12.55,2982.0,168.5,14.0,Fortuner 4x4 MT,Toyota,2
Hyderabad,2015,Diesel,Automatic,First,17.68,1968.0,174.33,36.0,A6 2011-2015 35 TDI Technology,Audi,3
Pune,2015,Diesel,Manual,First,27.3,1498.0,98.6,6.4,Jazz 1.5 V i DTEC,Honda,1
Coimbatore,2015,Diesel,Automatic,First,11.33,4134.0,335.2,51.69,Q7 4.2 TDI Quattro Technology,Audi,6
Jaipur,2014,Diesel,Manual,First,12.05,2179.0,120.0,8.0,Scorpio 2009-2014 VLX 2WD 7S BSIV,Mahindra,1
Hyderabad,2012,Diesel,Manual,First,18.3,1991.0,147.9,9.8,Cruze LTZ,Chevrolet,2
Hyderabad,2012,Diesel,Manual,First,25.44,936.0,57.6,2.7,Beat Diesel LT,Chevrolet,0
Coimbatore,2014,Diesel,Automatic,First,18.25,1968.0,187.74,24.37,A4 35 TDI Premium Plus,Audi,3
Kochi,2018,Petrol,Automatic,First,14.3,1598.0,103.52,9.72,Rapid 1.6 MPI AT Style,Skoda,1
Pune,2014,Diesel,Manual,First,23.4,1248.0,74.0,5.0,Swift Dzire VDI,Maruti,0
Pune,2009,Diesel,Manual,Second,11.5,2982.0,171.0,10.5,Fortuner 3.0 Diesel,Toyota,2
Jaipur,2012,Diesel,Manual,Second,22.9,1248.0,74.0,3.9,Swift VDI,Maruti,0
Coimbatore,2012,Petrol,Manual,First,17.0,1497.0,118.0,5.65,City 1.5 V MT Exclusive,Honda,1
Mumbai,2012,Diesel,Automatic,First,15.26,2143.0,203.2,29.95,M-Class ML 250 CDI,Mercedes-Benz,3
Bangalore,2008,Diesel,Manual,Second,17.8,1248.0,75.0,3.0,Swift Ldi BSIII,Maruti,0
Kolkata,2017,Diesel,Manual,First,26.1,1498.0,99.0,6.0,Aspire Titanium Diesel,Ford,1
Mumbai,2009,Petrol,Manual,First,20.36,1197.0,78.9,2.11,i10 Sportz,Hyundai,0
Kolkata,2010,Petrol,Manual,First,14.6,1621.276449941501,113.25304969366915,1.49,Punto 1.4 Emotion,Fiat,1
Jaipur,2011,Petrol,Manual,First,19.7,796.0,46.3,1.5,Alto LXi,Maruti,0
Coimbatore,2013,Diesel,Manual,First,23.59,1364.0,113.25304969366915,4.67,Etios Liva GD,Toyota,1
Bangalore,2006,Petrol,Manual,Second,20.4,1197.0,81.8,2.85,Swift VXI BSIV,Maruti,1
Coimbatore,2017,Diesel,Automatic,First,19.27,2143.0,170.0,33.64,New C-Class C 220 CDI Avantgarde,Mercedes-Benz,2
Hyderabad,2011,Diesel,Manual,Second,17.88,1396.0,52.8,0.91,Indica V2 DLE BSIII,Tata,0
Jaipur,2014,Petrol,Manual,Second,22.74,796.0,47.3,2.42,Alto 800 VXI,Maruti,0
Kolkata,2005,Petrol,Automatic,First,9.3,2771.0,193.1,3.25,Superb 2.8 V6 AT,Skoda,3
Kolkata,2013,Petrol,Manual,First,16.47,1198.0,73.9,2.8,Polo Petrol Comfortline 1.2L,Volkswagen,0
Coimbatore,2019,Petrol,Automatic,First,22.0,1197.0,81.8,8.3,Dzire AMT ZXI Plus,Maruti,1
Bangalore,2010,Diesel,Manual,Third,12.05,2179.0,120.0,5.25,Scorpio VLX,Mahindra,1
Jaipur,2010,Diesel,Manual,First,17.8,1248.0,75.0,2.9,Swift Vdi BSIII,Maruti,0
Pune,2013,Diesel,Automatic,First,18.88,1995.0,184.0,15.0,3 Series 320d Prestige,BMW,3
Jaipur,2012,Petrol,Manual,Second,25.4,624.0,37.5,0.53,Nano STD SE,Tata,0
Mumbai,2014,Diesel,Manual,First,12.99,2494.0,100.0,12.5,Innova 2.5 VX (Diesel) 8 Seater,Toyota,1
Mumbai,2012,Petrol,Manual,First,18.4,1198.0,86.8,2.75,Brio S Option MT,Honda,1
Pune,2018,Petrol,Automatic,First,23.84,1199.0,83.83,5.0,Tiago AMT 1.2 Revotron XZA,Tata,1
Kochi,2014,Diesel,Manual,First,12.05,2179.0,120.0,7.09,Scorpio SLE BSIV,Mahindra,1
Hyderabad,2011,Diesel,Automatic,First,16.73,1995.0,218.0,19.99,5 Series 2003-2012 525d,BMW,3
Mumbai,2014,Diesel,Manual,First,21.43,1364.0,87.2,10.75,Corolla Altis D-4D GL,Toyota,1
Mumbai,2016,Petrol,Automatic,First,18.0,1497.0,117.3,9.45,City i VTEC CVT VX,Honda,1
Hyderabad,2008,Diesel,Manual,First,22.0,1582.0,126.2,2.9,Verna CRDi 1.6 SX Option,Hyundai,1
Kolkata,2015,Diesel,Manual,First,26.59,1248.0,74.0,4.7,Swift Dzire VDI Optional,Maruti,0
Coimbatore,2016,Petrol,Manual,First,20.73,1373.0,91.1,7.11,Ciaz ZXi,Maruti,1
Jaipur,2014,Diesel,Manual,First,22.7,1498.0,89.84,6.25,Ecosport 1.5 DV5 MT Titanium,Ford,1
Hyderabad,2011,Petrol,Manual,First,20.92,998.0,67.1,2.2,Alto K10 2010-2014 VXI,Maruti,0
Kochi,2019,Petrol,Automatic,First,19.0,1199.0,88.76,8.86,Amaze V CVT Petrol,Honda,1
Delhi,2015,Diesel,Manual,First,15.1,2179.0,140.0,9.3,XUV500 W6 2WD,Mahindra,2
Coimbatore,2017,Diesel,Manual,First,18.49,1493.0,100.0,7.57,TUV 300 2015-2019 T8,Mahindra,1
Chennai,2017,Petrol,Manual,First,18.2,1199.0,88.7,7.9,Jazz VX,Honda,1
Kochi,2018,Petrol,Manual,First,16.1,1298.0,88.2,5.65,Swift VXI BSIII W/ ABS,Maruti,1
Delhi,2013,Petrol,Manual,First,16.47,1198.0,73.9,3.25,Polo Petrol Highline 1.2L,Volkswagen,0
Coimbatore,2019,Diesel,Manual,First,20.5,1582.0,126.2,16.27,Creta 1.6 SX Option Diesel,Hyundai,1
Coimbatore,2011,Petrol,Manual,First,18.6,1199.0,79.4,3.21,Beat LS,Chevrolet,0
Kolkata,2013,Diesel,Manual,First,25.8,1498.0,98.6,3.9,Amaze VX i-DTEC,Honda,1
Mumbai,2008,Petrol,Automatic,Second,10.0,2496.0,157.7,6.5,E-Class 230 E AT,Mercedes-Benz,2
Hyderabad,2016,Diesel,Automatic,First,18.59,2993.0,265.0,48.0,5 Series 530d M Sport,BMW,4
Mumbai,2016,Diesel,Automatic,First,20.38,1968.0,143.0,18.9,A3 35 TDI Premium Plus,Audi,2
Pune,2015,Diesel,Manual,First,26.59,1248.0,74.0,3.6,Swift Dzire VDI,Maruti,0
Kolkata,2015,Diesel,Manual,First,26.59,1248.0,74.0,5.5,Swift Dzire VDI,Maruti,0
Pune,2011,Diesel,Manual,Second,12.8,2494.0,102.0,7.0,Innova 2.5 V Diesel 7-seater,Toyota,1
Bangalore,2016,Diesel,Automatic,First,16.09,1995.0,184.0,41.75,X3 xDrive20d,BMW,3
Hyderabad,2007,Diesel,Automatic,First,16.73,1995.0,218.0,10.5,5 Series 2003-2012 525d,BMW,3
Coimbatore,2014,Diesel,Manual,First,15.1,2179.0,140.0,10.09,XUV500 W8 2WD,Mahindra,2
Delhi,2009,Petrol,Manual,First,17.0,1497.0,118.0,3.0,City 1.5 S MT,Honda,1
Jaipur,2015,Diesel,Manual,First,20.14,1498.0,88.0,4.91,Polo 1.5 TDI Comfortline,Volkswagen,1
Kolkata,2010,Petrol,Manual,First,16.0,1198.0,90.0,2.0,Jazz S,Honda,1
Hyderabad,2015,Diesel,Manual,First,23.59,1364.0,67.06,5.3,Etios Liva GD SP,Toyota,0
Mumbai,2014,Diesel,Manual,First,19.01,1461.0,108.5,7.22,Terrano XV Premium 110 PS,Nissan,1
Kochi,2017,Diesel,Automatic,First,18.56,1995.0,190.0,32.57,X3 xDrive 20d xLine,BMW,3
Mumbai,2010,Petrol,Manual,First,18.5,1197.0,80.0,2.75,i20 1.2 Magna,Hyundai,0
Hyderabad,2011,Diesel,Manual,First,17.8,1399.0,68.0,3.75,Fiesta EXi 1.4 TDCi Ltd,Ford,0
Kochi,2014,Petrol,Automatic,First,16.8,1497.0,118.0,5.91,City 1.5 V AT,Honda,1
Chennai,2013,Diesel,Manual,First,25.2,1248.0,74.0,4.35,Swift VDI BSIV,Maruti,0
Delhi,2014,Diesel,Manual,First,24.0,1120.0,70.0,3.25,Grand i10 CRDi SportZ Edition,Hyundai,0
Pune,2017,Diesel,Automatic,First,14.75,2967.0,245.0,68.0,Q7 45 TDI Quattro Technology,Audi,4
Mumbai,2016,Petrol,Manual,First,17.0,1198.0,74.0,5.5,Ameo 1.2 MPI Highline 16 Alloy,Volkswagen,0
Kochi,2018,Petrol,Automatic,First,18.0,1497.0,117.3,12.08,City i VTEC CVT VX,Honda,1
Kochi,2018,Diesel,Manual,First,27.39,1248.0,74.0,7.48,Baleno Alpha 1.3,Maruti,0
Jaipur,2016,Diesel,Manual,First,24.0,1120.0,70.0,5.5,Grand i10 CRDi Sportz,Hyundai,0
Jaipur,2011,Diesel,Manual,First,19.3,1248.0,73.9,3.5,Swift Dzire VDi,Maruti,0
Delhi,2006,Petrol,Manual,First,16.1,1621.276449941501,113.25304969366915,1.6,Swift 1.3 VXi,Maruti,1
Hyderabad,2013,Diesel,Manual,First,11.5,2982.0,171.0,19.0,Fortuner 3.0 Diesel,Toyota,2
Hyderabad,2017,Diesel,Manual,First,27.3,1498.0,98.6,8.4,Jazz VX Diesel,Honda,1
Pune,2016,Diesel,Manual,First,24.3,1248.0,88.5,7.25,Vitara Brezza LDi Option,Maruti,1
Kolkata,2014,Diesel,Manual,First,23.4,1248.0,74.0,4.25,Swift Dzire VDI,Maruti,0
Delhi,2015,Diesel,Automatic,Second,21.66,1498.0,103.52,5.7,Rapid 1.5 TDI AT Elegance,Skoda,1
Hyderabad,2013,Petrol,Manual,First,22.74,796.0,47.3,2.49,Alto 800 LXI,Maruti,0
Pune,2011,Petrol,Manual,Second,16.47,1198.0,73.9,3.0,Polo Petrol Highline 1.2L,Volkswagen,0
Delhi,2015,Diesel,Manual,First,26.0,1498.0,98.6,5.95,City i DTEC SV,Honda,1
Delhi,2013,Diesel,Manual,First,23.4,1248.0,74.0,2.69,Swift Dzire LDI,Maruti,0
Bangalore,2014,Diesel,Automatic,First,17.11,1968.0,174.33,26.0,A4 2.0 TDI 177 Bhp Technology Edition,Audi,3
Kolkata,2015,Petrol,Manual,First,17.8,1497.0,117.3,5.5,City i VTEC VX,Honda,1
Chennai,2016,Petrol,Manual,First,18.16,1196.0,86.8,4.85,Figo Aspire 1.2 Ti-VCT Ambiente,Ford,1
Kochi,2018,Diesel,Manual,First,24.3,1248.0,88.5,8.39,Vitara Brezza LDi,Maruti,1
Hyderabad,2015,Diesel,Manual,First,19.01,1461.0,108.45,7.99,Duster 110PS Diesel RxL,Renault,1
Hyderabad,2016,Diesel,Manual,First,21.19,1396.0,88.73,6.95,i20 Active 1.4 SX,Hyundai,1
Mumbai,2010,Petrol,Manual,First,15.7,1390.0,75.0,1.5,Logan Petrol 1.4 GLE,Mahindra,0
Mumbai,2006,Petrol,Manual,First,17.7,1497.0,78.0,1.55,City ZX GXi,Honda,0
Bangalore,2010,Petrol,Manual,Second,15.6,1196.0,70.0,2.75,Figo Petrol EXI,Ford,0
Mumbai,2014,Petrol,Manual,First,13.06,1598.0,102.53,4.25,Duster Petrol RxL,Renault,1
Kolkata,2015,Petrol,Manual,First,20.36,1197.0,78.9,2.85,i10 Sportz 1.2,Hyundai,0
Coimbatore,2019,Diesel,Automatic,First,12.81,1999.0,148.31,56.14,Rover Discovery Sport TD4 HSE 7S,Land,2
Ahmedabad,2009,Petrol,Automatic,Second,9.74,1984.0,208.0,10.0,Q5 2008-2012 2.0 TFSI Quattro,Audi,3
Mumbai,2003,Petrol,Manual,Second,11.3,1298.0,83.1,1.25,Versa DX2 BS II,Maruti,1
Kolkata,2017,Diesel,Manual,First,26.59,1248.0,74.0,7.5,Swift Dzire ZDI,Maruti,0
Coimbatore,2015,Diesel,Automatic,First,17.11,1968.0,174.33,25.81,A4 2.0 TDI Premium Sport Limited Edition,Audi,3
Ahmedabad,2014,Petrol,Manual,First,16.47,1198.0,74.0,4.3,Polo 1.2 MPI Comfortline,Volkswagen,0
Chennai,2010,Diesel,Manual,Second,11.5,2982.0,171.0,11.0,Fortuner 3.0 Diesel,Toyota,2
Jaipur,2010,Diesel,Manual,Second,11.5,2982.0,171.0,11.75,Fortuner 3.0 Diesel,Toyota,2
Coimbatore,2012,Petrol,Manual,First,12.8,2354.0,177.6,6.58,Accord 2.4 MT,Honda,3
Chennai,2012,Diesel,Manual,First,22.9,1248.0,74.0,4.8,Swift ZDi,Maruti,0
Pune,2008,Petrol,Manual,Second,17.5,1198.0,70.0,1.65,Fabia 1.2 MPI Classic,Skoda,0
Kolkata,2017,Diesel,Manual,First,17.1,1956.0,170.0,15.0,Compass 2.0 Sport,Jeep,2
Ahmedabad,2014,Petrol,Manual,Second,25.4,624.0,37.5,1.0,Nano Twist XT,Tata,0
Hyderabad,2007,Petrol,Manual,First,15.3,1596.0,101.0,1.65,Fiesta 1.6 ZXi ABS,Ford,1
Ahmedabad,2015,Diesel,Manual,First,27.62,793.0,47.0,3.6,Celerio ZDi,Maruti,0
Delhi,2011,Diesel,Manual,First,11.5,2982.0,171.0,11.5,Fortuner 3.0 Diesel,Toyota,2
Ahmedabad,2015,Diesel,Manual,First,27.62,793.0,47.0,3.6,Celerio ZDi,Maruti,0
Pune,2015,Petrol,Manual,First,21.1,814.0,55.2,3.05,EON Era Plus,Hyundai,0
Bangalore,2011,Diesel,Manual,Second,23.5,1498.0,90.0,6.0,Fiesta Diesel Trend,Ford,1
Ahmedabad,2013,Petrol,Manual,First,16.47,1198.0,74.0,3.75,Polo 1.2 MPI Comfortline,Volkswagen,0
Coimbatore,2016,Petrol,Manual,First,16.2,1199.0,74.0,6.17,Polo 1.2 MPI Comfortline,Volkswagen,0
Coimbatore,2017,Diesel,Manual,First,24.3,1248.0,88.5,9.05,Vitara Brezza ZDi,Maruti,1
Coimbatore,2013,Petrol,Manual,First,19.4,1198.0,86.8,4.05,Brio S MT,Honda,1
Pune,2013,Petrol,Manual,First,17.5,1298.0,85.8,4.25,Swift Dzire VXi,Maruti,1
Kolkata,2018,Petrol,Manual,First,23.1,998.0,67.04,3.75,Celerio LXI MT,Maruti,0
Mumbai,2016,Petrol,Automatic,First,13.0,1591.0,121.3,11.85,Creta 1.6 SX Plus Petrol Automatic,Hyundai,1
Kochi,2016,Diesel,Manual,First,22.7,1498.0,89.84,8.24,Ecosport 1.5 DV5 MT Titanium,Ford,1
Hyderabad,2016,Diesel,Manual,First,17.8,1248.0,113.25304969366915,5.99,Swift VDI BSIV W ABS,Maruti,1
Jaipur,2008,Petrol,Manual,Second,13.1,1997.0,141.1,6.5,CR-V RVi MT,Honda,2
Coimbatore,2019,Diesel,Automatic,First,12.51,2179.0,187.7,58.91,Rover Discovery Sport SD4 HSE Luxury 7S,Land,3
Delhi,2014,Diesel,Manual,First,15.1,2179.0,140.0,8.0,XUV500 W8 2WD,Mahindra,2
Kochi,2015,Petrol,Manual,First,16.47,1198.0,74.0,4.64,Polo 1.2 MPI Highline,Volkswagen,0
Kochi,2010,Petrol,Automatic,First,19.2,1197.0,80.0,3.32,i10 Magna AT,Hyundai,0
Chennai,2012,Petrol,Manual,Second,20.36,1197.0,78.9,2.78,i10 Magna 1.2,Hyundai,0
Kochi,2016,Diesel,Automatic,First,14.81,1998.0,163.7,8.95,Cruze LTZ AT,Chevrolet,2
Mumbai,2013,Petrol,Automatic,First,12.0,1991.0,181.03,21.95,E-Class E 200 CGI,Mercedes-Benz,3
Ahmedabad,2013,Petrol,Manual,First,11.7,2359.0,134.0,7.9,Sonata 2.4 GDI,Hyundai,2
Kolkata,2007,Petrol,Automatic,First,11.74,1796.0,186.0,29.0,New C-Class C 200 Kompressor Elegance AT,Mercedes-Benz,3
Kolkata,2013,Diesel,Manual,First,22.07,1199.0,73.9,3.25,Polo Diesel Trendline 1.2L,Volkswagen,0
Mumbai,2014,Petrol,Manual,First,17.4,1497.0,117.3,5.9,City i VTEC SV,Honda,1
Coimbatore,2017,Diesel,Manual,First,24.3,1248.0,88.5,9.88,Vitara Brezza ZDi,Maruti,1
Coimbatore,2019,Petrol,Manual,First,18.6,1197.0,81.86,8.78,Elite i20 Asta Option,Hyundai,1
Kolkata,2011,Diesel,Manual,Second,13.93,2179.0,138.1,2.75,New Safari Dicor EX 4X2,Tata,2
Kochi,2014,Diesel,Manual,First,21.64,1461.0,84.8,5.98,Sunny 2011-2014 Diesel XL,Nissan,1
Delhi,2011,Petrol,Automatic,First,10.9,2497.0,215.0,31.0,3 Series 330 Ci Convertible,BMW,3
Delhi,2011,Petrol,Manual,Second,14.53,1798.0,138.0,3.55,Corolla 1.8 J,Toyota,2
Kochi,2015,Diesel,Manual,First,22.32,1582.0,126.32,6.24,Verna 1.6 SX,Hyundai,1
Kolkata,2009,Diesel,Manual,First,19.3,1248.0,73.9,2.19,Swift Dzire VDi,Maruti,0
Hyderabad,2013,Diesel,Manual,First,28.4,1248.0,73.75,5.5,Dzire VDI,Maruti,0
Pune,2014,Petrol,Manual,First,24.07,998.0,67.1,2.1,Alto K10 VXI,Maruti,0
Coimbatore,2011,Petrol,Automatic,First,10.5,5000.0,503.0,50.66,XJ 5.0 L V8 Supercharged,Jaguar,9
Kolkata,2012,Diesel,Automatic,First,14.84,2143.0,170.0,14.0,New C-Class 220 CDI AT,Mercedes-Benz,2
Mumbai,2013,Diesel,Manual,First,22.0,1582.0,126.2,5.5,Verna CRDi 1.6 SX Option,Hyundai,1
Pune,2007,Petrol,Manual,Third,14.2,1598.0,102.0,1.2,Aveo 1.6 LT,Chevrolet,1
Hyderabad,2014,Petrol,Manual,First,20.4,1197.0,81.8,5.3,Swift VXI BSIV,Maruti,1
Chennai,2015,Diesel,Manual,First,23.9,1582.0,126.2,6.3,Verna 1.6 CRDi S,Hyundai,1
Kochi,2017,Diesel,Automatic,First,17.9,2143.0,168.0,40.47,GLC 220d Celebration Edition,Mercedes-Benz,2
Delhi,2013,Diesel,Manual,First,13.0,2982.0,168.5,16.1,Fortuner 4x2 Manual,Toyota,2
Delhi,2014,Diesel,Automatic,First,12.8,1968.0,167.6,25.0,Q5 2008-2012 2.0 TDI,Audi,2
Mumbai,2008,Diesel,Automatic,Second,13.2,1995.0,170.0,7.95,3 Series 320d Dynamic,BMW,2
Delhi,2016,Petrol,Manual,First,24.7,796.0,47.3,2.65,Alto 800 2016-2019 LXI,Maruti,0
Coimbatore,2012,Petrol,Manual,First,20.92,998.0,67.1,2.81,Alto K10 2010-2014 VXI,Maruti,0
Hyderabad,2012,Petrol,Automatic,First,15.64,1798.0,167.62,17.5,A4 1.8 TFSI Technology Edition,Audi,2
Mumbai,2012,Petrol,Manual,First,16.1,1197.0,85.0,3.3,Swift VXi BSIV,Maruti,1
Kochi,2019,Petrol,Manual,First,22.5,998.0,67.04,5.34,Wagon R VXI,Maruti,0
Hyderabad,2016,Diesel,Manual,First,21.14,1498.0,103.52,8.5,Rapid 1.5 TDI Ambition,Skoda,1
Kochi,2010,Petrol,Manual,Second,16.0,1198.0,90.0,2.69,Jazz S,Honda,1
Ahmedabad,2015,Diesel,Manual,First,16.0,2179.0,140.0,11.5,XUV500 W10 2WD,Mahindra,2
Coimbatore,2011,Petrol,Manual,First,18.5,1197.0,85.8,4.06,Ritz VXi,Maruti,1
Hyderabad,2016,Diesel,Automatic,First,17.9,2143.0,201.15,49.0,GLE 250d,Mercedes-Benz,3
Bangalore,2012,Diesel,Manual,First,20.5,1598.0,103.5,4.6,Rapid 1.6 TDI Ambition,Skoda,1
Delhi,2015,Diesel,Manual,First,24.0,1120.0,70.0,3.96,Grand i10 CRDi Magna,Hyundai,0
Mumbai,2015,Petrol,Manual,First,18.6,1197.0,81.86,5.6,Elite i20 Petrol Asta,Hyundai,1
Kolkata,2017,Diesel,Manual,First,22.95,1248.0,74.0,3.75,Zest Quadrajet 1.3 75PS XE,Tata,0
Jaipur,2015,Diesel,Manual,First,22.54,1396.0,88.73,5.5,i20 Magna 1.4 CRDi,Hyundai,1
Delhi,2012,Diesel,Manual,Second,20.5,1598.0,103.5,3.0,Rapid 1.6 TDI Elegance,Skoda,1
Mumbai,2011,Petrol,Manual,First,16.0,1368.0,90.0,3.0,Linea Emotion,Fiat,1
Pune,2010,Petrol,Manual,First,16.1,1298.0,88.2,2.95,Swift VXI BSIII W/ ABS,Maruti,1
Hyderabad,2015,Diesel,Manual,First,25.0,1396.0,69.0,2.45,Indica V2 2001-2011 eLS,Tata,0
Pune,2012,Diesel,Automatic,First,14.84,2143.0,170.0,13.99,New C-Class C 220 CDI Elegance AT,Mercedes-Benz,2
Bangalore,2016,Diesel,Automatic,First,11.57,2987.0,254.79,60.75,GLE 350d,Mercedes-Benz,4
Chennai,2012,Petrol,Manual,Second,16.8,1497.0,116.3,4.5,City V MT AVN,Honda,1
Mumbai,2010,Petrol,Manual,Second,18.5,1197.0,80.0,2.5,i20 Magna,Hyundai,0
Chennai,2015,Diesel,Manual,First,13.0,2982.0,168.5,20.5,Fortuner 4x2 Manual,Toyota,2
Delhi,2014,Petrol,Manual,First,18.9,1197.0,82.0,3.9,Grand i10 Magna,Hyundai,1
Chennai,2009,Diesel,Manual,Second,15.0,1896.0,105.0,3.5,Jetta 2007-2011 2.0 TDI Comfortline,Volkswagen,1
Hyderabad,2016,Petrol,Automatic,First,15.63,1499.0,110.4,8.3,EcoSport 1.5 Ti VCT AT Titanium,Ford,1
Chennai,2012,Petrol,Manual,First,21.1,814.0,55.2,2.5,EON Magna Plus,Hyundai,0
Kolkata,2011,Petrol,Automatic,First,19.15,1198.0,75.94,2.65,Micra XV CVT,Nissan,0
Kochi,2016,Petrol,Automatic,First,19.0,1199.0,88.7,7.42,Jazz 1.2 V CVT i VTEC,Honda,1
Kochi,2016,Petrol,Manual,First,16.47,1198.0,74.0,4.63,Polo 1.2 MPI Trendline,Volkswagen,0
Kolkata,2008,Petrol,Manual,First,19.7,796.0,46.3,1.09,Alto LXi,Maruti,0
Delhi,2011,Diesel,Manual,First,22.32,1582.0,126.32,3.8,Verna 1.6 SX,Hyundai,1
Mumbai,2013,Diesel,Automatic,First,10.0,2148.0,170.0,15.75,E-Class 2009-2013 E 220 CDI Avantgarde,Mercedes-Benz,2
Coimbatore,2015,Petrol,Manual,First,17.57,1193.0,88.7,5.27,Zest Revotron 1.2 XT,Tata,1
Mumbai,2012,Petrol,Manual,Second,18.4,1198.0,86.8,2.75,Brio S Option MT,Honda,1
Chennai,2016,Diesel,Manual,First,27.3,1498.0,98.6,7.4,Jazz VX Diesel,Honda,1
Jaipur,2017,Petrol,Automatic,First,24.07,998.0,67.1,3.9,Alto K10 VXI AGS,Maruti,0
Jaipur,2000,Petrol,Manual,Second,17.3,993.0,60.0,0.7,Zen VXi - BS III,Maruti,0
Pune,2015,Diesel,Manual,First,22.54,1396.0,88.73,5.9,i20 Sportz 1.4 CRDi,Hyundai,1
Coimbatore,2016,Diesel,Manual,First,22.7,1598.0,118.0,9.58,SX4 S Cross DDiS 320 Zeta,Maruti,1
Delhi,2014,Diesel,Automatic,First,14.21,2143.0,203.0,24.95,E-Class 2009-2013 E250 CDI Elegance,Mercedes-Benz,3
Kochi,2015,Petrol,Manual,First,13.7,1399.0,98.82,4.29,Enjoy Petrol LS 7 Seater,Chevrolet,1
Delhi,2011,Diesel,Automatic,Second,14.21,2143.0,203.0,11.5,E-Class 2009-2013 E250 CDI Blue Efficiency,Mercedes-Benz,3
Mumbai,2016,Diesel,Manual,First,16.0,2179.0,140.0,9.65,XUV500 W4,Mahindra,2
Mumbai,2015,Petrol,Manual,First,20.36,1197.0,78.9,3.75,i10 Sportz,Hyundai,0
Pune,2007,Petrol,Manual,Second,14.2,1341.0,82.9,1.1,Getz 1.3 GLS,Hyundai,1
Coimbatore,2014,Diesel,Automatic,First,12.07,2967.0,241.4,31.41,Q7 3.0 TDI quattro,Audi,4
Pune,2012,Diesel,Manual,Third,12.05,2179.0,120.0,6.0,Scorpio SLE BSIV,Mahindra,1
Pune,2016,Petrol,Manual,First,18.7,1199.0,88.7,5.55,Jazz 1.2 SV i VTEC,Honda,1
Jaipur,2017,Diesel,Manual,First,14.0,2179.0,138.1,10.91,Safari Storme 2012-2015 EX,Tata,2
Kolkata,2014,Diesel,Manual,First,15.1,2179.0,140.0,7.25,XUV500 W6 2WD,Mahindra,2
Hyderabad,2012,Diesel,Manual,First,22.07,1199.0,73.9,3.9,Polo Diesel Comfortline 1.2L,Volkswagen,0
Delhi,2012,Diesel,Manual,First,19.3,1248.0,73.9,3.95,Swift Dzire ZDi,Maruti,0
Mumbai,2013,Diesel,Automatic,First,15.73,1968.0,174.33,22.0,Q3 2.0 TDI,Audi,3
Delhi,2014,Petrol,Manual,First,23.1,998.0,67.04,3.38,Celerio ZXI,Maruti,0
Mumbai,2011,Petrol,Manual,First,16.8,1497.0,116.3,3.45,City V MT Exclusive,Honda,1
Delhi,2016,Petrol,Manual,First,18.6,1197.0,81.83,5.75,i20 1.2 Spotz,Hyundai,1
Jaipur,2016,Petrol,Manual,First,25.17,799.0,53.3,2.75,KWID RXT,Renault,0
Kochi,2019,Diesel,Automatic,First,17.9,2143.0,136.0,30.3,CLA 200 CDI Sport,Mercedes-Benz,2
Hyderabad,2014,Diesel,Manual,First,22.7,1498.0,89.84,7.5,Ecosport 1.5 DV5 MT Titanium,Ford,1
Coimbatore,2015,Petrol,Manual,First,18.6,1197.0,81.83,6.87,i20 Asta 1.2,Hyundai,1
Bangalore,2015,Diesel,Manual,First,12.99,2494.0,100.6,15.2,Innova 2.5 ZX Diesel 7 Seater,Toyota,1
Chennai,2012,Diesel,Manual,First,21.64,1461.0,84.8,3.5,Sunny 2011-2014 Diesel XL,Nissan,1
Hyderabad,2014,Diesel,Manual,First,25.2,1248.0,74.0,5.85,Swift VDI BSIV,Maruti,0
Hyderabad,2010,Petrol,Manual,First,19.0,998.0,66.1,2.5,A-Star Vxi,Maruti,0
Pune,2013,Petrol,Manual,First,18.6,1197.0,85.8,3.95,Swift ZXI,Maruti,1
Jaipur,2017,Diesel,Automatic,First,17.9,2143.0,136.0,27.0,CLA 200 CDI Sport,Mercedes-Benz,2
Bangalore,2014,Petrol,Manual,Second,16.02,1373.0,93.7,6.75,Ertiga ZXI,Maruti,1
Jaipur,2007,Petrol,Manual,Second,18.9,998.0,67.1,1.5,Wagon R LXI,Maruti,0
Hyderabad,2012,Diesel,Manual,First,22.07,1199.0,73.9,3.9,Polo Diesel Trendline 1.2L,Volkswagen,0
Hyderabad,2014,Diesel,Manual,First,22.7,1498.0,89.84,6.55,Ecosport 1.5 DV5 MT Titanium Optional,Ford,1
Kochi,2017,Diesel,Manual,First,25.1,1498.0,98.6,9.44,City i DTEC VX,Honda,1
Coimbatore,2015,Petrol,Manual,First,14.28,1798.0,138.03,10.77,Corolla Altis 1.8 GL,Toyota,2
Ahmedabad,2014,Diesel,Manual,First,15.1,2179.0,140.0,7.5,XUV500 W8 2WD,Mahindra,2
Kolkata,2016,Petrol,Manual,First,24.7,796.0,47.3,3.0,Alto 800 2016-2019 VXI,Maruti,0
Chennai,2010,Diesel,Automatic,First,18.59,2993.0,265.0,11.75,5 Series 530d M Sport,BMW,4
Kochi,2016,Petrol,Manual,First,21.1,814.0,55.2,3.29,EON D Lite Plus,Hyundai,0
Chennai,2016,Diesel,Manual,First,26.59,1248.0,74.0,6.5,Swift Dzire VDI,Maruti,0
Hyderabad,2011,Diesel,Automatic,First,16.55,1968.0,147.51,18.0,A4 2.0 TDI,Audi,2
Bangalore,2009,Petrol,Automatic,Second,13.7,1798.0,157.75,4.95,Superb Elegance 1.8 TSI AT,Skoda,2
Kochi,2015,Petrol,Manual,First,17.57,1193.0,88.7,4.52,Zest Revotron 1.2T XM,Tata,1
Coimbatore,2013,Petrol,Manual,First,17.4,1497.0,117.3,6.26,City i-VTEC VX,Honda,1
Chennai,2016,Petrol,Manual,First,16.95,1498.0,97.7,7.5,Sunny 2011-2014 XV,Nissan,1
Delhi,2012,Petrol,Manual,First,16.1,1621.276449941501,113.25304969366915,3.65,Swift 1.3 LXI,Maruti,1
Mumbai,2011,Petrol,Automatic,First,14.4,1598.0,103.6,3.35,Vento Petrol Highline AT,Volkswagen,1
Mumbai,2014,Petrol,Automatic,First,15.74,1591.0,121.3,5.5,Verna 1.6 SX VTVT AT,Hyundai,1
Bangalore,2012,Diesel,Automatic,First,22.0,1582.0,126.2,5.25,Verna CRDi 1.6 AT SX Plus,Hyundai,1
Bangalore,2012,Diesel,Automatic,First,16.55,1968.0,140.0,16.25,A4 2.0 TDI Multitronic,Audi,2
Delhi,2009,Petrol,Manual,First,15.5,1586.0,103.3,2.7,SX4 Vxi BSIV,Maruti,1
Chennai,2019,Diesel,Automatic,First,12.62,2198.0,158.0,32.9,Endeavour 2.2 Titanium AT 4X2,Ford,2
Coimbatore,2008,Petrol,Manual,First,20.4,1197.0,83.11,3.41,Swift LXI BSIV,Maruti,1
Hyderabad,2014,Diesel,Manual,First,24.0,1120.0,70.0,4.15,Grand i10 CRDi Magna,Hyundai,0
Hyderabad,2014,Diesel,Manual,Second,20.14,1498.0,88.8,5.9,Polo 1.5 TDI Highline,Volkswagen,1
Pune,2012,Petrol,Automatic,First,10.0,2496.0,157.7,11.5,E-Class 230,Mercedes-Benz,2
Kolkata,2015,Petrol,Manual,First,18.6,1197.0,81.83,4.75,i20 Asta 1.2,Hyundai,1
Chennai,2015,Petrol,Automatic,First,24.07,998.0,67.1,3.5,Alto K10 VXI AGS,Maruti,0
Pune,2014,Diesel,Manual,First,20.77,1248.0,88.76,7.25,Ertiga VDI,Maruti,1
Mumbai,2016,Petrol,Automatic,First,23.1,998.0,67.04,4.35,Celerio VXI AT,Maruti,0
Coimbatore,2018,Petrol,Automatic,Second,22.5,999.0,67.0,4.99,KWID Climber 1.0 AMT,Renault,0
Bangalore,2013,Diesel,Manual,First,12.05,2179.0,120.0,7.65,Scorpio SLE BSIV,Mahindra,1
Chennai,2011,Diesel,Manual,First,12.8,2494.0,102.0,9.0,Innova 2.5 GX (Diesel) 7 Seater BS IV,Toyota,1
Chennai,2017,Diesel,Manual,First,22.07,1199.0,73.9,6.9,Polo Diesel Highline 1.2L,Volkswagen,0
Chennai,2011,Diesel,Manual,First,20.0,1399.0,68.0,2.9,Figo Diesel ZXI,Ford,0
Kolkata,2014,Diesel,Manual,First,20.45,1461.0,83.8,5.75,Terrano XL Plus 85 PS,Nissan,1
Kochi,2017,Petrol,Automatic,First,22.5,999.0,67.0,4.41,KWID 1.0 RXT Optional AMT,Renault,0
Mumbai,2013,Diesel,Manual,First,21.14,1498.0,103.52,4.95,Rapid 1.5 TDI Elegance,Skoda,1
Hyderabad,2016,Diesel,Automatic,First,16.0,2179.0,140.0,14.4,XUV500 AT W10 FWD,Mahindra,2
Chennai,2012,Diesel,Manual,First,20.0,1399.0,68.05,2.95,Figo Diesel Titanium,Ford,0
Coimbatore,2017,Diesel,Manual,First,15.96,2523.0,62.1,8.14,Bolero ZLX,Mahindra,0
Hyderabad,2016,Diesel,Manual,First,20.64,1498.0,108.5,8.45,Vento 1.5 TDI Highline,Volkswagen,1
Pune,2015,Diesel,Manual,First,12.99,2494.0,100.0,12.5,Innova 2.5 VX (Diesel) 8 Seater BS IV,Toyota,1
Mumbai,2012,Diesel,Manual,First,15.1,2179.0,140.0,6.5,XUV500 W8 2WD,Mahindra,2
Coimbatore,2015,Petrol,Manual,Second,15.8,1499.0,110.0,7.72,Ecosport 1.5 Ti VCT MT Titanium,Ford,1
Chennai,2011,Diesel,Automatic,First,16.96,1968.0,138.1,8.0,Jetta 2012-2014 2.0L TDI Highline AT,Volkswagen,2
Chennai,2009,Diesel,Manual,Second,13.93,2179.0,138.0,3.0,New Safari DICOR 2.2 VX 4x4,Tata,2
Mumbai,2013,Diesel,Automatic,First,8.2,2993.0,245.0,29.0,3 Series 330d Convertible,BMW,4
Kolkata,2014,Petrol,Manual,First,16.47,1198.0,74.0,4.11,Polo 1.2 MPI Highline,Volkswagen,0
Coimbatore,2015,Petrol,Manual,First,18.5,1197.0,82.9,5.37,i20 Magna Optional 1.2,Hyundai,1
Mumbai,2013,Diesel,Manual,First,20.77,1248.0,88.8,6.55,Ertiga ZDI,Maruti,1
Chennai,2015,Petrol,Manual,First,17.4,1497.0,117.3,7.0,City i VTEC V,Honda,1
Mumbai,2014,Petrol,Manual,First,17.0,1497.0,118.0,5.48,City 1.5 S MT,Honda,1
Kochi,2013,Diesel,Automatic,First,16.96,1968.0,138.03,6.51,Jetta 2013-2015 2.0L TDI Highline AT,Volkswagen,2
Pune,2016,Diesel,Manual,First,25.8,1498.0,98.6,5.15,Amaze VX i-DTEC,Honda,1
Hyderabad,2013,Diesel,Manual,Second,15.1,2179.0,140.0,9.0,XUV500 W8 2WD,Mahindra,2
Mumbai,2008,Petrol,Automatic,Second,14.53,1798.0,138.1,2.75,Corolla Altis VL,Toyota,2
Pune,2005,Petrol,Manual,Second,17.0,1086.0,113.25304969366915,1.2,Santro Xing XL eRLX Euro III,Hyundai,1
Bangalore,2012,Diesel,Automatic,First,22.69,1995.0,190.0,12.5,3 Series 320d,BMW,3
Kochi,2017,Diesel,Manual,First,23.0,1498.0,98.96,7.69,EcoSport 1.5 Diesel Trend,Ford,1
Kochi,2013,Petrol,Manual,First,18.5,1197.0,82.85,4.57,i20 Asta Optional with Sunroof 1.2,Hyundai,1
Mumbai,2013,Petrol,Automatic,First,16.8,1497.0,118.0,4.5,City 1.5 S AT,Honda,1
Hyderabad,2015,Diesel,Manual,First,23.2,1248.0,73.94,4.9,Ritz VDI (ABS) BS IV,Maruti,0
Kolkata,2008,Petrol,Manual,First,19.81,1086.0,68.05,1.65,i10 Era 1.1,Hyundai,0
Mumbai,2015,Petrol,Manual,First,18.2,1199.0,82.4,3.25,Sail 1.2 LS,Chevrolet,1
Chennai,2012,Diesel,Manual,First,22.32,1582.0,126.32,6.25,Verna 1.6 SX CRDi (O),Hyundai,1
Kochi,2018,Petrol,Manual,First,15.8,1591.0,121.3,12.13,Creta 1.6 SX Option,Hyundai,1
Jaipur,2013,Petrol,Manual,First,18.2,1199.0,82.4,3.25,Sail 1.2 LS,Chevrolet,1
Hyderabad,2013,Diesel,Automatic,First,14.16,1968.0,174.3,29.0,Q5 2.0 TDI,Audi,3
Kochi,2013,Petrol,Manual,First,17.0,1497.0,118.0,5.53,City 1.5 V MT Exclusive,Honda,1
Hyderabad,2017,Petrol,Manual,First,17.0,1497.0,121.36,8.75,EcoSport 1.5 Petrol Titanium,Ford,1
Bangalore,2014,Diesel,Automatic,Second,12.07,2967.0,241.4,37.9,Q7 3.0 TDI Quattro Premium Plus,Audi,4
Delhi,2010,Petrol,Manual,First,20.36,1197.0,78.9,2.4,i10 Magna 1.2,Hyundai,0
Chennai,2014,Petrol,Manual,First,17.0,1197.0,80.0,4.55,i20 1.2 Asta,Hyundai,0
Delhi,2011,Petrol,Manual,Second,17.5,1197.0,85.8,2.65,Swift Dzire 1.2 Vxi BSIV,Maruti,1
Pune,2017,Diesel,Manual,Second,25.0,1396.0,69.0,1.6,Indica V2 eLX,Tata,0
Coimbatore,2012,Diesel,Automatic,Second,16.2,2993.0,235.0,25.72,5 Series 2010-2013 530d,BMW,4
Ahmedabad,2013,Diesel,Manual,First,22.9,1248.0,74.0,4.15,Swift VDI,Maruti,0
Jaipur,2018,Petrol,Manual,First,19.0,1194.0,94.68,7.23,Freestyle Titanium Plus Petrol,Ford,1
Bangalore,2008,Petrol,Manual,Second,13.9,1599.0,103.2,2.6,Verna XXi ABS (Petrol),Hyundai,1
Mumbai,2008,Diesel,Automatic,Second,16.07,1995.0,181.0,7.25,3 Series 320d Highline,BMW,3
Kochi,2017,Diesel,Manual,First,12.8,2494.0,102.0,14.29,Innova 2.5 G4 Diesel 8-seater,Toyota,1
Hyderabad,2011,Diesel,Automatic,Second,14.94,2143.0,204.0,17.25,New C-Class C 250 CDI Elegance,Mercedes-Benz,3
Pune,2013,Diesel,Manual,First,22.54,1582.0,126.2,7.5,Elantra 1.6 SX,Hyundai,1
Hyderabad,2014,Diesel,Manual,First,23.2,1248.0,73.94,4.35,Ritz ZDi,Maruti,0
Pune,2016,Diesel,Manual,First,24.3,1248.0,88.5,8.9,Vitara Brezza ZDi Plus Dual Tone,Maruti,1
Kolkata,2016,Petrol,Manual,Second,19.1,1197.0,82.0,3.5,Xcent 1.2 Kappa S,Hyundai,1
Kolkata,2014,Diesel,Manual,First,26.0,1498.0,98.6,6.1,City i DTEC V,Honda,1
Mumbai,2016,Petrol,Manual,First,25.17,799.0,53.3,3.2,KWID RXT,Renault,0
Jaipur,2014,Diesel,Manual,First,23.59,1364.0,67.06,4.9,Etios Cross 1.4L VD,Toyota,0
Kochi,2015,Petrol,Manual,First,24.07,998.0,67.1,3.69,Alto K10 VXI,Maruti,0
Chennai,2016,Petrol,Manual,First,23.84,1199.0,84.0,3.98,Tiago 1.2 Revotron XM Option,Tata,1
Kolkata,2013,Diesel,Manual,First,21.9,1396.0,90.0,2.95,i20 1.4 CRDi Magna,Hyundai,1
Kochi,2014,Diesel,Automatic,First,16.55,1968.0,147.51,15.21,A4 2.0 TDI,Audi,2
Hyderabad,2015,Diesel,Manual,First,28.4,1248.0,74.0,6.3,Swift VDI,Maruti,0
Kochi,2017,Petrol,Manual,First,17.0,1198.0,73.75,6.69,Ameo 1.2 MPI Highline,Volkswagen,0
Mumbai,2017,Petrol,Automatic,First,16.0,1497.0,117.3,9.5,BRV i-VTEC V CVT,Honda,1
Mumbai,2009,Petrol,Manual,First,17.0,1197.0,80.0,2.65,i20 Asta,Hyundai,0
Ahmedabad,2012,Diesel,Manual,First,14.66,2199.0,194.3,7.5,Santa Fe 4X4,Hyundai,3
Kochi,2018,Petrol,Automatic,First,23.1,998.0,67.04,5.63,Celerio ZXI Optional AMT,Maruti,0
Coimbatore,2018,Petrol,Manual,First,15.8,1591.0,121.3,11.78,Creta 1.6 SX,Hyundai,1
Hyderabad,2004,Diesel,Manual,Second,17.88,1396.0,52.8,0.85,Indica V2 DL BSIII,Tata,0
Mumbai,2011,Petrol,Manual,First,15.04,1598.0,103.6,3.35,Vento Petrol Highline,Volkswagen,1
Kochi,2015,Petrol,Manual,First,23.1,998.0,67.04,4.11,Celerio VXI,Maruti,0
Ahmedabad,2015,Diesel,Automatic,First,17.9,2143.0,136.0,25.51,CLA 200 D Sport Edition,Mercedes-Benz,2
Jaipur,2017,Petrol,Manual,First,22.74,796.0,47.3,3.1,Alto 800 LXI,Maruti,0
Delhi,2018,Diesel,Automatic,First,10.91,3198.0,197.0,33.5,Endeavour 3.2 Titanium AT 4X4,Ford,3
Kolkata,2017,Petrol,Manual,First,17.57,1193.0,88.7,4.8,Zest Revotron 1.2T XE,Tata,1
Kolkata,2014,Petrol,Manual,First,16.09,1598.0,103.5,3.49,Vento 1.6 Comfortline,Volkswagen,1
Mumbai,2012,Petrol,Manual,Second,17.5,1373.0,91.1,5.15,Ertiga ZXI,Maruti,1
Mumbai,2011,Diesel,Automatic,First,14.0,2987.0,224.0,14.41,M-Class ML 350 CDI Corporate,Mercedes-Benz,4
Mumbai,2014,Petrol,Manual,First,16.2,1199.0,74.0,4.75,Polo 1.2 MPI Highline,Volkswagen,0
Jaipur,2015,Diesel,Automatic,First,12.55,2982.0,168.5,19.0,Fortuner 4x2 AT,Toyota,2
Hyderabad,2017,Petrol,Manual,First,23.1,998.0,67.04,4.9,Celerio VXI,Maruti,0
Chennai,2008,Diesel,Automatic,Second,16.07,1995.0,181.0,6.3,3 Series 320d Corporate Edition,BMW,3
Jaipur,2006,Petrol,Manual,Second,16.9,1497.0,100.0,2.4,City ZX VTEC,Honda,1
Pune,2009,Petrol,Manual,First,13.17,1999.0,114.0,3.0,Cedia Sports,Mitsubishi,1
Delhi,2016,Petrol,Manual,First,18.06,1198.0,74.93,4.25,Pulse Petrol RxL,Renault,0
Hyderabad,2016,Diesel,Manual,First,20.14,1498.0,88.0,6.3,Polo 1.5 TDI Highline,Volkswagen,1
Kochi,2018,Petrol,Manual,First,21.1,998.0,100.0,8.15,Baleno RS Petrol,Maruti,1
Kochi,2012,Petrol,Manual,First,20.36,1197.0,78.9,3.22,i10 Magna,Hyundai,0
Kochi,2018,Petrol,Manual,First,18.6,1197.0,81.83,7.65,i20 1.2 Spotz,Hyundai,1
Delhi,2011,Petrol,Automatic,First,10.37,2979.0,306.0,30.0,Z4 2009-2013 35i,BMW,5
Pune,2010,Petrol,Manual,Second,20.36,1197.0,78.9,2.3,i10 Sportz 1.2,Hyundai,0
Delhi,2012,Petrol,Automatic,First,13.6,1598.0,181.0,22.0,Cooper S Carbon Edition,Mini,3
Pune,2012,Petrol,Manual,First,19.4,1198.0,86.8,3.28,Brio V MT,Honda,1
Kochi,2016,Petrol,Manual,First,20.73,1373.0,91.2,7.09,Ciaz ZXi Option,Maruti,1
Coimbatore,2013,Diesel,Manual,First,19.3,1248.0,73.9,6.46,Swift Dzire ZDi,Maruti,0
Chennai,2012,Diesel,Manual,First,22.07,1199.0,73.9,4.0,Polo Diesel Comfortline 1.2L,Volkswagen,0
Delhi,2011,Diesel,Automatic,First,17.05,1995.0,184.0,11.0,X1 sDrive20d,BMW,3
Coimbatore,2016,Diesel,Automatic,Second,12.07,2967.0,241.4,49.79,Q7 3.0 TDI Quattro Premium Plus,Audi,4
Kolkata,2015,Diesel,Manual,First,25.83,1498.0,99.0,4.8,Figo 1.5D Trend MT,Ford,1
Bangalore,2017,Diesel,Automatic,First,21.76,1995.0,190.0,35.0,3 Series Luxury Line,BMW,3
Bangalore,2011,Diesel,Automatic,First,14.0,2987.0,224.0,21.99,M-Class ML 350 CDI Corporate,Mercedes-Benz,4
Mumbai,2007,Petrol,Manual,Second,17.3,1061.0,64.0,1.1,Wagon R LX BSIII,Maruti,0
Delhi,2018,Petrol,Manual,First,21.4,1197.0,83.1,6.6,Baleno Zeta 1.2,Maruti,1
Pune,2013,Petrol,Manual,First,22.0,1197.0,81.8,4.5,Dzire VXI,Maruti,1
Pune,2009,Petrol,Manual,Second,14.7,1150.0,76.0,1.0,Aveo U-VA 1.2 LT,Chevrolet,0
Chennai,2017,Diesel,Manual,First,20.14,1498.0,88.0,6.9,Polo 1.5 TDI Highline,Volkswagen,1
Mumbai,2015,Diesel,Automatic,First,14.16,1968.0,174.3,25.49,Q5 30 TDI quattro Premium,Audi,3
Chennai,2015,Diesel,Automatic,First,18.53,1968.0,187.74,35.5,A6 35 TDI Matrix,Audi,3
Kochi,2018,Diesel,Manual,First,24.0,1186.0,73.97,6.28,Grand i10 1.2 CRDi Sportz,Hyundai,0
Delhi,2012,Diesel,Manual,Second,12.05,2179.0,120.0,4.88,Scorpio SLE BSIV,Mahindra,1
Hyderabad,2016,Diesel,Manual,First,22.95,1248.0,74.0,3.7,Bolt Quadrajet XE,Tata,0
Kochi,2015,Petrol,Manual,First,21.1,814.0,55.2,3.45,EON Era Plus,Hyundai,0
Kochi,2016,Diesel,Manual,First,15.4,2179.0,120.0,10.23,Scorpio S8 8 Seater,Mahindra,1
Bangalore,2010,Petrol,Automatic,Second,11.1,2354.0,142.0,6.5,Accord 2001-2003 2.0 AT,Honda,2
Mumbai,2016,Petrol,Manual,First,16.2,1199.0,74.0,6.15,Polo 1.2 MPI Highline,Volkswagen,0
Mumbai,2014,Petrol,Manual,First,15.1,1196.0,73.0,2.9,Eeco 7 Seater Standard,Maruti,0
Ahmedabad,2016,Diesel,Manual,First,24.0,1120.0,70.0,5.5,Grand i10 CRDi Sportz,Hyundai,0
Chennai,2017,Diesel,Automatic,First,10.91,3198.0,197.0,31.0,Endeavour 3.2 Titanium AT 4X4,Ford,3
Delhi,2015,Diesel,Manual,First,24.0,1186.0,73.97,4.25,Grand i10 1.2 CRDi Sportz,Hyundai,0
Kochi,2016,Diesel,Manual,First,22.9,1248.0,74.0,5.48,Swift VDI,Maruti,0
Bangalore,2016,Petrol,Manual,First,18.6,1197.0,81.83,7.25,i20 1.2 Asta Option,Hyundai,1
Hyderabad,2012,Petrol,Manual,First,17.5,1298.0,85.8,3.0,Swift Dzire VXi,Maruti,1
Hyderabad,2015,Diesel,Automatic,First,22.69,1995.0,190.0,29.5,3 Series 320d Luxury Line,BMW,3
Mumbai,2007,Petrol,Manual,Second,17.7,1497.0,78.0,1.49,City ZX GXi,Honda,0
Pune,2013,Petrol,Automatic,First,16.95,1197.0,78.9,3.65,i10 Sportz 1.2 AT,Hyundai,0
Ahmedabad,2018,Diesel,Manual,First,23.0,1498.0,98.96,10.9,Ecosport Signature Edition Diesel,Ford,1
Bangalore,2015,Petrol,Manual,First,23.1,998.0,67.04,4.3,Celerio ZXI MT,Maruti,0
Pune,2012,Diesel,Manual,Second,20.77,1248.0,88.76,6.11,Ertiga VDI,Maruti,1
Hyderabad,2015,Diesel,Manual,First,12.8,2494.0,102.0,15.5,Innova 2.5 V Diesel 8-seater,Toyota,1
Mumbai,2016,Petrol,Manual,First,17.8,1497.0,117.3,6.9,City i VTEC SV,Honda,1
Bangalore,2012,Petrol,Manual,First,19.1,1197.0,85.8,4.69,Swift Dzire VXI,Maruti,1
Kochi,2011,Petrol,Manual,First,18.5,1197.0,85.8,3.19,Ritz LXi,Maruti,1
Pune,2012,Petrol,Automatic,Second,15.0,1396.0,98.6,3.75,i20 Sportz AT 1.4,Hyundai,1
Pune,2019,Petrol,Manual,First,17.19,1197.0,81.86,8.6,i20 Active SX Dual Tone Petrol,Hyundai,1
Chennai,2011,Petrol,Manual,Second,17.0,1497.0,118.0,3.85,City 1.5 E MT,Honda,1
Coimbatore,2016,Diesel,Automatic,First,13.6,4134.0,382.0,67.83,Cayenne S Diesel,Porsche,7
Coimbatore,2019,Petrol,Manual,First,17.8,1198.0,86.7,9.31,Amaze VX i-VTEC,Honda,1
Pune,2008,Petrol,Automatic,First,12.9,1799.0,130.0,3.0,Civic 2006-2010 1.8 S AT,Honda,2
Bangalore,2015,Petrol,Manual,First,18.6,1197.0,81.83,5.5,i20 Magna 1.2,Hyundai,1
Hyderabad,2017,Diesel,Manual,First,19.67,1582.0,126.2,13.3,Creta 1.6 CRDi SX,Hyundai,1
Hyderabad,2013,Diesel,Automatic,First,15.73,1968.0,174.33,23.0,Q3 2012-2015 2.0 TDI Quattro Premium Plus,Audi,3
Mumbai,2018,Petrol,Manual,First,24.7,796.0,47.3,3.35,Alto 800 2016-2019 LXI,Maruti,0
Chennai,2012,Diesel,Automatic,Third,15.06,1995.0,177.0,10.0,X1 sDrive 20d Exclusive,BMW,3
Delhi,2013,Petrol,Manual,First,20.36,1197.0,78.9,2.95,i10 Magna,Hyundai,0
Pune,2016,Diesel,Manual,First,21.66,1498.0,108.62,6.75,Ameo 1.5 TDI Highline,Volkswagen,1
Pune,2010,Petrol,Manual,Third,16.47,1198.0,73.9,2.44,Polo Petrol Highline 1.2L,Volkswagen,0
Mumbai,2015,Petrol,Manual,First,20.73,1373.0,91.1,5.85,Ciaz VXi Plus,Maruti,1
Kochi,2015,Petrol,Automatic,First,17.21,1197.0,103.5,7.4,Polo GT TSI,Volkswagen,1
Pune,2016,Diesel,Manual,First,24.4,1120.0,71.0,3.8,Xcent 1.1 CRDi Base,Hyundai,0
Hyderabad,2008,Petrol,Manual,First,13.5,1799.0,130.0,3.8,Civic 2006-2010 1.8 S MT,Honda,2
Kolkata,2008,Petrol,Manual,First,17.7,1497.0,78.0,2.7,City ZX GXi,Honda,0
Jaipur,2016,Diesel,Manual,First,15.96,2523.0,62.1,7.21,Bolero ZLX,Mahindra,0
Hyderabad,2016,Petrol,Manual,First,17.4,1497.0,117.3,7.9,City i VTEC V,Honda,1
Kolkata,2017,Diesel,Manual,First,25.4,1186.0,73.97,4.2,Xcent 1.2 CRDi S,Hyundai,0
Mumbai,2014,Diesel,Manual,First,19.01,1461.0,108.45,5.75,Duster 110PS Diesel RxL,Renault,1
Hyderabad,2013,Petrol,Automatic,First,16.98,998.0,66.1,3.45,A-Star AT VXI,Maruti,0
Bangalore,2014,Diesel,Automatic,First,17.11,1968.0,174.33,25.75,A4 2.0 TDI 177 Bhp Premium Plus,Audi,3
Coimbatore,2018,Diesel,Manual,First,16.0,2179.0,140.0,16.59,XUV500 W8 2WD,Mahindra,2
Coimbatore,2014,Petrol,Manual,First,18.06,1198.0,74.96,4.69,Pulse Petrol RxZ,Renault,0
Mumbai,2009,Diesel,Automatic,Second,13.2,1995.0,170.0,7.5,3 Series 320d,BMW,2
Hyderabad,2016,Diesel,Manual,First,13.68,2393.0,147.8,16.5,Innova Crysta 2.4 GX MT,Toyota,2
Kolkata,2009,Petrol,Manual,First,17.0,1497.0,118.0,1.99,City 1.5 S MT,Honda,1
Chennai,2014,Diesel,Manual,First,22.9,1248.0,74.0,5.25,Swift VDI,Maruti,0
Mumbai,2013,Diesel,Manual,Second,19.64,1461.0,108.45,5.4,Duster 110PS Diesel RxZ Plus,Renault,1
Mumbai,2014,Petrol,Manual,First,16.47,1198.0,74.0,3.9,Polo 1.2 MPI Comfortline,Volkswagen,0
Mumbai,2015,Petrol,Manual,First,17.19,1197.0,81.86,5.8,i20 Active 1.2 S,Hyundai,1
Pune,2014,Diesel,Automatic,First,18.12,1995.0,190.0,30.5,5 Series 2013-2017 520d Luxury Line,BMW,3
Hyderabad,2017,Diesel,Manual,First,23.4,1248.0,74.0,5.6,Swift Dzire LDI,Maruti,0
Jaipur,2015,Diesel,Manual,First,28.4,1248.0,74.0,5.15,Swift LDI,Maruti,0
Coimbatore,2017,Diesel,Automatic,First,19.08,1582.0,126.2,9.48,Verna 1.6 CRDI AT SX Option,Hyundai,1
Bangalore,2016,Petrol,Automatic,Second,21.9,624.0,37.48,2.38,Nano XTA,Tata,0
Hyderabad,2009,Petrol,Manual,First,17.5,1298.0,85.8,3.8,Swift Dzire LXi,Maruti,1
Delhi,2015,Petrol,Manual,Second,18.6,1197.0,81.83,5.5,i20 Asta Option 1.2,Hyundai,1
Hyderabad,2010,Petrol,Manual,First,17.0,1197.0,80.0,3.55,i20 1.2 Sportz,Hyundai,0
Mumbai,2015,Petrol,Manual,First,20.73,1373.0,91.1,6.35,Ciaz ZXi,Maruti,1
Delhi,2015,Diesel,Automatic,First,12.7,2179.0,187.7,36.0,Rover Range Rover 2.2L Prestige,Land,3
Hyderabad,2005,Diesel,Manual,Second,16.1,1405.0,70.0,1.1,Indigo LX BSII,Tata,0
Mumbai,2014,Petrol,Manual,First,17.57,1193.0,88.7,3.7,Zest Revotron 1.2T XM,Tata,1
Delhi,2016,Diesel,Manual,First,16.0,1997.0,140.0,13.5,XUV500 W10 1.99 mHawk,Mahindra,2
Mumbai,2008,Petrol,Automatic,Third,11.7,2354.0,177.6,2.85,Accord 2.4 AT,Honda,3
Coimbatore,2015,Petrol,Manual,Second,25.4,624.0,37.5,2.13,Nano Twist XT,Tata,0
Ahmedabad,2015,Diesel,Manual,First,22.7,1582.0,126.2,7.75,Elantra CRDi S,Hyundai,1
Chennai,2017,Diesel,Manual,First,25.0,1396.0,69.0,2.85,Indica V2 eLS,Tata,0
Jaipur,2014,Diesel,Manual,First,25.8,1498.0,98.6,4.95,Amaze S i-Dtech,Honda,1
Kochi,2012,Diesel,Manual,First,15.1,2179.0,140.0,6.2,XUV500 W8 2WD,Mahindra,2
Pune,2013,Diesel,Automatic,First,18.56,1995.0,190.0,17.5,X3 xDrive 20d Expedition,BMW,3
Pune,2010,Petrol,Manual,First,18.9,1197.0,81.86,2.25,Grand i10 1.2 Kappa Magna,Hyundai,1
Delhi,2017,Petrol,Manual,First,21.4,1197.0,83.1,6.75,Baleno Zeta 1.2,Maruti,1
Kochi,2016,Diesel,Automatic,First,19.08,1582.0,126.2,9.73,Verna 1.6 CRDi AT SX,Hyundai,1
Kochi,2018,Diesel,Manual,First,25.47,1248.0,88.5,8.49,Ertiga VDI,Maruti,1
Mumbai,2013,Petrol,Automatic,First,13.6,1598.0,181.0,25.0,Cooper S Carbon Edition,Mini,3
Coimbatore,2015,Diesel,Manual,First,23.2,1248.0,73.94,5.59,Ritz ZDi,Maruti,0
Mumbai,2011,Diesel,Automatic,First,15.6,1896.0,106.0,4.8,Laura L n K 1.9 PD AT,Skoda,1
Delhi,2014,Diesel,Manual,First,22.7,1498.0,89.84,5.45,Ecosport 1.5 DV5 MT Titanium Optional,Ford,1
Pune,2017,Petrol,Manual,First,18.6,1197.0,81.83,6.5,i20 2015-2017 Sportz 1.2,Hyundai,1
Chennai,2015,Petrol,Manual,First,19.4,1198.0,86.8,4.35,Brio E MT,Honda,1
Kolkata,2013,Diesel,Manual,First,25.8,1498.0,98.6,3.75,Amaze S i-Dtech,Honda,1
Pune,2010,Diesel,Automatic,Third,18.48,1995.0,177.0,12.0,5 Series 2003-2012 520d,BMW,3
Delhi,2014,Diesel,Automatic,First,12.07,2967.0,241.4,32.0,Q7 3.0 TDI Quattro Premium Plus,Audi,4
Jaipur,2015,Diesel,Manual,Second,24.0,1120.0,70.0,4.0,Grand i10 CRDi Magna,Hyundai,0
Kolkata,2011,Diesel,Manual,First,23.08,1461.0,63.1,2.6,Micra Diesel XV,Nissan,0
Jaipur,2016,Petrol,Manual,First,18.9,1197.0,82.0,4.45,Grand i10 Sportz,Hyundai,1
Pune,2015,Petrol,Manual,First,21.1,814.0,55.2,2.6,EON Era,Hyundai,0
Chennai,2011,Petrol,Automatic,First,11.74,1796.0,186.0,16.0,New C-Class C250 Avantgarde,Mercedes-Benz,3
Delhi,2014,Diesel,Automatic,First,12.7,2179.0,187.7,32.5,Rover Range Rover 2.2L Pure,Land,3
Mumbai,2016,Diesel,Automatic,First,11.18,2696.0,184.0,13.85,Ssangyong Rexton RX7,Mahindra,3
Coimbatore,2018,Petrol,Manual,First,20.73,1373.0,91.1,8.76,Ciaz 1.4 Delta,Maruti,1
Kochi,2014,Petrol,Automatic,First,11.8,3498.0,272.0,23.68,R-Class R350 4Matic Long,Mercedes-Benz,5
Chennai,2017,Petrol,Automatic,First,22.0,1197.0,81.8,5.5,Dzire AMT VXI,Maruti,1
Coimbatore,2013,Diesel,Automatic,Second,11.49,4367.0,335.3,65.81,Rover Range Rover Vogue SE 4.4 SDV8,Land,6
Kolkata,2013,Diesel,Manual,First,19.01,1461.0,108.45,4.99,Duster 110PS Diesel RxZ,Renault,1
Chennai,2013,Diesel,Manual,Second,22.32,1582.0,126.32,5.7,Verna 1.6 SX,Hyundai,1
Coimbatore,2016,Petrol,Automatic,First,14.28,1798.0,138.03,11.99,Corolla Altis 1.8 VL CVT,Toyota,2
Mumbai,2016,Diesel,Automatic,Second,21.76,1995.0,190.0,29.99,3 Series Sport,BMW,3
Chennai,2018,Petrol,Manual,First,18.88,1499.0,110.4,9.5,EcoSport 1.5 Ti VCT MT Signature,Ford,1
Hyderabad,2014,Diesel,Manual,First,25.2,1248.0,74.0,5.5,Swift VDI BSIV,Maruti,0
Bangalore,2016,Diesel,Automatic,First,11.72,2199.0,194.3,23.0,Santa Fe 4x4 AT,Hyundai,3
Hyderabad,2013,Diesel,Manual,First,17.2,1396.0,53.5,2.95,Indica V2 DLS,Tata,0
Kochi,2015,Diesel,Manual,First,24.0,1120.0,70.0,4.9,Grand i10 CRDi Sportz,Hyundai,0
Delhi,2016,Petrol,Automatic,First,22.5,998.0,67.0,4.25,Wagon R VXI AMT,Maruti,0
Kochi,2018,Diesel,Manual,First,16.0,2179.0,140.0,16.36,XUV500 W10 2WD,Mahindra,2
Kolkata,2009,Diesel,Automatic,First,16.55,1968.0,147.51,9.95,A4 2.0 TDI,Audi,2
Bangalore,2012,Diesel,Manual,First,20.54,1598.0,103.6,5.5,Vento Diesel Highline,Volkswagen,1
Delhi,2016,Diesel,Manual,First,24.3,1248.0,88.5,8.25,Vitara Brezza ZDi Plus Dual Tone,Maruti,1
Chennai,2002,Petrol,Manual,First,17.3,993.0,60.0,0.95,Zen LX,Maruti,0
Kochi,2016,Petrol,Manual,First,19.81,1086.0,68.05,4.01,i10 Era,Hyundai,0
Kochi,2019,Petrol,Manual,First,17.5,1199.0,88.7,8.2,WR-V Edge Edition i-VTEC S,Honda,1
Chennai,2014,Diesel,Manual,Second,25.1,1498.0,98.6,6.2,City i DTEC VX,Honda,1
Chennai,2012,Diesel,Automatic,First,11.5,2982.0,169.0,16.75,Fortuner 4x2 4 Speed AT,Toyota,2
Delhi,2017,Diesel,Automatic,First,16.0,2179.0,140.0,16.5,XUV500 AT W10 FWD,Mahindra,2
Mumbai,2007,Diesel,Manual,Third,10.9,2499.0,113.25304969366915,3.75,Endeavour XLT TDCi 4X4,Ford,1
Kolkata,2012,Diesel,Manual,First,20.0,1399.0,68.05,3.5,Figo Diesel ZXI,Ford,0
Coimbatore,2017,Petrol,Automatic,Second,19.0,1199.0,88.7,5.43,Jazz 1.2 V CVT i VTEC,Honda,1
Coimbatore,2017,Diesel,Automatic,First,10.91,3198.0,197.0,30.35,Endeavour 3.2 Titanium AT 4X4,Ford,3
Hyderabad,2014,Petrol,Automatic,First,17.97,1498.0,99.6,7.99,Sunny XL CVT,Nissan,1
Coimbatore,2011,Diesel,Manual,First,18.7,1896.0,66.0,3.59,Octavia Ambiente 1.9 TDI MT,Skoda,0
Chennai,2012,Diesel,Manual,First,25.44,936.0,57.6,1.9,Beat Diesel LT,Chevrolet,0
Chennai,2009,Petrol,Automatic,First,12.1,2362.0,164.7,4.7,Camry W2 (AT),Toyota,2
Chennai,2012,Diesel,Manual,First,19.01,1461.0,108.45,7.25,Duster 110PS Diesel RxZ,Renault,1
Kochi,2016,Diesel,Automatic,First,17.9,2143.0,136.0,24.46,GLA Class 200 d Style,Mercedes-Benz,2
Pune,2014,Petrol,Manual,Second,17.57,1193.0,88.7,3.9,Zest Revotron 1.2T XMS,Tata,1
Coimbatore,2013,Petrol,Manual,First,18.5,1197.0,80.0,5.15,i20 1.2 Magna,Hyundai,0
Mumbai,2015,Petrol,Automatic,First,21.5,1197.0,81.8,3.65,Wagon R VXI AMT1.2,Maruti,1
Kolkata,2016,Diesel,Manual,First,25.4,1186.0,73.97,5.0,Xcent 1.2 CRDi S,Hyundai,0
Kolkata,2009,Petrol,Manual,First,17.0,1497.0,118.0,2.3,City 1.5 S MT,Honda,1
Pune,2001,Petrol,Manual,Second,13.2,1495.0,94.0,0.75,Accent GLE,Hyundai,1
Kochi,2009,Petrol,Manual,Second,13.9,1599.0,103.2,1.85,Verna Xi (Petrol),Hyundai,1
Kolkata,2010,Petrol,Manual,First,15.6,1196.0,70.0,1.8,Figo Petrol ZXI,Ford,0
Kochi,2014,Diesel,Manual,First,25.8,1498.0,98.6,4.41,Amaze S i-Dtech,Honda,1
Chennai,2006,Petrol,Manual,First,18.9,998.0,67.1,2.0,Wagon R LX BSII,Maruti,0
Hyderabad,2014,Diesel,Manual,First,17.8,1248.0,113.25304969366915,5.55,Swift VDI BSIV,Maruti,1
Bangalore,2014,Diesel,Automatic,First,13.0,2987.0,258.0,31.75,E-Class Facelift,Mercedes-Benz,4
Bangalore,2015,Diesel,Automatic,First,17.68,1968.0,174.33,32.0,A6 2011-2015 35 TDI Technology,Audi,3
Hyderabad,2010,Diesel,Automatic,First,13.5,2987.0,282.0,21.0,S Class 2005 2013 S 350 CDI,Mercedes-Benz,5
Ahmedabad,2010,Diesel,Manual,First,19.3,1248.0,73.9,2.75,Swift Dzire LDi,Maruti,0
Coimbatore,2005,Petrol,Manual,First,13.4,1794.0,125.0,2.64,Corolla H2,Toyota,1
Kochi,2018,Diesel,Manual,First,15.4,2179.0,120.0,14.19,Scorpio S10 7 Seater,Mahindra,1
Jaipur,2017,Petrol,Manual,First,22.5,998.0,67.04,3.85,Wagon R VXI,Maruti,0
Delhi,2014,Diesel,Manual,First,13.0,2982.0,168.5,15.5,Fortuner 4x2 Manual,Toyota,2
Mumbai,2010,Petrol,Manual,First,18.2,1061.0,64.0,1.9,Zen Estilo 1.1 LX BSIII,Maruti,0
Kochi,2014,Petrol,Manual,First,25.4,624.0,37.48,1.26,Nano CX,Tata,0
Chennai,2009,Petrol,Manual,Second,18.5,1197.0,80.0,2.4,i20 Magna,Hyundai,0
Bangalore,2010,Diesel,Automatic,First,22.69,1995.0,190.0,11.5,3 Series 320d,BMW,3
Jaipur,2014,Diesel,Manual,First,16.0,2179.0,140.0,8.25,XUV500 W6 2WD,Mahindra,2
Pune,2011,Petrol,Manual,First,15.8,1598.0,105.0,2.75,Vento IPL II Petrol Trendline,Volkswagen,1
Delhi,2009,Petrol,Manual,Second,17.5,1198.0,70.0,1.4,Fabia 1.2 MPI Classic,Skoda,0
Coimbatore,2015,Petrol,Manual,First,25.4,624.0,37.5,2.9,Nano Twist XT,Tata,0
Chennai,2011,Diesel,Manual,First,20.0,1399.0,68.0,2.4,Figo Diesel EXI,Ford,0
Pune,2013,Petrol,Automatic,First,14.8,1598.0,105.0,4.75,Vento IPL II Petrol Highline AT,Volkswagen,1
Kochi,2018,Diesel,Automatic,First,12.7,2179.0,187.7,44.76,Rover Range Rover HSE Dynamic,Land,3
Kochi,2015,Diesel,Manual,First,26.0,1498.0,98.6,6.22,City i DTEC SV,Honda,1
Chennai,2018,Petrol,Automatic,First,22.5,999.0,67.0,4.5,KWID Climber 1.0 AMT,Renault,0
Mumbai,2015,Petrol,Manual,First,18.9,1197.0,82.0,4.25,Grand i10 Asta Option,Hyundai,1
Hyderabad,2011,Diesel,Automatic,First,18.1,1991.0,147.9,5.5,Cruze LTZ AT,Chevrolet,2
Mumbai,2017,Diesel,Manual,First,22.54,1396.0,88.73,6.95,i20 1.4 Asta,Hyundai,1
Coimbatore,2018,Petrol,Automatic,First,24.07,998.0,67.1,4.56,Alto K10 VXI AGS,Maruti,0
Coimbatore,2016,Diesel,Manual,First,20.5,1582.0,126.2,13.82,Creta 1.6 SX Option Diesel,Hyundai,1
Mumbai,2016,Petrol,Manual,First,18.0,1198.0,86.7,5.65,Amaze VX i-Vtech,Honda,1
Kochi,2016,Diesel,Manual,First,21.19,1396.0,88.73,6.2,i20 Active 1.4 SX Dual Tone,Hyundai,1
Delhi,2014,Petrol,Manual,First,23.1,998.0,67.04,3.25,Celerio VXI,Maruti,0
Kolkata,2009,Diesel,Automatic,First,16.55,1968.0,147.51,8.5,A4 2.0 TDI,Audi,2
Bangalore,2016,Diesel,Manual,First,24.8,1396.0,88.7,7.25,Verna 1.4 CRDi,Hyundai,1
Pune,2013,Diesel,Manual,First,21.8,1461.0,78.0,4.61,Fluence Diesel E4,Renault,0
Delhi,2016,Petrol,Manual,First,16.2,1199.0,74.0,5.3,Polo 1.2 MPI Highline,Volkswagen,0
Ahmedabad,2012,Diesel,Manual,First,17.0,1405.0,70.0,1.9,Indigo LX,Tata,0
Kochi,2012,Petrol,Manual,First,20.36,1197.0,78.9,3.09,i10 Sportz,Hyundai,0
Mumbai,2007,Diesel,Automatic,Second,16.46,2993.0,258.0,9.5,7 Series 730Ld Sedan,BMW,4
Mumbai,2015,Diesel,Automatic,First,17.01,1582.0,126.2,12.65,Creta 1.6 CRDi AT SX Plus,Hyundai,1
Delhi,2016,Petrol,Manual,First,18.9,1197.0,82.0,4.25,Grand i10 Magna,Hyundai,1
Hyderabad,2011,Diesel,Manual,First,21.1,1248.0,73.9,2.95,Ritz VDi,Maruti,0
Hyderabad,2006,Diesel,Manual,First,10.5,2179.0,120.0,3.45,Scorpio 2.6 SLX CRDe,Mahindra,1
Hyderabad,2011,Petrol,Manual,First,19.81,1086.0,68.05,3.3,i10 Era,Hyundai,0
Hyderabad,2014,Diesel,Manual,First,14.0,2179.0,138.1,8.0,Safari Storme 2012-2015 VX,Tata,2
Kolkata,2009,Petrol,Manual,First,13.5,1799.0,130.0,2.71,Civic 2006-2010 1.8 V MT,Honda,2
Hyderabad,2012,Petrol,Manual,First,18.2,998.0,67.1,2.7,Zen Estilo LXI BSIII,Maruti,0
Mumbai,2012,Diesel,Manual,Second,23.4,1248.0,74.0,4.5,Swift Dzire VDI,Maruti,0
Delhi,2015,Diesel,Manual,Second,13.0,2982.0,168.5,18.75,Fortuner 4x2 Manual,Toyota,2
Pune,2014,Diesel,Manual,Second,28.4,1248.0,74.0,5.25,Swift VDI,Maruti,0
Pune,2017,Diesel,Manual,First,28.4,1248.0,73.75,6.0,Dzire LDI,Maruti,0
Kolkata,2014,Petrol,Manual,First,18.9,1197.0,82.0,3.14,Grand i10 Asta,Hyundai,1
Jaipur,2016,Petrol,Manual,First,25.17,799.0,53.3,2.55,KWID RXL,Renault,0
Jaipur,2012,Petrol,Manual,Second,15.64,1193.0,64.08,2.3,Indigo CS eGLX BS IV,Tata,0
Hyderabad,2014,Diesel,Manual,First,20.0,1399.0,68.05,5.65,Figo Diesel Titanium,Ford,0
Kochi,2015,Diesel,Automatic,First,15.15,2967.0,240.0,48.22,Cayenne 2009-2014 Diesel,Porsche,4
Jaipur,2016,Petrol,Manual,First,24.07,998.0,67.1,3.0,Alto K10 VXI,Maruti,0
Ahmedabad,2015,Diesel,Manual,First,20.34,1498.0,103.2,7.5,Vento 1.5 TDI Highline,Volkswagen,1
Bangalore,2005,Diesel,Manual,First,10.5,2179.0,120.0,2.6,Scorpio 2.6 SLX CRDe,Mahindra,1
Mumbai,2018,Diesel,Automatic,First,18.56,1995.0,190.0,61.25,X3 xDrive 20d Luxury Line,BMW,3
Chennai,2009,Petrol,Manual,Second,17.0,1497.0,118.0,3.5,City 1.5 V MT,Honda,1
Kochi,2016,Petrol,Automatic,First,17.44,1998.0,189.08,28.95,Cooper 3 DOOR S,Mini,3
Pune,2015,Diesel,Automatic,First,13.5,2477.0,175.56,15.0,Pajero Sport 4X4 AT,Mitsubishi,3
Jaipur,2012,Diesel,Manual,First,19.3,1248.0,73.9,4.25,Swift Dzire VDi,Maruti,0
Pune,2013,Diesel,Manual,First,20.77,1248.0,88.76,6.6,Ertiga VDI,Maruti,1
Hyderabad,2007,Diesel,Manual,Second,12.8,2494.0,102.0,5.2,Innova 2.5 G4 Diesel 7-seater,Toyota,1
Chennai,2010,Petrol,Manual,First,11.7,1796.0,178.0,10.0,New C-Class C 200 Kompressor Elegance MT,Mercedes-Benz,3
Bangalore,2016,Diesel,Automatic,First,14.84,2143.0,167.62,35.0,New C-Class C 220 CDI BE Avantgare,Mercedes-Benz,2
Mumbai,2017,Diesel,Manual,First,22.7,1498.0,89.84,8.75,Ecosport 1.5 DV5 MT Titanium Optional,Ford,1
Coimbatore,2015,Petrol,Manual,First,17.71,1197.0,78.9,4.57,Etios Liva 1.2 G,Toyota,0
Delhi,2012,Petrol,Manual,First,20.36,1197.0,78.9,2.5,i10 Magna 1.2,Hyundai,0
Kochi,2014,Diesel,Automatic,First,12.39,2179.0,147.51,20.11,Rover Freelander 2 SE,Land,2
Hyderabad,2011,Diesel,Manual,First,12.8,2494.0,102.0,7.8,Innova 2.5 V Diesel 8-seater,Toyota,1
Coimbatore,2011,Petrol,Manual,First,18.5,1197.0,80.0,3.61,i20 1.2 Magna,Hyundai,0
Pune,2007,Petrol,Manual,Second,17.0,1086.0,113.25304969366915,1.11,Santro Xing XO eRLX Euro II,Hyundai,1
Mumbai,2015,Petrol,Automatic,First,19.15,1198.0,75.94,4.6,Micra XV CVT,Nissan,0
Kolkata,2015,Petrol,Automatic,First,16.8,1497.0,118.0,5.25,City 1.5 V AT,Honda,1
Delhi,2013,Diesel,Manual,Second,25.8,1498.0,98.6,3.3,Amaze E i-Dtech,Honda,1
Bangalore,2013,Diesel,Manual,Second,11.5,2982.0,171.0,17.75,Fortuner 3.0 Diesel,Toyota,2
Delhi,2016,Diesel,Automatic,First,12.97,2179.0,187.7,35.0,Rover Discovery Sport SD4 HSE Luxury,Land,3
Coimbatore,2016,Diesel,Manual,First,19.67,1582.0,126.2,13.39,Creta 1.6 CRDi SX,Hyundai,1
Chennai,2012,Diesel,Manual,First,25.44,936.0,56.3,2.5,Beat Diesel LT,Chevrolet,0
Kochi,2017,Diesel,Automatic,First,11.36,2755.0,171.5,18.36,Innova Crysta 2.8 GX AT,Toyota,2
Jaipur,2015,Diesel,Manual,First,23.4,1248.0,74.0,5.95,Swift Dzire VDI,Maruti,0
Mumbai,2015,Diesel,Manual,Second,19.67,1582.0,126.2,11.0,Creta 1.6 CRDi SX Option,Hyundai,1
Delhi,2014,Diesel,Automatic,Second,12.65,2993.0,255.0,64.75,Rover Range Rover Sport SE,Land,4
Hyderabad,2017,Diesel,Manual,First,25.8,1498.0,98.6,6.3,Amaze VX i-DTEC,Honda,1
Kochi,2017,Petrol,Manual,First,15.29,1591.0,121.3,11.94,Creta 1.6 SX Plus Dual Tone Petrol,Hyundai,1
Mumbai,2014,Petrol,Automatic,First,18.19,1197.0,103.5,5.95,Vento Sport 1.2 TSI AT,Volkswagen,1
Ahmedabad,2017,Diesel,Manual,First,26.0,1498.0,98.6,11.0,City i DTec VX,Honda,1
Coimbatore,2017,Petrol,Manual,First,15.29,1591.0,121.3,12.53,Creta 1.6 SX Plus Dual Tone Petrol,Hyundai,1
Bangalore,2012,Diesel,Manual,Second,20.0,1399.0,68.0,3.75,Figo Diesel Titanium,Ford,0
Pune,2014,Diesel,Automatic,First,14.69,2993.0,258.0,27.0,5 Series 2013-2017 530d M Sport,BMW,4
Pune,2012,Diesel,Manual,First,10.5,2835.0,107.2,9.95,Pajero 2.8 SFX 7Str,Mitsubishi,1
Jaipur,2013,Diesel,Manual,First,19.87,1461.0,83.8,4.2,Duster 85PS Diesel RxL Option,Renault,1
Delhi,2010,Petrol,Manual,Second,21.1,1197.0,85.8,2.0,Ritz VXI,Maruti,1
Kolkata,2013,Petrol,Manual,First,18.9,1197.0,82.0,3.25,Grand i10 Sportz,Hyundai,1
Bangalore,2017,Diesel,Automatic,First,17.9,2143.0,136.0,34.0,GLA Class 200 CDI SPORT,Mercedes-Benz,2
Coimbatore,2016,Diesel,Automatic,First,22.48,1995.0,190.0,30.37,5 Series 520d Luxury Line,BMW,3
Kochi,2018,Petrol,Automatic,First,13.0,1591.0,121.3,12.6,Creta 1.6 SX Plus Petrol Automatic,Hyundai,1
Kochi,2019,Petrol,Manual,First,25.17,799.0,53.3,5.09,KWID RXT Optional,Renault,0
Bangalore,2014,Diesel,Automatic,First,14.94,2967.0,241.4,24.5,A4 3.0 TDI Quattro,Audi,4
Kochi,2018,Diesel,Manual,Second,28.09,1248.0,88.5,7.97,Ciaz VDI SHVS,Maruti,1
Delhi,2011,Petrol,Manual,First,16.0,1198.0,90.0,2.9,Jazz S,Honda,1
Kochi,2016,Diesel,Automatic,First,22.69,1995.0,190.0,21.33,3 Series 320d Luxury Line,BMW,3
Bangalore,2012,Diesel,Automatic,Second,19.08,1582.0,126.32,6.5,Verna SX CRDi AT,Hyundai,1
Coimbatore,2016,Diesel,Manual,First,21.38,1396.0,88.7,12.15,Creta 1.4 CRDi S Plus,Hyundai,1
Kolkata,2014,Petrol,Manual,First,15.04,1598.0,103.2,4.25,Vento 2013-2015 1.6 Comfortline,Volkswagen,1
Coimbatore,2017,Diesel,Automatic,First,21.76,1995.0,190.0,35.84,3 Series Luxury Line,BMW,3
Chennai,2004,Petrol,Automatic,Third,14.4,1997.0,152.0,3.0,CR-V Petrol 2WD,Honda,2
Chennai,2012,Diesel,Manual,First,19.72,1461.0,108.45,6.75,Duster 110PS Diesel RxZ AWD,Renault,1
Bangalore,2014,Petrol,Manual,Second,18.6,1197.0,81.83,5.65,i20 Asta 1.2,Hyundai,1
Pune,2013,Diesel,Automatic,Second,16.96,1968.0,138.03,7.5,Jetta 2013-2015 2.0L TDI Highline AT,Volkswagen,2
Kochi,2018,Diesel,Manual,First,19.67,1582.0,126.2,13.34,Creta 1.6 SX Plus Diesel,Hyundai,1
Hyderabad,2016,Diesel,Manual,First,28.09,1248.0,88.5,7.9,Ciaz VDI SHVS,Maruti,1
Coimbatore,2015,Diesel,Manual,First,22.54,1396.0,88.73,6.98,i20 Asta 1.4 CRDi,Hyundai,1
Mumbai,2014,Petrol,Manual,First,17.01,1591.0,121.3,5.75,Verna 1.6 SX VTVT,Hyundai,1
Kolkata,2012,Diesel,Manual,First,22.07,1199.0,73.9,2.65,Polo Diesel Trendline 1.2L,Volkswagen,0
Kolkata,2011,Diesel,Manual,First,22.07,1199.0,73.9,2.49,Polo Diesel Trendline 1.2L,Volkswagen,0
Pune,2007,Petrol,Manual,Second,15.0,1586.0,104.68,1.5,SX4 Vxi BSIII,Maruti,1
Kochi,2016,Diesel,Manual,First,24.5,1498.0,98.6,6.5,Mobilio RS Option i DTEC,Honda,1
Hyderabad,2013,Diesel,Manual,First,19.64,1461.0,108.45,8.0,Duster 110PS Diesel RxZ Plus,Renault,1
Coimbatore,2019,Diesel,Automatic,First,12.9,2755.0,174.5,30.85,Fortuner 2.8 2WD AT,Toyota,3
Kochi,2014,Diesel,Automatic,First,14.7,1984.0,181.0,17.15,XC60 D4 SUMMUM,Volvo,3
Hyderabad,2014,Petrol,Automatic,First,23.1,998.0,67.04,4.55,Celerio VXI AT,Maruti,0
Hyderabad,2015,Diesel,Manual,Second,26.21,1248.0,88.5,7.4,Ciaz ZDi Plus,Maruti,1
Kochi,2013,Diesel,Automatic,First,12.8,1968.0,167.6,25.64,Q5 2008-2012 2.0 TDI,Audi,2
Kolkata,2013,Diesel,Automatic,Second,17.05,1995.0,184.0,13.5,X1 sDrive 20d Sportline,BMW,3
Bangalore,2013,Petrol,Manual,First,15.6,1196.0,70.0,3.55,Figo Petrol ZXI,Ford,0
Ahmedabad,2018,Diesel,Manual,First,22.7,1582.0,126.2,15.0,Elantra CRDi SX,Hyundai,1
Pune,2007,Petrol,Manual,Second,13.9,1599.0,103.2,1.95,Verna 1.6 i ABS,Hyundai,1
Pune,2006,Petrol,Manual,Second,13.5,1799.0,130.0,2.3,Civic 2006-2010 1.8 S MT,Honda,2
Chennai,2013,Diesel,Manual,Second,12.55,2982.0,168.5,15.0,Fortuner 4x4 MT,Toyota,2
Chennai,2012,Petrol,Manual,First,20.36,1197.0,78.9,3.15,i10 Sportz,Hyundai,0
Hyderabad,2012,Diesel,Manual,First,21.64,1461.0,84.8,5.0,Sunny 2011-2014 Diesel XL,Nissan,1
Jaipur,2013,Diesel,Automatic,Second,18.12,1995.0,190.0,24.75,5 Series 2013-2017 520d Luxury Line,BMW,3
Pune,2008,Diesel,Manual,Second,16.52,1991.0,123.7,2.6,Optra Magnum 2.0 LT,Chevrolet,1
Ahmedabad,2011,Petrol,Manual,First,20.36,1197.0,78.9,3.75,i10 Asta,Hyundai,0
Ahmedabad,2009,Diesel,Manual,Second,17.5,1896.0,106.0,4.85,Laura Ambiente,Skoda,1
Jaipur,2013,Diesel,Automatic,First,10.0,2148.0,170.0,27.0,E-Class 2009-2013 E 220 CDI Avantgarde,Mercedes-Benz,2
Kolkata,2014,Diesel,Manual,First,25.8,1498.0,98.6,3.0,Amaze SX i-DTEC,Honda,1
Delhi,2017,Diesel,Automatic,First,20.68,1995.0,190.0,28.75,X1 xDrive 20d xLine,BMW,3
Hyderabad,2016,Diesel,Manual,First,12.99,2494.0,100.6,14.49,Innova 2.5 G (Diesel) 8 Seater,Toyota,1
Delhi,2013,Diesel,Automatic,First,7.5,4806.0,394.3,72.0,Panamera 2010 2013 Diesel,Porsche,7
Chennai,2012,Diesel,Manual,Second,22.71,1461.0,84.8,4.0,Sunny XV D,Nissan,1
Delhi,2015,Diesel,Manual,Second,26.59,1248.0,74.0,4.5,Swift Dzire LDI,Maruti,0
Mumbai,2019,Petrol,Automatic,First,21.5,1197.0,81.8,6.25,Wagon R ZXI AMT 1.2,Maruti,1
Pune,2015,Diesel,Automatic,Second,16.96,1968.0,138.03,11.5,Jetta 2013-2015 2.0L TDI Highline AT,Volkswagen,2
Pune,2009,Petrol,Manual,Third,9.8,2354.0,180.0,3.1,Accord 2.4 Inspire M/T,Honda,3
Mumbai,2018,Petrol,Manual,First,17.8,1497.0,117.3,10.11,City i VTEC V,Honda,1
Coimbatore,2019,Petrol,Manual,First,17.01,1591.0,121.3,11.54,Verna 1.6 SX VTVT,Hyundai,1
Delhi,2006,Petrol,Manual,Second,18.9,998.0,67.1,1.0,Wagon R LX BSII,Maruti,0
Kolkata,2013,Diesel,Manual,Second,23.4,1248.0,74.0,2.5,Swift Dzire Tour LDI,Maruti,0
Kochi,2011,Petrol,Automatic,First,9.74,1984.0,208.0,18.0,Q5 2008-2012 2.0 TFSI Quattro,Audi,3
Coimbatore,2018,Diesel,Manual,First,23.59,1364.0,67.04,6.85,Etios Cross 1.4 GD,Toyota,0
Kochi,2012,Petrol,Manual,First,19.81,1086.0,68.05,2.97,i10 Era 1.1 iTech SE,Hyundai,0
Pune,2013,Petrol,Manual,First,17.01,1591.0,121.3,4.75,Verna 1.6 VTVT,Hyundai,1
Coimbatore,2018,Diesel,Manual,First,20.14,1498.0,88.8,7.38,Polo 1.5 TDI Highline,Volkswagen,1
Delhi,2017,Diesel,Automatic,First,22.48,1995.0,187.74,42.75,5 Series 520d Sport Line,BMW,3
Bangalore,2010,Diesel,Manual,Second,23.0,1396.0,90.0,3.65,i20 1.4 Asta Optional With Sunroof,Hyundai,1
Kochi,2017,Petrol,Automatic,First,18.9,1197.0,82.0,5.99,Grand i10 Asta Option AT,Hyundai,1
Pune,2012,Diesel,Automatic,First,11.5,2982.0,169.0,13.5,Fortuner 4x2 4 Speed AT,Toyota,2
Chennai,2016,Petrol,Automatic,First,21.4,1197.0,83.1,7.0,Baleno Zeta Automatic,Maruti,1
Hyderabad,2016,Petrol,Automatic,First,13.0,1591.0,121.3,10.95,Creta 1.6 SX Plus Petrol Automatic,Hyundai,1
Pune,2013,Petrol,Manual,Third,20.36,1197.0,78.9,2.95,i10 Sportz,Hyundai,0
Ahmedabad,2017,Diesel,Manual,First,24.7,1047.0,69.0,5.5,Tigor XE Diesel,Tata,0
Kochi,2017,Petrol,Automatic,First,14.67,1798.0,177.46,17.08,Superb Style 1.8 TSI AT,Skoda,3
Hyderabad,2015,Diesel,Manual,First,26.59,1248.0,74.0,6.85,Swift Dzire VDI,Maruti,0
Jaipur,2014,Petrol,Automatic,First,13.1,1997.0,141.1,10.5,CR-V 2.0 AT,Honda,2
Hyderabad,2010,Diesel,Manual,First,12.8,2494.0,102.0,8.75,Innova 2.5 G (Diesel) 8 Seater BS IV,Toyota,1
Kolkata,2010,Petrol,Manual,First,17.0,1497.0,118.0,2.7,City 1.5 V MT,Honda,1
Mumbai,2012,Petrol,Automatic,First,17.0,1591.0,121.3,4.25,Verna VTVT 1.6 AT SX Plus,Hyundai,1
Pune,2018,Diesel,Manual,First,23.59,1364.0,67.04,7.9,Etios 1.4 VXD,Toyota,0
Delhi,2011,Petrol,Automatic,Second,13.7,1798.0,157.75,4.5,Superb Elegance 1.8 TSI AT,Skoda,2
Kolkata,2012,Diesel,Manual,First,21.64,1461.0,84.8,4.0,Sunny 2011-2014 Diesel XV,Nissan,1
Delhi,2012,Petrol,Manual,First,17.0,1497.0,118.0,4.75,City 1.5 V MT Exclusive,Honda,1
Kolkata,2018,Diesel,Manual,First,22.54,1396.0,88.76,7.65,Elite i20 Diesel Asta Option,Hyundai,1
Kochi,2013,Petrol,Manual,Second,17.4,1599.0,104.0,3.47,Optra 1.6 LT Royale,Chevrolet,1
Kochi,2016,Petrol,Manual,First,18.0,1198.0,86.7,5.64,Amaze S i-Vtech,Honda,1
Kolkata,2013,Petrol,Manual,First,16.47,1198.0,73.9,2.95,Polo Petrol Comfortline 1.2L,Volkswagen,0
Jaipur,2016,Diesel,Manual,First,22.9,1248.0,74.0,5.65,Swift VDI,Maruti,0
Kochi,2012,Diesel,Automatic,First,11.4,2953.0,153.86,8.41,Endeavour 3.0L 4X4 AT,Ford,2
Pune,2006,Petrol,Manual,Third,15.4,1590.0,94.0,0.85,Baleno LXI,Maruti,1
Pune,2003,Petrol,Manual,Second,18.9,998.0,67.1,0.8,Wagon R LX,Maruti,0
Coimbatore,2014,Diesel,Manual,First,20.14,1498.0,88.0,5.65,Polo 1.5 TDI Highline,Volkswagen,1
Kolkata,2013,Petrol,Manual,First,17.1,1591.0,121.3,4.5,Verna 1.6 SX VTVT (O),Hyundai,1
Ahmedabad,2015,Diesel,Manual,First,28.09,1248.0,88.5,6.9,Ciaz ZDi Plus SHVS,Maruti,1
Jaipur,2013,Diesel,Manual,First,21.64,1461.0,84.8,4.0,Sunny 2011-2014 Diesel XL,Nissan,1
Mumbai,2015,Petrol,Manual,First,15.0,1598.0,103.52,5.6,Rapid 1.6 MPI Ambition With Alloy Wheel,Skoda,1
Delhi,2016,Petrol,Manual,First,15.1,1196.0,73.0,2.2,Eeco 7 Seater Standard,Maruti,0
Bangalore,2013,Petrol,Manual,First,15.0,1598.0,103.5,4.0,Rapid Ultima 1.6 MPI Ambition Plus,Skoda,1
Jaipur,2014,Diesel,Manual,Second,12.55,2982.0,168.5,16.0,Fortuner 4x4 MT,Toyota,2
Mumbai,2016,Diesel,Manual,First,19.67,1582.0,126.2,12.6,Creta 1.6 CRDi SX,Hyundai,1
Kochi,2014,Petrol,Manual,First,18.5,1197.0,82.9,4.79,i20 Magna Optional 1.2,Hyundai,1
Kochi,2016,Diesel,Manual,First,26.0,1498.0,98.6,6.83,City i DTEC V,Honda,1
Jaipur,2002,Petrol,Manual,First,16.1,796.0,37.0,0.51,800 Std,Maruti,0
Pune,2006,Petrol,Manual,Second,13.8,1299.0,70.0,0.69,Ikon 1.3 Flair,Ford,0
Delhi,2015,Petrol,Manual,First,20.85,1197.0,83.14,4.65,Swift Dzire LXI,Maruti,1
Kolkata,2014,Petrol,Manual,First,16.8,1497.0,116.3,6.49,City 1.5 V MT Sunroof,Honda,1
Chennai,2009,Diesel,Manual,First,16.8,1493.0,110.0,2.9,Verna CRDi,Hyundai,1
Delhi,2016,Petrol,Manual,First,17.01,1591.0,121.3,7.4,Verna 1.6 SX VTVT,Hyundai,1
Bangalore,2016,Petrol,Manual,Second,25.17,799.0,53.3,3.25,KWID RXT,Renault,0
Ahmedabad,2008,Petrol,Manual,Second,18.9,998.0,67.1,1.95,Wagon R LXI,Maruti,0
Jaipur,2015,Petrol,Manual,Second,18.9,1197.0,82.0,4.0,Grand i10 Sportz,Hyundai,1
Delhi,2017,Petrol,Manual,First,18.6,1197.0,81.83,6.85,i20 1.2 Asta,Hyundai,1
Coimbatore,2015,Petrol,Manual,First,18.0,1198.0,86.7,5.45,Amaze S i-Vtech,Honda,1
Hyderabad,2007,Diesel,Manual,First,17.8,1399.0,68.0,1.99,Fiesta 1.4 Duratorq ZXI,Ford,0
Hyderabad,2014,Diesel,Automatic,First,19.08,1582.0,126.32,8.99,Verna SX CRDi AT,Hyundai,1
Kolkata,2014,Diesel,Manual,First,23.59,1364.0,67.04,6.5,Etios VD SP,Toyota,0
Coimbatore,2018,Petrol,Automatic,First,19.0,1199.0,88.7,9.27,Jazz 1.2 V CVT i VTEC,Honda,1
Ahmedabad,2015,Diesel,Manual,First,23.9,1582.0,126.2,6.99,Verna 1.6 CRDi SX,Hyundai,1
Coimbatore,2019,Diesel,Automatic,First,17.9,2143.0,136.0,36.76,CLA 200 D Sport Edition,Mercedes-Benz,2
Kochi,2017,Petrol,Automatic,First,14.7,1798.0,177.5,17.08,Octavia Elegance 1.8 TSI AT,Skoda,3
Kolkata,2013,Diesel,Manual,First,25.44,936.0,57.6,2.8,Beat Diesel LS,Chevrolet,0
Kolkata,2011,Diesel,Manual,First,22.07,1199.0,73.9,2.49,Polo Diesel Trendline 1.2L,Volkswagen,0
Jaipur,2016,Diesel,Manual,First,23.65,1248.0,88.5,8.85,SX4 S Cross DDiS 200 Zeta,Maruti,1
Ahmedabad,2011,Petrol,Manual,First,16.8,1497.0,116.3,4.15,City V MT,Honda,1
Hyderabad,2017,Diesel,Manual,First,20.64,1498.0,108.5,10.0,Vento 1.5 TDI Highline,Volkswagen,1
Delhi,2017,Petrol,Manual,First,18.9,1197.0,81.86,4.75,Grand i10 1.2 Kappa Magna,Hyundai,1
Jaipur,2017,Petrol,Automatic,First,24.04,999.0,67.0,3.2,KWID AMT RXL,Renault,0
Kochi,2017,Petrol,Manual,First,22.74,796.0,47.3,3.28,Alto 800 LXI,Maruti,0
Bangalore,2013,Petrol,Manual,First,15.8,1499.0,110.0,7.5,Ecosport 1.5 Ti VCT MT Titanium,Ford,1
Coimbatore,2018,Petrol,Manual,First,21.4,1197.0,83.1,7.39,Baleno Zeta,Maruti,1
Pune,2013,Diesel,Manual,First,23.2,1248.0,73.94,3.65,Ritz VDi,Maruti,0
Chennai,2007,Diesel,Automatic,First,11.0,2987.0,198.5,11.0,E-Class 280 CDI,Mercedes-Benz,3
Kolkata,2012,Diesel,Manual,First,23.2,1248.0,73.94,3.0,Ritz VDi,Maruti,0
Chennai,2012,Diesel,Manual,Second,25.44,936.0,57.6,2.25,Beat Diesel LT,Chevrolet,0
Kochi,2010,Petrol,Manual,First,15.5,1586.0,103.3,2.83,SX4 Vxi BSIV,Maruti,1
Coimbatore,2019,Petrol,Manual,First,14.0,796.0,35.0,4.11,Omni 5 Seater BSIV,Maruti,0
Kolkata,2014,Diesel,Manual,First,13.5,2477.0,178.0,14.7,Pajero Sport Anniversary Edition,Mitsubishi,3
Pune,2013,Petrol,Automatic,First,13.0,2987.0,210.0,25.0,S Class 2005 2013 S 300 L,Mercedes-Benz,3
Bangalore,2015,Diesel,Manual,First,25.44,936.0,56.3,2.35,Beat Diesel LS,Chevrolet,0
Coimbatore,2017,Diesel,Manual,Second,25.83,1498.0,99.0,6.41,Figo 2015-2019 1.5D Titanium MT,Ford,1
Ahmedabad,2012,Petrol,Manual,First,17.4,1497.0,117.3,5.75,City i-VTEC VX,Honda,1
Chennai,2016,Diesel,Automatic,Second,17.9,2143.0,136.0,17.55,GLA Class 200 CDI SPORT,Mercedes-Benz,2
Jaipur,2015,Diesel,Manual,First,21.38,1396.0,88.7,10.25,Creta 1.4 CRDi S Plus,Hyundai,1
Kochi,2012,Diesel,Manual,First,17.8,1399.0,67.0,3.16,Fiesta Classic 1.4 Duratorq CLXI,Ford,0
Bangalore,2014,Diesel,Automatic,Second,16.55,1968.0,147.51,22.5,A4 2.0 TDI,Audi,2
Kochi,2015,Petrol,Manual,First,19.81,1086.0,68.05,3.55,i10 Magna 1.1,Hyundai,0
Kochi,2010,Petrol,Automatic,First,12.05,1995.0,154.0,9.86,3 Series 320i Sedan,BMW,2
Chennai,2013,Diesel,Automatic,First,16.46,2993.0,258.0,45.0,7 Series 730Ld,BMW,4
Kochi,2017,Petrol,Manual,First,17.01,1591.0,121.3,7.99,Verna 1.6 SX VTVT,Hyundai,1
Jaipur,2017,Diesel,Automatic,First,22.0,1498.0,108.495,6.5,Ameo 1.5 TDI Comfortline AT,Volkswagen,1
Kolkata,2007,Petrol,Manual,First,14.49,1399.0,92.7,0.75,Aveo 1.4 LS,Chevrolet,1
Coimbatore,2018,Diesel,Manual,Second,18.3,1991.0,147.9,9.87,Cruze LTZ,Chevrolet,2
Kochi,2018,Diesel,Manual,Second,22.54,1396.0,88.73,6.36,i20 1.4 Sportz,Hyundai,1
Mumbai,2017,Petrol,Automatic,First,16.0,1497.0,117.3,9.5,BRV i-VTEC V CVT,Honda,1
Kochi,2017,Petrol,Manual,First,19.1,1197.0,82.0,6.05,Xcent 1.2 Kappa SX,Hyundai,1
Hyderabad,2015,Diesel,Manual,First,24.0,1120.0,70.0,5.5,Grand i10 CRDi Sportz,Hyundai,0
Kolkata,2007,Petrol,Manual,Second,19.7,796.0,46.3,1.25,Alto LXi,Maruti,0
Coimbatore,2015,Diesel,Manual,First,12.99,2494.0,100.6,11.99,Innova 2.5 VX (Diesel) 7 Seater,Toyota,1
Mumbai,2010,Petrol,Automatic,Second,16.95,1197.0,78.9,2.5,i10 Sportz 1.2 AT,Hyundai,0
Kochi,2019,Petrol,Automatic,First,18.0,1497.0,117.3,11.66,City i-VTEC CVT V,Honda,1
Jaipur,1998,Petrol,Manual,Third,17.3,993.0,60.0,0.53,Zen LX,Maruti,0
Kolkata,2015,Petrol,Manual,First,20.51,998.0,67.04,3.1,Wagon R LXI BS IV,Maruti,0
Hyderabad,2012,Diesel,Manual,Second,20.0,1399.0,68.0,2.6,Figo Diesel Titanium,Ford,0
Kochi,2015,Petrol,Manual,First,18.0,1198.0,86.7,5.09,Amaze S i-Vtech,Honda,1
Hyderabad,2008,Petrol,Manual,First,13.2,1495.0,94.0,2.3,Accent GLE,Hyundai,1
Pune,2012,Diesel,Manual,First,22.32,1582.0,126.32,6.0,Verna 1.6 SX CRDi (O),Hyundai,1
Ahmedabad,2013,Diesel,Manual,First,25.2,1248.0,74.0,4.4,Swift ZDi,Maruti,0
Delhi,2013,Petrol,Automatic,Second,14.8,1595.0,120.7,11.0,B Class B180,Mercedes-Benz,1
Coimbatore,2014,Diesel,Manual,First,17.3,1998.0,163.7,5.7,Cruze LTZ,Chevrolet,2
Chennai,2013,Diesel,Automatic,First,20.0,1968.0,138.1,6.95,Laura Ambiente 2.0 TDI CR AT,Skoda,2
Hyderabad,2014,Diesel,Manual,First,12.05,2179.0,120.0,7.9,Scorpio VLX 2WD BSIV,Mahindra,1
Kochi,2018,Diesel,Automatic,First,20.68,1995.0,190.0,29.3,X1 xDrive 20d xLine,BMW,3
Kolkata,2009,Petrol,Automatic,First,10.93,3498.0,272.0,10.24,E-Class 2009-2013 E350 Petrol,Mercedes-Benz,5
Pune,2010,Petrol,Automatic,Second,13.7,1798.0,157.75,5.35,Superb Elegance 1.8 TSI AT,Skoda,2
Mumbai,2014,Petrol,Automatic,Second,16.5,1198.0,86.8,3.49,Brio VX AT,Honda,1
Hyderabad,2009,Petrol,Manual,First,20.36,1197.0,78.9,2.85,i10 Magna 1.2,Hyundai,0
Mumbai,2014,Petrol,Manual,First,17.4,1497.0,117.3,5.35,City i VTEC SV,Honda,1
Coimbatore,2012,Petrol,Manual,First,15.6,1196.0,70.0,3.62,Figo Petrol ZXI,Ford,0
Hyderabad,2006,Diesel,Manual,First,12.8,2494.0,102.0,6.25,Innova 2.5 G4 Diesel 7-seater,Toyota,1
Kochi,2012,Diesel,Manual,Second,21.0,1461.0,64.1,3.19,Verito 1.5 D6 BSIV,Mahindra,0
Delhi,2018,Petrol,Manual,First,18.15,1198.0,82.0,5.5,KUV 100 G80 K8 Dual Tone,Mahindra,1
Kochi,2019,Petrol,Manual,First,18.6,1197.0,81.83,7.67,i20 Sportz Option 1.2,Hyundai,1
Jaipur,2011,Petrol,Manual,First,12.0,2092.0,127.0,5.5,New Safari EX 4x2,Tata,1
Hyderabad,2014,Diesel,Manual,First,19.3,1248.0,73.9,6.6,Swift Dzire VDi,Maruti,0
Chennai,2017,Diesel,Automatic,Second,15.97,2993.0,258.0,55.0,X5 xDrive 30d M Sport,BMW,4
Pune,2013,Diesel,Automatic,First,17.68,1968.0,174.33,21.0,A6 2011-2015 2.0 TDI Premium Plus,Audi,3
Jaipur,2017,Petrol,Manual,First,21.4,1197.0,83.1,4.5,Baleno Delta 1.2,Maruti,1
Coimbatore,2016,Diesel,Automatic,First,13.01,2199.0,194.3,20.67,Santa Fe 4WD AT,Hyundai,3
Hyderabad,2013,Diesel,Automatic,First,14.39,1998.0,163.7,6.5,Cruze LTZ AT,Chevrolet,2
Coimbatore,2018,Diesel,Automatic,First,15.0,2143.0,204.0,37.98,E-Class 2015-2017 E250 Edition E,Mercedes-Benz,3
Mumbai,2009,Petrol,Manual,First,17.92,1086.0,62.1,1.45,Santro Xing GLS,Hyundai,0
Hyderabad,2015,Diesel,Manual,First,28.09,1248.0,88.5,7.9,Ciaz VDi Plus SHVS,Maruti,1
Kochi,2018,Petrol,Manual,First,17.4,1497.0,117.3,10.07,City i-VTEC V,Honda,1
Mumbai,2016,Diesel,Manual,First,20.45,1461.0,83.8,6.5,Terrano XL Plus ICC WT20 SE,Nissan,1
Hyderabad,2015,Diesel,Automatic,First,18.88,1995.0,184.0,22.0,3 Series 320d Prestige,BMW,3
Hyderabad,2016,Diesel,Manual,First,26.0,1498.0,98.6,9.75,City i DTEC V,Honda,1
Jaipur,2014,Diesel,Manual,First,20.45,1461.0,83.8,6.0,Terrano XL Plus 85 PS,Nissan,1
Delhi,2014,Diesel,Manual,First,24.0,1120.0,70.0,3.99,Grand i10 CRDi Sportz,Hyundai,0
Ahmedabad,2008,Petrol,Manual,First,17.0,1086.0,113.25304969366915,1.75,Santro Xing XL eRLX Euro III,Hyundai,1
Delhi,2015,Diesel,Automatic,First,12.55,2982.0,168.5,19.75,Fortuner 4x2 AT,Toyota,2
Kolkata,2017,Diesel,Manual,First,13.68,2393.0,147.8,16.95,Innova Crysta 2.4 VX MT,Toyota,2
Chennai,2017,Petrol,Manual,First,21.4,1197.0,83.1,6.8,Baleno Zeta 1.2,Maruti,1
Kolkata,2007,Petrol,Manual,First,17.0,1086.0,113.25304969366915,0.99,Santro Xing XL eRLX Euro III,Hyundai,1
Pune,2013,Petrol,Manual,First,19.81,1086.0,68.05,2.95,i10 Sportz 1.1L,Hyundai,0
Coimbatore,2015,Diesel,Automatic,First,12.07,2967.0,241.4,42.83,Q7 3.0 TDI Quattro Premium Plus,Audi,4
Hyderabad,2014,Diesel,Automatic,First,27.03,1969.0,190.0,21.5,S60 D4 Momentum,Volvo,3
Jaipur,2015,Petrol,Manual,First,17.8,1497.0,117.3,7.9,City i VTEC V,Honda,1
Hyderabad,2011,Petrol,Manual,Second,20.92,998.0,67.1,2.3,Alto K10 2010-2014 VXI,Maruti,0
Delhi,2012,Petrol,Manual,First,18.5,1198.0,86.8,2.75,Brio 1.2 S Option MT,Honda,1
Jaipur,2011,Diesel,Manual,First,12.05,2179.0,120.0,6.71,Scorpio VLX 2WD AIRBAG BSIV,Mahindra,1
Kochi,2017,Diesel,Automatic,First,19.6,1461.0,108.45,9.6,Duster 110PS Diesel RxL AMT,Renault,1
Kochi,2017,Diesel,Manual,First,19.67,1582.0,126.2,12.81,Creta 1.6 CRDi SX,Hyundai,1
Coimbatore,2019,Petrol,Manual,First,23.84,1199.0,84.0,6.94,Tiago 1.2 Revotron XZ,Tata,1
Mumbai,2015,Diesel,Manual,First,16.0,2179.0,140.0,9.45,XUV500 W6 2WD,Mahindra,2
Hyderabad,2015,Diesel,Manual,First,20.34,1498.0,103.2,6.0,Vento 1.5 TDI Highline,Volkswagen,1
Delhi,2013,Petrol,Automatic,First,14.8,1595.0,120.7,11.0,B Class B180,Mercedes-Benz,1
Delhi,2011,Petrol,Manual,First,15.5,1586.0,103.3,2.6,SX4 Vxi BSIV,Maruti,1
Hyderabad,2007,Petrol,Manual,First,15.3,1341.0,83.0,1.95,Getz GLE,Hyundai,1
Mumbai,2013,Diesel,Automatic,First,17.54,2993.0,313.0,45.0,6 Series Gran Coupe,BMW,5
Chennai,2014,Diesel,Automatic,First,17.11,1968.0,174.33,22.0,A4 2.0 TDI 177 Bhp Premium Plus,Audi,3
Kolkata,2015,Petrol,Manual,First,18.6,1197.0,81.83,4.9,i20 Asta Option 1.2,Hyundai,1
Kochi,2015,Diesel,Manual,First,19.87,1461.0,83.14,6.25,Terrano XL D Option,Nissan,1
Chennai,2013,Diesel,Manual,Second,20.54,1598.0,103.6,6.1,Vento Konekt Diesel Highline,Volkswagen,1
Mumbai,2011,Petrol,Manual,First,20.36,1197.0,78.9,2.6,i10 Sportz,Hyundai,0
Hyderabad,2012,Diesel,Automatic,First,14.74,2993.0,270.9,29.0,XF 3.0 Litre S Premium Luxury,Jaguar,5
Pune,2010,Petrol,Manual,Second,17.5,1298.0,85.8,3.3,Swift Dzire VXi,Maruti,1
Hyderabad,2013,Diesel,Manual,Second,22.3,1248.0,74.0,3.05,Indica Vista Quadrajet VX,Tata,0
Kolkata,2012,Diesel,Manual,First,21.27,1396.0,88.76,3.25,i20 Asta 1.4 CRDi,Hyundai,1
Delhi,2014,Petrol,Manual,First,19.1,1197.0,81.86,3.75,Xcent 1.2 Kappa S Option,Hyundai,1
Mumbai,2015,Diesel,Manual,First,12.99,2494.0,100.6,13.25,Innova 2.5 VX (Diesel) 7 Seater,Toyota,1
Hyderabad,2017,Petrol,Manual,First,23.84,1199.0,84.0,4.8,Tiago 1.2 Revotron XZ,Tata,1
Kochi,2019,Petrol,Manual,First,25.17,799.0,53.3,3.8,KWID RXL,Renault,0
Pune,2011,Diesel,Manual,First,12.8,2494.0,102.0,8.5,Innova 2.5 V Diesel 7-seater,Toyota,1
Coimbatore,2016,Diesel,Automatic,First,13.0,2143.0,204.0,38.76,E-Class 2015-2017 E250 CDI Avantgarde,Mercedes-Benz,3
Ahmedabad,2009,Petrol,Automatic,First,16.8,1497.0,116.4,3.2,City 1.5 S AT,Honda,1
Hyderabad,2011,Petrol,Manual,First,20.36,1197.0,78.9,3.5,i10 Sportz 1.2,Hyundai,0
Pune,2015,Diesel,Manual,First,19.67,1582.0,126.2,12.25,Creta 1.6 CRDi SX Option,Hyundai,1
Mumbai,2014,Petrol,Manual,First,19.5,1199.0,86.76,4.75,Amaze VX Petrol,Honda,1
Delhi,2016,Petrol,Manual,First,18.78,999.0,74.0,4.5,Polo 1.2 MPI Trendline,Volkswagen,0
Kolkata,2012,Petrol,Manual,First,20.36,1197.0,78.9,2.35,i10 Magna 1.2,Hyundai,0
Hyderabad,2014,Diesel,Manual,First,23.08,1461.0,63.12,3.4,Pulse RxL,Renault,0
Pune,2016,Diesel,Automatic,First,21.5,1498.0,108.5,10.0,Vento 1.5 TDI Highline AT,Volkswagen,1
Hyderabad,2012,Diesel,Manual,First,12.99,2494.0,100.0,9.0,Innova 2.5 VX (Diesel) 7 Seater BS IV,Toyota,1
Delhi,2013,Petrol,Manual,Second,14.53,1798.0,138.1,5.2,Corolla Altis G,Toyota,2
Chennai,2006,Diesel,Manual,Second,16.8,1493.0,110.0,1.85,Verna CRDi,Hyundai,1
Chennai,2013,Diesel,Automatic,Second,11.3,2987.0,254.8,38.0,GL-Class 350 CDI Blue Efficiency,Mercedes-Benz,4
Kochi,2013,Diesel,Manual,First,20.46,1461.0,83.8,5.11,Duster 85PS Diesel RxL Optional,Renault,1
Coimbatore,2019,Petrol,Manual,First,15.41,1598.0,103.52,9.66,Rapid 1.6 MPI Ambition,Skoda,1
Kolkata,2015,Petrol,Manual,First,20.36,1197.0,78.9,3.4,i10 Sportz 1.2,Hyundai,0
Kochi,2017,Petrol,Manual,First,18.15,1198.0,82.0,5.84,KUV 100 mFALCON G80 K8,Mahindra,1
Kolkata,2016,Petrol,Automatic,First,23.1,998.0,67.04,3.8,Celerio VXI AMT,Maruti,0
Mumbai,2012,Petrol,Automatic,First,16.98,998.0,66.1,2.5,A-Star AT VXI,Maruti,0
Kolkata,2015,Diesel,Manual,First,25.1,1498.0,98.6,6.95,City i DTEC VX,Honda,1
Pune,2010,Petrol,Automatic,First,12.6,1798.0,161.6,5.5,Superb 1.8 TSI,Skoda,2
Coimbatore,2017,Petrol,Manual,First,18.9,1197.0,82.0,6.19,Grand i10 Sportz,Hyundai,1
Hyderabad,2013,Diesel,Manual,First,20.45,1461.0,83.8,6.0,Duster 85PS Diesel RxL,Renault,1
Pune,2015,Petrol,Manual,First,18.9,1197.0,82.0,3.75,Grand i10 Magna,Hyundai,1
Kochi,2018,Diesel,Manual,First,22.77,1498.0,98.59,9.46,EcoSport 1.5 TDCi Titanium,Ford,1
Jaipur,2011,Petrol,Manual,Second,16.95,1498.0,97.7,3.0,Sunny 2011-2014 XL,Nissan,1
Chennai,2016,Diesel,Manual,First,25.83,1498.0,99.0,5.75,Figo Aspire 1.5 TDCi Titanium,Ford,1
Coimbatore,2009,Petrol,Manual,First,13.5,1799.0,130.0,4.41,Civic 2006-2010 1.8 V MT,Honda,2
Kochi,2017,Petrol,Manual,First,25.17,799.0,53.3,3.7,KWID RXT Optional,Renault,0
Kolkata,2014,Petrol,Manual,Second,19.4,1198.0,86.8,2.5,Brio EX MT,Honda,1
Coimbatore,2012,Petrol,Manual,First,16.1,1298.0,88.2,5.35,Swift ZXI ABS,Maruti,1
Delhi,2013,Diesel,Manual,First,21.9,1396.0,88.8,3.65,i20 Magna Optional 1.4 CRDi,Hyundai,1
Delhi,2014,Diesel,Automatic,First,17.2,1968.0,138.03,13.0,Superb Elegance 2.0 TDI CR AT,Skoda,2
Delhi,2012,Petrol,Manual,First,18.9,998.0,67.1,2.45,Wagon R LXI BSII,Maruti,0
Mumbai,2015,Diesel,Automatic,First,21.21,1498.0,103.2,5.75,Vento 1.5 TDI Highline AT,Volkswagen,1
Coimbatore,2017,Diesel,Manual,First,26.0,1498.0,98.6,8.11,City i DTEC S,Honda,1
Ahmedabad,2018,Diesel,Manual,First,22.54,1396.0,88.73,7.75,i20 1.4 Sportz,Hyundai,1
Coimbatore,2017,Petrol,Automatic,First,19.15,1198.0,75.94,5.85,Micra XV CVT,Nissan,0
Mumbai,2018,Petrol,Manual,First,25.17,799.0,53.3,4.29,KWID RXT Optional,Renault,0
Hyderabad,2015,Diesel,Manual,First,25.6,1498.0,98.6,8.0,City i-DTEC SV,Honda,1
Mumbai,2017,Diesel,Manual,First,13.68,2393.0,147.8,16.5,Innova Crysta 2.4 G MT 8S,Toyota,2
Jaipur,2015,Diesel,Manual,First,27.39,1248.0,74.0,5.5,Baleno Alpha 1.3,Maruti,0
Delhi,2015,Diesel,Manual,First,22.77,1498.0,98.59,6.35,EcoSport 1.5 TDCi Trend,Ford,1
Jaipur,2013,Diesel,Manual,Second,12.99,2494.0,100.6,7.9,Innova 2.5 G (Diesel) 8 Seater,Toyota,1
Hyderabad,2014,Diesel,Manual,First,22.7,1498.0,89.84,7.2,Ecosport 1.5 DV5 MT Ambiente,Ford,1
Bangalore,2012,Diesel,Manual,First,22.07,1199.0,73.9,3.65,Polo Diesel Comfortline 1.2L,Volkswagen,0
Kochi,2016,Diesel,Manual,First,22.54,1396.0,88.73,6.35,i20 Sportz 1.4 CRDi,Hyundai,1
Pune,2016,Diesel,Manual,First,19.87,1461.0,83.8,7.8,Duster 85PS Diesel RxL Explore,Renault,1
Chennai,2007,Petrol,Manual,Second,13.8,1299.0,70.0,1.4,Ikon 1.3 Flair,Ford,0
Chennai,2007,Diesel,Manual,First,13.1,2499.0,141.0,5.5,Endeavour XLT TDCi 4X2,Ford,2
Hyderabad,2018,Diesel,Manual,First,27.39,1248.0,74.0,8.5,Baleno Delta 1.3,Maruti,0
Kochi,2011,Diesel,Automatic,First,14.84,2143.0,170.0,10.48,New C-Class C 220 CDI Elegance AT,Mercedes-Benz,2
Ahmedabad,2005,Petrol,Manual,Second,15.9,1298.0,85.0,0.75,Esteem Vxi - BSIII,Maruti,1
Pune,2008,Petrol,Manual,Second,12.85,1396.0,99.6,1.3,Indigo XL Grand Petrol,Tata,1
Mumbai,2013,Diesel,Automatic,First,16.73,2993.0,218.0,21.0,5 Series 525d Sedan,BMW,3
Delhi,2013,Petrol,Manual,First,17.92,1086.0,62.1,2.3,Santro Xing GL Plus,Hyundai,0
Mumbai,2015,Diesel,Automatic,First,19.5,1968.0,141.0,14.95,Octavia 2.0 TDI AT Style Plus,Skoda,2
Coimbatore,2017,Diesel,Automatic,Second,17.68,1968.0,174.33,35.92,A6 2011-2015 35 TDI Technology,Audi,3
Pune,2016,Diesel,Manual,First,25.83,1498.0,99.0,4.5,Figo 1.5D Trend MT,Ford,1
Hyderabad,2016,Diesel,Manual,First,14.95,2489.0,93.7,5.5,Xylo D4 BS III,Mahindra,1
Mumbai,2015,Petrol,Automatic,First,23.1,998.0,67.04,4.45,Celerio ZXI AT,Maruti,0
Chennai,2008,Diesel,Manual,First,12.8,2494.0,102.0,6.85,Innova 2.5 G4 Diesel 8-seater,Toyota,1
Bangalore,2016,Diesel,Manual,First,24.0,1120.0,70.0,5.5,Grand i10 CRDi Asta,Hyundai,0
Kochi,2016,Petrol,Manual,First,18.9,1197.0,81.86,5.07,Grand i10 1.2 Kappa Sportz,Hyundai,1
Mumbai,2015,Petrol,Manual,First,18.9,1197.0,82.0,3.85,Grand i10 Sportz,Hyundai,1
Chennai,2016,Petrol,Manual,First,18.6,1197.0,81.86,7.95,Elite i20 Petrol Asta,Hyundai,1
Jaipur,2009,Petrol,Manual,Second,18.2,998.0,67.1,1.25,Zen Estilo LXI BSIII,Maruti,0
Kochi,2014,Petrol,Manual,First,20.92,998.0,67.1,3.64,Alto K10 2010-2014 VXI,Maruti,0
Jaipur,2016,Diesel,Manual,First,13.0,2982.0,168.5,20.0,Fortuner 4x2 Manual,Toyota,2
Coimbatore,2019,Diesel,Manual,First,16.55,2498.0,105.0,10.36,Thar CRDe AC,Mahindra,1
Chennai,2007,Petrol,Manual,First,17.0,1086.0,113.25304969366915,1.85,Santro Xing XO,Hyundai,1
Jaipur,2013,Petrol,Manual,Second,16.78,1496.0,88.73,4.05,Etios G,Toyota,1
Mumbai,2015,Diesel,Automatic,First,12.0,2987.0,224.0,48.5,GL-Class 2007 2012 350 CDI Luxury,Mercedes-Benz,4
Bangalore,2014,Diesel,Manual,First,19.6,1461.0,108.45,8.25,Duster 110PS Diesel RxZ,Renault,1
Pune,2014,Diesel,Manual,First,22.9,1248.0,74.0,5.25,Swift VDI,Maruti,0
Mumbai,2013,Petrol,Manual,First,15.04,1598.0,103.2,4.4,Vento Magnific 1.6 Comfortline,Volkswagen,1
Mumbai,2017,Diesel,Automatic,First,18.19,1968.0,174.5,25.75,Superb L&K 2.0 TDI AT,Skoda,3
Kochi,2014,Diesel,Automatic,First,8.2,2993.0,245.0,29.52,3 Series 330d Convertible,BMW,4
Kolkata,2011,Petrol,Manual,Second,18.9,998.0,67.1,2.1,Wagon R VXI BS IV,Maruti,0
Kochi,2017,Petrol,Manual,First,25.17,799.0,53.3,3.71,KWID RXT,Renault,0
Pune,2009,Diesel,Manual,First,10.9,2499.0,143.0,7.5,Endeavour 4x2 XLT Limited Edition,Ford,2
Kochi,2017,Diesel,Manual,First,24.3,1248.0,88.5,9.44,Vitara Brezza ZDi Plus Dual Tone,Maruti,1
Pune,2006,Petrol,Manual,Second,17.0,1086.0,113.25304969366915,1.2,Santro Xing XO eRLX Euro II,Hyundai,1
Delhi,2014,Petrol,Automatic,First,10.5,1796.0,157.7,24.0,E-Class 200 Kompressor Elegance,Mercedes-Benz,2
Delhi,2011,Diesel,Automatic,Second,16.55,1968.0,147.51,9.75,A4 2.0 TDI Celebration Edition,Audi,2
Kolkata,2014,Petrol,Manual,First,18.9,1197.0,82.0,3.45,Grand i10 Asta,Hyundai,1
Jaipur,2014,Diesel,Manual,Second,13.5,2477.0,175.56,11.85,Pajero Sport 4X4,Mitsubishi,3
Coimbatore,2012,Diesel,Automatic,Second,19.71,2143.0,201.15,16.14,New C-Class C 250 CDI Avantgarde,Mercedes-Benz,3
Ahmedabad,2017,Petrol,Automatic,First,24.07,998.0,67.1,4.0,Alto K10 VXI AGS,Maruti,0
Delhi,2015,Petrol,Manual,Second,18.6,1197.0,81.83,5.8,i20 Sportz 1.2,Hyundai,1
Kolkata,2014,Diesel,Manual,First,23.4,1248.0,74.0,4.65,Swift Dzire VDI,Maruti,0
Pune,2010,Petrol,Automatic,Second,11.8,3498.0,272.0,15.0,R-Class R350 4Matic Long,Mercedes-Benz,5
Mumbai,2015,Petrol,Automatic,First,15.63,1499.0,110.4,6.8,EcoSport 1.5 Ti VCT AT Titanium,Ford,1
Bangalore,2016,Diesel,Manual,First,25.1,1498.0,98.6,10.25,City i DTEC VX Option,Honda,1
Chennai,2014,Petrol,Manual,First,20.92,998.0,67.1,2.7,Alto K10 2010-2014 VXI,Maruti,0
Hyderabad,2015,Diesel,Manual,First,20.77,1248.0,88.8,8.5,Ertiga ZDI,Maruti,1
Pune,2018,Diesel,Manual,First,22.54,1396.0,88.73,7.75,i20 Diesel Asta Option,Hyundai,1
Pune,2015,Petrol,Manual,First,15.64,1193.0,64.08,2.7,Indigo CS eGLX BS IV,Tata,0
Hyderabad,2004,Petrol,Manual,Second,19.7,796.0,46.3,1.3,Alto Std,Maruti,0
Chennai,2008,Petrol,Manual,Second,19.5,1061.0,113.25304969366915,1.75,Estilo LXI,Maruti,1
Hyderabad,2018,Petrol,Manual,First,15.8,1591.0,121.3,13.2,Creta 1.6 SX,Hyundai,1
Pune,2004,Petrol,Manual,Second,18.9,998.0,67.1,1.0,Wagon R LX,Maruti,0
Kochi,2017,Petrol,Manual,First,16.78,1496.0,88.73,6.37,Etios V,Toyota,1
Kolkata,2015,Petrol,Manual,First,16.78,1496.0,88.73,4.5,Etios V,Toyota,1
Mumbai,2013,Diesel,Manual,First,19.01,1461.0,108.45,6.5,Duster 110PS Diesel RXZ Optional with Nav,Renault,1
Mumbai,2013,Diesel,Manual,Second,19.3,1248.0,73.9,4.99,Swift Dzire Vdi BSIV,Maruti,0
Coimbatore,2017,Diesel,Automatic,First,17.9,2143.0,170.0,43.3,GLC 220,Mercedes-Benz,2
Mumbai,2014,Diesel,Manual,First,22.7,1498.0,89.84,6.5,Ecosport 1.5 DV5 MT Titanium Optional,Ford,1
Hyderabad,2017,Petrol,Automatic,First,19.12,1373.0,91.1,9.95,Ciaz 1.4 AT Alpha,Maruti,1
Mumbai,2015,Diesel,Manual,First,22.7,1498.0,89.84,7.35,Ecosport 1.5 DV5 MT Titanium,Ford,1
Hyderabad,2016,Diesel,Manual,First,22.95,1248.0,74.0,4.6,Zest Quadrajet 1.3 75PS XE,Tata,0
Chennai,2011,Diesel,Automatic,First,11.4,2953.0,153.86,8.5,Endeavour 3.0L 4X4 AT,Ford,2
Coimbatore,2017,Diesel,Automatic,First,19.6,1461.0,108.45,11.86,Duster 110PS Diesel RxZ AMT,Renault,1
Pune,2011,Diesel,Manual,First,14.42,1995.0,147.6,8.0,X-Trail SLX MT,Nissan,2
Delhi,2015,Diesel,Automatic,First,12.55,2982.0,168.5,21.5,Fortuner 4x4 AT,Toyota,2
Pune,2007,Petrol,Manual,First,15.26,1150.0,74.9,1.3,Aveo U-VA 1.2 LS,Chevrolet,0
Chennai,2012,Diesel,Manual,First,20.5,1598.0,103.5,5.9,Rapid 1.6 TDI Ambition,Skoda,1
Bangalore,2013,Diesel,Manual,Second,15.1,2179.0,140.0,9.5,XUV500 W8 4WD,Mahindra,2
Chennai,2010,Diesel,Manual,First,19.3,1248.0,73.9,4.5,Swift Dzire ZDi,Maruti,0
Hyderabad,2003,Diesel,Manual,First,18.7,1896.0,66.0,2.25,Octavia Elegance 1.9 TDI,Skoda,0
Mumbai,2014,Petrol,Manual,First,13.7,1399.0,98.82,3.35,Enjoy Petrol LS 7 Seater,Chevrolet,1
Kolkata,2005,Petrol,Manual,First,13.2,1495.0,94.0,0.7,Accent GLE,Hyundai,1
Bangalore,2012,Petrol,Automatic,First,14.74,1991.0,184.0,16.0,New C-Class C 200 CGI,Mercedes-Benz,3
Pune,2014,Diesel,Manual,First,20.45,1461.0,83.8,8.0,Duster 85PS Diesel RxE,Renault,1
Kochi,2012,Diesel,Manual,First,22.32,1582.0,126.32,4.74,Verna 1.6 SX,Hyundai,1
Mumbai,2016,Diesel,Automatic,First,13.0,2143.0,204.0,36.0,E-Class 2015-2017 E250 CDI Avantgarde,Mercedes-Benz,3
Kochi,2015,Petrol,Manual,First,15.04,1598.0,103.6,5.54,Vento Petrol Highline,Volkswagen,1
Mumbai,2017,Diesel,Automatic,First,18.19,1968.0,174.5,22.99,Superb Style 2.0 TDI AT,Skoda,3
Kochi,2017,Diesel,Manual,First,15.4,1997.0,120.0,10.08,Scorpio 1.99 S4 Plus,Mahindra,1
Pune,2010,Petrol,Manual,First,17.5,1798.0,113.25304969366915,2.85,Laura Classic 1.8 TSI,Skoda,1
Pune,2000,Petrol,Manual,First,16.1,796.0,37.0,0.55,800 DX BSII,Maruti,0
Coimbatore,2018,Diesel,Automatic,First,13.22,2967.0,241.4,45.52,Q5 3.0 TDI Quattro Technology,Audi,4
Coimbatore,2018,Diesel,Manual,Second,17.45,1493.0,100.0,7.29,NuvoSport N6,Mahindra,1
Chennai,2011,Diesel,Manual,Second,20.54,1598.0,103.6,4.3,Vento Diesel Highline,Volkswagen,1
Chennai,2015,Petrol,Manual,First,20.85,1197.0,83.14,4.8,Swift Dzire VXI Optional,Maruti,1
Mumbai,2012,Petrol,Manual,Second,16.02,1373.0,93.7,5.25,Ertiga VXI,Maruti,1
Chennai,2016,Petrol,Manual,First,24.7,796.0,47.3,2.8,Alto 800 2016-2019 LXI,Maruti,0
Kochi,2014,Diesel,Manual,First,21.9,1396.0,88.76,4.35,i20 Magna 1.4 CRDi (Diesel),Hyundai,1
Kolkata,2014,Diesel,Manual,First,22.7,1498.0,89.84,5.49,Ecosport 1.5 DV5 MT Titanium,Ford,1
Bangalore,2014,Diesel,Manual,First,20.34,1498.0,103.2,6.5,Vento 1.5 TDI Highline,Volkswagen,1
Bangalore,2011,Diesel,Manual,First,12.05,2179.0,120.0,6.4,Scorpio VLX 2WD Airbag BSIII,Mahindra,1
Kochi,2016,Diesel,Manual,First,25.83,1498.0,99.0,6.22,Figo Aspire 1.5 TDCi Titanium Plus,Ford,1
Mumbai,2012,Diesel,Manual,First,12.99,2494.0,100.0,8.4,Innova 2.5 G (Diesel) 8 Seater,Toyota,1
Pune,2018,Diesel,Manual,First,28.4,1248.0,73.75,5.9,Dzire LDI,Maruti,0
Pune,2018,Petrol,Manual,First,25.17,799.0,53.3,3.4,KWID RXL,Renault,0
Jaipur,2011,Diesel,Manual,Third,13.1,2499.0,141.0,6.5,Endeavour 2.5L 4X2 MT,Ford,2
Delhi,2015,Petrol,Manual,First,18.88,999.0,123.24,6.0,EcoSport 1.0 Ecoboost Titanium Plus,Ford,1
Hyderabad,2016,Diesel,Manual,First,19.67,1582.0,126.2,11.9,Creta 1.6 CRDi SX,Hyundai,1
Bangalore,2016,Diesel,Automatic,First,14.69,2993.0,258.0,48.0,5 Series 2013-2017 530d M Sport,BMW,4
Mumbai,2017,Petrol,Automatic,First,18.69,1462.0,103.0,8.0,Ertiga VXI AT Petrol,Maruti,1
Hyderabad,2007,Diesel,Automatic,Second,15.6,1896.0,106.0,2.45,Laura L and K AT,Skoda,1
Kolkata,2013,Petrol,Manual,First,18.6,1199.0,79.4,1.75,Beat LS,Chevrolet,0
Bangalore,2014,Diesel,Automatic,First,15.73,1968.0,174.33,21.75,Q3 2.0 TDI,Audi,3
Pune,2014,Petrol,Manual,First,17.0,1497.0,118.0,7.25,City 1.5 V MT,Honda,1
Pune,2009,Petrol,Manual,Second,16.1,1298.0,88.2,3.0,Swift Lxi BSIII,Maruti,1
Jaipur,2012,Diesel,Manual,First,20.0,1399.0,68.0,2.51,Figo Diesel EXI,Ford,0
Chennai,2015,Diesel,Automatic,First,12.55,2982.0,168.5,19.6,Fortuner 4x4 AT,Toyota,2
Pune,2013,Diesel,Manual,Second,15.8,2148.0,170.0,15.5,New C-Class 200 CDI Classic,Mercedes-Benz,2
Chennai,2012,Diesel,Manual,First,12.99,2494.0,100.0,11.5,Innova 2.5 GX (Diesel) 7 Seater,Toyota,1
Coimbatore,2004,Petrol,Manual,Second,13.0,1493.0,100.0,1.76,City 1.5 EXI,Honda,1
Jaipur,2015,Diesel,Manual,First,25.8,1498.0,98.6,4.68,Amaze S i-Dtech,Honda,1
Delhi,2010,Petrol,Automatic,Second,14.28,1798.0,138.03,4.0,Corolla Altis 1.8 G CVT,Toyota,2
Hyderabad,2012,Diesel,Manual,First,22.3,1248.0,74.0,2.8,Indica Vista Quadrajet VX,Tata,0
Mumbai,2012,Diesel,Manual,First,16.0,2179.0,140.0,8.25,XUV500 W8 2WD,Mahindra,2
Kolkata,2010,Diesel,Manual,First,21.1,1248.0,73.9,1.7,Ritz VDi,Maruti,0
Mumbai,2013,Petrol,Automatic,First,14.74,1991.0,181.04,14.85,New C-Class C 200 AVANTGARDE,Mercedes-Benz,3
Mumbai,2018,Petrol,Automatic,First,17.0,1591.0,121.3,12.85,Verna VTVT 1.6 AT SX Option,Hyundai,1
Hyderabad,2012,Diesel,Automatic,First,14.94,2143.0,204.0,16.0,New C-Class C 250 CDI Elegance,Mercedes-Benz,3
Hyderabad,2018,Petrol,Manual,First,18.9,998.0,67.1,4.7,Wagon R VXI BS IV,Maruti,0
Bangalore,2014,Petrol,Manual,Second,16.02,1373.0,93.7,5.94,Ertiga VXI,Maruti,1
Hyderabad,2013,Diesel,Manual,First,20.5,1598.0,103.5,8.0,Rapid Ultima 1.6 TDI Elegance,Skoda,1
Delhi,2010,Diesel,Manual,First,12.8,2494.0,102.0,5.45,Innova 2.5 V Diesel 8-seater,Toyota,1
Kochi,2018,Petrol,Automatic,First,13.7,1991.0,183.0,26.76,GLA Class 200 Sport,Mercedes-Benz,3
Hyderabad,2013,Diesel,Manual,Second,20.14,1498.0,88.0,3.5,Polo 1.5 TDI Highline,Volkswagen,1
Kolkata,2013,Diesel,Manual,First,22.32,1582.0,126.3,4.7,Verna 1.6 CRDi EX MT,Hyundai,1
Ahmedabad,2016,Petrol,Manual,First,17.0,1198.0,73.75,5.75,Ameo 1.2 MPI Highline,Volkswagen,0
Coimbatore,2017,Petrol,Manual,First,18.6,1197.0,81.83,8.11,i20 Asta Option 1.2,Hyundai,1
Delhi,2006,Petrol,Manual,Second,17.3,1061.0,64.0,0.75,Wagon R LX BSIII,Maruti,0
Pune,2006,Petrol,Manual,Second,13.5,1405.0,60.0,1.0,Indica LEI,Tata,0
Hyderabad,2016,Diesel,Manual,First,14.0,2498.0,112.0,5.3,Xylo D4,Mahindra,1
Pune,2010,Petrol,Manual,First,18.5,1197.0,80.0,2.74,i20 2015-2017 Magna,Hyundai,0
Mumbai,2017,Petrol,Manual,First,21.4,1197.0,83.1,7.5,Baleno Alpha,Maruti,1
Jaipur,2016,Diesel,Automatic,First,17.6,2179.0,153.86,13.5,Hexa XTA,Tata,2
Kolkata,2011,Petrol,Manual,First,16.47,1198.0,73.9,2.2,Polo Petrol Comfortline 1.2L,Volkswagen,0
Mumbai,2012,Petrol,Automatic,First,11.74,1796.0,186.0,13.25,New C-Class C 200 CGI Elegance,Mercedes-Benz,3
Delhi,2013,Diesel,Manual,First,23.59,1364.0,113.25304969366915,3.88,Etios GD,Toyota,1
Jaipur,2005,Petrol,Manual,Second,15.3,1341.0,83.0,0.85,Getz GLS,Hyundai,1
Kochi,2017,Petrol,Manual,First,23.84,1199.0,84.0,5.11,Tiago 1.2 Revotron XT,Tata,1
Mumbai,2013,Diesel,Manual,First,19.87,1461.0,83.8,4.25,Duster 85PS Diesel RxL Option,Renault,1
Coimbatore,2013,Diesel,Automatic,Second,18.25,1968.0,187.74,16.52,A4 35 TDI Premium Plus,Audi,3
Pune,2008,Diesel,Manual,Third,13.93,2179.0,138.0,0.6,New Safari DICOR 2.2 VX 4x2,Tata,2
Hyderabad,2012,Diesel,Manual,First,22.9,1248.0,74.0,4.8,Swift VDI,Maruti,0
Mumbai,2011,Petrol,Automatic,First,13.7,1798.0,157.75,6.25,Superb Elegance 1.8 TSI AT,Skoda,2
Mumbai,2014,Petrol,Manual,First,16.3,1797.0,147.5,8.3,Elantra SX,Hyundai,2
Pune,2009,Petrol,Manual,Third,17.0,1497.0,118.0,3.25,City 1.5 E MT,Honda,1
Pune,2015,Diesel,Manual,First,19.87,1461.0,83.8,7.75,Duster 85PS Diesel RxL Explore,Renault,1
Kochi,2016,Diesel,Automatic,First,16.36,2179.0,187.7,30.54,XF 2.2 Litre Luxury,Jaguar,3
Pune,2010,Petrol,Manual,Second,17.24,1198.0,73.9,2.96,Polo IPL II 1.2 Petrol Highline,Volkswagen,0
Chennai,2016,Petrol,Manual,First,17.57,1193.0,88.7,4.0,Bolt Revotron XT,Tata,1
Bangalore,2014,Petrol,Manual,Second,18.5,1197.0,82.85,5.25,i20 Sportz 1.2,Hyundai,1
Kochi,2013,Diesel,Automatic,First,17.68,1968.0,174.33,17.56,A6 2011-2015 2.0 TDI,Audi,3
Mumbai,2011,Petrol,Manual,First,16.09,1598.0,103.5,3.25,Vento 1.6 Highline,Volkswagen,1
Bangalore,2015,Petrol,Manual,First,23.1,998.0,67.04,4.0,Celerio VXI,Maruti,0
Coimbatore,2007,Petrol,Manual,First,15.3,1341.0,83.0,2.2,Getz GLE,Hyundai,1
Pune,2016,Diesel,Manual,First,24.3,1248.0,88.5,7.43,Vitara Brezza VDi,Maruti,1
Mumbai,2009,Diesel,Automatic,First,8.7,2987.0,224.34,10.75,M-Class ML 320 CDI,Mercedes-Benz,4
Delhi,2011,Diesel,Manual,First,19.3,1248.0,73.9,2.75,Swift Dzire Vdi BSIV,Maruti,0
Hyderabad,2013,Diesel,Automatic,Second,17.85,2967.0,300.0,45.0,Panamera Diesel,Porsche,5
Mumbai,2015,Petrol,Automatic,First,19.16,2494.0,158.2,19.75,Camry Hybrid,Toyota,2
Delhi,2013,Petrol,Manual,First,18.5,1198.0,86.8,3.2,Brio 1.2 VX MT,Honda,1
Coimbatore,2011,Diesel,Manual,First,12.8,2494.0,102.0,9.48,Innova 2.5 V Diesel 7-seater,Toyota,1
Coimbatore,2015,Diesel,Manual,First,25.8,1498.0,98.6,4.83,Amaze VX i-DTEC,Honda,1
Delhi,2014,Diesel,Manual,First,28.4,1248.0,74.0,4.75,Swift VDI,Maruti,0
Jaipur,2015,Diesel,Manual,First,24.4,1120.0,71.0,4.0,Xcent 1.1 CRDi S,Hyundai,0
Jaipur,2012,Diesel,Manual,Second,14.0,2498.0,112.0,2.9,Xylo D4 BSIV,Mahindra,1
Kolkata,2013,Petrol,Manual,First,18.9,998.0,67.1,2.65,Wagon R VXI,Maruti,0
Hyderabad,2011,Diesel,Manual,First,25.44,936.0,57.6,2.5,Beat Diesel,Chevrolet,0
