Location,Year,Kilometers_Driven,Fuel_Type,Transmission,Owner_Type,Mileage,Engine,Seats,Price,Model,Brand
Pune,2015,41000,Diesel,Manual,First,19.67,1582,5,12.5,Creta 1.6 CRDi SX Option,Hyundai
Chennai,2011,46000,Petrol,Manual,First,18.2,1199,5,4.5,Jazz V,Honda
Chennai,2012,87000,Diesel,Manual,First,20.77,1248,7,6.0,Ertiga VDI,Maruti
Coimbatore,2013,40670,Diesel,Automatic,Second,15.2,1968,5,17.74,A4 New 2.0 TDI Multitronic,Audi
Jaipur,2013,86999,Diesel,Manual,First,23.08,1461,5,3.5,Micra Diesel XV,Nissan
Mumbai,2016,36000,Diesel,Automatic,First,11.36,2755,8,17.5,Innova Crysta 2.8 GX AT 8S,Toyota
Pune,2013,64430,Diesel,Manual,First,20.54,1598,5,5.2,Vento Diesel Comfortline,Volkswagen
Chennai,2012,65932,Diesel,Manual,Second,22.3,1248,5,1.95,Indica Vista Quadrajet LS,Tata
Kochi,2018,25692,Petrol,Manual,First,21.56,1462,5,9.95,Ciaz Zeta,Maruti
Kolkata,2012,60000,Petrol,Automatic,First,16.8,1497,5,4.49,City 1.5 V AT Sunroof,Honda
Jaipur,2015,64424,Diesel,Manual,First,25.2,1248,5,5.6,Swift VDI BSIV,Maruti
Delhi,2014,72000,Diesel,Automatic,First,12.7,2179,5,27.0,Rover Range Rover 2.2L Pure,Land
Delhi,2014,110000,Diesel,Manual,First,13.5,2477,7,15.0,Pajero Sport 4X4,Mitsubishi
Kochi,2016,58950,Diesel,Manual,First,25.8,1498,5,5.4,Amaze S i-Dtech,Honda
Jaipur,2017,25000,Diesel,Manual,First,28.4,1248,5,5.99,Swift DDiS VDI,Maruti
Kochi,2014,77469,Diesel,Manual,First,20.45,1461,5,6.34,Duster 85PS Diesel RxL Plus,Renault
Bangalore,2014,78500,Diesel,Automatic,First,14.84,2143,5,28.0,New C-Class C 220 CDI BE Avantgare,Mercedes-Benz
Kochi,2014,32982,Diesel,Automatic,First,22.69,1995,5,18.55,3 Series 320d,BMW
Bangalore,2015,55392,Diesel,Manual,Second,23.65,1248,5,8.25,S Cross DDiS 200 Alpha,Maruti
Mumbai,2015,55985,Petrol,Automatic,First,13.53,1984,5,23.5,A6 2011-2015 35 TFSI Technology,Audi
Kolkata,2010,45807,Petrol,Manual,First,18.5,1197,5,1.87,i20 1.2 Magna,Hyundai
Kolkata,2010,33000,Petrol,Automatic,First,14.4,1598,5,2.85,Vento Petrol Highline AT,Volkswagen
Mumbai,2012,51920,Petrol,Manual,First,16.8,1497,5,4.25,City Corporate Edition,Honda
Hyderabad,2012,54000,Diesel,Manual,First,23.08,1461,5,4.25,Micra Diesel XV,Nissan
Hyderabad,2013,54000,Petrol,Manual,Second,20.92,998,5,2.75,Alto K10 2010-2014 VXI,Maruti
Kochi,2018,37430,Petrol,Manual,First,17.5,1199,5,9.9,WRV i-VTEC VX,Honda
Mumbai,2007,262000,Diesel,Manual,Fourth & Above,12.8,2494,7,4.0,Innova 2.5 V Diesel 7-seater,Toyota
Bangalore,2013,62000,Diesel,Manual,First,19.01,1461,5,7.75,Duster 110PS Diesel RxZ Pack,Renault
Delhi,2012,87615,Petrol,Manual,First,14.53,1798,5,6.75,Corolla Altis G,Toyota
Bangalore,2013,72000,Diesel,Automatic,Second,11.18,2696,7,12.5,Ssangyong Rexton RX7,Mahindra
Kolkata,2010,35000,Diesel,Automatic,First,12.4,2698,5,11.5,A6 2.7 TDI,Audi
Coimbatore,2014,55431,Petrol,Manual,Second,16.09,1598,5,6.98,Vento 1.6 Highline,Volkswagen
Jaipur,2009,83816,Petrol,Manual,Second,14.0,1061,5,1.85,Wagon R LXI BSIII,Maruti
Kochi,2018,50075,Diesel,Manual,First,24.3,1248,5,8.63,Vitara Brezza ZDi Plus,Maruti
Delhi,2017,52000,Petrol,Manual,First,18.15,1198,5,4.85,KUV 100 mFALCON G80 K6 5str AW,Mahindra
Pune,2013,85000,Diesel,Automatic,First,11.74,2987,5,28.0,M-Class ML 350 CDI,Mercedes-Benz
Chennai,2013,62000,Diesel,Manual,First,22.07,1199,5,5.0,Polo Diesel Trendline 1.2L,Volkswagen
Delhi,2008,90000,Petrol,Manual,Second,19.7,796,5,1.25,Alto LXi,Maruti
Kochi,2014,19698,Petrol,Manual,First,25.4,624,4,1.53,Nano LX SE,Tata
Coimbatore,2017,22033,Diesel,Manual,First,25.32,1198,6,5.58,KUV 100 mFALCON D75 K8 Dual Tone,Mahindra
Kochi,2014,35487,Petrol,Manual,First,18.5,1197,5,4.74,i20 Magna Optional 1.2,Hyundai
Bangalore,2014,46374,Petrol,Automatic,First,14.62,1999,5,8.85,Elantra 2.0 SX Option AT,Hyundai
Mumbai,2016,52001,Petrol,Automatic,First,14.28,1798,5,10.11,Corolla Altis G AT,Toyota
Ahmedabad,2008,58005,Diesel,Manual,Second,14.9,1991,5,4.25,Elantra CRDi,Hyundai
Bangalore,2012,70704,Petrol,Manual,First,11.25,2694,7,10.95,Innova Crysta 2.7 GX MT,Toyota
Jaipur,2014,75000,Diesel,Manual,First,24.4,1120,5,3.85,Xcent 1.1 CRDi S,Hyundai
Jaipur,2012,75800,Diesel,Manual,Second,16.55,2498,6,5.5,Thar CRDe AC,Mahindra
Kochi,2015,13648,Diesel,Automatic,First,17.11,1968,5,21.43,A4 2.0 TDI 177 Bhp Premium Plus,Audi
Delhi,2014,52000,Diesel,Manual,First,22.9,1248,5,4.25,Swift LDI,Maruti
Kolkata,2014,53000,Diesel,Manual,First,17.8,1248,5,3.3,Swift Ldi BSIV,Maruti
Delhi,2013,65650,Diesel,Manual,First,28.4,1248,5,3.85,Swift VDI,Maruti
Chennai,2015,54000,Petrol,Manual,Third,18.9,1197,5,3.6,Grand i10 Sportz,Hyundai
Kolkata,2015,39000,Petrol,Manual,First,15.04,1598,5,3.99,Vento 2013-2015 1.6 Comfortline,Volkswagen
Kochi,2017,16542,Petrol,Manual,First,25.17,799,5,3.3,KWID RXT,Renault
Kolkata,2010,32000,Petrol,Manual,First,20.36,1197,5,2.07,i10 Asta,Hyundai
Hyderabad,2010,121812,Diesel,Automatic,First,13.29,1995,5,7.75,X-Trail SLX AT,Nissan
Hyderabad,2010,39300,Petrol,Manual,First,18.2,998,5,2.25,Zen Estilo VXI BSIII,Maruti
Mumbai,2017,22000,Diesel,Manual,First,13.68,2393,8,16.5,Innova Crysta 2.4 GX MT 8S,Toyota
Bangalore,2010,72000,Diesel,Manual,First,20.0,1399,5,2.75,Figo Diesel Titanium,Ford
Delhi,2015,58000,Petrol,Automatic,First,11.74,1796,5,26.7,New C-Class C 200 CGI Avantgarde,Mercedes-Benz
Pune,2011,65000,Diesel,Manual,Second,15.8,2148,5,10.0,New C-Class 200 CDI Classic,Mercedes-Benz
Chennai,2016,178000,Diesel,Manual,First,25.0,1396,5,2.5,Indica V2 eLS,Tata
Jaipur,2012,65664,Diesel,Automatic,First,16.55,1968,5,13.5,A4 2.0 TDI Multitronic,Audi
Mumbai,2007,63000,Petrol,Automatic,Second,16.4,1497,5,1.85,City ZX CVT,Honda
Pune,2016,63000,Diesel,Manual,First,24.52,1248,7,8.15,Ertiga SHVS VDI,Maruti
Mumbai,2018,13000,Diesel,Manual,First,22.1,1396,5,10.5,Creta 1.4 E Plus Diesel,Hyundai
Mumbai,2008,73000,Petrol,Automatic,First,8.5,4806,5,14.5,Cayenne 2009-2014 Turbo,Porsche
Mumbai,2015,55729,Diesel,Manual,First,15.1,2179,7,9.65,XUV500 W8 4WD,Mahindra
Kochi,2012,45178,Petrol,Automatic,First,16.95,1197,5,3.48,i10 Sportz 1.2 AT,Hyundai
Kochi,2015,56066,Diesel,Manual,First,19.64,1461,5,6.92,Terrano XV D Pre,Nissan
Coimbatore,2016,37300,Petrol,Automatic,Second,16.5,1198,5,6.46,Brio VX AT,Honda
Delhi,2014,56000,Diesel,Automatic,Second,18.53,1968,5,29.5,A6 2.0 TDI Design Edition,Audi
Jaipur,2008,111111,Diesel,Manual,First,17.8,1399,5,2.0,Fiesta 1.4 SXi TDCi,Ford
Chennai,2006,230000,Petrol,Manual,Third,12.4,1998,8,4.5,Innova 2.0 G1,Toyota
Hyderabad,2012,104000,Diesel,Manual,First,12.8,2494,7,11.75,Innova 2.5 VX 7 STR BSIV,Toyota
Jaipur,2012,95100,Diesel,Manual,First,22.9,1248,5,3.75,Swift VDI,Maruti
Pune,2017,70000,Petrol,Manual,First,17.57,1193,5,4.5,Zest Revotron 1.2T XE,Tata
Kochi,2016,54944,Petrol,Manual,First,18.0,1198,5,4.82,Amaze SX i-VTEC,Honda
Hyderabad,2012,70337,Diesel,Manual,First,20.0,1399,5,2.8,Figo Diesel ZXI,Ford
Jaipur,2013,99638,Diesel,Manual,First,23.2,1248,5,3.11,Ritz VDi,Maruti
Delhi,2009,52000,Petrol,Manual,First,17.8,1497,5,3.25,City i VTEC E,Honda
Delhi,2011,75000,Diesel,Automatic,Second,16.73,1995,5,13.9,5 Series 2003-2012 525d,BMW
Pune,2009,95980,Petrol,Manual,First,20.36,1197,5,2.25,i10 Sportz 1.2,Hyundai
Bangalore,2016,16000,Petrol,Manual,First,18.9,1197,5,5.75,Grand i10 Sportz,Hyundai
Hyderabad,2007,73745,Petrol,Manual,First,17.0,1086,5,2.1,Santro Xing XO,Hyundai
Mumbai,2016,18949,Petrol,Manual,First,17.8,1198,5,5.0,Amaze SX i-VTEC,Honda
Delhi,2014,107000,Diesel,Manual,First,13.0,2982,7,16.5,Fortuner 4x2 Manual,Toyota
Coimbatore,2018,48367,Diesel,Automatic,First,17.68,1968,5,39.58,A6 2011-2015 35 TDI Premium,Audi
Delhi,2013,57000,Diesel,Manual,First,22.7,1498,5,5.5,Ecosport 1.5 DV5 MT Titanium Optional,Ford
Delhi,2014,58000,Diesel,Manual,First,15.1,2179,7,8.1,XUV500 W8 2WD,Mahindra
Kolkata,2015,30000,Diesel,Manual,First,25.8,1498,5,3.5,Amaze SX i-DTEC,Honda
Kolkata,2013,34212,Diesel,Manual,First,22.07,1199,5,2.79,Polo Diesel Highline 1.2L,Volkswagen
Ahmedabad,2010,70002,Diesel,Manual,First,16.2,1493,5,3.45,Verna Transform SX VGT CRDi,Hyundai
Bangalore,2016,62000,Petrol,Manual,First,18.9,998,5,4.45,Wagon R VXI BS IV,Maruti
Delhi,2010,62001,Petrol,Manual,First,15.26,1598,5,2.65,Polo Petrol Highline 1.6L,Volkswagen
Pune,2011,78958,Diesel,Manual,Second,23.0,1396,5,3.8,i20 1.4 CRDi Sportz,Hyundai
Mumbai,2014,30180,Petrol,Manual,First,18.5,1197,5,4.65,i20 Asta 1.2,Hyundai
Kolkata,2010,30000,Diesel,Automatic,First,14.94,2967,5,9.8,A4 3.0 TDI Quattro Premium,Audi
Pune,2009,66000,Petrol,Manual,Second,17.0,1197,5,2.7,i20 2015-2017 Asta,Hyundai
Coimbatore,2010,93850,Petrol,Manual,First,14.0,796,5,2.41,Omni 5 Str STD,Maruti
Ahmedabad,2014,53000,Petrol,Manual,First,17.71,1197,5,3.9,Etios Liva 1.2 G,Toyota
Hyderabad,2011,78000,Diesel,Automatic,Second,14.74,2993,5,24.0,XF 3.0 Litre S Premium Luxury,Jaguar
Delhi,2012,65000,Diesel,Manual,Second,16.0,2179,7,5.75,XUV500 W8 2WD,Mahindra
Kolkata,2014,40000,Diesel,Automatic,First,22.32,1582,5,5.25,Verna 1.6 SX CRDI (O) AT,Hyundai
Mumbai,2017,30000,Diesel,Automatic,First,11.36,2755,7,19.25,Innova Crysta 2.8 ZX AT,Toyota
Coimbatore,2017,38053,Petrol,Manual,First,15.1,1196,5,3.91,Eeco 5 Seater AC,Maruti
Bangalore,2014,25500,Petrol,Manual,First,25.4,624,4,2.15,Nano Twist XT,Tata
Mumbai,2015,56087,Diesel,Automatic,First,22.69,1995,5,20.75,3 Series 320d Luxury Line,BMW
Delhi,2010,71088,Petrol,Manual,First,13.5,1799,5,3.35,Civic 2006-2010 1.8 V MT,Honda
Ahmedabad,2014,55000,Diesel,Manual,First,12.99,2494,7,11.11,Innova 2.5 VX (Diesel) 7 Seater,Toyota
Bangalore,2014,32700,Diesel,Automatic,First,23.3,1984,5,20.0,V40 Cross Country D3,Volvo
Coimbatore,2016,39882,Petrol,Automatic,First,19.15,1198,5,6.55,Micra XV CVT,Nissan
Mumbai,2009,128000,Petrol,Automatic,First,10.8,2497,5,7.0,5 Series 2010-2013 525i,BMW
Mumbai,2016,55000,Diesel,Manual,First,24.3,1248,5,7.5,Vitara Brezza VDi,Maruti
Mumbai,2005,102000,Petrol,Manual,Second,17.0,1086,5,0.85,Santro Xing XL eRLX Euro III,Hyundai
Pune,2014,53753,Diesel,Automatic,Second,15.0,2143,5,16.75,B Class B200 CDI,Mercedes-Benz
Kolkata,2018,10250,Diesel,Manual,First,22.0,1582,5,10.95,Verna CRDi 1.6 SX Option,Hyundai
Pune,2011,43874,Petrol,Manual,First,18.9,998,5,2.45,Wagon R LXI BS IV,Maruti
Coimbatore,2017,32684,Petrol,Automatic,First,21.9,624,4,3.23,Nano XTA,Tata
Kolkata,2014,42000,Diesel,Manual,First,12.05,2179,8,7.75,Scorpio VLX,Mahindra
Kolkata,2009,28352,Petrol,Automatic,First,11.7,1796,5,9.35,New C-Class 200 K AT,Mercedes-Benz
Bangalore,2007,47700,Petrol,Manual,Second,10.8,2354,5,5.25,CR-V 2.4 MT,Honda
Pune,2015,55000,Diesel,Automatic,First,21.21,1498,5,7.25,Vento 1.5 TDI Comfortline AT,Volkswagen
Kochi,2017,44285,Petrol,Manual,First,20.73,1373,5,7.47,Ciaz VXi Plus,Maruti
Jaipur,2016,54000,Diesel,Automatic,First,16.0,2179,7,13.25,XUV500 AT W10 FWD,Mahindra
Coimbatore,2016,30232,Petrol,Manual,First,21.1,1197,5,5.81,Ritz VXI ABS,Maruti
Hyderabad,2014,88500,Petrol,Manual,First,24.07,998,5,2.6,Alto K10 VXI,Maruti
Kochi,2019,12645,Petrol,Automatic,First,17.0,1591,5,11.5,Verna VTVT 1.6 AT SX Plus,Hyundai
Chennai,2010,94385,Petrol,Manual,Second,19.7,796,5,1.6,Alto LXi BSIII,Maruti
Coimbatore,2015,31821,Diesel,Automatic,First,20.58,1995,5,17.22,1 Series 118d Base,BMW
Mumbai,2015,12000,Petrol,Automatic,First,19.0,1199,5,6.0,Jazz 1.2 V CVT i VTEC,Honda
Delhi,2012,88578,Petrol,Manual,First,13.5,1799,5,3.95,Civic 2006-2010 1.8 V MT,Honda
Kochi,2014,44965,Diesel,Automatic,First,19.27,2143,5,17.95,New C-Class C 220 CDI Avantgarde,Mercedes-Benz
Kolkata,2014,45044,Diesel,Manual,First,25.8,1498,5,3.7,Amaze SX i-DTEC,Honda
Kochi,2016,34204,Petrol,Manual,First,22.0,1197,5,5.43,Swift VVT VXI,Maruti
Kochi,2008,80759,Petrol,Manual,Third,17.0,1086,5,1.67,Santro Xing XO eRLX Euro II,Hyundai
Coimbatore,2012,91235,Diesel,Manual,First,11.5,2982,7,13.49,Fortuner 3.0 Diesel,Toyota
Pune,2014,38800,Petrol,Manual,First,18.6,1199,5,2.85,Beat LT Option,Chevrolet
Chennai,2013,83000,Diesel,Manual,First,21.14,1498,5,4.75,Rapid 1.5 TDI Elegance,Skoda
Kochi,2018,41283,Petrol,Manual,First,20.73,1373,5,9.9,Ciaz 1.4 Alpha,Maruti
Mumbai,2013,23000,Petrol,Automatic,First,11.05,2894,4,37.0,RS5 Coupe,Audi
Mumbai,2014,48000,Diesel,Automatic,First,21.76,1995,5,26.5,3 Series Luxury Line,BMW
Coimbatore,2015,48214,Diesel,Automatic,First,17.11,1968,5,23.32,A4 2.0 TDI 177 Bhp Premium Plus,Audi
Chennai,2016,35000,Diesel,Manual,First,22.9,1248,5,6.25,Swift VDI,Maruti
Kolkata,2010,35277,Petrol,Automatic,First,7.81,5461,5,30.0,S Class 2005 2013 S 500,Mercedes-Benz
Coimbatore,2016,54620,Diesel,Automatic,First,21.66,1498,5,9.86,Rapid 1.5 TDI AT Elegance Plus Black Package,Skoda
Pune,2012,136997,Diesel,Automatic,First,17.2,1968,5,8.5,Superb Elegance 2.0 TDI CR AT,Skoda
Kochi,2019,14322,Petrol,Manual,First,21.1,814,5,4.23,EON Magna Plus,Hyundai
Jaipur,2012,65634,Diesel,Manual,First,22.07,1199,5,3.5,Polo Diesel Trendline 1.2L,Volkswagen
Kolkata,2013,33280,Petrol,Manual,First,19.4,1198,5,2.39,Brio S MT,Honda
Delhi,2013,29000,Petrol,Automatic,First,14.8,1595,5,11.25,B Class B180,Mercedes-Benz
Kochi,2015,42831,Diesel,Manual,First,26.0,1498,5,7.11,City i DTEC V,Honda
Ahmedabad,2016,90000,Diesel,Manual,First,12.99,2494,7,10.9,Innova 2.5 G (Diesel) 7 Seater,Toyota
Ahmedabad,2017,24005,Petrol,Manual,First,20.4,1197,5,6.2,Swift VXI Optional,Maruti
Mumbai,2012,32792,Diesel,Manual,First,15.1,2179,7,7.9,XUV500 W8 2WD,Mahindra
Kochi,2014,147898,Diesel,Manual,First,22.7,1498,5,4.42,Ecosport 1.5 DV5 MT Ambiente,Ford
Mumbai,2012,131765,Diesel,Manual,First,13.0,2982,7,13.5,Fortuner 4x2 Manual,Toyota
Chennai,2013,65000,Diesel,Automatic,First,21.5,1498,5,6.25,Vento 1.5 Highline Plus AT 16 Alloy,Volkswagen
Jaipur,2010,66123,Diesel,Manual,Second,20.0,1399,5,2.1,Figo Diesel Titanium,Ford
Mumbai,2015,41000,Diesel,Automatic,First,15.3,2993,5,45.0,X5 xDrive 30d,BMW
Coimbatore,2017,23550,Diesel,Automatic,First,19.27,2143,5,33.66,New C-Class C 220 CDI Style,Mercedes-Benz
Bangalore,2012,45000,Petrol,Manual,Second,19.4,1198,5,3.65,Brio V MT,Honda
Delhi,2013,60000,Petrol,Manual,First,20.36,1197,5,2.75,i10 Magna 1.2,Hyundai
Bangalore,2016,44414,Diesel,Automatic,First,17.9,2143,5,42.5,GLC 220,Mercedes-Benz
Kolkata,2019,1000,Petrol,Manual,First,18.9,1197,5,6.5,Grand i10 1.2 Kappa Asta,Hyundai
Mumbai,2012,62500,Diesel,Automatic,Second,17.68,1968,5,19.0,A6 2011-2015 2.0 TDI Premium Plus,Audi
Mumbai,2013,21000,Petrol,Automatic,Second,14.4,1598,5,4.45,Vento Petrol Highline AT,Volkswagen
Jaipur,2017,8525,Diesel,Automatic,Second,16.6,1998,5,23.0,Countryman Cooper D,Mini
Bangalore,2014,29000,Diesel,Manual,First,22.54,1396,5,8.35,i20 Asta 1.4 CRDi,Hyundai
Mumbai,2014,40000,Diesel,Automatic,First,17.68,1968,5,22.95,A6 2011-2015 2.0 TDI Premium Plus,Audi
Jaipur,2012,88000,Diesel,Manual,First,25.44,936,5,1.5,Beat Diesel LT,Chevrolet
Kochi,2012,53537,Petrol,Automatic,First,13.7,1798,5,6.89,Superb Elegance 1.8 TSI AT,Skoda
Chennai,2006,216000,Diesel,Manual,Second,17.8,1399,5,1.45,Fiesta 1.4 TDCi EXI Limited Edition,Ford
Hyderabad,2014,51000,Diesel,Automatic,First,22.48,1995,5,33.5,5 Series 520d Luxury Line,BMW
Jaipur,2007,118500,Petrol,Manual,First,12.9,1598,5,1.25,Optra Magnum 1.6 LS BS3,Chevrolet
Hyderabad,2012,63000,Diesel,Manual,First,22.07,1199,5,4.2,Polo Diesel Highline 1.2L,Volkswagen
Mumbai,2015,25000,Diesel,Manual,First,19.98,1461,8,6.75,Lodgy 110PS RxZ 8 Seater,Renault
Bangalore,2014,37382,Diesel,Automatic,First,13.0,2143,5,32.0,E-Class E250 CDI Avantgrade,Mercedes-Benz
Kochi,2017,24773,Petrol,Manual,First,21.4,1197,5,7.5,Baleno Alpha,Maruti
Delhi,2012,62000,Diesel,Manual,First,22.32,1582,5,4.6,Verna 1.6 SX,Hyundai
Kochi,2017,52340,Petrol,Manual,First,19.81,1086,5,4.04,i10 Magna 1.1,Hyundai
Kochi,2016,56739,Diesel,Manual,First,15.4,1997,7,10.31,Scorpio 1.99 S10 4WD,Mahindra
Chennai,2010,120000,Diesel,Manual,First,20.0,1399,5,2.6,Figo Diesel ZXI,Ford
Mumbai,2016,33000,Diesel,Manual,First,25.47,1248,7,8.5,Ertiga ZDI,Maruti
Kolkata,2014,52000,Diesel,Manual,First,25.8,1498,5,3.5,Amaze S i-Dtech,Honda
Jaipur,2015,43571,Petrol,Manual,First,20.36,1197,5,3.55,i10 Magna,Hyundai
Kolkata,2013,50000,Diesel,Manual,First,25.8,1498,5,3.25,Amaze S i-Dtech,Honda
Hyderabad,2008,113000,Diesel,Manual,First,17.5,1896,5,4.5,Laura Ambiente,Skoda
Delhi,2014,90000,Diesel,Manual,First,19.87,1461,5,5.35,Duster 85PS Diesel RxL,Renault
Chennai,2017,29000,Diesel,Manual,Second,17.45,1493,7,6.5,NuvoSport N6,Mahindra
Mumbai,2016,20000,Diesel,Manual,First,24.3,1248,5,9.0,Vitara Brezza ZDi Plus Dual Tone,Maruti
Kochi,2016,61012,Petrol,Manual,First,18.6,1197,5,6.0,i20 Asta Option 1.2,Hyundai
Jaipur,2009,87459,Petrol,Manual,First,14.7,1390,5,2.75,Fabia 1.4 MPI Ambiente,Skoda
Pune,2010,70500,Petrol,Manual,First,15.64,1193,5,1.5,Indigo eCS GLX,Tata
Delhi,2015,64103,Diesel,Automatic,First,15.73,1968,5,19.9,Q3 2012-2015 35 TDI Quattro Premium Plus,Audi
Mumbai,2014,76000,Petrol,Automatic,First,14.7,1798,5,10.0,Octavia Elegance 1.8 TSI AT,Skoda
Delhi,2014,104000,Diesel,Manual,First,23.59,1364,5,3.0,Etios Liva GD SP,Toyota
Kolkata,2010,42001,Petrol,Manual,First,16.1,1621,5,2.11,Swift 1.3 VXi,Maruti
Kochi,2014,37245,Petrol,Automatic,First,14.8,1595,5,11.96,B Class B180,Mercedes-Benz
Kolkata,2013,45000,Diesel,Manual,First,27.4,1498,5,3.25,Amaze S Diesel,Honda
Jaipur,2012,117837,Diesel,Manual,Second,22.32,1582,5,4.75,Verna 1.6 SX,Hyundai
Mumbai,2014,30000,Diesel,Manual,First,20.46,1461,5,5.95,Duster 85PS Diesel RxL Optional,Renault
Delhi,2015,27057,Petrol,Manual,Second,15.29,1591,5,8.15,Creta 1.6 VTVT S,Hyundai
Mumbai,2016,8500,Petrol,Automatic,First,20.51,998,5,4.22,Wagon R AMT VXI,Maruti
Kolkata,2010,30500,Petrol,Automatic,First,11.74,1796,5,10.5,New C-Class C250 Avantgarde,Mercedes-Benz
Delhi,2012,56000,Diesel,Automatic,First,11.8,2967,5,45.0,A8 L 3.0 TDI quattro,Audi
Pune,2012,44000,Petrol,Manual,Second,19.81,1086,5,2.9,i10 Magna 1.1,Hyundai
Mumbai,2017,10500,Petrol,Automatic,First,14.3,1598,5,8.9,Rapid 1.6 MPI AT Style Black Package,Skoda
Hyderabad,2017,26000,Petrol,Automatic,First,14.67,1798,5,26.0,Superb Style 1.8 TSI AT,Skoda
Coimbatore,2018,25166,Petrol,Manual,First,17.19,1197,5,8.22,i20 Active 1.2 SX,Hyundai
Kolkata,2014,64000,Diesel,Manual,Second,25.8,1498,5,3.5,Amaze VX i-DTEC,Honda
Chennai,2004,61000,Petrol,Manual,Second,18.9,998,5,1.25,Wagon R LXI,Maruti
Hyderabad,2013,107000,Diesel,Manual,First,21.03,1461,5,3.7,Verito 1.5 D4 BSIV,Mahindra
Coimbatore,2018,29161,Diesel,Automatic,First,19.27,2143,5,39.41,New C-Class C 220d Avantgarde Edition C,Mercedes-Benz
Kolkata,2013,32000,Petrol,Manual,First,22.5,998,5,2.65,Wagon R VXI,Maruti
Coimbatore,2015,46173,Diesel,Manual,Second,19.01,1461,5,8.92,Terrano XV Premium 110 PS Anniversary Edition,Nissan
Delhi,2013,47000,Diesel,Manual,First,17.8,1248,5,4.1,Swift VDI BSIV,Maruti
Kochi,2017,26327,Petrol,Automatic,First,16.82,1998,4,35.67,Cooper Convertible S,Mini
Jaipur,2007,200000,Diesel,Manual,Second,17.2,1396,5,0.85,Indica V2 DLS BSII,Tata
Kochi,2016,60813,Petrol,Manual,Second,18.6,1199,5,3.32,Beat LT,Chevrolet
Mumbai,2012,45000,Diesel,Manual,First,22.07,1199,5,3.6,Polo Diesel Comfortline 1.2L,Volkswagen
Hyderabad,2016,64000,Diesel,Manual,First,22.9,1248,5,6.8,Swift ZDi,Maruti
Kolkata,2012,41284,Diesel,Manual,First,20.0,1399,5,2.5,Figo Diesel EXI,Ford
Kochi,2019,14165,Diesel,Automatic,First,11.36,2755,7,19.64,Innova Crysta 2.8 GX AT,Toyota
Mumbai,2011,67000,Diesel,Automatic,Second,11.72,2199,7,7.0,Santa Fe 4x4 AT,Hyundai
Kolkata,2011,32572,Petrol,Manual,First,17.4,1497,5,3.87,City i-VTEC V,Honda
Kochi,2018,14960,Petrol,Manual,First,18.6,1197,5,6.27,i20 1.2 Magna Executive,Hyundai
Kochi,2015,55980,Diesel,Automatic,First,19.27,2143,5,18.12,New C-Class C 220d Avantgarde Edition C,Mercedes-Benz
Mumbai,2013,74000,Diesel,Manual,First,25.44,936,5,2.65,Beat Diesel LT,Chevrolet
Kochi,2015,56847,Diesel,Manual,First,22.54,1396,5,7.2,i20 Sportz 1.4 CRDi,Hyundai
Coimbatore,2015,121374,Diesel,Manual,First,12.99,2494,7,14.3,Innova 2.5 Z Diesel 7 Seater,Toyota
Chennai,2013,52000,Diesel,Manual,First,20.77,1248,7,6.9,Ertiga VDI,Maruti
Mumbai,2014,118000,Diesel,Manual,First,12.8,2494,7,10.75,Innova 2.5 V Diesel 7-seater,Toyota
Mumbai,2007,72000,Petrol,Manual,Third,17.0,1086,5,0.95,Santro Xing XO eRLX Euro II,Hyundai
Kochi,2016,33915,Petrol,Manual,First,17.8,1497,5,8.09,City i VTEC V,Honda
Ahmedabad,2014,82002,Diesel,Automatic,First,17.05,1995,5,18.5,X1 sDrive20d,BMW
Mumbai,2017,33000,Diesel,Manual,First,24.0,1120,5,4.75,Grand i10 CRDi Era,Hyundai
Chennai,2016,34000,Diesel,Manual,First,28.09,1248,5,8.45,Ciaz 1.3 Alpha,Maruti
Kolkata,2012,55000,Diesel,Manual,First,20.5,1598,5,3.5,Rapid Leisure 1.6 TDI MT,Skoda
Kochi,2006,160538,Diesel,Manual,First,13.1,1493,5,1.8,Accent CRDi,Hyundai
Jaipur,2014,60000,Diesel,Manual,Second,19.91,1498,5,3.7,Polo GT 1.5 TDI,Volkswagen
Coimbatore,2017,49575,Petrol,Manual,First,18.7,1199,5,7.17,Jazz 1.2 VX i VTEC,Honda
Jaipur,2010,83000,Petrol,Manual,First,19.81,1086,5,1.75,i10 Era,Hyundai
Kochi,2018,51346,Diesel,Automatic,First,16.38,1995,5,21.99,Tucson 2.0 e-VGT 2WD AT GLS,Hyundai
Pune,2017,43000,Diesel,Manual,First,13.68,2393,7,18.65,Innova Crysta 2.4 ZX MT,Toyota
Jaipur,2011,35000,Petrol,Manual,Third,19.7,796,5,1.85,Omni MPI CARGO BSIII W/ IMMOBILISER,Maruti
Coimbatore,2017,27872,Petrol,Manual,Second,20.4,1197,5,5.95,Swift VXI BSIV,Maruti
Mumbai,2014,16514,Petrol,Manual,First,18.9,1197,5,3.75,Grand i10 Magna,Hyundai
Pune,2012,120000,Diesel,Manual,First,22.9,1248,5,3.75,Swift VDI,Maruti
Hyderabad,2008,143275,Diesel,Manual,First,22.0,1582,5,2.6,Verna CRDi 1.6 SX,Hyundai
Mumbai,2010,52000,Petrol,Manual,First,17.0,1197,5,2.8,i20 1.2 Sportz,Hyundai
Bangalore,2014,57000,Diesel,Manual,Second,15.8,2148,5,18.0,New C-Class C 220 CDI CLASSIC,Mercedes-Benz
Hyderabad,2014,88500,Diesel,Manual,First,23.2,1248,5,4.35,Ritz ZDi,Maruti
Bangalore,2016,28000,Diesel,Manual,First,19.67,1582,5,13.75,Creta 1.6 CRDi SX,Hyundai
Pune,2010,67000,Petrol,Manual,First,19.0,998,5,2.0,A-Star Vxi,Maruti
Delhi,2016,26000,Diesel,Manual,First,19.64,1461,5,10.0,Duster 110PS Diesel RXZ Option,Renault
Delhi,2010,120000,Diesel,Manual,First,17.8,1248,5,1.65,Grande Punto 1.3 Emotion Pack (Diesel),Fiat
Coimbatore,2017,51982,Diesel,Automatic,First,16.55,2993,5,45.77,X3 xDrive30d M Sport,BMW
Bangalore,2010,36000,Petrol,Manual,Second,20.36,1197,5,3.25,i10 Sportz,Hyundai
Pune,2016,47000,Diesel,Manual,First,12.8,2494,7,12.8,Innova 2.5 G4 Diesel 7-seater,Toyota
Mumbai,2002,60000,Petrol,Manual,Third,17.3,993,5,0.55,Zen VXI BSII,Maruti
Hyderabad,2018,31025,Diesel,Manual,First,28.4,1248,5,7.15,Swift VDI,Maruti
Pune,2013,105000,Diesel,Manual,Second,12.05,2179,8,7.0,Scorpio VLX 2.2 mHawk Airbag BSIV,Mahindra
Pune,2017,121900,Diesel,Manual,First,22.95,1248,5,3.75,Zest Quadrajet 1.3 75PS XE,Tata
Mumbai,2017,22695,Petrol,Manual,First,18.88,999,5,8.5,EcoSport 1.0 Ecoboost Titanium Plus,Ford
Jaipur,2012,73000,Diesel,Manual,First,23.4,1248,5,4.35,Swift Dzire ZDI,Maruti
Kochi,2016,32227,Petrol,Manual,First,22.74,796,5,3.26,Alto 800 LXI,Maruti
Jaipur,2011,55000,Petrol,Manual,First,17.0,1497,5,4.21,City 1.5 S MT,Honda
Mumbai,2009,48000,Diesel,Automatic,Second,17.0,1896,5,2.95,Laura 1.9 TDI AT Ambiente,Skoda
Kochi,2012,54308,Petrol,Manual,First,17.1,1591,5,4.28,Verna 1.6 SX VTVT (O),Hyundai
Jaipur,2009,78442,Petrol,Automatic,First,16.8,1497,5,3.57,City 1.5 V AT,Honda
Kolkata,2013,46000,Diesel,Manual,First,21.9,1396,5,3.11,i20 Magna Optional 1.4 CRDi,Hyundai
Coimbatore,2014,45051,Petrol,Automatic,First,15.0,1396,5,5.96,i20 Sportz AT 1.4,Hyundai
Hyderabad,2011,69000,Diesel,Manual,First,20.54,1598,5,4.7,Vento Diesel Highline,Volkswagen
Ahmedabad,2014,49000,Petrol,Manual,First,17.4,1497,5,6.9,City i VTEC VX,Honda
Pune,2018,45000,Diesel,Manual,First,22.95,1248,5,5.25,Zest Quadrajet 1.3 75PS XE,Tata
Pune,2015,64000,Diesel,Automatic,First,18.48,1995,5,28.0,5 Series 2003-2012 520d,BMW
Delhi,2009,60000,Petrol,Manual,First,18.9,1061,5,1.35,Wagon R LXI Minor,Maruti
Delhi,2015,62178,Petrol,Manual,First,18.2,1199,5,4.85,Jazz VX,Honda
Coimbatore,2012,58006,Diesel,Manual,First,15.0,1896,5,6.7,Jetta 2007-2011 2.0 TDI Comfortline,Volkswagen
Hyderabad,2010,74000,Petrol,Manual,First,20.36,1197,5,3.1,i10 Magna 1.2,Hyundai
Kochi,2015,77771,Diesel,Automatic,First,19.27,2143,5,18.64,New C-Class C 220 CDI Avantgarde,Mercedes-Benz
Pune,2012,45275,Petrol,Manual,First,20.36,1197,5,2.8,i10 Magna 1.2 iTech SE,Hyundai
Chennai,2016,48000,Diesel,Manual,First,13.68,2393,7,20.25,Innova Crysta 2.4 ZX MT,Toyota
Kochi,2015,31652,Diesel,Automatic,First,17.68,1968,5,26.78,A6 2011-2015 2.0 TDI Technology,Audi
Hyderabad,2010,109000,Diesel,Manual,Second,12.99,2494,7,8.26,Innova 2.5 VX (Diesel) 7 Seater,Toyota
Mumbai,2015,31978,Petrol,Manual,First,16.47,1198,5,3.89,Polo Petrol Trendline 1.2L,Volkswagen
Hyderabad,2011,70000,Petrol,Manual,First,20.92,998,5,2.1,Alto K10 LXI,Maruti
Mumbai,2017,15000,Petrol,Automatic,First,18.0,1497,5,12.69,City i-VTEC CVT ZX,Honda
Coimbatore,2013,59138,Diesel,Manual,First,17.0,1405,5,2.58,Indigo LX,Tata
Kochi,2014,61726,Diesel,Automatic,First,17.68,1968,5,20.77,A6 2011-2015 2.0 TDI Premium Plus,Audi
Delhi,2015,48000,Diesel,Automatic,First,17.9,2143,5,20.26,GLA Class 200 CDI SPORT,Mercedes-Benz
Kolkata,2011,60020,Diesel,Manual,First,17.8,1248,5,2.5,Swift VDI BSIV,Maruti
Hyderabad,2014,77815,Petrol,Automatic,First,23.1,998,5,4.25,Celerio VXI AT,Maruti
Delhi,2017,44000,Diesel,Automatic,First,12.7,2179,5,44.0,Rover Range Rover HSE Dynamic,Land
Hyderabad,2011,108626,Diesel,Manual,First,20.54,1598,5,3.65,Vento Diesel Trendline,Volkswagen
Hyderabad,2012,71791,Petrol,Manual,First,14.0,796,5,2.05,Omni 8 Seater BSIV,Maruti
Kochi,2012,91931,Petrol,Manual,First,18.5,1198,5,3.13,Brio 1.2 VX MT,Honda
Hyderabad,2000,158000,Diesel,Manual,Second,14.07,2956,7,1.5,Sumo Delux,Tata
Pune,2012,91183,Diesel,Manual,First,18.0,1248,5,2.85,Indica Vista Aura 1.3 Quadrajet,Tata
Delhi,2012,65000,Petrol,Manual,First,18.9,998,5,2.65,Wagon R LXI BS IV,Maruti
Hyderabad,2015,88428,Diesel,Manual,First,16.0,2179,7,10.6,XUV500 W8 4WD,Mahindra
Pune,2008,138000,Diesel,Manual,Second,17.1,1396,5,1.25,Indigo LS Dicor,Tata
Mumbai,2018,18000,Petrol,Manual,First,16.02,1373,7,8.25,Ertiga Paseo VXI,Maruti
Mumbai,2011,60000,Petrol,Automatic,First,11.7,2354,5,4.45,Accord 2.4 A/T,Honda
Kolkata,2012,48000,Diesel,Manual,First,19.3,1248,5,3.7,Swift Dzire VDi,Maruti
Hyderabad,2009,160000,Diesel,Manual,First,17.8,1399,5,2.8,Fiesta EXi 1.4 TDCi Ltd,Ford
Kolkata,2008,40000,Petrol,Manual,First,17.7,1497,5,1.8,City ZX GXi,Honda
Kochi,2014,51495,Diesel,Automatic,First,17.68,1968,5,21.95,A6 2011-2015 2.0 TDI Premium Plus,Audi
Mumbai,2011,30000,Diesel,Automatic,First,9.52,2993,4,49.0,6 Series 640d Gran Coupe,BMW
Pune,2012,83000,Diesel,Manual,First,23.0,1396,5,5.5,i20 1.4 CRDi Asta,Hyundai
Bangalore,2009,37000,Petrol,Automatic,Third,16.95,1197,5,2.95,i10 Sportz AT,Hyundai
Kochi,2016,28503,Petrol,Automatic,First,19.0,1199,5,6.86,Jazz 1.2 V CVT i VTEC,Honda
Hyderabad,2015,76496,Diesel,Manual,First,25.2,1248,5,6.15,Swift VDI BSIV,Maruti
Pune,2011,79152,Petrol,Manual,Second,18.5,1197,5,3.3,i20 Asta 1.2,Hyundai
Kolkata,2011,32000,Petrol,Manual,First,16.47,1198,5,2.55,Polo Petrol Comfortline 1.2L,Volkswagen
Ahmedabad,2009,35000,Petrol,Manual,First,19.7,796,5,1.5,Alto LXi,Maruti
Chennai,2004,105000,Petrol,Automatic,Second,11.3,1794,5,2.5,Corolla H4,Toyota
Chennai,2006,56000,Petrol,Manual,Second,19.7,796,5,1.4,Alto LXi,Maruti
Pune,2012,73000,Diesel,Manual,First,21.12,1248,5,3.4,Manza ELAN Quadrajet BS IV,Tata
Pune,2012,38000,Petrol,Manual,First,19.7,796,5,2.25,Alto LXi,Maruti
Kolkata,2013,775000,Diesel,Automatic,First,19.3,1968,5,7.5,Octavia Ambition Plus 2.0 TDI AT,Skoda
Kolkata,2008,80000,Petrol,Automatic,First,11.3,1794,5,2.8,Corolla H4,Toyota
Coimbatore,2016,24973,Petrol,Manual,First,18.6,1197,5,7.66,i20 Asta Option 1.2,Hyundai
Chennai,2016,45000,Diesel,Manual,First,24.3,1248,5,7.15,Vitara Brezza LDi,Maruti
Delhi,2010,87430,Petrol,Manual,First,17.0,1497,5,3.5,City 1.5 V MT,Honda
Hyderabad,2014,133944,Diesel,Manual,Second,18.0,1248,5,3.5,Indica Vista Aqua 1.3 Quadrajet,Tata
Kolkata,2013,57000,Diesel,Manual,First,25.8,1498,5,3.45,Amaze S i-Dtech,Honda
Coimbatore,2016,27904,Petrol,Manual,First,21.1,814,5,3.55,EON D Lite Plus,Hyundai
Kochi,2015,30717,Diesel,Automatic,Second,21.76,1995,5,25.99,3 Series Luxury Line,BMW
Bangalore,2012,80000,Diesel,Manual,First,22.32,1582,5,5.25,Verna 1.6 SX,Hyundai
Ahmedabad,2013,47304,Diesel,Manual,First,21.02,1248,5,2.9,Manza Club Class Quadrajet90 LS,Tata
Jaipur,2005,100000,Petrol,Automatic,First,14.45,1984,5,2.05,Octavia RS,Skoda
Pune,2017,30000,Petrol,Manual,First,24.07,998,5,3.75,Alto K10 VXI,Maruti
Mumbai,2014,68000,Diesel,Manual,First,22.7,1498,5,6.75,Ecosport 1.5 DV5 MT Titanium Optional,Ford
Kolkata,2011,21000,Petrol,Manual,Second,18.0,995,5,0.95,Spark 1.0 LS,Chevrolet
Jaipur,2007,119000,Petrol,Manual,Third,13.1,1997,5,3.91,CR-V RVi MT,Honda
Kochi,2019,13747,Petrol,Automatic,First,14.67,1798,5,27.3,Superb L&K 1.8 TSI AT,Skoda
Chennai,2009,620000,Petrol,Manual,First,20.36,1197,5,2.7,i10 Magna 1.2,Hyundai
Delhi,2013,70000,Diesel,Manual,First,22.9,1248,5,3.5,Swift LDI,Maruti
Mumbai,2016,18000,Petrol,Automatic,First,18.5,1197,5,6.2,Swift Dzire VXi AT,Maruti
Chennai,2011,83000,Diesel,Manual,First,23.08,1461,5,2.75,Micra Diesel XV,Nissan
Mumbai,2015,130000,Diesel,Manual,First,23.4,1248,5,3.25,Swift Dzire Tour LDI,Maruti
Pune,2012,63400,Diesel,Manual,First,17.8,1399,5,3.25,Fiesta Classic 1.4 Duratorq CLXI,Ford
Kolkata,2003,65000,Petrol,Manual,First,17.3,993,5,0.65,Zen LX,Maruti
Pune,2017,8350,Petrol,Manual,First,13.8,1998,5,35.0,Clubman Cooper S,Mini
Kolkata,2014,45000,Diesel,Manual,First,23.59,1364,5,3.25,Etios GD,Toyota
Kolkata,2018,26200,Petrol,Manual,First,24.7,796,5,2.9,Alto 800 2016-2019 LXI,Maruti
Bangalore,2011,11000,Petrol,Manual,Third,18.9,796,5,2.9,Alto VXi,Maruti
Bangalore,2009,90000,Diesel,Automatic,Second,11.0,2993,5,17.75,X5 3.0d,BMW
Mumbai,2015,74000,Petrol,Automatic,Second,11.07,2496,5,8.25,Teana XV,Nissan
Coimbatore,2015,37081,Petrol,Automatic,First,18.9,1197,5,5.77,Grand i10 AT Asta,Hyundai
Hyderabad,2017,39000,Diesel,Manual,First,24.3,1248,5,9.49,Vitara Brezza ZDi Plus,Maruti
Mumbai,2008,99000,Diesel,Automatic,Third,12.07,2967,7,12.95,Q7 3.0 TDI Quattro Premium Plus,Audi
Chennai,2015,38000,Diesel,Automatic,First,17.9,2143,5,20.0,GLA Class 200 CDI,Mercedes-Benz
Chennai,2007,72000,Petrol,Manual,Third,16.1,796,4,1.0,800 AC,Maruti
Chennai,2015,93000,Diesel,Manual,Second,20.45,1461,5,7.1,Duster 85PS Diesel RxL,Renault
Mumbai,2017,5900,Diesel,Manual,First,21.43,1364,5,16.5,Corolla Altis D-4D GL,Toyota
Chennai,2014,25000,Diesel,Manual,First,15.8,2148,5,26.0,New C-Class 220,Mercedes-Benz
Hyderabad,2010,68000,Diesel,Manual,Second,21.1,1248,5,3.2,Ritz VDi,Maruti
Kochi,2017,35676,Petrol,Automatic,First,16.0,1497,7,9.48,BRV i-VTEC V CVT,Honda
Kochi,2015,74310,Diesel,Manual,First,24.4,1120,5,4.0,Xcent 1.1 CRDi Base,Hyundai
Jaipur,2014,59364,Diesel,Automatic,First,14.21,2143,5,26.5,E-Class 2009-2013 E250 CDI Avantgarde,Mercedes-Benz
Kochi,2014,41380,Petrol,Automatic,Second,14.8,1595,5,11.77,B Class B180,Mercedes-Benz
Bangalore,2017,33900,Diesel,Automatic,First,15.0,2143,5,37.0,E-Class 2015-2017 E250 Edition E,Mercedes-Benz
Mumbai,2016,28000,Petrol,Manual,First,17.8,1497,5,8.75,City i VTEC VX Option,Honda
Hyderabad,2007,50958,Petrol,Manual,First,17.0,1086,5,1.95,Santro Xing XL eRLX Euro III,Hyundai
Chennai,2011,93982,Petrol,Manual,First,17.0,1497,5,3.75,City 1.5 S MT,Honda
Pune,2010,95000,Petrol,Manual,First,16.2,1599,5,2.5,Verna Transform VTVT,Hyundai
Mumbai,2017,9000,Petrol,Automatic,First,13.5,1999,5,34.5,XE Portfolio,Jaguar
Delhi,2015,52516,Petrol,Manual,First,18.0,1198,5,4.65,Amaze S i-Vtech,Honda
Bangalore,2015,20000,Petrol,Automatic,First,18.86,1598,4,32.0,Cooper Convertible 1.6,Mini
Chennai,2014,37000,Petrol,Manual,First,21.1,814,5,3.25,EON Magna Plus,Hyundai
Kolkata,2014,17400,Petrol,Manual,First,20.51,998,5,3.1,Wagon R VXI BS IV,Maruti
Coimbatore,2011,90207,Diesel,Manual,First,21.1,1248,5,3.91,Ritz LDi,Maruti
Chennai,2011,89616,Diesel,Automatic,First,16.07,1995,5,11.0,3 Series 320d Sedan,BMW
Pune,2014,85000,Diesel,Manual,First,13.49,2179,5,3.5,Xenon XT EX 4X2,Tata
Chennai,2014,79271,Diesel,Automatic,First,20.38,1968,5,16.5,A3 35 TDI Attraction,Audi
Hyderabad,2012,56000,Diesel,Automatic,First,12.7,2179,5,30.0,Rover Range Rover 2.2L Dynamic,Land
Pune,2010,85001,Diesel,Automatic,Second,12.0,2987,7,28.0,GL-Class 2007 2012 350 CDI Luxury,Mercedes-Benz
Hyderabad,2018,12000,Diesel,Automatic,First,13.5,2477,7,28.0,Pajero Sport 4X2 AT DualTone BlackTop,Mitsubishi
Jaipur,2010,125000,Petrol,Manual,First,19.7,796,5,0.92,Alto LX,Maruti
Pune,2013,53000,Petrol,Manual,First,14.0,1061,5,2.75,Wagon R LXI BSIII,Maruti
Pune,2011,49768,Petrol,Manual,Second,17.01,1591,5,4.95,Verna 1.6 SX VTVT,Hyundai
Hyderabad,2013,56000,Diesel,Automatic,First,16.73,2993,5,33.5,5 Series 525d Sedan,BMW
Bangalore,2013,75000,Diesel,Automatic,First,14.74,2993,5,27.95,XF Diesel,Jaguar
Hyderabad,2010,57000,Petrol,Automatic,First,13.7,1798,5,7.25,Superb Elegance 1.8 TSI AT,Skoda
Kochi,2017,37542,Diesel,Automatic,First,15.73,1968,5,25.71,Q3 35 TDI Quattro Premium,Audi
Coimbatore,2014,95649,Diesel,Automatic,First,12.7,2179,5,29.67,Rover Range Rover 2.2L Pure,Land
Jaipur,2013,35299,Diesel,Automatic,First,14.84,2143,5,19.0,New C-Class 220 CDI AT,Mercedes-Benz
Kochi,2017,28464,Diesel,Manual,First,15.4,2179,7,13.05,Scorpio S10 4WD,Mahindra
Mumbai,2015,41000,Diesel,Automatic,First,21.76,1995,5,25.5,3 Series Luxury Line,BMW
Pune,2017,9000,Petrol,Manual,First,15.4,1497,7,8.5,BR-V i-VTEC S MT,Honda
Chennai,2010,92098,Diesel,Automatic,Second,16.0,2400,5,7.25,S80 2006-2013 D5,Volvo
Pune,2005,5834,Petrol,Manual,First,13.2,1495,5,0.8,Accent GLE,Hyundai
Jaipur,2017,40250,Petrol,Manual,First,17.19,1197,5,6.9,i20 Active SX Petrol,Hyundai
Kolkata,2015,20800,Petrol,Manual,Second,21.1,814,5,2.25,EON Magna Plus,Hyundai
Kochi,2018,40322,Petrol,Manual,First,18.9,1197,5,5.5,Grand i10 SportZ Edition,Hyundai
Mumbai,2013,52576,Petrol,Manual,First,13.0,1493,5,4.35,City 1.5 EXI S,Honda
Kolkata,2010,55000,Petrol,Manual,First,16.47,1198,5,2.25,Polo Petrol Trendline 1.2L,Volkswagen
Mumbai,2016,47000,Petrol,Automatic,First,15.26,1798,5,24.5,A6 35 TFSI Matrix,Audi
Coimbatore,2017,23163,Petrol,Manual,First,15.29,1591,5,12.03,Creta 1.6 SX Plus Dual Tone Petrol,Hyundai
Mumbai,2011,50000,Petrol,Automatic,Second,11.74,1796,5,8.5,New C-Class C 200 CGI Avantgarde,Mercedes-Benz
Mumbai,2014,11900,Petrol,Automatic,First,16.82,1998,4,28.5,Cooper Convertible S,Mini
Pune,2006,108000,Petrol,Manual,Second,17.0,1086,5,1.2,Santro Xing XO eRLX Euro II,Hyundai
Bangalore,2013,37000,Diesel,Manual,First,23.59,1364,5,5.75,Etios VD,Toyota
Delhi,2014,30000,Petrol,Manual,Second,19.4,1198,5,3.2,Brio S MT,Honda
Coimbatore,2018,12831,Petrol,Automatic,First,21.4,1197,5,9.89,Baleno Alpha Automatic,Maruti
Coimbatore,2012,143017,Diesel,Automatic,First,20.0,1968,5,6.58,Laura Ambiente 2.0 TDI CR AT,Skoda
Kochi,2018,13102,Petrol,Manual,First,21.1,814,5,4.06,EON Era Plus,Hyundai
Coimbatore,2019,24950,Diesel,Manual,First,20.37,1461,5,13.37,Captur 1.5 Diesel RXL,Renault
Coimbatore,2011,57832,Diesel,Automatic,First,16.2,2993,5,25.82,5 Series 2003-2012 GT 530d LE,BMW
Kochi,2016,34267,Petrol,Manual,First,22.74,796,5,3.74,Alto 800 LXI,Maruti
Bangalore,2015,33000,Diesel,Automatic,Second,16.8,1984,5,22.0,V40 D3,Volvo
Ahmedabad,2007,55100,Petrol,Manual,First,18.9,998,5,1.45,Wagon R LXI BSII,Maruti
Kolkata,2008,40000,Petrol,Manual,First,17.7,1497,5,2.0,City ZX GXi,Honda
Kolkata,2014,15000,Petrol,Manual,First,13.7,1399,8,3.75,Enjoy 1.4 LS 8,Chevrolet
Coimbatore,2016,82756,Diesel,Manual,First,15.96,2523,7,7.7,Bolero ZLX,Mahindra
Hyderabad,2014,20600,Petrol,Manual,First,21.1,814,5,2.6,EON D Lite,Hyundai
Coimbatore,2017,29952,Petrol,Automatic,First,13.0,1591,5,13.77,Creta 1.6 SX Plus Petrol Automatic,Hyundai
Mumbai,2017,15000,Petrol,Manual,Second,16.09,1598,5,7.1,Vento 1.6 Comfortline,Volkswagen
Pune,2008,61938,Petrol,Automatic,Second,12.9,1799,5,2.65,Civic 2006-2010 1.8 S AT,Honda
Hyderabad,2014,67000,Diesel,Manual,First,22.3,1248,5,2.5,Indica Vista Quadrajet LS,Tata
Kochi,2013,61672,Diesel,Manual,First,16.0,2179,7,7.53,XUV500 W8 2WD,Mahindra
Coimbatore,2017,26185,Petrol,Manual,First,18.6,1197,5,7.98,i20 1.2 Asta Option,Hyundai
Bangalore,2014,38000,Diesel,Automatic,Second,14.16,1968,5,39.0,Q5 30 TDI quattro Premium Plus,Audi
Chennai,2011,67000,Petrol,Manual,Second,18.5,1197,5,2.25,Ritz VXi,Maruti
Chennai,2010,66000,Petrol,Manual,Second,13.17,1999,5,3.85,Cedia Sports,Mitsubishi
Hyderabad,2015,80883,Diesel,Manual,First,12.8,2494,7,13.5,Innova 2.5 V Diesel 7-seater,Toyota
Hyderabad,2016,80219,Diesel,Manual,First,27.62,793,5,3.5,Celerio LDi,Maruti
Delhi,2018,12923,Diesel,Manual,First,25.1,1248,5,8.92,S-Cross Delta DDiS 200 SH,Maruti
Coimbatore,2016,86642,Diesel,Automatic,First,15.17,1968,5,20.37,Q3 35 TDI Quattro Premium Plus,Audi
Bangalore,2016,19235,Diesel,Automatic,First,21.76,1995,5,36.5,3 Series Luxury Line,BMW
Coimbatore,2016,51002,Diesel,Automatic,First,11.33,4134,7,48.91,Q7 4.2 TDI Quattro Technology,Audi
Pune,2016,6800,Petrol,Manual,First,18.6,1197,5,7.2,i20 2015-2017 Asta 1.2,Hyundai
Hyderabad,2012,82749,Diesel,Manual,First,19.01,1461,5,5.99,Duster 110PS Diesel RxL,Renault
Pune,2016,51000,Diesel,Manual,First,24.4,1120,5,5.25,Xcent 1.1 CRDi S Celebration Edition,Hyundai
Delhi,2014,31465,Diesel,Manual,First,22.7,1498,5,6.5,Ecosport 1.5 DV5 MT Titanium,Ford
Hyderabad,2013,76476,Petrol,Manual,First,16.47,1198,5,4.4,Polo Petrol Trendline 1.2L,Volkswagen
Kolkata,2017,14000,Diesel,Manual,First,24.0,1120,5,4.6,Grand i10 CRDi Magna,Hyundai
Ahmedabad,2013,47000,Diesel,Manual,First,21.12,1248,5,2.95,Manza Aqua Quadrajet BS IV,Tata
Kolkata,2011,48466,Petrol,Manual,First,17.0,1497,5,3.26,City 1.5 V MT,Honda
Bangalore,2008,46000,Petrol,Manual,Second,17.92,1086,5,2.22,Santro Xing GLS,Hyundai
Hyderabad,2012,162663,Diesel,Manual,First,12.99,2494,7,10.5,Innova 2.5 VX (Diesel) 7 Seater,Toyota
Coimbatore,2017,25142,Diesel,Manual,First,28.09,1248,5,8.26,Ciaz 1.3 S,Maruti
Delhi,2013,69000,Diesel,Manual,First,12.55,2982,7,14.45,Fortuner 4x4 MT TRD Sportivo,Toyota
Chennai,2009,80524,Petrol,Manual,Second,15.3,1596,5,2.5,Fiesta 1.6 SXI ABS Duratec,Ford
Chennai,2014,45000,Diesel,Manual,First,15.8,2148,5,23.0,New C-Class 220 CDI MT,Mercedes-Benz
Kolkata,2012,64284,Diesel,Manual,First,17.72,1968,5,5.5,Yeti Ambition 4X2,Skoda
Delhi,2015,27000,Petrol,Manual,First,18.9,1197,5,4.5,Grand i10 Sportz,Hyundai
Hyderabad,2018,3678,Petrol,Manual,First,18.16,1196,5,6.8,Figo 2015-2019 1.2P Titanium MT,Ford
Mumbai,2013,21000,Petrol,Manual,First,16.8,1395,5,8.75,Octavia Ambition 1.4 TSI MT,Skoda
Mumbai,2015,67000,Diesel,Manual,Second,19.87,1461,5,7.0,Duster 85PS Diesel RxL Option,Renault
Delhi,2015,24000,Diesel,Automatic,Second,15.68,1999,5,33.5,Rover Range Rover Evoque 2.0 TD4 Pure,Land
Chennai,2011,75000,Diesel,Manual,Second,20.0,1399,5,2.25,Figo Diesel EXI,Ford
Hyderabad,2008,179000,Diesel,Automatic,Second,12.8,2953,7,4.24,Endeavour Hurricane Limited Edition,Ford
Coimbatore,2017,47198,Diesel,Manual,First,12.55,2982,7,28.42,Fortuner 4x4 MT,Toyota
Kolkata,2012,52000,Diesel,Manual,First,22.07,1199,5,2.75,Polo Diesel Comfortline 1.2L,Volkswagen
Jaipur,2011,91000,Diesel,Manual,First,23.2,1248,5,3.0,Ritz VDi,Maruti
Pune,2013,60000,Diesel,Manual,First,23.08,1461,5,3.55,Micra Diesel XV Premium,Nissan
Kolkata,2013,37873,Diesel,Manual,First,22.32,1582,5,4.8,Verna 1.6 SX,Hyundai
Kolkata,2011,31000,Petrol,Automatic,First,10.8,2497,5,13.5,5 Series 2003-2012 523i,BMW
Hyderabad,2004,78000,Petrol,Automatic,First,12.0,2354,5,3.99,CR-V 2.4L 4WD AT,Honda
Bangalore,2016,32000,Diesel,Automatic,First,17.01,1582,5,15.5,Creta 1.6 CRDi AT SX Plus,Hyundai
Jaipur,2010,59000,Petrol,Manual,Second,19.81,1086,5,2.32,i10 Era,Hyundai
Kochi,2016,35437,Diesel,Automatic,First,20.0,2143,5,18.58,A Class A200 CDI Sport,Mercedes-Benz
Jaipur,2014,98000,Petrol,Manual,First,16.02,1373,7,5.5,Ertiga VXI,Maruti
Chennai,2006,72000,Diesel,Manual,Second,18.7,1896,5,3.2,Octavia Classic 1.9 TDI MT,Skoda
Pune,2015,79000,Petrol,Manual,First,18.0,1198,5,4.0,Amaze VX i-Vtech,Honda
Chennai,2004,29000,Petrol,Manual,First,17.3,993,5,1.6,Zen LXi BSII,Maruti
Kochi,2013,66012,Petrol,Manual,First,15.5,1586,5,4.15,SX4 ZXI MT BSIV,Maruti
Mumbai,2014,35000,Petrol,Automatic,First,16.5,1198,5,4.25,Brio VX AT,Honda
Ahmedabad,2011,75000,Petrol,Manual,First,18.9,998,5,2.6,Wagon R VXI,Maruti
Mumbai,2008,80000,Petrol,Automatic,Second,12.1,2362,5,3.43,Camry A/T,Toyota
Kochi,2012,32717,Petrol,Manual,First,18.6,1199,5,2.55,Beat LS,Chevrolet
Delhi,2017,25000,Diesel,Automatic,First,12.55,2982,7,32.0,Fortuner 4x4 AT,Toyota
Mumbai,2014,79000,Diesel,Manual,First,22.7,1498,5,6.25,Ecosport 1.5 DV5 MT Titanium Optional,Ford
Hyderabad,2010,86000,Diesel,Manual,Second,17.8,1248,5,3.6,Swift Vdi BSIII,Maruti
Pune,2010,137000,Diesel,Automatic,First,13.5,2987,5,18.5,S Class 2005 2013 S 350 CDI,Mercedes-Benz
Mumbai,2015,25000,Petrol,Manual,Second,17.3,1497,7,4.25,Mobilio S i VTEC,Honda
Mumbai,2017,8500,Petrol,Manual,Second,18.9,1197,5,4.8,Grand i10 Sportz,Hyundai
Bangalore,2015,34000,Diesel,Automatic,First,16.0,2179,7,13.0,XUV500 AT W8 FWD,Mahindra
Pune,2012,41629,Petrol,Manual,Second,14.83,1598,5,2.25,Fabia 1.6 MPI Elegance,Skoda
Hyderabad,2009,80227,Petrol,Manual,First,17.92,1086,5,2.3,Santro Xing GLS,Hyundai
Kochi,2019,8587,Petrol,Manual,First,15.29,1591,5,13.56,Creta 1.6 SX Plus Dual Tone Petrol,Hyundai
Delhi,2017,30000,Diesel,Manual,First,15.4,1997,7,12.25,Scorpio 1.99 S8,Mahindra
Pune,2013,64186,Diesel,Manual,First,20.5,1598,5,3.76,Rapid 1.6 TDI Ambition,Skoda
Coimbatore,2015,76427,Diesel,Manual,First,19.01,1461,5,8.58,Duster 110PS Diesel RxZ,Renault
Hyderabad,2011,75000,Diesel,Automatic,First,11.7,2993,5,27.5,X5 xDrive 30d,BMW
Coimbatore,2013,27075,Petrol,Manual,First,17.6,1496,5,4.95,Etios G,Toyota
Ahmedabad,2012,30000,Petrol,Manual,First,22.5,998,5,3.3,Wagon R LXI,Maruti
Chennai,2016,69434,Petrol,Manual,First,15.8,1591,5,8.0,Creta 1.6 SX,Hyundai
Jaipur,2014,56000,Petrol,Manual,First,23.1,998,5,2.79,Celerio VXI,Maruti
Coimbatore,2017,49275,Diesel,Automatic,First,12.7,2179,5,45.64,Rover Range Rover HSE Dynamic,Land
Pune,2014,8700,Petrol,Manual,First,18.6,1199,5,2.55,Beat LT,Chevrolet
Ahmedabad,2014,18000,Petrol,Manual,Second,25.4,624,4,1.0,Nano Twist XT,Tata
Coimbatore,2017,41041,Diesel,Automatic,First,17.68,1968,5,37.56,A6 2011-2015 35 TDI Technology,Audi
Kochi,2009,80464,Diesel,Automatic,Second,11.0,2987,5,9.29,E-Class 280 CDI,Mercedes-Benz
Kochi,2019,20667,Petrol,Manual,First,22.0,1197,5,6.37,Swift VXI,Maruti
Coimbatore,2013,60283,Petrol,Manual,First,14.6,1368,5,2.98,Linea T Jet,Fiat
Kochi,2017,31696,Petrol,Manual,First,20.4,1197,5,5.75,Swift VXI Optional,Maruti
Hyderabad,2010,100000,Diesel,Manual,First,11.5,2982,7,13.0,Fortuner 3.0 Diesel,Toyota
Mumbai,2014,13361,Petrol,Manual,First,16.02,1373,7,6.8,Ertiga ZXI,Maruti
Coimbatore,2010,48394,Petrol,Automatic,First,12.05,1995,5,10.49,3 Series 320i Sedan,BMW
Jaipur,2014,47399,Petrol,Manual,First,16.02,1373,7,5.6,Ertiga VXI,Maruti
Mumbai,2010,69000,Petrol,Automatic,Second,16.8,1497,5,2.85,City 1.5 V AT,Honda
Coimbatore,2013,65278,Diesel,Manual,First,14.66,2199,7,8.36,Santa Fe 4X4,Hyundai
Jaipur,2005,108000,Diesel,Manual,First,17.0,1405,5,1.0,Indigo LS,Tata
Kolkata,2010,50645,Petrol,Automatic,Second,10.93,2497,5,10.75,E-Class 2009-2013 E 250 Elegance,Mercedes-Benz
Hyderabad,2011,130002,Diesel,Manual,First,19.3,1248,5,3.85,Swift Dzire LDi,Maruti
Hyderabad,2012,107000,Diesel,Manual,First,17.8,1399,5,3.0,Fiesta Classic 1.4 Duratorq CLXI,Ford
Coimbatore,2015,41950,Petrol,Automatic,First,18.0,1497,5,9.6,City i VTEC CVT VX,Honda
Delhi,2012,109000,Diesel,Manual,First,13.0,2982,7,13.25,Fortuner 4x2 Manual,Toyota
Mumbai,2016,9000,Petrol,Manual,First,18.0,1198,5,5.75,Amaze VX O i VTEC,Honda
Delhi,2014,43900,Diesel,Manual,First,22.54,1396,5,6.75,i20 Asta 1.4 CRDi,Hyundai
Bangalore,2013,64000,Diesel,Manual,Second,18.2,1248,7,4.85,Enjoy TCDi LTZ 7 Seater,Chevrolet
Mumbai,2009,77652,Petrol,Automatic,First,12.6,1586,5,2.85,SX4 ZXI AT Leather,Maruti
Mumbai,2012,55000,Diesel,Manual,First,12.99,2494,7,9.51,Innova 2.5 VX (Diesel) 7 Seater,Toyota
Ahmedabad,2012,59900,Diesel,Automatic,Second,18.48,1995,5,18.5,5 Series 2003-2012 520d,BMW
Delhi,2015,73539,Diesel,Manual,First,19.01,1461,5,6.75,Duster 110PS Diesel RxZ,Renault
Coimbatore,2017,31645,Diesel,Automatic,First,20.68,1995,5,29.4,X1 sDrive 20d xLine,BMW
Kochi,2009,69690,Petrol,Manual,First,17.7,1497,5,3.29,City ZX GXi,Honda
Delhi,2016,41000,Diesel,Manual,First,28.09,1248,5,9.5,Ciaz RS ZDi Plus SHVS,Maruti
Pune,2010,109200,Petrol,Manual,Second,17.5,1298,5,2.2,Swift Dzire VXi,Maruti
Pune,2012,80000,Diesel,Manual,First,15.1,2179,7,6.5,XUV500 W6 2WD,Mahindra
Ahmedabad,2007,51000,Petrol,Manual,First,13.5,1799,5,4.9,Civic 2006-2010 1.8 S MT,Honda
Pune,2013,105000,Diesel,Manual,Second,25.47,1248,7,6.75,Ertiga ZDI,Maruti
Chennai,2013,179000,Diesel,Manual,First,23.59,1364,5,3.8,Etios Liva GD,Toyota
Hyderabad,2017,31000,Diesel,Manual,First,21.13,1498,5,10.5,Rapid 1.5 TDI Style,Skoda
Hyderabad,2015,50000,Diesel,Manual,First,20.14,1498,5,6.2,Polo 1.5 TDI Highline,Volkswagen
Jaipur,2009,48000,Diesel,Automatic,First,17.0,1896,5,5.0,Laura 1.9 TDI AT Elegance,Skoda
Chennai,2007,35000,Diesel,Manual,First,19.2,1461,5,2.3,Renault Logan 1.5 DLE Diesel,Mahindra
Ahmedabad,2016,100200,Diesel,Automatic,First,11.36,2755,7,17.0,Innova Crysta 2.8 GX AT,Toyota
Bangalore,2014,47000,Diesel,Automatic,First,18.88,1995,5,25.5,3 Series 320d Luxury Line,BMW
Jaipur,2015,63642,Diesel,Manual,First,27.3,1498,5,5.65,Jazz 1.5 S i DTEC,Honda
Kochi,2015,62550,Diesel,Manual,First,25.8,1498,5,5.6,Amaze VX i-DTEC,Honda
Kochi,2015,37340,Diesel,Automatic,First,16.36,2179,5,29.98,XF 2.2 Litre Luxury,Jaguar
Coimbatore,2016,38461,Diesel,Manual,First,26.59,1248,5,7.39,Swift Dzire VDI,Maruti
Jaipur,2018,29000,Diesel,Manual,First,17.1,1956,5,19.0,Compass 2.0 Limited,Jeep
Pune,2010,31000,Petrol,Manual,First,12.5,1794,5,5.0,Corolla Altis 1.8 Sport,Toyota
Kolkata,2011,42086,Petrol,Manual,First,17.0,1497,5,3.35,City 1.5 V MT,Honda
Chennai,2013,49000,Petrol,Manual,First,18.6,1197,5,4.45,Swift ZXI,Maruti
Coimbatore,2019,77240,Diesel,Automatic,First,22.32,1582,5,8.31,Verna 1.6 SX CRDI (O) AT,Hyundai
Jaipur,2012,105000,Diesel,Manual,Second,15.96,2523,7,6.0,Bolero ZLX,Mahindra
Chennai,2014,35000,Diesel,Manual,First,22.9,1248,5,5.25,Swift VDI,Maruti
Chennai,2006,83072,Petrol,Manual,First,17.0,1086,5,1.4,Santro Xing XO,Hyundai
Hyderabad,2012,202082,Diesel,Automatic,First,17.68,1968,5,12.3,A6 2011-2015 2.0 TDI Premium Plus,Audi
Chennai,2004,129000,Petrol,Manual,Third,13.8,1299,5,1.5,Ikon 1.3 LXi NXt,Ford
Coimbatore,2018,33558,Diesel,Manual,First,20.14,1498,5,8.12,Polo 1.5 TDI Highline,Volkswagen
Coimbatore,2012,60271,Diesel,Manual,First,13.6,2523,7,6.12,Bolero VLX CRDe,Mahindra
Coimbatore,2017,45366,Diesel,Manual,First,25.1,1498,5,10.88,City i DTEC VX Option,Honda
Kolkata,2014,9500,Petrol,Manual,First,18.2,1199,5,3.5,Sail Hatchback 1.2 LS,Chevrolet
Kochi,2016,42362,Petrol,Manual,First,18.6,1197,5,6.15,i20 1.2 Spotz,Hyundai
Chennai,2016,21000,Diesel,Automatic,First,17.05,1995,5,33.0,X1 sDrive 20d Sportline,BMW
Mumbai,2012,15200,Diesel,Automatic,First,15.06,1995,5,13.5,X1 sDrive 20d Exclusive,BMW
Mumbai,2015,43690,Diesel,Automatic,First,12.55,2982,7,17.11,Fortuner 4x2 AT,Toyota
Kochi,2014,79926,Diesel,Automatic,First,11.33,4134,7,29.77,Q7 4.2 TDI Quattro Technology,Audi
Kolkata,2013,53073,Diesel,Manual,First,20.77,1248,7,5.95,Ertiga VDI,Maruti
Bangalore,2015,59000,Petrol,Manual,First,18.5,1197,5,5.75,i20 1.2 Magna,Hyundai
Bangalore,2006,47088,Petrol,Automatic,Second,10.13,3498,5,19.0,S Class 2005 2013 S 350 L,Mercedes-Benz
Ahmedabad,2014,55000,Diesel,Manual,First,20.45,1461,5,4.75,Duster 85PS Diesel RxL,Renault
Hyderabad,2013,80430,Diesel,Manual,Second,17.21,1493,7,3.3,Quanto C2,Mahindra
Delhi,2013,71932,Diesel,Automatic,First,12.55,2982,7,16.5,Fortuner 4x2 AT,Toyota
Mumbai,2014,19000,Diesel,Automatic,First,15.97,2993,7,44.0,X5 2014-2019 xDrive 30d Design Pure Experience 7 Seater,BMW
Hyderabad,2011,81759,Diesel,Manual,First,19.3,1248,5,4.39,Swift Dzire VDi,Maruti
Kochi,2018,52010,Diesel,Manual,First,25.2,1248,5,6.2,Swift LDI Optional,Maruti
Kochi,2016,58953,Petrol,Automatic,First,13.53,1984,5,24.22,A6 2011-2015 35 TFSI Technology,Audi
Mumbai,2008,93000,Diesel,Manual,Third,10.5,2835,6,5.45,Pajero 2.8 SFX BSIV Dual Tone,Mitsubishi
Delhi,2016,10000,Diesel,Automatic,First,16.36,2179,5,44.0,XF 2.2 Litre Executive,Jaguar
Coimbatore,2019,40674,Diesel,Automatic,First,11.36,2755,7,24.82,Innova Crysta 2.8 ZX AT,Toyota
Mumbai,2015,50000,Diesel,Automatic,First,19.3,1968,5,11.69,Octavia Ambition 2.0 TDI AT,Skoda
Bangalore,2018,1331,Petrol,Automatic,First,14.28,1798,5,20.0,Corolla Altis VL AT,Toyota
Pune,2010,60000,Petrol,Manual,First,19.7,796,8,1.45,Omni 8 Seater BSII,Maruti
Mumbai,2018,10003,Diesel,Automatic,First,17.9,2143,5,48.5,GLC 220d 4MATIC Style,Mercedes-Benz
Mumbai,2016,25000,Diesel,Automatic,First,21.5,1498,5,9.45,Vento 1.5 TDI Highline AT,Volkswagen
Ahmedabad,2015,73000,Diesel,Manual,First,16.0,2179,7,12.5,XUV500 W10 2WD,Mahindra
Hyderabad,2014,59962,Diesel,Manual,First,20.45,1461,5,6.9,Terrano XL 85 PS,Nissan
Jaipur,2012,72000,Diesel,Manual,Second,22.32,1582,5,5.8,Verna 1.6 SX CRDi (O),Hyundai
Coimbatore,2016,20967,Diesel,Automatic,First,14.69,2993,5,44.56,5 Series 2013-2017 530d M Sport,BMW
Bangalore,2015,35000,Diesel,Manual,Second,15.4,2179,7,8.5,Scorpio S4 Plus,Mahindra
Coimbatore,2017,38056,Diesel,Manual,First,23.9,1582,5,10.7,Verna 1.6 CRDi SX,Hyundai
Pune,2009,94000,Diesel,Automatic,Second,12.07,2967,7,12.0,Q7 3.0 TDI Quattro Premium Plus,Audi
Coimbatore,2010,64236,Petrol,Manual,First,14.7,1150,5,2.44,Aveo U-VA 1.2 LT,Chevrolet
Kolkata,2000,124000,Diesel,Manual,First,13.6,2523,7,1.95,Bolero ZLX BSIII,Mahindra
Mumbai,2014,7400,Petrol,Manual,First,19.1,1197,5,4.35,Xcent 1.2 Kappa S,Hyundai
Hyderabad,2017,52000,Diesel,Manual,First,13.68,2393,8,17.5,Innova Crysta 2.4 GX MT 8S,Toyota
Hyderabad,2015,68764,Petrol,Manual,First,21.1,814,5,2.9,EON Era Plus,Hyundai
Delhi,2013,64000,Diesel,Manual,First,22.07,1199,5,2.9,Polo Diesel Comfortline 1.2L,Volkswagen
Pune,2016,21558,Diesel,Manual,First,24.3,1248,5,8.9,Vitara Brezza ZDi,Maruti
Mumbai,2013,37500,Diesel,Automatic,First,18.88,1995,5,16.75,3 Series 320d Prestige,BMW
Coimbatore,2016,14077,Petrol,Manual,First,21.1,814,5,3.95,EON Sportz,Hyundai
Mumbai,2009,70000,Petrol,Manual,First,17.0,1497,5,2.1,City 1.5 S MT,Honda
Kochi,2011,54316,Petrol,Manual,Second,12.8,2354,5,4.29,Accord 2.4 MT,Honda
Hyderabad,2009,90764,Diesel,Manual,First,14.0,2498,8,3.85,Xylo E8,Mahindra
Chennai,2009,137000,Diesel,Automatic,Second,13.2,1995,5,9.0,3 Series 320d,BMW
Pune,2013,127000,Petrol,Manual,Second,16.8,1497,5,4.5,City V MT,Honda
Kochi,2016,51884,Diesel,Manual,First,16.0,2179,7,12.46,XUV500 W10 2WD,Mahindra
Delhi,2014,67407,Diesel,Manual,First,21.27,1396,5,4.65,i20 Asta 1.4 CRDi,Hyundai
Hyderabad,2014,107825,Diesel,Manual,First,13.0,2982,7,20.5,Fortuner 4x2 Manual,Toyota
Chennai,2006,82453,Diesel,Manual,First,13.6,2523,8,2.9,Bolero DI BSII,Mahindra
Chennai,2007,30441,Petrol,Manual,First,15.9,1298,5,1.45,Esteem Vxi - BSIII,Maruti
Mumbai,2016,11000,Diesel,Automatic,First,20.7,1496,5,29.5,Cooper 5 DOOR D,Mini
Hyderabad,2015,61000,Diesel,Automatic,First,15.73,1968,5,25.0,Q3 35 TDI Quattro Premium,Audi
Delhi,2013,48454,Petrol,Manual,Second,17.0,1197,5,3.5,i20 Sportz Option,Hyundai
Jaipur,2017,37000,Diesel,Manual,First,14.1,2179,7,11.25,Safari Storme VX Varicor 400,Tata
Kochi,2017,32249,Diesel,Manual,First,21.9,1498,7,10.79,BR-V i-DTEC VX MT,Honda
Kolkata,2013,58000,Diesel,Manual,First,19.33,1968,5,5.9,Jetta 2013-2015 2.0L TDI Highline,Volkswagen
Jaipur,2017,28360,Petrol,Manual,First,19.1,1197,5,5.12,Xcent 1.2 Kappa S Option,Hyundai
Mumbai,2017,7000,Petrol,Manual,First,20.89,1197,5,5.7,Ignis 1.2 Alpha,Maruti
Coimbatore,2016,19658,Diesel,Automatic,First,18.12,1995,5,35.84,5 Series 2013-2017 520d Luxury Line,BMW
Hyderabad,2007,92000,Petrol,Manual,First,13.8,1299,5,1.25,Ikon 1.3 CLXi,Ford
Kolkata,2013,25000,Petrol,Manual,First,20.36,1197,5,2.65,i10 Sportz,Hyundai
Coimbatore,2016,37882,Diesel,Manual,First,22.32,1582,5,9.19,Verna 1.6 CRDI,Hyundai
Bangalore,2014,69330,Diesel,Automatic,First,16.07,1995,5,23.5,3 Series 320d Highline,BMW
Delhi,2011,61000,Petrol,Automatic,First,12.3,1796,5,12.5,E-Class 2009-2013 E200 CGI Blue Efficiency,Mercedes-Benz
Kolkata,2010,35000,Petrol,Manual,Second,18.6,1199,5,1.5,Beat Option Pack,Chevrolet
Jaipur,2009,82000,Diesel,Manual,Second,13.5,1405,5,0.75,Indica DLS,Tata
Delhi,2012,72450,Diesel,Manual,First,15.1,2179,7,8.1,XUV500 W8 2WD,Mahindra
Jaipur,2017,36381,Diesel,Manual,First,28.09,1248,5,9.75,Ciaz ZDi Plus SHVS,Maruti
Coimbatore,2017,25559,Diesel,Automatic,First,19.71,2143,5,37.93,New C-Class C 250 CDI Avantgarde,Mercedes-Benz
Chennai,2005,100000,Petrol,Automatic,Third,16.4,1497,5,1.96,City ZX CVT,Honda
Jaipur,2015,94000,Diesel,Automatic,First,11.5,2982,7,20.5,Fortuner 4x2 4 Speed AT,Toyota
Bangalore,2011,64357,Petrol,Manual,First,24.07,998,5,2.75,Alto K10 VXI,Maruti
Chennai,2009,47000,Diesel,Manual,First,21.9,1396,5,2.8,i20 1.4 Magna ABS,Hyundai
Mumbai,2017,18000,Petrol,Automatic,First,16.0,1497,7,9.25,BRV i-VTEC V CVT,Honda
Chennai,2007,89000,Petrol,Manual,First,13.4,1794,5,3.0,Corolla Executive (HE),Toyota
Coimbatore,2014,49964,Diesel,Automatic,First,17.68,1968,5,23.89,A6 2011-2015 2.0 TDI Premium Plus,Audi
Mumbai,2014,35000,Diesel,Manual,First,12.99,2494,7,12.75,Innova 2.5 ZX Diesel 7 Seater BSIII,Toyota
Jaipur,2014,64000,Diesel,Manual,First,24.0,1120,5,4.15,Grand i10 CRDi Sportz,Hyundai
Mumbai,2013,36000,Petrol,Automatic,First,14.8,1598,5,4.65,Vento IPL II Petrol Highline AT,Volkswagen
Delhi,2012,78600,Diesel,Manual,First,12.8,2494,7,8.9,Innova 2.5 VX (Diesel) 7 Seater BS IV,Toyota
Jaipur,2008,170000,Diesel,Manual,Second,16.8,1493,5,1.5,Verna CRDi SX,Hyundai
Pune,2015,65000,Diesel,Manual,Second,23.2,1248,5,3.27,Ritz VDi,Maruti
Pune,2008,120300,Diesel,Automatic,Second,12.07,2967,7,18.0,Q7 3.0 TDI Quattro Technology,Audi
Pune,2016,21000,Petrol,Manual,First,18.6,1197,5,6.3,i20 Asta Option 1.2,Hyundai
Coimbatore,2017,18108,Diesel,Manual,First,24.3,1248,5,11.31,Vitara Brezza ZDi Plus Dual Tone,Maruti
Pune,2014,58407,Petrol,Manual,First,17.4,1497,5,6.16,City i VTEC S,Honda
Pune,2014,49500,Petrol,Manual,First,20.73,1373,5,6.0,Ciaz ZXi,Maruti
Kochi,2013,37199,Petrol,Automatic,First,17.5,1498,5,5.43,Sunny XV CVT,Nissan
Hyderabad,2012,62000,Diesel,Manual,First,22.07,1199,5,4.65,Polo Diesel Highline 1.2L,Volkswagen
Hyderabad,2015,59000,Diesel,Manual,First,20.77,1248,7,7.5,Ertiga ZDI,Maruti
Jaipur,2015,60000,Diesel,Manual,First,26.59,1248,5,6.25,Swift Dzire VDI,Maruti
Bangalore,2007,39037,Diesel,Automatic,First,14.84,2143,5,9.25,New C-Class C 220 CDI Elegance AT,Mercedes-Benz
Mumbai,2013,17003,Petrol,Manual,First,19.4,1198,5,3.15,Brio S MT,Honda
Hyderabad,2008,80400,Petrol,Manual,First,16.0,1086,5,2.3,i10 Magna Optional 1.1L,Hyundai
Jaipur,2012,75200,Diesel,Manual,First,22.32,1582,5,5.25,Verna 1.6 SX CRDi (O),Hyundai
Kochi,2017,41217,Diesel,Manual,First,28.09,1248,5,7.4,Ciaz VDI SHVS,Maruti
Pune,2006,98293,Petrol,Manual,Second,13.8,1299,5,1.55,Ikon 1.3 Flair,Ford
Pune,2017,54000,Petrol,Manual,Second,16.2,1199,5,6.0,Polo 1.2 MPI Highline,Volkswagen
Chennai,2016,17377,Petrol,Manual,First,18.7,1199,5,5.9,Jazz 1.2 V i VTEC,Honda
Bangalore,2013,33800,Diesel,Manual,Second,25.8,1498,5,4.7,Amaze EX i-Dtech,Honda
Hyderabad,2015,86157,Diesel,Manual,First,22.54,1396,5,6.5,i20 Asta 1.4 CRDi,Hyundai
Hyderabad,2012,146824,Diesel,Manual,First,21.1,1248,5,3.55,Ritz VDi,Maruti
Chennai,2014,55000,Petrol,Manual,First,16.8,1497,5,7.1,City V MT,Honda
Hyderabad,2010,53293,Petrol,Manual,First,13.14,1798,5,6.0,Superb 1.8 TSI MT,Skoda
Pune,2017,38000,Diesel,Manual,First,24.3,1248,5,7.99,Vitara Brezza LDi Option,Maruti
Bangalore,2009,64000,Petrol,Manual,Second,17.0,1197,5,4.1,i20 Asta,Hyundai
Hyderabad,2017,25058,Petrol,Automatic,First,24.07,998,5,3.95,Alto K10 VXI AGS,Maruti
Kochi,2016,36700,Petrol,Manual,First,21.1,814,5,4.38,EON Era Plus,Hyundai
Mumbai,2011,35000,Petrol,Manual,First,20.36,1197,5,2.75,i10 Sportz,Hyundai
Hyderabad,2014,48000,Diesel,Automatic,First,18.53,1968,5,29.0,A6 2.0 TDI Design Edition,Audi
Bangalore,2013,62084,Diesel,Manual,First,22.77,1498,5,6.6,EcoSport 1.5 TDCi Titanium,Ford
Kolkata,2012,39273,Diesel,Automatic,First,14.3,1968,5,6.99,Passat Highline DSG,Volkswagen
Bangalore,2017,64798,Diesel,Manual,First,13.68,2393,7,18.75,Innova Crysta 2.4 ZX MT,Toyota
Jaipur,2010,100002,Diesel,Manual,Third,20.0,1399,5,1.28,Figo Diesel ZXI,Ford
Pune,2006,78000,Petrol,Manual,Third,14.49,1399,5,1.2,Aveo 1.4,Chevrolet
Coimbatore,2013,57717,Petrol,Manual,First,18.5,1197,5,4.31,Ritz LXi,Maruti
Chennai,2011,109000,Diesel,Automatic,First,12.39,2179,5,16.5,Rover Freelander 2 SE,Land
Coimbatore,2017,74515,Petrol,Manual,First,18.9,1197,5,5.64,Grand i10 Asta,Hyundai
Coimbatore,2017,50484,Diesel,Automatic,First,10.91,3198,7,31.12,Endeavour 3.2 Trend AT 4X4,Ford
Kochi,2013,13452,Diesel,Automatic,First,12.8,1968,5,25.46,Q5 2008-2012 2.0 TDI,Audi
Kochi,2017,37688,Petrol,Manual,First,17.01,1591,5,7.88,Verna 1.6 VTVT,Hyundai
Chennai,2017,34000,Diesel,Automatic,First,13.0,2143,5,36.0,E-Class 2015-2017 E250 CDI Avantgarde,Mercedes-Benz
Pune,2008,64000,Petrol,Manual,Second,17.5,1298,5,2.85,Swift Dzire ZXi,Maruti
Delhi,2011,100000,Petrol,Manual,First,13.0,1343,5,3.5,City 1.3 EXI S,Honda
Jaipur,2014,75000,Diesel,Manual,First,20.46,1461,5,7.5,Duster 85PS Diesel RxL Optional,Renault
Hyderabad,2012,86000,Diesel,Automatic,First,14.84,2143,5,19.0,New C-Class 220 CDI AT,Mercedes-Benz
Kochi,2015,41721,Petrol,Manual,First,19.1,1197,5,4.7,Xcent 1.2 Kappa SX Option,Hyundai
Hyderabad,2017,13000,Petrol,Automatic,First,22.0,1197,5,8.5,Dzire AMT ZXI Plus,Maruti
Kolkata,2013,38998,Diesel,Automatic,First,16.07,1995,4,17.0,3 Series 320d Corporate Edition,BMW
Kochi,2017,54250,Petrol,Manual,First,22.74,796,5,3.51,Alto 800 LXI,Maruti
Bangalore,2013,45979,Diesel,Automatic,Second,17.11,1968,5,19.5,A4 2.0 TDI 177 Bhp Premium Plus,Audi
Pune,2012,37000,Petrol,Automatic,Second,13.6,1598,4,17.0,Cooper S,Mini
Coimbatore,2015,46983,Diesel,Automatic,Second,12.07,2967,7,43.35,Q7 3.0 TDI Quattro Premium Plus,Audi
Bangalore,2012,40700,Diesel,Manual,First,25.44,936,5,2.65,Beat Diesel LT,Chevrolet
Kochi,2015,43828,Petrol,Manual,First,20.51,998,5,3.52,Wagon R LXI BS IV,Maruti
Kolkata,2016,53000,Diesel,Manual,First,19.01,1461,5,6.25,Terrano XV Premium 110 PS,Nissan
Ahmedabad,2015,100000,Diesel,Automatic,First,18.88,1995,5,24.75,3 Series 320d Luxury Plus,BMW
Mumbai,2015,19000,Petrol,Manual,First,20.85,1197,5,5.25,Swift Dzire VXI,Maruti
Jaipur,2016,84000,Diesel,Manual,First,17.72,1968,5,11.0,Yeti Elegance 4X2,Skoda
Kochi,2018,37630,Petrol,Automatic,First,15.63,1499,5,9.1,EcoSport 1.5 Ti VCT AT Titanium,Ford
Chennai,2010,67714,Petrol,Manual,First,18.5,1197,5,3.25,i20 1.2 Magna,Hyundai
Pune,2017,32000,Diesel,Manual,First,15.0,1248,5,8.5,S Cross DDiS 200 Sigma Option,Maruti
Pune,2010,51000,Petrol,Manual,First,16.2,1599,5,3.1,Verna Transform VTVT,Hyundai
Kochi,2015,58390,Diesel,Automatic,First,18.88,1995,5,19.86,3 Series 320d Luxury Line,BMW
Kolkata,2017,14000,Diesel,Manual,First,24.0,1186,5,4.9,Grand i10 1.2 CRDi Magna,Hyundai
Delhi,2014,55818,Petrol,Manual,Second,17.4,1497,5,5.7,City i-VTEC V,Honda
Chennai,2006,97800,Petrol,Manual,Third,16.1,1621,5,1.75,Swift 1.3 VXi,Maruti
Kolkata,2012,52241,Diesel,Manual,First,25.2,1248,5,2.9,Swift VDI BSIV,Maruti
Coimbatore,2018,25433,Diesel,Manual,First,27.39,1248,5,7.83,Baleno Zeta 1.3,Maruti
Kochi,2015,40611,Diesel,Manual,First,14.0,2179,7,8.15,Safari Storme 2012-2015 LX,Tata
Bangalore,2008,72000,Petrol,Manual,Second,13.2,1495,5,2.0,Accent GLS,Hyundai
Hyderabad,2016,54631,Diesel,Manual,First,25.2,1248,5,6.25,Swift LDI SP Limited Edition,Maruti
Bangalore,2007,60000,Diesel,Manual,Second,17.8,1248,5,3.4,Swift VDI BSIV,Maruti
Coimbatore,2016,24941,Petrol,Automatic,First,21.9,624,4,3.19,Nano XTA,Tata
Ahmedabad,2017,63939,Diesel,Manual,First,25.47,1248,7,7.75,Ertiga VDI,Maruti
Delhi,2014,35214,Petrol,Automatic,Second,23.1,998,5,3.2,Celerio VXI AMT,Maruti
Delhi,2015,63000,Diesel,Manual,First,25.2,1248,5,4.9,Swift VDI BSIV,Maruti
Kochi,2012,121377,Petrol,Manual,First,15.04,1598,5,3.8,Vento Petrol Highline,Volkswagen
Chennai,2009,100970,Diesel,Automatic,First,15.5,1896,5,4.0,Jetta 2007-2011 1.9 Highline TDI,Volkswagen
Hyderabad,2014,60000,Diesel,Automatic,Second,20.7,1496,5,23.5,Cooper 5 DOOR D,Mini
Chennai,2008,77650,Diesel,Manual,First,17.2,1396,5,1.15,Indica V2 DLS,Tata
Hyderabad,2007,71297,Petrol,Manual,First,17.0,1086,5,2.2,Santro Xing XO,Hyundai
Bangalore,2015,18955,Petrol,Automatic,First,18.0,1497,5,10.65,City i-VTEC CVT VX,Honda
Coimbatore,2016,47877,Diesel,Automatic,First,16.36,2179,5,35.68,XF 2.2 Litre Luxury,Jaguar
Kochi,2017,43368,Diesel,Automatic,First,15.0,2143,5,31.94,E-Class 2015-2017 E250 Edition E,Mercedes-Benz
Chennai,2011,73000,Diesel,Manual,Third,18.3,1991,5,4.2,Cruze LTZ,Chevrolet
Ahmedabad,2015,72007,Diesel,Manual,First,15.1,2179,7,9.9,XUV500 W8 2WD,Mahindra
Kochi,2014,56778,Petrol,Automatic,First,11.74,1796,5,15.46,New C-Class C 200 CGI Avantgarde,Mercedes-Benz
Kochi,2018,20024,Petrol,Manual,First,18.2,1199,5,8.46,Jazz VX,Honda
Kolkata,2013,42103,Petrol,Manual,First,16.78,1496,5,3.25,Etios G,Toyota
Hyderabad,2012,67147,Petrol,Manual,First,19.7,796,5,2.6,Alto LXi BSIII,Maruti
Coimbatore,2016,37806,Petrol,Manual,First,20.4,1197,5,5.2,Swift VXI BSIV,Maruti
Pune,2009,85000,Petrol,Manual,Third,19.0,998,5,1.8,A-Star Vxi,Maruti
Chennai,2011,35000,Petrol,Manual,First,25.4,624,4,1.6,Nano Lx BSIV,Tata
Kolkata,2015,72035,Diesel,Manual,First,25.5,1498,5,2.5,Figo Titanium Diesel,Ford
Jaipur,2011,48500,Petrol,Manual,First,16.0,1368,5,2.5,Linea Emotion,Fiat
Coimbatore,2017,28854,Petrol,Manual,First,18.16,1196,5,6.7,Figo Aspire 1.2 Ti-VCT Trend,Ford
Hyderabad,2005,92450,Petrol,Manual,First,15.4,1590,5,1.2,Baleno LXI,Maruti
Coimbatore,2016,14351,Diesel,Automatic,First,18.88,1995,5,35.55,3 Series 320d Luxury Line,BMW
Jaipur,2017,51087,Diesel,Manual,First,17.9,1998,5,7.75,Cruze LTZ,Chevrolet
Chennai,2005,50000,Diesel,Manual,First,12.7,2609,8,1.94,Scorpio 2.6 DX,Mahindra
Hyderabad,2016,73000,Diesel,Manual,First,25.0,1396,5,2.2,Indica V2 eLS,Tata
Ahmedabad,2011,60000,Diesel,Automatic,First,18.1,1991,4,3.8,Cruze LTZ AT,Chevrolet
Chennai,2016,50000,Diesel,Manual,First,12.8,2494,8,15.65,Innova 2.5 V Diesel 8-seater,Toyota
Coimbatore,2018,36797,Diesel,Automatic,First,19.27,2143,5,39.47,New C-Class C 220d Avantgarde Edition C,Mercedes-Benz
Kolkata,2011,50000,Petrol,Manual,Second,18.5,1197,5,1.5,Ritz VXi,Maruti
Ahmedabad,2013,94000,Diesel,Manual,First,12.8,2494,8,8.85,Innova 2.5 GX (Diesel) 8 Seater BS IV,Toyota
Bangalore,2013,74000,Diesel,Manual,Second,12.55,2982,7,17.9,Fortuner 4x4 MT,Toyota
Coimbatore,2014,41016,Petrol,Automatic,Second,16.95,1197,5,5.08,i10 Sportz AT,Hyundai
Bangalore,2012,67000,Diesel,Manual,First,22.32,1582,5,6.25,Verna 1.6 SX,Hyundai
Bangalore,2015,76927,Diesel,Automatic,First,15.73,1968,5,22.75,Q3 2012-2015 35 TDI Quattro Premium Plus,Audi
Kolkata,2010,17088,Petrol,Manual,First,18.6,1199,5,1.46,Beat LS,Chevrolet
Pune,2007,112808,Diesel,Manual,Second,17.8,1399,5,2.05,Fiesta 1.4 Duratorq ZXI,Ford
Coimbatore,2014,74980,Diesel,Manual,First,20.0,1399,5,4.08,Figo Diesel EXI,Ford
Hyderabad,2014,44600,Petrol,Automatic,First,23.1,998,5,4.55,Celerio VXI AT,Maruti
Mumbai,2013,37000,Diesel,Automatic,First,20.0,2143,5,14.0,A Class A180 CDI,Mercedes-Benz
Ahmedabad,2016,21000,Petrol,Manual,First,15.8,1591,5,10.9,Creta 1.6 SX,Hyundai
Bangalore,2010,81245,Petrol,Manual,First,18.9,998,5,2.45,Wagon R VXI BS IV,Maruti
Delhi,2013,70000,Diesel,Automatic,First,10.0,2148,5,15.8,E-Class 2009-2013 E 220 CDI Avantgarde,Mercedes-Benz
Mumbai,2017,4018,Petrol,Manual,First,18.88,1499,5,8.25,EcoSport 1.5 Ti VCT MT Titanium BE,Ford
Delhi,2013,70000,Diesel,Automatic,Second,13.73,1995,5,8.5,Koleos 2.0 Diesel,Renault
Coimbatore,2016,56532,Diesel,Manual,First,16.0,2179,7,15.54,XUV500 W10 2WD,Mahindra
Hyderabad,2013,26875,Petrol,Manual,First,16.8,796,8,2.35,Omni E 8 Str STD,Maruti
Coimbatore,2015,72599,Petrol,Manual,First,22.5,998,5,4.32,Wagon R VXI,Maruti
Jaipur,2008,205000,Diesel,Manual,Second,13.1,2499,7,3.9,Endeavour XLT TDCi 4X2,Ford
Hyderabad,2011,98000,Diesel,Manual,Second,22.32,1582,5,5.2,Verna 1.6 SX,Hyundai
Mumbai,2018,19500,Petrol,Manual,First,18.6,1197,5,5.85,i20 Magna 1.2,Hyundai
Bangalore,2013,68000,Petrol,Manual,Second,16.02,1373,7,6.25,Ertiga ZXI,Maruti
Coimbatore,2019,19654,Diesel,Automatic,First,14.0,2179,7,17.63,XUV500 W9 AT,Mahindra
Mumbai,2017,26000,Diesel,Manual,First,23.65,1248,5,9.75,SX4 S Cross DDiS 200 Zeta,Maruti
Hyderabad,2011,75020,Diesel,Manual,First,22.07,1199,5,4.1,Polo Diesel Comfortline 1.2L,Volkswagen
Hyderabad,2011,157000,Diesel,Manual,First,12.55,2982,7,11.99,Fortuner 4x4 MT,Toyota
Kochi,2017,43773,Diesel,Manual,First,16.0,2179,7,13.54,XUV500 W10 2WD,Mahindra
Chennai,2016,23280,Petrol,Manual,First,18.7,1199,5,6.5,Jazz 1.2 VX i VTEC,Honda
Pune,2013,88000,Diesel,Manual,First,23.4,1248,5,4.75,Swift Dzire VDI,Maruti
Hyderabad,2014,67000,Petrol,Manual,First,17.01,1591,5,5.6,Verna 1.6 SX VTVT,Hyundai
Coimbatore,2017,59636,Diesel,Automatic,First,10.91,3198,7,29.2,Endeavour 3.2 Titanium AT 4X4,Ford
Kolkata,2018,11000,Petrol,Manual,First,18.6,1197,5,6.35,i20 1.2 Asta Option,Hyundai
Mumbai,2013,60669,Petrol,Manual,First,16.8,1497,5,4.95,City 1.5 V MT Sunroof,Honda
Hyderabad,2018,12000,Diesel,Manual,First,27.4,1498,5,8.5,Amaze VX Diesel,Honda
Kolkata,2013,35000,Petrol,Manual,First,17.1,1591,5,4.5,Verna 1.6 SX VTVT (O),Hyundai
Chennai,2015,65000,Diesel,Manual,First,24.2,1498,7,5.5,Mobilio S i DTEC,Honda
Kochi,2013,39929,Diesel,Manual,First,20.77,1248,7,6.56,Ertiga ZDI,Maruti
Pune,2014,49000,Petrol,Manual,First,24.07,998,5,2.3,Alto K10 LXI,Maruti
Pune,2004,77757,Diesel,Manual,Second,13.1,2446,10,3.5,Qualis FS B2,Toyota
Kochi,2016,21456,Petrol,Manual,First,20.36,1197,5,4.55,i10 Sportz,Hyundai
Bangalore,2009,74000,Diesel,Automatic,Second,17.0,1896,5,7.75,Laura 1.9 TDI AT Ambiente,Skoda
Mumbai,2015,37000,Petrol,Manual,Second,18.6,1197,5,5.25,i20 Asta Option 1.2,Hyundai
Coimbatore,2013,108640,Diesel,Automatic,First,11.5,2993,5,23.29,5 Series 2003-2012 530d Highline,BMW
Mumbai,2016,38000,Diesel,Automatic,First,22.69,1995,5,23.99,3 Series 320d M Sport,BMW
Pune,2010,80000,Petrol,Manual,First,14.49,1399,5,1.79,Aveo 1.4 LT ABS BSIV,Chevrolet
Mumbai,2011,47000,Diesel,Automatic,Second,14.21,2143,5,13.9,E-Class 2009-2013 E250 CDI Elegance,Mercedes-Benz
Kolkata,2013,31000,Diesel,Automatic,First,17.68,1968,5,18.95,A6 2011-2015 2.0 TDI Premium Plus,Audi
Kolkata,2014,40000,Petrol,Manual,First,20.51,998,5,2.49,Wagon R LXI BS IV,Maruti
Jaipur,2016,4152,Petrol,Manual,First,25.17,799,5,3.15,KWID RXT,Renault
Mumbai,2017,51000,Diesel,Manual,First,21.66,1498,5,6.45,Ameo 1.5 TDI Highline,Volkswagen
Ahmedabad,2013,55000,Diesel,Manual,First,22.07,1199,5,4.25,Polo Diesel Comfortline 1.2L,Volkswagen
Hyderabad,2014,58500,Petrol,Manual,First,22.74,796,5,2.75,Alto 800 LXI,Maruti
Kochi,2017,58620,Petrol,Manual,First,18.6,1197,5,7.14,i20 Asta Option 1.2,Hyundai
Mumbai,2012,29605,Petrol,Manual,First,18.3,1197,5,2.44,Etios Liva G,Toyota
Jaipur,2012,71172,Petrol,Manual,Third,17.0,1197,5,3.5,i20 1.2 Sportz,Hyundai
Chennai,2017,12000,Diesel,Manual,First,22.54,1396,5,7.3,i20 1.4 Asta,Hyundai
Kolkata,2014,25000,Petrol,Manual,First,20.51,998,5,2.75,Wagon R LXI Optional,Maruti
Bangalore,2017,43000,Diesel,Manual,Second,22.54,1396,5,8.2,i20 1.4 Asta Option,Hyundai
Mumbai,2015,57022,Petrol,Automatic,First,17.21,1197,5,6.51,Polo GT TSI,Volkswagen
Pune,2015,92000,Diesel,Manual,First,20.0,1399,5,4.25,Figo Diesel Titanium,Ford
Coimbatore,2014,33372,Petrol,Manual,Second,18.6,1197,5,6.21,Swift ZXI,Maruti
Kochi,2016,52625,Diesel,Manual,First,24.0,1120,5,4.58,Grand i10 CRDi Magna,Hyundai
Chennai,2016,215000,Diesel,Manual,First,14.02,2179,7,7.5,Xylo H4,Mahindra
Coimbatore,2014,60138,Petrol,Manual,First,19.81,1086,5,4.09,i10 Magna 1.1,Hyundai
Mumbai,2014,84000,Diesel,Automatic,First,19.3,1968,5,10.75,Octavia Elegance 2.0 TDI AT,Skoda
Mumbai,2014,47000,Diesel,Automatic,First,15.97,2993,7,41.5,X5 2014-2019 xDrive 30d Design Pure Experience 7 Seater,BMW
Hyderabad,2014,33450,Petrol,Automatic,First,23.1,998,5,4.4,Celerio VXI AT,Maruti
Jaipur,2013,125000,Diesel,Manual,Second,20.54,1598,5,6.25,Vento Diesel Comfortline,Volkswagen
Pune,2011,99606,Diesel,Automatic,Second,16.07,1995,5,10.5,3 Series 320d Highline,BMW
Mumbai,2014,64000,Diesel,Manual,First,20.77,1248,7,7.25,Ertiga ZDI,Maruti
Hyderabad,2013,51000,Diesel,Manual,First,20.0,1399,5,3.2,Figo Diesel ZXI,Ford
Mumbai,2014,57000,Petrol,Manual,First,16.47,1198,5,3.95,Polo 1.2 MPI Highline,Volkswagen
Coimbatore,2009,48040,Diesel,Automatic,Second,16.77,2967,5,12.07,A6 3.0 TDI quattro,Audi
Pune,2017,43200,Diesel,Manual,First,13.68,2393,7,18.6,Innova Crysta 2.4 ZX MT,Toyota
Delhi,2013,66000,Diesel,Automatic,First,22.32,1582,5,5.7,Verna 1.6 CRDi EX AT,Hyundai
Kolkata,2013,31000,Petrol,Manual,First,17.92,1086,5,1.75,Santro Xing GL Plus,Hyundai
Delhi,2011,46000,Diesel,Automatic,Second,16.55,1968,5,10.99,A4 2.0 TDI,Audi
Kolkata,2012,47346,Diesel,Automatic,First,16.55,1968,5,14.5,A4 2.0 TDI,Audi
Jaipur,2009,100000,Diesel,Manual,First,17.0,1896,5,3.11,Laura 1.9 TDI MT Ambiente,Skoda
Coimbatore,2015,63856,Petrol,Automatic,First,13.7,1997,5,13.96,CR-V 2.0L 2WD AT,Honda
Coimbatore,2015,72996,Diesel,Manual,First,22.32,1582,5,7.11,Verna 1.6 SX CRDi (O),Hyundai
Chennai,2014,23000,Diesel,Manual,First,24.5,1498,7,6.9,Mobilio RS i DTEC,Honda
Coimbatore,2018,15985,Petrol,Manual,First,18.6,1197,5,7.77,i20 1.2 Asta Option,Hyundai
Kolkata,2011,98000,Diesel,Manual,Second,12.8,2494,8,5.5,Innova 2.5 G (Diesel) 7 Seater BS IV,Toyota
Hyderabad,2014,70089,Petrol,Manual,First,18.6,1197,5,5.35,i20 Magna 1.2,Hyundai
Chennai,2011,99000,Diesel,Manual,Second,13.6,2523,7,4.5,Bolero VLX BS IV,Mahindra
Jaipur,2014,72000,Diesel,Manual,First,20.34,1498,5,4.75,Vento 1.5 TDI Comfortline,Volkswagen
Coimbatore,2015,44194,Diesel,Automatic,First,16.36,2179,5,32.8,XF 2.2 Litre Luxury,Jaguar
Mumbai,2005,102000,Petrol,Manual,First,17.3,993,5,0.7,Zen LXi - BS III,Maruti
Mumbai,2010,41650,Diesel,Manual,Second,11.5,2982,7,10.99,Fortuner 3.0 Diesel,Toyota
Coimbatore,2015,61717,Petrol,Automatic,First,18.9,1197,5,5.57,Grand i10 AT Asta,Hyundai
Jaipur,2018,25302,Diesel,Manual,First,25.4,1186,5,5.9,Xcent 1.2 CRDi S,Hyundai
Coimbatore,2016,47016,Petrol,Manual,First,15.29,1591,5,9.43,Creta 1.6 VTVT S,Hyundai
Bangalore,2010,69000,Petrol,Manual,First,20.36,1197,5,2.9,i10 Sportz,Hyundai
Delhi,2016,32700,Petrol,Manual,First,19.4,1198,5,3.68,Brio S MT,Honda
Coimbatore,2015,101337,Diesel,Automatic,First,12.55,2982,7,21.67,Fortuner 4x2 AT,Toyota
Ahmedabad,2011,59000,Diesel,Automatic,First,16.55,1968,5,12.5,A4 2.0 TDI Multitronic,Audi
Kochi,2018,41736,Diesel,Automatic,First,11.36,2755,7,19.92,Innova Crysta 2.8 ZX AT,Toyota
Jaipur,2014,71649,Diesel,Manual,First,25.1,1498,5,6.75,City i DTEC VX,Honda
Kochi,2015,80606,Diesel,Manual,First,25.1,1498,5,6.96,City i DTEC VX,Honda
Jaipur,2017,63262,Petrol,Manual,First,21.7,999,5,3.25,KWID 1.0 RXT Optional,Renault
Hyderabad,2018,5456,Diesel,Manual,First,28.4,1248,5,8.65,Swift DDiS ZDI Plus,Maruti
Pune,2017,7500,Petrol,Automatic,First,23.1,998,5,5.0,Celerio VXI Optional AMT,Maruti
Delhi,2011,66000,Diesel,Manual,First,15.1,2179,7,5.5,XUV500 W8 2WD,Mahindra
Jaipur,2010,66770,Petrol,Manual,Second,20.36,1197,5,2.6,i10 Magna,Hyundai
Kochi,2014,58472,Petrol,Manual,First,19.81,1086,5,3.41,i10 Magna 1.1,Hyundai
Kolkata,2011,46687,Petrol,Manual,First,22.0,1197,5,2.7,Dzire VXI,Maruti
Chennai,2008,77000,Petrol,Automatic,Fourth & Above,9.7,1995,5,5.5,Grand Vitara AT,Maruti
Kolkata,2012,7000,Petrol,Automatic,First,14.33,1984,4,35.0,TT 40 TFSI,Audi
Mumbai,2011,48000,Petrol,Automatic,Second,14.74,1991,5,9.75,New C-Class C 200 CGI,Mercedes-Benz
Mumbai,2013,47000,Diesel,Manual,First,21.64,1461,5,4.25,Sunny 2011-2014 Diesel XV,Nissan
Ahmedabad,2015,51530,Petrol,Manual,First,18.9,998,5,3.2,Wagon R LXI,Maruti
Bangalore,2014,25789,Diesel,Manual,Second,23.4,1248,5,6.85,Swift Dzire ZDI,Maruti
Delhi,2015,48000,Diesel,Manual,First,25.8,1498,5,4.5,Amaze S i-Dtech,Honda
Delhi,2012,52000,Diesel,Manual,First,28.4,1248,5,3.55,Swift ZDI,Maruti
Hyderabad,2008,131000,Diesel,Manual,First,10.5,2609,7,3.6,Scorpio LX 2.6 Turbo,Mahindra
Kochi,2015,42076,Diesel,Automatic,First,13.0,2143,5,21.8,E-Class E250 CDI Avantgrade,Mercedes-Benz
Mumbai,2012,76000,Diesel,Manual,Second,13.0,2982,7,13.5,Fortuner 4x2 Manual,Toyota
Delhi,2010,43000,Petrol,Manual,Second,16.8,1497,5,3.75,City V MT,Honda
Pune,2018,17000,Petrol,Automatic,First,19.16,2494,5,32.0,Camry Hybrid,Toyota
Coimbatore,2016,60805,Diesel,Manual,First,26.0,1498,5,8.07,City i DTec V,Honda
Kochi,2012,58775,Diesel,Manual,First,19.33,1968,5,5.64,Jetta 2012-2014 2.0L TDI Trendline,Volkswagen
Hyderabad,2013,70181,Diesel,Automatic,First,17.68,1968,5,23.99,A6 2011-2015 2.0 TDI,Audi
Coimbatore,2016,85827,Diesel,Manual,First,20.77,1248,7,7.5,Ertiga VDI,Maruti
Jaipur,2016,58205,Diesel,Automatic,First,19.27,2143,5,27.0,New C-Class C 220 CDI Style,Mercedes-Benz
Mumbai,2008,91000,Diesel,Manual,Second,19.3,1248,5,2.85,Swift Dzire Vdi BSIV,Maruti
Pune,2012,74000,Diesel,Manual,First,19.01,1461,5,6.35,Duster 110PS Diesel RxZ Pack,Renault
Hyderabad,2010,79324,Diesel,Manual,First,21.1,1248,5,3.3,Ritz VDi,Maruti
Bangalore,2013,38623,Petrol,Manual,First,19.1,1197,5,5.0,Swift Dzire VXI,Maruti
Coimbatore,2014,59923,Diesel,Manual,First,22.9,1248,5,6.46,Swift ZDi,Maruti
Jaipur,2017,23360,Petrol,Manual,First,21.1,814,5,3.75,EON Sportz,Hyundai
Kochi,2003,61495,Petrol,Manual,Third,17.3,993,5,1.52,Zen VXI BSII,Maruti
Coimbatore,2012,56661,Petrol,Manual,First,15.1,1196,7,3.61,Eeco 7 Seater Standard,Maruti
Coimbatore,2017,40318,Diesel,Automatic,First,14.16,1968,5,43.74,Q5 30 TDI quattro Premium,Audi
Chennai,2014,60000,Diesel,Automatic,First,15.73,1968,5,20.0,Q3 2.0 TDI,Audi
Hyderabad,2010,130000,Diesel,Manual,First,19.3,1248,5,3.65,Swift Dzire VDi,Maruti
Mumbai,2013,20000,Diesel,Manual,First,14.07,1978,10,5.25,Sumo DX,Tata
Mumbai,2015,30000,Petrol,Automatic,First,18.0,1497,5,8.65,City i-VTEC CVT VX,Honda
Delhi,2015,150000,Diesel,Manual,First,25.0,1396,5,2.5,Indigo eCS eLX BS IV,Tata
Chennai,2014,28000,Petrol,Automatic,First,16.93,1197,5,7.75,Vento TSI,Volkswagen
Bangalore,2015,74000,Petrol,Manual,First,23.1,998,5,4.15,Celerio VXI,Maruti
Delhi,2011,75000,Diesel,Manual,First,11.5,2982,7,10.85,Fortuner 3.0 Diesel,Toyota
Delhi,2010,76000,Petrol,Automatic,Second,11.3,2360,5,5.53,Outlander 2.4,Mitsubishi
Pune,2014,64889,Diesel,Automatic,First,15.5,1896,5,11.5,Jetta 2007-2011 1.9 Highline TDI,Volkswagen
Kolkata,2015,43000,Diesel,Manual,First,19.67,1582,5,9.25,Creta 1.6 CRDi SX,Hyundai
Pune,2011,47490,Petrol,Manual,First,17.5,1198,5,2.29,Fabia 1.2 MPI Ambiente Petrol,Skoda
Chennai,2015,80000,Diesel,Manual,First,22.77,1498,5,7.0,EcoSport 1.5 TDCi Titanium,Ford
Bangalore,2007,60000,Petrol,Manual,Second,18.2,1061,5,1.65,Zen Estilo 1.1 LXI BSIII,Maruti
Ahmedabad,2017,6006,Petrol,Manual,First,20.73,1373,5,8.25,Ciaz 1.4 Delta,Maruti
Kochi,2011,71703,Petrol,Automatic,First,14.74,1991,5,9.14,New C-Class C 200 Avantgarde Edition C,Mercedes-Benz
Hyderabad,2016,33000,Petrol,Manual,First,17.8,1198,5,6.5,Amaze SX i-VTEC,Honda
Kolkata,2012,60000,Diesel,Manual,First,23.59,1364,5,2.95,Etios GD,Toyota
Jaipur,2015,91000,Diesel,Manual,First,19.87,1461,5,5.75,Duster 85PS Diesel RxL,Renault
Kolkata,2011,43000,Petrol,Manual,Second,16.47,1198,5,2.1,Polo Petrol Highline 1.2L,Volkswagen
Coimbatore,2017,63770,Diesel,Manual,First,19.67,1582,5,13.55,Creta 1.6 SX Plus Diesel,Hyundai
Kolkata,2012,43510,Diesel,Automatic,First,14.74,2993,5,20.5,XF Diesel,Jaguar
Mumbai,2017,52000,Diesel,Manual,First,16.3,1956,5,20.0,Compass 2.0 Limited 4X4,Jeep
Kolkata,2016,29000,Diesel,Manual,First,27.39,1248,5,6.5,Baleno Alpha Diesel,Maruti
Ahmedabad,2016,56000,Diesel,Manual,First,28.09,1248,5,7.5,Ciaz ZDi SHVS,Maruti
Jaipur,2007,76000,Petrol,Manual,Second,15.0,1586,5,2.15,SX4 Vxi BSIII,Maruti
Coimbatore,2015,53615,Diesel,Manual,First,22.7,1582,5,8.44,Elantra CRDi SX,Hyundai
Bangalore,2013,132000,Diesel,Manual,First,13.5,2477,7,12.49,Pajero Sport 4X4,Mitsubishi
Pune,2017,14800,Petrol,Manual,First,17.0,1198,5,5.48,Ameo 1.2 MPI Comfortline,Volkswagen
Hyderabad,2013,35433,Petrol,Manual,First,18.5,1197,5,4.2,Ritz VXi,Maruti
Hyderabad,2013,82966,Diesel,Manual,First,16.8,1493,5,7.2,Verna CRDi SX,Hyundai
Jaipur,2014,96000,Diesel,Manual,First,23.4,1248,5,4.8,Swift Dzire Tour LDI,Maruti
Kochi,2017,39528,Diesel,Manual,First,25.32,1198,6,5.83,KUV 100 mFALCON D75 K6,Mahindra
Coimbatore,2018,92056,Diesel,Manual,First,13.68,2393,7,18.39,Innova Crysta 2.4 ZX MT,Toyota
Pune,2016,14930,Petrol,Manual,First,21.4,1197,5,5.85,Baleno Delta 1.2,Maruti
Mumbai,2016,38000,Diesel,Manual,First,27.3,1498,5,6.21,Jazz VX Diesel,Honda
Delhi,2013,71000,Petrol,Manual,First,17.0,1197,5,3.65,i20 1.2 Asta,Hyundai
Delhi,2012,71000,Diesel,Manual,First,23.0,1396,5,3.7,i20 Sportz Diesel,Hyundai
Pune,2015,50000,Diesel,Automatic,First,19.27,2143,5,30.0,New C-Class C 220d Avantgarde Edition C,Mercedes-Benz
Kochi,2016,48163,Petrol,Manual,First,19.1,1197,5,4.85,Xcent 1.2 Kappa Base,Hyundai
Coimbatore,2017,19168,Petrol,Automatic,First,18.9,1197,5,6.93,Grand i10 AT Asta,Hyundai
Kolkata,2016,26000,Petrol,Manual,First,22.74,796,5,2.6,Alto 800 VXI,Maruti
Kolkata,2014,37400,Petrol,Manual,First,18.2,1199,5,1.89,Sail Hatchback 1.2 LS,Chevrolet
Mumbai,2012,95000,Petrol,Automatic,First,13.7,1798,5,10.0,Superb Elegance 1.8 TSI AT,Skoda
Kolkata,2009,34000,Diesel,Automatic,First,16.55,1968,5,9.95,A4 2.0 TDI,Audi
Mumbai,2014,95000,Diesel,Manual,Second,12.8,2494,8,9.45,Innova 2.5 G (Diesel) 7 Seater BS IV,Toyota
Coimbatore,2017,13689,Diesel,Automatic,First,17.9,2143,5,28.25,CLA 200 CDI Sport,Mercedes-Benz
Jaipur,2008,84000,Petrol,Manual,Second,19.81,1086,5,1.8,i10 Era,Hyundai
Kolkata,2008,47000,Petrol,Manual,Second,17.5,1298,5,1.4,Swift Dzire VXi,Maruti
Ahmedabad,2015,60001,Diesel,Automatic,First,21.66,1498,5,7.25,Rapid 1.5 TDI AT Ambition,Skoda
Hyderabad,2012,96000,Diesel,Manual,First,21.1,1248,5,3.6,Ritz VDi,Maruti
Jaipur,2004,47300,Petrol,Manual,Second,14.4,1599,5,1.2,Accent GLS 1.6,Hyundai
Coimbatore,2014,28246,Petrol,Manual,Second,17.8,1198,5,4.94,Amaze SX i-VTEC,Honda
Delhi,2007,65000,Petrol,Manual,Second,18.9,998,5,1.25,Wagon R LXI,Maruti
Chennai,2013,68000,Diesel,Manual,Second,22.07,1199,5,4.8,Polo Diesel Comfortline 1.2L,Volkswagen
Kochi,2019,11209,Diesel,Automatic,First,12.62,2198,7,31.15,Endeavour 2.2 Trend AT 4X2,Ford
Pune,2011,41980,Petrol,Manual,Second,17.0,1197,5,3.3,i20 1.2 Sportz,Hyundai
Bangalore,2012,65000,Diesel,Manual,First,25.44,936,5,2.4,Beat Diesel PS,Chevrolet
Kolkata,2010,38000,Petrol,Manual,First,14.8,1799,5,2.0,Civic 2010-2013 1.8 V MT,Honda
Pune,2014,51000,Petrol,Manual,First,20.51,998,5,3.1,Wagon R VXI BS IV,Maruti
Kochi,2014,33855,Petrol,Manual,First,15.0,1598,5,5.09,Rapid 1.6 MPI Ambition Plus,Skoda
Pune,2006,146000,Petrol,Manual,Second,15.4,1590,5,1.05,Baleno Vxi - BSIII,Maruti
Bangalore,2015,47037,Diesel,Manual,Second,22.77,1498,5,7.0,EcoSport 1.5 TDCi Titanium,Ford
Ahmedabad,2010,58000,Petrol,Manual,Second,13.2,1495,5,2.5,Accent GLE,Hyundai
Mumbai,2012,61240,Diesel,Automatic,First,22.48,1995,5,17.5,5 Series 520d Luxury Line,BMW
Chennai,2011,91211,Petrol,Manual,First,20.92,998,5,2.1,Alto K10 2010-2014 VXI,Maruti
Bangalore,2013,84000,Diesel,Automatic,First,15.73,1968,5,17.75,Q3 2012-2015 2.0 TDI Quattro Premium Plus,Audi
Bangalore,2005,67000,Petrol,Automatic,Second,11.3,1794,5,2.45,Corolla H4,Toyota
Pune,2011,106976,Diesel,Automatic,First,13.5,2400,5,13.8,XC60 D5,Volvo
Kolkata,2016,27210,Diesel,Manual,First,27.3,1498,5,5.85,Jazz 1.5 VX i DTEC,Honda
Delhi,2017,26322,Diesel,Manual,First,28.09,1248,5,8.9,Ciaz 1.3 Alpha,Maruti
Mumbai,2016,9107,Petrol,Manual,First,20.4,1197,5,5.15,Swift VXI BSIV,Maruti
Kochi,2015,63983,Diesel,Automatic,First,19.27,2143,5,16.56,New C-Class C 220 CDI Avantgarde,Mercedes-Benz
Chennai,2010,134000,Petrol,Manual,Second,18.9,1061,5,1.65,Wagon R VXI Minor,Maruti
Pune,2015,11000,Petrol,Automatic,First,15.5,1595,5,16.0,A Class A180 Sport,Mercedes-Benz
Coimbatore,2017,24852,Diesel,Automatic,First,26.59,1248,5,8.08,Swift Dzire AMT ZDI,Maruti
Pune,2014,37632,Petrol,Automatic,First,18.9,1197,5,4.5,Grand i10 AT Asta,Hyundai
Chennai,2013,55000,Petrol,Manual,Second,16.95,1498,5,4.3,Sunny 2011-2014 XV Special Edition,Nissan
Hyderabad,2010,81448,Petrol,Manual,First,19.0,998,5,2.6,A-Star Lxi,Maruti
Hyderabad,2018,1900,Petrol,Manual,First,25.17,799,5,4.45,KWID RXT Optional,Renault
Coimbatore,2012,54957,Petrol,Automatic,First,17.1,1591,5,5.37,Verna 1.6 SX VTVT (O) AT,Hyundai
Chennai,2008,55000,Petrol,Manual,Second,18.9,1061,5,1.75,Wagon R LXI Minor,Maruti
Kolkata,2013,21983,Diesel,Automatic,First,18.88,1995,5,16.5,3 Series 320d Sport Line,BMW
Delhi,2013,76000,Diesel,Automatic,First,18.48,1995,5,19.0,5 Series 2003-2012 520d,BMW
Jaipur,2016,65000,Diesel,Manual,First,25.0,1396,5,2.8,Indigo CS eVX,Tata
Hyderabad,2015,26000,Diesel,Manual,First,22.54,1396,5,6.2,i20 Sportz 1.4 CRDi,Hyundai
Kochi,2019,11571,Petrol,Manual,First,16.8,796,8,3.8,Omni E MPI STD BS IV,Maruti
Hyderabad,2014,81000,Diesel,Manual,First,25.2,1248,5,6.1,Swift ZDi,Maruti
Coimbatore,2019,23154,Diesel,Manual,First,23.0,1498,5,11.65,Ecosport Signature Edition Diesel,Ford
Mumbai,2014,26856,Petrol,Automatic,First,16.5,1198,5,4.15,Brio VX AT,Honda
Chennai,2017,67489,Diesel,Manual,First,13.68,2393,7,16.5,Innova Crysta 2.4 GX MT,Toyota
Bangalore,2008,176000,Diesel,Manual,Second,10.5,2179,8,4.3,Scorpio 2.6 LX,Mahindra
Kolkata,2010,18000,Petrol,Manual,First,18.5,1197,5,2.25,i20 1.2 Magna,Hyundai
Ahmedabad,2014,63003,Diesel,Manual,First,22.32,1582,5,6.75,Verna 1.6 SX,Hyundai
Chennai,2014,80000,Diesel,Manual,First,15.1,2179,7,9.4,XUV500 W6 2WD,Mahindra
Coimbatore,2014,56658,Diesel,Manual,First,20.64,1498,5,5.39,Vento 1.5 TDI Comfortline,Volkswagen
Kochi,2019,18592,Diesel,Manual,First,26.59,1248,5,8.51,Swift Dzire VDI Optional,Maruti
Pune,2010,75695,Petrol,Manual,First,13.7,1368,5,1.85,Manza Aura Safire BS IV,Tata
Kolkata,2012,82000,Diesel,Manual,Second,22.9,1248,5,2.5,Swift VDI,Maruti
Chennai,2013,60000,Diesel,Manual,First,22.07,1199,5,4.75,Polo Diesel Highline 1.2L,Volkswagen
Pune,2009,138000,Petrol,Manual,Second,17.0,1497,5,3.5,City 1.5 V MT,Honda
Bangalore,2014,67000,Diesel,Manual,First,23.0,1396,5,5.5,i20 Asta (o) 1.4 CRDi (Diesel),Hyundai
Coimbatore,2012,42750,Petrol,Manual,First,17.0,1497,5,6.33,City 1.5 V MT,Honda
Kochi,2014,52398,Diesel,Manual,First,25.44,936,5,2.47,Beat Diesel,Chevrolet
Kochi,2014,36657,Petrol,Manual,First,16.2,995,5,3.3,Spark 1.0 LS,Chevrolet
Delhi,2011,77000,Diesel,Manual,Second,11.57,2179,7,3.5,New Safari DICOR 2.2 EX 4x2,Tata
Delhi,2014,85000,Diesel,Automatic,First,11.3,2987,7,38.75,GL-Class 350 CDI Blue Efficiency,Mercedes-Benz
Pune,2008,112500,Diesel,Automatic,First,11.5,2993,5,7.99,5 Series 2003-2012 530d Highline,BMW
Kochi,2013,105072,Diesel,Manual,First,14.24,2755,7,13.28,Fortuner 2.8 4WD MT,Toyota
Pune,2012,80000,Petrol,Automatic,First,11.25,1995,5,9.5,X1 sDrive 18i,BMW
Kochi,2019,3102,Diesel,Manual,First,20.37,1461,5,14.01,Captur 1.5 Diesel Platine Mono,Renault
Coimbatore,2016,14656,Diesel,Manual,First,24.4,1120,5,6.99,Xcent 1.1 CRDi S,Hyundai
Hyderabad,2010,105000,Diesel,Automatic,Second,13.2,1995,5,11.0,3 Series 320d,BMW
Hyderabad,2008,61000,Petrol,Automatic,Second,10.8,2497,5,11.0,5 Series 2010-2013 525i,BMW
Pune,2010,85046,Petrol,Manual,Second,18.06,1198,5,2.3,Micra XE,Nissan
Delhi,2014,48000,Diesel,Automatic,First,16.36,2179,5,26.5,XF 2.2 Litre Luxury,Jaguar
Mumbai,2017,4000,Petrol,Automatic,First,16.0,1368,5,17.75,Compass 1.4 Limited Option,Jeep
Delhi,2010,94000,Petrol,Automatic,Second,10.1,2354,5,4.8,CR-V 2.4 AT,Honda
Coimbatore,2013,61110,Petrol,Manual,First,18.6,1197,5,4.57,Swift VXI,Maruti
Chennai,2016,80000,Diesel,Manual,First,24.4,1120,5,3.5,Xcent 1.1 CRDi S,Hyundai
Kochi,2015,43190,Diesel,Manual,First,19.01,1461,5,7.61,Terrano XV Premium 110 PS,Nissan
Hyderabad,2015,45000,Diesel,Automatic,First,18.25,1968,5,25.0,A4 35 TDI Technology,Audi
Coimbatore,2016,44178,Petrol,Manual,First,18.9,1197,5,5.88,Grand i10 Asta Option,Hyundai
Hyderabad,2015,84415,Diesel,Manual,First,12.99,2494,8,13.5,Innova 2.5 G (Diesel) 8 Seater,Toyota
Kolkata,2015,35000,Petrol,Manual,First,18.5,1197,5,4.6,i20 1.2 Magna,Hyundai
Kolkata,2013,44000,Diesel,Manual,First,22.77,1498,5,4.9,EcoSport 1.5 TDCi Titanium,Ford
Hyderabad,2012,67635,Petrol,Manual,First,17.0,1497,5,5.25,City 1.5 S MT,Honda
Coimbatore,2018,18385,Petrol,Automatic,First,14.8,1497,5,12.41,EcoSport 1.5 Petrol Titanium Plus AT,Ford
Kolkata,2014,35000,Diesel,Manual,First,22.07,1199,5,3.8,Polo Diesel Highline 1.2L,Volkswagen
Mumbai,2010,49000,Diesel,Automatic,First,19.27,2143,5,8.95,New C-Class C 220 CDI Avantgarde,Mercedes-Benz
Hyderabad,2013,69000,Diesel,Manual,First,22.7,1498,5,7.2,Ecosport 1.5 DV5 MT Titanium,Ford
Hyderabad,2017,23228,Petrol,Manual,First,14.4,1396,5,4.5,Indigo GLE,Tata
Delhi,2014,68462,Diesel,Manual,First,26.59,1248,5,4.15,Swift Dzire LDI,Maruti
Coimbatore,2016,74611,Diesel,Manual,First,25.1,1248,5,7.94,S-Cross Zeta DDiS 200 SH,Maruti
Pune,2014,90000,Diesel,Manual,First,19.01,1461,5,7.25,Duster 110PS Diesel RxZ Pack,Renault
Delhi,2016,22000,Petrol,Manual,First,18.9,998,5,3.7,Wagon R VXI,Maruti
Chennai,2011,109500,Diesel,Manual,Third,25.44,936,5,1.5,Beat Diesel LT,Chevrolet
Delhi,2017,13363,Diesel,Manual,First,16.0,1997,7,12.0,XUV500 W4 1.99 mHawk,Mahindra
Delhi,2012,51000,Petrol,Manual,Second,19.81,1086,5,2.2,i10 Era 1.1,Hyundai
Hyderabad,2007,103000,Diesel,Manual,First,13.93,2179,7,3.6,New Safari DICOR 2.2 EX 4x4,Tata
Kolkata,2009,43002,Petrol,Manual,First,20.36,1197,5,1.92,i10 Sportz,Hyundai
Bangalore,2016,108000,Diesel,Automatic,First,11.36,2755,7,20.5,Innova Crysta 2.8 ZX AT,Toyota
Jaipur,2010,82407,Diesel,Manual,First,17.5,1896,5,4.25,Laura Elegance MT,Skoda
Kolkata,2013,29000,Petrol,Manual,First,18.9,1197,5,3.2,Grand i10 Sportz,Hyundai
Pune,2012,225000,Diesel,Manual,Second,23.59,1364,5,2.6,Etios Liva GD,Toyota
Kolkata,2014,45000,Diesel,Manual,First,23.4,1248,5,3.85,Swift Dzire VDI,Maruti
Kochi,2010,93401,Diesel,Manual,First,23.0,1396,5,3.48,i20 Asta 1.4 CRDi (Diesel),Hyundai
Hyderabad,2017,95802,Diesel,Manual,Second,25.83,1498,5,4.55,Figo 2015-2019 1.5D Trend MT,Ford
Pune,2016,130000,Diesel,Manual,First,25.47,1248,7,7.0,Ertiga VDI,Maruti
Ahmedabad,2013,67443,Diesel,Manual,First,20.77,1248,7,5.75,Ertiga ZDI,Maruti
Kochi,2016,47681,Petrol,Automatic,First,16.8,1497,5,8.73,City 1.5 V AT Sunroof,Honda
Hyderabad,2009,35000,Petrol,Manual,First,19.7,796,5,1.7,Alto LXi BSIII,Maruti
Hyderabad,2016,68000,Diesel,Automatic,First,10.91,3198,7,29.5,Endeavour 3.2 Titanium AT 4X4,Ford
Kochi,2019,34688,Diesel,Manual,First,24.3,1248,5,10.49,Vitara Brezza ZDi Plus,Maruti
Pune,2016,58000,Diesel,Manual,First,22.9,1248,5,7.55,Swift ZDi,Maruti
Mumbai,2014,40000,Petrol,Manual,First,17.57,1193,5,3.95,Zest Revotron 1.2 XT,Tata
Bangalore,2010,61000,Petrol,Manual,Fourth & Above,17.0,1197,5,3.25,i20 1.2 Sportz Option,Hyundai
Mumbai,2009,86000,Diesel,Manual,First,19.4,1422,5,2.75,Fabia 1.4 TDI Active,Skoda
Kolkata,2015,45000,Diesel,Manual,First,21.43,1364,5,7.35,Corolla Altis D-4D J,Toyota
Ahmedabad,2017,55000,Petrol,Manual,First,17.0,1198,5,4.7,Ameo 1.2 MPI Comfortline,Volkswagen
Kochi,2016,36855,Petrol,Manual,Second,15.29,1591,5,8.77,Creta 1.6 VTVT S,Hyundai
Kochi,2013,46821,Petrol,Manual,First,20.36,1197,5,3.42,i10 Magna 1.2,Hyundai
Kolkata,2015,120000,Petrol,Manual,First,18.6,1199,5,2.5,Beat LS,Chevrolet
Kolkata,2012,29000,Diesel,Automatic,First,14.74,2993,5,20.0,XF 3.0 Litre S Premium Luxury,Jaguar
Mumbai,2014,40000,Petrol,Manual,First,13.24,1598,5,5.25,Terrano XL,Nissan
Delhi,2013,60000,Diesel,Automatic,Second,15.73,1968,5,14.5,Q3 2012-2015 2.0 TDI Quattro Premium Plus,Audi
Mumbai,2011,64984,Petrol,Automatic,First,16.95,1197,5,3.45,i10 Asta AT,Hyundai
Pune,2015,73204,Petrol,Automatic,First,24.07,998,5,3.3,Alto K10 VXI AGS,Maruti
Kolkata,2017,35000,Diesel,Manual,First,24.3,1248,5,6.5,Vitara Brezza VDi,Maruti
Hyderabad,2013,17729,Petrol,Manual,First,21.1,814,5,3.65,EON D Lite Plus,Hyundai
Chennai,2012,97000,Diesel,Manual,First,20.0,1497,5,7.25,XUV300 W8 Diesel,Mahindra
Kochi,2014,89614,Diesel,Manual,First,22.0,1582,5,6.01,Verna CRDi 1.6 SX Option,Hyundai
Kolkata,2015,14000,Petrol,Manual,First,18.9,998,5,2.8,Wagon R VXI,Maruti
Chennai,2012,50000,Petrol,Manual,First,17.0,1197,5,4.0,i20 Sportz Option,Hyundai
Delhi,2014,62505,Petrol,Manual,First,17.4,1497,5,5.95,City i VTEC V,Honda
Chennai,2011,248000,Diesel,Manual,Second,12.8,2494,7,9.2,Innova 2.5 V Diesel 7-seater,Toyota
Pune,2012,94900,Diesel,Manual,First,16.8,1493,5,5.35,Verna CRDi SX,Hyundai
Delhi,2017,55000,Diesel,Manual,First,17.6,2179,7,12.0,Hexa XT,Tata
Coimbatore,2015,53735,Diesel,Automatic,Second,12.07,2967,7,38.94,Q7 3.0 TDI Quattro Premium Plus,Audi
Coimbatore,2008,53934,Petrol,Manual,Second,18.9,998,5,2.69,Wagon R VXI,Maruti
Bangalore,2013,58500,Diesel,Automatic,Second,17.09,1995,5,27.5,5 Series 2013-2017 525d Luxury Line,BMW
Kolkata,2014,48000,Petrol,Manual,First,18.0,1198,5,2.75,Amaze EX i-Vtech,Honda
Mumbai,2016,24000,Petrol,Manual,First,24.7,796,5,2.8,Alto 800 2016-2019 LXI,Maruti
Mumbai,2016,52001,Petrol,Manual,First,17.01,1591,5,6.45,Verna 1.6 SX VTVT,Hyundai
Coimbatore,2018,9565,Petrol,Manual,First,23.84,1199,5,5.88,Tiago 1.2 Revotron XZ,Tata
Pune,2013,32953,Petrol,Manual,First,18.6,1197,5,4.65,Swift LXI,Maruti
Jaipur,2014,18000,Petrol,Manual,First,21.1,814,5,2.5,EON Era,Hyundai
Hyderabad,2016,33016,Diesel,Manual,First,22.54,1396,5,6.85,i20 Magna 1.4 CRDi,Hyundai
Chennai,2012,48000,Diesel,Manual,First,23.59,1364,5,5.25,Etios VD,Toyota
Coimbatore,2014,72022,Diesel,Manual,First,21.43,1364,5,9.23,Corolla Altis Diesel D4DG,Toyota
Ahmedabad,2014,34000,Diesel,Automatic,First,20.7,1496,5,22.0,Cooper 5 DOOR D,Mini
Hyderabad,2014,69000,Diesel,Manual,First,20.14,1498,5,5.19,Polo 1.5 TDI Highline,Volkswagen
Pune,2009,108000,Petrol,Automatic,First,13.7,1798,5,4.35,Superb Elegance 1.8 TSI AT,Skoda
Hyderabad,2013,34700,Diesel,Automatic,First,10.0,2148,5,24.5,E-Class 2009-2013 E 220 CDI Avantgarde,Mercedes-Benz
Pune,2015,79000,Diesel,Manual,First,17.8,1248,5,5.75,Swift VDi BSIII W/ ABS,Maruti
Kochi,2016,58197,Petrol,Automatic,First,18.0,1497,5,9.19,City i VTEC CVT VX,Honda
Pune,2008,66000,Petrol,Automatic,Second,8.45,2979,5,10.75,7 Series 2007-2012 740Li,BMW
Bangalore,2009,60000,Petrol,Automatic,First,19.2,1197,5,2.99,i10 Magna AT,Hyundai
Kolkata,2014,57000,Diesel,Manual,First,26.59,1248,5,3.89,Swift Dzire VDI,Maruti
Coimbatore,2018,45555,Diesel,Manual,First,26.0,1498,5,11.73,City i DTec VX,Honda
Coimbatore,2016,55137,Petrol,Manual,First,14.0,796,5,3.11,Omni 8 Seater BSIV,Maruti
Jaipur,2014,93325,Diesel,Manual,Second,17.2,1968,5,14.45,Superb 2009-2014 Elegance 2.0 TDI MT,Skoda
Ahmedabad,2018,38000,Diesel,Manual,First,24.52,1248,7,8.7,Ertiga SHVS VDI,Maruti
Kochi,2016,57738,Diesel,Manual,First,24.0,1120,5,5.04,Grand i10 CRDi Magna,Hyundai
Jaipur,2017,38282,Diesel,Manual,First,28.09,1248,5,8.5,Ciaz VDi Plus SHVS,Maruti
Delhi,2014,64000,Diesel,Automatic,First,19.27,2143,5,15.65,New C-Class C 220 CDI Avantgarde,Mercedes-Benz
Mumbai,2015,32000,Diesel,Manual,First,20.5,1248,5,5.65,Avventura MULTIJET Emotion,Fiat
Bangalore,2010,83000,Petrol,Automatic,First,10.93,2497,5,16.5,E-Class 2009-2013 E 250 Elegance,Mercedes-Benz
Pune,2012,67200,Petrol,Manual,First,15.04,1598,5,3.9,Vento Petrol Highline,Volkswagen
Jaipur,2013,62655,Diesel,Automatic,First,18.88,1995,5,14.5,3 Series 320d Luxury Line,BMW
Bangalore,2015,16900,Diesel,Automatic,First,14.69,2993,5,44.0,5 Series 2013-2017 530d M Sport,BMW
Delhi,2017,8471,Petrol,Manual,First,18.9,1197,5,5.0,Grand i10 1.2 Kappa Magna,Hyundai
Hyderabad,2016,69000,Diesel,Automatic,First,11.36,2755,7,19.75,Innova Crysta 2.8 ZX AT,Toyota
Coimbatore,2017,30090,Diesel,Automatic,First,19.6,1461,5,11.44,Duster 110PS Diesel RxZ AMT,Renault
Chennai,2011,120000,Diesel,Manual,First,18.0,1248,5,1.75,Indica Vista Aura 1.3 Quadrajet,Tata
Bangalore,2013,23000,Diesel,Manual,First,17.8,1248,5,5.6,Swift VDI BSIV,Maruti
Kochi,2016,35939,Petrol,Manual,First,12.3,1796,5,30.42,E-Class 2009-2013 E 200 CGI Avantgarde,Mercedes-Benz
Coimbatore,2013,116694,Diesel,Manual,First,15.1,2179,7,9.57,XUV500 W8 4WD,Mahindra
Mumbai,2016,40448,Diesel,Manual,First,15.96,2523,7,3.5,Bolero ZLX,Mahindra
Coimbatore,2018,64456,Diesel,Manual,First,24.3,1248,5,10.46,Vitara Brezza ZDi,Maruti
Pune,2014,52782,Diesel,Manual,First,20.5,1248,5,4.85,Avventura MULTIJET Emotion,Fiat
Kochi,2016,51672,Petrol,Manual,First,19.5,1199,5,5.68,Amaze S Petrol,Honda
Mumbai,2015,56073,Petrol,Automatic,First,13.7,1798,5,13.25,Superb Elegance 1.8 TSI AT,Skoda
Bangalore,2011,65000,Diesel,Automatic,First,14.74,2993,5,16.0,XF 3.0 Litre S Premium Luxury,Jaguar
Chennai,2013,79000,Petrol,Manual,First,18.9,998,5,3.0,Wagon R VXI BSIII,Maruti
Kolkata,2007,43206,Petrol,Manual,First,17.0,1086,5,0.99,Santro Xing XL eRLX Euro III,Hyundai
Mumbai,2010,70200,Petrol,Automatic,First,14.53,1798,5,5.0,Corolla Altis VL,Toyota
Delhi,2016,42000,Petrol,Manual,First,16.1,1197,5,4.75,Swift VXi BSIV,Maruti
Bangalore,2014,62000,Petrol,Manual,First,16.47,1198,5,5.35,Polo 1.2 MPI Highline,Volkswagen
Hyderabad,2017,20000,Petrol,Manual,First,18.9,1197,5,5.98,Grand i10 1.2 Kappa Asta,Hyundai
Chennai,2011,80000,Diesel,Manual,Third,21.5,1248,5,3.5,SX4 ZDI,Maruti
Kochi,2018,50234,Petrol,Manual,First,18.9,1197,5,4.77,Grand i10 1.2 Kappa Magna,Hyundai
Delhi,2016,50003,Petrol,Manual,First,21.4,1197,5,5.45,Baleno Delta 1.2,Maruti
Ahmedabad,2018,1000,Petrol,Automatic,First,20.3,1199,5,6.85,Tigor 1.2 Revotron XTA,Tata
Jaipur,2016,54897,Diesel,Automatic,First,26.59,1248,5,7.3,Swift Dzire AMT ZDI,Maruti
Pune,2007,108995,Petrol,Manual,First,15.3,1193,5,1.25,Indica GLS BS IV,Tata
Chennai,2015,73000,Diesel,Manual,First,22.7,1598,5,8.25,SX4 S Cross DDiS 320 Zeta,Maruti
Ahmedabad,2008,65000,Petrol,Manual,First,16.1,1298,5,2.71,Swift VXI BSIII,Maruti
Kolkata,2016,32000,Petrol,Manual,First,19.1,1197,5,3.6,Xcent 1.2 Kappa SX,Hyundai
Ahmedabad,2010,65000,Petrol,Manual,First,18.5,1197,5,3.0,i20 1.2 Magna,Hyundai
Hyderabad,2016,21600,Petrol,Automatic,First,23.1,998,5,4.65,Celerio VXI AT,Maruti
Mumbai,2010,39000,Diesel,Automatic,First,14.84,2143,5,9.5,New C-Class C 220 CDI Elegance AT,Mercedes-Benz
Mumbai,2011,58075,Petrol,Manual,First,17.5,1298,5,2.95,Swift Dzire VXi,Maruti
Mumbai,2011,58000,Petrol,Manual,First,15.04,1598,5,3.0,Vento Petrol Trendline,Volkswagen
Hyderabad,2015,58000,Diesel,Manual,First,25.2,1248,5,5.95,Swift ZDi,Maruti
Delhi,2008,89000,Petrol,Automatic,First,14.53,1798,5,4.0,Corolla Altis VL,Toyota
Delhi,2008,72000,Petrol,Manual,First,13.5,1799,5,2.5,Civic 2006-2010 1.8 V MT,Honda
Kolkata,2017,1800,Petrol,Automatic,First,16.05,1499,5,11.37,EcoSport 1.5 Ti VCT AT Titanium BE,Ford
Pune,2010,172050,Diesel,Manual,Second,19.0,1248,5,2.25,Linea Emotion Pack (Diesel),Fiat
Jaipur,2013,46230,Petrol,Manual,First,19.81,1086,5,3.1,i10 Era,Hyundai
Kochi,2014,86925,Diesel,Automatic,First,11.2,2400,5,17.18,XC60 D5 Inscription,Volvo
Jaipur,2018,5000,Petrol,Manual,First,18.6,1197,5,6.5,i20 1.2 Asta,Hyundai
Ahmedabad,2014,66000,Diesel,Manual,First,26.0,1498,5,5.7,City i DTEC S,Honda
Ahmedabad,2013,119000,Diesel,Manual,First,12.99,2494,8,8.0,Innova 2.5 VX (Diesel) 8 Seater BS IV,Toyota
Chennai,2016,45000,Petrol,Manual,First,25.17,799,5,2.6,KWID RXT,Renault
Hyderabad,2009,66149,Petrol,Manual,First,19.0,998,5,2.45,A-Star Vxi,Maruti
Kochi,2014,42070,Petrol,Automatic,First,14.8,1595,5,11.57,B Class B180,Mercedes-Benz
Kolkata,2012,35503,Petrol,Manual,First,18.9,998,5,2.3,Wagon R LXI BS IV,Maruti
Jaipur,2016,41460,Diesel,Manual,First,25.2,1248,5,5.9,Swift VDI BSIV,Maruti
Mumbai,2015,40600,Petrol,Automatic,First,17.0,1591,5,7.2,Verna VTVT 1.6 AT SX Option,Hyundai
Ahmedabad,2013,87000,Diesel,Automatic,First,22.0,1582,5,5.9,Verna CRDi 1.6 AT SX Option,Hyundai
Chennai,2014,30000,Petrol,Manual,Second,16.8,1497,5,6.0,City V MT,Honda
Kolkata,2010,27089,Petrol,Manual,First,16.0,1086,5,1.95,i10 Magna Optional 1.1L,Hyundai
Coimbatore,2016,53702,Diesel,Manual,First,23.59,1364,5,6.55,Etios GD SP,Toyota
Hyderabad,2015,51000,Diesel,Automatic,First,27.03,1969,5,25.0,S60 D4 Momentum,Volvo
Kolkata,2012,36542,Diesel,Manual,First,20.0,1399,5,2.65,Figo Diesel EXI,Ford
Chennai,2012,65000,Diesel,Automatic,First,22.69,1995,5,14.0,3 Series 320d Luxury Line,BMW
Pune,2014,32000,Petrol,Manual,Second,22.74,796,5,2.1,Alto 800 VXI,Maruti
Hyderabad,2017,24393,Diesel,Manual,First,13.68,2393,7,20.4,Innova Crysta 2.4 VX MT,Toyota
Hyderabad,2019,1000,Petrol,Manual,First,18.78,999,5,5.68,Polo 1.0 MPI Trendline,Volkswagen
Mumbai,2014,28238,Petrol,Manual,First,13.24,1598,5,5.55,Terrano XL,Nissan
Mumbai,2013,59000,Diesel,Manual,First,13.5,2477,7,12.75,Pajero Sport 4X4,Mitsubishi
Mumbai,2012,92000,Petrol,Manual,Second,14.8,1799,5,3.35,Civic 2010-2013 1.8 S MT,Honda
Kolkata,2013,56840,Petrol,Manual,First,22.74,796,5,1.55,Alto 800 LXI,Maruti
Coimbatore,2013,62746,Diesel,Manual,Second,20.54,1598,5,5.9,Vento Diesel Highline,Volkswagen
Hyderabad,2012,96000,Diesel,Automatic,First,12.35,2179,5,18.98,Rover Freelander 2 HSE,Land
Mumbai,2014,24000,Petrol,Manual,First,13.7,1997,5,11.51,CR-V 2.0L 2WD MT,Honda
Mumbai,2016,54000,Diesel,Manual,First,20.77,1248,7,7.75,Ertiga VDI,Maruti
Chennai,2016,90000,Diesel,Manual,First,12.99,2494,7,13.9,Innova 2.5 GX (Diesel) 7 Seater,Toyota
Kolkata,2010,40000,Petrol,Manual,First,15.0,1368,5,1.35,Manza Aura Safire,Tata
Mumbai,2015,65938,Diesel,Automatic,Second,12.07,2967,7,38.0,Q7 35 TDI Quattro Premium Plus,Audi
Mumbai,2017,16100,Petrol,Automatic,First,17.1,1591,5,11.6,Verna 1.6 SX VTVT (O) AT,Hyundai
Hyderabad,2017,3600,Diesel,Automatic,First,21.5,1498,5,12.25,Vento 1.5 Highline Plus AT 16 Alloy,Volkswagen
Jaipur,2011,52000,Petrol,Manual,First,17.0,1497,5,3.8,City 1.5 S MT,Honda
Mumbai,2014,54000,Diesel,Manual,First,20.0,1399,5,3.25,Figo Diesel Titanium,Ford
Mumbai,2016,15399,Petrol,Manual,First,18.7,1199,5,6.4,Jazz 1.2 VX i VTEC,Honda
Bangalore,2012,75000,Petrol,Manual,Second,16.47,1198,5,3.95,Polo Petrol Highline 1.2L,Volkswagen
Delhi,2010,76752,Petrol,Manual,First,17.4,1497,5,3.57,City i-VTEC S,Honda
Mumbai,2005,56000,Petrol,Manual,Second,17.7,1497,5,1.25,City ZX GXi,Honda
Kolkata,2013,46125,Petrol,Automatic,Second,12.0,2354,5,12.5,CR-V 2.4L 4WD AT AVN,Honda
Ahmedabad,2014,35000,Diesel,Automatic,Second,18.12,1995,5,23.0,5 Series 2013-2017 520d Luxury Line,BMW
Coimbatore,2012,62729,Diesel,Manual,First,12.05,2179,8,6.32,Scorpio VLX 2.2 mHawk BSIII,Mahindra
Kolkata,2012,34000,Diesel,Manual,First,20.54,1598,5,3.4,Vento Diesel Comfortline,Volkswagen
Jaipur,1999,70000,Petrol,Manual,Second,17.3,993,5,0.77,Zen VX,Maruti
Jaipur,2009,32000,Petrol,Manual,First,16.1,796,4,0.9,800 DX BSII,Maruti
Delhi,2017,21000,Petrol,Automatic,First,14.28,1798,5,18.0,Corolla Altis 1.8 VL CVT,Toyota
Pune,2013,49000,Petrol,Automatic,First,14.59,1997,5,19.0,3 Series 328i Sport Line,BMW
Chennai,2007,40000,Petrol,Manual,Third,13.8,1299,5,1.1,Ikon 1.3 Flair,Ford
Pune,2012,78000,Petrol,Manual,Second,18.6,1199,5,2.0,Beat LT,Chevrolet
Ahmedabad,2012,52000,Diesel,Manual,First,21.43,1364,5,6.5,Corolla Altis 1.4 DG,Toyota
Bangalore,2014,65213,Diesel,Manual,First,16.0,2179,7,9.45,XUV500 W4,Mahindra
Mumbai,2016,170000,Diesel,Manual,First,24.4,1120,5,4.0,Xcent 1.1 CRDi Base,Hyundai
Kochi,2017,36884,Diesel,Automatic,First,13.0,2143,5,32.25,E-Class 2015-2017 E250 CDI Avantgarde,Mercedes-Benz
Pune,2009,62500,Petrol,Manual,First,20.36,1197,5,2.1,i10 Sportz,Hyundai
Mumbai,2015,68000,Petrol,Automatic,Second,14.28,1798,5,9.75,Corolla Altis VL AT,Toyota
Kolkata,2014,40748,Petrol,Manual,First,14.53,1798,5,6.3,Corolla 1.8 J,Toyota
Hyderabad,2013,60000,Diesel,Automatic,First,17.32,1968,5,21.0,Q3 2.0 TDI Quattro,Audi
Mumbai,2014,12400,Diesel,Manual,First,21.9,1396,5,4.65,i20 Magna Optional 1.4 CRDi,Hyundai
Mumbai,2013,87000,Diesel,Automatic,Second,19.27,2143,5,17.0,New C-Class C 220d Avantgarde Edition C,Mercedes-Benz
Pune,2013,20248,Diesel,Manual,First,21.1,1248,5,4.35,Ritz VDi,Maruti
Coimbatore,2017,52383,Diesel,Manual,First,19.67,1582,5,14.82,Creta 1.6 SX Plus Diesel,Hyundai
Delhi,2018,1000,Diesel,Automatic,First,13.6,1999,5,40.0,XE 2.0L Diesel Prestige,Jaguar
Chennai,2016,85000,Diesel,Manual,First,14.95,2489,7,6.15,Xylo D4,Mahindra
Ahmedabad,2014,47000,Diesel,Manual,First,12.99,2494,7,11.25,Innova 2.5 G (Diesel) 7 Seater,Toyota
Pune,2018,17585,Petrol,Automatic,First,19.16,2494,5,32.0,Camry 2.5 Hybrid,Toyota
Coimbatore,2018,32496,Diesel,Automatic,First,13.22,2967,5,45.62,Q5 3.0 TDI Quattro,Audi
Kochi,2017,34613,Diesel,Manual,First,28.4,1248,5,6.24,Swift VDI,Maruti
Chennai,2015,153000,Diesel,Manual,First,20.77,1248,7,4.8,Ertiga VDI Limited Edition,Maruti
Chennai,2014,54000,Petrol,Manual,Second,16.1,1197,5,4.5,Swift VXi BSIV,Maruti
Kochi,2015,16900,Petrol,Manual,First,20.36,1197,5,3.87,i10 Sportz,Hyundai
Delhi,2013,62334,Petrol,Manual,First,20.36,1197,5,2.75,i10 Sportz,Hyundai
Kochi,2018,23714,Petrol,Manual,First,21.4,1197,5,6.57,Baleno Sigma 1.2,Maruti
Jaipur,2010,52325,Petrol,Manual,First,16.36,1495,5,2.0,Accent Executive,Hyundai
Ahmedabad,2012,50000,Petrol,Manual,First,19.4,1198,5,3.65,Brio S MT,Honda
Hyderabad,2016,55746,Diesel,Manual,First,22.9,1248,5,6.95,Swift ZDi,Maruti
Bangalore,2014,54000,Petrol,Manual,First,20.14,1197,5,5.5,Xcent 1.2 VTVT S,Hyundai
Kolkata,2013,43000,Diesel,Manual,First,16.0,2179,7,7.0,XUV500 W8 2WD,Mahindra
Delhi,2014,40000,Diesel,Automatic,First,13.0,2143,5,24.0,E-Class E250 CDI Avantgrade,Mercedes-Benz
Bangalore,2016,51944,Diesel,Automatic,First,19.27,2143,5,32.5,New C-Class C 220 CDI Avantgarde,Mercedes-Benz
Kochi,2015,46950,Diesel,Manual,First,21.27,1396,5,6.45,i20 Asta 1.4 CRDi,Hyundai
Mumbai,2015,23000,Diesel,Automatic,First,19.3,1968,5,15.75,Octavia Elegance 2.0 TDI AT,Skoda
Mumbai,2014,54546,Petrol,Manual,First,17.0,1497,5,5.5,City 1.5 S MT,Honda
Kochi,2015,51535,Diesel,Automatic,First,12.55,2982,7,19.03,Fortuner 4x2 AT,Toyota
Kolkata,2013,45000,Diesel,Automatic,First,17.32,1968,5,15.25,Q3 2.0 TDI Quattro,Audi
Hyderabad,2012,46004,Petrol,Manual,First,20.92,998,5,2.4,Alto K10 2010-2014 VXI,Maruti
Chennai,2011,124000,Diesel,Manual,First,23.03,1396,5,2.3,Indigo eCS LX BSIV,Tata
Kochi,2014,77395,Diesel,Automatic,First,17.11,1968,5,14.35,A4 2.0 TDI 177 Bhp Premium Plus,Audi
Kochi,2018,22974,Petrol,Automatic,First,18.0,1497,5,11.97,City i-VTEC CVT VX,Honda
Ahmedabad,2015,65012,Diesel,Manual,First,14.24,2755,7,18.9,Fortuner 2.8 2WD MT,Toyota
Ahmedabad,2017,17125,Petrol,Manual,First,18.9,1197,5,5.4,Grand i10 Sportz,Hyundai
Hyderabad,2015,90413,Petrol,Manual,First,15.1,1196,7,2.95,Eeco 7 Seater Standard,Maruti
Bangalore,2013,37000,Petrol,Manual,First,16.47,1198,5,5.1,Polo Petrol Highline 1.2L,Volkswagen
Jaipur,2006,65000,Petrol,Manual,First,18.9,1061,5,1.5,Wagon R LXI Minor,Maruti
Bangalore,2011,66000,Petrol,Manual,First,17.0,1497,5,4.9,City 1.5 V MT,Honda
Mumbai,2010,86000,Petrol,Manual,First,14.8,1799,5,2.9,Civic 2010-2013 1.8 S MT,Honda
Pune,2005,98437,Petrol,Manual,First,13.0,1493,5,1.15,City 1.5 EXI,Honda
Kolkata,2010,18000,Petrol,Manual,First,18.5,1197,5,2.3,i20 1.2 Magna,Hyundai
Kochi,2018,35070,Diesel,Manual,First,24.0,1120,5,5.99,Grand i10 CRDi Sportz Celebration Edition,Hyundai
Pune,2011,42000,Petrol,Automatic,Third,14.4,1598,5,3.4,Vento Petrol Highline AT,Volkswagen
Kolkata,2009,40000,Petrol,Manual,First,20.36,1197,5,1.7,i10 Sportz 1.2,Hyundai
Kolkata,2009,43000,Petrol,Manual,First,17.0,1197,5,1.99,i20 Asta,Hyundai
Pune,2012,65000,Petrol,Manual,First,18.6,1199,5,2.5,Beat LS,Chevrolet
Hyderabad,2013,74000,Diesel,Manual,First,22.07,1199,5,4.85,Polo Diesel Highline 1.2L,Volkswagen
Hyderabad,2010,51192,Petrol,Manual,First,15.6,1196,5,2.65,Figo Petrol LXI,Ford
Jaipur,2015,66339,Diesel,Manual,Second,25.1,1498,5,6.9,City i DTEC VX,Honda
Hyderabad,2013,90200,Diesel,Manual,First,20.0,1399,5,3.5,Figo Diesel Titanium,Ford
Delhi,2015,57854,Diesel,Manual,First,12.99,2494,7,12.5,Innova 2.5 ZX Diesel 7 Seater,Toyota
Delhi,2017,32000,Petrol,Automatic,First,19.12,1373,5,9.2,Ciaz 1.4 AT Alpha,Maruti
Mumbai,2015,29631,Petrol,Automatic,First,18.9,1197,5,4.9,Grand i10 AT Asta,Hyundai
Delhi,2009,55005,Petrol,Manual,First,12.8,1621,5,3.2,City 1.3 DX,Honda
Kochi,2014,54173,Petrol,Manual,First,18.88,999,5,5.55,EcoSport 1.0 Ecoboost Titanium Plus BE,Ford
Ahmedabad,2014,50000,Petrol,Automatic,First,14.7,1798,5,13.5,Octavia Ambition 1.8 TSI AT,Skoda
Kolkata,2010,145000,Diesel,Manual,First,20.4,1248,5,2.6,Linea Emotion (Diesel),Fiat
Jaipur,2015,78000,Petrol,Manual,First,16.1,1298,5,4.5,Swift Lxi BSIII,Maruti
Delhi,2013,65000,Diesel,Automatic,Second,11.8,2993,7,34.0,Rover Discovery 4 TDV6 SE,Land
Hyderabad,2012,120000,Diesel,Manual,First,12.8,2494,7,12.0,Innova 2.5 V Diesel 7-seater,Toyota
Mumbai,2015,14000,Diesel,Manual,First,28.4,1248,5,5.25,Swift LDI,Maruti
Kochi,2014,57456,Diesel,Automatic,First,17.68,1968,5,21.56,A6 2011-2015 2.0 TDI Premium Plus,Audi
Coimbatore,2012,44450,Diesel,Automatic,First,22.48,1995,5,24.68,5 Series 520d Luxury Line,BMW
Delhi,2013,63777,Petrol,Manual,First,18.5,1197,5,3.67,i20 Magna Optional 1.2,Hyundai
Mumbai,2016,31000,Diesel,Automatic,First,17.05,1995,5,29.5,X1 M Sport sDrive 20d,BMW
Delhi,2012,60000,Petrol,Manual,First,17.6,1496,5,3.1,Etios G,Toyota
Ahmedabad,2015,78008,Diesel,Manual,First,17.0,1405,5,2.9,Indigo LX,Tata
Mumbai,2009,27078,Petrol,Automatic,First,10.98,1984,4,15.95,Beetle 2.0,Volkswagen
Hyderabad,2011,57275,Diesel,Manual,First,19.7,1598,5,4.5,Polo GT TDI,Volkswagen
Delhi,2014,45000,Diesel,Manual,First,24.0,1120,5,3.49,Grand i10 CRDi Magna,Hyundai
Delhi,2014,57319,Diesel,Manual,First,25.2,1248,5,4.25,Swift VDI BSIV,Maruti
Chennai,2008,121097,Diesel,Manual,Second,24.0,1396,5,1.9,Verna CRDi 1.4 E,Hyundai
Mumbai,2011,89000,Diesel,Automatic,First,16.73,1995,5,16.57,5 Series 2003-2012 525d,BMW
Bangalore,2012,72000,Petrol,Manual,First,17.0,1497,5,5.75,City 1.5 S MT,Honda
Delhi,2013,36000,Diesel,Automatic,Second,16.55,1968,5,14.0,A4 2.0 TDI,Audi
Jaipur,2013,86000,Diesel,Manual,Second,19.5,1248,5,2.5,Linea Classic Plus 1.3 Multijet,Fiat
Ahmedabad,2002,85000,Petrol,Manual,First,13.0,1343,5,1.2,City 1.3 EXI,Honda
Pune,2005,120000,Petrol,Manual,Second,15.5,1242,5,0.85,Petra 1.2 EL,Fiat
Kochi,2013,37613,Diesel,Automatic,First,22.69,1995,5,13.95,3 Series 320d Luxury Line,BMW
Chennai,2007,100000,Petrol,Manual,First,16.6,1388,5,1.6,Fiesta 1.4 Duratec EXI,Ford
Coimbatore,2016,5240,Petrol,Automatic,First,21.9,624,4,3.6,Nano XTA,Tata
Coimbatore,2019,16862,Petrol,Manual,First,20.89,1197,5,6.06,Ignis 1.2 Delta,Maruti
Coimbatore,2013,59254,Petrol,Manual,Second,17.5,1298,5,5.29,Swift Dzire ZXi,Maruti
Jaipur,2014,60000,Diesel,Manual,First,22.7,1498,5,5.75,Ecosport 1.5 DV5 MT Titanium,Ford
Hyderabad,2015,50295,Petrol,Manual,First,16.1,1621,5,5.8,Swift 1.3 ZXI,Maruti
Coimbatore,2014,47674,Petrol,Manual,First,19.1,1197,5,5.72,Swift Dzire VXI,Maruti
Kochi,2014,61517,Petrol,Automatic,First,16.95,1197,5,4.39,i10 Sportz AT,Hyundai
Coimbatore,2016,62946,Diesel,Manual,First,15.1,2179,7,11.05,XUV500 W6 2WD,Mahindra
Delhi,2015,66823,Diesel,Manual,Second,22.54,1396,5,4.83,i20 Magna 1.4 CRDi,Hyundai
Chennai,2012,107000,Diesel,Manual,Second,21.27,1396,5,4.5,i20 Asta 1.4 CRDi,Hyundai
Mumbai,2011,55000,Diesel,Automatic,Second,16.46,2993,5,19.5,7 Series 730Ld,BMW
Mumbai,2017,24000,Petrol,Automatic,First,14.3,1598,5,8.75,Rapid 1.6 MPI AT Style Plus,Skoda
Kochi,2016,54317,Petrol,Manual,First,17.4,1497,5,8.4,City i VTEC VX,Honda
Mumbai,2016,10200,Petrol,Manual,First,19.1,1197,5,4.99,Xcent 1.2 Kappa SX,Hyundai
Coimbatore,2016,24337,Diesel,Manual,First,26.0,1498,5,8.18,City i DTec E,Honda
Pune,2012,79000,Petrol,Manual,First,18.4,1198,5,2.9,Brio S Option MT,Honda
Jaipur,2015,40500,Diesel,Manual,First,28.09,1248,5,7.1,Ciaz ZDi Plus SHVS,Maruti
Pune,2016,23000,Diesel,Manual,First,26.59,1248,5,7.05,Swift Dzire VDI Optional,Maruti
Pune,2015,63050,Petrol,Automatic,First,11.1,2354,5,17.5,CR-V 2.4L 4WD AT,Honda
Mumbai,2008,78000,Petrol,Automatic,Second,14.53,1794,5,3.41,Corolla Altis 2008-2013 1.8 VL AT,Toyota
Coimbatore,2012,66245,Petrol,Manual,First,17.0,1497,5,5.68,City 1.5 V MT,Honda
Bangalore,2007,74112,Diesel,Manual,First,12.05,2179,9,4.1,Scorpio LX BS IV,Mahindra
Delhi,2011,87670,Petrol,Manual,First,13.4,1798,5,4.0,Laura 1.8 TSI Ambiente,Skoda
Hyderabad,2015,10000,Diesel,Automatic,First,18.88,1995,5,30.0,3 Series 320d Sport Line,BMW
Chennai,2007,62493,Petrol,Manual,First,15.0,1586,5,1.8,SX4 Zxi BSIII,Maruti
Kochi,2015,44620,Petrol,Manual,First,20.73,1373,5,6.93,Ciaz VXi Plus,Maruti
Ahmedabad,2013,60000,Diesel,Manual,First,12.99,2494,7,7.9,Innova 2.5 G (Diesel) 7 Seater BS IV,Toyota
Chennai,2014,110000,Diesel,Automatic,First,13.01,2199,7,14.4,Santa Fe 4WD AT,Hyundai
Mumbai,2011,45000,Petrol,Automatic,Second,11.74,1796,5,13.5,New C-Class C250 Avantgarde,Mercedes-Benz
Coimbatore,2012,49008,Petrol,Manual,First,19.7,796,5,2.88,Alto LXi,Maruti
Kolkata,2016,31000,Petrol,Manual,First,24.7,796,5,2.15,Alto 800 2016-2019 LXI,Maruti
Pune,2013,8000,Petrol,Manual,First,16.95,1498,5,3.75,Sunny 2011-2014 XV,Nissan
Mumbai,2019,171,Petrol,Manual,First,24.7,796,5,3.6,Alto 800 2016-2019 VXI,Maruti
Kolkata,2018,2100,Petrol,Manual,First,24.07,998,5,3.6,Alto K10 VXI,Maruti
Coimbatore,2018,20667,Petrol,Automatic,First,18.9,1197,5,7.55,Grand i10 1.2 Kappa Sportz AT,Hyundai
Kolkata,2015,50000,Diesel,Manual,First,24.2,1498,7,4.7,Mobilio S i DTEC,Honda
Jaipur,2010,100030,Diesel,Manual,Second,18.8,1248,5,1.6,Manza Aqua Quadrajet,Tata
Pune,2011,75372,Diesel,Manual,First,16.52,1991,5,3.34,Optra Magnum 2.0 LT,Chevrolet
Kochi,2016,60475,Petrol,Automatic,First,18.0,1497,5,9.1,City i VTEC CVT VX,Honda
Kochi,2019,18453,Petrol,Manual,First,18.9,1197,5,6.17,Grand i10 1.2 Kappa Sportz,Hyundai
Hyderabad,2008,96578,Diesel,Manual,First,22.0,1582,5,2.5,Verna CRDi 1.6 SX,Hyundai
Kolkata,2016,31001,Petrol,Manual,First,18.44,1198,5,3.0,Micra XL,Nissan
Jaipur,2012,65900,Diesel,Manual,First,22.32,1582,5,5.75,Verna 1.6 SX,Hyundai
Bangalore,2017,26246,Petrol,Manual,First,15.29,1591,5,10.75,Creta 1.6 VTVT E Plus,Hyundai
Jaipur,2013,62700,Petrol,Manual,Second,20.51,998,5,2.85,Wagon R VXI BS IV,Maruti
Chennai,2008,90000,Petrol,Automatic,First,10.2,2354,5,6.5,Accord 2.4 Elegance A/T,Honda
Bangalore,2016,36000,Petrol,Automatic,First,16.8,1497,5,9.45,City 1.5 S AT,Honda
Delhi,2016,46000,Diesel,Manual,First,27.39,1248,5,6.75,Baleno Alpha 1.3,Maruti
Coimbatore,2017,73003,Diesel,Manual,First,26.0,1498,5,7.75,City i DTec V,Honda
Kochi,2014,46566,Diesel,Manual,First,22.54,1396,5,4.4,i20 Era 1.4 CRDi,Hyundai
Jaipur,2015,41493,Diesel,Automatic,First,13.0,2987,5,42.0,E-Class 2015-2017 E350 Edition E,Mercedes-Benz
Kochi,2014,103788,Diesel,Manual,First,19.01,1461,5,5.67,Terrano XV 110 PS,Nissan
Bangalore,2016,45000,Diesel,Automatic,First,19.6,1461,5,11.5,Duster 110PS Diesel RxZ AMT,Renault
Pune,2009,120000,Petrol,Manual,First,18.9,998,5,1.69,Wagon R LXI Minor,Maruti
Jaipur,2009,97359,Diesel,Manual,Second,17.1,1493,5,1.8,Getz 1.5 CRDi GVS,Hyundai
Mumbai,2016,62000,Petrol,Manual,First,18.5,1197,5,3.2,Ritz LXi,Maruti
Kochi,2019,18373,Diesel,Automatic,First,22.48,1995,5,45.86,5 Series 520d Sport Line,BMW
Hyderabad,2016,60453,Petrol,Manual,First,16.47,1198,5,5.1,Polo 1.2 MPI Highline,Volkswagen
Pune,2013,37000,Diesel,Manual,First,17.8,1248,5,4.85,Swift VDI BSIV,Maruti
Mumbai,2010,69009,Petrol,Manual,Second,15.6,1196,5,2.4,Figo Petrol ZXI,Ford
Hyderabad,2013,30000,Diesel,Automatic,First,18.88,1995,5,22.0,3 Series 320d Luxury Line,BMW
Delhi,2012,70707,Diesel,Manual,First,22.32,1582,5,4.28,Verna 1.6 SX CRDi (O),Hyundai
Coimbatore,2015,64677,Diesel,Manual,First,20.45,1461,5,5.67,Duster 85PS Diesel RxL,Renault
Bangalore,2018,3000,Petrol,Automatic,First,18.9,1197,5,6.2,Grand i10 1.2 Kappa Magna AT,Hyundai
Bangalore,2013,49000,Diesel,Automatic,Second,17.05,1995,5,14.49,X1 sDrive20d,BMW
Pune,2010,71000,Diesel,Manual,First,21.1,1248,5,3.0,Ritz VDi,Maruti
Jaipur,2010,52000,Petrol,Manual,Second,19.81,1086,5,2.25,i10 Era 1.1 iTech SE,Hyundai
Kochi,2016,35659,Diesel,Automatic,First,15.97,2993,7,43.78,X5 2014-2019 xDrive 30d Design Pure Experience 7 Seater,BMW
Kochi,2019,5377,Petrol,Manual,First,16.8,1497,5,11.45,City V MT Exclusive,Honda
Delhi,2014,65000,Diesel,Automatic,First,11.18,2696,7,10.5,Ssangyong Rexton RX7,Mahindra
Coimbatore,2015,92708,Diesel,Manual,First,22.7,1498,5,7.48,Ecosport 1.5 DV5 MT Titanium Optional,Ford
Coimbatore,2010,48105,Petrol,Manual,First,19.7,796,5,3.1,Alto LXi,Maruti
Mumbai,2011,46759,Petrol,Manual,First,16.47,1198,5,2.55,Polo 1.2 MPI Highline,Volkswagen
Jaipur,2013,62000,Diesel,Manual,First,22.07,1199,5,3.5,Polo Diesel Comfortline 1.2L,Volkswagen
Kolkata,2012,35175,Diesel,Manual,First,22.07,1199,5,2.59,Polo Diesel Highline 1.2L,Volkswagen
Kolkata,2013,70000,Diesel,Manual,First,20.77,1248,7,5.45,Ertiga ZDI,Maruti
Kolkata,2017,30000,Diesel,Manual,First,22.77,1498,5,6.0,EcoSport 1.5 TDCi Ambiente,Ford
Kolkata,2016,66618,Diesel,Automatic,First,11.36,2755,7,15.49,Innova Crysta 2.8 ZX AT,Toyota
Mumbai,2010,69300,Petrol,Automatic,Second,10.8,2497,5,12.5,5 Series 523i Sedan,BMW
Kolkata,2017,148000,Diesel,Manual,First,23.4,1248,5,4.75,Swift Dzire Tour LDI,Maruti
Mumbai,2017,22000,Petrol,Manual,First,18.88,999,5,7.85,Ecosport 1.0 Ecoboost Platinum Edition,Ford
Ahmedabad,2013,75000,Diesel,Manual,First,16.8,1493,5,6.0,Verna CRDi SX,Hyundai
Mumbai,2016,43706,Petrol,Manual,First,17.57,1193,5,4.0,Zest Revotron 1.2T XM,Tata
Mumbai,2011,42000,Diesel,Automatic,First,14.4,2967,5,28.75,A7 2011-2015 3.0 TDI Quattro,Audi
Pune,2012,65000,Diesel,Manual,First,22.3,1248,5,2.5,Indica Vista Quadrajet VX,Tata
Delhi,2015,76128,Diesel,Manual,First,26.59,1248,5,5.5,Swift Dzire VDI,Maruti
Kolkata,2010,39852,Petrol,Manual,First,16.0,1368,5,1.59,Linea Emotion,Fiat
Mumbai,2017,18673,Petrol,Manual,First,18.6,1197,5,6.22,i20 1.2 Spotz,Hyundai
Kolkata,2016,11583,Petrol,Manual,First,21.1,814,5,2.75,EON Era Plus,Hyundai
Pune,2017,50000,Diesel,Automatic,First,17.9,2143,5,25.0,GLA Class 200 CDI SPORT,Mercedes-Benz
Delhi,2014,77000,Petrol,Manual,First,23.1,998,5,2.8,Celerio VXI,Maruti
Mumbai,2014,54890,Petrol,Manual,Second,17.8,1199,5,2.45,Beat LT,Chevrolet
Pune,2016,21000,Petrol,Automatic,First,19.0,1199,5,6.35,Jazz 1.2 V AT i VTEC Privilege,Honda
Mumbai,2009,58557,Diesel,Automatic,Third,16.07,1995,5,8.0,3 Series 320d Highline,BMW
Bangalore,2014,70000,Diesel,Manual,First,19.01,1461,5,8.25,Duster 110PS Diesel RxL,Renault
Mumbai,2017,16000,Petrol,Automatic,First,17.01,1499,5,5.95,Figo 2015-2019 1.5P Titanium AT,Ford
Kochi,2018,8899,Diesel,Manual,First,13.68,2393,7,19.92,Innova Crysta 2.4 VX MT,Toyota
Kochi,2016,83629,Diesel,Manual,First,25.44,936,5,3.15,Beat Diesel LS,Chevrolet
Chennai,2014,35059,Petrol,Automatic,First,17.21,1798,4,5.75,Polo GTI,Volkswagen
Kochi,2018,30552,Diesel,Automatic,First,10.91,3198,7,32.44,Endeavour 3.2 Trend AT 4X4,Ford
Kochi,2016,44875,Diesel,Automatic,Second,22.32,1582,5,8.01,Verna 1.6 SX CRDI (O) AT,Hyundai
Coimbatore,2017,25095,Petrol,Manual,First,18.16,1196,5,6.48,Figo 2015-2019 1.2P Titanium Opt MT,Ford
Jaipur,2007,59000,Petrol,Manual,First,16.1,796,4,0.75,800 AC,Maruti
Kolkata,2014,36000,Diesel,Manual,First,26.0,1498,5,5.0,City i DTEC V,Honda
Mumbai,2012,37000,Diesel,Manual,First,16.0,2179,7,7.75,XUV500 W8 2WD,Mahindra
Chennai,2010,90000,Diesel,Manual,First,20.0,1399,5,2.6,Figo Diesel ZXI,Ford
Pune,2018,17000,Petrol,Manual,First,17.0,1497,5,9.2,EcoSport 1.5 Petrol Titanium,Ford
Mumbai,2015,42575,Petrol,Manual,First,18.6,1197,5,5.05,i20 Asta 1.2,Hyundai
Hyderabad,2012,131000,Diesel,Manual,First,12.99,2494,7,9.6,Innova 2.5 G (Diesel) 7 Seater BS IV,Toyota
Mumbai,2013,74000,Diesel,Manual,First,20.46,1461,5,5.5,Duster 85PS Diesel RxL Optional,Renault
Mumbai,2013,47234,Diesel,Manual,First,12.99,2494,8,9.35,Innova 2.5 VX (Diesel) 8 Seater,Toyota
Delhi,2009,231673,Petrol,Manual,First,17.0,1497,5,2.6,City 1.5 S MT,Honda
Hyderabad,2016,10000,Petrol,Manual,First,24.07,998,5,3.5,Alto K10 VXI,Maruti
Kochi,2016,49389,Petrol,Manual,First,19.49,1198,5,4.26,Micra Active XL Petrol,Nissan
Chennai,2016,12000,Petrol,Automatic,Second,23.1,998,5,4.25,Celerio VXI AT,Maruti
Hyderabad,2010,65000,Petrol,Manual,Second,11.7,1796,5,11.75,New C-Class 200 Kompressor,Mercedes-Benz
Chennai,2013,177000,Diesel,Manual,First,23.5,1498,5,3.5,Fiesta Diesel Style,Ford
Jaipur,2015,89000,Petrol,Manual,First,17.01,1591,5,7.5,Verna 1.6 VTVT S,Hyundai
Chennai,2009,72000,Petrol,Automatic,Third,15.0,1396,5,3.25,i20 1.4 Asta (AT),Hyundai
Chennai,2012,49000,Petrol,Manual,First,17.5,1298,5,4.9,Swift Dzire VXi,Maruti
Hyderabad,2014,51355,Diesel,Automatic,First,14.84,2143,5,27.0,New C-Class C 220CDIBE Avantgarde Command,Mercedes-Benz
Kochi,2017,13460,Petrol,Manual,First,18.6,1197,5,8.91,Elite i20 Petrol Asta,Hyundai
Kochi,2014,35642,Petrol,Automatic,First,17.01,1591,5,6.69,Verna 1.6 VTVT EX AT,Hyundai
Kochi,2014,52895,Diesel,Manual,First,17.3,1998,5,6.02,Cruze LTZ,Chevrolet
Mumbai,2010,93000,Petrol,Manual,First,14.28,1798,5,4.5,Corolla Altis 1.8 G,Toyota
Pune,2011,70000,Petrol,Manual,First,19.0,998,5,2.0,A-Star Vxi,Maruti
Kolkata,2012,32048,Diesel,Manual,First,23.08,1461,5,2.4,Micra Diesel XV Premium,Nissan
Pune,2013,4700,Petrol,Manual,First,25.4,624,4,1.2,Nano LX,Tata
Delhi,2014,71800,Diesel,Manual,First,23.4,1248,5,2.9,Swift Dzire Tour LDI,Maruti
Ahmedabad,2016,45000,Diesel,Automatic,First,17.32,1968,5,27.0,Q3 2.0 TDI Quattro,Audi
Chennai,2016,15388,Diesel,Manual,First,25.8,1498,5,7.5,Amaze VX i-DTEC,Honda
Mumbai,2004,98798,Petrol,Manual,First,14.7,1599,5,1.5,Optra 1.6 LS,Chevrolet
Hyderabad,2016,43000,Diesel,Automatic,First,14.16,1968,5,39.5,Q5 2.0 TDI Premium Plus,Audi
Hyderabad,2012,85112,Diesel,Manual,First,23.2,1248,5,3.39,Ritz VDi,Maruti
Kochi,2018,37804,Diesel,Manual,First,15.4,2179,7,12.4,Scorpio S6 7 Seater,Mahindra
Chennai,2014,45000,Diesel,Manual,First,28.09,1248,5,6.85,Ciaz ZDi SHVS,Maruti
Pune,2011,116000,Diesel,Manual,Second,21.43,1364,5,5.75,Corolla Altis Aero D 4D J,Toyota
Chennai,2015,100073,Diesel,Manual,Second,25.0,1396,5,2.0,Indica V2 eLS,Tata
Jaipur,2006,165000,Petrol,Manual,First,16.1,796,4,0.9,800 Std BSIII,Maruti
Kolkata,2015,22000,Petrol,Manual,First,16.47,1198,5,3.8,Polo 1.2 MPI Highline,Volkswagen
Delhi,2017,9500,Petrol,Automatic,First,14.62,1999,5,16.35,Elantra 2.0 SX Option AT,Hyundai
Hyderabad,2012,152000,Diesel,Automatic,First,11.5,2982,7,16.5,Fortuner 4x2 4 Speed AT,Toyota
Coimbatore,2019,17705,Petrol,Manual,First,21.4,1197,5,8.7,Baleno Zeta 1.2,Maruti
Mumbai,2016,12000,Petrol,Manual,First,21.4,1197,5,6.1,Baleno Zeta 1.2,Maruti
Hyderabad,2013,51000,Diesel,Automatic,First,23.8,1998,5,21.94,Cooper Countryman D,Mini
Chennai,2009,42000,Diesel,Automatic,Second,13.0,2987,5,22.0,S Class 2005 2013 320 CDI,Mercedes-Benz
Delhi,2015,51000,Petrol,Manual,First,20.92,998,5,2.65,Alto K10 LXI,Maruti
Kochi,2017,42527,Petrol,Manual,First,20.4,1197,5,5.27,Swift VXI Optional,Maruti
Kolkata,2014,45000,Diesel,Manual,First,22.1,1248,5,2.48,Sail LT ABS,Chevrolet
Kolkata,2011,70000,Diesel,Manual,First,12.8,2494,8,6.0,Innova 2.5 G (Diesel) 8 Seater BS IV,Toyota
Mumbai,2009,92000,Diesel,Manual,First,11.5,2982,7,8.9,Fortuner 3.0 Diesel,Toyota
Hyderabad,2012,57156,Diesel,Automatic,Second,18.88,1995,5,18.0,3 Series 320d Sport Line,BMW
Coimbatore,2016,53211,Petrol,Manual,First,16.8,1395,5,11.64,Octavia Ambition 1.4 TSI MT,Skoda
Kolkata,2019,80000,Diesel,Manual,First,11.5,2982,7,8.99,Fortuner 3.0 Diesel,Toyota
Bangalore,2009,74000,Diesel,Automatic,First,15.5,1896,5,5.25,Jetta 2007-2011 1.9 Highline TDI,Volkswagen
Kolkata,2011,37000,Diesel,Manual,First,23.0,1396,5,2.95,i20 1.4 CRDi Asta,Hyundai
Mumbai,2013,64000,Diesel,Manual,Second,21.02,1248,5,2.65,Manza Club Class Quadrajet90 LX,Tata
Pune,2013,57197,Petrol,Manual,First,15.04,1598,5,4.0,Vento Petrol Highline,Volkswagen
Chennai,2016,55000,Diesel,Automatic,First,17.6,1582,5,12.5,Creta 1.6 SX Automatic Diesel,Hyundai
Mumbai,2014,33000,Petrol,Manual,First,21.1,1197,5,3.25,Ritz VXI,Maruti
Delhi,2008,70000,Petrol,Manual,First,13.1,1997,5,4.0,CR-V 2.0L 2WD MT,Honda
Delhi,2012,75000,Diesel,Manual,Second,15.1,2179,7,6.25,XUV500 W8 2WD,Mahindra
Jaipur,2016,58095,Diesel,Manual,First,21.66,1498,5,5.8,Ameo 1.5 TDI Comfortline,Volkswagen
Kolkata,2015,7445,Petrol,Manual,First,17.57,1193,5,5.0,Zest Revotron 1.2 XT,Tata
Kochi,2018,28321,Petrol,Automatic,First,14.28,1798,5,17.49,Corolla Altis 1.8 VL CVT,Toyota
Pune,2011,69000,Petrol,Manual,Second,19.0,998,5,1.95,A-Star Vxi,Maruti
Mumbai,2007,80000,Petrol,Automatic,First,11.1,2354,5,3.0,Accord VTi-L (AT),Honda
Delhi,2014,42365,Petrol,Manual,First,17.0,1197,5,5.5,i20 Asta (o),Hyundai
Delhi,2013,123000,Diesel,Automatic,First,12.55,2982,7,16.5,Fortuner 4x2 AT,Toyota
Mumbai,2011,40000,Petrol,Automatic,Second,11.74,1796,5,14.5,New C-Class C 200 CGI Avantgarde,Mercedes-Benz
Hyderabad,2016,30112,Diesel,Manual,First,27.39,1248,5,7.79,Baleno Alpha 1.3,Maruti
Kochi,2017,43775,Diesel,Manual,First,20.77,1248,7,8.27,Ertiga VDI,Maruti
Mumbai,2012,56000,Petrol,Manual,First,12.9,1598,5,2.15,Optra Magnum 1.6 LT ABS BS3,Chevrolet
Hyderabad,2008,95000,Petrol,Automatic,Second,12.9,1799,5,3.0,Civic 2006-2010 1.8 V AT,Honda
Coimbatore,2014,41089,Diesel,Automatic,First,16.09,1995,5,28.79,X3 xDrive20d,BMW
Mumbai,2011,41988,Diesel,Automatic,First,20.0,1968,5,5.45,Laura Ambition 2.0 TDI CR AT,Skoda
Delhi,2013,72486,Diesel,Manual,First,23.4,1248,5,3.95,Swift Dzire VDI,Maruti
Pune,2013,92000,Diesel,Automatic,First,23.3,1984,5,16.0,V40 Cross Country D3,Volvo
Delhi,2013,40000,Petrol,Manual,First,17.5,1298,5,4.25,Swift Dzire ZXi,Maruti
Bangalore,2014,56000,Diesel,Automatic,First,12.7,2179,5,34.5,Rover Range Rover 2.2L Pure,Land
Mumbai,2008,125000,Petrol,Automatic,Third,11.7,2354,5,2.6,Accord 2.4 AT,Honda
Kochi,2017,29219,Diesel,Manual,First,12.99,2494,8,13.48,Innova 2.5 G (Diesel) 8 Seater,Toyota
Hyderabad,2018,39927,Diesel,Manual,First,12.55,2982,7,32.1,Fortuner 4x4 MT,Toyota
Kochi,2018,38593,Petrol,Manual,First,18.7,1199,5,6.17,Jazz 1.2 E i VTEC,Honda
Kolkata,2015,32000,Petrol,Manual,First,17.0,1497,5,5.5,City 1.5 V MT,Honda
Hyderabad,2017,28226,Diesel,Automatic,First,28.4,1248,5,9.15,Dzire AMT ZDI Plus,Maruti
Pune,2014,95000,Diesel,Manual,First,21.64,1461,5,4.5,Sunny 2011-2014 Diesel XL,Nissan
Chennai,2014,194000,Diesel,Manual,First,12.99,2494,8,10.5,Innova 2.5 G (Diesel) 8 Seater,Toyota
Coimbatore,2016,14821,Petrol,Manual,First,19.4,1198,5,5.37,Brio S MT,Honda
Bangalore,2012,52000,Petrol,Manual,First,15.04,1598,5,5.45,Vento Petrol Trendline,Volkswagen
Mumbai,2016,33000,Diesel,Manual,First,16.0,2179,7,9.25,XUV500 W4,Mahindra
Chennai,2016,29200,Diesel,Manual,First,23.0,1498,5,7.7,EcoSport 1.5 Diesel Titanium Plus,Ford
Hyderabad,2012,99754,Diesel,Manual,First,17.72,1968,5,7.99,Yeti Ambition 4X2,Skoda
Chennai,2012,49000,Petrol,Manual,First,20.36,1197,5,3.0,i10 Sportz,Hyundai
Hyderabad,2005,299322,Diesel,Manual,First,12.8,2494,8,4.0,Innova 2.5 G (Diesel) 8 Seater BS IV,Toyota
Coimbatore,2018,38310,Diesel,Manual,First,20.65,1248,5,6.69,Zest Quadrajet 1.3 XT,Tata
Delhi,2014,56000,Diesel,Manual,First,22.9,1248,5,4.25,Swift VDI,Maruti
Kolkata,2017,31300,Diesel,Automatic,First,21.72,1498,5,10.5,Rapid 1.5 TDI AT Style,Skoda
Coimbatore,2019,11241,Diesel,Manual,First,13.68,2393,8,22.55,Innova Crysta 2.4 VX MT 8S,Toyota
Pune,2014,48000,Petrol,Manual,Second,17.01,1591,5,5.2,Verna 1.6 SX VTVT,Hyundai
Coimbatore,2019,23882,Petrol,Manual,First,17.4,1497,5,11.87,City i VTEC VX Option,Honda
Hyderabad,2014,65000,Diesel,Manual,First,26.0,1498,5,6.99,City i DTEC SV,Honda
Jaipur,2011,50000,Diesel,Manual,First,20.54,1598,5,5.0,Vento Diesel Highline,Volkswagen
Chennai,2014,25000,Diesel,Automatic,First,12.19,2967,5,44.0,Q5 2008-2012 3.0 TDI,Audi
Chennai,2015,21000,Petrol,Manual,First,22.74,796,5,2.79,Alto 800 LXI,Maruti
Pune,2012,148000,Diesel,Manual,Second,21.12,1248,5,2.9,Manza ELAN Quadrajet BS IV,Tata
Delhi,2016,68000,Petrol,Manual,First,15.29,1591,5,9.85,Creta 1.6 SX Plus Dual Tone Petrol,Hyundai
Bangalore,2014,52000,Diesel,Automatic,First,12.0,2987,7,49.0,GL-Class 2007 2012 350 CDI Luxury,Mercedes-Benz
Jaipur,2016,19000,Diesel,Manual,First,16.55,2498,6,9.25,Thar CRDe,Mahindra
Mumbai,2011,74000,Diesel,Manual,Second,22.32,1582,5,3.75,Verna 1.6 CRDI,Hyundai
Coimbatore,2017,30279,Diesel,Manual,First,26.1,1498,5,7.29,Aspire Titanium Diesel,Ford
Mumbai,2016,20000,Diesel,Automatic,First,20.7,1496,4,23.5,Cooper 3 DOOR D,Mini
Hyderabad,2013,34834,Petrol,Manual,First,14.0,796,5,2.6,Omni 8 Seater BSIV,Maruti
Pune,2015,90000,Diesel,Manual,Second,21.03,1461,5,3.1,Verito 1.5 D4 BSIV,Mahindra
Coimbatore,2016,38730,Diesel,Automatic,First,14.21,2143,5,29.98,E-Class 2009-2013 E250 CDI Elegance,Mercedes-Benz
Kochi,2016,57390,Diesel,Manual,First,19.01,1461,5,6.73,Duster 110PS Diesel RxZ,Renault
Kolkata,2016,100000,Diesel,Manual,First,23.4,1248,5,3.5,Swift Dzire Tour LDI,Maruti
Kolkata,2011,50000,Petrol,Manual,First,16.47,1198,5,2.35,Polo Petrol Highline 1.2L,Volkswagen
Coimbatore,2017,64961,Diesel,Manual,First,16.0,2179,7,16.13,XUV500 W10 2WD,Mahindra
Coimbatore,2014,72465,Petrol,Manual,First,16.47,1198,5,5.9,Polo 1.2 MPI Highline,Volkswagen
Hyderabad,2012,68776,Petrol,Manual,First,21.1,1197,5,3.9,Ritz VXI,Maruti
Pune,2005,150000,Petrol,Manual,First,14.7,1598,5,1.5,Optra 1.6 Elite,Chevrolet
Delhi,2012,68000,Diesel,Manual,First,12.8,2494,7,6.95,Innova 2.5 GX 7 STR BSIV,Toyota
Delhi,2015,33000,Diesel,Manual,First,26.0,1498,5,7.0,City i DTec SV,Honda
Coimbatore,2017,22389,Petrol,Manual,First,17.0,1198,5,7.23,Ameo 1.2 MPI Highline,Volkswagen
Mumbai,2012,90000,Diesel,Manual,First,21.5,1248,5,3.81,SX4 ZDI Leather,Maruti
Chennai,2012,42000,Petrol,Manual,Third,18.6,1197,5,4.5,Swift ZXI,Maruti
Pune,2017,38767,Diesel,Manual,First,19.67,1582,5,12.6,Creta 1.6 CRDi SX,Hyundai
Bangalore,2015,21000,Diesel,Automatic,First,12.07,2967,7,48.0,Q7 35 TDI Quattro Technology,Audi
Coimbatore,2010,59136,Petrol,Manual,First,19.7,796,5,2.96,Alto LXi BSIII,Maruti
Kolkata,2014,36000,Diesel,Manual,First,25.8,1498,5,3.25,Amaze SX i-DTEC,Honda
Chennai,2011,95000,Diesel,Automatic,Second,18.33,1968,5,8.5,Passat Diesel Highline 2.0 TDI,Volkswagen
Mumbai,2013,51000,Diesel,Automatic,First,19.5,1582,5,8.75,Elantra CRDi SX AT,Hyundai
Kochi,2011,36411,Petrol,Manual,First,18.9,998,5,3.08,Wagon R VXI BS IV,Maruti
Mumbai,2017,40000,Diesel,Automatic,First,12.81,1999,7,41.5,Rover Discovery Sport TD4 HSE 7S,Land
Pune,2016,27300,Petrol,Manual,First,17.8,1497,5,7.0,City i VTEC SV,Honda
Kochi,2011,29813,Petrol,Automatic,Second,14.74,1991,5,11.5,New C-Class C 200 Avantgarde Edition C,Mercedes-Benz
Pune,2011,71000,Petrol,Manual,First,20.51,998,5,2.6,Wagon R LX BS IV,Maruti
Kolkata,2014,32000,Diesel,Manual,First,22.32,1582,5,4.3,Verna 1.6 CRDI,Hyundai
Jaipur,2017,50510,Diesel,Automatic,First,17.06,1968,5,24.9,Tiguan 2.0 TDI Highline,Volkswagen
Pune,2011,102000,Diesel,Automatic,First,15.06,1995,5,13.75,X1 sDrive 20d Exclusive,BMW
Kolkata,2014,42277,Diesel,Manual,First,24.0,1186,5,3.85,Grand i10 1.2 CRDi Sportz Option,Hyundai
Mumbai,2014,46000,Diesel,Automatic,First,13.0,2143,5,23.25,E-Class E250 CDI Avantgrade,Mercedes-Benz
Chennai,2012,35000,Diesel,Manual,First,13.6,2523,7,7.0,Bolero ZLX,Mahindra
Bangalore,2015,50000,Petrol,Manual,First,18.9,1197,5,5.75,Grand i10 Asta Option,Hyundai
Mumbai,2008,62000,Petrol,Manual,Second,20.36,1197,5,1.65,i10 Magna 1.2,Hyundai
Mumbai,2012,78000,Diesel,Manual,First,19.33,1968,5,6.5,Jetta 2012-2014 2.0L TDI Comfortline,Volkswagen
Chennai,2011,79000,Diesel,Manual,First,17.67,1968,5,7.5,Yeti Elegance,Skoda
Chennai,2010,135000,Diesel,Manual,Second,11.5,2982,7,11.0,Fortuner 3.0 Diesel,Toyota
Kochi,2013,36716,Petrol,Manual,First,18.9,1061,5,3.02,Wagon R VXI Minor ABS,Maruti
Coimbatore,2013,65060,Petrol,Manual,First,21.1,814,5,3.32,EON Era,Hyundai
Delhi,2013,33000,Petrol,Manual,First,19.4,1198,5,3.24,Brio S MT,Honda
Kolkata,2015,11110,Petrol,Manual,First,22.74,796,5,2.35,Alto 800 VXI,Maruti
Jaipur,2013,63000,Diesel,Manual,First,15.96,2523,7,5.5,Bolero ZLX,Mahindra
Mumbai,2015,27030,Petrol,Manual,First,17.8,1497,5,6.75,City i VTEC SV,Honda
Mumbai,2015,19600,Petrol,Manual,First,15.0,1598,5,6.15,Rapid 1.6 MPI Elegance Black Package,Skoda
Pune,2016,27755,Petrol,Manual,First,22.0,1197,5,5.45,Swift VVT VXI,Maruti
Hyderabad,2013,20000,Petrol,Manual,Second,21.1,814,5,2.3,EON Magna Plus,Hyundai
Kochi,2015,24782,Petrol,Manual,First,20.85,1197,5,6.21,Swift Dzire ZXI,Maruti
Coimbatore,2014,47303,Petrol,Automatic,First,19.34,1198,5,5.21,Micra XV CVT,Nissan
Delhi,2008,71000,Petrol,Automatic,First,8.3,4134,7,11.99,Q7 4.2 FSI quattro,Audi
Pune,2010,135000,Diesel,Manual,First,17.8,1248,5,3.1,Swift Vdi BSIII,Maruti
Jaipur,2017,1000,Diesel,Manual,First,13.49,2179,5,7.5,Xenon XT EX 4X2,Tata
Kolkata,2016,29000,Diesel,Manual,First,20.14,1498,5,4.0,Polo 1.5 TDI Comfortline,Volkswagen
Kochi,2016,36367,Petrol,Manual,First,17.8,1497,5,7.73,City i VTEC SV,Honda
Bangalore,2015,38000,Petrol,Manual,First,17.4,1497,5,7.8,City i VTEC V,Honda
Hyderabad,2011,83969,Petrol,Manual,First,16.1,796,4,1.3,800 AC BSIII,Maruti
Jaipur,2014,82621,Diesel,Manual,First,20.14,1498,5,4.42,Polo 1.5 TDI Trendline,Volkswagen
Pune,2009,89000,Diesel,Automatic,First,12.5,1991,7,4.0,Captiva LTZ VCDi,Chevrolet
Kolkata,2016,54000,Diesel,Manual,First,16.0,2179,7,13.0,XUV500 W10 2WD,Mahindra
Kochi,2015,61691,Diesel,Manual,First,25.8,1498,5,5.38,Amaze VX i-DTEC,Honda
Chennai,2011,32200,Petrol,Manual,Second,17.0,1197,5,3.25,i20 1.2 Sportz Option,Hyundai
Jaipur,2016,68630,Petrol,Automatic,First,20.51,998,5,3.87,Wagon R AMT VXI,Maruti
Mumbai,2014,61000,Diesel,Automatic,Second,16.96,1968,5,8.25,Jetta 2013-2015 2.0L TDI Highline AT,Volkswagen
Mumbai,2018,32644,Petrol,Manual,First,20.73,1373,5,9.28,Ciaz 1.4 Zeta,Maruti
Delhi,2012,85000,Diesel,Automatic,First,11.79,2179,7,6.25,Scorpio 2009-2014 VLX 4WD AT 7S BSIV,Mahindra
Mumbai,2008,75000,Petrol,Manual,Second,15.26,1150,5,1.15,Aveo U-VA 1.2 LS,Chevrolet
Kochi,2016,40347,Petrol,Manual,First,20.73,1373,5,7.8,Ciaz ZXi Option,Maruti
Hyderabad,2012,60788,Diesel,Manual,First,23.0,1396,5,4.5,i20 1.4 CRDi Asta,Hyundai
Kochi,2018,18664,Petrol,Manual,First,18.7,1199,5,7.56,Jazz 1.2 SV i VTEC,Honda
Coimbatore,2017,57847,Diesel,Manual,First,16.0,2179,7,16.08,XUV500 W10 2WD,Mahindra
Bangalore,2012,52237,Petrol,Manual,First,17.0,1197,5,4.5,i20 1.2 Sportz,Hyundai
Chennai,2012,128000,Diesel,Manual,First,22.32,1582,5,5.0,Verna 1.6 SX,Hyundai
Delhi,2011,54000,Petrol,Manual,First,19.81,1086,5,2.2,i10 Era 1.1,Hyundai
Bangalore,2014,49800,Petrol,Automatic,First,23.1,998,5,4.0,Celerio VXI AT,Maruti
Kolkata,2012,98000,Diesel,Manual,First,20.86,1199,5,2.51,Fabia 1.2 TDI Ambition,Skoda
Delhi,2015,60095,Diesel,Manual,First,25.2,1248,5,4.75,Swift VDI BSIV,Maruti
Pune,2008,68000,Petrol,Manual,Second,16.0,1086,5,2.0,i10 Magna(O) with Sun Roof,Hyundai
Jaipur,2010,81402,Petrol,Manual,Second,20.36,1197,5,2.1,i10 Magna 1.2,Hyundai
Mumbai,2013,38000,Petrol,Automatic,First,16.5,1499,5,6.25,Ecosport 1.5 Ti VCT AT Titanium,Ford
Kochi,2011,92239,Diesel,Automatic,Second,11.5,2987,5,10.6,E-Class 2009-2013 E350 CDI Avantgarde,Mercedes-Benz
Ahmedabad,2017,49224,Diesel,Manual,First,25.2,1248,5,6.0,Swift VDI BSIV,Maruti
Jaipur,2004,12000,Petrol,Manual,Second,16.1,796,4,0.45,800 Std BSIII,Maruti
Pune,2010,54898,Petrol,Manual,Third,16.1,1298,5,2.5,Swift Lxi BSIII,Maruti
Mumbai,2018,2500,Petrol,Manual,First,15.29,1591,5,12.75,Creta 1.6 SX Plus Dual Tone Petrol,Hyundai
Kochi,2017,32838,Diesel,Automatic,First,17.05,1995,5,30.29,X1 M Sport sDrive 20d,BMW
Hyderabad,2006,27076,Petrol,Manual,First,13.8,1299,5,1.6,Ikon 1.3 Flair,Ford
Kochi,2017,75445,Diesel,Manual,First,22.7,1498,5,7.54,Ecosport 1.5 DV5 MT Titanium Optional,Ford
Kochi,2015,46601,Petrol,Manual,First,20.73,1373,5,6.84,Ciaz VXi Plus,Maruti
Kolkata,2012,72000,Diesel,Automatic,First,18.33,1968,5,6.0,Passat Diesel Highline 2.0 TDI,Volkswagen
Pune,2017,27000,Diesel,Manual,First,27.3,1498,5,8.0,Jazz 1.5 VX i DTEC,Honda
Coimbatore,2016,68193,Diesel,Automatic,First,17.11,1968,5,24.74,A4 35 TDI Premium,Audi
Kochi,2017,34429,Diesel,Manual,First,24.0,1120,5,5.5,Grand i10 CRDi Sportz Celebration Edition,Hyundai
Delhi,2013,46000,Diesel,Automatic,First,12.0,2987,7,36.0,GL-Class 2007 2012 350 CDI Luxury,Mercedes-Benz
Coimbatore,2013,80544,Diesel,Manual,First,12.99,2494,7,11.79,Innova 2.5 G (Diesel) 7 Seater,Toyota
Jaipur,2011,42000,Petrol,Manual,Second,16.95,1498,5,3.0,Sunny 2011-2014 XL,Nissan
Bangalore,2011,94821,Diesel,Automatic,Second,20.0,1968,5,6.75,Laura Ambiente 2.0 TDI CR AT,Skoda
Jaipur,2006,100000,Petrol,Manual,First,14.49,1399,5,1.4,Aveo 1.4 LS,Chevrolet
Mumbai,2014,57000,Diesel,Manual,First,24.2,1498,7,5.75,Mobilio V i DTEC,Honda
Hyderabad,2010,79894,Diesel,Manual,First,21.1,1248,5,3.4,Ritz VDi,Maruti
Coimbatore,2011,44748,Petrol,Manual,Second,16.47,1198,5,4.89,Polo Petrol Highline 1.2L,Volkswagen
Mumbai,2013,31000,Petrol,Manual,First,13.24,1598,5,4.95,Terrano XL,Nissan
Coimbatore,2013,60587,Petrol,Automatic,Second,16.98,998,5,3.49,A-Star AT Vxi Aktiv,Maruti
Pune,2011,32000,Diesel,Manual,First,23.59,1364,5,3.85,Etios Liva GD,Toyota
Pune,2014,43772,Petrol,Manual,First,17.0,1497,5,6.35,City 1.5 S MT,Honda
Coimbatore,2017,23576,Petrol,Automatic,First,18.9,1197,5,7.08,Grand i10 AT Asta,Hyundai
Hyderabad,2017,4000,Diesel,Automatic,First,13.6,1999,5,38.0,XE 2.0L Diesel Prestige,Jaguar
Kolkata,2012,62000,Diesel,Manual,First,12.05,2179,8,6.25,Scorpio VLX,Mahindra
Mumbai,2011,36000,Petrol,Automatic,First,11.74,1796,5,10.15,New C-Class C 200 Kompressor Elegance AT,Mercedes-Benz
Delhi,2014,80000,Petrol,Automatic,First,13.7,1798,5,10.75,Superb Elegance 1.8 TSI AT,Skoda
Pune,2012,137008,Diesel,Automatic,First,18.1,1991,4,4.65,Cruze LTZ AT,Chevrolet
Delhi,2010,61001,Diesel,Manual,First,12.05,2179,8,4.75,Scorpio VLX,Mahindra
Coimbatore,2015,52191,Petrol,Manual,First,17.1,1591,5,7.78,Verna 1.6 SX VTVT (O),Hyundai
Hyderabad,2016,77076,Diesel,Manual,First,23.0,1396,5,6.75,i20 1.4 Asta CRDi with AVN,Hyundai
Hyderabad,2008,56000,Petrol,Automatic,First,16.4,1497,5,2.99,City ZX CVT,Honda
Kolkata,2013,21000,Petrol,Manual,First,20.36,1197,5,2.35,i10 Magna,Hyundai
Delhi,2013,89429,Diesel,Manual,First,25.8,1498,5,3.65,Amaze S i-Dtech,Honda
Delhi,2012,45631,Petrol,Manual,Second,22.5,998,5,2.74,Wagon R LXI,Maruti
Jaipur,2013,53959,Petrol,Manual,First,19.4,1198,5,3.5,Brio S MT,Honda
Kochi,2014,55804,Petrol,Manual,First,17.0,1197,5,4.76,i20 1.2 Sportz Option,Hyundai
Kochi,2016,25899,Petrol,Manual,First,15.04,1598,5,6.2,Vento 2013-2015 1.6 Comfortline,Volkswagen
Pune,2008,82000,Diesel,Manual,Second,18.7,1896,5,2.35,Octavia Rider 1.9 TDI MT,Skoda
Mumbai,2014,52000,Diesel,Automatic,First,13.0,2143,5,24.5,E-Class 2015-2017 E250 CDI Avantgarde,Mercedes-Benz
Pune,2013,20000,Petrol,Manual,First,13.24,1598,5,6.0,Duster Petrol RxL,Renault
Hyderabad,2017,31829,Petrol,Manual,First,21.1,814,5,3.65,EON Sportz,Hyundai
Coimbatore,2016,18094,Petrol,Manual,Second,18.6,1197,5,6.26,Swift VXI,Maruti
Jaipur,2011,80000,Diesel,Manual,Second,19.5,1461,5,2.1,Micra Diesel,Nissan
Mumbai,2015,11964,Diesel,Automatic,First,13.22,2967,5,32.95,Q5 3.0 TDI Quattro Technology,Audi
Coimbatore,2018,22684,Petrol,Manual,First,18.6,1197,5,7.8,i20 1.2 Spotz,Hyundai
Bangalore,2014,43521,Petrol,Manual,First,19.4,1198,5,4.25,Brio S MT,Honda
Kochi,2014,49386,Petrol,Manual,First,17.5,1298,5,4.86,Swift Dzire ZXi,Maruti
Delhi,2017,12248,Petrol,Manual,First,18.9,1197,5,4.9,Grand i10 1.2 Kappa Magna,Hyundai
Coimbatore,2014,67771,Diesel,Manual,First,11.68,2498,8,7.06,Xylo E8 ABS BS IV,Mahindra
Delhi,2015,60007,Petrol,Automatic,First,17.21,1798,4,4.5,Polo GTI,Volkswagen
Coimbatore,2011,48624,Petrol,Manual,First,24.07,998,5,3.22,Alto K10 VXI,Maruti
Kolkata,2014,30000,Diesel,Manual,First,22.07,1199,5,3.25,Polo Diesel Comfortline 1.2L,Volkswagen
Delhi,2016,81605,Petrol,Manual,First,18.9,1197,5,4.53,Grand i10 Sportz,Hyundai
Coimbatore,2017,32642,Diesel,Automatic,First,14.84,2143,5,34.78,New C-Class C 220 CDI Elegance AT,Mercedes-Benz
Pune,2014,34200,Petrol,Automatic,First,15.74,1591,5,6.5,Verna 1.6 SX VTVT AT,Hyundai
Chennai,2010,72204,Petrol,Manual,First,15.7,1172,5,2.25,Punto EVO 1.2 Emotion,Fiat
Pune,2011,156347,Diesel,Manual,Second,12.99,2494,8,8.0,Innova 2.5 VX (Diesel) 8 Seater BS IV,Toyota
Kochi,2017,47357,Diesel,Automatic,First,18.49,1493,7,8.37,TUV 300 2015-2019 mHAWK100 T8 AMT,Mahindra
Coimbatore,2015,61738,Diesel,Manual,First,20.14,1498,5,5.39,Polo 1.5 TDI Comfortline,Volkswagen
Kochi,2018,32586,Diesel,Automatic,First,22.48,1995,5,37.3,5 Series 520d Luxury Line,BMW
Mumbai,2012,51000,Diesel,Automatic,First,11.74,2987,5,22.25,M-Class ML 350 CDI,Mercedes-Benz
Kochi,2018,10393,Petrol,Manual,First,18.9,1197,5,6.03,Grand i10 1.2 Kappa Sportz,Hyundai
Mumbai,2011,46000,Petrol,Automatic,First,13.7,1798,5,4.9,Superb Elegance 1.8 TSI AT,Skoda
Chennai,2013,21000,Petrol,Automatic,First,16.95,1197,5,3.96,i10 Sportz AT,Hyundai
Hyderabad,2011,113562,Diesel,Manual,First,23.0,1396,5,4.6,i20 1.4 CRDi Asta,Hyundai
Mumbai,2011,100010,Diesel,Manual,Second,12.05,2179,8,5.5,Scorpio VLX,Mahindra
Mumbai,2013,63107,Petrol,Manual,First,19.4,1198,5,3.25,Brio V MT,Honda
Jaipur,2017,58500,Petrol,Manual,First,18.6,1197,5,6.25,i20 1.2 Magna Executive,Hyundai
Pune,2007,90000,Diesel,Manual,Fourth & Above,10.9,2499,7,3.0,Endeavour 4x2 XLT Limited Edition,Ford
Chennai,2011,108242,Diesel,Manual,First,16.8,1493,5,4.25,Verna CRDi SX,Hyundai
Pune,2011,146300,Diesel,Manual,First,11.5,2982,7,12.25,Fortuner 3.0 Diesel,Toyota
Pune,2011,62943,Diesel,Automatic,Second,17.05,1995,5,10.95,X1 sDrive20d,BMW
Delhi,2013,65000,Diesel,Automatic,First,12.55,2982,7,16.5,Fortuner 4x2 AT,Toyota
Pune,2018,1700,Petrol,Automatic,First,19.0,1199,5,7.8,Amaze V CVT Petrol,Honda
Kochi,2013,34697,Petrol,Manual,First,19.81,1086,5,3.7,i10 Era 1.1,Hyundai
Hyderabad,2012,58000,Petrol,Manual,First,17.0,1197,5,4.0,i20 1.2 Sportz,Hyundai
Mumbai,2015,32500,Diesel,Automatic,First,19.59,1995,5,26.75,3 Series 320d GT Luxury Line,BMW
Coimbatore,2016,58661,Diesel,Automatic,First,15.17,1968,5,28.03,Q3 35 TDI Quattro Premium Plus,Audi
Kochi,2017,37124,Petrol,Manual,First,20.4,1197,5,5.44,Swift VXI Optional,Maruti
Delhi,2017,44000,Petrol,Automatic,First,21.4,1197,5,6.2,Baleno Delta Automatic,Maruti
Kolkata,2005,45200,Petrol,Manual,First,13.2,1495,5,0.9,Accent GLE,Hyundai
Mumbai,2016,11000,Petrol,Manual,First,18.5,1197,5,3.95,Ritz LXi,Maruti
Pune,2011,65000,Petrol,Manual,Second,26.0,624,4,0.44,Nano Lx,Tata
Ahmedabad,2012,55005,Diesel,Manual,First,20.0,1399,5,2.75,Figo Diesel EXI,Ford
Hyderabad,2011,81650,Diesel,Automatic,First,18.33,1968,5,7.5,Passat Diesel Highline 2.0 TDI,Volkswagen
Chennai,2010,160000,Diesel,Manual,Second,19.0,1248,5,2.5,Linea Emotion Pack (Diesel),Fiat
Hyderabad,2015,169000,Diesel,Manual,First,14.95,2489,7,5.0,Xylo D4,Mahindra
Hyderabad,2013,67263,Petrol,Manual,First,18.9,998,5,3.6,Wagon R VXI,Maruti
Kochi,2012,44223,Petrol,Manual,First,17.6,1496,5,3.99,Etios G Safety,Toyota
Coimbatore,2015,36840,Petrol,Manual,First,18.9,1197,5,5.64,Grand i10 Sportz,Hyundai
Pune,2014,160000,Diesel,Manual,First,12.99,2494,8,12.0,Innova 2.5 VX (Diesel) 8 Seater BS IV,Toyota
Kolkata,2008,133000,Diesel,Manual,First,16.8,1405,5,0.7,Indica V2 DLS TC,Tata
Mumbai,2015,69123,Diesel,Automatic,First,18.88,1995,5,19.0,3 Series 320d Sport Line,BMW
Delhi,2017,38000,Diesel,Automatic,First,10.91,3198,7,30.48,Endeavour 3.2 Titanium AT 4X4,Ford
Mumbai,2017,5500,Petrol,Manual,First,21.56,1462,5,8.2,Ciaz Zeta,Maruti
Kolkata,2015,1001,Diesel,Manual,First,25.83,1498,5,7.55,Figo 1.5D Titanium Plus MT,Ford
Pune,2007,59000,Petrol,Manual,Third,15.26,1150,5,0.99,Aveo U-VA 1.2 LS,Chevrolet
Delhi,2011,78256,Petrol,Automatic,First,16.8,1497,5,4.15,City 1.5 V AT,Honda
Chennai,2016,90000,Petrol,Manual,First,16.95,1498,5,6.2,Sunny XL,Nissan
Kolkata,2016,18000,Petrol,Manual,First,19.1,1197,5,4.4,Swift Dzire VXI,Maruti
Kolkata,2012,60000,Diesel,Manual,First,20.0,1399,5,2.1,Figo Diesel Titanium,Ford
Jaipur,2011,130000,Diesel,Manual,First,20.3,1248,5,2.2,Grande Punto 1.3 Emotion (Diesel),Fiat
Coimbatore,2018,32851,Petrol,Manual,First,18.6,1197,5,8.34,Elite i20 Petrol Asta,Hyundai
Kolkata,2014,32000,Diesel,Manual,First,23.4,1248,5,4.35,Swift Dzire VDI,Maruti
Hyderabad,2014,62700,Diesel,Manual,First,22.7,1498,5,6.8,Ecosport 1.5 DV5 MT Titanium,Ford
Jaipur,2010,71000,Diesel,Manual,First,19.3,1248,5,3.3,Swift Dzire VDi,Maruti
Kochi,2016,19947,Petrol,Manual,First,18.9,1197,5,5.04,Grand i10 Sportz,Hyundai
Hyderabad,2012,91000,Diesel,Automatic,First,11.4,2953,7,9.2,Endeavour 3.0L 4X4 AT,Ford
Hyderabad,2014,74000,Diesel,Manual,First,22.07,1199,5,5.7,Polo Diesel Highline 1.2L,Volkswagen
Kochi,2018,55594,Diesel,Manual,First,18.49,1493,7,8.48,TUV 300 2015-2019 mHAWK100 T8,Mahindra
Hyderabad,2013,58000,Diesel,Automatic,First,11.2,2993,4,48.0,X6 xDrive 40d,BMW
Hyderabad,2012,110224,Diesel,Manual,First,19.01,1461,5,6.1,Duster 110PS Diesel RxZ,Renault
Ahmedabad,2010,21002,Petrol,Manual,First,22.5,998,5,2.75,Wagon R LXI,Maruti
Pune,2017,121000,Diesel,Manual,First,24.52,1248,7,8.0,Ertiga SHVS VDI,Maruti
Jaipur,2010,73513,Petrol,Manual,First,19.7,796,5,1.85,Alto LXi BSIII,Maruti
Jaipur,2015,34000,Petrol,Automatic,First,20.51,998,5,3.85,Wagon R AMT VXI Option,Maruti
Coimbatore,2017,28371,Petrol,Manual,First,15.1,1196,7,4.74,Eeco 7 Seater Standard,Maruti
Kochi,2013,74755,Diesel,Manual,First,19.6,1461,5,5.63,Duster 110PS Diesel RxL,Renault
Kochi,2011,25805,Petrol,Manual,First,18.2,1061,5,2.62,Zen Estilo 1.1 LX BSIII,Maruti
Kochi,2015,82603,Petrol,Manual,First,13.06,1598,5,4.9,Duster Petrol RxL,Renault
Chennai,2006,110000,Petrol,Manual,First,13.5,1799,5,2.65,Civic 2006-2010 1.8 S MT,Honda
Delhi,2012,88000,Diesel,Manual,First,16.0,2179,7,5.99,XUV500 W8 2WD,Mahindra
Chennai,2011,110000,Diesel,Manual,Second,21.0,1461,5,2.4,Verito 1.5 D6 BSIV,Mahindra
Delhi,2017,15000,Petrol,Manual,First,21.7,999,5,4.25,KWID Climber 1.0 MT,Renault
Mumbai,2013,70000,Diesel,Automatic,First,15.15,2967,5,40.0,Cayenne Diesel,Porsche
Pune,2008,150000,Diesel,Manual,Second,28.4,1248,5,2.7,Swift DDiS VDI,Maruti
Chennai,2011,37442,Petrol,Manual,First,18.5,1197,5,3.4,i20 1.2 Magna,Hyundai
Coimbatore,2016,63111,Diesel,Automatic,Second,18.12,1995,5,30.8,5 Series 2013-2017 520d Luxury Line,BMW
Mumbai,2012,88000,Diesel,Manual,First,20.77,1248,7,5.85,Ertiga ZDI,Maruti
Jaipur,2014,42355,Petrol,Manual,First,18.9,1197,5,4.0,Grand i10 Magna,Hyundai
Coimbatore,2011,75871,Petrol,Automatic,First,9.43,2996,5,14.12,3 Series 330i,BMW
Mumbai,2011,65000,Diesel,Manual,First,17.9,1998,5,4.55,Cruze LTZ,Chevrolet
Jaipur,2011,79232,Diesel,Manual,First,21.1,1248,5,2.9,Ritz LDi,Maruti
Pune,2007,220000,Petrol,Automatic,Second,11.74,1796,5,6.0,New C-Class C 200 Kompressor Elegance AT,Mercedes-Benz
Kochi,2016,28470,Petrol,Manual,First,18.6,1197,5,6.95,i20 1.2 Magna Executive,Hyundai
Kolkata,2014,9759,Petrol,Manual,First,20.3,998,5,2.75,EON 1.0 Kappa Magna Plus Optional,Hyundai
Pune,2014,75216,Diesel,Manual,First,22.9,1248,5,5.1,Swift VDI,Maruti
Chennai,2017,8000,Petrol,Manual,First,18.6,1197,5,6.75,i20 Sportz 1.2,Hyundai
Mumbai,2014,59451,Petrol,Manual,First,18.5,1197,5,3.69,Ritz ZXi,Maruti
Hyderabad,2013,53996,Diesel,Manual,First,22.9,1248,5,5.45,Swift VDI,Maruti
Kochi,2018,15135,Petrol,Manual,First,17.5,1199,5,9.29,WRV i-VTEC VX,Honda
Chennai,2015,53000,Petrol,Automatic,Second,16.9,1197,5,4.0,Xcent 1.2 Kappa AT S Option,Hyundai
Kolkata,2013,40000,Petrol,Manual,First,18.0,1198,5,2.9,Amaze E i-Vtech,Honda
Pune,2013,21107,Petrol,Manual,First,17.1,1591,5,5.25,Verna 1.6 SX VTVT (O),Hyundai
Mumbai,2014,56000,Petrol,Manual,First,16.8,1497,5,5.75,City V MT,Honda
Coimbatore,2017,19623,Petrol,Manual,First,15.29,1591,5,13.12,Creta 1.6 SX Plus Dual Tone Petrol,Hyundai
Kochi,2014,70963,Diesel,Manual,First,15.1,2179,7,7.83,XUV500 W8 2WD,Mahindra
Mumbai,2013,51450,Diesel,Manual,First,12.8,2494,7,10.4,Innova 2.5 V Diesel 7-seater,Toyota
Pune,2012,75000,Diesel,Manual,First,22.9,1248,5,4.35,Swift VDI,Maruti
Coimbatore,2017,37832,Petrol,Automatic,First,22.5,998,5,5.23,Wagon R VXI AMT,Maruti
Coimbatore,2016,43041,Petrol,Manual,First,18.9,1197,5,6.01,Grand i10 1.2 Kappa Asta,Hyundai
Hyderabad,2014,97236,Diesel,Manual,First,25.8,1498,5,4.4,Amaze VX i-DTEC,Honda
Chennai,2010,83000,Diesel,Automatic,First,16.07,1995,5,12.75,3 Series 320d Highline,BMW
Delhi,2011,65000,Petrol,Manual,First,15.6,1196,5,2.4,Figo Petrol Titanium,Ford
Kochi,2018,46007,Petrol,Manual,First,17.0,1198,5,5.71,Ameo 1.2 MPI Trendline,Volkswagen
Kochi,2015,65925,Diesel,Manual,Second,22.7,1498,5,5.49,Ecosport 1.5 DV5 MT Trend,Ford
Pune,2004,73500,Petrol,Manual,Second,13.0,1343,5,1.3,City 1.3 EXI,Honda
Kolkata,2014,55000,Diesel,Manual,First,16.0,2179,7,8.5,XUV500 W6 2WD,Mahindra
Delhi,2012,115000,Diesel,Manual,First,13.0,2982,7,12.99,Fortuner 4x2 Manual,Toyota
Kolkata,2017,31184,Petrol,Manual,First,18.9,1197,5,5.0,Grand i10 1.2 Kappa Magna,Hyundai
Pune,2017,41747,Diesel,Automatic,First,28.4,1248,5,9.0,Dzire AMT ZDI Plus,Maruti
Kochi,2016,38143,Diesel,Manual,First,22.9,1248,5,5.22,Swift VDI,Maruti
Pune,2012,19030,Petrol,Manual,First,16.47,1198,5,3.8,Polo Petrol Highline 1.2L,Volkswagen
Coimbatore,2019,20877,Petrol,Manual,First,18.16,1197,5,7.27,Etios Liva 1.2 VX Dual Tone,Toyota
Mumbai,2016,23555,Petrol,Manual,First,22.0,1197,5,5.1,Swift VXI,Maruti
Bangalore,2013,29000,Diesel,Automatic,First,14.21,2143,5,29.0,E-Class 2009-2013 E250 CDI Elegance,Mercedes-Benz
Pune,2013,61000,Petrol,Manual,First,18.9,998,5,2.9,Wagon R VXI,Maruti
Kochi,2012,4187,Petrol,Manual,First,26.0,624,4,1.38,Nano Lx BSIV,Tata
Bangalore,2011,46000,Petrol,Manual,First,13.4,1798,5,5.5,Laura 1.8 TSI Ambiente,Skoda
Mumbai,2016,28000,Petrol,Automatic,First,17.21,1197,5,7.25,Polo GT TSI,Volkswagen
Coimbatore,2014,83558,Diesel,Manual,First,22.32,1582,5,6.98,Verna 1.6 SX,Hyundai
Hyderabad,2017,40000,Diesel,Manual,First,22.95,1248,5,5.25,Bolt Quadrajet XE,Tata
Kolkata,2013,36000,Petrol,Manual,First,21.1,814,5,1.95,EON D Lite Plus,Hyundai
Bangalore,2014,21000,Diesel,Automatic,First,17.11,1968,5,24.5,A4 2.0 TDI 177 Bhp Premium Plus,Audi
Kochi,2013,62162,Diesel,Manual,First,12.99,2494,7,8.31,Innova 2.5 GX (Diesel) 7 Seater,Toyota
Hyderabad,2012,83000,Diesel,Automatic,First,11.74,2987,5,36.0,M-Class ML 350 CDI,Mercedes-Benz
Pune,2015,58000,Diesel,Manual,First,24.4,1120,5,5.5,Xcent 1.1 CRDi S,Hyundai
Kochi,2011,62332,Petrol,Automatic,First,11.7,2354,5,5.89,Accord 2.4 AT,Honda
Kochi,2016,50867,Diesel,Manual,First,20.34,1498,5,7.95,Vento 1.5 TDI Highline,Volkswagen
Mumbai,2010,73000,Petrol,Manual,First,17.0,1197,5,2.75,i20 Sportz Petrol,Hyundai
Jaipur,2012,98008,Diesel,Manual,First,22.7,1582,5,6.25,Elantra CRDi SX,Hyundai
Hyderabad,2015,36000,Diesel,Manual,First,20.0,1399,5,4.95,Figo Diesel Titanium,Ford
Kochi,2019,27339,Petrol,Manual,First,18.6,1197,5,6.27,i20 1.2 Magna Executive,Hyundai
Kolkata,2017,25000,Diesel,Manual,First,23.9,1582,5,8.65,Verna 1.6 CRDi SX,Hyundai
Kolkata,2014,37000,Petrol,Manual,First,18.9,1197,5,3.5,Grand i10 Asta,Hyundai
Hyderabad,2015,56000,Diesel,Automatic,First,14.16,1968,5,35.0,Q5 2.0 TDI,Audi
Kolkata,2015,27000,Petrol,Manual,First,17.5,1298,5,4.45,Swift Dzire ZXi,Maruti
Kolkata,2012,37000,Petrol,Manual,First,18.5,1197,5,2.65,i20 Magna,Hyundai
Kolkata,2017,10500,Diesel,Manual,First,25.32,1198,5,4.7,KUV 100 mFALCON D75 K4 Plus 5str,Mahindra
Ahmedabad,2014,49000,Diesel,Automatic,First,18.23,1582,5,8.9,Elantra 1.6 SX Option AT,Hyundai
Mumbai,2017,7000,Diesel,Manual,First,17.1,1956,5,17.45,Compass 2.0 Limited Option Black,Jeep
Coimbatore,2017,71256,Diesel,Manual,First,24.3,1248,5,9.58,Vitara Brezza VDi Option,Maruti
Kochi,2012,83184,Petrol,Manual,First,14.28,1798,5,6.22,Corolla Altis 1.8 GL,Toyota
Kolkata,2013,87284,Diesel,Manual,First,15.1,2179,7,7.8,XUV500 W8 2WD,Mahindra
Mumbai,2016,7000,Diesel,Automatic,First,20.68,1995,5,27.75,X1 xDrive 20d xLine,BMW
Pune,2015,29000,Diesel,Manual,Second,22.54,1396,5,7.0,i20 Magna 1.4 CRDi,Hyundai
Bangalore,2013,64000,Diesel,Manual,Second,17.3,1998,5,6.5,Cruze LTZ,Chevrolet
Jaipur,2011,82000,Petrol,Manual,Second,18.5,1197,5,2.7,i20 1.2 Magna,Hyundai
Mumbai,2012,70000,Petrol,Manual,Second,19.4,1198,5,2.5,Brio S MT,Honda
Hyderabad,2013,166194,Diesel,Manual,First,19.3,1461,7,3.9,Evalia 2013 XL,Nissan
Delhi,2015,58000,Petrol,Manual,First,16.47,1198,5,3.95,Polo Petrol Trendline 1.2L,Volkswagen
Chennai,2010,77000,Petrol,Manual,Second,20.36,1197,5,2.1,i10 Sportz 1.2,Hyundai
Pune,2009,73204,Diesel,Automatic,Third,18.1,1991,4,3.5,Cruze LTZ AT,Chevrolet
Hyderabad,2007,70000,Petrol,Manual,Second,19.81,1086,5,2.0,i10 Era,Hyundai
Delhi,2014,79870,Diesel,Manual,First,20.77,1248,7,5.35,Ertiga VDI,Maruti
Delhi,2013,90000,Diesel,Manual,First,25.8,1498,5,3.8,Amaze S i-Dtech,Honda
Mumbai,2016,17000,Petrol,Automatic,First,15.5,1595,5,17.25,A Class A180 Sport,Mercedes-Benz
Kochi,2018,46493,Petrol,Manual,First,18.9,1197,5,5.53,Grand i10 1.2 Kappa Magna,Hyundai
Pune,2009,68000,Petrol,Manual,Third,20.36,1197,5,1.95,i10 Sportz 1.2,Hyundai
Hyderabad,2017,2000,Diesel,Manual,First,28.4,1248,5,8.2,Swift DDiS ZDI Plus,Maruti
Pune,1999,140000,Petrol,Manual,First,13.0,1343,5,0.9,City 1.3 EXI,Honda
Pune,2013,255000,Diesel,Manual,Third,12.99,2494,7,6.5,Innova 2.5 GX (Diesel) 7 Seater,Toyota
Coimbatore,2014,45535,Diesel,Automatic,First,23.8,1998,5,19.41,Cooper Countryman D High,Mini
Coimbatore,2016,39228,Petrol,Manual,First,15.7,1368,5,6.58,Linea T-Jet Active,Fiat
Mumbai,2011,57000,Petrol,Manual,Second,14.49,1399,5,2.1,Aveo 1.4 LT,Chevrolet
Chennai,2008,85445,Petrol,Manual,Second,19.81,1086,5,2.0,i10 Era 1.1,Hyundai
Delhi,2015,54000,Diesel,Manual,First,24.4,1120,5,3.7,Xcent 1.1 CRDi Base,Hyundai
Mumbai,2014,53000,Petrol,Automatic,First,23.1,998,5,3.8,Celerio VXI AT,Maruti
Jaipur,2014,60000,Petrol,Manual,First,20.36,1197,5,3.25,i10 Sportz,Hyundai
Coimbatore,2015,65668,Diesel,Manual,First,19.87,1461,5,5.53,Duster 85PS Diesel RxL,Renault
Ahmedabad,2011,100000,Diesel,Automatic,Second,22.69,1995,5,10.9,3 Series 320d,BMW
Kolkata,2018,1800,Petrol,Manual,First,18.9,1197,5,5.1,Grand i10 Sportz,Hyundai
Pune,2009,44200,Petrol,Manual,Second,18.0,995,5,1.6,Spark 1.0 LS,Chevrolet
Ahmedabad,2018,14000,Petrol,Manual,First,17.4,1497,5,11.25,City i VTEC VX Option,Honda
Chennai,2013,720000,Diesel,Manual,First,20.54,1598,5,5.9,Vento Diesel Highline,Volkswagen
Delhi,2012,73000,Diesel,Automatic,First,11.5,2982,7,14.4,Fortuner 4x2 4 Speed AT,Toyota
Delhi,2011,68000,Petrol,Manual,First,17.0,1497,5,3.6,City 1.5 S MT,Honda
Jaipur,2017,19543,Diesel,Automatic,First,18.12,1995,5,40.5,5 Series 2013-2017 520d Luxury Line,BMW
Bangalore,2014,38000,Diesel,Automatic,Second,14.16,1968,5,38.95,Q5 30 TDI quattro Premium Plus,Audi
Delhi,2014,32805,Diesel,Manual,First,23.2,1248,5,3.6,Ritz LDi,Maruti
Kochi,2016,44782,Diesel,Automatic,First,21.21,1498,5,7.12,Vento 1.5 TDI Highline AT,Volkswagen
Kochi,2016,55700,Diesel,Manual,First,26.0,1498,5,7.52,City i DTEC SV,Honda
Delhi,2012,60000,Diesel,Automatic,Second,15.2,1968,5,10.35,A4 New 2.0 TDI Multitronic,Audi
Hyderabad,2014,56000,Petrol,Manual,First,15.0,1598,5,7.0,Rapid 1.6 MPI Elegance,Skoda
Delhi,2011,60000,Diesel,Manual,First,11.5,2982,7,10.85,Fortuner 3.0 Diesel,Toyota
Mumbai,2010,78563,Diesel,Manual,First,16.52,1991,5,2.35,Optra Magnum 2.0 LT BS3,Chevrolet
Mumbai,2014,34669,Petrol,Manual,First,15.1,1196,7,2.9,Eeco 7 Seater Standard,Maruti
Delhi,2017,17000,Petrol,Manual,First,20.73,1373,5,7.65,Ciaz ZXi,Maruti
Delhi,2016,66000,Diesel,Manual,First,28.09,1248,5,6.4,Ciaz VDi Plus SHVS,Maruti
Pune,2014,102418,Diesel,Manual,First,12.99,2494,7,10.1,Innova 2.5 LE 2014 Diesel 7 Seater,Toyota
Kolkata,2014,48800,Petrol,Manual,First,19.1,1197,5,4.25,Swift Dzire VXI,Maruti
Kochi,2019,10601,Diesel,Automatic,First,11.36,2755,7,19.65,Innova Crysta 2.8 GX AT,Toyota
Pune,2017,8200,Diesel,Manual,First,25.0,1396,5,4.4,Indica V2 eLX,Tata
Jaipur,2012,100000,Petrol,Manual,First,18.5,1197,5,3.25,i20 Magna,Hyundai
Pune,2012,78000,Diesel,Manual,First,17.8,1399,5,2.8,Fiesta 1.4 Duratorq ZXI,Ford
Kolkata,2015,50000,Diesel,Manual,First,18.2,1248,8,4.3,Enjoy 1.3 TCDi LS 8,Chevrolet
Chennai,2006,89327,Diesel,Manual,Third,17.8,1399,5,1.55,Fiesta 1.4 Duratorq EXI,Ford
Chennai,2007,98000,Petrol,Manual,Second,10.8,2354,5,4.7,CR-V 2.4 MT,Honda
Kochi,2017,24700,Petrol,Manual,First,18.7,1199,5,7.07,Jazz 1.2 VX i VTEC,Honda
Delhi,2018,9434,Petrol,Manual,First,18.9,1197,5,5.75,Grand i10 1.2 Kappa Sportz,Hyundai
Mumbai,2012,29000,Petrol,Manual,First,18.5,1197,5,3.25,Ritz VXi,Maruti
Coimbatore,2017,22440,Diesel,Automatic,First,22.0,1498,5,8.89,Ameo 1.5 TDI Highline AT,Volkswagen
Mumbai,2015,73070,Petrol,Manual,First,17.4,1497,5,5.9,City i VTEC SV,Honda
Kolkata,2016,21771,Petrol,Manual,First,18.7,1199,5,4.95,Jazz 1.2 S i VTEC,Honda
Delhi,2014,62000,Diesel,Manual,First,17.8,1248,5,3.75,Swift Ldi BSIV,Maruti
Kochi,2017,37024,Diesel,Automatic,First,17.01,1582,5,10.97,Creta 1.6 CRDi AT SX Plus,Hyundai
Kochi,2014,60336,Diesel,Automatic,Second,14.4,2967,5,24.94,A7 2011-2015 3.0 TDI Quattro,Audi
Kolkata,2014,26008,Petrol,Manual,First,21.1,814,5,1.97,EON D Lite Plus,Hyundai
Jaipur,2010,90000,Diesel,Manual,Second,20.0,1399,5,1.4,Figo Diesel EXI,Ford
Coimbatore,2018,35569,Petrol,Manual,First,17.0,1198,5,7.27,Ameo 1.2 MPI Highline,Volkswagen
Kolkata,2013,40000,Diesel,Manual,First,21.64,1461,5,4.0,Scala Diesel RxL,Renault
Kolkata,2015,45000,Petrol,Manual,First,18.7,1199,5,4.75,Jazz 1.2 V i VTEC,Honda
Delhi,2015,42000,Petrol,Manual,First,17.0,1197,5,5.1,i20 1.2 Sportz,Hyundai
Coimbatore,2012,46913,Diesel,Automatic,First,14.94,2967,5,16.11,A4 3.0 TDI Quattro Premium,Audi
Delhi,2014,62000,Diesel,Automatic,First,11.18,2696,7,10.55,Ssangyong Rexton RX7,Mahindra
Ahmedabad,2017,15000,Diesel,Automatic,First,12.9,2755,7,30.0,Fortuner 2.8 2WD AT,Toyota
Kolkata,2002,69000,Diesel,Manual,First,18.7,1896,5,1.6,Octavia Classic 1.9 TDI MT,Skoda
Hyderabad,2012,41367,Diesel,Automatic,First,15.8,2148,5,18.49,New C-Class 250 CDI Classic,Mercedes-Benz
Kochi,2018,15982,Petrol,Manual,First,20.73,1373,5,9.96,Ciaz 1.4 Zeta,Maruti
Hyderabad,2013,99595,Diesel,Manual,Second,22.9,1248,5,4.75,Swift ZDi,Maruti
Bangalore,2002,63000,Diesel,Manual,Third,13.1,2446,10,3.65,Qualis FS B3,Toyota
Delhi,2012,49000,Diesel,Automatic,Second,16.73,2495,5,15.5,5 Series 2007-2010 525d Sedan,BMW
Kochi,2013,48272,Diesel,Manual,First,10.5,2835,6,11.82,Pajero 2.8 SFX BSIII Dual Tone,Mitsubishi
Delhi,2008,63000,Petrol,Manual,First,13.4,1794,5,2.05,Corolla H2,Toyota
Mumbai,2013,11734,Petrol,Manual,First,16.8,796,8,2.25,Omni E MPI STD BS IV,Maruti
Kochi,2014,62012,Diesel,Automatic,First,17.68,1968,5,20.12,A6 2011-2015 2.0 TDI,Audi
Coimbatore,2016,45449,Diesel,Manual,First,27.3,1498,5,7.48,Jazz 1.5 S i DTEC,Honda
Mumbai,2004,85000,Petrol,Automatic,Second,10.5,1796,5,5.5,E-Class 200 Kompressor Elegance,Mercedes-Benz
Jaipur,2005,88000,Petrol,Manual,Second,13.0,1493,5,1.7,City 1.5 EXI,Honda
Kochi,2013,45330,Diesel,Automatic,First,16.55,1968,5,13.19,A4 2.0 TDI,Audi
Mumbai,2012,88000,Petrol,Manual,First,19.1,1197,5,3.85,Swift Dzire VXI,Maruti
Delhi,2016,45376,Diesel,Manual,First,28.4,1248,5,5.75,Dzire VDI,Maruti
Pune,2014,81000,Diesel,Manual,First,15.1,2179,7,9.0,XUV500 W8 4WD,Mahindra
Kochi,2012,83381,Petrol,Manual,First,18.6,1199,5,2.21,Beat LT,Chevrolet
Kochi,2017,78526,Diesel,Manual,First,23.0,1498,5,8.09,EcoSport 1.5 Diesel Titanium Plus,Ford
Coimbatore,2017,27313,Diesel,Automatic,First,14.69,2993,5,48.63,5 Series 2013-2017 530d M Sport,BMW
Coimbatore,2015,42747,Diesel,Automatic,Second,14.16,1968,5,39.47,Q5 30 TDI quattro Premium Plus,Audi
Coimbatore,2015,42265,Diesel,Automatic,Second,20.68,1995,5,22.24,X1 sDrive 20d xLine,BMW
Mumbai,2009,21000,Petrol,Automatic,First,19.2,1197,5,2.6,i10 Magna AT,Hyundai
Ahmedabad,2016,55100,Diesel,Automatic,First,17.01,1582,5,12.0,Creta 1.6 CRDi AT SX Plus,Hyundai
Chennai,2014,70000,Diesel,Automatic,First,17.11,1968,5,18.0,A4 2.0 TDI 177 Bhp Premium Plus,Audi
Mumbai,2007,55000,Petrol,Automatic,Third,10.13,3498,5,9.99,S Class 2005 2013 S 350 L,Mercedes-Benz
Kolkata,2012,58235,Petrol,Manual,First,20.36,1197,5,2.45,i10 Magna,Hyundai
Mumbai,2017,26000,Diesel,Manual,First,23.0,1498,5,8.99,EcoSport 1.5 Diesel Titanium,Ford
Kolkata,2011,35000,Diesel,Manual,First,20.54,1598,5,3.15,Vento Diesel Highline,Volkswagen
Jaipur,2017,24000,Diesel,Manual,First,28.4,1248,5,8.2,Dzire ZDI Plus,Maruti
Ahmedabad,2016,98000,Diesel,Manual,First,15.4,1997,7,11.5,Scorpio 1.99 S10,Mahindra
Coimbatore,2016,44487,Diesel,Manual,First,22.54,1396,5,7.3,i20 Asta 1.4 CRDi,Hyundai
Chennai,2008,65000,Petrol,Manual,First,19.7,796,5,1.59,Alto LXi,Maruti
Delhi,2015,34951,Petrol,Manual,Second,20.36,1197,5,3.15,i10 Magna,Hyundai
Kolkata,2015,52373,Diesel,Manual,Second,15.4,2179,7,8.5,Scorpio S6 7 Seater,Mahindra
Hyderabad,2010,66285,Diesel,Manual,First,19.5,1199,5,3.0,Fabia 1.2L Diesel Classic,Skoda
Mumbai,2012,66000,Diesel,Automatic,First,15.3,2993,5,21.0,X5 xDrive 30d,BMW
Hyderabad,2016,43000,Diesel,Manual,First,27.3,1498,5,7.75,Jazz 1.5 S i DTEC,Honda
Mumbai,2013,45200,Diesel,Automatic,First,10.0,2148,5,23.0,E-Class 2009-2013 E 220 CDI Avantgarde,Mercedes-Benz
Mumbai,2016,41000,Diesel,Automatic,First,16.0,2179,7,13.75,XUV500 AT W10 FWD,Mahindra
Kochi,2017,39430,Petrol,Automatic,First,18.0,1497,5,8.29,City i VTEC CVT SV,Honda
Coimbatore,2014,83274,Diesel,Manual,First,22.9,1248,5,5.79,Swift VDI,Maruti
Coimbatore,2017,32324,Diesel,Automatic,First,14.84,2143,5,30.5,New C-Class 220 CDI AT,Mercedes-Benz
Mumbai,2011,49999,Petrol,Manual,First,17.0,1497,5,3.8,City 1.5 S MT,Honda
Bangalore,2014,66000,Diesel,Manual,First,15.3,2956,7,4.45,Sumo EX,Tata
Delhi,2012,54000,Petrol,Manual,First,18.5,1197,5,3.3,i20 Magna,Hyundai
Jaipur,2009,80000,Diesel,Manual,Second,20.4,1248,5,1.75,Linea 1.3 Dynamic,Fiat
Bangalore,2011,72000,Petrol,Automatic,Second,12.9,1799,5,5.5,Civic 2006-2010 1.8 V AT,Honda
Pune,2017,44865,Diesel,Manual,First,19.67,1582,5,13.35,Creta 1.6 SX Plus Diesel,Hyundai
Delhi,2017,22000,Diesel,Automatic,Second,20.38,1968,5,22.5,A3 35 TDI Technology,Audi
Delhi,2013,57478,Petrol,Manual,Second,17.0,1591,5,5.25,Verna VTVT 1.6 SX Option,Hyundai
Hyderabad,2011,75000,Diesel,Manual,First,21.9,1396,5,3.75,i20 1.4 CRDi Magna,Hyundai
Kochi,2015,50624,Diesel,Manual,First,24.2,1498,7,6.32,Mobilio S i DTEC,Honda
Bangalore,2018,75000,Diesel,Automatic,First,22.32,1582,5,7.75,Verna 1.6 SX CRDI (O) AT,Hyundai
Chennai,2006,87000,Petrol,Manual,Second,15.3,1596,5,1.37,Fiesta 1.6 ZXI Duratec,Ford
Mumbai,2010,62000,Petrol,Manual,First,20.36,1197,5,2.1,i10 Sportz 1.2,Hyundai
Hyderabad,2016,41372,Diesel,Manual,First,24.3,1248,5,9.3,Vitara Brezza ZDi,Maruti
Ahmedabad,2015,70000,Diesel,Manual,First,12.99,2494,7,12.0,Innova 2.5 VX (Diesel) 7 Seater,Toyota
Pune,2017,35000,Diesel,Automatic,First,17.9,2143,5,23.5,GLA Class 200 d Sport,Mercedes-Benz
Hyderabad,2006,71993,Petrol,Manual,First,19.7,796,5,1.8,Alto LXi BSIII,Maruti
Chennai,2013,62000,Diesel,Automatic,Second,14.84,2143,5,12.5,New C-Class C 220 CDI Elegance AT,Mercedes-Benz
Delhi,2015,51000,Diesel,Manual,First,22.9,1248,5,4.74,Swift LDI,Maruti
Kochi,2016,26038,Petrol,Manual,First,18.9,1197,5,5.43,Grand i10 Sportz,Hyundai
Kochi,2018,37713,Diesel,Automatic,Second,12.55,2982,7,31.62,Fortuner 4x4 AT,Toyota
Kolkata,2011,78088,Petrol,Manual,First,12.4,1998,8,6.3,Innova 2.0 GX 8 STR,Toyota
Kochi,2017,30453,Diesel,Manual,First,22.77,1498,5,8.45,EcoSport 1.5 TDCi Titanium,Ford
Pune,2016,54000,Petrol,Manual,First,18.16,1196,5,5.0,Figo 1.2P Titanium MT,Ford
Chennai,2011,190000,Diesel,Manual,First,11.5,2982,7,13.0,Fortuner 3.0 Diesel,Toyota
Hyderabad,2012,65097,Petrol,Manual,First,19.1,1197,5,4.7,Swift Dzire VXI,Maruti
Pune,2012,282000,Petrol,Manual,First,13.14,1798,5,3.3,Superb 1.8 TSI MT,Skoda
Jaipur,2009,111000,Petrol,Manual,Second,18.9,1061,5,1.51,Wagon R LXI Minor,Maruti
Kochi,2013,63295,Diesel,Manual,First,19.01,1461,5,6.09,Duster 110PS Diesel RxZ,Renault
Mumbai,2015,35770,Petrol,Manual,First,20.73,1373,5,5.95,Ciaz VXi Plus,Maruti
Hyderabad,2012,125928,Diesel,Manual,First,22.7,1582,5,9.0,Elantra CRDi SX,Hyundai
Kolkata,2015,45000,Diesel,Automatic,First,21.66,1498,5,4.25,Rapid 1.5 TDI AT Elegance,Skoda
Hyderabad,2013,21000,Diesel,Automatic,First,14.84,2143,5,23.5,New C-Class C 220 CDI Elegance AT,Mercedes-Benz
Mumbai,2011,54774,Petrol,Automatic,First,11.7,2354,5,6.35,Accord 2.4 A/T,Honda
Chennai,2014,41123,Petrol,Manual,First,23.1,998,5,3.4,Celerio VXI,Maruti
Chennai,2014,48000,Diesel,Automatic,First,22.69,1995,5,21.6,3 Series 320d Sport,BMW
Chennai,2011,173000,Diesel,Manual,First,20.54,1598,5,4.0,Vento Diesel Trendline,Volkswagen
Pune,2018,12000,Diesel,Manual,First,23.4,1248,5,5.5,Swift Dzire Tour LDI,Maruti
Mumbai,2012,34000,Diesel,Automatic,First,12.39,2179,5,19.25,Rover Freelander 2 SE,Land
Hyderabad,2012,71360,Diesel,Manual,First,21.9,1396,5,3.95,i20 1.4 CRDi Magna,Hyundai
Mumbai,2012,74000,Diesel,Manual,Second,28.4,1248,5,4.25,Dzire VDI,Maruti
Kochi,2018,28937,Diesel,Manual,First,17.1,1956,5,17.02,Compass 2.0 Longitude,Jeep
Hyderabad,2012,82085,Diesel,Manual,First,20.77,1248,7,6.5,Ertiga VDI,Maruti
Bangalore,2011,68465,Petrol,Manual,First,15.6,1196,5,2.95,Figo Petrol ZXI,Ford
Coimbatore,2013,63854,Diesel,Manual,First,21.43,1364,5,7.12,Corolla Altis 1.4 DG,Toyota
Chennai,2018,3000,Diesel,Automatic,First,24.3,1248,5,11.25,Vitara Brezza ZDi Plus AMT Dual Tone,Maruti
Delhi,2009,65055,Petrol,Manual,First,17.0,1497,5,2.75,City 1.5 S MT,Honda
Hyderabad,2015,120000,Diesel,Manual,First,15.4,2179,7,12.0,Scorpio S10 4WD,Mahindra
Mumbai,2014,64241,Petrol,Manual,First,20.14,1197,5,3.67,Xcent 1.2 VTVT SX,Hyundai
Pune,2001,121000,Diesel,Manual,First,15.0,2148,5,5.0,E-Class 220 CDI,Mercedes-Benz
Pune,2008,2200,Petrol,Manual,First,15.7,1390,5,2.3,Renault Logan 1.4 GLX Petrol,Mahindra
Pune,2008,88123,Diesel,Manual,First,18.7,1896,5,2.2,Octavia 1.9 TDI,Skoda
Pune,2014,79000,Diesel,Automatic,First,12.0,2987,7,41.0,GL-Class 2007 2012 350 CDI Luxury,Mercedes-Benz
Bangalore,2016,28143,Diesel,Automatic,First,20.68,1995,5,28.5,X1 sDrive 20d xLine,BMW
Mumbai,2015,23001,Petrol,Manual,First,15.04,1598,5,5.49,Vento 2013-2015 1.6 Comfortline,Volkswagen
Ahmedabad,2013,82002,Diesel,Automatic,Second,16.55,1968,5,17.5,A4 2.0 TDI,Audi
Bangalore,2009,75000,Diesel,Manual,First,13.8,1399,5,1.99,Ikon 1.4 TDCi DuraTorq,Ford
Kochi,2016,37451,Diesel,Manual,First,22.32,1582,5,6.64,Verna 1.6 CRDi EX MT,Hyundai
Hyderabad,2017,67000,Diesel,Manual,First,13.68,2393,7,16.5,Innova Crysta 2.4 VX MT,Toyota
Pune,2016,25000,Petrol,Manual,First,18.9,1197,5,5.0,Grand i10 Asta Option,Hyundai
Mumbai,2017,12000,Petrol,Manual,First,17.0,1198,5,5.4,Ameo 1.2 MPI Comfortline,Volkswagen
Kolkata,2017,25000,Petrol,Manual,First,25.17,799,5,2.99,KWID RXT,Renault
Jaipur,2011,95936,Petrol,Manual,First,17.0,1497,5,4.1,City 1.5 S MT,Honda
Kochi,2018,5354,Petrol,Automatic,First,18.9,1197,5,6.76,Grand i10 1.2 Kappa Magna AT,Hyundai
Chennai,2016,42000,Petrol,Manual,Second,18.78,999,5,5.5,Polo 1.0 MPI Comfortline,Volkswagen
Coimbatore,2014,44282,Diesel,Manual,First,25.2,1248,5,5.99,Swift VDI BSIV,Maruti
Delhi,2012,70000,Diesel,Manual,First,21.64,1461,5,2.59,Sunny 2011-2014 Diesel XV,Nissan
Mumbai,2013,31400,Diesel,Automatic,First,16.36,2179,5,26.75,XF 2.2 Litre Luxury,Jaguar
Pune,2016,50000,Diesel,Manual,First,28.09,1248,5,8.5,Ciaz ZDi SHVS,Maruti
Bangalore,2011,53000,Diesel,Automatic,First,12.8,1968,5,23.0,Q5 2008-2012 2.0 TDI,Audi
Pune,2014,21727,Petrol,Manual,First,15.6,1196,5,3.35,Figo Petrol ZXI,Ford
Bangalore,2012,43000,Diesel,Automatic,Second,11.72,2199,7,10.75,Santa Fe 4x4 AT,Hyundai
Kolkata,2013,75000,Diesel,Manual,First,12.05,2179,8,6.29,Scorpio VLX 2WD AIRBAG BSIV,Mahindra
Bangalore,2014,73557,Diesel,Manual,First,19.6,1461,5,7.75,Duster 110PS Diesel RxL,Renault
Delhi,2012,44555,Diesel,Automatic,First,15.2,1968,5,13.5,A4 New 2.0 TDI Multitronic,Audi
Coimbatore,2013,54885,Petrol,Manual,First,15.1,1196,7,3.75,Eeco 7 Seater Standard,Maruti
Mumbai,2011,76000,Diesel,Manual,Second,14.0,2498,7,3.75,Xylo E4,Mahindra
Jaipur,2006,101000,Petrol,Manual,Second,18.9,998,5,1.5,Wagon R LXI,Maruti
Chennai,2005,66000,Petrol,Manual,First,14.0,1061,5,1.45,Wagon R LXI BSIII,Maruti
Coimbatore,2013,84360,Petrol,Manual,First,15.5,1586,5,4.12,SX4 ZXI MT BSIV,Maruti
Mumbai,2016,25121,Diesel,Manual,First,13.68,2393,7,17.11,Innova Crysta 2.4 VX MT,Toyota
Pune,2015,100000,Diesel,Manual,Second,12.99,2494,7,10.25,Innova 2.5 G (Diesel) 7 Seater,Toyota
Kolkata,2011,66035,Diesel,Manual,First,22.07,1199,5,2.49,Polo Diesel Trendline 1.2L,Volkswagen
Pune,2015,190000,Petrol,Manual,Second,16.78,1496,5,3.85,Etios G,Toyota
Hyderabad,2014,85670,Diesel,Manual,First,22.7,1498,5,6.25,Ecosport 1.5 DV5 MT Titanium,Ford
Hyderabad,2015,35000,Diesel,Manual,First,24.0,1120,5,4.88,Grand i10 CRDi Magna,Hyundai
Mumbai,2016,8000,Petrol,Automatic,First,18.0,1497,5,9.45,City i VTEC CVT SV,Honda
Hyderabad,2007,162000,Diesel,Manual,Second,12.8,2494,8,4.8,Innova 2.5 G3,Toyota
Kolkata,2012,60000,Petrol,Manual,First,21.1,814,5,1.99,EON Era Plus,Hyundai
Hyderabad,2010,70600,Petrol,Manual,First,20.36,1197,5,2.8,i10 Magna 1.2,Hyundai
Bangalore,2011,25000,Petrol,Automatic,Second,12.3,1796,5,22.0,E-Class 2009-2013 E 200 CGI Elegance,Mercedes-Benz
Hyderabad,2012,75000,Diesel,Manual,First,15.96,2523,7,4.3,Bolero SLE,Mahindra
Coimbatore,2014,85071,Diesel,Automatic,First,20.0,1968,5,9.75,Laura Ambition 2.0 TDI CR AT,Skoda
Ahmedabad,2015,40000,Petrol,Manual,First,20.4,1197,5,5.9,Swift ZXI,Maruti
Delhi,2013,67000,Diesel,Automatic,First,16.55,1968,5,14.5,A4 2.0 TDI,Audi
Hyderabad,2009,55000,Diesel,Manual,Second,17.8,1399,5,2.4,Fiesta 1.4 SXi TDCi ABS,Ford
Mumbai,2008,62000,Petrol,Manual,Second,15.0,1586,5,2.11,SX4 Vxi BSIII,Maruti
Coimbatore,2017,22526,Petrol,Automatic,First,18.9,1197,5,7.6,Grand i10 AT Asta,Hyundai
Hyderabad,2012,57788,Petrol,Automatic,First,17.16,1197,5,3.6,Ritz AT,Maruti
Jaipur,2013,72000,Diesel,Manual,First,10.5,2179,8,6.0,Scorpio 2.6 CRDe,Mahindra
Mumbai,2014,83128,Diesel,Manual,First,15.4,2179,7,7.45,Scorpio S4 7 Seater,Mahindra
Chennai,2011,75000,Petrol,Manual,First,19.7,796,5,2.1,Alto LXi,Maruti
Ahmedabad,2013,58000,Diesel,Manual,Second,19.01,1461,5,5.2,Duster 110PS Diesel RxZ,Renault
Mumbai,2017,1000,Petrol,Manual,First,20.89,1197,5,6.36,Ignis 1.2 Alpha,Maruti
Kochi,2015,59751,Diesel,Manual,First,12.99,2494,7,11.62,Innova 2.5 ZX Diesel 7 Seater,Toyota
Kochi,2015,29966,Diesel,Automatic,Second,16.77,2993,5,43.6,7 Series 730Ld Eminence,BMW
Kolkata,2009,65000,Diesel,Manual,Second,13.6,1991,5,4.9,Sonata Embera 2.0L CRDi MT,Hyundai
Kochi,2015,75863,Diesel,Manual,First,19.01,1461,5,6.7,Duster Adventure Edition,Renault
Bangalore,2014,24000,Diesel,Automatic,First,17.11,1968,5,25.0,A4 2.0 TDI 177 Bhp Technology Edition,Audi
Coimbatore,2018,33218,Diesel,Manual,First,17.1,1956,5,19.05,Compass 2.0 Longitude,Jeep
Kolkata,2015,33425,Petrol,Manual,First,17.43,1396,5,4.5,Verna 1.4 VTVT,Hyundai
Pune,2013,47000,Petrol,Manual,First,18.0,1198,5,4.15,Amaze VX i-Vtech,Honda
Chennai,2015,41000,Diesel,Manual,First,19.67,1582,5,11.9,Creta 1.6 CRDi SX Option,Hyundai
Delhi,2011,62000,Petrol,Manual,First,19.81,1086,5,2.1,i10 Magna 1.1,Hyundai
Delhi,2016,47035,Diesel,Manual,First,18.49,1493,7,6.95,TUV 300 T8,Mahindra
Pune,2008,56230,Petrol,Manual,Second,17.5,1298,5,2.4,Swift Dzire VXi,Maruti
Chennai,2007,55000,Petrol,Manual,First,13.2,1495,5,2.65,Accent GLE 1,Hyundai
Jaipur,2014,70669,Diesel,Manual,First,15.1,2179,7,9.0,XUV500 W8 2WD,Mahindra
Pune,2012,69000,Petrol,Manual,First,20.92,998,5,2.1,Alto K10 2010-2014 VXI,Maruti
Pune,2011,65000,Petrol,Manual,Second,18.6,1199,5,2.5,Beat LT,Chevrolet
Mumbai,2009,30000,Diesel,Automatic,First,12.4,2698,5,8.95,A6 2.7 TDI,Audi
Hyderabad,2017,2000,Diesel,Automatic,First,20.7,1496,5,34.0,Cooper 5 DOOR D,Mini
Pune,2011,24255,Petrol,Manual,First,16.1,1621,5,3.15,Swift 1.3 LXI,Maruti
Chennai,2015,40000,Petrol,Manual,First,17.57,1193,5,4.0,Zest Revotron 1.2T XMS,Tata
Kolkata,2014,40000,Diesel,Manual,First,26.0,1498,5,4.45,City i DTEC SV,Honda
Jaipur,2010,26000,Petrol,Manual,First,18.6,1199,5,1.5,Beat LT,Chevrolet
Jaipur,2011,105000,Diesel,Automatic,Second,16.55,1968,5,14.5,A4 2.0 TDI Multitronic,Audi
Kolkata,2015,2800,Diesel,Manual,First,26.1,1498,5,8.41,Aspire Titanium Plus Diesel,Ford
Mumbai,2014,71000,Diesel,Automatic,Second,19.08,1582,5,5.45,Verna SX CRDi AT,Hyundai
Mumbai,2015,32896,Petrol,Automatic,First,18.0,1497,5,8.9,City i VTEC CVT VX,Honda
Hyderabad,2012,45000,Petrol,Manual,First,20.36,1197,5,3.65,i10 Sportz 1.2,Hyundai
Bangalore,2015,65000,Diesel,Automatic,Second,18.56,1995,5,29.0,X3 xDrive20d Expedition,BMW
Mumbai,2013,45200,Diesel,Automatic,First,16.55,1968,5,13.5,A4 2.0 TDI,Audi
Hyderabad,2008,82167,Petrol,Automatic,First,10.1,2354,5,5.4,CR-V 2.4 AT,Honda
Coimbatore,2016,37429,Petrol,Manual,First,18.9,1197,5,5.89,Grand i10 1.2 Kappa Asta,Hyundai
Hyderabad,2016,46000,Diesel,Manual,First,28.09,1248,5,8.45,Ciaz ZDi Plus SHVS,Maruti
Delhi,2011,67031,Petrol,Manual,First,17.4,1497,5,4.0,City i-VTEC V,Honda
Mumbai,2013,30000,Diesel,Automatic,First,9.52,2993,4,45.0,6 Series 640d Coupe,BMW
Mumbai,2016,47691,Petrol,Automatic,First,23.1,998,5,3.94,Celerio VXI AMT,Maruti
Jaipur,2011,32531,Diesel,Automatic,Second,13.73,1995,5,8.0,Koleos 2.0 Diesel,Renault
Hyderabad,2013,71336,Diesel,Manual,First,20.0,1399,5,4.1,Figo Diesel ZXI,Ford
Chennai,2006,196000,Diesel,Manual,First,12.8,2494,7,6.25,Innova 2.5 V Diesel 7-seater,Toyota
Kolkata,2015,28193,Diesel,Manual,First,28.4,1248,5,5.25,Dzire VDI,Maruti
Hyderabad,2013,85000,Diesel,Automatic,First,16.1,1950,5,21.0,E-Class E 220 d,Mercedes-Benz
Ahmedabad,2015,20780,Petrol,Manual,First,18.9,1197,5,4.3,Grand i10 1.2 Kappa Sportz,Hyundai
Mumbai,2014,43081,Petrol,Manual,First,17.3,1497,7,5.25,Mobilio S i VTEC,Honda
Mumbai,2010,35000,Petrol,Automatic,Second,11.9,4806,5,32.0,Cayenne Turbo S,Porsche
Kolkata,2013,36000,Diesel,Manual,First,17.21,1493,7,3.9,Quanto C8,Mahindra
Mumbai,2007,67000,Petrol,Manual,Third,13.4,1794,5,2.2,Corolla H5,Toyota
Mumbai,2016,34079,Diesel,Manual,First,25.32,1198,6,3.7,KUV 100 mFALCON D75 K4,Mahindra
Coimbatore,2010,77849,Petrol,Automatic,Second,10.9,2497,5,11.27,3 Series 2005-2011 325i Sedan,BMW
Jaipur,2013,86000,Petrol,Manual,First,22.74,796,5,2.41,Alto 800 LXI,Maruti
Pune,2015,110000,Diesel,Automatic,First,15.73,1968,5,19.0,Q3 35 TDI Quattro Premium,Audi
Hyderabad,2015,116000,Diesel,Manual,Second,23.59,1364,5,5.8,Etios GD,Toyota
Coimbatore,2016,41840,Diesel,Manual,First,15.1,2179,7,13.52,XUV500 W8 2WD,Mahindra
Hyderabad,2015,19317,Diesel,Manual,First,13.0,2982,7,24.5,Fortuner 4x2 MT TRD Sportivo,Toyota
Jaipur,2015,83950,Diesel,Manual,First,19.67,1582,5,9.95,Creta 1.6 CRDi SX,Hyundai
Pune,2012,60000,Petrol,Automatic,First,16.8,1497,5,5.5,City 1.5 V AT,Honda
Hyderabad,2015,50000,Diesel,Automatic,First,17.11,1968,5,25.0,A4 35 TDI Premium,Audi
Kolkata,2009,37000,Petrol,Manual,First,17.3,993,5,1.0,Zen VXI,Maruti
Hyderabad,2011,76976,Petrol,Manual,Second,19.7,796,5,2.15,Alto LXi,Maruti
Kochi,2018,21684,Petrol,Automatic,First,21.4,1197,5,7.89,Baleno Delta Automatic,Maruti
Delhi,2015,62000,Diesel,Manual,First,16.0,2179,7,10.25,XUV500 W10 2WD,Mahindra
Mumbai,2007,1261,Petrol,Manual,First,19.0,1194,5,6.0,Freestyle Titanium Petrol,Ford
Coimbatore,2017,59450,Petrol,Manual,First,18.6,1197,5,7.53,Elite i20 Asta Option,Hyundai
Coimbatore,2018,24465,Diesel,Automatic,First,19.27,2143,5,39.45,New C-Class C 220d Avantgarde Edition C,Mercedes-Benz
Delhi,2014,55000,Petrol,Manual,First,17.8,1497,5,5.84,City i VTEC SV,Honda
Mumbai,2017,2000,Petrol,Manual,First,18.88,1499,5,8.65,EcoSport 1.5 Ti VCT MT Titanium BE,Ford
Kochi,2017,25040,Petrol,Manual,First,21.4,1197,5,7.74,Baleno Alpha 1.2,Maruti
Bangalore,2008,84000,Petrol,Manual,First,20.36,1197,5,2.5,i10 Sportz,Hyundai
Pune,2007,170428,Diesel,Manual,Second,12.8,2494,8,5.7,Innova 2.5 G (Diesel) 8 Seater BS IV,Toyota
Mumbai,2016,12573,Petrol,Manual,First,21.4,1197,5,5.8,Baleno Delta,Maruti
Hyderabad,2012,88000,Diesel,Automatic,First,12.07,2967,7,36.5,Q7 3.0 TDI Quattro Technology,Audi
Delhi,2012,86000,Diesel,Automatic,Second,13.01,2199,7,9.5,Santa Fe 2WD AT,Hyundai
Mumbai,2013,45000,Petrol,Manual,First,17.0,1497,5,4.55,City 1.5 V MT Exclusive,Honda
Jaipur,2012,51000,Diesel,Manual,First,21.9,1396,5,3.9,i20 1.4 CRDi Magna,Hyundai
Pune,2007,92000,Diesel,Manual,First,13.6,2523,7,2.7,Bolero SLE BSIII,Mahindra
Pune,2017,29000,Diesel,Automatic,First,12.9,2755,7,31.0,Fortuner 2.8 2WD AT,Toyota
Bangalore,2009,70521,Petrol,Automatic,Second,10.9,2497,5,10.3,3 Series 2005-2011 325i Sedan,BMW
Kolkata,2010,51000,Diesel,Automatic,First,16.07,1995,5,7.75,3 Series 320d Sedan,BMW
Hyderabad,2012,52618,Petrol,Manual,First,18.9,998,5,3.2,Wagon R LXI,Maruti
Delhi,2013,68000,Diesel,Manual,First,25.47,1248,7,4.85,Ertiga ZDI,Maruti
Kochi,2016,29022,Diesel,Automatic,Second,15.68,1999,5,34.08,Rover Range Rover Evoque 2.0 TD4 Pure,Land
Chennai,2017,80000,Diesel,Manual,First,24.52,1248,7,8.1,Ertiga SHVS VDI,Maruti
Chennai,2016,78000,Diesel,Manual,Second,25.0,1396,5,2.35,Indigo CS eVX,Tata
Pune,2012,100000,Petrol,Manual,First,20.92,998,5,1.8,Alto K10 LXI,Maruti
Coimbatore,2015,31412,Petrol,Manual,First,21.1,814,5,3.42,EON D Lite Plus,Hyundai
Mumbai,2010,78000,Diesel,Automatic,Second,11.4,2953,7,5.34,Endeavour 3.0L 4X4 AT,Ford
Hyderabad,2018,14000,Diesel,Automatic,First,12.62,2198,7,31.99,Endeavour 2.2 Titanium AT 4X2,Ford
Bangalore,2011,80000,Diesel,Manual,First,20.54,1598,5,4.75,Vento Diesel Highline,Volkswagen
Mumbai,2014,46738,Petrol,Automatic,First,19.12,1373,5,6.1,Ciaz AT ZXi,Maruti
Coimbatore,2013,54884,Petrol,Manual,Second,21.1,814,5,3.69,EON D Lite Plus,Hyundai
Delhi,2012,74500,Diesel,Automatic,Second,14.16,1968,5,15.0,Q5 2.0 TDI Premium Plus,Audi
Coimbatore,2016,67472,Diesel,Manual,First,16.0,2179,7,14.5,XUV500 W10 AWD,Mahindra
Hyderabad,2013,84000,Diesel,Manual,First,28.4,1248,5,5.65,Swift VDI,Maruti
Kolkata,2011,77400,Diesel,Manual,First,21.1,1248,5,2.5,Ritz VDi,Maruti
Mumbai,2017,14470,Diesel,Automatic,First,19.71,2143,5,38.5,New C-Class C 250 CDI Avantgarde,Mercedes-Benz
Kolkata,2014,52108,Diesel,Manual,First,19.01,1461,5,5.49,Duster 110PS Diesel RxZ,Renault
Kolkata,2013,40000,Petrol,Manual,First,19.1,1197,5,3.55,Swift Dzire VXI,Maruti
Jaipur,2014,105044,Diesel,Manual,First,12.99,2494,7,10.75,Innova 2.5 VX (Diesel) 7 Seater,Toyota
Delhi,2016,24347,Petrol,Manual,First,15.8,1591,5,11.0,Creta 1.6 SX Option,Hyundai
Ahmedabad,2014,58000,Diesel,Manual,First,21.79,1248,5,4.5,SX4 ZDI,Maruti
Kochi,2014,49663,Diesel,Manual,First,15.1,2179,7,8.42,XUV500 W8 2WD,Mahindra
Mumbai,2017,17000,Petrol,Automatic,First,18.0,1497,5,11.6,City i-VTEC CVT VX,Honda
Kochi,2016,13418,Diesel,Automatic,First,16.36,2179,5,33.63,XF 2.2 Litre Luxury,Jaguar
Pune,2008,117080,Diesel,Manual,Third,17.8,1399,5,2.25,Fiesta 1.4 SXi TDCi ABS,Ford
Mumbai,2010,74000,Petrol,Automatic,First,10.8,2497,5,12.95,5 Series 523i Sedan,BMW
Hyderabad,2010,86514,Diesel,Manual,First,17.8,1248,5,4.25,Swift VDI BSIV W ABS,Maruti
Coimbatore,2014,66882,Diesel,Automatic,First,17.68,1968,5,25.02,A6 2011-2015 2.0 TDI Premium Plus,Audi
Kochi,2014,41460,Petrol,Manual,First,18.5,1198,5,3.95,Brio 1.2 VX MT,Honda
Mumbai,2011,57000,Petrol,Automatic,First,16.8,1497,5,4.4,City 1.5 V AT,Honda
Bangalore,2015,34010,Petrol,Manual,Third,16.47,1198,5,4.95,Polo Petrol Comfortline 1.2L,Volkswagen
Pune,2010,96813,Diesel,Manual,Second,12.05,2179,8,5.5,Scorpio SLE BSIII,Mahindra
Mumbai,2011,84000,Petrol,Manual,First,16.8,1497,5,3.25,City V MT,Honda
Kochi,2013,50004,Petrol,Manual,First,15.0,1598,5,4.02,Rapid 1.6 MPI Elegance,Skoda
Coimbatore,2016,67995,Diesel,Manual,First,16.0,2179,7,11.73,XUV500 W6 2WD,Mahindra
Chennai,2012,55000,Diesel,Manual,First,15.0,1896,5,9.5,Jetta 2007-2011 2.0 TDI Trendline,Volkswagen
Hyderabad,2017,14900,Petrol,Automatic,First,21.4,1197,5,8.6,Baleno Alpha Automatic,Maruti
Jaipur,2013,70961,Diesel,Manual,First,25.8,1498,5,4.0,Amaze EX i-Dtech,Honda
Mumbai,2015,40194,Petrol,Manual,First,15.04,1598,5,5.55,Vento 1.6 Highline,Volkswagen
Hyderabad,2015,96000,Petrol,Manual,First,22.74,796,5,2.5,Alto 800 LXI,Maruti
Mumbai,2017,35000,Diesel,Automatic,First,18.0,2993,7,41.6,Rover Discovery HSE Luxury 3.0 TD6,Land
Delhi,2015,50000,Petrol,Automatic,First,18.0,1497,5,7.41,City i VTEC CVT VX,Honda
Mumbai,2014,50000,Diesel,Manual,First,19.01,1461,5,6.5,Terrano XL 110 PS,Nissan
Mumbai,2008,26299,Petrol,Manual,First,19.7,796,5,1.2,Alto LXi,Maruti
Bangalore,2015,150386,Diesel,Manual,First,14.24,2755,7,23.0,Fortuner 2.8 4WD MT,Toyota
Kolkata,2012,60000,Diesel,Manual,First,21.9,1396,5,2.74,i20 1.4 CRDi Magna,Hyundai
Hyderabad,2013,65000,Diesel,Manual,First,20.0,1399,5,3.9,Figo Diesel Titanium,Ford
Ahmedabad,2017,80000,Diesel,Manual,First,24.3,1248,5,8.0,Vitara Brezza ZDi Plus,Maruti
Chennai,2012,92000,Diesel,Manual,Third,22.32,1582,5,4.0,Verna 1.6 SX,Hyundai
Mumbai,2016,13000,Petrol,Automatic,First,12.95,1999,5,17.75,Tucson 2.0 Dual VTVT 2WD AT GL,Hyundai
Coimbatore,2013,73278,Diesel,Manual,First,21.1,1248,5,5.05,Ritz VDi,Maruti
Mumbai,2011,38000,Petrol,Automatic,First,10.8,1984,5,12.0,A4 2.0 TFSI,Audi
Kochi,2016,46936,Diesel,Automatic,First,13.0,2143,5,29.6,E-Class E250 CDI Launch Edition,Mercedes-Benz
Jaipur,2015,55000,Diesel,Manual,First,19.87,1461,5,6.5,Duster 85PS Diesel RxE,Renault
Mumbai,2014,19000,Petrol,Automatic,First,15.5,1198,5,4.75,Amaze S AT i-Vtech,Honda
Coimbatore,2016,42259,Diesel,Automatic,First,9.0,1984,5,24.36,S60 D4 SUMMUM,Volvo
Mumbai,2011,14000,Petrol,Manual,Second,17.5,1197,5,3.2,Swift Dzire 1.2 Lxi BSIV,Maruti
Kolkata,2016,16956,Petrol,Manual,First,22.5,998,5,3.6,Wagon R VXI,Maruti
Coimbatore,2017,15473,Petrol,Manual,First,16.8,796,5,3.58,Omni MPI STD BSIV,Maruti
Delhi,2011,75000,Diesel,Manual,First,21.5,1248,5,2.5,SX4 VDI,Maruti
Ahmedabad,2013,96000,Diesel,Manual,Second,23.5,1498,5,3.5,Fiesta Titanium 1.5 TDCi,Ford
Delhi,2015,25000,Petrol,Automatic,First,19.16,2494,5,25.0,Camry Hybrid,Toyota
Mumbai,2010,38000,Petrol,Manual,Second,22.5,998,5,1.75,Wagon R VXI,Maruti
Bangalore,2005,54000,Diesel,Automatic,First,11.0,2987,5,10.0,E-Class E270 CDI,Mercedes-Benz
Jaipur,2018,4131,Petrol,Automatic,First,21.4,1197,5,7.75,Baleno Zeta Automatic,Maruti
Hyderabad,2016,31700,Petrol,Manual,First,18.7,1199,5,6.45,Jazz 1.2 VX i VTEC,Honda
Pune,2017,66988,Diesel,Automatic,First,15.4,2179,7,10.0,Scorpio S10 AT 4WD,Mahindra
Mumbai,2014,54230,Petrol,Manual,First,16.47,1198,5,4.5,Polo 1.2 MPI Trendline,Volkswagen
Kolkata,2015,35000,Petrol,Manual,First,17.0,1197,5,3.4,i20 1.2 Era,Hyundai
Mumbai,2010,62714,Petrol,Automatic,First,12.1,2362,5,4.5,Camry W4 (AT),Toyota
Hyderabad,2015,45295,Petrol,Manual,First,18.9,998,5,4.3,Wagon R VXI,Maruti
Pune,2018,7000,Diesel,Automatic,First,18.12,1995,5,46.0,5 Series 2013-2017 520d M Sport,BMW
Chennai,2016,57000,Petrol,Automatic,First,24.07,998,5,3.4,Alto K10 VXI AGS,Maruti
Delhi,2013,40100,Diesel,Automatic,First,14.84,2143,5,14.5,New C-Class 220 CDI AT,Mercedes-Benz
Delhi,2013,56000,Petrol,Manual,First,24.7,796,5,2.1,Alto 800 2016-2019 LXI,Maruti
Mumbai,2012,15000,Petrol,Manual,First,18.6,1197,5,3.65,Swift VXI,Maruti
Kolkata,2014,14000,Petrol,Manual,First,18.2,1199,5,3.0,Sail Hatchback 1.2 LS ABS,Chevrolet
Ahmedabad,2009,68000,Diesel,Manual,Second,23.0,1396,5,3.95,i20 Asta 1.4 CRDi (Diesel),Hyundai
Delhi,2012,83000,Diesel,Automatic,First,11.9,2496,5,6.75,Superb 2.5 TDi AT,Skoda
Kochi,2013,81504,Diesel,Manual,First,21.43,1364,5,6.53,Corolla Altis D-4D G,Toyota
Hyderabad,2015,73500,Diesel,Manual,First,13.0,2982,7,22.0,Fortuner 4x2 Manual,Toyota
Pune,2013,52900,Petrol,Automatic,First,14.3,1598,5,4.75,Rapid 1.6 MPI AT Elegance,Skoda
Mumbai,2017,20000,Petrol,Automatic,First,16.5,1198,5,5.99,Brio 1.2 VX AT,Honda
Jaipur,2011,46000,Petrol,Manual,First,16.47,1198,5,3.05,Polo Petrol Comfortline 1.2L,Volkswagen
Delhi,2010,65000,Petrol,Manual,First,16.47,1198,5,2.4,Polo Petrol Comfortline 1.2L,Volkswagen
Pune,2007,42000,Petrol,Manual,Third,18.2,998,5,1.3,Zen Estilo LXI BSIII,Maruti
Kochi,2016,36681,Diesel,Manual,First,23.59,1364,5,6.71,Etios Cross 1.4L GD,Toyota
Ahmedabad,2014,67000,Diesel,Manual,Second,15.1,2179,7,7.2,XUV500 W8 2WD,Mahindra
Chennai,2016,18000,Petrol,Automatic,First,18.9,1197,5,5.4,Grand i10 AT Asta,Hyundai
Kochi,2015,56409,Diesel,Manual,First,22.7,1498,5,6.63,Ecosport 1.5 DV5 MT Titanium Optional,Ford
Coimbatore,2018,20300,Petrol,Automatic,First,18.0,1497,5,14.21,City i-VTEC CVT ZX,Honda
Kolkata,2010,45008,Petrol,Manual,First,17.0,1497,5,3.0,City 1.5 V MT,Honda
Kochi,2017,21799,Petrol,Manual,First,23.1,998,5,5.11,Celerio ZXI MT,Maruti
Pune,2011,57328,Petrol,Manual,First,15.04,1598,5,3.39,Vento Petrol Highline,Volkswagen
Hyderabad,2017,35358,Diesel,Automatic,First,11.36,2755,7,22.99,Innova Crysta 2.8 ZX AT,Toyota
Delhi,2009,46946,Petrol,Manual,Second,18.5,1197,5,2.35,i20 Magna,Hyundai
Kolkata,2012,39772,Diesel,Manual,First,23.2,1248,5,2.85,Ritz VDi,Maruti
Delhi,2014,58000,Diesel,Automatic,First,17.68,1968,5,18.5,A6 2011-2015 2.0 TDI Premium Plus,Audi
Bangalore,2014,52000,Petrol,Manual,First,13.24,1598,5,5.99,Duster Petrol RxL,Renault
Hyderabad,2008,152000,Petrol,Manual,Second,13.5,1799,5,3.0,Civic 2006-2010 1.8 V MT,Honda
Jaipur,2016,42700,Petrol,Manual,First,23.84,1199,5,3.6,Tiago 1.2 Revotron XT,Tata
Hyderabad,2014,60000,Diesel,Automatic,First,16.55,1968,5,24.0,A4 2.0 TDI,Audi
Coimbatore,2015,33195,Petrol,Manual,First,19.1,1197,5,6.26,Swift Dzire VXI,Maruti
Hyderabad,2010,110000,Diesel,Manual,First,14.24,2755,7,13.7,Fortuner 2.8 4WD MT,Toyota
Mumbai,2016,52000,Diesel,Automatic,First,15.26,2143,5,35.0,M-Class ML 250 CDI,Mercedes-Benz
Kochi,2015,64399,Diesel,Manual,First,21.9,1396,5,5.02,i20 Magna 1.4 CRDi,Hyundai
Mumbai,2015,55000,Petrol,Manual,First,21.5,1197,5,3.1,Wagon R VXI 1.2,Maruti
Bangalore,2012,50000,Diesel,Manual,First,20.54,1598,5,5.5,Vento Diesel Highline,Volkswagen
Kolkata,2014,33485,Petrol,Manual,First,19.1,1197,5,3.59,Swift Dzire VXI,Maruti
Kolkata,2015,32000,Diesel,Manual,First,20.4,1248,5,4.65,Linea Emotion (Diesel),Fiat
Bangalore,2009,71400,Petrol,Manual,Third,17.0,1497,5,3.8,City 1.5 V MT,Honda
Hyderabad,2016,41713,Diesel,Manual,First,19.67,1582,5,12.5,Creta 1.6 SX Plus Diesel,Hyundai
Hyderabad,2017,46000,Diesel,Manual,First,25.6,1498,5,12.9,City i-DTEC ZX,Honda
Hyderabad,2015,52950,Petrol,Manual,First,14.0,796,5,2.35,Omni 8 Seater BSIV,Maruti
Chennai,2015,29500,Petrol,Manual,First,20.4,1197,5,4.15,Swift LXI Option,Maruti
Coimbatore,2012,63888,Diesel,Automatic,First,14.0,2987,5,22.58,M-Class ML 350 CDI Corporate,Mercedes-Benz
Ahmedabad,2016,60000,Petrol,Manual,First,24.7,796,5,2.65,Alto 800 2016-2019 LXI,Maruti
Delhi,2010,59196,Petrol,Manual,Second,15.6,1196,5,2.25,Figo Petrol Titanium,Ford
Hyderabad,2016,121362,Diesel,Manual,First,13.68,2393,7,16.0,Innova Crysta 2.4 G MT,Toyota
Mumbai,2013,78000,Diesel,Automatic,First,18.48,1995,5,19.5,5 Series 2003-2012 520d,BMW
Bangalore,2015,59000,Diesel,Automatic,First,13.01,2199,7,21.0,Santa Fe 4WD AT,Hyundai
Ahmedabad,2012,95000,Diesel,Automatic,Second,22.48,1995,5,17.5,5 Series 520d Luxury Line,BMW
Hyderabad,2010,84000,Diesel,Manual,Second,17.8,1399,5,2.41,Fiesta EXi 1.4 TDCi Ltd,Ford
Bangalore,2012,58253,Diesel,Manual,Second,23.59,1364,5,4.45,Etios GD,Toyota
Coimbatore,2014,64557,Diesel,Automatic,Second,12.7,2179,5,29.93,Rover Range Rover 2.2L Prestige,Land
Pune,2012,24500,Petrol,Manual,Second,18.3,1621,5,2.95,Etios Liva V,Toyota
Kolkata,2009,68078,Petrol,Manual,First,19.7,796,5,1.02,Alto LX,Maruti
Jaipur,2009,149706,Diesel,Manual,First,11.5,2982,7,11.0,Fortuner 3.0 Diesel,Toyota
Mumbai,2013,25984,Petrol,Manual,First,15.8,1499,5,5.35,Ecosport 1.5 Ti VCT MT Titanium,Ford
Mumbai,2017,15544,Petrol,Manual,First,21.4,1197,5,5.65,Baleno Sigma 1.2,Maruti
Mumbai,2015,34000,Diesel,Automatic,First,23.8,1998,5,22.0,Cooper Countryman D High,Mini
Mumbai,2013,24000,Petrol,Automatic,First,17.01,1591,5,5.95,Verna 1.6 VTVT EX AT,Hyundai
Pune,2011,95000,Diesel,Manual,Third,20.0,1399,5,2.35,Figo Diesel Titanium,Ford
Pune,2014,52000,Diesel,Manual,Second,25.8,1498,5,4.1,Amaze S i-Dtech,Honda
Pune,2012,135000,Diesel,Manual,First,19.01,1461,5,5.4,Duster 110PS Diesel RxZ,Renault
Delhi,2017,39000,Diesel,Manual,First,23.0,1498,5,8.45,EcoSport 1.5 Diesel Titanium,Ford
Jaipur,2013,45306,Diesel,Automatic,Second,11.2,2993,4,42.5,X6 xDrive30d,BMW
Mumbai,2010,140000,Diesel,Manual,First,14.24,2755,7,10.75,Fortuner 2.8 4WD MT,Toyota
Kochi,2015,67415,Diesel,Automatic,First,11.18,2696,7,11.03,Ssangyong Rexton RX7,Mahindra
Kolkata,2016,25562,Petrol,Manual,First,23.1,998,5,3.5,Celerio VXI,Maruti
Jaipur,2016,30292,Petrol,Manual,First,18.6,1197,5,6.3,i20 Sportz 1.2,Hyundai
Bangalore,2014,84056,Petrol,Manual,First,18.88,999,5,6.75,EcoSport 1.0 Ecoboost Titanium Plus,Ford
Jaipur,2017,62691,Diesel,Manual,First,26.21,1248,5,7.5,Ciaz VDi,Maruti
Pune,2013,87000,Diesel,Automatic,First,17.11,1968,5,15.5,A4 2.0 TDI 177 Bhp Premium Plus,Audi
Delhi,2015,52513,Petrol,Manual,First,18.0,1198,5,4.65,Amaze S i-Vtech,Honda
Kochi,2016,43983,Petrol,Automatic,First,15.63,1499,5,7.58,EcoSport 1.5 Ti VCT AT Titanium,Ford
Hyderabad,2013,90121,Petrol,Manual,First,20.92,998,5,2.2,Alto K10 2010-2014 VXI,Maruti
Bangalore,2011,50000,Diesel,Automatic,Third,16.77,2967,5,21.0,A6 3.0 TDI quattro,Audi
Kolkata,2011,42500,Diesel,Automatic,First,18.33,1968,5,5.25,Passat Diesel Highline 2.0 TDI,Volkswagen
Kochi,2016,62192,Diesel,Manual,First,28.4,1248,5,5.22,Swift VDI,Maruti
Chennai,2011,128000,Diesel,Manual,Third,19.2,1461,5,2.0,Logan Diesel 1.5 DLS,Mahindra
Kochi,2018,38394,Petrol,Manual,First,21.56,1462,5,9.18,Ciaz Alpha,Maruti
Coimbatore,2013,37287,Petrol,Manual,First,26.0,624,4,1.74,Nano Lx,Tata
Delhi,2011,60000,Petrol,Automatic,First,16.8,1497,5,4.45,City 1.5 V AT,Honda
Coimbatore,2017,39419,Petrol,Manual,First,18.16,1196,5,4.95,Figo 2015-2019 1.2P Trend MT,Ford
Delhi,2014,55000,Diesel,Manual,First,22.54,1396,5,5.64,i20 Sportz 1.4 CRDi,Hyundai
Mumbai,2016,7000,Petrol,Manual,First,18.88,1499,5,6.9,EcoSport 1.5 Ti VCT MT Titanium BE,Ford
Hyderabad,2011,85000,Diesel,Automatic,First,16.55,1968,5,13.95,A4 2.0 TDI,Audi
Hyderabad,2013,51000,Diesel,Automatic,Second,20.58,1995,5,17.0,1 Series 118d Sport Line,BMW
Bangalore,2012,90000,Diesel,Manual,Second,13.93,2179,7,4.6,Safari DICOR 2.2 LX 4x2,Tata
Jaipur,2010,105000,Diesel,Manual,Second,12.05,2179,8,5.21,Scorpio VLX 4WD AIRBAG BSIV,Mahindra
Coimbatore,2017,36458,Petrol,Manual,First,15.29,1591,5,12.34,Creta 1.6 SX Plus Dual Tone Petrol,Hyundai
Chennai,2006,109000,Petrol,Manual,First,16.9,1497,5,1.5,City ZX VTEC,Honda
Delhi,2015,49000,Diesel,Automatic,First,17.05,1995,5,22.99,X1 sDrive 20d Sportline,BMW
Hyderabad,2010,45000,Diesel,Automatic,First,14.7,2993,6,40.0,Rover Range Rover Sport 2005 2012 HSE,Land
Chennai,2008,68000,Petrol,Manual,Third,19.7,796,5,1.2,Alto LXi BSIII,Maruti
Mumbai,2011,54000,Petrol,Automatic,First,19.2,1197,5,2.9,i10 Asta Sunroof AT,Hyundai
Delhi,2016,28000,Petrol,Automatic,First,14.62,1999,5,13.9,Elantra 2.0 SX Option AT,Hyundai
Delhi,2016,38500,Diesel,Manual,Second,28.09,1248,5,7.85,Ciaz RS ZDi Plus SHVS,Maruti
Kolkata,2012,67132,Diesel,Manual,First,13.58,2499,9,4.75,Tavera LT 9 Str BS IV,Chevrolet
Mumbai,2011,47000,Diesel,Manual,First,20.64,1498,5,3.25,Vento 1.5 TDI Trendline,Volkswagen
Mumbai,2015,28005,Petrol,Manual,First,17.8,1497,5,7.1,City i VTEC V,Honda
Kolkata,2017,13000,Petrol,Manual,First,20.4,1197,5,4.65,Swift VXI BSIV,Maruti
Kolkata,2012,67000,Diesel,Manual,First,19.33,1968,5,5.0,Jetta 2012-2014 2.0L TDI Comfortline,Volkswagen
Delhi,2015,50000,Petrol,Manual,First,18.6,1197,5,4.95,i20 Sportz 1.2,Hyundai
Bangalore,2014,55000,Diesel,Manual,First,15.1,2179,7,9.8,XUV500 W8 2WD,Mahindra
Kolkata,2015,30458,Petrol,Manual,First,23.1,998,5,2.99,Celerio LXI,Maruti
Mumbai,2014,46000,Petrol,Manual,First,15.04,1598,5,4.45,Vento 1.6 Highline,Volkswagen
Pune,2011,50000,Petrol,Manual,Second,23.9,624,4,0.75,Nano XT,Tata
Chennai,2014,72563,Diesel,Manual,Second,22.77,1498,5,5.0,EcoSport 1.5 TDCi Titanium,Ford
Pune,2015,67000,Petrol,Manual,First,16.1,1621,5,4.7,Swift 1.3 VXI ABS,Maruti
Coimbatore,2015,58239,Petrol,Automatic,First,14.62,1999,5,9.69,Elantra 2.0 SX Option AT,Hyundai
Coimbatore,2015,57934,Diesel,Manual,First,18.2,1248,8,5.5,Enjoy 1.3 TCDi LTZ 8,Chevrolet
Jaipur,2015,63000,Diesel,Manual,First,20.14,1498,5,5.11,Polo 1.5 TDI Highline,Volkswagen
Mumbai,2012,27014,Petrol,Manual,First,16.25,1198,5,2.19,Fabia 1.2 MPI Ambition Plus,Skoda
Chennai,2012,90906,Diesel,Manual,First,20.54,1598,5,4.25,Vento Diesel Comfortline,Volkswagen
Hyderabad,2013,61202,Diesel,Automatic,First,11.18,2696,7,14.5,Ssangyong Rexton RX7,Mahindra
Mumbai,2014,51000,Diesel,Manual,First,19.87,1461,5,5.65,Terrano XL D Option,Nissan
Ahmedabad,2016,88008,Diesel,Automatic,Second,12.9,2755,7,22.5,Fortuner 2.8 2WD AT,Toyota
Mumbai,2007,55000,Petrol,Manual,Second,16.1,1621,5,1.75,Swift 1.3 VXi,Maruti
Jaipur,2004,160000,Petrol,Automatic,Second,11.3,1794,5,1.5,Corolla H4,Toyota
Kochi,2012,42591,Petrol,Manual,First,20.36,1197,5,3.2,i10 Sportz,Hyundai
Bangalore,2012,67000,Diesel,Manual,First,23.0,1396,5,4.5,i20 1.4 CRDi Sportz,Hyundai
Pune,2014,48000,Diesel,Manual,Second,25.8,1498,5,4.5,Amaze S i-Dtech,Honda
Jaipur,2014,97000,Diesel,Automatic,First,22.32,1582,5,8.0,Verna 1.6 SX CRDI (O) AT,Hyundai
Mumbai,2018,10000,Diesel,Automatic,First,17.9,2143,5,28.9,GLA Class 200 d Sport,Mercedes-Benz
Coimbatore,2015,56900,Diesel,Manual,First,20.14,1498,5,4.1,Polo 1.5 TDI Trendline,Volkswagen
Kochi,2017,36152,Petrol,Automatic,First,21.4,1197,5,7.22,Baleno Zeta Automatic,Maruti
Hyderabad,2014,85512,Diesel,Manual,First,22.9,1248,5,5.8,Swift VDI,Maruti
Chennai,2013,234000,Diesel,Manual,Second,14.0,2489,8,3.5,Xylo D2 BSIV,Mahindra
Bangalore,2013,36000,Diesel,Manual,Second,22.7,1498,5,6.35,Ecosport 1.5 DV5 MT Trend,Ford
Delhi,2015,36096,Diesel,Manual,First,15.1,2179,7,8.85,XUV500 W8 2WD,Mahindra
Hyderabad,2010,111111,Petrol,Manual,Second,18.6,1199,5,2.0,Beat LS,Chevrolet
Bangalore,2012,73000,Petrol,Manual,First,17.01,1591,5,5.5,Verna 1.6 VTVT,Hyundai
Kolkata,2014,44300,Petrol,Manual,Second,18.9,1197,5,2.3,Grand i10 Asta,Hyundai
Bangalore,2014,74500,Diesel,Manual,First,19.01,1461,5,7.95,Duster 110PS Diesel RxZ,Renault
Coimbatore,2016,21495,Petrol,Manual,First,19.1,1197,5,6.16,Xcent 1.2 Kappa S Option,Hyundai
Delhi,2012,59000,Petrol,Manual,First,20.36,1197,5,2.85,i10 Sportz,Hyundai
Delhi,2016,23000,Petrol,Automatic,First,13.7,1991,5,25.0,GLA Class 200 Sport Edition,Mercedes-Benz
Coimbatore,2008,50135,Diesel,Manual,First,15.8,2148,5,10.36,New C-Class 220 CDI MT,Mercedes-Benz
Delhi,2016,25000,Petrol,Automatic,First,15.04,1991,5,26.0,CLA 200 Sport Edition,Mercedes-Benz
Kolkata,2013,47000,Diesel,Manual,First,22.32,1582,5,4.35,Verna 1.6 SX CRDi (O),Hyundai
Chennai,2016,150000,Diesel,Manual,First,14.95,2489,9,4.5,Xylo D2 Maxx,Mahindra
Delhi,2015,53503,Diesel,Manual,First,26.59,1248,5,5.0,Swift Dzire LDI,Maruti
Ahmedabad,2014,47003,Petrol,Manual,First,20.36,1197,5,3.67,i10 Sportz,Hyundai
Delhi,2014,80000,Diesel,Manual,First,14.0,2179,7,6.0,Safari Storme Explorer Edition,Tata
Coimbatore,2018,20492,Petrol,Manual,First,18.9,1197,5,6.34,Grand i10 Asta,Hyundai
Chennai,2012,17000,Petrol,Automatic,Second,16.82,1998,4,22.0,Cooper Convertible S,Mini
Delhi,2006,79000,Petrol,Manual,Second,13.4,1794,5,1.67,Corolla H5,Toyota
Kolkata,2014,27000,Petrol,Manual,First,14.28,1798,5,7.95,Corolla Altis G MT,Toyota
Kochi,2018,28786,Petrol,Manual,First,10.4,2393,5,9.74,Grand Vitara 2.4 MT,Maruti
Chennai,2011,143354,Diesel,Manual,Second,16.0,1997,7,6.0,XUV500 W8 1.99 mHawk,Mahindra
Chennai,2008,56000,Petrol,Manual,Second,19.5,1061,5,1.5,Estilo LXI,Maruti
Mumbai,2013,21000,Petrol,Automatic,First,17.44,1998,4,21.5,Cooper 3 DOOR S,Mini
Jaipur,2009,73000,Diesel,Manual,Second,21.1,1248,5,2.35,Ritz VDi,Maruti
Delhi,2012,74000,Diesel,Manual,Second,22.07,1199,5,2.65,Polo Diesel Comfortline 1.2L,Volkswagen
Kochi,2011,65423,Petrol,Manual,First,20.36,1197,5,3.16,i10 Magna,Hyundai
Jaipur,2009,65000,Petrol,Manual,Second,19.0,998,5,2.05,A-Star Vxi,Maruti
Hyderabad,2014,55277,Petrol,Manual,First,20.51,998,5,3.9,Wagon R Stingray LXI,Maruti
Coimbatore,2017,50808,Diesel,Manual,Second,24.2,1498,7,6.68,Mobilio S i DTEC,Honda
Jaipur,2017,52000,Petrol,Manual,Second,21.1,814,5,3.5,EON Era Plus,Hyundai
Mumbai,2017,32000,Petrol,Automatic,First,14.84,1598,5,8.11,Rapid 1.6 MPI AT Ambition,Skoda
Delhi,2017,25000,Diesel,Manual,First,28.09,1248,5,8.3,Ciaz VDi Plus SHVS,Maruti
Coimbatore,2016,23218,Diesel,Automatic,First,15.26,2143,5,45.61,M-Class ML 250 CDI,Mercedes-Benz
Pune,2010,84000,Diesel,Automatic,First,20.0,1968,5,4.45,Laura Elegance 2.0 TDI CR AT,Skoda
Delhi,2017,40000,Diesel,Manual,First,24.3,1248,5,7.85,Vitara Brezza VDi Option,Maruti
Kolkata,2014,25135,Diesel,Manual,First,24.0,1120,5,3.75,Grand i10 CRDi Sportz,Hyundai
Delhi,2017,65000,Diesel,Manual,First,25.47,1248,7,7.65,Ertiga VDI,Maruti
Ahmedabad,2013,40000,Petrol,Manual,First,17.0,1197,5,4.9,i20 1.2 Sportz,Hyundai
Coimbatore,2018,24500,Diesel,Automatic,First,16.0,2179,7,16.52,XUV500 AT W10 FWD,Mahindra
Kochi,2016,56674,Petrol,Automatic,First,13.7,1798,5,14.05,Superb Elegance 1.8 TSI AT,Skoda
Kochi,2016,51950,Petrol,Manual,First,20.73,1373,5,6.75,Ciaz VXi Plus,Maruti
Kolkata,2016,51000,Diesel,Manual,First,19.67,1582,5,9.2,Creta 1.6 CRDi SX,Hyundai
Chennai,2012,150000,Diesel,Manual,Third,23.59,1364,5,3.0,Etios GD,Toyota
Chennai,2008,114750,Petrol,Manual,Second,17.0,1497,5,2.75,City 1.5 S MT,Honda
Hyderabad,2016,107890,Diesel,Manual,First,13.5,2198,7,20.5,Endeavour 2.2 Trend MT 4X4,Ford
Pune,2012,64000,Diesel,Manual,First,21.9,1396,5,4.25,i20 2015-2017 1.4 Magna ABS,Hyundai
Kolkata,2016,21460,Petrol,Manual,First,17.0,1497,5,6.0,EcoSport 1.5 Petrol Trend,Ford
Coimbatore,2015,29634,Petrol,Manual,Second,17.0,1197,5,6.0,i20 1.2 Sportz,Hyundai
Ahmedabad,2008,52000,Petrol,Manual,First,16.1,1298,5,2.41,Swift VXI BSIII,Maruti
Hyderabad,2015,33000,Petrol,Automatic,First,19.0,1199,5,7.25,Jazz V CVT,Honda
Kochi,2014,89230,Diesel,Manual,First,11.1,2400,7,23.65,XC90 2007-2015 D5 AWD,Volvo
Delhi,2016,27000,Petrol,Manual,First,21.4,1197,5,6.5,Baleno Alpha 1.2,Maruti
Kochi,2017,72524,Diesel,Automatic,Second,17.9,2143,5,18.06,GLA Class 200 CDI SPORT,Mercedes-Benz
Hyderabad,2016,73000,Petrol,Manual,First,25.17,799,5,3.2,KWID RXT,Renault
Coimbatore,2017,21740,Petrol,Manual,First,18.16,1196,5,6.42,Figo 2015-2019 1.2P Titanium Opt MT,Ford
Jaipur,2015,59000,Diesel,Manual,First,13.0,2982,7,23.0,Fortuner 4x2 Manual,Toyota
Chennai,2013,83432,Petrol,Manual,First,17.0,1497,5,5.9,City 1.5 S MT,Honda
Pune,2014,87200,Diesel,Manual,First,15.4,2523,7,7.75,Scorpio S2 7 Seater,Mahindra
Hyderabad,2012,88000,Diesel,Automatic,First,13.2,1995,5,15.0,3 Series 320d,BMW
Jaipur,2017,48324,Diesel,Manual,First,24.3,1248,5,9.0,Vitara Brezza ZDi Plus,Maruti
Delhi,2011,51000,Petrol,Automatic,First,11.74,1796,5,11.5,New C-Class C 200 CGI Elegance,Mercedes-Benz
Kolkata,2012,24000,Petrol,Manual,Second,17.01,1591,5,6.2,Verna 1.6 VTVT,Hyundai
Kochi,2017,20773,Diesel,Manual,First,24.0,1186,5,5.92,Grand i10 1.2 CRDi Sportz,Hyundai
Kolkata,2016,22000,Diesel,Manual,First,20.14,1498,5,6.29,Polo 1.5 TDI Highline,Volkswagen
Kochi,2014,66355,Petrol,Manual,First,18.0,1198,5,4.12,Amaze S i-Vtech,Honda
Pune,2007,115800,Petrol,Automatic,Third,10.1,2354,5,3.8,CR-V 2.4 AT,Honda
Ahmedabad,2014,41125,Petrol,Manual,First,17.92,1086,5,2.7,Santro Xing GL Plus,Hyundai
Coimbatore,2017,43812,Diesel,Automatic,First,15.0,2143,5,20.28,B Class B200 CDI,Mercedes-Benz
Delhi,2014,69876,Petrol,Manual,First,18.0,1198,5,3.9,Amaze S i-Vtech,Honda
Pune,2014,102000,Diesel,Automatic,Second,12.55,2982,7,16.5,Fortuner 4x2 AT,Toyota
Pune,2011,68000,Petrol,Manual,First,17.01,1591,5,3.7,Verna 1.6 VTVT,Hyundai
Mumbai,2013,25000,Diesel,Automatic,First,22.69,1995,5,17.99,3 Series 320d,BMW
Jaipur,2013,51873,Diesel,Manual,First,21.9,1396,5,3.9,i20 Magna 1.4 CRDi (Diesel),Hyundai
Chennai,2012,72500,Diesel,Manual,First,18.5,1399,5,3.12,Figo Diesel EXI Option,Ford
Pune,2007,83000,Petrol,Manual,First,14.0,1061,5,1.65,Wagon R LXI BSIII,Maruti
Kolkata,2015,39871,Petrol,Manual,First,19.1,1197,5,3.5,Xcent 1.2 Kappa S Option,Hyundai
Chennai,2015,82000,Diesel,Manual,Second,14.02,2179,7,4.85,Xylo H4,Mahindra
Coimbatore,2018,23152,Diesel,Automatic,First,19.27,2143,5,39.22,New C-Class C 220d Avantgarde Edition C,Mercedes-Benz
Kolkata,2007,71600,Petrol,Manual,Second,20.36,1197,5,2.0,i10 Magna,Hyundai
Mumbai,2010,122000,Diesel,Manual,Second,11.5,2982,7,10.45,Fortuner 3.0 Diesel,Toyota
Chennai,2016,29277,Petrol,Automatic,First,19.16,2494,5,27.0,Camry Hybrid,Toyota
Kolkata,2011,60000,Diesel,Manual,First,20.0,1399,5,2.25,Figo Diesel ZXI,Ford
Kolkata,2014,42000,Petrol,Manual,First,19.1,1197,5,3.45,Xcent 1.2 Kappa S Option,Hyundai
Kochi,2016,61823,Petrol,Manual,First,18.6,1197,5,6.14,i20 Sportz 1.2,Hyundai
Hyderabad,2011,110000,Diesel,Manual,First,28.4,1248,5,4.0,Dzire VDI,Maruti
Kolkata,2010,38446,Petrol,Manual,First,17.0,1497,5,2.59,City 1.5 S MT,Honda
Delhi,2017,33000,Diesel,Manual,First,27.39,1248,5,6.96,Baleno Delta 1.3,Maruti
Kolkata,2011,42118,Petrol,Manual,First,18.3,1197,5,2.19,Etios Liva G,Toyota
Jaipur,2016,70000,Petrol,Manual,First,21.1,814,5,3.0,EON Era Plus,Hyundai
Delhi,2012,68038,Diesel,Manual,First,20.14,1498,5,3.6,Polo 1.5 TDI Highline,Volkswagen
Coimbatore,2014,55012,Diesel,Manual,Second,25.44,936,5,3.7,Beat Diesel LS,Chevrolet
Ahmedabad,2013,55000,Diesel,Automatic,First,22.48,1995,5,21.75,5 Series 520d Luxury Line,BMW
Mumbai,2017,25000,Diesel,Automatic,First,17.9,2143,5,45.0,GLC 220d 4MATIC Sport,Mercedes-Benz
Coimbatore,2011,46808,Petrol,Manual,Second,24.07,998,5,3.19,Alto K10 VXI,Maruti
Coimbatore,2015,65743,Petrol,Manual,First,20.14,1197,5,6.2,Xcent 1.2 VTVT S,Hyundai
Coimbatore,2013,64466,Petrol,Manual,First,19.81,1086,5,3.96,i10 Magna 1.1,Hyundai
Kolkata,2009,75648,Diesel,Manual,First,13.5,1405,5,0.82,Indica DLS,Tata
Jaipur,2016,80000,Diesel,Manual,First,23.4,1248,5,4.5,Swift Dzire Tour LDI,Maruti
Mumbai,2017,69000,Diesel,Manual,First,25.4,1186,5,3.55,Xcent 1.2 CRDi E Plus,Hyundai
Chennai,2014,79200,Diesel,Manual,First,22.71,1461,5,5.5,Sunny Diesel XV,Nissan
Mumbai,2016,29477,Petrol,Manual,First,15.8,1591,5,10.25,Creta 1.6 SX Option,Hyundai
Delhi,2017,40000,Diesel,Automatic,First,12.9,2755,7,30.0,Fortuner 2.8 2WD AT,Toyota
Pune,2014,25000,Petrol,Manual,Second,18.5,1197,5,3.5,Ritz VXi,Maruti
Delhi,2014,67668,Diesel,Manual,First,23.08,1461,5,3.1,Pulse RxL,Renault
Hyderabad,2010,78000,Petrol,Manual,First,17.5,1198,5,3.25,Fabia 1.2 MPI Ambiente Petrol,Skoda
Mumbai,2017,30000,Diesel,Manual,First,23.0,1498,5,8.99,EcoSport 1.5 Diesel Titanium,Ford
Kolkata,2015,70623,Petrol,Manual,First,15.04,1598,5,3.99,Vento Petrol Comfortline,Volkswagen
Mumbai,2015,54000,Diesel,Manual,Second,19.01,1461,5,6.0,Terrano XV 110 PS,Nissan
Mumbai,2015,48000,Diesel,Automatic,First,15.73,1968,5,18.25,Q3 2012-2015 35 TDI Quattro Premium,Audi
Delhi,2012,62000,Diesel,Manual,First,12.99,2494,7,7.75,Innova 2.5 GX (Diesel) 7 Seater,Toyota
Delhi,2017,47000,Petrol,Manual,Second,17.57,1193,5,4.5,Zest Revotron 1.2T XE,Tata
Bangalore,2014,171000,Diesel,Manual,First,11.5,2982,7,16.75,Fortuner 3.0 Diesel,Toyota
Pune,2012,108000,Diesel,Automatic,First,16.09,1995,5,17.5,X3 xDrive20d,BMW
Chennai,2016,41000,Diesel,Manual,First,22.7,1598,5,7.7,SX4 S Cross DDiS 320 Zeta,Maruti
Pune,2012,66000,Petrol,Manual,Second,17.0,1497,5,4.45,City 1.5 S MT,Honda
Jaipur,2015,144000,Diesel,Manual,First,26.59,1248,5,5.25,Swift Dzire LDI,Maruti
Kochi,2017,23806,Diesel,Automatic,First,22.69,1995,5,33.66,3 Series 320d M Sport,BMW
Chennai,2013,89000,Petrol,Automatic,Second,19.34,1198,5,2.8,Micra XV CVT,Nissan
Coimbatore,2018,38852,Petrol,Automatic,First,21.4,1197,5,8.47,Baleno Zeta Automatic,Maruti
Coimbatore,2018,68737,Diesel,Manual,First,26.21,1248,5,9.32,Ciaz ZDi Plus,Maruti
Coimbatore,2017,23106,Diesel,Automatic,First,17.9,2143,5,27.43,CLA 200 CDI Style,Mercedes-Benz
Delhi,2015,31250,Diesel,Manual,First,24.5,1498,7,6.5,Mobilio RS i DTEC,Honda
Delhi,2014,77795,Diesel,Manual,First,12.99,2494,8,9.5,Innova 2.5 GX (Diesel) 8 Seater,Toyota
Kochi,2015,47759,Diesel,Automatic,First,14.74,2993,5,31.8,XF 3.0 Litre S Premium Luxury,Jaguar
Chennai,2013,67620,Petrol,Manual,Second,17.6,1496,5,4.2,Etios Petrol TRD Sportivo,Toyota
Kochi,2013,44378,Diesel,Manual,First,25.44,936,5,3.85,Beat Diesel LS,Chevrolet
Delhi,2012,64709,Petrol,Manual,Second,12.8,2354,5,6.0,Accord 2.4 M/T,Honda
Hyderabad,2007,76161,Petrol,Manual,First,19.7,796,5,1.65,Alto LXi,Maruti
Bangalore,2013,58410,Diesel,Automatic,First,19.3,1968,5,14.5,Octavia Ambition 2.0 TDI AT,Skoda
Delhi,2011,72000,Diesel,Manual,First,12.8,2494,7,7.1,Innova 2.5 V Diesel 7-seater,Toyota
Chennai,2016,11000,Diesel,Automatic,First,17.11,1968,5,28.0,A4 35 TDI Premium Sport,Audi
Kochi,2017,45362,Diesel,Manual,First,24.3,1248,5,9.38,Vitara Brezza ZDi Plus Dual Tone,Maruti
Kochi,2016,59767,Petrol,Manual,First,18.9,1197,5,4.78,Grand i10 Sportz,Hyundai
Chennai,2003,70000,Petrol,Manual,Second,13.4,1794,5,1.7,Corolla DX,Toyota
Coimbatore,2019,14233,Diesel,Automatic,First,17.6,2179,7,17.85,Hexa XTA,Tata
Pune,2010,72000,Petrol,Manual,Second,17.0,1197,5,2.75,i20 2015-2017 1.2 Asta,Hyundai
Mumbai,2014,11000,Petrol,Manual,First,17.01,1591,5,5.95,Verna 1.6 SX VTVT,Hyundai
Mumbai,2011,39000,Petrol,Manual,First,14.0,796,5,1.5,Omni 8 Seater BSIV,Maruti
Kochi,2019,19855,Petrol,Manual,First,24.7,796,5,3.8,Alto 800 2016-2019 VXI,Maruti
Bangalore,2017,20149,Diesel,Automatic,First,19.27,2143,5,38.5,New C-Class C 220d Avantgarde Edition C,Mercedes-Benz
Jaipur,2011,70000,Petrol,Manual,First,19.81,1086,5,2.15,i10 Era 1.1,Hyundai
Mumbai,2010,62004,Petrol,Automatic,Second,14.67,1798,5,3.75,Superb Style 1.8 TSI AT,Skoda
Mumbai,2016,25500,Diesel,Automatic,First,21.5,1498,5,8.95,Vento 1.5 TDI Highline AT,Volkswagen
Hyderabad,2013,68800,Diesel,Manual,First,17.8,1248,5,5.0,Swift VDI BSIV,Maruti
Pune,2010,61700,Petrol,Manual,First,14.8,1799,5,2.95,Civic 2010-2013 1.8 V MT,Honda
Coimbatore,2010,59660,Petrol,Automatic,First,12.05,1995,5,10.49,3 Series 320i Sedan,BMW
Hyderabad,2007,69775,Petrol,Manual,Second,17.92,1086,5,1.85,Santro Xing GLS,Hyundai
Hyderabad,2016,51787,Diesel,Manual,First,17.8,1248,5,6.45,Swift VDI BSIV,Maruti
Jaipur,2009,88000,Petrol,Automatic,First,11.1,2354,5,5.25,Accord 2001-2003 2.3 VTi L AT,Honda
Kolkata,2014,47052,Diesel,Manual,First,20.77,1248,7,5.99,Ertiga VDI,Maruti
Kochi,2015,69749,Diesel,Manual,First,18.6,1388,5,3.82,Fiesta Classic 1.4 Duratorq LXI,Ford
Hyderabad,2012,79000,Diesel,Automatic,First,12.07,2967,7,39.0,Q7 3.0 TDI Quattro Premium Plus,Audi
Coimbatore,2016,39644,Diesel,Automatic,First,17.11,1968,5,25.75,A4 35 TDI Premium,Audi
Hyderabad,2012,137800,Diesel,Manual,First,22.3,1248,5,2.2,Indica Vista Quadrajet VX,Tata
Chennai,2008,120000,Diesel,Manual,Second,18.1,1493,5,2.0,Verna CRDi ABS,Hyundai
Mumbai,2014,18600,Diesel,Automatic,Second,22.69,1995,5,21.0,3 Series 320d Luxury Line,BMW
Ahmedabad,2014,116905,Diesel,Manual,First,24.0,1120,5,4.0,Grand i10 CRDi Asta,Hyundai
Coimbatore,2011,32824,Petrol,Automatic,First,16.95,1197,5,3.83,i10 Sportz AT,Hyundai
Kochi,2016,19148,Petrol,Manual,First,16.1,1197,5,5.89,Swift VXi BSIV,Maruti
Kolkata,2010,35008,Petrol,Manual,First,17.92,1086,5,1.36,Santro Xing GLS,Hyundai
Delhi,2013,21000,Diesel,Automatic,Second,17.54,2993,4,44.0,6 Series Gran Coupe,BMW
Bangalore,2016,36000,Petrol,Manual,First,17.43,1396,5,8.0,Verna 1.4 VTVT,Hyundai
Ahmedabad,2012,56121,Diesel,Manual,First,23.4,1248,5,4.25,Swift Dzire ZDI,Maruti
Pune,2018,30000,Diesel,Manual,First,28.4,1248,5,6.0,Swift VDI,Maruti
Kochi,2016,31021,Diesel,Automatic,First,19.5,1968,5,16.61,Octavia 2.0 TDI AT Style Plus,Skoda
Coimbatore,2013,52600,Diesel,Manual,First,19.6,1461,5,7.26,Duster 110PS Diesel RxL,Renault
Bangalore,2005,60000,Diesel,Manual,First,10.5,2179,8,4.0,Scorpio 2.6 CRDe,Mahindra
Ahmedabad,2016,44001,Diesel,Automatic,First,18.12,1995,5,34.51,5 Series 2013-2017 520d Luxury Line,BMW
Chennai,2003,101000,Petrol,Manual,Third,17.3,1061,5,0.95,Wagon R VXI BSIII,Maruti
Hyderabad,2007,84169,Petrol,Manual,First,14.0,1061,5,2.2,Wagon R LXI BSIII,Maruti
Mumbai,2017,14001,Petrol,Manual,First,18.6,1197,5,5.75,i20 Sportz 1.2,Hyundai
Delhi,2016,59000,Diesel,Automatic,First,18.0,2993,7,36.75,Rover Discovery SE 3.0 TD6,Land
Hyderabad,2009,29000,Petrol,Automatic,Second,11.7,1796,5,10.0,New C-Class 230 Avantgarde,Mercedes-Benz
Kochi,2014,64158,Diesel,Automatic,First,18.48,1621,5,17.89,5 Series 520d Sedan,BMW
Mumbai,2012,38800,Diesel,Manual,First,21.64,1461,5,4.05,Sunny 2011-2014 Diesel XV,Nissan
Hyderabad,2011,98000,Diesel,Automatic,First,12.07,2967,7,22.0,Q7 3.0 TDI quattro,Audi
Coimbatore,2017,20969,Diesel,Automatic,First,17.9,2143,5,27.87,CLA 200 CDI Sport,Mercedes-Benz
Kolkata,2018,2900,Diesel,Manual,First,24.3,1248,5,8.75,Vitara Brezza ZDi,Maruti
Hyderabad,2016,69000,Diesel,Manual,First,19.3,1248,5,4.79,Swift Dzire Vdi BSIV,Maruti
Coimbatore,2018,5833,Diesel,Manual,First,21.13,1498,5,11.92,Rapid 1.5 TDI Ambition,Skoda
Jaipur,2006,145000,Petrol,Manual,First,18.9,998,5,1.15,Wagon R LXI,Maruti
Pune,2014,71000,Diesel,Manual,First,25.1,1498,5,7.45,City i DTEC VX Option,Honda
Jaipur,2017,12000,Petrol,Manual,First,21.1,814,5,3.5,EON Magna Plus,Hyundai
Hyderabad,2013,58000,Diesel,Automatic,First,13.2,1995,5,19.5,3 Series 320d,BMW
Pune,2012,39000,Petrol,Automatic,Second,12.05,1995,5,15.0,3 Series 318i Sedan,BMW
Coimbatore,2017,37712,Diesel,Manual,First,17.45,1493,7,7.57,NuvoSport N8,Mahindra
Hyderabad,2012,68000,Petrol,Manual,First,18.5,1197,5,4.4,Ritz VXi,Maruti
Kolkata,2010,30000,Petrol,Manual,First,18.6,1199,5,1.6,Beat LT,Chevrolet
Pune,2014,68218,Petrol,Manual,First,19.1,1197,5,4.9,Swift Dzire VXI,Maruti
Delhi,2014,52000,Diesel,Manual,First,20.77,1248,7,5.95,Ertiga ZDI,Maruti
Coimbatore,2015,63591,Diesel,Manual,First,20.45,1461,5,5.35,Duster 85PS Diesel RxL,Renault
Hyderabad,2014,57937,Petrol,Automatic,First,15.5,1198,5,5.4,Amaze VX AT i-Vtech,Honda
Coimbatore,2015,21979,Diesel,Automatic,First,17.11,1968,5,23.45,A4 2.0 TDI Premium Sport Limited Edition,Audi
Hyderabad,2002,99000,Diesel,Manual,Second,18.7,1896,5,1.9,Octavia Ambiente 1.9 TDI MT,Skoda
Pune,2016,62000,Diesel,Manual,First,25.8,1498,5,6.1,Amaze E i-Dtech,Honda
Mumbai,2006,127001,Diesel,Manual,First,12.8,2494,8,4.95,Innova 2.5 EV Diesel MS 8 Str BSIII,Toyota
Hyderabad,2013,84600,Petrol,Manual,Second,21.1,814,5,2.5,EON D Lite Plus,Hyundai
Chennai,2012,78000,Diesel,Manual,First,22.9,1248,5,4.4,Swift VDI,Maruti
Hyderabad,2008,85000,Diesel,Manual,First,9.5,2835,6,7.99,Pajero 2.8 GLX Sports,Mitsubishi
Hyderabad,2008,79000,Diesel,Automatic,First,13.1,2400,5,10.99,S80 D5,Volvo
Delhi,2014,79000,Diesel,Automatic,First,12.55,2982,7,18.5,Fortuner 4x2 AT,Toyota
Coimbatore,2018,48188,Diesel,Manual,First,16.3,1956,5,21.69,Compass 2.0 Limited 4X4,Jeep
Coimbatore,2014,67557,Diesel,Manual,First,23.4,1248,5,5.17,Swift Dzire VDI,Maruti
Delhi,2011,103814,Diesel,Manual,Second,22.32,1582,5,4.5,Verna 1.6 SX,Hyundai
Kolkata,2014,45128,Diesel,Manual,First,12.05,2179,8,6.75,Scorpio VLX 2WD BSIV,Mahindra
Kochi,2013,56075,Petrol,Manual,First,19.81,1086,5,3.12,i10 Era,Hyundai
Hyderabad,2011,166000,Diesel,Manual,First,12.99,2494,8,8.25,Innova 2.5 G (Diesel) 8 Seater,Toyota
Coimbatore,2017,65367,Diesel,Automatic,First,11.36,2755,7,20.14,Innova Crysta 2.8 ZX AT,Toyota
Hyderabad,2013,114708,Diesel,Manual,First,12.99,2494,8,12.6,Innova 2.5 G (Diesel) 8 Seater,Toyota
Kochi,2015,35082,Diesel,Manual,First,23.4,1248,5,6.61,Swift Dzire ZDI,Maruti
Kochi,2016,38593,Diesel,Automatic,First,17.01,1582,5,13.23,Creta 1.6 CRDi AT SX Plus,Hyundai
Mumbai,2008,70700,Diesel,Manual,First,12.99,2494,8,4.75,Innova 2.5 G (Diesel) 8 Seater BS IV,Toyota
Mumbai,2011,83000,Diesel,Manual,Second,20.54,1598,5,2.9,Vento Diesel Highline,Volkswagen
Hyderabad,2015,120000,Diesel,Manual,First,14.8,2499,10,5.5,Tavera LS B3 10 Seats BSIII,Chevrolet
Kochi,2014,91586,Diesel,Automatic,Second,11.18,2696,7,9.47,Ssangyong Rexton RX7,Mahindra
Mumbai,2008,38235,Petrol,Manual,First,20.36,1197,5,1.95,i10 Magna,Hyundai
Kolkata,2011,37000,Petrol,Manual,First,20.36,1197,5,2.2,i10 Sportz 1.2,Hyundai
Mumbai,2006,50888,Petrol,Manual,First,17.0,1086,5,1.15,Santro Xing XG eRLX Euro III,Hyundai
Bangalore,2013,44000,Petrol,Manual,Second,18.0,1198,5,4.35,Amaze S i-Vtech,Honda
Pune,2016,54000,Petrol,Automatic,First,23.1,998,5,4.5,Celerio ZXI AT,Maruti
Chennai,2013,90000,Petrol,Manual,First,18.9,1197,5,3.55,Grand i10 Asta,Hyundai
Kolkata,2015,35000,Diesel,Manual,First,19.3,1248,5,4.75,Swift Dzire VDi,Maruti
Coimbatore,2012,47324,Petrol,Manual,Second,20.36,1197,5,4.52,i10 Sportz,Hyundai
Mumbai,2012,65148,Diesel,Automatic,First,15.06,1995,5,12.75,X1 sDrive 20d Exclusive,BMW
Coimbatore,2014,57773,Diesel,Automatic,Second,17.11,1968,5,20.04,A4 2.0 TDI 177 Bhp Premium Plus,Audi
Bangalore,2014,87000,Diesel,Manual,First,20.45,1461,5,6.5,Terrano XL 85 PS,Nissan
Chennai,2007,179032,Diesel,Manual,First,11.56,3200,7,7.5,Montero 3.2 GLS,Mitsubishi
Mumbai,2016,8000,Petrol,Automatic,First,22.5,998,5,4.15,Wagon R VXI AMT,Maruti
Hyderabad,2007,77000,Petrol,Manual,First,13.5,1799,5,2.5,Civic 2006-2010 1.8 (E) MT,Honda
Pune,2016,20600,Petrol,Manual,First,18.6,1197,5,5.4,i20 2015-2017 Magna 1.2,Hyundai
Mumbai,2016,13198,Petrol,Manual,First,24.07,998,5,3.15,Alto K10 VXI,Maruti
Delhi,2016,38000,Petrol,Manual,First,18.6,1197,5,5.95,i20 Sportz Option 1.2,Hyundai
Coimbatore,2019,15379,Petrol,Automatic,First,23.84,1199,5,6.97,Tiago AMT 1.2 Revotron XZA,Tata
Hyderabad,2011,60000,Petrol,Manual,First,20.36,1197,5,3.2,i10 Sportz 1.2,Hyundai
Bangalore,2013,75371,Diesel,Manual,First,20.46,1461,5,6.69,Duster 85PS Diesel RxL Optional,Renault
Bangalore,2014,60000,Diesel,Manual,Second,13.49,2179,5,5.9,Xenon XT EX 4X4,Tata
Kolkata,2009,30675,Petrol,Manual,First,18.5,1197,5,2.25,i20 Magna,Hyundai
Kolkata,2013,22000,Diesel,Manual,First,23.4,1248,5,4.5,Swift Dzire VDI,Maruti
Pune,2015,55000,Petrol,Manual,First,22.0,814,5,2.61,EON Magna,Hyundai
Jaipur,2010,74213,Diesel,Automatic,First,14.84,2143,5,11.5,New C-Class 220 CDI AT,Mercedes-Benz
Mumbai,2016,15000,Petrol,Automatic,First,16.82,1998,4,35.0,Cooper Convertible S,Mini
Jaipur,2010,57000,Petrol,Manual,First,26.0,624,4,0.5,Nano Cx,Tata
Kolkata,2015,62144,Diesel,Manual,Second,26.21,1248,5,5.75,Ciaz ZDi Plus,Maruti
Pune,2017,50000,Diesel,Manual,First,22.0,1582,5,11.5,Verna CRDi 1.6 SX Option,Hyundai
Jaipur,2015,38000,Petrol,Manual,First,21.1,814,5,2.75,EON Era Plus,Hyundai
Chennai,2016,30000,Diesel,Automatic,Second,18.12,1995,5,31.5,5 Series 2013-2017 520d Luxury Line,BMW
Kochi,2016,38735,Petrol,Manual,First,19.4,1198,5,4.92,Brio S MT,Honda
Pune,2012,23598,Diesel,Manual,First,23.2,1248,5,3.52,Ritz VDi,Maruti
Chennai,2014,70000,Diesel,Automatic,First,18.88,1995,5,17.55,3 Series 320d Prestige,BMW
Pune,2016,39000,Diesel,Manual,First,26.59,1248,5,5.8,Swift Dzire LDI,Maruti
Hyderabad,2013,84175,Diesel,Manual,First,23.4,1248,5,6.95,Swift Dzire VDI,Maruti
Kolkata,2013,45000,Petrol,Manual,First,16.95,1498,5,2.4,Scala RxL,Renault
Mumbai,2013,59302,Diesel,Automatic,First,14.39,1998,5,5.25,Cruze LTZ AT,Chevrolet
Ahmedabad,2012,55002,Petrol,Manual,First,17.5,1298,5,4.25,Swift Dzire ZXi,Maruti
Jaipur,2008,128813,Diesel,Manual,First,19.09,1396,5,1.5,Indigo CS LX (TDI) BS III,Tata
Jaipur,2016,46522,Diesel,Manual,First,24.0,1120,5,4.5,Grand i10 CRDi Sportz,Hyundai
Pune,2014,180000,Diesel,Manual,First,22.3,1248,5,2.5,Indica Vista Quadrajet LS,Tata
Chennai,2006,89326,Diesel,Manual,Third,17.8,1399,5,1.55,Fiesta 1.4 TDCi EXI,Ford
Pune,2016,54000,Diesel,Manual,First,19.87,1461,5,6.5,Duster 85PS Diesel RxE,Renault
Pune,2012,95000,Diesel,Automatic,Second,18.48,1621,5,18.0,5 Series 520d Sedan,BMW
Kochi,2015,66337,Diesel,Manual,First,24.0,1120,5,4.96,Grand i10 CRDi SportZ Edition,Hyundai
Bangalore,2012,60000,Petrol,Manual,First,19.4,1198,5,3.25,Brio S MT,Honda
Kolkata,2010,38001,Petrol,Automatic,First,12.3,1781,5,8.5,A4 1.8 TFSI,Audi
Bangalore,2014,73000,Petrol,Manual,Second,24.7,796,5,2.75,Alto 800 2016-2019 LXI,Maruti
Bangalore,2011,61000,Petrol,Manual,Second,16.2,1599,5,3.4,Verna Transform SX VTVT,Hyundai
Hyderabad,2013,120000,Diesel,Manual,First,20.77,1248,7,7.0,Ertiga ZDI,Maruti
Kochi,2012,71787,Petrol,Manual,First,12.9,1598,5,3.21,Optra Magnum 1.6 LT ABS BS3,Chevrolet
Coimbatore,2016,11554,Diesel,Manual,First,19.67,1582,5,14.25,Creta 1.6 CRDi SX Option,Hyundai
Hyderabad,2014,90000,Diesel,Manual,First,20.34,1498,5,6.5,Vento 1.5 TDI Highline,Volkswagen
Kolkata,2014,48104,Petrol,Manual,First,17.4,1497,5,5.49,City i VTEC SV,Honda
Pune,2005,91000,Petrol,Manual,Third,16.8,1341,5,0.8,Getz GLS ABS,Hyundai
Kochi,2007,58815,Petrol,Manual,First,17.0,1086,5,1.99,Santro Xing XG eRLX Euro III,Hyundai
Coimbatore,2015,33931,Petrol,Automatic,Second,18.9,1197,5,5.91,Grand i10 AT Asta,Hyundai
Coimbatore,2019,13916,Petrol,Manual,First,18.9,1197,5,6.44,Grand i10 1.2 Kappa Sportz Option,Hyundai
Jaipur,2015,14000,Petrol,Manual,First,18.9,1197,5,4.6,Grand i10 Sportz,Hyundai
Pune,2007,121000,Diesel,Manual,Second,17.8,1248,5,2.35,Swift VDI BSIV,Maruti
Coimbatore,2016,17560,Petrol,Manual,First,18.6,1197,5,7.21,i20 Asta 1.2,Hyundai
Pune,2016,60000,Diesel,Manual,First,19.87,1461,5,8.0,Duster 85PS Diesel RxL,Renault
Hyderabad,2009,88096,Diesel,Manual,Second,19.3,1248,5,3.5,Swift Dzire VDi,Maruti
Pune,2008,178280,Diesel,Manual,First,12.8,2494,8,5.9,Innova 2.5 G (Diesel) 8 Seater BS IV,Toyota
Coimbatore,2015,19963,Petrol,Manual,Second,25.4,624,4,1.74,Nano Twist XT,Tata
Mumbai,2019,1000,Petrol,Manual,First,18.12,1196,5,6.8,Figo 2015-2019 1.2P Sports Edition MT,Ford
Jaipur,2017,8000,Petrol,Manual,First,18.6,1197,5,7.5,i20 1.2 Asta Option,Hyundai
Pune,2016,9200,Petrol,Manual,First,15.4,1497,7,8.0,BRV i-VTEC V MT,Honda
Hyderabad,2015,29000,Diesel,Manual,First,27.4,1498,5,5.99,Amaze S Diesel,Honda
Mumbai,2017,27000,Diesel,Manual,First,19.67,1582,5,12.9,Creta 1.6 CRDi SX,Hyundai
Delhi,2018,22900,Petrol,Manual,First,21.4,1197,5,7.0,Baleno Zeta 1.2,Maruti
Hyderabad,2014,50000,Diesel,Automatic,First,14.16,1968,5,35.0,Q5 2.0 TDI Technology,Audi
Jaipur,2015,60207,Diesel,Manual,First,25.8,1498,5,5.5,Amaze S i-DTEC,Honda
Coimbatore,2010,101119,Diesel,Automatic,First,11.0,2993,5,18.46,X5 3.0d,BMW
Jaipur,2010,42000,Petrol,Manual,First,15.6,1196,5,2.4,Figo Petrol Titanium,Ford
Pune,2002,93000,Petrol,Manual,Third,18.9,998,5,1.0,Wagon R VXI,Maruti
Ahmedabad,2012,60000,Petrol,Manual,Second,19.81,1086,5,2.65,i10 Era,Hyundai
Kochi,2015,66122,Diesel,Automatic,First,21.66,1498,5,5.96,Rapid 1.5 TDI AT Elegance,Skoda
Kochi,2017,24733,Petrol,Automatic,First,15.04,1991,5,27.15,CLA 200 Sport Edition,Mercedes-Benz
Ahmedabad,2008,41000,Petrol,Automatic,Second,10.4,2773,5,10.5,A6 2.8 FSI,Audi
Chennai,2015,30000,Petrol,Manual,First,20.73,1373,5,6.7,Ciaz ZXi Plus,Maruti
Kolkata,2013,36000,Diesel,Manual,First,22.7,1498,5,4.9,Ecosport 1.5 DV5 MT Titanium,Ford
Hyderabad,2017,40279,Diesel,Manual,First,16.5,1493,7,8.0,Bolero mHAWK D70 ZLX,Mahindra
Kochi,2018,46805,Petrol,Manual,First,24.07,998,5,3.63,Alto K10 VXI,Maruti
Mumbai,2015,60000,Petrol,Manual,First,17.5,1197,5,4.8,Swift Dzire 1.2 Vxi BSIV,Maruti
Mumbai,2017,100000,Petrol,Manual,First,17.57,1193,5,4.25,Zest Revotron 1.2T XE,Tata
Kolkata,2014,32986,Petrol,Manual,First,16.1,1621,5,4.24,Swift 1.3 VXi,Maruti
Coimbatore,2018,51530,Diesel,Automatic,First,10.91,3198,7,30.27,Endeavour 3.2 Trend AT 4X4,Ford
Jaipur,2013,81456,Diesel,Manual,First,15.8,2148,5,14.25,New C-Class C 220 CDI CLASSIC,Mercedes-Benz
Ahmedabad,2012,37229,Petrol,Automatic,First,16.95,1197,5,3.41,i10 Sportz AT,Hyundai
Delhi,2009,73200,Petrol,Manual,First,17.0,1497,5,2.78,City 1.5 S MT,Honda
Ahmedabad,2015,71826,Diesel,Automatic,First,19.3,1968,5,15.5,Octavia Elegance 2.0 TDI AT,Skoda
Chennai,2017,129000,Diesel,Manual,First,25.0,1396,5,3.0,Indica V2 eLS,Tata
Pune,2012,82000,Petrol,Manual,First,18.9,998,5,2.3,Wagon R VXi BSII,Maruti
Kochi,2017,40459,Diesel,Manual,First,19.67,1582,5,13.28,Creta 1.6 CRDi SX,Hyundai
Hyderabad,2009,61964,Petrol,Manual,First,19.0,998,5,2.25,A-Star Lxi,Maruti
Kochi,2011,15466,Petrol,Manual,First,22.5,998,5,3.36,Wagon R LXI,Maruti
Kolkata,2014,23000,Petrol,Manual,First,17.3,1497,7,4.25,Mobilio E i VTEC,Honda
Coimbatore,2012,43766,Petrol,Manual,First,20.36,1197,5,4.3,i10 Magna,Hyundai
Coimbatore,2018,18521,Diesel,Manual,First,22.54,1396,5,9.18,i20 1.4 Sportz,Hyundai
Hyderabad,2017,26400,Petrol,Manual,First,23.1,998,5,4.99,Celerio ZXI Optional,Maruti
Pune,2011,31900,Petrol,Manual,First,13.4,1798,5,3.75,Laura 1.8 TSI Ambiente,Skoda
Chennai,2010,39000,Diesel,Manual,First,20.0,1399,5,2.5,Figo Diesel LXI,Ford
Hyderabad,2016,45671,Diesel,Manual,First,27.3,1498,5,7.2,Jazz 1.5 VX i DTEC,Honda
Ahmedabad,2016,39500,Diesel,Automatic,First,15.0,2143,5,29.5,E-Class 2015-2017 E250 Edition E,Mercedes-Benz
Chennai,2015,54000,Diesel,Automatic,First,17.9,2143,5,17.55,GLA Class 200 CDI SPORT,Mercedes-Benz
Chennai,2012,20000,Diesel,Automatic,First,18.5,1985,5,12.0,S60 D3,Volvo
Bangalore,2009,55000,Diesel,Automatic,First,11.8,2967,5,13.5,A8 L 3.0 TDI quattro,Audi
Kolkata,2014,48000,Diesel,Automatic,First,22.32,1582,5,5.1,Verna 1.6 SX CRDI (O) AT,Hyundai
Kolkata,2011,70000,Diesel,Automatic,First,22.69,1995,5,10.3,3 Series 320d,BMW
Delhi,2014,62000,Diesel,Manual,First,22.32,1582,5,5.7,Verna 1.6 SX,Hyundai
Kochi,2014,41994,Petrol,Manual,First,22.5,998,5,3.41,Wagon R VXI,Maruti
Hyderabad,2010,108882,Diesel,Manual,Second,20.0,1399,5,2.4,Figo Diesel EXI,Ford
Coimbatore,2017,24806,Petrol,Manual,First,18.15,1198,6,5.6,KUV 100 mFALCON G80 K2,Mahindra
Pune,2006,160000,Diesel,Manual,First,17.0,1405,5,1.0,Indigo LS,Tata
Hyderabad,2017,30000,Diesel,Automatic,First,18.49,1493,7,8.2,TUV 300 T8 AMT,Mahindra
Bangalore,2015,51000,Diesel,Automatic,First,15.17,1968,5,27.5,Q3 35 TDI Quattro Premium Plus,Audi
Jaipur,2015,64876,Petrol,Manual,First,21.5,1197,5,3.5,Wagon R VXI 1.2,Maruti
Coimbatore,2017,25299,Diesel,Manual,First,24.3,1248,5,10.34,Vitara Brezza ZDi Plus Dual Tone,Maruti
Mumbai,2006,89869,Diesel,Manual,First,12.7,2609,8,3.25,Scorpio DX 2.6 Turbo 8 Str,Mahindra
Jaipur,2007,103515,Diesel,Manual,Third,12.6,1991,7,5.0,Tucson CRDi,Hyundai
Hyderabad,2008,68282,Petrol,Manual,First,17.92,1086,5,2.25,Santro Xing GLS,Hyundai
Kochi,2018,51921,Diesel,Manual,First,24.3,1248,5,8.62,Vitara Brezza VDi Option,Maruti
Mumbai,2017,18414,Diesel,Manual,First,23.4,1248,5,7.25,Swift Dzire VDI,Maruti
Kochi,2016,40866,Petrol,Manual,First,19.5,1199,5,5.47,Amaze V Petrol,Honda
Pune,2014,55001,Diesel,Automatic,First,16.36,2179,5,31.0,XF 2.2 Litre Luxury,Jaguar
Kochi,2017,20469,Petrol,Automatic,First,16.82,1998,4,35.98,Cooper Convertible S,Mini
Jaipur,2017,8500,Petrol,Manual,First,21.1,814,5,3.42,EON Era Plus,Hyundai
Ahmedabad,2008,45000,Diesel,Automatic,Second,16.77,2967,5,11.5,A6 3.0 TDI quattro,Audi
Pune,2016,6000,Petrol,Manual,First,17.19,1197,5,7.25,i20 Active 1.2 SX Dual Tone,Hyundai
Chennai,2018,11000,Diesel,Manual,First,28.4,1248,5,8.0,Swift AMT DDiS VDI,Maruti
Kochi,2015,80064,Diesel,Manual,First,22.7,1498,5,7.33,Ecosport 1.5 DV5 MT Titanium,Ford
Kolkata,2016,29930,Petrol,Manual,First,18.9,998,5,3.35,Wagon R VXI BS IV with ABS,Maruti
Mumbai,2013,49105,Diesel,Manual,First,20.34,1498,5,4.4,Vento 1.5 TDI Highline,Volkswagen
Kolkata,2012,55000,Petrol,Manual,First,17.6,1496,5,2.99,Etios VX,Toyota
Bangalore,2015,23000,Petrol,Manual,First,18.7,1199,5,5.6,Jazz 1.2 SV i VTEC,Honda
Coimbatore,2016,54727,Diesel,Manual,First,20.14,1498,5,6.63,CrossPolo 1.5 TDI,Volkswagen
Kochi,2018,31426,Diesel,Manual,First,21.66,1498,5,7.9,Ameo 1.5 TDI Highline,Volkswagen
Kochi,2015,53442,Petrol,Manual,First,16.8,1497,5,7.0,City V MT Exclusive,Honda
Hyderabad,2014,28000,Petrol,Automatic,First,16.5,1198,5,4.95,Brio VX AT,Honda
Mumbai,2017,13412,Petrol,Automatic,First,14.3,1598,5,9.19,Rapid 1.6 MPI AT Style,Skoda
Hyderabad,2011,70000,Diesel,Manual,First,16.8,1493,5,5.1,Verna CRDi,Hyundai
Jaipur,2015,81310,Diesel,Manual,First,21.19,1396,5,5.9,i20 Active S Diesel,Hyundai
Kochi,2019,13574,Petrol,Automatic,First,21.4,1197,5,9.51,Baleno Alpha CVT,Maruti
Mumbai,2008,75000,Petrol,Manual,Second,11.1,2354,5,3.9,CR-V 2.4L 4WD MT,Honda
Coimbatore,2014,58310,Petrol,Manual,Second,19.1,1197,5,5.39,Swift Dzire VXI,Maruti
Pune,2009,90000,Diesel,Manual,Second,19.3,1248,5,3.0,Swift Dzire VDi,Maruti
Jaipur,2012,83000,Diesel,Manual,First,23.4,1248,5,4.3,Swift Dzire ZDI,Maruti
Jaipur,2017,37282,Petrol,Manual,First,20.85,1197,5,6.75,Swift Dzire ZXI,Maruti
Jaipur,2017,23000,Petrol,Manual,First,18.9,1197,5,4.5,Grand i10 Sportz,Hyundai
Chennai,2010,82000,Diesel,Manual,First,17.8,1399,5,2.75,Fiesta 1.4 ZXi TDCi ABS,Ford
Chennai,2016,31000,Diesel,Manual,First,23.9,1582,5,9.0,Verna 1.6 CRDi S,Hyundai
Jaipur,2001,200000,Petrol,Manual,First,12.0,1621,5,0.7,Wagon R Vx,Maruti
Delhi,2014,45001,Diesel,Manual,Second,20.0,1399,5,2.55,Figo Diesel EXI,Ford
Coimbatore,2014,50446,Diesel,Manual,First,21.12,1248,5,3.54,Manza Aqua Quadrajet BS IV,Tata
Ahmedabad,2009,89000,Petrol,Manual,First,13.5,1799,5,4.25,Civic 2006-2010 1.8 S MT,Honda
Ahmedabad,2007,72000,Petrol,Manual,Second,19.7,796,5,1.2,Alto LX BSIII,Maruti
Ahmedabad,2013,90000,Diesel,Automatic,First,22.48,1995,5,19.5,5 Series 520d Luxury Line,BMW
Bangalore,2015,76000,Diesel,Manual,Second,16.0,2179,7,12.0,XUV500 W8 2WD,Mahindra
Hyderabad,2012,78401,Diesel,Manual,First,23.2,1248,5,3.9,Ritz VDi,Maruti
Kochi,2017,38426,Diesel,Manual,First,24.3,1248,5,9.13,Vitara Brezza ZDi Plus,Maruti
Pune,2011,45000,Petrol,Manual,First,15.1,1196,7,2.25,Eeco 7 Seater Standard,Maruti
Mumbai,2012,83000,Petrol,Manual,First,17.5,1197,5,3.25,Swift Dzire 1.2 Vxi BSIV,Maruti
Coimbatore,2017,50170,Diesel,Automatic,First,17.01,1582,5,14.79,Creta 1.6 CRDi AT SX Plus,Hyundai
Mumbai,2010,37822,Petrol,Manual,First,22.5,998,5,2.35,Wagon R LXI,Maruti
Kolkata,2015,33517,Diesel,Manual,First,27.62,793,5,3.1,Celerio ZDi,Maruti
Delhi,2014,110000,Diesel,Automatic,First,13.01,2199,7,12.9,Santa Fe 2WD AT,Hyundai
Kolkata,2017,60000,Petrol,Manual,First,21.1,814,5,2.5,EON D Lite Plus Option,Hyundai
Delhi,2013,92408,Petrol,Manual,First,18.5,1197,5,3.65,i20 Sportz 1.2,Hyundai
Bangalore,2014,45000,Petrol,Manual,First,17.1,1591,5,7.5,Verna 1.6 SX VTVT (O),Hyundai
Kochi,2013,33793,Petrol,Manual,First,18.4,1198,5,3.74,Brio S Option MT,Honda
Kochi,2017,26327,Petrol,Manual,First,20.4,1197,5,5.86,Swift VXI Optional,Maruti
Coimbatore,2018,20604,Diesel,Automatic,First,19.27,2143,5,39.62,New C-Class C 220d Avantgarde Edition C,Mercedes-Benz
Coimbatore,2018,61386,Diesel,Manual,First,25.2,1248,5,7.05,Swift VDI Optional,Maruti
Delhi,2018,11500,Diesel,Automatic,First,28.4,1248,5,7.5,Swift AMT VDI,Maruti
Chennai,2012,58000,Diesel,Manual,First,25.44,936,5,2.1,Beat Diesel LS,Chevrolet
Delhi,2014,38000,Petrol,Automatic,First,13.7,1798,5,11.6,Superb Elegance 1.8 TSI AT,Skoda
Bangalore,2012,49000,Diesel,Automatic,Second,14.84,2143,5,19.25,New C-Class C 220 CDI BE Avantgare,Mercedes-Benz
Coimbatore,2017,72202,Diesel,Manual,First,13.68,2393,8,17.92,Innova Crysta 2.4 VX MT 8S,Toyota
Kolkata,2016,7000,Petrol,Manual,First,20.36,1197,5,3.6,i10 Sportz,Hyundai
Ahmedabad,2014,20000,Diesel,Manual,Second,25.8,1498,5,4.5,Amaze S i-DTEC,Honda
Hyderabad,2017,14061,Diesel,Manual,First,21.9,1396,5,7.4,i20 Magna 1.4 CRDi (Diesel),Hyundai
Kolkata,2011,51387,Diesel,Manual,First,12.05,2179,7,5.5,Scorpio 2009-2014 SLE 7S BSIV,Mahindra
Bangalore,2006,44000,Petrol,Manual,Second,15.3,1341,5,1.75,Getz GLE,Hyundai
Mumbai,2016,12208,Petrol,Manual,First,21.4,1197,5,6.75,Baleno Alpha,Maruti
Chennai,2011,55000,Diesel,Manual,First,16.52,1991,5,3.95,Optra Magnum 2.0 LT,Chevrolet
Mumbai,2011,61600,Petrol,Manual,First,17.1,1591,5,4.2,Verna 1.6 SX VTVT (O),Hyundai
Hyderabad,2016,28414,Petrol,Manual,First,17.0,1497,5,8.4,City 1.5 V MT,Honda
Mumbai,2017,27853,Petrol,Automatic,First,17.21,1197,5,8.25,Polo GT TSI,Volkswagen
Bangalore,2013,55116,Petrol,Manual,First,19.4,1198,5,3.31,Brio E MT,Honda
Ahmedabad,2017,26000,Diesel,Manual,First,26.59,1248,5,7.5,Swift Dzire VDI,Maruti
Pune,2012,45496,Petrol,Manual,First,17.0,1497,5,4.75,City 1.5 V MT Exclusive,Honda
Pune,2013,76000,Diesel,Automatic,Second,11.18,2696,7,8.79,Ssangyong Rexton RX7,Mahindra
Pune,2014,136000,Petrol,Manual,First,13.1,1798,5,9.5,Superb Elegance 1.8 TSI MT,Skoda
Kolkata,2010,38127,Petrol,Manual,First,19.7,796,5,1.55,Alto LXi,Maruti
Jaipur,2014,82450,Diesel,Manual,First,23.0,1396,5,5.85,i20 Asta (o) 1.4 CRDi (Diesel),Hyundai
Coimbatore,2014,62497,Petrol,Manual,First,15.8,1499,5,7.52,Ecosport 1.5 Ti VCT MT Trend,Ford
Hyderabad,2011,86732,Diesel,Manual,First,23.08,1461,5,3.6,Micra Diesel XV,Nissan
Kochi,2016,27969,Petrol,Manual,First,19.4,1198,5,4.73,Brio E MT,Honda
Delhi,2013,66372,Diesel,Automatic,First,11.18,2696,7,10.5,Ssangyong Rexton RX7,Mahindra
Coimbatore,2013,73525,Diesel,Automatic,First,16.46,2993,5,34.54,7 Series 730Ld Sedan,BMW
Kochi,2018,20689,Petrol,Manual,First,18.9,1197,5,6.07,Grand i10 1.2 Kappa Sportz,Hyundai
Coimbatore,2018,25093,Petrol,Manual,First,21.4,1197,5,7.76,Baleno Delta 1.2,Maruti
Coimbatore,2016,49176,Diesel,Manual,First,11.68,2498,8,7.46,Xylo E8 ABS BS IV,Mahindra
Delhi,2012,87510,Diesel,Manual,First,21.8,1461,5,3.49,Fluence Diesel E4,Renault
Coimbatore,2012,38214,Petrol,Manual,Second,18.5,1197,5,4.05,i20 1.2 Magna,Hyundai
Kochi,2013,48986,Diesel,Manual,First,10.5,2835,6,11.88,Pajero 2.8 SFX,Mitsubishi
Pune,2011,88000,Petrol,Automatic,First,14.53,1794,5,6.45,Corolla Altis 2008-2013 1.8 VL AT,Toyota
Pune,2015,69002,Diesel,Automatic,First,15.97,2993,5,50.0,X5 X5 M,BMW
Pune,2011,43706,Petrol,Automatic,First,10.9,2497,5,9.0,3 Series 2005-2011 325i Sedan,BMW
Coimbatore,2016,58671,Diesel,Automatic,First,17.01,1582,5,14.25,Creta 1.6 CRDi AT SX Plus,Hyundai
Coimbatore,2017,49404,Diesel,Manual,First,18.49,1493,7,7.36,TUV 300 2015-2019 T8,Mahindra
Delhi,2010,72000,Diesel,Manual,First,12.05,2179,8,4.4,Scorpio VLX 2.2 mHawk BSIII,Mahindra
Mumbai,2016,24000,Petrol,Manual,First,25.17,799,5,3.1,KWID RXT,Renault
Coimbatore,2017,53285,Petrol,Automatic,First,22.5,999,5,4.28,KWID 1.0 RXT Optional AMT,Renault
Pune,2017,12000,Petrol,Manual,First,16.1,1197,5,5.5,Swift VXi BSIV,Maruti
Kolkata,2012,45000,Diesel,Automatic,First,17.0,1896,5,6.99,Laura 1.9 TDI AT Ambiente,Skoda
Coimbatore,2018,26234,Petrol,Manual,First,24.7,796,5,4.29,Alto 800 2016-2019 VXI,Maruti
Delhi,2014,55000,Petrol,Manual,First,18.6,1197,5,4.2,Swift VXI,Maruti
Pune,2012,90000,Diesel,Manual,First,23.0,1396,5,4.11,i20 1.4 CRDi Sportz,Hyundai
Mumbai,2015,48000,Diesel,Automatic,First,15.73,1968,5,18.75,Q3 2012-2015 35 TDI Quattro Premium,Audi
Mumbai,2010,55000,Petrol,Manual,Second,19.81,1086,5,1.59,i10 Era,Hyundai
Kolkata,2016,4800,Petrol,Manual,First,20.51,998,5,3.6,Wagon R LXI Optional,Maruti
Kochi,2017,38607,Petrol,Manual,Second,17.8,1497,5,7.87,City i VTEC V,Honda
Mumbai,2018,3958,Petrol,Manual,First,18.9,1197,5,5.55,Grand i10 1.2 Kappa Sportz,Hyundai
Jaipur,2014,74000,Diesel,Manual,Second,25.1,1498,5,6.4,City i DTEC VX,Honda
Mumbai,2009,54540,Petrol,Manual,Third,17.5,1298,5,2.65,Swift Dzire VXi,Maruti
Delhi,2015,58400,Petrol,Manual,First,17.5,1298,5,5.5,Swift Dzire ZXi,Maruti
Kochi,2013,73648,Diesel,Manual,First,15.1,2179,7,7.31,XUV500 W8 2WD,Mahindra
Jaipur,2016,83000,Diesel,Manual,First,28.09,1248,5,7.1,Ciaz ZDi Plus SHVS,Maruti
Kochi,2016,16159,Diesel,Manual,First,22.32,1582,5,7.83,Verna 1.6 SX CRDi (O),Hyundai
Mumbai,2005,150000,Diesel,Manual,First,13.1,1493,5,0.85,Accent CRDi,Hyundai
Mumbai,2014,22100,Petrol,Manual,First,19.4,1198,5,3.55,Brio S MT,Honda
Coimbatore,2017,35043,Petrol,Manual,First,17.19,1197,5,8.19,i20 Active 1.2 SX,Hyundai
Pune,2018,24000,Diesel,Automatic,First,18.88,1995,5,28.0,3 Series 320d Sport Line,BMW
Chennai,2015,480000,Diesel,Automatic,First,16.96,1968,5,13.0,Jetta 2013-2015 2.0L TDI Highline AT,Volkswagen
Chennai,2011,70000,Petrol,Manual,Second,15.26,1598,5,3.29,Polo Petrol Highline 1.6L,Volkswagen
Pune,2015,13769,Petrol,Manual,Second,16.1,1197,5,4.41,Swift VXi BSIV,Maruti
Kolkata,2013,58000,Diesel,Manual,First,19.01,1461,5,4.99,Duster 110PS Diesel RxZ,Renault
Hyderabad,2009,58000,Diesel,Automatic,First,18.56,1995,5,17.98,X3 xDrive 20d Luxury Line,BMW
Coimbatore,2018,18705,Diesel,Manual,First,20.5,1248,5,7.71,Avventura MULTIJET Emotion,Fiat
Delhi,2013,32378,Petrol,Manual,First,20.51,998,5,2.8,Wagon R Stingray VXI,Maruti
Kolkata,2013,45000,Diesel,Manual,First,22.1,1248,5,3.0,Sail Hatchback LS ABS,Chevrolet
Coimbatore,2015,36836,Diesel,Manual,First,15.1,2179,7,12.49,XUV500 W8 2WD,Mahindra
Kochi,2016,54199,Diesel,Manual,First,23.0,1248,5,5.0,Zest Quadrajet 1.3,Tata
Kochi,2017,36935,Diesel,Automatic,First,18.56,1995,5,32.64,X3 xDrive20d xLine,BMW
Chennai,2015,23000,Diesel,Manual,First,25.2,1248,5,6.5,Swift VDI BSIV,Maruti
Bangalore,2015,14000,Diesel,Automatic,First,18.12,1995,5,35.0,5 Series 2013-2017 520d Luxury Line,BMW
Chennai,2015,100073,Diesel,Manual,Second,25.0,1396,5,2.0,Indigo CS eVX,Tata
Kochi,2015,59182,Diesel,Manual,First,15.1,2179,7,9.46,XUV500 W8 2WD,Mahindra
Kochi,2016,72132,Diesel,Automatic,Second,12.07,2967,7,39.0,Q7 35 TDI Quattro Premium Plus,Audi
Hyderabad,2009,79000,Diesel,Automatic,First,18.48,1995,5,15.0,5 Series 2003-2012 520d,BMW
Coimbatore,2013,66930,Petrol,Manual,First,17.1,1591,5,6.15,Verna 1.6 SX VTVT (O),Hyundai
Pune,2015,100000,Diesel,Automatic,Second,13.01,2199,7,14.5,Santa Fe 4WD AT,Hyundai
Kochi,2018,27413,Petrol,Automatic,First,20.51,998,5,5.18,Wagon R AMT VXI,Maruti
Pune,2007,90000,Petrol,Manual,Second,17.3,1061,5,1.24,Wagon R LX BSIII,Maruti
Kolkata,2013,40300,Petrol,Manual,First,18.5,1197,5,2.8,i20 Sportz 1.2,Hyundai
Kochi,2011,73783,Petrol,Automatic,Second,13.7,1798,5,5.23,Superb Elegance 1.8 TSI AT,Skoda
Pune,2005,86000,Petrol,Manual,Second,15.3,1341,5,0.45,Getz GLS,Hyundai
Delhi,2014,65694,Petrol,Manual,First,18.9,998,5,3.25,Wagon R LXI BS IV,Maruti
Kolkata,2015,23000,Petrol,Manual,First,16.8,796,5,1.5,Omni MPI CARGO BSIV,Maruti
Mumbai,2012,51000,Petrol,Manual,First,20.36,1197,5,2.85,i10 Magna 1.2,Hyundai
Kochi,2018,18335,Petrol,Manual,First,21.7,999,5,4.5,KWID 1.0 RXT Optional,Renault
Bangalore,2014,36000,Diesel,Automatic,First,15.0,2147,5,16.25,B Class 2012-2015 B200 Sport CDI,Mercedes-Benz
Mumbai,2017,25000,Petrol,Automatic,First,17.21,1197,5,7.75,Polo GT TSI,Volkswagen
Bangalore,2007,81000,Diesel,Manual,Third,12.05,2179,8,4.35,Scorpio VLX 4WD,Mahindra
Kochi,2019,21719,Diesel,Automatic,First,12.9,2755,7,33.13,Fortuner 2.8 2WD AT,Toyota
Coimbatore,2013,75421,Diesel,Manual,First,25.44,936,5,3.63,Beat Diesel LT,Chevrolet
Delhi,2010,80000,Diesel,Manual,First,12.8,2494,8,4.75,Innova 2.5 G4 Diesel 8-seater,Toyota
Kochi,2018,10671,Petrol,Manual,First,20.85,1197,5,6.51,Swift Dzire VXI,Maruti
Hyderabad,2018,4126,Petrol,Manual,First,21.7,999,5,4.8,KWID Climber 1.0 MT,Renault
Hyderabad,2017,98500,Diesel,Manual,First,22.95,1248,5,6.0,Bolt Quadrajet XM,Tata
Coimbatore,2016,61578,Petrol,Manual,First,18.9,1197,5,6.4,Grand i10 Asta,Hyundai
Ahmedabad,2014,54000,Diesel,Manual,First,20.34,1498,5,4.9,Vento 1.5 TDI Highline,Volkswagen
Coimbatore,2013,70998,Diesel,Automatic,First,17.68,1968,5,20.57,A6 2011-2015 2.0 TDI,Audi
Kolkata,2015,40082,Diesel,Manual,First,19.3,1248,5,4.76,Swift Dzire Ldi BSIV,Maruti
Kochi,2012,50619,Petrol,Manual,First,18.0,995,5,2.0,Spark 1.0 LT,Chevrolet
Coimbatore,2009,103905,Diesel,Automatic,First,22.69,1995,5,9.92,3 Series 320d,BMW
Kochi,2018,15334,Petrol,Manual,First,21.1,814,5,3.69,EON Era Plus,Hyundai
Hyderabad,2013,69000,Diesel,Manual,First,23.4,1248,5,5.75,Swift Dzire VDI,Maruti
Hyderabad,2014,75160,Diesel,Manual,First,20.14,1498,5,5.7,CrossPolo 1.5 TDI,Volkswagen
Coimbatore,2014,44753,Petrol,Manual,First,18.0,1198,5,4.94,Amaze E i-Vtech,Honda
Kochi,2012,53024,Petrol,Automatic,First,14.4,1598,5,4.29,Vento Petrol Highline AT,Volkswagen
Kolkata,2014,23840,Petrol,Manual,First,20.51,998,5,3.0,Wagon R Stingray VXI,Maruti
Hyderabad,2014,81298,Diesel,Manual,First,20.14,1498,5,6.5,Polo 1.5 TDI Highline,Volkswagen
Jaipur,2015,59000,Petrol,Manual,Second,16.47,1198,5,4.9,Polo Petrol Comfortline 1.2L,Volkswagen
Kochi,2016,51806,Diesel,Manual,First,25.8,1498,5,5.4,Amaze SX i-DTEC,Honda
Delhi,2014,56000,Diesel,Automatic,First,18.53,1968,5,24.0,A6 35 TDI Matrix,Audi
Kochi,2019,29279,Diesel,Manual,First,24.7,1047,5,7.46,Tigor 1.05 Revotorq XZ Option,Tata
Kochi,2017,33550,Diesel,Automatic,First,21.5,1498,5,9.6,Vento 1.5 TDI Highline AT,Volkswagen
Hyderabad,2014,62000,Diesel,Automatic,First,18.53,1968,5,25.0,A6 35 TDI Matrix,Audi
Hyderabad,2014,66000,Diesel,Manual,First,19.01,1461,5,6.8,Terrano XL 110 PS,Nissan
Coimbatore,2016,46630,Diesel,Automatic,First,21.66,1498,5,8.59,Rapid 1.5 TDI AT Elegance,Skoda
Hyderabad,2016,72566,Diesel,Manual,First,25.83,1498,5,5.29,Figo Aspire 1.5 TDCi Trend,Ford
Pune,2011,51482,Diesel,Manual,First,15.42,1405,8,2.5,Venture EX,Tata
Chennai,2011,90000,Diesel,Automatic,First,14.84,2143,5,13.9,New C-Class C 220 CDI BE Avantgare,Mercedes-Benz
Jaipur,2014,69000,Diesel,Manual,Second,13.0,2982,7,20.0,Fortuner 4x2 Manual,Toyota
Delhi,2011,90000,Petrol,Manual,Second,17.0,1497,5,3.4,City 1.5 V MT,Honda
Mumbai,2015,39000,Petrol,Manual,First,18.6,1197,5,5.5,i20 Asta Option 1.2,Hyundai
Hyderabad,2012,110000,Diesel,Manual,Second,20.54,1598,5,3.65,Vento Diesel Trendline,Volkswagen
Kochi,2011,68022,Diesel,Manual,First,13.1,2499,7,5.86,Endeavour 2.5L 4X2 MT,Ford
Coimbatore,2018,27852,Petrol,Automatic,First,14.8,1497,5,10.44,EcoSport 1.5 Petrol Titanium Plus AT,Ford
Bangalore,2013,58291,Diesel,Manual,First,17.8,1248,5,5.0,Swift VDI BSIV,Maruti
Coimbatore,2011,68439,Diesel,Manual,First,23.0,1396,5,3.37,i20 Sportz Diesel,Hyundai
Delhi,2011,150000,Diesel,Manual,First,12.99,2494,8,6.95,Innova 2.5 VX (Diesel) 8 Seater,Toyota
Mumbai,2018,14000,Diesel,Manual,First,21.5,1497,5,9.9,Nexon 1.5 Revotorq XZ Plus Dual Tone,Tata
Hyderabad,2012,71558,Diesel,Manual,First,20.0,1399,5,3.3,Figo Diesel Titanium,Ford
Jaipur,2015,65800,Diesel,Automatic,First,17.01,1582,5,12.5,Creta 1.6 CRDi AT SX Plus,Hyundai
Hyderabad,2014,53000,Diesel,Automatic,First,16.55,1968,5,20.5,A4 2.0 TDI Multitronic,Audi
Kolkata,2017,14600,Diesel,Manual,First,16.0,2179,7,14.5,XUV500 W8 4WD,Mahindra
Delhi,2014,52000,Diesel,Manual,First,23.4,1248,5,5.25,Swift Dzire VDI,Maruti
Kolkata,2015,25470,Petrol,Manual,First,20.73,1373,5,5.9,Ciaz ZXi,Maruti
Pune,2013,22000,Petrol,Manual,First,21.1,814,5,2.6,EON Era Plus,Hyundai
Chennai,2007,75000,Diesel,Automatic,First,11.0,2987,5,11.0,E-Class 280 CDI,Mercedes-Benz
Pune,2011,95995,Diesel,Automatic,First,18.48,1995,5,15.5,5 Series 2003-2012 520d,BMW
Jaipur,2017,26877,Diesel,Manual,First,24.0,1186,5,5.75,Grand i10 1.2 CRDi Sportz Option,Hyundai
Chennai,2007,140000,Diesel,Manual,Second,17.8,1248,5,2.0,Swift Ldi BSIII,Maruti
Hyderabad,2008,95291,Petrol,Manual,First,17.92,1086,5,2.3,Santro Xing GLS,Hyundai
Hyderabad,2009,135000,Diesel,Manual,Second,12.8,2494,8,8.2,Innova 2.5 V Diesel 8-seater,Toyota
Kolkata,2015,32000,Petrol,Manual,First,18.6,1197,5,4.8,i20 Sportz 1.2,Hyundai
Mumbai,2008,68333,Diesel,Automatic,Second,11.0,2987,5,8.5,E-Class 280 CDI,Mercedes-Benz
Chennai,2011,72000,Diesel,Manual,First,20.0,1399,5,2.9,Figo Diesel ZXI,Ford
Ahmedabad,2012,52100,Diesel,Manual,First,21.43,1364,5,6.5,Corolla Altis 1.4 DG,Toyota
Jaipur,2018,10000,Petrol,Manual,First,18.9,1197,5,5.85,Grand i10 1.2 Kappa Sportz,Hyundai
Coimbatore,2019,6261,Diesel,Manual,First,16.3,1956,5,23.91,Compass 2.0 Limited 4X4,Jeep
Coimbatore,2019,3906,Petrol,Automatic,First,20.89,1197,5,7.36,Ignis 1.2 AMT Alpha,Maruti
Pune,2014,55960,Diesel,Manual,First,11.5,2982,7,17.25,Fortuner 3.0 Diesel,Toyota
Jaipur,2013,144000,Diesel,Manual,First,20.54,1598,5,7.0,Vento Diesel Highline,Volkswagen
Mumbai,2017,38000,Diesel,Manual,First,13.68,2393,7,17.65,Innova Crysta 2.4 VX MT,Toyota
Jaipur,2013,51000,Diesel,Manual,First,20.0,1399,5,2.5,Figo Diesel Celebration Edition,Ford
Hyderabad,2015,150000,Diesel,Manual,First,23.59,1364,5,6.0,Platinum Etios 1.4 GXD,Toyota
Mumbai,2018,2500,Diesel,Manual,First,18.06,2523,7,8.25,Thar DI 4X4,Mahindra
Kochi,2018,41661,Diesel,Automatic,First,12.7,2179,5,44.83,Rover Range Rover HSE Dynamic,Land
Delhi,2011,64000,Diesel,Automatic,First,16.07,1995,5,10.5,3 Series 320d Highline,BMW
Bangalore,2008,80000,Petrol,Manual,Second,13.2,1495,5,1.9,Accent GLS,Hyundai
Jaipur,2016,30000,Petrol,Automatic,Second,23.1,998,5,4.25,Celerio ZXI AT,Maruti
Chennai,2014,43000,Diesel,Automatic,Second,16.36,2179,5,26.5,XF 2.2 Litre Luxury,Jaguar
Bangalore,2013,90000,Diesel,Automatic,Second,12.4,2698,5,22.5,A6 2.7 TDI,Audi
Hyderabad,2011,123880,Diesel,Manual,First,23.08,1461,5,3.3,Micra Diesel XV,Nissan
Jaipur,2015,42000,Petrol,Manual,Second,18.0,1198,5,4.3,Amaze S i-Vtech,Honda
Chennai,2012,79824,Diesel,Manual,First,19.87,1461,5,5.25,Duster 85PS Diesel RxL Option,Renault
Jaipur,2015,75000,Diesel,Manual,First,12.99,2494,8,11.75,Innova 2.5 G (Diesel) 8 Seater,Toyota
Ahmedabad,2014,72411,Petrol,Manual,First,18.0,1198,5,4.25,Amaze E i-Vtech,Honda
Delhi,2012,63000,Diesel,Automatic,First,14.94,2143,5,14.22,New C-Class C 250 CDI Elegance,Mercedes-Benz
Chennai,2015,53713,Petrol,Manual,First,17.71,1197,5,4.2,Etios Liva G,Toyota
Delhi,2017,18000,Diesel,Automatic,First,11.36,2755,8,18.25,Innova Crysta 2.8 GX AT 8S,Toyota
Bangalore,2013,51000,Diesel,Manual,First,15.8,2148,5,18.5,New C-Class 200 CDI Elegance,Mercedes-Benz
Chennai,2008,86700,Petrol,Manual,Second,16.1,1298,5,2.4,Swift VXI BSIII,Maruti
Kolkata,2016,29000,Diesel,Manual,First,27.39,1248,5,6.5,Baleno Alpha 1.3,Maruti
Mumbai,2015,33000,Petrol,Automatic,First,23.1,998,5,3.99,Celerio VXI AT,Maruti
Kochi,2014,64394,Diesel,Manual,First,22.7,1498,5,5.45,Ecosport 1.5 DV5 MT Ambiente,Ford
Hyderabad,2010,76000,Diesel,Manual,First,18.8,1248,5,2.7,Manza Aura Quadrajet,Tata
Mumbai,2016,48719,Diesel,Manual,First,27.3,1498,5,6.25,Jazz 1.5 SV i DTEC,Honda
Coimbatore,2016,59711,Diesel,Manual,First,15.1,2179,7,13.28,XUV500 W8 2WD,Mahindra
Hyderabad,2012,83000,Diesel,Manual,First,23.08,1461,5,3.7,Micra Diesel XV Premium,Nissan
Coimbatore,2018,10714,Diesel,Automatic,First,19.27,2143,5,39.51,New C-Class C 220d Avantgarde Edition C,Mercedes-Benz
Hyderabad,2010,127510,Diesel,Manual,Second,19.0,1248,5,1.4,Manza Aura Plus Quadrajet BS IV,Tata
Kolkata,2014,35010,Diesel,Manual,First,22.9,1248,5,3.5,Swift VDI,Maruti
Jaipur,2012,75451,Petrol,Manual,First,17.5,1197,5,3.78,Swift Dzire 1.2 Lxi BSIV,Maruti
Pune,2015,83000,Diesel,Manual,First,19.09,1405,5,2.7,Indigo eCS LS (TDI) BS-III,Tata
Kolkata,2013,38755,Diesel,Manual,First,25.8,1498,5,3.2,Amaze S i-Dtech,Honda
Delhi,2016,30000,Petrol,Manual,First,20.4,1197,5,5.0,Swift VXI BSIV,Maruti
Chennai,2012,40000,Diesel,Manual,First,20.77,1248,7,7.0,Ertiga ZDI,Maruti
Kolkata,2014,19500,Petrol,Manual,Second,18.9,1197,5,2.85,Grand i10 Era,Hyundai
Ahmedabad,2016,41000,Petrol,Manual,First,19.69,1198,5,4.25,Micra Active XV,Nissan
Bangalore,2014,30000,Petrol,Manual,Second,18.9,1197,5,4.9,Grand i10 Asta Option,Hyundai
Hyderabad,2017,37000,Diesel,Manual,First,17.1,1956,5,16.9,Compass 2.0 Sport,Jeep
Delhi,2014,62000,Diesel,Manual,Second,22.07,1199,5,4.25,Polo Diesel Comfortline 1.2L,Volkswagen
Pune,2015,42023,Petrol,Automatic,First,15.5,1198,5,4.34,Amaze S AT i-Vtech,Honda
Kolkata,2012,51001,Diesel,Automatic,First,16.09,1995,5,17.0,X3 xDrive20d Advantage Edition,BMW
Kochi,2017,55389,Diesel,Automatic,First,18.88,1995,5,28.45,3 Series 320d Luxury Line,BMW
Kochi,2014,46728,Petrol,Automatic,First,15.6,1497,5,6.15,City V AT,Honda
Kochi,2014,58995,Diesel,Manual,First,12.83,2696,7,9.25,Ssangyong Rexton RX5,Mahindra
Delhi,2015,37857,Diesel,Manual,First,26.59,1248,5,4.85,Swift Dzire LDI,Maruti
Jaipur,2014,71000,Diesel,Manual,First,25.2,1248,5,4.8,Swift VDI BSIV,Maruti
Pune,2012,49024,Petrol,Manual,First,18.4,1198,5,2.3,Brio S Option MT,Honda
Mumbai,2016,10770,Petrol,Manual,First,18.9,1197,5,4.75,Grand i10 Sportz,Hyundai
Pune,2017,72000,Diesel,Manual,First,22.95,1248,5,5.0,Zest Quadrajet 1.3 75PS XM,Tata
Jaipur,2015,91000,Petrol,Manual,First,21.1,814,5,2.5,EON Era Plus,Hyundai
Mumbai,2017,14000,Petrol,Manual,First,18.6,1197,5,5.95,i20 1.2 Spotz,Hyundai
Delhi,2014,48000,Diesel,Automatic,Second,9.0,1984,5,16.0,S60 D4 KINETIC,Volvo
Delhi,2014,75136,Diesel,Manual,First,22.7,1498,5,6.15,Ecosport 1.5 DV5 MT Titanium Optional,Ford
Hyderabad,2014,32500,Petrol,Manual,Second,21.1,1197,5,4.05,Ritz VXI,Maruti
Hyderabad,2010,94500,Diesel,Manual,Second,21.9,1396,5,3.1,i20 1.4 CRDi Magna,Hyundai
Hyderabad,2013,34900,Petrol,Manual,First,22.0,1197,5,5.49,Dzire VXI,Maruti
Coimbatore,2010,42400,Petrol,Automatic,Third,8.0,4806,4,42.91,Panamera 2010 2013 4S,Porsche
Jaipur,2015,50000,Diesel,Manual,First,17.8,1248,5,5.7,Swift VDi BSIII W/ ABS,Maruti
Kolkata,2014,35000,Petrol,Manual,First,19.4,1198,5,2.85,Brio S MT,Honda
Bangalore,2012,37000,Petrol,Manual,Second,18.6,1199,5,2.35,Beat LS,Chevrolet
Coimbatore,2018,32807,Petrol,Automatic,First,13.0,1591,5,14.76,Creta 1.6 SX Plus Petrol Automatic,Hyundai
Pune,2008,119000,Petrol,Manual,Second,17.7,1497,5,2.25,City ZX GXi,Honda
Mumbai,2016,12000,Petrol,Manual,First,18.5,1197,5,3.65,Ritz LXi,Maruti
Delhi,2016,46727,Diesel,Manual,First,22.77,1498,5,7.25,EcoSport 1.5 TDCi Trend,Ford
Hyderabad,2010,73336,Diesel,Automatic,First,13.2,1995,5,10.69,3 Series 320d,BMW
Mumbai,2014,9000,Petrol,Manual,Second,17.01,1591,5,5.5,Verna 1.6 SX VTVT,Hyundai
Chennai,2005,240000,Diesel,Manual,Fourth & Above,12.8,2494,8,5.1,Innova 2.5 G4 Diesel 8-seater,Toyota
Mumbai,2014,25422,Petrol,Manual,First,22.5,998,5,3.25,Wagon R LXI,Maruti
Mumbai,2018,14000,Diesel,Manual,First,25.47,1248,7,9.25,Ertiga VDI,Maruti
Hyderabad,2008,66000,Petrol,Manual,First,19.7,796,5,1.7,Alto LXi BSIII,Maruti
Kochi,2010,55324,Petrol,Manual,First,19.0,998,5,2.87,A-Star Vxi,Maruti
Bangalore,2009,90000,Diesel,Automatic,First,11.0,2993,5,17.75,X5 3.0d,BMW
Kolkata,2017,43000,Petrol,Manual,First,18.15,1198,5,4.5,KUV 100 G80 K6 Plus 5Str,Mahindra
Bangalore,2008,58483,Petrol,Automatic,Second,19.2,1197,5,2.95,i10 Magna AT,Hyundai
Pune,2007,93000,Petrol,Automatic,Second,12.9,1799,5,2.6,Civic 2006-2010 1.8 S AT,Honda
Hyderabad,2010,50000,Petrol,Manual,First,20.36,1197,5,3.0,i10 Sportz 1.2,Hyundai
Ahmedabad,2014,78616,Diesel,Automatic,Second,14.84,2143,5,15.5,New C-Class C 220 CDI Elegance AT,Mercedes-Benz
Pune,2011,37000,Petrol,Manual,First,17.6,1496,5,2.8,Etios G,Toyota
Kolkata,2010,54801,Petrol,Manual,First,17.0,1497,5,2.5,City 1.5 E MT,Honda
Bangalore,2014,29000,Diesel,Manual,First,23.4,1248,5,5.75,Swift Dzire VDI,Maruti
Pune,2010,68000,Petrol,Manual,First,22.0,1197,5,2.8,Swift VXI,Maruti
Kolkata,2014,58000,Petrol,Manual,First,17.01,1591,5,4.59,Verna 1.6 EX VTVT,Hyundai
Pune,2012,64290,Diesel,Manual,First,23.2,1248,5,3.65,Ritz VDi,Maruti
Mumbai,2015,31000,Diesel,Manual,First,13.0,2982,7,19.85,Fortuner 4x2 Manual,Toyota
Pune,2018,16039,Diesel,Manual,First,17.1,1956,5,18.5,Compass 2.0 Limited,Jeep
Hyderabad,2017,19860,Petrol,Manual,First,18.6,1197,5,6.95,i20 Asta Option 1.2,Hyundai
Jaipur,2012,75391,Diesel,Manual,First,13.93,2179,7,3.75,New Safari DICOR 2.2 EX 4x4 BS IV,Tata
Jaipur,2008,78000,Diesel,Manual,Second,19.3,1248,5,2.3,Swift Dzire LDi,Maruti
Kolkata,2016,78000,Diesel,Manual,First,25.0,1396,5,2.3,Indigo eCS eLS BS IV,Tata
Hyderabad,2016,52000,Diesel,Manual,First,28.4,1248,5,5.95,Swift LDI,Maruti
Kolkata,2016,30000,Petrol,Automatic,First,23.1,998,5,3.49,Celerio VXI AT,Maruti
Coimbatore,2016,19254,Diesel,Automatic,First,14.69,2993,5,47.7,5 Series 2013-2017 530d M Sport,BMW
Coimbatore,2015,29651,Petrol,Manual,First,16.47,1198,5,6.43,Polo 1.2 MPI Highline,Volkswagen
Bangalore,2011,80000,Diesel,Manual,First,13.93,2179,7,4.5,Safari DICOR 2.2 LX 4x2,Tata
Kolkata,2018,2971,Petrol,Automatic,First,13.6,1598,4,39.75,Cooper S Carbon Edition,Mini
Kolkata,2015,21400,Petrol,Manual,First,15.6,1196,5,4.0,Figo Petrol Titanium,Ford
Ahmedabad,2015,77000,Diesel,Manual,First,26.0,1498,5,6.98,City i DTEC V,Honda
Delhi,2006,80000,Diesel,Manual,Second,12.6,1991,7,1.75,Tucson CRDi,Hyundai
Delhi,2013,81755,Diesel,Manual,First,20.0,1968,5,4.75,Laura Ambiente 2.0 TDI CR MT,Skoda
Hyderabad,2016,99593,Diesel,Manual,First,11.5,2982,7,23.5,Fortuner 3.0 Diesel,Toyota
Hyderabad,2014,39791,Diesel,Manual,First,22.32,1582,5,7.49,Verna 1.6 SX,Hyundai
Hyderabad,2015,113000,Diesel,Manual,First,15.1,2179,7,10.85,XUV500 W6 2WD,Mahindra
Mumbai,2017,24000,Petrol,Manual,First,25.17,799,5,3.5,KWID RXT,Renault
Bangalore,2015,39000,Petrol,Manual,Second,18.6,1197,5,6.3,i20 Asta 1.2,Hyundai
Bangalore,2012,37000,Petrol,Automatic,First,15.6,1497,5,6.75,City V AT,Honda
Coimbatore,2017,61108,Diesel,Automatic,First,10.91,3198,7,28.88,Endeavour 3.2 Titanium AT 4X4,Ford
Kochi,2016,61648,Petrol,Automatic,First,13.7,1798,5,14.23,Superb Elegance 1.8 TSI AT,Skoda
Mumbai,2012,37000,Diesel,Automatic,Third,22.69,1995,5,15.0,3 Series 320d Sport,BMW
Jaipur,2013,65000,Diesel,Manual,First,23.2,1248,5,3.75,Ritz LDi,Maruti
Jaipur,2011,148009,Diesel,Manual,Second,11.5,2982,7,12.75,Fortuner 3.0 Diesel,Toyota
Mumbai,2009,53001,Petrol,Manual,First,16.1,1298,5,1.95,Swift Lxi BSIII,Maruti
Mumbai,2018,22345,Petrol,Manual,First,20.3,1199,5,4.95,Tigor 1.2 Revotron XT,Tata
Delhi,2015,50000,Petrol,Automatic,First,18.0,1497,5,8.25,City i VTEC CVT VX,Honda
Hyderabad,2013,48183,Diesel,Automatic,First,13.2,1995,5,20.99,3 Series 320d,BMW
Hyderabad,2010,93000,Diesel,Automatic,Second,14.21,2143,5,17.5,E-Class 2009-2013 E250 CDI Blue Efficiency,Mercedes-Benz
Kochi,2015,53500,Diesel,Manual,First,28.4,1248,5,5.36,Swift VDI,Maruti
Delhi,2014,17585,Petrol,Manual,First,16.02,1373,7,6.35,Ertiga VXI,Maruti
Kolkata,2011,36226,Petrol,Manual,First,17.01,1591,5,2.95,Verna 1.6 VTVT,Hyundai
Hyderabad,2017,11200,Diesel,Automatic,First,19.27,2143,5,37.5,New C-Class C 220 CDI Style,Mercedes-Benz
Kochi,2017,49045,Petrol,Manual,First,20.36,1197,5,4.07,i10 Magna 1.2,Hyundai
Kolkata,2012,45000,Diesel,Manual,First,22.07,1199,5,2.99,Polo Diesel Comfortline 1.2L,Volkswagen
Delhi,2017,40000,Diesel,Manual,First,24.3,1248,5,7.9,Vitara Brezza VDi Option,Maruti
Mumbai,2016,36600,Diesel,Manual,First,19.87,1461,5,7.49,Duster 85PS Diesel RxL,Renault
Jaipur,2009,117000,Diesel,Manual,First,18.0,1248,5,1.1,Indica Vista Aqua 1.3 Quadrajet,Tata
Mumbai,2016,50000,Diesel,Manual,First,25.4,1186,5,3.5,Xcent 1.2 CRDi S,Hyundai
Hyderabad,2008,150000,Diesel,Manual,First,18.1,1493,5,3.0,Verna CRDi SX ABS,Hyundai
Mumbai,2014,11000,Petrol,Manual,First,17.01,1591,5,6.1,Verna 1.6 SX VTVT,Hyundai
Bangalore,2010,102016,Petrol,Manual,First,15.6,1196,5,2.25,Figo Petrol ZXI,Ford
Chennai,2016,38000,Diesel,Manual,First,25.2,1248,5,5.95,Swift VDI Optional,Maruti
Hyderabad,2013,71491,Diesel,Manual,First,23.08,1461,5,4.95,Pulse RxL,Renault
Bangalore,2015,46354,Petrol,Manual,Second,16.47,1198,5,5.49,Polo 1.2 MPI Highline,Volkswagen
Delhi,2019,87000,Diesel,Automatic,First,22.69,1995,5,6.67,3 Series 320d Luxury Line,BMW
Ahmedabad,2015,20765,Petrol,Manual,First,15.0,1598,5,6.25,Rapid 1.6 MPI Active,Skoda
Coimbatore,2014,51076,Diesel,Automatic,First,12.07,2967,7,34.88,Q7 3.0 TDI Quattro Premium Plus,Audi
Jaipur,2016,84085,Diesel,Manual,First,26.21,1248,5,6.9,Ciaz VDi Plus,Maruti
Kolkata,2014,55000,Diesel,Manual,First,25.1,1498,5,5.99,City i DTEC VX,Honda
Mumbai,2010,73000,Petrol,Automatic,First,10.93,3498,5,10.4,E-Class 2009-2013 E350 Petrol,Mercedes-Benz
Pune,2012,50001,Diesel,Automatic,First,14.57,2967,5,29.0,A6 2011-2015 3.0 TDI Quattro Premium Plus,Audi
Coimbatore,2016,93166,Diesel,Manual,Second,14.02,2179,7,5.85,Xylo H4,Mahindra
Kochi,2006,99583,Petrol,Automatic,Third,12.0,1493,5,2.21,City 1.5 EXI AT,Honda
Mumbai,2010,72000,Petrol,Manual,First,15.5,1586,5,2.4,SX4 ZXI MT BSIV,Maruti
Pune,2009,70000,Petrol,Manual,Third,14.53,1798,5,3.0,Corolla Altis G,Toyota
Pune,2012,61000,Petrol,Automatic,Second,14.4,1598,5,3.75,Vento Petrol Highline AT,Volkswagen
Pune,2015,66510,Petrol,Manual,First,21.1,814,5,2.95,EON Era Plus,Hyundai
Hyderabad,2011,84062,Diesel,Manual,First,20.0,1968,5,5.8,Laura Ambition 2.0 TDI CR MT,Skoda
Hyderabad,2012,80799,Diesel,Manual,First,22.9,1248,5,4.9,Swift VDI,Maruti
Kolkata,2018,5000,Petrol,Automatic,First,14.28,1798,5,16.95,Corolla Altis 1.8 VL CVT,Toyota
Hyderabad,2013,92000,Diesel,Manual,First,12.99,2494,8,12.5,Innova 2.5 G (Diesel) 8 Seater,Toyota
Hyderabad,2017,53000,Diesel,Manual,First,27.28,1047,5,5.0,Tiago Wizz 1.05 Revotorq,Tata
Mumbai,2015,39822,Petrol,Manual,First,15.41,1598,5,4.68,Rapid 1.6 MPI Ambition,Skoda
Mumbai,2016,29000,Diesel,Automatic,First,10.91,3198,7,29.8,Endeavour 3.2 Titanium AT 4X4,Ford
Kochi,2017,24214,Petrol,Manual,Second,25.17,799,5,3.46,KWID RXL,Renault
Pune,2012,75000,Diesel,Manual,First,23.0,1396,5,4.0,i20 1.4 Asta CRDi with AVN,Hyundai
Chennai,2012,77216,Diesel,Manual,Second,17.5,1896,5,4.5,Laura Ambiente,Skoda
Kochi,2013,74290,Diesel,Manual,First,21.43,1364,5,5.87,Corolla Altis Diesel D4DG,Toyota
Delhi,2015,61000,Diesel,Manual,First,15.4,2179,8,9.5,Scorpio S8 8 Seater,Mahindra
Chennai,2013,44000,Diesel,Automatic,First,14.16,1968,5,32.5,Q5 2.0 TDI Premium Plus,Audi
Coimbatore,2014,74041,Diesel,Manual,First,18.2,1248,8,3.88,Enjoy TCDi LS 8 Seater,Chevrolet
Coimbatore,2013,85846,Diesel,Automatic,First,22.69,1995,5,13.08,3 Series 320d,BMW
Delhi,2012,52000,Diesel,Manual,First,21.64,1461,5,3.5,Sunny 2011-2014 Diesel XV,Nissan
Mumbai,2010,47000,Petrol,Manual,Second,12.8,2354,5,3.5,Accord 2.4 MT,Honda
Bangalore,2010,72010,Diesel,Manual,First,16.8,1493,5,4.45,Verna CRDi,Hyundai
Jaipur,2015,15000,Petrol,Manual,First,16.8,796,8,2.35,Omni E MPI STD BS IV,Maruti
Kolkata,2015,480000,Petrol,Manual,First,17.4,1497,5,5.0,City i VTEC SV,Honda
Chennai,2007,75000,Petrol,Manual,Second,16.6,1388,5,2.0,Fiesta 1.4 ZXi Leather,Ford
Mumbai,2015,57000,Diesel,Manual,First,22.54,1396,5,6.35,i20 1.4 Asta,Hyundai
Kochi,2015,41057,Diesel,Automatic,First,13.0,2143,5,24.63,E-Class E250 CDI Avantgrade,Mercedes-Benz
Chennai,2016,20000,Diesel,Manual,First,22.77,1498,5,7.9,EcoSport 1.5 TDCi Trend Plus,Ford
Mumbai,2011,52359,Petrol,Manual,First,18.5,1197,5,3.25,i20 1.2 Magna,Hyundai
Delhi,2016,17000,Petrol,Manual,Second,17.8,1497,5,8.25,City i VTEC V,Honda
Kolkata,2011,39002,Diesel,Manual,First,23.08,1461,5,2.85,Micra Diesel XV,Nissan
Pune,2010,129986,Diesel,Manual,Second,20.0,1399,5,3.2,Figo Diesel EXI,Ford
Kolkata,2013,45000,Petrol,Manual,First,18.44,1198,5,1.75,Micra XL,Nissan
Kolkata,2013,41300,Diesel,Manual,First,17.8,1248,5,3.38,Swift VDI BSIV,Maruti
Ahmedabad,2009,82002,Petrol,Manual,Second,12.8,2354,5,5.75,Accord 2.4 MT,Honda
Mumbai,2010,67000,Petrol,Automatic,First,13.7,1798,5,4.7,Superb Elegance 1.8 TSI AT,Skoda
Hyderabad,2017,21260,Petrol,Manual,First,14.0,796,5,2.9,Omni 8 Seater BSIV,Maruti
Ahmedabad,2012,55362,Diesel,Manual,First,21.9,1396,5,4.25,i20 Magna Optional 1.4 CRDi,Hyundai
Chennai,2017,13000,Diesel,Automatic,First,17.01,1582,5,14.5,Creta 1.6 CRDi AT SX Plus,Hyundai
Kochi,2016,45725,Diesel,Manual,First,25.2,1248,5,5.34,Swift VDI BSIV,Maruti
Jaipur,2014,105000,Diesel,Manual,First,25.2,1248,5,3.85,Swift LDI BSIV,Maruti
Hyderabad,2009,156056,Diesel,Manual,First,12.8,2494,8,8.5,Innova 2.5 G (Diesel) 8 Seater BS IV,Toyota
Mumbai,2016,135000,Diesel,Manual,First,24.4,1120,5,4.2,Xcent 1.1 CRDi Base,Hyundai
Delhi,2016,67000,Diesel,Manual,First,20.77,1248,7,6.75,Ertiga Paseo VDI,Maruti
Jaipur,2016,90000,Diesel,Automatic,First,10.91,3198,7,26.0,Endeavour 3.2 Trend AT 4X4,Ford
Coimbatore,2019,32251,Diesel,Manual,First,22.54,1396,5,8.61,i20 1.4 Sportz,Hyundai
Mumbai,2009,47000,Petrol,Manual,First,19.0,998,5,1.46,Zen Estilo LXI BS IV,Maruti
Mumbai,2011,75308,Diesel,Manual,Second,21.1,1248,5,2.8,Ritz VDi,Maruti
Mumbai,2014,58000,Petrol,Manual,First,17.0,1497,5,5.47,City 1.5 S MT,Honda
Mumbai,2009,60000,Petrol,Manual,First,17.5,1298,5,2.45,Swift Dzire ZXi,Maruti
Hyderabad,2014,45000,Diesel,Automatic,First,17.05,1995,5,21.5,X1 sDrive 20d Sportline,BMW
Mumbai,2010,41195,Petrol,Manual,First,15.0,1368,5,1.38,Manza Aqua Safire,Tata
Chennai,2016,89000,Diesel,Manual,First,16.0,2179,7,13.5,XUV500 W10 2WD,Mahindra
Bangalore,2009,60510,Petrol,Automatic,Second,16.95,1197,5,3.1,i10 Sportz AT,Hyundai
Mumbai,2016,8500,Petrol,Manual,First,21.4,1197,5,5.49,Baleno Sigma 1.2,Maruti
Kochi,2017,35981,Diesel,Manual,First,24.3,1248,5,9.51,Vitara Brezza ZDi Plus Dual Tone,Maruti
Mumbai,2012,23152,Petrol,Manual,First,15.6,1196,5,2.39,Figo Petrol ZXI,Ford
Mumbai,2014,61529,Petrol,Automatic,First,18.19,1197,5,5.65,Vento Sport 1.2 TSI AT,Volkswagen
Ahmedabad,2010,91596,Diesel,Manual,First,14.95,2489,7,1.85,Xylo D2 BS III,Mahindra
Kochi,2019,14298,Petrol,Automatic,First,13.33,2995,5,2.02,Cayenne Base,Porsche
Hyderabad,2013,83327,Diesel,Manual,First,19.3,1248,5,5.8,Swift Dzire VDi,Maruti
Hyderabad,2017,22857,Petrol,Manual,First,16.2,1199,5,6.9,Polo 1.2 MPI Highline Plus,Volkswagen
Chennai,2013,34620,Petrol,Manual,Second,17.01,1591,5,5.35,Verna 1.6 VTVT,Hyundai
Bangalore,2010,56000,Petrol,Manual,First,19.81,1086,5,2.85,i10 Era 1.1,Hyundai
Chennai,2014,81000,Diesel,Automatic,First,13.0,2143,5,22.75,E-Class E250 CDI Launch Edition,Mercedes-Benz
Jaipur,1998,95150,Petrol,Manual,Third,17.3,993,5,0.45,Zen LXI,Maruti
Coimbatore,2013,32776,Petrol,Manual,First,20.36,1197,5,4.64,i10 Sportz,Hyundai
Coimbatore,2016,51587,Diesel,Manual,First,25.8,1498,5,5.27,Amaze S i-Dtech,Honda
Jaipur,2016,36000,Diesel,Manual,First,14.1,2179,7,10.0,Safari Storme VX,Tata
Mumbai,2015,22000,Petrol,Manual,First,18.5,1198,5,3.95,Brio 1.2 S MT,Honda
Kochi,2010,30754,Petrol,Manual,First,17.0,1197,5,3.38,i20 Asta,Hyundai
Coimbatore,2018,37109,Petrol,Manual,First,14.69,1390,5,16.8,Jetta 2012-2014 1.4 TSI,Volkswagen
Kolkata,2010,45000,Petrol,Manual,First,16.7,1198,5,1.99,Jazz Select Edition,Honda
Coimbatore,2017,33284,Petrol,Manual,First,18.9,1197,5,5.84,Grand i10 Sportz,Hyundai
Coimbatore,2016,55115,Diesel,Automatic,First,14.74,2993,5,36.15,XF Diesel,Jaguar
Kolkata,2014,18000,Diesel,Automatic,First,16.36,2179,5,25.7,XF 2.2 Litre Luxury,Jaguar
Coimbatore,2013,130790,Diesel,Manual,First,16.0,2179,7,9.24,XUV500 W8 2WD,Mahindra
Delhi,2015,16607,Diesel,Manual,First,22.7,1598,5,7.65,S Cross DDiS 320 Alpha,Maruti
Coimbatore,2015,32205,Diesel,Automatic,First,17.11,1968,5,25.31,A4 2.0 TDI 177 Bhp Premium Plus,Audi
Delhi,2013,67000,Diesel,Manual,First,19.01,1461,5,4.75,Duster 110PS Diesel RxZ,Renault
Coimbatore,2014,57676,Petrol,Manual,First,19.1,1197,5,6.69,Swift Dzire VXI,Maruti
Mumbai,2012,41000,Petrol,Manual,First,16.47,1198,5,3.1,Polo Petrol Trendline 1.2L,Volkswagen
Jaipur,2012,65000,Petrol,Manual,First,19.7,796,8,1.55,Omni 8 Seater BSII,Maruti
Coimbatore,2019,12153,Petrol,Automatic,First,18.9,1197,5,6.84,Grand i10 1.2 Kappa Magna AT,Hyundai
Hyderabad,2014,16810,Petrol,Manual,First,25.4,624,4,1.6,Nano Twist XT,Tata
Kochi,2017,61221,Petrol,Automatic,First,17.84,1395,5,21.73,A4 30 TFSI Premium Plus,Audi
Mumbai,2015,22000,Petrol,Manual,First,16.47,1198,5,4.75,Polo 1.2 MPI Highline,Volkswagen
Chennai,2015,63714,Petrol,Manual,First,22.74,796,5,2.45,Alto 800 LXI,Maruti
Kochi,2019,14857,Diesel,Automatic,First,20.7,1496,5,31.55,Cooper 5 DOOR D,Mini
Delhi,2012,69000,Diesel,Automatic,Second,15.2,1968,5,10.25,A4 New 2.0 TDI Multitronic,Audi
Coimbatore,2019,14648,Diesel,Manual,First,12.62,2198,7,27.36,Endeavour Titanium 4X2,Ford
Hyderabad,2013,100000,Petrol,Manual,Second,15.8,1499,5,6.5,Ecosport 1.5 Ti VCT MT Titanium,Ford
Jaipur,2016,22000,Petrol,Manual,First,18.9,1197,5,4.25,Grand i10 Magna,Hyundai
Mumbai,2014,10000,Petrol,Manual,First,18.2,1199,5,5.5,Sail 1.2 LS,Chevrolet
Kolkata,2015,107000,Petrol,Manual,First,20.85,1197,5,4.0,Swift Dzire LXI,Maruti
Kochi,2017,48198,Petrol,Manual,First,17.57,1193,5,4.65,Zest Revotron 1.2T XM,Tata
Delhi,2015,15000,Diesel,Automatic,First,19.27,2143,5,28.5,New C-Class C 220 CDI Avantgarde,Mercedes-Benz
Coimbatore,2014,80073,Diesel,Manual,First,17.3,1998,5,7.11,Cruze LTZ,Chevrolet
Hyderabad,2013,85388,Diesel,Manual,First,21.1,1248,5,3.9,Ritz VDi,Maruti
Jaipur,2017,14700,Petrol,Manual,First,18.9,1197,5,5.6,Grand i10 1.2 Kappa Sportz Option,Hyundai
Pune,2012,150000,Diesel,Manual,Third,28.4,1248,5,2.25,Dzire LDI,Maruti
Kolkata,2011,34994,Diesel,Manual,First,22.32,1582,5,3.9,Verna 1.6 SX,Hyundai
Coimbatore,2014,82536,Diesel,Automatic,First,14.74,2993,5,28.63,XF Diesel,Jaguar
Delhi,2013,82000,Petrol,Automatic,First,13.7,1798,5,7.25,Superb Elegance 1.8 TSI AT,Skoda
Pune,2006,52000,Petrol,Manual,Second,18.9,998,5,2.0,Wagon R LXI,Maruti
Mumbai,2011,20000,Petrol,Manual,First,16.47,1198,5,3.5,Polo Petrol Highline 1.2L,Volkswagen
Hyderabad,2011,55000,Petrol,Manual,First,14.8,1799,5,5.0,Civic 2010-2013 1.8 S MT,Honda
Chennai,2014,52000,Petrol,Manual,First,22.5,998,5,3.45,Wagon R VXI,Maruti
Kolkata,2013,43284,Diesel,Manual,First,23.4,1248,5,4.5,Swift Dzire VDI,Maruti
Coimbatore,2018,23875,Petrol,Automatic,First,13.0,1591,5,14.36,Creta 1.6 SX Plus Petrol Automatic,Hyundai
Bangalore,2016,51866,Petrol,Manual,First,18.9,1197,5,5.5,Grand i10 Asta,Hyundai
Mumbai,2013,69000,Diesel,Manual,First,23.08,1461,5,3.0,Micra Diesel XV Premium,Nissan
Coimbatore,2017,62788,Petrol,Manual,First,18.9,1197,5,6.08,Grand i10 1.2 Kappa Asta,Hyundai
Chennai,2013,150000,Diesel,Manual,First,20.54,1598,5,5.0,Vento Diesel Highline,Volkswagen
Kochi,2015,47566,Diesel,Automatic,First,12.55,2982,7,20.25,Fortuner 4x2 AT,Toyota
Pune,2018,20300,Diesel,Automatic,First,11.36,2755,7,18.0,Innova Crysta 2.8 GX AT,Toyota
Pune,2015,48300,Diesel,Automatic,First,20.0,2143,5,17.5,A Class A180 CDI,Mercedes-Benz
Pune,2013,30000,Petrol,Manual,First,21.1,814,5,2.1,EON D Lite,Hyundai
Bangalore,2012,36000,Diesel,Manual,Second,22.7,1582,5,7.5,Elantra CRDi SX,Hyundai
Kochi,2015,27641,Diesel,Automatic,Second,20.7,1496,4,24.77,Cooper 3 DOOR D,Mini
Bangalore,2015,60000,Diesel,Manual,First,19.64,1461,5,8.65,Duster 110PS Diesel RXZ Option,Renault
Chennai,2019,9000,Diesel,Automatic,First,10.91,3198,7,35.5,Endeavour 3.2 Titanium AT 4X4,Ford
Delhi,2014,60750,Petrol,Manual,First,14.28,1798,5,10.5,Corolla Altis GL MT,Toyota
Delhi,2018,9000,Diesel,Manual,First,14.0,2179,7,13.0,XUV500 W7,Mahindra
Kolkata,2012,41100,Diesel,Automatic,First,16.77,2993,5,26.5,7 Series 730Ld Design Pure Excellence CBU,BMW
Ahmedabad,2004,60000,Petrol,Manual,Second,17.3,1061,5,1.4,Wagon R LX BSIII,Maruti
Kochi,2017,38424,Petrol,Manual,First,17.8,1497,5,7.51,City i VTEC SV,Honda
Delhi,2014,50000,Diesel,Manual,First,22.9,1248,5,4.3,Swift VDI,Maruti
Mumbai,2015,19000,Petrol,Automatic,First,18.0,1497,5,8.95,City i-VTEC CVT VX,Honda
Kochi,2015,58734,Diesel,Manual,First,20.77,1248,7,6.91,Ertiga VDI,Maruti
Coimbatore,2016,65257,Diesel,Manual,First,19.01,1461,5,9.75,Duster 110PS Diesel RxZ,Renault
Jaipur,2010,130000,Diesel,Manual,Second,19.3,1248,5,4.0,Swift Dzire VDi,Maruti
Hyderabad,2011,79000,Diesel,Manual,First,23.2,1248,5,3.65,Ritz VDi,Maruti
Chennai,2013,78000,Diesel,Manual,First,15.1,2179,7,10.75,XUV500 W8 4WD,Mahindra
Kochi,2015,49133,Petrol,Manual,First,19.4,1198,5,4.51,Brio S MT,Honda
Coimbatore,2014,54448,Diesel,Manual,First,21.02,1248,5,3.7,Manza Club Class Quadrajet90 LS,Tata
Hyderabad,2014,158793,Diesel,Manual,First,12.8,2494,7,12.99,Innova 2.5 V Diesel 7-seater,Toyota
Delhi,2015,62088,Petrol,Manual,First,18.6,1197,5,4.15,Swift VXI,Maruti
Kolkata,2012,14800,Petrol,Manual,First,17.01,1591,5,4.4,Verna 1.6 EX VTVT,Hyundai
Kolkata,2015,26000,Petrol,Manual,First,17.3,1497,7,4.25,Mobilio S i VTEC,Honda
Mumbai,2017,32005,Petrol,Manual,First,18.0,1198,5,4.25,Amaze S i-Vtech,Honda
Jaipur,2017,35000,Petrol,Automatic,First,18.0,1497,5,7.7,City i-VTEC CVT VX,Honda
Pune,2015,52000,Diesel,Automatic,First,12.7,2179,5,39.75,Rover Range Rover 2.2L Dynamic,Land
Mumbai,2017,11000,Petrol,Manual,First,17.4,1497,5,8.5,City i-VTEC V,Honda
Jaipur,2008,62000,Petrol,Automatic,First,9.5,2997,5,7.0,E-Class 280 Elegance,Mercedes-Benz
Chennai,2002,65134,Petrol,Manual,Third,13.8,1299,5,0.8,Ikon 1.3 Flair,Ford
Delhi,2013,71000,Diesel,Manual,First,13.0,2982,7,15.25,Fortuner 4x2 Manual,Toyota
Hyderabad,2008,51366,Petrol,Manual,First,19.0,998,5,2.25,A-Star Vxi,Maruti
Kolkata,2016,46300,Diesel,Manual,First,14.07,1948,7,4.85,Sumo EX,Tata
Coimbatore,2012,60908,Petrol,Automatic,Second,15.6,1497,5,6.42,City V AT,Honda
Chennai,2012,93450,Diesel,Manual,Second,23.19,1461,5,2.5,Micra XV D,Nissan
Hyderabad,2011,104000,Diesel,Automatic,First,19.08,1582,5,5.75,Verna SX CRDi AT,Hyundai
Pune,2003,52000,Petrol,Manual,First,16.1,796,4,0.5,800 Std,Maruti
Coimbatore,2015,42999,Diesel,Manual,First,15.1,2179,7,11.52,XUV500 W8 4WD,Mahindra
Delhi,2014,90000,Diesel,Manual,First,21.5,1248,5,4.5,SX4 VDI,Maruti
Bangalore,2013,72000,Petrol,Automatic,First,15.0,1396,5,4.75,i20 Sportz AT 1.4,Hyundai
Coimbatore,2019,54321,Diesel,Manual,First,19.67,1582,5,13.54,Creta 1.6 CRDi SX,Hyundai
Kochi,2015,59630,Diesel,Automatic,First,13.0,2143,5,23.41,E-Class E250 CDI Avantgrade,Mercedes-Benz
Hyderabad,2013,116000,Diesel,Automatic,Second,12.55,2982,7,19.25,Fortuner 4x2 AT,Toyota
Ahmedabad,2015,34000,Diesel,Automatic,First,9.0,1984,5,20.0,S60 D4 KINETIC,Volvo
Delhi,2011,70000,Diesel,Automatic,First,14.21,2143,5,13.0,E-Class 2009-2013 E250 CDI Avantgarde,Mercedes-Benz
Chennai,2010,80000,Petrol,Manual,First,10.2,2354,5,3.99,Accord 2.4 Elegance M/T,Honda
Pune,2015,110000,Diesel,Manual,First,25.8,1498,5,4.65,Amaze S i-Dtech,Honda
Ahmedabad,2013,56454,Diesel,Manual,First,28.4,1248,5,4.65,Dzire ZDI,Maruti
Kolkata,2013,60000,Petrol,Manual,First,18.6,1197,5,3.15,Swift LXI,Maruti
Delhi,2013,56000,Petrol,Automatic,First,14.53,1798,5,8.25,Corolla Altis G HV AT,Toyota
Chennai,2012,63000,Diesel,Manual,First,22.9,1248,5,4.5,Swift VDI,Maruti
Kolkata,2017,15050,Diesel,Manual,First,16.3,1956,5,17.5,Compass 2.0 Limited Option 4X4,Jeep
Mumbai,2016,29401,Petrol,Manual,First,20.4,1197,5,4.31,Swift VXI BSIV,Maruti
Kochi,2016,25238,Petrol,Manual,First,18.7,1199,5,6.2,Jazz 1.2 SV i VTEC,Honda
Chennai,2011,79000,Diesel,Manual,First,23.59,1364,5,4.67,Etios GD,Toyota
Kochi,2011,58752,Petrol,Manual,First,16.47,1198,5,3.32,Polo Petrol Trendline 1.2L,Volkswagen
Delhi,2011,62000,Petrol,Automatic,First,12.9,1799,5,3.75,Civic 2006-2010 1.8 V AT,Honda
Bangalore,2013,132000,Petrol,Manual,First,16.78,1496,5,4.7,Etios G SP,Toyota
Chennai,2016,51000,Petrol,Manual,First,17.01,1591,5,6.5,Verna 1.6 SX VTVT,Hyundai
Hyderabad,2009,185200,Diesel,Manual,First,12.8,2494,8,7.25,Innova 2.5 G4 Diesel 8-seater,Toyota
Coimbatore,2016,61717,Diesel,Manual,First,22.7,1598,5,8.94,SX4 S Cross DDiS 320 Zeta,Maruti
Kolkata,2018,8896,Petrol,Manual,First,19.0,1194,5,7.34,Freestyle Titanium Plus Petrol,Ford
Delhi,2016,17000,Petrol,Manual,First,21.4,1197,5,6.9,Baleno Alpha 1.2,Maruti
Mumbai,2016,31378,Petrol,Manual,First,18.2,1199,5,5.9,Jazz V,Honda
Pune,2013,114000,Diesel,Automatic,First,22.32,1582,5,6.75,Verna 1.6 CRDi EX AT,Hyundai
Ahmedabad,2014,81000,Diesel,Manual,First,25.8,1498,5,4.1,Amaze VX i-DTEC,Honda
Mumbai,2017,31000,Diesel,Automatic,First,18.51,1968,5,27.0,Q3 30 TDI Premium FWD,Audi
Mumbai,2014,35000,Petrol,Manual,First,15.0,1598,5,4.5,Rapid 2013-2016 1.6 MPI Ambition,Skoda
Kolkata,2013,60001,Diesel,Automatic,First,17.11,1968,5,14.5,A4 2.0 TDI 177 Bhp Premium Plus,Audi
Jaipur,2014,75074,Diesel,Manual,First,23.4,1248,5,5.25,Swift Dzire VDI,Maruti
Kolkata,2012,80000,Diesel,Manual,Second,22.3,1248,5,1.2,Indica Vista Quadrajet LS,Tata
Jaipur,2006,147350,Diesel,Manual,Second,12.99,2494,8,4.95,Innova 2.5 G (Diesel) 8 Seater,Toyota
Hyderabad,2013,60000,Diesel,Manual,First,19.64,1461,5,7.5,Duster 110PS Diesel RxZ Plus,Renault
Kolkata,2015,7501,Petrol,Automatic,First,10.0,2996,4,48.0,E-Class E400 Cabriolet,Mercedes-Benz
Delhi,2015,58000,Diesel,Manual,First,25.8,1498,5,4.45,Amaze S i-Dtech,Honda
Kochi,2015,57034,Diesel,Manual,First,23.2,1248,5,4.38,Ritz VDi,Maruti
Kochi,2016,40810,Diesel,Manual,First,28.09,1248,5,7.9,Ciaz ZDi Plus SHVS,Maruti
Mumbai,2008,81000,Diesel,Automatic,Second,18.48,1621,5,10.5,5 Series 520d Sedan,BMW
Coimbatore,2018,34630,Petrol,Automatic,First,21.4,1197,5,7.29,Baleno Delta CVT,Maruti
Hyderabad,2012,45122,Diesel,Manual,First,23.5,1498,5,6.0,Fiesta Diesel Titanium Plus,Ford
Chennai,2011,126000,Diesel,Manual,Third,16.0,2179,7,6.7,XUV500 W8 2WD,Mahindra
Jaipur,2009,63000,Petrol,Manual,First,19.7,796,5,1.5,Alto LXi,Maruti
Kochi,2016,32298,Diesel,Automatic,First,20.7,1496,4,23.8,Cooper 3 DOOR D,Mini
Kochi,2014,63288,Diesel,Manual,First,15.1,2179,7,7.77,XUV500 W8 4WD,Mahindra
Coimbatore,2012,43337,Petrol,Manual,First,17.92,1086,5,3.32,Santro Xing GLS,Hyundai
Kochi,2015,46561,Diesel,Manual,First,22.9,1248,5,4.94,Swift VDI,Maruti
Delhi,2013,34000,Diesel,Automatic,Second,20.0,2143,5,11.0,A Class A180 CDI,Mercedes-Benz
Hyderabad,2016,48000,Petrol,Manual,First,25.17,799,5,3.4,KWID RXT,Renault
Kochi,2013,56263,Diesel,Manual,First,22.9,1248,5,4.17,Swift VDI,Maruti
Hyderabad,2005,84060,Petrol,Manual,Second,17.3,993,5,1.25,Zen LXI,Maruti
Mumbai,2016,9000,Petrol,Automatic,First,18.9,1197,5,5.45,Grand i10 Magna AT,Hyundai
Jaipur,2012,79000,Diesel,Manual,First,21.12,1248,5,2.59,Manza Aura Quadrajet BS IV,Tata
Pune,2015,87900,Diesel,Manual,First,16.0,2179,7,12.01,XUV500 W10 AWD,Mahindra
Delhi,2010,72425,Petrol,Manual,Second,17.5,1197,5,2.45,Swift Dzire 1.2 Vxi BSIV,Maruti
Bangalore,2015,38000,Diesel,Automatic,First,15.73,1968,5,29.0,Q3 35 TDI Quattro Premium Plus,Audi
Hyderabad,2008,83000,Diesel,Manual,Second,17.8,1399,5,2.4,Fiesta 1.4 SXi TDCi,Ford
Hyderabad,2010,107000,Diesel,Automatic,First,14.84,2143,5,11.99,New C-Class C 220 CDI Elegance AT,Mercedes-Benz
Delhi,2015,51000,Petrol,Automatic,First,18.0,1497,5,7.9,City i VTEC CVT VX,Honda
Pune,2010,140000,Diesel,Manual,Third,12.8,2494,7,6.25,Innova 2.5 GX 7 STR,Toyota
Pune,2011,48000,Petrol,Manual,Second,18.6,1199,5,1.8,Beat LT,Chevrolet
Mumbai,2015,31000,Petrol,Manual,First,18.7,1199,5,4.9,Jazz 1.2 S i VTEC,Honda
Jaipur,2010,75055,Petrol,Manual,First,18.06,1198,5,2.25,Micra XL Primo,Nissan
Coimbatore,2017,51210,Petrol,Automatic,First,19.12,1373,5,8.89,Ciaz AT ZXi,Maruti
Mumbai,2012,87000,Diesel,Automatic,First,12.55,2982,7,15.0,Fortuner 4x2 AT,Toyota
Kolkata,2018,17000,Diesel,Manual,First,26.1,1498,5,5.65,Aspire Ambiente Diesel,Ford
Jaipur,2014,57000,Diesel,Manual,First,20.77,1248,7,7.0,Ertiga ZDI,Maruti
Hyderabad,2016,9370,Petrol,Manual,First,22.74,796,5,2.95,Alto 800 LXI,Maruti
Chennai,2013,53226,Petrol,Manual,First,19.4,1198,5,3.3,Brio V MT,Honda
Hyderabad,2010,120000,Diesel,Manual,Second,16.2,1493,5,3.5,Verna Transform CRDi VGT SX ABS,Hyundai
Jaipur,2007,75055,Petrol,Manual,First,12.8,1493,5,2.3,City 1.5 GXI,Honda
Coimbatore,2017,37247,Diesel,Manual,First,19.67,1582,5,13.69,Creta 1.6 CRDi SX,Hyundai
Delhi,2013,64000,Diesel,Manual,First,23.59,1364,5,3.1,Etios Liva GD,Toyota
Mumbai,2014,12000,Petrol,Manual,First,13.44,2359,5,12.75,Sonata Transform 2.4 GDi MT,Hyundai
Pune,2017,40158,Diesel,Manual,First,19.67,1582,5,13.75,Creta 1.6 CRDi SX Option,Hyundai
Chennai,2017,11000,Petrol,Manual,First,18.7,1199,5,6.75,Jazz 1.2 SV i VTEC,Honda
Chennai,2014,70010,Diesel,Manual,First,20.54,1598,5,5.25,Vento Diesel Comfortline,Volkswagen
Mumbai,2015,82000,Diesel,Manual,First,16.0,2179,7,8.75,XUV500 W6 2WD,Mahindra
Kochi,2017,57259,Diesel,Manual,First,18.49,1493,7,8.87,TUV 300 2015-2019 T8,Mahindra
Bangalore,2010,84000,Petrol,Automatic,Second,11.1,2354,5,6.5,Accord 2001-2003 2.3 VTi L AT,Honda
Pune,2012,168000,Diesel,Manual,First,20.77,1248,7,4.5,Ertiga VDI,Maruti
Hyderabad,2012,73670,Diesel,Manual,First,12.83,2696,7,12.5,Ssangyong Rexton RX5,Mahindra
Delhi,2014,89540,Diesel,Automatic,First,12.55,2982,7,16.8,Fortuner 4x2 AT,Toyota
Hyderabad,2016,85423,Diesel,Manual,First,20.77,1248,7,8.75,Ertiga ZDI,Maruti
Pune,2013,48823,Diesel,Automatic,First,19.5,1582,5,8.5,Elantra CRDi SX AT,Hyundai
Kolkata,2011,35082,Petrol,Manual,First,20.36,1197,5,2.21,i10 Magna 1.2,Hyundai
Jaipur,2012,126000,Petrol,Manual,First,16.8,796,5,1.6,Omni MPI STD BSIV,Maruti
Delhi,2016,19000,Petrol,Automatic,First,15.5,1198,5,6.25,Amaze VX AT i-Vtech,Honda
Mumbai,2007,69000,Petrol,Automatic,Second,12.9,1799,5,2.25,Civic 2006-2010 1.8 V AT,Honda
Kochi,2019,29836,Diesel,Automatic,First,17.9,2143,5,25.75,CLA 200 CDI Sport,Mercedes-Benz
Ahmedabad,2010,48002,Petrol,Manual,Second,13.14,1798,5,6.75,Superb 1.8 TFSI MT,Skoda
Ahmedabad,2015,52324,Diesel,Manual,First,28.09,1248,5,6.25,Ciaz ZDi Plus SHVS,Maruti
Delhi,2013,65000,Diesel,Manual,First,22.7,1498,5,5.1,Ecosport 1.5 DV5 MT Titanium Optional,Ford
Mumbai,2009,66000,Diesel,Automatic,Second,8.7,2987,5,10.75,M-Class ML 320 CDI,Mercedes-Benz
Hyderabad,2016,75700,Diesel,Manual,First,24.0,1120,5,5.7,Grand i10 CRDi Sportz,Hyundai
Bangalore,2013,43000,Diesel,Manual,First,20.5,1598,5,5.95,Vento Diesel Breeze,Volkswagen
Kochi,2012,42706,Diesel,Manual,First,25.44,936,5,2.4,Beat Diesel LT,Chevrolet
Mumbai,2013,35000,Diesel,Manual,First,17.21,1493,7,3.49,Quanto C6,Mahindra
Hyderabad,2011,54348,Petrol,Automatic,First,19.2,1197,5,4.0,i10 Asta 1.2 AT with Sunroof,Hyundai
Delhi,2013,84000,Diesel,Manual,First,23.59,1364,5,3.85,Etios Liva 1.4 GD,Toyota
Mumbai,2010,63298,Petrol,Automatic,First,14.53,1794,5,3.95,Corolla Altis 2008-2013 1.8 VL AT,Toyota
Jaipur,2013,75049,Petrol,Manual,Second,20.36,1197,5,3.0,i10 Magna 1.2,Hyundai
Kochi,2018,24237,Petrol,Manual,First,18.16,1196,5,6.7,Figo Aspire 1.2 Ti-VCT Titanium,Ford
Coimbatore,2016,22767,Petrol,Manual,First,18.5,1197,5,6.14,Ritz ZXi,Maruti
Bangalore,2012,58000,Petrol,Automatic,Second,15.0,1396,5,4.4,i20 Sportz AT 1.4,Hyundai
Pune,2017,57000,Diesel,Manual,First,26.59,1248,5,4.25,Swift Dzire LDI,Maruti
Kochi,2010,50161,Petrol,Automatic,First,8.77,4395,5,25.93,7 Series 2007-2012 750Li,BMW
Kolkata,2016,45000,Diesel,Manual,First,22.7,1598,5,7.0,S Cross DDiS 320 Alpha,Maruti
Coimbatore,2017,68319,Diesel,Automatic,First,12.55,2982,7,25.12,Fortuner 4x4 AT,Toyota
Kochi,2017,30711,Petrol,Manual,First,20.3,998,5,4.45,EON 1.0 Magna Plus Option O,Hyundai
Kolkata,2011,38277,Diesel,Manual,First,21.9,1396,5,2.4,i20 1.4 CRDi Magna,Hyundai
Pune,2012,115000,Diesel,Manual,Second,20.54,1598,5,4.33,Vento Diesel Highline,Volkswagen
Coimbatore,2017,46849,Petrol,Automatic,First,18.5,1197,5,6.93,Swift Dzire VXi AT,Maruti
Ahmedabad,2014,64000,Diesel,Manual,First,21.9,1396,5,4.25,i20 Magna 1.4 CRDi,Hyundai
Pune,2010,130923,Diesel,Automatic,First,14.21,2143,5,12.5,E-Class 2009-2013 E250 CDI Blue Efficiency,Mercedes-Benz
Chennai,2015,15000,Petrol,Manual,First,18.9,1197,5,4.9,Grand i10 Sportz,Hyundai
Mumbai,2014,32720,Diesel,Manual,First,23.0,1396,5,4.5,i20 1.4 CRDi Sportz,Hyundai
Jaipur,2016,12500,Petrol,Manual,First,25.17,799,5,3.0,KWID RXT,Renault
Chennai,2015,59800,Petrol,Automatic,First,16.9,1197,5,5.8,Xcent 1.2 Kappa AT SX Option,Hyundai
Pune,2011,54211,Petrol,Manual,First,15.04,1598,5,3.33,Vento Petrol Highline,Volkswagen
Kochi,2015,62242,Diesel,Automatic,First,14.39,1998,5,6.62,Cruze LTZ AT,Chevrolet
Mumbai,2015,54000,Diesel,Manual,Second,19.01,1461,5,5.75,Terrano XL 110 PS,Nissan
Hyderabad,2012,65000,Diesel,Manual,First,22.32,1582,5,6.2,Verna 1.6 SX,Hyundai
Chennai,2015,55000,Petrol,Automatic,First,23.1,998,5,3.5,Celerio VXI AMT,Maruti
Pune,2010,71000,Petrol,Manual,First,18.9,998,5,2.0,Wagon R LXI,Maruti
Chennai,2012,70000,Diesel,Manual,First,21.9,1396,5,4.0,i20 Magna Optional 1.4 CRDi,Hyundai
Mumbai,2011,53000,Petrol,Automatic,First,12.3,1781,5,9.5,A4 1.8 TFSI,Audi
Mumbai,2013,43000,Diesel,Automatic,First,17.05,1995,5,17.5,X1 sDrive20d,BMW
Mumbai,2015,54000,Petrol,Automatic,First,14.3,1598,5,6.11,Rapid 1.6 MPI AT Elegance Plus,Skoda
Ahmedabad,2014,51000,Petrol,Manual,First,20.36,1197,5,3.75,i10 Magna,Hyundai
Hyderabad,2007,78000,Diesel,Manual,Second,10.5,2835,6,6.2,Pajero 2.8 GLX CRZ,Mitsubishi
Mumbai,2014,25000,Diesel,Manual,First,26.0,1498,5,6.15,City i DTEC SV,Honda
Pune,2012,12600,Petrol,Manual,First,20.92,998,5,2.4,Alto K10 2010-2014 VXI,Maruti
Pune,2009,80000,Diesel,Manual,Fourth & Above,17.8,1248,5,2.15,Swift Ldi BSIII,Maruti
Kolkata,2016,21000,Petrol,Manual,First,18.9,1197,5,3.75,Grand i10 Magna,Hyundai
Mumbai,2011,32000,Petrol,Manual,Second,15.6,1196,5,2.15,Figo Petrol ZXI,Ford
Bangalore,2015,50000,Petrol,Manual,First,18.9,1197,5,4.75,Grand i10 SportZ Edition,Hyundai
Mumbai,2010,47500,Petrol,Manual,First,15.5,1586,5,2.45,SX4 Vxi BSIV,Maruti
Mumbai,2017,7500,Petrol,Manual,First,17.4,1497,5,11.15,City i-VTEC VX,Honda
Jaipur,2016,68163,Diesel,Automatic,First,19.6,1461,5,8.9,Duster 110PS Diesel RxZ AMT,Renault
Ahmedabad,2014,61000,Diesel,Manual,First,25.8,1498,5,4.35,Amaze S i-Dtech,Honda
Jaipur,2015,100000,Diesel,Manual,Second,12.99,2494,7,12.0,Innova 2.5 Z Diesel 7 Seater,Toyota
Mumbai,2009,61500,Diesel,Automatic,Second,16.07,1995,5,8.5,3 Series 320d Highline,BMW
Kochi,2017,42883,Petrol,Manual,First,19.81,1086,5,4.27,i10 Magna 1.1 iTech SE,Hyundai
Jaipur,2012,97000,Diesel,Manual,Second,20.45,1461,5,4.25,Duster 85PS Diesel RxL Optional with Nav,Renault
Bangalore,2010,39525,Petrol,Automatic,First,11.3,2360,5,9.25,Outlander 2.4,Mitsubishi
Kochi,2017,35384,Diesel,Manual,First,24.3,1248,5,8.61,Vitara Brezza LDi,Maruti
Hyderabad,2010,46000,Diesel,Automatic,First,11.8,2987,7,28.0,R-Class R350 CDI 4MATIC,Mercedes-Benz
Coimbatore,2018,32189,Diesel,Manual,First,23.0,1498,5,9.25,EcoSport 1.5 Diesel Titanium,Ford
Chennai,2016,27000,Diesel,Automatic,First,19.08,1582,5,8.6,Verna 1.6 CRDI AT SX Option,Hyundai
Coimbatore,2018,22734,Petrol,Manual,First,16.47,1198,5,7.53,Polo 1.2 MPI Highline,Volkswagen
Mumbai,2014,58002,Diesel,Manual,First,19.64,1461,5,5.75,Duster 110PS Diesel RxL,Renault
Chennai,2012,31500,Petrol,Automatic,First,16.5,1198,5,4.15,Brio S Option AT,Honda
Coimbatore,2017,30933,Petrol,Manual,First,18.16,1196,5,5.84,Figo 2015-2019 1.2P Titanium MT,Ford
Kolkata,2012,27090,Diesel,Automatic,First,18.53,1968,5,16.5,A6 2.0 TDI Design Edition,Audi
Mumbai,2015,29500,Diesel,Automatic,First,15.97,2993,7,43.0,X5 2014-2019 xDrive 30d Design Pure Experience 7 Seater,BMW
Pune,2013,45000,Petrol,Manual,First,20.36,1197,5,3.55,i10 Sportz Option,Hyundai
Hyderabad,2018,11691,Petrol,Manual,First,18.6,1197,5,8.9,i20 1.2 Asta Option,Hyundai
Hyderabad,2006,121000,Diesel,Manual,Second,16.4,1896,5,2.5,Octavia L and K 1.9 TDI MT,Skoda
Hyderabad,2010,118077,Diesel,Manual,First,16.2,1493,5,3.85,Verna Transform SX VGT CRDi,Hyundai
Chennai,2012,36300,Petrol,Automatic,Third,17.1,1591,5,7.5,Verna 1.6 SX VTVT (O) AT,Hyundai
Mumbai,2005,90000,Petrol,Manual,Second,15.3,1341,5,1.8,Getz GVS,Hyundai
Chennai,2010,78000,Diesel,Manual,First,20.0,1399,5,2.25,Figo Diesel EXI,Ford
Mumbai,2015,42000,Diesel,Automatic,First,17.68,1968,5,24.25,A6 2011-2015 35 TDI Technology,Audi
Mumbai,2015,27000,Petrol,Manual,First,16.47,1198,5,4.35,Polo 1.2 MPI Highline,Volkswagen
Kolkata,2012,22000,Diesel,Automatic,First,17.05,1995,5,11.5,X1 sDrive20d,BMW
Kolkata,2014,49000,Petrol,Manual,First,17.4,1497,5,4.75,City i VTEC SV,Honda
Hyderabad,2012,42600,Diesel,Manual,First,23.0,1396,5,4.99,i20 Sportz Option Diesel,Hyundai
Coimbatore,2018,12794,Petrol,Automatic,First,19.0,1199,5,9.15,Jazz 1.2 V CVT i VTEC,Honda
Jaipur,2006,125000,Petrol,Manual,Fourth & Above,16.1,1621,5,2.35,Swift 1.3 VXi,Maruti
Hyderabad,2014,88046,Petrol,Automatic,First,10.1,2354,5,13.99,CR-V 2.4 AT,Honda
Bangalore,2014,8000,Diesel,Automatic,Second,20.0,2143,5,19.75,A Class A180 CDI,Mercedes-Benz
Coimbatore,2018,82739,Diesel,Automatic,First,16.0,2179,7,16.77,XUV500 AT W10 AWD,Mahindra
Bangalore,2006,193000,Diesel,Manual,Third,13.6,2523,7,2.5,Bolero SLX 2WD,Mahindra
Mumbai,2013,7000,Petrol,Automatic,First,17.97,1498,5,3.65,Scala RxL AT,Renault
Ahmedabad,2012,60000,Diesel,Automatic,Second,12.35,2179,5,23.5,Rover Freelander 2 HSE SD4,Land
Pune,2017,38000,Petrol,Manual,First,22.74,796,5,3.11,Alto 800 VXI,Maruti
Kochi,2013,56344,Petrol,Manual,First,17.6,1496,5,4.57,Etios G,Toyota
Mumbai,2014,17858,Petrol,Manual,First,17.0,1197,5,5.32,i20 Sportz Option,Hyundai
Hyderabad,2012,53000,Petrol,Manual,First,20.36,1197,5,3.2,i10 Sportz,Hyundai
Kochi,2016,67906,Diesel,Manual,First,25.2,1248,5,5.63,Swift VDI BSIV,Maruti
Hyderabad,2015,19000,Petrol,Manual,First,21.1,814,5,3.0,EON Magna Plus,Hyundai
Mumbai,2010,67000,Diesel,Automatic,Second,22.69,1995,5,9.25,3 Series 320d,BMW
Delhi,2011,80000,Diesel,Manual,First,23.57,1396,5,1.2,Indigo XL Classic Dicor,Tata
Delhi,2015,61000,Petrol,Manual,First,22.74,796,5,2.15,Alto 800 LXI,Maruti
Pune,2010,39000,Diesel,Manual,First,22.07,1199,5,3.05,Polo Diesel Highline 1.2L,Volkswagen
Ahmedabad,2014,59000,Petrol,Automatic,First,14.28,1798,5,11.5,Corolla Altis VL AT,Toyota
Hyderabad,2008,80931,Petrol,Manual,First,17.92,1086,5,2.3,Santro Xing GLS,Hyundai
Kolkata,2016,34000,Petrol,Manual,First,20.4,1197,5,4.95,Swift ZXI,Maruti
Hyderabad,2013,130000,Diesel,Manual,First,21.64,1461,5,4.75,Scala Diesel RxL,Renault
Coimbatore,2018,52380,Diesel,Manual,First,24.3,1248,5,10.15,Vitara Brezza ZDi Plus,Maruti
Kolkata,2011,44000,Petrol,Manual,First,18.06,1198,5,2.65,Micra XV,Nissan
Hyderabad,2015,84000,Diesel,Manual,First,20.0,1399,5,3.8,Figo Diesel EXI,Ford
Kochi,2017,41697,Petrol,Automatic,First,13.1,1997,5,16.68,CR-V 2.0 AT,Honda
Pune,2014,163000,Diesel,Manual,First,19.01,1461,5,5.0,Terrano XV 110 PS,Nissan
Chennai,2011,42000,Petrol,Manual,Second,17.71,1197,5,3.75,Etios Liva 1.2 G,Toyota
Jaipur,2013,129000,Diesel,Manual,Third,21.27,1396,5,4.11,i20 Asta 1.4 CRDi,Hyundai
Chennai,2015,32200,Petrol,Manual,Second,18.16,1196,5,4.25,Figo Aspire 1.2 Ti-VCT Ambiente,Ford
Mumbai,2004,129000,Diesel,Manual,First,10.5,2835,6,3.45,Pajero 2.8 GLX CRZ,Mitsubishi
Bangalore,2014,40000,Diesel,Automatic,First,17.11,1968,5,22.5,A4 2.0 TDI 177 Bhp Premium Plus,Audi
Delhi,2006,150000,Petrol,Manual,First,12.4,1998,8,4.5,Innova 2.0 E,Toyota
Jaipur,2007,140000,Petrol,Manual,First,15.26,1150,5,0.9,Aveo U-VA 1.2 LS,Chevrolet
Hyderabad,2006,63181,Petrol,Manual,First,15.3,1341,5,1.85,Getz GLS,Hyundai
Kolkata,2013,39575,Diesel,Manual,First,25.8,1498,5,3.25,Amaze S i-Dtech,Honda
Pune,2010,63600,Diesel,Manual,Second,17.8,1248,5,3.1,Swift VDI BSIV W ABS,Maruti
Coimbatore,2014,70374,Diesel,Manual,First,22.7,1498,5,7.34,Ecosport 1.5 DV5 MT Titanium Optional,Ford
Kolkata,2015,26256,Diesel,Manual,First,20.14,1498,5,4.25,CrossPolo 1.5 TDI,Volkswagen
Delhi,2016,13460,Petrol,Manual,First,18.6,1197,5,6.45,Elite i20 Petrol Sportz,Hyundai
Chennai,2011,122000,Diesel,Manual,Second,12.8,2494,8,10.75,Innova 2.5 V Diesel 8-seater,Toyota
Kolkata,2015,58589,Diesel,Automatic,First,15.26,2143,5,27.75,M-Class ML 250 CDI,Mercedes-Benz
Jaipur,2005,115000,Petrol,Manual,Second,17.3,1061,5,0.99,Wagon R LX BSIII,Maruti
Pune,2016,75000,Diesel,Automatic,First,12.62,2198,7,24.0,Endeavour 2.2 Trend AT 4X2,Ford
Jaipur,2016,30292,Petrol,Manual,First,18.6,1197,5,6.1,Elite i20 Petrol Sportz,Hyundai
Ahmedabad,2017,32248,Petrol,Manual,First,17.5,1199,5,8.25,WRV i-VTEC VX,Honda
Bangalore,2013,74000,Petrol,Manual,First,16.47,1198,5,4.65,Polo Petrol Highline 1.2L,Volkswagen
Mumbai,2014,56100,Petrol,Manual,First,13.7,1997,5,9.75,CR-V 2.0L 2WD MT,Honda
Bangalore,2014,61325,Petrol,Manual,First,18.9,1197,5,4.4,Grand i10 1.2 Kappa Asta,Hyundai
Kolkata,2014,33000,Petrol,Manual,First,19.1,1197,5,3.99,Swift Dzire VXI,Maruti
Coimbatore,2016,18090,Diesel,Automatic,First,16.2,2993,5,45.73,5 Series 2003-2012 530d,BMW
Kochi,2014,71390,Diesel,Manual,First,22.7,1498,5,5.27,Ecosport 1.5 DV5 MT Ambiente,Ford
Ahmedabad,2016,67000,Diesel,Manual,First,26.0,1498,5,7.25,City i DTec V,Honda
Chennai,2008,99000,Diesel,Manual,Second,17.0,1405,5,1.6,Indigo LS,Tata
Pune,2014,142000,Diesel,Manual,Second,19.01,1461,5,6.0,Duster 110PS Diesel RxL,Renault
Chennai,2010,26966,Petrol,Manual,First,20.36,1197,5,3.0,i10 Sportz,Hyundai
Mumbai,2015,27628,Petrol,Manual,First,18.7,1199,5,4.95,Jazz 1.2 SV i VTEC,Honda
Hyderabad,2016,82497,Diesel,Manual,First,23.65,1248,5,8.99,SX4 S Cross DDiS 200 Zeta,Maruti
Mumbai,2007,86000,Petrol,Manual,Third,11.9,2354,5,1.85,Accord VTi-L MT,Honda
Coimbatore,2016,26981,Petrol,Manual,First,16.47,1198,5,6.16,Polo Petrol Comfortline 1.2L,Volkswagen
Hyderabad,2010,110471,Diesel,Manual,First,21.1,1248,5,3.5,Ritz VDi,Maruti
Jaipur,2014,69000,Petrol,Manual,First,19.5,1199,5,4.5,Amaze S Petrol,Honda
Hyderabad,2017,12000,Petrol,Manual,First,18.6,1197,5,7.75,i20 1.2 Asta Option,Hyundai
Hyderabad,2014,77500,Diesel,Manual,First,20.45,1461,5,6.6,Duster 85PS Diesel RxL,Renault
Kochi,2014,48031,Petrol,Manual,First,18.9,1197,5,4.98,Grand i10 Magna,Hyundai
Chennai,2008,170000,Diesel,Automatic,Third,16.07,1995,5,9.75,3 Series 320d Highline,BMW
Mumbai,2014,69565,Diesel,Manual,First,22.7,1498,5,5.55,Ecosport 1.5 DV5 MT Trend,Ford
Hyderabad,2016,45492,Diesel,Automatic,First,21.5,1498,5,10.3,Vento 1.5 TDI Highline AT,Volkswagen
Chennai,2011,85000,Petrol,Automatic,Second,11.7,2354,5,7.5,Accord 2.4 AT,Honda
Hyderabad,2008,55902,Petrol,Manual,First,14.49,1399,5,1.8,Aveo 1.4,Chevrolet
Hyderabad,2017,18500,Petrol,Manual,First,16.2,1199,5,6.25,Polo 1.2 MPI Highline Plus,Volkswagen
Hyderabad,2015,129750,Diesel,Manual,Second,14.95,2489,7,6.8,Xylo D4 BS III,Mahindra
Hyderabad,2009,50902,Petrol,Automatic,First,19.2,1197,5,3.0,i10 Magna AT,Hyundai
Coimbatore,2015,84725,Diesel,Manual,First,15.1,2179,7,11.6,XUV500 W8 4WD,Mahindra
Mumbai,2013,40000,Diesel,Manual,Second,22.7,1582,5,6.95,Elantra CRDi SX,Hyundai
Mumbai,2010,60000,Petrol,Manual,Third,14.3,1798,5,3.5,Passat 1.8 TSI MT,Volkswagen
Coimbatore,2014,33496,Petrol,Manual,First,18.9,1197,5,5.5,Grand i10 1.2 Kappa Sportz,Hyundai
Mumbai,2015,25000,Petrol,Manual,First,18.6,1197,5,5.65,i20 Asta Option 1.2,Hyundai
Ahmedabad,2013,71000,Diesel,Manual,First,18.2,1248,8,3.25,Enjoy TCDi LS 8 Seater,Chevrolet
Coimbatore,2015,20826,Petrol,Automatic,First,14.3,1598,5,7.72,Rapid 1.6 MPI AT Ambition Plus Alloy,Skoda
Pune,2016,42244,Diesel,Manual,First,19.67,1582,5,12.0,Creta 1.6 CRDi SX,Hyundai
Jaipur,2013,98598,Diesel,Manual,First,25.44,936,5,1.55,Beat Diesel PS,Chevrolet
Delhi,2011,62100,Diesel,Manual,First,11.5,2982,7,10.75,Fortuner 3.0 Diesel,Toyota
Coimbatore,2016,44238,Petrol,Manual,First,18.6,1197,5,6.72,i20 Sportz Option 1.2,Hyundai
Coimbatore,2012,91743,Diesel,Automatic,First,12.07,2967,7,28.55,Q7 3.0 TDI quattro,Audi
Hyderabad,2016,36891,Petrol,Manual,First,17.8,1497,5,10.49,City i VTEC VX,Honda
Hyderabad,2012,90049,Diesel,Manual,First,17.21,1493,7,3.8,Quanto C4,Mahindra
Ahmedabad,2012,74002,Diesel,Automatic,First,16.55,1968,5,18.5,A4 2.0 TDI Multitronic,Audi
Kolkata,2013,41000,Petrol,Automatic,First,12.37,2359,5,6.0,Sonata Transform 2.4 GDi AT,Hyundai
Hyderabad,2012,83678,Diesel,Manual,First,22.32,1582,5,5.5,Verna 1.6 SX,Hyundai
Pune,2010,91000,Petrol,Manual,First,18.9,998,5,2.3,Wagon R LXI BS IV,Maruti
Jaipur,2016,50000,Diesel,Manual,First,24.52,1248,7,8.7,Ertiga SHVS ZDI Plus,Maruti
Delhi,2015,58000,Diesel,Manual,First,24.4,1120,5,4.95,Xcent 1.1 CRDi S Option,Hyundai
Jaipur,2012,80000,Diesel,Manual,First,22.9,1248,5,4.25,Swift VDI,Maruti
Kochi,2017,41290,Diesel,Manual,Second,16.0,2179,7,10.94,XUV500 W6 2WD,Mahindra
Delhi,2013,65000,Diesel,Automatic,First,22.48,1995,5,21.26,5 Series 520d Luxury Line,BMW
Bangalore,2016,16471,Petrol,Manual,Second,14.28,1798,5,11.5,Corolla Altis 1.8 G,Toyota
Pune,2015,54339,Diesel,Manual,Second,22.54,1396,5,6.0,i20 Asta 1.4 CRDi,Hyundai
Hyderabad,2016,24025,Petrol,Manual,First,18.15,1198,6,4.1,KUV 100 mFALCON G80 K2,Mahindra
Kolkata,2013,24027,Petrol,Manual,First,24.7,796,5,2.01,Alto 800 2016-2019 LXI,Maruti
Hyderabad,2010,59270,Petrol,Manual,First,15.7,1172,5,2.6,Punto EVO 1.2 Emotion,Fiat
Kolkata,2012,40000,Petrol,Manual,First,18.9,998,5,2.35,Wagon R VXI BS IV,Maruti
Bangalore,2012,155566,Diesel,Manual,Second,9.5,2835,6,9.15,Pajero 4X4 LHD,Mitsubishi
Chennai,2013,42320,Petrol,Manual,First,19.4,1198,5,2.9,Brio EX MT,Honda
Coimbatore,2017,24153,Diesel,Manual,Second,22.54,1396,5,9.18,i20 Asta Option 1.4 CRDi,Hyundai
Mumbai,2016,27000,Petrol,Automatic,First,13.0,1591,5,11.45,Creta 1.6 SX Plus Petrol Automatic,Hyundai
Kochi,2017,61795,Petrol,Manual,First,17.8,1198,5,5.53,Amaze S i-VTEC,Honda
Chennai,2016,13500,Petrol,Manual,First,18.15,1198,6,3.75,KUV 100 mFALCON G80 K6 Plus,Mahindra
Pune,2018,4500,Petrol,Automatic,First,18.0,1497,5,12.5,City i-VTEC CVT VX,Honda
Mumbai,2017,23000,Diesel,Automatic,First,16.0,2179,7,15.5,XUV500 AT W10 FWD,Mahindra
Mumbai,2013,80578,Diesel,Automatic,Second,14.84,2143,5,14.5,New C-Class 220 CDI AT,Mercedes-Benz
Coimbatore,2017,42646,Diesel,Automatic,First,19.6,1461,5,12.46,Duster 110PS Diesel RxZ AMT,Renault
Bangalore,2014,30000,Petrol,Manual,Second,16.47,1198,5,5.25,Polo 1.2 MPI Comfortline,Volkswagen
Delhi,2012,90000,Diesel,Automatic,First,18.48,1621,5,14.5,5 Series 520d Sedan,BMW
Bangalore,2009,98000,Diesel,Automatic,Second,13.5,2987,5,25.0,S Class 2005 2013 S 350 CDI,Mercedes-Benz
Hyderabad,2012,50000,Diesel,Automatic,First,12.9,2993,4,45.0,XJ 3.0L Premium Luxury,Jaguar
Jaipur,2015,63310,Diesel,Manual,First,28.4,1248,5,5.1,Swift VDI,Maruti
Delhi,2014,66000,Diesel,Manual,First,25.8,1498,5,3.5,Amaze S i-Dtech,Honda
Ahmedabad,2011,74000,Diesel,Automatic,Second,16.07,1995,5,12.5,3 Series 320d Highline,BMW
Hyderabad,2012,93000,Diesel,Manual,First,23.5,1396,5,5.55,Verna 1.4 EX,Hyundai
Delhi,2015,70000,Diesel,Automatic,First,11.5,2982,7,19.48,Fortuner 4x2 4 Speed AT,Toyota
Ahmedabad,2012,48772,Petrol,Manual,First,18.6,1197,5,3.91,Swift VXI,Maruti
Chennai,2010,66000,Petrol,Manual,First,18.6,1199,5,2.19,Beat LS,Chevrolet
Coimbatore,2017,27417,Petrol,Automatic,First,18.9,1197,5,6.89,Grand i10 Asta Option AT,Hyundai
Coimbatore,2011,51593,Petrol,Manual,Second,15.6,1196,5,3.47,Figo Petrol ZXI,Ford
Mumbai,2008,86340,Petrol,Automatic,Second,9.1,2349,5,3.25,Teana 230jM,Nissan
Pune,2010,75000,Petrol,Manual,First,16.1,1298,5,2.85,Swift VXI BSIII,Maruti
Coimbatore,2016,39237,Diesel,Automatic,First,17.11,1968,5,25.64,A4 35 TDI Premium,Audi
Kochi,2018,11966,Petrol,Manual,First,16.8,1497,5,10.28,City V MT,Honda
Hyderabad,2015,37000,Petrol,Manual,First,18.2,1199,5,6.3,Jazz V,Honda
Chennai,2014,70920,Diesel,Manual,First,20.14,1498,5,4.75,Polo 1.5 TDI Highline,Volkswagen
Hyderabad,2013,65280,Diesel,Manual,First,19.87,1461,5,5.8,Terrano XL D Option,Nissan
Hyderabad,2016,62000,Diesel,Automatic,First,12.51,2179,7,44.5,Rover Discovery Sport SD4 HSE Luxury 7S,Land
Kochi,2014,44525,Petrol,Manual,First,18.5,1197,5,4.65,i20 Magna Optional 1.2,Hyundai
Jaipur,2009,86863,Petrol,Manual,First,17.0,1497,5,3.6,City 1.5 E MT,Honda
Hyderabad,2015,102626,Diesel,Manual,First,16.0,2179,7,12.25,XUV500 W10 AWD,Mahindra
Jaipur,2017,45000,Diesel,Manual,First,16.3,1956,5,20.0,Compass 2.0 Limited Option 4X4,Jeep
Jaipur,2017,22000,Diesel,Manual,First,16.0,2179,7,16.0,XUV500 W10 AWD,Mahindra
Coimbatore,2011,108905,Diesel,Automatic,Second,11.79,2179,8,6.21,Scorpio VLX 4WD AIRBAG AT BSIV,Mahindra
Kolkata,2016,32000,Diesel,Manual,First,15.4,2179,7,9.75,Scorpio S6 Plus 7 Seater,Mahindra
Mumbai,2014,39000,Petrol,Automatic,First,15.5,1198,5,4.45,Amaze S AT i-Vtech,Honda
Pune,2017,42000,Diesel,Manual,First,25.6,1498,5,12.0,City i-DTEC ZX,Honda
Chennai,2008,73000,Petrol,Manual,First,14.4,1396,5,0.8,Indigo GLE,Tata
Chennai,2018,48000,Diesel,Manual,First,24.0,1186,5,5.95,Grand i10 1.2 CRDi Sportz,Hyundai
Kolkata,2014,19000,Petrol,Manual,First,17.43,1396,5,5.25,Verna 1.4 CX VTVT,Hyundai
Coimbatore,2019,33598,Diesel,Manual,First,13.68,2393,7,22.2,Innova Crysta 2.4 VX MT,Toyota
Jaipur,2012,63000,Diesel,Automatic,First,17.05,1995,5,13.5,X1 sDrive20d,BMW
Chennai,2015,48000,Diesel,Automatic,First,16.96,1968,5,13.5,Jetta 2013-2015 2.0L TDI Highline AT,Volkswagen
Delhi,2014,66000,Diesel,Manual,First,20.0,1399,5,3.47,Figo Diesel ZXI,Ford
Ahmedabad,2013,80000,Diesel,Automatic,Second,11.18,2696,7,9.5,Ssangyong Rexton RX7,Mahindra
Chennai,2011,37000,Petrol,Manual,First,15.04,1598,5,4.8,Vento Petrol Highline,Volkswagen
Kochi,2016,35058,Petrol,Manual,First,15.0,1598,5,6.54,Rapid 1.6 MPI Ambition With Alloy Wheel,Skoda
Delhi,2012,52000,Petrol,Manual,First,16.47,1198,5,3.1,Polo Petrol Comfortline 1.2L,Volkswagen
Hyderabad,2015,61313,Diesel,Manual,First,23.65,1248,5,7.99,S Cross DDiS 200 Delta,Maruti
Kolkata,2009,45000,Petrol,Manual,Second,14.53,1798,5,3.3,Corolla Altis G,Toyota
Bangalore,2015,74000,Diesel,Manual,First,20.77,1248,7,8.75,Ertiga ZDI,Maruti
Hyderabad,2013,89000,Petrol,Automatic,First,19.2,1197,5,4.19,i10 Asta Sunroof AT,Hyundai
Kochi,2019,13414,Diesel,Automatic,First,17.9,2143,5,30.77,CLA 200 CDI Sport,Mercedes-Benz
Jaipur,2006,95000,Petrol,Manual,Second,16.9,1497,5,2.11,City ZX VTEC,Honda
Jaipur,2018,15900,Petrol,Manual,First,18.15,1198,6,6.25,KUV 100 G80 K8,Mahindra
Delhi,2011,151000,Diesel,Manual,First,11.5,2982,7,11.4,Fortuner 3.0 Diesel,Toyota
Bangalore,2011,65000,Petrol,Manual,First,17.0,1497,5,5.2,City 1.5 V MT,Honda
Coimbatore,2017,36824,Diesel,Automatic,First,18.53,1968,5,39.84,A6 35 TDI Matrix,Audi
Coimbatore,2013,65287,Diesel,Manual,First,20.0,1399,5,4.45,Figo Diesel ZXI,Ford
Kolkata,2014,52000,Diesel,Automatic,First,17.9,2143,5,19.5,GLA Class 200 CDI,Mercedes-Benz
Hyderabad,2007,33000,Petrol,Manual,First,15.26,1150,5,1.75,Aveo U-VA 1.2 LS,Chevrolet
Hyderabad,2016,71000,Diesel,Manual,First,25.83,1498,5,5.1,Figo 2015-2019 1.5D Titanium MT,Ford
Delhi,2013,71000,Diesel,Automatic,First,22.7,1582,5,6.8,Elantra CRDi SX AT,Hyundai
Kolkata,2016,20000,Petrol,Automatic,First,21.4,1197,5,5.74,Baleno Zeta CVT,Maruti
Hyderabad,2010,71000,Petrol,Manual,First,16.1,1197,5,3.3,Swift LXi BSIV,Maruti
Hyderabad,2010,29000,Diesel,Automatic,First,9.9,3498,4,32.0,CLS-Class 2006-2010 350 CDI,Mercedes-Benz
Ahmedabad,2016,27000,Diesel,Automatic,First,21.76,1995,5,35.0,3 Series Luxury Line,BMW
Chennai,2017,19000,Diesel,Automatic,First,28.4,1248,5,8.9,Dzire AMT ZDI Plus,Maruti
Mumbai,2011,58000,Petrol,Manual,Second,17.01,1591,5,4.0,Verna 1.6 SX VTVT,Hyundai
Kochi,2018,42203,Diesel,Manual,First,17.1,1956,5,19.46,Compass 2.0 Longitude,Jeep
Hyderabad,2009,94000,Diesel,Automatic,First,11.4,1991,5,5.25,Sonata Embera 2.0L CRDi AT,Hyundai
Kolkata,2018,4900,Diesel,Manual,First,21.5,1497,5,9.22,Nexon 1.5 Revotorq XZ Plus Dual Tone,Tata
Jaipur,2013,70000,Petrol,Manual,First,21.1,814,5,1.8,EON Era Plus,Hyundai
Hyderabad,2005,100000,Diesel,Manual,Second,13.5,1405,5,1.3,Indica DLS,Tata
Kochi,2015,65266,Diesel,Automatic,First,14.69,2993,5,31.75,5 Series 2013-2017 530d M Sport,BMW
Delhi,2014,54569,Diesel,Manual,First,20.77,1248,7,5.99,Ertiga VDI,Maruti
Kochi,2015,51361,Petrol,Manual,First,18.0,1198,5,4.94,Amaze E i-Vtech,Honda
Jaipur,2007,125000,Petrol,Manual,Third,16.6,1388,5,1.5,Fiesta 1.4 Duratec ZXI,Ford
Bangalore,2008,66000,Petrol,Manual,Third,13.5,1799,5,3.25,Civic 2006-2010 1.8 V MT,Honda
Delhi,2014,22281,Diesel,Manual,First,20.77,1248,7,6.5,Ertiga ZDI,Maruti
Delhi,2013,63210,Diesel,Manual,First,24.0,1120,5,3.71,Grand i10 CRDi Sportz,Hyundai
Pune,2018,31000,Petrol,Manual,First,20.14,1197,5,5.0,Xcent 1.2 VTVT E Plus,Hyundai
Ahmedabad,2008,60000,Petrol,Manual,First,19.81,1086,5,1.99,i10 Era,Hyundai
Mumbai,2017,32006,Petrol,Manual,First,18.0,1198,5,4.25,Amaze S i-Vtech,Honda
Ahmedabad,2009,78000,Diesel,Automatic,First,12.4,2698,5,8.0,A6 2.7 TDI,Audi
Mumbai,2011,9489,Petrol,Manual,First,20.36,1197,5,2.95,i10 Magna 1.2 iTech SE,Hyundai
Pune,2018,5000,Petrol,Manual,First,25.17,799,5,3.5,KWID RXT Optional,Renault
Jaipur,2012,60000,Diesel,Automatic,Second,15.2,1968,5,16.0,A4 New 2.0 TDI Multitronic,Audi
Jaipur,2015,50000,Petrol,Manual,First,22.74,796,5,2.75,Alto 800 LXI Airbag,Maruti
Delhi,2015,53000,Petrol,Manual,First,17.8,1497,5,6.95,City i VTEC VX Option,Honda
Delhi,2011,64000,Petrol,Automatic,Second,11.74,1796,5,12.5,New C-Class C250 Avantgarde,Mercedes-Benz
Coimbatore,2017,43827,Diesel,Automatic,First,13.22,2967,5,36.83,Q5 3.0 TDI Quattro Technology,Audi
Pune,2011,36431,Petrol,Manual,First,16.2,1199,5,2.7,Polo 1.2 MPI Comfortline,Volkswagen
Mumbai,2017,35000,Diesel,Manual,First,21.38,1396,5,9.9,Creta 1.4 E Plus Diesel,Hyundai
Kochi,2011,94832,Petrol,Manual,First,17.0,1497,5,3.83,City 1.5 V MT,Honda
Coimbatore,2012,88381,Petrol,Manual,First,17.0,1497,5,5.25,City 1.5 S MT,Honda
Kolkata,2016,45194,Diesel,Manual,First,22.7,1598,5,7.75,S Cross DDiS 320 Alpha,Maruti
Mumbai,2010,66000,Petrol,Manual,Second,16.51,1586,5,2.46,SX4 Vxi BSIV,Maruti
Kolkata,2014,38578,Diesel,Manual,First,23.4,1248,5,3.96,Swift Dzire VDI,Maruti
Chennai,2015,40000,Diesel,Manual,First,20.77,1248,7,8.25,Ertiga ZDI,Maruti
Coimbatore,2018,20632,Petrol,Manual,First,18.6,1197,5,7.58,i20 1.2 Spotz,Hyundai
Hyderabad,2014,73042,Diesel,Manual,First,24.0,1120,5,3.99,Grand i10 CRDi Magna,Hyundai
Delhi,2014,54257,Petrol,Manual,First,17.4,1497,5,6.25,City i VTEC SV,Honda
Hyderabad,2013,93000,Diesel,Manual,First,20.5,1598,5,5.0,Rapid 1.6 TDI Elegance,Skoda
Hyderabad,2005,102000,Diesel,Automatic,Second,11.0,2987,5,4.65,E-Class E270 CDI,Mercedes-Benz
Coimbatore,2016,28881,Diesel,Automatic,First,13.01,2199,7,21.37,Santa Fe 4WD AT,Hyundai
Hyderabad,2007,52195,Petrol,Manual,First,19.7,796,5,1.75,Alto LXi,Maruti
Kolkata,2012,38000,Diesel,Manual,First,24.8,1396,5,4.1,Verna 1.4 CRDi GL,Hyundai
Coimbatore,2015,92885,Diesel,Manual,First,20.0,1399,5,3.56,Figo Diesel ZXI,Ford
Pune,2010,43000,Petrol,Manual,Second,17.0,1497,5,4.21,City 1.5 S MT,Honda
Coimbatore,2016,70478,Diesel,Manual,First,17.8,1248,5,6.86,Swift VDI BSIV W ABS,Maruti
Delhi,2015,57000,Diesel,Manual,First,23.9,1582,5,6.6,Verna 1.6 CRDi S,Hyundai
Coimbatore,2018,32434,Petrol,Automatic,First,13.0,1591,5,14.35,Creta 1.6 SX Plus Petrol Automatic,Hyundai
Hyderabad,2017,32000,Diesel,Manual,First,22.7,1498,5,9.5,Ecosport 1.5 DV5 MT Titanium,Ford
Delhi,2011,59000,Diesel,Automatic,First,11.2,2993,4,21.9,X6 xDrive30d,BMW
Coimbatore,2016,76467,Diesel,Automatic,First,18.12,1995,5,30.45,5 Series 2013-2017 520d Luxury Line,BMW
Hyderabad,2016,100000,Diesel,Manual,First,25.83,1498,5,5.1,Figo Aspire 1.5 TDCi Ambiente,Ford
Pune,2013,37086,Petrol,Automatic,First,17.0,1591,5,5.44,Verna VTVT 1.6 AT EX,Hyundai
Jaipur,2010,135000,Diesel,Manual,First,13.8,1399,5,1.6,Ikon 1.4 TDCi DuraTorq,Ford
Kochi,2014,54862,Diesel,Automatic,First,17.68,1968,5,16.67,A6 2011-2015 2.0 TDI,Audi
Hyderabad,2010,67758,Petrol,Manual,First,10.8,2354,5,9.5,CR-V Sport,Honda
Pune,2012,56200,Petrol,Automatic,First,15.0,1396,5,3.85,i20 2015-2017 Sportz AT 1.4,Hyundai
Kochi,2011,169006,Diesel,Manual,First,14.24,2755,7,10.64,Fortuner 2.8 4WD MT,Toyota
Bangalore,2016,20229,Petrol,Manual,First,25.17,799,5,3.5,KWID RXT,Renault
Chennai,2008,62000,Petrol,Manual,Third,18.0,995,5,1.1,Spark 1.0 LT,Chevrolet
Hyderabad,2011,51500,Petrol,Manual,Second,16.2,1599,5,2.6,Verna Transform VTVT,Hyundai
Hyderabad,2012,69000,Diesel,Automatic,First,18.88,1995,5,18.5,3 Series 320d Sport Line,BMW
Hyderabad,2015,62476,Diesel,Manual,First,26.59,1248,5,7.95,Swift Dzire VDI,Maruti
Jaipur,2017,60500,Diesel,Manual,First,25.4,1186,5,5.49,Xcent 1.2 CRDi E Plus,Hyundai
Mumbai,2017,17978,Petrol,Automatic,First,19.0,1199,5,6.95,Jazz V CVT,Honda
Jaipur,2008,300000,Diesel,Manual,First,17.0,1405,5,1.0,Indigo LS,Tata
Chennai,2013,123000,Diesel,Manual,Second,17.8,1399,5,4.45,Fiesta Classic 1.4 Duratorq CLXI,Ford
Kolkata,2016,45296,Diesel,Manual,First,25.1,1248,5,6.99,S-Cross Alpha DDiS 200 SH,Maruti
Coimbatore,2008,77325,Petrol,Manual,First,15.6,1586,5,3.51,SX4 Zxi with Leather BSIII,Maruti
Kochi,2018,25858,Petrol,Automatic,First,21.4,1197,5,7.54,Baleno Zeta Automatic,Maruti
Bangalore,2016,120000,Diesel,Manual,First,23.2,1248,5,3.65,Ritz LDi,Maruti
Ahmedabad,2016,22000,Diesel,Automatic,First,19.5,1582,5,16.0,Elantra CRDi SX AT,Hyundai
Kolkata,2012,11000,Petrol,Manual,First,16.2,995,5,1.4,Spark 1.0 LT,Chevrolet
Mumbai,2017,3900,Petrol,Manual,First,18.6,1197,5,6.45,i20 1.2 Spotz,Hyundai
Hyderabad,2016,106092,Diesel,Manual,First,24.4,1120,5,4.4,Xcent 1.1 CRDi Base,Hyundai
Delhi,2015,27000,Petrol,Automatic,First,19.0,1199,5,5.95,Jazz 1.2 V CVT i VTEC,Honda
Ahmedabad,2013,11000,Petrol,Manual,First,19.4,1198,5,3.9,Brio S MT,Honda
Coimbatore,2016,39753,Diesel,Automatic,First,13.0,2143,5,35.28,E-Class E250 CDI Avantgrade,Mercedes-Benz
Pune,2017,39800,Diesel,Manual,First,17.6,2179,7,14.25,Hexa XT,Tata
Pune,2017,73000,Diesel,Manual,First,24.4,1120,5,4.5,Xcent 1.1 CRDi Base,Hyundai
Pune,2015,55000,Diesel,Manual,First,22.7,1498,5,7.5,Ecosport 1.5 DV5 MT Titanium Optional,Ford
Coimbatore,2017,18351,Petrol,Automatic,First,21.9,624,4,3.41,Nano XTA,Tata
Pune,2013,45000,Petrol,Manual,Second,19.4,1198,5,3.25,Brio VX,Honda
Hyderabad,2016,112200,Diesel,Manual,First,24.52,1248,7,8.3,Ertiga SHVS ZDI Plus,Maruti
Bangalore,2010,29000,Petrol,Manual,First,20.36,1197,5,3.45,i10 Sportz 1.2,Hyundai
Hyderabad,2007,57309,Petrol,Manual,First,17.0,1086,5,2.1,Santro Xing XO,Hyundai
Mumbai,2015,53392,Diesel,Manual,First,16.0,2179,7,11.95,XUV500 W10 2WD,Mahindra
Hyderabad,2010,71000,Diesel,Manual,First,20.54,1598,5,4.25,Vento Diesel Highline,Volkswagen
Hyderabad,2014,93000,Diesel,Manual,First,14.0,2179,7,8.25,Safari Storme 2012-2015 VX,Tata
Hyderabad,2010,119000,Petrol,Manual,First,10.2,2354,5,5.95,Accord 2.4 Elegance M/T,Honda
Coimbatore,2016,42225,Petrol,Manual,First,15.1,1196,7,4.3,Eeco 7 Seater Standard,Maruti
Ahmedabad,2012,65000,Diesel,Manual,First,22.9,1248,5,3.9,Swift VDI,Maruti
Pune,2016,27809,Petrol,Automatic,First,21.4,1197,5,6.41,Baleno Zeta Automatic,Maruti
Coimbatore,2015,65100,Diesel,Manual,First,15.1,2179,7,8.36,XUV500 W8 2WD,Mahindra
Chennai,2014,51000,Petrol,Manual,First,19.1,1197,5,3.85,Xcent 1.2 Kappa S,Hyundai
Hyderabad,2017,10000,Diesel,Automatic,First,19.27,2143,5,36.0,New C-Class C 220 CDI Style,Mercedes-Benz
Kolkata,2011,54895,Petrol,Manual,First,13.14,1798,5,7.5,Superb 1.8 TSI MT,Skoda
Hyderabad,2015,80768,Diesel,Manual,First,20.14,1498,5,5.7,CrossPolo 1.5 TDI,Volkswagen
Kochi,2019,12076,Petrol,Manual,First,20.89,1197,5,5.5,Ignis 1.2 Delta,Maruti
Chennai,2016,49000,Diesel,Manual,First,25.2,1248,5,5.9,Swift VDI BSIV,Maruti
Mumbai,2015,42366,Petrol,Manual,First,17.8,1497,5,7.75,City i VTEC VX Option,Honda
Ahmedabad,2010,68000,Diesel,Automatic,First,11.5,2993,5,18.0,5 Series 530d Highline Sedan,BMW
Hyderabad,2008,122397,Diesel,Manual,First,17.5,1896,5,4.4,Laura Ambiente,Skoda
Coimbatore,2017,50534,Petrol,Automatic,First,17.21,1197,5,8.27,Polo GT TSI,Volkswagen
Ahmedabad,2014,55300,Diesel,Manual,First,19.87,1461,5,4.75,Duster 85PS Diesel RxL,Renault
Hyderabad,2008,73095,Petrol,Automatic,First,16.8,1497,5,3.8,City 1.5 S AT,Honda
Ahmedabad,2011,51100,Diesel,Manual,First,20.54,1598,5,3.4,Vento Diesel Highline,Volkswagen
Pune,2016,13436,Petrol,Manual,Second,18.9,1197,5,4.7,Grand i10 Sportz,Hyundai
Pune,2008,76000,Petrol,Manual,Second,16.6,1388,5,1.49,Fiesta 1.4 ZXi Duratec,Ford
Mumbai,2016,63141,Diesel,Manual,Second,24.4,1120,5,4.5,Xcent 1.1 CRDi S,Hyundai
Hyderabad,2014,74885,Diesel,Manual,First,25.8,1498,5,5.4,Amaze VX i-DTEC,Honda
Hyderabad,2016,14000,Petrol,Automatic,First,18.0,1497,5,11.5,City i VTEC CVT VX,Honda
Pune,2012,56000,Diesel,Manual,Second,20.4,1461,5,3.5,Fluence 1.5,Renault
Ahmedabad,2010,46000,Diesel,Automatic,First,22.48,1995,5,16.5,5 Series 520d Luxury Line,BMW
Mumbai,2012,51800,Petrol,Manual,First,15.5,1586,5,3.9,SX4 ZXI MT BSIV,Maruti
Hyderabad,2007,81000,Petrol,Automatic,First,16.4,1497,5,3.25,City ZX CVT,Honda
Kochi,2018,17370,Petrol,Manual,First,17.0,1198,5,5.84,Ameo 1.2 MPI Comfortline,Volkswagen
Hyderabad,2016,18456,Petrol,Manual,First,17.0,1198,5,5.75,Ameo 1.2 MPI Comfortline,Volkswagen
Delhi,2010,59000,Diesel,Automatic,First,16.55,1968,5,10.0,A4 2.0 TDI Multitronic,Audi
Mumbai,2006,141537,Petrol,Manual,Second,18.9,998,5,1.05,Wagon R VXI,Maruti
Delhi,2013,51000,Diesel,Automatic,First,19.08,1582,5,5.64,Verna SX CRDi AT,Hyundai
Mumbai,2016,31000,Diesel,Automatic,First,21.76,1995,5,29.95,3 Series Luxury Line,BMW
Mumbai,2014,80000,Diesel,Manual,Second,24.2,1498,7,4.85,Mobilio V Option i DTEC,Honda
Hyderabad,2016,33000,Diesel,Automatic,First,17.01,1582,5,14.5,Creta 1.6 CRDi AT SX Plus,Hyundai
Hyderabad,2011,71556,Petrol,Manual,First,17.0,1497,5,5.5,City 1.5 S MT,Honda
Bangalore,2011,85000,Diesel,Manual,First,17.8,1399,5,3.2,Fiesta 1.4 TDCi EXI,Ford
Chennai,2016,91000,Diesel,Manual,First,26.59,1248,5,4.5,Swift Dzire LDI,Maruti
Coimbatore,2015,73187,Diesel,Automatic,First,13.0,2143,5,30.72,E-Class E250 CDI Launch Edition,Mercedes-Benz
Jaipur,2009,232000,Diesel,Manual,First,11.5,1991,7,3.5,Captiva LT,Chevrolet
Bangalore,2007,127079,Diesel,Manual,First,12.8,2494,7,6.99,Innova 2.5 V Diesel 7-seater,Toyota
Kochi,2014,58816,Diesel,Manual,First,17.21,1493,7,3.45,Quanto C8,Mahindra
Kochi,2015,63818,Petrol,Manual,First,17.4,1497,5,6.57,City i VTEC V,Honda
Kolkata,2014,40000,Diesel,Automatic,First,17.11,1968,5,17.5,A4 2.0 TDI 177 Bhp Premium Plus,Audi
Delhi,2013,77445,Diesel,Manual,First,22.07,1199,5,3.75,Polo Diesel Comfortline 1.2L,Volkswagen
Pune,2017,14000,Petrol,Automatic,First,14.8,1497,5,9.99,EcoSport 1.5 Petrol Titanium Plus AT,Ford
Kolkata,2012,85122,Diesel,Manual,First,12.99,2494,7,8.2,Innova 2.5 G (Diesel) 7 Seater BS IV,Toyota
Jaipur,2005,123000,Petrol,Manual,Third,13.0,1493,5,1.1,City 1.5 EXI,Honda
Chennai,2015,63714,Petrol,Manual,First,24.7,796,5,2.45,Alto 800 2016-2019 LXI Optional,Maruti
Pune,2009,53000,Diesel,Automatic,First,8.7,2987,5,13.75,M-Class ML 320 CDI,Mercedes-Benz
Kolkata,2017,60000,Diesel,Manual,First,26.59,1248,5,3.0,Swift Dzire LDI,Maruti
Ahmedabad,2017,33000,Diesel,Manual,First,24.3,1248,5,9.25,Vitara Brezza ZDi Plus Dual Tone,Maruti
Mumbai,2013,31000,Diesel,Automatic,First,13.2,2400,5,17.65,S60 D5 Summum,Volvo
Delhi,2014,79000,Diesel,Automatic,First,12.55,2982,7,18.25,Fortuner 4x2 AT,Toyota
Kochi,2013,67914,Diesel,Manual,First,23.0,1396,5,3.45,i20 Sportz Option Diesel,Hyundai
Bangalore,2015,58970,Diesel,Automatic,First,17.11,1968,5,23.75,A4 35 TDI Premium,Audi
Mumbai,2013,60000,Diesel,Manual,Second,19.64,1461,5,5.45,Terrano XV D Pre,Nissan
Coimbatore,2017,35225,Petrol,Automatic,First,23.1,998,5,5.25,Celerio ZXI AMT,Maruti
Delhi,2005,69496,Petrol,Manual,First,15.9,1298,5,1.1,Esteem Vxi,Maruti
Delhi,2012,62282,Petrol,Automatic,First,16.95,1197,5,2.9,i10 Sportz AT,Hyundai
Hyderabad,2010,80000,Diesel,Automatic,First,22.69,1995,5,14.2,3 Series 320d,BMW
Kochi,2018,43698,Petrol,Manual,First,18.9,1197,5,5.8,Grand i10 Sportz,Hyundai
Coimbatore,2017,28052,Petrol,Automatic,First,18.9,1197,5,7.22,Grand i10 Asta Option AT,Hyundai
Coimbatore,2016,29091,Petrol,Manual,First,18.9,1197,5,4.87,Grand i10 1.2 Kappa Sportz,Hyundai
Delhi,2013,63000,Petrol,Manual,First,16.47,1198,5,3.3,Polo 1.2 MPI Comfortline,Volkswagen
Hyderabad,2007,91000,Petrol,Manual,Second,17.7,1497,5,3.0,City ZX EXi,Honda
Hyderabad,2014,30000,Diesel,Automatic,First,17.9,2143,5,26.0,GLA Class 200 CDI,Mercedes-Benz
Hyderabad,2017,24571,Petrol,Manual,First,14.0,796,5,2.9,Omni 8 Seater BSIV,Maruti
Bangalore,2014,45000,Petrol,Automatic,First,15.74,1591,5,7.5,Verna 1.6 SX VTVT AT,Hyundai
Hyderabad,2015,24617,Petrol,Manual,First,22.74,796,5,2.36,Alto 800 LXI,Maruti
Coimbatore,2017,26927,Diesel,Manual,First,24.3,1248,5,11.39,Vitara Brezza ZDi Plus Dual Tone,Maruti
Kochi,2013,87736,Diesel,Manual,First,15.1,2179,7,7.02,XUV500 W8 2WD,Mahindra
Delhi,2016,35299,Diesel,Manual,First,24.3,1248,5,8.0,Vitara Brezza ZDi,Maruti
Kochi,2017,51612,Petrol,Manual,First,18.6,1197,5,7.11,i20 1.2 Spotz,Hyundai
Mumbai,1998,55300,Diesel,Automatic,First,10.0,1796,5,3.9,E-Class 250 D W 210,Mercedes-Benz
Hyderabad,2009,65090,Petrol,Manual,First,19.7,796,5,2.15,Alto LXi,Maruti
Kolkata,2013,40000,Petrol,Manual,First,18.0,1198,5,3.25,Amaze S i-Vtech,Honda
Mumbai,2013,71904,Diesel,Manual,First,24.0,1120,5,4.61,Grand i10 CRDi Magna,Hyundai
Mumbai,2008,87000,Petrol,Manual,First,13.5,1799,5,2.35,Civic 2006-2010 1.8 S MT,Honda
Chennai,2014,33000,Diesel,Manual,Second,24.0,1120,5,4.05,Grand i10 CRDi Magna,Hyundai
Jaipur,2009,22100,Petrol,Manual,Second,16.1,796,4,0.8,800 AC Uniq,Maruti
Hyderabad,2014,59589,Diesel,Manual,First,23.59,1364,5,5.6,Etios Liva Diesel,Toyota
Delhi,2015,44000,Diesel,Manual,First,22.54,1396,5,5.35,i20 Magna 1.4 CRDi,Hyundai
Mumbai,2017,12000,Petrol,Manual,First,24.07,998,5,3.25,Alto K10 VXI,Maruti
Pune,2012,66000,Diesel,Automatic,Second,17.05,1995,5,11.5,X1 sDrive20d,BMW
Pune,2016,38009,Petrol,Automatic,First,23.1,998,5,4.25,Celerio VXI AT,Maruti
Mumbai,2009,35000,Petrol,Automatic,Second,13.7,1798,5,4.45,Superb Elegance 1.8 TSI AT,Skoda
Pune,2009,70000,Diesel,Manual,First,14.0,2498,7,2.85,Xylo E4,Mahindra
Delhi,2014,86000,Diesel,Manual,First,15.1,2179,7,7.85,XUV500 W8 2WD,Mahindra
Pune,2016,32000,Petrol,Manual,First,19.1,1197,5,5.3,Swift Dzire VXI,Maruti
Mumbai,2017,15000,Petrol,Manual,First,18.88,999,5,8.0,Ecosport 1.0 Ecoboost Platinum Edition,Ford
Coimbatore,2014,69918,Diesel,Manual,First,21.43,1364,5,9.43,Corolla Altis Diesel D4DG,Toyota
Pune,2012,39000,Petrol,Manual,First,18.5,1197,5,2.75,i20 2015-2017 1.2 Magna,Hyundai
Mumbai,2018,1011,Diesel,Manual,First,20.37,1461,5,13.5,Captur 1.5 Diesel Platine Mono,Renault
Hyderabad,2009,85000,Diesel,Automatic,First,11.0,2987,5,9.99,E-Class 280 CDI,Mercedes-Benz
Chennai,2017,46663,Petrol,Manual,First,21.1,998,5,6.95,Baleno RS 1.0 Petrol,Maruti
Chennai,2015,27000,Petrol,Automatic,First,17.97,1498,5,6.75,Sunny 2011-2014 XL AT Special Edition,Nissan
Chennai,2015,15000,Petrol,Automatic,First,18.9,1197,5,5.5,Grand i10 AT Asta,Hyundai
Kochi,2018,10575,Petrol,Manual,First,21.56,1462,5,9.18,Ciaz Zeta,Maruti
Jaipur,2014,12500,Petrol,Manual,First,19.1,1197,5,4.15,Xcent 1.2 Kappa S,Hyundai
Ahmedabad,2012,52000,Diesel,Manual,First,22.32,1582,5,6.5,Verna 1.6 SX CRDi (O),Hyundai
Kochi,2015,49818,Petrol,Manual,First,21.5,1197,5,4.11,Wagon R VXI 1.2,Maruti
Hyderabad,2008,90000,Diesel,Manual,Second,16.8,1493,5,2.25,Verna CRDi,Hyundai
Kochi,2015,52207,Petrol,Manual,First,17.71,1197,5,4.56,Etios Liva G,Toyota
Pune,2013,167362,Diesel,Manual,First,11.68,2498,7,4.0,Xylo E4 ABS BS III,Mahindra
Coimbatore,2015,49894,Diesel,Manual,First,23.59,1364,5,5.27,Etios Liva GD,Toyota
Kochi,2019,13024,Diesel,Manual,First,18.06,2523,7,9.11,Thar DI 4X4,Mahindra
Pune,2010,128000,Diesel,Manual,Second,14.42,1995,5,6.2,X-Trail SLX MT,Nissan
Kochi,2017,26023,Diesel,Automatic,First,11.36,2755,7,19.97,Innova Crysta 2.8 ZX AT,Toyota
Delhi,2016,42784,Diesel,Manual,First,21.38,1396,5,10.17,Creta 1.4 CRDi S,Hyundai
Pune,2014,115000,Diesel,Manual,First,28.4,1248,5,4.5,Swift VDI,Maruti
Kochi,2019,30529,Diesel,Manual,First,23.9,1582,5,14.28,Verna 1.6 CRDI SX Option,Hyundai
Kochi,2012,14814,Petrol,Manual,Second,19.7,796,5,2.47,Alto LXi BSIII,Maruti
Ahmedabad,2016,58000,Diesel,Manual,First,23.65,1248,5,7.9,S Cross DDiS 200 Alpha,Maruti
Hyderabad,2011,68128,Petrol,Manual,First,21.1,814,5,2.3,EON Era,Hyundai
Hyderabad,2013,63220,Petrol,Manual,First,13.24,1598,5,6.5,Terrano XL,Nissan
Hyderabad,2016,30000,Petrol,Manual,First,21.1,814,5,3.25,EON Era,Hyundai
Bangalore,2017,27768,Diesel,Manual,First,20.65,1248,5,5.85,Zest Quadrajet 1.3 XT,Tata
Hyderabad,2014,53000,Diesel,Automatic,Second,14.21,2143,5,29.0,E-Class 2009-2013 E250 CDI Elegance,Mercedes-Benz
Coimbatore,2014,87652,Diesel,Automatic,Second,14.16,1968,5,25.71,Q5 2.0 TDI Premium Plus,Audi
Chennai,2008,94873,Petrol,Manual,Second,15.3,1596,5,1.85,Fiesta 1.6 ZXi Leather,Ford
Mumbai,2015,56000,Diesel,Automatic,First,18.88,1995,5,22.75,3 Series 320d Prestige,BMW
Kochi,2018,18678,Petrol,Manual,First,21.1,998,5,8.32,Baleno RS 1.0 Petrol,Maruti
Delhi,2014,30000,Diesel,Automatic,First,14.21,2143,5,26.0,E-Class 2009-2013 E250 CDI Blue Efficiency,Mercedes-Benz
Mumbai,2012,129000,Diesel,Automatic,First,12.8,2953,5,7.0,Endeavour Hurricane LE,Ford
Hyderabad,2013,59000,Petrol,Manual,First,20.36,1197,5,3.45,i10 Sportz 1.2,Hyundai
Mumbai,2017,13000,Petrol,Manual,First,18.9,1197,5,5.15,Grand i10 Asta Option,Hyundai
Kochi,2014,74325,Petrol,Manual,First,19.4,1198,5,3.51,Brio S MT,Honda
Kolkata,2015,45000,Diesel,Manual,First,21.9,1396,5,3.45,i20 Magna 1.4 CRDi (Diesel),Hyundai
Pune,2013,57000,Petrol,Manual,First,16.47,1198,5,3.75,Polo Petrol Highline 1.2L,Volkswagen
Pune,2001,125943,Petrol,Manual,Second,13.0,1493,5,1.45,City 1.5 EXI,Honda
Delhi,2008,80000,Diesel,Manual,First,18.7,1896,5,2.2,Octavia Ambiente 1.9 TDI,Skoda
Hyderabad,2010,154000,Diesel,Manual,First,13.1,2499,7,7.99,Endeavour 2.5L 4X2,Ford
Bangalore,2013,62000,Diesel,Manual,Second,18.3,1991,5,6.75,Cruze LTZ,Chevrolet
Kolkata,2013,27000,Petrol,Automatic,First,14.0,1621,5,11.99,CR-V AT With Sun Roof,Honda
Kolkata,2014,45000,Diesel,Manual,First,24.2,1498,7,5.0,Mobilio V i DTEC,Honda
Pune,2012,105000,Diesel,Manual,Second,20.77,1248,7,5.9,Ertiga VDI,Maruti
Mumbai,2013,26000,Petrol,Manual,First,18.9,1197,5,3.75,Grand i10 Sportz,Hyundai
Mumbai,2014,30900,Diesel,Automatic,First,14.74,2993,5,29.5,XF 3.0 Litre S Premium Luxury,Jaguar
Chennai,2014,48000,Petrol,Manual,First,18.0,1198,5,4.75,Amaze VX i-Vtech,Honda
Pune,2011,112719,Diesel,Automatic,First,12.4,2698,5,11.5,A6 2.7 TDI,Audi
Chennai,2017,5000,Petrol,Manual,First,18.6,1197,5,6.95,i20 1.2 Spotz,Hyundai
Mumbai,2016,16000,Petrol,Manual,First,17.0,1198,5,5.4,Ameo 1.2 MPI Highline Plus 16,Volkswagen
Jaipur,2011,63000,Petrol,Automatic,First,13.4,1997,5,4.75,Fluence 2.0,Renault
Chennai,2011,28300,Petrol,Manual,First,24.07,998,5,2.15,Alto K10 VXI,Maruti
Jaipur,2005,49000,Petrol,Manual,First,19.7,796,5,0.9,Alto Std,Maruti
Kolkata,2016,12501,Petrol,Manual,First,20.51,998,5,3.5,Wagon R VXI BS IV,Maruti
Kochi,2016,56628,Diesel,Manual,First,20.4,1248,5,5.85,Linea 1.3 Emotion,Fiat
Pune,2010,105000,Diesel,Manual,First,19.3,1248,5,3.15,Swift Dzire Vdi BSIV,Maruti
Pune,2016,52126,Diesel,Manual,First,21.64,1461,5,6.0,Scala Diesel RxL,Renault
Kolkata,2010,38000,Petrol,Manual,First,18.5,1197,5,2.23,i20 Magna,Hyundai
Bangalore,2016,50000,Petrol,Manual,First,19.1,1197,5,2.5,Xcent 1.2 Kappa SX Option,Hyundai
Kochi,2015,50230,Petrol,Manual,First,18.9,998,5,3.87,Wagon R LXI,Maruti
Ahmedabad,2014,31000,Diesel,Manual,First,15.1,2179,7,9.5,XUV500 W8 2WD,Mahindra
Delhi,2014,79000,Diesel,Automatic,First,12.55,2982,7,17.75,Fortuner 4x2 AT,Toyota
Delhi,2012,130000,Diesel,Manual,First,19.64,1461,5,3.75,Duster 110PS Diesel RxZ Plus,Renault
Chennai,2010,115000,Petrol,Manual,Second,17.92,1086,5,1.5,Santro Xing GLS,Hyundai
Pune,2013,41500,Petrol,Manual,Second,17.01,1591,5,5.0,Verna 1.6 SX VTVT,Hyundai
Pune,2014,54385,Diesel,Automatic,Second,15.06,1995,5,17.0,X1 sDrive 20d Exclusive,BMW
Kochi,2011,56361,Petrol,Automatic,First,12.9,1799,5,4.38,Civic 2006-2010 1.8 V AT,Honda
Delhi,2018,22000,Petrol,Automatic,First,15.26,1798,5,41.5,A6 35 TFSI Matrix,Audi
Kolkata,2017,8000,Petrol,Manual,First,20.51,998,5,3.0,Wagon R LXI BS IV,Maruti
Coimbatore,2018,28741,Diesel,Manual,First,24.3,1248,5,11.0,Vitara Brezza ZDi Plus Dual Tone,Maruti
Pune,2012,117236,Diesel,Automatic,Second,11.8,2720,7,14.0,Rover Discovery 3 TDV6 Diesel Automatic,Land
Pune,2016,30500,Diesel,Automatic,First,26.59,1248,5,7.65,Dzire New,Maruti
Kolkata,2018,5000,Petrol,Manual,First,17.0,1591,5,8.7,Verna VTVT 1.6 SX,Hyundai
Hyderabad,2016,42000,Diesel,Manual,First,25.47,1248,7,9.9,Ertiga ZDI Plus,Maruti
Mumbai,2010,32773,Petrol,Manual,First,13.2,1495,5,2.05,Accent GLE,Hyundai
Kolkata,2016,19008,Petrol,Manual,First,17.0,1197,5,5.25,i20 1.2 Sportz,Hyundai
Kochi,2012,32542,Petrol,Manual,First,17.0,1591,5,5.77,Verna VTVT 1.6 SX,Hyundai
Hyderabad,2010,94753,Petrol,Manual,First,19.7,796,5,1.95,Alto LX,Maruti
Ahmedabad,2011,70000,Diesel,Manual,Second,12.05,2179,8,7.45,Scorpio VLX,Mahindra
Delhi,2012,68347,Petrol,Manual,First,18.9,998,5,2.6,Wagon R LXI,Maruti
Ahmedabad,2011,72000,Petrol,Manual,Second,17.0,1197,5,3.25,i20 1.2 Sportz,Hyundai
Hyderabad,2010,75014,Diesel,Manual,First,21.1,1248,5,3.85,Ritz VDi,Maruti
Delhi,2013,65000,Diesel,Automatic,Second,13.73,1995,5,7.5,Koleos 2.0 Diesel,Renault
Kochi,2012,55598,Diesel,Automatic,First,22.69,1995,5,11.5,3 Series 320d,BMW
Pune,2013,50000,Petrol,Manual,First,19.4,1198,5,3.25,Brio V MT,Honda
Chennai,2003,44200,Petrol,Manual,Second,11.7,1997,5,1.5,Sonata GOLD,Hyundai
Jaipur,2014,65000,Diesel,Manual,First,19.3,1248,5,5.31,Swift Dzire VDi,Maruti
Hyderabad,2013,49000,Diesel,Manual,First,16.0,2179,7,9.0,XUV500 W8 4WD,Mahindra
Kolkata,2016,7200,Petrol,Manual,First,19.81,1086,5,3.59,i10 Sportz 1.1L,Hyundai
Kochi,2016,43152,Petrol,Manual,First,20.73,1373,5,7.35,Ciaz ZXi Plus,Maruti
Pune,2013,112000,Diesel,Manual,First,12.8,2494,8,12.0,Innova 2.5 V Diesel 8-seater,Toyota
Coimbatore,2017,23540,Petrol,Manual,First,18.9,1197,5,6.02,Grand i10 Sportz,Hyundai
Coimbatore,2008,82160,Diesel,Manual,First,16.52,1991,5,2.57,Optra Magnum 2.0 LS BSIII,Chevrolet
Pune,2013,57000,Diesel,Manual,First,12.83,2696,7,12.45,Ssangyong Rexton RX5,Mahindra
Coimbatore,2015,39335,Diesel,Manual,First,15.1,2179,7,12.63,XUV500 W8 2WD,Mahindra
Bangalore,2014,62000,Petrol,Manual,Second,17.4,1497,5,7.75,City i VTEC SV,Honda
Delhi,2014,60000,Diesel,Manual,First,22.7,1498,5,5.5,Ecosport 1.5 DV5 MT Titanium,Ford
Kolkata,2015,35000,Petrol,Manual,First,18.6,1197,5,4.43,i20 Sportz 1.2,Hyundai
Kochi,2016,32345,Diesel,Automatic,First,17.9,2143,5,24.51,CLA 200 CDI Sport,Mercedes-Benz
Ahmedabad,2014,47000,Petrol,Manual,First,22.0,814,5,2.65,EON Magna,Hyundai
Delhi,2011,36000,Petrol,Manual,First,17.6,1496,5,3.2,Etios G Safety,Toyota
Chennai,2016,75000,Diesel,Manual,First,23.4,1248,5,4.25,Swift Dzire Tour LDI,Maruti
Kolkata,2008,38000,Petrol,Manual,First,19.7,796,5,1.1,Alto LXi,Maruti
Chennai,2015,57818,Petrol,Manual,First,23.1,998,5,4.3,Celerio ZXI,Maruti
Hyderabad,2015,45000,Diesel,Manual,First,22.7,1498,5,8.9,Ecosport 1.5 DV5 MT Titanium Optional,Ford
Jaipur,2015,75055,Diesel,Manual,First,19.01,1461,5,6.5,Terrano XV 110 PS Limited Edition,Nissan
Delhi,2009,65462,Petrol,Automatic,Third,11.1,2354,5,3.5,Accord VTi-L AT,Honda
Hyderabad,2008,76206,Diesel,Manual,First,17.8,1248,5,4.25,Swift Ldi BSIII,Maruti
Kochi,2018,25948,Diesel,Automatic,First,16.0,2179,7,16.46,XUV500 AT W10 FWD,Mahindra
Mumbai,2016,28500,Petrol,Manual,First,18.7,1199,5,5.95,Jazz 1.2 VX i VTEC,Honda
Mumbai,2015,28004,Petrol,Manual,First,17.8,1497,5,7.1,City i VTEC V,Honda
Kolkata,2011,25000,Petrol,Manual,Second,15.7,1172,5,1.25,Grande Punto 1.2 Dynamic,Fiat
Kolkata,2010,40000,Petrol,Manual,Second,19.5,1061,5,2.5,Estilo LXI,Maruti
Pune,2013,82543,Petrol,Manual,First,16.02,1373,7,5.5,Ertiga ZXI,Maruti
Chennai,2013,30000,Petrol,Manual,First,18.44,1198,5,3.25,Micra XL,Nissan
Hyderabad,2010,27800,Petrol,Manual,First,17.0,1497,5,5.0,City 1.5 V MT,Honda
Coimbatore,2016,33415,Petrol,Manual,First,16.78,1496,5,6.58,Etios VX,Toyota
Mumbai,2013,38000,Diesel,Automatic,First,18.88,1995,5,19.5,3 Series 320d Luxury Line,BMW
Kochi,2017,41981,Petrol,Manual,First,18.7,1199,5,6.14,Jazz 1.2 SV i VTEC,Honda
Jaipur,2013,77084,Diesel,Manual,First,28.4,1248,5,4.95,Dzire VDI,Maruti
Hyderabad,2013,71803,Diesel,Manual,First,20.5,1598,5,5.75,Rapid 1.6 TDI Elegance,Skoda
Kolkata,2013,73314,Diesel,Manual,First,15.1,2179,7,6.6,XUV500 W6 2WD,Mahindra
Coimbatore,2015,69053,Petrol,Automatic,First,18.9,1197,5,5.72,Grand i10 AT Asta,Hyundai
Delhi,2009,79782,Petrol,Manual,Second,17.0,1497,5,2.6,City 1.5 V MT,Honda
Hyderabad,2010,250000,Diesel,Manual,Second,12.8,2494,7,6.5,Innova 2.5 GX 7 STR,Toyota
Pune,2011,90000,Diesel,Manual,Second,15.1,2179,7,6.1,XUV500 W8 2WD,Mahindra
Hyderabad,2010,130000,Diesel,Manual,First,19.3,1248,5,3.85,Swift Dzire VDi,Maruti
Pune,2013,65000,Petrol,Manual,Second,15.04,1598,5,4.5,Vento Petrol Highline,Volkswagen
Coimbatore,2013,46496,Diesel,Manual,First,23.59,1364,5,5.3,Etios GD,Toyota
Bangalore,2013,76000,Diesel,Automatic,Second,16.55,1968,5,18.25,A4 2.0 TDI,Audi
Ahmedabad,2012,28002,Petrol,Manual,First,16.02,1373,7,5.75,Ertiga LXI,Maruti
Jaipur,2010,70000,Petrol,Manual,Second,16.1,796,4,0.9,800 AC,Maruti
Hyderabad,2011,66276,Petrol,Manual,First,17.0,1497,5,5.5,City 1.5 V MT,Honda
Kolkata,2014,45000,Petrol,Manual,First,19.1,1197,5,3.99,Swift Dzire VXI,Maruti
Delhi,2014,67000,Petrol,Automatic,First,19.16,2494,5,18.75,Camry Hybrid,Toyota
Kolkata,2014,43068,Diesel,Manual,First,24.0,1120,5,3.5,Grand i10 CRDi Sportz,Hyundai
Chennai,2016,40000,Diesel,Automatic,First,11.36,2755,8,16.45,Innova Crysta 2.8 GX AT 8S,Toyota
Coimbatore,2011,50436,Petrol,Manual,First,20.36,1197,5,3.65,i10 Magna,Hyundai
Bangalore,2014,21000,Petrol,Automatic,First,18.9,1197,5,5.4,Grand i10 AT Asta,Hyundai
Mumbai,2018,2000,Diesel,Manual,First,27.39,1248,5,8.7,Baleno Alpha Diesel,Maruti
Mumbai,2016,14500,Petrol,Automatic,First,14.67,1798,5,20.75,Superb Style 1.8 TSI AT,Skoda
Hyderabad,2010,68782,Diesel,Automatic,First,14.84,2143,5,12.5,New C-Class 220 CDI AT,Mercedes-Benz
Kolkata,2011,35888,Diesel,Manual,First,21.1,1248,5,1.89,Ritz VDi,Maruti
Kolkata,2015,168205,Diesel,Manual,First,23.4,1248,5,4.0,Swift Dzire Tour LDI,Maruti
Mumbai,2012,47000,Petrol,Manual,First,14.8,1799,5,3.95,Civic 2010-2013 1.8 V MT,Honda
Hyderabad,2015,93700,Diesel,Manual,First,24.52,1248,7,7.85,Ertiga SHVS VDI,Maruti
Kolkata,2014,45000,Diesel,Manual,First,22.7,1582,5,7.0,Elantra CRDi SX,Hyundai
Hyderabad,2016,55547,Diesel,Automatic,First,12.55,2982,7,24.99,Fortuner 4x2 AT,Toyota
Delhi,2013,69000,Petrol,Automatic,First,17.21,1197,5,4.5,Polo GT TSI,Volkswagen
Pune,2005,88000,Diesel,Manual,Third,18.7,1896,5,1.25,Octavia Classic 1.9 TDI MT,Skoda
Delhi,2014,32400,Diesel,Manual,First,20.14,1498,5,3.95,Polo 1.5 TDI Trendline,Volkswagen
Pune,2012,79000,Petrol,Manual,Second,17.92,1086,5,1.6,Santro Xing GL Plus,Hyundai
Hyderabad,2004,110000,Petrol,Manual,First,13.2,1495,5,0.6,Accent GLE,Hyundai
Coimbatore,2014,45407,Petrol,Manual,Second,21.1,814,5,3.39,EON D Lite Plus,Hyundai
Hyderabad,2011,136490,Diesel,Manual,First,12.8,2494,7,9.8,Innova 2.5 V Diesel 7-seater,Toyota
Mumbai,2017,19000,Diesel,Manual,First,26.8,1248,5,5.91,Ignis 1.3 Zeta,Maruti
Mumbai,2017,19416,Petrol,Manual,First,21.56,1462,5,8.25,Ciaz Alpha,Maruti
Mumbai,2012,15500,Petrol,Manual,First,17.5,1298,5,3.75,Swift Dzire VXi,Maruti
Hyderabad,2017,12538,Petrol,Automatic,First,18.0,1497,5,12.5,City i VTEC CVT VX,Honda
Bangalore,2015,62588,Diesel,Manual,First,17.8,1248,5,5.95,Swift VDI BSIV W ABS,Maruti
Delhi,2015,44328,Petrol,Manual,First,19.4,1198,5,3.8,Brio S MT,Honda
Delhi,2014,63000,Diesel,Manual,First,23.59,1364,5,4.35,Etios Liva GD,Toyota
Hyderabad,2015,100000,Diesel,Automatic,First,13.5,2400,5,32.5,XC60 D5,Volvo
Kolkata,2015,103000,Petrol,Manual,First,15.64,1193,5,3.0,Indigo CS eGVX,Tata
Pune,2016,50296,Diesel,Automatic,Second,11.36,2755,7,19.0,Innova Crysta 2.8 ZX AT,Toyota
Pune,2013,95500,Diesel,Manual,First,20.54,1598,5,5.0,Vento Diesel Highline,Volkswagen
Pune,2014,72100,Diesel,Manual,First,22.7,1498,5,5.45,Ecosport 1.5 DV5 MT Titanium,Ford
Mumbai,2010,19119,Petrol,Manual,First,18.9,998,5,2.7,Wagon R VXI,Maruti
Mumbai,2006,30000,Petrol,Manual,First,13.0,2987,5,10.75,S-Class 320 L,Mercedes-Benz
Hyderabad,2015,75600,Diesel,Manual,First,20.14,1498,5,5.8,Polo 1.5 TDI Highline,Volkswagen
Pune,2007,137000,Petrol,Manual,Second,15.3,1193,5,0.95,Indica GLS BS IV,Tata
Jaipur,2002,53500,Petrol,Manual,Second,16.1,796,4,0.63,800 Std BSIII,Maruti
Kochi,2018,26101,Diesel,Manual,First,17.1,1956,5,17.55,Compass 2.0 Longitude,Jeep
Pune,2016,7000,Petrol,Manual,First,24.07,998,5,3.0,Alto K10 LXI Optional,Maruti
Bangalore,2013,50000,Diesel,Automatic,First,19.3,1968,5,15.0,Octavia Elegance 2.0 TDI AT,Skoda
Hyderabad,2016,30000,Diesel,Manual,First,26.59,1248,5,6.0,Swift Dzire VDI Optional,Maruti
Mumbai,2016,38151,Diesel,Manual,First,28.09,1248,5,7.65,Ciaz VDi Plus SHVS,Maruti
Jaipur,2009,116000,Diesel,Manual,Second,15.8,2148,5,8.5,New C-Class C 220 CDI CLASSIC,Mercedes-Benz
Kolkata,2013,22000,Diesel,Manual,First,20.0,1399,5,2.25,Figo Diesel ZXI,Ford
Delhi,2010,60000,Petrol,Automatic,Second,14.53,1798,5,4.65,Corolla Altis VL,Toyota
Mumbai,2016,38000,Diesel,Manual,First,22.7,1598,5,7.85,SX4 S Cross DDiS 320 Zeta,Maruti
Coimbatore,2011,51928,Petrol,Manual,First,15.6,1196,5,3.46,Figo Petrol ZXI,Ford
Mumbai,2018,3000,Petrol,Automatic,First,19.0,1199,5,8.25,Jazz Exclusive CVT,Honda
Pune,2006,67196,Petrol,Manual,First,17.3,993,5,1.25,Zen LXi - BS III,Maruti
Bangalore,2012,100000,Diesel,Manual,Third,11.5,2982,7,16.0,Fortuner 3.0 Diesel,Toyota
Jaipur,2015,65218,Diesel,Manual,First,26.21,1248,5,7.4,Ciaz ZDi Plus,Maruti
Kochi,2016,53886,Petrol,Manual,First,25.17,799,5,3.07,KWID RXT,Renault
Coimbatore,2011,50058,Petrol,Automatic,First,19.2,1197,5,3.84,i10 Magna AT,Hyundai
Pune,2016,64000,Petrol,Automatic,First,23.1,998,5,4.2,Celerio ZXI AT Optional,Maruti
Kochi,2018,41641,Diesel,Manual,First,21.38,1396,5,10.82,Creta 1.4 E Plus Diesel,Hyundai
Hyderabad,2016,44345,Diesel,Manual,First,27.3,1498,5,6.1,Jazz 1.5 SV i DTEC,Honda
Kolkata,2011,45501,Petrol,Manual,First,17.0,1497,5,3.1,City 1.5 S MT,Honda
Chennai,2001,104000,Petrol,Manual,Third,13.7,1468,5,1.0,Lancer 1.5 SFXi,Mitsubishi
Coimbatore,2012,50297,Petrol,Manual,First,16.95,1498,5,4.69,Sunny XE P,Nissan
Mumbai,2011,87000,Petrol,Automatic,First,11.7,2354,5,5.4,Accord 2.4 AT,Honda
Mumbai,2016,120000,Diesel,Manual,First,15.1,2179,7,12.0,XUV500 W8 2WD,Mahindra
Mumbai,2018,17000,Petrol,Manual,First,18.6,1197,5,6.5,i20 1.2 Magna Executive,Hyundai
Chennai,2014,100000,Diesel,Manual,First,23.08,1461,5,3.0,Micra Diesel XL,Nissan
Kochi,2015,50979,Petrol,Automatic,First,19.12,1373,5,6.9,Ciaz AT ZXi,Maruti
Chennai,2011,41000,Diesel,Manual,First,20.54,1598,5,4.0,Vento Diesel Trendline,Volkswagen
Chennai,2011,24000,Petrol,Manual,First,17.0,1197,5,4.25,i20 Asta,Hyundai
Hyderabad,2008,44738,Petrol,Manual,First,14.53,1798,5,5.1,Corolla Altis G,Toyota
Kolkata,2014,37298,Diesel,Manual,First,25.1,1498,5,4.9,City i DTEC VX,Honda
Pune,2014,42000,Petrol,Manual,Second,20.4,1197,5,3.6,Swift VXI BSIV,Maruti
Pune,2016,45000,Diesel,Automatic,First,14.21,2143,5,34.0,E-Class 2009-2013 E250 CDI Elegance,Mercedes-Benz
Mumbai,2015,102000,Diesel,Manual,First,12.99,2494,7,8.25,Innova 2.5 G (Diesel) 7 Seater,Toyota
Pune,2011,70000,Petrol,Manual,First,16.1,1298,5,1.3,Swift Lxi BSIII,Maruti
Coimbatore,2018,27467,Diesel,Automatic,First,19.27,2143,5,39.05,New C-Class C 220d Avantgarde Edition C,Mercedes-Benz
Kolkata,2015,15305,Petrol,Manual,First,18.9,1197,5,3.75,Grand i10 Asta,Hyundai
Mumbai,2010,70000,Petrol,Manual,First,18.9,998,5,2.1,Wagon R LXI BS IV,Maruti
Hyderabad,2016,36778,Diesel,Manual,First,22.77,1498,5,8.8,EcoSport 1.5 TDCi Titanium,Ford
Coimbatore,2015,25845,Petrol,Manual,First,16.47,1198,5,5.84,Polo 1.2 MPI Comfortline,Volkswagen
Kochi,2018,33858,Petrol,Automatic,First,17.01,1591,5,9.03,Verna 1.6 VTVT AT SX,Hyundai
Ahmedabad,2017,12000,Petrol,Automatic,Second,24.04,999,5,3.25,KWID AMT RXL,Renault
Coimbatore,2013,33709,Petrol,Automatic,First,16.5,1198,5,4.9,Brio S Option AT,Honda
Kochi,2018,32709,Petrol,Manual,First,18.16,1196,5,6.46,Figo Aspire 1.2 Ti-VCT Titanium,Ford
Bangalore,2014,72000,Diesel,Manual,Second,11.5,2982,7,18.5,Fortuner 3.0 Diesel,Toyota
Ahmedabad,2013,31000,Diesel,Manual,First,25.0,1396,5,2.7,Indigo eCS eLX BS IV,Tata
Chennai,2016,70000,Diesel,Manual,First,25.83,1498,5,4.6,Figo 2015-2019 1.5D Ambiente MT,Ford
Jaipur,2014,61000,Diesel,Manual,First,23.4,1248,5,5.35,Swift Dzire VDI,Maruti
Pune,2011,72000,Diesel,Manual,First,23.08,1461,5,2.3,Micra Diesel XV Primo,Nissan
Delhi,2016,49000,Diesel,Automatic,First,19.3,1968,5,15.45,Octavia Style Plus 2.0 TDI AT,Skoda
Hyderabad,2014,42939,Diesel,Automatic,First,16.96,1968,5,12.49,Jetta 2013-2015 2.0L TDI Highline AT,Volkswagen
Coimbatore,2016,32545,Diesel,Automatic,First,12.07,2967,7,48.76,Q7 35 TDI Quattro Technology,Audi
Pune,2011,54000,Petrol,Manual,First,17.0,1197,5,3.2,i20 1.2 Sportz,Hyundai
Delhi,2012,76000,Diesel,Automatic,First,16.07,1995,4,8.75,3 Series 320d Corporate Edition,BMW
Kolkata,2015,27000,Diesel,Manual,First,21.19,1396,5,5.99,i20 Active 1.4 SX Dual Tone,Hyundai
Chennai,2005,120000,Diesel,Manual,Second,12.7,2609,8,2.9,Scorpio 2.6 DX,Mahindra
Kolkata,2011,37000,Diesel,Manual,First,20.0,1399,5,1.8,Figo Diesel EXI,Ford
Mumbai,2012,42000,Petrol,Manual,First,9.8,2354,5,6.25,Accord 2.4 Inspire M/T,Honda
Bangalore,2013,60000,Diesel,Manual,First,21.9,1396,5,5.45,i20 Sportz 1.4 CRDi,Hyundai
Mumbai,2013,44000,Petrol,Automatic,First,17.1,1591,5,5.6,Verna 1.6 SX VTVT (O) AT,Hyundai
Kolkata,2014,37000,Petrol,Manual,First,17.4,1497,5,6.45,City i VTEC VX Option,Honda
Mumbai,2012,50000,Petrol,Manual,First,18.5,1197,5,3.7,i20 Asta Optional with Sunroof 1.2,Hyundai
Chennai,2013,58581,Petrol,Manual,First,19.4,1198,5,3.49,Brio S MT,Honda
Kolkata,2013,25500,Diesel,Manual,First,21.9,1396,5,3.55,i20 Sportz 1.4 CRDi,Hyundai
Mumbai,2017,25000,Petrol,Manual,First,10.4,2393,5,9.0,Grand Vitara 2.4 MT,Maruti
Hyderabad,2011,53766,Petrol,Manual,First,19.0,998,5,2.7,A-Star Vxi,Maruti
Pune,2011,45271,Diesel,Manual,First,20.3,1621,5,2.6,Punto 1.3 Emotion,Fiat
Chennai,2006,68000,Petrol,Manual,First,19.7,796,5,1.5,Alto LXi,Maruti
Jaipur,2017,40000,Diesel,Manual,First,16.0,2179,7,15.9,XUV500 W10 2WD,Mahindra
Hyderabad,2013,73212,Diesel,Manual,First,22.9,1248,5,5.2,Swift RS VDI,Maruti
Mumbai,2014,69000,Diesel,Automatic,First,17.05,1995,5,16.25,X1 sDrive20d,BMW
Mumbai,2007,61932,Diesel,Automatic,Second,14.3,1968,5,3.31,Passat 2.0 PD DSG,Volkswagen
Bangalore,2012,52000,Diesel,Automatic,First,16.09,1995,5,24.0,X3 xDrive20d,BMW
Kolkata,2011,150000,Petrol,Manual,First,18.5,1197,5,2.5,Ritz VXi,Maruti
Jaipur,2013,70933,Diesel,Manual,Second,21.9,1396,5,3.9,i20 Sportz 1.4 CRDi,Hyundai
Kolkata,2013,115195,Diesel,Manual,First,25.2,1248,5,3.85,Swift VDI BSIV,Maruti
Delhi,2011,62148,Petrol,Manual,First,11.7,1796,5,8.8,New C-Class 200 Kompressor,Mercedes-Benz
Chennai,2009,32000,Petrol,Manual,Second,14.28,1798,5,4.95,Corolla Altis 1.8 GL,Toyota
Kolkata,2014,58000,Diesel,Manual,First,22.32,1582,5,5.75,Verna 1.6 SX CRDi (O),Hyundai
Kochi,2014,68598,Diesel,Manual,First,19.01,1461,5,6.17,Duster 110PS Diesel RxZ,Renault
Chennai,2010,84072,Diesel,Manual,First,17.8,1248,5,3.45,Swift Ldi BSIII,Maruti
Jaipur,2016,51264,Petrol,Manual,First,24.07,998,5,3.2,Alto K10 VXI,Maruti
Coimbatore,2017,21363,Petrol,Automatic,First,13.0,1591,5,13.49,Creta 1.6 SX Plus Petrol Automatic,Hyundai
Delhi,2016,40000,Petrol,Automatic,First,15.04,1991,5,24.5,CLA 200 CGI Sport,Mercedes-Benz
Kolkata,2015,35000,Petrol,Automatic,First,10.1,2354,5,14.7,CR-V 2.4 4WD AT,Honda
Hyderabad,2014,55000,Diesel,Manual,First,22.7,1498,5,6.0,Ecosport 1.5 DV5 MT Trend,Ford
Coimbatore,2016,43252,Diesel,Automatic,First,13.0,2143,5,34.18,E-Class 2015-2017 E250 CDI Avantgarde,Mercedes-Benz
Delhi,2014,42000,Diesel,Manual,First,24.0,1120,5,3.5,Grand i10 CRDi Magna,Hyundai
Hyderabad,2006,69000,Petrol,Manual,First,16.6,1388,5,2.15,Fiesta 1.4 Duratec ZXI,Ford
Kolkata,2018,14000,Diesel,Automatic,First,17.6,1582,5,11.25,Creta 1.6 SX Automatic Diesel,Hyundai
Delhi,2010,70000,Petrol,Manual,First,19.0,998,5,2.0,A-Star Lxi,Maruti
Kochi,2015,35314,Diesel,Manual,First,23.2,1248,5,4.27,Ritz LDi,Maruti
Kochi,2017,38691,Petrol,Manual,First,17.8,1497,5,7.68,City i VTEC SV,Honda
Coimbatore,2017,72717,Diesel,Manual,First,12.99,2494,7,14.52,Innova 2.5 GX (Diesel) 7 Seater,Toyota
Mumbai,2011,82000,Petrol,Automatic,Second,11.8,3498,7,16.85,R-Class R350 4Matic Long,Mercedes-Benz
Mumbai,2015,44000,Diesel,Manual,First,21.14,1498,5,5.75,Rapid 1.5 TDI Elegance,Skoda
Mumbai,2017,27000,Petrol,Manual,First,15.8,1499,5,8.3,Ecosport 1.5 Ti VCT MT Titanium,Ford
Chennai,2014,18500,Petrol,Automatic,First,23.1,998,5,3.95,Celerio VXI AT,Maruti
Mumbai,2014,45000,Petrol,Manual,First,15.04,1598,5,4.8,Vento Petrol Highline,Volkswagen
Ahmedabad,2011,173000,Diesel,Automatic,First,13.5,2400,5,12.0,XC60 D5,Volvo
Ahmedabad,2017,42000,Diesel,Manual,First,23.59,1364,5,6.25,Etios Cross 1.4 GD,Toyota
Jaipur,2012,90000,Diesel,Manual,First,19.4,1405,5,2.5,Indica Vista TDI LX,Tata
Pune,2014,82329,Petrol,Automatic,First,18.0,1497,5,7.5,City i VTEC CVT VX,Honda
Delhi,2010,80302,Petrol,Manual,First,17.0,1497,5,3.5,City 1.5 V MT,Honda
Hyderabad,2005,105000,Diesel,Manual,First,18.7,1896,5,1.99,Octavia Rider Classic 1.9 TDI,Skoda
Kolkata,2009,60000,Petrol,Manual,First,14.53,1798,5,2.25,Corolla 1.8 J,Toyota
Delhi,2014,70000,Petrol,Manual,First,16.78,1496,5,3.25,Etios G,Toyota
Bangalore,2016,45000,Diesel,Automatic,First,17.05,1995,5,28.5,X1 sDrive20d,BMW
Kolkata,2006,44000,Petrol,Automatic,First,16.4,1497,5,1.5,City ZX CVT,Honda
Delhi,2017,25500,Diesel,Manual,First,22.54,1396,5,7.0,i20 Sportz 1.4 CRDi,Hyundai
Delhi,2014,68000,Diesel,Automatic,First,13.0,2987,5,27.5,E-Class E350 CDI,Mercedes-Benz
Ahmedabad,2015,61786,Diesel,Manual,First,19.67,1582,5,10.5,Creta 1.6 CRDi SX Option,Hyundai
Jaipur,2014,65000,Diesel,Automatic,Second,15.73,1968,5,21.5,Q3 2012-2015 2.0 TDI Quattro Premium Plus,Audi
Delhi,2016,77000,Diesel,Automatic,First,12.63,2179,5,35.0,Rover Discovery Sport TD4 HSE,Land
Hyderabad,2015,34000,Diesel,Automatic,First,21.66,1498,5,7.99,Rapid 1.5 TDI AT Elegance Plus,Skoda
Coimbatore,2015,59751,Petrol,Automatic,First,23.1,998,5,4.88,Celerio VXI AT,Maruti
Mumbai,2013,23312,Petrol,Automatic,First,11.05,2894,4,40.5,RS5 Coupe,Audi
Mumbai,2015,30000,Petrol,Manual,First,20.73,1373,5,6.55,Ciaz ZXi Plus,Maruti
Coimbatore,2015,60146,Diesel,Automatic,First,14.16,1968,5,29.64,Q5 2.0 TDI Premium Plus,Audi
Coimbatore,2013,44731,Diesel,Manual,Second,20.0,1399,5,4.34,Figo Diesel Titanium,Ford
Kochi,2014,43316,Petrol,Manual,First,18.88,999,5,6.22,Ecosport 1.0 Ecoboost Titanium,Ford
Delhi,2009,92000,Petrol,Manual,Second,17.0,1497,5,2.25,City 1.5 S MT,Honda
Hyderabad,2015,50000,Diesel,Automatic,First,16.36,2179,5,38.0,XF 2.2 Litre Luxury,Jaguar
Mumbai,2008,69000,Petrol,Manual,Second,20.4,1197,5,2.15,Swift VXI BSIV,Maruti
Coimbatore,2014,60280,Diesel,Automatic,First,22.48,1995,5,22.45,5 Series 520d Luxury Line,BMW
Coimbatore,2017,48161,Diesel,Automatic,First,15.0,2143,5,20.87,B Class B200 CDI,Mercedes-Benz
Mumbai,2013,41000,Petrol,Manual,First,19.4,1198,5,3.1,Brio S MT,Honda
Mumbai,2016,6000,Petrol,Manual,First,18.6,1197,5,5.95,i20 Sportz 1.2,Hyundai
Mumbai,2006,133000,Diesel,Manual,Second,16.8,1405,5,0.86,Indica V2 DLG TC,Tata
Delhi,2010,76000,Diesel,Manual,First,11.5,2982,7,9.25,Fortuner 3.0 Diesel,Toyota
Mumbai,2011,15590,Petrol,Manual,First,19.81,1086,5,2.25,i10 Sportz 1.1L,Hyundai
Kochi,2016,69681,Petrol,Manual,First,17.0,1197,5,6.13,i20 1.2 Sportz Option,Hyundai
Kochi,2006,70362,Petrol,Manual,Second,15.4,1590,5,1.81,Baleno LXI - BSIII,Maruti
Pune,2014,49112,Petrol,Automatic,Second,15.5,1198,5,3.79,Amaze S AT i-Vtech,Honda
Mumbai,2011,74000,Diesel,Manual,First,23.59,1364,5,3.6,Etios Liva GD,Toyota
Pune,2013,15200,Petrol,Automatic,Second,16.95,1197,5,3.85,i10 Sportz 1.2 AT,Hyundai
Hyderabad,2013,86300,Diesel,Manual,First,22.07,1199,5,4.5,Polo Diesel Trendline 1.2L,Volkswagen
Coimbatore,2018,26731,Petrol,Manual,First,21.1,998,5,8.61,Baleno RS Petrol,Maruti
Ahmedabad,2016,74000,Diesel,Manual,First,21.9,1396,5,6.5,i20 Sportz 1.4 CRDi,Hyundai
Chennai,2005,83929,Petrol,Automatic,First,11.3,1794,5,2.6,Corolla H4,Toyota
Pune,2015,65000,Diesel,Manual,First,12.99,2494,7,15.0,Innova 2.5 VX (Diesel) 7 Seater,Toyota
Pune,2017,20000,Petrol,Automatic,First,23.1,998,5,4.7,Celerio VXI AT Optional,Maruti
Hyderabad,2015,122086,Diesel,Automatic,First,19.3,1968,5,12.99,Octavia Elegance 2.0 TDI AT,Skoda
Kochi,2018,35442,Petrol,Manual,First,17.3,1497,7,7.32,Mobilio S i VTEC,Honda
Delhi,2015,62542,Diesel,Manual,Second,23.9,1582,5,6.5,Verna 1.6 CRDi SX,Hyundai
Coimbatore,2012,26671,Petrol,Manual,Second,17.0,1497,5,5.67,City 1.5 S MT,Honda
Chennai,2014,83500,Diesel,Manual,Second,19.68,1399,5,3.0,Classic 1.4 Duratorq Titanium,Ford
Delhi,2015,46166,Diesel,Manual,Second,26.21,1248,5,5.5,Ciaz ZDi,Maruti
Pune,2015,25200,Petrol,Manual,First,18.9,998,5,3.35,Wagon R VXI BS IV,Maruti
Coimbatore,2015,35463,Diesel,Automatic,First,14.94,2967,5,25.02,A4 3.0 TDI Quattro,Audi
Coimbatore,2017,23249,Petrol,Automatic,First,19.16,2487,5,26.11,Camry Hybrid 2.5,Toyota
Coimbatore,2016,40310,Petrol,Manual,First,18.6,1197,5,7.09,i20 Asta 1.2,Hyundai
Delhi,2018,10000,Petrol,Manual,First,18.9,1197,5,6.5,Grand i10 1.2 Kappa Asta,Hyundai
Chennai,2012,94000,Diesel,Manual,First,22.07,1199,5,4.5,Polo Diesel Trendline 1.2L,Volkswagen
Kochi,2012,52818,Petrol,Manual,First,16.47,1198,5,3.82,Polo Petrol Comfortline 1.2L,Volkswagen
Jaipur,2013,61238,Diesel,Manual,First,20.45,1461,5,5.25,Duster 85PS Diesel RxE,Renault
Coimbatore,2016,54253,Petrol,Automatic,First,14.67,1798,5,16.81,Superb Style 1.8 TSI AT,Skoda
Delhi,2013,71000,Diesel,Automatic,First,14.16,1968,5,21.5,Q5 2.0 TDI,Audi
Hyderabad,2017,20000,Diesel,Manual,First,27.39,1248,5,8.5,Baleno Delta 1.3,Maruti
Delhi,2013,75000,Petrol,Manual,First,16.47,1198,5,3.25,Polo Petrol Comfortline 1.2L,Volkswagen
Coimbatore,2019,11827,Diesel,Automatic,First,13.5,2477,6,27.11,Pajero Sport 4X4 AT,Mitsubishi
Mumbai,2015,51579,Petrol,Manual,First,20.73,1373,5,5.95,Ciaz VXi Plus,Maruti
Kochi,2015,65178,Diesel,Manual,First,19.87,1461,5,6.79,Duster 85PS Diesel RxL Option,Renault
Mumbai,2016,25350,Petrol,Manual,First,21.1,814,5,2.55,EON D Lite Plus Option,Hyundai
Pune,2008,92000,Petrol,Manual,Second,10.8,2354,5,3.7,CR-V 2.4 MT,Honda
Bangalore,2014,45000,Petrol,Manual,Second,17.01,1591,5,6.75,Verna 1.6 SX VTVT,Hyundai
Kolkata,2015,46000,Petrol,Manual,First,14.28,1798,5,6.95,Corolla Altis JS MT,Toyota
Kochi,2011,79940,Petrol,Manual,First,15.5,1586,5,2.78,SX4 ZXI MT BSIV,Maruti
Coimbatore,2016,28851,Petrol,Manual,First,16.47,1198,5,6.18,Polo Petrol Comfortline 1.2L,Volkswagen
Bangalore,2015,63000,Diesel,Automatic,First,14.16,1968,5,36.0,Q5 30 TDI quattro Premium Plus,Audi
Coimbatore,2012,77283,Petrol,Manual,First,17.0,1497,5,5.81,City 1.5 V MT,Honda
Pune,2014,38958,Petrol,Manual,First,22.5,998,5,3.41,Wagon R VXI,Maruti
Bangalore,2018,8900,Diesel,Automatic,First,13.5,2477,6,26.5,Pajero Sport 4X4 AT,Mitsubishi
Hyderabad,2015,38000,Petrol,Automatic,First,14.7,1798,5,16.0,Octavia Elegance 1.8 TSI AT,Skoda
Kochi,2017,44887,Diesel,Manual,First,19.67,1582,5,12.13,Creta 1.6 CRDi SX Option,Hyundai
Hyderabad,2009,85000,Petrol,Manual,Second,19.7,796,5,1.8,Alto LXi BSIII,Maruti
Pune,2013,100000,Petrol,Manual,First,16.8,1497,5,6.25,City V MT,Honda
Pune,2011,97000,Diesel,Manual,First,17.67,1968,5,6.0,Yeti Ambition 4WD,Skoda
Delhi,2013,28000,Petrol,Automatic,First,14.8,1595,5,11.56,B Class B180,Mercedes-Benz
Mumbai,2014,20364,Petrol,Automatic,Second,17.21,1197,5,5.2,Polo GT TSI,Volkswagen
Coimbatore,2014,64637,Diesel,Manual,First,22.77,1498,5,7.52,EcoSport 1.5 TDCi Titanium,Ford
Coimbatore,2017,15731,Petrol,Manual,First,15.29,1591,5,12.49,Creta 1.6 SX Plus Dual Tone Petrol,Hyundai
Coimbatore,2019,56251,Diesel,Manual,First,14.24,2755,7,35.82,Fortuner 2.8 2WD MT,Toyota
Chennai,2017,28000,Petrol,Manual,First,20.85,1197,5,6.25,Swift Dzire ZXI,Maruti
Coimbatore,2015,20045,Petrol,Manual,First,17.0,1197,5,6.22,i20 1.2 Asta with AVN,Hyundai
Bangalore,2016,34004,Petrol,Manual,First,15.4,1497,7,8.02,BR-V i-VTEC S MT,Honda
Mumbai,2014,21000,Petrol,Manual,First,23.1,998,5,3.75,Celerio ZXI,Maruti
Mumbai,2009,68001,Petrol,Automatic,Second,10.93,3498,5,11.75,E-Class 2009-2013 E350 Petrol,Mercedes-Benz
Kolkata,2012,31000,Petrol,Manual,First,20.36,1197,5,2.25,i10 Magna 1.2 iTech SE,Hyundai
Mumbai,2013,8950,Petrol,Manual,First,17.71,1197,5,3.55,Etios Liva V,Toyota
Coimbatore,2017,43477,Diesel,Automatic,First,15.0,2143,5,38.15,E-Class 2015-2017 E250 Edition E,Mercedes-Benz
Ahmedabad,2015,20000,Petrol,Manual,First,21.1,814,5,2.66,EON D Lite Plus,Hyundai
Bangalore,2011,60000,Petrol,Manual,First,17.0,1497,5,4.95,City 1.5 S MT,Honda
Chennai,2003,111000,Petrol,Automatic,First,13.0,2987,5,6.5,S-Class 280 AT,Mercedes-Benz
Pune,2016,52000,Diesel,Manual,Second,25.0,1396,5,2.4,Indigo CS eVX,Tata
Pune,2016,26000,Petrol,Manual,First,15.29,1591,5,12.5,Creta 1.6 VTVT S,Hyundai
Pune,2013,32425,Petrol,Manual,First,20.51,998,5,3.0,Wagon R LXI BS IV,Maruti
Kochi,2017,54758,Diesel,Manual,First,28.4,1248,5,6.67,Dzire VDI,Maruti
Coimbatore,2008,59833,Petrol,Manual,Fourth & Above,13.8,1299,5,1.97,Ikon 1.3 Flair,Ford
Kolkata,2013,30000,Petrol,Manual,First,16.47,1198,5,2.8,Polo Petrol Comfortline 1.2L,Volkswagen
Jaipur,2011,40496,Petrol,Manual,First,20.36,1197,5,2.65,i10 Magna 1.2,Hyundai
Chennai,2014,45000,Diesel,Manual,First,18.2,1248,8,4.75,Enjoy 1.3 TCDi LTZ 8,Chevrolet
Bangalore,2011,34000,Petrol,Automatic,Second,10.5,1796,5,19.0,E-Class 200 Kompressor Elegance,Mercedes-Benz
Bangalore,2012,62000,Diesel,Manual,First,17.8,1248,5,4.5,Swift Vdi BSIII,Maruti
Hyderabad,2012,123600,Diesel,Manual,First,15.1,2179,7,8.25,XUV500 W8 4WD,Mahindra
Pune,2014,80102,Petrol,Manual,First,17.71,1197,5,3.5,Etios Liva G,Toyota
Pune,2013,55000,Diesel,Manual,First,15.1,2179,7,8.5,XUV500 W8 4WD,Mahindra
Hyderabad,2015,48200,Petrol,Manual,First,15.29,1591,5,9.0,Creta 1.6 VTVT S,Hyundai
Hyderabad,2014,90000,Diesel,Manual,First,26.0,1498,5,6.75,City i DTEC SV,Honda
Hyderabad,2014,123900,Diesel,Manual,First,19.3,1248,5,5.4,Swift Dzire VDi,Maruti
Delhi,2015,13008,Petrol,Manual,First,20.51,998,5,3.5,Wagon R LXI BS IV,Maruti
Hyderabad,2012,60500,Petrol,Manual,First,21.1,814,5,2.6,EON Era Plus,Hyundai
Bangalore,2017,53841,Diesel,Automatic,First,11.36,2755,7,20.5,Innova Crysta 2.8 ZX AT,Toyota
Kochi,2017,47183,Petrol,Manual,Second,15.8,1591,5,11.31,Creta 1.6 SX Option,Hyundai
Kolkata,2018,10000,Petrol,Manual,First,20.51,998,5,4.5,Wagon R VXI Plus,Maruti
Kochi,2017,3923,Petrol,Manual,First,23.1,998,5,5.2,Celerio VXI,Maruti
Delhi,2011,85000,Diesel,Manual,First,12.05,2179,8,5.25,Scorpio SLE BSIV,Mahindra
Pune,2014,74500,Diesel,Manual,First,21.2,1248,5,3.3,Grande Punto EVO 1.3 Active,Fiat
Kolkata,2013,42000,Diesel,Manual,First,22.7,1582,5,5.85,Elantra CRDi SX,Hyundai
Delhi,2014,56510,Petrol,Manual,First,19.1,1197,5,3.9,Swift Dzire LXI,Maruti
Delhi,2009,88000,Diesel,Automatic,First,16.55,1968,5,7.98,A4 2.0 TDI Multitronic,Audi
Mumbai,2014,36631,Petrol,Automatic,First,16.5,1198,5,4.3,Brio VX AT,Honda
Kolkata,2011,34000,Petrol,Manual,First,18.9,998,5,2.25,Wagon R LXI BS IV,Maruti
Ahmedabad,2013,49000,Petrol,Manual,First,19.81,1086,5,3.2,i10 Magna 1.1,Hyundai
Hyderabad,2012,65254,Diesel,Manual,First,22.32,1582,5,6.55,Verna 1.6 SX,Hyundai
Bangalore,2014,95000,Diesel,Manual,Second,22.32,1582,5,6.9,Verna 1.6 SX,Hyundai
Chennai,2009,83000,Diesel,Manual,First,23.2,1248,5,2.95,Ritz VDi,Maruti
Coimbatore,2017,101065,Diesel,Manual,First,20.5,1582,5,11.45,Creta 1.6 SX Option Diesel,Hyundai
Kochi,2017,15134,Petrol,Manual,First,21.4,1197,5,6.37,Baleno Delta,Maruti
Jaipur,2011,72000,Diesel,Manual,First,22.32,1582,5,5.0,Verna 1.6 CRDI,Hyundai
Chennai,2012,120000,Diesel,Manual,Second,22.3,1248,5,2.6,Indica Vista Quadrajet VX,Tata
Kolkata,2010,45000,Petrol,Manual,First,18.5,1197,5,1.9,i20 1.2 Magna,Hyundai
Coimbatore,2017,22874,Petrol,Manual,First,15.1,1196,5,4.44,Eeco Smiles 5 Seater AC,Maruti
Chennai,2012,58000,Diesel,Automatic,Second,22.69,1995,5,15.3,3 Series 320d Sport,BMW
Chennai,2016,86000,Diesel,Manual,Second,25.47,1248,7,8.2,Ertiga VDI,Maruti
Ahmedabad,2014,69000,Petrol,Automatic,First,16.9,1197,5,5.25,Xcent 1.2 Kappa AT S Option,Hyundai
Pune,2016,55001,Petrol,Automatic,Second,16.93,1197,5,8.5,Vento 1.2 TSI Highline AT,Volkswagen
Chennai,2015,28000,Diesel,Automatic,First,15.73,1968,5,23.75,Q3 35 TDI Quattro Premium,Audi
Delhi,2013,53213,Petrol,Manual,First,19.81,1086,5,2.74,i10 Magna 1.1,Hyundai
Coimbatore,2016,44340,Diesel,Automatic,First,16.96,1968,5,13.83,Jetta 2013-2015 2.0L TDI Highline AT,Volkswagen
Mumbai,2017,16900,Petrol,Manual,First,21.1,998,5,6.99,Baleno RS 1.0 Petrol,Maruti
Jaipur,2009,57000,Petrol,Manual,First,19.81,1086,5,2.25,i10 Era,Hyundai
Hyderabad,2013,83165,Diesel,Manual,First,12.8,2494,8,11.49,Innova 2.5 G4 Diesel 8-seater,Toyota
Coimbatore,2012,24735,Petrol,Manual,Second,18.6,1199,5,2.87,Beat LT,Chevrolet
Kolkata,2005,65175,Diesel,Manual,First,12.8,2494,8,3.25,Innova 2.5 G3,Toyota
Pune,2009,60000,Petrol,Manual,Second,9.8,2354,5,3.5,Accord 2.4 Inspire M/T,Honda
Kochi,2017,60357,Diesel,Manual,First,25.32,1198,6,4.49,KUV 100 mFALCON D75 K4 Plus,Mahindra
Jaipur,2011,77000,Diesel,Manual,First,22.07,1199,5,2.9,Polo Diesel Trendline 1.2L,Volkswagen
Coimbatore,2014,85301,Petrol,Manual,First,12.4,1998,8,12.36,Innova 2.0 GX 8 STR,Toyota
Mumbai,2011,50000,Diesel,Automatic,First,11.79,2179,8,6.0,Scorpio VLX AT AIRBAG BSIV,Mahindra
Chennai,2010,58000,Diesel,Automatic,First,16.46,2993,5,31.0,7 Series 730Ld Sedan,BMW
Kolkata,2015,39000,Diesel,Manual,First,25.6,1498,5,5.49,City i-DTEC SV,Honda
Coimbatore,2015,46190,Diesel,Manual,First,22.07,1199,5,5.86,Polo Diesel Comfortline 1.2L,Volkswagen
Mumbai,2015,83000,Diesel,Manual,First,16.0,2179,7,9.0,XUV500 W8 2WD,Mahindra
Jaipur,2016,33000,Petrol,Manual,First,16.09,1598,5,7.7,Vento 1.6 Highline,Volkswagen
Coimbatore,2017,27279,Petrol,Manual,First,17.4,1497,5,9.47,City i VTEC V,Honda
Bangalore,2014,53900,Diesel,Automatic,First,14.16,1968,5,29.0,Q5 2.0 TDI Premium Plus,Audi
Kochi,2012,63998,Petrol,Automatic,First,17.0,1497,5,5.42,City 1.5 V AT Exclusive,Honda
Coimbatore,2016,57932,Petrol,Manual,First,20.4,1197,5,6.39,Swift VXI BSIV,Maruti
Jaipur,2015,25000,Petrol,Manual,First,22.74,796,5,2.75,Alto 800 LXI,Maruti
Chennai,2011,169000,Diesel,Manual,First,20.0,1399,5,2.5,Figo Diesel Titanium,Ford
Delhi,2012,53000,Petrol,Manual,First,17.92,1086,5,2.35,Santro Xing GL Plus,Hyundai
Coimbatore,2015,43053,Petrol,Manual,First,18.9,998,5,4.65,Wagon R VXI,Maruti
Ahmedabad,2014,75000,Diesel,Manual,First,26.0,1498,5,6.0,City i DTEC SV,Honda
Pune,2012,89000,Petrol,Manual,Second,16.8,1497,5,3.5,City V MT AVN,Honda
Hyderabad,2014,75578,Diesel,Manual,First,25.1,1498,5,7.0,City i DTEC VX,Honda
Bangalore,2014,46676,Petrol,Manual,First,17.0,1591,5,7.75,Verna VTVT 1.6 SX,Hyundai
Kochi,2014,51349,Petrol,Manual,First,24.07,998,5,2.93,Alto K10 LXI,Maruti
Kolkata,2014,34233,Diesel,Automatic,First,14.21,2143,5,22.5,E-Class 2009-2013 E250 CDI Avantgarde,Mercedes-Benz
Coimbatore,2014,39626,Diesel,Automatic,First,11.2,2993,4,40.66,X6 xDrive30d,BMW
Pune,2008,82500,Petrol,Manual,First,14.0,1061,5,1.75,Wagon R LXI BSIII,Maruti
Hyderabad,2015,63000,Diesel,Manual,Second,19.72,1461,5,8.2,Duster RXZ AWD,Renault
Delhi,2011,77001,Diesel,Manual,First,12.05,2179,8,4.49,Scorpio VLX 2.2 mHawk Airbag BSIV,Mahindra
Chennai,2016,43000,Diesel,Automatic,First,10.91,3198,7,26.5,Endeavour 3.2 Trend AT 4X4,Ford
Hyderabad,2011,61111,Petrol,Manual,First,19.0,998,5,2.6,Zen Estilo LXI BS IV,Maruti
Bangalore,2005,79000,Petrol,Manual,Second,17.0,1621,5,1.65,Santro Xing XG,Hyundai
Kolkata,2011,43000,Petrol,Manual,First,20.36,1197,5,2.49,i10 Asta,Hyundai
Hyderabad,2013,47000,Petrol,Automatic,First,16.5,1198,5,5.4,Brio VX AT,Honda
Jaipur,2017,34000,Petrol,Automatic,First,20.51,998,5,4.35,Wagon R AMT VXI,Maruti
Coimbatore,2018,22060,Diesel,Automatic,First,18.51,1968,5,32.73,Q3 30 TDI Premium FWD,Audi
Jaipur,2011,80000,Petrol,Manual,First,18.9,998,5,2.5,Wagon R LXI,Maruti
Kochi,2015,13506,Diesel,Automatic,First,18.25,1968,5,21.66,A4 35 TDI Premium Plus,Audi
Mumbai,2016,16000,Petrol,Manual,First,25.17,799,5,2.99,KWID RXT Optional,Renault
Kolkata,2016,31006,Petrol,Manual,First,24.7,796,5,2.61,Alto 800 2016-2019 VXI,Maruti
Delhi,2013,91200,Diesel,Manual,First,12.99,2494,8,8.25,Innova 2.5 GX (Diesel) 8 Seater,Toyota
Pune,2015,43000,Petrol,Automatic,First,14.53,1794,5,12.5,Corolla Altis 2008-2013 1.8 VL AT,Toyota
Hyderabad,2015,45000,Diesel,Manual,First,25.83,1498,5,5.5,Figo 2015-2019 1.5D Titanium Plus MT,Ford
Coimbatore,2014,28637,Petrol,Manual,First,19.4,1198,5,5.53,Brio S MT,Honda
Pune,2004,69870,Petrol,Manual,Second,14.2,1597,5,1.1,Ikon 1.6 ZXI NXt,Ford
Mumbai,2014,84000,Diesel,Manual,First,12.05,2179,7,6.85,Scorpio 2009-2014 LX 2WD 7S,Mahindra
Coimbatore,2007,84143,Petrol,Manual,First,13.0,2987,5,17.09,S-Class 320 L,Mercedes-Benz
Delhi,2012,77000,Diesel,Manual,Second,12.05,2179,8,4.93,Scorpio SLE BSIV,Mahindra
Ahmedabad,2012,75000,Diesel,Automatic,Second,12.39,2179,5,17.5,Rover Freelander 2 SE,Land
Delhi,2011,76155,Petrol,Manual,First,18.6,1199,5,1.95,Beat LS,Chevrolet
Bangalore,2014,98000,Diesel,Manual,First,22.9,1248,5,6.1,Swift ZDi,Maruti
Mumbai,2008,48233,Petrol,Manual,Second,13.4,1794,5,1.8,Corolla H2,Toyota
Bangalore,2015,63000,Diesel,Automatic,First,13.22,2967,5,34.5,Q5 3.0 TDI Quattro,Audi
Coimbatore,2015,34063,Petrol,Manual,First,21.1,814,5,4.01,EON Era Plus,Hyundai
Kolkata,2013,32576,Petrol,Manual,First,19.5,1199,5,3.15,Amaze S Petrol,Honda
Mumbai,2015,28843,Petrol,Automatic,First,17.01,1499,5,5.49,Figo Aspire 1.5 Ti-VCT Titanium,Ford
Bangalore,2016,26000,Diesel,Automatic,Second,19.6,1461,5,10.0,Duster 110PS Diesel RxL AMT,Renault
Kolkata,2013,39000,Petrol,Automatic,First,15.6,1497,5,4.55,City V AT,Honda
Mumbai,2010,66000,Petrol,Manual,First,19.7,796,5,1.5,Alto LXi,Maruti
Kolkata,2011,38002,Petrol,Manual,First,20.36,1197,5,2.15,i10 Magna 1.2,Hyundai
Chennai,2010,49000,Petrol,Manual,Second,18.0,995,5,1.4,Spark 1.0 LS,Chevrolet
Bangalore,2014,52000,Diesel,Manual,First,21.14,1498,5,6.2,Rapid 1.5 TDI Ambition Plus,Skoda
Mumbai,2013,56500,Diesel,Automatic,First,17.68,1968,5,19.8,A6 2011-2015 2.0 TDI Premium Plus,Audi
Mumbai,2015,20568,Petrol,Manual,First,18.7,1199,5,5.6,Jazz 1.2 V i VTEC,Honda
Mumbai,2015,26000,Petrol,Manual,First,15.29,1591,5,9.5,Creta 1.6 SX Plus Dual Tone Petrol,Hyundai
Delhi,2012,56000,Petrol,Manual,First,18.6,1199,5,2.21,Beat LS,Chevrolet
Kochi,2016,36216,Petrol,Manual,First,19.1,1197,5,5.44,Xcent 1.2 Kappa S Option,Hyundai
Kolkata,2009,28888,Petrol,Automatic,First,10.0,2496,5,7.56,E-Class 230 E AT,Mercedes-Benz
Jaipur,2011,120000,Diesel,Manual,Second,22.9,1248,5,3.2,Swift ZDi,Maruti
Kochi,2018,31396,Petrol,Manual,First,23.1,998,5,5.53,Celerio ZXI,Maruti
Hyderabad,2015,79000,Diesel,Automatic,First,19.3,1968,5,17.0,Octavia Elegance 2.0 TDI AT,Skoda
Delhi,2010,62000,Petrol,Automatic,First,16.8,1497,5,3.55,City 1.5 V AT,Honda
Chennai,2006,120000,Petrol,Automatic,Second,9.0,2997,5,2.65,Accord V6 AT,Honda
Mumbai,2016,53000,Petrol,Automatic,First,14.67,1798,5,17.85,Superb Style 1.8 TSI AT,Skoda
Coimbatore,2010,124313,Diesel,Manual,First,12.99,2494,8,7.96,Innova 2.5 G (Diesel) 8 Seater,Toyota
Pune,2015,26725,Petrol,Automatic,First,23.1,998,5,4.25,Celerio VXI AT,Maruti
Kolkata,2014,45617,Diesel,Manual,First,20.77,1248,7,5.85,Ertiga VDI,Maruti
Mumbai,2013,37000,Diesel,Automatic,First,20.0,2143,5,13.0,A Class A180 CDI,Mercedes-Benz
Kochi,2010,109147,Diesel,Manual,First,14.0,2498,8,2.65,Xylo E2,Mahindra
Ahmedabad,2014,59000,Diesel,Manual,First,25.8,1498,5,4.75,Amaze E i-Dtech,Honda
Pune,2015,28000,Petrol,Manual,First,25.17,799,5,2.65,KWID RXT,Renault
Pune,2017,4700,Petrol,Manual,First,25.17,799,5,3.0,KWID RXT,Renault
Coimbatore,2014,72469,Diesel,Automatic,First,12.07,2967,7,32.52,Q7 3.0 TDI Quattro Premium Plus,Audi
Pune,2014,57539,Diesel,Automatic,First,22.32,1582,5,7.75,Verna 1.6 SX CRDI (O) AT,Hyundai
Delhi,2016,42000,Diesel,Automatic,First,11.36,2755,7,19.6,Innova Crysta 2.8 ZX AT,Toyota
Delhi,2010,62489,Petrol,Manual,First,17.0,1197,5,2.6,i20 Sportz Option,Hyundai
Mumbai,2013,51167,Petrol,Manual,First,16.47,1198,5,3.76,Polo Petrol Comfortline 1.2L,Volkswagen
Chennai,2012,130000,Diesel,Manual,First,20.54,1598,5,4.75,Vento Diesel Trendline,Volkswagen
Mumbai,2007,63000,Petrol,Manual,Second,17.7,1497,5,1.75,City ZX GXi,Honda
Bangalore,2011,60000,Petrol,Manual,First,16.2,1599,5,3.95,Verna Transform Xxi ABS,Hyundai
Pune,2005,123200,Petrol,Manual,Second,13.2,1495,5,1.0,Accent GLE,Hyundai
Jaipur,2011,115692,Diesel,Automatic,First,20.0,1968,5,4.5,Laura Ambiente 2.0 TDI CR AT,Skoda
Coimbatore,2011,87073,Petrol,Automatic,First,10.93,2497,5,17.23,E-Class 2009-2013 E 250 Elegance,Mercedes-Benz
Kochi,2015,40901,Petrol,Manual,First,18.6,1197,5,5.76,i20 Sportz 1.2,Hyundai
Coimbatore,2013,36264,Petrol,Manual,First,20.36,1197,5,4.32,i10 Magna 1.2,Hyundai
Delhi,2009,60000,Petrol,Manual,Second,19.81,1086,5,1.9,i10 Magna 1.1L,Hyundai
Pune,2018,20000,Petrol,Manual,First,17.0,1198,5,5.5,Ameo 1.2 MPI Anniversary Edition,Volkswagen
Mumbai,2014,68400,Petrol,Automatic,First,12.98,2494,5,13.5,Camry 2.5 G,Toyota
Bangalore,2013,71231,Diesel,Manual,Second,16.0,2179,7,9.75,XUV500 W8 2WD,Mahindra
Hyderabad,2011,75000,Diesel,Automatic,First,17.2,1968,5,9.44,Superb Elegance 2.0 TDI CR AT,Skoda
Mumbai,2018,1997,Petrol,Automatic,First,22.5,998,5,4.45,Wagon R VXI AMT,Maruti
Pune,2016,47300,Diesel,Manual,First,24.3,1248,5,8.85,Vitara Brezza ZDi Plus Dual Tone,Maruti
Kochi,2013,47910,Diesel,Manual,First,20.54,1598,5,4.89,Vento Diesel Comfortline,Volkswagen
Hyderabad,2015,62000,Diesel,Manual,First,20.14,1498,5,6.25,Polo 1.5 TDI Highline,Volkswagen
Chennai,2012,65060,Diesel,Manual,First,22.9,1248,5,4.8,Swift ZDi,Maruti
Jaipur,2008,82203,Petrol,Manual,First,19.81,1086,5,1.8,i10 Era 1.1,Hyundai
Kolkata,2013,44000,Diesel,Manual,First,16.0,2179,7,7.25,XUV500 W8 2WD,Mahindra
Coimbatore,2014,53817,Diesel,Manual,First,25.47,1248,7,7.56,Ertiga VDI,Maruti
Kochi,2013,61591,Diesel,Manual,First,16.0,2179,7,6.82,XUV500 W8 2WD,Mahindra
Jaipur,2011,86500,Diesel,Manual,Second,21.12,1248,5,1.8,Manza Aura Quadrajet BS IV,Tata
Pune,2009,100000,Diesel,Automatic,First,11.0,2987,5,11.5,E-Class 280 CDI,Mercedes-Benz
Chennai,2010,87000,Petrol,Manual,First,15.6,1586,5,2.8,SX4 Zxi with Leather BSIII,Maruti
Hyderabad,2016,35000,Petrol,Automatic,First,20.51,998,5,5.5,Wagon R AMT VXI,Maruti
Jaipur,2014,59327,Diesel,Manual,First,20.0,1399,5,3.25,Figo Diesel ZXI,Ford
Coimbatore,2014,81001,Diesel,Automatic,First,17.2,1968,5,10.9,Superb Elegance 2.0 TDI CR AT,Skoda
Kochi,2014,44612,Petrol,Manual,First,18.5,1197,5,4.07,i20 1.2 Magna,Hyundai
Ahmedabad,2016,42388,Diesel,Automatic,First,11.36,2755,7,18.0,Innova Crysta 2.8 ZX AT,Toyota
Mumbai,2012,54000,Petrol,Manual,First,19.4,1198,5,2.95,Brio V MT,Honda
Mumbai,2011,83010,Diesel,Automatic,First,17.2,1968,5,7.5,Superb Elegance 2.0 TDI CR AT,Skoda
Coimbatore,2016,65405,Diesel,Automatic,First,13.0,2143,5,32.73,E-Class 2015-2017 E250 CDI Avantgarde,Mercedes-Benz
Delhi,2015,36000,Diesel,Automatic,Second,12.55,2982,7,21.5,Fortuner 4x2 AT TRD Sportivo,Toyota
Pune,2008,85000,Petrol,Manual,First,16.51,1586,5,2.5,SX4 ZXI MT BSIV,Maruti
Ahmedabad,2016,35000,Diesel,Manual,First,27.3,1498,5,5.5,Jazz 1.5 V i DTEC,Honda
Mumbai,2012,54000,Petrol,Automatic,First,14.53,1794,5,7.5,Corolla Altis 2008-2013 1.8 VL AT,Toyota
Mumbai,2007,70000,Petrol,Manual,First,16.9,1497,5,1.55,City ZX VTEC,Honda
Kolkata,2017,27001,Diesel,Automatic,First,20.68,1995,5,29.0,X1 xDrive 20d M Sport,BMW
Coimbatore,2019,41075,Diesel,Manual,First,28.4,1248,5,8.4,Swift DDiS VDI,Maruti
Hyderabad,2016,26000,Diesel,Manual,First,25.32,1198,6,6.5,KUV 100 mFALCON D75 K8,Mahindra
Mumbai,2010,55000,Petrol,Manual,First,16.0,1198,5,2.35,Jazz Mode,Honda
Mumbai,2016,19000,Petrol,Manual,First,20.4,1197,5,5.55,Swift ZXI,Maruti
Mumbai,2016,15000,Petrol,Automatic,First,18.9,1197,5,5.35,Grand i10 Asta Option AT,Hyundai
Chennai,2016,37000,Petrol,Manual,First,17.8,1198,5,5.25,Amaze SX i-VTEC,Honda
Coimbatore,2017,38712,Petrol,Manual,First,18.9,1197,5,5.87,Grand i10 1.2 Kappa Sportz,Hyundai
Kochi,2014,52400,Diesel,Manual,First,20.54,1598,5,5.36,Vento Diesel Comfortline,Volkswagen
Bangalore,2016,23988,Diesel,Manual,First,28.09,1248,5,7.75,Ciaz 1.3 S,Maruti
Kochi,2014,32283,Petrol,Automatic,Second,14.4,1598,5,5.41,Vento Petrol Highline AT,Volkswagen
Bangalore,2010,52000,Petrol,Manual,First,18.5,1197,5,3.65,i20 1.2 Magna,Hyundai
Pune,2016,32000,Petrol,Automatic,First,16.5,1198,5,5.25,Brio VX AT,Honda
Kolkata,2014,39000,Petrol,Manual,First,17.4,1497,5,6.25,City i VTEC VX,Honda
Coimbatore,2017,14149,Petrol,Manual,First,23.9,624,4,3.47,Nano XT,Tata
Mumbai,2006,103000,Petrol,Automatic,First,10.13,3498,5,8.85,S Class 2005 2013 S 350 L,Mercedes-Benz
Pune,2004,82000,Petrol,Manual,First,14.0,1061,5,0.85,Wagon R LXI BSIII,Maruti
Mumbai,2015,34000,Petrol,Automatic,First,13.7,1798,5,13.65,Superb Elegance 1.8 TSI AT,Skoda
Ahmedabad,2018,2000,Petrol,Manual,First,22.0,1197,5,7.75,Swift ZXI Plus,Maruti
Coimbatore,2011,82321,Diesel,Manual,First,12.8,2494,7,10.05,Innova 2.5 G4 Diesel 7-seater,Toyota
Kolkata,2011,7000,Petrol,Automatic,First,12.05,1995,5,9.75,3 Series 320i Sedan,BMW
Delhi,2015,27000,Diesel,Automatic,First,17.9,2143,5,23.0,GLA Class 200 CDI SPORT,Mercedes-Benz
Coimbatore,2019,31271,Diesel,Manual,First,13.68,2393,8,21.42,Innova Crysta 2.4 VX MT 8S,Toyota
Jaipur,2003,55000,Petrol,Manual,Third,15.9,1298,5,0.7,Esteem LX BSII,Maruti
Delhi,2014,24000,Diesel,Manual,First,25.2,1248,5,5.21,Swift VDI BSIV,Maruti
Hyderabad,2009,147000,Diesel,Manual,First,12.99,2494,7,7.5,Innova 2.5 GX (Diesel) 7 Seater,Toyota
Delhi,2012,72351,Diesel,Manual,First,23.59,1364,5,2.65,Etios Liva GD,Toyota
Chennai,2010,115000,Petrol,Manual,First,18.6,1199,5,1.75,Beat LT,Chevrolet
Jaipur,2010,82000,Diesel,Manual,Second,13.8,1399,5,1.0,Ikon 1.4 TDCi DuraTorq,Ford
Delhi,2016,20000,Diesel,Automatic,First,19.27,2143,5,33.0,New C-Class C 220 CDI Avantgarde,Mercedes-Benz
Kolkata,2011,45560,Petrol,Manual,First,17.6,1496,5,2.2,Etios G,Toyota
Kochi,2017,57539,Diesel,Manual,First,12.8,2494,7,12.83,Innova 2.5 GX (Diesel) 7 Seater BS IV,Toyota
Mumbai,2012,54500,Diesel,Manual,First,21.13,1498,5,4.1,Rapid 1.5 TDI Ambition,Skoda
Jaipur,2016,27886,Petrol,Manual,First,22.0,814,5,2.85,EON Magna,Hyundai
Mumbai,2007,66000,Petrol,Automatic,First,11.1,2354,5,3.7,CR-V 2.4L 4WD AT,Honda
Coimbatore,2013,72202,Diesel,Automatic,First,20.0,1968,5,9.06,Laura Elegance 2.0 TDI CR AT,Skoda
Delhi,2011,70000,Petrol,Manual,Second,13.4,1798,5,4.75,Laura RS,Skoda
Jaipur,2015,78233,Diesel,Manual,First,26.0,1498,5,6.6,City i DTec S,Honda
Chennai,2007,120203,Diesel,Manual,Second,13.93,2179,7,3.5,New Safari 4X4 EX,Tata
Pune,2011,20575,Petrol,Manual,First,19.0,998,5,2.0,Zen Estilo LXI BS IV,Maruti
Mumbai,2013,39879,Petrol,Manual,First,17.8,1198,5,3.89,Amaze S i-VTEC,Honda
Jaipur,2017,31056,Petrol,Manual,First,23.01,999,5,3.6,KWID 1.0 RXL,Renault
Mumbai,2015,50940,Petrol,Automatic,First,19.12,1373,5,6.95,Ciaz AT ZXi,Maruti
Coimbatore,2016,99362,Diesel,Manual,First,22.54,1396,5,7.03,i20 Asta Option 1.4 CRDi,Hyundai
Ahmedabad,2016,54000,Diesel,Manual,First,13.68,2393,7,16.5,Innova Crysta 2.4 ZX MT,Toyota
Coimbatore,2016,54268,Diesel,Manual,First,28.09,1248,5,7.67,Ciaz ZDi Plus SHVS,Maruti
Coimbatore,2012,94521,Diesel,Automatic,First,14.74,2993,5,23.19,XF Diesel,Jaguar
Kochi,2017,38932,Petrol,Manual,First,19.1,1197,5,6.21,Xcent 1.2 Kappa S,Hyundai
Coimbatore,2015,60395,Diesel,Automatic,First,16.12,2967,5,45.82,Cayenne Diesel,Porsche
Mumbai,2016,29000,Diesel,Manual,First,24.4,1120,5,5.95,Xcent 1.1 CRDi S,Hyundai
Delhi,2011,58000,Diesel,Automatic,First,16.55,1968,5,11.0,A4 2.0 TDI Multitronic,Audi
Coimbatore,2016,60913,Petrol,Manual,First,20.73,1373,5,7.19,Ciaz RS ZXi Plus,Maruti
Delhi,2011,65000,Diesel,Manual,First,12.8,2494,8,6.4,Innova 2.5 G4 Diesel 8-seater,Toyota
Chennai,2015,26000,Diesel,Manual,First,15.8,2148,5,26.0,New C-Class 220 CDI MT,Mercedes-Benz
Hyderabad,2016,19947,Petrol,Manual,First,20.36,1197,5,4.5,i10 Sportz,Hyundai
Chennai,2011,70816,Petrol,Automatic,First,16.95,1197,5,3.1,i10 Sportz 1.2 AT,Hyundai
Delhi,2015,54000,Diesel,Manual,First,27.39,1248,5,5.95,Baleno Zeta 1.3,Maruti
Delhi,2008,138000,Petrol,Manual,First,18.2,1061,5,1.2,Zen Estilo 1.1 VXI BSIII,Maruti
Bangalore,2015,50000,Diesel,Automatic,First,11.33,4134,7,48.0,Q7 4.2 TDI Quattro Technology,Audi
Hyderabad,2011,124652,Diesel,Automatic,First,11.7,2993,5,21.99,X5 xDrive 30d,BMW
Hyderabad,2013,80264,Petrol,Manual,First,21.1,1197,5,4.3,Ritz LXI,Maruti
Pune,2013,125600,Diesel,Manual,First,21.64,1461,5,3.75,Sunny 2011-2014 Diesel XL,Nissan
Mumbai,2015,49000,Petrol,Manual,First,14.28,1798,5,8.95,Corolla Altis 1.8 Limited Edition,Toyota
Pune,2012,111000,Diesel,Manual,First,23.59,1364,5,4.75,Etios VXD,Toyota
Coimbatore,2016,33690,Petrol,Manual,First,14.28,1798,5,14.6,Corolla Altis GL MT,Toyota
Mumbai,2012,50000,Diesel,Automatic,First,17.68,1968,5,17.5,A6 2011-2015 2.0 TDI Premium Plus,Audi
Kolkata,2012,38092,Diesel,Manual,First,20.77,1248,7,5.2,Ertiga ZDI,Maruti
Coimbatore,2017,47774,Petrol,Manual,First,18.9,1197,5,6.04,Grand i10 Sportz,Hyundai
Chennai,2009,167000,Diesel,Manual,Second,19.09,1396,5,2.7,Indigo CS LX (TDI) BS III,Tata
Chennai,2019,65000,Diesel,Automatic,First,26.59,1248,5,6.75,Swift Dzire AMT ZDI,Maruti
Kolkata,2011,46000,Petrol,Manual,First,15.26,1598,5,2.35,Polo Petrol Highline 1.6L,Volkswagen
Hyderabad,2017,16500,Petrol,Manual,First,23.84,1199,5,5.0,Tiago 1.2 Revotron XZ WO Alloy,Tata
Kolkata,2016,39000,Petrol,Manual,First,17.8,1497,5,6.95,City i VTEC VX,Honda
Jaipur,2018,6000,Petrol,Manual,First,19.5,1199,5,6.7,Amaze V Petrol,Honda
Hyderabad,2015,60000,Diesel,Automatic,First,17.11,1968,5,25.0,A4 35 TDI Premium,Audi
Chennai,2011,97320,Petrol,Automatic,First,14.4,1598,5,3.75,Vento Petrol Highline AT,Volkswagen
Chennai,2011,99807,Diesel,Manual,First,20.54,1598,5,3.75,Vento Diesel Trendline,Volkswagen
Pune,2013,46000,Petrol,Manual,First,17.0,1497,5,5.1,City 1.5 S MT,Honda
Mumbai,2010,12000,Petrol,Manual,First,22.5,998,5,2.45,Wagon R LXI,Maruti
Kolkata,2005,13002,Petrol,Automatic,First,9.3,2771,5,3.25,Superb 2.8 V6 AT,Skoda
Kolkata,2014,26000,Diesel,Manual,First,26.0,1498,5,5.5,City i DTEC SV,Honda
Kochi,2016,51639,Petrol,Manual,First,22.74,796,5,3.04,Alto 800 LXI,Maruti
Delhi,2015,21000,Petrol,Manual,First,18.6,1197,5,4.9,i20 Magna 1.2,Hyundai
Bangalore,2013,90000,Diesel,Manual,First,22.7,1498,5,6.25,Ecosport 1.5 DV5 MT Trend,Ford
Hyderabad,2015,36255,Diesel,Automatic,First,19.59,1995,5,33.0,3 Series GT 320d Luxury Line,BMW
Chennai,2011,58000,Diesel,Automatic,Second,11.7,2993,5,27.0,X5 xDrive 30d,BMW
Coimbatore,2014,48997,Petrol,Manual,Second,18.0,1198,5,5.21,Amaze S i-Vtech,Honda
Mumbai,2014,31130,Petrol,Manual,First,15.85,1499,5,5.75,EcoSport 1.5 Ti VCT MT Titanium,Ford
Coimbatore,2012,75668,Diesel,Automatic,First,14.74,2993,5,16.58,XF 3.0 Litre S Premium Luxury,Jaguar
Delhi,2015,12000,Petrol,Manual,First,14.53,1798,5,11.0,Corolla 1.8 J,Toyota
Pune,2014,90000,Petrol,Manual,Second,20.36,1197,5,2.8,i10 Sportz,Hyundai
Kochi,2019,17320,Diesel,Automatic,First,15.8,2148,5,37.99,New C-Class C220 CDI Executive Edition,Mercedes-Benz
Delhi,2011,85000,Diesel,Manual,Second,20.0,1968,5,3.65,Laura Ambiente 2.0 TDI CR MT,Skoda
Hyderabad,2007,130000,Diesel,Manual,First,13.1,2499,7,6.0,Endeavour 4x2 XLT,Ford
Coimbatore,2013,60328,Petrol,Manual,First,15.6,1196,5,4.54,Figo Petrol EXI,Ford
Kochi,2015,34327,Petrol,Manual,First,18.0,1198,5,5.4,Amaze S i-Vtech,Honda
Mumbai,2014,75000,Diesel,Manual,First,19.1,1405,5,3.3,Indica Vista TDI LS,Tata
Hyderabad,2012,86000,Diesel,Automatic,Second,14.7,1985,5,18.25,XC60 D4 Summum,Volvo
Kochi,2013,57759,Petrol,Manual,First,21.1,814,5,3.84,EON Era Plus,Hyundai
Kolkata,2016,24300,Petrol,Manual,First,22.74,796,5,2.44,Alto 800 VXI,Maruti
Bangalore,2011,66000,Petrol,Manual,Second,16.47,1198,5,3.6,Polo Petrol Trendline 1.2L,Volkswagen
Mumbai,2015,75915,Petrol,Manual,First,20.36,1197,5,3.9,i10 Asta,Hyundai
Chennai,2013,107000,Petrol,Manual,Second,16.95,1498,5,2.9,Sunny 2011-2014 XL,Nissan
Chennai,2008,86000,Petrol,Manual,Second,14.53,1798,5,3.5,Corolla Altis G,Toyota
Chennai,2009,160000,Diesel,Manual,Second,18.1,1493,5,3.5,Verna CRDi ABS,Hyundai
Jaipur,2019,3000,Petrol,Manual,First,24.7,796,5,3.5,Alto 800 2016-2019 LXI Optional,Maruti
Hyderabad,2015,72495,Diesel,Manual,First,21.9,1396,5,7.0,i20 Sportz 1.4 CRDi,Hyundai
Chennai,2016,33000,Diesel,Automatic,First,19.08,1582,5,8.7,Verna 1.6 CRDi AT S,Hyundai
Hyderabad,2014,60000,Diesel,Automatic,First,12.07,2967,7,45.0,Q7 3.0 TDI Quattro Technology,Audi
Hyderabad,2016,80103,Diesel,Manual,First,25.0,1396,5,1.8,Indica V2 eLS,Tata
Kolkata,2007,42100,Petrol,Manual,First,18.0,995,5,0.99,Spark 1.0 LS,Chevrolet
Kolkata,2018,4500,Petrol,Manual,First,18.9,1197,5,4.8,Grand i10 1.2 Kappa Magna,Hyundai
Mumbai,2014,97000,Diesel,Manual,First,12.55,2982,7,17.95,Fortuner 4x4 MT TRD Sportivo,Toyota
Kochi,2017,51223,Petrol,Manual,First,18.9,1197,5,5.66,Grand i10 1.2 Kappa Asta,Hyundai
Delhi,2009,64000,Petrol,Manual,First,17.0,1497,5,3.1,City 1.5 S MT,Honda
Kochi,2016,56911,Petrol,Manual,First,18.6,1197,5,6.54,Elite i20 Petrol Asta,Hyundai
Hyderabad,2015,147848,Diesel,Manual,First,12.8,2494,8,13.2,Innova 2.5 G4 Diesel 8-seater,Toyota
Kochi,2019,14076,Diesel,Automatic,First,11.36,2755,7,19.4,Innova Crysta 2.8 GX AT,Toyota
Ahmedabad,2007,75180,Petrol,Manual,First,18.2,1061,5,1.65,Zen Estilo 1.1 VXI BSIII,Maruti
Jaipur,2013,92000,Diesel,Manual,Second,22.9,1248,5,4.35,Swift ZDi,Maruti
Hyderabad,2015,57266,Diesel,Manual,First,20.5,1248,5,6.5,Avventura MULTIJET Emotion,Fiat
Delhi,2007,64000,Petrol,Manual,First,18.2,998,5,1.11,Zen Estilo VXI BSIII,Maruti
Mumbai,2013,41000,Diesel,Manual,First,19.87,1461,5,5.5,Duster 85PS Diesel RxL,Renault
Delhi,2012,45999,Diesel,Manual,First,10.5,2835,6,11.0,Pajero 2.8 SFX,Mitsubishi
Pune,2015,50000,Petrol,Automatic,First,23.1,998,5,3.9,Celerio VXI AT,Maruti
Pune,2013,70000,Diesel,Manual,First,17.88,1405,5,1.8,Indica V2 DLS BSIII,Tata
Kochi,2016,37540,Petrol,Manual,First,18.6,1197,5,6.22,Elite i20 Petrol Asta,Hyundai
Hyderabad,2014,44000,Petrol,Automatic,First,23.1,998,5,4.3,Celerio VXI AT,Maruti
Hyderabad,2017,22500,Petrol,Manual,First,18.9,1197,5,5.99,Grand i10 1.2 Kappa Asta,Hyundai
Delhi,2017,17431,Petrol,Manual,First,18.6,1197,5,6.0,i20 1.2 Magna Executive,Hyundai
Delhi,2014,61566,Petrol,Manual,First,17.1,1591,5,5.85,Verna 1.6 SX VTVT (O),Hyundai
Kochi,2014,61730,Diesel,Automatic,First,12.39,2179,5,19.94,Rover Freelander 2 SE,Land
Chennai,2009,68000,Petrol,Manual,First,16.1,1298,5,2.9,Swift VXI BSIII,Maruti
Mumbai,2014,29000,Petrol,Manual,First,18.0,1198,5,4.25,Amaze SX i-VTEC,Honda
Hyderabad,2010,156210,Diesel,Manual,First,21.43,1364,5,5.99,Corolla Altis Diesel D4DG,Toyota
Kolkata,2013,46500,Diesel,Manual,First,27.4,1498,5,3.3,Amaze S Diesel,Honda
Coimbatore,2009,52830,Diesel,Automatic,Second,16.77,2967,5,8.08,A6 3.0 TDI quattro,Audi
Jaipur,2017,39867,Petrol,Manual,First,22.5,998,5,4.5,Wagon R VXI,Maruti
Hyderabad,2014,58972,Diesel,Manual,First,24.2,1498,7,6.5,Mobilio E i DTEC,Honda
Bangalore,2006,66000,Petrol,Automatic,Second,10.1,2354,5,3.9,CR-V 2.4 4WD AT,Honda
Delhi,2013,52000,Petrol,Manual,First,17.1,1591,5,5.25,Verna 1.6 SX VTVT (O),Hyundai
Bangalore,2014,58000,Diesel,Automatic,First,11.72,2199,7,17.0,Santa Fe 4x4 AT,Hyundai
Ahmedabad,2012,58000,Petrol,Automatic,First,16.95,1197,5,3.5,i10 Sportz AT,Hyundai
Hyderabad,2008,75000,Diesel,Manual,Second,17.7,1399,5,3.0,Fusion Plus 1.4 TDCi Diesel,Ford
Coimbatore,2015,41008,Petrol,Manual,Second,20.36,1197,5,4.87,i10 Sportz,Hyundai
Jaipur,2014,65000,Diesel,Manual,First,24.4,1120,5,6.0,Xcent 1.1 CRDi SX Option,Hyundai
Mumbai,2015,19000,Diesel,Automatic,First,18.19,1968,5,15.5,Superb Style 2.0 TDI AT,Skoda
Pune,2008,74000,Petrol,Manual,Second,16.6,1388,5,1.6,Fiesta 1.4 Duratec EXI,Ford
Pune,2017,33000,Petrol,Automatic,First,21.4,1197,5,7.25,Baleno Zeta Automatic,Maruti
Mumbai,2010,95000,Diesel,Manual,Second,17.0,1896,5,3.25,Laura 1.9 TDI MT Ambiente,Skoda
Kolkata,2012,34000,Diesel,Manual,First,20.64,1498,5,3.4,Vento 1.5 TDI Comfortline,Volkswagen
Coimbatore,2014,102865,Diesel,Automatic,First,12.07,2967,7,30.5,Q7 3.0 TDI Quattro Technology,Audi
Kochi,2016,52378,Petrol,Manual,First,17.0,1591,5,7.97,Verna VTVT 1.6 SX Option,Hyundai
Delhi,2012,38000,Diesel,Automatic,First,14.84,2143,5,13.51,New C-Class 220 CDI AT,Mercedes-Benz
Kochi,2015,60334,Diesel,Manual,First,25.8,1498,5,5.43,Amaze S i-Dtech,Honda
Chennai,2010,107000,Petrol,Manual,First,16.6,1388,5,2.6,Fiesta 1.4 Duratec EXI Limited Edition,Ford
Bangalore,2013,445000,Petrol,Manual,First,18.5,1197,5,4.45,i20 Magna Optional 1.2,Hyundai
Kolkata,2017,2196,Petrol,Manual,First,22.74,796,5,2.75,Alto 800 LXI,Maruti
Kolkata,2010,24000,Petrol,Automatic,First,10.6,2996,5,8.75,5 Series 530i Sedan,BMW
Coimbatore,2015,44846,Petrol,Manual,Second,14.6,1368,5,5.41,Grande Punto 1.4 Emotion,Fiat
Kochi,2018,64035,Diesel,Automatic,First,28.4,1248,5,8.55,Dzire AMT ZDI Plus,Maruti
Mumbai,2014,45600,Diesel,Manual,First,15.1,2179,7,8.25,XUV500 W6 2WD,Mahindra
Kochi,2014,102001,Diesel,Automatic,First,11.1,2400,7,23.58,XC90 2007-2015 D5 AT AWD,Volvo
Coimbatore,2014,47439,Petrol,Manual,First,20.36,1197,5,4.49,i10 Sportz 1.2,Hyundai
Hyderabad,2010,193254,Diesel,Manual,First,11.5,2982,7,12.99,Fortuner 3.0 Diesel,Toyota
Bangalore,2016,29000,Petrol,Automatic,First,21.9,624,4,2.8,Nano XTA,Tata
Coimbatore,2016,51681,Diesel,Manual,First,19.98,1461,8,8.43,Lodgy 110PS RxZ 8 Seater,Renault
Hyderabad,2015,50000,Diesel,Automatic,First,12.07,2967,7,47.5,Q7 3.0 TDI Quattro Premium Plus,Audi
Mumbai,2016,42666,Petrol,Automatic,First,18.0,1497,5,8.95,City i VTEC CVT VX,Honda
Jaipur,2013,65000,Diesel,Manual,Second,19.01,1461,5,5.5,Duster 110PS Diesel RxL,Renault
Jaipur,2014,18776,Petrol,Manual,First,17.8,1198,5,4.75,Amaze S i-VTEC,Honda
Jaipur,2016,6714,Petrol,Manual,First,18.0,1198,5,4.75,Amaze S i-Vtech,Honda
Pune,2009,40000,Petrol,Automatic,Second,12.05,1995,5,9.5,3 Series 320i,BMW
Coimbatore,2011,88539,Diesel,Manual,First,23.2,1248,5,3.77,Ritz LDi,Maruti
Delhi,2012,65055,Petrol,Manual,Second,17.0,1497,5,4.25,City 1.5 S MT,Honda
Mumbai,2014,23000,Diesel,Automatic,First,18.88,1995,5,19.9,3 Series 320d Sport Line,BMW
Chennai,2009,60000,Diesel,Manual,First,15.0,1896,5,4.0,Jetta 2007-2011 1.9 TDI Trendline,Volkswagen
Kochi,2013,59350,Petrol,Manual,First,19.1,1197,5,4.16,Swift Dzire LXI,Maruti
Bangalore,2015,19000,Diesel,Automatic,Second,16.36,2179,5,38.0,XF 2.2 Litre Executive,Jaguar
Kochi,2016,45560,Petrol,Automatic,First,16.9,1197,5,6.34,Xcent 1.2 Kappa AT SX Option,Hyundai
Pune,2009,118000,Diesel,Manual,First,12.8,2494,8,4.5,Innova 2.5 G (Diesel) 7 Seater BS IV,Toyota
Chennai,2016,55000,Petrol,Manual,First,15.1,1196,7,3.75,Eeco 7 Seater Standard,Maruti
Delhi,2012,60000,Diesel,Automatic,Second,15.2,1968,5,10.2,A4 New 2.0 TDI Multitronic,Audi
Chennai,2007,145000,Diesel,Manual,First,12.8,2494,8,5.0,Innova 2.5 G (Diesel) 7 Seater BS IV,Toyota
Mumbai,2008,46810,Petrol,Manual,First,9.8,1995,5,3.95,Grand Vitara MT,Maruti
Coimbatore,2016,62767,Diesel,Manual,First,20.34,1498,5,9.75,Vento 1.5 TDI Highline,Volkswagen
Kochi,2018,18553,Petrol,Manual,First,18.6,1197,5,7.93,Elite i20 Petrol Asta,Hyundai
Hyderabad,2011,143143,Diesel,Manual,First,17.8,1399,5,2.1,Fiesta Classic 1.4 Duratorq CLXI,Ford
Coimbatore,2015,53497,Diesel,Manual,First,13.5,2477,7,16.42,Pajero Sport 4X4,Mitsubishi
Bangalore,2011,148000,Diesel,Manual,Second,14.66,2199,7,8.9,Santa Fe 4X4,Hyundai
Pune,2012,95000,Diesel,Manual,First,15.1,2179,7,7.21,XUV500 W8 2WD,Mahindra
Chennai,2015,100000,Diesel,Manual,First,12.8,2494,8,13.5,Innova 2.5 V Diesel 8-seater,Toyota
Bangalore,2014,87000,Diesel,Manual,First,12.05,2179,7,7.4,Scorpio 2009-2014 SLE 7S BSIV,Mahindra
Kochi,2014,56838,Petrol,Automatic,First,16.8,1497,5,5.15,City 1.5 S AT,Honda
Pune,2013,100000,Diesel,Automatic,First,12.0,2987,7,32.0,GL-Class 2007 2012 350 CDI Luxury,Mercedes-Benz
Kolkata,2011,125000,Petrol,Manual,First,17.0,1497,5,3.25,City 1.5 S MT,Honda
Kolkata,2017,17000,Petrol,Automatic,First,22.5,998,5,3.95,Wagon R VXI AMT,Maruti
Pune,2013,70000,Petrol,Manual,Second,15.4,1193,5,1.5,Indigo eCS GLE BSIII,Tata
Pune,2010,50000,Petrol,Manual,Second,17.0,1197,5,3.0,i20 2015-2017 1.2 Asta with AVN,Hyundai
Kolkata,2010,39800,Petrol,Manual,First,16.0,1198,5,1.99,Jazz Active,Honda
Kolkata,2010,60000,Petrol,Manual,First,19.0,998,5,1.35,A-Star Lxi,Maruti
Hyderabad,2009,58000,Diesel,Automatic,First,16.07,1995,5,13.5,3 Series 320d Highline,BMW
Hyderabad,2010,110009,Diesel,Manual,First,17.67,1968,5,6.99,Yeti Elegance,Skoda
Hyderabad,2013,85000,Diesel,Manual,First,19.01,1461,5,8.5,Terrano XV Premium 110 PS,Nissan
Pune,2010,84000,Diesel,Manual,Second,22.07,1199,5,2.89,Polo Diesel Comfortline 1.2L,Volkswagen
Mumbai,2011,51000,Diesel,Automatic,First,22.69,1995,5,10.5,3 Series 320d,BMW
Kochi,2013,68880,Petrol,Manual,First,16.95,1498,5,3.97,Sunny 2011-2014 XL,Nissan
Chennai,2017,5500,Petrol,Automatic,First,24.07,998,5,4.25,Alto K10 VXI AGS,Maruti
Coimbatore,2016,40052,Petrol,Manual,First,21.1,1197,5,6.17,Ritz ZXI,Maruti
Coimbatore,2016,47293,Diesel,Automatic,First,14.16,1968,5,38.72,Q5 30 TDI quattro Premium Plus,Audi
Hyderabad,2013,79663,Diesel,Manual,First,16.8,1493,5,6.5,Verna CRDi SX,Hyundai
Jaipur,2013,63000,Diesel,Manual,Second,25.8,1498,5,4.25,Amaze S i-Dtech,Honda
Kolkata,2014,45000,Diesel,Manual,First,26.0,1498,5,4.75,City i DTEC SV,Honda
Kochi,2014,56501,Diesel,Automatic,First,12.9,2755,7,17.71,Fortuner TRD Sportivo 2.8 2WD AT,Toyota
Jaipur,2015,58000,Diesel,Manual,First,20.34,1498,5,5.85,Vento 1.5 TDI Highline,Volkswagen
Coimbatore,2011,51602,Diesel,Automatic,First,22.48,1995,5,17.27,5 Series 520d Luxury Line,BMW
Hyderabad,2007,74199,Diesel,Automatic,First,16.07,1995,5,9.25,3 Series 320d Sedan,BMW
Ahmedabad,2017,25000,Petrol,Automatic,First,13.0,1591,5,12.75,Creta 1.6 SX Plus Petrol Automatic,Hyundai
Pune,2016,70000,Diesel,Automatic,Second,21.76,1995,5,27.0,3 Series Luxury Line,BMW
Bangalore,2013,25000,Diesel,Automatic,Second,14.84,2143,5,21.0,New C-Class C 220 CDI BE Avantgare,Mercedes-Benz
Hyderabad,2017,22000,Diesel,Manual,First,26.59,1248,5,7.95,Swift Dzire VDI,Maruti
Hyderabad,2015,47020,Petrol,Manual,Second,23.1,998,5,4.5,Celerio ZXI,Maruti
Mumbai,2017,8000,Diesel,Automatic,First,19.59,1995,5,33.75,3 Series 320d GT Luxury Line,BMW
Delhi,2010,73000,Diesel,Automatic,First,11.33,4134,7,17.51,Q7 4.2 TDI Quattro Technology,Audi
Kochi,2017,36973,Petrol,Manual,First,18.2,1199,5,6.8,Jazz V,Honda
Coimbatore,2014,42083,Petrol,Manual,First,25.4,624,4,1.68,Nano Cx BSIV,Tata
Chennai,2016,61000,Petrol,Manual,First,24.7,796,5,2.9,Alto 800 2016-2019 LXI,Maruti
Mumbai,2014,43628,Petrol,Manual,First,22.5,998,5,3.16,Wagon R VXI,Maruti
Jaipur,2014,60000,Diesel,Manual,First,24.4,1120,5,3.9,Xcent 1.1 CRDi Base,Hyundai
Delhi,2010,54000,Petrol,Manual,Second,17.8,1199,5,1.95,Beat LT,Chevrolet
Kochi,2015,27001,Diesel,Automatic,First,16.36,2179,5,26.52,XF 2.2 Litre Luxury,Jaguar
Chennai,2010,52000,Diesel,Automatic,First,18.33,1968,5,9.0,Passat Diesel Highline 2.0 TDI,Volkswagen
Hyderabad,2012,80000,Diesel,Manual,First,21.27,1396,5,4.5,i20 Asta 1.4 CRDi,Hyundai
Chennai,2008,160000,Diesel,Manual,First,10.5,2835,6,8.75,Pajero 2.8 SFX,Mitsubishi
Chennai,2018,3300,Diesel,Automatic,First,24.3,1248,5,11.5,Vitara Brezza ZDi Plus AMT Dual Tone,Maruti
Delhi,2016,35027,Petrol,Manual,First,24.07,998,5,3.0,Alto K10 LXI,Maruti
Coimbatore,2015,26568,Petrol,Manual,First,21.1,814,5,3.79,EON Magna Plus,Hyundai
Ahmedabad,2015,59000,Diesel,Manual,First,28.09,1248,5,6.0,Ciaz VDi Plus SHVS,Maruti
Bangalore,2016,51000,Diesel,Manual,First,19.67,1582,5,13.25,Creta 1.6 CRDi SX Option,Hyundai
Delhi,2012,56400,Diesel,Automatic,First,17.2,1968,5,8.0,Superb Ambition 2.0 TDI CR AT,Skoda
Hyderabad,2015,80000,Diesel,Manual,First,20.14,1498,5,5.8,Polo 1.5 TDI Highline,Volkswagen
Delhi,2012,72000,Diesel,Automatic,Third,18.48,1621,5,13.85,5 Series 520d Sedan,BMW
Hyderabad,2013,107000,Diesel,Manual,Second,12.99,2494,7,13.5,Innova 2.5 VX (Diesel) 7 Seater,Toyota
Pune,2014,100000,Diesel,Automatic,First,14.21,2143,5,25.0,E-Class 2009-2013 E250 CDI Elegance,Mercedes-Benz
Kochi,2016,59998,Diesel,Manual,First,20.14,1498,5,5.49,Polo 1.5 TDI Highline,Volkswagen
Hyderabad,2013,105000,Diesel,Automatic,First,17.32,1968,5,19.0,Q3 2.0 TDI,Audi
Kolkata,2011,36000,Petrol,Manual,First,18.5,1197,5,2.5,i20 1.2 Magna,Hyundai
Kolkata,2015,24350,Petrol,Manual,Second,19.81,1086,5,3.0,i10 Sportz 1.1L,Hyundai
Kochi,2018,28973,Diesel,Manual,First,24.7,1047,5,6.64,Tigor 1.05 Revotorq XT,Tata
Kochi,2017,8243,Petrol,Manual,First,21.1,814,5,3.21,EON Era,Hyundai
Chennai,2009,136642,Petrol,Manual,Second,17.92,1086,5,1.55,Santro Xing GLS,Hyundai
Hyderabad,2011,60000,Petrol,Manual,First,17.92,1086,5,2.59,Santro Xing GLS,Hyundai
Chennai,2008,100000,Diesel,Manual,Second,12.7,2609,8,4.0,Scorpio SLX,Mahindra
Jaipur,2010,48689,Petrol,Manual,First,17.4,1497,5,3.87,City i-VTEC S,Honda
Bangalore,2017,45000,Diesel,Manual,First,24.3,1248,5,9.75,Vitara Brezza ZDi,Maruti
Kochi,2019,38163,Diesel,Automatic,First,17.11,1968,5,32.91,A4 35 TDI Technology Edition,Audi
Chennai,2011,43800,Diesel,Automatic,Second,14.21,2143,5,16.75,E-Class 2009-2013 E250 CDI Elegance,Mercedes-Benz
Jaipur,2007,92000,Petrol,Manual,First,13.5,1799,5,1.9,Civic 2006-2010 1.8 MT Sport,Honda
Kochi,2017,14064,Petrol,Manual,First,18.6,1197,5,6.59,i20 Magna 1.2,Hyundai
Coimbatore,2017,42366,Diesel,Automatic,First,15.73,1968,5,31.93,Q3 35 TDI Quattro Premium Plus,Audi
Jaipur,2014,76551,Diesel,Manual,First,25.1,1498,5,7.25,City i DTEC VX,Honda
Pune,2008,72672,Petrol,Manual,First,19.81,1086,5,1.9,i10 Era 1.1 iTech SE,Hyundai
Kolkata,2015,45000,Diesel,Manual,First,25.2,1248,5,3.55,Swift VDI BSIV,Maruti
Hyderabad,2012,91696,Diesel,Automatic,First,11.4,2953,7,9.25,Endeavour 3.0L 4X4 AT,Ford
Kochi,2009,66484,Petrol,Manual,First,13.8,1299,5,1.65,Ikon 1.3 Flair,Ford
Coimbatore,2019,15456,Diesel,Automatic,First,20.68,1995,5,36.64,X1 sDrive 20d xLine,BMW
Mumbai,2011,55000,Diesel,Automatic,Second,14.21,2143,5,16.0,E-Class 2009-2013 E250 CDI Classic,Mercedes-Benz
Pune,2011,98000,Petrol,Manual,First,16.7,1621,5,3.15,Jazz Select Edition,Honda
Ahmedabad,2014,61297,Diesel,Manual,First,25.8,1498,5,4.35,Amaze S i-Dtech,Honda
Hyderabad,2006,80000,Petrol,Manual,Second,17.3,993,5,1.2,Zen LXi - BS III,Maruti
Jaipur,2013,59000,Petrol,Manual,Second,18.5,1197,5,4.1,i20 Magna,Hyundai
Chennai,2009,150000,Diesel,Automatic,First,11.0,2993,5,18.75,X5 3.0d,BMW
Coimbatore,2017,60083,Diesel,Manual,First,19.67,1582,5,13.78,Creta 1.6 CRDi SX Option,Hyundai
Kolkata,2016,85450,Diesel,Manual,First,26.59,1248,5,4.0,Swift Dzire LDI,Maruti
Jaipur,2013,88000,Diesel,Manual,First,22.9,1248,5,4.33,Swift VDI,Maruti
Kochi,2015,81828,Diesel,Manual,First,24.0,1186,5,5.43,Grand i10 1.2 CRDi Asta,Hyundai
Mumbai,2016,18000,Petrol,Manual,First,18.16,1196,5,4.9,Figo Aspire 1.2 Ti-VCT Trend,Ford
Kolkata,2016,34000,Diesel,Automatic,First,11.78,2143,5,25.5,New C-Class C 220 CDI Celebration Edition,Mercedes-Benz
Ahmedabad,2015,46000,Petrol,Automatic,First,18.9,1197,5,5.1,Grand i10 AT Asta,Hyundai
Hyderabad,2013,48158,Diesel,Manual,First,22.32,1582,5,6.7,Verna 1.6 SX CRDi (O),Hyundai
Hyderabad,2013,93000,Diesel,Automatic,First,16.73,2993,5,26.5,5 Series 525d Sedan,BMW
Ahmedabad,2013,71007,Diesel,Manual,First,23.08,1461,5,3.9,Micra Diesel XV Premium,Nissan
Pune,2010,63067,Petrol,Manual,Second,15.5,1586,5,2.7,SX4 ZXI MT BSIV,Maruti
Hyderabad,2011,70259,Diesel,Manual,First,21.12,1248,5,2.95,Manza Aura Quadrajet BS IV,Tata
Ahmedabad,2015,13000,Diesel,Automatic,First,16.55,1968,5,23.0,A4 2.0 TDI Multitronic,Audi
Pune,2009,140000,Diesel,Manual,Second,17.8,1248,5,2.49,Swift Ldi BSIV,Maruti
Jaipur,2015,130000,Diesel,Manual,First,25.2,1248,5,4.5,Swift LDI Optional,Maruti
Delhi,2011,89401,Diesel,Manual,First,21.43,1364,5,4.5,Corolla Altis Diesel D4DJ,Toyota
Hyderabad,2015,67000,Diesel,Manual,First,27.3,1498,5,6.9,Jazz 1.5 VX i DTEC,Honda
Kochi,2010,65329,Petrol,Automatic,First,7.94,4395,4,20.72,6 Series 650i Coupe,BMW
Jaipur,2010,72000,Petrol,Manual,First,16.25,1198,5,2.21,Fabia 1.2 Petrol Active,Skoda
Mumbai,2011,82000,Diesel,Automatic,Second,12.35,2179,5,13.9,Rover Freelander 2 HSE,Land
Pune,2010,85000,Petrol,Manual,First,15.3,1596,5,1.46,Fiesta 1.6 ZXi Duratec,Ford
Pune,2012,83000,Diesel,Automatic,First,19.08,1582,5,6.0,Verna SX CRDi AT,Hyundai
Jaipur,2016,26000,Petrol,Manual,First,21.7,999,5,3.0,KWID 1.0 RXT Optional,Renault
Delhi,2012,27000,Diesel,Manual,First,22.3,1248,5,3.5,Indica Vista Quadrajet 90 ZX Plus,Tata
Kochi,2018,37746,Diesel,Manual,First,21.19,1396,5,7.59,i20 Active 1.4 SX,Hyundai
Mumbai,2009,63274,Petrol,Manual,Second,15.0,1586,5,1.99,SX4 Zxi BSIII,Maruti
Hyderabad,2016,25000,Petrol,Manual,First,25.17,799,5,3.8,KWID RXT,Renault
Bangalore,2013,197000,Diesel,Manual,First,11.68,2498,7,4.0,Xylo E4 ABS BS III,Mahindra
Bangalore,2013,45010,Petrol,Manual,Second,21.1,814,5,2.95,EON D Lite Plus,Hyundai
Delhi,2013,75348,Diesel,Manual,First,25.8,1498,5,3.75,Amaze VX i-DTEC,Honda
Kolkata,2010,90110,Diesel,Manual,First,22.07,1199,5,2.5,Polo Diesel Highline 1.2L,Volkswagen
Pune,2011,102013,Petrol,Manual,First,17.0,1497,5,3.75,City 1.5 V MT,Honda
Pune,2015,36000,Diesel,Automatic,First,12.55,2982,7,22.0,Fortuner 4x2 AT,Toyota
Kochi,2017,37578,Petrol,Manual,First,18.0,1198,5,6.14,Amaze E i-Vtech,Honda
Pune,2015,46001,Diesel,Automatic,First,20.58,1995,5,16.0,1 Series 118d Base,BMW
Hyderabad,2014,46559,Petrol,Automatic,First,23.1,998,5,3.75,Celerio VXI AT,Maruti
Mumbai,2015,48000,Diesel,Manual,First,12.99,2494,8,11.75,Innova 2.5 GX (Diesel) 8 Seater,Toyota
Pune,2013,46000,Diesel,Automatic,Second,16.36,2179,5,24.0,XF 2.2 Litre Luxury,Jaguar
Hyderabad,2017,15000,Petrol,Manual,First,17.5,1199,5,8.9,WRV i-VTEC VX,Honda
Chennai,2012,85000,Diesel,Automatic,Third,17.05,1995,5,10.0,X1 sDrive20d,BMW
Mumbai,2014,32000,Petrol,Automatic,First,14.3,1598,5,5.55,Rapid 1.6 MPI AT Elegance,Skoda
Kochi,2012,60818,Petrol,Manual,First,16.09,1598,5,3.59,Vento 1.6 Comfortline,Volkswagen
Coimbatore,2019,35188,Diesel,Manual,First,22.77,1498,5,11.13,EcoSport 1.5 TDCi Trend Plus BE,Ford
Jaipur,2012,110000,Diesel,Manual,First,15.1,2179,7,7.2,XUV500 W6 2WD,Mahindra
Mumbai,2014,61000,Diesel,Manual,First,18.6,1388,5,2.98,Fiesta Classic 1.4 Duratorq LXI,Ford
Pune,2010,75000,Petrol,Manual,Second,17.92,1086,5,1.7,Santro Xing GLS,Hyundai
Pune,2003,69966,Petrol,Manual,First,19.7,796,5,0.95,Alto LXi BSII,Maruti
Mumbai,2016,42000,Petrol,Manual,First,17.8,1497,5,9.25,City i VTEC VX Option,Honda
Bangalore,2014,48000,Diesel,Automatic,First,13.01,2199,7,16.25,Santa Fe 2WD AT,Hyundai
Kolkata,2015,35000,Diesel,Automatic,First,17.9,2143,5,20.99,GLA Class 200 CDI SPORT,Mercedes-Benz
Chennai,2005,128000,Diesel,Manual,Second,12.8,2494,8,4.25,Innova 2.5 G4 Diesel 8-seater,Toyota
Bangalore,2008,78000,Diesel,Automatic,Second,16.07,1995,5,7.2,3 Series 320d Sedan,BMW
Hyderabad,2011,53080,Petrol,Manual,First,18.6,1197,5,4.4,Swift ZXI,Maruti
Pune,2011,66000,Petrol,Manual,Second,15.04,1598,5,4.25,Vento Petrol Highline,Volkswagen
Ahmedabad,2012,25000,Petrol,Manual,First,16.02,1373,7,5.35,Ertiga VXI,Maruti
Coimbatore,2016,36139,Petrol,Automatic,Second,18.9,1197,5,6.3,Grand i10 AT Asta,Hyundai
Delhi,2017,44000,Diesel,Manual,First,19.67,1582,5,12.5,Creta 1.6 CRDi SX,Hyundai
Ahmedabad,2008,50000,Diesel,Automatic,Second,16.77,2967,5,7.5,A6 3.0 TDI quattro,Audi
Delhi,2016,81177,Diesel,Manual,First,16.0,1997,7,11.25,XUV500 W8 1.99 mHawk,Mahindra
Mumbai,2016,26000,Petrol,Automatic,First,16.05,1499,5,7.65,EcoSport 1.5 Ti VCT AT Titanium BE,Ford
Mumbai,2016,100000,Diesel,Manual,First,24.4,1120,5,4.5,Xcent 1.1 CRDi Base,Hyundai
Hyderabad,2014,75000,Diesel,Automatic,First,21.21,1498,5,7.5,Vento 1.5 TDI Comfortline AT,Volkswagen
Kochi,2004,119859,Petrol,Automatic,First,13.0,2987,5,7.1,S-Class 280 AT,Mercedes-Benz
Mumbai,2010,55980,Petrol,Manual,First,20.36,1197,5,2.25,i10 Magna,Hyundai
Hyderabad,2015,30000,Diesel,Automatic,First,17.11,1968,5,27.0,A4 35 TDI Technology Edition,Audi
Pune,2012,49700,Diesel,Manual,Second,21.9,1396,5,4.18,i20 Sportz 1.4 CRDi,Hyundai
Chennai,2013,79000,Diesel,Manual,First,23.5,1396,5,6.5,Verna 1.4 EX,Hyundai
Delhi,2010,65100,Petrol,Manual,First,17.0,1497,5,3.15,City 1.5 V MT,Honda
Pune,2016,54161,Diesel,Manual,First,25.47,1248,7,7.64,Ertiga VDI,Maruti
Hyderabad,2011,28619,Petrol,Manual,First,19.7,796,5,2.4,Alto LXi BSII,Maruti
Mumbai,2016,9000,Petrol,Automatic,First,20.51,998,5,4.25,Wagon R AMT VXI,Maruti
Kochi,2016,42876,Diesel,Automatic,First,19.08,1582,5,9.31,Verna 1.6 CRDi AT SX,Hyundai
Bangalore,2011,64000,Petrol,Manual,First,19.7,796,5,2.39,Alto LXi BSIII,Maruti
Kochi,2018,20488,Petrol,Manual,Second,16.09,1598,5,7.64,Vento 1.6 Comfortline,Volkswagen
Delhi,2016,21000,Petrol,Manual,First,21.4,1197,5,6.21,Baleno Zeta 1.2,Maruti
Kochi,2011,55987,Petrol,Automatic,First,13.7,1997,5,8.22,CR-V 2.0L 2WD AT,Honda
Coimbatore,2017,72668,Diesel,Manual,First,14.24,2755,7,28.85,Fortuner 2.8 2WD MT,Toyota
Mumbai,2015,32000,Petrol,Automatic,First,15.6,1497,5,8.5,City V AT,Honda
Mumbai,2015,10400,Petrol,Manual,First,17.4,1497,5,6.51,City i-VTEC S,Honda
Mumbai,2013,35000,Diesel,Manual,First,22.9,1248,5,4.65,Swift VDI,Maruti
Kochi,2013,55101,Petrol,Automatic,First,14.53,1794,5,8.4,Corolla Altis 2008-2013 1.8 VL AT,Toyota
Bangalore,2014,57464,Diesel,Manual,First,23.59,1364,5,5.75,Etios Cross 1.4L VD,Toyota
Jaipur,2006,110000,Petrol,Manual,First,18.9,998,5,1.11,Wagon R LX,Maruti
Kochi,2017,17941,Petrol,Manual,First,15.7,1621,5,3.93,Punto 1.2 Dynamic,Fiat
Mumbai,2014,72000,Petrol,Automatic,First,12.0,1991,5,17.25,E-Class 2015-2017 E 200 CGI,Mercedes-Benz
Delhi,2012,16000,Diesel,Automatic,First,16.36,2179,5,32.0,XF Aero Sport Edition,Jaguar
Kochi,2011,62020,Petrol,Manual,First,17.0,1197,5,3.45,i20 Sportz Petrol,Hyundai
Pune,2014,85000,Diesel,Automatic,Second,12.39,2179,5,23.0,Rover Freelander 2 SE,Land
Kochi,2018,14223,Petrol,Manual,First,18.6,1197,5,7.32,Elite i20 Petrol Sportz,Hyundai
Jaipur,2014,41210,Petrol,Manual,First,18.0,1198,5,4.4,Amaze S i-Vtech,Honda
Coimbatore,2016,18043,Petrol,Manual,First,22.74,796,5,4.12,Alto 800 VXI,Maruti
Chennai,2016,80000,Diesel,Automatic,First,11.36,2755,7,19.5,Innova Crysta 2.8 ZX AT,Toyota
Hyderabad,2016,21000,Petrol,Automatic,First,18.9,1197,5,6.2,Grand i10 AT Asta,Hyundai
Bangalore,2016,49000,Diesel,Automatic,First,16.55,2993,5,45.0,X3 xDrive30d M Sport,BMW
Hyderabad,1998,104000,Petrol,Manual,Second,15.0,970,5,0.85,1000 AC,Maruti
Chennai,2010,95000,Petrol,Manual,Second,18.5,1197,5,2.8,i20 Magna,Hyundai
Pune,2015,32000,Petrol,Automatic,First,18.9,1197,5,4.8,Grand i10 AT Asta,Hyundai
Pune,2003,80000,Petrol,Manual,Second,17.0,1621,5,0.9,Santro Xing XG,Hyundai
Hyderabad,2014,122800,Diesel,Manual,First,25.01,1498,5,5.65,Fiesta 1.5 TDCi Titanium,Ford
Ahmedabad,2011,78000,Diesel,Manual,Second,15.0,2148,5,14.5,E-Class 220 CDI,Mercedes-Benz
Ahmedabad,2015,69000,Diesel,Manual,First,26.59,1248,5,5.9,Swift Dzire VDI,Maruti
Pune,2015,65000,Diesel,Manual,Second,23.59,1364,5,5.0,Etios VXD,Toyota
Ahmedabad,2015,23000,Petrol,Manual,First,19.1,1197,5,4.9,Xcent 1.2 Kappa Base,Hyundai
Ahmedabad,2009,70000,Petrol,Manual,First,13.5,1799,5,4.25,Civic 2006-2010 1.8 S MT,Honda
Chennai,2014,250000,Diesel,Manual,First,12.99,2494,8,10.9,Innova 2.5 GX (Diesel) 8 Seater,Toyota
Delhi,2012,56000,Petrol,Manual,First,13.2,1495,5,2.45,Accent GLE,Hyundai
Pune,2013,30000,Petrol,Manual,First,22.74,796,5,2.5,Alto 800 LXI,Maruti
Jaipur,2013,92250,Diesel,Manual,Second,22.7,1498,5,5.75,Ecosport 1.5 DV5 MT Titanium Optional,Ford
Pune,2018,40000,Petrol,Manual,First,20.14,1197,5,5.0,Xcent 1.2 VTVT E,Hyundai
Kochi,2014,96848,Petrol,Automatic,First,14.3,1598,5,4.62,Rapid 1.6 MPI AT Ambition Plus,Skoda
Delhi,2016,42000,Diesel,Automatic,First,15.73,1968,5,23.5,Q3 2012-2015 35 TDI Quattro Premium Plus,Audi
Kolkata,2013,55886,Diesel,Manual,First,16.0,2179,7,7.25,XUV500 W8 2WD,Mahindra
Kochi,2019,12336,Petrol,Manual,First,17.0,1591,5,11.88,Verna VTVT 1.6 SX Option,Hyundai
Chennai,2009,60000,Petrol,Manual,Third,13.9,1599,5,2.25,Verna Xi (Petrol),Hyundai
Pune,2003,83000,Petrol,Manual,Second,14.2,1597,5,0.85,Ikon 1.6 CLXI,Ford
Pune,2018,24000,Petrol,Manual,First,19.69,1198,5,4.0,Micra Active XV,Nissan
Pune,2016,32198,Petrol,Automatic,First,16.5,1198,5,5.1,Brio VX AT,Honda
Hyderabad,2014,92247,Diesel,Manual,First,12.99,2494,7,12.5,Innova 2.5 GX (Diesel) 7 Seater,Toyota
Chennai,2011,121311,Diesel,Manual,First,20.64,1498,5,2.9,Vento 1.5 TDI Highline,Volkswagen
Coimbatore,2016,66296,Diesel,Manual,First,16.0,2179,7,15.96,XUV500 W10 AWD,Mahindra
Mumbai,2015,41000,Petrol,Automatic,First,16.9,1197,5,5.45,Xcent 1.2 Kappa AT SX Option,Hyundai
Kochi,2017,38681,Diesel,Manual,First,13.5,2198,7,23.86,Endeavour 2.2 Trend MT 4X4,Ford
Kochi,2008,43761,Petrol,Manual,First,18.0,995,5,1.75,Spark 1.0 LT,Chevrolet
Hyderabad,2017,17400,Diesel,Manual,First,24.52,1248,7,9.75,Ertiga SHVS VDI,Maruti
Bangalore,2013,61510,Diesel,Manual,First,25.8,1498,5,4.75,Amaze S i-Dtech,Honda
Delhi,2014,60000,Petrol,Manual,First,17.4,1497,5,6.25,City i VTEC S,Honda
Bangalore,2014,35165,Diesel,Automatic,Second,23.8,1998,5,22.0,Cooper Countryman D,Mini
Kochi,2016,41617,Petrol,Automatic,First,14.53,1794,5,14.14,Corolla Altis 2008-2013 1.8 VL AT,Toyota
Kolkata,2005,45000,Petrol,Manual,First,17.0,1086,5,0.95,Santro Xing XL eRLX Euro III,Hyundai
Delhi,2014,65000,Petrol,Automatic,First,13.7,1798,5,11.95,Superb Elegance 1.8 TSI AT,Skoda
Delhi,2011,68000,Petrol,Manual,First,18.9,998,5,2.5,Wagon R LXI BS IV,Maruti
Mumbai,2013,49000,Petrol,Manual,First,19.81,1086,5,2.75,i10 Era 1.1,Hyundai
Coimbatore,2019,16698,Petrol,Manual,First,23.84,1199,5,5.85,Tiago 1.2 Revotron XT Option,Tata
Ahmedabad,2016,30965,Petrol,Manual,First,21.4,1197,5,6.25,Baleno Zeta 1.2,Maruti
Mumbai,2014,56058,Petrol,Manual,First,15.04,1598,5,4.95,Vento 1.6 Highline,Volkswagen
Pune,2017,15356,Petrol,Manual,First,18.9,1197,5,4.75,Grand i10 1.2 Kappa Sportz Option,Hyundai
Delhi,2013,54000,Diesel,Manual,First,20.0,1399,5,2.55,Figo Diesel EXI,Ford
Pune,2011,47000,Petrol,Automatic,Second,13.9,1799,5,4.5,Civic 2010-2013 1.8 V AT Sunroof,Honda
Kochi,2015,21652,Petrol,Manual,First,22.74,796,5,3.01,Alto 800 LXI,Maruti
Hyderabad,2016,52000,Diesel,Automatic,First,15.68,1999,5,42.0,Rover Range Rover Evoque 2.0 TD4 HSE Dynamic,Land
Kolkata,2010,35010,Diesel,Automatic,First,12.4,2698,5,11.5,A6 2.7 TDI,Audi
Hyderabad,2006,76662,Diesel,Automatic,First,11.0,2987,5,10.99,E-Class 280 CDI,Mercedes-Benz
Jaipur,2009,89000,Petrol,Automatic,First,17.0,1497,5,3.71,City 1.5 V AT Exclusive,Honda
Jaipur,2006,80000,Petrol,Automatic,Third,10.1,2354,5,2.0,CR-V 2.4 4WD AT,Honda
Kochi,2018,39023,Diesel,Manual,First,28.09,1248,5,9.48,Ciaz 1.3 Alpha,Maruti
Jaipur,2004,62000,Petrol,Manual,Second,18.9,998,5,1.25,Wagon R LXI,Maruti
Jaipur,2015,78046,Diesel,Manual,First,19.67,1582,5,10.9,Creta 1.6 CRDi SX Option,Hyundai
Kolkata,2015,34400,Diesel,Manual,First,28.09,1248,5,5.5,Ciaz VDi Plus SHVS,Maruti
Coimbatore,2016,64624,Petrol,Manual,First,21.1,814,5,3.71,EON D Lite Plus,Hyundai
Mumbai,2014,69192,Petrol,Manual,First,16.02,1373,7,6.25,Ertiga VXI,Maruti
Chennai,2012,55000,Diesel,Manual,First,20.54,1598,5,4.9,Vento Diesel Highline,Volkswagen
Mumbai,2005,81000,Petrol,Manual,Second,12.8,1493,5,1.1,City 1.5 GXI,Honda
Kochi,2016,36733,Petrol,Manual,First,16.47,1198,5,4.72,Polo Petrol Trendline 1.2L,Volkswagen
Mumbai,2016,43022,Diesel,Automatic,First,17.9,2143,5,24.85,GLA Class 200 CDI,Mercedes-Benz
Jaipur,2013,74000,Diesel,Manual,First,14.66,2199,7,12.25,Santa Fe 4X2,Hyundai
Kolkata,2014,47000,Diesel,Manual,First,22.9,1248,5,3.9,Swift VDI,Maruti
Kochi,2017,37460,Petrol,Manual,First,18.6,1197,5,6.28,Elite i20 Sportz Plus,Hyundai
Mumbai,2011,130000,Diesel,Manual,First,14.0,2498,8,2.75,Xylo E8 BS IV,Mahindra
Coimbatore,2017,31576,Petrol,Manual,First,18.9,1197,5,7.85,Grand i10 Asta Option,Hyundai
Mumbai,2011,66000,Petrol,Manual,First,15.04,1598,5,2.95,Vento Petrol Highline,Volkswagen
Mumbai,2008,79000,Petrol,Automatic,Second,11.7,2354,5,4.85,Accord 2.4 A/T,Honda
Bangalore,2011,47140,Diesel,Automatic,Second,13.5,2925,5,30.0,S-Class S 350 d,Mercedes-Benz
Bangalore,2016,36610,Diesel,Automatic,First,15.0,2143,5,19.9,B Class B200 CDI,Mercedes-Benz
Bangalore,2016,93000,Diesel,Manual,First,20.5,1582,5,10.8,Creta 1.6 SX Option Diesel,Hyundai
Hyderabad,2007,52195,Petrol,Manual,First,19.7,796,5,1.75,Alto LXI,Maruti
Mumbai,2016,20003,Diesel,Automatic,First,20.38,1968,5,19.25,A3 35 TDI Premium,Audi
Delhi,2013,66314,Diesel,Manual,First,19.87,1461,5,5.5,Duster 85PS Diesel RxL,Renault
Chennai,2009,76000,Diesel,Manual,First,17.8,1399,5,2.75,Fiesta 1.4 ZXi TDCi ABS,Ford
Bangalore,2015,29000,Diesel,Manual,First,19.67,1582,5,13.0,Creta 1.6 SX Plus Diesel,Hyundai
Mumbai,2011,30000,Diesel,Manual,First,20.0,1399,5,3.2,Figo Diesel ZXI,Ford
Coimbatore,2013,56526,Petrol,Manual,First,15.26,1598,5,5.84,Polo Petrol Highline 1.6L,Volkswagen
Hyderabad,2015,38000,Diesel,Automatic,Second,16.8,1969,5,24.0,V40 D3 R Design,Volvo
Chennai,2012,41000,Diesel,Automatic,First,19.08,1582,5,6.25,Verna SX CRDi AT,Hyundai
Hyderabad,2009,53000,Diesel,Automatic,First,14.49,2993,5,36.0,7 Series 2007-2012 730Ld,BMW
Chennai,2003,125000,Diesel,Manual,Third,14.8,1998,5,3.0,Lancer GLXD,Mitsubishi
Chennai,2010,242000,Diesel,Manual,First,11.5,2982,7,11.0,Fortuner 3.0 Diesel,Toyota
Chennai,2015,90000,Diesel,Manual,First,26.21,1248,5,6.5,Ciaz VDi Plus,Maruti
Hyderabad,2018,11000,Diesel,Manual,First,24.3,1248,5,9.4,Vitara Brezza VDi Option,Maruti
Kochi,2018,21936,Diesel,Automatic,First,21.76,1995,5,37.92,3 Series Luxury Line,BMW
Pune,2013,41000,Petrol,Automatic,First,14.4,1598,5,5.25,Vento Petrol Highline AT,Volkswagen
Chennai,2011,47000,Petrol,Manual,First,17.0,1197,5,4.5,i20 1.2 Asta,Hyundai
Chennai,2009,110000,Diesel,Automatic,First,11.0,2993,5,18.0,X5 3.0d,BMW
Coimbatore,2015,45960,Petrol,Manual,First,19.1,1197,5,5.56,Xcent 1.2 Kappa S,Hyundai
Bangalore,2013,48000,Diesel,Automatic,First,14.21,2143,5,22.0,E-Class 2009-2013 E250 CDI Blue Efficiency,Mercedes-Benz
Hyderabad,2011,68000,Diesel,Automatic,First,12.39,2179,5,22.0,Rover Freelander 2 SE,Land
Mumbai,2011,41000,Petrol,Manual,First,20.36,1197,5,2.65,i10 Magna,Hyundai
Jaipur,2013,69573,Diesel,Manual,Second,22.32,1582,5,5.85,Verna 1.6 SX CRDi (O),Hyundai
Chennai,2012,115000,Diesel,Manual,First,19.33,1968,5,6.95,Jetta 2012-2014 2.0L TDI Highline,Volkswagen
Kolkata,2012,47629,Diesel,Manual,First,15.1,2179,7,6.5,XUV500 W8 2WD,Mahindra
Jaipur,2004,66624,Petrol,Manual,Third,19.7,796,8,0.85,Omni 8 Seater BSII,Maruti
Delhi,2013,80000,Petrol,Automatic,Second,14.67,1798,5,7.25,Superb Style 1.8 TSI AT,Skoda
Pune,2012,94868,Diesel,Manual,First,22.9,1248,5,4.5,Swift VDI,Maruti
Mumbai,2010,76477,Diesel,Manual,First,10.5,2179,8,4.25,Scorpio 2.6 LX,Mahindra
Chennai,2016,28000,Petrol,Automatic,First,13.7,1991,5,26.0,GLA Class 200 Sport Edition,Mercedes-Benz
Coimbatore,2017,28599,Diesel,Manual,First,16.55,2498,6,9.66,Thar CRDe,Mahindra
Bangalore,2013,45348,Diesel,Manual,Second,19.01,1461,5,6.85,Duster 110PS Diesel RxZ,Renault
Coimbatore,2013,80127,Diesel,Automatic,First,12.8,1968,5,23.68,Q5 2008-2012 2.0 TDI,Audi
Delhi,2013,68000,Diesel,Automatic,Second,12.39,2179,5,15.75,Rover Freelander 2 SE,Land
Pune,2012,75000,Diesel,Manual,Third,20.54,1598,5,3.5,Vento Diesel Comfortline,Volkswagen
Delhi,2006,48000,Petrol,Automatic,Second,11.62,2979,5,6.99,5 Series 2003-2012 540i Sedan,BMW
Coimbatore,2019,41871,Diesel,Manual,First,22.7,1582,5,15.57,Elantra CRDi SX,Hyundai
Coimbatore,2015,84931,Diesel,Manual,First,15.3,2956,7,5.29,Sumo EX,Tata
Chennai,2009,110000,Diesel,Automatic,First,11.7,2993,5,20.0,X5 xDrive 30d,BMW
Mumbai,2011,5900,Petrol,Automatic,First,7.94,4395,4,47.5,6 Series 630i Coupe,BMW
Chennai,2002,103653,Petrol,Manual,Second,18.9,1061,5,1.22,Alto Vxi 1.1,Maruti
Chennai,2012,64806,Petrol,Manual,First,16.47,1198,5,3.65,Polo Petrol Comfortline 1.2L,Volkswagen
Bangalore,2016,40000,Petrol,Manual,First,15.29,1591,5,11.5,Creta 1.6 VTVT S,Hyundai
Kochi,2015,23876,Petrol,Manual,First,24.07,998,5,3.46,Alto K10 VXI,Maruti
Coimbatore,2013,67901,Diesel,Manual,First,14.66,2199,7,8.38,Santa Fe 4X4,Hyundai
Pune,2014,68865,Diesel,Manual,First,15.11,1598,5,4.8,Polo GT TDI,Volkswagen
Pune,2014,71000,Diesel,Manual,Second,25.8,1498,5,4.5,Amaze S i-Dtech,Honda
Chennai,2004,95000,Petrol,Manual,First,15.9,1298,5,0.8,Esteem Vxi,Maruti
Kolkata,2014,25000,Diesel,Manual,First,22.9,1248,5,3.95,Swift VDI,Maruti
Hyderabad,2012,180000,Diesel,Manual,First,20.5,1598,5,3.65,Rapid 1.6 TDI Ambition,Skoda
Mumbai,2005,131000,Diesel,Automatic,First,11.0,2987,5,10.0,E-Class 280 CDI,Mercedes-Benz
Delhi,2011,65000,Diesel,Manual,Second,12.05,2179,8,4.0,Scorpio SLE BSIV,Mahindra
Hyderabad,2012,117777,Diesel,Manual,First,21.64,1461,5,4.75,Sunny 2011-2014 Diesel XL,Nissan
Bangalore,2009,65000,Petrol,Manual,Second,17.5,1298,5,3.1,Swift Dzire VXi,Maruti
Kochi,2017,46897,Petrol,Manual,First,21.1,814,5,3.61,EON Sportz,Hyundai
Coimbatore,2015,36695,Petrol,Manual,First,19.4,1198,5,4.29,Brio S MT,Honda
Kolkata,2011,43000,Petrol,Manual,First,18.06,1198,5,2.13,Micra XV Primo,Nissan
Mumbai,2008,54000,Petrol,Manual,First,19.7,796,5,1.1,Alto LXi BSII,Maruti
Hyderabad,2011,89000,Diesel,Automatic,First,22.69,1995,5,13.95,3 Series 320d,BMW
Mumbai,2014,7000,Petrol,Manual,First,16.47,1198,5,5.35,Polo 1.2 MPI Highline,Volkswagen
Hyderabad,2014,58470,Petrol,Manual,First,23.1,998,5,3.9,Celerio LXI,Maruti
Kolkata,2014,37000,Petrol,Manual,First,21.5,1197,5,2.8,Wagon R VXI 1.2,Maruti
Mumbai,2016,29000,Diesel,Manual,First,26.21,1248,5,8.75,Ciaz ZDi Plus,Maruti
Hyderabad,2013,52000,Diesel,Automatic,First,16.55,1968,5,19.5,A4 2.0 TDI,Audi
Kolkata,2013,32807,Petrol,Manual,First,19.4,1198,5,2.75,Brio S MT,Honda
Hyderabad,2013,86000,Diesel,Automatic,First,11.79,2179,8,8.0,Scorpio VLX 2WD AT BSIV,Mahindra
Delhi,2014,66500,Diesel,Manual,First,26.0,1498,5,5.7,City i DTEC V,Honda
Ahmedabad,2012,94000,Diesel,Automatic,First,17.05,1995,5,12.5,X1 sDrive20d,BMW
Chennai,2011,29000,Petrol,Manual,Second,18.0,995,5,1.75,Spark 1.0 LT,Chevrolet
Chennai,2010,107389,Diesel,Manual,Second,20.0,1399,5,1.9,Figo Diesel EXI,Ford
Ahmedabad,2015,36100,Petrol,Manual,First,20.4,1197,5,4.5,Swift VXI BSIV,Maruti
Mumbai,2015,16329,Diesel,Automatic,First,19.27,2143,5,30.3,New C-Class C 220 CDI Avantgarde,Mercedes-Benz
Hyderabad,2014,36000,Diesel,Automatic,First,19.3,1968,5,16.0,Octavia Elegance 2.0 TDI AT,Skoda
Kochi,2017,41816,Diesel,Automatic,First,18.56,1995,5,32.78,X3 xDrive20d xLine,BMW
Jaipur,2015,54680,Petrol,Manual,First,21.1,814,5,2.5,EON Era Plus,Hyundai
Hyderabad,2017,14000,Diesel,Automatic,First,18.25,1968,5,43.0,A4 35 TDI Technology,Audi
Kochi,2017,23977,Petrol,Manual,First,18.16,1196,5,5.38,Figo 2015-2019 1.2P Titanium MT,Ford
Hyderabad,2013,30131,Petrol,Manual,First,20.92,998,5,2.65,Alto K10 2010-2014 VXI,Maruti
Hyderabad,2017,2530,Petrol,Manual,First,24.7,796,5,3.3,Alto 800 2016-2019 VXI,Maruti
Hyderabad,2015,39000,Diesel,Automatic,First,19.27,2143,5,34.0,New C-Class C 220 CDI Style,Mercedes-Benz
Chennai,2001,140000,Petrol,Manual,Third,20.3,1086,5,0.7,Santro D Lite,Hyundai
Kochi,2017,32257,Diesel,Manual,First,24.4,1120,5,6.83,Xcent 1.1 CRDi S,Hyundai
Kochi,2016,46983,Diesel,Manual,First,25.8,1498,5,5.77,Amaze S i-Dtech,Honda
Chennai,2008,107000,Diesel,Manual,Second,17.8,1248,5,3.1,Swift Vdi BSIII,Maruti
Mumbai,2017,19000,Petrol,Manual,First,16.2,1199,5,4.95,Polo 1.2 MPI Comfortline,Volkswagen
Bangalore,2013,88000,Diesel,Automatic,First,17.11,1968,5,16.25,A4 2.0 TDI 177 Bhp Premium Plus,Audi
Chennai,2011,128000,Diesel,Manual,Third,16.0,2179,7,6.4,XUV500 W8 2WD,Mahindra
Bangalore,2011,71000,Diesel,Manual,Third,13.1,2499,7,6.95,Endeavour 2.5L 4X2,Ford
Kolkata,2008,50000,Diesel,Manual,First,17.2,1396,5,0.85,Indica V2 DLX,Tata
Chennai,2016,16000,Petrol,Manual,First,21.4,1197,5,6.95,Baleno Alpha,Maruti
Kolkata,2017,82000,Diesel,Manual,First,24.4,1120,5,3.45,Xcent 1.1 CRDi Base,Hyundai
Delhi,2008,80000,Petrol,Manual,First,13.5,1799,5,2.75,Civic 2006-2010 1.8 S MT,Honda
Delhi,2015,36000,Petrol,Manual,Second,18.6,1197,5,4.95,i20 Sportz Option 1.2,Hyundai
Coimbatore,2018,17477,Petrol,Manual,First,17.0,1198,5,9.62,Nexon 1.2 Revotron XZ Plus,Tata
Coimbatore,2016,16725,Petrol,Manual,First,18.6,1197,5,6.79,i20 Sportz 1.2,Hyundai
Mumbai,2014,48241,Petrol,Manual,First,19.1,1197,5,4.5,Swift Dzire ZXI,Maruti
Kochi,2014,52431,Petrol,Manual,First,22.5,998,5,3.01,Wagon R LXI,Maruti
Bangalore,2012,68000,Diesel,Manual,First,21.9,1396,5,4.4,i20 Sportz 1.4 CRDi,Hyundai
Hyderabad,2012,158000,Diesel,Automatic,First,12.55,2982,7,17.49,Fortuner 4x2 AT,Toyota
Coimbatore,2014,31446,Petrol,Manual,First,20.36,1197,5,4.66,i10 Sportz,Hyundai
Chennai,2015,25000,Petrol,Manual,First,18.9,1197,5,5.5,Grand i10 Asta,Hyundai
Ahmedabad,2016,57000,Petrol,Manual,First,18.6,1197,5,6.0,i20 Asta 1.2,Hyundai
Hyderabad,2007,76000,Petrol,Automatic,First,17.0,1086,5,2.4,Santro Xing XL AT eRLX Euro II,Hyundai
Kochi,2018,57078,Diesel,Manual,First,24.3,1248,5,10.19,Vitara Brezza ZDi Plus,Maruti
Kochi,2016,47471,Diesel,Manual,First,25.8,1498,5,5.25,Amaze S i-Dtech,Honda
Hyderabad,2014,50000,Diesel,Automatic,First,15.26,2143,5,45.0,M-Class ML 250 CDI,Mercedes-Benz
Ahmedabad,2010,62000,Diesel,Manual,First,23.0,1396,5,2.7,i20 Sportz Diesel,Hyundai
Coimbatore,2013,65807,Petrol,Manual,First,19.81,1086,5,3.39,i10 Era,Hyundai
Hyderabad,2014,81768,Diesel,Manual,First,26.59,1248,5,5.69,Swift Dzire VDI,Maruti
Hyderabad,2017,24000,Diesel,Manual,First,27.39,1248,5,8.4,Baleno Alpha Diesel,Maruti
Hyderabad,2012,72921,Diesel,Manual,First,25.44,936,5,2.5,Beat Diesel,Chevrolet
Pune,2012,59000,Petrol,Manual,First,19.4,1198,5,3.25,Brio V MT,Honda
Mumbai,2014,33000,Diesel,Manual,Second,20.0,1399,5,3.25,Figo Diesel Titanium,Ford
Pune,2016,36789,Petrol,Automatic,First,23.1,998,5,4.25,Celerio VXI AT,Maruti
Jaipur,2014,41000,Diesel,Automatic,First,14.84,2143,5,18.5,New C-Class C 220 CDI Elegance AT,Mercedes-Benz
Hyderabad,2007,71000,Petrol,Automatic,First,17.0,1086,5,2.4,Santro Xing XL AT eRLX Euro III,Hyundai
Jaipur,2015,46650,Petrol,Manual,First,19.4,1198,5,4.25,Brio S MT,Honda
Mumbai,2018,3000,Petrol,Automatic,First,21.4,1197,5,8.85,Baleno Alpha CVT,Maruti
Coimbatore,2014,14799,Petrol,Manual,First,21.1,814,5,4.14,EON Sportz,Hyundai
Hyderabad,2015,68525,Diesel,Manual,First,23.0,1396,5,7.0,i20 1.4 CRDi Sportz,Hyundai
Hyderabad,2018,15000,Diesel,Automatic,First,10.91,3198,7,33.0,Endeavour 3.2 Titanium AT 4X4,Ford
Ahmedabad,2017,29000,Petrol,Manual,First,17.4,1497,5,10.0,City i-VTEC VX,Honda
Kochi,2012,77407,Diesel,Manual,Second,21.5,1248,5,3.53,SX4 ZDI,Maruti
Jaipur,2007,118000,Petrol,Manual,First,12.9,1598,5,1.35,Optra Magnum 1.6 LS Petrol,Chevrolet
Delhi,2013,75000,Diesel,Manual,First,20.54,1598,5,4.5,Vento Diesel Highline,Volkswagen
Pune,2012,69000,Petrol,Manual,First,16.8,1497,5,4.9,City V MT,Honda
Kochi,2016,52553,Diesel,Manual,First,19.67,1582,5,12.26,Creta 1.6 CRDi SX Option,Hyundai
Mumbai,2014,58000,Diesel,Manual,Second,24.4,1120,5,3.99,Xcent 1.1 CRDi SX,Hyundai
Mumbai,2017,24000,Diesel,Automatic,First,17.9,2143,5,46.95,GLC 220d 4MATIC Style,Mercedes-Benz
Hyderabad,2015,65542,Diesel,Manual,First,20.0,1399,5,3.8,Figo Diesel EXI,Ford
Ahmedabad,2013,68008,Diesel,Manual,Second,15.0,1896,5,6.75,Jetta 2007-2011 2.0 TDI Trendline,Volkswagen
Coimbatore,2017,22251,Diesel,Manual,First,18.49,1493,7,8.75,TUV 300 2015-2019 T8,Mahindra
Chennai,2013,55000,Petrol,Manual,Second,15.8,1499,5,5.2,Ecosport 1.5 Ti VCT MT Titanium,Ford
Kochi,2017,19387,Petrol,Manual,First,17.1,1591,5,8.42,Verna 1.6 SX VTVT (O),Hyundai
Mumbai,2016,24001,Petrol,Manual,First,18.6,1197,5,5.75,i20 Sportz 1.2,Hyundai
Kolkata,2008,17000,Diesel,Automatic,First,15.2,1968,5,9.75,A4 New 2.0 TDI Multitronic,Audi
Delhi,2015,28500,Petrol,Manual,First,19.49,1198,5,3.5,Micra Active XV S,Nissan
Jaipur,2014,66000,Diesel,Automatic,First,15.26,2143,5,30.0,M-Class ML 250 CDI,Mercedes-Benz
Delhi,2017,22000,Diesel,Automatic,First,12.83,2179,5,35.0,Rover Discovery Sport TD4 S,Land
Coimbatore,2018,44383,Petrol,Manual,First,15.8,1591,5,13.25,Creta 1.6 SX Option Executive,Hyundai
Mumbai,2013,45000,Diesel,Manual,First,20.5,1598,5,3.65,Rapid 1.6 TDI Active,Skoda
Jaipur,2015,58000,Diesel,Manual,First,23.4,1248,5,5.25,Swift Dzire VDI,Maruti
Delhi,2016,69000,Petrol,Manual,First,15.8,1591,5,9.7,Creta 1.6 SX,Hyundai
Coimbatore,2017,60993,Diesel,Manual,First,24.0,1120,5,5.21,Grand i10 CRDi Sportz,Hyundai
Pune,2016,67000,Diesel,Manual,First,18.49,1493,7,6.3,TUV 300 T8,Mahindra
Kochi,2014,51134,Diesel,Manual,First,24.0,1120,5,4.72,Grand i10 CRDi Sportz,Hyundai
Chennai,2011,55000,Diesel,Automatic,Second,11.7,2993,5,28.0,X5 xDrive 30d,BMW
Coimbatore,2018,25082,Diesel,Automatic,First,28.4,1248,5,8.37,Dzire AMT VDI,Maruti
Delhi,2012,68350,Diesel,Manual,First,12.55,2982,7,14.0,Fortuner 4x4 MT,Toyota
Hyderabad,2015,50000,Diesel,Automatic,First,17.68,1968,5,36.0,A6 2011-2015 35 TDI Technology,Audi
Pune,2015,97000,Diesel,Manual,First,27.3,1498,5,6.4,Jazz 1.5 V i DTEC,Honda
Jaipur,2014,72618,Diesel,Manual,First,12.05,2179,7,8.0,Scorpio 2009-2014 VLX 2WD 7S BSIV,Mahindra
Hyderabad,2012,62005,Diesel,Manual,First,18.3,1991,5,9.8,Cruze LTZ,Chevrolet
Hyderabad,2012,61250,Diesel,Manual,First,25.44,936,5,2.7,Beat Diesel LT,Chevrolet
Coimbatore,2014,28469,Diesel,Automatic,First,18.25,1968,5,24.37,A4 35 TDI Premium Plus,Audi
Kochi,2018,21488,Petrol,Automatic,First,14.3,1598,5,9.72,Rapid 1.6 MPI AT Style,Skoda
Pune,2014,197000,Diesel,Manual,First,23.4,1248,5,5.0,Swift Dzire VDI,Maruti
Pune,2009,138205,Diesel,Manual,Second,11.5,2982,7,10.5,Fortuner 3.0 Diesel,Toyota
Jaipur,2012,160000,Diesel,Manual,Second,22.9,1248,5,3.9,Swift VDI,Maruti
Coimbatore,2012,67590,Petrol,Manual,First,17.0,1497,5,5.65,City 1.5 V MT Exclusive,Honda
Mumbai,2012,52000,Diesel,Automatic,First,15.26,2143,5,29.95,M-Class ML 250 CDI,Mercedes-Benz
Bangalore,2008,100000,Diesel,Manual,Second,17.8,1248,5,3.0,Swift Ldi BSIII,Maruti
Kolkata,2017,60048,Diesel,Manual,First,26.1,1498,5,6.0,Aspire Titanium Diesel,Ford
Mumbai,2009,48000,Petrol,Manual,First,20.36,1197,5,2.11,i10 Sportz,Hyundai
Kolkata,2010,47000,Petrol,Manual,First,14.6,1621,5,1.49,Punto 1.4 Emotion,Fiat
Jaipur,2011,100000,Petrol,Manual,First,19.7,796,5,1.5,Alto LXi,Maruti
Coimbatore,2013,62601,Diesel,Manual,First,23.59,1364,5,4.67,Etios Liva GD,Toyota
Bangalore,2006,80010,Petrol,Manual,Second,20.4,1197,5,2.85,Swift VXI BSIV,Maruti
Coimbatore,2017,26493,Diesel,Automatic,First,19.27,2143,5,33.64,New C-Class C 220 CDI Avantgarde,Mercedes-Benz
Hyderabad,2011,96000,Diesel,Manual,Second,17.88,1396,5,0.91,Indica V2 DLE BSIII,Tata
Jaipur,2014,45700,Petrol,Manual,Second,22.74,796,5,2.42,Alto 800 VXI,Maruti
Kolkata,2005,13000,Petrol,Automatic,First,9.3,2771,5,3.25,Superb 2.8 V6 AT,Skoda
Kolkata,2013,38000,Petrol,Manual,First,16.47,1198,5,2.8,Polo Petrol Comfortline 1.2L,Volkswagen
Coimbatore,2019,8018,Petrol,Automatic,First,22.0,1197,5,8.3,Dzire AMT ZXI Plus,Maruti
Bangalore,2010,144400,Diesel,Manual,Third,12.05,2179,8,5.25,Scorpio VLX,Mahindra
Jaipur,2010,152000,Diesel,Manual,First,17.8,1248,5,2.9,Swift Vdi BSIII,Maruti
Pune,2013,71000,Diesel,Automatic,First,18.88,1995,5,15.0,3 Series 320d Prestige,BMW
Jaipur,2012,80000,Petrol,Manual,Second,25.4,624,4,0.53,Nano STD SE,Tata
Mumbai,2014,87143,Diesel,Manual,First,12.99,2494,8,12.5,Innova 2.5 VX (Diesel) 8 Seater,Toyota
Mumbai,2012,25000,Petrol,Manual,First,18.4,1198,5,2.75,Brio S Option MT,Honda
Pune,2018,2000,Petrol,Automatic,First,23.84,1199,5,5.0,Tiago AMT 1.2 Revotron XZA,Tata
Kochi,2014,45239,Diesel,Manual,First,12.05,2179,8,7.09,Scorpio SLE BSIV,Mahindra
Hyderabad,2011,101999,Diesel,Automatic,First,16.73,1995,5,19.99,5 Series 2003-2012 525d,BMW
Mumbai,2014,74219,Diesel,Manual,First,21.43,1364,5,10.75,Corolla Altis D-4D GL,Toyota
Mumbai,2016,25000,Petrol,Automatic,First,18.0,1497,5,9.45,City i VTEC CVT VX,Honda
Hyderabad,2008,109606,Diesel,Manual,First,22.0,1582,5,2.9,Verna CRDi 1.6 SX Option,Hyundai
Kolkata,2015,36000,Diesel,Manual,First,26.59,1248,5,4.7,Swift Dzire VDI Optional,Maruti
Coimbatore,2016,41810,Petrol,Manual,First,20.73,1373,5,7.11,Ciaz ZXi,Maruti
Jaipur,2014,93321,Diesel,Manual,First,22.7,1498,5,6.25,Ecosport 1.5 DV5 MT Titanium,Ford
Hyderabad,2011,81000,Petrol,Manual,First,20.92,998,5,2.2,Alto K10 2010-2014 VXI,Maruti
Kochi,2019,25717,Petrol,Automatic,First,19.0,1199,5,8.86,Amaze V CVT Petrol,Honda
Delhi,2015,37000,Diesel,Manual,First,15.1,2179,7,9.3,XUV500 W6 2WD,Mahindra
Coimbatore,2017,56380,Diesel,Manual,First,18.49,1493,7,7.57,TUV 300 2015-2019 T8,Mahindra
Chennai,2017,8000,Petrol,Manual,First,18.2,1199,5,7.9,Jazz VX,Honda
Kochi,2018,14589,Petrol,Manual,First,16.1,1298,5,5.65,Swift VXI BSIII W/ ABS,Maruti
Delhi,2013,65088,Petrol,Manual,First,16.47,1198,5,3.25,Polo Petrol Highline 1.2L,Volkswagen
Coimbatore,2019,24864,Diesel,Manual,First,20.5,1582,5,16.27,Creta 1.6 SX Option Diesel,Hyundai
Coimbatore,2011,64831,Petrol,Manual,First,18.6,1199,5,3.21,Beat LS,Chevrolet
Kolkata,2013,38001,Diesel,Manual,First,25.8,1498,5,3.9,Amaze VX i-DTEC,Honda
Mumbai,2008,77000,Petrol,Automatic,Second,10.0,2496,5,6.5,E-Class 230 E AT,Mercedes-Benz
Hyderabad,2016,27000,Diesel,Automatic,First,18.59,2993,5,48.0,5 Series 530d M Sport,BMW
Mumbai,2016,39000,Diesel,Automatic,First,20.38,1968,5,18.9,A3 35 TDI Premium Plus,Audi
Pune,2015,131000,Diesel,Manual,First,26.59,1248,5,3.6,Swift Dzire VDI,Maruti
Kolkata,2015,43000,Diesel,Manual,First,26.59,1248,5,5.5,Swift Dzire VDI,Maruti
Pune,2011,68000,Diesel,Manual,Second,12.8,2494,7,7.0,Innova 2.5 V Diesel 7-seater,Toyota
Bangalore,2016,45165,Diesel,Automatic,First,16.09,1995,5,41.75,X3 xDrive20d,BMW
Hyderabad,2007,120000,Diesel,Automatic,First,16.73,1995,5,10.5,5 Series 2003-2012 525d,BMW
Coimbatore,2014,86091,Diesel,Manual,First,15.1,2179,7,10.09,XUV500 W8 2WD,Mahindra
Delhi,2009,71499,Petrol,Manual,First,17.0,1497,5,3.0,City 1.5 S MT,Honda
Jaipur,2015,66000,Diesel,Manual,First,20.14,1498,5,4.91,Polo 1.5 TDI Comfortline,Volkswagen
Kolkata,2010,45000,Petrol,Manual,First,16.0,1198,5,2.0,Jazz S,Honda
Hyderabad,2015,69189,Diesel,Manual,First,23.59,1364,5,5.3,Etios Liva GD SP,Toyota
Mumbai,2014,40206,Diesel,Manual,First,19.01,1461,5,7.22,Terrano XV Premium 110 PS,Nissan
Kochi,2017,36723,Diesel,Automatic,First,18.56,1995,5,32.57,X3 xDrive 20d xLine,BMW
Mumbai,2010,57500,Petrol,Manual,First,18.5,1197,5,2.75,i20 1.2 Magna,Hyundai
Hyderabad,2011,52000,Diesel,Manual,First,17.8,1399,5,3.75,Fiesta EXi 1.4 TDCi Ltd,Ford
Kochi,2014,60952,Petrol,Automatic,First,16.8,1497,5,5.91,City 1.5 V AT,Honda
Chennai,2013,87192,Diesel,Manual,First,25.2,1248,5,4.35,Swift VDI BSIV,Maruti
Delhi,2014,58000,Diesel,Manual,First,24.0,1120,5,3.25,Grand i10 CRDi SportZ Edition,Hyundai
Mumbai,2016,16650,Petrol,Manual,First,17.0,1198,5,5.5,Ameo 1.2 MPI Highline 16 Alloy,Volkswagen
Kochi,2018,34696,Petrol,Automatic,First,18.0,1497,5,12.08,City i VTEC CVT VX,Honda
Kochi,2018,42243,Diesel,Manual,First,27.39,1248,5,7.48,Baleno Alpha 1.3,Maruti
Jaipur,2016,57824,Diesel,Manual,First,24.0,1120,5,5.5,Grand i10 CRDi Sportz,Hyundai
Jaipur,2011,110000,Diesel,Manual,First,19.3,1248,5,3.5,Swift Dzire VDi,Maruti
Delhi,2006,63000,Petrol,Manual,First,16.1,1621,5,1.6,Swift 1.3 VXi,Maruti
Hyderabad,2013,63455,Diesel,Manual,First,11.5,2982,7,19.0,Fortuner 3.0 Diesel,Toyota
Hyderabad,2017,17151,Diesel,Manual,First,27.3,1498,5,8.4,Jazz VX Diesel,Honda
Pune,2016,31001,Diesel,Manual,First,24.3,1248,5,7.25,Vitara Brezza LDi Option,Maruti
Kolkata,2014,42109,Diesel,Manual,First,23.4,1248,5,4.25,Swift Dzire VDI,Maruti
Delhi,2015,55000,Diesel,Automatic,Second,21.66,1498,5,5.7,Rapid 1.5 TDI AT Elegance,Skoda
Hyderabad,2013,30852,Petrol,Manual,First,22.74,796,5,2.49,Alto 800 LXI,Maruti
Pune,2011,65000,Petrol,Manual,Second,16.47,1198,5,3.0,Polo Petrol Highline 1.2L,Volkswagen
Delhi,2015,65000,Diesel,Manual,First,26.0,1498,5,5.95,City i DTEC SV,Honda
Delhi,2013,72000,Diesel,Manual,First,23.4,1248,5,2.69,Swift Dzire LDI,Maruti
Bangalore,2014,29000,Diesel,Automatic,First,17.11,1968,5,26.0,A4 2.0 TDI 177 Bhp Technology Edition,Audi
Kolkata,2015,32000,Petrol,Manual,First,17.8,1497,5,5.5,City i VTEC VX,Honda
Chennai,2016,29875,Petrol,Manual,First,18.16,1196,5,4.85,Figo Aspire 1.2 Ti-VCT Ambiente,Ford
Kochi,2018,32539,Diesel,Manual,First,24.3,1248,5,8.39,Vitara Brezza LDi,Maruti
Hyderabad,2015,83090,Diesel,Manual,First,19.01,1461,5,7.99,Duster 110PS Diesel RxL,Renault
Hyderabad,2016,62679,Diesel,Manual,First,21.19,1396,5,6.95,i20 Active 1.4 SX,Hyundai
Mumbai,2010,93000,Petrol,Manual,First,15.7,1390,5,1.5,Logan Petrol 1.4 GLE,Mahindra
Mumbai,2006,44000,Petrol,Manual,First,17.7,1497,5,1.55,City ZX GXi,Honda
Bangalore,2010,78400,Petrol,Manual,Second,15.6,1196,5,2.75,Figo Petrol EXI,Ford
Mumbai,2014,71300,Petrol,Manual,First,13.06,1598,5,4.25,Duster Petrol RxL,Renault
Kolkata,2015,18000,Petrol,Manual,First,20.36,1197,5,2.85,i10 Sportz 1.2,Hyundai
Ahmedabad,2009,99100,Petrol,Automatic,Second,9.74,1984,5,10.0,Q5 2008-2012 2.0 TFSI Quattro,Audi
Mumbai,2003,62000,Petrol,Manual,Second,11.3,1298,8,1.25,Versa DX2 BS II,Maruti
Kolkata,2017,14000,Diesel,Manual,First,26.59,1248,5,7.5,Swift Dzire ZDI,Maruti
Coimbatore,2015,44811,Diesel,Automatic,First,17.11,1968,5,25.81,A4 2.0 TDI Premium Sport Limited Edition,Audi
Ahmedabad,2014,44000,Petrol,Manual,First,16.47,1198,5,4.3,Polo 1.2 MPI Comfortline,Volkswagen
Chennai,2010,136000,Diesel,Manual,Second,11.5,2982,7,11.0,Fortuner 3.0 Diesel,Toyota
Jaipur,2010,144113,Diesel,Manual,Second,11.5,2982,7,11.75,Fortuner 3.0 Diesel,Toyota
Coimbatore,2012,94989,Petrol,Manual,First,12.8,2354,5,6.58,Accord 2.4 MT,Honda
Chennai,2012,58133,Diesel,Manual,First,22.9,1248,5,4.8,Swift ZDi,Maruti
Pune,2008,61000,Petrol,Manual,Second,17.5,1198,5,1.65,Fabia 1.2 MPI Classic,Skoda
Kolkata,2017,27000,Diesel,Manual,First,17.1,1956,5,15.0,Compass 2.0 Sport,Jeep
Ahmedabad,2014,18050,Petrol,Manual,Second,25.4,624,4,1.0,Nano Twist XT,Tata
Hyderabad,2007,145277,Petrol,Manual,First,15.3,1596,5,1.65,Fiesta 1.6 ZXi ABS,Ford
Ahmedabad,2015,42000,Diesel,Manual,First,27.62,793,5,3.6,Celerio ZDi,Maruti
Delhi,2011,86000,Diesel,Manual,First,11.5,2982,7,11.5,Fortuner 3.0 Diesel,Toyota
Ahmedabad,2015,42150,Diesel,Manual,First,27.62,793,5,3.6,Celerio ZDi,Maruti
Pune,2015,30158,Petrol,Manual,First,21.1,814,5,3.05,EON Era Plus,Hyundai
Bangalore,2011,47000,Diesel,Manual,Second,23.5,1498,5,6.0,Fiesta Diesel Trend,Ford
Ahmedabad,2013,39000,Petrol,Manual,First,16.47,1198,5,3.75,Polo 1.2 MPI Comfortline,Volkswagen
Coimbatore,2016,32125,Petrol,Manual,First,16.2,1199,5,6.17,Polo 1.2 MPI Comfortline,Volkswagen
Coimbatore,2017,58829,Diesel,Manual,First,24.3,1248,5,9.05,Vitara Brezza ZDi,Maruti
Coimbatore,2013,67559,Petrol,Manual,First,19.4,1198,5,4.05,Brio S MT,Honda
Pune,2013,55000,Petrol,Manual,First,17.5,1298,5,4.25,Swift Dzire VXi,Maruti
Kolkata,2018,30000,Petrol,Manual,First,23.1,998,5,3.75,Celerio LXI MT,Maruti
Mumbai,2016,28000,Petrol,Automatic,First,13.0,1591,5,11.85,Creta 1.6 SX Plus Petrol Automatic,Hyundai
Kochi,2016,31826,Diesel,Manual,First,22.7,1498,5,8.24,Ecosport 1.5 DV5 MT Titanium,Ford
Hyderabad,2016,64000,Diesel,Manual,First,17.8,1248,5,5.99,Swift VDI BSIV W ABS,Maruti
Jaipur,2008,100009,Petrol,Manual,Second,13.1,1997,5,6.5,CR-V RVi MT,Honda
Delhi,2014,74345,Diesel,Manual,First,15.1,2179,7,8.0,XUV500 W8 2WD,Mahindra
Kochi,2015,58134,Petrol,Manual,First,16.47,1198,5,4.64,Polo 1.2 MPI Highline,Volkswagen
Kochi,2010,30566,Petrol,Automatic,First,19.2,1197,5,3.32,i10 Magna AT,Hyundai
Chennai,2012,55231,Petrol,Manual,Second,20.36,1197,5,2.78,i10 Magna 1.2,Hyundai
Kochi,2016,67774,Diesel,Automatic,First,14.81,1998,5,8.95,Cruze LTZ AT,Chevrolet
Mumbai,2013,50319,Petrol,Automatic,First,12.0,1991,5,21.95,E-Class E 200 CGI,Mercedes-Benz
Ahmedabad,2013,45000,Petrol,Manual,First,11.7,2359,5,7.9,Sonata 2.4 GDI,Hyundai
Kolkata,2007,43627,Petrol,Automatic,First,11.74,1796,5,29.0,New C-Class C 200 Kompressor Elegance AT,Mercedes-Benz
Kolkata,2013,45000,Diesel,Manual,First,22.07,1199,5,3.25,Polo Diesel Trendline 1.2L,Volkswagen
Mumbai,2014,10500,Petrol,Manual,First,17.4,1497,5,5.9,City i VTEC SV,Honda
Coimbatore,2017,21789,Diesel,Manual,First,24.3,1248,5,9.88,Vitara Brezza ZDi,Maruti
Coimbatore,2019,21134,Petrol,Manual,First,18.6,1197,5,8.78,Elite i20 Asta Option,Hyundai
Kolkata,2011,90000,Diesel,Manual,Second,13.93,2179,7,2.75,New Safari Dicor EX 4X2,Tata
Kochi,2014,51553,Diesel,Manual,First,21.64,1461,5,5.98,Sunny 2011-2014 Diesel XL,Nissan
Delhi,2011,31000,Petrol,Automatic,First,10.9,2497,5,31.0,3 Series 330 Ci Convertible,BMW
Delhi,2011,67422,Petrol,Manual,Second,14.53,1798,5,3.55,Corolla 1.8 J,Toyota
Kochi,2015,60519,Diesel,Manual,First,22.32,1582,5,6.24,Verna 1.6 SX,Hyundai
Kolkata,2009,34000,Diesel,Manual,First,19.3,1248,5,2.19,Swift Dzire VDi,Maruti
Hyderabad,2013,68434,Diesel,Manual,First,28.4,1248,5,5.5,Dzire VDI,Maruti
Pune,2014,17000,Petrol,Manual,First,24.07,998,5,2.1,Alto K10 VXI,Maruti
Kolkata,2012,22000,Diesel,Automatic,First,14.84,2143,5,14.0,New C-Class 220 CDI AT,Mercedes-Benz
Mumbai,2013,79225,Diesel,Manual,First,22.0,1582,5,5.5,Verna CRDi 1.6 SX Option,Hyundai
Pune,2007,63000,Petrol,Manual,Third,14.2,1598,5,1.2,Aveo 1.6 LT,Chevrolet
Hyderabad,2014,61922,Petrol,Manual,First,20.4,1197,5,5.3,Swift VXI BSIV,Maruti
Chennai,2015,85000,Diesel,Manual,First,23.9,1582,5,6.3,Verna 1.6 CRDi S,Hyundai
Kochi,2017,26192,Diesel,Automatic,First,17.9,2143,5,40.47,GLC 220d Celebration Edition,Mercedes-Benz
Delhi,2013,65000,Diesel,Manual,First,13.0,2982,7,16.1,Fortuner 4x2 Manual,Toyota
Delhi,2014,44999,Diesel,Automatic,First,12.8,1968,5,25.0,Q5 2008-2012 2.0 TDI,Audi
Mumbai,2008,81308,Diesel,Automatic,Second,13.2,1995,5,7.95,3 Series 320d Dynamic,BMW
Delhi,2016,35000,Petrol,Manual,First,24.7,796,5,2.65,Alto 800 2016-2019 LXI,Maruti
Coimbatore,2012,65349,Petrol,Manual,First,20.92,998,5,2.81,Alto K10 2010-2014 VXI,Maruti
Hyderabad,2012,80000,Petrol,Automatic,First,15.64,1798,5,17.5,A4 1.8 TFSI Technology Edition,Audi
Mumbai,2012,61000,Petrol,Manual,First,16.1,1197,5,3.3,Swift VXi BSIV,Maruti
Kochi,2019,31817,Petrol,Manual,First,22.5,998,5,5.34,Wagon R VXI,Maruti
Hyderabad,2016,41000,Diesel,Manual,First,21.14,1498,5,8.5,Rapid 1.5 TDI Ambition,Skoda
Kochi,2010,82606,Petrol,Manual,Second,16.0,1198,5,2.69,Jazz S,Honda
Ahmedabad,2015,52000,Diesel,Manual,First,16.0,2179,7,11.5,XUV500 W10 2WD,Mahindra
Coimbatore,2011,50318,Petrol,Manual,First,18.5,1197,5,4.06,Ritz VXi,Maruti
Hyderabad,2016,50000,Diesel,Automatic,First,17.9,2143,5,49.0,GLE 250d,Mercedes-Benz
Bangalore,2012,72000,Diesel,Manual,First,20.5,1598,5,4.6,Rapid 1.6 TDI Ambition,Skoda
Delhi,2015,63776,Diesel,Manual,First,24.0,1120,5,3.96,Grand i10 CRDi Magna,Hyundai
Mumbai,2015,28133,Petrol,Manual,First,18.6,1197,5,5.6,Elite i20 Petrol Asta,Hyundai
Kolkata,2017,45000,Diesel,Manual,First,22.95,1248,5,3.75,Zest Quadrajet 1.3 75PS XE,Tata
Jaipur,2015,55697,Diesel,Manual,First,22.54,1396,5,5.5,i20 Magna 1.4 CRDi,Hyundai
Delhi,2012,62000,Diesel,Manual,Second,20.5,1598,5,3.0,Rapid 1.6 TDI Elegance,Skoda
Mumbai,2011,48000,Petrol,Manual,First,16.0,1368,5,3.0,Linea Emotion,Fiat
Pune,2010,90246,Petrol,Manual,First,16.1,1298,5,2.95,Swift VXI BSIII W/ ABS,Maruti
Hyderabad,2015,80500,Diesel,Manual,First,25.0,1396,5,2.45,Indica V2 2001-2011 eLS,Tata
Pune,2012,119000,Diesel,Automatic,First,14.84,2143,5,13.99,New C-Class C 220 CDI Elegance AT,Mercedes-Benz
Chennai,2012,41000,Petrol,Manual,Second,16.8,1497,5,4.5,City V MT AVN,Honda
Mumbai,2010,58000,Petrol,Manual,Second,18.5,1197,5,2.5,i20 Magna,Hyundai
Chennai,2015,99000,Diesel,Manual,First,13.0,2982,7,20.5,Fortuner 4x2 Manual,Toyota
Delhi,2014,31200,Petrol,Manual,First,18.9,1197,5,3.9,Grand i10 Magna,Hyundai
Chennai,2009,85000,Diesel,Manual,Second,15.0,1896,5,3.5,Jetta 2007-2011 2.0 TDI Comfortline,Volkswagen
Hyderabad,2016,60924,Petrol,Automatic,First,15.63,1499,5,8.3,EcoSport 1.5 Ti VCT AT Titanium,Ford
Chennai,2012,45000,Petrol,Manual,First,21.1,814,5,2.5,EON Magna Plus,Hyundai
Kolkata,2011,44000,Petrol,Automatic,First,19.15,1198,5,2.65,Micra XV CVT,Nissan
Kochi,2016,30534,Petrol,Automatic,First,19.0,1199,5,7.42,Jazz 1.2 V CVT i VTEC,Honda
Kochi,2016,46399,Petrol,Manual,First,16.47,1198,5,4.63,Polo 1.2 MPI Trendline,Volkswagen
Kolkata,2008,42000,Petrol,Manual,First,19.7,796,5,1.09,Alto LXi,Maruti
Delhi,2011,67000,Diesel,Manual,First,22.32,1582,5,3.8,Verna 1.6 SX,Hyundai
Mumbai,2013,58000,Diesel,Automatic,First,10.0,2148,5,15.75,E-Class 2009-2013 E 220 CDI Avantgarde,Mercedes-Benz
Coimbatore,2015,27000,Petrol,Manual,First,17.57,1193,5,5.27,Zest Revotron 1.2 XT,Tata
Mumbai,2012,39566,Petrol,Manual,Second,18.4,1198,5,2.75,Brio S Option MT,Honda
Chennai,2016,14980,Diesel,Manual,First,27.3,1498,5,7.4,Jazz VX Diesel,Honda
Jaipur,2017,18491,Petrol,Automatic,First,24.07,998,5,3.9,Alto K10 VXI AGS,Maruti
Jaipur,2000,90000,Petrol,Manual,Second,17.3,993,5,0.7,Zen VXi - BS III,Maruti
Pune,2015,118211,Diesel,Manual,First,22.54,1396,5,5.9,i20 Sportz 1.4 CRDi,Hyundai
Coimbatore,2016,63316,Diesel,Manual,First,22.7,1598,5,9.58,SX4 S Cross DDiS 320 Zeta,Maruti
Delhi,2014,42000,Diesel,Automatic,First,14.21,2143,5,24.95,E-Class 2009-2013 E250 CDI Elegance,Mercedes-Benz
Kochi,2015,25648,Petrol,Manual,First,13.7,1399,7,4.29,Enjoy Petrol LS 7 Seater,Chevrolet
Delhi,2011,67612,Diesel,Automatic,Second,14.21,2143,5,11.5,E-Class 2009-2013 E250 CDI Blue Efficiency,Mercedes-Benz
Mumbai,2016,33000,Diesel,Manual,First,16.0,2179,7,9.65,XUV500 W4,Mahindra
Mumbai,2015,20000,Petrol,Manual,First,20.36,1197,5,3.75,i10 Sportz,Hyundai
Pune,2007,143000,Petrol,Manual,Second,14.2,1341,5,1.1,Getz 1.3 GLS,Hyundai
Coimbatore,2014,118218,Diesel,Automatic,First,12.07,2967,7,31.41,Q7 3.0 TDI quattro,Audi
Pune,2012,99000,Diesel,Manual,Third,12.05,2179,8,6.0,Scorpio SLE BSIV,Mahindra
Pune,2016,22700,Petrol,Manual,First,18.7,1199,5,5.55,Jazz 1.2 SV i VTEC,Honda
Jaipur,2017,28000,Diesel,Manual,First,14.0,2179,7,10.91,Safari Storme 2012-2015 EX,Tata
Kolkata,2014,62000,Diesel,Manual,First,15.1,2179,7,7.25,XUV500 W6 2WD,Mahindra
Hyderabad,2012,107023,Diesel,Manual,First,22.07,1199,5,3.9,Polo Diesel Comfortline 1.2L,Volkswagen
Delhi,2012,71082,Diesel,Manual,First,19.3,1248,5,3.95,Swift Dzire ZDi,Maruti
Mumbai,2013,60000,Diesel,Automatic,First,15.73,1968,5,22.0,Q3 2.0 TDI,Audi
Delhi,2014,21701,Petrol,Manual,First,23.1,998,5,3.38,Celerio ZXI,Maruti
Mumbai,2011,56000,Petrol,Manual,First,16.8,1497,5,3.45,City V MT Exclusive,Honda
Delhi,2016,32450,Petrol,Manual,First,18.6,1197,5,5.75,i20 1.2 Spotz,Hyundai
Jaipur,2016,12500,Petrol,Manual,First,25.17,799,5,2.75,KWID RXT,Renault
Kochi,2019,20483,Diesel,Automatic,First,17.9,2143,5,30.3,CLA 200 CDI Sport,Mercedes-Benz
Hyderabad,2014,45800,Diesel,Manual,First,22.7,1498,5,7.5,Ecosport 1.5 DV5 MT Titanium,Ford
Coimbatore,2015,35441,Petrol,Manual,First,18.6,1197,5,6.87,i20 Asta 1.2,Hyundai
Bangalore,2015,86398,Diesel,Manual,First,12.99,2494,7,15.2,Innova 2.5 ZX Diesel 7 Seater,Toyota
Chennai,2012,150000,Diesel,Manual,First,21.64,1461,5,3.5,Sunny 2011-2014 Diesel XL,Nissan
Hyderabad,2014,89000,Diesel,Manual,First,25.2,1248,5,5.85,Swift VDI BSIV,Maruti
Hyderabad,2010,68375,Petrol,Manual,First,19.0,998,5,2.5,A-Star Vxi,Maruti
Pune,2013,52000,Petrol,Manual,First,18.6,1197,5,3.95,Swift ZXI,Maruti
Jaipur,2017,39000,Diesel,Automatic,First,17.9,2143,5,27.0,CLA 200 CDI Sport,Mercedes-Benz
Bangalore,2014,68000,Petrol,Manual,Second,16.02,1373,7,6.75,Ertiga ZXI,Maruti
Jaipur,2007,71000,Petrol,Manual,Second,18.9,998,5,1.5,Wagon R LXI,Maruti
Hyderabad,2012,72003,Diesel,Manual,First,22.07,1199,5,3.9,Polo Diesel Trendline 1.2L,Volkswagen
Hyderabad,2014,135670,Diesel,Manual,First,22.7,1498,5,6.55,Ecosport 1.5 DV5 MT Titanium Optional,Ford
Kochi,2017,65850,Diesel,Manual,First,25.1,1498,5,9.44,City i DTEC VX,Honda
Coimbatore,2015,53920,Petrol,Manual,First,14.28,1798,5,10.77,Corolla Altis 1.8 GL,Toyota
Ahmedabad,2014,58000,Diesel,Manual,First,15.1,2179,7,7.5,XUV500 W8 2WD,Mahindra
Kolkata,2016,4000,Petrol,Manual,First,24.7,796,5,3.0,Alto 800 2016-2019 VXI,Maruti
Chennai,2010,58000,Diesel,Automatic,First,18.59,2993,5,11.75,5 Series 530d M Sport,BMW
Kochi,2016,29832,Petrol,Manual,First,21.1,814,5,3.29,EON D Lite Plus,Hyundai
Chennai,2016,71156,Diesel,Manual,First,26.59,1248,5,6.5,Swift Dzire VDI,Maruti
Hyderabad,2011,54000,Diesel,Automatic,First,16.55,1968,5,18.0,A4 2.0 TDI,Audi
Bangalore,2009,75000,Petrol,Automatic,Second,13.7,1798,5,4.95,Superb Elegance 1.8 TSI AT,Skoda
Kochi,2015,39208,Petrol,Manual,First,17.57,1193,5,4.52,Zest Revotron 1.2T XM,Tata
Coimbatore,2013,38622,Petrol,Manual,First,17.4,1497,5,6.26,City i-VTEC VX,Honda
Chennai,2016,18000,Petrol,Manual,First,16.95,1498,5,7.5,Sunny 2011-2014 XV,Nissan
Delhi,2012,52000,Petrol,Manual,First,16.1,1621,5,3.65,Swift 1.3 LXI,Maruti
Mumbai,2011,45000,Petrol,Automatic,First,14.4,1598,5,3.35,Vento Petrol Highline AT,Volkswagen
Mumbai,2014,48656,Petrol,Automatic,First,15.74,1591,5,5.5,Verna 1.6 SX VTVT AT,Hyundai
Bangalore,2012,79000,Diesel,Automatic,First,22.0,1582,5,5.25,Verna CRDi 1.6 AT SX Plus,Hyundai
Bangalore,2012,88000,Diesel,Automatic,First,16.55,1968,5,16.25,A4 2.0 TDI Multitronic,Audi
Delhi,2009,92000,Petrol,Manual,First,15.5,1586,5,2.7,SX4 Vxi BSIV,Maruti
Chennai,2019,9000,Diesel,Automatic,First,12.62,2198,7,32.9,Endeavour 2.2 Titanium AT 4X2,Ford
Coimbatore,2008,50121,Petrol,Manual,First,20.4,1197,5,3.41,Swift LXI BSIV,Maruti
Hyderabad,2014,79000,Diesel,Manual,First,24.0,1120,5,4.15,Grand i10 CRDi Magna,Hyundai
Hyderabad,2014,46000,Diesel,Manual,Second,20.14,1498,5,5.9,Polo 1.5 TDI Highline,Volkswagen
Pune,2012,100000,Petrol,Automatic,First,10.0,2496,5,11.5,E-Class 230,Mercedes-Benz
Kolkata,2015,41000,Petrol,Manual,First,18.6,1197,5,4.75,i20 Asta 1.2,Hyundai
Chennai,2015,25000,Petrol,Automatic,First,24.07,998,5,3.5,Alto K10 VXI AGS,Maruti
Pune,2014,71899,Diesel,Manual,First,20.77,1248,7,7.25,Ertiga VDI,Maruti
Mumbai,2016,7100,Petrol,Automatic,First,23.1,998,5,4.35,Celerio VXI AT,Maruti
Coimbatore,2018,38171,Petrol,Automatic,Second,22.5,999,5,4.99,KWID Climber 1.0 AMT,Renault
Bangalore,2013,70359,Diesel,Manual,First,12.05,2179,8,7.65,Scorpio SLE BSIV,Mahindra
Chennai,2011,200000,Diesel,Manual,First,12.8,2494,7,9.0,Innova 2.5 GX (Diesel) 7 Seater BS IV,Toyota
Chennai,2017,26969,Diesel,Manual,First,22.07,1199,5,6.9,Polo Diesel Highline 1.2L,Volkswagen
Chennai,2011,56500,Diesel,Manual,First,20.0,1399,5,2.9,Figo Diesel ZXI,Ford
Kolkata,2014,40000,Diesel,Manual,First,20.45,1461,5,5.75,Terrano XL Plus 85 PS,Nissan
Kochi,2017,53105,Petrol,Automatic,First,22.5,999,5,4.41,KWID 1.0 RXT Optional AMT,Renault
Mumbai,2013,23000,Diesel,Manual,First,21.14,1498,5,4.95,Rapid 1.5 TDI Elegance,Skoda
Hyderabad,2016,80999,Diesel,Automatic,First,16.0,2179,7,14.4,XUV500 AT W10 FWD,Mahindra
Chennai,2012,82000,Diesel,Manual,First,20.0,1399,5,2.95,Figo Diesel Titanium,Ford
Coimbatore,2017,68557,Diesel,Manual,First,15.96,2523,7,8.14,Bolero ZLX,Mahindra
Hyderabad,2016,34000,Diesel,Manual,First,20.64,1498,5,8.45,Vento 1.5 TDI Highline,Volkswagen
Pune,2015,77000,Diesel,Manual,First,12.99,2494,8,12.5,Innova 2.5 VX (Diesel) 8 Seater BS IV,Toyota
Mumbai,2012,48000,Diesel,Manual,First,15.1,2179,7,6.5,XUV500 W8 2WD,Mahindra
Coimbatore,2015,28232,Petrol,Manual,Second,15.8,1499,5,7.72,Ecosport 1.5 Ti VCT MT Titanium,Ford
Chennai,2011,110000,Diesel,Automatic,First,16.96,1968,5,8.0,Jetta 2012-2014 2.0L TDI Highline AT,Volkswagen
Chennai,2009,120000,Diesel,Manual,Second,13.93,2179,7,3.0,New Safari DICOR 2.2 VX 4x4,Tata
Mumbai,2013,49000,Diesel,Automatic,First,8.2,2993,4,29.0,3 Series 330d Convertible,BMW
Kolkata,2014,22000,Petrol,Manual,First,16.47,1198,5,4.11,Polo 1.2 MPI Highline,Volkswagen
Coimbatore,2015,14925,Petrol,Manual,First,18.5,1197,5,5.37,i20 Magna Optional 1.2,Hyundai
Mumbai,2013,75000,Diesel,Manual,First,20.77,1248,7,6.55,Ertiga ZDI,Maruti
Chennai,2015,23000,Petrol,Manual,First,17.4,1497,5,7.0,City i VTEC V,Honda
Mumbai,2014,57000,Petrol,Manual,First,17.0,1497,5,5.48,City 1.5 S MT,Honda
Kochi,2013,76718,Diesel,Automatic,First,16.96,1968,5,6.51,Jetta 2013-2015 2.0L TDI Highline AT,Volkswagen
Pune,2016,138000,Diesel,Manual,First,25.8,1498,5,5.15,Amaze VX i-DTEC,Honda
Hyderabad,2013,140000,Diesel,Manual,Second,15.1,2179,7,9.0,XUV500 W8 2WD,Mahindra
Mumbai,2008,110000,Petrol,Automatic,Second,14.53,1798,5,2.75,Corolla Altis VL,Toyota
Pune,2005,126000,Petrol,Manual,Second,17.0,1086,5,1.2,Santro Xing XL eRLX Euro III,Hyundai
Bangalore,2012,73000,Diesel,Automatic,First,22.69,1995,5,12.5,3 Series 320d,BMW
Kochi,2017,63423,Diesel,Manual,First,23.0,1498,5,7.69,EcoSport 1.5 Diesel Trend,Ford
Kochi,2013,62132,Petrol,Manual,First,18.5,1197,5,4.57,i20 Asta Optional with Sunroof 1.2,Hyundai
Mumbai,2013,51000,Petrol,Automatic,First,16.8,1497,5,4.5,City 1.5 S AT,Honda
Hyderabad,2015,75000,Diesel,Manual,First,23.2,1248,5,4.9,Ritz VDI (ABS) BS IV,Maruti
Kolkata,2008,55410,Petrol,Manual,First,19.81,1086,5,1.65,i10 Era 1.1,Hyundai
Mumbai,2015,41000,Petrol,Manual,First,18.2,1199,5,3.25,Sail 1.2 LS,Chevrolet
Chennai,2012,45000,Diesel,Manual,First,22.32,1582,5,6.25,Verna 1.6 SX CRDi (O),Hyundai
Kochi,2018,53322,Petrol,Manual,First,15.8,1591,5,12.13,Creta 1.6 SX Option,Hyundai
Jaipur,2013,48000,Petrol,Manual,First,18.2,1199,5,3.25,Sail 1.2 LS,Chevrolet
Hyderabad,2013,72000,Diesel,Automatic,First,14.16,1968,5,29.0,Q5 2.0 TDI,Audi
Kochi,2013,50266,Petrol,Manual,First,17.0,1497,5,5.53,City 1.5 V MT Exclusive,Honda
Hyderabad,2017,21800,Petrol,Manual,First,17.0,1497,5,8.75,EcoSport 1.5 Petrol Titanium,Ford
Bangalore,2014,45000,Diesel,Automatic,Second,12.07,2967,7,37.9,Q7 3.0 TDI Quattro Premium Plus,Audi
Delhi,2010,62000,Petrol,Manual,First,20.36,1197,5,2.4,i10 Magna 1.2,Hyundai
Chennai,2014,41681,Petrol,Manual,First,17.0,1197,5,4.55,i20 1.2 Asta,Hyundai
Delhi,2011,69313,Petrol,Manual,Second,17.5,1197,5,2.65,Swift Dzire 1.2 Vxi BSIV,Maruti
Pune,2017,49000,Diesel,Manual,Second,25.0,1396,5,1.6,Indica V2 eLX,Tata
Coimbatore,2012,40471,Diesel,Automatic,Second,16.2,2993,5,25.72,5 Series 2010-2013 530d,BMW
Ahmedabad,2013,60000,Diesel,Manual,First,22.9,1248,5,4.15,Swift VDI,Maruti
Jaipur,2018,1001,Petrol,Manual,First,19.0,1194,5,7.23,Freestyle Titanium Plus Petrol,Ford
Bangalore,2008,38000,Petrol,Manual,Second,13.9,1599,5,2.6,Verna XXi ABS (Petrol),Hyundai
Mumbai,2008,66000,Diesel,Automatic,Second,16.07,1995,5,7.25,3 Series 320d Highline,BMW
Kochi,2017,33901,Diesel,Manual,First,12.8,2494,8,14.29,Innova 2.5 G4 Diesel 8-seater,Toyota
Hyderabad,2011,57000,Diesel,Automatic,Second,14.94,2143,5,17.25,New C-Class C 250 CDI Elegance,Mercedes-Benz
Pune,2013,170000,Diesel,Manual,First,22.54,1582,5,7.5,Elantra 1.6 SX,Hyundai
Hyderabad,2014,60000,Diesel,Manual,First,23.2,1248,5,4.35,Ritz ZDi,Maruti
Pune,2016,85000,Diesel,Manual,First,24.3,1248,5,8.9,Vitara Brezza ZDi Plus Dual Tone,Maruti
Kolkata,2016,146000,Petrol,Manual,Second,19.1,1197,5,3.5,Xcent 1.2 Kappa S,Hyundai
Kolkata,2014,56002,Diesel,Manual,First,26.0,1498,5,6.1,City i DTEC V,Honda
Mumbai,2016,8554,Petrol,Manual,First,25.17,799,5,3.2,KWID RXT,Renault
Jaipur,2014,62322,Diesel,Manual,First,23.59,1364,5,4.9,Etios Cross 1.4L VD,Toyota
Kochi,2015,37929,Petrol,Manual,First,24.07,998,5,3.69,Alto K10 VXI,Maruti
Chennai,2016,5400,Petrol,Manual,First,23.84,1199,5,3.98,Tiago 1.2 Revotron XM Option,Tata
Kolkata,2013,60000,Diesel,Manual,First,21.9,1396,5,2.95,i20 1.4 CRDi Magna,Hyundai
Kochi,2014,55730,Diesel,Automatic,First,16.55,1968,5,15.21,A4 2.0 TDI,Audi
Hyderabad,2015,62000,Diesel,Manual,First,28.4,1248,5,6.3,Swift VDI,Maruti
Kochi,2017,14576,Petrol,Manual,First,17.0,1198,5,6.69,Ameo 1.2 MPI Highline,Volkswagen
Mumbai,2017,17000,Petrol,Automatic,First,16.0,1497,7,9.5,BRV i-VTEC V CVT,Honda
Mumbai,2009,28000,Petrol,Manual,First,17.0,1197,5,2.65,i20 Asta,Hyundai
Ahmedabad,2012,58200,Diesel,Manual,First,14.66,2199,7,7.5,Santa Fe 4X4,Hyundai
Kochi,2018,12278,Petrol,Automatic,First,23.1,998,5,5.63,Celerio ZXI Optional AMT,Maruti
Coimbatore,2018,17665,Petrol,Manual,First,15.8,1591,5,11.78,Creta 1.6 SX,Hyundai
Hyderabad,2004,200000,Diesel,Manual,Second,17.88,1396,5,0.85,Indica V2 DL BSIII,Tata
Mumbai,2011,55893,Petrol,Manual,First,15.04,1598,5,3.35,Vento Petrol Highline,Volkswagen
Kochi,2015,60586,Petrol,Manual,First,23.1,998,5,4.11,Celerio VXI,Maruti
Ahmedabad,2015,13500,Diesel,Automatic,First,17.9,2143,5,25.51,CLA 200 D Sport Edition,Mercedes-Benz
Jaipur,2017,30000,Petrol,Manual,First,22.74,796,5,3.1,Alto 800 LXI,Maruti
Delhi,2018,12000,Diesel,Automatic,First,10.91,3198,7,33.5,Endeavour 3.2 Titanium AT 4X4,Ford
Kolkata,2017,65000,Petrol,Manual,First,17.57,1193,5,4.8,Zest Revotron 1.2T XE,Tata
Kolkata,2014,38000,Petrol,Manual,First,16.09,1598,5,3.49,Vento 1.6 Comfortline,Volkswagen
Mumbai,2012,25000,Petrol,Manual,Second,17.5,1373,7,5.15,Ertiga ZXI,Maruti
Mumbai,2011,100000,Diesel,Automatic,First,14.0,2987,5,14.41,M-Class ML 350 CDI Corporate,Mercedes-Benz
Mumbai,2014,13710,Petrol,Manual,First,16.2,1199,5,4.75,Polo 1.2 MPI Highline,Volkswagen
Jaipur,2015,100000,Diesel,Automatic,First,12.55,2982,7,19.0,Fortuner 4x2 AT,Toyota
Hyderabad,2017,17000,Petrol,Manual,First,23.1,998,5,4.9,Celerio VXI,Maruti
Chennai,2008,89000,Diesel,Automatic,Second,16.07,1995,4,6.3,3 Series 320d Corporate Edition,BMW
Jaipur,2006,100173,Petrol,Manual,Second,16.9,1497,5,2.4,City ZX VTEC,Honda
Pune,2009,97000,Petrol,Manual,First,13.17,1999,5,3.0,Cedia Sports,Mitsubishi
Delhi,2016,40190,Petrol,Manual,First,18.06,1198,5,4.25,Pulse Petrol RxL,Renault
Hyderabad,2016,29647,Diesel,Manual,First,20.14,1498,5,6.3,Polo 1.5 TDI Highline,Volkswagen
Kochi,2018,43639,Petrol,Manual,First,21.1,998,5,8.15,Baleno RS Petrol,Maruti
Kochi,2012,37333,Petrol,Manual,First,20.36,1197,5,3.22,i10 Magna,Hyundai
Kochi,2018,48407,Petrol,Manual,First,18.6,1197,5,7.65,i20 1.2 Spotz,Hyundai
Pune,2010,72400,Petrol,Manual,Second,20.36,1197,5,2.3,i10 Sportz 1.2,Hyundai
Delhi,2012,18000,Petrol,Automatic,First,13.6,1598,4,22.0,Cooper S Carbon Edition,Mini
Pune,2012,65167,Petrol,Manual,First,19.4,1198,5,3.28,Brio V MT,Honda
Kochi,2016,25418,Petrol,Manual,First,20.73,1373,5,7.09,Ciaz ZXi Option,Maruti
Coimbatore,2013,38995,Diesel,Manual,First,19.3,1248,5,6.46,Swift Dzire ZDi,Maruti
Chennai,2012,60000,Diesel,Manual,First,22.07,1199,5,4.0,Polo Diesel Comfortline 1.2L,Volkswagen
Delhi,2011,72000,Diesel,Automatic,First,17.05,1995,5,11.0,X1 sDrive20d,BMW
Coimbatore,2016,31075,Diesel,Automatic,Second,12.07,2967,7,49.79,Q7 3.0 TDI Quattro Premium Plus,Audi
Kolkata,2015,4311,Diesel,Manual,First,25.83,1498,5,4.8,Figo 1.5D Trend MT,Ford
Bangalore,2017,21000,Diesel,Automatic,First,21.76,1995,5,35.0,3 Series Luxury Line,BMW
Bangalore,2011,54000,Diesel,Automatic,First,14.0,2987,5,21.99,M-Class ML 350 CDI Corporate,Mercedes-Benz
Mumbai,2007,50000,Petrol,Manual,Second,17.3,1061,5,1.1,Wagon R LX BSIII,Maruti
Delhi,2018,13000,Petrol,Manual,First,21.4,1197,5,6.6,Baleno Zeta 1.2,Maruti
Pune,2013,74000,Petrol,Manual,First,22.0,1197,5,4.5,Dzire VXI,Maruti
Pune,2009,75000,Petrol,Manual,Second,14.7,1150,5,1.0,Aveo U-VA 1.2 LT,Chevrolet
Chennai,2017,25000,Diesel,Manual,First,20.14,1498,5,6.9,Polo 1.5 TDI Highline,Volkswagen
Mumbai,2015,52000,Diesel,Automatic,First,14.16,1968,5,25.49,Q5 30 TDI quattro Premium,Audi
Chennai,2015,20000,Diesel,Automatic,First,18.53,1968,5,35.5,A6 35 TDI Matrix,Audi
Kochi,2018,32663,Diesel,Manual,First,24.0,1186,5,6.28,Grand i10 1.2 CRDi Sportz,Hyundai
Delhi,2012,76777,Diesel,Manual,Second,12.05,2179,8,4.88,Scorpio SLE BSIV,Mahindra
Hyderabad,2016,100303,Diesel,Manual,First,22.95,1248,5,3.7,Bolt Quadrajet XE,Tata
Kochi,2015,43993,Petrol,Manual,First,21.1,814,5,3.45,EON Era Plus,Hyundai
Kochi,2016,72118,Diesel,Manual,First,15.4,2179,8,10.23,Scorpio S8 8 Seater,Mahindra
Bangalore,2010,83000,Petrol,Automatic,Second,11.1,2354,5,6.5,Accord 2001-2003 2.0 AT,Honda
Mumbai,2016,7523,Petrol,Manual,First,16.2,1199,5,6.15,Polo 1.2 MPI Highline,Volkswagen
Mumbai,2014,34670,Petrol,Manual,First,15.1,1196,7,2.9,Eeco 7 Seater Standard,Maruti
Ahmedabad,2016,30000,Diesel,Manual,First,24.0,1120,5,5.5,Grand i10 CRDi Sportz,Hyundai
Chennai,2017,17000,Diesel,Automatic,First,10.91,3198,7,31.0,Endeavour 3.2 Titanium AT 4X4,Ford
Delhi,2015,59261,Diesel,Manual,First,24.0,1186,5,4.25,Grand i10 1.2 CRDi Sportz,Hyundai
Kochi,2016,65210,Diesel,Manual,First,22.9,1248,5,5.48,Swift VDI,Maruti
Bangalore,2016,19000,Petrol,Manual,First,18.6,1197,5,7.25,i20 1.2 Asta Option,Hyundai
Hyderabad,2012,50000,Petrol,Manual,First,17.5,1298,5,3.0,Swift Dzire VXi,Maruti
Hyderabad,2015,47000,Diesel,Automatic,First,22.69,1995,5,29.5,3 Series 320d Luxury Line,BMW
Mumbai,2007,75000,Petrol,Manual,Second,17.7,1497,5,1.49,City ZX GXi,Honda
Pune,2013,54534,Petrol,Automatic,First,16.95,1197,5,3.65,i10 Sportz 1.2 AT,Hyundai
Ahmedabad,2018,13000,Diesel,Manual,First,23.0,1498,5,10.9,Ecosport Signature Edition Diesel,Ford
Bangalore,2015,48808,Petrol,Manual,First,23.1,998,5,4.3,Celerio ZXI MT,Maruti
Pune,2012,63001,Diesel,Manual,Second,20.77,1248,7,6.11,Ertiga VDI,Maruti
Hyderabad,2015,64771,Diesel,Manual,First,12.8,2494,8,15.5,Innova 2.5 V Diesel 8-seater,Toyota
Mumbai,2016,34634,Petrol,Manual,First,17.8,1497,5,6.9,City i VTEC SV,Honda
Bangalore,2012,69242,Petrol,Manual,First,19.1,1197,5,4.69,Swift Dzire VXI,Maruti
Kochi,2011,33292,Petrol,Manual,First,18.5,1197,5,3.19,Ritz LXi,Maruti
Pune,2012,55000,Petrol,Automatic,Second,15.0,1396,5,3.75,i20 Sportz AT 1.4,Hyundai
Pune,2019,1000,Petrol,Manual,First,17.19,1197,5,8.6,i20 Active SX Dual Tone Petrol,Hyundai
Chennai,2011,80000,Petrol,Manual,Second,17.0,1497,5,3.85,City 1.5 E MT,Honda
Coimbatore,2019,16573,Petrol,Manual,First,17.8,1198,5,9.31,Amaze VX i-VTEC,Honda
Pune,2008,152633,Petrol,Automatic,First,12.9,1799,5,3.0,Civic 2006-2010 1.8 S AT,Honda
Bangalore,2015,53000,Petrol,Manual,First,18.6,1197,5,5.5,i20 Magna 1.2,Hyundai
Hyderabad,2017,50129,Diesel,Manual,First,19.67,1582,5,13.3,Creta 1.6 CRDi SX,Hyundai
Hyderabad,2013,63716,Diesel,Automatic,First,15.73,1968,5,23.0,Q3 2012-2015 2.0 TDI Quattro Premium Plus,Audi
Mumbai,2018,11000,Petrol,Manual,First,24.7,796,5,3.35,Alto 800 2016-2019 LXI,Maruti
Chennai,2012,115000,Diesel,Automatic,Third,15.06,1995,5,10.0,X1 sDrive 20d Exclusive,BMW
Delhi,2013,63265,Petrol,Manual,First,20.36,1197,5,2.95,i10 Magna,Hyundai
Pune,2016,20000,Diesel,Manual,First,21.66,1498,5,6.75,Ameo 1.5 TDI Highline,Volkswagen
Pune,2010,79000,Petrol,Manual,Third,16.47,1198,5,2.44,Polo Petrol Highline 1.2L,Volkswagen
Mumbai,2015,41000,Petrol,Manual,First,20.73,1373,5,5.85,Ciaz VXi Plus,Maruti
Kochi,2015,26323,Petrol,Automatic,First,17.21,1197,5,7.4,Polo GT TSI,Volkswagen
Pune,2016,76000,Diesel,Manual,First,24.4,1120,5,3.8,Xcent 1.1 CRDi Base,Hyundai
Hyderabad,2008,69972,Petrol,Manual,First,13.5,1799,5,3.8,Civic 2006-2010 1.8 S MT,Honda
Kolkata,2008,69000,Petrol,Manual,First,17.7,1497,5,2.7,City ZX GXi,Honda
Jaipur,2016,65000,Diesel,Manual,First,15.96,2523,7,7.21,Bolero ZLX,Mahindra
Hyderabad,2016,29512,Petrol,Manual,First,17.4,1497,5,7.9,City i VTEC V,Honda
Kolkata,2017,51000,Diesel,Manual,First,25.4,1186,5,4.2,Xcent 1.2 CRDi S,Hyundai
Mumbai,2014,58003,Diesel,Manual,First,19.01,1461,5,5.75,Duster 110PS Diesel RxL,Renault
Hyderabad,2013,56500,Petrol,Automatic,First,16.98,998,5,3.45,A-Star AT VXI,Maruti
Bangalore,2014,29063,Diesel,Automatic,First,17.11,1968,5,25.75,A4 2.0 TDI 177 Bhp Premium Plus,Audi
Coimbatore,2018,46811,Diesel,Manual,First,16.0,2179,7,16.59,XUV500 W8 2WD,Mahindra
Coimbatore,2014,31897,Petrol,Manual,First,18.06,1198,5,4.69,Pulse Petrol RxZ,Renault
Mumbai,2009,52100,Diesel,Automatic,Second,13.2,1995,5,7.5,3 Series 320d,BMW
Hyderabad,2016,73000,Diesel,Manual,First,13.68,2393,7,16.5,Innova Crysta 2.4 GX MT,Toyota
Kolkata,2009,31423,Petrol,Manual,First,17.0,1497,5,1.99,City 1.5 S MT,Honda
Chennai,2014,75180,Diesel,Manual,First,22.9,1248,5,5.25,Swift VDI,Maruti
Mumbai,2013,75000,Diesel,Manual,Second,19.64,1461,5,5.4,Duster 110PS Diesel RxZ Plus,Renault
Mumbai,2014,15000,Petrol,Manual,First,16.47,1198,5,3.9,Polo 1.2 MPI Comfortline,Volkswagen
Mumbai,2015,12000,Petrol,Manual,First,17.19,1197,5,5.8,i20 Active 1.2 S,Hyundai
Pune,2014,32000,Diesel,Automatic,First,18.12,1995,5,30.5,5 Series 2013-2017 520d Luxury Line,BMW
Hyderabad,2017,44504,Diesel,Manual,First,23.4,1248,5,5.6,Swift Dzire LDI,Maruti
Jaipur,2015,39437,Diesel,Manual,First,28.4,1248,5,5.15,Swift LDI,Maruti
Coimbatore,2017,36931,Diesel,Automatic,First,19.08,1582,5,9.48,Verna 1.6 CRDI AT SX Option,Hyundai
Bangalore,2016,17800,Petrol,Automatic,Second,21.9,624,4,2.38,Nano XTA,Tata
Hyderabad,2009,71346,Petrol,Manual,First,17.5,1298,5,3.8,Swift Dzire LXi,Maruti
Delhi,2015,45000,Petrol,Manual,Second,18.6,1197,5,5.5,i20 Asta Option 1.2,Hyundai
Hyderabad,2010,85155,Petrol,Manual,First,17.0,1197,5,3.55,i20 1.2 Sportz,Hyundai
Mumbai,2015,48823,Petrol,Manual,First,20.73,1373,5,6.35,Ciaz ZXi,Maruti
Delhi,2015,37000,Diesel,Automatic,First,12.7,2179,5,36.0,Rover Range Rover 2.2L Prestige,Land
Hyderabad,2005,92000,Diesel,Manual,Second,16.1,1405,5,1.1,Indigo LX BSII,Tata
Mumbai,2014,36000,Petrol,Manual,First,17.57,1193,5,3.7,Zest Revotron 1.2T XM,Tata
Delhi,2016,24569,Diesel,Manual,First,16.0,1997,7,13.5,XUV500 W10 1.99 mHawk,Mahindra
Mumbai,2008,95000,Petrol,Automatic,Third,11.7,2354,5,2.85,Accord 2.4 AT,Honda
Coimbatore,2015,25811,Petrol,Manual,Second,25.4,624,4,2.13,Nano Twist XT,Tata
Ahmedabad,2015,65000,Diesel,Manual,First,22.7,1582,5,7.75,Elantra CRDi S,Hyundai
Chennai,2017,100400,Diesel,Manual,First,25.0,1396,5,2.85,Indica V2 eLS,Tata
Jaipur,2014,76414,Diesel,Manual,First,25.8,1498,5,4.95,Amaze S i-Dtech,Honda
Kochi,2012,82103,Diesel,Manual,First,15.1,2179,7,6.2,XUV500 W8 2WD,Mahindra
Pune,2013,98000,Diesel,Automatic,First,18.56,1995,5,17.5,X3 xDrive 20d Expedition,BMW
Pune,2010,45252,Petrol,Manual,First,18.9,1197,5,2.25,Grand i10 1.2 Kappa Magna,Hyundai
Delhi,2017,10300,Petrol,Manual,First,21.4,1197,5,6.75,Baleno Zeta 1.2,Maruti
Kochi,2016,42024,Diesel,Automatic,First,19.08,1582,5,9.73,Verna 1.6 CRDi AT SX,Hyundai
Kochi,2018,51236,Diesel,Manual,First,25.47,1248,7,8.49,Ertiga VDI,Maruti
Mumbai,2013,52000,Petrol,Automatic,First,13.6,1598,4,25.0,Cooper S Carbon Edition,Mini
Coimbatore,2015,42894,Diesel,Manual,First,23.2,1248,5,5.59,Ritz ZDi,Maruti
Mumbai,2011,68000,Diesel,Automatic,First,15.6,1896,5,4.8,Laura L n K 1.9 PD AT,Skoda
Delhi,2014,69000,Diesel,Manual,First,22.7,1498,5,5.45,Ecosport 1.5 DV5 MT Titanium Optional,Ford
Pune,2017,10000,Petrol,Manual,First,18.6,1197,5,6.5,i20 2015-2017 Sportz 1.2,Hyundai
Chennai,2015,16000,Petrol,Manual,First,19.4,1198,5,4.35,Brio E MT,Honda
Kolkata,2013,46992,Diesel,Manual,First,25.8,1498,5,3.75,Amaze S i-Dtech,Honda
Pune,2010,170000,Diesel,Automatic,Third,18.48,1995,5,12.0,5 Series 2003-2012 520d,BMW
Delhi,2014,58000,Diesel,Automatic,First,12.07,2967,7,32.0,Q7 3.0 TDI Quattro Premium Plus,Audi
Jaipur,2015,50000,Diesel,Manual,Second,24.0,1120,5,4.0,Grand i10 CRDi Magna,Hyundai
Kolkata,2011,39010,Diesel,Manual,First,23.08,1461,5,2.6,Micra Diesel XV,Nissan
Jaipur,2016,26946,Petrol,Manual,First,18.9,1197,5,4.45,Grand i10 Sportz,Hyundai
Pune,2015,28700,Petrol,Manual,First,21.1,814,5,2.6,EON Era,Hyundai
Chennai,2011,60000,Petrol,Automatic,First,11.74,1796,5,16.0,New C-Class C250 Avantgarde,Mercedes-Benz
Delhi,2014,38999,Diesel,Automatic,First,12.7,2179,5,32.5,Rover Range Rover 2.2L Pure,Land
Mumbai,2016,39000,Diesel,Automatic,First,11.18,2696,7,13.85,Ssangyong Rexton RX7,Mahindra
Coimbatore,2018,7784,Petrol,Manual,First,20.73,1373,5,8.76,Ciaz 1.4 Delta,Maruti
Kochi,2014,45710,Petrol,Automatic,First,11.8,3498,7,23.68,R-Class R350 4Matic Long,Mercedes-Benz
Chennai,2017,42000,Petrol,Automatic,First,22.0,1197,5,5.5,Dzire AMT VXI,Maruti
Kolkata,2013,57000,Diesel,Manual,First,19.01,1461,5,4.99,Duster 110PS Diesel RxZ,Renault
Chennai,2013,85350,Diesel,Manual,Second,22.32,1582,5,5.7,Verna 1.6 SX,Hyundai
Coimbatore,2016,82725,Petrol,Automatic,First,14.28,1798,5,11.99,Corolla Altis 1.8 VL CVT,Toyota
Mumbai,2016,19000,Diesel,Automatic,Second,21.76,1995,5,29.99,3 Series Sport,BMW
Chennai,2018,13900,Petrol,Manual,First,18.88,1499,5,9.5,EcoSport 1.5 Ti VCT MT Signature,Ford
Hyderabad,2014,108000,Diesel,Manual,First,25.2,1248,5,5.5,Swift VDI BSIV,Maruti
Bangalore,2016,36000,Diesel,Automatic,First,11.72,2199,7,23.0,Santa Fe 4x4 AT,Hyundai
Hyderabad,2013,62188,Diesel,Manual,First,17.2,1396,5,2.95,Indica V2 DLS,Tata
Kochi,2015,58397,Diesel,Manual,First,24.0,1120,5,4.9,Grand i10 CRDi Sportz,Hyundai
Delhi,2016,30000,Petrol,Automatic,First,22.5,998,5,4.25,Wagon R VXI AMT,Maruti
Kochi,2018,29907,Diesel,Manual,First,16.0,2179,7,16.36,XUV500 W10 2WD,Mahindra
Kolkata,2009,46000,Diesel,Automatic,First,16.55,1968,5,9.95,A4 2.0 TDI,Audi
Bangalore,2012,65000,Diesel,Manual,First,20.54,1598,5,5.5,Vento Diesel Highline,Volkswagen
Delhi,2016,22000,Diesel,Manual,First,24.3,1248,5,8.25,Vitara Brezza ZDi Plus Dual Tone,Maruti
Chennai,2002,99024,Petrol,Manual,First,17.3,993,5,0.95,Zen LX,Maruti
Kochi,2016,34952,Petrol,Manual,First,19.81,1086,5,4.01,i10 Era,Hyundai
Kochi,2019,13913,Petrol,Manual,First,17.5,1199,5,8.2,WR-V Edge Edition i-VTEC S,Honda
Chennai,2014,71000,Diesel,Manual,Second,25.1,1498,5,6.2,City i DTEC VX,Honda
Chennai,2012,97000,Diesel,Automatic,First,11.5,2982,7,16.75,Fortuner 4x2 4 Speed AT,Toyota
Delhi,2017,21000,Diesel,Automatic,First,16.0,2179,7,16.5,XUV500 AT W10 FWD,Mahindra
Mumbai,2007,116000,Diesel,Manual,Third,10.9,2499,7,3.75,Endeavour XLT TDCi 4X4,Ford
Kolkata,2012,110438,Diesel,Manual,First,20.0,1399,5,3.5,Figo Diesel ZXI,Ford
Coimbatore,2017,66507,Petrol,Automatic,Second,19.0,1199,5,5.43,Jazz 1.2 V CVT i VTEC,Honda
Coimbatore,2017,54650,Diesel,Automatic,First,10.91,3198,7,30.35,Endeavour 3.2 Titanium AT 4X4,Ford
Hyderabad,2014,32000,Petrol,Automatic,First,17.97,1498,5,7.99,Sunny XL CVT,Nissan
Coimbatore,2011,75378,Diesel,Manual,First,18.7,1896,5,3.59,Octavia Ambiente 1.9 TDI MT,Skoda
Chennai,2012,82697,Diesel,Manual,First,25.44,936,5,1.9,Beat Diesel LT,Chevrolet
Chennai,2009,135000,Petrol,Automatic,First,12.1,2362,5,4.7,Camry W2 (AT),Toyota
Chennai,2012,149000,Diesel,Manual,First,19.01,1461,5,7.25,Duster 110PS Diesel RxZ,Renault
Kochi,2016,26212,Diesel,Automatic,First,17.9,2143,5,24.46,GLA Class 200 d Style,Mercedes-Benz
Pune,2014,23500,Petrol,Manual,Second,17.57,1193,5,3.9,Zest Revotron 1.2T XMS,Tata
Coimbatore,2013,56127,Petrol,Manual,First,18.5,1197,5,5.15,i20 1.2 Magna,Hyundai
Mumbai,2015,26000,Petrol,Automatic,First,21.5,1197,5,3.65,Wagon R VXI AMT1.2,Maruti
Kolkata,2016,26000,Diesel,Manual,First,25.4,1186,5,5.0,Xcent 1.2 CRDi S,Hyundai
Kolkata,2009,42000,Petrol,Manual,First,17.0,1497,5,2.3,City 1.5 S MT,Honda
Pune,2001,130000,Petrol,Manual,Second,13.2,1495,5,0.75,Accent GLE,Hyundai
Kochi,2009,137148,Petrol,Manual,Second,13.9,1599,5,1.85,Verna Xi (Petrol),Hyundai
Kolkata,2010,114703,Petrol,Manual,First,15.6,1196,5,1.8,Figo Petrol ZXI,Ford
Kochi,2014,97439,Diesel,Manual,First,25.8,1498,5,4.41,Amaze S i-Dtech,Honda
Chennai,2006,40000,Petrol,Manual,First,18.9,998,5,2.0,Wagon R LX BSII,Maruti
Hyderabad,2014,81609,Diesel,Manual,First,17.8,1248,5,5.55,Swift VDI BSIV,Maruti
Bangalore,2014,28000,Diesel,Automatic,First,13.0,2987,5,31.75,E-Class Facelift,Mercedes-Benz
Bangalore,2015,37500,Diesel,Automatic,First,17.68,1968,5,32.0,A6 2011-2015 35 TDI Technology,Audi
Hyderabad,2010,37000,Diesel,Automatic,First,13.5,2987,5,21.0,S Class 2005 2013 S 350 CDI,Mercedes-Benz
Ahmedabad,2010,83000,Diesel,Manual,First,19.3,1248,5,2.75,Swift Dzire LDi,Maruti
Coimbatore,2005,79012,Petrol,Manual,First,13.4,1794,5,2.64,Corolla H2,Toyota
Kochi,2018,27395,Diesel,Manual,First,15.4,2179,7,14.19,Scorpio S10 7 Seater,Mahindra
Jaipur,2017,35362,Petrol,Manual,First,22.5,998,5,3.85,Wagon R VXI,Maruti
Delhi,2014,117000,Diesel,Manual,First,13.0,2982,7,15.5,Fortuner 4x2 Manual,Toyota
Mumbai,2010,23000,Petrol,Manual,First,18.2,1061,5,1.9,Zen Estilo 1.1 LX BSIII,Maruti
Kochi,2014,59508,Petrol,Manual,First,25.4,624,4,1.26,Nano CX,Tata
Chennai,2009,69000,Petrol,Manual,Second,18.5,1197,5,2.4,i20 Magna,Hyundai
Bangalore,2010,58000,Diesel,Automatic,First,22.69,1995,5,11.5,3 Series 320d,BMW
Jaipur,2014,88511,Diesel,Manual,First,16.0,2179,7,8.25,XUV500 W6 2WD,Mahindra
Pune,2011,66000,Petrol,Manual,First,15.8,1598,5,2.75,Vento IPL II Petrol Trendline,Volkswagen
Delhi,2009,65000,Petrol,Manual,Second,17.5,1198,5,1.4,Fabia 1.2 MPI Classic,Skoda
Coimbatore,2015,30676,Petrol,Manual,First,25.4,624,4,2.9,Nano Twist XT,Tata
Chennai,2011,76000,Diesel,Manual,First,20.0,1399,5,2.4,Figo Diesel EXI,Ford
Pune,2013,23627,Petrol,Automatic,First,14.8,1598,5,4.75,Vento IPL II Petrol Highline AT,Volkswagen
Kochi,2018,52827,Diesel,Automatic,First,12.7,2179,5,44.76,Rover Range Rover HSE Dynamic,Land
Kochi,2015,64465,Diesel,Manual,First,26.0,1498,5,6.22,City i DTEC SV,Honda
Chennai,2018,14000,Petrol,Automatic,First,22.5,999,5,4.5,KWID Climber 1.0 AMT,Renault
Mumbai,2015,26000,Petrol,Manual,First,18.9,1197,5,4.25,Grand i10 Asta Option,Hyundai
Hyderabad,2011,78203,Diesel,Automatic,First,18.1,1991,4,5.5,Cruze LTZ AT,Chevrolet
Mumbai,2017,27000,Diesel,Manual,First,22.54,1396,5,6.95,i20 1.4 Asta,Hyundai
Coimbatore,2018,31919,Petrol,Automatic,First,24.07,998,5,4.56,Alto K10 VXI AGS,Maruti
Coimbatore,2016,47392,Diesel,Manual,First,20.5,1582,5,13.82,Creta 1.6 SX Option Diesel,Hyundai
Mumbai,2016,17362,Petrol,Manual,First,18.0,1198,5,5.65,Amaze VX i-Vtech,Honda
Kochi,2016,49716,Diesel,Manual,First,21.19,1396,5,6.2,i20 Active 1.4 SX Dual Tone,Hyundai
Delhi,2014,48000,Petrol,Manual,First,23.1,998,5,3.25,Celerio VXI,Maruti
Kolkata,2009,46000,Diesel,Automatic,First,16.55,1968,5,8.5,A4 2.0 TDI,Audi
Bangalore,2016,79000,Diesel,Manual,First,24.8,1396,5,7.25,Verna 1.4 CRDi,Hyundai
Pune,2013,57000,Diesel,Manual,First,21.8,1461,5,4.61,Fluence Diesel E4,Renault
Delhi,2016,29754,Petrol,Manual,First,16.2,1199,5,5.3,Polo 1.2 MPI Highline,Volkswagen
Ahmedabad,2012,50123,Diesel,Manual,First,17.0,1405,5,1.9,Indigo LX,Tata
Kochi,2012,57184,Petrol,Manual,First,20.36,1197,5,3.09,i10 Sportz,Hyundai
Mumbai,2007,75000,Diesel,Automatic,Second,16.46,2993,5,9.5,7 Series 730Ld Sedan,BMW
Mumbai,2015,26000,Diesel,Automatic,First,17.01,1582,5,12.65,Creta 1.6 CRDi AT SX Plus,Hyundai
Delhi,2016,22129,Petrol,Manual,First,18.9,1197,5,4.25,Grand i10 Magna,Hyundai
Hyderabad,2011,127887,Diesel,Manual,First,21.1,1248,5,2.95,Ritz VDi,Maruti
Hyderabad,2006,92000,Diesel,Manual,First,10.5,2179,8,3.45,Scorpio 2.6 SLX CRDe,Mahindra
Hyderabad,2011,60634,Petrol,Manual,First,19.81,1086,5,3.3,i10 Era,Hyundai
Hyderabad,2014,90000,Diesel,Manual,First,14.0,2179,7,8.0,Safari Storme 2012-2015 VX,Tata
Kolkata,2009,59000,Petrol,Manual,First,13.5,1799,5,2.71,Civic 2006-2010 1.8 V MT,Honda
Hyderabad,2012,59293,Petrol,Manual,First,18.2,998,5,2.7,Zen Estilo LXI BSIII,Maruti
Mumbai,2012,80753,Diesel,Manual,Second,23.4,1248,5,4.5,Swift Dzire VDI,Maruti
Delhi,2015,40000,Diesel,Manual,Second,13.0,2982,7,18.75,Fortuner 4x2 Manual,Toyota
Pune,2014,103000,Diesel,Manual,Second,28.4,1248,5,5.25,Swift VDI,Maruti
Pune,2017,48000,Diesel,Manual,First,28.4,1248,5,6.0,Dzire LDI,Maruti
Kolkata,2014,41000,Petrol,Manual,First,18.9,1197,5,3.14,Grand i10 Asta,Hyundai
Jaipur,2016,26000,Petrol,Manual,First,25.17,799,5,2.55,KWID RXL,Renault
Jaipur,2012,30000,Petrol,Manual,Second,15.64,1193,5,2.3,Indigo CS eGLX BS IV,Tata
Hyderabad,2014,74624,Diesel,Manual,First,20.0,1399,5,5.65,Figo Diesel Titanium,Ford
Kochi,2015,47877,Diesel,Automatic,First,15.15,2967,5,48.22,Cayenne 2009-2014 Diesel,Porsche
Jaipur,2016,35000,Petrol,Manual,First,24.07,998,5,3.0,Alto K10 VXI,Maruti
Ahmedabad,2015,52123,Diesel,Manual,First,20.34,1498,5,7.5,Vento 1.5 TDI Highline,Volkswagen
Bangalore,2005,90000,Diesel,Manual,First,10.5,2179,8,2.6,Scorpio 2.6 SLX CRDe,Mahindra
Chennai,2009,122000,Petrol,Manual,Second,17.0,1497,5,3.5,City 1.5 V MT,Honda
Kochi,2016,21110,Petrol,Automatic,First,17.44,1998,4,28.95,Cooper 3 DOOR S,Mini
Pune,2015,78000,Diesel,Automatic,First,13.5,2477,6,15.0,Pajero Sport 4X4 AT,Mitsubishi
Jaipur,2012,72000,Diesel,Manual,First,19.3,1248,5,4.25,Swift Dzire VDi,Maruti
Pune,2013,43486,Diesel,Manual,First,20.77,1248,7,6.6,Ertiga VDI,Maruti
Hyderabad,2007,199000,Diesel,Manual,Second,12.8,2494,7,5.2,Innova 2.5 G4 Diesel 7-seater,Toyota
Chennai,2010,34000,Petrol,Manual,First,11.7,1796,5,10.0,New C-Class C 200 Kompressor Elegance MT,Mercedes-Benz
Bangalore,2016,37944,Diesel,Automatic,First,14.84,2143,5,35.0,New C-Class C 220 CDI BE Avantgare,Mercedes-Benz
Mumbai,2017,30000,Diesel,Manual,First,22.7,1498,5,8.75,Ecosport 1.5 DV5 MT Titanium Optional,Ford
Coimbatore,2015,64005,Petrol,Manual,First,17.71,1197,5,4.57,Etios Liva 1.2 G,Toyota
Delhi,2012,62000,Petrol,Manual,First,20.36,1197,5,2.5,i10 Magna 1.2,Hyundai
Kochi,2014,59885,Diesel,Automatic,First,12.39,2179,5,20.11,Rover Freelander 2 SE,Land
Hyderabad,2011,144471,Diesel,Manual,First,12.8,2494,8,7.8,Innova 2.5 V Diesel 8-seater,Toyota
Coimbatore,2011,63991,Petrol,Manual,First,18.5,1197,5,3.61,i20 1.2 Magna,Hyundai
Pune,2007,72000,Petrol,Manual,Second,17.0,1086,5,1.11,Santro Xing XO eRLX Euro II,Hyundai
Mumbai,2015,34895,Petrol,Automatic,First,19.15,1198,5,4.6,Micra XV CVT,Nissan
Kolkata,2015,45000,Petrol,Automatic,First,16.8,1497,5,5.25,City 1.5 V AT,Honda
Delhi,2013,45000,Diesel,Manual,Second,25.8,1498,5,3.3,Amaze E i-Dtech,Honda
Bangalore,2013,100000,Diesel,Manual,Second,11.5,2982,7,17.75,Fortuner 3.0 Diesel,Toyota
Delhi,2016,70000,Diesel,Automatic,First,12.97,2179,5,35.0,Rover Discovery Sport SD4 HSE Luxury,Land
Coimbatore,2016,37023,Diesel,Manual,First,19.67,1582,5,13.39,Creta 1.6 CRDi SX,Hyundai
Chennai,2012,81000,Diesel,Manual,First,25.44,936,5,2.5,Beat Diesel LT,Chevrolet
Kochi,2017,20789,Diesel,Automatic,First,11.36,2755,7,18.36,Innova Crysta 2.8 GX AT,Toyota
Jaipur,2015,68310,Diesel,Manual,First,23.4,1248,5,5.95,Swift Dzire VDI,Maruti
Mumbai,2015,47250,Diesel,Manual,Second,19.67,1582,5,11.0,Creta 1.6 CRDi SX Option,Hyundai
Hyderabad,2017,128000,Diesel,Manual,First,25.8,1498,5,6.3,Amaze VX i-DTEC,Honda
Kochi,2017,17702,Petrol,Manual,First,15.29,1591,5,11.94,Creta 1.6 SX Plus Dual Tone Petrol,Hyundai
Mumbai,2014,34987,Petrol,Automatic,First,18.19,1197,5,5.95,Vento Sport 1.2 TSI AT,Volkswagen
Ahmedabad,2017,37000,Diesel,Manual,First,26.0,1498,5,11.0,City i DTec VX,Honda
Coimbatore,2017,38271,Petrol,Manual,First,15.29,1591,5,12.53,Creta 1.6 SX Plus Dual Tone Petrol,Hyundai
Bangalore,2012,32510,Diesel,Manual,Second,20.0,1399,5,3.75,Figo Diesel Titanium,Ford
Pune,2014,88000,Diesel,Automatic,First,14.69,2993,5,27.0,5 Series 2013-2017 530d M Sport,BMW
Pune,2012,116000,Diesel,Manual,First,10.5,2835,6,9.95,Pajero 2.8 SFX 7Str,Mitsubishi
Jaipur,2013,156000,Diesel,Manual,First,19.87,1461,5,4.2,Duster 85PS Diesel RxL Option,Renault
Delhi,2010,75319,Petrol,Manual,Second,21.1,1197,5,2.0,Ritz VXI,Maruti
Kolkata,2013,28000,Petrol,Manual,First,18.9,1197,5,3.25,Grand i10 Sportz,Hyundai
Bangalore,2017,16500,Diesel,Automatic,First,17.9,2143,5,34.0,GLA Class 200 CDI SPORT,Mercedes-Benz
Coimbatore,2016,75637,Diesel,Automatic,First,22.48,1995,5,30.37,5 Series 520d Luxury Line,BMW
Kochi,2018,32854,Petrol,Automatic,First,13.0,1591,5,12.6,Creta 1.6 SX Plus Petrol Automatic,Hyundai
Kochi,2019,6568,Petrol,Manual,First,25.17,799,5,5.09,KWID RXT Optional,Renault
Bangalore,2014,30000,Diesel,Automatic,First,14.94,2967,5,24.5,A4 3.0 TDI Quattro,Audi
Kochi,2018,17804,Diesel,Manual,Second,28.09,1248,5,7.97,Ciaz VDI SHVS,Maruti
Delhi,2011,69768,Petrol,Manual,First,16.0,1198,5,2.9,Jazz S,Honda
Kochi,2016,62404,Diesel,Automatic,First,22.69,1995,5,21.33,3 Series 320d Luxury Line,BMW
Bangalore,2012,97000,Diesel,Automatic,Second,19.08,1582,5,6.5,Verna SX CRDi AT,Hyundai
Coimbatore,2016,55687,Diesel,Manual,First,21.38,1396,5,12.15,Creta 1.4 CRDi S Plus,Hyundai
Kolkata,2014,17000,Petrol,Manual,First,15.04,1598,5,4.25,Vento 2013-2015 1.6 Comfortline,Volkswagen
Coimbatore,2017,34232,Diesel,Automatic,First,21.76,1995,5,35.84,3 Series Luxury Line,BMW
Chennai,2004,135000,Petrol,Automatic,Third,14.4,1997,5,3.0,CR-V Petrol 2WD,Honda
Chennai,2012,80000,Diesel,Manual,First,19.72,1461,5,6.75,Duster 110PS Diesel RxZ AWD,Renault
Bangalore,2014,31045,Petrol,Manual,Second,18.6,1197,5,5.65,i20 Asta 1.2,Hyundai
Pune,2013,58000,Diesel,Automatic,Second,16.96,1968,5,7.5,Jetta 2013-2015 2.0L TDI Highline AT,Volkswagen
Kochi,2018,35480,Diesel,Manual,First,19.67,1582,5,13.34,Creta 1.6 SX Plus Diesel,Hyundai
Hyderabad,2016,62287,Diesel,Manual,First,28.09,1248,5,7.9,Ciaz VDI SHVS,Maruti
Coimbatore,2015,46162,Diesel,Manual,First,22.54,1396,5,6.98,i20 Asta 1.4 CRDi,Hyundai
Mumbai,2014,9200,Petrol,Manual,First,17.01,1591,5,5.75,Verna 1.6 SX VTVT,Hyundai
Kolkata,2012,55339,Diesel,Manual,First,22.07,1199,5,2.65,Polo Diesel Trendline 1.2L,Volkswagen
Kolkata,2011,55476,Diesel,Manual,First,22.07,1199,5,2.49,Polo Diesel Trendline 1.2L,Volkswagen
Pune,2007,68553,Petrol,Manual,Second,15.0,1586,5,1.5,SX4 Vxi BSIII,Maruti
Kochi,2016,67376,Diesel,Manual,First,24.5,1498,7,6.5,Mobilio RS Option i DTEC,Honda
Hyderabad,2013,42000,Diesel,Manual,First,19.64,1461,5,8.0,Duster 110PS Diesel RxZ Plus,Renault
Coimbatore,2019,28069,Diesel,Automatic,First,12.9,2755,7,30.85,Fortuner 2.8 2WD AT,Toyota
Kochi,2014,93144,Diesel,Automatic,First,14.7,1984,5,17.15,XC60 D4 SUMMUM,Volvo
Hyderabad,2014,24300,Petrol,Automatic,First,23.1,998,5,4.55,Celerio VXI AT,Maruti
Hyderabad,2015,47883,Diesel,Manual,Second,26.21,1248,5,7.4,Ciaz ZDi Plus,Maruti
Kochi,2013,12467,Diesel,Automatic,First,12.8,1968,5,25.64,Q5 2008-2012 2.0 TDI,Audi
Kolkata,2013,56683,Diesel,Automatic,Second,17.05,1995,5,13.5,X1 sDrive 20d Sportline,BMW
Bangalore,2013,38000,Petrol,Manual,First,15.6,1196,5,3.55,Figo Petrol ZXI,Ford
Ahmedabad,2018,35000,Diesel,Manual,First,22.7,1582,5,15.0,Elantra CRDi SX,Hyundai
Pune,2007,80000,Petrol,Manual,Second,13.9,1599,5,1.95,Verna 1.6 i ABS,Hyundai
Pune,2006,125000,Petrol,Manual,Second,13.5,1799,5,2.3,Civic 2006-2010 1.8 S MT,Honda
Chennai,2013,123000,Diesel,Manual,Second,12.55,2982,7,15.0,Fortuner 4x4 MT,Toyota
Chennai,2012,70000,Petrol,Manual,First,20.36,1197,5,3.15,i10 Sportz,Hyundai
Hyderabad,2012,87982,Diesel,Manual,First,21.64,1461,5,5.0,Sunny 2011-2014 Diesel XL,Nissan
Jaipur,2013,40714,Diesel,Automatic,Second,18.12,1995,5,24.75,5 Series 2013-2017 520d Luxury Line,BMW
Pune,2008,83000,Diesel,Manual,Second,16.52,1991,5,2.6,Optra Magnum 2.0 LT,Chevrolet
Ahmedabad,2011,86000,Petrol,Manual,First,20.36,1197,5,3.75,i10 Asta,Hyundai
Ahmedabad,2009,60002,Diesel,Manual,Second,17.5,1896,5,4.85,Laura Ambiente,Skoda
Jaipur,2013,60000,Diesel,Automatic,First,10.0,2148,5,27.0,E-Class 2009-2013 E 220 CDI Avantgarde,Mercedes-Benz
Kolkata,2014,84677,Diesel,Manual,First,25.8,1498,5,3.0,Amaze SX i-DTEC,Honda
Delhi,2017,23000,Diesel,Automatic,First,20.68,1995,5,28.75,X1 xDrive 20d xLine,BMW
Hyderabad,2016,81424,Diesel,Manual,First,12.99,2494,8,14.49,Innova 2.5 G (Diesel) 8 Seater,Toyota
Chennai,2012,70000,Diesel,Manual,Second,22.71,1461,5,4.0,Sunny XV D,Nissan
Delhi,2015,40000,Diesel,Manual,Second,26.59,1248,5,4.5,Swift Dzire LDI,Maruti
Mumbai,2019,600,Petrol,Automatic,First,21.5,1197,5,6.25,Wagon R ZXI AMT 1.2,Maruti
Pune,2015,65320,Diesel,Automatic,Second,16.96,1968,5,11.5,Jetta 2013-2015 2.0L TDI Highline AT,Volkswagen
Pune,2009,79000,Petrol,Manual,Third,9.8,2354,5,3.1,Accord 2.4 Inspire M/T,Honda
Mumbai,2018,5000,Petrol,Manual,First,17.8,1497,5,10.11,City i VTEC V,Honda
Coimbatore,2019,6028,Petrol,Manual,First,17.01,1591,5,11.54,Verna 1.6 SX VTVT,Hyundai
Delhi,2006,86000,Petrol,Manual,Second,18.9,998,5,1.0,Wagon R LX BSII,Maruti
Kolkata,2013,160000,Diesel,Manual,Second,23.4,1248,5,2.5,Swift Dzire Tour LDI,Maruti
Kochi,2011,59967,Petrol,Automatic,First,9.74,1984,5,18.0,Q5 2008-2012 2.0 TFSI Quattro,Audi
Coimbatore,2018,43127,Diesel,Manual,First,23.59,1364,5,6.85,Etios Cross 1.4 GD,Toyota
Kochi,2012,65727,Petrol,Manual,First,19.81,1086,5,2.97,i10 Era 1.1 iTech SE,Hyundai
Pune,2013,70000,Petrol,Manual,First,17.01,1591,5,4.75,Verna 1.6 VTVT,Hyundai
Coimbatore,2018,39861,Diesel,Manual,First,20.14,1498,5,7.38,Polo 1.5 TDI Highline,Volkswagen
Delhi,2017,16485,Diesel,Automatic,First,22.48,1995,5,42.75,5 Series 520d Sport Line,BMW
Bangalore,2010,77332,Diesel,Manual,Second,23.0,1396,5,3.65,i20 1.4 Asta Optional With Sunroof,Hyundai
Kochi,2017,17489,Petrol,Automatic,First,18.9,1197,5,5.99,Grand i10 Asta Option AT,Hyundai
Pune,2012,125000,Diesel,Automatic,First,11.5,2982,7,13.5,Fortuner 4x2 4 Speed AT,Toyota
Chennai,2016,35129,Petrol,Automatic,First,21.4,1197,5,7.0,Baleno Zeta Automatic,Maruti
Hyderabad,2016,22982,Petrol,Automatic,First,13.0,1591,5,10.95,Creta 1.6 SX Plus Petrol Automatic,Hyundai
Pune,2013,54500,Petrol,Manual,Third,20.36,1197,5,2.95,i10 Sportz,Hyundai
Ahmedabad,2017,16235,Diesel,Manual,First,24.7,1047,5,5.5,Tigor XE Diesel,Tata
Kochi,2017,73641,Petrol,Automatic,First,14.67,1798,5,17.08,Superb Style 1.8 TSI AT,Skoda
Hyderabad,2015,59572,Diesel,Manual,First,26.59,1248,5,6.85,Swift Dzire VDI,Maruti
Jaipur,2014,112827,Petrol,Automatic,First,13.1,1997,5,10.5,CR-V 2.0 AT,Honda
Hyderabad,2010,118000,Diesel,Manual,First,12.8,2494,8,8.75,Innova 2.5 G (Diesel) 8 Seater BS IV,Toyota
Kolkata,2010,60000,Petrol,Manual,First,17.0,1497,5,2.7,City 1.5 V MT,Honda
Mumbai,2012,75059,Petrol,Automatic,First,17.0,1591,5,4.25,Verna VTVT 1.6 AT SX Plus,Hyundai
Pune,2018,3000,Diesel,Manual,First,23.59,1364,5,7.9,Etios 1.4 VXD,Toyota
Delhi,2011,78000,Petrol,Automatic,Second,13.7,1798,5,4.5,Superb Elegance 1.8 TSI AT,Skoda
Kolkata,2012,47000,Diesel,Manual,First,21.64,1461,5,4.0,Sunny 2011-2014 Diesel XV,Nissan
Delhi,2012,42000,Petrol,Manual,First,17.0,1497,5,4.75,City 1.5 V MT Exclusive,Honda
Kolkata,2018,6820,Diesel,Manual,First,22.54,1396,5,7.65,Elite i20 Diesel Asta Option,Hyundai
Kochi,2013,55176,Petrol,Manual,Second,17.4,1599,5,3.47,Optra 1.6 LT Royale,Chevrolet
Kochi,2016,39854,Petrol,Manual,First,18.0,1198,5,5.64,Amaze S i-Vtech,Honda
Kolkata,2013,24000,Petrol,Manual,First,16.47,1198,5,2.95,Polo Petrol Comfortline 1.2L,Volkswagen
Jaipur,2016,55000,Diesel,Manual,First,22.9,1248,5,5.65,Swift VDI,Maruti
Kochi,2012,45840,Diesel,Automatic,First,11.4,2953,7,8.41,Endeavour 3.0L 4X4 AT,Ford
Pune,2006,155000,Petrol,Manual,Third,15.4,1590,5,0.85,Baleno LXI,Maruti
Pune,2003,125000,Petrol,Manual,Second,18.9,998,5,0.8,Wagon R LX,Maruti
Coimbatore,2014,52951,Diesel,Manual,First,20.14,1498,5,5.65,Polo 1.5 TDI Highline,Volkswagen
Kolkata,2013,49000,Petrol,Manual,First,17.1,1591,5,4.5,Verna 1.6 SX VTVT (O),Hyundai
Ahmedabad,2015,52000,Diesel,Manual,First,28.09,1248,5,6.9,Ciaz ZDi Plus SHVS,Maruti
Jaipur,2013,120005,Diesel,Manual,First,21.64,1461,5,4.0,Sunny 2011-2014 Diesel XL,Nissan
Mumbai,2015,33000,Petrol,Manual,First,15.0,1598,5,5.6,Rapid 1.6 MPI Ambition With Alloy Wheel,Skoda
Delhi,2016,126000,Petrol,Manual,First,15.1,1196,7,2.2,Eeco 7 Seater Standard,Maruti
Bangalore,2013,66700,Petrol,Manual,First,15.0,1598,5,4.0,Rapid Ultima 1.6 MPI Ambition Plus,Skoda
Jaipur,2014,122000,Diesel,Manual,Second,12.55,2982,7,16.0,Fortuner 4x4 MT,Toyota
Mumbai,2016,29000,Diesel,Manual,First,19.67,1582,5,12.6,Creta 1.6 CRDi SX,Hyundai
Kochi,2014,42315,Petrol,Manual,First,18.5,1197,5,4.79,i20 Magna Optional 1.2,Hyundai
Kochi,2016,84580,Diesel,Manual,First,26.0,1498,5,6.83,City i DTEC V,Honda
Jaipur,2002,75000,Petrol,Manual,First,16.1,796,4,0.51,800 Std,Maruti
Pune,2006,85000,Petrol,Manual,Second,13.8,1299,5,0.69,Ikon 1.3 Flair,Ford
Delhi,2015,24296,Petrol,Manual,First,20.85,1197,5,4.65,Swift Dzire LXI,Maruti
Kolkata,2014,40000,Petrol,Manual,First,16.8,1497,5,6.49,City 1.5 V MT Sunroof,Honda
Chennai,2009,64514,Diesel,Manual,First,16.8,1493,5,2.9,Verna CRDi,Hyundai
Delhi,2016,35000,Petrol,Manual,First,17.01,1591,5,7.4,Verna 1.6 SX VTVT,Hyundai
Bangalore,2016,41000,Petrol,Manual,Second,25.17,799,5,3.25,KWID RXT,Renault
Ahmedabad,2008,60123,Petrol,Manual,Second,18.9,998,5,1.95,Wagon R LXI,Maruti
Jaipur,2015,53000,Petrol,Manual,Second,18.9,1197,5,4.0,Grand i10 Sportz,Hyundai
Delhi,2017,9000,Petrol,Manual,First,18.6,1197,5,6.85,i20 1.2 Asta,Hyundai
Coimbatore,2015,53497,Petrol,Manual,First,18.0,1198,5,5.45,Amaze S i-Vtech,Honda
Hyderabad,2007,68000,Diesel,Manual,First,17.8,1399,5,1.99,Fiesta 1.4 Duratorq ZXI,Ford
Hyderabad,2014,65000,Diesel,Automatic,First,19.08,1582,5,8.99,Verna SX CRDi AT,Hyundai
Kolkata,2014,45155,Diesel,Manual,First,23.59,1364,5,6.5,Etios VD SP,Toyota
Coimbatore,2018,20026,Petrol,Automatic,First,19.0,1199,5,9.27,Jazz 1.2 V CVT i VTEC,Honda
Ahmedabad,2015,60000,Diesel,Manual,First,23.9,1582,5,6.99,Verna 1.6 CRDi SX,Hyundai
Coimbatore,2019,15976,Diesel,Automatic,First,17.9,2143,5,36.76,CLA 200 D Sport Edition,Mercedes-Benz
Kochi,2017,30523,Petrol,Automatic,First,14.7,1798,5,17.08,Octavia Elegance 1.8 TSI AT,Skoda
Kolkata,2013,26300,Diesel,Manual,First,25.44,936,5,2.8,Beat Diesel LS,Chevrolet
Kolkata,2011,66000,Diesel,Manual,First,22.07,1199,5,2.49,Polo Diesel Trendline 1.2L,Volkswagen
Jaipur,2016,70000,Diesel,Manual,First,23.65,1248,5,8.85,SX4 S Cross DDiS 200 Zeta,Maruti
Ahmedabad,2011,46000,Petrol,Manual,First,16.8,1497,5,4.15,City V MT,Honda
Hyderabad,2017,28000,Diesel,Manual,First,20.64,1498,5,10.0,Vento 1.5 TDI Highline,Volkswagen
Delhi,2017,46000,Petrol,Manual,First,18.9,1197,5,4.75,Grand i10 1.2 Kappa Magna,Hyundai
Jaipur,2017,33000,Petrol,Automatic,First,24.04,999,5,3.2,KWID AMT RXL,Renault
Kochi,2017,27718,Petrol,Manual,First,22.74,796,5,3.28,Alto 800 LXI,Maruti
Bangalore,2013,58000,Petrol,Manual,First,15.8,1499,5,7.5,Ecosport 1.5 Ti VCT MT Titanium,Ford
Coimbatore,2018,33150,Petrol,Manual,First,21.4,1197,5,7.39,Baleno Zeta,Maruti
Pune,2013,77000,Diesel,Manual,First,23.2,1248,5,3.65,Ritz VDi,Maruti
Chennai,2007,70000,Diesel,Automatic,First,11.0,2987,5,11.0,E-Class 280 CDI,Mercedes-Benz
Kolkata,2012,97000,Diesel,Manual,First,23.2,1248,5,3.0,Ritz VDi,Maruti
Chennai,2012,75300,Diesel,Manual,Second,25.44,936,5,2.25,Beat Diesel LT,Chevrolet
Kochi,2010,69918,Petrol,Manual,First,15.5,1586,5,2.83,SX4 Vxi BSIV,Maruti
Coimbatore,2019,4721,Petrol,Manual,First,14.0,796,5,4.11,Omni 5 Seater BSIV,Maruti
Kolkata,2014,39163,Diesel,Manual,First,13.5,2477,7,14.7,Pajero Sport Anniversary Edition,Mitsubishi
Pune,2013,80000,Petrol,Automatic,First,13.0,2987,5,25.0,S Class 2005 2013 S 300 L,Mercedes-Benz
Bangalore,2015,66000,Diesel,Manual,First,25.44,936,5,2.35,Beat Diesel LS,Chevrolet
Coimbatore,2017,36154,Diesel,Manual,Second,25.83,1498,5,6.41,Figo 2015-2019 1.5D Titanium MT,Ford
Ahmedabad,2012,34000,Petrol,Manual,First,17.4,1497,5,5.75,City i-VTEC VX,Honda
Chennai,2016,60000,Diesel,Automatic,Second,17.9,2143,5,17.55,GLA Class 200 CDI SPORT,Mercedes-Benz
Jaipur,2015,32000,Diesel,Manual,First,21.38,1396,5,10.25,Creta 1.4 CRDi S Plus,Hyundai
Kochi,2012,79985,Diesel,Manual,First,17.8,1399,5,3.16,Fiesta Classic 1.4 Duratorq CLXI,Ford
Bangalore,2014,37600,Diesel,Automatic,Second,16.55,1968,5,22.5,A4 2.0 TDI,Audi
Kochi,2015,31965,Petrol,Manual,First,19.81,1086,5,3.55,i10 Magna 1.1,Hyundai
Kochi,2010,70749,Petrol,Automatic,First,12.05,1995,5,9.86,3 Series 320i Sedan,BMW
Chennai,2013,38000,Diesel,Automatic,First,16.46,2993,5,45.0,7 Series 730Ld,BMW
Kochi,2017,41534,Petrol,Manual,First,17.01,1591,5,7.99,Verna 1.6 SX VTVT,Hyundai
Jaipur,2017,54455,Diesel,Automatic,First,22.0,1498,5,6.5,Ameo 1.5 TDI Comfortline AT,Volkswagen
Kolkata,2007,42000,Petrol,Manual,First,14.49,1399,5,0.75,Aveo 1.4 LS,Chevrolet
Coimbatore,2018,52073,Diesel,Manual,Second,18.3,1991,5,9.87,Cruze LTZ,Chevrolet
Kochi,2018,40175,Diesel,Manual,Second,22.54,1396,5,6.36,i20 1.4 Sportz,Hyundai
Mumbai,2017,16503,Petrol,Automatic,First,16.0,1497,7,9.5,BRV i-VTEC V CVT,Honda
Kochi,2017,15029,Petrol,Manual,First,19.1,1197,5,6.05,Xcent 1.2 Kappa SX,Hyundai
Hyderabad,2015,76362,Diesel,Manual,First,24.0,1120,5,5.5,Grand i10 CRDi Sportz,Hyundai
Kolkata,2007,18700,Petrol,Manual,Second,19.7,796,5,1.25,Alto LXi,Maruti
Coimbatore,2015,67585,Diesel,Manual,First,12.99,2494,7,11.99,Innova 2.5 VX (Diesel) 7 Seater,Toyota
Mumbai,2010,57000,Petrol,Automatic,Second,16.95,1197,5,2.5,i10 Sportz 1.2 AT,Hyundai
Kochi,2019,22321,Petrol,Automatic,First,18.0,1497,5,11.66,City i-VTEC CVT V,Honda
Jaipur,1998,95150,Petrol,Manual,Third,17.3,993,5,0.53,Zen LX,Maruti
Kolkata,2015,36428,Petrol,Manual,First,20.51,998,5,3.1,Wagon R LXI BS IV,Maruti
Hyderabad,2012,73500,Diesel,Manual,Second,20.0,1399,5,2.6,Figo Diesel Titanium,Ford
Kochi,2015,47234,Petrol,Manual,First,18.0,1198,5,5.09,Amaze S i-Vtech,Honda
Hyderabad,2008,62364,Petrol,Manual,First,13.2,1495,5,2.3,Accent GLE,Hyundai
Pune,2012,89000,Diesel,Manual,First,22.32,1582,5,6.0,Verna 1.6 SX CRDi (O),Hyundai
Ahmedabad,2013,58653,Diesel,Manual,First,25.2,1248,5,4.4,Swift ZDi,Maruti
Delhi,2013,30000,Petrol,Automatic,Second,14.8,1595,5,11.0,B Class B180,Mercedes-Benz
Coimbatore,2014,64042,Diesel,Manual,First,17.3,1998,5,5.7,Cruze LTZ,Chevrolet
Chennai,2013,120000,Diesel,Automatic,First,20.0,1968,5,6.95,Laura Ambiente 2.0 TDI CR AT,Skoda
Hyderabad,2014,90000,Diesel,Manual,First,12.05,2179,8,7.9,Scorpio VLX 2WD BSIV,Mahindra
Kochi,2018,30733,Diesel,Automatic,First,20.68,1995,5,29.3,X1 xDrive 20d xLine,BMW
Kolkata,2009,43600,Petrol,Automatic,First,10.93,3498,5,10.24,E-Class 2009-2013 E350 Petrol,Mercedes-Benz
Pune,2010,71473,Petrol,Automatic,Second,13.7,1798,5,5.35,Superb Elegance 1.8 TSI AT,Skoda
Mumbai,2014,39000,Petrol,Automatic,Second,16.5,1198,5,3.49,Brio VX AT,Honda
Hyderabad,2009,84045,Petrol,Manual,First,20.36,1197,5,2.85,i10 Magna 1.2,Hyundai
Mumbai,2014,57004,Petrol,Manual,First,17.4,1497,5,5.35,City i VTEC SV,Honda
Coimbatore,2012,75464,Petrol,Manual,First,15.6,1196,5,3.62,Figo Petrol ZXI,Ford
Hyderabad,2006,142000,Diesel,Manual,First,12.8,2494,7,6.25,Innova 2.5 G4 Diesel 7-seater,Toyota
Kochi,2012,118683,Diesel,Manual,Second,21.0,1461,5,3.19,Verito 1.5 D6 BSIV,Mahindra
Delhi,2018,42000,Petrol,Manual,First,18.15,1198,6,5.5,KUV 100 G80 K8 Dual Tone,Mahindra
Kochi,2019,12800,Petrol,Manual,First,18.6,1197,5,7.67,i20 Sportz Option 1.2,Hyundai
Jaipur,2011,80000,Petrol,Manual,First,12.0,2092,7,5.5,New Safari EX 4x2,Tata
Hyderabad,2014,76126,Diesel,Manual,First,19.3,1248,5,6.6,Swift Dzire VDi,Maruti
Pune,2013,85000,Diesel,Automatic,First,17.68,1968,5,21.0,A6 2011-2015 2.0 TDI Premium Plus,Audi
Jaipur,2017,27000,Petrol,Manual,First,21.4,1197,5,4.5,Baleno Delta 1.2,Maruti
Coimbatore,2016,45794,Diesel,Automatic,First,13.01,2199,7,20.67,Santa Fe 4WD AT,Hyundai
Hyderabad,2013,57352,Diesel,Automatic,First,14.39,1998,5,6.5,Cruze LTZ AT,Chevrolet
Coimbatore,2018,41467,Diesel,Automatic,First,15.0,2143,5,37.98,E-Class 2015-2017 E250 Edition E,Mercedes-Benz
Mumbai,2009,42000,Petrol,Manual,First,17.92,1086,5,1.45,Santro Xing GLS,Hyundai
Hyderabad,2015,67048,Diesel,Manual,First,28.09,1248,5,7.9,Ciaz VDi Plus SHVS,Maruti
Kochi,2018,11732,Petrol,Manual,First,17.4,1497,5,10.07,City i-VTEC V,Honda
Mumbai,2016,37000,Diesel,Manual,First,20.45,1461,5,6.5,Terrano XL Plus ICC WT20 SE,Nissan
Hyderabad,2015,30000,Diesel,Automatic,First,18.88,1995,5,22.0,3 Series 320d Prestige,BMW
Hyderabad,2016,53000,Diesel,Manual,First,26.0,1498,5,9.75,City i DTEC V,Honda
Jaipur,2014,60000,Diesel,Manual,First,20.45,1461,5,6.0,Terrano XL Plus 85 PS,Nissan
Delhi,2014,65000,Diesel,Manual,First,24.0,1120,5,3.99,Grand i10 CRDi Sportz,Hyundai
Ahmedabad,2008,51000,Petrol,Manual,First,17.0,1086,5,1.75,Santro Xing XL eRLX Euro III,Hyundai
Delhi,2015,92000,Diesel,Automatic,First,12.55,2982,7,19.75,Fortuner 4x2 AT,Toyota
Kolkata,2017,31000,Diesel,Manual,First,13.68,2393,7,16.95,Innova Crysta 2.4 VX MT,Toyota
Chennai,2017,43917,Petrol,Manual,First,21.4,1197,5,6.8,Baleno Zeta 1.2,Maruti
Kolkata,2007,46707,Petrol,Manual,First,17.0,1086,5,0.99,Santro Xing XL eRLX Euro III,Hyundai
Pune,2013,84000,Petrol,Manual,First,19.81,1086,5,2.95,i10 Sportz 1.1L,Hyundai
Coimbatore,2015,55662,Diesel,Automatic,First,12.07,2967,7,42.83,Q7 3.0 TDI Quattro Premium Plus,Audi
Hyderabad,2014,51000,Diesel,Automatic,First,27.03,1969,5,21.5,S60 D4 Momentum,Volvo
Jaipur,2015,24398,Petrol,Manual,First,17.8,1497,5,7.9,City i VTEC V,Honda
Hyderabad,2011,78000,Petrol,Manual,Second,20.92,998,5,2.3,Alto K10 2010-2014 VXI,Maruti
Delhi,2012,40315,Petrol,Manual,First,18.5,1198,5,2.75,Brio 1.2 S Option MT,Honda
Jaipur,2011,83000,Diesel,Manual,First,12.05,2179,8,6.71,Scorpio VLX 2WD AIRBAG BSIV,Mahindra
Kochi,2017,58151,Diesel,Automatic,First,19.6,1461,5,9.6,Duster 110PS Diesel RxL AMT,Renault
Kochi,2017,30519,Diesel,Manual,First,19.67,1582,5,12.81,Creta 1.6 CRDi SX,Hyundai
Coimbatore,2019,20712,Petrol,Manual,First,23.84,1199,5,6.94,Tiago 1.2 Revotron XZ,Tata
Mumbai,2015,48000,Diesel,Manual,First,16.0,2179,7,9.45,XUV500 W6 2WD,Mahindra
Hyderabad,2015,85000,Diesel,Manual,First,20.34,1498,5,6.0,Vento 1.5 TDI Highline,Volkswagen
Delhi,2013,32000,Petrol,Automatic,First,14.8,1595,5,11.0,B Class B180,Mercedes-Benz
Delhi,2011,52000,Petrol,Manual,First,15.5,1586,5,2.6,SX4 Vxi BSIV,Maruti
Hyderabad,2007,58307,Petrol,Manual,First,15.3,1341,5,1.95,Getz GLE,Hyundai
Mumbai,2013,30000,Diesel,Automatic,First,17.54,2993,4,45.0,6 Series Gran Coupe,BMW
Chennai,2014,40000,Diesel,Automatic,First,17.11,1968,5,22.0,A4 2.0 TDI 177 Bhp Premium Plus,Audi
Kolkata,2015,36000,Petrol,Manual,First,18.6,1197,5,4.9,i20 Asta Option 1.2,Hyundai
Kochi,2015,58817,Diesel,Manual,First,19.87,1461,5,6.25,Terrano XL D Option,Nissan
Chennai,2013,55000,Diesel,Manual,Second,20.54,1598,5,6.1,Vento Konekt Diesel Highline,Volkswagen
Mumbai,2011,39000,Petrol,Manual,First,20.36,1197,5,2.6,i10 Sportz,Hyundai
Hyderabad,2012,35000,Diesel,Automatic,First,14.74,2993,5,29.0,XF 3.0 Litre S Premium Luxury,Jaguar
Pune,2010,49900,Petrol,Manual,Second,17.5,1298,5,3.3,Swift Dzire VXi,Maruti
Hyderabad,2013,99500,Diesel,Manual,Second,22.3,1248,5,3.05,Indica Vista Quadrajet VX,Tata
Kolkata,2012,33249,Diesel,Manual,First,21.27,1396,5,3.25,i20 Asta 1.4 CRDi,Hyundai
Delhi,2014,52000,Petrol,Manual,First,19.1,1197,5,3.75,Xcent 1.2 Kappa S Option,Hyundai
Mumbai,2015,45000,Diesel,Manual,First,12.99,2494,7,13.25,Innova 2.5 VX (Diesel) 7 Seater,Toyota
Hyderabad,2017,22000,Petrol,Manual,First,23.84,1199,5,4.8,Tiago 1.2 Revotron XZ,Tata
Kochi,2019,7858,Petrol,Manual,First,25.17,799,5,3.8,KWID RXL,Renault
Pune,2011,112000,Diesel,Manual,First,12.8,2494,7,8.5,Innova 2.5 V Diesel 7-seater,Toyota
Coimbatore,2016,41082,Diesel,Automatic,First,13.0,2143,5,38.76,E-Class 2015-2017 E250 CDI Avantgarde,Mercedes-Benz
Ahmedabad,2009,72000,Petrol,Automatic,First,16.8,1497,5,3.2,City 1.5 S AT,Honda
Hyderabad,2011,84912,Petrol,Manual,First,20.36,1197,5,3.5,i10 Sportz 1.2,Hyundai
Pune,2015,70000,Diesel,Manual,First,19.67,1582,5,12.25,Creta 1.6 CRDi SX Option,Hyundai
Mumbai,2014,21000,Petrol,Manual,First,19.5,1199,5,4.75,Amaze VX Petrol,Honda
Delhi,2016,27000,Petrol,Manual,First,18.78,999,5,4.5,Polo 1.2 MPI Trendline,Volkswagen
Kolkata,2012,29000,Petrol,Manual,First,20.36,1197,5,2.35,i10 Magna 1.2,Hyundai
Hyderabad,2014,48425,Diesel,Manual,First,23.08,1461,5,3.4,Pulse RxL,Renault
Pune,2016,19000,Diesel,Automatic,First,21.5,1498,5,10.0,Vento 1.5 TDI Highline AT,Volkswagen
Hyderabad,2012,210000,Diesel,Manual,First,12.99,2494,7,9.0,Innova 2.5 VX (Diesel) 7 Seater BS IV,Toyota
Delhi,2013,64000,Petrol,Manual,Second,14.53,1798,5,5.2,Corolla Altis G,Toyota
Chennai,2006,200000,Diesel,Manual,Second,16.8,1493,5,1.85,Verna CRDi,Hyundai
Chennai,2013,100000,Diesel,Automatic,Second,11.3,2987,7,38.0,GL-Class 350 CDI Blue Efficiency,Mercedes-Benz
Kochi,2013,69140,Diesel,Manual,First,20.46,1461,5,5.11,Duster 85PS Diesel RxL Optional,Renault
Coimbatore,2019,21214,Petrol,Manual,First,15.41,1598,5,9.66,Rapid 1.6 MPI Ambition,Skoda
Kolkata,2015,28000,Petrol,Manual,First,20.36,1197,5,3.4,i10 Sportz 1.2,Hyundai
Kochi,2017,29085,Petrol,Manual,First,18.15,1198,6,5.84,KUV 100 mFALCON G80 K8,Mahindra
Kolkata,2016,30000,Petrol,Automatic,First,23.1,998,5,3.8,Celerio VXI AMT,Maruti
Mumbai,2012,32910,Petrol,Automatic,First,16.98,998,5,2.5,A-Star AT VXI,Maruti
Kolkata,2015,30000,Diesel,Manual,First,25.1,1498,5,6.95,City i DTEC VX,Honda
Pune,2010,35102,Petrol,Automatic,First,12.6,1798,5,5.5,Superb 1.8 TSI,Skoda
Coimbatore,2017,22831,Petrol,Manual,First,18.9,1197,5,6.19,Grand i10 Sportz,Hyundai
Hyderabad,2013,74911,Diesel,Manual,First,20.45,1461,5,6.0,Duster 85PS Diesel RxL,Renault
Pune,2015,21000,Petrol,Manual,First,18.9,1197,5,3.75,Grand i10 Magna,Hyundai
Kochi,2018,37160,Diesel,Manual,First,22.77,1498,5,9.46,EcoSport 1.5 TDCi Titanium,Ford
Jaipur,2011,41000,Petrol,Manual,Second,16.95,1498,5,3.0,Sunny 2011-2014 XL,Nissan
Chennai,2016,37294,Diesel,Manual,First,25.83,1498,5,5.75,Figo Aspire 1.5 TDCi Titanium,Ford
Coimbatore,2009,56927,Petrol,Manual,First,13.5,1799,5,4.41,Civic 2006-2010 1.8 V MT,Honda
Kochi,2017,21954,Petrol,Manual,First,25.17,799,5,3.7,KWID RXT Optional,Renault
Kolkata,2014,50000,Petrol,Manual,Second,19.4,1198,5,2.5,Brio EX MT,Honda
Coimbatore,2012,78212,Petrol,Manual,First,16.1,1298,5,5.35,Swift ZXI ABS,Maruti
Delhi,2013,64500,Diesel,Manual,First,21.9,1396,5,3.65,i20 Magna Optional 1.4 CRDi,Hyundai
Delhi,2014,51000,Diesel,Automatic,First,17.2,1968,5,13.0,Superb Elegance 2.0 TDI CR AT,Skoda
Delhi,2012,52000,Petrol,Manual,First,18.9,998,5,2.45,Wagon R LXI BSII,Maruti
Mumbai,2015,120000,Diesel,Automatic,First,21.21,1498,5,5.75,Vento 1.5 TDI Highline AT,Volkswagen
Coimbatore,2017,65792,Diesel,Manual,First,26.0,1498,5,8.11,City i DTEC S,Honda
Ahmedabad,2018,30000,Diesel,Manual,First,22.54,1396,5,7.75,i20 1.4 Sportz,Hyundai
Coimbatore,2017,54387,Petrol,Automatic,First,19.15,1198,5,5.85,Micra XV CVT,Nissan
Mumbai,2018,1617,Petrol,Manual,First,25.17,799,5,4.29,KWID RXT Optional,Renault
Hyderabad,2015,82000,Diesel,Manual,First,25.6,1498,5,8.0,City i-DTEC SV,Honda
Mumbai,2017,20000,Diesel,Manual,First,13.68,2393,8,16.5,Innova Crysta 2.4 G MT 8S,Toyota
Jaipur,2015,98000,Diesel,Manual,First,27.39,1248,5,5.5,Baleno Alpha 1.3,Maruti
Delhi,2015,57000,Diesel,Manual,First,22.77,1498,5,6.35,EcoSport 1.5 TDCi Trend,Ford
Jaipur,2013,250000,Diesel,Manual,Second,12.99,2494,8,7.9,Innova 2.5 G (Diesel) 8 Seater,Toyota
Hyderabad,2014,56549,Diesel,Manual,First,22.7,1498,5,7.2,Ecosport 1.5 DV5 MT Ambiente,Ford
Bangalore,2012,78500,Diesel,Manual,First,22.07,1199,5,3.65,Polo Diesel Comfortline 1.2L,Volkswagen
Kochi,2016,55036,Diesel,Manual,First,22.54,1396,5,6.35,i20 Sportz 1.4 CRDi,Hyundai
Pune,2016,55000,Diesel,Manual,First,19.87,1461,5,7.8,Duster 85PS Diesel RxL Explore,Renault
Chennai,2007,90000,Petrol,Manual,Second,13.8,1299,5,1.4,Ikon 1.3 Flair,Ford
Chennai,2007,155000,Diesel,Manual,First,13.1,2499,7,5.5,Endeavour XLT TDCi 4X2,Ford
Hyderabad,2018,17810,Diesel,Manual,First,27.39,1248,5,8.5,Baleno Delta 1.3,Maruti
Kochi,2011,42408,Diesel,Automatic,First,14.84,2143,5,10.48,New C-Class C 220 CDI Elegance AT,Mercedes-Benz
Ahmedabad,2005,81000,Petrol,Manual,Second,15.9,1298,5,0.75,Esteem Vxi - BSIII,Maruti
Pune,2008,52000,Petrol,Manual,Second,12.85,1396,5,1.3,Indigo XL Grand Petrol,Tata
Mumbai,2013,35000,Diesel,Automatic,First,16.73,2993,5,21.0,5 Series 525d Sedan,BMW
Delhi,2013,60000,Petrol,Manual,First,17.92,1086,5,2.3,Santro Xing GL Plus,Hyundai
Mumbai,2015,27000,Diesel,Automatic,First,19.5,1968,5,14.95,Octavia 2.0 TDI AT Style Plus,Skoda
Coimbatore,2017,55975,Diesel,Automatic,Second,17.68,1968,5,35.92,A6 2011-2015 35 TDI Technology,Audi
Pune,2016,115000,Diesel,Manual,First,25.83,1498,5,4.5,Figo 1.5D Trend MT,Ford
Hyderabad,2016,132000,Diesel,Manual,First,14.95,2489,7,5.5,Xylo D4 BS III,Mahindra
Mumbai,2015,40337,Petrol,Automatic,First,23.1,998,5,4.45,Celerio ZXI AT,Maruti
Chennai,2008,192000,Diesel,Manual,First,12.8,2494,8,6.85,Innova 2.5 G4 Diesel 8-seater,Toyota
Bangalore,2016,50000,Diesel,Manual,First,24.0,1120,5,5.5,Grand i10 CRDi Asta,Hyundai
Kochi,2016,28147,Petrol,Manual,First,18.9,1197,5,5.07,Grand i10 1.2 Kappa Sportz,Hyundai
Mumbai,2015,20000,Petrol,Manual,First,18.9,1197,5,3.85,Grand i10 Sportz,Hyundai
Chennai,2016,11000,Petrol,Manual,First,18.6,1197,5,7.95,Elite i20 Petrol Asta,Hyundai
Jaipur,2009,63000,Petrol,Manual,Second,18.2,998,5,1.25,Zen Estilo LXI BSIII,Maruti
Kochi,2014,36967,Petrol,Manual,First,20.92,998,5,3.64,Alto K10 2010-2014 VXI,Maruti
Jaipur,2016,73053,Diesel,Manual,First,13.0,2982,7,20.0,Fortuner 4x2 Manual,Toyota
Coimbatore,2019,16392,Diesel,Manual,First,16.55,2498,6,10.36,Thar CRDe AC,Mahindra
Chennai,2007,79000,Petrol,Manual,First,17.0,1086,5,1.85,Santro Xing XO,Hyundai
Jaipur,2013,67000,Petrol,Manual,Second,16.78,1496,5,4.05,Etios G,Toyota
Mumbai,2015,48600,Diesel,Automatic,First,12.0,2987,7,48.5,GL-Class 2007 2012 350 CDI Luxury,Mercedes-Benz
Bangalore,2014,70000,Diesel,Manual,First,19.6,1461,5,8.25,Duster 110PS Diesel RxZ,Renault
Pune,2014,84000,Diesel,Manual,First,22.9,1248,5,5.25,Swift VDI,Maruti
Mumbai,2013,49106,Petrol,Manual,First,15.04,1598,5,4.4,Vento Magnific 1.6 Comfortline,Volkswagen
Mumbai,2017,35000,Diesel,Automatic,First,18.19,1968,5,25.75,Superb L&K 2.0 TDI AT,Skoda
Kochi,2014,51240,Diesel,Automatic,First,8.2,2993,4,29.52,3 Series 330d Convertible,BMW
Kolkata,2011,37000,Petrol,Manual,Second,18.9,998,5,2.1,Wagon R VXI BS IV,Maruti
Kochi,2017,32587,Petrol,Manual,First,25.17,799,5,3.71,KWID RXT,Renault
Pune,2009,180000,Diesel,Manual,First,10.9,2499,7,7.5,Endeavour 4x2 XLT Limited Edition,Ford
Kochi,2017,21248,Diesel,Manual,First,24.3,1248,5,9.44,Vitara Brezza ZDi Plus Dual Tone,Maruti
Pune,2006,47200,Petrol,Manual,Second,17.0,1086,5,1.2,Santro Xing XO eRLX Euro II,Hyundai
Delhi,2014,40000,Petrol,Automatic,First,10.5,1796,5,24.0,E-Class 200 Kompressor Elegance,Mercedes-Benz
Delhi,2011,57000,Diesel,Automatic,Second,16.55,1968,5,9.75,A4 2.0 TDI Celebration Edition,Audi
Kolkata,2014,37000,Petrol,Manual,First,18.9,1197,5,3.45,Grand i10 Asta,Hyundai
Jaipur,2014,70000,Diesel,Manual,Second,13.5,2477,7,11.85,Pajero Sport 4X4,Mitsubishi
Coimbatore,2012,92469,Diesel,Automatic,Second,19.71,2143,5,16.14,New C-Class C 250 CDI Avantgarde,Mercedes-Benz
Ahmedabad,2017,20000,Petrol,Automatic,First,24.07,998,5,4.0,Alto K10 VXI AGS,Maruti
Delhi,2015,42000,Petrol,Manual,Second,18.6,1197,5,5.8,i20 Sportz 1.2,Hyundai
Kolkata,2014,28000,Diesel,Manual,First,23.4,1248,5,4.65,Swift Dzire VDI,Maruti
Pune,2010,93000,Petrol,Automatic,Second,11.8,3498,7,15.0,R-Class R350 4Matic Long,Mercedes-Benz
Mumbai,2015,23000,Petrol,Automatic,First,15.63,1499,5,6.8,EcoSport 1.5 Ti VCT AT Titanium,Ford
Bangalore,2016,36000,Diesel,Manual,First,25.1,1498,5,10.25,City i DTEC VX Option,Honda
Chennai,2014,52000,Petrol,Manual,First,20.92,998,5,2.7,Alto K10 2010-2014 VXI,Maruti
Hyderabad,2015,59245,Diesel,Manual,First,20.77,1248,7,8.5,Ertiga ZDI,Maruti
Pune,2018,31000,Diesel,Manual,First,22.54,1396,5,7.75,i20 Diesel Asta Option,Hyundai
Pune,2015,83000,Petrol,Manual,First,15.64,1193,5,2.7,Indigo CS eGLX BS IV,Tata
Hyderabad,2004,81500,Petrol,Manual,Second,19.7,796,5,1.3,Alto Std,Maruti
Chennai,2008,51000,Petrol,Manual,Second,19.5,1061,5,1.75,Estilo LXI,Maruti
Hyderabad,2018,9900,Petrol,Manual,First,15.8,1591,5,13.2,Creta 1.6 SX,Hyundai
Pune,2004,94000,Petrol,Manual,Second,18.9,998,5,1.0,Wagon R LX,Maruti
Kochi,2017,27100,Petrol,Manual,First,16.78,1496,5,6.37,Etios V,Toyota
Kolkata,2015,12000,Petrol,Manual,First,16.78,1496,5,4.5,Etios V,Toyota
Mumbai,2013,29000,Diesel,Manual,First,19.01,1461,5,6.5,Duster 110PS Diesel RXZ Optional with Nav,Renault
Mumbai,2013,65000,Diesel,Manual,Second,19.3,1248,5,4.99,Swift Dzire Vdi BSIV,Maruti
Coimbatore,2017,50794,Diesel,Automatic,First,17.9,2143,5,43.3,GLC 220,Mercedes-Benz
Mumbai,2014,59000,Diesel,Manual,First,22.7,1498,5,6.5,Ecosport 1.5 DV5 MT Titanium Optional,Ford
Hyderabad,2017,15234,Petrol,Automatic,First,19.12,1373,5,9.95,Ciaz 1.4 AT Alpha,Maruti
Mumbai,2015,44000,Diesel,Manual,First,22.7,1498,5,7.35,Ecosport 1.5 DV5 MT Titanium,Ford
Hyderabad,2016,125000,Diesel,Manual,First,22.95,1248,5,4.6,Zest Quadrajet 1.3 75PS XE,Tata
Chennai,2011,100000,Diesel,Automatic,First,11.4,2953,7,8.5,Endeavour 3.0L 4X4 AT,Ford
Coimbatore,2017,34686,Diesel,Automatic,First,19.6,1461,5,11.86,Duster 110PS Diesel RxZ AMT,Renault
Pune,2011,98000,Diesel,Manual,First,14.42,1995,5,8.0,X-Trail SLX MT,Nissan
Delhi,2015,90000,Diesel,Automatic,First,12.55,2982,7,21.5,Fortuner 4x4 AT,Toyota
Pune,2007,81000,Petrol,Manual,First,15.26,1150,5,1.3,Aveo U-VA 1.2 LS,Chevrolet
Chennai,2012,55000,Diesel,Manual,First,20.5,1598,5,5.9,Rapid 1.6 TDI Ambition,Skoda
Bangalore,2013,52910,Diesel,Manual,Second,15.1,2179,7,9.5,XUV500 W8 4WD,Mahindra
Chennai,2010,100000,Diesel,Manual,First,19.3,1248,5,4.5,Swift Dzire ZDi,Maruti
Hyderabad,2003,132000,Diesel,Manual,First,18.7,1896,5,2.25,Octavia Elegance 1.9 TDI,Skoda
Mumbai,2014,18000,Petrol,Manual,First,13.7,1399,7,3.35,Enjoy Petrol LS 7 Seater,Chevrolet
Kolkata,2005,50000,Petrol,Manual,First,13.2,1495,5,0.7,Accent GLE,Hyundai
Bangalore,2012,33000,Petrol,Automatic,First,14.74,1991,5,16.0,New C-Class C 200 CGI,Mercedes-Benz
Pune,2014,30000,Diesel,Manual,First,20.45,1461,5,8.0,Duster 85PS Diesel RxE,Renault
Kochi,2012,58646,Diesel,Manual,First,22.32,1582,5,4.74,Verna 1.6 SX,Hyundai
Mumbai,2016,21000,Diesel,Automatic,First,13.0,2143,5,36.0,E-Class 2015-2017 E250 CDI Avantgarde,Mercedes-Benz
Kochi,2015,57026,Petrol,Manual,First,15.04,1598,5,5.54,Vento Petrol Highline,Volkswagen
Mumbai,2017,42000,Diesel,Automatic,First,18.19,1968,5,22.99,Superb Style 2.0 TDI AT,Skoda
Kochi,2017,26741,Diesel,Manual,First,15.4,1997,7,10.08,Scorpio 1.99 S4 Plus,Mahindra
Pune,2010,85000,Petrol,Manual,First,17.5,1798,5,2.85,Laura Classic 1.8 TSI,Skoda
Pune,2000,78000,Petrol,Manual,First,16.1,796,4,0.55,800 DX BSII,Maruti
Coimbatore,2018,29091,Diesel,Automatic,First,13.22,2967,5,45.52,Q5 3.0 TDI Quattro Technology,Audi
Coimbatore,2018,37323,Diesel,Manual,Second,17.45,1493,7,7.29,NuvoSport N6,Mahindra
Chennai,2011,55595,Diesel,Manual,Second,20.54,1598,5,4.3,Vento Diesel Highline,Volkswagen
Chennai,2015,49900,Petrol,Manual,First,20.85,1197,5,4.8,Swift Dzire VXI Optional,Maruti
Mumbai,2012,52500,Petrol,Manual,Second,16.02,1373,7,5.25,Ertiga VXI,Maruti
Chennai,2016,5700,Petrol,Manual,First,24.7,796,5,2.8,Alto 800 2016-2019 LXI,Maruti
Kochi,2014,53340,Diesel,Manual,First,21.9,1396,5,4.35,i20 Magna 1.4 CRDi (Diesel),Hyundai
Kolkata,2014,57000,Diesel,Manual,First,22.7,1498,5,5.49,Ecosport 1.5 DV5 MT Titanium,Ford
Bangalore,2014,58000,Diesel,Manual,First,20.34,1498,5,6.5,Vento 1.5 TDI Highline,Volkswagen
Bangalore,2011,73000,Diesel,Manual,First,12.05,2179,8,6.4,Scorpio VLX 2WD Airbag BSIII,Mahindra
Kochi,2016,33554,Diesel,Manual,First,25.83,1498,5,6.22,Figo Aspire 1.5 TDCi Titanium Plus,Ford
Mumbai,2012,106000,Diesel,Manual,First,12.99,2494,8,8.4,Innova 2.5 G (Diesel) 8 Seater,Toyota
Pune,2018,27000,Diesel,Manual,First,28.4,1248,5,5.9,Dzire LDI,Maruti
Pune,2018,1000,Petrol,Manual,First,25.17,799,5,3.4,KWID RXL,Renault
Jaipur,2011,119000,Diesel,Manual,Third,13.1,2499,7,6.5,Endeavour 2.5L 4X2 MT,Ford
Delhi,2015,64000,Petrol,Manual,First,18.88,999,5,6.0,EcoSport 1.0 Ecoboost Titanium Plus,Ford
Hyderabad,2016,63738,Diesel,Manual,First,19.67,1582,5,11.9,Creta 1.6 CRDi SX,Hyundai
Bangalore,2016,16000,Diesel,Automatic,First,14.69,2993,5,48.0,5 Series 2013-2017 530d M Sport,BMW
Mumbai,2017,28000,Petrol,Automatic,First,18.69,1462,7,8.0,Ertiga VXI AT Petrol,Maruti
Hyderabad,2007,91000,Diesel,Automatic,Second,15.6,1896,5,2.45,Laura L and K AT,Skoda
Kolkata,2013,25000,Petrol,Manual,First,18.6,1199,5,1.75,Beat LS,Chevrolet
Bangalore,2014,65630,Diesel,Automatic,First,15.73,1968,5,21.75,Q3 2.0 TDI,Audi
Pune,2014,48094,Petrol,Manual,First,17.0,1497,5,7.25,City 1.5 V MT,Honda
Pune,2009,90456,Petrol,Manual,Second,16.1,1298,5,3.0,Swift Lxi BSIII,Maruti
Jaipur,2012,140000,Diesel,Manual,First,20.0,1399,5,2.51,Figo Diesel EXI,Ford
Chennai,2015,95000,Diesel,Automatic,First,12.55,2982,7,19.6,Fortuner 4x4 AT,Toyota
Pune,2013,79000,Diesel,Manual,Second,15.8,2148,5,15.5,New C-Class 200 CDI Classic,Mercedes-Benz
Chennai,2012,96000,Diesel,Manual,First,12.99,2494,7,11.5,Innova 2.5 GX (Diesel) 7 Seater,Toyota
Coimbatore,2004,186679,Petrol,Manual,Second,13.0,1493,5,1.76,City 1.5 EXI,Honda
Jaipur,2015,91000,Diesel,Manual,First,25.8,1498,5,4.68,Amaze S i-Dtech,Honda
Delhi,2010,109703,Petrol,Automatic,Second,14.28,1798,5,4.0,Corolla Altis 1.8 G CVT,Toyota
Hyderabad,2012,110000,Diesel,Manual,First,22.3,1248,5,2.8,Indica Vista Quadrajet VX,Tata
Mumbai,2012,35000,Diesel,Manual,First,16.0,2179,7,8.25,XUV500 W8 2WD,Mahindra
Kolkata,2010,47722,Diesel,Manual,First,21.1,1248,5,1.7,Ritz VDi,Maruti
Mumbai,2013,25000,Petrol,Automatic,First,14.74,1991,5,14.85,New C-Class C 200 AVANTGARDE,Mercedes-Benz
Mumbai,2018,8000,Petrol,Automatic,First,17.0,1591,5,12.85,Verna VTVT 1.6 AT SX Option,Hyundai
Hyderabad,2012,65000,Diesel,Automatic,First,14.94,2143,5,16.0,New C-Class C 250 CDI Elegance,Mercedes-Benz
Hyderabad,2018,1048,Petrol,Manual,First,18.9,998,5,4.7,Wagon R VXI BS IV,Maruti
Bangalore,2014,42000,Petrol,Manual,Second,16.02,1373,7,5.94,Ertiga VXI,Maruti
Hyderabad,2013,55000,Diesel,Manual,First,20.5,1598,5,8.0,Rapid Ultima 1.6 TDI Elegance,Skoda
Delhi,2010,72000,Diesel,Manual,First,12.8,2494,8,5.45,Innova 2.5 V Diesel 8-seater,Toyota
Kochi,2018,17773,Petrol,Automatic,First,13.7,1991,5,26.76,GLA Class 200 Sport,Mercedes-Benz
Hyderabad,2013,65000,Diesel,Manual,Second,20.14,1498,5,3.5,Polo 1.5 TDI Highline,Volkswagen
Kolkata,2013,53280,Diesel,Manual,First,22.32,1582,5,4.7,Verna 1.6 CRDi EX MT,Hyundai
Ahmedabad,2016,34005,Petrol,Manual,First,17.0,1198,5,5.75,Ameo 1.2 MPI Highline,Volkswagen
Coimbatore,2017,14618,Petrol,Manual,First,18.6,1197,5,8.11,i20 Asta Option 1.2,Hyundai
Delhi,2006,65771,Petrol,Manual,Second,17.3,1061,5,0.75,Wagon R LX BSIII,Maruti
Pune,2006,78000,Petrol,Manual,Second,13.5,1405,5,1.0,Indica LEI,Tata
Hyderabad,2016,105545,Diesel,Manual,First,14.0,2498,7,5.3,Xylo D4,Mahindra
Pune,2010,80561,Petrol,Manual,First,18.5,1197,5,2.74,i20 2015-2017 Magna,Hyundai
Mumbai,2017,6000,Petrol,Manual,First,21.4,1197,5,7.5,Baleno Alpha,Maruti
Jaipur,2016,39000,Diesel,Automatic,First,17.6,2179,7,13.5,Hexa XTA,Tata
Kolkata,2011,55001,Petrol,Manual,First,16.47,1198,5,2.2,Polo Petrol Comfortline 1.2L,Volkswagen
Mumbai,2012,63720,Petrol,Automatic,First,11.74,1796,5,13.25,New C-Class C 200 CGI Elegance,Mercedes-Benz
Delhi,2013,70000,Diesel,Manual,First,23.59,1364,5,3.88,Etios GD,Toyota
Jaipur,2005,100000,Petrol,Manual,Second,15.3,1341,5,0.85,Getz GLS,Hyundai
Kochi,2017,15386,Petrol,Manual,First,23.84,1199,5,5.11,Tiago 1.2 Revotron XT,Tata
Mumbai,2013,102486,Diesel,Manual,First,19.87,1461,5,4.25,Duster 85PS Diesel RxL Option,Renault
Coimbatore,2013,58629,Diesel,Automatic,Second,18.25,1968,5,16.52,A4 35 TDI Premium Plus,Audi
Pune,2008,86000,Diesel,Manual,Third,13.93,2179,7,0.6,New Safari DICOR 2.2 VX 4x2,Tata
Hyderabad,2012,68238,Diesel,Manual,First,22.9,1248,5,4.8,Swift VDI,Maruti
Mumbai,2011,42036,Petrol,Automatic,First,13.7,1798,5,6.25,Superb Elegance 1.8 TSI AT,Skoda
Mumbai,2014,55619,Petrol,Manual,First,16.3,1797,5,8.3,Elantra SX,Hyundai
Pune,2009,60000,Petrol,Manual,Third,17.0,1497,5,3.25,City 1.5 E MT,Honda
Pune,2015,30000,Diesel,Manual,First,19.87,1461,5,7.75,Duster 85PS Diesel RxL Explore,Renault
Kochi,2016,31150,Diesel,Automatic,First,16.36,2179,5,30.54,XF 2.2 Litre Luxury,Jaguar
Pune,2010,70290,Petrol,Manual,Second,17.24,1198,5,2.96,Polo IPL II 1.2 Petrol Highline,Volkswagen
Chennai,2016,10000,Petrol,Manual,First,17.57,1193,5,4.0,Bolt Revotron XT,Tata
Bangalore,2014,68010,Petrol,Manual,Second,18.5,1197,5,5.25,i20 Sportz 1.2,Hyundai
Kochi,2013,91903,Diesel,Automatic,First,17.68,1968,5,17.56,A6 2011-2015 2.0 TDI,Audi
Mumbai,2011,38000,Petrol,Manual,First,16.09,1598,5,3.25,Vento 1.6 Highline,Volkswagen
Bangalore,2015,67600,Petrol,Manual,First,23.1,998,5,4.0,Celerio VXI,Maruti
Coimbatore,2007,66800,Petrol,Manual,First,15.3,1341,5,2.2,Getz GLE,Hyundai
Pune,2016,37208,Diesel,Manual,First,24.3,1248,5,7.43,Vitara Brezza VDi,Maruti
Mumbai,2009,102002,Diesel,Automatic,First,8.7,2987,5,10.75,M-Class ML 320 CDI,Mercedes-Benz
Delhi,2011,68000,Diesel,Manual,First,19.3,1248,5,2.75,Swift Dzire Vdi BSIV,Maruti
Hyderabad,2013,40000,Diesel,Automatic,Second,17.85,2967,4,45.0,Panamera Diesel,Porsche
Mumbai,2015,33500,Petrol,Automatic,First,19.16,2494,5,19.75,Camry Hybrid,Toyota
Delhi,2013,33746,Petrol,Manual,First,18.5,1198,5,3.2,Brio 1.2 VX MT,Honda
Coimbatore,2011,45004,Diesel,Manual,First,12.8,2494,7,9.48,Innova 2.5 V Diesel 7-seater,Toyota
Coimbatore,2015,70602,Diesel,Manual,First,25.8,1498,5,4.83,Amaze VX i-DTEC,Honda
Delhi,2014,27365,Diesel,Manual,First,28.4,1248,5,4.75,Swift VDI,Maruti
Jaipur,2015,100000,Diesel,Manual,First,24.4,1120,5,4.0,Xcent 1.1 CRDi S,Hyundai
Jaipur,2012,55000,Diesel,Manual,Second,14.0,2498,8,2.9,Xylo D4 BSIV,Mahindra
Kolkata,2013,46000,Petrol,Manual,First,18.9,998,5,2.65,Wagon R VXI,Maruti
Hyderabad,2011,47000,Diesel,Manual,First,25.44,936,5,2.5,Beat Diesel,Chevrolet
