Location,Year,Kilometers_Driven,Fuel_Type,Transmission,Owner_Type,Consumation,Engine,Power,Seats,Price,Brand,Model,car_age,km/age
Mumbai,2010,72000,CNG,Manual,First,26.6,998,58.16,5,1.75,Maruti,Wagon R LXI CNG,16,4500.0
Pune,2015,41000,Diesel,Manual,First,19.67,1582,126.2,5,12.5,Hyundai,Creta 1.6 CRDi SX Option,11,3727.2727272727275
Chennai,2011,46000,Petrol,Manual,First,18.2,1199,88.7,5,4.5,Honda,Jazz V,15,3066.6666666666665
Chennai,2012,87000,Diesel,Manual,First,20.77,1248,88.76,7,6.0,Maruti,Ertiga VDI,14,6214.285714285715
Coimbatore,2013,40670,Diesel,Automatic,Second,15.2,1968,140.8,5,17.74,Audi,A4 New 2.0 TDI Multitronic,13,3128.4615384615386
Hyderabad,2012,75000,LPG,Manual,First,21.1,814,55.2,5,2.35,Hyundai,EON LPG Era Plus Option,14,5357.142857142857
Jaipur,2013,86999,Diesel,Manual,First,23.08,1461,63.1,5,3.5,Nissan,Micra Diesel XV,13,6692.2307692307695
Mumbai,2016,36000,Diesel,Automatic,First,11.36,2755,171.5,8,17.5,Toyota,Innova Crysta 2.8 GX AT 8S,10,3600.0
Pune,2013,64430,Diesel,Manual,First,20.54,1598,103.6,5,5.2,Volkswagen,Vento Diesel Comfortline,13,4956.153846153846
Chennai,2012,65932,Diesel,Manual,Second,22.3,1248,74.0,5,1.95,Tata,Indica Vista Quadrajet LS,14,4709.428571428572
Kochi,2018,25692,Petrol,Manual,First,21.56,1462,103.25,5,9.95,Maruti,Ciaz Zeta,8,3211.5
Kolkata,2012,60000,Petrol,Automatic,First,16.8,1497,116.3,5,4.49,Honda,City 1.5 V AT Sunroof,14,4285.714285714285
Jaipur,2015,64424,Diesel,Manual,First,25.2,1248,74.0,5,5.6,Maruti,Swift VDI BSIV,11,5856.727272727273
Delhi,2014,72000,Diesel,Automatic,First,12.7,2179,187.7,5,27.0,Land,Rover Range Rover 2.2L Pure,12,6000.0
Pune,2012,85000,Diesel,Automatic,Second,0.0,2179,115.0,5,17.5,Land,Rover Freelander 2 TD4 SE,14,6071.428571428572
Delhi,2014,110000,Diesel,Manual,First,13.5,2477,175.56,7,15.0,Mitsubishi,Pajero Sport 4X4,12,9166.666666666666
Kochi,2016,58950,Diesel,Manual,First,25.8,1498,98.6,5,5.4,Honda,Amaze S i-Dtech,10,5895.0
Jaipur,2017,25000,Diesel,Manual,First,28.4,1248,74.0,5,5.99,Maruti,Swift DDiS VDI,9,2777.777777777778
Kochi,2014,77469,Diesel,Manual,First,20.45,1461,83.8,5,6.34,Renault,Duster 85PS Diesel RxL Plus,12,6455.75
Bangalore,2014,78500,Diesel,Automatic,First,14.84,2143,167.62,5,28.0,Mercedes-Benz,New C-Class C 220 CDI BE Avantgare,12,6541.666666666667
Kochi,2014,32982,Diesel,Automatic,First,22.69,1995,190.0,5,18.55,BMW,3 Series 320d,12,2748.5
Bangalore,2015,55392,Diesel,Manual,Second,23.65,1248,88.5,5,8.25,Maruti,S Cross DDiS 200 Alpha,11,5035.636363636364
Mumbai,2015,55985,Petrol,Automatic,First,13.53,1984,177.01,5,23.5,Audi,A6 2011-2015 35 TFSI Technology,11,5089.545454545455
Kolkata,2010,45807,Petrol,Manual,First,18.5,1197,80.0,5,1.87,Hyundai,i20 1.2 Magna,16,2862.9375
Kolkata,2010,33000,Petrol,Automatic,First,14.4,1598,103.6,5,2.85,Volkswagen,Vento Petrol Highline AT,16,2062.5
Mumbai,2012,51920,Petrol,Manual,First,16.8,1497,116.3,5,4.25,Honda,City Corporate Edition,14,3708.5714285714284
Hyderabad,2012,54000,Diesel,Manual,First,23.08,1461,63.1,5,4.25,Nissan,Micra Diesel XV,14,3857.1428571428573
Hyderabad,2013,54000,Petrol,Manual,Second,20.92,998,67.1,5,2.75,Maruti,Alto K10 2010-2014 VXI,13,4153.846153846154
Kochi,2018,37430,Petrol,Manual,First,17.5,1199,88.7,5,9.9,Honda,WRV i-VTEC VX,8,4678.75
Mumbai,2007,262000,Diesel,Manual,Fourth & Above,12.8,2494,102.0,7,4.0,Toyota,Innova 2.5 V Diesel 7-seater,19,13789.473684210527
Bangalore,2013,62000,Diesel,Manual,First,19.01,1461,108.45,5,7.75,Renault,Duster 110PS Diesel RxZ Pack,13,4769.2307692307695
Delhi,2012,87615,Petrol,Manual,First,14.53,1798,138.1,5,6.75,Toyota,Corolla Altis G,14,6258.214285714285
Bangalore,2013,72000,Diesel,Automatic,Second,11.18,2696,184.0,7,12.5,Mahindra,Ssangyong Rexton RX7,13,5538.461538461538
Kolkata,2010,35000,Diesel,Automatic,First,12.4,2698,179.5,5,11.5,Audi,A6 2.7 TDI,16,2187.5
Coimbatore,2014,55431,Petrol,Manual,Second,16.09,1598,103.5,5,6.98,Volkswagen,Vento 1.6 Highline,12,4619.25
Jaipur,2009,83816,Petrol,Manual,Second,14.0,1061,64.0,5,1.85,Maruti,Wagon R LXI BSIII,17,4930.35294117647
Kochi,2018,50075,Diesel,Manual,First,24.3,1248,88.5,5,8.63,Maruti,Vitara Brezza ZDi Plus,8,6259.375
Delhi,2017,52000,Petrol,Manual,First,18.15,1198,82.0,5,4.85,Mahindra,KUV 100 mFALCON G80 K6 5str AW,9,5777.777777777777
Pune,2013,85000,Diesel,Automatic,First,11.74,2987,254.8,5,28.0,Mercedes-Benz,M-Class ML 350 CDI,13,6538.461538461538
Chennai,2013,62000,Diesel,Manual,First,22.07,1199,73.9,5,5.0,Volkswagen,Polo Diesel Trendline 1.2L,13,4769.2307692307695
Delhi,2008,90000,Petrol,Manual,Second,19.7,796,46.3,5,1.25,Maruti,Alto LXi,18,5000.0
Kochi,2014,19698,Petrol,Manual,First,25.4,624,37.5,4,1.53,Tata,Nano LX SE,12,1641.5
Coimbatore,2017,22033,Diesel,Manual,First,25.32,1198,77.0,6,5.58,Mahindra,KUV 100 mFALCON D75 K8 Dual Tone,9,2448.1111111111113
Kochi,2014,35487,Petrol,Manual,First,18.5,1197,82.9,5,4.74,Hyundai,i20 Magna Optional 1.2,12,2957.25
Bangalore,2014,46374,Petrol,Automatic,First,14.62,1999,149.92,5,8.85,Hyundai,Elantra 2.0 SX Option AT,12,3864.5
Mumbai,2016,52001,Petrol,Automatic,First,14.28,1798,138.03,5,10.11,Toyota,Corolla Altis G AT,10,5200.1
Ahmedabad,2008,58005,Diesel,Manual,Second,14.9,1991,112.2,5,4.25,Hyundai,Elantra CRDi,18,3222.5
Bangalore,2012,70704,Petrol,Manual,First,11.25,2694,163.7,7,10.95,Toyota,Innova Crysta 2.7 GX MT,14,5050.285714285715
Jaipur,2014,75000,Diesel,Manual,First,24.4,1120,71.0,5,3.85,Hyundai,Xcent 1.1 CRDi S,12,6250.0
Jaipur,2012,75800,Diesel,Manual,Second,16.55,2498,105.0,6,5.5,Mahindra,Thar CRDe AC,14,5414.285714285715
Kochi,2015,13648,Diesel,Automatic,First,17.11,1968,174.33,5,21.43,Audi,A4 2.0 TDI 177 Bhp Premium Plus,11,1240.7272727272727
Delhi,2014,52000,Diesel,Manual,First,22.9,1248,74.0,5,4.25,Maruti,Swift LDI,12,4333.333333333333
Kolkata,2014,53000,Diesel,Manual,First,17.8,1248,75.0,5,3.3,Maruti,Swift Ldi BSIV,12,4416.666666666667
Delhi,2013,65650,Diesel,Manual,First,28.4,1248,74.0,5,3.85,Maruti,Swift VDI,13,5050.0
Chennai,2015,54000,Petrol,Manual,Third,18.9,1197,82.0,5,3.6,Hyundai,Grand i10 Sportz,11,4909.090909090909
Kolkata,2015,39000,Petrol,Manual,First,15.04,1598,103.2,5,3.99,Volkswagen,Vento 2013-2015 1.6 Comfortline,11,3545.4545454545455
Kochi,2017,16542,Petrol,Manual,First,25.17,799,53.3,5,3.3,Renault,KWID RXT,9,1838.0
Kolkata,2010,32000,Petrol,Manual,First,20.36,1197,78.9,5,2.07,Hyundai,i10 Asta,16,2000.0
Hyderabad,2010,121812,Diesel,Automatic,First,13.29,1995,147.6,5,7.75,Nissan,X-Trail SLX AT,16,7613.25
Hyderabad,2010,39300,Petrol,Manual,First,18.2,998,67.1,5,2.25,Maruti,Zen Estilo VXI BSIII,16,2456.25
Mumbai,2017,22000,Diesel,Manual,First,13.68,2393,147.8,8,16.5,Toyota,Innova Crysta 2.4 GX MT 8S,9,2444.4444444444443
Bangalore,2010,72000,Diesel,Manual,First,20.0,1399,68.0,5,2.75,Ford,Figo Diesel Titanium,16,4500.0
Delhi,2015,58000,Petrol,Automatic,First,11.74,1796,186.0,5,26.7,Mercedes-Benz,New C-Class C 200 CGI Avantgarde,11,5272.727272727273
Pune,2011,65000,Diesel,Manual,Second,15.8,2148,170.0,5,10.0,Mercedes-Benz,New C-Class 200 CDI Classic,15,4333.333333333333
Chennai,2016,178000,Diesel,Manual,First,25.0,1396,69.0,5,2.5,Tata,Indica V2 eLS,10,17800.0
Jaipur,2012,65664,Diesel,Automatic,First,16.55,1968,140.0,5,13.5,Audi,A4 2.0 TDI Multitronic,14,4690.285714285715
Mumbai,2007,63000,Petrol,Automatic,Second,16.4,1497,78.0,5,1.85,Honda,City ZX CVT,19,3315.7894736842104
Coimbatore,2019,15369,Diesel,Automatic,First,0.0,1950,194.0,5,35.67,Mercedes-Benz,C-Class Progressive C 220d,7,2195.5714285714284
Pune,2016,63000,Diesel,Manual,First,24.52,1248,88.5,7,8.15,Maruti,Ertiga SHVS VDI,10,6300.0
Mumbai,2018,13000,Diesel,Manual,First,22.1,1396,88.7,5,10.5,Hyundai,Creta 1.4 E Plus Diesel,8,1625.0
Mumbai,2008,73000,Petrol,Automatic,First,8.5,4806,500.0,5,14.5,Porsche,Cayenne 2009-2014 Turbo,18,4055.5555555555557
Mumbai,2015,55729,Diesel,Manual,First,15.1,2179,140.0,7,9.65,Mahindra,XUV500 W8 4WD,11,5066.272727272727
Kochi,2012,45178,Petrol,Automatic,First,16.95,1197,78.9,5,3.48,Hyundai,i10 Sportz 1.2 AT,14,3227.0
Kochi,2015,56066,Diesel,Manual,First,19.64,1461,108.5,5,6.92,Nissan,Terrano XV D Pre,11,5096.909090909091
Coimbatore,2016,37300,Petrol,Automatic,Second,16.5,1198,86.8,5,6.46,Honda,Brio VX AT,10,3730.0
Delhi,2014,56000,Diesel,Automatic,Second,18.53,1968,187.74,5,29.5,Audi,A6 2.0 TDI Design Edition,12,4666.666666666667
Jaipur,2008,111111,Diesel,Manual,First,17.8,1399,113.27689373297004,5,2.0,Ford,Fiesta 1.4 SXi TDCi,18,6172.833333333333
Chennai,2006,230000,Petrol,Manual,Third,12.4,1998,132.0,8,4.5,Toyota,Innova 2.0 G1,20,11500.0
Hyderabad,2012,104000,Diesel,Manual,First,12.8,2494,102.0,7,11.75,Toyota,Innova 2.5 VX 7 STR BSIV,14,7428.571428571428
Hyderabad,2005,87591,Petrol,Manual,First,0.0,1086,113.27689373297004,5,1.3,Hyundai,Santro Xing XL,21,4171.0
Jaipur,2012,95100,Diesel,Manual,First,22.9,1248,74.0,5,3.75,Maruti,Swift VDI,14,6792.857142857143
Pune,2017,70000,Petrol,Manual,First,17.57,1193,88.7,5,4.5,Tata,Zest Revotron 1.2T XE,9,7777.777777777777
Kochi,2016,54944,Petrol,Manual,First,18.0,1198,86.7,5,4.82,Honda,Amaze SX i-VTEC,10,5494.4
Hyderabad,2012,70337,Diesel,Manual,First,20.0,1399,68.0,5,2.8,Ford,Figo Diesel ZXI,14,5024.071428571428
Jaipur,2013,99638,Diesel,Manual,First,23.2,1248,73.94,5,3.11,Maruti,Ritz VDi,13,7664.461538461538
Delhi,2009,52000,Petrol,Manual,First,17.8,1497,117.3,5,3.25,Honda,City i VTEC E,17,3058.823529411765
Delhi,2011,75000,Diesel,Automatic,Second,16.73,1995,218.0,5,13.9,BMW,5 Series 2003-2012 525d,15,5000.0
Pune,2009,95980,Petrol,Manual,First,20.36,1197,78.9,5,2.25,Hyundai,i10 Sportz 1.2,17,5645.882352941177
Bangalore,2016,16000,Petrol,Manual,First,18.9,1197,82.0,5,5.75,Hyundai,Grand i10 Sportz,10,1600.0
Hyderabad,2007,73745,Petrol,Manual,First,17.0,1086,113.27689373297004,5,2.1,Hyundai,Santro Xing XO,19,3881.315789473684
Mumbai,2016,18949,Petrol,Manual,First,17.8,1198,86.7,5,5.0,Honda,Amaze SX i-VTEC,10,1894.9
Delhi,2014,107000,Diesel,Manual,First,13.0,2982,168.5,7,16.5,Toyota,Fortuner 4x2 Manual,12,8916.666666666666
Coimbatore,2018,48367,Diesel,Automatic,First,17.68,1968,174.33,5,39.58,Audi,A6 2011-2015 35 TDI Premium,8,6045.875
Delhi,2013,57000,Diesel,Manual,First,22.7,1498,89.84,5,5.5,Ford,Ecosport 1.5 DV5 MT Titanium Optional,13,4384.615384615385
Delhi,2014,58000,Diesel,Manual,First,15.1,2179,140.0,7,8.1,Mahindra,XUV500 W8 2WD,12,4833.333333333333
Kolkata,2015,30000,Diesel,Manual,First,25.8,1498,98.6,5,3.5,Honda,Amaze SX i-DTEC,11,2727.2727272727275
Kolkata,2013,34212,Diesel,Manual,First,22.07,1199,73.9,5,2.79,Volkswagen,Polo Diesel Highline 1.2L,13,2631.6923076923076
Ahmedabad,2010,70002,Diesel,Manual,First,16.2,1493,110.0,5,3.45,Hyundai,Verna Transform SX VGT CRDi,16,4375.125
Bangalore,2016,62000,Petrol,Manual,First,18.9,998,67.1,5,4.45,Maruti,Wagon R VXI BS IV,10,6200.0
Delhi,2010,62001,Petrol,Manual,First,15.26,1598,103.5,5,2.65,Volkswagen,Polo Petrol Highline 1.6L,16,3875.0625
Pune,2011,78958,Diesel,Manual,Second,23.0,1396,90.0,5,3.8,Hyundai,i20 1.4 CRDi Sportz,15,5263.866666666667
Mumbai,2014,30180,Petrol,Manual,First,18.5,1197,82.85,5,4.65,Hyundai,i20 Asta 1.2,12,2515.0
Pune,2017,32851,Petrol,Manual,First,19.83,1198,67.0,7,3.95,Datsun,GO Plus T Petrol,9,3650.1111111111113
Kolkata,2010,30000,Diesel,Automatic,First,14.94,2967,241.4,5,9.8,Audi,A4 3.0 TDI Quattro Premium,16,1875.0
Pune,2009,66000,Petrol,Manual,Second,17.0,1197,80.0,5,2.7,Hyundai,i20 2015-2017 Asta,17,3882.3529411764707
Coimbatore,2010,93850,Petrol,Manual,First,14.0,796,35.0,5,2.41,Maruti,Omni 5 Str STD,16,5865.625
Ahmedabad,2014,53000,Petrol,Manual,First,17.71,1197,78.9,5,3.9,Toyota,Etios Liva 1.2 G,12,4416.666666666667
Hyderabad,2011,78000,Diesel,Automatic,Second,14.74,2993,270.9,5,24.0,Jaguar,XF 3.0 Litre S Premium Luxury,15,5200.0
Delhi,2012,65000,Diesel,Manual,Second,16.0,2179,140.0,7,5.75,Mahindra,XUV500 W8 2WD,14,4642.857142857143
Kolkata,2014,40000,Diesel,Automatic,First,22.32,1582,126.32,5,5.25,Hyundai,Verna 1.6 SX CRDI (O) AT,12,3333.3333333333335
Mumbai,2017,30000,Diesel,Automatic,First,11.36,2755,171.5,7,19.25,Toyota,Innova Crysta 2.8 ZX AT,9,3333.3333333333335
Coimbatore,2017,38053,Petrol,Manual,First,15.1,1196,73.0,5,3.91,Maruti,Eeco 5 Seater AC,9,4228.111111111111
Bangalore,2014,25500,Petrol,Manual,First,25.4,624,37.5,4,2.15,Tata,Nano Twist XT,12,2125.0
Mumbai,2015,56087,Diesel,Automatic,First,22.69,1995,190.0,5,20.75,BMW,3 Series 320d Luxury Line,11,5098.818181818182
Delhi,2010,71088,Petrol,Manual,First,13.5,1799,130.0,5,3.35,Honda,Civic 2006-2010 1.8 V MT,16,4443.0
Ahmedabad,2014,55000,Diesel,Manual,First,12.99,2494,100.6,7,11.11,Toyota,Innova 2.5 VX (Diesel) 7 Seater,12,4583.333333333333
Bangalore,2014,32700,Diesel,Automatic,First,23.3,1984,150.0,5,20.0,Volvo,V40 Cross Country D3,12,2725.0
Coimbatore,2016,39882,Petrol,Automatic,First,19.15,1198,75.94,5,6.55,Nissan,Micra XV CVT,10,3988.2
Mumbai,2009,128000,Petrol,Automatic,First,10.8,2497,215.0,5,7.0,BMW,5 Series 2010-2013 525i,17,7529.411764705882
Mumbai,2016,55000,Diesel,Manual,First,24.3,1248,88.5,5,7.5,Maruti,Vitara Brezza VDi,10,5500.0
Mumbai,2005,102000,Petrol,Manual,Second,17.0,1086,113.27689373297004,5,0.85,Hyundai,Santro Xing XL eRLX Euro III,21,4857.142857142857
Pune,2014,53753,Diesel,Automatic,Second,15.0,2143,107.3,5,16.75,Mercedes-Benz,B Class B200 CDI,12,4479.416666666667
Kolkata,2018,10250,Diesel,Manual,First,22.0,1582,126.2,5,10.95,Hyundai,Verna CRDi 1.6 SX Option,8,1281.25
Pune,2011,43874,Petrol,Manual,First,18.9,998,67.1,5,2.45,Maruti,Wagon R LXI BS IV,15,2924.9333333333334
Coimbatore,2017,32684,Petrol,Automatic,First,21.9,624,37.48,4,3.23,Tata,Nano XTA,9,3631.5555555555557
Kolkata,2014,42000,Diesel,Manual,First,12.05,2179,120.0,8,7.75,Mahindra,Scorpio VLX,12,3500.0
Kolkata,2009,28352,Petrol,Automatic,First,11.7,1796,178.0,5,9.35,Mercedes-Benz,New C-Class 200 K AT,17,1667.764705882353
Pune,2013,89900,CNG,Manual,First,26.6,998,58.16,5,3.25,Maruti,Wagon R LXI CNG,13,6915.384615384615
Bangalore,2007,47700,Petrol,Manual,Second,10.8,2354,152.0,5,5.25,Honda,CR-V 2.4 MT,19,2510.5263157894738
Pune,2015,55000,Diesel,Automatic,First,21.21,1498,103.2,5,7.25,Volkswagen,Vento 1.5 TDI Comfortline AT,11,5000.0
Kochi,2017,44285,Petrol,Manual,First,20.73,1373,91.1,5,7.47,Maruti,Ciaz VXi Plus,9,4920.555555555556
Jaipur,2016,54000,Diesel,Automatic,First,16.0,2179,140.0,7,13.25,Mahindra,XUV500 AT W10 FWD,10,5400.0
Coimbatore,2016,30232,Petrol,Manual,First,21.1,1197,85.8,5,5.81,Maruti,Ritz VXI ABS,10,3023.2
Hyderabad,2014,88500,Petrol,Manual,First,24.07,998,67.1,5,2.6,Maruti,Alto K10 VXI,12,7375.0
Kolkata,2017,13372,Petrol,Automatic,First,19.0,2996,362.07,2,54.0,Mercedes-Benz,SLC 43 AMG,9,1485.7777777777778
Kochi,2019,12645,Petrol,Automatic,First,17.0,1591,121.3,5,11.5,Hyundai,Verna VTVT 1.6 AT SX Plus,7,1806.4285714285713
Chennai,2010,94385,Petrol,Manual,Second,19.7,796,46.3,5,1.6,Maruti,Alto LXi BSIII,16,5899.0625
Coimbatore,2015,31821,Diesel,Automatic,First,20.58,1995,143.0,5,17.22,BMW,1 Series 118d Base,11,2892.818181818182
Mumbai,2015,12000,Petrol,Automatic,First,19.0,1199,88.7,5,6.0,Honda,Jazz 1.2 V CVT i VTEC,11,1090.909090909091
Delhi,2012,88578,Petrol,Manual,First,13.5,1799,130.0,5,3.95,Honda,Civic 2006-2010 1.8 V MT,14,6327.0
Kochi,2014,44965,Diesel,Automatic,First,19.27,2143,170.0,5,17.95,Mercedes-Benz,New C-Class C 220 CDI Avantgarde,12,3747.0833333333335
Kolkata,2014,45044,Diesel,Manual,First,25.8,1498,98.6,5,3.7,Honda,Amaze SX i-DTEC,12,3753.6666666666665
Kochi,2016,34204,Petrol,Manual,First,22.0,1197,81.8,5,5.43,Maruti,Swift VVT VXI,10,3420.4
Kochi,2008,80759,Petrol,Manual,Third,17.0,1086,113.27689373297004,5,1.67,Hyundai,Santro Xing XO eRLX Euro II,18,4486.611111111111
Coimbatore,2012,91235,Diesel,Manual,First,11.5,2982,171.0,7,13.49,Toyota,Fortuner 3.0 Diesel,14,6516.785714285715
Pune,2014,38800,Petrol,Manual,First,18.6,1199,76.8,5,2.85,Chevrolet,Beat LT Option,12,3233.3333333333335
Chennai,2013,83000,Diesel,Manual,First,21.14,1498,103.52,5,4.75,Skoda,Rapid 1.5 TDI Elegance,13,6384.615384615385
Kochi,2018,41283,Petrol,Manual,First,20.73,1373,91.1,5,9.9,Maruti,Ciaz 1.4 Alpha,8,5160.375
Mumbai,2013,23000,Petrol,Automatic,First,11.05,2894,444.0,4,37.0,Audi,RS5 Coupe,13,1769.2307692307693
Mumbai,2014,48000,Diesel,Automatic,First,21.76,1995,190.0,5,26.5,BMW,3 Series Luxury Line,12,4000.0
Coimbatore,2015,48214,Diesel,Automatic,First,17.11,1968,174.33,5,23.32,Audi,A4 2.0 TDI 177 Bhp Premium Plus,11,4383.090909090909
Chennai,2016,35000,Diesel,Manual,First,22.9,1248,74.0,5,6.25,Maruti,Swift VDI,10,3500.0
Kolkata,2010,35277,Petrol,Automatic,First,7.81,5461,362.9,5,30.0,Mercedes-Benz,S Class 2005 2013 S 500,16,2204.8125
Coimbatore,2016,54620,Diesel,Automatic,First,21.66,1498,103.52,5,9.86,Skoda,Rapid 1.5 TDI AT Elegance Plus Black Package,10,5462.0
Pune,2012,136997,Diesel,Automatic,First,17.2,1968,138.1,5,8.5,Skoda,Superb Elegance 2.0 TDI CR AT,14,9785.5
Kochi,2019,14322,Petrol,Manual,First,21.1,814,55.2,5,4.23,Hyundai,EON Magna Plus,7,2046.0
Jaipur,2012,65634,Diesel,Manual,First,22.07,1199,73.9,5,3.5,Volkswagen,Polo Diesel Trendline 1.2L,14,4688.142857142857
Kolkata,2016,6000,Petrol,Manual,First,20.63,1198,67.06,5,2.5,Datsun,GO NXT,10,600.0
Kolkata,2013,33280,Petrol,Manual,First,19.4,1198,86.8,5,2.39,Honda,Brio S MT,13,2560.0
Delhi,2013,29000,Petrol,Automatic,First,14.8,1595,120.7,5,11.25,Mercedes-Benz,B Class B180,13,2230.769230769231
Kochi,2015,42831,Diesel,Manual,First,26.0,1498,98.6,5,7.11,Honda,City i DTEC V,11,3893.7272727272725
Ahmedabad,2016,90000,Diesel,Manual,First,12.99,2494,100.6,7,10.9,Toyota,Innova 2.5 G (Diesel) 7 Seater,10,9000.0
Ahmedabad,2017,24005,Petrol,Manual,First,20.4,1197,81.8,5,6.2,Maruti,Swift VXI Optional,9,2667.222222222222
Mumbai,2012,32792,Diesel,Manual,First,15.1,2179,140.0,7,7.9,Mahindra,XUV500 W8 2WD,14,2342.285714285714
Kochi,2014,147898,Diesel,Manual,First,22.7,1498,89.84,5,4.42,Ford,Ecosport 1.5 DV5 MT Ambiente,12,12324.833333333334
Mumbai,2012,131765,Diesel,Manual,First,13.0,2982,168.5,7,13.5,Toyota,Fortuner 4x2 Manual,14,9411.785714285714
Chennai,2013,65000,Diesel,Automatic,First,21.5,1498,108.5,5,6.25,Volkswagen,Vento 1.5 Highline Plus AT 16 Alloy,13,5000.0
Jaipur,2010,66123,Diesel,Manual,Second,20.0,1399,68.0,5,2.1,Ford,Figo Diesel Titanium,16,4132.6875
Mumbai,2015,41000,Diesel,Automatic,First,15.3,2993,258.0,5,45.0,BMW,X5 xDrive 30d,11,3727.2727272727275
Coimbatore,2017,23550,Diesel,Automatic,First,19.27,2143,167.62,5,33.66,Mercedes-Benz,New C-Class C 220 CDI Style,9,2616.6666666666665
Bangalore,2012,45000,Petrol,Manual,Second,19.4,1198,86.8,5,3.65,Honda,Brio V MT,14,3214.285714285714
Delhi,2013,60000,Petrol,Manual,First,20.36,1197,78.9,5,2.75,Hyundai,i10 Magna 1.2,13,4615.384615384615
Bangalore,2016,44414,Diesel,Automatic,First,17.9,2143,170.0,5,42.5,Mercedes-Benz,GLC 220,10,4441.4
Kolkata,2019,1000,Petrol,Manual,First,18.9,1197,81.86,5,6.5,Hyundai,Grand i10 1.2 Kappa Asta,7,142.85714285714286
Mumbai,2012,62500,Diesel,Automatic,Second,17.68,1968,174.33,5,19.0,Audi,A6 2011-2015 2.0 TDI Premium Plus,14,4464.285714285715
Mumbai,2013,21000,Petrol,Automatic,Second,14.4,1598,103.6,5,4.45,Volkswagen,Vento Petrol Highline AT,13,1615.3846153846155
Jaipur,2017,8525,Diesel,Automatic,Second,16.6,1998,112.0,5,23.0,Mini,Countryman Cooper D,9,947.2222222222222
Bangalore,2014,29000,Diesel,Manual,First,22.54,1396,88.73,5,8.35,Hyundai,i20 Asta 1.4 CRDi,12,2416.6666666666665
Mumbai,2014,40000,Diesel,Automatic,First,17.68,1968,174.33,5,22.95,Audi,A6 2011-2015 2.0 TDI Premium Plus,12,3333.3333333333335
Jaipur,2012,88000,Diesel,Manual,First,25.44,936,57.6,5,1.5,Chevrolet,Beat Diesel LT,14,6285.714285714285
Kochi,2012,53537,Petrol,Automatic,First,13.7,1798,157.75,5,6.89,Skoda,Superb Elegance 1.8 TSI AT,14,3824.0714285714284
Chennai,2006,216000,Diesel,Manual,Second,17.8,1399,68.0,5,1.45,Ford,Fiesta 1.4 TDCi EXI Limited Edition,20,10800.0
Hyderabad,2014,51000,Diesel,Automatic,First,22.48,1995,190.0,5,33.5,BMW,5 Series 520d Luxury Line,12,4250.0
Jaipur,2007,118500,Petrol,Manual,First,12.9,1598,102.5,5,1.25,Chevrolet,Optra Magnum 1.6 LS BS3,19,6236.8421052631575
Hyderabad,2012,63000,Diesel,Manual,First,22.07,1199,73.9,5,4.2,Volkswagen,Polo Diesel Highline 1.2L,14,4500.0
Mumbai,2015,25000,Diesel,Manual,First,19.98,1461,108.5,8,6.75,Renault,Lodgy 110PS RxZ 8 Seater,11,2272.7272727272725
Bangalore,2014,37382,Diesel,Automatic,First,13.0,2143,201.1,5,32.0,Mercedes-Benz,E-Class E250 CDI Avantgrade,12,3115.1666666666665
Kochi,2017,24773,Petrol,Manual,First,21.4,1197,83.1,5,7.5,Maruti,Baleno Alpha,9,2752.5555555555557
Delhi,2012,62000,Diesel,Manual,First,22.32,1582,126.32,5,4.6,Hyundai,Verna 1.6 SX,14,4428.571428571428
Kochi,2017,52340,Petrol,Manual,First,19.81,1086,68.05,5,4.04,Hyundai,i10 Magna 1.1,9,5815.555555555556
Kochi,2016,56739,Diesel,Manual,First,15.4,1997,120.0,7,10.31,Mahindra,Scorpio 1.99 S10 4WD,10,5673.9
Coimbatore,2018,36091,Diesel,Automatic,First,12.7,2179,187.7,5,55.76,Land,Rover Range Rover 2.2L Dynamic,8,4511.375
Chennai,2010,120000,Diesel,Manual,First,20.0,1399,68.0,5,2.6,Ford,Figo Diesel ZXI,16,7500.0
Mumbai,2016,33000,Diesel,Manual,First,25.47,1248,88.5,7,8.5,Maruti,Ertiga ZDI,10,3300.0
Kolkata,2014,52000,Diesel,Manual,First,25.8,1498,98.6,5,3.5,Honda,Amaze S i-Dtech,12,4333.333333333333
Jaipur,2015,43571,Petrol,Manual,First,20.36,1197,78.9,5,3.55,Hyundai,i10 Magna,11,3961.0
Kolkata,2013,50000,Diesel,Manual,First,25.8,1498,98.6,5,3.25,Honda,Amaze S i-Dtech,13,3846.153846153846
Hyderabad,2008,113000,Diesel,Manual,First,17.5,1896,106.0,5,4.5,Skoda,Laura Ambiente,18,6277.777777777777
Delhi,2014,90000,Diesel,Manual,First,19.87,1461,83.8,5,5.35,Renault,Duster 85PS Diesel RxL,12,7500.0
Chennai,2017,29000,Diesel,Manual,Second,17.45,1493,100.0,7,6.5,Mahindra,NuvoSport N6,9,3222.222222222222
Mumbai,2016,20000,Diesel,Manual,First,24.3,1248,88.5,5,9.0,Maruti,Vitara Brezza ZDi Plus Dual Tone,10,2000.0
Kochi,2016,61012,Petrol,Manual,First,18.6,1197,81.83,5,6.0,Hyundai,i20 Asta Option 1.2,10,6101.2
Jaipur,2009,87459,Petrol,Manual,First,14.7,1390,85.0,5,2.75,Skoda,Fabia 1.4 MPI Ambiente,17,5144.64705882353
Pune,2010,70500,Petrol,Manual,First,15.64,1193,64.1,5,1.5,Tata,Indigo eCS GLX,16,4406.25
Delhi,2015,64103,Diesel,Automatic,First,15.73,1968,174.33,5,19.9,Audi,Q3 2012-2015 35 TDI Quattro Premium Plus,11,5827.545454545455
Mumbai,2014,76000,Petrol,Automatic,First,14.7,1798,177.5,5,10.0,Skoda,Octavia Elegance 1.8 TSI AT,12,6333.333333333333
Delhi,2014,104000,Diesel,Manual,First,23.59,1364,67.06,5,3.0,Toyota,Etios Liva GD SP,12,8666.666666666666
Kochi,2014,37245,Petrol,Automatic,First,14.8,1595,120.7,5,11.96,Mercedes-Benz,B Class B180,12,3103.75
Kolkata,2013,45000,Diesel,Manual,First,27.4,1498,98.6,5,3.25,Honda,Amaze S Diesel,13,3461.5384615384614
Jaipur,2012,117837,Diesel,Manual,Second,22.32,1582,126.32,5,4.75,Hyundai,Verna 1.6 SX,14,8416.92857142857
Mumbai,2014,30000,Diesel,Manual,First,20.46,1461,83.8,5,5.95,Renault,Duster 85PS Diesel RxL Optional,12,2500.0
Delhi,2015,27057,Petrol,Manual,Second,15.29,1591,121.3,5,8.15,Hyundai,Creta 1.6 VTVT S,11,2459.7272727272725
Mumbai,2016,8500,Petrol,Automatic,First,20.51,998,67.0,5,4.22,Maruti,Wagon R AMT VXI,10,850.0
Kolkata,2010,30500,Petrol,Automatic,First,11.74,1796,186.0,5,10.5,Mercedes-Benz,New C-Class C250 Avantgarde,16,1906.25
Delhi,2012,56000,Diesel,Automatic,First,11.8,2967,246.7,5,45.0,Audi,A8 L 3.0 TDI quattro,14,4000.0
Pune,2012,44000,Petrol,Manual,Second,19.81,1086,68.05,5,2.9,Hyundai,i10 Magna 1.1,14,3142.8571428571427
Mumbai,2017,10500,Petrol,Automatic,First,14.3,1598,103.52,5,8.9,Skoda,Rapid 1.6 MPI AT Style Black Package,9,1166.6666666666667
Hyderabad,2017,26000,Petrol,Automatic,First,14.67,1798,177.46,5,26.0,Skoda,Superb Style 1.8 TSI AT,9,2888.8888888888887
Coimbatore,2018,25166,Petrol,Manual,First,17.19,1197,81.86,5,8.22,Hyundai,i20 Active 1.2 SX,8,3145.75
Kolkata,2014,64000,Diesel,Manual,Second,25.8,1498,98.6,5,3.5,Honda,Amaze VX i-DTEC,12,5333.333333333333
Chennai,2004,61000,Petrol,Manual,Second,18.9,998,67.1,5,1.25,Maruti,Wagon R LXI,22,2772.7272727272725
Hyderabad,2013,107000,Diesel,Manual,First,21.03,1461,65.0,5,3.7,Mahindra,Verito 1.5 D4 BSIV,13,8230.76923076923
Coimbatore,2018,29161,Diesel,Automatic,First,19.27,2143,167.62,5,39.41,Mercedes-Benz,New C-Class C 220d Avantgarde Edition C,8,3645.125
Kolkata,2013,32000,Petrol,Manual,First,22.5,998,67.04,5,2.65,Maruti,Wagon R VXI,13,2461.5384615384614
Coimbatore,2015,46173,Diesel,Manual,Second,19.01,1461,108.5,5,8.92,Nissan,Terrano XV Premium 110 PS Anniversary Edition,11,4197.545454545455
Delhi,2013,47000,Diesel,Manual,First,17.8,1248,113.27689373297004,5,4.1,Maruti,Swift VDI BSIV,13,3615.3846153846152
Kochi,2017,26327,Petrol,Automatic,First,16.82,1998,189.08,4,35.67,Mini,Cooper Convertible S,9,2925.222222222222
Jaipur,2007,200000,Diesel,Manual,Second,17.2,1396,53.5,5,0.85,Tata,Indica V2 DLS BSII,19,10526.315789473685
Kochi,2016,60813,Petrol,Manual,Second,18.6,1199,76.8,5,3.32,Chevrolet,Beat LT,10,6081.3
Mumbai,2012,45000,Diesel,Manual,First,22.07,1199,73.9,5,3.6,Volkswagen,Polo Diesel Comfortline 1.2L,14,3214.285714285714
Hyderabad,2016,64000,Diesel,Manual,First,22.9,1248,74.0,5,6.8,Maruti,Swift ZDi,10,6400.0
Kolkata,2012,41284,Diesel,Manual,First,20.0,1399,68.05,5,2.5,Ford,Figo Diesel EXI,14,2948.8571428571427
Kochi,2019,14165,Diesel,Automatic,First,11.36,2755,171.5,7,19.64,Toyota,Innova Crysta 2.8 GX AT,7,2023.5714285714287
Mumbai,2011,67000,Diesel,Automatic,Second,11.72,2199,194.3,7,7.0,Hyundai,Santa Fe 4x4 AT,15,4466.666666666667
Kolkata,2011,32572,Petrol,Manual,First,17.4,1497,117.3,5,3.87,Honda,City i-VTEC V,15,2171.4666666666667
Kochi,2018,14960,Petrol,Manual,First,18.6,1197,81.83,5,6.27,Hyundai,i20 1.2 Magna Executive,8,1870.0
Kochi,2015,55980,Diesel,Automatic,First,19.27,2143,167.62,5,18.12,Mercedes-Benz,New C-Class C 220d Avantgarde Edition C,11,5089.090909090909
Mumbai,2013,74000,Diesel,Manual,First,25.44,936,57.6,5,2.65,Chevrolet,Beat Diesel LT,13,5692.307692307692
Kochi,2015,56847,Diesel,Manual,First,22.54,1396,88.73,5,7.2,Hyundai,i20 Sportz 1.4 CRDi,11,5167.909090909091
Coimbatore,2015,121374,Diesel,Manual,First,12.99,2494,100.6,7,14.3,Toyota,Innova 2.5 Z Diesel 7 Seater,11,11034.0
Chennai,2013,52000,Diesel,Manual,First,20.77,1248,88.76,7,6.9,Maruti,Ertiga VDI,13,4000.0
Mumbai,2014,118000,Diesel,Manual,First,12.8,2494,102.0,7,10.75,Toyota,Innova 2.5 V Diesel 7-seater,12,9833.333333333334
Mumbai,2007,72000,Petrol,Manual,Third,17.0,1086,113.27689373297004,5,0.95,Hyundai,Santro Xing XO eRLX Euro II,19,3789.4736842105262
Kochi,2016,33915,Petrol,Manual,First,17.8,1497,117.3,5,8.09,Honda,City i VTEC V,10,3391.5
Ahmedabad,2014,82002,Diesel,Automatic,First,17.05,1995,184.0,5,18.5,BMW,X1 sDrive20d,12,6833.5
Mumbai,2017,33000,Diesel,Manual,First,24.0,1120,70.0,5,4.75,Hyundai,Grand i10 CRDi Era,9,3666.6666666666665
Chennai,2016,34000,Diesel,Manual,First,28.09,1248,88.5,5,8.45,Maruti,Ciaz 1.3 Alpha,10,3400.0
Kolkata,2012,55000,Diesel,Manual,First,20.5,1598,103.6,5,3.5,Skoda,Rapid Leisure 1.6 TDI MT,14,3928.5714285714284
Kochi,2006,160538,Diesel,Manual,First,13.1,1493,82.0,5,1.8,Hyundai,Accent CRDi,20,8026.9
Jaipur,2014,60000,Diesel,Manual,Second,19.91,1498,103.6,5,3.7,Volkswagen,Polo GT 1.5 TDI,12,5000.0
Coimbatore,2017,49575,Petrol,Manual,First,18.7,1199,88.7,5,7.17,Honda,Jazz 1.2 VX i VTEC,9,5508.333333333333
Jaipur,2010,83000,Petrol,Manual,First,19.81,1086,68.05,5,1.75,Hyundai,i10 Era,16,5187.5
Kochi,2018,51346,Diesel,Automatic,First,16.38,1995,183.0,5,21.99,Hyundai,Tucson 2.0 e-VGT 2WD AT GLS,8,6418.25
Pune,2017,43000,Diesel,Manual,First,13.68,2393,147.8,7,18.65,Toyota,Innova Crysta 2.4 ZX MT,9,4777.777777777777
Jaipur,2011,35000,Petrol,Manual,Third,19.7,796,35.0,5,1.85,Maruti,Omni MPI CARGO BSIII W/ IMMOBILISER,15,2333.3333333333335
Coimbatore,2017,27872,Petrol,Manual,Second,20.4,1197,81.8,5,5.95,Maruti,Swift VXI BSIV,9,3096.8888888888887
Mumbai,2014,16514,Petrol,Manual,First,18.9,1197,82.0,5,3.75,Hyundai,Grand i10 Magna,12,1376.1666666666667
Pune,2012,120000,Diesel,Manual,First,22.9,1248,74.0,5,3.75,Maruti,Swift VDI,14,8571.42857142857
Hyderabad,2008,143275,Diesel,Manual,First,22.0,1582,126.2,5,2.6,Hyundai,Verna CRDi 1.6 SX,18,7959.722222222223
Hyderabad,2006,99000,Petrol,Manual,First,0.0,1086,113.27689373297004,5,1.75,Hyundai,Santro Xing XL,20,4950.0
Mumbai,2010,52000,Petrol,Manual,First,17.0,1197,80.0,5,2.8,Hyundai,i20 1.2 Sportz,16,3250.0
Coimbatore,2017,29819,Diesel,Automatic,First,11.57,2987,254.79,5,61.29,Mercedes-Benz,GLE 350d,9,3313.222222222222
Bangalore,2014,57000,Diesel,Manual,Second,15.8,2148,170.0,5,18.0,Mercedes-Benz,New C-Class C 220 CDI CLASSIC,12,4750.0
Hyderabad,2014,88500,Diesel,Manual,First,23.2,1248,73.94,5,4.35,Maruti,Ritz ZDi,12,7375.0
Bangalore,2016,28000,Diesel,Manual,First,19.67,1582,126.2,5,13.75,Hyundai,Creta 1.6 CRDi SX,10,2800.0
Pune,2010,67000,Petrol,Manual,First,19.0,998,66.1,5,2.0,Maruti,A-Star Vxi,16,4187.5
Delhi,2016,26000,Diesel,Manual,First,19.64,1461,108.45,5,10.0,Renault,Duster 110PS Diesel RXZ Option,10,2600.0
Delhi,2010,120000,Diesel,Manual,First,17.8,1248,76.0,5,1.65,Fiat,Grande Punto 1.3 Emotion Pack (Diesel),16,7500.0
Coimbatore,2017,51982,Diesel,Automatic,First,16.55,2993,258.0,5,45.77,BMW,X3 xDrive30d M Sport,9,5775.777777777777
Bangalore,2010,36000,Petrol,Manual,Second,20.36,1197,78.9,5,3.25,Hyundai,i10 Sportz,16,2250.0
Pune,2016,47000,Diesel,Manual,First,12.8,2494,102.0,7,12.8,Toyota,Innova 2.5 G4 Diesel 7-seater,10,4700.0
Mumbai,2002,60000,Petrol,Manual,Third,17.3,993,60.0,5,0.55,Maruti,Zen VXI BSII,24,2500.0
Hyderabad,2018,31025,Diesel,Manual,First,28.4,1248,74.0,5,7.15,Maruti,Swift VDI,8,3878.125
Pune,2013,105000,Diesel,Manual,Second,12.05,2179,120.0,8,7.0,Mahindra,Scorpio VLX 2.2 mHawk Airbag BSIV,13,8076.923076923077
Pune,2017,121900,Diesel,Manual,First,22.95,1248,74.0,5,3.75,Tata,Zest Quadrajet 1.3 75PS XE,9,13544.444444444445
Mumbai,2017,22695,Petrol,Manual,First,18.88,999,123.24,5,8.5,Ford,EcoSport 1.0 Ecoboost Titanium Plus,9,2521.6666666666665
Jaipur,2012,73000,Diesel,Manual,First,23.4,1248,74.0,5,4.35,Maruti,Swift Dzire ZDI,14,5214.285714285715
Kochi,2016,32227,Petrol,Manual,First,22.74,796,47.3,5,3.26,Maruti,Alto 800 LXI,10,3222.7
Jaipur,2011,55000,Petrol,Manual,First,17.0,1497,118.0,5,4.21,Honda,City 1.5 S MT,15,3666.6666666666665
Kochi,2018,11287,Diesel,Automatic,First,12.07,2967,241.4,7,70.36,Audi,Q7 3.0 TDI Quattro Technology,8,1410.875
Mumbai,2009,48000,Diesel,Automatic,Second,17.0,1896,105.0,5,2.95,Skoda,Laura 1.9 TDI AT Ambiente,17,2823.529411764706
Kochi,2012,54308,Petrol,Manual,First,17.1,1591,121.3,5,4.28,Hyundai,Verna 1.6 SX VTVT (O),14,3879.1428571428573
Jaipur,2009,78442,Petrol,Automatic,First,16.8,1497,118.0,5,3.57,Honda,City 1.5 V AT,17,4614.235294117647
Kolkata,2013,46000,Diesel,Manual,First,21.9,1396,88.8,5,3.11,Hyundai,i20 Magna Optional 1.4 CRDi,13,3538.4615384615386
Coimbatore,2014,45051,Petrol,Automatic,First,15.0,1396,98.6,5,5.96,Hyundai,i20 Sportz AT 1.4,12,3754.25
Hyderabad,2011,69000,Diesel,Manual,First,20.54,1598,103.6,5,4.7,Volkswagen,Vento Diesel Highline,15,4600.0
Ahmedabad,2014,49000,Petrol,Manual,First,17.4,1497,117.3,5,6.9,Honda,City i VTEC VX,12,4083.3333333333335
Pune,2018,45000,Diesel,Manual,First,22.95,1248,74.0,5,5.25,Tata,Zest Quadrajet 1.3 75PS XE,8,5625.0
Pune,2015,64000,Diesel,Automatic,First,18.48,1995,177.0,5,28.0,BMW,5 Series 2003-2012 520d,11,5818.181818181818
Delhi,2009,60000,Petrol,Manual,First,18.9,1061,67.0,5,1.35,Maruti,Wagon R LXI Minor,17,3529.4117647058824
Delhi,2015,62178,Petrol,Manual,First,18.2,1199,88.7,5,4.85,Honda,Jazz VX,11,5652.545454545455
Coimbatore,2012,58006,Diesel,Manual,First,15.0,1896,105.0,5,6.7,Volkswagen,Jetta 2007-2011 2.0 TDI Comfortline,14,4143.285714285715
Hyderabad,2010,74000,Petrol,Manual,First,20.36,1197,78.9,5,3.1,Hyundai,i10 Magna 1.2,16,4625.0
Kochi,2015,77771,Diesel,Automatic,First,19.27,2143,170.0,5,18.64,Mercedes-Benz,New C-Class C 220 CDI Avantgarde,11,7070.090909090909
Pune,2012,45275,Petrol,Manual,First,20.36,1197,78.9,5,2.8,Hyundai,i10 Magna 1.2 iTech SE,14,3233.9285714285716
Chennai,2016,48000,Diesel,Manual,First,13.68,2393,147.8,7,20.25,Toyota,Innova Crysta 2.4 ZX MT,10,4800.0
Kochi,2015,31652,Diesel,Automatic,First,17.68,1968,174.33,5,26.78,Audi,A6 2011-2015 2.0 TDI Technology,11,2877.4545454545455
Hyderabad,2010,109000,Diesel,Manual,Second,12.99,2494,100.6,7,8.26,Toyota,Innova 2.5 VX (Diesel) 7 Seater,16,6812.5
Mumbai,2015,31978,Petrol,Manual,First,16.47,1198,73.9,5,3.89,Volkswagen,Polo Petrol Trendline 1.2L,11,2907.090909090909
Hyderabad,2011,70000,Petrol,Manual,First,20.92,998,67.1,5,2.1,Maruti,Alto K10 LXI,15,4666.666666666667
Mumbai,2017,15000,Petrol,Automatic,First,18.0,1497,117.3,5,12.69,Honda,City i-VTEC CVT ZX,9,1666.6666666666667
Coimbatore,2013,59138,Diesel,Manual,First,17.0,1405,70.0,5,2.58,Tata,Indigo LX,13,4549.076923076923
Kochi,2014,61726,Diesel,Automatic,First,17.68,1968,174.33,5,20.77,Audi,A6 2011-2015 2.0 TDI Premium Plus,12,5143.833333333333
Delhi,2015,48000,Diesel,Automatic,First,17.9,2143,136.0,5,20.26,Mercedes-Benz,GLA Class 200 CDI SPORT,11,4363.636363636364
Chennai,2006,58000,Petrol,Manual,Second,0.0,1086,113.27689373297004,5,1.5,Hyundai,Santro Xing XL,20,2900.0
Kolkata,2011,60020,Diesel,Manual,First,17.8,1248,113.27689373297004,5,2.5,Maruti,Swift VDI BSIV,15,4001.3333333333335
Hyderabad,2014,77815,Petrol,Automatic,First,23.1,998,67.04,5,4.25,Maruti,Celerio VXI AT,12,6484.583333333333
Hyderabad,2017,29000,Diesel,Automatic,First,17.9,2143,201.15,5,57.0,Mercedes-Benz,GLE 250d,9,3222.222222222222
Delhi,2017,44000,Diesel,Automatic,First,12.7,2179,187.7,5,44.0,Land,Rover Range Rover HSE Dynamic,9,4888.888888888889
Hyderabad,2011,108626,Diesel,Manual,First,20.54,1598,103.6,5,3.65,Volkswagen,Vento Diesel Trendline,15,7241.733333333334
Hyderabad,2012,71791,Petrol,Manual,First,14.0,796,35.0,5,2.05,Maruti,Omni 8 Seater BSIV,14,5127.928571428572
Kochi,2012,91931,Petrol,Manual,First,18.5,1198,86.8,5,3.13,Honda,Brio 1.2 VX MT,14,6566.5
Hyderabad,2000,158000,Diesel,Manual,Second,14.07,2956,83.1,7,1.5,Tata,Sumo Delux,26,6076.923076923077
Pune,2012,91183,Diesel,Manual,First,18.0,1248,75.0,5,2.85,Tata,Indica Vista Aura 1.3 Quadrajet,14,6513.071428571428
Delhi,2012,65000,Petrol,Manual,First,18.9,998,67.1,5,2.65,Maruti,Wagon R LXI BS IV,14,4642.857142857143
Hyderabad,2015,88428,Diesel,Manual,First,16.0,2179,140.0,7,10.6,Mahindra,XUV500 W8 4WD,11,8038.909090909091
Pune,2008,138000,Diesel,Manual,Second,17.1,1396,70.0,5,1.25,Tata,Indigo LS Dicor,18,7666.666666666667
Mumbai,2018,18000,Petrol,Manual,First,16.02,1373,93.7,7,8.25,Maruti,Ertiga Paseo VXI,8,2250.0
Mumbai,2011,60000,Petrol,Automatic,First,11.7,2354,177.6,5,4.45,Honda,Accord 2.4 A/T,15,4000.0
Kolkata,2012,48000,Diesel,Manual,First,19.3,1248,73.9,5,3.7,Maruti,Swift Dzire VDi,14,3428.5714285714284
Hyderabad,2009,160000,Diesel,Manual,First,17.8,1399,68.0,5,2.8,Ford,Fiesta EXi 1.4 TDCi Ltd,17,9411.764705882353
Kolkata,2008,40000,Petrol,Manual,First,17.7,1497,78.0,5,1.8,Honda,City ZX GXi,18,2222.222222222222
Kochi,2014,51495,Diesel,Automatic,First,17.68,1968,174.33,5,21.95,Audi,A6 2011-2015 2.0 TDI Premium Plus,12,4291.25
Mumbai,2011,30000,Diesel,Automatic,First,9.52,2993,313.0,4,49.0,BMW,6 Series 640d Gran Coupe,15,2000.0
Coimbatore,2017,97430,Diesel,Automatic,First,14.75,2967,245.0,7,62.67,Audi,Q7 45 TDI Quattro Technology,9,10825.555555555555
Pune,2008,42496,CNG,Manual,First,26.3,998,67.1,5,1.4,Maruti,Zen Estilo LXI Green (CNG),18,2360.8888888888887
Pune,2012,83000,Diesel,Manual,First,23.0,1396,90.0,5,5.5,Hyundai,i20 1.4 CRDi Asta,14,5928.571428571428
Bangalore,2009,37000,Petrol,Automatic,Third,16.95,1197,78.9,5,2.95,Hyundai,i10 Sportz AT,17,2176.470588235294
Kochi,2016,28503,Petrol,Automatic,First,19.0,1199,88.7,5,6.86,Honda,Jazz 1.2 V CVT i VTEC,10,2850.3
Hyderabad,2015,76496,Diesel,Manual,First,25.2,1248,74.0,5,6.15,Maruti,Swift VDI BSIV,11,6954.181818181818
Pune,2011,79152,Petrol,Manual,Second,18.5,1197,82.85,5,3.3,Hyundai,i20 Asta 1.2,15,5276.8
Kolkata,2011,32000,Petrol,Manual,First,16.47,1198,73.9,5,2.55,Volkswagen,Polo Petrol Comfortline 1.2L,15,2133.3333333333335
Ahmedabad,2009,35000,Petrol,Manual,First,19.7,796,46.3,5,1.5,Maruti,Alto LXi,17,2058.823529411765
Chennai,2004,105000,Petrol,Automatic,Second,11.3,1794,125.0,5,2.5,Toyota,Corolla H4,22,4772.727272727273
Chennai,2006,56000,Petrol,Manual,Second,19.7,796,46.3,5,1.4,Maruti,Alto LXi,20,2800.0
Pune,2012,73000,Diesel,Manual,First,21.12,1248,88.8,5,3.4,Tata,Manza ELAN Quadrajet BS IV,14,5214.285714285715
Pune,2012,38000,Petrol,Manual,First,19.7,796,46.3,5,2.25,Maruti,Alto LXi,14,2714.285714285714
Kolkata,2013,775000,Diesel,Automatic,First,19.3,1968,141.0,5,7.5,Skoda,Octavia Ambition Plus 2.0 TDI AT,13,59615.38461538462
Kolkata,2008,80000,Petrol,Automatic,First,11.3,1794,125.0,5,2.8,Toyota,Corolla H4,18,4444.444444444444
Coimbatore,2016,24973,Petrol,Manual,First,18.6,1197,81.83,5,7.66,Hyundai,i20 Asta Option 1.2,10,2497.3
Chennai,2016,45000,Diesel,Manual,First,24.3,1248,88.5,5,7.15,Maruti,Vitara Brezza LDi,10,4500.0
Delhi,2010,87430,Petrol,Manual,First,17.0,1497,118.0,5,3.5,Honda,City 1.5 V MT,16,5464.375
Hyderabad,2014,133944,Diesel,Manual,Second,18.0,1248,75.0,5,3.5,Tata,Indica Vista Aqua 1.3 Quadrajet,12,11162.0
Kolkata,2013,57000,Diesel,Manual,First,25.8,1498,98.6,5,3.45,Honda,Amaze S i-Dtech,13,4384.615384615385
Coimbatore,2016,27904,Petrol,Manual,First,21.1,814,55.2,5,3.55,Hyundai,EON D Lite Plus,10,2790.4
Kochi,2015,30717,Diesel,Automatic,Second,21.76,1995,190.0,5,25.99,BMW,3 Series Luxury Line,11,2792.4545454545455
Bangalore,2012,80000,Diesel,Manual,First,22.32,1582,126.32,5,5.25,Hyundai,Verna 1.6 SX,14,5714.285714285715
Ahmedabad,2013,47304,Diesel,Manual,First,21.02,1248,88.8,5,2.9,Tata,Manza Club Class Quadrajet90 LS,13,3638.769230769231
Jaipur,2005,100000,Petrol,Automatic,First,14.45,1984,227.0,5,2.05,Skoda,Octavia RS,21,4761.9047619047615
Pune,2017,30000,Petrol,Manual,First,24.07,998,67.1,5,3.75,Maruti,Alto K10 VXI,9,3333.3333333333335
Mumbai,2014,68000,Diesel,Manual,First,22.7,1498,89.84,5,6.75,Ford,Ecosport 1.5 DV5 MT Titanium Optional,12,5666.666666666667
Kolkata,2011,21000,Petrol,Manual,Second,18.0,995,62.0,5,0.95,Chevrolet,Spark 1.0 LS,15,1400.0
Hyderabad,2017,21000,Diesel,Automatic,First,19.33,1999,177.0,5,52.0,Jaguar,XF 2.0 Diesel Portfolio,9,2333.3333333333335
Jaipur,2007,119000,Petrol,Manual,Third,13.1,1997,141.1,5,3.91,Honda,CR-V RVi MT,19,6263.1578947368425
Kochi,2019,13747,Petrol,Automatic,First,14.67,1798,177.46,5,27.3,Skoda,Superb L&K 1.8 TSI AT,7,1963.857142857143
Chennai,2009,620000,Petrol,Manual,First,20.36,1197,78.9,5,2.7,Hyundai,i10 Magna 1.2,17,36470.58823529412
Delhi,2013,70000,Diesel,Manual,First,22.9,1248,74.0,5,3.5,Maruti,Swift LDI,13,5384.615384615385
Mumbai,2016,18000,Petrol,Automatic,First,18.5,1197,83.14,5,6.2,Maruti,Swift Dzire VXi AT,10,1800.0
Chennai,2011,83000,Diesel,Manual,First,23.08,1461,63.1,5,2.75,Nissan,Micra Diesel XV,15,5533.333333333333
Mumbai,2015,130000,Diesel,Manual,First,23.4,1248,74.0,5,3.25,Maruti,Swift Dzire Tour LDI,11,11818.181818181818
Pune,2012,63400,Diesel,Manual,First,17.8,1399,67.0,5,3.25,Ford,Fiesta Classic 1.4 Duratorq CLXI,14,4528.571428571428
Kolkata,2003,65000,Petrol,Manual,First,17.3,993,60.0,5,0.65,Maruti,Zen LX,23,2826.086956521739
Pune,2017,8350,Petrol,Manual,First,13.8,1998,192.0,5,35.0,Mini,Clubman Cooper S,9,927.7777777777778
Kolkata,2014,45000,Diesel,Manual,First,23.59,1364,67.05,5,3.25,Toyota,Etios GD,12,3750.0
Kolkata,2018,26200,Petrol,Manual,First,24.7,796,47.3,5,2.9,Maruti,Alto 800 2016-2019 LXI,8,3275.0
Bangalore,2011,11000,Petrol,Manual,Third,18.9,796,47.0,5,2.9,Maruti,Alto VXi,15,733.3333333333334
Bangalore,2009,90000,Diesel,Automatic,Second,11.0,2993,235.0,5,17.75,BMW,X5 3.0d,17,5294.117647058823
Mumbai,2015,74000,Petrol,Automatic,Second,11.07,2496,179.5,5,8.25,Nissan,Teana XV,11,6727.272727272727
Coimbatore,2015,37081,Petrol,Automatic,First,18.9,1197,82.0,5,5.77,Hyundai,Grand i10 AT Asta,11,3371.0
Hyderabad,2017,39000,Diesel,Manual,First,24.3,1248,88.5,5,9.49,Maruti,Vitara Brezza ZDi Plus,9,4333.333333333333
Mumbai,2008,99000,Diesel,Automatic,Third,12.07,2967,241.4,7,12.95,Audi,Q7 3.0 TDI Quattro Premium Plus,18,5500.0
Chennai,2015,38000,Diesel,Automatic,First,17.9,2143,136.0,5,20.0,Mercedes-Benz,GLA Class 200 CDI,11,3454.5454545454545
Chennai,2007,72000,Petrol,Manual,Third,16.1,796,37.0,4,1.0,Maruti,800 AC,19,3789.4736842105262
Chennai,2015,93000,Diesel,Manual,Second,20.45,1461,83.8,5,7.1,Renault,Duster 85PS Diesel RxL,11,8454.545454545454
Mumbai,2017,5900,Diesel,Manual,First,21.43,1364,87.2,5,16.5,Toyota,Corolla Altis D-4D GL,9,655.5555555555555
Chennai,2014,25000,Diesel,Manual,First,15.8,2148,170.0,5,26.0,Mercedes-Benz,New C-Class 220,12,2083.3333333333335
Hyderabad,2010,68000,Diesel,Manual,Second,21.1,1248,73.9,5,3.2,Maruti,Ritz VDi,16,4250.0
Kochi,2017,35676,Petrol,Automatic,First,16.0,1497,117.3,7,9.48,Honda,BRV i-VTEC V CVT,9,3964.0
Kochi,2015,74310,Diesel,Manual,First,24.4,1120,71.0,5,4.0,Hyundai,Xcent 1.1 CRDi Base,11,6755.454545454545
Jaipur,2014,59364,Diesel,Automatic,First,14.21,2143,203.0,5,26.5,Mercedes-Benz,E-Class 2009-2013 E250 CDI Avantgarde,12,4947.0
Kochi,2014,41380,Petrol,Automatic,Second,14.8,1595,120.7,5,11.77,Mercedes-Benz,B Class B180,12,3448.3333333333335
Bangalore,2017,33900,Diesel,Automatic,First,15.0,2143,204.0,5,37.0,Mercedes-Benz,E-Class 2015-2017 E250 Edition E,9,3766.6666666666665
Mumbai,2016,28000,Petrol,Manual,First,17.8,1497,117.3,5,8.75,Honda,City i VTEC VX Option,10,2800.0
Hyderabad,2007,50958,Petrol,Manual,First,17.0,1086,113.27689373297004,5,1.95,Hyundai,Santro Xing XL eRLX Euro III,19,2682.0
Chennai,2011,93982,Petrol,Manual,First,17.0,1497,118.0,5,3.75,Honda,City 1.5 S MT,15,6265.466666666666
Pune,2010,95000,Petrol,Manual,First,16.2,1599,103.2,5,2.5,Hyundai,Verna Transform VTVT,16,5937.5
Mumbai,2017,9000,Petrol,Automatic,First,13.5,1999,246.74,5,34.5,Jaguar,XE Portfolio,9,1000.0
Delhi,2015,52516,Petrol,Manual,First,18.0,1198,86.7,5,4.65,Honda,Amaze S i-Vtech,11,4774.181818181818
Bangalore,2015,20000,Petrol,Automatic,First,18.86,1598,122.0,4,32.0,Mini,Cooper Convertible 1.6,11,1818.1818181818182
Coimbatore,2017,56451,Diesel,Automatic,First,13.5,2987,282.0,5,62.81,Mercedes-Benz,S Class 2005 2013 S 350 CDI,9,6272.333333333333
Chennai,2014,37000,Petrol,Manual,First,21.1,814,55.2,5,3.25,Hyundai,EON Magna Plus,12,3083.3333333333335
Kolkata,2014,17400,Petrol,Manual,First,20.51,998,67.04,5,3.1,Maruti,Wagon R VXI BS IV,12,1450.0
Coimbatore,2011,90207,Diesel,Manual,First,21.1,1248,73.9,5,3.91,Maruti,Ritz LDi,15,6013.8
Chennai,2011,89616,Diesel,Automatic,First,16.07,1995,181.0,5,11.0,BMW,3 Series 320d Sedan,15,5974.4
Pune,2014,85000,Diesel,Manual,First,13.49,2179,138.03,5,3.5,Tata,Xenon XT EX 4X2,12,7083.333333333333
Chennai,2014,79271,Diesel,Automatic,First,20.38,1968,143.0,5,16.5,Audi,A3 35 TDI Attraction,12,6605.916666666667
Hyderabad,2012,56000,Diesel,Automatic,First,12.7,2179,187.7,5,30.0,Land,Rover Range Rover 2.2L Dynamic,14,4000.0
Pune,2010,85001,Diesel,Automatic,Second,12.0,2987,224.0,7,28.0,Mercedes-Benz,GL-Class 2007 2012 350 CDI Luxury,16,5312.5625
Hyderabad,2018,12000,Diesel,Automatic,First,13.5,2477,175.56,7,28.0,Mitsubishi,Pajero Sport 4X2 AT DualTone BlackTop,8,1500.0
Jaipur,2010,125000,Petrol,Manual,First,19.7,796,46.3,5,0.92,Maruti,Alto LX,16,7812.5
Pune,2013,53000,Petrol,Manual,First,14.0,1061,64.0,5,2.75,Maruti,Wagon R LXI BSIII,13,4076.923076923077
Coimbatore,2017,34990,Diesel,Automatic,First,12.7,2179,187.7,5,53.83,Land,Rover Range Rover 2.2L Prestige,9,3887.777777777778
Pune,2011,49768,Petrol,Manual,Second,17.01,1591,121.3,5,4.95,Hyundai,Verna 1.6 SX VTVT,15,3317.866666666667
Hyderabad,2013,56000,Diesel,Automatic,First,16.73,2993,218.0,5,33.5,BMW,5 Series 525d Sedan,13,4307.692307692308
Bangalore,2013,75000,Diesel,Automatic,First,14.74,2993,270.9,5,27.95,Jaguar,XF Diesel,13,5769.2307692307695
Hyderabad,2010,57000,Petrol,Automatic,First,13.7,1798,157.75,5,7.25,Skoda,Superb Elegance 1.8 TSI AT,16,3562.5
Kochi,2017,37542,Diesel,Automatic,First,15.73,1968,174.33,5,25.71,Audi,Q3 35 TDI Quattro Premium,9,4171.333333333333
Coimbatore,2014,95649,Diesel,Automatic,First,12.7,2179,187.7,5,29.67,Land,Rover Range Rover 2.2L Pure,12,7970.75
Jaipur,2013,35299,Diesel,Automatic,First,14.84,2143,170.0,5,19.0,Mercedes-Benz,New C-Class 220 CDI AT,13,2715.3076923076924
Kochi,2017,28464,Diesel,Manual,First,15.4,2179,120.0,7,13.05,Mahindra,Scorpio S10 4WD,9,3162.6666666666665
Mumbai,2015,41000,Diesel,Automatic,First,21.76,1995,190.0,5,25.5,BMW,3 Series Luxury Line,11,3727.2727272727275
Pune,2017,9000,Petrol,Manual,First,15.4,1497,117.3,7,8.5,Honda,BR-V i-VTEC S MT,9,1000.0
Chennai,2010,92098,Diesel,Automatic,Second,16.0,2400,215.0,5,7.25,Volvo,S80 2006-2013 D5,16,5756.125
Pune,2005,5834,Petrol,Manual,First,13.2,1495,94.0,5,0.8,Hyundai,Accent GLE,21,277.8095238095238
Jaipur,2017,40250,Petrol,Manual,First,17.19,1197,81.86,5,6.9,Hyundai,i20 Active SX Petrol,9,4472.222222222223
Coimbatore,2018,22397,Petrol,Automatic,First,11.5,2996,367.0,5,70.99,Mercedes-Benz,GLC 43 AMG Coupe,8,2799.625
Kolkata,2015,20800,Petrol,Manual,Second,21.1,814,55.2,5,2.25,Hyundai,EON Magna Plus,11,1890.909090909091
Kochi,2018,40322,Petrol,Manual,First,18.9,1197,81.86,5,5.5,Hyundai,Grand i10 SportZ Edition,8,5040.25
Mumbai,2013,52576,Petrol,Manual,First,13.0,1493,100.0,5,4.35,Honda,City 1.5 EXI S,13,4044.3076923076924
Kolkata,2010,55000,Petrol,Manual,First,16.47,1198,73.9,5,2.25,Volkswagen,Polo Petrol Trendline 1.2L,16,3437.5
Mumbai,2016,47000,Petrol,Automatic,First,15.26,1798,187.74,5,24.5,Audi,A6 35 TFSI Matrix,10,4700.0
Hyderabad,2010,42021,Diesel,Manual,First,0.0,1968,113.27689373297004,5,5.45,Volkswagen,Jetta 2007-2011 1.9 L TDI,16,2626.3125
Coimbatore,2017,23163,Petrol,Manual,First,15.29,1591,121.3,5,12.03,Hyundai,Creta 1.6 SX Plus Dual Tone Petrol,9,2573.6666666666665
Mumbai,2011,50000,Petrol,Automatic,Second,11.74,1796,186.0,5,8.5,Mercedes-Benz,New C-Class C 200 CGI Avantgarde,15,3333.3333333333335
Mumbai,2014,11900,Petrol,Automatic,First,16.82,1998,189.08,4,28.5,Mini,Cooper Convertible S,12,991.6666666666666
Pune,2006,108000,Petrol,Manual,Second,17.0,1086,113.27689373297004,5,1.2,Hyundai,Santro Xing XO eRLX Euro II,20,5400.0
Bangalore,2013,37000,Diesel,Manual,First,23.59,1364,67.04,5,5.75,Toyota,Etios VD,13,2846.153846153846
Delhi,2014,30000,Petrol,Manual,Second,19.4,1198,86.8,5,3.2,Honda,Brio S MT,12,2500.0
Coimbatore,2018,12831,Petrol,Automatic,First,21.4,1197,83.1,5,9.89,Maruti,Baleno Alpha Automatic,8,1603.875
Coimbatore,2012,143017,Diesel,Automatic,First,20.0,1968,138.1,5,6.58,Skoda,Laura Ambiente 2.0 TDI CR AT,14,10215.5
Kochi,2018,13102,Petrol,Manual,First,21.1,814,55.2,5,4.06,Hyundai,EON Era Plus,8,1637.75
Coimbatore,2019,24950,Diesel,Manual,First,20.37,1461,108.45,5,13.37,Renault,Captur 1.5 Diesel RXL,7,3564.285714285714
Coimbatore,2011,57832,Diesel,Automatic,First,16.2,2993,258.0,5,25.82,BMW,5 Series 2003-2012 GT 530d LE,15,3855.4666666666667
Kochi,2016,34267,Petrol,Manual,First,22.74,796,47.3,5,3.74,Maruti,Alto 800 LXI,10,3426.7
Bangalore,2015,33000,Diesel,Automatic,Second,16.8,1984,150.0,5,22.0,Volvo,V40 D3,11,3000.0
Ahmedabad,2007,55100,Petrol,Manual,First,18.9,998,67.1,5,1.45,Maruti,Wagon R LXI BSII,19,2900.0
Kolkata,2008,40000,Petrol,Manual,First,17.7,1497,78.0,5,2.0,Honda,City ZX GXi,18,2222.222222222222
Kochi,2017,31841,CNG,Manual,First,15.1,1196,73.0,5,4.7,Maruti,Eeco 5 STR With AC Plus HTR CNG,9,3537.8888888888887
Kolkata,2014,15000,Petrol,Manual,First,13.7,1399,98.79,8,3.75,Chevrolet,Enjoy 1.4 LS 8,12,1250.0
Coimbatore,2016,82756,Diesel,Manual,First,15.96,2523,62.1,7,7.7,Mahindra,Bolero ZLX,10,8275.6
Coimbatore,2012,50243,Petrol,Manual,First,0.0,1086,113.27689373297004,5,3.35,Hyundai,Santro GLS I - Euro I,14,3588.785714285714
Hyderabad,2014,20600,Petrol,Manual,First,21.1,814,55.2,5,2.6,Hyundai,EON D Lite,12,1716.6666666666667
Coimbatore,2017,29952,Petrol,Automatic,First,13.0,1591,121.3,5,13.77,Hyundai,Creta 1.6 SX Plus Petrol Automatic,9,3328.0
Mumbai,2017,15000,Petrol,Manual,Second,16.09,1598,103.5,5,7.1,Volkswagen,Vento 1.6 Comfortline,9,1666.6666666666667
Pune,2008,61938,Petrol,Automatic,Second,12.9,1799,130.0,5,2.65,Honda,Civic 2006-2010 1.8 S AT,18,3441.0
Hyderabad,2014,67000,Diesel,Manual,First,22.3,1248,74.0,5,2.5,Tata,Indica Vista Quadrajet LS,12,5583.333333333333
Kochi,2013,61672,Diesel,Manual,First,16.0,2179,140.0,7,7.53,Mahindra,XUV500 W8 2WD,13,4744.0
Coimbatore,2017,26185,Petrol,Manual,First,18.6,1197,81.83,5,7.98,Hyundai,i20 1.2 Asta Option,9,2909.4444444444443
Bangalore,2014,38000,Diesel,Automatic,Second,14.16,1968,174.3,5,39.0,Audi,Q5 30 TDI quattro Premium Plus,12,3166.6666666666665
Chennai,2011,67000,Petrol,Manual,Second,18.5,1197,85.8,5,2.25,Maruti,Ritz VXi,15,4466.666666666667
Chennai,2010,66000,Petrol,Manual,Second,13.17,1999,114.0,5,3.85,Mitsubishi,Cedia Sports,16,4125.0
Hyderabad,2015,80883,Diesel,Manual,First,12.8,2494,102.0,7,13.5,Toyota,Innova 2.5 V Diesel 7-seater,11,7353.0
Hyderabad,2016,80219,Diesel,Manual,First,27.62,793,47.0,5,3.5,Maruti,Celerio LDi,10,8021.9
Delhi,2018,12923,Diesel,Manual,First,25.1,1248,88.5,5,8.92,Maruti,S-Cross Delta DDiS 200 SH,8,1615.375
Coimbatore,2016,86642,Diesel,Automatic,First,15.17,1968,181.0,5,20.37,Audi,Q3 35 TDI Quattro Premium Plus,10,8664.2
Bangalore,2016,19235,Diesel,Automatic,First,21.76,1995,190.0,5,36.5,BMW,3 Series Luxury Line,10,1923.5
Coimbatore,2016,51002,Diesel,Automatic,First,11.33,4134,335.2,7,48.91,Audi,Q7 4.2 TDI Quattro Technology,10,5100.2
Pune,2016,6800,Petrol,Manual,First,18.6,1197,81.83,5,7.2,Hyundai,i20 2015-2017 Asta 1.2,10,680.0
Hyderabad,2012,82749,Diesel,Manual,First,19.01,1461,108.45,5,5.99,Renault,Duster 110PS Diesel RxL,14,5910.642857142857
Pune,2016,51000,Diesel,Manual,First,24.4,1120,71.0,5,5.25,Hyundai,Xcent 1.1 CRDi S Celebration Edition,10,5100.0
Delhi,2014,31465,Diesel,Manual,First,22.7,1498,89.84,5,6.5,Ford,Ecosport 1.5 DV5 MT Titanium,12,2622.0833333333335
Hyderabad,2013,76476,Petrol,Manual,First,16.47,1198,73.9,5,4.4,Volkswagen,Polo Petrol Trendline 1.2L,13,5882.7692307692305
Kolkata,2017,14000,Diesel,Manual,First,24.0,1120,70.0,5,4.6,Hyundai,Grand i10 CRDi Magna,9,1555.5555555555557
Ahmedabad,2013,47000,Diesel,Manual,First,21.12,1248,88.8,5,2.95,Tata,Manza Aqua Quadrajet BS IV,13,3615.3846153846152
Kolkata,2011,48466,Petrol,Manual,First,17.0,1497,118.0,5,3.26,Honda,City 1.5 V MT,15,3231.0666666666666
Bangalore,2008,46000,Petrol,Manual,Second,17.92,1086,62.1,5,2.22,Hyundai,Santro Xing GLS,18,2555.5555555555557
Hyderabad,2012,162663,Diesel,Manual,First,12.99,2494,100.0,7,10.5,Toyota,Innova 2.5 VX (Diesel) 7 Seater,14,11618.785714285714
Coimbatore,2017,25142,Diesel,Manual,First,28.09,1248,88.5,5,8.26,Maruti,Ciaz 1.3 S,9,2793.5555555555557
Delhi,2013,69000,Diesel,Manual,First,12.55,2982,169.0,7,14.45,Toyota,Fortuner 4x4 MT TRD Sportivo,13,5307.692307692308
Chennai,2009,80524,Petrol,Manual,Second,15.3,1596,113.27689373297004,5,2.5,Ford,Fiesta 1.6 SXI ABS Duratec,17,4736.705882352941
Kochi,2018,26405,Petrol,Automatic,First,12.6,1950,191.34,5,51.43,Mercedes-Benz,E-Class E 220 d,8,3300.625
Chennai,2014,45000,Diesel,Manual,First,15.8,2148,170.0,5,23.0,Mercedes-Benz,New C-Class 220 CDI MT,12,3750.0
Kolkata,2012,64284,Diesel,Manual,First,17.72,1968,108.49,5,5.5,Skoda,Yeti Ambition 4X2,14,4591.714285714285
Delhi,2015,27000,Petrol,Manual,First,18.9,1197,82.0,5,4.5,Hyundai,Grand i10 Sportz,11,2454.5454545454545
Hyderabad,2018,3678,Petrol,Manual,First,18.16,1196,86.8,5,6.8,Ford,Figo 2015-2019 1.2P Titanium MT,8,459.75
Mumbai,2013,21000,Petrol,Manual,First,16.8,1395,138.02,5,8.75,Skoda,Octavia Ambition 1.4 TSI MT,13,1615.3846153846155
Mumbai,2015,67000,Diesel,Manual,Second,19.87,1461,83.8,5,7.0,Renault,Duster 85PS Diesel RxL Option,11,6090.909090909091
Delhi,2015,24000,Diesel,Automatic,Second,15.68,1999,177.0,5,33.5,Land,Rover Range Rover Evoque 2.0 TD4 Pure,11,2181.818181818182
Chennai,2011,75000,Diesel,Manual,Second,20.0,1399,68.0,5,2.25,Ford,Figo Diesel EXI,15,5000.0
Hyderabad,2008,179000,Diesel,Automatic,Second,12.8,2953,156.0,7,4.24,Ford,Endeavour Hurricane Limited Edition,18,9944.444444444445
Coimbatore,2017,47198,Diesel,Manual,First,12.55,2982,168.5,7,28.42,Toyota,Fortuner 4x4 MT,9,5244.222222222223
Kolkata,2012,52000,Diesel,Manual,First,22.07,1199,73.9,5,2.75,Volkswagen,Polo Diesel Comfortline 1.2L,14,3714.285714285714
Jaipur,2011,91000,Diesel,Manual,First,23.2,1248,73.94,5,3.0,Maruti,Ritz VDi,15,6066.666666666667
Pune,2013,60000,Diesel,Manual,First,23.08,1461,63.1,5,3.55,Nissan,Micra Diesel XV Premium,13,4615.384615384615
Kolkata,2013,37873,Diesel,Manual,First,22.32,1582,126.32,5,4.8,Hyundai,Verna 1.6 SX,13,2913.3076923076924
Kolkata,2011,31000,Petrol,Automatic,First,10.8,2497,150.0,5,13.5,BMW,5 Series 2003-2012 523i,15,2066.6666666666665
Pune,2017,129000,Diesel,Automatic,First,11.0,2987,258.0,7,56.0,Mercedes-Benz,GLS 350d 4MATIC,9,14333.333333333334
Hyderabad,2004,78000,Petrol,Automatic,First,12.0,2354,187.4,5,3.99,Honda,CR-V 2.4L 4WD AT,22,3545.4545454545455
Bangalore,2016,32000,Diesel,Automatic,First,17.01,1582,126.2,5,15.5,Hyundai,Creta 1.6 CRDi AT SX Plus,10,3200.0
Jaipur,2010,59000,Petrol,Manual,Second,19.81,1086,68.05,5,2.32,Hyundai,i10 Era,16,3687.5
Kochi,2016,35437,Diesel,Automatic,First,20.0,2143,136.0,5,18.58,Mercedes-Benz,A Class A200 CDI Sport,10,3543.7
Jaipur,2014,98000,Petrol,Manual,First,16.02,1373,93.7,7,5.5,Maruti,Ertiga VXI,12,8166.666666666667
Chennai,2006,72000,Diesel,Manual,Second,18.7,1896,66.0,5,3.2,Skoda,Octavia Classic 1.9 TDI MT,20,3600.0
Pune,2015,79000,Petrol,Manual,First,18.0,1198,86.7,5,4.0,Honda,Amaze VX i-Vtech,11,7181.818181818182
Chennai,2004,29000,Petrol,Manual,First,17.3,993,60.0,5,1.6,Maruti,Zen LXi BSII,22,1318.1818181818182
Kochi,2013,66012,Petrol,Manual,First,15.5,1586,103.3,5,4.15,Maruti,SX4 ZXI MT BSIV,13,5077.846153846154
Mumbai,2014,35000,Petrol,Automatic,First,16.5,1198,86.8,5,4.25,Honda,Brio VX AT,12,2916.6666666666665
Ahmedabad,2011,75000,Petrol,Manual,First,18.9,998,67.1,5,2.6,Maruti,Wagon R VXI,15,5000.0
Mumbai,2008,80000,Petrol,Automatic,Second,12.1,2362,164.7,5,3.43,Toyota,Camry A/T,18,4444.444444444444
Kochi,2012,32717,Petrol,Manual,First,18.6,1199,79.4,5,2.55,Chevrolet,Beat LS,14,2336.9285714285716
Delhi,2017,25000,Diesel,Automatic,First,12.55,2982,168.5,7,32.0,Toyota,Fortuner 4x4 AT,9,2777.777777777778
Mumbai,2014,79000,Diesel,Manual,First,22.7,1498,89.84,5,6.25,Ford,Ecosport 1.5 DV5 MT Titanium Optional,12,6583.333333333333
Hyderabad,2010,86000,Diesel,Manual,Second,17.8,1248,75.0,5,3.6,Maruti,Swift Vdi BSIII,16,5375.0
Pune,2010,137000,Diesel,Automatic,First,13.5,2987,282.0,5,18.5,Mercedes-Benz,S Class 2005 2013 S 350 CDI,16,8562.5
Mumbai,2015,25000,Petrol,Manual,Second,17.3,1497,117.3,7,4.25,Honda,Mobilio S i VTEC,11,2272.7272727272725
Mumbai,2017,8500,Petrol,Manual,Second,18.9,1197,82.0,5,4.8,Hyundai,Grand i10 Sportz,9,944.4444444444445
Bangalore,2015,34000,Diesel,Automatic,First,16.0,2179,140.0,7,13.0,Mahindra,XUV500 AT W8 FWD,11,3090.909090909091
Pune,2012,41629,Petrol,Manual,Second,14.83,1598,105.0,5,2.25,Skoda,Fabia 1.6 MPI Elegance,14,2973.5
Hyderabad,2009,80227,Petrol,Manual,First,17.92,1086,62.1,5,2.3,Hyundai,Santro Xing GLS,17,4719.235294117647
Kochi,2019,8587,Petrol,Manual,First,15.29,1591,121.3,5,13.56,Hyundai,Creta 1.6 SX Plus Dual Tone Petrol,7,1226.7142857142858
Delhi,2017,30000,Diesel,Manual,First,15.4,1997,120.0,7,12.25,Mahindra,Scorpio 1.99 S8,9,3333.3333333333335
Pune,2013,64186,Diesel,Manual,First,20.5,1598,103.5,5,3.76,Skoda,Rapid 1.6 TDI Ambition,13,4937.384615384615
Coimbatore,2015,76427,Diesel,Manual,First,19.01,1461,108.45,5,8.58,Renault,Duster 110PS Diesel RxZ,11,6947.909090909091
Hyderabad,2011,75000,Diesel,Automatic,First,11.7,2993,245.0,5,27.5,BMW,X5 xDrive 30d,15,5000.0
Coimbatore,2013,27075,Petrol,Manual,First,17.6,1496,88.73,5,4.95,Toyota,Etios G,13,2082.6923076923076
Ahmedabad,2012,30000,Petrol,Manual,First,22.5,998,67.04,5,3.3,Maruti,Wagon R LXI,14,2142.8571428571427
Chennai,2016,69434,Petrol,Manual,First,15.8,1591,121.3,5,8.0,Hyundai,Creta 1.6 SX,10,6943.4
Jaipur,2014,56000,Petrol,Manual,First,23.1,998,67.04,5,2.79,Maruti,Celerio VXI,12,4666.666666666667
Coimbatore,2017,49275,Diesel,Automatic,First,12.7,2179,187.7,5,45.64,Land,Rover Range Rover HSE Dynamic,9,5475.0
Pune,2014,8700,Petrol,Manual,First,18.6,1199,76.8,5,2.55,Chevrolet,Beat LT,12,725.0
Ahmedabad,2014,18000,Petrol,Manual,Second,25.4,624,37.5,4,1.0,Tata,Nano Twist XT,12,1500.0
Coimbatore,2017,41041,Diesel,Automatic,First,17.68,1968,174.33,5,37.56,Audi,A6 2011-2015 35 TDI Technology,9,4560.111111111111
Kochi,2009,80464,Diesel,Automatic,Second,11.0,2987,198.5,5,9.29,Mercedes-Benz,E-Class 280 CDI,17,4733.176470588235
Kochi,2019,20667,Petrol,Manual,First,22.0,1197,81.8,5,6.37,Maruti,Swift VXI,7,2952.4285714285716
Coimbatore,2013,60283,Petrol,Manual,First,14.6,1368,112.0,5,2.98,Fiat,Linea T Jet,13,4637.153846153846
Kochi,2017,31696,Petrol,Manual,First,20.4,1197,81.8,5,5.75,Maruti,Swift VXI Optional,9,3521.777777777778
Hyderabad,2010,100000,Diesel,Manual,First,11.5,2982,171.0,7,13.0,Toyota,Fortuner 3.0 Diesel,16,6250.0
Mumbai,2014,13361,Petrol,Manual,First,16.02,1373,93.7,7,6.8,Maruti,Ertiga ZXI,12,1113.4166666666667
Coimbatore,2010,48394,Petrol,Automatic,First,12.05,1995,154.0,5,10.49,BMW,3 Series 320i Sedan,16,3024.625
Jaipur,2014,47399,Petrol,Manual,First,16.02,1373,93.7,7,5.6,Maruti,Ertiga VXI,12,3949.9166666666665
Mumbai,2010,69000,Petrol,Automatic,Second,16.8,1497,118.0,5,2.85,Honda,City 1.5 V AT,16,4312.5
Coimbatore,2013,65278,Diesel,Manual,First,14.66,2199,194.3,7,8.36,Hyundai,Santa Fe 4X4,13,5021.384615384615
Jaipur,2005,108000,Diesel,Manual,First,17.0,1405,70.0,5,1.0,Tata,Indigo LS,21,5142.857142857143
Kolkata,2010,50645,Petrol,Automatic,Second,10.93,2497,204.0,5,10.75,Mercedes-Benz,E-Class 2009-2013 E 250 Elegance,16,3165.3125
Hyderabad,2011,130002,Diesel,Manual,First,19.3,1248,73.9,5,3.85,Maruti,Swift Dzire LDi,15,8666.8
Hyderabad,2012,107000,Diesel,Manual,First,17.8,1399,67.0,5,3.0,Ford,Fiesta Classic 1.4 Duratorq CLXI,14,7642.857142857143
Coimbatore,2015,41950,Petrol,Automatic,First,18.0,1497,117.3,5,9.6,Honda,City i VTEC CVT VX,11,3813.6363636363635
Delhi,2012,109000,Diesel,Manual,First,13.0,2982,168.5,7,13.25,Toyota,Fortuner 4x2 Manual,14,7785.714285714285
Mumbai,2016,9000,Petrol,Manual,First,18.0,1198,86.7,5,5.75,Honda,Amaze VX O i VTEC,10,900.0
Delhi,2014,43900,Diesel,Manual,First,22.54,1396,88.73,5,6.75,Hyundai,i20 Asta 1.4 CRDi,12,3658.3333333333335
Bangalore,2013,64000,Diesel,Manual,Second,18.2,1248,73.8,7,4.85,Chevrolet,Enjoy TCDi LTZ 7 Seater,13,4923.076923076923
Kochi,2019,13190,Petrol,Automatic,First,0.0,1950,181.43,5,38.99,Mercedes-Benz,New C-Class Progressive C 200,7,1884.2857142857142
Mumbai,2009,77652,Petrol,Automatic,First,12.6,1586,103.2,5,2.85,Maruti,SX4 ZXI AT Leather,17,4567.764705882353
Mumbai,2012,55000,Diesel,Manual,First,12.99,2494,100.0,7,9.51,Toyota,Innova 2.5 VX (Diesel) 7 Seater,14,3928.5714285714284
Ahmedabad,2012,59900,Diesel,Automatic,Second,18.48,1995,177.0,5,18.5,BMW,5 Series 2003-2012 520d,14,4278.571428571428
Delhi,2015,73539,Diesel,Manual,First,19.01,1461,108.45,5,6.75,Renault,Duster 110PS Diesel RxZ,11,6685.363636363636
Coimbatore,2017,31645,Diesel,Automatic,First,20.68,1995,190.0,5,29.4,BMW,X1 sDrive 20d xLine,9,3516.1111111111113
Kochi,2009,69690,Petrol,Manual,First,17.7,1497,78.0,5,3.29,Honda,City ZX GXi,17,4099.411764705882
Delhi,2016,41000,Diesel,Manual,First,28.09,1248,88.5,5,9.5,Maruti,Ciaz RS ZDi Plus SHVS,10,4100.0
Pune,2010,109200,Petrol,Manual,Second,17.5,1298,85.8,5,2.2,Maruti,Swift Dzire VXi,16,6825.0
Pune,2012,80000,Diesel,Manual,First,15.1,2179,140.0,7,6.5,Mahindra,XUV500 W6 2WD,14,5714.285714285715
Ahmedabad,2007,51000,Petrol,Manual,First,13.5,1799,130.0,5,4.9,Honda,Civic 2006-2010 1.8 S MT,19,2684.2105263157896
Pune,2013,105000,Diesel,Manual,Second,25.47,1248,88.5,7,6.75,Maruti,Ertiga ZDI,13,8076.923076923077
Chennai,2013,179000,Diesel,Manual,First,23.59,1364,67.04,5,3.8,Toyota,Etios Liva GD,13,13769.23076923077
Delhi,2013,12100,Petrol,Automatic,First,9.9,1984,207.8,2,29.5,Audi,TT 2.0 TFSI,13,930.7692307692307
Hyderabad,2017,31000,Diesel,Manual,First,21.13,1498,108.4,5,10.5,Skoda,Rapid 1.5 TDI Style,9,3444.4444444444443
Hyderabad,2015,50000,Diesel,Manual,First,20.14,1498,88.8,5,6.2,Volkswagen,Polo 1.5 TDI Highline,11,4545.454545454545
Jaipur,2009,48000,Diesel,Automatic,First,17.0,1896,105.0,5,5.0,Skoda,Laura 1.9 TDI AT Elegance,17,2823.529411764706
Chennai,2007,35000,Diesel,Manual,First,19.2,1461,65.0,5,2.3,Mahindra,Renault Logan 1.5 DLE Diesel,19,1842.1052631578948
Ahmedabad,2016,100200,Diesel,Automatic,First,11.36,2755,171.5,7,17.0,Toyota,Innova Crysta 2.8 GX AT,10,10020.0
Bangalore,2014,47000,Diesel,Automatic,First,18.88,1995,184.0,5,25.5,BMW,3 Series 320d Luxury Line,12,3916.6666666666665
Jaipur,2015,63642,Diesel,Manual,First,27.3,1498,98.6,5,5.65,Honda,Jazz 1.5 S i DTEC,11,5785.636363636364
Kochi,2015,62550,Diesel,Manual,First,25.8,1498,98.6,5,5.6,Honda,Amaze VX i-DTEC,11,5686.363636363636
Kochi,2015,37340,Diesel,Automatic,First,16.36,2179,187.7,5,29.98,Jaguar,XF 2.2 Litre Luxury,11,3394.5454545454545
Coimbatore,2016,38461,Diesel,Manual,First,26.59,1248,74.0,5,7.39,Maruti,Swift Dzire VDI,10,3846.1
Jaipur,2018,29000,Diesel,Manual,First,17.1,1956,170.0,5,19.0,Jeep,Compass 2.0 Limited,8,3625.0
Pune,2010,31000,Petrol,Manual,First,12.5,1794,132.0,5,5.0,Toyota,Corolla Altis 1.8 Sport,16,1937.5
Kolkata,2011,42086,Petrol,Manual,First,17.0,1497,118.0,5,3.35,Honda,City 1.5 V MT,15,2805.733333333333
Chennai,2013,49000,Petrol,Manual,First,18.6,1197,85.8,5,4.45,Maruti,Swift ZXI,13,3769.230769230769
Coimbatore,2019,77240,Diesel,Automatic,First,22.32,1582,126.32,5,8.31,Hyundai,Verna 1.6 SX CRDI (O) AT,7,11034.285714285714
Jaipur,2012,105000,Diesel,Manual,Second,15.96,2523,62.1,7,6.0,Mahindra,Bolero ZLX,14,7500.0
Chennai,2014,35000,Diesel,Manual,First,22.9,1248,74.0,5,5.25,Maruti,Swift VDI,12,2916.6666666666665
Chennai,2006,83072,Petrol,Manual,First,17.0,1086,113.27689373297004,5,1.4,Hyundai,Santro Xing XO,20,4153.6
Hyderabad,2012,202082,Diesel,Automatic,First,17.68,1968,174.33,5,12.3,Audi,A6 2011-2015 2.0 TDI Premium Plus,14,14434.42857142857
Chennai,2004,129000,Petrol,Manual,Third,13.8,1299,70.0,5,1.5,Ford,Ikon 1.3 LXi NXt,22,5863.636363636364
Coimbatore,2018,33558,Diesel,Manual,First,20.14,1498,88.0,5,8.12,Volkswagen,Polo 1.5 TDI Highline,8,4194.75
Coimbatore,2012,60271,Diesel,Manual,First,13.6,2523,63.0,7,6.12,Mahindra,Bolero VLX CRDe,14,4305.071428571428
Coimbatore,2017,45366,Diesel,Manual,First,25.1,1498,98.6,5,10.88,Honda,City i DTEC VX Option,9,5040.666666666667
Kolkata,2014,9500,Petrol,Manual,First,18.2,1199,82.5,5,3.5,Chevrolet,Sail Hatchback 1.2 LS,12,791.6666666666666
Kochi,2016,42362,Petrol,Manual,First,18.6,1197,81.83,5,6.15,Hyundai,i20 1.2 Spotz,10,4236.2
Chennai,2016,21000,Diesel,Automatic,First,17.05,1995,184.0,5,33.0,BMW,X1 sDrive 20d Sportline,10,2100.0
Mumbai,2012,15200,Diesel,Automatic,First,15.06,1995,177.0,5,13.5,BMW,X1 sDrive 20d Exclusive,14,1085.7142857142858
Mumbai,2015,43690,Diesel,Automatic,First,12.55,2982,168.5,7,17.11,Toyota,Fortuner 4x2 AT,11,3971.818181818182
Kochi,2014,79926,Diesel,Automatic,First,11.33,4134,335.2,7,29.77,Audi,Q7 4.2 TDI Quattro Technology,12,6660.5
Kolkata,2013,53073,Diesel,Manual,First,20.77,1248,88.76,7,5.95,Maruti,Ertiga VDI,13,4082.5384615384614
Bangalore,2015,59000,Petrol,Manual,First,18.5,1197,80.0,5,5.75,Hyundai,i20 1.2 Magna,11,5363.636363636364
Bangalore,2006,47088,Petrol,Automatic,Second,10.13,3498,364.9,5,19.0,Mercedes-Benz,S Class 2005 2013 S 350 L,20,2354.4
Ahmedabad,2014,55000,Diesel,Manual,First,20.45,1461,83.8,5,4.75,Renault,Duster 85PS Diesel RxL,12,4583.333333333333
Hyderabad,2013,80430,Diesel,Manual,Second,17.21,1493,100.0,7,3.3,Mahindra,Quanto C2,13,6186.923076923077
Delhi,2013,71932,Diesel,Automatic,First,12.55,2982,168.5,7,16.5,Toyota,Fortuner 4x2 AT,13,5533.2307692307695
Mumbai,2014,19000,Diesel,Automatic,First,15.97,2993,258.0,7,44.0,BMW,X5 2014-2019 xDrive 30d Design Pure Experience 7 Seater,12,1583.3333333333333
Hyderabad,2011,81759,Diesel,Manual,First,19.3,1248,73.9,5,4.39,Maruti,Swift Dzire VDi,15,5450.6
Kochi,2018,52010,Diesel,Manual,First,25.2,1248,74.0,5,6.2,Maruti,Swift LDI Optional,8,6501.25
Kochi,2016,58953,Petrol,Automatic,First,13.53,1984,177.01,5,24.22,Audi,A6 2011-2015 35 TFSI Technology,10,5895.3
Mumbai,2008,93000,Diesel,Manual,Third,10.5,2835,107.2,6,5.45,Mitsubishi,Pajero 2.8 SFX BSIV Dual Tone,18,5166.666666666667
Delhi,2016,10000,Diesel,Automatic,First,16.36,2179,187.7,5,44.0,Jaguar,XF 2.2 Litre Executive,10,1000.0
Coimbatore,2019,40674,Diesel,Automatic,First,11.36,2755,171.5,7,24.82,Toyota,Innova Crysta 2.8 ZX AT,7,5810.571428571428
Mumbai,2015,50000,Diesel,Automatic,First,19.3,1968,141.0,5,11.69,Skoda,Octavia Ambition 2.0 TDI AT,11,4545.454545454545
Bangalore,2018,1331,Petrol,Automatic,First,14.28,1798,138.03,5,20.0,Toyota,Corolla Altis VL AT,8,166.375
Pune,2010,60000,Petrol,Manual,First,19.7,796,35.0,8,1.45,Maruti,Omni 8 Seater BSII,16,3750.0
Mumbai,2018,10003,Diesel,Automatic,First,17.9,2143,170.0,5,48.5,Mercedes-Benz,GLC 220d 4MATIC Style,8,1250.375
Mumbai,2016,25000,Diesel,Automatic,First,21.5,1498,108.5,5,9.45,Volkswagen,Vento 1.5 TDI Highline AT,10,2500.0
Ahmedabad,2015,73000,Diesel,Manual,First,16.0,2179,140.0,7,12.5,Mahindra,XUV500 W10 2WD,11,6636.363636363636
Hyderabad,2014,59962,Diesel,Manual,First,20.45,1461,83.8,5,6.9,Nissan,Terrano XL 85 PS,12,4996.833333333333
Jaipur,2012,72000,Diesel,Manual,Second,22.32,1582,126.32,5,5.8,Hyundai,Verna 1.6 SX CRDi (O),14,5142.857142857143
Coimbatore,2016,20967,Diesel,Automatic,First,14.69,2993,258.0,5,44.56,BMW,5 Series 2013-2017 530d M Sport,10,2096.7
Bangalore,2015,35000,Diesel,Manual,Second,15.4,2179,120.0,7,8.5,Mahindra,Scorpio S4 Plus,11,3181.818181818182
Coimbatore,2017,38056,Diesel,Manual,First,23.9,1582,126.2,5,10.7,Hyundai,Verna 1.6 CRDi SX,9,4228.444444444444
Pune,2009,94000,Diesel,Automatic,Second,12.07,2967,241.4,7,12.0,Audi,Q7 3.0 TDI Quattro Premium Plus,17,5529.411764705882
Coimbatore,2010,64236,Petrol,Manual,First,14.7,1150,76.0,5,2.44,Chevrolet,Aveo U-VA 1.2 LT,16,4014.75
Kolkata,2000,124000,Diesel,Manual,First,13.6,2523,63.0,7,1.95,Mahindra,Bolero ZLX BSIII,26,4769.2307692307695
Mumbai,2014,7400,Petrol,Manual,First,19.1,1197,82.0,5,4.35,Hyundai,Xcent 1.2 Kappa S,12,616.6666666666666
Hyderabad,2017,52000,Diesel,Manual,First,13.68,2393,147.8,8,17.5,Toyota,Innova Crysta 2.4 GX MT 8S,9,5777.777777777777
Hyderabad,2015,68764,Petrol,Manual,First,21.1,814,55.2,5,2.9,Hyundai,EON Era Plus,11,6251.272727272727
Delhi,2013,64000,Diesel,Manual,First,22.07,1199,73.9,5,2.9,Volkswagen,Polo Diesel Comfortline 1.2L,13,4923.076923076923
Pune,2016,21558,Diesel,Manual,First,24.3,1248,88.5,5,8.9,Maruti,Vitara Brezza ZDi,10,2155.8
Mumbai,2013,37500,Diesel,Automatic,First,18.88,1995,184.0,5,16.75,BMW,3 Series 320d Prestige,13,2884.6153846153848
Coimbatore,2016,14077,Petrol,Manual,First,21.1,814,55.2,5,3.95,Hyundai,EON Sportz,10,1407.7
Mumbai,2009,70000,Petrol,Manual,First,17.0,1497,118.0,5,2.1,Honda,City 1.5 S MT,17,4117.64705882353
Kochi,2011,54316,Petrol,Manual,Second,12.8,2354,177.6,5,4.29,Honda,Accord 2.4 MT,15,3621.0666666666666
Hyderabad,2009,90764,Diesel,Manual,First,14.0,2498,112.0,8,3.85,Mahindra,Xylo E8,17,5339.058823529412
Chennai,2009,137000,Diesel,Automatic,Second,13.2,1995,170.0,5,9.0,BMW,3 Series 320d,17,8058.823529411765
Pune,2013,127000,Petrol,Manual,Second,16.8,1497,116.3,5,4.5,Honda,City V MT,13,9769.23076923077
Kochi,2016,51884,Diesel,Manual,First,16.0,2179,140.0,7,12.46,Mahindra,XUV500 W10 2WD,10,5188.4
Delhi,2014,67407,Diesel,Manual,First,21.27,1396,88.76,5,4.65,Hyundai,i20 Asta 1.4 CRDi,12,5617.25
Hyderabad,2014,107825,Diesel,Manual,First,13.0,2982,168.5,7,20.5,Toyota,Fortuner 4x2 Manual,12,8985.416666666666
Chennai,2006,82453,Diesel,Manual,First,13.6,2523,63.0,8,2.9,Mahindra,Bolero DI BSII,20,4122.65
Chennai,2007,30441,Petrol,Manual,First,15.9,1298,85.0,5,1.45,Maruti,Esteem Vxi - BSIII,19,1602.157894736842
Chennai,2002,70000,Petrol,Manual,Third,0.0,1086,113.27689373297004,5,0.65,Hyundai,Santro LS zipPlus,24,2916.6666666666665
Mumbai,2016,11000,Diesel,Automatic,First,20.7,1496,113.98,5,29.5,Mini,Cooper 5 DOOR D,10,1100.0
Hyderabad,2015,61000,Diesel,Automatic,First,15.73,1968,174.33,5,25.0,Audi,Q3 35 TDI Quattro Premium,11,5545.454545454545
Delhi,2013,48454,Petrol,Manual,Second,17.0,1197,80.0,5,3.5,Hyundai,i20 Sportz Option,13,3727.230769230769
Jaipur,2017,37000,Diesel,Manual,First,14.1,2179,154.0,7,11.25,Tata,Safari Storme VX Varicor 400,9,4111.111111111111
Kochi,2017,32249,Diesel,Manual,First,21.9,1498,98.6,7,10.79,Honda,BR-V i-DTEC VX MT,9,3583.222222222222
Kolkata,2013,58000,Diesel,Manual,First,19.33,1968,138.03,5,5.9,Volkswagen,Jetta 2013-2015 2.0L TDI Highline,13,4461.538461538462
Jaipur,2017,28360,Petrol,Manual,First,19.1,1197,81.86,5,5.12,Hyundai,Xcent 1.2 Kappa S Option,9,3151.1111111111113
Mumbai,2017,7000,Petrol,Manual,First,20.89,1197,81.8,5,5.7,Maruti,Ignis 1.2 Alpha,9,777.7777777777778
Coimbatore,2016,19658,Diesel,Automatic,First,18.12,1995,190.0,5,35.84,BMW,5 Series 2013-2017 520d Luxury Line,10,1965.8
Hyderabad,2007,92000,Petrol,Manual,First,13.8,1299,70.0,5,1.25,Ford,Ikon 1.3 CLXi,19,4842.105263157895
Kolkata,2013,25000,Petrol,Manual,First,20.36,1197,78.9,5,2.65,Hyundai,i10 Sportz,13,1923.076923076923
Coimbatore,2016,37882,Diesel,Manual,First,22.32,1582,126.3,5,9.19,Hyundai,Verna 1.6 CRDI,10,3788.2
Bangalore,2014,69330,Diesel,Automatic,First,16.07,1995,181.0,5,23.5,BMW,3 Series 320d Highline,12,5777.5
Delhi,2011,61000,Petrol,Automatic,First,12.3,1796,185.0,5,12.5,Mercedes-Benz,E-Class 2009-2013 E200 CGI Blue Efficiency,15,4066.6666666666665
Kolkata,2010,35000,Petrol,Manual,Second,18.6,1199,79.4,5,1.5,Chevrolet,Beat Option Pack,16,2187.5
Jaipur,2004,200000,Petrol,Manual,First,0.0,1086,113.27689373297004,5,0.8,Hyundai,Santro Xing XP,22,9090.90909090909
Jaipur,2009,82000,Diesel,Manual,Second,13.5,1405,113.27689373297004,5,0.75,Tata,Indica DLS,17,4823.529411764706
Delhi,2012,72450,Diesel,Manual,First,15.1,2179,140.0,7,8.1,Mahindra,XUV500 W8 2WD,14,5175.0
Jaipur,2017,36381,Diesel,Manual,First,28.09,1248,88.5,5,9.75,Maruti,Ciaz ZDi Plus SHVS,9,4042.3333333333335
Coimbatore,2017,25559,Diesel,Automatic,First,19.71,2143,201.15,5,37.93,Mercedes-Benz,New C-Class C 250 CDI Avantgarde,9,2839.8888888888887
Chennai,2005,100000,Petrol,Automatic,Third,16.4,1497,78.0,5,1.96,Honda,City ZX CVT,21,4761.9047619047615
Jaipur,2015,94000,Diesel,Automatic,First,11.5,2982,169.0,7,20.5,Toyota,Fortuner 4x2 4 Speed AT,11,8545.454545454546
Bangalore,2011,64357,Petrol,Manual,First,24.07,998,67.1,5,2.75,Maruti,Alto K10 VXI,15,4290.466666666666
Mumbai,2017,10501,Petrol,Automatic,First,9.43,1999,237.4,5,75.0,Jaguar,XJ 2.0L Portfolio,9,1166.7777777777778
Chennai,2009,47000,Diesel,Manual,First,21.9,1396,90.0,5,2.8,Hyundai,i20 1.4 Magna ABS,17,2764.705882352941
Mumbai,2017,18000,Petrol,Automatic,First,16.0,1497,117.3,7,9.25,Honda,BRV i-VTEC V CVT,9,2000.0
Chennai,2007,89000,Petrol,Manual,First,13.4,1794,125.0,5,3.0,Toyota,Corolla Executive (HE),19,4684.210526315789
Coimbatore,2014,49964,Diesel,Automatic,First,17.68,1968,174.33,5,23.89,Audi,A6 2011-2015 2.0 TDI Premium Plus,12,4163.666666666667
Mumbai,2014,35000,Diesel,Manual,First,12.99,2494,100.6,7,12.75,Toyota,Innova 2.5 ZX Diesel 7 Seater BSIII,12,2916.6666666666665
Jaipur,2014,64000,Diesel,Manual,First,24.0,1120,70.0,5,4.15,Hyundai,Grand i10 CRDi Sportz,12,5333.333333333333
Mumbai,2013,36000,Petrol,Automatic,First,14.8,1598,105.0,5,4.65,Volkswagen,Vento IPL II Petrol Highline AT,13,2769.230769230769
Delhi,2012,78600,Diesel,Manual,First,12.8,2494,102.0,7,8.9,Toyota,Innova 2.5 VX (Diesel) 7 Seater BS IV,14,5614.285714285715
Jaipur,2008,170000,Diesel,Manual,Second,16.8,1493,110.0,5,1.5,Hyundai,Verna CRDi SX,18,9444.444444444445
Pune,2015,65000,Diesel,Manual,Second,23.2,1248,73.94,5,3.27,Maruti,Ritz VDi,11,5909.090909090909
Pune,2008,120300,Diesel,Automatic,Second,12.07,2967,241.4,7,18.0,Audi,Q7 3.0 TDI Quattro Technology,18,6683.333333333333
Pune,2016,21000,Petrol,Manual,First,18.6,1197,81.83,5,6.3,Hyundai,i20 Asta Option 1.2,10,2100.0
Coimbatore,2017,18108,Diesel,Manual,First,24.3,1248,88.5,5,11.31,Maruti,Vitara Brezza ZDi Plus Dual Tone,9,2012.0
Pune,2014,58407,Petrol,Manual,First,17.4,1497,117.3,5,6.16,Honda,City i VTEC S,12,4867.25
Pune,2014,49500,Petrol,Manual,First,20.73,1373,91.1,5,6.0,Maruti,Ciaz ZXi,12,4125.0
Kochi,2013,37199,Petrol,Automatic,First,17.5,1498,99.6,5,5.43,Nissan,Sunny XV CVT,13,2861.4615384615386
Hyderabad,2012,62000,Diesel,Manual,First,22.07,1199,73.9,5,4.65,Volkswagen,Polo Diesel Highline 1.2L,14,4428.571428571428
Hyderabad,2015,59000,Diesel,Manual,First,20.77,1248,88.8,7,7.5,Maruti,Ertiga ZDI,11,5363.636363636364
Jaipur,2015,60000,Diesel,Manual,First,26.59,1248,74.0,5,6.25,Maruti,Swift Dzire VDI,11,5454.545454545455
Bangalore,2007,39037,Diesel,Automatic,First,14.84,2143,170.0,5,9.25,Mercedes-Benz,New C-Class C 220 CDI Elegance AT,19,2054.5789473684213
Mumbai,2013,17003,Petrol,Manual,First,19.4,1198,86.8,5,3.15,Honda,Brio S MT,13,1307.923076923077
Hyderabad,2008,80400,Petrol,Manual,First,16.0,1086,66.7,5,2.3,Hyundai,i10 Magna Optional 1.1L,18,4466.666666666667
Jaipur,2012,75200,Diesel,Manual,First,22.32,1582,126.32,5,5.25,Hyundai,Verna 1.6 SX CRDi (O),14,5371.428571428572
Kochi,2017,41217,Diesel,Manual,First,28.09,1248,88.5,5,7.4,Maruti,Ciaz VDI SHVS,9,4579.666666666667
Pune,2006,98293,Petrol,Manual,Second,13.8,1299,70.0,5,1.55,Ford,Ikon 1.3 Flair,20,4914.65
Pune,2017,54000,Petrol,Manual,Second,16.2,1199,74.0,5,6.0,Volkswagen,Polo 1.2 MPI Highline,9,6000.0
Chennai,2016,17377,Petrol,Manual,First,18.7,1199,88.7,5,5.9,Honda,Jazz 1.2 V i VTEC,10,1737.7
Bangalore,2013,33800,Diesel,Manual,Second,25.8,1498,98.6,5,4.7,Honda,Amaze EX i-Dtech,13,2600.0
Hyderabad,2015,86157,Diesel,Manual,First,22.54,1396,88.73,5,6.5,Hyundai,i20 Asta 1.4 CRDi,11,7832.454545454545
Hyderabad,2012,146824,Diesel,Manual,First,21.1,1248,73.9,5,3.55,Maruti,Ritz VDi,14,10487.42857142857
Chennai,2014,55000,Petrol,Manual,First,16.8,1497,116.3,5,7.1,Honda,City V MT,12,4583.333333333333
Hyderabad,2010,53293,Petrol,Manual,First,13.14,1798,160.0,5,6.0,Skoda,Superb 1.8 TSI MT,16,3330.8125
Pune,2017,38000,Diesel,Manual,First,24.3,1248,88.5,5,7.99,Maruti,Vitara Brezza LDi Option,9,4222.222222222223
Bangalore,2009,64000,Petrol,Manual,Second,17.0,1197,80.0,5,4.1,Hyundai,i20 Asta,17,3764.705882352941
Hyderabad,2017,25058,Petrol,Automatic,First,24.07,998,67.1,5,3.95,Maruti,Alto K10 VXI AGS,9,2784.222222222222
Kochi,2016,36700,Petrol,Manual,First,21.1,814,55.2,5,4.38,Hyundai,EON Era Plus,10,3670.0
Mumbai,2011,35000,Petrol,Manual,First,20.36,1197,78.9,5,2.75,Hyundai,i10 Sportz,15,2333.3333333333335
Coimbatore,2016,22732,Petrol,Automatic,First,18.1,3498,306.0,2,55.54,Mercedes-Benz,SLK-Class SLK 350,10,2273.2
Hyderabad,2014,48000,Diesel,Automatic,First,18.53,1968,187.74,5,29.0,Audi,A6 2.0 TDI Design Edition,12,4000.0
Bangalore,2013,62084,Diesel,Manual,First,22.77,1498,98.59,5,6.6,Ford,EcoSport 1.5 TDCi Titanium,13,4775.692307692308
Kolkata,2012,39273,Diesel,Automatic,First,14.3,1968,140.0,5,6.99,Volkswagen,Passat Highline DSG,14,2805.214285714286
Bangalore,2017,64798,Diesel,Manual,First,13.68,2393,147.8,7,18.75,Toyota,Innova Crysta 2.4 ZX MT,9,7199.777777777777
Jaipur,2010,100002,Diesel,Manual,Third,20.0,1399,68.0,5,1.28,Ford,Figo Diesel ZXI,16,6250.125
Pune,2006,78000,Petrol,Manual,Third,14.49,1399,92.7,5,1.2,Chevrolet,Aveo 1.4,20,3900.0
Coimbatore,2013,57717,Petrol,Manual,First,18.5,1197,85.8,5,4.31,Maruti,Ritz LXi,13,4439.7692307692305
Chennai,2011,109000,Diesel,Automatic,First,12.39,2179,147.51,5,16.5,Land,Rover Freelander 2 SE,15,7266.666666666667
Coimbatore,2017,74515,Petrol,Manual,First,18.9,1197,82.0,5,5.64,Hyundai,Grand i10 Asta,9,8279.444444444445
Coimbatore,2017,50484,Diesel,Automatic,First,10.91,3198,197.2,7,31.12,Ford,Endeavour 3.2 Trend AT 4X4,9,5609.333333333333
Kochi,2013,13452,Diesel,Automatic,First,12.8,1968,167.6,5,25.46,Audi,Q5 2008-2012 2.0 TDI,13,1034.7692307692307
Kochi,2017,37688,Petrol,Manual,First,17.01,1591,121.3,5,7.88,Hyundai,Verna 1.6 VTVT,9,4187.555555555556
Chennai,2017,34000,Diesel,Automatic,First,13.0,2143,204.0,5,36.0,Mercedes-Benz,E-Class 2015-2017 E250 CDI Avantgarde,9,3777.777777777778
Pune,2014,120000,Diesel,Automatic,First,0.0,2987,165.0,5,30.0,Mercedes-Benz,M-Class ML 350 4Matic,12,10000.0
Pune,2008,64000,Petrol,Manual,Second,17.5,1298,85.8,5,2.85,Maruti,Swift Dzire ZXi,18,3555.5555555555557
Delhi,2011,100000,Petrol,Manual,First,13.0,1343,90.0,5,3.5,Honda,City 1.3 EXI S,15,6666.666666666667
Jaipur,2014,75000,Diesel,Manual,First,20.46,1461,83.8,5,7.5,Renault,Duster 85PS Diesel RxL Optional,12,6250.0
Hyderabad,2012,86000,Diesel,Automatic,First,14.84,2143,170.0,5,19.0,Mercedes-Benz,New C-Class 220 CDI AT,14,6142.857142857143
Hyderabad,2015,69000,Diesel,Automatic,First,15.97,2993,258.0,5,54.0,BMW,X5 xDrive 30d Design Pure Experience 5 Seater,11,6272.727272727273
Kochi,2015,41721,Petrol,Manual,First,19.1,1197,82.0,5,4.7,Hyundai,Xcent 1.2 Kappa SX Option,11,3792.818181818182
Hyderabad,2017,13000,Petrol,Automatic,First,22.0,1197,81.8,5,8.5,Maruti,Dzire AMT ZXI Plus,9,1444.4444444444443
Kolkata,2013,38998,Diesel,Automatic,First,16.07,1995,181.0,4,17.0,BMW,3 Series 320d Corporate Edition,13,2999.846153846154
Kochi,2017,54250,Petrol,Manual,First,22.74,796,47.3,5,3.51,Maruti,Alto 800 LXI,9,6027.777777777777
Bangalore,2013,45979,Diesel,Automatic,Second,17.11,1968,174.33,5,19.5,Audi,A4 2.0 TDI 177 Bhp Premium Plus,13,3536.846153846154
Pune,2012,37000,Petrol,Automatic,Second,13.6,1598,181.0,4,17.0,Mini,Cooper S,14,2642.8571428571427
Coimbatore,2015,46983,Diesel,Automatic,Second,12.07,2967,241.4,7,43.35,Audi,Q7 3.0 TDI Quattro Premium Plus,11,4271.181818181818
Bangalore,2012,40700,Diesel,Manual,First,25.44,936,57.6,5,2.65,Chevrolet,Beat Diesel LT,14,2907.1428571428573
Kochi,2015,43828,Petrol,Manual,First,20.51,998,67.04,5,3.52,Maruti,Wagon R LXI BS IV,11,3984.3636363636365
Kolkata,2016,53000,Diesel,Manual,First,19.01,1461,108.5,5,6.25,Nissan,Terrano XV Premium 110 PS,10,5300.0
Ahmedabad,2015,100000,Diesel,Automatic,First,18.88,1995,184.0,5,24.75,BMW,3 Series 320d Luxury Plus,11,9090.90909090909
Mumbai,2015,19000,Petrol,Manual,First,20.85,1197,83.14,5,5.25,Maruti,Swift Dzire VXI,11,1727.2727272727273
Jaipur,2016,84000,Diesel,Manual,First,17.72,1968,108.5,5,11.0,Skoda,Yeti Elegance 4X2,10,8400.0
Kochi,2018,37630,Petrol,Automatic,First,15.63,1499,110.4,5,9.1,Ford,EcoSport 1.5 Ti VCT AT Titanium,8,4703.75
Chennai,2010,67714,Petrol,Manual,First,18.5,1197,80.0,5,3.25,Hyundai,i20 1.2 Magna,16,4232.125
Pune,2017,32000,Diesel,Manual,First,15.0,1248,88.5,5,8.5,Maruti,S Cross DDiS 200 Sigma Option,9,3555.5555555555557
Pune,2010,51000,Petrol,Manual,First,16.2,1599,103.2,5,3.1,Hyundai,Verna Transform VTVT,16,3187.5
Kochi,2015,58390,Diesel,Automatic,First,18.88,1995,184.0,5,19.86,BMW,3 Series 320d Luxury Line,11,5308.181818181818
Kolkata,2017,14000,Diesel,Manual,First,24.0,1186,73.97,5,4.9,Hyundai,Grand i10 1.2 CRDi Magna,9,1555.5555555555557
Delhi,2014,55818,Petrol,Manual,Second,17.4,1497,117.3,5,5.7,Honda,City i-VTEC V,12,4651.5
Kolkata,2012,52241,Diesel,Manual,First,25.2,1248,74.0,5,2.9,Maruti,Swift VDI BSIV,14,3731.5
Coimbatore,2018,25433,Diesel,Manual,First,27.39,1248,74.0,5,7.83,Maruti,Baleno Zeta 1.3,8,3179.125
Kochi,2015,40611,Diesel,Manual,First,14.0,2179,138.1,7,8.15,Tata,Safari Storme 2012-2015 LX,11,3691.909090909091
Bangalore,2008,72000,Petrol,Manual,Second,13.2,1495,94.0,5,2.0,Hyundai,Accent GLS,18,4000.0
Hyderabad,2016,54631,Diesel,Manual,First,25.2,1248,74.0,5,6.25,Maruti,Swift LDI SP Limited Edition,10,5463.1
Bangalore,2007,60000,Diesel,Manual,Second,17.8,1248,113.27689373297004,5,3.4,Maruti,Swift VDI BSIV,19,3157.8947368421054
Coimbatore,2016,24941,Petrol,Automatic,First,21.9,624,37.48,4,3.19,Tata,Nano XTA,10,2494.1
Ahmedabad,2017,63939,Diesel,Manual,First,25.47,1248,88.5,7,7.75,Maruti,Ertiga VDI,9,7104.333333333333
Delhi,2014,35214,Petrol,Automatic,Second,23.1,998,67.04,5,3.2,Maruti,Celerio VXI AMT,12,2934.5
Delhi,2015,63000,Diesel,Manual,First,25.2,1248,74.0,5,4.9,Maruti,Swift VDI BSIV,11,5727.272727272727
Kochi,2012,121377,Petrol,Manual,First,15.04,1598,103.6,5,3.8,Volkswagen,Vento Petrol Highline,14,8669.785714285714
Chennai,2009,100970,Diesel,Automatic,First,15.5,1896,105.0,5,4.0,Volkswagen,Jetta 2007-2011 1.9 Highline TDI,17,5939.411764705882
Hyderabad,2014,60000,Diesel,Automatic,Second,20.7,1496,113.98,5,23.5,Mini,Cooper 5 DOOR D,12,5000.0
Chennai,2008,77650,Diesel,Manual,First,17.2,1396,53.5,5,1.15,Tata,Indica V2 DLS,18,4313.888888888889
Hyderabad,2007,71297,Petrol,Manual,First,17.0,1086,113.27689373297004,5,2.2,Hyundai,Santro Xing XO,19,3752.4736842105262
Bangalore,2015,18955,Petrol,Automatic,First,18.0,1497,117.3,5,10.65,Honda,City i-VTEC CVT VX,11,1723.1818181818182
Coimbatore,2016,47877,Diesel,Automatic,First,16.36,2179,187.7,5,35.68,Jaguar,XF 2.2 Litre Luxury,10,4787.7
Kochi,2017,43368,Diesel,Automatic,First,15.0,2143,204.0,5,31.94,Mercedes-Benz,E-Class 2015-2017 E250 Edition E,9,4818.666666666667
Chennai,2011,73000,Diesel,Manual,Third,18.3,1991,147.9,5,4.2,Chevrolet,Cruze LTZ,15,4866.666666666667
Ahmedabad,2015,72007,Diesel,Manual,First,15.1,2179,140.0,7,9.9,Mahindra,XUV500 W8 2WD,11,6546.090909090909
Kochi,2014,56778,Petrol,Automatic,First,11.74,1796,186.0,5,15.46,Mercedes-Benz,New C-Class C 200 CGI Avantgarde,12,4731.5
Kochi,2018,20024,Petrol,Manual,First,18.2,1199,88.7,5,8.46,Honda,Jazz VX,8,2503.0
Kolkata,2013,42103,Petrol,Manual,First,16.78,1496,88.73,5,3.25,Toyota,Etios G,13,3238.6923076923076
Hyderabad,2012,67147,Petrol,Manual,First,19.7,796,46.3,5,2.6,Maruti,Alto LXi BSIII,14,4796.214285714285
Coimbatore,2016,37806,Petrol,Manual,First,20.4,1197,81.8,5,5.2,Maruti,Swift VXI BSIV,10,3780.6
Pune,2009,85000,Petrol,Manual,Third,19.0,998,66.1,5,1.8,Maruti,A-Star Vxi,17,5000.0
Chennai,2011,35000,Petrol,Manual,First,25.4,624,37.48,4,1.6,Tata,Nano Lx BSIV,15,2333.3333333333335
Kolkata,2015,72035,Diesel,Manual,First,25.5,1498,99.0,5,2.5,Ford,Figo Titanium Diesel,11,6548.636363636364
Jaipur,2011,48500,Petrol,Manual,First,16.0,1368,90.0,5,2.5,Fiat,Linea Emotion,15,3233.3333333333335
Coimbatore,2017,28854,Petrol,Manual,First,18.16,1196,86.8,5,6.7,Ford,Figo Aspire 1.2 Ti-VCT Trend,9,3206.0
Hyderabad,2005,92450,Petrol,Manual,First,15.4,1590,94.0,5,1.2,Maruti,Baleno LXI,21,4402.380952380952
Coimbatore,2016,14351,Diesel,Automatic,First,18.88,1995,184.0,5,35.55,BMW,3 Series 320d Luxury Line,10,1435.1
Jaipur,2017,51087,Diesel,Manual,First,17.9,1998,163.7,5,7.75,Chevrolet,Cruze LTZ,9,5676.333333333333
Chennai,2005,50000,Diesel,Manual,First,12.7,2609,116.6,8,1.94,Mahindra,Scorpio 2.6 DX,21,2380.9523809523807
Hyderabad,2016,73000,Diesel,Manual,First,25.0,1396,69.0,5,2.2,Tata,Indica V2 eLS,10,7300.0
Ahmedabad,2011,60000,Diesel,Automatic,First,18.1,1991,147.9,4,3.8,Chevrolet,Cruze LTZ AT,15,4000.0
Chennai,2016,50000,Diesel,Manual,First,12.8,2494,102.0,8,15.65,Toyota,Innova 2.5 V Diesel 8-seater,10,5000.0
Coimbatore,2018,36797,Diesel,Automatic,First,19.27,2143,167.62,5,39.47,Mercedes-Benz,New C-Class C 220d Avantgarde Edition C,8,4599.625
Kolkata,2011,50000,Petrol,Manual,Second,18.5,1197,85.8,5,1.5,Maruti,Ritz VXi,15,3333.3333333333335
Ahmedabad,2013,94000,Diesel,Manual,First,12.8,2494,102.0,8,8.85,Toyota,Innova 2.5 GX (Diesel) 8 Seater BS IV,13,7230.7692307692305
Bangalore,2013,74000,Diesel,Manual,Second,12.55,2982,168.5,7,17.9,Toyota,Fortuner 4x4 MT,13,5692.307692307692
Coimbatore,2014,41016,Petrol,Automatic,Second,16.95,1197,78.9,5,5.08,Hyundai,i10 Sportz AT,12,3418.0
Bangalore,2012,67000,Diesel,Manual,First,22.32,1582,126.32,5,6.25,Hyundai,Verna 1.6 SX,14,4785.714285714285
Bangalore,2015,76927,Diesel,Automatic,First,15.73,1968,174.33,5,22.75,Audi,Q3 2012-2015 35 TDI Quattro Premium Plus,11,6993.363636363636
Kolkata,2010,17088,Petrol,Manual,First,18.6,1199,79.4,5,1.46,Chevrolet,Beat LS,16,1068.0
Pune,2007,112808,Diesel,Manual,Second,17.8,1399,68.0,5,2.05,Ford,Fiesta 1.4 Duratorq ZXI,19,5937.263157894737
Coimbatore,2014,74980,Diesel,Manual,First,20.0,1399,68.0,5,4.08,Ford,Figo Diesel EXI,12,6248.333333333333
Hyderabad,2014,44600,Petrol,Automatic,First,23.1,998,67.04,5,4.55,Maruti,Celerio VXI AT,12,3716.6666666666665
Mumbai,2013,37000,Diesel,Automatic,First,20.0,2143,107.3,5,14.0,Mercedes-Benz,A Class A180 CDI,13,2846.153846153846
Ahmedabad,2016,21000,Petrol,Manual,First,15.8,1591,121.3,5,10.9,Hyundai,Creta 1.6 SX,10,2100.0
Bangalore,2010,81245,Petrol,Manual,First,18.9,998,67.1,5,2.45,Maruti,Wagon R VXI BS IV,16,5077.8125
Delhi,2013,70000,Diesel,Automatic,First,10.0,2148,170.0,5,15.8,Mercedes-Benz,E-Class 2009-2013 E 220 CDI Avantgarde,13,5384.615384615385
Mumbai,2017,4018,Petrol,Manual,First,18.88,1499,110.4,5,8.25,Ford,EcoSport 1.5 Ti VCT MT Titanium BE,9,446.44444444444446
Delhi,2013,70000,Diesel,Automatic,Second,13.73,1995,148.0,5,8.5,Renault,Koleos 2.0 Diesel,13,5384.615384615385
Coimbatore,2016,56532,Diesel,Manual,First,16.0,2179,140.0,7,15.54,Mahindra,XUV500 W10 2WD,10,5653.2
Hyderabad,2013,26875,Petrol,Manual,First,16.8,796,34.2,8,2.35,Maruti,Omni E 8 Str STD,13,2067.3076923076924
Coimbatore,2015,72599,Petrol,Manual,First,22.5,998,67.04,5,4.32,Maruti,Wagon R VXI,11,6599.909090909091
Jaipur,2008,205000,Diesel,Manual,Second,13.1,2499,141.0,7,3.9,Ford,Endeavour XLT TDCi 4X2,18,11388.888888888889
Hyderabad,2011,98000,Diesel,Manual,Second,22.32,1582,126.32,5,5.2,Hyundai,Verna 1.6 SX,15,6533.333333333333
Mumbai,2018,19500,Petrol,Manual,First,18.6,1197,81.83,5,5.85,Hyundai,i20 Magna 1.2,8,2437.5
Bangalore,2013,68000,Petrol,Manual,Second,16.02,1373,93.7,7,6.25,Maruti,Ertiga ZXI,13,5230.7692307692305
Coimbatore,2019,19654,Diesel,Automatic,First,14.0,2179,155.0,7,17.63,Mahindra,XUV500 W9 AT,7,2807.714285714286
Mumbai,2017,26000,Diesel,Manual,First,23.65,1248,88.5,5,9.75,Maruti,SX4 S Cross DDiS 200 Zeta,9,2888.8888888888887
Bangalore,2015,10000,Petrol,Automatic,First,18.1,3498,306.0,2,55.0,Mercedes-Benz,SLK-Class SLK 350,11,909.0909090909091
Hyderabad,2011,75020,Diesel,Manual,First,22.07,1199,73.9,5,4.1,Volkswagen,Polo Diesel Comfortline 1.2L,15,5001.333333333333
Hyderabad,2011,157000,Diesel,Manual,First,12.55,2982,168.5,7,11.99,Toyota,Fortuner 4x4 MT,15,10466.666666666666
Kochi,2017,43773,Diesel,Manual,First,16.0,2179,140.0,7,13.54,Mahindra,XUV500 W10 2WD,9,4863.666666666667
Mumbai,2016,21000,Diesel,Automatic,First,17.9,2143,201.15,5,56.0,Mercedes-Benz,GLE 250d,10,2100.0
Chennai,2016,23280,Petrol,Manual,First,18.7,1199,88.7,5,6.5,Honda,Jazz 1.2 VX i VTEC,10,2328.0
Pune,2013,88000,Diesel,Manual,First,23.4,1248,74.0,5,4.75,Maruti,Swift Dzire VDI,13,6769.2307692307695
Hyderabad,2014,67000,Petrol,Manual,First,17.01,1591,121.3,5,5.6,Hyundai,Verna 1.6 SX VTVT,12,5583.333333333333
Coimbatore,2017,59636,Diesel,Automatic,First,10.91,3198,197.0,7,29.2,Ford,Endeavour 3.2 Titanium AT 4X4,9,6626.222222222223
Kolkata,2018,11000,Petrol,Manual,First,18.6,1197,81.83,5,6.35,Hyundai,i20 1.2 Asta Option,8,1375.0
Mumbai,2013,60669,Petrol,Manual,First,16.8,1497,116.3,5,4.95,Honda,City 1.5 V MT Sunroof,13,4666.846153846154
Hyderabad,2018,12000,Diesel,Manual,First,27.4,1498,98.6,5,8.5,Honda,Amaze VX Diesel,8,1500.0
Kolkata,2013,35000,Petrol,Manual,First,17.1,1591,121.3,5,4.5,Hyundai,Verna 1.6 SX VTVT (O),13,2692.3076923076924
Chennai,2015,65000,Diesel,Manual,First,24.2,1498,98.6,7,5.5,Honda,Mobilio S i DTEC,11,5909.090909090909
Kochi,2013,39929,Diesel,Manual,First,20.77,1248,88.8,7,6.56,Maruti,Ertiga ZDI,13,3071.4615384615386
Pune,2014,49000,Petrol,Manual,First,24.07,998,67.1,5,2.3,Maruti,Alto K10 LXI,12,4083.3333333333335
Pune,2004,77757,Diesel,Manual,Second,13.1,2446,75.0,10,3.5,Toyota,Qualis FS B2,22,3534.409090909091
Kochi,2016,21456,Petrol,Manual,First,20.36,1197,78.9,5,4.55,Hyundai,i10 Sportz,10,2145.6
Bangalore,2009,74000,Diesel,Automatic,Second,17.0,1896,105.0,5,7.75,Skoda,Laura 1.9 TDI AT Ambiente,17,4352.941176470588
Mumbai,2015,37000,Petrol,Manual,Second,18.6,1197,81.83,5,5.25,Hyundai,i20 Asta Option 1.2,11,3363.6363636363635
Coimbatore,2013,108640,Diesel,Automatic,First,11.5,2993,235.0,5,23.29,BMW,5 Series 2003-2012 530d Highline,13,8356.923076923076
Mumbai,2016,38000,Diesel,Automatic,First,22.69,1995,190.0,5,23.99,BMW,3 Series 320d M Sport,10,3800.0
Pune,2010,80000,Petrol,Manual,First,14.49,1399,92.7,5,1.79,Chevrolet,Aveo 1.4 LT ABS BSIV,16,5000.0
Mumbai,2011,47000,Diesel,Automatic,Second,14.21,2143,203.0,5,13.9,Mercedes-Benz,E-Class 2009-2013 E250 CDI Elegance,15,3133.3333333333335
Kolkata,2013,31000,Diesel,Automatic,First,17.68,1968,174.33,5,18.95,Audi,A6 2011-2015 2.0 TDI Premium Plus,13,2384.6153846153848
Kolkata,2014,40000,Petrol,Manual,First,20.51,998,67.04,5,2.49,Maruti,Wagon R LXI BS IV,12,3333.3333333333335
Jaipur,2016,4152,Petrol,Manual,First,25.17,799,53.3,5,3.15,Renault,KWID RXT,10,415.2
Mumbai,2017,51000,Diesel,Manual,First,21.66,1498,108.62,5,6.45,Volkswagen,Ameo 1.5 TDI Highline,9,5666.666666666667
Ahmedabad,2013,55000,Diesel,Manual,First,22.07,1199,73.9,5,4.25,Volkswagen,Polo Diesel Comfortline 1.2L,13,4230.7692307692305
Hyderabad,2014,58500,Petrol,Manual,First,22.74,796,47.3,5,2.75,Maruti,Alto 800 LXI,12,4875.0
Kochi,2017,58620,Petrol,Manual,First,18.6,1197,81.83,5,7.14,Hyundai,i20 Asta Option 1.2,9,6513.333333333333
Mumbai,2012,29605,Petrol,Manual,First,18.3,1197,113.27689373297004,5,2.44,Toyota,Etios Liva G,14,2114.6428571428573
Jaipur,2012,71172,Petrol,Manual,Third,17.0,1197,80.0,5,3.5,Hyundai,i20 1.2 Sportz,14,5083.714285714285
Chennai,2017,12000,Diesel,Manual,First,22.54,1396,88.73,5,7.3,Hyundai,i20 1.4 Asta,9,1333.3333333333333
Kolkata,2014,25000,Petrol,Manual,First,20.51,998,67.04,5,2.75,Maruti,Wagon R LXI Optional,12,2083.3333333333335
Bangalore,2017,43000,Diesel,Manual,Second,22.54,1396,88.73,5,8.2,Hyundai,i20 1.4 Asta Option,9,4777.777777777777
Mumbai,2015,57022,Petrol,Automatic,First,17.21,1197,103.6,5,6.51,Volkswagen,Polo GT TSI,11,5183.818181818182
Pune,2015,92000,Diesel,Manual,First,20.0,1399,68.05,5,4.25,Ford,Figo Diesel Titanium,11,8363.636363636364
Coimbatore,2014,33372,Petrol,Manual,Second,18.6,1197,85.8,5,6.21,Maruti,Swift ZXI,12,2781.0
Kochi,2016,52625,Diesel,Manual,First,24.0,1120,70.0,5,4.58,Hyundai,Grand i10 CRDi Magna,10,5262.5
Chennai,2016,215000,Diesel,Manual,First,14.02,2179,118.3,7,7.5,Mahindra,Xylo H4,10,21500.0
Delhi,2012,65537,CNG,Manual,First,26.83,796,38.4,5,2.1,Maruti,Alto Green LXi (CNG),14,4681.214285714285
Coimbatore,2014,60138,Petrol,Manual,First,19.81,1086,68.05,5,4.09,Hyundai,i10 Magna 1.1,12,5011.5
Mumbai,2014,84000,Diesel,Automatic,First,19.3,1968,141.0,5,10.75,Skoda,Octavia Elegance 2.0 TDI AT,12,7000.0
Mumbai,2014,47000,Diesel,Automatic,First,15.97,2993,258.0,7,41.5,BMW,X5 2014-2019 xDrive 30d Design Pure Experience 7 Seater,12,3916.6666666666665
Hyderabad,2014,33450,Petrol,Automatic,First,23.1,998,67.04,5,4.4,Maruti,Celerio VXI AT,12,2787.5
Jaipur,2013,125000,Diesel,Manual,Second,20.54,1598,103.6,5,6.25,Volkswagen,Vento Diesel Comfortline,13,9615.384615384615
Pune,2011,99606,Diesel,Automatic,Second,16.07,1995,181.0,5,10.5,BMW,3 Series 320d Highline,15,6640.4
Mumbai,2014,64000,Diesel,Manual,First,20.77,1248,88.8,7,7.25,Maruti,Ertiga ZDI,12,5333.333333333333
Hyderabad,2013,51000,Diesel,Manual,First,20.0,1399,68.05,5,3.2,Ford,Figo Diesel ZXI,13,3923.076923076923
Mumbai,2014,57000,Petrol,Manual,First,16.47,1198,74.0,5,3.95,Volkswagen,Polo 1.2 MPI Highline,12,4750.0
Coimbatore,2009,48040,Diesel,Automatic,Second,16.77,2967,241.38,5,12.07,Audi,A6 3.0 TDI quattro,17,2825.8823529411766
Pune,2017,43200,Diesel,Manual,First,13.68,2393,147.8,7,18.6,Toyota,Innova Crysta 2.4 ZX MT,9,4800.0
Delhi,2013,66000,Diesel,Automatic,First,22.32,1582,126.3,5,5.7,Hyundai,Verna 1.6 CRDi EX AT,13,5076.923076923077
Kolkata,2013,31000,Petrol,Manual,First,17.92,1086,62.1,5,1.75,Hyundai,Santro Xing GL Plus,13,2384.6153846153848
Delhi,2011,46000,Diesel,Automatic,Second,16.55,1968,147.51,5,10.99,Audi,A4 2.0 TDI,15,3066.6666666666665
Kolkata,2012,47346,Diesel,Automatic,First,16.55,1968,147.51,5,14.5,Audi,A4 2.0 TDI,14,3381.8571428571427
Jaipur,2009,100000,Diesel,Manual,First,17.0,1896,105.0,5,3.11,Skoda,Laura 1.9 TDI MT Ambiente,17,5882.35294117647
Coimbatore,2015,63856,Petrol,Automatic,First,13.7,1997,153.86,5,13.96,Honda,CR-V 2.0L 2WD AT,11,5805.090909090909
Coimbatore,2015,72996,Diesel,Manual,First,22.32,1582,126.32,5,7.11,Hyundai,Verna 1.6 SX CRDi (O),11,6636.0
Chennai,2014,23000,Diesel,Manual,First,24.5,1498,98.6,7,6.9,Honda,Mobilio RS i DTEC,12,1916.6666666666667
Coimbatore,2018,15985,Petrol,Manual,First,18.6,1197,81.83,5,7.77,Hyundai,i20 1.2 Asta Option,8,1998.125
Kolkata,2011,98000,Diesel,Manual,Second,12.8,2494,102.0,8,5.5,Toyota,Innova 2.5 G (Diesel) 7 Seater BS IV,15,6533.333333333333
Hyderabad,2014,70089,Petrol,Manual,First,18.6,1197,81.83,5,5.35,Hyundai,i20 Magna 1.2,12,5840.75
Chennai,2011,99000,Diesel,Manual,Second,13.6,2523,63.0,7,4.5,Mahindra,Bolero VLX BS IV,15,6600.0
Jaipur,2014,72000,Diesel,Manual,First,20.34,1498,103.2,5,4.75,Volkswagen,Vento 1.5 TDI Comfortline,12,6000.0
Coimbatore,2015,44194,Diesel,Automatic,First,16.36,2179,187.7,5,32.8,Jaguar,XF 2.2 Litre Luxury,11,4017.6363636363635
Mumbai,2005,102000,Petrol,Manual,First,17.3,993,60.0,5,0.7,Maruti,Zen LXi - BS III,21,4857.142857142857
Coimbatore,2018,56652,Diesel,Automatic,First,13.0,2987,258.0,5,50.29,Mercedes-Benz,E-Class Facelift,8,7081.5
Mumbai,2010,41650,Diesel,Manual,Second,11.5,2982,171.0,7,10.99,Toyota,Fortuner 3.0 Diesel,16,2603.125
Coimbatore,2015,61717,Petrol,Automatic,First,18.9,1197,82.0,5,5.57,Hyundai,Grand i10 AT Asta,11,5610.636363636364
Jaipur,2018,25302,Diesel,Manual,First,25.4,1186,73.97,5,5.9,Hyundai,Xcent 1.2 CRDi S,8,3162.75
Coimbatore,2016,47016,Petrol,Manual,First,15.29,1591,121.3,5,9.43,Hyundai,Creta 1.6 VTVT S,10,4701.6
Bangalore,2010,69000,Petrol,Manual,First,20.36,1197,78.9,5,2.9,Hyundai,i10 Sportz,16,4312.5
Delhi,2016,32700,Petrol,Manual,First,19.4,1198,86.8,5,3.68,Honda,Brio S MT,10,3270.0
Coimbatore,2015,101337,Diesel,Automatic,First,12.55,2982,168.5,7,21.67,Toyota,Fortuner 4x2 AT,11,9212.454545454546
Ahmedabad,2011,59000,Diesel,Automatic,First,16.55,1968,140.0,5,12.5,Audi,A4 2.0 TDI Multitronic,15,3933.3333333333335
Kochi,2018,41736,Diesel,Automatic,First,11.36,2755,171.5,7,19.92,Toyota,Innova Crysta 2.8 ZX AT,8,5217.0
Jaipur,2014,71649,Diesel,Manual,First,25.1,1498,98.6,5,6.75,Honda,City i DTEC VX,12,5970.75
Kochi,2015,80606,Diesel,Manual,First,25.1,1498,98.6,5,6.96,Honda,City i DTEC VX,11,7327.818181818182
Jaipur,2017,63262,Petrol,Manual,First,21.7,999,67.0,5,3.25,Renault,KWID 1.0 RXT Optional,9,7029.111111111111
Hyderabad,2018,5456,Diesel,Manual,First,28.4,1248,74.0,5,8.65,Maruti,Swift DDiS ZDI Plus,8,682.0
Pune,2017,7500,Petrol,Automatic,First,23.1,998,67.04,5,5.0,Maruti,Celerio VXI Optional AMT,9,833.3333333333334
Delhi,2011,66000,Diesel,Manual,First,15.1,2179,140.0,7,5.5,Mahindra,XUV500 W8 2WD,15,4400.0
Jaipur,2010,66770,Petrol,Manual,Second,20.36,1197,78.9,5,2.6,Hyundai,i10 Magna,16,4173.125
Kochi,2014,58472,Petrol,Manual,First,19.81,1086,68.05,5,3.41,Hyundai,i10 Magna 1.1,12,4872.666666666667
Kolkata,2011,46687,Petrol,Manual,First,22.0,1197,81.8,5,2.7,Maruti,Dzire VXI,15,3112.4666666666667
Chennai,2008,77000,Petrol,Automatic,Fourth & Above,9.7,1995,163.5,5,5.5,Maruti,Grand Vitara AT,18,4277.777777777777
Kolkata,2012,7000,Petrol,Automatic,First,14.33,1984,226.6,4,35.0,Audi,TT 40 TFSI,14,500.0
Mumbai,2011,48000,Petrol,Automatic,Second,14.74,1991,184.0,5,9.75,Mercedes-Benz,New C-Class C 200 CGI,15,3200.0
Mumbai,2013,47000,Diesel,Manual,First,21.64,1461,84.8,5,4.25,Nissan,Sunny 2011-2014 Diesel XV,13,3615.3846153846152
Ahmedabad,2015,51530,Petrol,Manual,First,18.9,998,67.1,5,3.2,Maruti,Wagon R LXI,11,4684.545454545455
Bangalore,2014,25789,Diesel,Manual,Second,23.4,1248,74.0,5,6.85,Maruti,Swift Dzire ZDI,12,2149.0833333333335
Delhi,2015,48000,Diesel,Manual,First,25.8,1498,98.6,5,4.5,Honda,Amaze S i-Dtech,11,4363.636363636364
Delhi,2012,52000,Diesel,Manual,First,28.4,1248,74.0,5,3.55,Maruti,Swift ZDI,14,3714.285714285714
Hyderabad,2010,95637,CNG,Manual,Second,13.2,1495,93.7,5,1.9,Hyundai,Accent Executive CNG,16,5977.3125
Hyderabad,2008,131000,Diesel,Manual,First,10.5,2609,120.0,7,3.6,Mahindra,Scorpio LX 2.6 Turbo,18,7277.777777777777
Kochi,2015,42076,Diesel,Automatic,First,13.0,2143,201.1,5,21.8,Mercedes-Benz,E-Class E250 CDI Avantgrade,11,3825.090909090909
Mumbai,2012,76000,Diesel,Manual,Second,13.0,2982,168.5,7,13.5,Toyota,Fortuner 4x2 Manual,14,5428.571428571428
Bangalore,2016,20487,Petrol,Manual,First,22.7,799,53.64,5,2.66,Datsun,redi-GO T Option,10,2048.7
Delhi,2010,43000,Petrol,Manual,Second,16.8,1497,116.3,5,3.75,Honda,City V MT,16,2687.5
Pune,2018,17000,Petrol,Automatic,First,19.16,2494,158.2,5,32.0,Toyota,Camry Hybrid,8,2125.0
Coimbatore,2016,60805,Diesel,Manual,First,26.0,1498,98.6,5,8.07,Honda,City i DTec V,10,6080.5
Kochi,2012,58775,Diesel,Manual,First,19.33,1968,138.1,5,5.64,Volkswagen,Jetta 2012-2014 2.0L TDI Trendline,14,4198.214285714285
Hyderabad,2013,70181,Diesel,Automatic,First,17.68,1968,174.33,5,23.99,Audi,A6 2011-2015 2.0 TDI,13,5398.538461538462
Coimbatore,2016,85827,Diesel,Manual,First,20.77,1248,88.76,7,7.5,Maruti,Ertiga VDI,10,8582.7
Jaipur,2016,58205,Diesel,Automatic,First,19.27,2143,167.62,5,27.0,Mercedes-Benz,New C-Class C 220 CDI Style,10,5820.5
Mumbai,2008,91000,Diesel,Manual,Second,19.3,1248,73.9,5,2.85,Maruti,Swift Dzire Vdi BSIV,18,5055.555555555556
Pune,2012,74000,Diesel,Manual,First,19.01,1461,108.45,5,6.35,Renault,Duster 110PS Diesel RxZ Pack,14,5285.714285714285
Hyderabad,2010,79324,Diesel,Manual,First,21.1,1248,73.9,5,3.3,Maruti,Ritz VDi,16,4957.75
Bangalore,2013,38623,Petrol,Manual,First,19.1,1197,85.8,5,5.0,Maruti,Swift Dzire VXI,13,2971.0
Coimbatore,2014,59923,Diesel,Manual,First,22.9,1248,74.0,5,6.46,Maruti,Swift ZDi,12,4993.583333333333
Jaipur,2017,23360,Petrol,Manual,First,21.1,814,55.2,5,3.75,Hyundai,EON Sportz,9,2595.5555555555557
Kochi,2003,61495,Petrol,Manual,Third,17.3,993,60.0,5,1.52,Maruti,Zen VXI BSII,23,2673.695652173913
Coimbatore,2012,56661,Petrol,Manual,First,15.1,1196,73.0,7,3.61,Maruti,Eeco 7 Seater Standard,14,4047.214285714286
Coimbatore,2017,40318,Diesel,Automatic,First,14.16,1968,174.3,5,43.74,Audi,Q5 30 TDI quattro Premium,9,4479.777777777777
Chennai,2014,60000,Diesel,Automatic,First,15.73,1968,174.33,5,20.0,Audi,Q3 2.0 TDI,12,5000.0
Pune,2008,103000,Diesel,Automatic,Second,0.0,799,113.27689373297004,2,3.0,Smart,Fortwo CDI AT,18,5722.222222222223
Hyderabad,2010,130000,Diesel,Manual,First,19.3,1248,73.9,5,3.65,Maruti,Swift Dzire VDi,16,8125.0
Mumbai,2013,20000,Diesel,Manual,First,14.07,1978,83.1,10,5.25,Tata,Sumo DX,13,1538.4615384615386
Hyderabad,2016,76000,Diesel,Automatic,First,15.97,2993,258.0,7,58.0,BMW,X5 2014-2019 xDrive 30d Design Pure Experience 7 Seater,10,7600.0
Mumbai,2015,30000,Petrol,Automatic,First,18.0,1497,117.3,5,8.65,Honda,City i-VTEC CVT VX,11,2727.2727272727275
Delhi,2015,150000,Diesel,Manual,First,25.0,1396,69.01,5,2.5,Tata,Indigo eCS eLX BS IV,11,13636.363636363636
Chennai,2014,28000,Petrol,Automatic,First,16.93,1197,103.6,5,7.75,Volkswagen,Vento TSI,12,2333.3333333333335
Bangalore,2015,74000,Petrol,Manual,First,23.1,998,67.04,5,4.15,Maruti,Celerio VXI,11,6727.272727272727
Delhi,2011,75000,Diesel,Manual,First,11.5,2982,171.0,7,10.85,Toyota,Fortuner 3.0 Diesel,15,5000.0
Delhi,2010,76000,Petrol,Automatic,Second,11.3,2360,170.0,5,5.53,Mitsubishi,Outlander 2.4,16,4750.0
Pune,2014,64889,Diesel,Automatic,First,15.5,1896,105.0,5,11.5,Volkswagen,Jetta 2007-2011 1.9 Highline TDI,12,5407.416666666667
Hyderabad,2010,10000,Petrol,Manual,First,9.0,3436,113.27689373297004,2,40.0,Porsche,Cayman 2009-2012 S,16,625.0
Kolkata,2015,43000,Diesel,Manual,First,19.67,1582,126.2,5,9.25,Hyundai,Creta 1.6 CRDi SX,11,3909.090909090909
Pune,2011,47490,Petrol,Manual,First,17.5,1198,75.0,5,2.29,Skoda,Fabia 1.2 MPI Ambiente Petrol,15,3166.0
Chennai,2015,80000,Diesel,Manual,First,22.77,1498,98.59,5,7.0,Ford,EcoSport 1.5 TDCi Titanium,11,7272.727272727273
Bangalore,2007,60000,Petrol,Manual,Second,18.2,1061,64.0,5,1.65,Maruti,Zen Estilo 1.1 LXI BSIII,19,3157.8947368421054
Ahmedabad,2017,6006,Petrol,Manual,First,20.73,1373,91.1,5,8.25,Maruti,Ciaz 1.4 Delta,9,667.3333333333334
Kochi,2011,71703,Petrol,Automatic,First,14.74,1991,181.03,5,9.14,Mercedes-Benz,New C-Class C 200 Avantgarde Edition C,15,4780.2
Hyderabad,2016,33000,Petrol,Manual,First,17.8,1198,86.7,5,6.5,Honda,Amaze SX i-VTEC,10,3300.0
Kolkata,2012,60000,Diesel,Manual,First,23.59,1364,113.27689373297004,5,2.95,Toyota,Etios GD,14,4285.714285714285
Jaipur,2015,91000,Diesel,Manual,First,19.87,1461,83.8,5,5.75,Renault,Duster 85PS Diesel RxL,11,8272.727272727272
Hyderabad,2012,72000,LPG,Manual,First,26.2,998,58.2,5,2.85,Maruti,Wagon R LXI LPG BSIV,14,5142.857142857143
Kolkata,2011,43000,Petrol,Manual,Second,16.47,1198,73.9,5,2.1,Volkswagen,Polo Petrol Highline 1.2L,15,2866.6666666666665
Coimbatore,2017,63770,Diesel,Manual,First,19.67,1582,126.2,5,13.55,Hyundai,Creta 1.6 SX Plus Diesel,9,7085.555555555556
Kolkata,2012,43510,Diesel,Automatic,First,14.74,2993,270.9,5,20.5,Jaguar,XF Diesel,14,3107.8571428571427
Mumbai,2017,52000,Diesel,Manual,First,16.3,1956,170.0,5,20.0,Jeep,Compass 2.0 Limited 4X4,9,5777.777777777777
Kochi,2018,31427,Diesel,Automatic,First,15.68,1999,177.0,5,59.72,Land,Rover Range Rover Evoque 2.0 TD4 HSE Dynamic,8,3928.375
Kolkata,2016,29000,Diesel,Manual,First,27.39,1248,74.0,5,6.5,Maruti,Baleno Alpha Diesel,10,2900.0
Ahmedabad,2016,56000,Diesel,Manual,First,28.09,1248,88.5,5,7.5,Maruti,Ciaz ZDi SHVS,10,5600.0
Jaipur,2007,76000,Petrol,Manual,Second,15.0,1586,104.68,5,2.15,Maruti,SX4 Vxi BSIII,19,4000.0
Coimbatore,2015,53615,Diesel,Manual,First,22.7,1582,126.24,5,8.44,Hyundai,Elantra CRDi SX,11,4874.090909090909
Bangalore,2013,132000,Diesel,Manual,First,13.5,2477,175.56,7,12.49,Mitsubishi,Pajero Sport 4X4,13,10153.846153846154
Pune,2017,14800,Petrol,Manual,First,17.0,1198,73.75,5,5.48,Volkswagen,Ameo 1.2 MPI Comfortline,9,1644.4444444444443
Hyderabad,2013,35433,Petrol,Manual,First,18.5,1197,85.8,5,4.2,Maruti,Ritz VXi,13,2725.6153846153848
Hyderabad,2013,82966,Diesel,Manual,First,16.8,1493,110.0,5,7.2,Hyundai,Verna CRDi SX,13,6382.0
Jaipur,2014,96000,Diesel,Manual,First,23.4,1248,74.0,5,4.8,Maruti,Swift Dzire Tour LDI,12,8000.0
Kochi,2017,39528,Diesel,Manual,First,25.32,1198,77.0,6,5.83,Mahindra,KUV 100 mFALCON D75 K6,9,4392.0
Coimbatore,2018,92056,Diesel,Manual,First,13.68,2393,147.8,7,18.39,Toyota,Innova Crysta 2.4 ZX MT,8,11507.0
Pune,2016,14930,Petrol,Manual,First,21.4,1197,83.1,5,5.85,Maruti,Baleno Delta 1.2,10,1493.0
Mumbai,2016,38000,Diesel,Manual,First,27.3,1498,98.6,5,6.21,Honda,Jazz VX Diesel,10,3800.0
Delhi,2013,71000,Petrol,Manual,First,17.0,1197,80.0,5,3.65,Hyundai,i20 1.2 Asta,13,5461.538461538462
Delhi,2012,71000,Diesel,Manual,First,23.0,1396,90.0,5,3.7,Hyundai,i20 Sportz Diesel,14,5071.428571428572
Pune,2015,50000,Diesel,Automatic,First,19.27,2143,167.62,5,30.0,Mercedes-Benz,New C-Class C 220d Avantgarde Edition C,11,4545.454545454545
Kochi,2016,48163,Petrol,Manual,First,19.1,1197,82.0,5,4.85,Hyundai,Xcent 1.2 Kappa Base,10,4816.3
Coimbatore,2017,19168,Petrol,Automatic,First,18.9,1197,82.0,5,6.93,Hyundai,Grand i10 AT Asta,9,2129.777777777778
Kolkata,2016,26000,Petrol,Manual,First,22.74,796,47.3,5,2.6,Maruti,Alto 800 VXI,10,2600.0
Kolkata,2014,37400,Petrol,Manual,First,18.2,1199,82.5,5,1.89,Chevrolet,Sail Hatchback 1.2 LS,12,3116.6666666666665
Mumbai,2018,8682,Diesel,Automatic,First,0.0,1950,194.0,5,39.5,Mercedes-Benz,C-Class Progressive C 220d,8,1085.25
Mumbai,2012,95000,Petrol,Automatic,First,13.7,1798,157.75,5,10.0,Skoda,Superb Elegance 1.8 TSI AT,14,6785.714285714285
Kolkata,2009,34000,Diesel,Automatic,First,16.55,1968,147.51,5,9.95,Audi,A4 2.0 TDI,17,2000.0
Mumbai,2014,95000,Diesel,Manual,Second,12.8,2494,102.0,8,9.45,Toyota,Innova 2.5 G (Diesel) 7 Seater BS IV,12,7916.666666666667
Coimbatore,2017,13689,Diesel,Automatic,First,17.9,2143,136.0,5,28.25,Mercedes-Benz,CLA 200 CDI Sport,9,1521.0
Jaipur,2008,84000,Petrol,Manual,Second,19.81,1086,68.05,5,1.8,Hyundai,i10 Era,18,4666.666666666667
Kolkata,2008,47000,Petrol,Manual,Second,17.5,1298,85.8,5,1.4,Maruti,Swift Dzire VXi,18,2611.1111111111113
Ahmedabad,2015,60001,Diesel,Automatic,First,21.66,1498,103.52,5,7.25,Skoda,Rapid 1.5 TDI AT Ambition,11,5454.636363636364
Hyderabad,2012,96000,Diesel,Manual,First,21.1,1248,73.9,5,3.6,Maruti,Ritz VDi,14,6857.142857142857
Jaipur,2004,47300,Petrol,Manual,Second,14.4,1599,94.0,5,1.2,Hyundai,Accent GLS 1.6,22,2150.0
Coimbatore,2014,28246,Petrol,Manual,Second,17.8,1198,86.7,5,4.94,Honda,Amaze SX i-VTEC,12,2353.8333333333335
Delhi,2007,65000,Petrol,Manual,Second,18.9,998,67.1,5,1.25,Maruti,Wagon R LXI,19,3421.0526315789475
Chennai,2013,68000,Diesel,Manual,Second,22.07,1199,73.9,5,4.8,Volkswagen,Polo Diesel Comfortline 1.2L,13,5230.7692307692305
Kochi,2019,11209,Diesel,Automatic,First,12.62,2198,158.0,7,31.15,Ford,Endeavour 2.2 Trend AT 4X2,7,1601.2857142857142
Pune,2011,41980,Petrol,Manual,Second,17.0,1197,80.0,5,3.3,Hyundai,i20 1.2 Sportz,15,2798.6666666666665
Bangalore,2012,65000,Diesel,Manual,First,25.44,936,57.6,5,2.4,Chevrolet,Beat Diesel PS,14,4642.857142857143
Kolkata,2010,38000,Petrol,Manual,First,14.8,1799,130.2,5,2.0,Honda,Civic 2010-2013 1.8 V MT,16,2375.0
Pune,2014,51000,Petrol,Manual,First,20.51,998,67.04,5,3.1,Maruti,Wagon R VXI BS IV,12,4250.0
Kochi,2014,33855,Petrol,Manual,First,15.0,1598,103.6,5,5.09,Skoda,Rapid 1.6 MPI Ambition Plus,12,2821.25
Pune,2006,146000,Petrol,Manual,Second,15.4,1590,94.0,5,1.05,Maruti,Baleno Vxi - BSIII,20,7300.0
Bangalore,2015,47037,Diesel,Manual,Second,22.77,1498,98.59,5,7.0,Ford,EcoSport 1.5 TDCi Titanium,11,4276.090909090909
Ahmedabad,2010,58000,Petrol,Manual,Second,13.2,1495,94.0,5,2.5,Hyundai,Accent GLE,16,3625.0
Mumbai,2012,61240,Diesel,Automatic,First,22.48,1995,190.0,5,17.5,BMW,5 Series 520d Luxury Line,14,4374.285714285715
Chennai,2011,91211,Petrol,Manual,First,20.92,998,67.1,5,2.1,Maruti,Alto K10 2010-2014 VXI,15,6080.733333333334
Bangalore,2013,84000,Diesel,Automatic,First,15.73,1968,174.33,5,17.75,Audi,Q3 2012-2015 2.0 TDI Quattro Premium Plus,13,6461.538461538462
Mumbai,2008,64226,LPG,Manual,First,17.3,1061,57.5,5,1.45,Maruti,Wagon R LXI DUO BSIII,18,3568.1111111111113
Bangalore,2005,67000,Petrol,Automatic,Second,11.3,1794,125.0,5,2.45,Toyota,Corolla H4,21,3190.4761904761904
Pune,2011,106976,Diesel,Automatic,First,13.5,2400,215.0,5,13.8,Volvo,XC60 D5,15,7131.733333333334
Kolkata,2016,27210,Diesel,Manual,First,27.3,1498,98.6,5,5.85,Honda,Jazz 1.5 VX i DTEC,10,2721.0
Delhi,2017,26322,Diesel,Manual,First,28.09,1248,88.5,5,8.9,Maruti,Ciaz 1.3 Alpha,9,2924.6666666666665
Mumbai,2016,9107,Petrol,Manual,First,20.4,1197,81.8,5,5.15,Maruti,Swift VXI BSIV,10,910.7
Kochi,2015,63983,Diesel,Automatic,First,19.27,2143,170.0,5,16.56,Mercedes-Benz,New C-Class C 220 CDI Avantgarde,11,5816.636363636364
Chennai,2010,134000,Petrol,Manual,Second,18.9,1061,67.0,5,1.65,Maruti,Wagon R VXI Minor,16,8375.0
Pune,2015,11000,Petrol,Automatic,First,15.5,1595,120.7,5,16.0,Mercedes-Benz,A Class A180 Sport,11,1000.0
Pune,2008,93000,Petrol,Manual,First,0.0,1086,62.0,5,1.45,Hyundai,Santro Xing GL,18,5166.666666666667
Coimbatore,2017,24852,Diesel,Automatic,First,26.59,1248,74.0,5,8.08,Maruti,Swift Dzire AMT ZDI,9,2761.3333333333335
Pune,2014,37632,Petrol,Automatic,First,18.9,1197,82.0,5,4.5,Hyundai,Grand i10 AT Asta,12,3136.0
Chennai,2013,55000,Petrol,Manual,Second,16.95,1498,97.7,5,4.3,Nissan,Sunny 2011-2014 XV Special Edition,13,4230.7692307692305
Hyderabad,2010,81448,Petrol,Manual,First,19.0,998,66.1,5,2.6,Maruti,A-Star Lxi,16,5090.5
Hyderabad,2018,1900,Petrol,Manual,First,25.17,799,53.3,5,4.45,Renault,KWID RXT Optional,8,237.5
Coimbatore,2012,54957,Petrol,Automatic,First,17.1,1591,121.4,5,5.37,Hyundai,Verna 1.6 SX VTVT (O) AT,14,3925.5
Chennai,2008,55000,Petrol,Manual,Second,18.9,1061,67.0,5,1.75,Maruti,Wagon R LXI Minor,18,3055.5555555555557
Kolkata,2013,21983,Diesel,Automatic,First,18.88,1995,184.0,5,16.5,BMW,3 Series 320d Sport Line,13,1691.0
Delhi,2013,76000,Diesel,Automatic,First,18.48,1995,177.0,5,19.0,BMW,5 Series 2003-2012 520d,13,5846.153846153846
Jaipur,2016,65000,Diesel,Manual,First,25.0,1396,69.01,5,2.8,Tata,Indigo CS eVX,10,6500.0
Hyderabad,2015,26000,Diesel,Manual,First,22.54,1396,88.73,5,6.2,Hyundai,i20 Sportz 1.4 CRDi,11,2363.6363636363635
Kochi,2019,11571,Petrol,Manual,First,16.8,796,34.2,8,3.8,Maruti,Omni E MPI STD BS IV,7,1653.0
Hyderabad,2014,81000,Diesel,Manual,First,25.2,1248,74.0,5,6.1,Maruti,Swift ZDi,12,6750.0
Coimbatore,2019,23154,Diesel,Manual,First,23.0,1498,98.96,5,11.65,Ford,Ecosport Signature Edition Diesel,7,3307.714285714286
Mumbai,2014,26856,Petrol,Automatic,First,16.5,1198,86.8,5,4.15,Honda,Brio VX AT,12,2238.0
Chennai,2017,67489,Diesel,Manual,First,13.68,2393,147.8,7,16.5,Toyota,Innova Crysta 2.4 GX MT,9,7498.777777777777
Bangalore,2008,176000,Diesel,Manual,Second,10.5,2179,120.0,8,4.3,Mahindra,Scorpio 2.6 LX,18,9777.777777777777
Kolkata,2010,18000,Petrol,Manual,First,18.5,1197,80.0,5,2.25,Hyundai,i20 1.2 Magna,16,1125.0
Ahmedabad,2014,63003,Diesel,Manual,First,22.32,1582,126.32,5,6.75,Hyundai,Verna 1.6 SX,12,5250.25
Chennai,2014,80000,Diesel,Manual,First,15.1,2179,140.0,7,9.4,Mahindra,XUV500 W6 2WD,12,6666.666666666667
Coimbatore,2014,56658,Diesel,Manual,First,20.64,1498,108.5,5,5.39,Volkswagen,Vento 1.5 TDI Comfortline,12,4721.5
Kochi,2019,18592,Diesel,Manual,First,26.59,1248,74.0,5,8.51,Maruti,Swift Dzire VDI Optional,7,2656.0
Pune,2010,75695,Petrol,Manual,First,13.7,1368,88.8,5,1.85,Tata,Manza Aura Safire BS IV,16,4730.9375
Kolkata,2012,82000,Diesel,Manual,Second,22.9,1248,74.0,5,2.5,Maruti,Swift VDI,14,5857.142857142857
Chennai,2013,60000,Diesel,Manual,First,22.07,1199,73.9,5,4.75,Volkswagen,Polo Diesel Highline 1.2L,13,4615.384615384615
Pune,2009,138000,Petrol,Manual,Second,17.0,1497,118.0,5,3.5,Honda,City 1.5 V MT,17,8117.64705882353
Bangalore,2014,67000,Diesel,Manual,First,23.0,1396,90.0,5,5.5,Hyundai,i20 Asta (o) 1.4 CRDi (Diesel),12,5583.333333333333
Coimbatore,2012,42750,Petrol,Manual,First,17.0,1497,118.0,5,6.33,Honda,City 1.5 V MT,14,3053.5714285714284
Kochi,2014,52398,Diesel,Manual,First,25.44,936,57.6,5,2.47,Chevrolet,Beat Diesel,12,4366.5
Kochi,2014,36657,Petrol,Manual,First,16.2,995,62.1,5,3.3,Chevrolet,Spark 1.0 LS,12,3054.75
Delhi,2011,77000,Diesel,Manual,Second,11.57,2179,138.1,7,3.5,Tata,New Safari DICOR 2.2 EX 4x2,15,5133.333333333333
Delhi,2014,85000,Diesel,Automatic,First,11.3,2987,254.8,7,38.75,Mercedes-Benz,GL-Class 350 CDI Blue Efficiency,12,7083.333333333333
Pune,2008,112500,Diesel,Automatic,First,11.5,2993,235.0,5,7.99,BMW,5 Series 2003-2012 530d Highline,18,6250.0
Kochi,2013,105072,Diesel,Manual,First,14.24,2755,174.5,7,13.28,Toyota,Fortuner 2.8 4WD MT,13,8082.461538461538
Pune,2012,80000,Petrol,Automatic,First,11.25,1995,150.0,5,9.5,BMW,X1 sDrive 18i,14,5714.285714285715
Kochi,2019,3102,Diesel,Manual,First,20.37,1461,108.45,5,14.01,Renault,Captur 1.5 Diesel Platine Mono,7,443.14285714285717
Coimbatore,2016,14656,Diesel,Manual,First,24.4,1120,71.0,5,6.99,Hyundai,Xcent 1.1 CRDi S,10,1465.6
Hyderabad,2010,105000,Diesel,Automatic,Second,13.2,1995,170.0,5,11.0,BMW,3 Series 320d,16,6562.5
Hyderabad,2008,61000,Petrol,Automatic,Second,10.8,2497,215.0,5,11.0,BMW,5 Series 2010-2013 525i,18,3388.8888888888887
Pune,2010,85046,Petrol,Manual,Second,18.06,1198,75.0,5,2.3,Nissan,Micra XE,16,5315.375
Delhi,2014,48000,Diesel,Automatic,First,16.36,2179,187.7,5,26.5,Jaguar,XF 2.2 Litre Luxury,12,4000.0
Bangalore,2011,55000,Diesel,Automatic,First,10.2,4367,308.0,7,67.0,Land,Rover Range Rover TDV8 (Diesel),15,3666.6666666666665
Mumbai,2017,4000,Petrol,Automatic,First,16.0,1368,160.0,5,17.75,Jeep,Compass 1.4 Limited Option,9,444.44444444444446
Delhi,2010,94000,Petrol,Automatic,Second,10.1,2354,152.0,5,4.8,Honda,CR-V 2.4 AT,16,5875.0
Coimbatore,2013,61110,Petrol,Manual,First,18.6,1197,85.8,5,4.57,Maruti,Swift VXI,13,4700.7692307692305
Chennai,2016,80000,Diesel,Manual,First,24.4,1120,71.0,5,3.5,Hyundai,Xcent 1.1 CRDi S,10,8000.0
Kochi,2015,43190,Diesel,Manual,First,19.01,1461,108.5,5,7.61,Nissan,Terrano XV Premium 110 PS,11,3926.3636363636365
Hyderabad,2015,45000,Diesel,Automatic,First,18.25,1968,187.74,5,25.0,Audi,A4 35 TDI Technology,11,4090.909090909091
Coimbatore,2016,44178,Petrol,Manual,First,18.9,1197,82.0,5,5.88,Hyundai,Grand i10 Asta Option,10,4417.8
Hyderabad,2015,84415,Diesel,Manual,First,12.99,2494,100.6,8,13.5,Toyota,Innova 2.5 G (Diesel) 8 Seater,11,7674.090909090909
Kolkata,2015,35000,Petrol,Manual,First,18.5,1197,80.0,5,4.6,Hyundai,i20 1.2 Magna,11,3181.818181818182
Kolkata,2013,44000,Diesel,Manual,First,22.77,1498,98.59,5,4.9,Ford,EcoSport 1.5 TDCi Titanium,13,3384.6153846153848
Hyderabad,2012,67635,Petrol,Manual,First,17.0,1497,118.0,5,5.25,Honda,City 1.5 S MT,14,4831.071428571428
Coimbatore,2018,18385,Petrol,Automatic,First,14.8,1497,121.36,5,12.41,Ford,EcoSport 1.5 Petrol Titanium Plus AT,8,2298.125
Kolkata,2014,35000,Diesel,Manual,First,22.07,1199,73.9,5,3.8,Volkswagen,Polo Diesel Highline 1.2L,12,2916.6666666666665
Mumbai,2010,49000,Diesel,Automatic,First,19.27,2143,170.0,5,8.95,Mercedes-Benz,New C-Class C 220 CDI Avantgarde,16,3062.5
Hyderabad,2013,69000,Diesel,Manual,First,22.7,1498,89.84,5,7.2,Ford,Ecosport 1.5 DV5 MT Titanium,13,5307.692307692308
Hyderabad,2017,23228,Petrol,Manual,First,14.4,1396,65.0,5,4.5,Tata,Indigo GLE,9,2580.8888888888887
Delhi,2014,68462,Diesel,Manual,First,26.59,1248,74.0,5,4.15,Maruti,Swift Dzire LDI,12,5705.166666666667
Coimbatore,2016,74611,Diesel,Manual,First,25.1,1248,88.5,5,7.94,Maruti,S-Cross Zeta DDiS 200 SH,10,7461.1
Pune,2014,90000,Diesel,Manual,First,19.01,1461,108.45,5,7.25,Renault,Duster 110PS Diesel RxZ Pack,12,7500.0
Delhi,2016,22000,Petrol,Manual,First,18.9,998,67.1,5,3.7,Maruti,Wagon R VXI,10,2200.0
Hyderabad,2010,58163,Petrol,Manual,First,0.0,1086,62.0,5,2.45,Hyundai,Santro Xing GL,16,3635.1875
Chennai,2011,109500,Diesel,Manual,Third,25.44,936,57.6,5,1.5,Chevrolet,Beat Diesel LT,15,7300.0
Delhi,2017,13363,Diesel,Manual,First,16.0,1997,140.0,7,12.0,Mahindra,XUV500 W4 1.99 mHawk,9,1484.7777777777778
Delhi,2012,51000,Petrol,Manual,Second,19.81,1086,68.05,5,2.2,Hyundai,i10 Era 1.1,14,3642.8571428571427
Hyderabad,2007,103000,Diesel,Manual,First,13.93,2179,138.0,7,3.6,Tata,New Safari DICOR 2.2 EX 4x4,19,5421.0526315789475
Kolkata,2009,43002,Petrol,Manual,First,20.36,1197,78.9,5,1.92,Hyundai,i10 Sportz,17,2529.529411764706
Bangalore,2016,108000,Diesel,Automatic,First,11.36,2755,171.5,7,20.5,Toyota,Innova Crysta 2.8 ZX AT,10,10800.0
Jaipur,2010,82407,Diesel,Manual,First,17.5,1896,106.0,5,4.25,Skoda,Laura Elegance MT,16,5150.4375
Kolkata,2013,29000,Petrol,Manual,First,18.9,1197,82.0,5,3.2,Hyundai,Grand i10 Sportz,13,2230.769230769231
Pune,2012,225000,Diesel,Manual,Second,23.59,1364,113.27689373297004,5,2.6,Toyota,Etios Liva GD,14,16071.42857142857
Kolkata,2014,45000,Diesel,Manual,First,23.4,1248,74.0,5,3.85,Maruti,Swift Dzire VDI,12,3750.0
Kochi,2010,93401,Diesel,Manual,First,23.0,1396,90.0,5,3.48,Hyundai,i20 Asta 1.4 CRDi (Diesel),16,5837.5625
Hyderabad,2017,95802,Diesel,Manual,Second,25.83,1498,99.0,5,4.55,Ford,Figo 2015-2019 1.5D Trend MT,9,10644.666666666666
Pune,2016,130000,Diesel,Manual,First,25.47,1248,88.5,7,7.0,Maruti,Ertiga VDI,10,13000.0
Ahmedabad,2013,67443,Diesel,Manual,First,20.77,1248,88.8,7,5.75,Maruti,Ertiga ZDI,13,5187.923076923077
Kochi,2016,47681,Petrol,Automatic,First,16.8,1497,116.3,5,8.73,Honda,City 1.5 V AT Sunroof,10,4768.1
Hyderabad,2009,35000,Petrol,Manual,First,19.7,796,46.3,5,1.7,Maruti,Alto LXi BSIII,17,2058.823529411765
Hyderabad,2016,68000,Diesel,Automatic,First,10.91,3198,197.0,7,29.5,Ford,Endeavour 3.2 Titanium AT 4X4,10,6800.0
Kochi,2019,34688,Diesel,Manual,First,24.3,1248,88.5,5,10.49,Maruti,Vitara Brezza ZDi Plus,7,4955.428571428572
Kolkata,2015,10512,Petrol,Automatic,First,8.6,2706,265.0,2,64.0,Porsche,Boxster S tiptronic,11,955.6363636363636
Pune,2016,58000,Diesel,Manual,First,22.9,1248,74.0,5,7.55,Maruti,Swift ZDi,10,5800.0
Mumbai,2014,40000,Petrol,Manual,First,17.57,1193,88.7,5,3.95,Tata,Zest Revotron 1.2 XT,12,3333.3333333333335
Bangalore,2010,61000,Petrol,Manual,Fourth & Above,17.0,1197,80.0,5,3.25,Hyundai,i20 1.2 Sportz Option,16,3812.5
Mumbai,2009,86000,Diesel,Manual,First,19.4,1422,70.0,5,2.75,Skoda,Fabia 1.4 TDI Active,17,5058.823529411765
Kolkata,2015,45000,Diesel,Manual,First,21.43,1364,87.2,5,7.35,Toyota,Corolla Altis D-4D J,11,4090.909090909091
Ahmedabad,2017,55000,Petrol,Manual,First,17.0,1198,73.75,5,4.7,Volkswagen,Ameo 1.2 MPI Comfortline,9,6111.111111111111
Kochi,2016,36855,Petrol,Manual,Second,15.29,1591,121.3,5,8.77,Hyundai,Creta 1.6 VTVT S,10,3685.5
Kochi,2013,46821,Petrol,Manual,First,20.36,1197,78.9,5,3.42,Hyundai,i10 Magna 1.2,13,3601.6153846153848
Kolkata,2015,120000,Petrol,Manual,First,18.6,1199,76.8,5,2.5,Chevrolet,Beat LS,11,10909.09090909091
Kolkata,2012,29000,Diesel,Automatic,First,14.74,2993,270.9,5,20.0,Jaguar,XF 3.0 Litre S Premium Luxury,14,2071.4285714285716
Mumbai,2014,40000,Petrol,Manual,First,13.24,1598,102.5,5,5.25,Nissan,Terrano XL,12,3333.3333333333335
Delhi,2013,60000,Diesel,Automatic,Second,15.73,1968,174.33,5,14.5,Audi,Q3 2012-2015 2.0 TDI Quattro Premium Plus,13,4615.384615384615
Mumbai,2011,64984,Petrol,Automatic,First,16.95,1197,78.9,5,3.45,Hyundai,i10 Asta AT,15,4332.266666666666
Pune,2015,73204,Petrol,Automatic,First,24.07,998,67.1,5,3.3,Maruti,Alto K10 VXI AGS,11,6654.909090909091
Bangalore,2014,50000,Diesel,Automatic,First,11.33,4134,335.2,7,51.0,Audi,Q7 4.2 TDI Quattro Technology,12,4166.666666666667
Kolkata,2017,35000,Diesel,Manual,First,24.3,1248,88.5,5,6.5,Maruti,Vitara Brezza VDi,9,3888.8888888888887
Hyderabad,2013,17729,Petrol,Manual,First,21.1,814,55.2,5,3.65,Hyundai,EON D Lite Plus,13,1363.7692307692307
Chennai,2012,97000,Diesel,Manual,First,20.0,1497,115.0,5,7.25,Mahindra,XUV300 W8 Diesel,14,6928.571428571428
Kochi,2014,89614,Diesel,Manual,First,22.0,1582,126.2,5,6.01,Hyundai,Verna CRDi 1.6 SX Option,12,7467.833333333333
Kolkata,2015,14000,Petrol,Manual,First,18.9,998,67.1,5,2.8,Maruti,Wagon R VXI,11,1272.7272727272727
Chennai,2012,50000,Petrol,Manual,First,17.0,1197,80.0,5,4.0,Hyundai,i20 Sportz Option,14,3571.4285714285716
Delhi,2014,62505,Petrol,Manual,First,17.4,1497,117.3,5,5.95,Honda,City i VTEC V,12,5208.75
Chennai,2011,248000,Diesel,Manual,Second,12.8,2494,102.0,7,9.2,Toyota,Innova 2.5 V Diesel 7-seater,15,16533.333333333332
Pune,2012,94900,Diesel,Manual,First,16.8,1493,110.0,5,5.35,Hyundai,Verna CRDi SX,14,6778.571428571428
Delhi,2017,55000,Diesel,Manual,First,17.6,2179,153.86,7,12.0,Tata,Hexa XT,9,6111.111111111111
Coimbatore,2015,53735,Diesel,Automatic,Second,12.07,2967,241.4,7,38.94,Audi,Q7 3.0 TDI Quattro Premium Plus,11,4885.0
Coimbatore,2008,53934,Petrol,Manual,Second,18.9,998,67.1,5,2.69,Maruti,Wagon R VXI,18,2996.3333333333335
Bangalore,2013,58500,Diesel,Automatic,Second,17.09,1995,218.0,5,27.5,BMW,5 Series 2013-2017 525d Luxury Line,13,4500.0
Kolkata,2014,48000,Petrol,Manual,First,18.0,1198,86.7,5,2.75,Honda,Amaze EX i-Vtech,12,4000.0
Mumbai,2016,24000,Petrol,Manual,First,24.7,796,47.3,5,2.8,Maruti,Alto 800 2016-2019 LXI,10,2400.0
Mumbai,2016,52001,Petrol,Manual,First,17.01,1591,121.3,5,6.45,Hyundai,Verna 1.6 SX VTVT,10,5200.1
Coimbatore,2018,9565,Petrol,Manual,First,23.84,1199,84.0,5,5.88,Tata,Tiago 1.2 Revotron XZ,8,1195.625
Pune,2013,32953,Petrol,Manual,First,18.6,1197,85.8,5,4.65,Maruti,Swift LXI,13,2534.846153846154
Jaipur,2014,18000,Petrol,Manual,First,21.1,814,55.2,5,2.5,Hyundai,EON Era,12,1500.0
Kochi,2018,20446,Petrol,Automatic,First,12.6,1950,191.34,5,51.35,Mercedes-Benz,E-Class E 220 d,8,2555.75
Hyderabad,2016,33016,Diesel,Manual,First,22.54,1396,88.73,5,6.85,Hyundai,i20 Magna 1.4 CRDi,10,3301.6
Chennai,2012,48000,Diesel,Manual,First,23.59,1364,67.05,5,5.25,Toyota,Etios VD,14,3428.5714285714284
Coimbatore,2014,72022,Diesel,Manual,First,21.43,1364,87.2,5,9.23,Toyota,Corolla Altis Diesel D4DG,12,6001.833333333333
Ahmedabad,2014,34000,Diesel,Automatic,First,20.7,1496,113.98,5,22.0,Mini,Cooper 5 DOOR D,12,2833.3333333333335
Hyderabad,2014,69000,Diesel,Manual,First,20.14,1498,88.8,5,5.19,Volkswagen,Polo 1.5 TDI Highline,12,5750.0
Pune,2009,108000,Petrol,Automatic,First,13.7,1798,157.75,5,4.35,Skoda,Superb Elegance 1.8 TSI AT,17,6352.941176470588
Hyderabad,2013,34700,Diesel,Automatic,First,10.0,2148,170.0,5,24.5,Mercedes-Benz,E-Class 2009-2013 E 220 CDI Avantgarde,13,2669.230769230769
Pune,2015,79000,Diesel,Manual,First,17.8,1248,75.0,5,5.75,Maruti,Swift VDi BSIII W/ ABS,11,7181.818181818182
Kochi,2016,58197,Petrol,Automatic,First,18.0,1497,117.3,5,9.19,Honda,City i VTEC CVT VX,10,5819.7
Pune,2008,66000,Petrol,Automatic,Second,8.45,2979,321.0,5,10.75,BMW,7 Series 2007-2012 740Li,18,3666.6666666666665
Bangalore,2009,60000,Petrol,Automatic,First,19.2,1197,80.0,5,2.99,Hyundai,i10 Magna AT,17,3529.4117647058824
Kolkata,2014,57000,Diesel,Manual,First,26.59,1248,74.0,5,3.89,Maruti,Swift Dzire VDI,12,4750.0
Coimbatore,2018,45555,Diesel,Manual,First,26.0,1498,98.6,5,11.73,Honda,City i DTec VX,8,5694.375
Coimbatore,2016,55137,Petrol,Manual,First,14.0,796,35.0,5,3.11,Maruti,Omni 8 Seater BSIV,10,5513.7
Jaipur,2014,93325,Diesel,Manual,Second,17.2,1968,138.1,5,14.45,Skoda,Superb 2009-2014 Elegance 2.0 TDI MT,12,7777.083333333333
Ahmedabad,2018,38000,Diesel,Manual,First,24.52,1248,88.5,7,8.7,Maruti,Ertiga SHVS VDI,8,4750.0
Kochi,2016,57738,Diesel,Manual,First,24.0,1120,70.0,5,5.04,Hyundai,Grand i10 CRDi Magna,10,5773.8
Jaipur,2017,38282,Diesel,Manual,First,28.09,1248,88.5,5,8.5,Maruti,Ciaz VDi Plus SHVS,9,4253.555555555556
Delhi,2014,64000,Diesel,Automatic,First,19.27,2143,170.0,5,15.65,Mercedes-Benz,New C-Class C 220 CDI Avantgarde,12,5333.333333333333
Mumbai,2015,32000,Diesel,Manual,First,20.5,1248,91.72,5,5.65,Fiat,Avventura MULTIJET Emotion,11,2909.090909090909
Bangalore,2010,83000,Petrol,Automatic,First,10.93,2497,204.0,5,16.5,Mercedes-Benz,E-Class 2009-2013 E 250 Elegance,16,5187.5
Ahmedabad,2011,76000,CNG,Manual,First,26.3,998,67.1,5,2.0,Maruti,Zen Estilo LXI Green (CNG),15,5066.666666666667
Pune,2012,67200,Petrol,Manual,First,15.04,1598,103.6,5,3.9,Volkswagen,Vento Petrol Highline,14,4800.0
Jaipur,2013,62655,Diesel,Automatic,First,18.88,1995,184.0,5,14.5,BMW,3 Series 320d Luxury Line,13,4819.615384615385
Bangalore,2015,16900,Diesel,Automatic,First,14.69,2993,258.0,5,44.0,BMW,5 Series 2013-2017 530d M Sport,11,1536.3636363636363
Delhi,2017,8471,Petrol,Manual,First,18.9,1197,81.86,5,5.0,Hyundai,Grand i10 1.2 Kappa Magna,9,941.2222222222222
Hyderabad,2016,69000,Diesel,Automatic,First,11.36,2755,171.5,7,19.75,Toyota,Innova Crysta 2.8 ZX AT,10,6900.0
Coimbatore,2017,30090,Diesel,Automatic,First,19.6,1461,108.45,5,11.44,Renault,Duster 110PS Diesel RxZ AMT,9,3343.3333333333335
Chennai,2011,120000,Diesel,Manual,First,18.0,1248,75.0,5,1.75,Tata,Indica Vista Aura 1.3 Quadrajet,15,8000.0
Bangalore,2013,23000,Diesel,Manual,First,17.8,1248,113.27689373297004,5,5.6,Maruti,Swift VDI BSIV,13,1769.2307692307693
Kochi,2016,35939,Petrol,Manual,First,12.3,1796,185.0,5,30.42,Mercedes-Benz,E-Class 2009-2013 E 200 CGI Avantgarde,10,3593.9
Coimbatore,2013,116694,Diesel,Manual,First,15.1,2179,140.0,7,9.57,Mahindra,XUV500 W8 4WD,13,8976.461538461539
Mumbai,2016,40448,Diesel,Manual,First,15.96,2523,62.1,7,3.5,Mahindra,Bolero ZLX,10,4044.8
Coimbatore,2018,64456,Diesel,Manual,First,24.3,1248,88.5,5,10.46,Maruti,Vitara Brezza ZDi,8,8057.0
Pune,2014,52782,Diesel,Manual,First,20.5,1248,91.72,5,4.85,Fiat,Avventura MULTIJET Emotion,12,4398.5
Kochi,2016,51672,Petrol,Manual,First,19.5,1199,88.76,5,5.68,Honda,Amaze S Petrol,10,5167.2
Mumbai,2015,56073,Petrol,Automatic,First,13.7,1798,157.75,5,13.25,Skoda,Superb Elegance 1.8 TSI AT,11,5097.545454545455
Bangalore,2011,65000,Diesel,Automatic,First,14.74,2993,270.9,5,16.0,Jaguar,XF 3.0 Litre S Premium Luxury,15,4333.333333333333
Chennai,2013,79000,Petrol,Manual,First,18.9,998,67.1,5,3.0,Maruti,Wagon R VXI BSIII,13,6076.923076923077
Kolkata,2007,43206,Petrol,Manual,First,17.0,1086,113.27689373297004,5,0.99,Hyundai,Santro Xing XL eRLX Euro III,19,2274.0
Mumbai,2010,70200,Petrol,Automatic,First,14.53,1798,138.1,5,5.0,Toyota,Corolla Altis VL,16,4387.5
Delhi,2016,42000,Petrol,Manual,First,16.1,1197,85.0,5,4.75,Maruti,Swift VXi BSIV,10,4200.0
Bangalore,2014,62000,Petrol,Manual,First,16.47,1198,74.0,5,5.35,Volkswagen,Polo 1.2 MPI Highline,12,5166.666666666667
Hyderabad,2017,20000,Petrol,Manual,First,18.9,1197,81.86,5,5.98,Hyundai,Grand i10 1.2 Kappa Asta,9,2222.222222222222
Chennai,2011,80000,Diesel,Manual,Third,21.5,1248,88.8,5,3.5,Maruti,SX4 ZDI,15,5333.333333333333
Kochi,2018,50234,Petrol,Manual,First,18.9,1197,81.86,5,4.77,Hyundai,Grand i10 1.2 Kappa Magna,8,6279.25
Delhi,2016,50003,Petrol,Manual,First,21.4,1197,83.1,5,5.45,Maruti,Baleno Delta 1.2,10,5000.3
Ahmedabad,2018,1000,Petrol,Automatic,First,20.3,1199,84.0,5,6.85,Tata,Tigor 1.2 Revotron XTA,8,125.0
Jaipur,2016,54897,Diesel,Automatic,First,26.59,1248,74.0,5,7.3,Maruti,Swift Dzire AMT ZDI,10,5489.7
Pune,2007,108995,Petrol,Manual,First,15.3,1193,65.3,5,1.25,Tata,Indica GLS BS IV,19,5736.578947368421
Chennai,2015,73000,Diesel,Manual,First,22.7,1598,118.0,5,8.25,Maruti,SX4 S Cross DDiS 320 Zeta,11,6636.363636363636
Ahmedabad,2008,65000,Petrol,Manual,First,16.1,1298,88.2,5,2.71,Maruti,Swift VXI BSIII,18,3611.1111111111113
Kolkata,2016,32000,Petrol,Manual,First,19.1,1197,82.0,5,3.6,Hyundai,Xcent 1.2 Kappa SX,10,3200.0
Ahmedabad,2010,65000,Petrol,Manual,First,18.5,1197,80.0,5,3.0,Hyundai,i20 1.2 Magna,16,4062.5
Hyderabad,2016,21600,Petrol,Automatic,First,23.1,998,67.04,5,4.65,Maruti,Celerio VXI AT,10,2160.0
Mumbai,2010,39000,Diesel,Automatic,First,14.84,2143,170.0,5,9.5,Mercedes-Benz,New C-Class C 220 CDI Elegance AT,16,2437.5
Mumbai,2011,58075,Petrol,Manual,First,17.5,1298,85.8,5,2.95,Maruti,Swift Dzire VXi,15,3871.6666666666665
Mumbai,2011,58000,Petrol,Manual,First,15.04,1598,103.6,5,3.0,Volkswagen,Vento Petrol Trendline,15,3866.6666666666665
Hyderabad,2015,58000,Diesel,Manual,First,25.2,1248,74.0,5,5.95,Maruti,Swift ZDi,11,5272.727272727273
Delhi,2008,89000,Petrol,Automatic,First,14.53,1798,138.1,5,4.0,Toyota,Corolla Altis VL,18,4944.444444444444
Delhi,2008,72000,Petrol,Manual,First,13.5,1799,130.0,5,2.5,Honda,Civic 2006-2010 1.8 V MT,18,4000.0
Kolkata,2017,1800,Petrol,Automatic,First,16.05,1499,110.4,5,11.37,Ford,EcoSport 1.5 Ti VCT AT Titanium BE,9,200.0
Pune,2010,172050,Diesel,Manual,Second,19.0,1248,93.0,5,2.25,Fiat,Linea Emotion Pack (Diesel),16,10753.125
Jaipur,2013,46230,Petrol,Manual,First,19.81,1086,68.05,5,3.1,Hyundai,i10 Era,13,3556.153846153846
Kochi,2014,86925,Diesel,Automatic,First,11.2,2400,215.0,5,17.18,Volvo,XC60 D5 Inscription,12,7243.75
Jaipur,2018,5000,Petrol,Manual,First,18.6,1197,81.83,5,6.5,Hyundai,i20 1.2 Asta,8,625.0
Ahmedabad,2014,66000,Diesel,Manual,First,26.0,1498,98.6,5,5.7,Honda,City i DTEC S,12,5500.0
Ahmedabad,2013,119000,Diesel,Manual,First,12.99,2494,100.0,8,8.0,Toyota,Innova 2.5 VX (Diesel) 8 Seater BS IV,13,9153.846153846154
Chennai,2016,45000,Petrol,Manual,First,25.17,799,53.3,5,2.6,Renault,KWID RXT,10,4500.0
Hyderabad,2009,66149,Petrol,Manual,First,19.0,998,66.1,5,2.45,Maruti,A-Star Vxi,17,3891.1176470588234
Kochi,2014,42070,Petrol,Automatic,First,14.8,1595,120.7,5,11.57,Mercedes-Benz,B Class B180,12,3505.8333333333335
Kolkata,2012,35503,Petrol,Manual,First,18.9,998,67.1,5,2.3,Maruti,Wagon R LXI BS IV,14,2535.9285714285716
Jaipur,2016,41460,Diesel,Manual,First,25.2,1248,74.0,5,5.9,Maruti,Swift VDI BSIV,10,4146.0
Mumbai,2015,40600,Petrol,Automatic,First,17.0,1591,121.3,5,7.2,Hyundai,Verna VTVT 1.6 AT SX Option,11,3690.909090909091
Ahmedabad,2013,87000,Diesel,Automatic,First,22.0,1582,126.2,5,5.9,Hyundai,Verna CRDi 1.6 AT SX Option,13,6692.307692307692
Chennai,2014,30000,Petrol,Manual,Second,16.8,1497,116.3,5,6.0,Honda,City V MT,12,2500.0
Kolkata,2010,27089,Petrol,Manual,First,16.0,1086,66.7,5,1.95,Hyundai,i10 Magna Optional 1.1L,16,1693.0625
Coimbatore,2016,53702,Diesel,Manual,First,23.59,1364,67.04,5,6.55,Toyota,Etios GD SP,10,5370.2
Hyderabad,2015,51000,Diesel,Automatic,First,27.03,1969,190.0,5,25.0,Volvo,S60 D4 Momentum,11,4636.363636363636
Kolkata,2012,36542,Diesel,Manual,First,20.0,1399,68.05,5,2.65,Ford,Figo Diesel EXI,14,2610.1428571428573
Mumbai,2017,15000,Diesel,Automatic,First,13.0,2987,265.0,5,69.5,Mercedes-Benz,E-Class 2015-2017 E350 CDI Avantgrade,9,1666.6666666666667
Chennai,2012,65000,Diesel,Automatic,First,22.69,1995,190.0,5,14.0,BMW,3 Series 320d Luxury Line,14,4642.857142857143
Pune,2014,32000,Petrol,Manual,Second,22.74,796,47.3,5,2.1,Maruti,Alto 800 VXI,12,2666.6666666666665
Hyderabad,2017,24393,Diesel,Manual,First,13.68,2393,147.8,7,20.4,Toyota,Innova Crysta 2.4 VX MT,9,2710.3333333333335
Hyderabad,2019,1000,Petrol,Manual,First,18.78,999,75.0,5,5.68,Volkswagen,Polo 1.0 MPI Trendline,7,142.85714285714286
Mumbai,2014,28238,Petrol,Manual,First,13.24,1598,102.5,5,5.55,Nissan,Terrano XL,12,2353.1666666666665
Mumbai,2013,59000,Diesel,Manual,First,13.5,2477,175.56,7,12.75,Mitsubishi,Pajero Sport 4X4,13,4538.461538461538
Mumbai,2012,92000,Petrol,Manual,Second,14.8,1799,130.2,5,3.35,Honda,Civic 2010-2013 1.8 S MT,14,6571.428571428572
Kolkata,2013,56840,Petrol,Manual,First,22.74,796,47.3,5,1.55,Maruti,Alto 800 LXI,13,4372.307692307692
Coimbatore,2013,62746,Diesel,Manual,Second,20.54,1598,103.6,5,5.9,Volkswagen,Vento Diesel Highline,13,4826.615384615385
Hyderabad,2012,96000,Diesel,Automatic,First,12.35,2179,187.74,5,18.98,Land,Rover Freelander 2 HSE,14,6857.142857142857
Mumbai,2014,24000,Petrol,Manual,First,13.7,1997,153.86,5,11.51,Honda,CR-V 2.0L 2WD MT,12,2000.0
Mumbai,2016,54000,Diesel,Manual,First,20.77,1248,88.76,7,7.75,Maruti,Ertiga VDI,10,5400.0
Chennai,2016,90000,Diesel,Manual,First,12.99,2494,100.6,7,13.9,Toyota,Innova 2.5 GX (Diesel) 7 Seater,10,9000.0
Kolkata,2010,40000,Petrol,Manual,First,15.0,1368,90.0,5,1.35,Tata,Manza Aura Safire,16,2500.0
Mumbai,2015,65938,Diesel,Automatic,Second,12.07,2967,241.4,7,38.0,Audi,Q7 35 TDI Quattro Premium Plus,11,5994.363636363636
Mumbai,2017,16100,Petrol,Automatic,First,17.1,1591,121.4,5,11.6,Hyundai,Verna 1.6 SX VTVT (O) AT,9,1788.888888888889
Hyderabad,2017,3600,Diesel,Automatic,First,21.5,1498,108.5,5,12.25,Volkswagen,Vento 1.5 Highline Plus AT 16 Alloy,9,400.0
Jaipur,2011,52000,Petrol,Manual,First,17.0,1497,118.0,5,3.8,Honda,City 1.5 S MT,15,3466.6666666666665
Mumbai,2014,54000,Diesel,Manual,First,20.0,1399,68.05,5,3.25,Ford,Figo Diesel Titanium,12,4500.0
Mumbai,2016,15399,Petrol,Manual,First,18.7,1199,88.7,5,6.4,Honda,Jazz 1.2 VX i VTEC,10,1539.9
Bangalore,2012,75000,Petrol,Manual,Second,16.47,1198,73.9,5,3.95,Volkswagen,Polo Petrol Highline 1.2L,14,5357.142857142857
Delhi,2010,76752,Petrol,Manual,First,17.4,1497,117.3,5,3.57,Honda,City i-VTEC S,16,4797.0
Mumbai,2005,56000,Petrol,Manual,Second,17.7,1497,78.0,5,1.25,Honda,City ZX GXi,21,2666.6666666666665
Pune,2015,70000,CNG,Manual,First,26.2,998,58.2,5,3.65,Maruti,Wagon R LXI CNG,11,6363.636363636364
Kolkata,2013,46125,Petrol,Automatic,Second,12.0,2354,187.4,5,12.5,Honda,CR-V 2.4L 4WD AT AVN,13,3548.076923076923
Ahmedabad,2014,35000,Diesel,Automatic,Second,18.12,1995,190.0,5,23.0,BMW,5 Series 2013-2017 520d Luxury Line,12,2916.6666666666665
Chennai,2003,80000,Diesel,Manual,Third,12.8,1489,35.5,5,1.35,Ambassador,Classic Nova Diesel,23,3478.2608695652175
Coimbatore,2012,62729,Diesel,Manual,First,12.05,2179,120.0,8,6.32,Mahindra,Scorpio VLX 2.2 mHawk BSIII,14,4480.642857142857
Kolkata,2012,34000,Diesel,Manual,First,20.54,1598,103.6,5,3.4,Volkswagen,Vento Diesel Comfortline,14,2428.5714285714284
Jaipur,1999,70000,Petrol,Manual,Second,17.3,993,60.0,5,0.77,Maruti,Zen VX,27,2592.5925925925926
Jaipur,2009,32000,Petrol,Manual,First,16.1,796,37.0,4,0.9,Maruti,800 DX BSII,17,1882.3529411764705
Delhi,2017,21000,Petrol,Automatic,First,14.28,1798,138.03,5,18.0,Toyota,Corolla Altis 1.8 VL CVT,9,2333.3333333333335
Pune,2013,49000,Petrol,Automatic,First,14.59,1997,245.0,5,19.0,BMW,3 Series 328i Sport Line,13,3769.230769230769
Chennai,2007,40000,Petrol,Manual,Third,13.8,1299,70.0,5,1.1,Ford,Ikon 1.3 Flair,19,2105.2631578947367
Pune,2012,78000,Petrol,Manual,Second,18.6,1199,79.4,5,2.0,Chevrolet,Beat LT,14,5571.428571428572
Ahmedabad,2012,52000,Diesel,Manual,First,21.43,1364,86.79,5,6.5,Toyota,Corolla Altis 1.4 DG,14,3714.285714285714
Bangalore,2014,65213,Diesel,Manual,First,16.0,2179,140.0,7,9.45,Mahindra,XUV500 W4,12,5434.416666666667
Mumbai,2016,170000,Diesel,Manual,First,24.4,1120,71.0,5,4.0,Hyundai,Xcent 1.1 CRDi Base,10,17000.0
Kochi,2017,36884,Diesel,Automatic,First,13.0,2143,204.0,5,32.25,Mercedes-Benz,E-Class 2015-2017 E250 CDI Avantgarde,9,4098.222222222223
Pune,2009,62500,Petrol,Manual,First,20.36,1197,78.9,5,2.1,Hyundai,i10 Sportz,17,3676.470588235294
Mumbai,2015,68000,Petrol,Automatic,Second,14.28,1798,138.03,5,9.75,Toyota,Corolla Altis VL AT,11,6181.818181818182
Kolkata,2014,40748,Petrol,Manual,First,14.53,1798,138.0,5,6.3,Toyota,Corolla 1.8 J,12,3395.6666666666665
Hyderabad,2013,60000,Diesel,Automatic,First,17.32,1968,184.0,5,21.0,Audi,Q3 2.0 TDI Quattro,13,4615.384615384615
Mumbai,2014,12400,Diesel,Manual,First,21.9,1396,88.8,5,4.65,Hyundai,i20 Magna Optional 1.4 CRDi,12,1033.3333333333333
Mumbai,2013,87000,Diesel,Automatic,Second,19.27,2143,167.62,5,17.0,Mercedes-Benz,New C-Class C 220d Avantgarde Edition C,13,6692.307692307692
Pune,2013,20248,Diesel,Manual,First,21.1,1248,73.9,5,4.35,Maruti,Ritz VDi,13,1557.5384615384614
Coimbatore,2017,52383,Diesel,Manual,First,19.67,1582,126.2,5,14.82,Hyundai,Creta 1.6 SX Plus Diesel,9,5820.333333333333
Delhi,2018,1000,Diesel,Automatic,First,13.6,1999,177.0,5,40.0,Jaguar,XE 2.0L Diesel Prestige,8,125.0
Chennai,2016,85000,Diesel,Manual,First,14.95,2489,93.7,7,6.15,Mahindra,Xylo D4,10,8500.0
Ahmedabad,2014,47000,Diesel,Manual,First,12.99,2494,100.6,7,11.25,Toyota,Innova 2.5 G (Diesel) 7 Seater,12,3916.6666666666665
Pune,2018,17585,Petrol,Automatic,First,19.16,2494,157.7,5,32.0,Toyota,Camry 2.5 Hybrid,8,2198.125
Coimbatore,2018,32496,Diesel,Automatic,First,13.22,2967,241.4,5,45.62,Audi,Q5 3.0 TDI Quattro,8,4062.0
Kochi,2017,34613,Diesel,Manual,First,28.4,1248,74.0,5,6.24,Maruti,Swift VDI,9,3845.8888888888887
Chennai,2015,153000,Diesel,Manual,First,20.77,1248,88.76,7,4.8,Maruti,Ertiga VDI Limited Edition,11,13909.09090909091
Chennai,2014,54000,Petrol,Manual,Second,16.1,1197,85.0,5,4.5,Maruti,Swift VXi BSIV,12,4500.0
Kochi,2015,16900,Petrol,Manual,First,20.36,1197,78.9,5,3.87,Hyundai,i10 Sportz,11,1536.3636363636363
Delhi,2013,62334,Petrol,Manual,First,20.36,1197,78.9,5,2.75,Hyundai,i10 Sportz,13,4794.923076923077
Kochi,2018,23714,Petrol,Manual,First,21.4,1197,83.1,5,6.57,Maruti,Baleno Sigma 1.2,8,2964.25
Jaipur,2010,52325,Petrol,Manual,First,16.36,1495,93.7,5,2.0,Hyundai,Accent Executive,16,3270.3125
Ahmedabad,2012,50000,Petrol,Manual,First,19.4,1198,86.8,5,3.65,Honda,Brio S MT,14,3571.4285714285716
Hyderabad,2016,55746,Diesel,Manual,First,22.9,1248,74.0,5,6.95,Maruti,Swift ZDi,10,5574.6
Bangalore,2014,54000,Petrol,Manual,First,20.14,1197,81.86,5,5.5,Hyundai,Xcent 1.2 VTVT S,12,4500.0
Kolkata,2013,43000,Diesel,Manual,First,16.0,2179,140.0,7,7.0,Mahindra,XUV500 W8 2WD,13,3307.6923076923076
Delhi,2014,40000,Diesel,Automatic,First,13.0,2143,201.1,5,24.0,Mercedes-Benz,E-Class E250 CDI Avantgrade,12,3333.3333333333335
Bangalore,2010,125000,Diesel,Automatic,Second,0.0,2179,115.0,5,11.0,Land,Rover Freelander 2 TD4 S,16,7812.5
Bangalore,2016,51944,Diesel,Automatic,First,19.27,2143,170.0,5,32.5,Mercedes-Benz,New C-Class C 220 CDI Avantgarde,10,5194.4
Kochi,2015,46950,Diesel,Manual,First,21.27,1396,88.76,5,6.45,Hyundai,i20 Asta 1.4 CRDi,11,4268.181818181818
Mumbai,2015,23000,Diesel,Automatic,First,19.3,1968,141.0,5,15.75,Skoda,Octavia Elegance 2.0 TDI AT,11,2090.909090909091
Mumbai,2014,54546,Petrol,Manual,First,17.0,1497,118.0,5,5.5,Honda,City 1.5 S MT,12,4545.5
Kochi,2015,51535,Diesel,Automatic,First,12.55,2982,168.5,7,19.03,Toyota,Fortuner 4x2 AT,11,4685.0
Kolkata,2013,45000,Diesel,Automatic,First,17.32,1968,184.0,5,15.25,Audi,Q3 2.0 TDI Quattro,13,3461.5384615384614
Hyderabad,2012,46004,Petrol,Manual,First,20.92,998,67.1,5,2.4,Maruti,Alto K10 2010-2014 VXI,14,3286.0
Chennai,2011,124000,Diesel,Manual,First,23.03,1396,69.0,5,2.3,Tata,Indigo eCS LX BSIV,15,8266.666666666666
Kochi,2014,77395,Diesel,Automatic,First,17.11,1968,174.33,5,14.35,Audi,A4 2.0 TDI 177 Bhp Premium Plus,12,6449.583333333333
Mumbai,2018,10600,CNG,Manual,First,33.44,796,40.3,4,3.5,Maruti,Alto 800 2016-2019 CNG LXI,8,1325.0
Kochi,2018,22974,Petrol,Automatic,First,18.0,1497,117.3,5,11.97,Honda,City i-VTEC CVT VX,8,2871.75
Jaipur,2009,89000,Petrol,Manual,Second,0.0,999,113.27689373297004,5,1.6,Hyundai,Santro GLS I - Euro II,17,5235.294117647059
Ahmedabad,2015,65012,Diesel,Manual,First,14.24,2755,174.5,7,18.9,Toyota,Fortuner 2.8 2WD MT,11,5910.181818181818
Ahmedabad,2017,17125,Petrol,Manual,First,18.9,1197,82.0,5,5.4,Hyundai,Grand i10 Sportz,9,1902.7777777777778
Hyderabad,2015,90413,Petrol,Manual,First,15.1,1196,73.0,7,2.95,Maruti,Eeco 7 Seater Standard,11,8219.363636363636
Bangalore,2013,37000,Petrol,Manual,First,16.47,1198,73.9,5,5.1,Volkswagen,Polo Petrol Highline 1.2L,13,2846.153846153846
Jaipur,2006,65000,Petrol,Manual,First,18.9,1061,67.0,5,1.5,Maruti,Wagon R LXI Minor,20,3250.0
Bangalore,2011,66000,Petrol,Manual,First,17.0,1497,118.0,5,4.9,Honda,City 1.5 V MT,15,4400.0
Mumbai,2010,86000,Petrol,Manual,First,14.8,1799,130.2,5,2.9,Honda,Civic 2010-2013 1.8 S MT,16,5375.0
Pune,2005,98437,Petrol,Manual,First,13.0,1493,100.0,5,1.15,Honda,City 1.5 EXI,21,4687.476190476191
Kolkata,2010,18000,Petrol,Manual,First,18.5,1197,80.0,5,2.3,Hyundai,i20 1.2 Magna,16,1125.0
Kochi,2018,35070,Diesel,Manual,First,24.0,1120,70.0,5,5.99,Hyundai,Grand i10 CRDi Sportz Celebration Edition,8,4383.75
Pune,2011,42000,Petrol,Automatic,Third,14.4,1598,103.6,5,3.4,Volkswagen,Vento Petrol Highline AT,15,2800.0
Kolkata,2009,40000,Petrol,Manual,First,20.36,1197,78.9,5,1.7,Hyundai,i10 Sportz 1.2,17,2352.9411764705883
Kolkata,2009,43000,Petrol,Manual,First,17.0,1197,80.0,5,1.99,Hyundai,i20 Asta,17,2529.4117647058824
Pune,2012,65000,Petrol,Manual,First,18.6,1199,79.4,5,2.5,Chevrolet,Beat LS,14,4642.857142857143
Hyderabad,2013,74000,Diesel,Manual,First,22.07,1199,73.9,5,4.85,Volkswagen,Polo Diesel Highline 1.2L,13,5692.307692307692
Hyderabad,2010,51192,Petrol,Manual,First,15.6,1196,70.0,5,2.65,Ford,Figo Petrol LXI,16,3199.5
Kochi,2014,14262,Petrol,Automatic,First,9.9,1984,207.8,2,27.35,Audi,TT 2.0 TFSI,12,1188.5
Jaipur,2015,66339,Diesel,Manual,Second,25.1,1498,98.6,5,6.9,Honda,City i DTEC VX,11,6030.818181818182
Hyderabad,2013,90200,Diesel,Manual,First,20.0,1399,68.05,5,3.5,Ford,Figo Diesel Titanium,13,6938.461538461538
Delhi,2015,57854,Diesel,Manual,First,12.99,2494,100.6,7,12.5,Toyota,Innova 2.5 ZX Diesel 7 Seater,11,5259.454545454545
Delhi,2017,32000,Petrol,Automatic,First,19.12,1373,91.1,5,9.2,Maruti,Ciaz 1.4 AT Alpha,9,3555.5555555555557
Mumbai,2015,29631,Petrol,Automatic,First,18.9,1197,82.0,5,4.9,Hyundai,Grand i10 AT Asta,11,2693.7272727272725
Kochi,2014,54173,Petrol,Manual,First,18.88,999,123.24,5,5.55,Ford,EcoSport 1.0 Ecoboost Titanium Plus BE,12,4514.416666666667
Ahmedabad,2014,50000,Petrol,Automatic,First,14.7,1798,177.6,5,13.5,Skoda,Octavia Ambition 1.8 TSI AT,12,4166.666666666667
Kolkata,2010,145000,Diesel,Manual,First,20.4,1248,91.7,5,2.6,Fiat,Linea Emotion (Diesel),16,9062.5
Jaipur,2015,78000,Petrol,Manual,First,16.1,1298,88.2,5,4.5,Maruti,Swift Lxi BSIII,11,7090.909090909091
Delhi,2013,65000,Diesel,Automatic,Second,11.8,2993,180.0,7,34.0,Land,Rover Discovery 4 TDV6 SE,13,5000.0
Hyderabad,2012,120000,Diesel,Manual,First,12.8,2494,102.0,7,12.0,Toyota,Innova 2.5 V Diesel 7-seater,14,8571.42857142857
Mumbai,2015,14000,Diesel,Manual,First,28.4,1248,74.0,5,5.25,Maruti,Swift LDI,11,1272.7272727272727
Kochi,2014,57456,Diesel,Automatic,First,17.68,1968,174.33,5,21.56,Audi,A6 2011-2015 2.0 TDI Premium Plus,12,4788.0
Coimbatore,2012,44450,Diesel,Automatic,First,22.48,1995,190.0,5,24.68,BMW,5 Series 520d Luxury Line,14,3175.0
Delhi,2013,63777,Petrol,Manual,First,18.5,1197,82.9,5,3.67,Hyundai,i20 Magna Optional 1.2,13,4905.923076923077
Mumbai,2016,31000,Diesel,Automatic,First,17.05,1995,190.0,5,29.5,BMW,X1 M Sport sDrive 20d,10,3100.0
Delhi,2012,60000,Petrol,Manual,First,17.6,1496,88.73,5,3.1,Toyota,Etios G,14,4285.714285714285
Ahmedabad,2015,78008,Diesel,Manual,First,17.0,1405,70.0,5,2.9,Tata,Indigo LX,11,7091.636363636364
Bangalore,2014,33000,Diesel,Automatic,Second,0.0,2987,165.0,5,43.0,Mercedes-Benz,M-Class ML 350 4Matic,12,2750.0
Mumbai,2009,27078,Petrol,Automatic,First,10.98,1984,114.4,4,15.95,Volkswagen,Beetle 2.0,17,1592.8235294117646
Hyderabad,2011,57275,Diesel,Manual,First,19.7,1598,103.6,5,4.5,Volkswagen,Polo GT TDI,15,3818.3333333333335
Delhi,2014,45000,Diesel,Manual,First,24.0,1120,70.0,5,3.49,Hyundai,Grand i10 CRDi Magna,12,3750.0
Delhi,2014,57319,Diesel,Manual,First,25.2,1248,74.0,5,4.25,Maruti,Swift VDI BSIV,12,4776.583333333333
Chennai,2008,121097,Diesel,Manual,Second,24.0,1396,88.76,5,1.9,Hyundai,Verna CRDi 1.4 E,18,6727.611111111111
Mumbai,2011,89000,Diesel,Automatic,First,16.73,1995,218.0,5,16.57,BMW,5 Series 2003-2012 525d,15,5933.333333333333
Bangalore,2012,72000,Petrol,Manual,First,17.0,1497,118.0,5,5.75,Honda,City 1.5 S MT,14,5142.857142857143
Delhi,2013,36000,Diesel,Automatic,Second,16.55,1968,147.51,5,14.0,Audi,A4 2.0 TDI,13,2769.230769230769
Jaipur,2013,86000,Diesel,Manual,Second,19.5,1248,75.0,5,2.5,Fiat,Linea Classic Plus 1.3 Multijet,13,6615.384615384615
Ahmedabad,2002,85000,Petrol,Manual,First,13.0,1343,90.0,5,1.2,Honda,City 1.3 EXI,24,3541.6666666666665
Pune,2005,120000,Petrol,Manual,Second,15.5,1242,113.27689373297004,5,0.85,Fiat,Petra 1.2 EL,21,5714.285714285715
Kochi,2013,37613,Diesel,Automatic,First,22.69,1995,190.0,5,13.95,BMW,3 Series 320d Luxury Line,13,2893.3076923076924
Chennai,2007,100000,Petrol,Manual,First,16.6,1388,68.0,5,1.6,Ford,Fiesta 1.4 Duratec EXI,19,5263.1578947368425
Coimbatore,2016,5240,Petrol,Automatic,First,21.9,624,37.48,4,3.6,Tata,Nano XTA,10,524.0
Mumbai,2018,20000,CNG,Manual,First,15.1,1196,73.0,5,4.5,Maruti,Eeco 5 STR With AC Plus HTR CNG,8,2500.0
Coimbatore,2019,16862,Petrol,Manual,First,20.89,1197,81.8,5,6.06,Maruti,Ignis 1.2 Delta,7,2408.8571428571427
Coimbatore,2013,59254,Petrol,Manual,Second,17.5,1298,85.8,5,5.29,Maruti,Swift Dzire ZXi,13,4558.0
Jaipur,2014,60000,Diesel,Manual,First,22.7,1498,89.84,5,5.75,Ford,Ecosport 1.5 DV5 MT Titanium,12,5000.0
Coimbatore,2014,47674,Petrol,Manual,First,19.1,1197,85.8,5,5.72,Maruti,Swift Dzire VXI,12,3972.8333333333335
Kochi,2014,61517,Petrol,Automatic,First,16.95,1197,78.9,5,4.39,Hyundai,i10 Sportz AT,12,5126.416666666667
Coimbatore,2016,62946,Diesel,Manual,First,15.1,2179,140.0,7,11.05,Mahindra,XUV500 W6 2WD,10,6294.6
Delhi,2015,66823,Diesel,Manual,Second,22.54,1396,88.73,5,4.83,Hyundai,i20 Magna 1.4 CRDi,11,6074.818181818182
Pune,2013,79494,CNG,Manual,First,33.54,998,67.04,5,2.96,Maruti,Wagon R CNG LXI,13,6114.923076923077
Chennai,2012,107000,Diesel,Manual,Second,21.27,1396,88.76,5,4.5,Hyundai,i20 Asta 1.4 CRDi,14,7642.857142857143
Mumbai,2011,55000,Diesel,Automatic,Second,16.46,2993,258.0,5,19.5,BMW,7 Series 730Ld,15,3666.6666666666665
Mumbai,2017,24000,Petrol,Automatic,First,14.3,1598,103.52,5,8.75,Skoda,Rapid 1.6 MPI AT Style Plus,9,2666.6666666666665
Mumbai,2016,20002,Diesel,Automatic,First,14.75,2967,245.0,7,67.0,Audi,Q7 45 TDI Quattro Technology,10,2000.2
Kochi,2016,54317,Petrol,Manual,First,17.4,1497,117.3,5,8.4,Honda,City i VTEC VX,10,5431.7
Mumbai,2016,10200,Petrol,Manual,First,19.1,1197,82.0,5,4.99,Hyundai,Xcent 1.2 Kappa SX,10,1020.0
Coimbatore,2016,24337,Diesel,Manual,First,26.0,1498,98.6,5,8.18,Honda,City i DTec E,10,2433.7
Pune,2012,79000,Petrol,Manual,First,18.4,1198,86.8,5,2.9,Honda,Brio S Option MT,14,5642.857142857143
Jaipur,2015,40500,Diesel,Manual,First,28.09,1248,88.5,5,7.1,Maruti,Ciaz ZDi Plus SHVS,11,3681.818181818182
Pune,2016,23000,Diesel,Manual,First,26.59,1248,74.0,5,7.05,Maruti,Swift Dzire VDI Optional,10,2300.0
Pune,2015,63050,Petrol,Automatic,First,11.1,2354,158.8,5,17.5,Honda,CR-V 2.4L 4WD AT,11,5731.818181818182
Mumbai,2008,78000,Petrol,Automatic,Second,14.53,1794,138.1,5,3.41,Toyota,Corolla Altis 2008-2013 1.8 VL AT,18,4333.333333333333
Pune,2005,70000,Petrol,Manual,First,0.0,1590,113.27689373297004,5,1.3,Maruti,Baleno Vxi,21,3333.3333333333335
Coimbatore,2012,66245,Petrol,Manual,First,17.0,1497,118.0,5,5.68,Honda,City 1.5 V MT,14,4731.785714285715
Bangalore,2007,74112,Diesel,Manual,First,12.05,2179,120.0,9,4.1,Mahindra,Scorpio LX BS IV,19,3900.6315789473683
Delhi,2011,87670,Petrol,Manual,First,13.4,1798,157.8,5,4.0,Skoda,Laura 1.8 TSI Ambiente,15,5844.666666666667
Hyderabad,2015,10000,Diesel,Automatic,First,18.88,1995,184.0,5,30.0,BMW,3 Series 320d Sport Line,11,909.0909090909091
Chennai,2007,62493,Petrol,Manual,First,15.0,1586,104.68,5,1.8,Maruti,SX4 Zxi BSIII,19,3289.1052631578946
Kochi,2015,44620,Petrol,Manual,First,20.73,1373,91.1,5,6.93,Maruti,Ciaz VXi Plus,11,4056.3636363636365
Bangalore,2012,66538,Diesel,Automatic,First,10.2,4367,308.0,7,70.0,Land,Rover Range Rover 3.6 TDV8 Vogue SE Diesel,14,4752.714285714285
Ahmedabad,2013,60000,Diesel,Manual,First,12.99,2494,100.0,7,7.9,Toyota,Innova 2.5 G (Diesel) 7 Seater BS IV,13,4615.384615384615
Kochi,2011,20842,Petrol,Manual,First,0.0,1086,62.0,5,2.78,Hyundai,Santro Xing GL,15,1389.4666666666667
Chennai,2014,110000,Diesel,Automatic,First,13.01,2199,194.3,7,14.4,Hyundai,Santa Fe 4WD AT,12,9166.666666666666
Mumbai,2011,45000,Petrol,Automatic,Second,11.74,1796,186.0,5,13.5,Mercedes-Benz,New C-Class C250 Avantgarde,15,3000.0
Mumbai,2014,40000,CNG,Manual,Second,26.6,998,58.16,5,3.15,Maruti,Wagon R LXI CNG,12,3333.3333333333335
Coimbatore,2012,49008,Petrol,Manual,First,19.7,796,46.3,5,2.88,Maruti,Alto LXi,14,3500.5714285714284
Kolkata,2016,31000,Petrol,Manual,First,24.7,796,47.3,5,2.15,Maruti,Alto 800 2016-2019 LXI,10,3100.0
Pune,2013,8000,Petrol,Manual,First,16.95,1498,97.7,5,3.75,Nissan,Sunny 2011-2014 XV,13,615.3846153846154
Mumbai,2019,171,Petrol,Manual,First,24.7,796,47.3,5,3.6,Maruti,Alto 800 2016-2019 VXI,7,24.428571428571427
Kolkata,2018,2100,Petrol,Manual,First,24.07,998,67.1,5,3.6,Maruti,Alto K10 VXI,8,262.5
Coimbatore,2018,20667,Petrol,Automatic,First,18.9,1197,81.86,5,7.55,Hyundai,Grand i10 1.2 Kappa Sportz AT,8,2583.375
Kolkata,2015,50000,Diesel,Manual,First,24.2,1498,98.6,7,4.7,Honda,Mobilio S i DTEC,11,4545.454545454545
Jaipur,2010,100030,Diesel,Manual,Second,18.8,1248,90.0,5,1.6,Tata,Manza Aqua Quadrajet,16,6251.875
Pune,2011,75372,Diesel,Manual,First,16.52,1991,123.7,5,3.34,Chevrolet,Optra Magnum 2.0 LT,15,5024.8
Kochi,2016,60475,Petrol,Automatic,First,18.0,1497,117.3,5,9.1,Honda,City i VTEC CVT VX,10,6047.5
Kochi,2019,18453,Petrol,Manual,First,18.9,1197,81.86,5,6.17,Hyundai,Grand i10 1.2 Kappa Sportz,7,2636.1428571428573
Hyderabad,2008,96578,Diesel,Manual,First,22.0,1582,126.2,5,2.5,Hyundai,Verna CRDi 1.6 SX,18,5365.444444444444
Kolkata,2016,31001,Petrol,Manual,First,18.44,1198,75.0,5,3.0,Nissan,Micra XL,10,3100.1
Jaipur,2012,65900,Diesel,Manual,First,22.32,1582,126.32,5,5.75,Hyundai,Verna 1.6 SX,14,4707.142857142857
Bangalore,2017,26246,Petrol,Manual,First,15.29,1591,121.3,5,10.75,Hyundai,Creta 1.6 VTVT E Plus,9,2916.222222222222
Jaipur,2013,62700,Petrol,Manual,Second,20.51,998,67.04,5,2.85,Maruti,Wagon R VXI BS IV,13,4823.076923076923
Chennai,2008,90000,Petrol,Automatic,First,10.2,2354,180.0,5,6.5,Honda,Accord 2.4 Elegance A/T,18,5000.0
Bangalore,2016,36000,Petrol,Automatic,First,16.8,1497,118.0,5,9.45,Honda,City 1.5 S AT,10,3600.0
Delhi,2016,46000,Diesel,Manual,First,27.39,1248,74.0,5,6.75,Maruti,Baleno Alpha 1.3,10,4600.0
Coimbatore,2017,73003,Diesel,Manual,First,26.0,1498,98.6,5,7.75,Honda,City i DTec V,9,8111.444444444444
Kochi,2014,46566,Diesel,Manual,First,22.54,1396,88.76,5,4.4,Hyundai,i20 Era 1.4 CRDi,12,3880.5
Jaipur,2015,41493,Diesel,Automatic,First,13.0,2987,265.0,5,42.0,Mercedes-Benz,E-Class 2015-2017 E350 Edition E,11,3772.090909090909
Kochi,2014,103788,Diesel,Manual,First,19.01,1461,108.5,5,5.67,Nissan,Terrano XV 110 PS,12,8649.0
Bangalore,2016,45000,Diesel,Automatic,First,19.6,1461,108.45,5,11.5,Renault,Duster 110PS Diesel RxZ AMT,10,4500.0
Pune,2009,120000,Petrol,Manual,First,18.9,998,67.1,5,1.69,Maruti,Wagon R LXI Minor,17,7058.823529411765
Jaipur,2009,97359,Diesel,Manual,Second,17.1,1493,110.0,5,1.8,Hyundai,Getz 1.5 CRDi GVS,17,5727.0
Mumbai,2016,62000,Petrol,Manual,First,18.5,1197,85.8,5,3.2,Maruti,Ritz LXi,10,6200.0
Kochi,2019,18373,Diesel,Automatic,First,22.48,1995,187.74,5,45.86,BMW,5 Series 520d Sport Line,7,2624.714285714286
Hyderabad,2016,60453,Petrol,Manual,First,16.47,1198,74.0,5,5.1,Volkswagen,Polo 1.2 MPI Highline,10,6045.3
Pune,2013,37000,Diesel,Manual,First,17.8,1248,113.27689373297004,5,4.85,Maruti,Swift VDI BSIV,13,2846.153846153846
Mumbai,2010,69009,Petrol,Manual,Second,15.6,1196,70.0,5,2.4,Ford,Figo Petrol ZXI,16,4313.0625
Hyderabad,2013,30000,Diesel,Automatic,First,18.88,1995,184.0,5,22.0,BMW,3 Series 320d Luxury Line,13,2307.6923076923076
Delhi,2012,70707,Diesel,Manual,First,22.32,1582,126.32,5,4.28,Hyundai,Verna 1.6 SX CRDi (O),14,5050.5
Coimbatore,2015,64677,Diesel,Manual,First,20.45,1461,83.8,5,5.67,Renault,Duster 85PS Diesel RxL,11,5879.727272727273
Bangalore,2018,3000,Petrol,Automatic,First,18.9,1197,81.86,5,6.2,Hyundai,Grand i10 1.2 Kappa Magna AT,8,375.0
Bangalore,2013,49000,Diesel,Automatic,Second,17.05,1995,184.0,5,14.49,BMW,X1 sDrive20d,13,3769.230769230769
Pune,2010,71000,Diesel,Manual,First,21.1,1248,73.9,5,3.0,Maruti,Ritz VDi,16,4437.5
Jaipur,2010,52000,Petrol,Manual,Second,19.81,1086,68.05,5,2.25,Hyundai,i10 Era 1.1 iTech SE,16,3250.0
Kochi,2016,35659,Diesel,Automatic,First,15.97,2993,258.0,7,43.78,BMW,X5 2014-2019 xDrive 30d Design Pure Experience 7 Seater,10,3565.9
Kochi,2019,5377,Petrol,Manual,First,16.8,1497,116.3,5,11.45,Honda,City V MT Exclusive,7,768.1428571428571
Delhi,2014,65000,Diesel,Automatic,First,11.18,2696,184.0,7,10.5,Mahindra,Ssangyong Rexton RX7,12,5416.666666666667
Coimbatore,2015,92708,Diesel,Manual,First,22.7,1498,89.84,5,7.48,Ford,Ecosport 1.5 DV5 MT Titanium Optional,11,8428.0
Coimbatore,2010,48105,Petrol,Manual,First,19.7,796,46.3,5,3.1,Maruti,Alto LXi,16,3006.5625
Mumbai,2011,46759,Petrol,Manual,First,16.47,1198,74.0,5,2.55,Volkswagen,Polo 1.2 MPI Highline,15,3117.266666666667
Jaipur,2013,62000,Diesel,Manual,First,22.07,1199,73.9,5,3.5,Volkswagen,Polo Diesel Comfortline 1.2L,13,4769.2307692307695
Kolkata,2012,35175,Diesel,Manual,First,22.07,1199,73.9,5,2.59,Volkswagen,Polo Diesel Highline 1.2L,14,2512.5
Kolkata,2013,70000,Diesel,Manual,First,20.77,1248,88.8,7,5.45,Maruti,Ertiga ZDI,13,5384.615384615385
Kolkata,2017,30000,Diesel,Manual,First,22.77,1498,98.59,5,6.0,Ford,EcoSport 1.5 TDCi Ambiente,9,3333.3333333333335
Kolkata,2016,66618,Diesel,Automatic,First,11.36,2755,171.5,7,15.49,Toyota,Innova Crysta 2.8 ZX AT,10,6661.8
Mumbai,2010,69300,Petrol,Automatic,Second,10.8,2497,150.0,5,12.5,BMW,5 Series 523i Sedan,16,4331.25
Kolkata,2017,148000,Diesel,Manual,First,23.4,1248,74.0,5,4.75,Maruti,Swift Dzire Tour LDI,9,16444.444444444445
Mumbai,2017,22000,Petrol,Manual,First,18.88,999,123.24,5,7.85,Ford,Ecosport 1.0 Ecoboost Platinum Edition,9,2444.4444444444443
Ahmedabad,2013,75000,Diesel,Manual,First,16.8,1493,110.0,5,6.0,Hyundai,Verna CRDi SX,13,5769.2307692307695
Mumbai,2016,43706,Petrol,Manual,First,17.57,1193,88.7,5,4.0,Tata,Zest Revotron 1.2T XM,10,4370.6
Mumbai,2011,42000,Diesel,Automatic,First,14.4,2967,241.4,5,28.75,Audi,A7 2011-2015 3.0 TDI Quattro,15,2800.0
Pune,2012,65000,Diesel,Manual,First,22.3,1248,74.0,5,2.5,Tata,Indica Vista Quadrajet VX,14,4642.857142857143
Delhi,2015,76128,Diesel,Manual,First,26.59,1248,74.0,5,5.5,Maruti,Swift Dzire VDI,11,6920.727272727273
Kolkata,2010,39852,Petrol,Manual,First,16.0,1368,90.0,5,1.59,Fiat,Linea Emotion,16,2490.75
Mumbai,2017,18673,Petrol,Manual,First,18.6,1197,81.83,5,6.22,Hyundai,i20 1.2 Spotz,9,2074.777777777778
Kolkata,2016,11583,Petrol,Manual,First,21.1,814,55.2,5,2.75,Hyundai,EON Era Plus,10,1158.3
Chennai,2007,82000,Petrol,Manual,Second,0.0,1086,113.27689373297004,5,1.35,Hyundai,Santro Xing XL,19,4315.789473684211
Pune,2017,50000,Diesel,Automatic,First,17.9,2143,136.0,5,25.0,Mercedes-Benz,GLA Class 200 CDI SPORT,9,5555.555555555556
Delhi,2014,77000,Petrol,Manual,First,23.1,998,67.04,5,2.8,Maruti,Celerio VXI,12,6416.666666666667
Mumbai,2014,54890,Petrol,Manual,Second,17.8,1199,76.8,5,2.45,Chevrolet,Beat LT,12,4574.166666666667
Pune,2016,21000,Petrol,Automatic,First,19.0,1199,88.7,5,6.35,Honda,Jazz 1.2 V AT i VTEC Privilege,10,2100.0
Mumbai,2009,58557,Diesel,Automatic,Third,16.07,1995,181.0,5,8.0,BMW,3 Series 320d Highline,17,3444.529411764706
Bangalore,2014,70000,Diesel,Manual,First,19.01,1461,108.45,5,8.25,Renault,Duster 110PS Diesel RxL,12,5833.333333333333
Mumbai,2017,16000,Petrol,Automatic,First,17.01,1499,110.4,5,5.95,Ford,Figo 2015-2019 1.5P Titanium AT,9,1777.7777777777778
Kochi,2018,8899,Diesel,Manual,First,13.68,2393,147.8,7,19.92,Toyota,Innova Crysta 2.4 VX MT,8,1112.375
Kochi,2016,83629,Diesel,Manual,First,25.44,936,56.3,5,3.15,Chevrolet,Beat Diesel LS,10,8362.9
Chennai,2014,35059,Petrol,Automatic,First,17.21,1798,189.0,4,5.75,Volkswagen,Polo GTI,12,2921.5833333333335
Kochi,2018,30552,Diesel,Automatic,First,10.91,3198,197.2,7,32.44,Ford,Endeavour 3.2 Trend AT 4X4,8,3819.0
Kochi,2016,44875,Diesel,Automatic,Second,22.32,1582,126.32,5,8.01,Hyundai,Verna 1.6 SX CRDI (O) AT,10,4487.5
Coimbatore,2017,25095,Petrol,Manual,First,18.16,1196,86.8,5,6.48,Ford,Figo 2015-2019 1.2P Titanium Opt MT,9,2788.3333333333335
Jaipur,2007,59000,Petrol,Manual,First,16.1,796,37.0,4,0.75,Maruti,800 AC,19,3105.2631578947367
Kolkata,2014,36000,Diesel,Manual,First,26.0,1498,98.6,5,5.0,Honda,City i DTEC V,12,3000.0
Mumbai,2012,37000,Diesel,Manual,First,16.0,2179,140.0,7,7.75,Mahindra,XUV500 W8 2WD,14,2642.8571428571427
Chennai,2010,90000,Diesel,Manual,First,20.0,1399,68.0,5,2.6,Ford,Figo Diesel ZXI,16,5625.0
Pune,2018,17000,Petrol,Manual,First,17.0,1497,121.36,5,9.2,Ford,EcoSport 1.5 Petrol Titanium,8,2125.0
Mumbai,2015,42575,Petrol,Manual,First,18.6,1197,81.83,5,5.05,Hyundai,i20 Asta 1.2,11,3870.4545454545455
Hyderabad,2012,131000,Diesel,Manual,First,12.99,2494,100.0,7,9.6,Toyota,Innova 2.5 G (Diesel) 7 Seater BS IV,14,9357.142857142857
Mumbai,2013,74000,Diesel,Manual,First,20.46,1461,83.8,5,5.5,Renault,Duster 85PS Diesel RxL Optional,13,5692.307692307692
Mumbai,2013,47234,Diesel,Manual,First,12.99,2494,100.6,8,9.35,Toyota,Innova 2.5 VX (Diesel) 8 Seater,13,3633.3846153846152
Delhi,2009,231673,Petrol,Manual,First,17.0,1497,118.0,5,2.6,Honda,City 1.5 S MT,17,13627.823529411764
Hyderabad,2016,10000,Petrol,Manual,First,24.07,998,67.1,5,3.5,Maruti,Alto K10 VXI,10,1000.0
Kochi,2016,49389,Petrol,Manual,First,19.49,1198,67.04,5,4.26,Nissan,Micra Active XL Petrol,10,4938.9
Chennai,2016,12000,Petrol,Automatic,Second,23.1,998,67.04,5,4.25,Maruti,Celerio VXI AT,10,1200.0
Hyderabad,2010,65000,Petrol,Manual,Second,11.7,1796,178.0,5,11.75,Mercedes-Benz,New C-Class 200 Kompressor,16,4062.5
Chennai,2013,177000,Diesel,Manual,First,23.5,1498,88.7,5,3.5,Ford,Fiesta Diesel Style,13,13615.384615384615
Jaipur,2015,89000,Petrol,Manual,First,17.01,1591,121.3,5,7.5,Hyundai,Verna 1.6 VTVT S,11,8090.909090909091
Chennai,2009,72000,Petrol,Automatic,Third,15.0,1396,100.0,5,3.25,Hyundai,i20 1.4 Asta (AT),17,4235.294117647059
Chennai,2012,49000,Petrol,Manual,First,17.5,1298,85.8,5,4.9,Maruti,Swift Dzire VXi,14,3500.0
Hyderabad,2014,51355,Diesel,Automatic,First,14.84,2143,170.0,5,27.0,Mercedes-Benz,New C-Class C 220CDIBE Avantgarde Command,12,4279.583333333333
Kochi,2017,13460,Petrol,Manual,First,18.6,1197,81.86,5,8.91,Hyundai,Elite i20 Petrol Asta,9,1495.5555555555557
Kochi,2014,35642,Petrol,Automatic,First,17.01,1591,121.4,5,6.69,Hyundai,Verna 1.6 VTVT EX AT,12,2970.1666666666665
Kochi,2014,52895,Diesel,Manual,First,17.3,1998,163.7,5,6.02,Chevrolet,Cruze LTZ,12,4407.916666666667
Mumbai,2010,93000,Petrol,Manual,First,14.28,1798,138.03,5,4.5,Toyota,Corolla Altis 1.8 G,16,5812.5
Pune,2011,70000,Petrol,Manual,First,19.0,998,66.1,5,2.0,Maruti,A-Star Vxi,15,4666.666666666667
Kolkata,2012,32048,Diesel,Manual,First,23.08,1461,63.1,5,2.4,Nissan,Micra Diesel XV Premium,14,2289.1428571428573
Pune,2013,4700,Petrol,Manual,First,25.4,624,37.48,4,1.2,Tata,Nano LX,13,361.53846153846155
Delhi,2014,71800,Diesel,Manual,First,23.4,1248,74.0,5,2.9,Maruti,Swift Dzire Tour LDI,12,5983.333333333333
Ahmedabad,2016,45000,Diesel,Automatic,First,17.32,1968,184.0,5,27.0,Audi,Q3 2.0 TDI Quattro,10,4500.0
Chennai,2016,15388,Diesel,Manual,First,25.8,1498,98.6,5,7.5,Honda,Amaze VX i-DTEC,10,1538.8
Mumbai,2004,98798,Petrol,Manual,First,14.7,1599,104.0,5,1.5,Chevrolet,Optra 1.6 LS,22,4490.818181818182
Hyderabad,2016,43000,Diesel,Automatic,First,14.16,1968,174.3,5,39.5,Audi,Q5 2.0 TDI Premium Plus,10,4300.0
Hyderabad,2012,85112,Diesel,Manual,First,23.2,1248,73.94,5,3.39,Maruti,Ritz VDi,14,6079.428571428572
Kochi,2018,37804,Diesel,Manual,First,15.4,2179,120.0,7,12.4,Mahindra,Scorpio S6 7 Seater,8,4725.5
Chennai,2014,45000,Diesel,Manual,First,28.09,1248,88.5,5,6.85,Maruti,Ciaz ZDi SHVS,12,3750.0
Pune,2011,116000,Diesel,Manual,Second,21.43,1364,138.0,5,5.75,Toyota,Corolla Altis Aero D 4D J,15,7733.333333333333
Chennai,2015,100073,Diesel,Manual,Second,25.0,1396,69.0,5,2.0,Tata,Indica V2 eLS,11,9097.545454545454
Jaipur,2006,165000,Petrol,Manual,First,16.1,796,37.0,4,0.9,Maruti,800 Std BSIII,20,8250.0
Kolkata,2015,22000,Petrol,Manual,First,16.47,1198,74.0,5,3.8,Volkswagen,Polo 1.2 MPI Highline,11,2000.0
Delhi,2017,9500,Petrol,Automatic,First,14.62,1999,149.92,5,16.35,Hyundai,Elantra 2.0 SX Option AT,9,1055.5555555555557
Hyderabad,2012,152000,Diesel,Automatic,First,11.5,2982,169.0,7,16.5,Toyota,Fortuner 4x2 4 Speed AT,14,10857.142857142857
Coimbatore,2019,17705,Petrol,Manual,First,21.4,1197,83.1,5,8.7,Maruti,Baleno Zeta 1.2,7,2529.285714285714
Mumbai,2016,12000,Petrol,Manual,First,21.4,1197,83.1,5,6.1,Maruti,Baleno Zeta 1.2,10,1200.0
Hyderabad,2013,51000,Diesel,Automatic,First,23.8,1998,112.0,5,21.94,Mini,Cooper Countryman D,13,3923.076923076923
Chennai,2009,42000,Diesel,Automatic,Second,13.0,2987,210.0,5,22.0,Mercedes-Benz,S Class 2005 2013 320 CDI,17,2470.5882352941176
Delhi,2015,51000,Petrol,Manual,First,20.92,998,67.1,5,2.65,Maruti,Alto K10 LXI,11,4636.363636363636
Kochi,2017,42527,Petrol,Manual,First,20.4,1197,81.8,5,5.27,Maruti,Swift VXI Optional,9,4725.222222222223
Kolkata,2014,45000,Diesel,Manual,First,22.1,1248,74.0,5,2.48,Chevrolet,Sail LT ABS,12,3750.0
Kolkata,2011,70000,Diesel,Manual,First,12.8,2494,102.0,8,6.0,Toyota,Innova 2.5 G (Diesel) 8 Seater BS IV,15,4666.666666666667
Mumbai,2009,92000,Diesel,Manual,First,11.5,2982,171.0,7,8.9,Toyota,Fortuner 3.0 Diesel,17,5411.764705882353
Hyderabad,2012,57156,Diesel,Automatic,Second,18.88,1995,184.0,5,18.0,BMW,3 Series 320d Sport Line,14,4082.5714285714284
Coimbatore,2016,53211,Petrol,Manual,First,16.8,1395,138.02,5,11.64,Skoda,Octavia Ambition 1.4 TSI MT,10,5321.1
Kolkata,2019,80000,Diesel,Manual,First,11.5,2982,171.0,7,8.99,Toyota,Fortuner 3.0 Diesel,7,11428.57142857143
Bangalore,2009,74000,Diesel,Automatic,First,15.5,1896,105.0,5,5.25,Volkswagen,Jetta 2007-2011 1.9 Highline TDI,17,4352.941176470588
Kolkata,2011,37000,Diesel,Manual,First,23.0,1396,90.0,5,2.95,Hyundai,i20 1.4 CRDi Asta,15,2466.6666666666665
Mumbai,2013,64000,Diesel,Manual,Second,21.02,1248,88.76,5,2.65,Tata,Manza Club Class Quadrajet90 LX,13,4923.076923076923
Pune,2013,57197,Petrol,Manual,First,15.04,1598,103.6,5,4.0,Volkswagen,Vento Petrol Highline,13,4399.7692307692305
Chennai,2016,55000,Diesel,Automatic,First,17.6,1582,126.2,5,12.5,Hyundai,Creta 1.6 SX Automatic Diesel,10,5500.0
Mumbai,2014,33000,Petrol,Manual,First,21.1,1197,85.8,5,3.25,Maruti,Ritz VXI,12,2750.0
Delhi,2008,70000,Petrol,Manual,First,13.1,1997,141.1,5,4.0,Honda,CR-V 2.0L 2WD MT,18,3888.8888888888887
Delhi,2012,75000,Diesel,Manual,Second,15.1,2179,140.0,7,6.25,Mahindra,XUV500 W8 2WD,14,5357.142857142857
Jaipur,2016,58095,Diesel,Manual,First,21.66,1498,108.62,5,5.8,Volkswagen,Ameo 1.5 TDI Comfortline,10,5809.5
Kolkata,2015,7445,Petrol,Manual,First,17.57,1193,88.7,5,5.0,Tata,Zest Revotron 1.2 XT,11,676.8181818181819
Kochi,2016,17652,Diesel,Automatic,First,12.9,2993,270.88,5,58.73,Jaguar,XJ 3.0L Portfolio LWB,10,1765.2
Kochi,2018,28321,Petrol,Automatic,First,14.28,1798,138.03,5,17.49,Toyota,Corolla Altis 1.8 VL CVT,8,3540.125
Pune,2011,69000,Petrol,Manual,Second,19.0,998,66.1,5,1.95,Maruti,A-Star Vxi,15,4600.0
Mumbai,2007,80000,Petrol,Automatic,First,11.1,2354,142.0,5,3.0,Honda,Accord VTi-L (AT),19,4210.526315789473
Delhi,2014,42365,Petrol,Manual,First,17.0,1197,80.0,5,5.5,Hyundai,i20 Asta (o),12,3530.4166666666665
Delhi,2013,123000,Diesel,Automatic,First,12.55,2982,168.5,7,16.5,Toyota,Fortuner 4x2 AT,13,9461.538461538461
Mumbai,2011,40000,Petrol,Automatic,Second,11.74,1796,186.0,5,14.5,Mercedes-Benz,New C-Class C 200 CGI Avantgarde,15,2666.6666666666665
Hyderabad,2016,30112,Diesel,Manual,First,27.39,1248,74.0,5,7.79,Maruti,Baleno Alpha 1.3,10,3011.2
Kochi,2017,43775,Diesel,Manual,First,20.77,1248,88.76,7,8.27,Maruti,Ertiga VDI,9,4863.888888888889
Kochi,2019,26013,Diesel,Automatic,First,12.65,2993,255.0,5,97.07,Land,Rover Range Rover Sport SE,7,3716.1428571428573
Mumbai,2012,56000,Petrol,Manual,First,12.9,1598,102.5,5,2.15,Chevrolet,Optra Magnum 1.6 LT ABS BS3,14,4000.0
Hyderabad,2008,95000,Petrol,Automatic,Second,12.9,1799,130.0,5,3.0,Honda,Civic 2006-2010 1.8 V AT,18,5277.777777777777
Coimbatore,2014,41089,Diesel,Automatic,First,16.09,1995,184.0,5,28.79,BMW,X3 xDrive20d,12,3424.0833333333335
Mumbai,2011,41988,Diesel,Automatic,First,20.0,1968,138.1,5,5.45,Skoda,Laura Ambition 2.0 TDI CR AT,15,2799.2
Delhi,2013,72486,Diesel,Manual,First,23.4,1248,74.0,5,3.95,Maruti,Swift Dzire VDI,13,5575.846153846154
Pune,2013,92000,Diesel,Automatic,First,23.3,1984,150.0,5,16.0,Volvo,V40 Cross Country D3,13,7076.923076923077
Delhi,2013,40000,Petrol,Manual,First,17.5,1298,85.8,5,4.25,Maruti,Swift Dzire ZXi,13,3076.923076923077
Bangalore,2014,56000,Diesel,Automatic,First,12.7,2179,187.7,5,34.5,Land,Rover Range Rover 2.2L Pure,12,4666.666666666667
Mumbai,2008,125000,Petrol,Automatic,Third,11.7,2354,177.6,5,2.6,Honda,Accord 2.4 AT,18,6944.444444444444
Kochi,2017,29219,Diesel,Manual,First,12.99,2494,100.6,8,13.48,Toyota,Innova 2.5 G (Diesel) 8 Seater,9,3246.5555555555557
Hyderabad,2018,39927,Diesel,Manual,First,12.55,2982,168.5,7,32.1,Toyota,Fortuner 4x4 MT,8,4990.875
Kochi,2018,38593,Petrol,Manual,First,18.7,1199,88.7,5,6.17,Honda,Jazz 1.2 E i VTEC,8,4824.125
Kolkata,2015,32000,Petrol,Manual,First,17.0,1497,118.0,5,5.5,Honda,City 1.5 V MT,11,2909.090909090909
Hyderabad,2017,28226,Diesel,Automatic,First,28.4,1248,73.75,5,9.15,Maruti,Dzire AMT ZDI Plus,9,3136.222222222222
Pune,2014,95000,Diesel,Manual,First,21.64,1461,84.8,5,4.5,Nissan,Sunny 2011-2014 Diesel XL,12,7916.666666666667
Chennai,2014,194000,Diesel,Manual,First,12.99,2494,100.6,8,10.5,Toyota,Innova 2.5 G (Diesel) 8 Seater,12,16166.666666666666
Coimbatore,2016,14821,Petrol,Manual,First,19.4,1198,86.8,5,5.37,Honda,Brio S MT,10,1482.1
Bangalore,2012,52000,Petrol,Manual,First,15.04,1598,103.6,5,5.45,Volkswagen,Vento Petrol Trendline,14,3714.285714285714
Mumbai,2016,33000,Diesel,Manual,First,16.0,2179,140.0,7,9.25,Mahindra,XUV500 W4,10,3300.0
Chennai,2016,29200,Diesel,Manual,First,23.0,1498,98.96,5,7.7,Ford,EcoSport 1.5 Diesel Titanium Plus,10,2920.0
Hyderabad,2012,99754,Diesel,Manual,First,17.72,1968,108.49,5,7.99,Skoda,Yeti Ambition 4X2,14,7125.285714285715
Chennai,2012,49000,Petrol,Manual,First,20.36,1197,78.9,5,3.0,Hyundai,i10 Sportz,14,3500.0
Hyderabad,2005,299322,Diesel,Manual,First,12.8,2494,102.0,8,4.0,Toyota,Innova 2.5 G (Diesel) 8 Seater BS IV,21,14253.42857142857
Coimbatore,2018,38310,Diesel,Manual,First,20.65,1248,88.7,5,6.69,Tata,Zest Quadrajet 1.3 XT,8,4788.75
Delhi,2014,56000,Diesel,Manual,First,22.9,1248,74.0,5,4.25,Maruti,Swift VDI,12,4666.666666666667
Kolkata,2017,31300,Diesel,Automatic,First,21.72,1498,108.4,5,10.5,Skoda,Rapid 1.5 TDI AT Style,9,3477.777777777778
Coimbatore,2019,11241,Diesel,Manual,First,13.68,2393,147.8,8,22.55,Toyota,Innova Crysta 2.4 VX MT 8S,7,1605.857142857143
Pune,2014,48000,Petrol,Manual,Second,17.01,1591,121.3,5,5.2,Hyundai,Verna 1.6 SX VTVT,12,4000.0
Coimbatore,2019,23882,Petrol,Manual,First,17.4,1497,117.3,5,11.87,Honda,City i VTEC VX Option,7,3411.714285714286
Hyderabad,2014,65000,Diesel,Manual,First,26.0,1498,98.6,5,6.99,Honda,City i DTEC SV,12,5416.666666666667
Jaipur,2011,50000,Diesel,Manual,First,20.54,1598,103.6,5,5.0,Volkswagen,Vento Diesel Highline,15,3333.3333333333335
Chennai,2014,25000,Diesel,Automatic,First,12.19,2967,236.0,5,44.0,Audi,Q5 2008-2012 3.0 TDI,12,2083.3333333333335
Chennai,2015,21000,Petrol,Manual,First,22.74,796,47.3,5,2.79,Maruti,Alto 800 LXI,11,1909.090909090909
Pune,2012,148000,Diesel,Manual,Second,21.12,1248,88.8,5,2.9,Tata,Manza ELAN Quadrajet BS IV,14,10571.42857142857
Delhi,2016,68000,Petrol,Manual,First,15.29,1591,121.3,5,9.85,Hyundai,Creta 1.6 SX Plus Dual Tone Petrol,10,6800.0
Bangalore,2014,52000,Diesel,Automatic,First,12.0,2987,224.0,7,49.0,Mercedes-Benz,GL-Class 2007 2012 350 CDI Luxury,12,4333.333333333333
Jaipur,2016,19000,Diesel,Manual,First,16.55,2498,105.0,6,9.25,Mahindra,Thar CRDe,10,1900.0
Mumbai,2011,74000,Diesel,Manual,Second,22.32,1582,126.3,5,3.75,Hyundai,Verna 1.6 CRDI,15,4933.333333333333
Coimbatore,2017,30279,Diesel,Manual,First,26.1,1498,99.0,5,7.29,Ford,Aspire Titanium Diesel,9,3364.3333333333335
Mumbai,2016,20000,Diesel,Automatic,First,20.7,1496,113.98,4,23.5,Mini,Cooper 3 DOOR D,10,2000.0
Hyderabad,2013,34834,Petrol,Manual,First,14.0,796,35.0,5,2.6,Maruti,Omni 8 Seater BSIV,13,2679.5384615384614
Pune,2015,90000,Diesel,Manual,Second,21.03,1461,65.0,5,3.1,Mahindra,Verito 1.5 D4 BSIV,11,8181.818181818182
Coimbatore,2016,38730,Diesel,Automatic,First,14.21,2143,203.0,5,29.98,Mercedes-Benz,E-Class 2009-2013 E250 CDI Elegance,10,3873.0
Kochi,2016,57390,Diesel,Manual,First,19.01,1461,108.45,5,6.73,Renault,Duster 110PS Diesel RxZ,10,5739.0
Kolkata,2016,100000,Diesel,Manual,First,23.4,1248,74.0,5,3.5,Maruti,Swift Dzire Tour LDI,10,10000.0
Kolkata,2011,50000,Petrol,Manual,First,16.47,1198,73.9,5,2.35,Volkswagen,Polo Petrol Highline 1.2L,15,3333.3333333333335
Coimbatore,2017,64961,Diesel,Manual,First,16.0,2179,140.0,7,16.13,Mahindra,XUV500 W10 2WD,9,7217.888888888889
Coimbatore,2014,72465,Petrol,Manual,First,16.47,1198,74.0,5,5.9,Volkswagen,Polo 1.2 MPI Highline,12,6038.75
Hyderabad,2012,68776,Petrol,Manual,First,21.1,1197,85.8,5,3.9,Maruti,Ritz VXI,14,4912.571428571428
Pune,2005,150000,Petrol,Manual,First,14.7,1598,113.27689373297004,5,1.5,Chevrolet,Optra 1.6 Elite,21,7142.857142857143
Delhi,2012,68000,Diesel,Manual,First,12.8,2494,102.0,7,6.95,Toyota,Innova 2.5 GX 7 STR BSIV,14,4857.142857142857
Delhi,2015,33000,Diesel,Manual,First,26.0,1498,98.6,5,7.0,Honda,City i DTec SV,11,3000.0
Coimbatore,2017,22389,Petrol,Manual,First,17.0,1198,73.75,5,7.23,Volkswagen,Ameo 1.2 MPI Highline,9,2487.6666666666665
Mumbai,2012,90000,Diesel,Manual,First,21.5,1248,88.8,5,3.81,Maruti,SX4 ZDI Leather,14,6428.571428571428
Chennai,2012,42000,Petrol,Manual,Third,18.6,1197,85.8,5,4.5,Maruti,Swift ZXI,14,3000.0
Pune,2017,38767,Diesel,Manual,First,19.67,1582,126.2,5,12.6,Hyundai,Creta 1.6 CRDi SX,9,4307.444444444444
Bangalore,2015,21000,Diesel,Automatic,First,12.07,2967,241.4,7,48.0,Audi,Q7 35 TDI Quattro Technology,11,1909.090909090909
Coimbatore,2010,59136,Petrol,Manual,First,19.7,796,46.3,5,2.96,Maruti,Alto LXi BSIII,16,3696.0
Kolkata,2014,36000,Diesel,Manual,First,25.8,1498,98.6,5,3.25,Honda,Amaze SX i-DTEC,12,3000.0
Chennai,2011,95000,Diesel,Automatic,Second,18.33,1968,167.7,5,8.5,Volkswagen,Passat Diesel Highline 2.0 TDI,15,6333.333333333333
Mumbai,2013,51000,Diesel,Automatic,First,19.5,1582,126.24,5,8.75,Hyundai,Elantra CRDi SX AT,13,3923.076923076923
Kochi,2011,36411,Petrol,Manual,First,18.9,998,67.1,5,3.08,Maruti,Wagon R VXI BS IV,15,2427.4
Mumbai,2017,40000,Diesel,Automatic,First,12.81,1999,148.31,7,41.5,Land,Rover Discovery Sport TD4 HSE 7S,9,4444.444444444444
Pune,2016,27300,Petrol,Manual,First,17.8,1497,117.3,5,7.0,Honda,City i VTEC SV,10,2730.0
Kochi,2011,29813,Petrol,Automatic,Second,14.74,1991,181.03,5,11.5,Mercedes-Benz,New C-Class C 200 Avantgarde Edition C,15,1987.5333333333333
Pune,2011,71000,Petrol,Manual,First,20.51,998,67.04,5,2.6,Maruti,Wagon R LX BS IV,15,4733.333333333333
Kolkata,2014,32000,Diesel,Manual,First,22.32,1582,126.3,5,4.3,Hyundai,Verna 1.6 CRDI,12,2666.6666666666665
Mumbai,2017,19234,CNG,Manual,First,17.5,1373,80.46,7,8.35,Maruti,Ertiga VXI CNG,9,2137.1111111111113
Jaipur,2017,50510,Diesel,Automatic,First,17.06,1968,141.0,5,24.9,Volkswagen,Tiguan 2.0 TDI Highline,9,5612.222222222223
Pune,2011,102000,Diesel,Automatic,First,15.06,1995,177.0,5,13.75,BMW,X1 sDrive 20d Exclusive,15,6800.0
Kolkata,2014,42277,Diesel,Manual,First,24.0,1186,73.97,5,3.85,Hyundai,Grand i10 1.2 CRDi Sportz Option,12,3523.0833333333335
Mumbai,2014,46000,Diesel,Automatic,First,13.0,2143,201.1,5,23.25,Mercedes-Benz,E-Class E250 CDI Avantgrade,12,3833.3333333333335
Chennai,2012,35000,Diesel,Manual,First,13.6,2523,113.27689373297004,7,7.0,Mahindra,Bolero ZLX,14,2500.0
Bangalore,2015,50000,Petrol,Manual,First,18.9,1197,82.0,5,5.75,Hyundai,Grand i10 Asta Option,11,4545.454545454545
Mumbai,2008,62000,Petrol,Manual,Second,20.36,1197,78.9,5,1.65,Hyundai,i10 Magna 1.2,18,3444.4444444444443
Mumbai,2012,78000,Diesel,Manual,First,19.33,1968,138.1,5,6.5,Volkswagen,Jetta 2012-2014 2.0L TDI Comfortline,14,5571.428571428572
Chennai,2011,79000,Diesel,Manual,First,17.67,1968,138.08,5,7.5,Skoda,Yeti Elegance,15,5266.666666666667
Kochi,2019,6773,Diesel,Automatic,First,14.75,2967,245.0,7,72.94,Audi,Q7 45 TDI Quattro Premium Plus,7,967.5714285714286
Chennai,2010,135000,Diesel,Manual,Second,11.5,2982,171.0,7,11.0,Toyota,Fortuner 3.0 Diesel,16,8437.5
Kochi,2013,36716,Petrol,Manual,First,18.9,1061,67.0,5,3.02,Maruti,Wagon R VXI Minor ABS,13,2824.3076923076924
Coimbatore,2013,65060,Petrol,Manual,First,21.1,814,55.2,5,3.32,Hyundai,EON Era,13,5004.615384615385
Delhi,2013,33000,Petrol,Manual,First,19.4,1198,86.8,5,3.24,Honda,Brio S MT,13,2538.4615384615386
Kolkata,2015,11110,Petrol,Manual,First,22.74,796,47.3,5,2.35,Maruti,Alto 800 VXI,11,1010.0
Jaipur,2013,63000,Diesel,Manual,First,15.96,2523,62.1,7,5.5,Mahindra,Bolero ZLX,13,4846.153846153846
Mumbai,2015,27030,Petrol,Manual,First,17.8,1497,117.3,5,6.75,Honda,City i VTEC SV,11,2457.2727272727275
Mumbai,2015,19600,Petrol,Manual,First,15.0,1598,103.52,5,6.15,Skoda,Rapid 1.6 MPI Elegance Black Package,11,1781.8181818181818
Pune,2016,27755,Petrol,Manual,First,22.0,1197,81.8,5,5.45,Maruti,Swift VVT VXI,10,2775.5
Hyderabad,2013,20000,Petrol,Manual,Second,21.1,814,55.2,5,2.3,Hyundai,EON Magna Plus,13,1538.4615384615386
Kochi,2015,24782,Petrol,Manual,First,20.85,1197,83.14,5,6.21,Maruti,Swift Dzire ZXI,11,2252.909090909091
Coimbatore,2014,47303,Petrol,Automatic,First,19.34,1198,76.0,5,5.21,Nissan,Micra XV CVT,12,3941.9166666666665
Delhi,2008,71000,Petrol,Automatic,First,8.3,4134,250.0,7,11.99,Audi,Q7 4.2 FSI quattro,18,3944.4444444444443
Pune,2010,135000,Diesel,Manual,First,17.8,1248,75.0,5,3.1,Maruti,Swift Vdi BSIII,16,8437.5
Jaipur,2017,1000,Diesel,Manual,First,13.49,2179,138.03,5,7.5,Tata,Xenon XT EX 4X2,9,111.11111111111111
Kolkata,2016,29000,Diesel,Manual,First,20.14,1498,88.8,5,4.0,Volkswagen,Polo 1.5 TDI Comfortline,10,2900.0
Kochi,2016,36367,Petrol,Manual,First,17.8,1497,117.3,5,7.73,Honda,City i VTEC SV,10,3636.7
Bangalore,2015,38000,Petrol,Manual,First,17.4,1497,117.3,5,7.8,Honda,City i VTEC V,11,3454.5454545454545
Hyderabad,2011,83969,Petrol,Manual,First,16.1,796,37.0,4,1.3,Maruti,800 AC BSIII,15,5597.933333333333
Jaipur,2014,82621,Diesel,Manual,First,20.14,1498,88.8,5,4.42,Volkswagen,Polo 1.5 TDI Trendline,12,6885.083333333333
Pune,2009,89000,Diesel,Automatic,First,12.5,1991,147.9,7,4.0,Chevrolet,Captiva LTZ VCDi,17,5235.294117647059
Kolkata,2016,54000,Diesel,Manual,First,16.0,2179,140.0,7,13.0,Mahindra,XUV500 W10 2WD,10,5400.0
Kochi,2015,61691,Diesel,Manual,First,25.8,1498,98.6,5,5.38,Honda,Amaze VX i-DTEC,11,5608.272727272727
Chennai,2011,32200,Petrol,Manual,Second,17.0,1197,80.0,5,3.25,Hyundai,i20 1.2 Sportz Option,15,2146.6666666666665
Jaipur,2016,68630,Petrol,Automatic,First,20.51,998,67.0,5,3.87,Maruti,Wagon R AMT VXI,10,6863.0
Mumbai,2014,61000,Diesel,Automatic,Second,16.96,1968,138.03,5,8.25,Volkswagen,Jetta 2013-2015 2.0L TDI Highline AT,12,5083.333333333333
Mumbai,2018,32644,Petrol,Manual,First,20.73,1373,91.1,5,9.28,Maruti,Ciaz 1.4 Zeta,8,4080.5
Delhi,2012,85000,Diesel,Automatic,First,11.79,2179,120.0,7,6.25,Mahindra,Scorpio 2009-2014 VLX 4WD AT 7S BSIV,14,6071.428571428572
Mumbai,2008,75000,Petrol,Manual,Second,15.26,1150,74.9,5,1.15,Chevrolet,Aveo U-VA 1.2 LS,18,4166.666666666667
Kochi,2016,40347,Petrol,Manual,First,20.73,1373,91.2,5,7.8,Maruti,Ciaz ZXi Option,10,4034.7
Hyderabad,2012,60788,Diesel,Manual,First,23.0,1396,90.0,5,4.5,Hyundai,i20 1.4 CRDi Asta,14,4342.0
Kochi,2018,18664,Petrol,Manual,First,18.7,1199,88.7,5,7.56,Honda,Jazz 1.2 SV i VTEC,8,2333.0
Coimbatore,2017,57847,Diesel,Manual,First,16.0,2179,140.0,7,16.08,Mahindra,XUV500 W10 2WD,9,6427.444444444444
Bangalore,2012,52237,Petrol,Manual,First,17.0,1197,80.0,5,4.5,Hyundai,i20 1.2 Sportz,14,3731.214285714286
Chennai,2012,128000,Diesel,Manual,First,22.32,1582,126.32,5,5.0,Hyundai,Verna 1.6 SX,14,9142.857142857143
Delhi,2011,54000,Petrol,Manual,First,19.81,1086,68.05,5,2.2,Hyundai,i10 Era 1.1,15,3600.0
Bangalore,2014,49800,Petrol,Automatic,First,23.1,998,67.04,5,4.0,Maruti,Celerio VXI AT,12,4150.0
Kolkata,2012,98000,Diesel,Manual,First,20.86,1199,73.9,5,2.51,Skoda,Fabia 1.2 TDI Ambition,14,7000.0
Delhi,2015,60095,Diesel,Manual,First,25.2,1248,74.0,5,4.75,Maruti,Swift VDI BSIV,11,5463.181818181818
Pune,2008,68000,Petrol,Manual,Second,16.0,1086,66.7,5,2.0,Hyundai,i10 Magna(O) with Sun Roof,18,3777.777777777778
Jaipur,2010,81402,Petrol,Manual,Second,20.36,1197,78.9,5,2.1,Hyundai,i10 Magna 1.2,16,5087.625
Mumbai,2013,38000,Petrol,Automatic,First,16.5,1499,110.0,5,6.25,Ford,Ecosport 1.5 Ti VCT AT Titanium,13,2923.076923076923
Kochi,2011,92239,Diesel,Automatic,Second,11.5,2987,210.0,5,10.6,Mercedes-Benz,E-Class 2009-2013 E350 CDI Avantgarde,15,6149.266666666666
Ahmedabad,2017,49224,Diesel,Manual,First,25.2,1248,74.0,5,6.0,Maruti,Swift VDI BSIV,9,5469.333333333333
Jaipur,2004,12000,Petrol,Manual,Second,16.1,796,37.0,4,0.45,Maruti,800 Std BSIII,22,545.4545454545455
Pune,2010,54898,Petrol,Manual,Third,16.1,1298,88.2,5,2.5,Maruti,Swift Lxi BSIII,16,3431.125
Mumbai,2018,2500,Petrol,Manual,First,15.29,1591,121.3,5,12.75,Hyundai,Creta 1.6 SX Plus Dual Tone Petrol,8,312.5
Kochi,2017,32838,Diesel,Automatic,First,17.05,1995,190.0,5,30.29,BMW,X1 M Sport sDrive 20d,9,3648.6666666666665
Hyderabad,2006,27076,Petrol,Manual,First,13.8,1299,70.0,5,1.6,Ford,Ikon 1.3 Flair,20,1353.8
Kochi,2017,75445,Diesel,Manual,First,22.7,1498,89.84,5,7.54,Ford,Ecosport 1.5 DV5 MT Titanium Optional,9,8382.777777777777
Kochi,2015,46601,Petrol,Manual,First,20.73,1373,91.1,5,6.84,Maruti,Ciaz VXi Plus,11,4236.454545454545
Kolkata,2012,72000,Diesel,Automatic,First,18.33,1968,167.7,5,6.0,Volkswagen,Passat Diesel Highline 2.0 TDI,14,5142.857142857143
Pune,2017,27000,Diesel,Manual,First,27.3,1498,98.6,5,8.0,Honda,Jazz 1.5 VX i DTEC,9,3000.0
Coimbatore,2016,68193,Diesel,Automatic,First,17.11,1968,174.33,5,24.74,Audi,A4 35 TDI Premium,10,6819.3
Kochi,2017,34429,Diesel,Manual,First,24.0,1120,70.0,5,5.5,Hyundai,Grand i10 CRDi Sportz Celebration Edition,9,3825.4444444444443
Delhi,2013,46000,Diesel,Automatic,First,12.0,2987,224.0,7,36.0,Mercedes-Benz,GL-Class 2007 2012 350 CDI Luxury,13,3538.4615384615386
Coimbatore,2013,80544,Diesel,Manual,First,12.99,2494,100.6,7,11.79,Toyota,Innova 2.5 G (Diesel) 7 Seater,13,6195.692307692308
Jaipur,2011,42000,Petrol,Manual,Second,16.95,1498,97.7,5,3.0,Nissan,Sunny 2011-2014 XL,15,2800.0
Bangalore,2011,94821,Diesel,Automatic,Second,20.0,1968,138.1,5,6.75,Skoda,Laura Ambiente 2.0 TDI CR AT,15,6321.4
Jaipur,2006,100000,Petrol,Manual,First,14.49,1399,92.7,5,1.4,Chevrolet,Aveo 1.4 LS,20,5000.0
Mumbai,2014,57000,Diesel,Manual,First,24.2,1498,98.6,7,5.75,Honda,Mobilio V i DTEC,12,4750.0
Hyderabad,2010,79894,Diesel,Manual,First,21.1,1248,73.9,5,3.4,Maruti,Ritz VDi,16,4993.375
Coimbatore,2011,44748,Petrol,Manual,Second,16.47,1198,73.9,5,4.89,Volkswagen,Polo Petrol Highline 1.2L,15,2983.2
Mumbai,2013,31000,Petrol,Manual,First,13.24,1598,102.5,5,4.95,Nissan,Terrano XL,13,2384.6153846153848
Coimbatore,2013,60587,Petrol,Automatic,Second,16.98,998,66.1,5,3.49,Maruti,A-Star AT Vxi Aktiv,13,4660.538461538462
Pune,2011,32000,Diesel,Manual,First,23.59,1364,113.27689373297004,5,3.85,Toyota,Etios Liva GD,15,2133.3333333333335
Pune,2014,43772,Petrol,Manual,First,17.0,1497,118.0,5,6.35,Honda,City 1.5 S MT,12,3647.6666666666665
Coimbatore,2017,23576,Petrol,Automatic,First,18.9,1197,82.0,5,7.08,Hyundai,Grand i10 AT Asta,9,2619.5555555555557
Hyderabad,2017,4000,Diesel,Automatic,First,13.6,1999,177.0,5,38.0,Jaguar,XE 2.0L Diesel Prestige,9,444.44444444444446
Kolkata,2012,62000,Diesel,Manual,First,12.05,2179,120.0,8,6.25,Mahindra,Scorpio VLX,14,4428.571428571428
Mumbai,2011,36000,Petrol,Automatic,First,11.74,1796,186.0,5,10.15,Mercedes-Benz,New C-Class C 200 Kompressor Elegance AT,15,2400.0
Delhi,2014,80000,Petrol,Automatic,First,13.7,1798,157.75,5,10.75,Skoda,Superb Elegance 1.8 TSI AT,12,6666.666666666667
Pune,2012,137008,Diesel,Automatic,First,18.1,1991,147.9,4,4.65,Chevrolet,Cruze LTZ AT,14,9786.285714285714
Delhi,2010,61001,Diesel,Manual,First,12.05,2179,120.0,8,4.75,Mahindra,Scorpio VLX,16,3812.5625
Coimbatore,2015,52191,Petrol,Manual,First,17.1,1591,121.3,5,7.78,Hyundai,Verna 1.6 SX VTVT (O),11,4744.636363636364
Hyderabad,2016,77076,Diesel,Manual,First,23.0,1396,90.0,5,6.75,Hyundai,i20 1.4 Asta CRDi with AVN,10,7707.6
Hyderabad,2008,56000,Petrol,Automatic,First,16.4,1497,78.0,5,2.99,Honda,City ZX CVT,18,3111.1111111111113
Kolkata,2013,21000,Petrol,Manual,First,20.36,1197,78.9,5,2.35,Hyundai,i10 Magna,13,1615.3846153846155
Delhi,2013,89429,Diesel,Manual,First,25.8,1498,98.6,5,3.65,Honda,Amaze S i-Dtech,13,6879.153846153846
Delhi,2012,45631,Petrol,Manual,Second,22.5,998,67.04,5,2.74,Maruti,Wagon R LXI,14,3259.3571428571427
Jaipur,2013,53959,Petrol,Manual,First,19.4,1198,86.8,5,3.5,Honda,Brio S MT,13,4150.692307692308
Kochi,2014,55804,Petrol,Manual,First,17.0,1197,80.0,5,4.76,Hyundai,i20 1.2 Sportz Option,12,4650.333333333333
Kochi,2016,25899,Petrol,Manual,First,15.04,1598,103.2,5,6.2,Volkswagen,Vento 2013-2015 1.6 Comfortline,10,2589.9
Pune,2008,82000,Diesel,Manual,Second,18.7,1896,66.0,5,2.35,Skoda,Octavia Rider 1.9 TDI MT,18,4555.555555555556
Mumbai,2014,52000,Diesel,Automatic,First,13.0,2143,204.0,5,24.5,Mercedes-Benz,E-Class 2015-2017 E250 CDI Avantgarde,12,4333.333333333333
Pune,2013,20000,Petrol,Manual,First,13.24,1598,102.57,5,6.0,Renault,Duster Petrol RxL,13,1538.4615384615386
Hyderabad,2017,31829,Petrol,Manual,First,21.1,814,55.2,5,3.65,Hyundai,EON Sportz,9,3536.5555555555557
Coimbatore,2016,18094,Petrol,Manual,Second,18.6,1197,85.8,5,6.26,Maruti,Swift VXI,10,1809.4
Jaipur,2011,80000,Diesel,Manual,Second,19.5,1461,113.27689373297004,5,2.1,Nissan,Micra Diesel,15,5333.333333333333
Mumbai,2015,11964,Diesel,Automatic,First,13.22,2967,241.4,5,32.95,Audi,Q5 3.0 TDI Quattro Technology,11,1087.6363636363637
Coimbatore,2018,22684,Petrol,Manual,First,18.6,1197,81.83,5,7.8,Hyundai,i20 1.2 Spotz,8,2835.5
Bangalore,2014,43521,Petrol,Manual,First,19.4,1198,86.8,5,4.25,Honda,Brio S MT,12,3626.75
Kochi,2014,49386,Petrol,Manual,First,17.5,1298,85.8,5,4.86,Maruti,Swift Dzire ZXi,12,4115.5
Delhi,2017,12248,Petrol,Manual,First,18.9,1197,81.86,5,4.9,Hyundai,Grand i10 1.2 Kappa Magna,9,1360.888888888889
Coimbatore,2014,67771,Diesel,Manual,First,11.68,2498,112.0,8,7.06,Mahindra,Xylo E8 ABS BS IV,12,5647.583333333333
Delhi,2015,60007,Petrol,Automatic,First,17.21,1798,189.0,4,4.5,Volkswagen,Polo GTI,11,5455.181818181818
Coimbatore,2011,48624,Petrol,Manual,First,24.07,998,67.1,5,3.22,Maruti,Alto K10 VXI,15,3241.6
Kolkata,2014,30000,Diesel,Manual,First,22.07,1199,73.9,5,3.25,Volkswagen,Polo Diesel Comfortline 1.2L,12,2500.0
Delhi,2016,81605,Petrol,Manual,First,18.9,1197,82.0,5,4.53,Hyundai,Grand i10 Sportz,10,8160.5
Coimbatore,2017,32642,Diesel,Automatic,First,14.84,2143,170.0,5,34.78,Mercedes-Benz,New C-Class C 220 CDI Elegance AT,9,3626.8888888888887
Pune,2014,34200,Petrol,Automatic,First,15.74,1591,121.3,5,6.5,Hyundai,Verna 1.6 SX VTVT AT,12,2850.0
Chennai,2010,72204,Petrol,Manual,First,15.7,1172,67.0,5,2.25,Fiat,Punto EVO 1.2 Emotion,16,4512.75
Pune,2011,156347,Diesel,Manual,Second,12.99,2494,100.0,8,8.0,Toyota,Innova 2.5 VX (Diesel) 8 Seater BS IV,15,10423.133333333333
Kochi,2017,47357,Diesel,Automatic,First,18.49,1493,100.0,7,8.37,Mahindra,TUV 300 2015-2019 mHAWK100 T8 AMT,9,5261.888888888889
Coimbatore,2015,61738,Diesel,Manual,First,20.14,1498,88.8,5,5.39,Volkswagen,Polo 1.5 TDI Comfortline,11,5612.545454545455
Kochi,2018,32586,Diesel,Automatic,First,22.48,1995,190.0,5,37.3,BMW,5 Series 520d Luxury Line,8,4073.25
Coimbatore,2018,40129,Diesel,Automatic,First,11.57,2987,254.79,5,70.8,Mercedes-Benz,GLE 350d,8,5016.125
Mumbai,2012,51000,Diesel,Automatic,First,11.74,2987,254.8,5,22.25,Mercedes-Benz,M-Class ML 350 CDI,14,3642.8571428571427
Kochi,2018,10393,Petrol,Manual,First,18.9,1197,81.86,5,6.03,Hyundai,Grand i10 1.2 Kappa Sportz,8,1299.125
Mumbai,2011,46000,Petrol,Automatic,First,13.7,1798,157.75,5,4.9,Skoda,Superb Elegance 1.8 TSI AT,15,3066.6666666666665
Chennai,2013,21000,Petrol,Automatic,First,16.95,1197,78.9,5,3.96,Hyundai,i10 Sportz AT,13,1615.3846153846155
Hyderabad,2011,113562,Diesel,Manual,First,23.0,1396,90.0,5,4.6,Hyundai,i20 1.4 CRDi Asta,15,7570.8
Mumbai,2011,100010,Diesel,Manual,Second,12.05,2179,120.0,8,5.5,Mahindra,Scorpio VLX,15,6667.333333333333
Mumbai,2013,63107,Petrol,Manual,First,19.4,1198,86.8,5,3.25,Honda,Brio V MT,13,4854.384615384615
Jaipur,2017,58500,Petrol,Manual,First,18.6,1197,81.83,5,6.25,Hyundai,i20 1.2 Magna Executive,9,6500.0
Pune,2007,90000,Diesel,Manual,Fourth & Above,10.9,2499,143.0,7,3.0,Ford,Endeavour 4x2 XLT Limited Edition,19,4736.8421052631575
Chennai,2011,108242,Diesel,Manual,First,16.8,1493,110.0,5,4.25,Hyundai,Verna CRDi SX,15,7216.133333333333
Pune,2011,146300,Diesel,Manual,First,11.5,2982,171.0,7,12.25,Toyota,Fortuner 3.0 Diesel,15,9753.333333333334
Pune,2011,62943,Diesel,Automatic,Second,17.05,1995,184.0,5,10.95,BMW,X1 sDrive20d,15,4196.2
Delhi,2013,65000,Diesel,Automatic,First,12.55,2982,168.5,7,16.5,Toyota,Fortuner 4x2 AT,13,5000.0
Pune,2018,1700,Petrol,Automatic,First,19.0,1199,88.76,5,7.8,Honda,Amaze V CVT Petrol,8,212.5
Kochi,2013,34697,Petrol,Manual,First,19.81,1086,68.05,5,3.7,Hyundai,i10 Era 1.1,13,2669.0
Hyderabad,2012,58000,Petrol,Manual,First,17.0,1197,80.0,5,4.0,Hyundai,i20 1.2 Sportz,14,4142.857142857143
Mumbai,2015,32500,Diesel,Automatic,First,19.59,1995,187.74,5,26.75,BMW,3 Series 320d GT Luxury Line,11,2954.5454545454545
Coimbatore,2016,58661,Diesel,Automatic,First,15.17,1968,181.0,5,28.03,Audi,Q3 35 TDI Quattro Premium Plus,10,5866.1
Kochi,2017,37124,Petrol,Manual,First,20.4,1197,81.8,5,5.44,Maruti,Swift VXI Optional,9,4124.888888888889
Delhi,2017,44000,Petrol,Automatic,First,21.4,1197,83.1,5,6.2,Maruti,Baleno Delta Automatic,9,4888.888888888889
Kolkata,2005,45200,Petrol,Manual,First,13.2,1495,94.0,5,0.9,Hyundai,Accent GLE,21,2152.3809523809523
Mumbai,2016,11000,Petrol,Manual,First,18.5,1197,85.8,5,3.95,Maruti,Ritz LXi,10,1100.0
Pune,2011,65000,Petrol,Manual,Second,26.0,624,35.0,4,0.44,Tata,Nano Lx,15,4333.333333333333
Ahmedabad,2012,55005,Diesel,Manual,First,20.0,1399,68.0,5,2.75,Ford,Figo Diesel EXI,14,3928.9285714285716
Hyderabad,2011,81650,Diesel,Automatic,First,18.33,1968,167.7,5,7.5,Volkswagen,Passat Diesel Highline 2.0 TDI,15,5443.333333333333
Chennai,2010,160000,Diesel,Manual,Second,19.0,1248,93.0,5,2.5,Fiat,Linea Emotion Pack (Diesel),16,10000.0
Hyderabad,2015,169000,Diesel,Manual,First,14.95,2489,93.7,7,5.0,Mahindra,Xylo D4,11,15363.636363636364
Hyderabad,2013,67263,Petrol,Manual,First,18.9,998,67.1,5,3.6,Maruti,Wagon R VXI,13,5174.076923076923
Kochi,2012,44223,Petrol,Manual,First,17.6,1496,88.7,5,3.99,Toyota,Etios G Safety,14,3158.785714285714
Coimbatore,2015,36840,Petrol,Manual,First,18.9,1197,82.0,5,5.64,Hyundai,Grand i10 Sportz,11,3349.090909090909
Pune,2014,160000,Diesel,Manual,First,12.99,2494,100.0,8,12.0,Toyota,Innova 2.5 VX (Diesel) 8 Seater BS IV,12,13333.333333333334
Kolkata,2008,133000,Diesel,Manual,First,16.8,1405,62.0,5,0.7,Tata,Indica V2 DLS TC,18,7388.888888888889
Mumbai,2015,69123,Diesel,Automatic,First,18.88,1995,184.0,5,19.0,BMW,3 Series 320d Sport Line,11,6283.909090909091
Delhi,2017,38000,Diesel,Automatic,First,10.91,3198,197.0,7,30.48,Ford,Endeavour 3.2 Titanium AT 4X4,9,4222.222222222223
Mumbai,2017,5500,Petrol,Manual,First,21.56,1462,103.25,5,8.2,Maruti,Ciaz Zeta,9,611.1111111111111
Kolkata,2015,1001,Diesel,Manual,First,25.83,1498,99.0,5,7.55,Ford,Figo 1.5D Titanium Plus MT,11,91.0
Pune,2007,59000,Petrol,Manual,Third,15.26,1150,74.9,5,0.99,Chevrolet,Aveo U-VA 1.2 LS,19,3105.2631578947367
Delhi,2011,78256,Petrol,Automatic,First,16.8,1497,118.0,5,4.15,Honda,City 1.5 V AT,15,5217.066666666667
Chennai,2016,90000,Petrol,Manual,First,16.95,1498,97.6,5,6.2,Nissan,Sunny XL,10,9000.0
Kolkata,2016,18000,Petrol,Manual,First,19.1,1197,85.8,5,4.4,Maruti,Swift Dzire VXI,10,1800.0
Kolkata,2012,60000,Diesel,Manual,First,20.0,1399,68.0,5,2.1,Ford,Figo Diesel Titanium,14,4285.714285714285
Jaipur,2011,130000,Diesel,Manual,First,20.3,1248,75.0,5,2.2,Fiat,Grande Punto 1.3 Emotion (Diesel),15,8666.666666666666
Coimbatore,2018,32851,Petrol,Manual,First,18.6,1197,81.86,5,8.34,Hyundai,Elite i20 Petrol Asta,8,4106.375
Kolkata,2014,32000,Diesel,Manual,First,23.4,1248,74.0,5,4.35,Maruti,Swift Dzire VDI,12,2666.6666666666665
Hyderabad,2014,62700,Diesel,Manual,First,22.7,1498,89.84,5,6.8,Ford,Ecosport 1.5 DV5 MT Titanium,12,5225.0
Jaipur,2010,71000,Diesel,Manual,First,19.3,1248,73.9,5,3.3,Maruti,Swift Dzire VDi,16,4437.5
Kochi,2016,19947,Petrol,Manual,First,18.9,1197,82.0,5,5.04,Hyundai,Grand i10 Sportz,10,1994.7
Hyderabad,2012,91000,Diesel,Automatic,First,11.4,2953,153.86,7,9.2,Ford,Endeavour 3.0L 4X4 AT,14,6500.0
Hyderabad,2014,74000,Diesel,Manual,First,22.07,1199,73.9,5,5.7,Volkswagen,Polo Diesel Highline 1.2L,12,6166.666666666667
Kochi,2018,55594,Diesel,Manual,First,18.49,1493,100.0,7,8.48,Mahindra,TUV 300 2015-2019 mHAWK100 T8,8,6949.25
Hyderabad,2013,58000,Diesel,Automatic,First,11.2,2993,306.0,4,48.0,BMW,X6 xDrive 40d,13,4461.538461538462
Hyderabad,2012,110224,Diesel,Manual,First,19.01,1461,108.45,5,6.1,Renault,Duster 110PS Diesel RxZ,14,7873.142857142857
Ahmedabad,2010,21002,Petrol,Manual,First,22.5,998,67.04,5,2.75,Maruti,Wagon R LXI,16,1312.625
Pune,2017,121000,Diesel,Manual,First,24.52,1248,88.5,7,8.0,Maruti,Ertiga SHVS VDI,9,13444.444444444445
Jaipur,2010,73513,Petrol,Manual,First,19.7,796,46.3,5,1.85,Maruti,Alto LXi BSIII,16,4594.5625
Jaipur,2015,34000,Petrol,Automatic,First,20.51,998,67.0,5,3.85,Maruti,Wagon R AMT VXI Option,11,3090.909090909091
Coimbatore,2017,28371,Petrol,Manual,First,15.1,1196,73.0,7,4.74,Maruti,Eeco 7 Seater Standard,9,3152.3333333333335
Kochi,2013,74755,Diesel,Manual,First,19.6,1461,108.45,5,5.63,Renault,Duster 110PS Diesel RxL,13,5750.384615384615
Kochi,2011,25805,Petrol,Manual,First,18.2,1061,64.0,5,2.62,Maruti,Zen Estilo 1.1 LX BSIII,15,1720.3333333333333
Kochi,2015,82603,Petrol,Manual,First,13.06,1598,102.53,5,4.9,Renault,Duster Petrol RxL,11,7509.363636363636
Chennai,2006,110000,Petrol,Manual,First,13.5,1799,130.0,5,2.65,Honda,Civic 2006-2010 1.8 S MT,20,5500.0
Delhi,2012,88000,Diesel,Manual,First,16.0,2179,140.0,7,5.99,Mahindra,XUV500 W8 2WD,14,6285.714285714285
Chennai,2011,110000,Diesel,Manual,Second,21.0,1461,64.1,5,2.4,Mahindra,Verito 1.5 D6 BSIV,15,7333.333333333333
Delhi,2017,15000,Petrol,Manual,First,21.7,999,67.0,5,4.25,Renault,KWID Climber 1.0 MT,9,1666.6666666666667
Mumbai,2013,70000,Diesel,Automatic,First,15.15,2967,240.0,5,40.0,Porsche,Cayenne Diesel,13,5384.615384615385
Pune,2008,150000,Diesel,Manual,Second,28.4,1248,74.0,5,2.7,Maruti,Swift DDiS VDI,18,8333.333333333334
Hyderabad,2016,19000,Petrol,Manual,First,20.63,1198,67.0,5,2.99,Datsun,GO T Option,10,1900.0
Chennai,2011,37442,Petrol,Manual,First,18.5,1197,80.0,5,3.4,Hyundai,i20 1.2 Magna,15,2496.133333333333
Coimbatore,2016,63111,Diesel,Automatic,Second,18.12,1995,190.0,5,30.8,BMW,5 Series 2013-2017 520d Luxury Line,10,6311.1
Mumbai,2012,88000,Diesel,Manual,First,20.77,1248,88.8,7,5.85,Maruti,Ertiga ZDI,14,6285.714285714285
Jaipur,2014,42355,Petrol,Manual,First,18.9,1197,82.0,5,4.0,Hyundai,Grand i10 Magna,12,3529.5833333333335
Coimbatore,2011,75871,Petrol,Automatic,First,9.43,2996,254.0,5,14.12,BMW,3 Series 330i,15,5058.066666666667
Mumbai,2011,65000,Diesel,Manual,First,17.9,1998,163.7,5,4.55,Chevrolet,Cruze LTZ,15,4333.333333333333
Pune,2015,69000,Diesel,Automatic,First,0.0,2987,165.0,5,38.0,Mercedes-Benz,M-Class ML 350 4Matic,11,6272.727272727273
Jaipur,2011,79232,Diesel,Manual,First,21.1,1248,73.9,5,2.9,Maruti,Ritz LDi,15,5282.133333333333
Pune,2007,220000,Petrol,Automatic,Second,11.74,1796,186.0,5,6.0,Mercedes-Benz,New C-Class C 200 Kompressor Elegance AT,19,11578.947368421053
Kochi,2016,28470,Petrol,Manual,First,18.6,1197,81.83,5,6.95,Hyundai,i20 1.2 Magna Executive,10,2847.0
Kolkata,2014,9759,Petrol,Manual,First,20.3,998,68.05,5,2.75,Hyundai,EON 1.0 Kappa Magna Plus Optional,12,813.25
Pune,2014,75216,Diesel,Manual,First,22.9,1248,74.0,5,5.1,Maruti,Swift VDI,12,6268.0
Chennai,2017,8000,Petrol,Manual,First,18.6,1197,81.83,5,6.75,Hyundai,i20 Sportz 1.2,9,888.8888888888889
Mumbai,2014,59451,Petrol,Manual,First,18.5,1197,85.8,5,3.69,Maruti,Ritz ZXi,12,4954.25
Hyderabad,2013,53996,Diesel,Manual,First,22.9,1248,74.0,5,5.45,Maruti,Swift VDI,13,4153.538461538462
Kochi,2018,15135,Petrol,Manual,First,17.5,1199,88.7,5,9.29,Honda,WRV i-VTEC VX,8,1891.875
Chennai,2015,53000,Petrol,Automatic,Second,16.9,1197,81.86,5,4.0,Hyundai,Xcent 1.2 Kappa AT S Option,11,4818.181818181818
Kolkata,2013,40000,Petrol,Manual,First,18.0,1198,86.7,5,2.9,Honda,Amaze E i-Vtech,13,3076.923076923077
Pune,2013,21107,Petrol,Manual,First,17.1,1591,121.3,5,5.25,Hyundai,Verna 1.6 SX VTVT (O),13,1623.6153846153845
Mumbai,2014,56000,Petrol,Manual,First,16.8,1497,116.3,5,5.75,Honda,City V MT,12,4666.666666666667
Coimbatore,2017,19623,Petrol,Manual,First,15.29,1591,121.3,5,13.12,Hyundai,Creta 1.6 SX Plus Dual Tone Petrol,9,2180.3333333333335
Kochi,2014,70963,Diesel,Manual,First,15.1,2179,140.0,7,7.83,Mahindra,XUV500 W8 2WD,12,5913.583333333333
Mumbai,2013,25755,CNG,Manual,First,26.6,998,58.16,5,3.15,Maruti,Wagon R LXI CNG,13,1981.1538461538462
Mumbai,2013,51450,Diesel,Manual,First,12.8,2494,102.0,7,10.4,Toyota,Innova 2.5 V Diesel 7-seater,13,3957.6923076923076
Pune,2012,75000,Diesel,Manual,First,22.9,1248,74.0,5,4.35,Maruti,Swift VDI,14,5357.142857142857
Coimbatore,2017,37832,Petrol,Automatic,First,22.5,998,67.0,5,5.23,Maruti,Wagon R VXI AMT,9,4203.555555555556
Coimbatore,2016,43041,Petrol,Manual,First,18.9,1197,81.86,5,6.01,Hyundai,Grand i10 1.2 Kappa Asta,10,4304.1
Hyderabad,2014,97236,Diesel,Manual,First,25.8,1498,98.6,5,4.4,Honda,Amaze VX i-DTEC,12,8103.0
Chennai,2010,83000,Diesel,Automatic,First,16.07,1995,181.0,5,12.75,BMW,3 Series 320d Highline,16,5187.5
Delhi,2011,65000,Petrol,Manual,First,15.6,1196,70.0,5,2.4,Ford,Figo Petrol Titanium,15,4333.333333333333
Kochi,2018,46007,Petrol,Manual,First,17.0,1198,73.75,5,5.71,Volkswagen,Ameo 1.2 MPI Trendline,8,5750.875
Kochi,2015,65925,Diesel,Manual,Second,22.7,1498,89.84,5,5.49,Ford,Ecosport 1.5 DV5 MT Trend,11,5993.181818181818
Pune,2004,73500,Petrol,Manual,Second,13.0,1343,90.0,5,1.3,Honda,City 1.3 EXI,22,3340.909090909091
Kolkata,2014,55000,Diesel,Manual,First,16.0,2179,140.0,7,8.5,Mahindra,XUV500 W6 2WD,12,4583.333333333333
Delhi,2012,115000,Diesel,Manual,First,13.0,2982,168.5,7,12.99,Toyota,Fortuner 4x2 Manual,14,8214.285714285714
Kolkata,2017,31184,Petrol,Manual,First,18.9,1197,81.86,5,5.0,Hyundai,Grand i10 1.2 Kappa Magna,9,3464.8888888888887
Pune,2017,41747,Diesel,Automatic,First,28.4,1248,73.75,5,9.0,Maruti,Dzire AMT ZDI Plus,9,4638.555555555556
Kochi,2016,38143,Diesel,Manual,First,22.9,1248,74.0,5,5.22,Maruti,Swift VDI,10,3814.3
Pune,2012,19030,Petrol,Manual,First,16.47,1198,73.9,5,3.8,Volkswagen,Polo Petrol Highline 1.2L,14,1359.2857142857142
Coimbatore,2019,20877,Petrol,Manual,First,18.16,1197,78.9,5,7.27,Toyota,Etios Liva 1.2 VX Dual Tone,7,2982.4285714285716
Mumbai,2016,23555,Petrol,Manual,First,22.0,1197,81.8,5,5.1,Maruti,Swift VXI,10,2355.5
Bangalore,2013,29000,Diesel,Automatic,First,14.21,2143,203.0,5,29.0,Mercedes-Benz,E-Class 2009-2013 E250 CDI Elegance,13,2230.769230769231
Pune,2013,61000,Petrol,Manual,First,18.9,998,67.1,5,2.9,Maruti,Wagon R VXI,13,4692.307692307692
Kochi,2012,4187,Petrol,Manual,First,26.0,624,35.0,4,1.38,Tata,Nano Lx BSIV,14,299.07142857142856
Bangalore,2011,46000,Petrol,Manual,First,13.4,1798,157.8,5,5.5,Skoda,Laura 1.8 TSI Ambiente,15,3066.6666666666665
Mumbai,2016,28000,Petrol,Automatic,First,17.21,1197,103.5,5,7.25,Volkswagen,Polo GT TSI,10,2800.0
Coimbatore,2014,83558,Diesel,Manual,First,22.32,1582,126.32,5,6.98,Hyundai,Verna 1.6 SX,12,6963.166666666667
Hyderabad,2017,40000,Diesel,Manual,First,22.95,1248,74.0,5,5.25,Tata,Bolt Quadrajet XE,9,4444.444444444444
Kolkata,2013,36000,Petrol,Manual,First,21.1,814,55.2,5,1.95,Hyundai,EON D Lite Plus,13,2769.230769230769
Bangalore,2014,21000,Diesel,Automatic,First,17.11,1968,174.33,5,24.5,Audi,A4 2.0 TDI 177 Bhp Premium Plus,12,1750.0
Kochi,2013,62162,Diesel,Manual,First,12.99,2494,100.0,7,8.31,Toyota,Innova 2.5 GX (Diesel) 7 Seater,13,4781.692307692308
Hyderabad,2012,83000,Diesel,Automatic,First,11.74,2987,254.8,5,36.0,Mercedes-Benz,M-Class ML 350 CDI,14,5928.571428571428
Pune,2015,58000,Diesel,Manual,First,24.4,1120,71.0,5,5.5,Hyundai,Xcent 1.1 CRDi S,11,5272.727272727273
Kochi,2011,62332,Petrol,Automatic,First,11.7,2354,177.6,5,5.89,Honda,Accord 2.4 AT,15,4155.466666666666
Kochi,2016,50867,Diesel,Manual,First,20.34,1498,103.2,5,7.95,Volkswagen,Vento 1.5 TDI Highline,10,5086.7
Mumbai,2010,73000,Petrol,Manual,First,17.0,1197,80.0,5,2.75,Hyundai,i20 Sportz Petrol,16,4562.5
Jaipur,2012,98008,Diesel,Manual,First,22.7,1582,126.24,5,6.25,Hyundai,Elantra CRDi SX,14,7000.571428571428
Hyderabad,2015,36000,Diesel,Manual,First,20.0,1399,68.05,5,4.95,Ford,Figo Diesel Titanium,11,3272.7272727272725
Kochi,2019,27339,Petrol,Manual,First,18.6,1197,81.83,5,6.27,Hyundai,i20 1.2 Magna Executive,7,3905.5714285714284
Kolkata,2017,25000,Diesel,Manual,First,23.9,1582,126.2,5,8.65,Hyundai,Verna 1.6 CRDi SX,9,2777.777777777778
Kolkata,2014,37000,Petrol,Manual,First,18.9,1197,82.0,5,3.5,Hyundai,Grand i10 Asta,12,3083.3333333333335
Hyderabad,2015,56000,Diesel,Automatic,First,14.16,1968,174.3,5,35.0,Audi,Q5 2.0 TDI,11,5090.909090909091
Kolkata,2015,27000,Petrol,Manual,First,17.5,1298,85.8,5,4.45,Maruti,Swift Dzire ZXi,11,2454.5454545454545
Kolkata,2012,37000,Petrol,Manual,First,18.5,1197,80.0,5,2.65,Hyundai,i20 Magna,14,2642.8571428571427
Kolkata,2017,10500,Diesel,Manual,First,25.32,1198,77.0,5,4.7,Mahindra,KUV 100 mFALCON D75 K4 Plus 5str,9,1166.6666666666667
Ahmedabad,2014,49000,Diesel,Automatic,First,18.23,1582,126.2,5,8.9,Hyundai,Elantra 1.6 SX Option AT,12,4083.3333333333335
Mumbai,2017,7000,Diesel,Manual,First,17.1,1956,170.0,5,17.45,Jeep,Compass 2.0 Limited Option Black,9,777.7777777777778
Coimbatore,2017,71256,Diesel,Manual,First,24.3,1248,88.5,5,9.58,Maruti,Vitara Brezza VDi Option,9,7917.333333333333
Kochi,2012,83184,Petrol,Manual,First,14.28,1798,138.03,5,6.22,Toyota,Corolla Altis 1.8 GL,14,5941.714285714285
Kolkata,2013,87284,Diesel,Manual,First,15.1,2179,140.0,7,7.8,Mahindra,XUV500 W8 2WD,13,6714.153846153846
Mumbai,2016,7000,Diesel,Automatic,First,20.68,1995,190.0,5,27.75,BMW,X1 xDrive 20d xLine,10,700.0
Pune,2015,29000,Diesel,Manual,Second,22.54,1396,88.73,5,7.0,Hyundai,i20 Magna 1.4 CRDi,11,2636.3636363636365
Coimbatore,2017,33552,Diesel,Automatic,First,11.57,2987,254.79,5,64.87,Mercedes-Benz,GLE 350d,9,3728.0
Bangalore,2013,64000,Diesel,Manual,Second,17.3,1998,163.7,5,6.5,Chevrolet,Cruze LTZ,13,4923.076923076923
Jaipur,2011,82000,Petrol,Manual,Second,18.5,1197,80.0,5,2.7,Hyundai,i20 1.2 Magna,15,5466.666666666667
Mumbai,2012,70000,Petrol,Manual,Second,19.4,1198,86.8,5,2.5,Honda,Brio S MT,14,5000.0
Hyderabad,2013,166194,Diesel,Manual,First,19.3,1461,84.8,7,3.9,Nissan,Evalia 2013 XL,13,12784.153846153846
Delhi,2015,58000,Petrol,Manual,First,16.47,1198,73.9,5,3.95,Volkswagen,Polo Petrol Trendline 1.2L,11,5272.727272727273
Chennai,2010,77000,Petrol,Manual,Second,20.36,1197,78.9,5,2.1,Hyundai,i10 Sportz 1.2,16,4812.5
Pune,2009,73204,Diesel,Automatic,Third,18.1,1991,147.9,4,3.5,Chevrolet,Cruze LTZ AT,17,4306.117647058823
Hyderabad,2007,70000,Petrol,Manual,Second,19.81,1086,68.05,5,2.0,Hyundai,i10 Era,19,3684.2105263157896
Delhi,2014,79870,Diesel,Manual,First,20.77,1248,88.76,7,5.35,Maruti,Ertiga VDI,12,6655.833333333333
Delhi,2013,90000,Diesel,Manual,First,25.8,1498,98.6,5,3.8,Honda,Amaze S i-Dtech,13,6923.076923076923
Mumbai,2016,17000,Petrol,Automatic,First,15.5,1595,122.0,5,17.25,Mercedes-Benz,A Class A180 Sport,10,1700.0
Kochi,2018,46493,Petrol,Manual,First,18.9,1197,81.86,5,5.53,Hyundai,Grand i10 1.2 Kappa Magna,8,5811.625
Pune,2009,68000,Petrol,Manual,Third,20.36,1197,78.9,5,1.95,Hyundai,i10 Sportz 1.2,17,4000.0
Hyderabad,2017,2000,Diesel,Manual,First,28.4,1248,74.0,5,8.2,Maruti,Swift DDiS ZDI Plus,9,222.22222222222223
Pune,1999,140000,Petrol,Manual,First,13.0,1343,90.0,5,0.9,Honda,City 1.3 EXI,27,5185.185185185185
Pune,2013,255000,Diesel,Manual,Third,12.99,2494,100.6,7,6.5,Toyota,Innova 2.5 GX (Diesel) 7 Seater,13,19615.384615384617
Coimbatore,2014,45535,Diesel,Automatic,First,23.8,1998,112.0,5,19.41,Mini,Cooper Countryman D High,12,3794.5833333333335
Coimbatore,2016,39228,Petrol,Manual,First,15.7,1368,112.4,5,6.58,Fiat,Linea T-Jet Active,10,3922.8
Mumbai,2011,57000,Petrol,Manual,Second,14.49,1399,92.7,5,2.1,Chevrolet,Aveo 1.4 LT,15,3800.0
Chennai,2008,85445,Petrol,Manual,Second,19.81,1086,68.05,5,2.0,Hyundai,i10 Era 1.1,18,4746.944444444444
Delhi,2015,54000,Diesel,Manual,First,24.4,1120,71.0,5,3.7,Hyundai,Xcent 1.1 CRDi Base,11,4909.090909090909
Mumbai,2014,53000,Petrol,Automatic,First,23.1,998,67.04,5,3.8,Maruti,Celerio VXI AT,12,4416.666666666667
Jaipur,2014,60000,Petrol,Manual,First,20.36,1197,78.9,5,3.25,Hyundai,i10 Sportz,12,5000.0
Coimbatore,2015,65668,Diesel,Manual,First,19.87,1461,83.8,5,5.53,Renault,Duster 85PS Diesel RxL,11,5969.818181818182
Ahmedabad,2011,100000,Diesel,Automatic,Second,22.69,1995,190.0,5,10.9,BMW,3 Series 320d,15,6666.666666666667
Kolkata,2018,1800,Petrol,Manual,First,18.9,1197,82.0,5,5.1,Hyundai,Grand i10 Sportz,8,225.0
Hyderabad,2007,96000,Petrol,Manual,Second,0.0,999,113.27689373297004,5,2.2,Hyundai,Santro DX,19,5052.631578947368
Pune,2009,44200,Petrol,Manual,Second,18.0,995,62.0,5,1.6,Chevrolet,Spark 1.0 LS,17,2600.0
Ahmedabad,2018,14000,Petrol,Manual,First,17.4,1497,117.3,5,11.25,Honda,City i VTEC VX Option,8,1750.0
Chennai,2013,720000,Diesel,Manual,First,20.54,1598,103.6,5,5.9,Volkswagen,Vento Diesel Highline,13,55384.61538461538
Delhi,2012,73000,Diesel,Automatic,First,11.5,2982,169.0,7,14.4,Toyota,Fortuner 4x2 4 Speed AT,14,5214.285714285715
Delhi,2011,68000,Petrol,Manual,First,17.0,1497,118.0,5,3.6,Honda,City 1.5 S MT,15,4533.333333333333
Jaipur,2017,19543,Diesel,Automatic,First,18.12,1995,190.0,5,40.5,BMW,5 Series 2013-2017 520d Luxury Line,9,2171.4444444444443
Bangalore,2014,38000,Diesel,Automatic,Second,14.16,1968,174.3,5,38.95,Audi,Q5 30 TDI quattro Premium Plus,12,3166.6666666666665
Delhi,2014,32805,Diesel,Manual,First,23.2,1248,73.94,5,3.6,Maruti,Ritz LDi,12,2733.75
Kochi,2016,44782,Diesel,Automatic,First,21.21,1498,103.2,5,7.12,Volkswagen,Vento 1.5 TDI Highline AT,10,4478.2
Kochi,2016,55700,Diesel,Manual,First,26.0,1498,98.6,5,7.52,Honda,City i DTEC SV,10,5570.0
Delhi,2012,60000,Diesel,Automatic,Second,15.2,1968,140.8,5,10.35,Audi,A4 New 2.0 TDI Multitronic,14,4285.714285714285
Hyderabad,2014,56000,Petrol,Manual,First,15.0,1598,103.52,5,7.0,Skoda,Rapid 1.6 MPI Elegance,12,4666.666666666667
Delhi,2011,60000,Diesel,Manual,First,11.5,2982,171.0,7,10.85,Toyota,Fortuner 3.0 Diesel,15,4000.0
Mumbai,2010,78563,Diesel,Manual,First,16.52,1991,123.7,5,2.35,Chevrolet,Optra Magnum 2.0 LT BS3,16,4910.1875
Mumbai,2014,34669,Petrol,Manual,First,15.1,1196,73.0,7,2.9,Maruti,Eeco 7 Seater Standard,12,2889.0833333333335
Delhi,2017,17000,Petrol,Manual,First,20.73,1373,91.1,5,7.65,Maruti,Ciaz ZXi,9,1888.888888888889
Delhi,2016,66000,Diesel,Manual,First,28.09,1248,88.5,5,6.4,Maruti,Ciaz VDi Plus SHVS,10,6600.0
Pune,2014,102418,Diesel,Manual,First,12.99,2494,100.6,7,10.1,Toyota,Innova 2.5 LE 2014 Diesel 7 Seater,12,8534.833333333334
Kolkata,2014,48800,Petrol,Manual,First,19.1,1197,85.8,5,4.25,Maruti,Swift Dzire VXI,12,4066.6666666666665
Kochi,2019,10601,Diesel,Automatic,First,11.36,2755,171.5,7,19.65,Toyota,Innova Crysta 2.8 GX AT,7,1514.4285714285713
Pune,2017,8200,Diesel,Manual,First,25.0,1396,69.0,5,4.4,Tata,Indica V2 eLX,9,911.1111111111111
Jaipur,2012,100000,Petrol,Manual,First,18.5,1197,82.85,5,3.25,Hyundai,i20 Magna,14,7142.857142857143
Pune,2012,78000,Diesel,Manual,First,17.8,1399,68.0,5,2.8,Ford,Fiesta 1.4 Duratorq ZXI,14,5571.428571428572
Kolkata,2015,50000,Diesel,Manual,First,18.2,1248,73.74,8,4.3,Chevrolet,Enjoy 1.3 TCDi LS 8,11,4545.454545454545
Chennai,2006,89327,Diesel,Manual,Third,17.8,1399,68.0,5,1.55,Ford,Fiesta 1.4 Duratorq EXI,20,4466.35
Chennai,2007,98000,Petrol,Manual,Second,10.8,2354,152.0,5,4.7,Honda,CR-V 2.4 MT,19,5157.894736842105
Kochi,2017,24700,Petrol,Manual,First,18.7,1199,88.7,5,7.07,Honda,Jazz 1.2 VX i VTEC,9,2744.4444444444443
Delhi,2018,6000,Diesel,Automatic,First,11.0,2987,258.0,7,79.0,Mercedes-Benz,GLS 350d Grand Edition,8,750.0
Delhi,2018,9434,Petrol,Manual,First,18.9,1197,81.86,5,5.75,Hyundai,Grand i10 1.2 Kappa Sportz,8,1179.25
Mumbai,2012,29000,Petrol,Manual,First,18.5,1197,85.8,5,3.25,Maruti,Ritz VXi,14,2071.4285714285716
Coimbatore,2017,22440,Diesel,Automatic,First,22.0,1498,108.495,5,8.89,Volkswagen,Ameo 1.5 TDI Highline AT,9,2493.3333333333335
Mumbai,2015,73070,Petrol,Manual,First,17.4,1497,117.3,5,5.9,Honda,City i VTEC SV,11,6642.727272727273
Kolkata,2016,21771,Petrol,Manual,First,18.7,1199,88.7,5,4.95,Honda,Jazz 1.2 S i VTEC,10,2177.1
Delhi,2014,62000,Diesel,Manual,First,17.8,1248,75.0,5,3.75,Maruti,Swift Ldi BSIV,12,5166.666666666667
Kochi,2017,37024,Diesel,Automatic,First,17.01,1582,126.2,5,10.97,Hyundai,Creta 1.6 CRDi AT SX Plus,9,4113.777777777777
Kochi,2014,60336,Diesel,Automatic,Second,14.4,2967,241.4,5,24.94,Audi,A7 2011-2015 3.0 TDI Quattro,12,5028.0
Kolkata,2014,26008,Petrol,Manual,First,21.1,814,55.2,5,1.97,Hyundai,EON D Lite Plus,12,2167.3333333333335
Jaipur,2010,90000,Diesel,Manual,Second,20.0,1399,68.0,5,1.4,Ford,Figo Diesel EXI,16,5625.0
Coimbatore,2018,35569,Petrol,Manual,First,17.0,1198,73.75,5,7.27,Volkswagen,Ameo 1.2 MPI Highline,8,4446.125
Kolkata,2013,40000,Diesel,Manual,First,21.64,1461,84.8,5,4.0,Renault,Scala Diesel RxL,13,3076.923076923077
Kolkata,2015,45000,Petrol,Manual,First,18.7,1199,88.7,5,4.75,Honda,Jazz 1.2 V i VTEC,11,4090.909090909091
Delhi,2015,42000,Petrol,Manual,First,17.0,1197,80.0,5,5.1,Hyundai,i20 1.2 Sportz,11,3818.181818181818
Coimbatore,2012,46913,Diesel,Automatic,First,14.94,2967,241.4,5,16.11,Audi,A4 3.0 TDI Quattro Premium,14,3350.9285714285716
Delhi,2014,62000,Diesel,Automatic,First,11.18,2696,184.0,7,10.55,Mahindra,Ssangyong Rexton RX7,12,5166.666666666667
Ahmedabad,2017,15000,Diesel,Automatic,First,12.9,2755,174.5,7,30.0,Toyota,Fortuner 2.8 2WD AT,9,1666.6666666666667
Kolkata,2002,69000,Diesel,Manual,First,18.7,1896,66.0,5,1.6,Skoda,Octavia Classic 1.9 TDI MT,24,2875.0
Hyderabad,2012,41367,Diesel,Automatic,First,15.8,2148,170.0,5,18.49,Mercedes-Benz,New C-Class 250 CDI Classic,14,2954.785714285714
Kochi,2018,15982,Petrol,Manual,First,20.73,1373,91.1,5,9.96,Maruti,Ciaz 1.4 Zeta,8,1997.75
Hyderabad,2013,99595,Diesel,Manual,Second,22.9,1248,74.0,5,4.75,Maruti,Swift ZDi,13,7661.153846153846
Bangalore,2002,63000,Diesel,Manual,Third,13.1,2446,75.0,10,3.65,Toyota,Qualis FS B3,24,2625.0
Delhi,2012,49000,Diesel,Automatic,Second,16.73,2495,218.0,5,15.5,BMW,5 Series 2007-2010 525d Sedan,14,3500.0
Kochi,2013,48272,Diesel,Manual,First,10.5,2835,116.9,6,11.82,Mitsubishi,Pajero 2.8 SFX BSIII Dual Tone,13,3713.230769230769
Delhi,2008,63000,Petrol,Manual,First,13.4,1794,125.0,5,2.05,Toyota,Corolla H2,18,3500.0
Ahmedabad,2016,77000,CNG,Manual,First,26.6,998,58.16,5,3.3,Maruti,Wagon R LXI CNG,10,7700.0
Mumbai,2013,11734,Petrol,Manual,First,16.8,796,34.2,8,2.25,Maruti,Omni E MPI STD BS IV,13,902.6153846153846
Kochi,2014,62012,Diesel,Automatic,First,17.68,1968,174.33,5,20.12,Audi,A6 2011-2015 2.0 TDI,12,5167.666666666667
Chennai,2017,46000,CNG,Manual,First,25.0,1197,81.86,5,4.95,Hyundai,Xcent 1.2 Kappa S Option CNG,9,5111.111111111111
Coimbatore,2016,45449,Diesel,Manual,First,27.3,1498,98.6,5,7.48,Honda,Jazz 1.5 S i DTEC,10,4544.9
Mumbai,2004,85000,Petrol,Automatic,Second,10.5,1796,157.7,5,5.5,Mercedes-Benz,E-Class 200 Kompressor Elegance,22,3863.6363636363635
Kochi,2013,45330,Diesel,Automatic,First,16.55,1968,147.51,5,13.19,Audi,A4 2.0 TDI,13,3486.923076923077
Mumbai,2012,88000,Petrol,Manual,First,19.1,1197,85.8,5,3.85,Maruti,Swift Dzire VXI,14,6285.714285714285
Delhi,2016,45376,Diesel,Manual,First,28.4,1248,73.75,5,5.75,Maruti,Dzire VDI,10,4537.6
Pune,2014,81000,Diesel,Manual,First,15.1,2179,140.0,7,9.0,Mahindra,XUV500 W8 4WD,12,6750.0
Kochi,2012,83381,Petrol,Manual,First,18.6,1199,79.4,5,2.21,Chevrolet,Beat LT,14,5955.785714285715
Kochi,2017,78526,Diesel,Manual,First,23.0,1498,98.96,5,8.09,Ford,EcoSport 1.5 Diesel Titanium Plus,9,8725.111111111111
Coimbatore,2017,27313,Diesel,Automatic,First,14.69,2993,258.0,5,48.63,BMW,5 Series 2013-2017 530d M Sport,9,3034.777777777778
Coimbatore,2015,42747,Diesel,Automatic,Second,14.16,1968,174.3,5,39.47,Audi,Q5 30 TDI quattro Premium Plus,11,3886.090909090909
Coimbatore,2015,42265,Diesel,Automatic,Second,20.68,1995,190.0,5,22.24,BMW,X1 sDrive 20d xLine,11,3842.2727272727275
Mumbai,2009,21000,Petrol,Automatic,First,19.2,1197,80.0,5,2.6,Hyundai,i10 Magna AT,17,1235.2941176470588
Ahmedabad,2016,55100,Diesel,Automatic,First,17.01,1582,126.2,5,12.0,Hyundai,Creta 1.6 CRDi AT SX Plus,10,5510.0
Chennai,2014,70000,Diesel,Automatic,First,17.11,1968,174.33,5,18.0,Audi,A4 2.0 TDI 177 Bhp Premium Plus,12,5833.333333333333
Mumbai,2007,55000,Petrol,Automatic,Third,10.13,3498,364.9,5,9.99,Mercedes-Benz,S Class 2005 2013 S 350 L,19,2894.7368421052633
Kolkata,2012,58235,Petrol,Manual,First,20.36,1197,78.9,5,2.45,Hyundai,i10 Magna,14,4159.642857142857
Mumbai,2017,26000,Diesel,Manual,First,23.0,1498,98.96,5,8.99,Ford,EcoSport 1.5 Diesel Titanium,9,2888.8888888888887
Kolkata,2011,35000,Diesel,Manual,First,20.54,1598,103.6,5,3.15,Volkswagen,Vento Diesel Highline,15,2333.3333333333335
Jaipur,2017,24000,Diesel,Manual,First,28.4,1248,73.75,5,8.2,Maruti,Dzire ZDI Plus,9,2666.6666666666665
Ahmedabad,2016,98000,Diesel,Manual,First,15.4,1997,120.0,7,11.5,Mahindra,Scorpio 1.99 S10,10,9800.0
Coimbatore,2016,44487,Diesel,Manual,First,22.54,1396,88.73,5,7.3,Hyundai,i20 Asta 1.4 CRDi,10,4448.7
Chennai,2008,65000,Petrol,Manual,First,19.7,796,46.3,5,1.59,Maruti,Alto LXi,18,3611.1111111111113
Delhi,2015,34951,Petrol,Manual,Second,20.36,1197,78.9,5,3.15,Hyundai,i10 Magna,11,3177.3636363636365
Kolkata,2015,52373,Diesel,Manual,Second,15.4,2179,120.0,7,8.5,Mahindra,Scorpio S6 7 Seater,11,4761.181818181818
Hyderabad,2010,66285,Diesel,Manual,First,19.5,1199,75.0,5,3.0,Skoda,Fabia 1.2L Diesel Classic,16,4142.8125
Mumbai,2012,66000,Diesel,Automatic,First,15.3,2993,258.0,5,21.0,BMW,X5 xDrive 30d,14,4714.285714285715
Hyderabad,2016,43000,Diesel,Manual,First,27.3,1498,98.6,5,7.75,Honda,Jazz 1.5 S i DTEC,10,4300.0
Mumbai,2013,45200,Diesel,Automatic,First,10.0,2148,170.0,5,23.0,Mercedes-Benz,E-Class 2009-2013 E 220 CDI Avantgarde,13,3476.923076923077
Mumbai,2016,41000,Diesel,Automatic,First,16.0,2179,140.0,7,13.75,Mahindra,XUV500 AT W10 FWD,10,4100.0
Kochi,2017,39430,Petrol,Automatic,First,18.0,1497,117.3,5,8.29,Honda,City i VTEC CVT SV,9,4381.111111111111
Coimbatore,2014,83274,Diesel,Manual,First,22.9,1248,74.0,5,5.79,Maruti,Swift VDI,12,6939.5
Coimbatore,2017,32324,Diesel,Automatic,First,14.84,2143,170.0,5,30.5,Mercedes-Benz,New C-Class 220 CDI AT,9,3591.5555555555557
Mumbai,2011,49999,Petrol,Manual,First,17.0,1497,118.0,5,3.8,Honda,City 1.5 S MT,15,3333.266666666667
Bangalore,2014,66000,Diesel,Manual,First,15.3,2956,83.8,7,4.45,Tata,Sumo EX,12,5500.0
Delhi,2012,54000,Petrol,Manual,First,18.5,1197,82.85,5,3.3,Hyundai,i20 Magna,14,3857.1428571428573
Jaipur,2009,80000,Diesel,Manual,Second,20.4,1248,91.2,5,1.75,Fiat,Linea 1.3 Dynamic,17,4705.882352941177
Bangalore,2011,72000,Petrol,Automatic,Second,12.9,1799,130.0,5,5.5,Honda,Civic 2006-2010 1.8 V AT,15,4800.0
Pune,2017,44865,Diesel,Manual,First,19.67,1582,126.2,5,13.35,Hyundai,Creta 1.6 SX Plus Diesel,9,4985.0
Delhi,2017,22000,Diesel,Automatic,Second,20.38,1968,143.0,5,22.5,Audi,A3 35 TDI Technology,9,2444.4444444444443
Delhi,2013,57478,Petrol,Manual,Second,17.0,1591,121.3,5,5.25,Hyundai,Verna VTVT 1.6 SX Option,13,4421.384615384615
Hyderabad,2011,75000,Diesel,Manual,First,21.9,1396,90.0,5,3.75,Hyundai,i20 1.4 CRDi Magna,15,5000.0
Kochi,2015,50624,Diesel,Manual,First,24.2,1498,98.6,7,6.32,Honda,Mobilio S i DTEC,11,4602.181818181818
Bangalore,2018,75000,Diesel,Automatic,First,22.32,1582,126.32,5,7.75,Hyundai,Verna 1.6 SX CRDI (O) AT,8,9375.0
Chennai,2006,87000,Petrol,Manual,Second,15.3,1596,101.0,5,1.37,Ford,Fiesta 1.6 ZXI Duratec,20,4350.0
Mumbai,2010,62000,Petrol,Manual,First,20.36,1197,78.9,5,2.1,Hyundai,i10 Sportz 1.2,16,3875.0
Hyderabad,2016,41372,Diesel,Manual,First,24.3,1248,88.5,5,9.3,Maruti,Vitara Brezza ZDi,10,4137.2
Ahmedabad,2015,70000,Diesel,Manual,First,12.99,2494,100.6,7,12.0,Toyota,Innova 2.5 VX (Diesel) 7 Seater,11,6363.636363636364
Pune,2017,35000,Diesel,Automatic,First,17.9,2143,136.0,5,23.5,Mercedes-Benz,GLA Class 200 d Sport,9,3888.8888888888887
Hyderabad,2006,71993,Petrol,Manual,First,19.7,796,46.3,5,1.8,Maruti,Alto LXi BSIII,20,3599.65
Chennai,2013,62000,Diesel,Automatic,Second,14.84,2143,170.0,5,12.5,Mercedes-Benz,New C-Class C 220 CDI Elegance AT,13,4769.2307692307695
Delhi,2015,51000,Diesel,Manual,First,22.9,1248,74.0,5,4.74,Maruti,Swift LDI,11,4636.363636363636
Kochi,2016,26038,Petrol,Manual,First,18.9,1197,82.0,5,5.43,Hyundai,Grand i10 Sportz,10,2603.8
Kochi,2018,37713,Diesel,Automatic,Second,12.55,2982,168.5,7,31.62,Toyota,Fortuner 4x4 AT,8,4714.125
Kolkata,2011,78088,Petrol,Manual,First,12.4,1998,132.0,8,6.3,Toyota,Innova 2.0 GX 8 STR,15,5205.866666666667
Kochi,2017,30453,Diesel,Manual,First,22.77,1498,98.59,5,8.45,Ford,EcoSport 1.5 TDCi Titanium,9,3383.6666666666665
Pune,2016,54000,Petrol,Manual,First,18.16,1196,86.8,5,5.0,Ford,Figo 1.2P Titanium MT,10,5400.0
Chennai,2011,190000,Diesel,Manual,First,11.5,2982,171.0,7,13.0,Toyota,Fortuner 3.0 Diesel,15,12666.666666666666
Hyderabad,2012,65097,Petrol,Manual,First,19.1,1197,85.8,5,4.7,Maruti,Swift Dzire VXI,14,4649.785714285715
Coimbatore,2018,28060,Petrol,Automatic,First,12.05,2979,320.0,5,93.67,BMW,7 Series 740Li,8,3507.5
Pune,2012,282000,Petrol,Manual,First,13.14,1798,160.0,5,3.3,Skoda,Superb 1.8 TSI MT,14,20142.85714285714
Jaipur,2009,111000,Petrol,Manual,Second,18.9,1061,67.0,5,1.51,Maruti,Wagon R LXI Minor,17,6529.411764705882
Kochi,2013,63295,Diesel,Manual,First,19.01,1461,108.45,5,6.09,Renault,Duster 110PS Diesel RxZ,13,4868.846153846154
Mumbai,2015,35770,Petrol,Manual,First,20.73,1373,91.1,5,5.95,Maruti,Ciaz VXi Plus,11,3251.818181818182
Hyderabad,2012,125928,Diesel,Manual,First,22.7,1582,126.24,5,9.0,Hyundai,Elantra CRDi SX,14,8994.857142857143
Kolkata,2015,45000,Diesel,Automatic,First,21.66,1498,103.52,5,4.25,Skoda,Rapid 1.5 TDI AT Elegance,11,4090.909090909091
Hyderabad,2013,21000,Diesel,Automatic,First,14.84,2143,170.0,5,23.5,Mercedes-Benz,New C-Class C 220 CDI Elegance AT,13,1615.3846153846155
Mumbai,2011,54774,Petrol,Automatic,First,11.7,2354,177.6,5,6.35,Honda,Accord 2.4 A/T,15,3651.6
Chennai,2014,41123,Petrol,Manual,First,23.1,998,67.04,5,3.4,Maruti,Celerio VXI,12,3426.9166666666665
Bangalore,2017,17465,Petrol,Automatic,First,12.05,2979,320.0,5,93.0,BMW,7 Series 740Li,9,1940.5555555555557
Chennai,2014,48000,Diesel,Automatic,First,22.69,1995,190.0,5,21.6,BMW,3 Series 320d Sport,12,4000.0
Chennai,2011,173000,Diesel,Manual,First,20.54,1598,103.6,5,4.0,Volkswagen,Vento Diesel Trendline,15,11533.333333333334
Pune,2018,12000,Diesel,Manual,First,23.4,1248,74.0,5,5.5,Maruti,Swift Dzire Tour LDI,8,1500.0
Mumbai,2012,34000,Diesel,Automatic,First,12.39,2179,147.51,5,19.25,Land,Rover Freelander 2 SE,14,2428.5714285714284
Hyderabad,2012,71360,Diesel,Manual,First,21.9,1396,90.0,5,3.95,Hyundai,i20 1.4 CRDi Magna,14,5097.142857142857
Mumbai,2012,74000,Diesel,Manual,Second,28.4,1248,73.75,5,4.25,Maruti,Dzire VDI,14,5285.714285714285
Kochi,2018,28937,Diesel,Manual,First,17.1,1956,170.0,5,17.02,Jeep,Compass 2.0 Longitude,8,3617.125
Hyderabad,2012,82085,Diesel,Manual,First,20.77,1248,88.76,7,6.5,Maruti,Ertiga VDI,14,5863.214285714285
Bangalore,2011,68465,Petrol,Manual,First,15.6,1196,70.0,5,2.95,Ford,Figo Petrol ZXI,15,4564.333333333333
Coimbatore,2013,63854,Diesel,Manual,First,21.43,1364,86.79,5,7.12,Toyota,Corolla Altis 1.4 DG,13,4911.846153846154
Chennai,2018,3000,Diesel,Automatic,First,24.3,1248,88.5,5,11.25,Maruti,Vitara Brezza ZDi Plus AMT Dual Tone,8,375.0
Delhi,2009,65055,Petrol,Manual,First,17.0,1497,118.0,5,2.75,Honda,City 1.5 S MT,17,3826.764705882353
Hyderabad,2015,120000,Diesel,Manual,First,15.4,2179,120.0,7,12.0,Mahindra,Scorpio S10 4WD,11,10909.09090909091
Mumbai,2014,64241,Petrol,Manual,First,20.14,1197,81.86,5,3.67,Hyundai,Xcent 1.2 VTVT SX,12,5353.416666666667
Pune,2001,121000,Diesel,Manual,First,15.0,2148,113.27689373297004,5,5.0,Mercedes-Benz,E-Class 220 CDI,25,4840.0
Pune,2008,2200,Petrol,Manual,First,15.7,1390,75.0,5,2.3,Mahindra,Renault Logan 1.4 GLX Petrol,18,122.22222222222223
Pune,2008,88123,Diesel,Manual,First,18.7,1896,66.0,5,2.2,Skoda,Octavia 1.9 TDI,18,4895.722222222223
Pune,2014,79000,Diesel,Automatic,First,12.0,2987,224.0,7,41.0,Mercedes-Benz,GL-Class 2007 2012 350 CDI Luxury,12,6583.333333333333
Bangalore,2016,28143,Diesel,Automatic,First,20.68,1995,190.0,5,28.5,BMW,X1 sDrive 20d xLine,10,2814.3
Mumbai,2015,23001,Petrol,Manual,First,15.04,1598,103.2,5,5.49,Volkswagen,Vento 2013-2015 1.6 Comfortline,11,2091.0
Ahmedabad,2013,82002,Diesel,Automatic,Second,16.55,1968,147.51,5,17.5,Audi,A4 2.0 TDI,13,6307.846153846154
Bangalore,2009,75000,Diesel,Manual,First,13.8,1399,68.0,5,1.99,Ford,Ikon 1.4 TDCi DuraTorq,17,4411.764705882353
Kochi,2016,37451,Diesel,Manual,First,22.32,1582,126.3,5,6.64,Hyundai,Verna 1.6 CRDi EX MT,10,3745.1
Hyderabad,2017,67000,Diesel,Manual,First,13.68,2393,147.8,7,16.5,Toyota,Innova Crysta 2.4 VX MT,9,7444.444444444444
Pune,2016,25000,Petrol,Manual,First,18.9,1197,82.0,5,5.0,Hyundai,Grand i10 Asta Option,10,2500.0
Mumbai,2017,12000,Petrol,Manual,First,17.0,1198,73.75,5,5.4,Volkswagen,Ameo 1.2 MPI Comfortline,9,1333.3333333333333
Kolkata,2017,25000,Petrol,Manual,First,25.17,799,53.3,5,2.99,Renault,KWID RXT,9,2777.777777777778
Jaipur,2011,95936,Petrol,Manual,First,17.0,1497,118.0,5,4.1,Honda,City 1.5 S MT,15,6395.733333333334
Kochi,2018,5354,Petrol,Automatic,First,18.9,1197,81.86,5,6.76,Hyundai,Grand i10 1.2 Kappa Magna AT,8,669.25
Chennai,2016,42000,Petrol,Manual,Second,18.78,999,75.0,5,5.5,Volkswagen,Polo 1.0 MPI Comfortline,10,4200.0
Coimbatore,2014,44282,Diesel,Manual,First,25.2,1248,74.0,5,5.99,Maruti,Swift VDI BSIV,12,3690.1666666666665
Delhi,2012,70000,Diesel,Manual,First,21.64,1461,84.8,5,2.59,Nissan,Sunny 2011-2014 Diesel XV,14,5000.0
Mumbai,2013,31400,Diesel,Automatic,First,16.36,2179,187.7,5,26.75,Jaguar,XF 2.2 Litre Luxury,13,2415.3846153846152
Pune,2016,50000,Diesel,Manual,First,28.09,1248,88.5,5,8.5,Maruti,Ciaz ZDi SHVS,10,5000.0
Bangalore,2011,53000,Diesel,Automatic,First,12.8,1968,167.6,5,23.0,Audi,Q5 2008-2012 2.0 TDI,15,3533.3333333333335
Pune,2014,21727,Petrol,Manual,First,15.6,1196,70.02,5,3.35,Ford,Figo Petrol ZXI,12,1810.5833333333333
Bangalore,2012,43000,Diesel,Automatic,Second,11.72,2199,194.3,7,10.75,Hyundai,Santa Fe 4x4 AT,14,3071.4285714285716
Kolkata,2013,75000,Diesel,Manual,First,12.05,2179,120.0,8,6.29,Mahindra,Scorpio VLX 2WD AIRBAG BSIV,13,5769.2307692307695
Bangalore,2014,73557,Diesel,Manual,First,19.6,1461,108.45,5,7.75,Renault,Duster 110PS Diesel RxL,12,6129.75
Delhi,2012,44555,Diesel,Automatic,First,15.2,1968,140.8,5,13.5,Audi,A4 New 2.0 TDI Multitronic,14,3182.5
Coimbatore,2013,54885,Petrol,Manual,First,15.1,1196,73.0,7,3.75,Maruti,Eeco 7 Seater Standard,13,4221.923076923077
Mumbai,2011,76000,Diesel,Manual,Second,14.0,2498,112.0,7,3.75,Mahindra,Xylo E4,15,5066.666666666667
Jaipur,2006,101000,Petrol,Manual,Second,18.9,998,67.1,5,1.5,Maruti,Wagon R LXI,20,5050.0
Chennai,2005,66000,Petrol,Manual,First,14.0,1061,64.0,5,1.45,Maruti,Wagon R LXI BSIII,21,3142.8571428571427
Coimbatore,2013,84360,Petrol,Manual,First,15.5,1586,103.3,5,4.12,Maruti,SX4 ZXI MT BSIV,13,6489.2307692307695
Mumbai,2016,25121,Diesel,Manual,First,13.68,2393,147.8,7,17.11,Toyota,Innova Crysta 2.4 VX MT,10,2512.1
Pune,2015,100000,Diesel,Manual,Second,12.99,2494,100.6,7,10.25,Toyota,Innova 2.5 G (Diesel) 7 Seater,11,9090.90909090909
Kolkata,2011,66035,Diesel,Manual,First,22.07,1199,73.9,5,2.49,Volkswagen,Polo Diesel Trendline 1.2L,15,4402.333333333333
Pune,2015,190000,Petrol,Manual,Second,16.78,1496,88.73,5,3.85,Toyota,Etios G,11,17272.727272727272
Hyderabad,2014,85670,Diesel,Manual,First,22.7,1498,89.84,5,6.25,Ford,Ecosport 1.5 DV5 MT Titanium,12,7139.166666666667
Hyderabad,2015,35000,Diesel,Manual,First,24.0,1120,70.0,5,4.88,Hyundai,Grand i10 CRDi Magna,11,3181.818181818182
Mumbai,2016,8000,Petrol,Automatic,First,18.0,1497,117.3,5,9.45,Honda,City i VTEC CVT SV,10,800.0
Hyderabad,2007,162000,Diesel,Manual,Second,12.8,2494,102.0,8,4.8,Toyota,Innova 2.5 G3,19,8526.315789473685
Kolkata,2012,60000,Petrol,Manual,First,21.1,814,55.2,5,1.99,Hyundai,EON Era Plus,14,4285.714285714285
Hyderabad,2010,70600,Petrol,Manual,First,20.36,1197,78.9,5,2.8,Hyundai,i10 Magna 1.2,16,4412.5
Bangalore,2011,25000,Petrol,Automatic,Second,12.3,1796,185.0,5,22.0,Mercedes-Benz,E-Class 2009-2013 E 200 CGI Elegance,15,1666.6666666666667
Hyderabad,2012,75000,Diesel,Manual,First,15.96,2523,62.1,7,4.3,Mahindra,Bolero SLE,14,5357.142857142857
Coimbatore,2014,85071,Diesel,Automatic,First,20.0,1968,138.1,5,9.75,Skoda,Laura Ambition 2.0 TDI CR AT,12,7089.25
Ahmedabad,2015,40000,Petrol,Manual,First,20.4,1197,81.8,5,5.9,Maruti,Swift ZXI,11,3636.3636363636365
Delhi,2013,67000,Diesel,Automatic,First,16.55,1968,147.51,5,14.5,Audi,A4 2.0 TDI,13,5153.846153846154
Hyderabad,2009,55000,Diesel,Manual,Second,17.8,1399,68.0,5,2.4,Ford,Fiesta 1.4 SXi TDCi ABS,17,3235.294117647059
Mumbai,2008,62000,Petrol,Manual,Second,15.0,1586,104.68,5,2.11,Maruti,SX4 Vxi BSIII,18,3444.4444444444443
Coimbatore,2017,22526,Petrol,Automatic,First,18.9,1197,82.0,5,7.6,Hyundai,Grand i10 AT Asta,9,2502.8888888888887
Hyderabad,2012,57788,Petrol,Automatic,First,17.16,1197,85.8,5,3.6,Maruti,Ritz AT,14,4127.714285714285
Jaipur,2013,72000,Diesel,Manual,First,10.5,2179,120.0,8,6.0,Mahindra,Scorpio 2.6 CRDe,13,5538.461538461538
Mumbai,2014,83128,Diesel,Manual,First,15.4,2179,120.0,7,7.45,Mahindra,Scorpio S4 7 Seater,12,6927.333333333333
Chennai,2011,75000,Petrol,Manual,First,19.7,796,46.3,5,2.1,Maruti,Alto LXi,15,5000.0
Ahmedabad,2013,58000,Diesel,Manual,Second,19.01,1461,108.45,5,5.2,Renault,Duster 110PS Diesel RxZ,13,4461.538461538462
Hyderabad,2009,26000,Diesel,Manual,First,0.0,2498,113.27689373297004,6,6.99,Mahindra,Jeep MM 550 PE,17,1529.4117647058824
Mumbai,2017,1000,Petrol,Manual,First,20.89,1197,81.8,5,6.36,Maruti,Ignis 1.2 Alpha,9,111.11111111111111
Kochi,2015,59751,Diesel,Manual,First,12.99,2494,100.6,7,11.62,Toyota,Innova 2.5 ZX Diesel 7 Seater,11,5431.909090909091
Kochi,2015,29966,Diesel,Automatic,Second,16.77,2993,261.49,5,43.6,BMW,7 Series 730Ld Eminence,11,2724.181818181818
Kolkata,2009,65000,Diesel,Manual,Second,13.6,1991,142.0,5,4.9,Hyundai,Sonata Embera 2.0L CRDi MT,17,3823.529411764706
Kochi,2015,75863,Diesel,Manual,First,19.01,1461,108.45,5,6.7,Renault,Duster Adventure Edition,11,6896.636363636364
Mumbai,2013,54000,CNG,Manual,First,33.54,998,67.04,5,3.05,Maruti,Wagon R CNG LXI,13,4153.846153846154
Bangalore,2014,24000,Diesel,Automatic,First,17.11,1968,174.33,5,25.0,Audi,A4 2.0 TDI 177 Bhp Technology Edition,12,2000.0
Coimbatore,2018,33218,Diesel,Manual,First,17.1,1956,170.0,5,19.05,Jeep,Compass 2.0 Longitude,8,4152.25
Kolkata,2015,33425,Petrol,Manual,First,17.43,1396,105.5,5,4.5,Hyundai,Verna 1.4 VTVT,11,3038.6363636363635
Pune,2013,47000,Petrol,Manual,First,18.0,1198,86.7,5,4.15,Honda,Amaze VX i-Vtech,13,3615.3846153846152
Chennai,2015,41000,Diesel,Manual,First,19.67,1582,126.2,5,11.9,Hyundai,Creta 1.6 CRDi SX Option,11,3727.2727272727275
Delhi,2011,62000,Petrol,Manual,First,19.81,1086,68.05,5,2.1,Hyundai,i10 Magna 1.1,15,4133.333333333333
Delhi,2016,47035,Diesel,Manual,First,18.49,1493,100.0,7,6.95,Mahindra,TUV 300 T8,10,4703.5
Pune,2008,56230,Petrol,Manual,Second,17.5,1298,85.8,5,2.4,Maruti,Swift Dzire VXi,18,3123.8888888888887
Chennai,2007,55000,Petrol,Manual,First,13.2,1495,94.0,5,2.65,Hyundai,Accent GLE 1,19,2894.7368421052633
Jaipur,2014,70669,Diesel,Manual,First,15.1,2179,140.0,7,9.0,Mahindra,XUV500 W8 2WD,12,5889.083333333333
Pune,2012,69000,Petrol,Manual,First,20.92,998,67.1,5,2.1,Maruti,Alto K10 2010-2014 VXI,14,4928.571428571428
Pune,2011,65000,Petrol,Manual,Second,18.6,1199,79.4,5,2.5,Chevrolet,Beat LT,15,4333.333333333333
Mumbai,2009,30000,Diesel,Automatic,First,12.4,2698,179.5,5,8.95,Audi,A6 2.7 TDI,17,1764.7058823529412
Hyderabad,2017,2000,Diesel,Automatic,First,20.7,1496,113.98,5,34.0,Mini,Cooper 5 DOOR D,9,222.22222222222223
Chennai,2015,40000,Petrol,Manual,First,17.57,1193,88.7,5,4.0,Tata,Zest Revotron 1.2T XMS,11,3636.3636363636365
Kolkata,2014,40000,Diesel,Manual,First,26.0,1498,98.6,5,4.45,Honda,City i DTEC SV,12,3333.3333333333335
Jaipur,2010,26000,Petrol,Manual,First,18.6,1199,79.4,5,1.5,Chevrolet,Beat LT,16,1625.0
Jaipur,2011,105000,Diesel,Automatic,Second,16.55,1968,140.0,5,14.5,Audi,A4 2.0 TDI Multitronic,15,7000.0
Kolkata,2015,2800,Diesel,Manual,First,26.1,1498,99.0,5,8.41,Ford,Aspire Titanium Plus Diesel,11,254.54545454545453
Mumbai,2014,71000,Diesel,Automatic,Second,19.08,1582,126.32,5,5.45,Hyundai,Verna SX CRDi AT,12,5916.666666666667
Mumbai,2015,32896,Petrol,Automatic,First,18.0,1497,117.3,5,8.9,Honda,City i VTEC CVT VX,11,2990.5454545454545
Hyderabad,2012,45000,Petrol,Manual,First,20.36,1197,78.9,5,3.65,Hyundai,i10 Sportz 1.2,14,3214.285714285714
Bangalore,2015,65000,Diesel,Automatic,Second,18.56,1995,190.0,5,29.0,BMW,X3 xDrive20d Expedition,11,5909.090909090909
Mumbai,2013,45200,Diesel,Automatic,First,16.55,1968,147.51,5,13.5,Audi,A4 2.0 TDI,13,3476.923076923077
Hyderabad,2008,82167,Petrol,Automatic,First,10.1,2354,152.0,5,5.4,Honda,CR-V 2.4 AT,18,4564.833333333333
Coimbatore,2016,37429,Petrol,Manual,First,18.9,1197,81.86,5,5.89,Hyundai,Grand i10 1.2 Kappa Asta,10,3742.9
Hyderabad,2016,46000,Diesel,Manual,First,28.09,1248,88.5,5,8.45,Maruti,Ciaz ZDi Plus SHVS,10,4600.0
Delhi,2011,67031,Petrol,Manual,First,17.4,1497,117.3,5,4.0,Honda,City i-VTEC V,15,4468.733333333334
Mumbai,2013,30000,Diesel,Automatic,First,9.52,2993,313.0,4,45.0,BMW,6 Series 640d Coupe,13,2307.6923076923076
Mumbai,2016,47691,Petrol,Automatic,First,23.1,998,67.04,5,3.94,Maruti,Celerio VXI AMT,10,4769.1
Jaipur,2011,32531,Diesel,Automatic,Second,13.73,1995,148.0,5,8.0,Renault,Koleos 2.0 Diesel,15,2168.733333333333
Hyderabad,2013,71336,Diesel,Manual,First,20.0,1399,68.0,5,4.1,Ford,Figo Diesel ZXI,13,5487.384615384615
Chennai,2006,196000,Diesel,Manual,First,12.8,2494,102.0,7,6.25,Toyota,Innova 2.5 V Diesel 7-seater,20,9800.0
Kolkata,2015,28193,Diesel,Manual,First,28.4,1248,73.75,5,5.25,Maruti,Dzire VDI,11,2563.0
Coimbatore,2019,2526,Petrol,Automatic,First,19.0,2996,362.07,2,83.96,Mercedes-Benz,SLC 43 AMG,7,360.85714285714283
Hyderabad,2013,85000,Diesel,Automatic,First,16.1,1950,194.0,5,21.0,Mercedes-Benz,E-Class E 220 d,13,6538.461538461538
Ahmedabad,2015,20780,Petrol,Manual,First,18.9,1197,81.86,5,4.3,Hyundai,Grand i10 1.2 Kappa Sportz,11,1889.090909090909
Mumbai,2014,43081,Petrol,Manual,First,17.3,1497,117.3,7,5.25,Honda,Mobilio S i VTEC,12,3590.0833333333335
Mumbai,2010,35000,Petrol,Automatic,Second,11.9,4806,550.0,5,32.0,Porsche,Cayenne Turbo S,16,2187.5
Kolkata,2013,36000,Diesel,Manual,First,17.21,1493,100.0,7,3.9,Mahindra,Quanto C8,13,2769.230769230769
Mumbai,2007,67000,Petrol,Manual,Third,13.4,1794,125.0,5,2.2,Toyota,Corolla H5,19,3526.315789473684
Mumbai,2016,34079,Diesel,Manual,First,25.32,1198,77.0,6,3.7,Mahindra,KUV 100 mFALCON D75 K4,10,3407.9
Coimbatore,2010,77849,Petrol,Automatic,Second,10.9,2497,215.0,5,11.27,BMW,3 Series 2005-2011 325i Sedan,16,4865.5625
Jaipur,2013,86000,Petrol,Manual,First,22.74,796,47.3,5,2.41,Maruti,Alto 800 LXI,13,6615.384615384615
Pune,2015,110000,Diesel,Automatic,First,15.73,1968,174.33,5,19.0,Audi,Q3 35 TDI Quattro Premium,11,10000.0
Hyderabad,2015,116000,Diesel,Manual,Second,23.59,1364,67.05,5,5.8,Toyota,Etios GD,11,10545.454545454546
Coimbatore,2016,41840,Diesel,Manual,First,15.1,2179,140.0,7,13.52,Mahindra,XUV500 W8 2WD,10,4184.0
Hyderabad,2015,19317,Diesel,Manual,First,13.0,2982,168.7,7,24.5,Toyota,Fortuner 4x2 MT TRD Sportivo,11,1756.090909090909
Pune,2014,41000,CNG,Manual,First,24.6,1193,55.23,5,3.25,Tata,Indigo CS Emax CNG GLX,12,3416.6666666666665
Kochi,2017,25601,Diesel,Automatic,First,17.9,2143,201.15,5,56.73,Mercedes-Benz,GLE 250d,9,2844.5555555555557
Jaipur,2015,83950,Diesel,Manual,First,19.67,1582,126.2,5,9.95,Hyundai,Creta 1.6 CRDi SX,11,7631.818181818182
Pune,2012,60000,Petrol,Automatic,First,16.8,1497,118.0,5,5.5,Honda,City 1.5 V AT,14,4285.714285714285
Hyderabad,2015,50000,Diesel,Automatic,First,17.11,1968,174.33,5,25.0,Audi,A4 35 TDI Premium,11,4545.454545454545
Kolkata,2009,37000,Petrol,Manual,First,17.3,993,60.0,5,1.0,Maruti,Zen VXI,17,2176.470588235294
Hyderabad,2011,76976,Petrol,Manual,Second,19.7,796,46.3,5,2.15,Maruti,Alto LXi,15,5131.733333333334
Kochi,2018,21684,Petrol,Automatic,First,21.4,1197,83.1,5,7.89,Maruti,Baleno Delta Automatic,8,2710.5
Delhi,2015,62000,Diesel,Manual,First,16.0,2179,140.0,7,10.25,Mahindra,XUV500 W10 2WD,11,5636.363636363636
Mumbai,2007,1261,Petrol,Manual,First,19.0,1194,94.68,5,6.0,Ford,Freestyle Titanium Petrol,19,66.36842105263158
Coimbatore,2017,59450,Petrol,Manual,First,18.6,1197,81.86,5,7.53,Hyundai,Elite i20 Asta Option,9,6605.555555555556
Coimbatore,2018,24465,Diesel,Automatic,First,19.27,2143,167.62,5,39.45,Mercedes-Benz,New C-Class C 220d Avantgarde Edition C,8,3058.125
Delhi,2014,55000,Petrol,Manual,First,17.8,1497,117.3,5,5.84,Honda,City i VTEC SV,12,4583.333333333333
Mumbai,2017,2000,Petrol,Manual,First,18.88,1499,110.4,5,8.65,Ford,EcoSport 1.5 Ti VCT MT Titanium BE,9,222.22222222222223
Kochi,2017,25040,Petrol,Manual,First,21.4,1197,83.1,5,7.74,Maruti,Baleno Alpha 1.2,9,2782.222222222222
Bangalore,2008,84000,Petrol,Manual,First,20.36,1197,78.9,5,2.5,Hyundai,i10 Sportz,18,4666.666666666667
Pune,2007,170428,Diesel,Manual,Second,12.8,2494,102.0,8,5.7,Toyota,Innova 2.5 G (Diesel) 8 Seater BS IV,19,8969.894736842105
Mumbai,2016,12573,Petrol,Manual,First,21.4,1197,83.1,5,5.8,Maruti,Baleno Delta,10,1257.3
Hyderabad,2012,88000,Diesel,Automatic,First,12.07,2967,241.4,7,36.5,Audi,Q7 3.0 TDI Quattro Technology,14,6285.714285714285
Delhi,2012,86000,Diesel,Automatic,Second,13.01,2199,194.3,7,9.5,Hyundai,Santa Fe 2WD AT,14,6142.857142857143
Coimbatore,2012,51019,Petrol,Manual,First,0.0,999,113.27689373297004,5,3.48,Hyundai,Santro GLS I - Euro II,14,3644.214285714286
Mumbai,2013,45000,Petrol,Manual,First,17.0,1497,118.0,5,4.55,Honda,City 1.5 V MT Exclusive,13,3461.5384615384614
Jaipur,2012,51000,Diesel,Manual,First,21.9,1396,90.0,5,3.9,Hyundai,i20 1.4 CRDi Magna,14,3642.8571428571427
Pune,2007,92000,Diesel,Manual,First,13.6,2523,63.0,7,2.7,Mahindra,Bolero SLE BSIII,19,4842.105263157895
Pune,2017,29000,Diesel,Automatic,First,12.9,2755,174.5,7,31.0,Toyota,Fortuner 2.8 2WD AT,9,3222.222222222222
Bangalore,2009,70521,Petrol,Automatic,Second,10.9,2497,215.0,5,10.3,BMW,3 Series 2005-2011 325i Sedan,17,4148.294117647059
Kolkata,2010,51000,Diesel,Automatic,First,16.07,1995,181.0,5,7.75,BMW,3 Series 320d Sedan,16,3187.5
Hyderabad,2012,52618,Petrol,Manual,First,18.9,998,67.1,5,3.2,Maruti,Wagon R LXI,14,3758.4285714285716
Delhi,2013,68000,Diesel,Manual,First,25.47,1248,88.5,7,4.85,Maruti,Ertiga ZDI,13,5230.7692307692305
Kochi,2016,29022,Diesel,Automatic,Second,15.68,1999,177.0,5,34.08,Land,Rover Range Rover Evoque 2.0 TD4 Pure,10,2902.2
Chennai,2017,80000,Diesel,Manual,First,24.52,1248,88.5,7,8.1,Maruti,Ertiga SHVS VDI,9,8888.888888888889
Chennai,2016,78000,Diesel,Manual,Second,25.0,1396,69.01,5,2.35,Tata,Indigo CS eVX,10,7800.0
Pune,2012,100000,Petrol,Manual,First,20.92,998,67.1,5,1.8,Maruti,Alto K10 LXI,14,7142.857142857143
Coimbatore,2015,31412,Petrol,Manual,First,21.1,814,55.2,5,3.42,Hyundai,EON D Lite Plus,11,2855.6363636363635
Mumbai,2010,78000,Diesel,Automatic,Second,11.4,2953,153.86,7,5.34,Ford,Endeavour 3.0L 4X4 AT,16,4875.0
Hyderabad,2018,14000,Diesel,Automatic,First,12.62,2198,158.0,7,31.99,Ford,Endeavour 2.2 Titanium AT 4X2,8,1750.0
Bangalore,2011,80000,Diesel,Manual,First,20.54,1598,103.6,5,4.75,Volkswagen,Vento Diesel Highline,15,5333.333333333333
Mumbai,2014,46738,Petrol,Automatic,First,19.12,1373,91.1,5,6.1,Maruti,Ciaz AT ZXi,12,3894.8333333333335
Coimbatore,2013,54884,Petrol,Manual,Second,21.1,814,55.2,5,3.69,Hyundai,EON D Lite Plus,13,4221.846153846154
Delhi,2012,74500,Diesel,Automatic,Second,14.16,1968,174.3,5,15.0,Audi,Q5 2.0 TDI Premium Plus,14,5321.428571428572
Coimbatore,2016,67472,Diesel,Manual,First,16.0,2179,140.0,7,14.5,Mahindra,XUV500 W10 AWD,10,6747.2
Hyderabad,2013,84000,Diesel,Manual,First,28.4,1248,74.0,5,5.65,Maruti,Swift VDI,13,6461.538461538462
Kolkata,2011,77400,Diesel,Manual,First,21.1,1248,73.9,5,2.5,Maruti,Ritz VDi,15,5160.0
Mumbai,2017,14470,Diesel,Automatic,First,19.71,2143,201.15,5,38.5,Mercedes-Benz,New C-Class C 250 CDI Avantgarde,9,1607.7777777777778
Kolkata,2014,52108,Diesel,Manual,First,19.01,1461,108.45,5,5.49,Renault,Duster 110PS Diesel RxZ,12,4342.333333333333
Kolkata,2013,40000,Petrol,Manual,First,19.1,1197,85.8,5,3.55,Maruti,Swift Dzire VXI,13,3076.923076923077
Jaipur,2014,105044,Diesel,Manual,First,12.99,2494,100.6,7,10.75,Toyota,Innova 2.5 VX (Diesel) 7 Seater,12,8753.666666666666
Delhi,2016,24347,Petrol,Manual,First,15.8,1591,121.3,5,11.0,Hyundai,Creta 1.6 SX Option,10,2434.7
Ahmedabad,2014,58000,Diesel,Manual,First,21.79,1248,88.73,5,4.5,Maruti,SX4 ZDI,12,4833.333333333333
Kochi,2014,49663,Diesel,Manual,First,15.1,2179,140.0,7,8.42,Mahindra,XUV500 W8 2WD,12,4138.583333333333
Mumbai,2017,17000,Petrol,Automatic,First,18.0,1497,117.3,5,11.6,Honda,City i-VTEC CVT VX,9,1888.888888888889
Kochi,2016,13418,Diesel,Automatic,First,16.36,2179,187.7,5,33.63,Jaguar,XF 2.2 Litre Luxury,10,1341.8
Pune,2008,117080,Diesel,Manual,Third,17.8,1399,68.0,5,2.25,Ford,Fiesta 1.4 SXi TDCi ABS,18,6504.444444444444
Mumbai,2010,74000,Petrol,Automatic,First,10.8,2497,150.0,5,12.95,BMW,5 Series 523i Sedan,16,4625.0
Hyderabad,2010,86514,Diesel,Manual,First,17.8,1248,113.27689373297004,5,4.25,Maruti,Swift VDI BSIV W ABS,16,5407.125
Coimbatore,2014,66882,Diesel,Automatic,First,17.68,1968,174.33,5,25.02,Audi,A6 2011-2015 2.0 TDI Premium Plus,12,5573.5
Kochi,2014,41460,Petrol,Manual,First,18.5,1198,86.8,5,3.95,Honda,Brio 1.2 VX MT,12,3455.0
Mumbai,2011,57000,Petrol,Automatic,First,16.8,1497,118.0,5,4.4,Honda,City 1.5 V AT,15,3800.0
Bangalore,2015,34010,Petrol,Manual,Third,16.47,1198,73.9,5,4.95,Volkswagen,Polo Petrol Comfortline 1.2L,11,3091.818181818182
Pune,2010,96813,Diesel,Manual,Second,12.05,2179,120.0,8,5.5,Mahindra,Scorpio SLE BSIII,16,6050.8125
Mumbai,2011,84000,Petrol,Manual,First,16.8,1497,116.3,5,3.25,Honda,City V MT,15,5600.0
Kochi,2013,50004,Petrol,Manual,First,15.0,1598,103.5,5,4.02,Skoda,Rapid 1.6 MPI Elegance,13,3846.4615384615386
Coimbatore,2016,67995,Diesel,Manual,First,16.0,2179,140.0,7,11.73,Mahindra,XUV500 W6 2WD,10,6799.5
Chennai,2012,55000,Diesel,Manual,First,15.0,1896,105.0,5,9.5,Volkswagen,Jetta 2007-2011 2.0 TDI Trendline,14,3928.5714285714284
Hyderabad,2017,14900,Petrol,Automatic,First,21.4,1197,83.1,5,8.6,Maruti,Baleno Alpha Automatic,9,1655.5555555555557
Jaipur,2013,70961,Diesel,Manual,First,25.8,1498,98.6,5,4.0,Honda,Amaze EX i-Dtech,13,5458.538461538462
Mumbai,2015,40194,Petrol,Manual,First,15.04,1598,103.2,5,5.55,Volkswagen,Vento 1.6 Highline,11,3654.0
Hyderabad,2015,96000,Petrol,Manual,First,22.74,796,47.3,5,2.5,Maruti,Alto 800 LXI,11,8727.272727272728
Mumbai,2017,35000,Diesel,Automatic,First,18.0,2993,255.0,7,41.6,Land,Rover Discovery HSE Luxury 3.0 TD6,9,3888.8888888888887
Delhi,2015,50000,Petrol,Automatic,First,18.0,1497,117.3,5,7.41,Honda,City i VTEC CVT VX,11,4545.454545454545
Mumbai,2014,50000,Diesel,Manual,First,19.01,1461,108.5,5,6.5,Nissan,Terrano XL 110 PS,12,4166.666666666667
Mumbai,2008,26299,Petrol,Manual,First,19.7,796,46.3,5,1.2,Maruti,Alto LXi,18,1461.0555555555557
Bangalore,2015,150386,Diesel,Manual,First,14.24,2755,174.5,7,23.0,Toyota,Fortuner 2.8 4WD MT,11,13671.454545454546
Kolkata,2012,60000,Diesel,Manual,First,21.9,1396,90.0,5,2.74,Hyundai,i20 1.4 CRDi Magna,14,4285.714285714285
Hyderabad,2013,65000,Diesel,Manual,First,20.0,1399,68.0,5,3.9,Ford,Figo Diesel Titanium,13,5000.0
Ahmedabad,2017,80000,Diesel,Manual,First,24.3,1248,88.5,5,8.0,Maruti,Vitara Brezza ZDi Plus,9,8888.888888888889
Chennai,2012,92000,Diesel,Manual,Third,22.32,1582,126.32,5,4.0,Hyundai,Verna 1.6 SX,14,6571.428571428572
Mumbai,2016,13000,Petrol,Automatic,First,12.95,1999,152.88,5,17.75,Hyundai,Tucson 2.0 Dual VTVT 2WD AT GL,10,1300.0
Coimbatore,2013,73278,Diesel,Manual,First,21.1,1248,73.9,5,5.05,Maruti,Ritz VDi,13,5636.7692307692305
Mumbai,2011,38000,Petrol,Automatic,First,10.8,1984,132.0,5,12.0,Audi,A4 2.0 TFSI,15,2533.3333333333335
Kochi,2016,46936,Diesel,Automatic,First,13.0,2143,204.0,5,29.6,Mercedes-Benz,E-Class E250 CDI Launch Edition,10,4693.6
Jaipur,2015,55000,Diesel,Manual,First,19.87,1461,83.8,5,6.5,Renault,Duster 85PS Diesel RxE,11,5000.0
Mumbai,2014,19000,Petrol,Automatic,First,15.5,1198,86.7,5,4.75,Honda,Amaze S AT i-Vtech,12,1583.3333333333333
Coimbatore,2016,42259,Diesel,Automatic,First,9.0,1984,181.0,5,24.36,Volvo,S60 D4 SUMMUM,10,4225.9
Mumbai,2011,14000,Petrol,Manual,Second,17.5,1197,85.8,5,3.2,Maruti,Swift Dzire 1.2 Lxi BSIV,15,933.3333333333334
Kolkata,2016,16956,Petrol,Manual,First,22.5,998,67.04,5,3.6,Maruti,Wagon R VXI,10,1695.6
Coimbatore,2017,15473,Petrol,Manual,First,16.8,796,34.2,5,3.58,Maruti,Omni MPI STD BSIV,9,1719.2222222222222
Delhi,2011,75000,Diesel,Manual,First,21.5,1248,88.8,5,2.5,Maruti,SX4 VDI,15,5000.0
Ahmedabad,2013,96000,Diesel,Manual,Second,23.5,1498,90.0,5,3.5,Ford,Fiesta Titanium 1.5 TDCi,13,7384.615384615385
Delhi,2015,25000,Petrol,Automatic,First,19.16,2494,158.2,5,25.0,Toyota,Camry Hybrid,11,2272.7272727272725
Mumbai,2010,38000,Petrol,Manual,Second,22.5,998,67.04,5,1.75,Maruti,Wagon R VXI,16,2375.0
Bangalore,2005,54000,Diesel,Automatic,First,11.0,2987,198.5,5,10.0,Mercedes-Benz,E-Class E270 CDI,21,2571.4285714285716
Jaipur,2018,4131,Petrol,Automatic,First,21.4,1197,83.1,5,7.75,Maruti,Baleno Zeta Automatic,8,516.375
Hyderabad,2016,31700,Petrol,Manual,First,18.7,1199,88.7,5,6.45,Honda,Jazz 1.2 VX i VTEC,10,3170.0
Pune,2017,66988,Diesel,Automatic,First,15.4,2179,120.0,7,10.0,Mahindra,Scorpio S10 AT 4WD,9,7443.111111111111
Mumbai,2014,54230,Petrol,Manual,First,16.47,1198,74.0,5,4.5,Volkswagen,Polo 1.2 MPI Trendline,12,4519.166666666667
Kolkata,2015,35000,Petrol,Manual,First,17.0,1197,80.0,5,3.4,Hyundai,i20 1.2 Era,11,3181.818181818182
Mumbai,2010,62714,Petrol,Automatic,First,12.1,2362,164.7,5,4.5,Toyota,Camry W4 (AT),16,3919.625
Hyderabad,2015,45295,Petrol,Manual,First,18.9,998,67.1,5,4.3,Maruti,Wagon R VXI,11,4117.727272727273
Pune,2018,7000,Diesel,Automatic,First,18.12,1995,190.0,5,46.0,BMW,5 Series 2013-2017 520d M Sport,8,875.0
Chennai,2016,57000,Petrol,Automatic,First,24.07,998,67.1,5,3.4,Maruti,Alto K10 VXI AGS,10,5700.0
Delhi,2013,40100,Diesel,Automatic,First,14.84,2143,170.0,5,14.5,Mercedes-Benz,New C-Class 220 CDI AT,13,3084.6153846153848
Delhi,2013,56000,Petrol,Manual,First,24.7,796,47.3,5,2.1,Maruti,Alto 800 2016-2019 LXI,13,4307.692307692308
Mumbai,2012,15000,Petrol,Manual,First,18.6,1197,85.8,5,3.65,Maruti,Swift VXI,14,1071.4285714285713
Kolkata,2014,14000,Petrol,Manual,First,18.2,1199,82.5,5,3.0,Chevrolet,Sail Hatchback 1.2 LS ABS,12,1166.6666666666667
Ahmedabad,2009,68000,Diesel,Manual,Second,23.0,1396,90.0,5,3.95,Hyundai,i20 Asta 1.4 CRDi (Diesel),17,4000.0
Delhi,2012,83000,Diesel,Automatic,First,11.9,2496,163.2,5,6.75,Skoda,Superb 2.5 TDi AT,14,5928.571428571428
Kochi,2013,81504,Diesel,Manual,First,21.43,1364,87.2,5,6.53,Toyota,Corolla Altis D-4D G,13,6269.538461538462
Hyderabad,2015,73500,Diesel,Manual,First,13.0,2982,168.5,7,22.0,Toyota,Fortuner 4x2 Manual,11,6681.818181818182
Pune,2013,52900,Petrol,Automatic,First,14.3,1598,103.52,5,4.75,Skoda,Rapid 1.6 MPI AT Elegance,13,4069.230769230769
Mumbai,2017,20000,Petrol,Automatic,First,16.5,1198,86.8,5,5.99,Honda,Brio 1.2 VX AT,9,2222.222222222222
Jaipur,2011,46000,Petrol,Manual,First,16.47,1198,73.9,5,3.05,Volkswagen,Polo Petrol Comfortline 1.2L,15,3066.6666666666665
Delhi,2010,65000,Petrol,Manual,First,16.47,1198,73.9,5,2.4,Volkswagen,Polo Petrol Comfortline 1.2L,16,4062.5
Pune,2007,42000,Petrol,Manual,Third,18.2,998,67.1,5,1.3,Maruti,Zen Estilo LXI BSIII,19,2210.5263157894738
Kochi,2016,36681,Diesel,Manual,First,23.59,1364,67.06,5,6.71,Toyota,Etios Cross 1.4L GD,10,3668.1
Ahmedabad,2014,67000,Diesel,Manual,Second,15.1,2179,140.0,7,7.2,Mahindra,XUV500 W8 2WD,12,5583.333333333333
Chennai,2016,18000,Petrol,Automatic,First,18.9,1197,82.0,5,5.4,Hyundai,Grand i10 AT Asta,10,1800.0
Kochi,2015,56409,Diesel,Manual,First,22.7,1498,89.84,5,6.63,Ford,Ecosport 1.5 DV5 MT Titanium Optional,11,5128.090909090909
Mumbai,2016,65263,CNG,Manual,First,17.5,1373,80.46,7,7.5,Maruti,Ertiga VXI CNG,10,6526.3
Coimbatore,2018,20300,Petrol,Automatic,First,18.0,1497,117.3,5,14.21,Honda,City i-VTEC CVT ZX,8,2537.5
Kolkata,2010,45008,Petrol,Manual,First,17.0,1497,118.0,5,3.0,Honda,City 1.5 V MT,16,2813.0
Kochi,2017,21799,Petrol,Manual,First,23.1,998,67.04,5,5.11,Maruti,Celerio ZXI MT,9,2422.1111111111113
Pune,2011,57328,Petrol,Manual,First,15.04,1598,103.6,5,3.39,Volkswagen,Vento Petrol Highline,15,3821.866666666667
Hyderabad,2017,35358,Diesel,Automatic,First,11.36,2755,171.5,7,22.99,Toyota,Innova Crysta 2.8 ZX AT,9,3928.6666666666665
Delhi,2009,46946,Petrol,Manual,Second,18.5,1197,80.0,5,2.35,Hyundai,i20 Magna,17,2761.529411764706
Kolkata,2012,39772,Diesel,Manual,First,23.2,1248,73.94,5,2.85,Maruti,Ritz VDi,14,2840.8571428571427
Delhi,2014,58000,Diesel,Automatic,First,17.68,1968,174.33,5,18.5,Audi,A6 2011-2015 2.0 TDI Premium Plus,12,4833.333333333333
Bangalore,2014,52000,Petrol,Manual,First,13.24,1598,102.57,5,5.99,Renault,Duster Petrol RxL,12,4333.333333333333
Hyderabad,2008,152000,Petrol,Manual,Second,13.5,1799,130.0,5,3.0,Honda,Civic 2006-2010 1.8 V MT,18,8444.444444444445
Jaipur,2016,42700,Petrol,Manual,First,23.84,1199,84.0,5,3.6,Tata,Tiago 1.2 Revotron XT,10,4270.0
Hyderabad,2014,60000,Diesel,Automatic,First,16.55,1968,147.51,5,24.0,Audi,A4 2.0 TDI,12,5000.0
Coimbatore,2015,33195,Petrol,Manual,First,19.1,1197,85.8,5,6.26,Maruti,Swift Dzire VXI,11,3017.7272727272725
Hyderabad,2010,110000,Diesel,Manual,First,14.24,2755,174.5,7,13.7,Toyota,Fortuner 2.8 4WD MT,16,6875.0
Mumbai,2016,52000,Diesel,Automatic,First,15.26,2143,203.2,5,35.0,Mercedes-Benz,M-Class ML 250 CDI,10,5200.0
Kochi,2015,64399,Diesel,Manual,First,21.9,1396,90.0,5,5.02,Hyundai,i20 Magna 1.4 CRDi,11,5854.454545454545
Mumbai,2015,55000,Petrol,Manual,First,21.5,1197,81.8,5,3.1,Maruti,Wagon R VXI 1.2,11,5000.0
Bangalore,2012,50000,Diesel,Manual,First,20.54,1598,103.6,5,5.5,Volkswagen,Vento Diesel Highline,14,3571.4285714285716
Kolkata,2014,33485,Petrol,Manual,First,19.1,1197,85.8,5,3.59,Maruti,Swift Dzire VXI,12,2790.4166666666665
Kolkata,2015,32000,Diesel,Manual,First,20.4,1248,91.7,5,4.65,Fiat,Linea Emotion (Diesel),11,2909.090909090909
Bangalore,2009,71400,Petrol,Manual,Third,17.0,1497,118.0,5,3.8,Honda,City 1.5 V MT,17,4200.0
Hyderabad,2016,41713,Diesel,Manual,First,19.67,1582,126.2,5,12.5,Hyundai,Creta 1.6 SX Plus Diesel,10,4171.3
Hyderabad,2017,46000,Diesel,Manual,First,25.6,1498,98.6,5,12.9,Honda,City i-DTEC ZX,9,5111.111111111111
Hyderabad,2015,52950,Petrol,Manual,First,14.0,796,35.0,5,2.35,Maruti,Omni 8 Seater BSIV,11,4813.636363636364
Chennai,2015,29500,Petrol,Manual,First,20.4,1197,81.8,5,4.15,Maruti,Swift LXI Option,11,2681.818181818182
Coimbatore,2012,63888,Diesel,Automatic,First,14.0,2987,224.0,5,22.58,Mercedes-Benz,M-Class ML 350 CDI Corporate,14,4563.428571428572
Ahmedabad,2016,60000,Petrol,Manual,First,24.7,796,47.3,5,2.65,Maruti,Alto 800 2016-2019 LXI,10,6000.0
Delhi,2010,59196,Petrol,Manual,Second,15.6,1196,70.0,5,2.25,Ford,Figo Petrol Titanium,16,3699.75
Hyderabad,2016,121362,Diesel,Manual,First,13.68,2393,147.8,7,16.0,Toyota,Innova Crysta 2.4 G MT,10,12136.2
Mumbai,2013,78000,Diesel,Automatic,First,18.48,1995,177.0,5,19.5,BMW,5 Series 2003-2012 520d,13,6000.0
Bangalore,2015,59000,Diesel,Automatic,First,13.01,2199,194.3,7,21.0,Hyundai,Santa Fe 4WD AT,11,5363.636363636364
Ahmedabad,2012,95000,Diesel,Automatic,Second,22.48,1995,190.0,5,17.5,BMW,5 Series 520d Luxury Line,14,6785.714285714285
Hyderabad,2010,84000,Diesel,Manual,Second,17.8,1399,68.0,5,2.41,Ford,Fiesta EXi 1.4 TDCi Ltd,16,5250.0
Bangalore,2012,58253,Diesel,Manual,Second,23.59,1364,113.27689373297004,5,4.45,Toyota,Etios GD,14,4160.928571428572
Coimbatore,2014,64557,Diesel,Automatic,Second,12.7,2179,187.7,5,29.93,Land,Rover Range Rover 2.2L Prestige,12,5379.75
Kolkata,2009,68078,Petrol,Manual,First,19.7,796,46.3,5,1.02,Maruti,Alto LX,17,4004.5882352941176
Jaipur,2009,149706,Diesel,Manual,First,11.5,2982,171.0,7,11.0,Toyota,Fortuner 3.0 Diesel,17,8806.235294117647
Pune,2004,215750,Diesel,Manual,Second,0.0,2446,113.27689373297004,10,3.5,Toyota,Qualis RS E2,22,9806.818181818182
Mumbai,2013,25984,Petrol,Manual,First,15.8,1499,110.0,5,5.35,Ford,Ecosport 1.5 Ti VCT MT Titanium,13,1998.7692307692307
Mumbai,2017,15544,Petrol,Manual,First,21.4,1197,83.1,5,5.65,Maruti,Baleno Sigma 1.2,9,1727.111111111111
Mumbai,2015,34000,Diesel,Automatic,First,23.8,1998,112.0,5,22.0,Mini,Cooper Countryman D High,11,3090.909090909091
Mumbai,2013,24000,Petrol,Automatic,First,17.01,1591,121.4,5,5.95,Hyundai,Verna 1.6 VTVT EX AT,13,1846.1538461538462
Pune,2011,95000,Diesel,Manual,Third,20.0,1399,68.0,5,2.35,Ford,Figo Diesel Titanium,15,6333.333333333333
Pune,2014,52000,Diesel,Manual,Second,25.8,1498,98.6,5,4.1,Honda,Amaze S i-Dtech,12,4333.333333333333
Pune,2012,135000,Diesel,Manual,First,19.01,1461,108.45,5,5.4,Renault,Duster 110PS Diesel RxZ,14,9642.857142857143
Delhi,2017,39000,Diesel,Manual,First,23.0,1498,98.96,5,8.45,Ford,EcoSport 1.5 Diesel Titanium,9,4333.333333333333
Jaipur,2013,45306,Diesel,Automatic,Second,11.2,2993,241.0,4,42.5,BMW,X6 xDrive30d,13,3485.076923076923
Mumbai,2010,140000,Diesel,Manual,First,14.24,2755,174.5,7,10.75,Toyota,Fortuner 2.8 4WD MT,16,8750.0
Pune,2010,55000,LPG,Manual,Second,13.45,1086,62.1,5,1.65,Hyundai,Santro Xing GLS LPG,16,3437.5
Kochi,2015,67415,Diesel,Automatic,First,11.18,2696,184.0,7,11.03,Mahindra,Ssangyong Rexton RX7,11,6128.636363636364
Kolkata,2016,25562,Petrol,Manual,First,23.1,998,67.04,5,3.5,Maruti,Celerio VXI,10,2556.2
Jaipur,2016,30292,Petrol,Manual,First,18.6,1197,81.83,5,6.3,Hyundai,i20 Sportz 1.2,10,3029.2
Bangalore,2014,84056,Petrol,Manual,First,18.88,999,123.24,5,6.75,Ford,EcoSport 1.0 Ecoboost Titanium Plus,12,7004.666666666667
Jaipur,2017,62691,Diesel,Manual,First,26.21,1248,88.5,5,7.5,Maruti,Ciaz VDi,9,6965.666666666667
Pune,2013,87000,Diesel,Automatic,First,17.11,1968,174.33,5,15.5,Audi,A4 2.0 TDI 177 Bhp Premium Plus,13,6692.307692307692
Delhi,2015,52513,Petrol,Manual,First,18.0,1198,86.7,5,4.65,Honda,Amaze S i-Vtech,11,4773.909090909091
Kochi,2016,43983,Petrol,Automatic,First,15.63,1499,110.4,5,7.58,Ford,EcoSport 1.5 Ti VCT AT Titanium,10,4398.3
Hyderabad,2013,90121,Petrol,Manual,First,20.92,998,67.1,5,2.2,Maruti,Alto K10 2010-2014 VXI,13,6932.384615384615
Bangalore,2011,50000,Diesel,Automatic,Third,16.77,2967,241.38,5,21.0,Audi,A6 3.0 TDI quattro,15,3333.3333333333335
Kolkata,2011,42500,Diesel,Automatic,First,18.33,1968,167.7,5,5.25,Volkswagen,Passat Diesel Highline 2.0 TDI,15,2833.3333333333335
Kochi,2016,62192,Diesel,Manual,First,28.4,1248,74.0,5,5.22,Maruti,Swift VDI,10,6219.2
Chennai,2011,128000,Diesel,Manual,Third,19.2,1461,65.0,5,2.0,Mahindra,Logan Diesel 1.5 DLS,15,8533.333333333334
Kochi,2018,38394,Petrol,Manual,First,21.56,1462,103.25,5,9.18,Maruti,Ciaz Alpha,8,4799.25
Coimbatore,2013,37287,Petrol,Manual,First,26.0,624,35.0,4,1.74,Tata,Nano Lx,13,2868.230769230769
Delhi,2011,60000,Petrol,Automatic,First,16.8,1497,118.0,5,4.45,Honda,City 1.5 V AT,15,4000.0
Coimbatore,2017,39419,Petrol,Manual,First,18.16,1196,86.8,5,4.95,Ford,Figo 2015-2019 1.2P Trend MT,9,4379.888888888889
Delhi,2014,55000,Diesel,Manual,First,22.54,1396,88.73,5,5.64,Hyundai,i20 Sportz 1.4 CRDi,12,4583.333333333333
Mumbai,2016,7000,Petrol,Manual,First,18.88,1499,110.4,5,6.9,Ford,EcoSport 1.5 Ti VCT MT Titanium BE,10,700.0
Hyderabad,2011,85000,Diesel,Automatic,First,16.55,1968,147.51,5,13.95,Audi,A4 2.0 TDI,15,5666.666666666667
Hyderabad,2013,51000,Diesel,Automatic,Second,20.58,1995,143.0,5,17.0,BMW,1 Series 118d Sport Line,13,3923.076923076923
Bangalore,2012,90000,Diesel,Manual,Second,13.93,2179,138.03,7,4.6,Tata,Safari DICOR 2.2 LX 4x2,14,6428.571428571428
Jaipur,2010,105000,Diesel,Manual,Second,12.05,2179,120.0,8,5.21,Mahindra,Scorpio VLX 4WD AIRBAG BSIV,16,6562.5
Coimbatore,2017,36458,Petrol,Manual,First,15.29,1591,121.3,5,12.34,Hyundai,Creta 1.6 SX Plus Dual Tone Petrol,9,4050.8888888888887
Chennai,2006,109000,Petrol,Manual,First,16.9,1497,100.0,5,1.5,Honda,City ZX VTEC,20,5450.0
Delhi,2015,49000,Diesel,Automatic,First,17.05,1995,184.0,5,22.99,BMW,X1 sDrive 20d Sportline,11,4454.545454545455
Mumbai,2011,8000,Petrol,Automatic,First,9.0,3436,113.27689373297004,2,43.0,Porsche,Cayman 2009-2012 S tiptronic,15,533.3333333333334
Hyderabad,2010,45000,Diesel,Automatic,First,14.7,2993,241.4,6,40.0,Land,Rover Range Rover Sport 2005 2012 HSE,16,2812.5
Chennai,2008,68000,Petrol,Manual,Third,19.7,796,46.3,5,1.2,Maruti,Alto LXi BSIII,18,3777.777777777778
Mumbai,2011,54000,Petrol,Automatic,First,19.2,1197,80.0,5,2.9,Hyundai,i10 Asta Sunroof AT,15,3600.0
Delhi,2016,28000,Petrol,Automatic,First,14.62,1999,149.92,5,13.9,Hyundai,Elantra 2.0 SX Option AT,10,2800.0
Delhi,2016,38500,Diesel,Manual,Second,28.09,1248,88.5,5,7.85,Maruti,Ciaz RS ZDi Plus SHVS,10,3850.0
Coimbatore,2016,17738,Diesel,Automatic,First,15.3,2993,258.0,5,54.45,BMW,X5 xDrive 30d,10,1773.8
Kolkata,2012,67132,Diesel,Manual,First,13.58,2499,78.0,9,4.75,Chevrolet,Tavera LT 9 Str BS IV,14,4795.142857142857
Mumbai,2011,47000,Diesel,Manual,First,20.64,1498,108.5,5,3.25,Volkswagen,Vento 1.5 TDI Trendline,15,3133.3333333333335
Mumbai,2015,28005,Petrol,Manual,First,17.8,1497,117.3,5,7.1,Honda,City i VTEC V,11,2545.909090909091
Kolkata,2017,13000,Petrol,Manual,First,20.4,1197,81.8,5,4.65,Maruti,Swift VXI BSIV,9,1444.4444444444443
Kolkata,2012,67000,Diesel,Manual,First,19.33,1968,138.1,5,5.0,Volkswagen,Jetta 2012-2014 2.0L TDI Comfortline,14,4785.714285714285
Delhi,2015,50000,Petrol,Manual,First,18.6,1197,81.83,5,4.95,Hyundai,i20 Sportz 1.2,11,4545.454545454545
Bangalore,2014,55000,Diesel,Manual,First,15.1,2179,140.0,7,9.8,Mahindra,XUV500 W8 2WD,12,4583.333333333333
Coimbatore,2019,9312,Diesel,Automatic,First,18.0,2987,258.0,5,78.8,Mercedes-Benz,E-Class E 350 d,7,1330.2857142857142
Kolkata,2015,30458,Petrol,Manual,First,23.1,998,67.04,5,2.99,Maruti,Celerio LXI,11,2768.909090909091
Mumbai,2014,46000,Petrol,Manual,First,15.04,1598,103.2,5,4.45,Volkswagen,Vento 1.6 Highline,12,3833.3333333333335
Pune,2011,50000,Petrol,Manual,Second,23.9,624,37.48,4,0.75,Tata,Nano XT,15,3333.3333333333335
Delhi,2016,36676,CNG,Manual,First,25.0,1197,81.86,5,5.0,Hyundai,Xcent 1.2 Kappa S Option CNG,10,3667.6
Chennai,2014,72563,Diesel,Manual,Second,22.77,1498,98.59,5,5.0,Ford,EcoSport 1.5 TDCi Titanium,12,6046.916666666667
Coimbatore,2015,58239,Petrol,Automatic,First,14.62,1999,149.92,5,9.69,Hyundai,Elantra 2.0 SX Option AT,11,5294.454545454545
Coimbatore,2015,57934,Diesel,Manual,First,18.2,1248,73.74,8,5.5,Chevrolet,Enjoy 1.3 TCDi LTZ 8,11,5266.727272727273
Chennai,2017,6500000,Diesel,Automatic,First,15.97,2993,258.0,5,65.0,BMW,X5 xDrive 30d M Sport,9,722222.2222222222
Jaipur,2015,63000,Diesel,Manual,First,20.14,1498,88.8,5,5.11,Volkswagen,Polo 1.5 TDI Highline,11,5727.272727272727
Mumbai,2012,27014,Petrol,Manual,First,16.25,1198,75.0,5,2.19,Skoda,Fabia 1.2 MPI Ambition Plus,14,1929.5714285714287
Chennai,2012,90906,Diesel,Manual,First,20.54,1598,103.6,5,4.25,Volkswagen,Vento Diesel Comfortline,14,6493.285714285715
Hyderabad,2013,61202,Diesel,Automatic,First,11.18,2696,184.0,7,14.5,Mahindra,Ssangyong Rexton RX7,13,4707.846153846154
Mumbai,2014,51000,Diesel,Manual,First,19.87,1461,83.14,5,5.65,Nissan,Terrano XL D Option,12,4250.0
Ahmedabad,2016,88008,Diesel,Automatic,Second,12.9,2755,174.5,7,22.5,Toyota,Fortuner 2.8 2WD AT,10,8800.8
Jaipur,2004,160000,Petrol,Automatic,Second,11.3,1794,125.0,5,1.5,Toyota,Corolla H4,22,7272.727272727273
Kochi,2012,42591,Petrol,Manual,First,20.36,1197,78.9,5,3.2,Hyundai,i10 Sportz,14,3042.214285714286
Bangalore,2012,67000,Diesel,Manual,First,23.0,1396,90.0,5,4.5,Hyundai,i20 1.4 CRDi Sportz,14,4785.714285714285
Pune,2014,48000,Diesel,Manual,Second,25.8,1498,98.6,5,4.5,Honda,Amaze S i-Dtech,12,4000.0
Jaipur,2014,97000,Diesel,Automatic,First,22.32,1582,126.32,5,8.0,Hyundai,Verna 1.6 SX CRDI (O) AT,12,8083.333333333333
Mumbai,2018,10000,Diesel,Automatic,First,17.9,2143,136.0,5,28.9,Mercedes-Benz,GLA Class 200 d Sport,8,1250.0
Coimbatore,2015,56900,Diesel,Manual,First,20.14,1498,88.8,5,4.1,Volkswagen,Polo 1.5 TDI Trendline,11,5172.727272727273
Hyderabad,2006,74483,Petrol,Automatic,First,0.0,999,113.27689373297004,5,2.3,Hyundai,Santro AT,20,3724.15
Kochi,2017,36152,Petrol,Automatic,First,21.4,1197,83.1,5,7.22,Maruti,Baleno Zeta Automatic,9,4016.8888888888887
Hyderabad,2014,85512,Diesel,Manual,First,22.9,1248,74.0,5,5.8,Maruti,Swift VDI,12,7126.0
Chennai,2013,234000,Diesel,Manual,Second,14.0,2489,95.0,8,3.5,Mahindra,Xylo D2 BSIV,13,18000.0
Bangalore,2013,36000,Diesel,Manual,Second,22.7,1498,89.84,5,6.35,Ford,Ecosport 1.5 DV5 MT Trend,13,2769.230769230769
Delhi,2015,36096,Diesel,Manual,First,15.1,2179,140.0,7,8.85,Mahindra,XUV500 W8 2WD,11,3281.4545454545455
Hyderabad,2010,111111,Petrol,Manual,Second,18.6,1199,79.4,5,2.0,Chevrolet,Beat LS,16,6944.4375
Bangalore,2012,73000,Petrol,Manual,First,17.01,1591,121.3,5,5.5,Hyundai,Verna 1.6 VTVT,14,5214.285714285715
Kolkata,2014,44300,Petrol,Manual,Second,18.9,1197,82.0,5,2.3,Hyundai,Grand i10 Asta,12,3691.6666666666665
Bangalore,2014,74500,Diesel,Manual,First,19.01,1461,108.45,5,7.95,Renault,Duster 110PS Diesel RxZ,12,6208.333333333333
Coimbatore,2016,21495,Petrol,Manual,First,19.1,1197,81.86,5,6.16,Hyundai,Xcent 1.2 Kappa S Option,10,2149.5
Delhi,2012,59000,Petrol,Manual,First,20.36,1197,78.9,5,2.85,Hyundai,i10 Sportz,14,4214.285714285715
Delhi,2016,23000,Petrol,Automatic,First,13.7,1991,183.0,5,25.0,Mercedes-Benz,GLA Class 200 Sport Edition,10,2300.0
Coimbatore,2008,50135,Diesel,Manual,First,15.8,2148,170.0,5,10.36,Mercedes-Benz,New C-Class 220 CDI MT,18,2785.277777777778
Delhi,2016,25000,Petrol,Automatic,First,15.04,1991,183.0,5,26.0,Mercedes-Benz,CLA 200 Sport Edition,10,2500.0
Kolkata,2013,47000,Diesel,Manual,First,22.32,1582,126.32,5,4.35,Hyundai,Verna 1.6 SX CRDi (O),13,3615.3846153846152
Chennai,2016,150000,Diesel,Manual,First,14.95,2489,93.7,9,4.5,Mahindra,Xylo D2 Maxx,10,15000.0
Delhi,2015,53503,Diesel,Manual,First,26.59,1248,74.0,5,5.0,Maruti,Swift Dzire LDI,11,4863.909090909091
Ahmedabad,2014,47003,Petrol,Manual,First,20.36,1197,78.9,5,3.67,Hyundai,i10 Sportz,12,3916.9166666666665
Delhi,2014,80000,Diesel,Manual,First,14.0,2179,138.1,7,6.0,Tata,Safari Storme Explorer Edition,12,6666.666666666667
Coimbatore,2018,20492,Petrol,Manual,First,18.9,1197,82.0,5,6.34,Hyundai,Grand i10 Asta,8,2561.5
Chennai,2012,17000,Petrol,Automatic,Second,16.82,1998,189.08,4,22.0,Mini,Cooper Convertible S,14,1214.2857142857142
Delhi,2006,79000,Petrol,Manual,Second,13.4,1794,125.0,5,1.67,Toyota,Corolla H5,20,3950.0
Kolkata,2014,27000,Petrol,Manual,First,14.28,1798,138.03,5,7.95,Toyota,Corolla Altis G MT,12,2250.0
Kochi,2018,28786,Petrol,Manual,First,10.4,2393,163.5,5,9.74,Maruti,Grand Vitara 2.4 MT,8,3598.25
Chennai,2011,143354,Diesel,Manual,Second,16.0,1997,140.0,7,6.0,Mahindra,XUV500 W8 1.99 mHawk,15,9556.933333333332
Mumbai,2013,21000,Petrol,Automatic,First,17.44,1998,189.08,4,21.5,Mini,Cooper 3 DOOR S,13,1615.3846153846155
Pune,2014,29202,CNG,Manual,First,33.54,998,67.04,5,3.9,Maruti,Wagon R CNG LXI,12,2433.5
Jaipur,2009,73000,Diesel,Manual,Second,21.1,1248,73.9,5,2.35,Maruti,Ritz VDi,17,4294.117647058823
Delhi,2012,74000,Diesel,Manual,Second,22.07,1199,73.9,5,2.65,Volkswagen,Polo Diesel Comfortline 1.2L,14,5285.714285714285
Kochi,2011,65423,Petrol,Manual,First,20.36,1197,78.9,5,3.16,Hyundai,i10 Magna,15,4361.533333333334
Jaipur,2009,65000,Petrol,Manual,Second,19.0,998,66.1,5,2.05,Maruti,A-Star Vxi,17,3823.529411764706
Hyderabad,2013,83875,CNG,Manual,Second,26.6,998,58.16,5,2.95,Maruti,Wagon R LXI CNG,13,6451.923076923077
Hyderabad,2014,55277,Petrol,Manual,First,20.51,998,67.04,5,3.9,Maruti,Wagon R Stingray LXI,12,4606.416666666667
Coimbatore,2017,50808,Diesel,Manual,Second,24.2,1498,98.6,7,6.68,Honda,Mobilio S i DTEC,9,5645.333333333333
Jaipur,2017,52000,Petrol,Manual,Second,21.1,814,55.2,5,3.5,Hyundai,EON Era Plus,9,5777.777777777777
Mumbai,2017,32000,Petrol,Automatic,First,14.84,1598,103.52,5,8.11,Skoda,Rapid 1.6 MPI AT Ambition,9,3555.5555555555557
Delhi,2017,25000,Diesel,Manual,First,28.09,1248,88.5,5,8.3,Maruti,Ciaz VDi Plus SHVS,9,2777.777777777778
Coimbatore,2016,23218,Diesel,Automatic,First,15.26,2143,203.2,5,45.61,Mercedes-Benz,M-Class ML 250 CDI,10,2321.8
Pune,2010,84000,Diesel,Automatic,First,20.0,1968,138.1,5,4.45,Skoda,Laura Elegance 2.0 TDI CR AT,16,5250.0
Delhi,2017,40000,Diesel,Manual,First,24.3,1248,88.5,5,7.85,Maruti,Vitara Brezza VDi Option,9,4444.444444444444
Hyderabad,2011,17000,LPG,Manual,First,13.45,1086,62.1,5,3.1,Hyundai,Santro Xing GLS LPG,15,1133.3333333333333
Kolkata,2014,25135,Diesel,Manual,First,24.0,1120,70.0,5,3.75,Hyundai,Grand i10 CRDi Sportz,12,2094.5833333333335
Delhi,2017,65000,Diesel,Manual,First,25.47,1248,88.5,7,7.65,Maruti,Ertiga VDI,9,7222.222222222223
Ahmedabad,2013,40000,Petrol,Manual,First,17.0,1197,80.0,5,4.9,Hyundai,i20 1.2 Sportz,13,3076.923076923077
Coimbatore,2018,24500,Diesel,Automatic,First,16.0,2179,140.0,7,16.52,Mahindra,XUV500 AT W10 FWD,8,3062.5
Kochi,2016,56674,Petrol,Automatic,First,13.7,1798,157.75,5,14.05,Skoda,Superb Elegance 1.8 TSI AT,10,5667.4
Kochi,2016,51950,Petrol,Manual,First,20.73,1373,91.1,5,6.75,Maruti,Ciaz VXi Plus,10,5195.0
Kolkata,2016,51000,Diesel,Manual,First,19.67,1582,126.2,5,9.2,Hyundai,Creta 1.6 CRDi SX,10,5100.0
Chennai,2012,150000,Diesel,Manual,Third,23.59,1364,113.27689373297004,5,3.0,Toyota,Etios GD,14,10714.285714285714
Chennai,2008,114750,Petrol,Manual,Second,17.0,1497,118.0,5,2.75,Honda,City 1.5 S MT,18,6375.0
Hyderabad,2016,107890,Diesel,Manual,First,13.5,2198,157.7,7,20.5,Ford,Endeavour 2.2 Trend MT 4X4,10,10789.0
Pune,2012,64000,Diesel,Manual,First,21.9,1396,90.0,5,4.25,Hyundai,i20 2015-2017 1.4 Magna ABS,14,4571.428571428572
Kolkata,2016,21460,Petrol,Manual,First,17.0,1497,121.36,5,6.0,Ford,EcoSport 1.5 Petrol Trend,10,2146.0
Coimbatore,2015,29634,Petrol,Manual,Second,17.0,1197,80.0,5,6.0,Hyundai,i20 1.2 Sportz,11,2694.0
Ahmedabad,2008,52000,Petrol,Manual,First,16.1,1298,88.2,5,2.41,Maruti,Swift VXI BSIII,18,2888.8888888888887
Hyderabad,2015,33000,Petrol,Automatic,First,19.0,1199,88.7,5,7.25,Honda,Jazz V CVT,11,3000.0
Kochi,2014,89230,Diesel,Manual,First,11.1,2400,200.0,7,23.65,Volvo,XC90 2007-2015 D5 AWD,12,7435.833333333333
Delhi,2016,27000,Petrol,Manual,First,21.4,1197,83.1,5,6.5,Maruti,Baleno Alpha 1.2,10,2700.0
Kochi,2017,72524,Diesel,Automatic,Second,17.9,2143,136.0,5,18.06,Mercedes-Benz,GLA Class 200 CDI SPORT,9,8058.222222222223
Hyderabad,2016,73000,Petrol,Manual,First,25.17,799,53.3,5,3.2,Renault,KWID RXT,10,7300.0
Coimbatore,2017,21740,Petrol,Manual,First,18.16,1196,86.8,5,6.42,Ford,Figo 2015-2019 1.2P Titanium Opt MT,9,2415.5555555555557
Jaipur,2015,59000,Diesel,Manual,First,13.0,2982,168.5,7,23.0,Toyota,Fortuner 4x2 Manual,11,5363.636363636364
Chennai,2013,83432,Petrol,Manual,First,17.0,1497,118.0,5,5.9,Honda,City 1.5 S MT,13,6417.846153846154
Pune,2014,87200,Diesel,Manual,First,15.4,2523,75.0,7,7.75,Mahindra,Scorpio S2 7 Seater,12,7266.666666666667
Hyderabad,2012,88000,Diesel,Automatic,First,13.2,1995,170.0,5,15.0,BMW,3 Series 320d,14,6285.714285714285
Jaipur,2017,48324,Diesel,Manual,First,24.3,1248,88.5,5,9.0,Maruti,Vitara Brezza ZDi Plus,9,5369.333333333333
Delhi,2011,51000,Petrol,Automatic,First,11.74,1796,186.0,5,11.5,Mercedes-Benz,New C-Class C 200 CGI Elegance,15,3400.0
Kolkata,2012,24000,Petrol,Manual,Second,17.01,1591,121.3,5,6.2,Hyundai,Verna 1.6 VTVT,14,1714.2857142857142
Kochi,2017,20773,Diesel,Manual,First,24.0,1186,73.97,5,5.92,Hyundai,Grand i10 1.2 CRDi Sportz,9,2308.1111111111113
Kolkata,2016,22000,Diesel,Manual,First,20.14,1498,88.0,5,6.29,Volkswagen,Polo 1.5 TDI Highline,10,2200.0
Kochi,2014,66355,Petrol,Manual,First,18.0,1198,86.7,5,4.12,Honda,Amaze S i-Vtech,12,5529.583333333333
Pune,2007,115800,Petrol,Automatic,Third,10.1,2354,152.0,5,3.8,Honda,CR-V 2.4 AT,19,6094.736842105263
Ahmedabad,2014,41125,Petrol,Manual,First,17.92,1086,62.1,5,2.7,Hyundai,Santro Xing GL Plus,12,3427.0833333333335
Coimbatore,2017,43812,Diesel,Automatic,First,15.0,2143,107.3,5,20.28,Mercedes-Benz,B Class B200 CDI,9,4868.0
Delhi,2014,69876,Petrol,Manual,First,18.0,1198,86.7,5,3.9,Honda,Amaze S i-Vtech,12,5823.0
Pune,2014,102000,Diesel,Automatic,Second,12.55,2982,168.5,7,16.5,Toyota,Fortuner 4x2 AT,12,8500.0
Pune,2011,68000,Petrol,Manual,First,17.01,1591,121.3,5,3.7,Hyundai,Verna 1.6 VTVT,15,4533.333333333333
Delhi,2016,12000,Diesel,Automatic,First,10.5,2993,271.23,4,79.0,Jaguar,XJ 3.0L Portfolio,10,1200.0
Mumbai,2013,25000,Diesel,Automatic,First,22.69,1995,190.0,5,17.99,BMW,3 Series 320d,13,1923.076923076923
Jaipur,2013,51873,Diesel,Manual,First,21.9,1396,88.76,5,3.9,Hyundai,i20 Magna 1.4 CRDi (Diesel),13,3990.230769230769
Chennai,2012,72500,Diesel,Manual,First,18.5,1399,68.0,5,3.12,Ford,Figo Diesel EXI Option,14,5178.571428571428
Pune,2007,83000,Petrol,Manual,First,14.0,1061,64.0,5,1.65,Maruti,Wagon R LXI BSIII,19,4368.421052631579
Kolkata,2015,39871,Petrol,Manual,First,19.1,1197,81.86,5,3.5,Hyundai,Xcent 1.2 Kappa S Option,11,3624.6363636363635
Chennai,2015,82000,Diesel,Manual,Second,14.02,2179,118.3,7,4.85,Mahindra,Xylo H4,11,7454.545454545455
Coimbatore,2018,23152,Diesel,Automatic,First,19.27,2143,167.62,5,39.22,Mercedes-Benz,New C-Class C 220d Avantgarde Edition C,8,2894.0
Kolkata,2007,71600,Petrol,Manual,Second,20.36,1197,78.9,5,2.0,Hyundai,i10 Magna,19,3768.4210526315787
Mumbai,2010,122000,Diesel,Manual,Second,11.5,2982,171.0,7,10.45,Toyota,Fortuner 3.0 Diesel,16,7625.0
Chennai,2016,29277,Petrol,Automatic,First,19.16,2494,158.2,5,27.0,Toyota,Camry Hybrid,10,2927.7
Kolkata,2011,60000,Diesel,Manual,First,20.0,1399,68.0,5,2.25,Ford,Figo Diesel ZXI,15,4000.0
Kolkata,2014,42000,Petrol,Manual,First,19.1,1197,81.86,5,3.45,Hyundai,Xcent 1.2 Kappa S Option,12,3500.0
Kochi,2016,61823,Petrol,Manual,First,18.6,1197,81.83,5,6.14,Hyundai,i20 Sportz 1.2,10,6182.3
Jaipur,2012,53000,LPG,Manual,Second,19.2,1086,68.05,5,2.85,Hyundai,i10 Magna LPG,14,3785.714285714286
Chennai,2015,75000,CNG,Manual,First,24.6,1193,55.23,5,3.25,Tata,Indigo CS Emax CNG GLX,11,6818.181818181818
Hyderabad,2011,110000,Diesel,Manual,First,28.4,1248,73.75,5,4.0,Maruti,Dzire VDI,15,7333.333333333333
Kolkata,2010,38446,Petrol,Manual,First,17.0,1497,118.0,5,2.59,Honda,City 1.5 S MT,16,2402.875
Delhi,2017,33000,Diesel,Manual,First,27.39,1248,74.0,5,6.96,Maruti,Baleno Delta 1.3,9,3666.6666666666665
Kolkata,2011,42118,Petrol,Manual,First,18.3,1197,113.27689373297004,5,2.19,Toyota,Etios Liva G,15,2807.866666666667
Jaipur,2016,70000,Petrol,Manual,First,21.1,814,55.2,5,3.0,Hyundai,EON Era Plus,10,7000.0
Delhi,2012,68038,Diesel,Manual,First,20.14,1498,88.0,5,3.6,Volkswagen,Polo 1.5 TDI Highline,14,4859.857142857143
Coimbatore,2014,55012,Diesel,Manual,Second,25.44,936,57.6,5,3.7,Chevrolet,Beat Diesel LS,12,4584.333333333333
Ahmedabad,2013,55000,Diesel,Automatic,First,22.48,1995,190.0,5,21.75,BMW,5 Series 520d Luxury Line,13,4230.7692307692305
Mumbai,2017,25000,Diesel,Automatic,First,17.9,2143,170.0,5,45.0,Mercedes-Benz,GLC 220d 4MATIC Sport,9,2777.777777777778
Coimbatore,2011,46808,Petrol,Manual,Second,24.07,998,67.1,5,3.19,Maruti,Alto K10 VXI,15,3120.5333333333333
Coimbatore,2015,65743,Petrol,Manual,First,20.14,1197,81.86,5,6.2,Hyundai,Xcent 1.2 VTVT S,11,5976.636363636364
Coimbatore,2013,64466,Petrol,Manual,First,19.81,1086,68.05,5,3.96,Hyundai,i10 Magna 1.1,13,4958.923076923077
Kolkata,2009,75648,Diesel,Manual,First,13.5,1405,113.27689373297004,5,0.82,Tata,Indica DLS,17,4449.882352941177
Jaipur,2016,80000,Diesel,Manual,First,23.4,1248,74.0,5,4.5,Maruti,Swift Dzire Tour LDI,10,8000.0
Mumbai,2017,69000,Diesel,Manual,First,25.4,1186,73.97,5,3.55,Hyundai,Xcent 1.2 CRDi E Plus,9,7666.666666666667
Chennai,2014,79200,Diesel,Manual,First,22.71,1461,84.8,5,5.5,Nissan,Sunny Diesel XV,12,6600.0
Mumbai,2016,29477,Petrol,Manual,First,15.8,1591,121.3,5,10.25,Hyundai,Creta 1.6 SX Option,10,2947.7
Delhi,2017,40000,Diesel,Automatic,First,12.9,2755,174.5,7,30.0,Toyota,Fortuner 2.8 2WD AT,9,4444.444444444444
Pune,2014,25000,Petrol,Manual,Second,18.5,1197,85.8,5,3.5,Maruti,Ritz VXi,12,2083.3333333333335
Delhi,2014,67668,Diesel,Manual,First,23.08,1461,63.12,5,3.1,Renault,Pulse RxL,12,5639.0
Hyderabad,2010,78000,Petrol,Manual,First,17.5,1198,75.0,5,3.25,Skoda,Fabia 1.2 MPI Ambiente Petrol,16,4875.0
Mumbai,2017,30000,Diesel,Manual,First,23.0,1498,98.96,5,8.99,Ford,EcoSport 1.5 Diesel Titanium,9,3333.3333333333335
Kolkata,2015,70623,Petrol,Manual,First,15.04,1598,103.6,5,3.99,Volkswagen,Vento Petrol Comfortline,11,6420.272727272727
Mumbai,2015,54000,Diesel,Manual,Second,19.01,1461,108.5,5,6.0,Nissan,Terrano XV 110 PS,11,4909.090909090909
Mumbai,2015,48000,Diesel,Automatic,First,15.73,1968,174.33,5,18.25,Audi,Q3 2012-2015 35 TDI Quattro Premium,11,4363.636363636364
Delhi,2012,62000,Diesel,Manual,First,12.99,2494,100.0,7,7.75,Toyota,Innova 2.5 GX (Diesel) 7 Seater,14,4428.571428571428
Delhi,2017,47000,Petrol,Manual,Second,17.57,1193,88.7,5,4.5,Tata,Zest Revotron 1.2T XE,9,5222.222222222223
Bangalore,2014,171000,Diesel,Manual,First,11.5,2982,171.0,7,16.75,Toyota,Fortuner 3.0 Diesel,12,14250.0
Pune,2012,108000,Diesel,Automatic,First,16.09,1995,184.0,5,17.5,BMW,X3 xDrive20d,14,7714.285714285715
Chennai,2016,41000,Diesel,Manual,First,22.7,1598,118.0,5,7.7,Maruti,SX4 S Cross DDiS 320 Zeta,10,4100.0
Pune,2012,66000,Petrol,Manual,Second,17.0,1497,118.0,5,4.45,Honda,City 1.5 S MT,14,4714.285714285715
Jaipur,2015,144000,Diesel,Manual,First,26.59,1248,74.0,5,5.25,Maruti,Swift Dzire LDI,11,13090.90909090909
Kochi,2017,23806,Diesel,Automatic,First,22.69,1995,190.0,5,33.66,BMW,3 Series 320d M Sport,9,2645.1111111111113
Chennai,2013,89000,Petrol,Automatic,Second,19.34,1198,76.0,5,2.8,Nissan,Micra XV CVT,13,6846.153846153846
Coimbatore,2018,38852,Petrol,Automatic,First,21.4,1197,83.1,5,8.47,Maruti,Baleno Zeta Automatic,8,4856.5
Coimbatore,2018,68737,Diesel,Manual,First,26.21,1248,88.5,5,9.32,Maruti,Ciaz ZDi Plus,8,8592.125
Coimbatore,2017,23106,Diesel,Automatic,First,17.9,2143,136.0,5,27.43,Mercedes-Benz,CLA 200 CDI Style,9,2567.3333333333335
Delhi,2015,31250,Diesel,Manual,First,24.5,1498,98.6,7,6.5,Honda,Mobilio RS i DTEC,11,2840.909090909091
Delhi,2014,77795,Diesel,Manual,First,12.99,2494,100.6,8,9.5,Toyota,Innova 2.5 GX (Diesel) 8 Seater,12,6482.916666666667
Kochi,2015,47759,Diesel,Automatic,First,14.74,2993,270.9,5,31.8,Jaguar,XF 3.0 Litre S Premium Luxury,11,4341.727272727273
Chennai,2013,67620,Petrol,Manual,Second,17.6,1496,88.8,5,4.2,Toyota,Etios Petrol TRD Sportivo,13,5201.538461538462
Kochi,2013,44378,Diesel,Manual,First,25.44,936,57.6,5,3.85,Chevrolet,Beat Diesel LS,13,3413.6923076923076
Delhi,2012,64709,Petrol,Manual,Second,12.8,2354,177.6,5,6.0,Honda,Accord 2.4 M/T,14,4622.071428571428
Hyderabad,2007,76161,Petrol,Manual,First,19.7,796,46.3,5,1.65,Maruti,Alto LXi,19,4008.4736842105262
Bangalore,2013,58410,Diesel,Automatic,First,19.3,1968,141.0,5,14.5,Skoda,Octavia Ambition 2.0 TDI AT,13,4493.076923076923
Delhi,2011,72000,Diesel,Manual,First,12.8,2494,102.0,7,7.1,Toyota,Innova 2.5 V Diesel 7-seater,15,4800.0
Chennai,2016,11000,Diesel,Automatic,First,17.11,1968,174.33,5,28.0,Audi,A4 35 TDI Premium Sport,10,1100.0
Kochi,2017,45362,Diesel,Manual,First,24.3,1248,88.5,5,9.38,Maruti,Vitara Brezza ZDi Plus Dual Tone,9,5040.222222222223
Kochi,2016,59767,Petrol,Manual,First,18.9,1197,82.0,5,4.78,Hyundai,Grand i10 Sportz,10,5976.7
Chennai,2003,70000,Petrol,Manual,Second,13.4,1794,125.0,5,1.7,Toyota,Corolla DX,23,3043.478260869565
Coimbatore,2019,14233,Diesel,Automatic,First,17.6,2179,153.86,7,17.85,Tata,Hexa XTA,7,2033.2857142857142
Pune,2010,72000,Petrol,Manual,Second,17.0,1197,80.0,5,2.75,Hyundai,i20 2015-2017 1.2 Asta,16,4500.0
Mumbai,2014,11000,Petrol,Manual,First,17.01,1591,121.3,5,5.95,Hyundai,Verna 1.6 SX VTVT,12,916.6666666666666
Mumbai,2011,39000,Petrol,Manual,First,14.0,796,35.0,5,1.5,Maruti,Omni 8 Seater BSIV,15,2600.0
Kochi,2019,19855,Petrol,Manual,First,24.7,796,47.3,5,3.8,Maruti,Alto 800 2016-2019 VXI,7,2836.4285714285716
Bangalore,2017,20149,Diesel,Automatic,First,19.27,2143,167.62,5,38.5,Mercedes-Benz,New C-Class C 220d Avantgarde Edition C,9,2238.777777777778
Jaipur,2011,70000,Petrol,Manual,First,19.81,1086,68.05,5,2.15,Hyundai,i10 Era 1.1,15,4666.666666666667
Mumbai,2010,62004,Petrol,Automatic,Second,14.67,1798,177.46,5,3.75,Skoda,Superb Style 1.8 TSI AT,16,3875.25
Mumbai,2016,25500,Diesel,Automatic,First,21.5,1498,108.5,5,8.95,Volkswagen,Vento 1.5 TDI Highline AT,10,2550.0
Hyderabad,2013,68800,Diesel,Manual,First,17.8,1248,113.27689373297004,5,5.0,Maruti,Swift VDI BSIV,13,5292.307692307692
Pune,2010,61700,Petrol,Manual,First,14.8,1799,130.2,5,2.95,Honda,Civic 2010-2013 1.8 V MT,16,3856.25
Coimbatore,2010,59660,Petrol,Automatic,First,12.05,1995,154.0,5,10.49,BMW,3 Series 320i Sedan,16,3728.75
Hyderabad,2007,69775,Petrol,Manual,Second,17.92,1086,62.1,5,1.85,Hyundai,Santro Xing GLS,19,3672.3684210526317
Hyderabad,2016,51787,Diesel,Manual,First,17.8,1248,113.27689373297004,5,6.45,Maruti,Swift VDI BSIV,10,5178.7
Jaipur,2009,88000,Petrol,Automatic,First,11.1,2354,142.0,5,5.25,Honda,Accord 2001-2003 2.3 VTi L AT,17,5176.470588235294
Kolkata,2014,47052,Diesel,Manual,First,20.77,1248,88.76,7,5.99,Maruti,Ertiga VDI,12,3921.0
Kochi,2015,69749,Diesel,Manual,First,18.6,1388,67.0,5,3.82,Ford,Fiesta Classic 1.4 Duratorq LXI,11,6340.818181818182
Hyderabad,2012,79000,Diesel,Automatic,First,12.07,2967,241.4,7,39.0,Audi,Q7 3.0 TDI Quattro Premium Plus,14,5642.857142857143
Coimbatore,2016,39644,Diesel,Automatic,First,17.11,1968,174.33,5,25.75,Audi,A4 35 TDI Premium,10,3964.4
Hyderabad,2012,137800,Diesel,Manual,First,22.3,1248,74.0,5,2.2,Tata,Indica Vista Quadrajet VX,14,9842.857142857143
Chennai,2008,120000,Diesel,Manual,Second,18.1,1493,110.0,5,2.0,Hyundai,Verna CRDi ABS,18,6666.666666666667
Mumbai,2018,11000,Diesel,Automatic,First,16.1,1950,194.0,5,56.5,Mercedes-Benz,E-Class E 220 d,8,1375.0
Mumbai,2014,18600,Diesel,Automatic,Second,22.69,1995,190.0,5,21.0,BMW,3 Series 320d Luxury Line,12,1550.0
Ahmedabad,2014,116905,Diesel,Manual,First,24.0,1120,70.0,5,4.0,Hyundai,Grand i10 CRDi Asta,12,9742.083333333334
Coimbatore,2011,32824,Petrol,Automatic,First,16.95,1197,78.9,5,3.83,Hyundai,i10 Sportz AT,15,2188.266666666667
Kochi,2016,19148,Petrol,Manual,First,16.1,1197,85.0,5,5.89,Maruti,Swift VXi BSIV,10,1914.8
Kolkata,2010,35008,Petrol,Manual,First,17.92,1086,62.1,5,1.36,Hyundai,Santro Xing GLS,16,2188.0
Delhi,2013,21000,Diesel,Automatic,Second,17.54,2993,313.0,4,44.0,BMW,6 Series Gran Coupe,13,1615.3846153846155
Mumbai,2014,53000,CNG,Manual,First,22.1,1586,85.7,5,3.26,Maruti,SX4 Green Vxi (CNG),12,4416.666666666667
Bangalore,2016,36000,Petrol,Manual,First,17.43,1396,105.5,5,8.0,Hyundai,Verna 1.4 VTVT,10,3600.0
Ahmedabad,2012,56121,Diesel,Manual,First,23.4,1248,74.0,5,4.25,Maruti,Swift Dzire ZDI,14,4008.6428571428573
Pune,2018,30000,Diesel,Manual,First,28.4,1248,74.0,5,6.0,Maruti,Swift VDI,8,3750.0
Kochi,2016,31021,Diesel,Automatic,First,19.5,1968,141.0,5,16.61,Skoda,Octavia 2.0 TDI AT Style Plus,10,3102.1
Coimbatore,2013,52600,Diesel,Manual,First,19.6,1461,108.45,5,7.26,Renault,Duster 110PS Diesel RxL,13,4046.153846153846
Bangalore,2005,60000,Diesel,Manual,First,10.5,2179,120.0,8,4.0,Mahindra,Scorpio 2.6 CRDe,21,2857.1428571428573
Ahmedabad,2016,44001,Diesel,Automatic,First,18.12,1995,190.0,5,34.51,BMW,5 Series 2013-2017 520d Luxury Line,10,4400.1
Chennai,2003,101000,Petrol,Manual,Third,17.3,1061,64.0,5,0.95,Maruti,Wagon R VXI BSIII,23,4391.304347826087
Hyderabad,2007,84169,Petrol,Manual,First,14.0,1061,64.0,5,2.2,Maruti,Wagon R LXI BSIII,19,4429.9473684210525
Mumbai,2017,14001,Petrol,Manual,First,18.6,1197,81.83,5,5.75,Hyundai,i20 Sportz 1.2,9,1555.6666666666667
Pune,2005,100000,CNG,Manual,Third,17.0,1086,113.27689373297004,5,1.2,Hyundai,Santro Xing XO CNG,21,4761.9047619047615
Delhi,2016,59000,Diesel,Automatic,First,18.0,2993,255.0,7,36.75,Land,Rover Discovery SE 3.0 TD6,10,5900.0
Hyderabad,2009,29000,Petrol,Automatic,Second,11.7,1796,178.0,5,10.0,Mercedes-Benz,New C-Class 230 Avantgarde,17,1705.8823529411766
Mumbai,2012,38800,Diesel,Manual,First,21.64,1461,84.8,5,4.05,Nissan,Sunny 2011-2014 Diesel XV,14,2771.4285714285716
Hyderabad,2011,98000,Diesel,Automatic,First,12.07,2967,241.4,7,22.0,Audi,Q7 3.0 TDI quattro,15,6533.333333333333
Coimbatore,2017,20969,Diesel,Automatic,First,17.9,2143,136.0,5,27.87,Mercedes-Benz,CLA 200 CDI Sport,9,2329.8888888888887
Kolkata,2018,2900,Diesel,Manual,First,24.3,1248,88.5,5,8.75,Maruti,Vitara Brezza ZDi,8,362.5
Hyderabad,2016,69000,Diesel,Manual,First,19.3,1248,73.9,5,4.79,Maruti,Swift Dzire Vdi BSIV,10,6900.0
Coimbatore,2018,5833,Diesel,Manual,First,21.13,1498,108.4,5,11.92,Skoda,Rapid 1.5 TDI Ambition,8,729.125
Coimbatore,2016,28733,Diesel,Automatic,Second,12.07,2967,241.4,7,53.11,Audi,Q7 35 TDI Quattro Technology,10,2873.3
Jaipur,2006,145000,Petrol,Manual,First,18.9,998,67.1,5,1.15,Maruti,Wagon R LXI,20,7250.0
Pune,2014,71000,Diesel,Manual,First,25.1,1498,98.6,5,7.45,Honda,City i DTEC VX Option,12,5916.666666666667
Jaipur,2017,12000,Petrol,Manual,First,21.1,814,55.2,5,3.5,Hyundai,EON Magna Plus,9,1333.3333333333333
Kochi,2018,21603,Diesel,Automatic,First,13.0,2987,265.0,5,70.15,Mercedes-Benz,E-Class 2015-2017 E350 CDI Avantgrade,8,2700.375
Hyderabad,2013,58000,Diesel,Automatic,First,13.2,1995,170.0,5,19.5,BMW,3 Series 320d,13,4461.538461538462
Pune,2012,39000,Petrol,Automatic,Second,12.05,1995,154.0,5,15.0,BMW,3 Series 318i Sedan,14,2785.714285714286
Coimbatore,2017,37712,Diesel,Manual,First,17.45,1493,100.0,7,7.57,Mahindra,NuvoSport N8,9,4190.222222222223
Hyderabad,2012,68000,Petrol,Manual,First,18.5,1197,85.8,5,4.4,Maruti,Ritz VXi,14,4857.142857142857
Chennai,2016,25000,Diesel,Automatic,First,15.87,2993,308.43,5,60.0,BMW,X6 xDrive 40d M Sport,10,2500.0
Kolkata,2010,30000,Petrol,Manual,First,18.6,1199,79.4,5,1.6,Chevrolet,Beat LT,16,1875.0
Pune,2014,68218,Petrol,Manual,First,19.1,1197,85.8,5,4.9,Maruti,Swift Dzire VXI,12,5684.833333333333
Delhi,2014,52000,Diesel,Manual,First,20.77,1248,88.8,7,5.95,Maruti,Ertiga ZDI,12,4333.333333333333
Coimbatore,2015,63591,Diesel,Manual,First,20.45,1461,83.8,5,5.35,Renault,Duster 85PS Diesel RxL,11,5781.0
Hyderabad,2014,57937,Petrol,Automatic,First,15.5,1198,86.7,5,5.4,Honda,Amaze VX AT i-Vtech,12,4828.083333333333
Coimbatore,2015,21979,Diesel,Automatic,First,17.11,1968,174.33,5,23.45,Audi,A4 2.0 TDI Premium Sport Limited Edition,11,1998.090909090909
Hyderabad,2002,99000,Diesel,Manual,Second,18.7,1896,66.0,5,1.9,Skoda,Octavia Ambiente 1.9 TDI MT,24,4125.0
Pune,2016,62000,Diesel,Manual,First,25.8,1498,98.6,5,6.1,Honda,Amaze E i-Dtech,10,6200.0
Mumbai,2006,127001,Diesel,Manual,First,12.8,2494,102.0,8,4.95,Toyota,Innova 2.5 EV Diesel MS 8 Str BSIII,20,6350.05
Hyderabad,2013,84600,Petrol,Manual,Second,21.1,814,55.2,5,2.5,Hyundai,EON D Lite Plus,13,6507.692307692308
Kochi,2018,30953,Petrol,Manual,First,22.7,799,53.64,5,3.48,Datsun,redi-GO T Option,8,3869.125
Chennai,2012,78000,Diesel,Manual,First,22.9,1248,74.0,5,4.4,Maruti,Swift VDI,14,5571.428571428572
Hyderabad,2008,85000,Diesel,Manual,First,9.5,2835,118.6,6,7.99,Mitsubishi,Pajero 2.8 GLX Sports,18,4722.222222222223
Hyderabad,2008,79000,Diesel,Automatic,First,13.1,2400,215.0,5,10.99,Volvo,S80 D5,18,4388.888888888889
Delhi,2014,79000,Diesel,Automatic,First,12.55,2982,168.5,7,18.5,Toyota,Fortuner 4x2 AT,12,6583.333333333333
Coimbatore,2018,48188,Diesel,Manual,First,16.3,1956,170.0,5,21.69,Jeep,Compass 2.0 Limited 4X4,8,6023.5
Coimbatore,2014,67557,Diesel,Manual,First,23.4,1248,74.0,5,5.17,Maruti,Swift Dzire VDI,12,5629.75
Delhi,2011,103814,Diesel,Manual,Second,22.32,1582,126.32,5,4.5,Hyundai,Verna 1.6 SX,15,6920.933333333333
Kolkata,2014,45128,Diesel,Manual,First,12.05,2179,120.0,8,6.75,Mahindra,Scorpio VLX 2WD BSIV,12,3760.6666666666665
Kochi,2013,56075,Petrol,Manual,First,19.81,1086,68.05,5,3.12,Hyundai,i10 Era,13,4313.461538461538
Hyderabad,2011,166000,Diesel,Manual,First,12.99,2494,100.6,8,8.25,Toyota,Innova 2.5 G (Diesel) 8 Seater,15,11066.666666666666
Coimbatore,2017,65367,Diesel,Automatic,First,11.36,2755,171.5,7,20.14,Toyota,Innova Crysta 2.8 ZX AT,9,7263.0
Hyderabad,2013,114708,Diesel,Manual,First,12.99,2494,100.0,8,12.6,Toyota,Innova 2.5 G (Diesel) 8 Seater,13,8823.692307692309
Kochi,2015,35082,Diesel,Manual,First,23.4,1248,74.0,5,6.61,Maruti,Swift Dzire ZDI,11,3189.2727272727275
Kochi,2016,38593,Diesel,Automatic,First,17.01,1582,126.2,5,13.23,Hyundai,Creta 1.6 CRDi AT SX Plus,10,3859.3
Mumbai,2008,70700,Diesel,Manual,First,12.99,2494,100.0,8,4.75,Toyota,Innova 2.5 G (Diesel) 8 Seater BS IV,18,3927.777777777778
Mumbai,2011,83000,Diesel,Manual,Second,20.54,1598,103.6,5,2.9,Volkswagen,Vento Diesel Highline,15,5533.333333333333
Hyderabad,2015,120000,Diesel,Manual,First,14.8,2499,80.0,10,5.5,Chevrolet,Tavera LS B3 10 Seats BSIII,11,10909.09090909091
Kochi,2014,91586,Diesel,Automatic,Second,11.18,2696,184.0,7,9.47,Mahindra,Ssangyong Rexton RX7,12,7632.166666666667
Mumbai,2008,38235,Petrol,Manual,First,20.36,1197,78.9,5,1.95,Hyundai,i10 Magna,18,2124.1666666666665
Kolkata,2011,37000,Petrol,Manual,First,20.36,1197,78.9,5,2.2,Hyundai,i10 Sportz 1.2,15,2466.6666666666665
Mumbai,2006,50888,Petrol,Manual,First,17.0,1086,113.27689373297004,5,1.15,Hyundai,Santro Xing XG eRLX Euro III,20,2544.4
Bangalore,2013,44000,Petrol,Manual,Second,18.0,1198,86.7,5,4.35,Honda,Amaze S i-Vtech,13,3384.6153846153848
Pune,2016,54000,Petrol,Automatic,First,23.1,998,67.04,5,4.5,Maruti,Celerio ZXI AT,10,5400.0
Chennai,2013,90000,Petrol,Manual,First,18.9,1197,82.0,5,3.55,Hyundai,Grand i10 Asta,13,6923.076923076923
Kolkata,2015,35000,Diesel,Manual,First,19.3,1248,73.9,5,4.75,Maruti,Swift Dzire VDi,11,3181.818181818182
Coimbatore,2012,47324,Petrol,Manual,Second,20.36,1197,78.9,5,4.52,Hyundai,i10 Sportz,14,3380.285714285714
Mumbai,2012,65148,Diesel,Automatic,First,15.06,1995,177.0,5,12.75,BMW,X1 sDrive 20d Exclusive,14,4653.428571428572
Coimbatore,2014,57773,Diesel,Automatic,Second,17.11,1968,174.33,5,20.04,Audi,A4 2.0 TDI 177 Bhp Premium Plus,12,4814.416666666667
Bangalore,2014,87000,Diesel,Manual,First,20.45,1461,83.8,5,6.5,Nissan,Terrano XL 85 PS,12,7250.0
Chennai,2007,179032,Diesel,Manual,First,11.56,3200,199.3,7,7.5,Mitsubishi,Montero 3.2 GLS,19,9422.736842105263
Mumbai,2016,8000,Petrol,Automatic,First,22.5,998,67.0,5,4.15,Maruti,Wagon R VXI AMT,10,800.0
Hyderabad,2007,77000,Petrol,Manual,First,13.5,1799,130.0,5,2.5,Honda,Civic 2006-2010 1.8 (E) MT,19,4052.6315789473683
Pune,2016,20600,Petrol,Manual,First,18.6,1197,81.83,5,5.4,Hyundai,i20 2015-2017 Magna 1.2,10,2060.0
Mumbai,2016,13198,Petrol,Manual,First,24.07,998,67.1,5,3.15,Maruti,Alto K10 VXI,10,1319.8
Bangalore,2015,21000,Diesel,Automatic,Second,12.07,2967,241.4,7,52.5,Audi,Q7 35 TDI Quattro Technology,11,1909.090909090909
Delhi,2016,38000,Petrol,Manual,First,18.6,1197,81.83,5,5.95,Hyundai,i20 Sportz Option 1.2,10,3800.0
Coimbatore,2019,15379,Petrol,Automatic,First,23.84,1199,83.83,5,6.97,Tata,Tiago AMT 1.2 Revotron XZA,7,2197.0
Hyderabad,2011,60000,Petrol,Manual,First,20.36,1197,78.9,5,3.2,Hyundai,i10 Sportz 1.2,15,4000.0
Pune,2007,70000,Petrol,Manual,First,0.0,1086,113.27689373297004,5,1.12,Hyundai,Santro Xing XP,19,3684.2105263157896
Bangalore,2013,75371,Diesel,Manual,First,20.46,1461,83.8,5,6.69,Renault,Duster 85PS Diesel RxL Optional,13,5797.7692307692305
Bangalore,2014,60000,Diesel,Manual,Second,13.49,2179,138.03,5,5.9,Tata,Xenon XT EX 4X4,12,5000.0
Kolkata,2009,30675,Petrol,Manual,First,18.5,1197,80.0,5,2.25,Hyundai,i20 Magna,17,1804.4117647058824
Kolkata,2013,22000,Diesel,Manual,First,23.4,1248,74.0,5,4.5,Maruti,Swift Dzire VDI,13,1692.3076923076924
Pune,2015,55000,Petrol,Manual,First,22.0,814,55.0,5,2.61,Hyundai,EON Magna,11,5000.0
Jaipur,2010,74213,Diesel,Automatic,First,14.84,2143,170.0,5,11.5,Mercedes-Benz,New C-Class 220 CDI AT,16,4638.3125
Mumbai,2016,15000,Petrol,Automatic,First,16.82,1998,189.08,4,35.0,Mini,Cooper Convertible S,10,1500.0
Jaipur,2010,57000,Petrol,Manual,First,26.0,624,35.0,4,0.5,Tata,Nano Cx,16,3562.5
Kolkata,2015,62144,Diesel,Manual,Second,26.21,1248,88.5,5,5.75,Maruti,Ciaz ZDi Plus,11,5649.454545454545
Pune,2017,50000,Diesel,Manual,First,22.0,1582,126.2,5,11.5,Hyundai,Verna CRDi 1.6 SX Option,9,5555.555555555556
Jaipur,2015,38000,Petrol,Manual,First,21.1,814,55.2,5,2.75,Hyundai,EON Era Plus,11,3454.5454545454545
Chennai,2016,30000,Diesel,Automatic,Second,18.12,1995,190.0,5,31.5,BMW,5 Series 2013-2017 520d Luxury Line,10,3000.0
Kochi,2016,38735,Petrol,Manual,First,19.4,1198,86.8,5,4.92,Honda,Brio S MT,10,3873.5
Pune,2012,23598,Diesel,Manual,First,23.2,1248,73.94,5,3.52,Maruti,Ritz VDi,14,1685.5714285714287
Chennai,2014,70000,Diesel,Automatic,First,18.88,1995,184.0,5,17.55,BMW,3 Series 320d Prestige,12,5833.333333333333
Pune,2016,39000,Diesel,Manual,First,26.59,1248,74.0,5,5.8,Maruti,Swift Dzire LDI,10,3900.0
Hyderabad,2013,84175,Diesel,Manual,First,23.4,1248,74.0,5,6.95,Maruti,Swift Dzire VDI,13,6475.0
Kolkata,2013,45000,Petrol,Manual,First,16.95,1498,97.6,5,2.4,Renault,Scala RxL,13,3461.5384615384614
Mumbai,2013,59302,Diesel,Automatic,First,14.39,1998,163.7,5,5.25,Chevrolet,Cruze LTZ AT,13,4561.692307692308
Ahmedabad,2012,55002,Petrol,Manual,First,17.5,1298,85.8,5,4.25,Maruti,Swift Dzire ZXi,14,3928.714285714286
Jaipur,2008,128813,Diesel,Manual,First,19.09,1396,69.0,5,1.5,Tata,Indigo CS LX (TDI) BS III,18,7156.277777777777
Jaipur,2016,46522,Diesel,Manual,First,24.0,1120,70.0,5,4.5,Hyundai,Grand i10 CRDi Sportz,10,4652.2
Pune,2014,180000,Diesel,Manual,First,22.3,1248,74.0,5,2.5,Tata,Indica Vista Quadrajet LS,12,15000.0
Chennai,2006,89326,Diesel,Manual,Third,17.8,1399,68.0,5,1.55,Ford,Fiesta 1.4 TDCi EXI,20,4466.3
Pune,2016,54000,Diesel,Manual,First,19.87,1461,83.8,5,6.5,Renault,Duster 85PS Diesel RxE,10,5400.0
Kochi,2015,66337,Diesel,Manual,First,24.0,1120,70.0,5,4.96,Hyundai,Grand i10 CRDi SportZ Edition,11,6030.636363636364
Bangalore,2012,60000,Petrol,Manual,First,19.4,1198,86.8,5,3.25,Honda,Brio S MT,14,4285.714285714285
Kolkata,2010,38001,Petrol,Automatic,First,12.3,1781,163.2,5,8.5,Audi,A4 1.8 TFSI,16,2375.0625
Bangalore,2014,73000,Petrol,Manual,Second,24.7,796,47.3,5,2.75,Maruti,Alto 800 2016-2019 LXI,12,6083.333333333333
Bangalore,2011,61000,Petrol,Manual,Second,16.2,1599,103.2,5,3.4,Hyundai,Verna Transform SX VTVT,15,4066.6666666666665
Hyderabad,2013,120000,Diesel,Manual,First,20.77,1248,88.8,7,7.0,Maruti,Ertiga ZDI,13,9230.76923076923
Kochi,2012,71787,Petrol,Manual,First,12.9,1598,102.5,5,3.21,Chevrolet,Optra Magnum 1.6 LT ABS BS3,14,5127.642857142857
Coimbatore,2016,11554,Diesel,Manual,First,19.67,1582,126.2,5,14.25,Hyundai,Creta 1.6 CRDi SX Option,10,1155.4
Hyderabad,2014,90000,Diesel,Manual,First,20.34,1498,103.2,5,6.5,Volkswagen,Vento 1.5 TDI Highline,12,7500.0
Kolkata,2014,48104,Petrol,Manual,First,17.4,1497,117.3,5,5.49,Honda,City i VTEC SV,12,4008.6666666666665
Pune,2005,91000,Petrol,Manual,Third,16.8,1341,83.0,5,0.8,Hyundai,Getz GLS ABS,21,4333.333333333333
Kochi,2007,58815,Petrol,Manual,First,17.0,1086,113.27689373297004,5,1.99,Hyundai,Santro Xing XG eRLX Euro III,19,3095.5263157894738
Coimbatore,2015,33931,Petrol,Automatic,Second,18.9,1197,82.0,5,5.91,Hyundai,Grand i10 AT Asta,11,3084.6363636363635
Coimbatore,2019,13916,Petrol,Manual,First,18.9,1197,81.86,5,6.44,Hyundai,Grand i10 1.2 Kappa Sportz Option,7,1988.0
Pune,2012,90400,CNG,Manual,First,26.2,998,58.2,5,2.9,Maruti,Wagon R LXI CNG,14,6457.142857142857
Jaipur,2015,14000,Petrol,Manual,First,18.9,1197,82.0,5,4.6,Hyundai,Grand i10 Sportz,11,1272.7272727272727
Pune,2007,121000,Diesel,Manual,Second,17.8,1248,113.27689373297004,5,2.35,Maruti,Swift VDI BSIV,19,6368.421052631579
Coimbatore,2016,17560,Petrol,Manual,First,18.6,1197,81.83,5,7.21,Hyundai,i20 Asta 1.2,10,1756.0
Pune,2016,60000,Diesel,Manual,First,19.87,1461,83.8,5,8.0,Renault,Duster 85PS Diesel RxL,10,6000.0
Hyderabad,2009,88096,Diesel,Manual,Second,19.3,1248,73.9,5,3.5,Maruti,Swift Dzire VDi,17,5182.117647058823
Pune,2008,178280,Diesel,Manual,First,12.8,2494,102.0,8,5.9,Toyota,Innova 2.5 G (Diesel) 8 Seater BS IV,18,9904.444444444445
Coimbatore,2015,19963,Petrol,Manual,Second,25.4,624,37.5,4,1.74,Tata,Nano Twist XT,11,1814.8181818181818
Mumbai,2019,1000,Petrol,Manual,First,18.12,1196,86.8,5,6.8,Ford,Figo 2015-2019 1.2P Sports Edition MT,7,142.85714285714286
Jaipur,2017,8000,Petrol,Manual,First,18.6,1197,81.83,5,7.5,Hyundai,i20 1.2 Asta Option,9,888.8888888888889
Pune,2016,9200,Petrol,Manual,First,15.4,1497,117.3,7,8.0,Honda,BRV i-VTEC V MT,10,920.0
Hyderabad,2015,29000,Diesel,Manual,First,27.4,1498,98.6,5,5.99,Honda,Amaze S Diesel,11,2636.3636363636365
Mumbai,2017,27000,Diesel,Manual,First,19.67,1582,126.2,5,12.9,Hyundai,Creta 1.6 CRDi SX,9,3000.0
Delhi,2018,22900,Petrol,Manual,First,21.4,1197,83.1,5,7.0,Maruti,Baleno Zeta 1.2,8,2862.5
Hyderabad,2014,50000,Diesel,Automatic,First,14.16,1968,174.3,5,35.0,Audi,Q5 2.0 TDI Technology,12,4166.666666666667
Jaipur,2015,60207,Diesel,Manual,First,25.8,1498,98.6,5,5.5,Honda,Amaze S i-DTEC,11,5473.363636363636
Coimbatore,2010,101119,Diesel,Automatic,First,11.0,2993,235.0,5,18.46,BMW,X5 3.0d,16,6319.9375
Jaipur,2010,42000,Petrol,Manual,First,15.6,1196,70.0,5,2.4,Ford,Figo Petrol Titanium,16,2625.0
Pune,2002,93000,Petrol,Manual,Third,18.9,998,67.1,5,1.0,Maruti,Wagon R VXI,24,3875.0
Ahmedabad,2012,60000,Petrol,Manual,Second,19.81,1086,68.05,5,2.65,Hyundai,i10 Era,14,4285.714285714285
Kochi,2015,66122,Diesel,Automatic,First,21.66,1498,103.52,5,5.96,Skoda,Rapid 1.5 TDI AT Elegance,11,6011.090909090909
Kolkata,2015,25100,Diesel,Automatic,First,17.85,2967,300.0,4,75.0,Porsche,Panamera Diesel,11,2281.818181818182
Kochi,2017,24733,Petrol,Automatic,First,15.04,1991,183.0,5,27.15,Mercedes-Benz,CLA 200 Sport Edition,9,2748.1111111111113
Ahmedabad,2008,41000,Petrol,Automatic,Second,10.4,2773,201.0,5,10.5,Audi,A6 2.8 FSI,18,2277.777777777778
Chennai,2015,30000,Petrol,Manual,First,20.73,1373,91.1,5,6.7,Maruti,Ciaz ZXi Plus,11,2727.2727272727275
Kolkata,2013,36000,Diesel,Manual,First,22.7,1498,89.84,5,4.9,Ford,Ecosport 1.5 DV5 MT Titanium,13,2769.230769230769
Hyderabad,2017,40279,Diesel,Manual,First,16.5,1493,70.0,7,8.0,Mahindra,Bolero mHAWK D70 ZLX,9,4475.444444444444
Kochi,2018,46805,Petrol,Manual,First,24.07,998,67.1,5,3.63,Maruti,Alto K10 VXI,8,5850.625
Mumbai,2015,60000,Petrol,Manual,First,17.5,1197,85.8,5,4.8,Maruti,Swift Dzire 1.2 Vxi BSIV,11,5454.545454545455
Mumbai,2017,100000,Petrol,Manual,First,17.57,1193,88.7,5,4.25,Tata,Zest Revotron 1.2T XE,9,11111.111111111111
Coimbatore,2018,51530,Diesel,Automatic,First,10.91,3198,197.2,7,30.27,Ford,Endeavour 3.2 Trend AT 4X4,8,6441.25
Jaipur,2013,81456,Diesel,Manual,First,15.8,2148,170.0,5,14.25,Mercedes-Benz,New C-Class C 220 CDI CLASSIC,13,6265.846153846154
Ahmedabad,2012,37229,Petrol,Automatic,First,16.95,1197,78.9,5,3.41,Hyundai,i10 Sportz AT,14,2659.214285714286
Delhi,2009,73200,Petrol,Manual,First,17.0,1497,118.0,5,2.78,Honda,City 1.5 S MT,17,4305.882352941177
Ahmedabad,2015,71826,Diesel,Automatic,First,19.3,1968,141.0,5,15.5,Skoda,Octavia Elegance 2.0 TDI AT,11,6529.636363636364
Chennai,2017,129000,Diesel,Manual,First,25.0,1396,69.0,5,3.0,Tata,Indica V2 eLS,9,14333.333333333334
Pune,2012,82000,Petrol,Manual,First,18.9,998,67.1,5,2.3,Maruti,Wagon R VXi BSII,14,5857.142857142857
Kochi,2017,40459,Diesel,Manual,First,19.67,1582,126.2,5,13.28,Hyundai,Creta 1.6 CRDi SX,9,4495.444444444444
Hyderabad,2009,61964,Petrol,Manual,First,19.0,998,66.1,5,2.25,Maruti,A-Star Lxi,17,3644.9411764705883
Kochi,2011,15466,Petrol,Manual,First,22.5,998,67.04,5,3.36,Maruti,Wagon R LXI,15,1031.0666666666666
Kolkata,2014,23000,Petrol,Manual,First,17.3,1497,117.3,7,4.25,Honda,Mobilio E i VTEC,12,1916.6666666666667
Coimbatore,2012,43766,Petrol,Manual,First,20.36,1197,78.9,5,4.3,Hyundai,i10 Magna,14,3126.1428571428573
Hyderabad,2010,54000,Petrol,Automatic,First,0.0,3597,262.6,5,6.0,Skoda,Superb 3.6 V6 FSI,16,3375.0
Coimbatore,2018,18521,Diesel,Manual,First,22.54,1396,88.73,5,9.18,Hyundai,i20 1.4 Sportz,8,2315.125
Hyderabad,2017,26400,Petrol,Manual,First,23.1,998,67.04,5,4.99,Maruti,Celerio ZXI Optional,9,2933.3333333333335
Pune,2011,31900,Petrol,Manual,First,13.4,1798,157.8,5,3.75,Skoda,Laura 1.8 TSI Ambiente,15,2126.6666666666665
Chennai,2010,39000,Diesel,Manual,First,20.0,1399,68.0,5,2.5,Ford,Figo Diesel LXI,16,2437.5
Hyderabad,2016,45671,Diesel,Manual,First,27.3,1498,98.6,5,7.2,Honda,Jazz 1.5 VX i DTEC,10,4567.1
Ahmedabad,2016,39500,Diesel,Automatic,First,15.0,2143,204.0,5,29.5,Mercedes-Benz,E-Class 2015-2017 E250 Edition E,10,3950.0
Chennai,2015,54000,Diesel,Automatic,First,17.9,2143,136.0,5,17.55,Mercedes-Benz,GLA Class 200 CDI SPORT,11,4909.090909090909
Chennai,2012,20000,Diesel,Automatic,First,18.5,1985,163.0,5,12.0,Volvo,S60 D3,14,1428.5714285714287
Bangalore,2009,55000,Diesel,Automatic,First,11.8,2967,246.7,5,13.5,Audi,A8 L 3.0 TDI quattro,17,3235.294117647059
Kolkata,2014,48000,Diesel,Automatic,First,22.32,1582,126.32,5,5.1,Hyundai,Verna 1.6 SX CRDI (O) AT,12,4000.0
Kolkata,2011,70000,Diesel,Automatic,First,22.69,1995,190.0,5,10.3,BMW,3 Series 320d,15,4666.666666666667
Delhi,2014,62000,Diesel,Manual,First,22.32,1582,126.32,5,5.7,Hyundai,Verna 1.6 SX,12,5166.666666666667
Kochi,2014,41994,Petrol,Manual,First,22.5,998,67.04,5,3.41,Maruti,Wagon R VXI,12,3499.5
Hyderabad,2010,108882,Diesel,Manual,Second,20.0,1399,68.0,5,2.4,Ford,Figo Diesel EXI,16,6805.125
Coimbatore,2017,24806,Petrol,Manual,First,18.15,1198,82.0,6,5.6,Mahindra,KUV 100 mFALCON G80 K2,9,2756.222222222222
Pune,2006,160000,Diesel,Manual,First,17.0,1405,70.0,5,1.0,Tata,Indigo LS,20,8000.0
Hyderabad,2017,30000,Diesel,Automatic,First,18.49,1493,100.0,7,8.2,Mahindra,TUV 300 T8 AMT,9,3333.3333333333335
Bangalore,2015,51000,Diesel,Automatic,First,15.17,1968,181.0,5,27.5,Audi,Q3 35 TDI Quattro Premium Plus,11,4636.363636363636
Jaipur,2015,64876,Petrol,Manual,First,21.5,1197,81.8,5,3.5,Maruti,Wagon R VXI 1.2,11,5897.818181818182
Kochi,2016,70536,CNG,Manual,First,31.79,998,58.33,5,4.58,Maruti,Celerio CNG VXI MT,10,7053.6
Coimbatore,2017,25299,Diesel,Manual,First,24.3,1248,88.5,5,10.34,Maruti,Vitara Brezza ZDi Plus Dual Tone,9,2811.0
Mumbai,2006,89869,Diesel,Manual,First,12.7,2609,116.6,8,3.25,Mahindra,Scorpio DX 2.6 Turbo 8 Str,20,4493.45
Jaipur,2007,103515,Diesel,Manual,Third,12.6,1991,112.0,7,5.0,Hyundai,Tucson CRDi,19,5448.1578947368425
Hyderabad,2008,68282,Petrol,Manual,First,17.92,1086,62.1,5,2.25,Hyundai,Santro Xing GLS,18,3793.4444444444443
Kochi,2014,60033,Diesel,Automatic,First,18.18,2967,250.0,4,51.52,Porsche,Panamera Diesel 250hp,12,5002.75
Kochi,2018,51921,Diesel,Manual,First,24.3,1248,88.5,5,8.62,Maruti,Vitara Brezza VDi Option,8,6490.125
Mumbai,2017,18414,Diesel,Manual,First,23.4,1248,74.0,5,7.25,Maruti,Swift Dzire VDI,9,2046.0
Kochi,2016,40866,Petrol,Manual,First,19.5,1199,86.76,5,5.47,Honda,Amaze V Petrol,10,4086.6
Pune,2014,55001,Diesel,Automatic,First,16.36,2179,187.7,5,31.0,Jaguar,XF 2.2 Litre Luxury,12,4583.416666666667
Kochi,2017,20469,Petrol,Automatic,First,16.82,1998,189.08,4,35.98,Mini,Cooper Convertible S,9,2274.3333333333335
Jaipur,2017,8500,Petrol,Manual,First,21.1,814,55.2,5,3.42,Hyundai,EON Era Plus,9,944.4444444444445
Ahmedabad,2008,45000,Diesel,Automatic,Second,16.77,2967,241.38,5,11.5,Audi,A6 3.0 TDI quattro,18,2500.0
Pune,2016,6000,Petrol,Manual,First,17.19,1197,81.86,5,7.25,Hyundai,i20 Active 1.2 SX Dual Tone,10,600.0
Chennai,2018,11000,Diesel,Manual,First,28.4,1248,74.0,5,8.0,Maruti,Swift AMT DDiS VDI,8,1375.0
Kochi,2015,80064,Diesel,Manual,First,22.7,1498,89.84,5,7.33,Ford,Ecosport 1.5 DV5 MT Titanium,11,7278.545454545455
Kolkata,2016,29930,Petrol,Manual,First,18.9,998,67.1,5,3.35,Maruti,Wagon R VXI BS IV with ABS,10,2993.0
Mumbai,2013,49105,Diesel,Manual,First,20.34,1498,103.2,5,4.4,Volkswagen,Vento 1.5 TDI Highline,13,3777.3076923076924
Kolkata,2012,55000,Petrol,Manual,First,17.6,1496,88.7,5,2.99,Toyota,Etios VX,14,3928.5714285714284
Bangalore,2015,23000,Petrol,Manual,First,18.7,1199,88.7,5,5.6,Honda,Jazz 1.2 SV i VTEC,11,2090.909090909091
Coimbatore,2016,54727,Diesel,Manual,First,20.14,1498,88.73,5,6.63,Volkswagen,CrossPolo 1.5 TDI,10,5472.7
Kochi,2018,31426,Diesel,Manual,First,21.66,1498,108.62,5,7.9,Volkswagen,Ameo 1.5 TDI Highline,8,3928.25
Kochi,2015,53442,Petrol,Manual,First,16.8,1497,116.3,5,7.0,Honda,City V MT Exclusive,11,4858.363636363636
Hyderabad,2014,28000,Petrol,Automatic,First,16.5,1198,86.8,5,4.95,Honda,Brio VX AT,12,2333.3333333333335
Mumbai,2017,13412,Petrol,Automatic,First,14.3,1598,103.52,5,9.19,Skoda,Rapid 1.6 MPI AT Style,9,1490.2222222222222
Hyderabad,2011,70000,Diesel,Manual,First,16.8,1493,110.0,5,5.1,Hyundai,Verna CRDi,15,4666.666666666667
Jaipur,2015,81310,Diesel,Manual,First,21.19,1396,88.76,5,5.9,Hyundai,i20 Active S Diesel,11,7391.818181818182
Kochi,2019,13574,Petrol,Automatic,First,21.4,1197,83.1,5,9.51,Maruti,Baleno Alpha CVT,7,1939.142857142857
Mumbai,2008,75000,Petrol,Manual,Second,11.1,2354,158.8,5,3.9,Honda,CR-V 2.4L 4WD MT,18,4166.666666666667
Coimbatore,2014,58310,Petrol,Manual,Second,19.1,1197,85.8,5,5.39,Maruti,Swift Dzire VXI,12,4859.166666666667
Pune,2009,90000,Diesel,Manual,Second,19.3,1248,73.9,5,3.0,Maruti,Swift Dzire VDi,17,5294.117647058823
Jaipur,2012,83000,Diesel,Manual,First,23.4,1248,74.0,5,4.3,Maruti,Swift Dzire ZDI,14,5928.571428571428
Jaipur,2017,37282,Petrol,Manual,First,20.85,1197,83.14,5,6.75,Maruti,Swift Dzire ZXI,9,4142.444444444444
Jaipur,2017,23000,Petrol,Manual,First,18.9,1197,82.0,5,4.5,Hyundai,Grand i10 Sportz,9,2555.5555555555557
Chennai,2010,82000,Diesel,Manual,First,17.8,1399,68.0,5,2.75,Ford,Fiesta 1.4 ZXi TDCi ABS,16,5125.0
Chennai,2016,31000,Diesel,Manual,First,23.9,1582,126.2,5,9.0,Hyundai,Verna 1.6 CRDi S,10,3100.0
Delhi,2014,45001,Diesel,Manual,Second,20.0,1399,68.05,5,2.55,Ford,Figo Diesel EXI,12,3750.0833333333335
Coimbatore,2014,50446,Diesel,Manual,First,21.12,1248,88.8,5,3.54,Tata,Manza Aqua Quadrajet BS IV,12,4203.833333333333
Ahmedabad,2009,89000,Petrol,Manual,First,13.5,1799,130.0,5,4.25,Honda,Civic 2006-2010 1.8 S MT,17,5235.294117647059
Ahmedabad,2007,72000,Petrol,Manual,Second,19.7,796,46.3,5,1.2,Maruti,Alto LX BSIII,19,3789.4736842105262
Ahmedabad,2013,90000,Diesel,Automatic,First,22.48,1995,190.0,5,19.5,BMW,5 Series 520d Luxury Line,13,6923.076923076923
Bangalore,2015,76000,Diesel,Manual,Second,16.0,2179,140.0,7,12.0,Mahindra,XUV500 W8 2WD,11,6909.090909090909
Hyderabad,2012,78401,Diesel,Manual,First,23.2,1248,73.94,5,3.9,Maruti,Ritz VDi,14,5600.071428571428
Kochi,2017,38426,Diesel,Manual,First,24.3,1248,88.5,5,9.13,Maruti,Vitara Brezza ZDi Plus,9,4269.555555555556
Pune,2011,45000,Petrol,Manual,First,15.1,1196,73.0,7,2.25,Maruti,Eeco 7 Seater Standard,15,3000.0
Mumbai,2012,83000,Petrol,Manual,First,17.5,1197,85.8,5,3.25,Maruti,Swift Dzire 1.2 Vxi BSIV,14,5928.571428571428
Coimbatore,2017,50170,Diesel,Automatic,First,17.01,1582,126.2,5,14.79,Hyundai,Creta 1.6 CRDi AT SX Plus,9,5574.444444444444
Mumbai,2010,37822,Petrol,Manual,First,22.5,998,67.04,5,2.35,Maruti,Wagon R LXI,16,2363.875
Kolkata,2015,33517,Diesel,Manual,First,27.62,793,47.0,5,3.1,Maruti,Celerio ZDi,11,3047.0
Delhi,2014,110000,Diesel,Automatic,First,13.01,2199,194.3,7,12.9,Hyundai,Santa Fe 2WD AT,12,9166.666666666666
Kolkata,2017,60000,Petrol,Manual,First,21.1,814,55.2,5,2.5,Hyundai,EON D Lite Plus Option,9,6666.666666666667
Delhi,2013,92408,Petrol,Manual,First,18.5,1197,82.85,5,3.65,Hyundai,i20 Sportz 1.2,13,7108.307692307692
Bangalore,2014,45000,Petrol,Manual,First,17.1,1591,121.3,5,7.5,Hyundai,Verna 1.6 SX VTVT (O),12,3750.0
Kochi,2013,33793,Petrol,Manual,First,18.4,1198,86.8,5,3.74,Honda,Brio S Option MT,13,2599.4615384615386
Kochi,2017,26327,Petrol,Manual,First,20.4,1197,81.8,5,5.86,Maruti,Swift VXI Optional,9,2925.222222222222
Coimbatore,2018,20604,Diesel,Automatic,First,19.27,2143,167.62,5,39.62,Mercedes-Benz,New C-Class C 220d Avantgarde Edition C,8,2575.5
Coimbatore,2018,61386,Diesel,Manual,First,25.2,1248,74.0,5,7.05,Maruti,Swift VDI Optional,8,7673.25
Delhi,2018,11500,Diesel,Automatic,First,28.4,1248,74.0,5,7.5,Maruti,Swift AMT VDI,8,1437.5
Chennai,2012,58000,Diesel,Manual,First,25.44,936,57.6,5,2.1,Chevrolet,Beat Diesel LS,14,4142.857142857143
Delhi,2014,38000,Petrol,Automatic,First,13.7,1798,157.75,5,11.6,Skoda,Superb Elegance 1.8 TSI AT,12,3166.6666666666665
Bangalore,2012,49000,Diesel,Automatic,Second,14.84,2143,167.62,5,19.25,Mercedes-Benz,New C-Class C 220 CDI BE Avantgare,14,3500.0
Coimbatore,2017,72202,Diesel,Manual,First,13.68,2393,147.8,8,17.92,Toyota,Innova Crysta 2.4 VX MT 8S,9,8022.444444444444
Kolkata,2016,7000,Petrol,Manual,First,20.36,1197,78.9,5,3.6,Hyundai,i10 Sportz,10,700.0
Ahmedabad,2014,20000,Diesel,Manual,Second,25.8,1498,98.6,5,4.5,Honda,Amaze S i-DTEC,12,1666.6666666666667
Hyderabad,2017,14061,Diesel,Manual,First,21.9,1396,88.76,5,7.4,Hyundai,i20 Magna 1.4 CRDi (Diesel),9,1562.3333333333333
Coimbatore,2018,30706,Diesel,Automatic,First,11.57,2987,254.79,5,59.29,Mercedes-Benz,GLE 350d,8,3838.25
Kolkata,2011,51387,Diesel,Manual,First,12.05,2179,120.0,7,5.5,Mahindra,Scorpio 2009-2014 SLE 7S BSIV,15,3425.8
Bangalore,2006,44000,Petrol,Manual,Second,15.3,1341,83.0,5,1.75,Hyundai,Getz GLE,20,2200.0
Mumbai,2016,12208,Petrol,Manual,First,21.4,1197,83.1,5,6.75,Maruti,Baleno Alpha,10,1220.8
Chennai,2011,55000,Diesel,Manual,First,16.52,1991,123.7,5,3.95,Chevrolet,Optra Magnum 2.0 LT,15,3666.6666666666665
Mumbai,2011,61600,Petrol,Manual,First,17.1,1591,121.3,5,4.2,Hyundai,Verna 1.6 SX VTVT (O),15,4106.666666666667
Hyderabad,2016,28414,Petrol,Manual,First,17.0,1497,118.0,5,8.4,Honda,City 1.5 V MT,10,2841.4
Mumbai,2017,27853,Petrol,Automatic,First,17.21,1197,103.5,5,8.25,Volkswagen,Polo GT TSI,9,3094.777777777778
Bangalore,2013,55116,Petrol,Manual,First,19.4,1198,86.8,5,3.31,Honda,Brio E MT,13,4239.692307692308
Ahmedabad,2017,26000,Diesel,Manual,First,26.59,1248,74.0,5,7.5,Maruti,Swift Dzire VDI,9,2888.8888888888887
Pune,2012,45496,Petrol,Manual,First,17.0,1497,118.0,5,4.75,Honda,City 1.5 V MT Exclusive,14,3249.714285714286
Pune,2013,76000,Diesel,Automatic,Second,11.18,2696,184.0,7,8.79,Mahindra,Ssangyong Rexton RX7,13,5846.153846153846
Pune,2014,136000,Petrol,Manual,First,13.1,1798,157.75,5,9.5,Skoda,Superb Elegance 1.8 TSI MT,12,11333.333333333334
Kolkata,2010,38127,Petrol,Manual,First,19.7,796,46.3,5,1.55,Maruti,Alto LXi,16,2382.9375
Jaipur,2014,82450,Diesel,Manual,First,23.0,1396,90.0,5,5.85,Hyundai,i20 Asta (o) 1.4 CRDi (Diesel),12,6870.833333333333
Coimbatore,2014,62497,Petrol,Manual,First,15.8,1499,110.0,5,7.52,Ford,Ecosport 1.5 Ti VCT MT Trend,12,5208.083333333333
Hyderabad,2011,86732,Diesel,Manual,First,23.08,1461,63.1,5,3.6,Nissan,Micra Diesel XV,15,5782.133333333333
Kochi,2016,27969,Petrol,Manual,First,19.4,1198,86.8,5,4.73,Honda,Brio E MT,10,2796.9
Delhi,2013,66372,Diesel,Automatic,First,11.18,2696,184.0,7,10.5,Mahindra,Ssangyong Rexton RX7,13,5105.538461538462
Coimbatore,2013,73525,Diesel,Automatic,First,16.46,2993,258.0,5,34.54,BMW,7 Series 730Ld Sedan,13,5655.7692307692305
Kochi,2018,20689,Petrol,Manual,First,18.9,1197,81.86,5,6.07,Hyundai,Grand i10 1.2 Kappa Sportz,8,2586.125
Coimbatore,2018,25093,Petrol,Manual,First,21.4,1197,83.1,5,7.76,Maruti,Baleno Delta 1.2,8,3136.625
Coimbatore,2016,49176,Diesel,Manual,First,11.68,2498,112.0,8,7.46,Mahindra,Xylo E8 ABS BS IV,10,4917.6
Delhi,2012,87510,Diesel,Manual,First,21.8,1461,78.0,5,3.49,Renault,Fluence Diesel E4,14,6250.714285714285
Coimbatore,2012,38214,Petrol,Manual,Second,18.5,1197,80.0,5,4.05,Hyundai,i20 1.2 Magna,14,2729.5714285714284
Kochi,2013,48986,Diesel,Manual,First,10.5,2835,107.2,6,11.88,Mitsubishi,Pajero 2.8 SFX,13,3768.153846153846
Pune,2011,88000,Petrol,Automatic,First,14.53,1794,138.1,5,6.45,Toyota,Corolla Altis 2008-2013 1.8 VL AT,15,5866.666666666667
Pune,2015,69002,Diesel,Automatic,First,15.97,2993,258.0,5,50.0,BMW,X5 X5 M,11,6272.909090909091
Pune,2011,43706,Petrol,Automatic,First,10.9,2497,215.0,5,9.0,BMW,3 Series 2005-2011 325i Sedan,15,2913.733333333333
Coimbatore,2016,58671,Diesel,Automatic,First,17.01,1582,126.2,5,14.25,Hyundai,Creta 1.6 CRDi AT SX Plus,10,5867.1
Coimbatore,2017,49404,Diesel,Manual,First,18.49,1493,100.0,7,7.36,Mahindra,TUV 300 2015-2019 T8,9,5489.333333333333
Delhi,2010,72000,Diesel,Manual,First,12.05,2179,120.0,8,4.4,Mahindra,Scorpio VLX 2.2 mHawk BSIII,16,4500.0
Mumbai,2016,24000,Petrol,Manual,First,25.17,799,53.3,5,3.1,Renault,KWID RXT,10,2400.0
Coimbatore,2017,53285,Petrol,Automatic,First,22.5,999,67.0,5,4.28,Renault,KWID 1.0 RXT Optional AMT,9,5920.555555555556
Pune,2017,12000,Petrol,Manual,First,16.1,1197,85.0,5,5.5,Maruti,Swift VXi BSIV,9,1333.3333333333333
Kolkata,2012,45000,Diesel,Automatic,First,17.0,1896,105.0,5,6.99,Skoda,Laura 1.9 TDI AT Ambiente,14,3214.285714285714
Coimbatore,2018,26234,Petrol,Manual,First,24.7,796,47.3,5,4.29,Maruti,Alto 800 2016-2019 VXI,8,3279.25
Delhi,2014,55000,Petrol,Manual,First,18.6,1197,85.8,5,4.2,Maruti,Swift VXI,12,4583.333333333333
Pune,2012,90000,Diesel,Manual,First,23.0,1396,90.0,5,4.11,Hyundai,i20 1.4 CRDi Sportz,14,6428.571428571428
Mumbai,2015,48000,Diesel,Automatic,First,15.73,1968,174.33,5,18.75,Audi,Q3 2012-2015 35 TDI Quattro Premium,11,4363.636363636364
Mumbai,2017,19863,Diesel,Automatic,First,11.57,2987,254.79,5,64.95,Mercedes-Benz,GLE 350d,9,2207.0
Mumbai,2010,55000,Petrol,Manual,Second,19.81,1086,68.05,5,1.59,Hyundai,i10 Era,16,3437.5
Kolkata,2016,4800,Petrol,Manual,First,20.51,998,67.04,5,3.6,Maruti,Wagon R LXI Optional,10,480.0
Kochi,2017,38607,Petrol,Manual,Second,17.8,1497,117.3,5,7.87,Honda,City i VTEC V,9,4289.666666666667
Mumbai,2018,3958,Petrol,Manual,First,18.9,1197,81.86,5,5.55,Hyundai,Grand i10 1.2 Kappa Sportz,8,494.75
Jaipur,2014,74000,Diesel,Manual,Second,25.1,1498,98.6,5,6.4,Honda,City i DTEC VX,12,6166.666666666667
Mumbai,2009,54540,Petrol,Manual,Third,17.5,1298,85.8,5,2.65,Maruti,Swift Dzire VXi,17,3208.235294117647
Delhi,2015,58400,Petrol,Manual,First,17.5,1298,85.8,5,5.5,Maruti,Swift Dzire ZXi,11,5309.090909090909
Kochi,2013,73648,Diesel,Manual,First,15.1,2179,140.0,7,7.31,Mahindra,XUV500 W8 2WD,13,5665.2307692307695
Jaipur,2016,83000,Diesel,Manual,First,28.09,1248,88.5,5,7.1,Maruti,Ciaz ZDi Plus SHVS,10,8300.0
Kochi,2016,16159,Diesel,Manual,First,22.32,1582,126.32,5,7.83,Hyundai,Verna 1.6 SX CRDi (O),10,1615.9
Mumbai,2005,150000,Diesel,Manual,First,13.1,1493,82.0,5,0.85,Hyundai,Accent CRDi,21,7142.857142857143
Mumbai,2014,22100,Petrol,Manual,First,19.4,1198,86.8,5,3.55,Honda,Brio S MT,12,1841.6666666666667
Coimbatore,2017,35043,Petrol,Manual,First,17.19,1197,81.86,5,8.19,Hyundai,i20 Active 1.2 SX,9,3893.6666666666665
Pune,2018,24000,Diesel,Automatic,First,18.88,1995,184.0,5,28.0,BMW,3 Series 320d Sport Line,8,3000.0
Chennai,2015,480000,Diesel,Automatic,First,16.96,1968,138.03,5,13.0,Volkswagen,Jetta 2013-2015 2.0L TDI Highline AT,11,43636.36363636364
Chennai,2011,70000,Petrol,Manual,Second,15.26,1598,103.5,5,3.29,Volkswagen,Polo Petrol Highline 1.6L,15,4666.666666666667
Pune,2015,13769,Petrol,Manual,Second,16.1,1197,85.0,5,4.41,Maruti,Swift VXi BSIV,11,1251.7272727272727
Kolkata,2013,58000,Diesel,Manual,First,19.01,1461,108.45,5,4.99,Renault,Duster 110PS Diesel RxZ,13,4461.538461538462
Hyderabad,2009,58000,Diesel,Automatic,First,18.56,1995,190.0,5,17.98,BMW,X3 xDrive 20d Luxury Line,17,3411.764705882353
Coimbatore,2018,18705,Diesel,Manual,First,20.5,1248,91.72,5,7.71,Fiat,Avventura MULTIJET Emotion,8,2338.125
Delhi,2013,32378,Petrol,Manual,First,20.51,998,67.04,5,2.8,Maruti,Wagon R Stingray VXI,13,2490.6153846153848
Kolkata,2013,45000,Diesel,Manual,First,22.1,1248,76.9,5,3.0,Chevrolet,Sail Hatchback LS ABS,13,3461.5384615384614
Coimbatore,2015,36836,Diesel,Manual,First,15.1,2179,140.0,7,12.49,Mahindra,XUV500 W8 2WD,11,3348.7272727272725
Kochi,2016,54199,Diesel,Manual,First,23.0,1248,88.8,5,5.0,Tata,Zest Quadrajet 1.3,10,5419.9
Kochi,2017,36935,Diesel,Automatic,First,18.56,1995,190.0,5,32.64,BMW,X3 xDrive20d xLine,9,4103.888888888889
Chennai,2015,23000,Diesel,Manual,First,25.2,1248,74.0,5,6.5,Maruti,Swift VDI BSIV,11,2090.909090909091
Bangalore,2015,14000,Diesel,Automatic,First,18.12,1995,190.0,5,35.0,BMW,5 Series 2013-2017 520d Luxury Line,11,1272.7272727272727
Chennai,2015,100073,Diesel,Manual,Second,25.0,1396,69.01,5,2.0,Tata,Indigo CS eVX,11,9097.545454545454
Kochi,2015,59182,Diesel,Manual,First,15.1,2179,140.0,7,9.46,Mahindra,XUV500 W8 2WD,11,5380.181818181818
Kochi,2016,72132,Diesel,Automatic,Second,12.07,2967,241.4,7,39.0,Audi,Q7 35 TDI Quattro Premium Plus,10,7213.2
Hyderabad,2009,79000,Diesel,Automatic,First,18.48,1995,177.0,5,15.0,BMW,5 Series 2003-2012 520d,17,4647.058823529412
Coimbatore,2013,66930,Petrol,Manual,First,17.1,1591,121.3,5,6.15,Hyundai,Verna 1.6 SX VTVT (O),13,5148.461538461538
Pune,2015,100000,Diesel,Automatic,Second,13.01,2199,194.3,7,14.5,Hyundai,Santa Fe 4WD AT,11,9090.90909090909
Kochi,2018,27413,Petrol,Automatic,First,20.51,998,67.0,5,5.18,Maruti,Wagon R AMT VXI,8,3426.625
Pune,2007,90000,Petrol,Manual,Second,17.3,1061,64.0,5,1.24,Maruti,Wagon R LX BSIII,19,4736.8421052631575
Kolkata,2013,40300,Petrol,Manual,First,18.5,1197,82.85,5,2.8,Hyundai,i20 Sportz 1.2,13,3100.0
Kochi,2011,73783,Petrol,Automatic,Second,13.7,1798,157.75,5,5.23,Skoda,Superb Elegance 1.8 TSI AT,15,4918.866666666667
Pune,2005,86000,Petrol,Manual,Second,15.3,1341,83.0,5,0.45,Hyundai,Getz GLS,21,4095.2380952380954
Delhi,2014,65694,Petrol,Manual,First,18.9,998,67.1,5,3.25,Maruti,Wagon R LXI BS IV,12,5474.5
Kolkata,2015,23000,Petrol,Manual,First,16.8,796,34.2,5,1.5,Maruti,Omni MPI CARGO BSIV,11,2090.909090909091
Mumbai,2012,51000,Petrol,Manual,First,20.36,1197,78.9,5,2.85,Hyundai,i10 Magna 1.2,14,3642.8571428571427
Kochi,2018,18335,Petrol,Manual,First,21.7,999,67.0,5,4.5,Renault,KWID 1.0 RXT Optional,8,2291.875
Bangalore,2014,36000,Diesel,Automatic,First,15.0,2147,107.3,5,16.25,Mercedes-Benz,B Class 2012-2015 B200 Sport CDI,12,3000.0
Mumbai,2017,25000,Petrol,Automatic,First,17.21,1197,103.5,5,7.75,Volkswagen,Polo GT TSI,9,2777.777777777778
Bangalore,2007,81000,Diesel,Manual,Third,12.05,2179,120.0,8,4.35,Mahindra,Scorpio VLX 4WD,19,4263.1578947368425
Kochi,2019,21719,Diesel,Automatic,First,12.9,2755,174.5,7,33.13,Toyota,Fortuner 2.8 2WD AT,7,3102.714285714286
Coimbatore,2013,75421,Diesel,Manual,First,25.44,936,56.3,5,3.63,Chevrolet,Beat Diesel LT,13,5801.615384615385
Delhi,2010,80000,Diesel,Manual,First,12.8,2494,102.0,8,4.75,Toyota,Innova 2.5 G4 Diesel 8-seater,16,5000.0
Kochi,2018,10671,Petrol,Manual,First,20.85,1197,83.14,5,6.51,Maruti,Swift Dzire VXI,8,1333.875
Hyderabad,2018,4126,Petrol,Manual,First,21.7,999,67.0,5,4.8,Renault,KWID Climber 1.0 MT,8,515.75
Hyderabad,2017,98500,Diesel,Manual,First,22.95,1248,74.0,5,6.0,Tata,Bolt Quadrajet XM,9,10944.444444444445
Coimbatore,2016,61578,Petrol,Manual,First,18.9,1197,82.0,5,6.4,Hyundai,Grand i10 Asta,10,6157.8
Ahmedabad,2014,54000,Diesel,Manual,First,20.34,1498,103.2,5,4.9,Volkswagen,Vento 1.5 TDI Highline,12,4500.0
Coimbatore,2013,70998,Diesel,Automatic,First,17.68,1968,174.33,5,20.57,Audi,A6 2011-2015 2.0 TDI,13,5461.384615384615
Kolkata,2015,40082,Diesel,Manual,First,19.3,1248,73.9,5,4.76,Maruti,Swift Dzire Ldi BSIV,11,3643.818181818182
Kochi,2012,50619,Petrol,Manual,First,18.0,995,62.0,5,2.0,Chevrolet,Spark 1.0 LT,14,3615.6428571428573
Coimbatore,2009,103905,Diesel,Automatic,First,22.69,1995,190.0,5,9.92,BMW,3 Series 320d,17,6112.058823529412
Kochi,2018,15334,Petrol,Manual,First,21.1,814,55.2,5,3.69,Hyundai,EON Era Plus,8,1916.75
Hyderabad,2013,69000,Diesel,Manual,First,23.4,1248,74.0,5,5.75,Maruti,Swift Dzire VDI,13,5307.692307692308
Hyderabad,2014,75160,Diesel,Manual,First,20.14,1498,88.5,5,5.7,Volkswagen,CrossPolo 1.5 TDI,12,6263.333333333333
Coimbatore,2014,44753,Petrol,Manual,First,18.0,1198,86.7,5,4.94,Honda,Amaze E i-Vtech,12,3729.4166666666665
Kochi,2012,53024,Petrol,Automatic,First,14.4,1598,103.6,5,4.29,Volkswagen,Vento Petrol Highline AT,14,3787.4285714285716
Kolkata,2014,23840,Petrol,Manual,First,20.51,998,67.04,5,3.0,Maruti,Wagon R Stingray VXI,12,1986.6666666666667
Hyderabad,2014,81298,Diesel,Manual,First,20.14,1498,88.8,5,6.5,Volkswagen,Polo 1.5 TDI Highline,12,6774.833333333333
Jaipur,2015,59000,Petrol,Manual,Second,16.47,1198,73.9,5,4.9,Volkswagen,Polo Petrol Comfortline 1.2L,11,5363.636363636364
Kochi,2016,51806,Diesel,Manual,First,25.8,1498,98.6,5,5.4,Honda,Amaze SX i-DTEC,10,5180.6
Delhi,2014,56000,Diesel,Automatic,First,18.53,1968,187.74,5,24.0,Audi,A6 35 TDI Matrix,12,4666.666666666667
Kochi,2019,29279,Diesel,Manual,First,24.7,1047,69.0,5,7.46,Tata,Tigor 1.05 Revotorq XZ Option,7,4182.714285714285
Kochi,2017,33550,Diesel,Automatic,First,21.5,1498,108.5,5,9.6,Volkswagen,Vento 1.5 TDI Highline AT,9,3727.777777777778
Hyderabad,2014,62000,Diesel,Automatic,First,18.53,1968,187.74,5,25.0,Audi,A6 35 TDI Matrix,12,5166.666666666667
Hyderabad,2014,66000,Diesel,Manual,First,19.01,1461,108.5,5,6.8,Nissan,Terrano XL 110 PS,12,5500.0
Coimbatore,2016,46630,Diesel,Automatic,First,21.66,1498,103.52,5,8.59,Skoda,Rapid 1.5 TDI AT Elegance,10,4663.0
Hyderabad,2016,72566,Diesel,Manual,First,25.83,1498,99.0,5,5.29,Ford,Figo Aspire 1.5 TDCi Trend,10,7256.6
Pune,2011,51482,Diesel,Manual,First,15.42,1405,70.0,8,2.5,Tata,Venture EX,15,3432.133333333333
Chennai,2011,90000,Diesel,Automatic,First,14.84,2143,167.62,5,13.9,Mercedes-Benz,New C-Class C 220 CDI BE Avantgare,15,6000.0
Jaipur,2014,69000,Diesel,Manual,Second,13.0,2982,168.5,7,20.0,Toyota,Fortuner 4x2 Manual,12,5750.0
Delhi,2011,90000,Petrol,Manual,Second,17.0,1497,118.0,5,3.4,Honda,City 1.5 V MT,15,6000.0
Mumbai,2015,39000,Petrol,Manual,First,18.6,1197,81.83,5,5.5,Hyundai,i20 Asta Option 1.2,11,3545.4545454545455
Hyderabad,2012,110000,Diesel,Manual,Second,20.54,1598,103.6,5,3.65,Volkswagen,Vento Diesel Trendline,14,7857.142857142857
Kochi,2011,68022,Diesel,Manual,First,13.1,2499,141.0,7,5.86,Ford,Endeavour 2.5L 4X2 MT,15,4534.8
Coimbatore,2018,27852,Petrol,Automatic,First,14.8,1497,121.36,5,10.44,Ford,EcoSport 1.5 Petrol Titanium Plus AT,8,3481.5
Bangalore,2013,58291,Diesel,Manual,First,17.8,1248,113.27689373297004,5,5.0,Maruti,Swift VDI BSIV,13,4483.923076923077
Coimbatore,2011,68439,Diesel,Manual,First,23.0,1396,90.0,5,3.37,Hyundai,i20 Sportz Diesel,15,4562.6
Delhi,2011,150000,Diesel,Manual,First,12.99,2494,100.6,8,6.95,Toyota,Innova 2.5 VX (Diesel) 8 Seater,15,10000.0
Mumbai,2018,14000,Diesel,Manual,First,21.5,1497,108.5,5,9.9,Tata,Nexon 1.5 Revotorq XZ Plus Dual Tone,8,1750.0
Hyderabad,2012,71558,Diesel,Manual,First,20.0,1399,68.05,5,3.3,Ford,Figo Diesel Titanium,14,5111.285714285715
Delhi,2013,48000,Diesel,Automatic,Second,17.85,2967,300.0,4,50.5,Porsche,Panamera Diesel,13,3692.3076923076924
Jaipur,2015,65800,Diesel,Automatic,First,17.01,1582,126.2,5,12.5,Hyundai,Creta 1.6 CRDi AT SX Plus,11,5981.818181818182
Hyderabad,2014,53000,Diesel,Automatic,First,16.55,1968,140.0,5,20.5,Audi,A4 2.0 TDI Multitronic,12,4416.666666666667
Kolkata,2017,14600,Diesel,Manual,First,16.0,2179,140.0,7,14.5,Mahindra,XUV500 W8 4WD,9,1622.2222222222222
Jaipur,2017,34429,Diesel,Automatic,First,13.8,2999,174.57,7,20.0,Isuzu,MUX 4WD,9,3825.4444444444443
Delhi,2014,52000,Diesel,Manual,First,23.4,1248,74.0,5,5.25,Maruti,Swift Dzire VDI,12,4333.333333333333
Kolkata,2015,25470,Petrol,Manual,First,20.73,1373,91.1,5,5.9,Maruti,Ciaz ZXi,11,2315.4545454545455
Pune,2013,22000,Petrol,Manual,First,21.1,814,55.2,5,2.6,Hyundai,EON Era Plus,13,1692.3076923076924
Chennai,2007,75000,Diesel,Automatic,First,11.0,2987,198.5,5,11.0,Mercedes-Benz,E-Class 280 CDI,19,3947.3684210526317
Pune,2011,95995,Diesel,Automatic,First,18.48,1995,177.0,5,15.5,BMW,5 Series 2003-2012 520d,15,6399.666666666667
Jaipur,2017,26877,Diesel,Manual,First,24.0,1186,73.97,5,5.75,Hyundai,Grand i10 1.2 CRDi Sportz Option,9,2986.3333333333335
Hyderabad,2015,26000,Diesel,Automatic,First,14.47,2993,301.73,5,75.0,Jaguar,XJ 3.0L Portfolio,11,2363.6363636363635
Chennai,2007,140000,Diesel,Manual,Second,17.8,1248,75.0,5,2.0,Maruti,Swift Ldi BSIII,19,7368.421052631579
Hyderabad,2008,95291,Petrol,Manual,First,17.92,1086,62.1,5,2.3,Hyundai,Santro Xing GLS,18,5293.944444444444
Hyderabad,2009,135000,Diesel,Manual,Second,12.8,2494,102.0,8,8.2,Toyota,Innova 2.5 V Diesel 8-seater,17,7941.176470588235
Kolkata,2015,32000,Petrol,Manual,First,18.6,1197,81.83,5,4.8,Hyundai,i20 Sportz 1.2,11,2909.090909090909
Mumbai,2008,68333,Diesel,Automatic,Second,11.0,2987,198.5,5,8.5,Mercedes-Benz,E-Class 280 CDI,18,3796.277777777778
Chennai,2011,72000,Diesel,Manual,First,20.0,1399,68.0,5,2.9,Ford,Figo Diesel ZXI,15,4800.0
Ahmedabad,2012,52100,Diesel,Manual,First,21.43,1364,86.79,5,6.5,Toyota,Corolla Altis 1.4 DG,14,3721.4285714285716
Jaipur,2018,10000,Petrol,Manual,First,18.9,1197,81.86,5,5.85,Hyundai,Grand i10 1.2 Kappa Sportz,8,1250.0
Coimbatore,2019,6261,Diesel,Manual,First,16.3,1956,170.0,5,23.91,Jeep,Compass 2.0 Limited 4X4,7,894.4285714285714
Coimbatore,2019,3906,Petrol,Automatic,First,20.89,1197,81.8,5,7.36,Maruti,Ignis 1.2 AMT Alpha,7,558.0
Pune,2014,55960,Diesel,Manual,First,11.5,2982,171.0,7,17.25,Toyota,Fortuner 3.0 Diesel,12,4663.333333333333
Jaipur,2013,144000,Diesel,Manual,First,20.54,1598,103.6,5,7.0,Volkswagen,Vento Diesel Highline,13,11076.923076923076
Mumbai,2017,38000,Diesel,Manual,First,13.68,2393,147.8,7,17.65,Toyota,Innova Crysta 2.4 VX MT,9,4222.222222222223
Jaipur,2013,51000,Diesel,Manual,First,20.0,1399,68.1,5,2.5,Ford,Figo Diesel Celebration Edition,13,3923.076923076923
Hyderabad,2015,150000,Diesel,Manual,First,23.59,1364,67.05,5,6.0,Toyota,Platinum Etios 1.4 GXD,11,13636.363636363636
Mumbai,2018,2500,Diesel,Manual,First,18.06,2523,63.0,7,8.25,Mahindra,Thar DI 4X4,8,312.5
Kochi,2018,41661,Diesel,Automatic,First,12.7,2179,187.7,5,44.83,Land,Rover Range Rover HSE Dynamic,8,5207.625
Delhi,2011,64000,Diesel,Automatic,First,16.07,1995,181.0,5,10.5,BMW,3 Series 320d Highline,15,4266.666666666667
Bangalore,2008,80000,Petrol,Manual,Second,13.2,1495,94.0,5,1.9,Hyundai,Accent GLS,18,4444.444444444444
Jaipur,2016,30000,Petrol,Automatic,Second,23.1,998,67.04,5,4.25,Maruti,Celerio ZXI AT,10,3000.0
Chennai,2014,43000,Diesel,Automatic,Second,16.36,2179,187.7,5,26.5,Jaguar,XF 2.2 Litre Luxury,12,3583.3333333333335
Bangalore,2013,90000,Diesel,Automatic,Second,12.4,2698,179.5,5,22.5,Audi,A6 2.7 TDI,13,6923.076923076923
Hyderabad,2011,123880,Diesel,Manual,First,23.08,1461,63.1,5,3.3,Nissan,Micra Diesel XV,15,8258.666666666666
Jaipur,2015,42000,Petrol,Manual,Second,18.0,1198,86.7,5,4.3,Honda,Amaze S i-Vtech,11,3818.181818181818
Chennai,2012,79824,Diesel,Manual,First,19.87,1461,83.8,5,5.25,Renault,Duster 85PS Diesel RxL Option,14,5701.714285714285
Jaipur,2015,75000,Diesel,Manual,First,12.99,2494,100.6,8,11.75,Toyota,Innova 2.5 G (Diesel) 8 Seater,11,6818.181818181818
Ahmedabad,2014,72411,Petrol,Manual,First,18.0,1198,86.7,5,4.25,Honda,Amaze E i-Vtech,12,6034.25
Delhi,2012,63000,Diesel,Automatic,First,14.94,2143,204.0,5,14.22,Mercedes-Benz,New C-Class C 250 CDI Elegance,14,4500.0
Chennai,2015,53713,Petrol,Manual,First,17.71,1197,78.9,5,4.2,Toyota,Etios Liva G,11,4883.0
Delhi,2017,18000,Diesel,Automatic,First,11.36,2755,171.5,8,18.25,Toyota,Innova Crysta 2.8 GX AT 8S,9,2000.0
Bangalore,2013,51000,Diesel,Manual,First,15.8,2148,170.0,5,18.5,Mercedes-Benz,New C-Class 200 CDI Elegance,13,3923.076923076923
Chennai,2008,86700,Petrol,Manual,Second,16.1,1298,88.2,5,2.4,Maruti,Swift VXI BSIII,18,4816.666666666667
Kolkata,2016,29000,Diesel,Manual,First,27.39,1248,74.0,5,6.5,Maruti,Baleno Alpha 1.3,10,2900.0
Hyderabad,2014,56000,LPG,Manual,First,13.45,1086,62.1,5,3.2,Hyundai,Santro Xing GL Plus LPG,12,4666.666666666667
Mumbai,2015,33000,Petrol,Automatic,First,23.1,998,67.04,5,3.99,Maruti,Celerio VXI AT,11,3000.0
Kochi,2014,64394,Diesel,Manual,First,22.7,1498,89.84,5,5.45,Ford,Ecosport 1.5 DV5 MT Ambiente,12,5366.166666666667
Hyderabad,2010,76000,Diesel,Manual,First,18.8,1248,90.0,5,2.7,Tata,Manza Aura Quadrajet,16,4750.0
Mumbai,2016,48719,Diesel,Manual,First,27.3,1498,98.6,5,6.25,Honda,Jazz 1.5 SV i DTEC,10,4871.9
Coimbatore,2016,59711,Diesel,Manual,First,15.1,2179,140.0,7,13.28,Mahindra,XUV500 W8 2WD,10,5971.1
Hyderabad,2012,83000,Diesel,Manual,First,23.08,1461,63.1,5,3.7,Nissan,Micra Diesel XV Premium,14,5928.571428571428
Coimbatore,2018,10714,Diesel,Automatic,First,19.27,2143,167.62,5,39.51,Mercedes-Benz,New C-Class C 220d Avantgarde Edition C,8,1339.25
Hyderabad,2010,127510,Diesel,Manual,Second,19.0,1248,90.0,5,1.4,Tata,Manza Aura Plus Quadrajet BS IV,16,7969.375
Kolkata,2014,35010,Diesel,Manual,First,22.9,1248,74.0,5,3.5,Maruti,Swift VDI,12,2917.5
Jaipur,2012,75451,Petrol,Manual,First,17.5,1197,85.8,5,3.78,Maruti,Swift Dzire 1.2 Lxi BSIV,14,5389.357142857143
Pune,2015,83000,Diesel,Manual,First,19.09,1405,69.01,5,2.7,Tata,Indigo eCS LS (TDI) BS-III,11,7545.454545454545
Kolkata,2013,38755,Diesel,Manual,First,25.8,1498,98.6,5,3.2,Honda,Amaze S i-Dtech,13,2981.153846153846
Delhi,2016,30000,Petrol,Manual,First,20.4,1197,81.8,5,5.0,Maruti,Swift VXI BSIV,10,3000.0
Chennai,2012,40000,Diesel,Manual,First,20.77,1248,88.8,7,7.0,Maruti,Ertiga ZDI,14,2857.1428571428573
Kolkata,2014,19500,Petrol,Manual,Second,18.9,1197,82.0,5,2.85,Hyundai,Grand i10 Era,12,1625.0
Ahmedabad,2016,41000,Petrol,Manual,First,19.69,1198,67.04,5,4.25,Nissan,Micra Active XV,10,4100.0
Bangalore,2014,30000,Petrol,Manual,Second,18.9,1197,82.0,5,4.9,Hyundai,Grand i10 Asta Option,12,2500.0
Hyderabad,2017,37000,Diesel,Manual,First,17.1,1956,170.0,5,16.9,Jeep,Compass 2.0 Sport,9,4111.111111111111
Delhi,2014,62000,Diesel,Manual,Second,22.07,1199,73.9,5,4.25,Volkswagen,Polo Diesel Comfortline 1.2L,12,5166.666666666667
Pune,2015,42023,Petrol,Automatic,First,15.5,1198,86.7,5,4.34,Honda,Amaze S AT i-Vtech,11,3820.2727272727275
Kolkata,2012,51001,Diesel,Automatic,First,16.09,1995,184.0,5,17.0,BMW,X3 xDrive20d Advantage Edition,14,3642.9285714285716
Kochi,2017,55389,Diesel,Automatic,First,18.88,1995,184.0,5,28.45,BMW,3 Series 320d Luxury Line,9,6154.333333333333
Kochi,2014,46728,Petrol,Automatic,First,15.6,1497,116.3,5,6.15,Honda,City V AT,12,3894.0
Kochi,2014,58995,Diesel,Manual,First,12.83,2696,162.0,7,9.25,Mahindra,Ssangyong Rexton RX5,12,4916.25
Delhi,2015,37857,Diesel,Manual,First,26.59,1248,74.0,5,4.85,Maruti,Swift Dzire LDI,11,3441.5454545454545
Jaipur,2014,71000,Diesel,Manual,First,25.2,1248,74.0,5,4.8,Maruti,Swift VDI BSIV,12,5916.666666666667
Pune,2012,49024,Petrol,Manual,First,18.4,1198,86.8,5,2.3,Honda,Brio S Option MT,14,3501.714285714286
Mumbai,2016,10770,Petrol,Manual,First,18.9,1197,82.0,5,4.75,Hyundai,Grand i10 Sportz,10,1077.0
Pune,2017,72000,Diesel,Manual,First,22.95,1248,74.0,5,5.0,Tata,Zest Quadrajet 1.3 75PS XM,9,8000.0
Jaipur,2015,91000,Petrol,Manual,First,21.1,814,55.2,5,2.5,Hyundai,EON Era Plus,11,8272.727272727272
Mumbai,2017,14000,Petrol,Manual,First,18.6,1197,81.83,5,5.95,Hyundai,i20 1.2 Spotz,9,1555.5555555555557
Delhi,2014,48000,Diesel,Automatic,Second,9.0,1984,181.0,5,16.0,Volvo,S60 D4 KINETIC,12,4000.0
Delhi,2014,75136,Diesel,Manual,First,22.7,1498,89.84,5,6.15,Ford,Ecosport 1.5 DV5 MT Titanium Optional,12,6261.333333333333
Hyderabad,2014,32500,Petrol,Manual,Second,21.1,1197,85.8,5,4.05,Maruti,Ritz VXI,12,2708.3333333333335
Hyderabad,2010,94500,Diesel,Manual,Second,21.9,1396,90.0,5,3.1,Hyundai,i20 1.4 CRDi Magna,16,5906.25
Hyderabad,2013,34900,Petrol,Manual,First,22.0,1197,81.8,5,5.49,Maruti,Dzire VXI,13,2684.6153846153848
Coimbatore,2010,42400,Petrol,Automatic,Third,8.0,4806,394.3,4,42.91,Porsche,Panamera 2010 2013 4S,16,2650.0
Jaipur,2015,50000,Diesel,Manual,First,17.8,1248,75.0,5,5.7,Maruti,Swift VDi BSIII W/ ABS,11,4545.454545454545
Kolkata,2014,35000,Petrol,Manual,First,19.4,1198,86.8,5,2.85,Honda,Brio S MT,12,2916.6666666666665
Bangalore,2012,37000,Petrol,Manual,Second,18.6,1199,79.4,5,2.35,Chevrolet,Beat LS,14,2642.8571428571427
Coimbatore,2018,32807,Petrol,Automatic,First,13.0,1591,121.3,5,14.76,Hyundai,Creta 1.6 SX Plus Petrol Automatic,8,4100.875
Pune,2008,119000,Petrol,Manual,Second,17.7,1497,78.0,5,2.25,Honda,City ZX GXi,18,6611.111111111111
Mumbai,2016,12000,Petrol,Manual,First,18.5,1197,85.8,5,3.65,Maruti,Ritz LXi,10,1200.0
Delhi,2016,46727,Diesel,Manual,First,22.77,1498,98.59,5,7.25,Ford,EcoSport 1.5 TDCi Trend,10,4672.7
Hyderabad,2010,73336,Diesel,Automatic,First,13.2,1995,170.0,5,10.69,BMW,3 Series 320d,16,4583.5
Mumbai,2014,9000,Petrol,Manual,Second,17.01,1591,121.3,5,5.5,Hyundai,Verna 1.6 SX VTVT,12,750.0
Chennai,2005,240000,Diesel,Manual,Fourth & Above,12.8,2494,102.0,8,5.1,Toyota,Innova 2.5 G4 Diesel 8-seater,21,11428.57142857143
Mumbai,2014,25422,Petrol,Manual,First,22.5,998,67.04,5,3.25,Maruti,Wagon R LXI,12,2118.5
Mumbai,2018,14000,Diesel,Manual,First,25.47,1248,88.5,7,9.25,Maruti,Ertiga VDI,8,1750.0
Hyderabad,2008,66000,Petrol,Manual,First,19.7,796,46.3,5,1.7,Maruti,Alto LXi BSIII,18,3666.6666666666665
Kochi,2010,55324,Petrol,Manual,First,19.0,998,66.1,5,2.87,Maruti,A-Star Vxi,16,3457.75
Bangalore,2009,90000,Diesel,Automatic,First,11.0,2993,235.0,5,17.75,BMW,X5 3.0d,17,5294.117647058823
Kolkata,2017,43000,Petrol,Manual,First,18.15,1198,82.0,5,4.5,Mahindra,KUV 100 G80 K6 Plus 5Str,9,4777.777777777777
Bangalore,2008,58483,Petrol,Automatic,Second,19.2,1197,80.0,5,2.95,Hyundai,i10 Magna AT,18,3249.0555555555557
Pune,2007,93000,Petrol,Automatic,Second,12.9,1799,130.0,5,2.6,Honda,Civic 2006-2010 1.8 S AT,19,4894.736842105263
Hyderabad,2010,50000,Petrol,Manual,First,20.36,1197,78.9,5,3.0,Hyundai,i10 Sportz 1.2,16,3125.0
Ahmedabad,2014,78616,Diesel,Automatic,Second,14.84,2143,170.0,5,15.5,Mercedes-Benz,New C-Class C 220 CDI Elegance AT,12,6551.333333333333
Pune,2011,37000,Petrol,Manual,First,17.6,1496,88.73,5,2.8,Toyota,Etios G,15,2466.6666666666665
Kolkata,2010,54801,Petrol,Manual,First,17.0,1497,118.0,5,2.5,Honda,City 1.5 E MT,16,3425.0625
Bangalore,2014,29000,Diesel,Manual,First,23.4,1248,74.0,5,5.75,Maruti,Swift Dzire VDI,12,2416.6666666666665
Pune,2010,68000,Petrol,Manual,First,22.0,1197,81.8,5,2.8,Maruti,Swift VXI,16,4250.0
Kolkata,2014,58000,Petrol,Manual,First,17.01,1591,121.3,5,4.59,Hyundai,Verna 1.6 EX VTVT,12,4833.333333333333
Pune,2012,64290,Diesel,Manual,First,23.2,1248,73.94,5,3.65,Maruti,Ritz VDi,14,4592.142857142857
Mumbai,2015,31000,Diesel,Manual,First,13.0,2982,168.5,7,19.85,Toyota,Fortuner 4x2 Manual,11,2818.181818181818
Pune,2018,16039,Diesel,Manual,First,17.1,1956,170.0,5,18.5,Jeep,Compass 2.0 Limited,8,2004.875
Hyderabad,2017,19860,Petrol,Manual,First,18.6,1197,81.83,5,6.95,Hyundai,i20 Asta Option 1.2,9,2206.6666666666665
Delhi,2014,48500,CNG,Manual,Second,26.6,998,58.16,5,2.85,Maruti,Wagon R LXI CNG,12,4041.6666666666665
Jaipur,2012,75391,Diesel,Manual,First,13.93,2179,138.0,7,3.75,Tata,New Safari DICOR 2.2 EX 4x4 BS IV,14,5385.071428571428
Jaipur,2008,78000,Diesel,Manual,Second,19.3,1248,73.9,5,2.3,Maruti,Swift Dzire LDi,18,4333.333333333333
Kolkata,2016,78000,Diesel,Manual,First,25.0,1396,69.01,5,2.3,Tata,Indigo eCS eLS BS IV,10,7800.0
Hyderabad,2016,52000,Diesel,Manual,First,28.4,1248,74.0,5,5.95,Maruti,Swift LDI,10,5200.0
Kolkata,2016,30000,Petrol,Automatic,First,23.1,998,67.04,5,3.49,Maruti,Celerio VXI AT,10,3000.0
Coimbatore,2016,19254,Diesel,Automatic,First,14.69,2993,258.0,5,47.7,BMW,5 Series 2013-2017 530d M Sport,10,1925.4
Coimbatore,2015,29651,Petrol,Manual,First,16.47,1198,74.0,5,6.43,Volkswagen,Polo 1.2 MPI Highline,11,2695.5454545454545
Bangalore,2011,80000,Diesel,Manual,First,13.93,2179,138.03,7,4.5,Tata,Safari DICOR 2.2 LX 4x2,15,5333.333333333333
Kolkata,2018,2971,Petrol,Automatic,First,13.6,1598,181.0,4,39.75,Mini,Cooper S Carbon Edition,8,371.375
Kolkata,2015,21400,Petrol,Manual,First,15.6,1196,70.0,5,4.0,Ford,Figo Petrol Titanium,11,1945.4545454545455
Ahmedabad,2015,77000,Diesel,Manual,First,26.0,1498,98.6,5,6.98,Honda,City i DTEC V,11,7000.0
Delhi,2006,80000,Diesel,Manual,Second,12.6,1991,112.0,7,1.75,Hyundai,Tucson CRDi,20,4000.0
Delhi,2013,81755,Diesel,Manual,First,20.0,1968,108.5,5,4.75,Skoda,Laura Ambiente 2.0 TDI CR MT,13,6288.846153846154
Hyderabad,2016,99593,Diesel,Manual,First,11.5,2982,171.0,7,23.5,Toyota,Fortuner 3.0 Diesel,10,9959.3
Hyderabad,2014,39791,Diesel,Manual,First,22.32,1582,126.32,5,7.49,Hyundai,Verna 1.6 SX,12,3315.9166666666665
Hyderabad,2015,113000,Diesel,Manual,First,15.1,2179,140.0,7,10.85,Mahindra,XUV500 W6 2WD,11,10272.727272727272
Mumbai,2017,24000,Petrol,Manual,First,25.17,799,53.3,5,3.5,Renault,KWID RXT,9,2666.6666666666665
Bangalore,2015,39000,Petrol,Manual,Second,18.6,1197,81.83,5,6.3,Hyundai,i20 Asta 1.2,11,3545.4545454545455
Bangalore,2012,37000,Petrol,Automatic,First,15.6,1497,116.3,5,6.75,Honda,City V AT,14,2642.8571428571427
Coimbatore,2017,61108,Diesel,Automatic,First,10.91,3198,197.0,7,28.88,Ford,Endeavour 3.2 Titanium AT 4X4,9,6789.777777777777
Kochi,2016,61648,Petrol,Automatic,First,13.7,1798,157.75,5,14.23,Skoda,Superb Elegance 1.8 TSI AT,10,6164.8
Mumbai,2012,37000,Diesel,Automatic,Third,22.69,1995,190.0,5,15.0,BMW,3 Series 320d Sport,14,2642.8571428571427
Mumbai,2013,53000,CNG,Manual,First,22.8,1373,80.9,7,5.8,Maruti,Ertiga VXI CNG,13,4076.923076923077
Jaipur,2013,65000,Diesel,Manual,First,23.2,1248,73.94,5,3.75,Maruti,Ritz LDi,13,5000.0
Jaipur,2005,120000,Petrol,Manual,First,0.0,1086,113.27689373297004,5,1.15,Hyundai,Santro Xing XP,21,5714.285714285715
Jaipur,2011,148009,Diesel,Manual,Second,11.5,2982,171.0,7,12.75,Toyota,Fortuner 3.0 Diesel,15,9867.266666666666
Mumbai,2009,53001,Petrol,Manual,First,16.1,1298,88.2,5,1.95,Maruti,Swift Lxi BSIII,17,3117.705882352941
Mumbai,2018,22345,Petrol,Manual,First,20.3,1199,84.0,5,4.95,Tata,Tigor 1.2 Revotron XT,8,2793.125
Delhi,2015,50000,Petrol,Automatic,First,18.0,1497,117.3,5,8.25,Honda,City i VTEC CVT VX,11,4545.454545454545
Hyderabad,2013,48183,Diesel,Automatic,First,13.2,1995,170.0,5,20.99,BMW,3 Series 320d,13,3706.3846153846152
Hyderabad,2010,93000,Diesel,Automatic,Second,14.21,2143,203.0,5,17.5,Mercedes-Benz,E-Class 2009-2013 E250 CDI Blue Efficiency,16,5812.5
Kochi,2015,53500,Diesel,Manual,First,28.4,1248,74.0,5,5.36,Maruti,Swift VDI,11,4863.636363636364
Delhi,2014,17585,Petrol,Manual,First,16.02,1373,93.7,7,6.35,Maruti,Ertiga VXI,12,1465.4166666666667
Kolkata,2011,36226,Petrol,Manual,First,17.01,1591,121.3,5,2.95,Hyundai,Verna 1.6 VTVT,15,2415.0666666666666
Coimbatore,2019,25899,Diesel,Automatic,First,12.63,2179,147.5,5,55.7,Land,Rover Discovery Sport TD4 HSE,7,3699.8571428571427
Kolkata,2009,60170,Petrol,Manual,First,0.0,1086,62.0,5,1.15,Hyundai,Santro Xing GL,17,3539.4117647058824
Hyderabad,2017,11200,Diesel,Automatic,First,19.27,2143,167.62,5,37.5,Mercedes-Benz,New C-Class C 220 CDI Style,9,1244.4444444444443
Kochi,2017,49045,Petrol,Manual,First,20.36,1197,78.9,5,4.07,Hyundai,i10 Magna 1.2,9,5449.444444444444
Kolkata,2012,45000,Diesel,Manual,First,22.07,1199,73.9,5,2.99,Volkswagen,Polo Diesel Comfortline 1.2L,14,3214.285714285714
Delhi,2017,40000,Diesel,Manual,First,24.3,1248,88.5,5,7.9,Maruti,Vitara Brezza VDi Option,9,4444.444444444444
Mumbai,2016,36600,Diesel,Manual,First,19.87,1461,83.8,5,7.49,Renault,Duster 85PS Diesel RxL,10,3660.0
Jaipur,2009,117000,Diesel,Manual,First,18.0,1248,75.0,5,1.1,Tata,Indica Vista Aqua 1.3 Quadrajet,17,6882.35294117647
Delhi,2016,16000,Diesel,Automatic,First,11.3,2987,254.8,7,56.0,Mercedes-Benz,GL-Class 350 CDI Blue Efficiency,10,1600.0
Mumbai,2016,50000,Diesel,Manual,First,25.4,1186,73.97,5,3.5,Hyundai,Xcent 1.2 CRDi S,10,5000.0
Hyderabad,2008,150000,Diesel,Manual,First,18.1,1493,110.0,5,3.0,Hyundai,Verna CRDi SX ABS,18,8333.333333333334
Mumbai,2014,11000,Petrol,Manual,First,17.01,1591,121.3,5,6.1,Hyundai,Verna 1.6 SX VTVT,12,916.6666666666666
Bangalore,2010,102016,Petrol,Manual,First,15.6,1196,70.0,5,2.25,Ford,Figo Petrol ZXI,16,6376.0
Chennai,2016,38000,Diesel,Manual,First,25.2,1248,74.0,5,5.95,Maruti,Swift VDI Optional,10,3800.0
Hyderabad,2013,71491,Diesel,Manual,First,23.08,1461,63.12,5,4.95,Renault,Pulse RxL,13,5499.307692307692
Bangalore,2015,46354,Petrol,Manual,Second,16.47,1198,74.0,5,5.49,Volkswagen,Polo 1.2 MPI Highline,11,4214.0
Delhi,2019,87000,Diesel,Automatic,First,22.69,1995,190.0,5,6.67,BMW,3 Series 320d Luxury Line,7,12428.57142857143
Ahmedabad,2015,20765,Petrol,Manual,First,15.0,1598,103.52,5,6.25,Skoda,Rapid 1.6 MPI Active,11,1887.7272727272727
Ahmedabad,2005,58000,Petrol,Manual,Second,0.0,999,113.27689373297004,5,1.51,Hyundai,Santro GS,21,2761.904761904762
Coimbatore,2014,51076,Diesel,Automatic,First,12.07,2967,241.4,7,34.88,Audi,Q7 3.0 TDI Quattro Premium Plus,12,4256.333333333333
Jaipur,2016,84085,Diesel,Manual,First,26.21,1248,88.5,5,6.9,Maruti,Ciaz VDi Plus,10,8408.5
Kolkata,2014,55000,Diesel,Manual,First,25.1,1498,98.6,5,5.99,Honda,City i DTEC VX,12,4583.333333333333
Mumbai,2010,73000,Petrol,Automatic,First,10.93,3498,272.0,5,10.4,Mercedes-Benz,E-Class 2009-2013 E350 Petrol,16,4562.5
Pune,2012,50001,Diesel,Automatic,First,14.57,2967,241.38,5,29.0,Audi,A6 2011-2015 3.0 TDI Quattro Premium Plus,14,3571.5
Coimbatore,2016,93166,Diesel,Manual,Second,14.02,2179,118.3,7,5.85,Mahindra,Xylo H4,10,9316.6
Kochi,2006,99583,Petrol,Automatic,Third,12.0,1493,100.0,5,2.21,Honda,City 1.5 EXI AT,20,4979.15
Mumbai,2010,72000,Petrol,Manual,First,15.5,1586,103.3,5,2.4,Maruti,SX4 ZXI MT BSIV,16,4500.0
Pune,2009,70000,Petrol,Manual,Third,14.53,1798,138.1,5,3.0,Toyota,Corolla Altis G,17,4117.64705882353
Pune,2012,61000,Petrol,Automatic,Second,14.4,1598,103.6,5,3.75,Volkswagen,Vento Petrol Highline AT,14,4357.142857142857
Pune,2015,66510,Petrol,Manual,First,21.1,814,55.2,5,2.95,Hyundai,EON Era Plus,11,6046.363636363636
Hyderabad,2011,84062,Diesel,Manual,First,20.0,1968,108.5,5,5.8,Skoda,Laura Ambition 2.0 TDI CR MT,15,5604.133333333333
Hyderabad,2012,80799,Diesel,Manual,First,22.9,1248,74.0,5,4.9,Maruti,Swift VDI,14,5771.357142857143
Kolkata,2018,5000,Petrol,Automatic,First,14.28,1798,138.03,5,16.95,Toyota,Corolla Altis 1.8 VL CVT,8,625.0
Hyderabad,2013,92000,Diesel,Manual,First,12.99,2494,100.0,8,12.5,Toyota,Innova 2.5 G (Diesel) 8 Seater,13,7076.923076923077
Hyderabad,2017,53000,Diesel,Manual,First,27.28,1047,69.0,5,5.0,Tata,Tiago Wizz 1.05 Revotorq,9,5888.888888888889
Mumbai,2015,39822,Petrol,Manual,First,15.41,1598,103.52,5,4.68,Skoda,Rapid 1.6 MPI Ambition,11,3620.181818181818
Mumbai,2016,29000,Diesel,Automatic,First,10.91,3198,197.0,7,29.8,Ford,Endeavour 3.2 Titanium AT 4X4,10,2900.0
Kochi,2017,24214,Petrol,Manual,Second,25.17,799,53.3,5,3.46,Renault,KWID RXL,9,2690.4444444444443
Pune,2012,75000,Diesel,Manual,First,23.0,1396,90.0,5,4.0,Hyundai,i20 1.4 Asta CRDi with AVN,14,5357.142857142857
Chennai,2012,77216,Diesel,Manual,Second,17.5,1896,106.0,5,4.5,Skoda,Laura Ambiente,14,5515.428571428572
Kochi,2013,74290,Diesel,Manual,First,21.43,1364,87.2,5,5.87,Toyota,Corolla Altis Diesel D4DG,13,5714.615384615385
Delhi,2015,61000,Diesel,Manual,First,15.4,2179,120.0,8,9.5,Mahindra,Scorpio S8 8 Seater,11,5545.454545454545
Chennai,2013,44000,Diesel,Automatic,First,14.16,1968,174.3,5,32.5,Audi,Q5 2.0 TDI Premium Plus,13,3384.6153846153848
Coimbatore,2014,74041,Diesel,Manual,First,18.2,1248,73.8,8,3.88,Chevrolet,Enjoy TCDi LS 8 Seater,12,6170.083333333333
Coimbatore,2013,85846,Diesel,Automatic,First,22.69,1995,190.0,5,13.08,BMW,3 Series 320d,13,6603.538461538462
Delhi,2012,52000,Diesel,Manual,First,21.64,1461,84.8,5,3.5,Nissan,Sunny 2011-2014 Diesel XV,14,3714.285714285714
Mumbai,2010,47000,Petrol,Manual,Second,12.8,2354,177.6,5,3.5,Honda,Accord 2.4 MT,16,2937.5
Bangalore,2010,72010,Diesel,Manual,First,16.8,1493,110.0,5,4.45,Hyundai,Verna CRDi,16,4500.625
Jaipur,2015,15000,Petrol,Manual,First,16.8,796,34.2,8,2.35,Maruti,Omni E MPI STD BS IV,11,1363.6363636363637
Kolkata,2015,480000,Petrol,Manual,First,17.4,1497,117.3,5,5.0,Honda,City i VTEC SV,11,43636.36363636364
Kolkata,2012,24720,Diesel,Automatic,Second,0.0,2967,241.4,5,28.0,Audi,A7 2011-2015 Sportback,14,1765.7142857142858
Chennai,2007,75000,Petrol,Manual,Second,16.6,1388,68.0,5,2.0,Ford,Fiesta 1.4 ZXi Leather,19,3947.3684210526317
Mumbai,2015,57000,Diesel,Manual,First,22.54,1396,88.73,5,6.35,Hyundai,i20 1.4 Asta,11,5181.818181818182
Kochi,2015,41057,Diesel,Automatic,First,13.0,2143,201.1,5,24.63,Mercedes-Benz,E-Class E250 CDI Avantgrade,11,3732.4545454545455
Pune,2012,92000,CNG,Manual,Second,26.2,998,58.2,5,3.0,Maruti,Wagon R LXI CNG,14,6571.428571428572
Chennai,2016,20000,Diesel,Manual,First,22.77,1498,98.59,5,7.9,Ford,EcoSport 1.5 TDCi Trend Plus,10,2000.0
Mumbai,2011,52359,Petrol,Manual,First,18.5,1197,80.0,5,3.25,Hyundai,i20 1.2 Magna,15,3490.6
Delhi,2016,17000,Petrol,Manual,Second,17.8,1497,117.3,5,8.25,Honda,City i VTEC V,10,1700.0
Kolkata,2011,39002,Diesel,Manual,First,23.08,1461,63.1,5,2.85,Nissan,Micra Diesel XV,15,2600.133333333333
Pune,2010,129986,Diesel,Manual,Second,20.0,1399,68.0,5,3.2,Ford,Figo Diesel EXI,16,8124.125
Kolkata,2013,45000,Petrol,Manual,First,18.44,1198,75.0,5,1.75,Nissan,Micra XL,13,3461.5384615384614
Kolkata,2013,41300,Diesel,Manual,First,17.8,1248,113.27689373297004,5,3.38,Maruti,Swift VDI BSIV,13,3176.923076923077
Ahmedabad,2009,82002,Petrol,Manual,Second,12.8,2354,177.6,5,5.75,Honda,Accord 2.4 MT,17,4823.64705882353
Mumbai,2010,67000,Petrol,Automatic,First,13.7,1798,157.75,5,4.7,Skoda,Superb Elegance 1.8 TSI AT,16,4187.5
Hyderabad,2017,21260,Petrol,Manual,First,14.0,796,35.0,5,2.9,Maruti,Omni 8 Seater BSIV,9,2362.222222222222
Ahmedabad,2012,55362,Diesel,Manual,First,21.9,1396,88.8,5,4.25,Hyundai,i20 Magna Optional 1.4 CRDi,14,3954.4285714285716
Chennai,2017,13000,Diesel,Automatic,First,17.01,1582,126.2,5,14.5,Hyundai,Creta 1.6 CRDi AT SX Plus,9,1444.4444444444443
Kochi,2016,45725,Diesel,Manual,First,25.2,1248,74.0,5,5.34,Maruti,Swift VDI BSIV,10,4572.5
Jaipur,2014,105000,Diesel,Manual,First,25.2,1248,74.0,5,3.85,Maruti,Swift LDI BSIV,12,8750.0
Hyderabad,2009,156056,Diesel,Manual,First,12.8,2494,102.0,8,8.5,Toyota,Innova 2.5 G (Diesel) 8 Seater BS IV,17,9179.764705882353
Mumbai,2016,135000,Diesel,Manual,First,24.4,1120,71.0,5,4.2,Hyundai,Xcent 1.1 CRDi Base,10,13500.0
Delhi,2016,67000,Diesel,Manual,First,20.77,1248,88.7,7,6.75,Maruti,Ertiga Paseo VDI,10,6700.0
Jaipur,2016,90000,Diesel,Automatic,First,10.91,3198,197.2,7,26.0,Ford,Endeavour 3.2 Trend AT 4X4,10,9000.0
Coimbatore,2019,32251,Diesel,Manual,First,22.54,1396,88.73,5,8.61,Hyundai,i20 1.4 Sportz,7,4607.285714285715
Mumbai,2009,47000,Petrol,Manual,First,19.0,998,67.1,5,1.46,Maruti,Zen Estilo LXI BS IV,17,2764.705882352941
Mumbai,2011,75308,Diesel,Manual,Second,21.1,1248,73.9,5,2.8,Maruti,Ritz VDi,15,5020.533333333334
Kochi,2018,44202,CNG,Manual,First,32.26,998,58.2,4,4.0,Maruti,Alto K10 LXI CNG Optional,8,5525.25
Mumbai,2014,58000,Petrol,Manual,First,17.0,1497,118.0,5,5.47,Honda,City 1.5 S MT,12,4833.333333333333
Mumbai,2009,60000,Petrol,Manual,First,17.5,1298,85.8,5,2.45,Maruti,Swift Dzire ZXi,17,3529.4117647058824
Hyderabad,2014,45000,Diesel,Automatic,First,17.05,1995,184.0,5,21.5,BMW,X1 sDrive 20d Sportline,12,3750.0
Mumbai,2010,41195,Petrol,Manual,First,15.0,1368,90.0,5,1.38,Tata,Manza Aqua Safire,16,2574.6875
Chennai,2016,89000,Diesel,Manual,First,16.0,2179,140.0,7,13.5,Mahindra,XUV500 W10 2WD,10,8900.0
Bangalore,2009,60510,Petrol,Automatic,Second,16.95,1197,78.9,5,3.1,Hyundai,i10 Sportz AT,17,3559.4117647058824
Mumbai,2016,8500,Petrol,Manual,First,21.4,1197,83.1,5,5.49,Maruti,Baleno Sigma 1.2,10,850.0
Kochi,2017,35981,Diesel,Manual,First,24.3,1248,88.5,5,9.51,Maruti,Vitara Brezza ZDi Plus Dual Tone,9,3997.8888888888887
Mumbai,2012,23152,Petrol,Manual,First,15.6,1196,70.02,5,2.39,Ford,Figo Petrol ZXI,14,1653.7142857142858
Delhi,2014,74663,CNG,Manual,First,33.54,998,67.04,5,3.25,Maruti,Wagon R CNG LXI,12,6221.916666666667
Mumbai,2014,61529,Petrol,Automatic,First,18.19,1197,103.5,5,5.65,Volkswagen,Vento Sport 1.2 TSI AT,12,5127.416666666667
Ahmedabad,2010,91596,Diesel,Manual,First,14.95,2489,93.7,7,1.85,Mahindra,Xylo D2 BS III,16,5724.75
Kochi,2019,14298,Petrol,Automatic,First,13.33,2995,340.0,5,2.02,Porsche,Cayenne Base,7,2042.5714285714287
Hyderabad,2013,83327,Diesel,Manual,First,19.3,1248,73.9,5,5.8,Maruti,Swift Dzire VDi,13,6409.7692307692305
Hyderabad,2017,22857,Petrol,Manual,First,16.2,1199,74.0,5,6.9,Volkswagen,Polo 1.2 MPI Highline Plus,9,2539.6666666666665
Chennai,2013,34620,Petrol,Manual,Second,17.01,1591,121.3,5,5.35,Hyundai,Verna 1.6 VTVT,13,2663.076923076923
Bangalore,2010,56000,Petrol,Manual,First,19.81,1086,68.05,5,2.85,Hyundai,i10 Era 1.1,16,3500.0
Chennai,2014,81000,Diesel,Automatic,First,13.0,2143,204.0,5,22.75,Mercedes-Benz,E-Class E250 CDI Launch Edition,12,6750.0
Jaipur,1998,95150,Petrol,Manual,Third,17.3,993,60.0,5,0.45,Maruti,Zen LXI,28,3398.214285714286
Coimbatore,2013,32776,Petrol,Manual,First,20.36,1197,78.9,5,4.64,Hyundai,i10 Sportz,13,2521.230769230769
Coimbatore,2016,51587,Diesel,Manual,First,25.8,1498,98.6,5,5.27,Honda,Amaze S i-Dtech,10,5158.7
Jaipur,2016,36000,Diesel,Manual,First,14.1,2179,148.0,7,10.0,Tata,Safari Storme VX,10,3600.0
Mumbai,2015,22000,Petrol,Manual,First,18.5,1198,86.8,5,3.95,Honda,Brio 1.2 S MT,11,2000.0
Kochi,2010,30754,Petrol,Manual,First,17.0,1197,80.0,5,3.38,Hyundai,i20 Asta,16,1922.125
Coimbatore,2018,37109,Petrol,Manual,First,14.69,1390,120.33,5,16.8,Volkswagen,Jetta 2012-2014 1.4 TSI,8,4638.625
Kolkata,2010,45000,Petrol,Manual,First,16.7,1198,88.8,5,1.99,Honda,Jazz Select Edition,16,2812.5
Coimbatore,2017,33284,Petrol,Manual,First,18.9,1197,82.0,5,5.84,Hyundai,Grand i10 Sportz,9,3698.222222222222
Coimbatore,2016,55115,Diesel,Automatic,First,14.74,2993,270.9,5,36.15,Jaguar,XF Diesel,10,5511.5
Kolkata,2014,18000,Diesel,Automatic,First,16.36,2179,187.7,5,25.7,Jaguar,XF 2.2 Litre Luxury,12,1500.0
Coimbatore,2013,130790,Diesel,Manual,First,16.0,2179,140.0,7,9.24,Mahindra,XUV500 W8 2WD,13,10060.76923076923
Delhi,2015,16607,Diesel,Manual,First,22.7,1598,118.0,5,7.65,Maruti,S Cross DDiS 320 Alpha,11,1509.7272727272727
Coimbatore,2015,32205,Diesel,Automatic,First,17.11,1968,174.33,5,25.31,Audi,A4 2.0 TDI 177 Bhp Premium Plus,11,2927.7272727272725
Delhi,2013,67000,Diesel,Manual,First,19.01,1461,108.45,5,4.75,Renault,Duster 110PS Diesel RxZ,13,5153.846153846154
Coimbatore,2014,57676,Petrol,Manual,First,19.1,1197,85.8,5,6.69,Maruti,Swift Dzire VXI,12,4806.333333333333
Mumbai,2012,41000,Petrol,Manual,First,16.47,1198,73.9,5,3.1,Volkswagen,Polo Petrol Trendline 1.2L,14,2928.5714285714284
Jaipur,2012,65000,Petrol,Manual,First,19.7,796,35.0,8,1.55,Maruti,Omni 8 Seater BSII,14,4642.857142857143
Coimbatore,2019,12153,Petrol,Automatic,First,18.9,1197,81.86,5,6.84,Hyundai,Grand i10 1.2 Kappa Magna AT,7,1736.142857142857
Hyderabad,2014,16810,Petrol,Manual,First,25.4,624,37.5,4,1.6,Tata,Nano Twist XT,12,1400.8333333333333
Kochi,2017,61221,Petrol,Automatic,First,17.84,1395,147.51,5,21.73,Audi,A4 30 TFSI Premium Plus,9,6802.333333333333
Mumbai,2015,22000,Petrol,Manual,First,16.47,1198,74.0,5,4.75,Volkswagen,Polo 1.2 MPI Highline,11,2000.0
Chennai,2015,63714,Petrol,Manual,First,22.74,796,47.3,5,2.45,Maruti,Alto 800 LXI,11,5792.181818181818
Kochi,2019,14857,Diesel,Automatic,First,20.7,1496,113.98,5,31.55,Mini,Cooper 5 DOOR D,7,2122.4285714285716
Delhi,2012,69000,Diesel,Automatic,Second,15.2,1968,140.8,5,10.25,Audi,A4 New 2.0 TDI Multitronic,14,4928.571428571428
Coimbatore,2019,14648,Diesel,Manual,First,12.62,2198,158.0,7,27.36,Ford,Endeavour Titanium 4X2,7,2092.5714285714284
Hyderabad,2013,100000,Petrol,Manual,Second,15.8,1499,110.0,5,6.5,Ford,Ecosport 1.5 Ti VCT MT Titanium,13,7692.307692307692
Jaipur,2016,22000,Petrol,Manual,First,18.9,1197,82.0,5,4.25,Hyundai,Grand i10 Magna,10,2200.0
Mumbai,2014,10000,Petrol,Manual,First,18.2,1199,82.4,5,5.5,Chevrolet,Sail 1.2 LS,12,833.3333333333334
Kolkata,2015,107000,Petrol,Manual,First,20.85,1197,83.14,5,4.0,Maruti,Swift Dzire LXI,11,9727.272727272728
Kochi,2017,48198,Petrol,Manual,First,17.57,1193,88.7,5,4.65,Tata,Zest Revotron 1.2T XM,9,5355.333333333333
Delhi,2015,15000,Diesel,Automatic,First,19.27,2143,170.0,5,28.5,Mercedes-Benz,New C-Class C 220 CDI Avantgarde,11,1363.6363636363637
Coimbatore,2014,80073,Diesel,Manual,First,17.3,1998,163.7,5,7.11,Chevrolet,Cruze LTZ,12,6672.75
Hyderabad,2013,85388,Diesel,Manual,First,21.1,1248,73.9,5,3.9,Maruti,Ritz VDi,13,6568.307692307692
Jaipur,2017,14700,Petrol,Manual,First,18.9,1197,81.86,5,5.6,Hyundai,Grand i10 1.2 Kappa Sportz Option,9,1633.3333333333333
Pune,2012,150000,Diesel,Manual,Third,28.4,1248,73.75,5,2.25,Maruti,Dzire LDI,14,10714.285714285714
Kolkata,2011,34994,Diesel,Manual,First,22.32,1582,126.32,5,3.9,Hyundai,Verna 1.6 SX,15,2332.9333333333334
Coimbatore,2014,82536,Diesel,Automatic,First,14.74,2993,270.9,5,28.63,Jaguar,XF Diesel,12,6878.0
Delhi,2013,82000,Petrol,Automatic,First,13.7,1798,157.75,5,7.25,Skoda,Superb Elegance 1.8 TSI AT,13,6307.692307692308
Pune,2006,52000,Petrol,Manual,Second,18.9,998,67.1,5,2.0,Maruti,Wagon R LXI,20,2600.0
Mumbai,2011,20000,Petrol,Manual,First,16.47,1198,73.9,5,3.5,Volkswagen,Polo Petrol Highline 1.2L,15,1333.3333333333333
Hyderabad,2011,55000,Petrol,Manual,First,14.8,1799,130.2,5,5.0,Honda,Civic 2010-2013 1.8 S MT,15,3666.6666666666665
Ahmedabad,2015,47001,CNG,Manual,First,20.0,1196,63.0,5,3.72,Maruti,Eeco CNG 5 Seater AC,11,4272.818181818182
Chennai,2014,52000,Petrol,Manual,First,22.5,998,67.04,5,3.45,Maruti,Wagon R VXI,12,4333.333333333333
Kolkata,2013,43284,Diesel,Manual,First,23.4,1248,74.0,5,4.5,Maruti,Swift Dzire VDI,13,3329.5384615384614
Coimbatore,2018,23875,Petrol,Automatic,First,13.0,1591,121.3,5,14.36,Hyundai,Creta 1.6 SX Plus Petrol Automatic,8,2984.375
Bangalore,2016,51866,Petrol,Manual,First,18.9,1197,82.0,5,5.5,Hyundai,Grand i10 Asta,10,5186.6
Mumbai,2013,69000,Diesel,Manual,First,23.08,1461,63.1,5,3.0,Nissan,Micra Diesel XV Premium,13,5307.692307692308
Coimbatore,2017,62788,Petrol,Manual,First,18.9,1197,81.86,5,6.08,Hyundai,Grand i10 1.2 Kappa Asta,9,6976.444444444444
Chennai,2013,150000,Diesel,Manual,First,20.54,1598,103.6,5,5.0,Volkswagen,Vento Diesel Highline,13,11538.461538461539
Kochi,2015,47566,Diesel,Automatic,First,12.55,2982,168.5,7,20.25,Toyota,Fortuner 4x2 AT,11,4324.181818181818
Chennai,2002,67000,Petrol,Manual,Third,0.0,999,113.27689373297004,5,1.2,Hyundai,Santro GS zipDrive - Euro II,24,2791.6666666666665
Pune,2018,20300,Diesel,Automatic,First,11.36,2755,171.5,7,18.0,Toyota,Innova Crysta 2.8 GX AT,8,2537.5
Pune,2015,48300,Diesel,Automatic,First,20.0,2143,107.3,5,17.5,Mercedes-Benz,A Class A180 CDI,11,4390.909090909091
Pune,2013,30000,Petrol,Manual,First,21.1,814,55.2,5,2.1,Hyundai,EON D Lite,13,2307.6923076923076
Bangalore,2012,36000,Diesel,Manual,Second,22.7,1582,126.24,5,7.5,Hyundai,Elantra CRDi SX,14,2571.4285714285716
Kochi,2015,27641,Diesel,Automatic,Second,20.7,1496,113.98,4,24.77,Mini,Cooper 3 DOOR D,11,2512.818181818182
Bangalore,2015,60000,Diesel,Manual,First,19.64,1461,108.45,5,8.65,Renault,Duster 110PS Diesel RXZ Option,11,5454.545454545455
Chennai,2019,9000,Diesel,Automatic,First,10.91,3198,197.0,7,35.5,Ford,Endeavour 3.2 Titanium AT 4X4,7,1285.7142857142858
Delhi,2014,60750,Petrol,Manual,First,14.28,1798,138.03,5,10.5,Toyota,Corolla Altis GL MT,12,5062.5
Delhi,2018,9000,Diesel,Manual,First,14.0,2179,155.0,7,13.0,Mahindra,XUV500 W7,8,1125.0
Kolkata,2012,41100,Diesel,Automatic,First,16.77,2993,261.49,5,26.5,BMW,7 Series 730Ld Design Pure Excellence CBU,14,2935.714285714286
Ahmedabad,2004,60000,Petrol,Manual,Second,17.3,1061,64.0,5,1.4,Maruti,Wagon R LX BSIII,22,2727.2727272727275
Kochi,2017,38424,Petrol,Manual,First,17.8,1497,117.3,5,7.51,Honda,City i VTEC SV,9,4269.333333333333
Delhi,2014,50000,Diesel,Manual,First,22.9,1248,74.0,5,4.3,Maruti,Swift VDI,12,4166.666666666667
Mumbai,2015,19000,Petrol,Automatic,First,18.0,1497,117.3,5,8.95,Honda,City i-VTEC CVT VX,11,1727.2727272727273
Kochi,2015,58734,Diesel,Manual,First,20.77,1248,88.76,7,6.91,Maruti,Ertiga VDI,11,5339.454545454545
Coimbatore,2016,65257,Diesel,Manual,First,19.01,1461,108.45,5,9.75,Renault,Duster 110PS Diesel RxZ,10,6525.7
Jaipur,2010,130000,Diesel,Manual,Second,19.3,1248,73.9,5,4.0,Maruti,Swift Dzire VDi,16,8125.0
Hyderabad,2011,79000,Diesel,Manual,First,23.2,1248,73.94,5,3.65,Maruti,Ritz VDi,15,5266.666666666667
Chennai,2013,78000,Diesel,Manual,First,15.1,2179,140.0,7,10.75,Mahindra,XUV500 W8 4WD,13,6000.0
Kochi,2015,49133,Petrol,Manual,First,19.4,1198,86.8,5,4.51,Honda,Brio S MT,11,4466.636363636364
Coimbatore,2016,22769,Diesel,Automatic,First,0.0,2987,165.0,5,49.22,Mercedes-Benz,M-Class ML 350 4Matic,10,2276.9
Coimbatore,2014,54448,Diesel,Manual,First,21.02,1248,88.8,5,3.7,Tata,Manza Club Class Quadrajet90 LS,12,4537.333333333333
Hyderabad,2014,158793,Diesel,Manual,First,12.8,2494,102.0,7,12.99,Toyota,Innova 2.5 V Diesel 7-seater,12,13232.75
Delhi,2015,62088,Petrol,Manual,First,18.6,1197,85.8,5,4.15,Maruti,Swift VXI,11,5644.363636363636
Kolkata,2012,14800,Petrol,Manual,First,17.01,1591,121.3,5,4.4,Hyundai,Verna 1.6 EX VTVT,14,1057.142857142857
Kolkata,2015,26000,Petrol,Manual,First,17.3,1497,117.3,7,4.25,Honda,Mobilio S i VTEC,11,2363.6363636363635
Mumbai,2017,32005,Petrol,Manual,First,18.0,1198,86.7,5,4.25,Honda,Amaze S i-Vtech,9,3556.1111111111113
Jaipur,2017,35000,Petrol,Automatic,First,18.0,1497,117.3,5,7.7,Honda,City i-VTEC CVT VX,9,3888.8888888888887
Pune,2015,52000,Diesel,Automatic,First,12.7,2179,187.7,5,39.75,Land,Rover Range Rover 2.2L Dynamic,11,4727.272727272727
Mumbai,2017,11000,Petrol,Manual,First,17.4,1497,117.3,5,8.5,Honda,City i-VTEC V,9,1222.2222222222222
Jaipur,2008,62000,Petrol,Automatic,First,9.5,2997,231.1,5,7.0,Mercedes-Benz,E-Class 280 Elegance,18,3444.4444444444443
Chennai,2002,65134,Petrol,Manual,Third,13.8,1299,70.0,5,0.8,Ford,Ikon 1.3 Flair,24,2713.9166666666665
Delhi,2013,71000,Diesel,Manual,First,13.0,2982,168.5,7,15.25,Toyota,Fortuner 4x2 Manual,13,5461.538461538462
Hyderabad,2008,51366,Petrol,Manual,First,19.0,998,66.1,5,2.25,Maruti,A-Star Vxi,18,2853.6666666666665
Kolkata,2016,46300,Diesel,Manual,First,14.07,1948,83.1,7,4.85,Tata,Sumo EX,10,4630.0
Coimbatore,2012,60908,Petrol,Automatic,Second,15.6,1497,116.3,5,6.42,Honda,City V AT,14,4350.571428571428
Chennai,2012,93450,Diesel,Manual,Second,23.19,1461,63.12,5,2.5,Nissan,Micra XV D,14,6675.0
Hyderabad,2011,104000,Diesel,Automatic,First,19.08,1582,126.32,5,5.75,Hyundai,Verna SX CRDi AT,15,6933.333333333333
Pune,2003,52000,Petrol,Manual,First,16.1,796,37.0,4,0.5,Maruti,800 Std,23,2260.8695652173915
Coimbatore,2015,42999,Diesel,Manual,First,15.1,2179,140.0,7,11.52,Mahindra,XUV500 W8 4WD,11,3909.0
Delhi,2014,90000,Diesel,Manual,First,21.5,1248,88.8,5,4.5,Maruti,SX4 VDI,12,7500.0
Bangalore,2013,72000,Petrol,Automatic,First,15.0,1396,98.6,5,4.75,Hyundai,i20 Sportz AT 1.4,13,5538.461538461538
Coimbatore,2019,54321,Diesel,Manual,First,19.67,1582,126.2,5,13.54,Hyundai,Creta 1.6 CRDi SX,7,7760.142857142857
Kochi,2015,59630,Diesel,Automatic,First,13.0,2143,201.1,5,23.41,Mercedes-Benz,E-Class E250 CDI Avantgrade,11,5420.909090909091
Hyderabad,2013,116000,Diesel,Automatic,Second,12.55,2982,168.5,7,19.25,Toyota,Fortuner 4x2 AT,13,8923.076923076924
Ahmedabad,2015,34000,Diesel,Automatic,First,9.0,1984,181.0,5,20.0,Volvo,S60 D4 KINETIC,11,3090.909090909091
Delhi,2011,70000,Diesel,Automatic,First,14.21,2143,203.0,5,13.0,Mercedes-Benz,E-Class 2009-2013 E250 CDI Avantgarde,15,4666.666666666667
Chennai,2010,80000,Petrol,Manual,First,10.2,2354,180.0,5,3.99,Honda,Accord 2.4 Elegance M/T,16,5000.0
Pune,2015,110000,Diesel,Manual,First,25.8,1498,98.6,5,4.65,Honda,Amaze S i-Dtech,11,10000.0
Ahmedabad,2013,56454,Diesel,Manual,First,28.4,1248,73.75,5,4.65,Maruti,Dzire ZDI,13,4342.615384615385
Kolkata,2013,60000,Petrol,Manual,First,18.6,1197,85.8,5,3.15,Maruti,Swift LXI,13,4615.384615384615
Delhi,2013,56000,Petrol,Automatic,First,14.53,1798,138.1,5,8.25,Toyota,Corolla Altis G HV AT,13,4307.692307692308
Bangalore,2012,63000,Diesel,Automatic,Second,11.49,4367,335.3,5,65.0,Land,Rover Range Rover Vogue SE 4.4 SDV8,14,4500.0
Chennai,2012,63000,Diesel,Manual,First,22.9,1248,74.0,5,4.5,Maruti,Swift VDI,14,4500.0
Kolkata,2017,15050,Diesel,Manual,First,16.3,1956,170.0,5,17.5,Jeep,Compass 2.0 Limited Option 4X4,9,1672.2222222222222
Mumbai,2016,29401,Petrol,Manual,First,20.4,1197,81.8,5,4.31,Maruti,Swift VXI BSIV,10,2940.1
Kochi,2016,25238,Petrol,Manual,First,18.7,1199,88.7,5,6.2,Honda,Jazz 1.2 SV i VTEC,10,2523.8
Chennai,2011,79000,Diesel,Manual,First,23.59,1364,113.27689373297004,5,4.67,Toyota,Etios GD,15,5266.666666666667
Kochi,2011,58752,Petrol,Manual,First,16.47,1198,73.9,5,3.32,Volkswagen,Polo Petrol Trendline 1.2L,15,3916.8
Delhi,2011,62000,Petrol,Automatic,First,12.9,1799,130.0,5,3.75,Honda,Civic 2006-2010 1.8 V AT,15,4133.333333333333
Bangalore,2013,132000,Petrol,Manual,First,16.78,1496,88.73,5,4.7,Toyota,Etios G SP,13,10153.846153846154
Chennai,2016,51000,Petrol,Manual,First,17.01,1591,121.3,5,6.5,Hyundai,Verna 1.6 SX VTVT,10,5100.0
Hyderabad,2009,185200,Diesel,Manual,First,12.8,2494,102.0,8,7.25,Toyota,Innova 2.5 G4 Diesel 8-seater,17,10894.117647058823
Coimbatore,2016,61717,Diesel,Manual,First,22.7,1598,118.0,5,8.94,Maruti,SX4 S Cross DDiS 320 Zeta,10,6171.7
Kolkata,2018,8896,Petrol,Manual,First,19.0,1194,94.68,5,7.34,Ford,Freestyle Titanium Plus Petrol,8,1112.0
Delhi,2016,17000,Petrol,Manual,First,21.4,1197,83.1,5,6.9,Maruti,Baleno Alpha 1.2,10,1700.0
Mumbai,2016,31378,Petrol,Manual,First,18.2,1199,88.7,5,5.9,Honda,Jazz V,10,3137.8
Pune,2013,114000,Diesel,Automatic,First,22.32,1582,126.3,5,6.75,Hyundai,Verna 1.6 CRDi EX AT,13,8769.23076923077
Ahmedabad,2014,81000,Diesel,Manual,First,25.8,1498,98.6,5,4.1,Honda,Amaze VX i-DTEC,12,6750.0
Mumbai,2017,31000,Diesel,Automatic,First,18.51,1968,147.51,5,27.0,Audi,Q3 30 TDI Premium FWD,9,3444.4444444444443
Mumbai,2014,35000,Petrol,Manual,First,15.0,1598,103.52,5,4.5,Skoda,Rapid 2013-2016 1.6 MPI Ambition,12,2916.6666666666665
Kolkata,2013,60001,Diesel,Automatic,First,17.11,1968,174.33,5,14.5,Audi,A4 2.0 TDI 177 Bhp Premium Plus,13,4615.461538461538
Jaipur,2014,75074,Diesel,Manual,First,23.4,1248,74.0,5,5.25,Maruti,Swift Dzire VDI,12,6256.166666666667
Kolkata,2012,80000,Diesel,Manual,Second,22.3,1248,74.0,5,1.2,Tata,Indica Vista Quadrajet LS,14,5714.285714285715
Jaipur,2006,147350,Diesel,Manual,Second,12.99,2494,100.6,8,4.95,Toyota,Innova 2.5 G (Diesel) 8 Seater,20,7367.5
Hyderabad,2013,60000,Diesel,Manual,First,19.64,1461,108.45,5,7.5,Renault,Duster 110PS Diesel RxZ Plus,13,4615.384615384615
Kolkata,2015,7501,Petrol,Automatic,First,10.0,2996,333.0,4,48.0,Mercedes-Benz,E-Class E400 Cabriolet,11,681.9090909090909
Delhi,2015,58000,Diesel,Manual,First,25.8,1498,98.6,5,4.45,Honda,Amaze S i-Dtech,11,5272.727272727273
Coimbatore,2018,29277,Diesel,Automatic,First,11.57,2987,254.79,5,59.65,Mercedes-Benz,GLE 350d,8,3659.625
Kochi,2015,57034,Diesel,Manual,First,23.2,1248,73.94,5,4.38,Maruti,Ritz VDi,11,5184.909090909091
Kochi,2016,40810,Diesel,Manual,First,28.09,1248,88.5,5,7.9,Maruti,Ciaz ZDi Plus SHVS,10,4081.0
Bangalore,2008,35268,Petrol,Manual,Second,0.0,1086,62.0,5,1.88,Hyundai,Santro Xing GL,18,1959.3333333333333
Coimbatore,2018,34630,Petrol,Automatic,First,21.4,1197,83.1,5,7.29,Maruti,Baleno Delta CVT,8,4328.75
Hyderabad,2012,45122,Diesel,Manual,First,23.5,1498,88.7,5,6.0,Ford,Fiesta Diesel Titanium Plus,14,3223.0
Chennai,2011,126000,Diesel,Manual,Third,16.0,2179,140.0,7,6.7,Mahindra,XUV500 W8 2WD,15,8400.0
Jaipur,2009,63000,Petrol,Manual,First,19.7,796,46.3,5,1.5,Maruti,Alto LXi,17,3705.8823529411766
Kochi,2016,32298,Diesel,Automatic,First,20.7,1496,113.98,4,23.8,Mini,Cooper 3 DOOR D,10,3229.8
Kochi,2014,63288,Diesel,Manual,First,15.1,2179,140.0,7,7.77,Mahindra,XUV500 W8 4WD,12,5274.0
Coimbatore,2012,43337,Petrol,Manual,First,17.92,1086,62.1,5,3.32,Hyundai,Santro Xing GLS,14,3095.5
Kochi,2015,46561,Diesel,Manual,First,22.9,1248,74.0,5,4.94,Maruti,Swift VDI,11,4232.818181818182
Delhi,2013,34000,Diesel,Automatic,Second,20.0,2143,107.3,5,11.0,Mercedes-Benz,A Class A180 CDI,13,2615.3846153846152
Hyderabad,2016,48000,Petrol,Manual,First,25.17,799,53.3,5,3.4,Renault,KWID RXT,10,4800.0
Kochi,2013,56263,Diesel,Manual,First,22.9,1248,74.0,5,4.17,Maruti,Swift VDI,13,4327.923076923077
Hyderabad,2005,84060,Petrol,Manual,Second,17.3,993,60.0,5,1.25,Maruti,Zen LXI,21,4002.8571428571427
Mumbai,2016,9000,Petrol,Automatic,First,18.9,1197,82.0,5,5.45,Hyundai,Grand i10 Magna AT,10,900.0
Jaipur,2012,79000,Diesel,Manual,First,21.12,1248,88.8,5,2.59,Tata,Manza Aura Quadrajet BS IV,14,5642.857142857143
Pune,2015,87900,Diesel,Manual,First,16.0,2179,140.0,7,12.01,Mahindra,XUV500 W10 AWD,11,7990.909090909091
Delhi,2010,72425,Petrol,Manual,Second,17.5,1197,85.8,5,2.45,Maruti,Swift Dzire 1.2 Vxi BSIV,16,4526.5625
Bangalore,2015,38000,Diesel,Automatic,First,15.73,1968,174.33,5,29.0,Audi,Q3 35 TDI Quattro Premium Plus,11,3454.5454545454545
Hyderabad,2008,83000,Diesel,Manual,Second,17.8,1399,113.27689373297004,5,2.4,Ford,Fiesta 1.4 SXi TDCi,18,4611.111111111111
Hyderabad,2010,107000,Diesel,Automatic,First,14.84,2143,170.0,5,11.99,Mercedes-Benz,New C-Class C 220 CDI Elegance AT,16,6687.5
Delhi,2015,51000,Petrol,Automatic,First,18.0,1497,117.3,5,7.9,Honda,City i VTEC CVT VX,11,4636.363636363636
Pune,2010,140000,Diesel,Manual,Third,12.8,2494,102.0,7,6.25,Toyota,Innova 2.5 GX 7 STR,16,8750.0
Pune,2011,48000,Petrol,Manual,Second,18.6,1199,79.4,5,1.8,Chevrolet,Beat LT,15,3200.0
Delhi,2013,62000,CNG,Manual,First,26.6,998,58.16,5,2.8,Maruti,Wagon R LXI CNG,13,4769.2307692307695
Mumbai,2015,31000,Petrol,Manual,First,18.7,1199,88.7,5,4.9,Honda,Jazz 1.2 S i VTEC,11,2818.181818181818
Jaipur,2010,75055,Petrol,Manual,First,18.06,1198,75.0,5,2.25,Nissan,Micra XL Primo,16,4690.9375
Coimbatore,2017,51210,Petrol,Automatic,First,19.12,1373,91.1,5,8.89,Maruti,Ciaz AT ZXi,9,5690.0
Mumbai,2012,87000,Diesel,Automatic,First,12.55,2982,168.5,7,15.0,Toyota,Fortuner 4x2 AT,14,6214.285714285715
Kolkata,2018,17000,Diesel,Manual,First,26.1,1498,99.0,5,5.65,Ford,Aspire Ambiente Diesel,8,2125.0
Jaipur,2014,57000,Diesel,Manual,First,20.77,1248,88.8,7,7.0,Maruti,Ertiga ZDI,12,4750.0
Hyderabad,2016,9370,Petrol,Manual,First,22.74,796,47.3,5,2.95,Maruti,Alto 800 LXI,10,937.0
Chennai,2013,53226,Petrol,Manual,First,19.4,1198,86.8,5,3.3,Honda,Brio V MT,13,4094.3076923076924
Hyderabad,2010,120000,Diesel,Manual,Second,16.2,1493,110.0,5,3.5,Hyundai,Verna Transform CRDi VGT SX ABS,16,7500.0
Jaipur,2007,75055,Petrol,Manual,First,12.8,1493,100.0,5,2.3,Honda,City 1.5 GXI,19,3950.2631578947367
Coimbatore,2017,37247,Diesel,Manual,First,19.67,1582,126.2,5,13.69,Hyundai,Creta 1.6 CRDi SX,9,4138.555555555556
Delhi,2013,64000,Diesel,Manual,First,23.59,1364,67.06,5,3.1,Toyota,Etios Liva GD,13,4923.076923076923
Mumbai,2014,12000,Petrol,Manual,First,13.44,2359,198.25,5,12.75,Hyundai,Sonata Transform 2.4 GDi MT,12,1000.0
Pune,2017,40158,Diesel,Manual,First,19.67,1582,126.2,5,13.75,Hyundai,Creta 1.6 CRDi SX Option,9,4462.0
Chennai,2017,11000,Petrol,Manual,First,18.7,1199,88.7,5,6.75,Honda,Jazz 1.2 SV i VTEC,9,1222.2222222222222
Chennai,2014,70010,Diesel,Manual,First,20.54,1598,103.6,5,5.25,Volkswagen,Vento Diesel Comfortline,12,5834.166666666667
Mumbai,2015,82000,Diesel,Manual,First,16.0,2179,140.0,7,8.75,Mahindra,XUV500 W6 2WD,11,7454.545454545455
Kochi,2017,57259,Diesel,Manual,First,18.49,1493,100.0,7,8.87,Mahindra,TUV 300 2015-2019 T8,9,6362.111111111111
Bangalore,2010,84000,Petrol,Automatic,Second,11.1,2354,142.0,5,6.5,Honda,Accord 2001-2003 2.3 VTi L AT,16,5250.0
Pune,2012,168000,Diesel,Manual,First,20.77,1248,88.76,7,4.5,Maruti,Ertiga VDI,14,12000.0
Hyderabad,2012,73670,Diesel,Manual,First,12.83,2696,162.0,7,12.5,Mahindra,Ssangyong Rexton RX5,14,5262.142857142857
Delhi,2014,89540,Diesel,Automatic,First,12.55,2982,168.5,7,16.8,Toyota,Fortuner 4x2 AT,12,7461.666666666667
Hyderabad,2016,85423,Diesel,Manual,First,20.77,1248,88.8,7,8.75,Maruti,Ertiga ZDI,10,8542.3
Pune,2013,48823,Diesel,Automatic,First,19.5,1582,126.24,5,8.5,Hyundai,Elantra CRDi SX AT,13,3755.6153846153848
Kolkata,2011,35082,Petrol,Manual,First,20.36,1197,78.9,5,2.21,Hyundai,i10 Magna 1.2,15,2338.8
Jaipur,2012,126000,Petrol,Manual,First,16.8,796,34.2,5,1.6,Maruti,Omni MPI STD BSIV,14,9000.0
Delhi,2016,19000,Petrol,Automatic,First,15.5,1198,86.7,5,6.25,Honda,Amaze VX AT i-Vtech,10,1900.0
Mumbai,2007,69000,Petrol,Automatic,Second,12.9,1799,130.0,5,2.25,Honda,Civic 2006-2010 1.8 V AT,19,3631.5789473684213
Kochi,2019,29836,Diesel,Automatic,First,17.9,2143,136.0,5,25.75,Mercedes-Benz,CLA 200 CDI Sport,7,4262.285714285715
Ahmedabad,2010,48002,Petrol,Manual,Second,13.14,1798,157.8,5,6.75,Skoda,Superb 1.8 TFSI MT,16,3000.125
Ahmedabad,2015,52324,Diesel,Manual,First,28.09,1248,88.5,5,6.25,Maruti,Ciaz ZDi Plus SHVS,11,4756.727272727273
Delhi,2013,65000,Diesel,Manual,First,22.7,1498,89.84,5,5.1,Ford,Ecosport 1.5 DV5 MT Titanium Optional,13,5000.0
Mumbai,2009,66000,Diesel,Automatic,Second,8.7,2987,224.34,5,10.75,Mercedes-Benz,M-Class ML 320 CDI,17,3882.3529411764707
Hyderabad,2016,75700,Diesel,Manual,First,24.0,1120,70.0,5,5.7,Hyundai,Grand i10 CRDi Sportz,10,7570.0
Bangalore,2013,43000,Diesel,Manual,First,20.5,1598,105.0,5,5.95,Volkswagen,Vento Diesel Breeze,13,3307.6923076923076
Kochi,2012,42706,Diesel,Manual,First,25.44,936,56.3,5,2.4,Chevrolet,Beat Diesel LT,14,3050.4285714285716
Mumbai,2013,35000,Diesel,Manual,First,17.21,1493,100.0,7,3.49,Mahindra,Quanto C6,13,2692.3076923076924
Hyderabad,2011,54348,Petrol,Automatic,First,19.2,1197,80.0,5,4.0,Hyundai,i10 Asta 1.2 AT with Sunroof,15,3623.2
Delhi,2013,84000,Diesel,Manual,First,23.59,1364,67.04,5,3.85,Toyota,Etios Liva 1.4 GD,13,6461.538461538462
Mumbai,2010,63298,Petrol,Automatic,First,14.53,1794,138.1,5,3.95,Toyota,Corolla Altis 2008-2013 1.8 VL AT,16,3956.125
Jaipur,2013,75049,Petrol,Manual,Second,20.36,1197,78.9,5,3.0,Hyundai,i10 Magna 1.2,13,5773.0
Kochi,2018,24237,Petrol,Manual,First,18.16,1196,86.8,5,6.7,Ford,Figo Aspire 1.2 Ti-VCT Titanium,8,3029.625
Coimbatore,2016,22767,Petrol,Manual,First,18.5,1197,85.8,5,6.14,Maruti,Ritz ZXi,10,2276.7
Bangalore,2012,58000,Petrol,Automatic,Second,15.0,1396,98.6,5,4.4,Hyundai,i20 Sportz AT 1.4,14,4142.857142857143
Pune,2017,57000,Diesel,Manual,First,26.59,1248,74.0,5,4.25,Maruti,Swift Dzire LDI,9,6333.333333333333
Kochi,2010,50161,Petrol,Automatic,First,8.77,4395,402.0,5,25.93,BMW,7 Series 2007-2012 750Li,16,3135.0625
Kolkata,2016,45000,Diesel,Manual,First,22.7,1598,118.0,5,7.0,Maruti,S Cross DDiS 320 Alpha,10,4500.0
Coimbatore,2017,68319,Diesel,Automatic,First,12.55,2982,168.5,7,25.12,Toyota,Fortuner 4x4 AT,9,7591.0
Kochi,2017,30711,Petrol,Manual,First,20.3,998,68.05,5,4.45,Hyundai,EON 1.0 Magna Plus Option O,9,3412.3333333333335
Kolkata,2011,38277,Diesel,Manual,First,21.9,1396,90.0,5,2.4,Hyundai,i20 1.4 CRDi Magna,15,2551.8
Pune,2012,115000,Diesel,Manual,Second,20.54,1598,103.6,5,4.33,Volkswagen,Vento Diesel Highline,14,8214.285714285714
Coimbatore,2017,46849,Petrol,Automatic,First,18.5,1197,83.14,5,6.93,Maruti,Swift Dzire VXi AT,9,5205.444444444444
Ahmedabad,2014,64000,Diesel,Manual,First,21.9,1396,90.0,5,4.25,Hyundai,i20 Magna 1.4 CRDi,12,5333.333333333333
Pune,2010,130923,Diesel,Automatic,First,14.21,2143,203.0,5,12.5,Mercedes-Benz,E-Class 2009-2013 E250 CDI Blue Efficiency,16,8182.6875
Chennai,2015,15000,Petrol,Manual,First,18.9,1197,82.0,5,4.9,Hyundai,Grand i10 Sportz,11,1363.6363636363637
Mumbai,2014,32720,Diesel,Manual,First,23.0,1396,90.0,5,4.5,Hyundai,i20 1.4 CRDi Sportz,12,2726.6666666666665
Jaipur,2016,12500,Petrol,Manual,First,25.17,799,53.3,5,3.0,Renault,KWID RXT,10,1250.0
Chennai,2015,59800,Petrol,Automatic,First,16.9,1197,82.0,5,5.8,Hyundai,Xcent 1.2 Kappa AT SX Option,11,5436.363636363636
Pune,2011,54211,Petrol,Manual,First,15.04,1598,103.6,5,3.33,Volkswagen,Vento Petrol Highline,15,3614.0666666666666
Kochi,2015,62242,Diesel,Automatic,First,14.39,1998,163.7,5,6.62,Chevrolet,Cruze LTZ AT,11,5658.363636363636
Mumbai,2015,54000,Diesel,Manual,Second,19.01,1461,108.5,5,5.75,Nissan,Terrano XL 110 PS,11,4909.090909090909
Hyderabad,2012,65000,Diesel,Manual,First,22.32,1582,126.32,5,6.2,Hyundai,Verna 1.6 SX,14,4642.857142857143
Chennai,2015,55000,Petrol,Automatic,First,23.1,998,67.04,5,3.5,Maruti,Celerio VXI AMT,11,5000.0
Pune,2010,71000,Petrol,Manual,First,18.9,998,67.1,5,2.0,Maruti,Wagon R LXI,16,4437.5
Chennai,2012,70000,Diesel,Manual,First,21.9,1396,88.8,5,4.0,Hyundai,i20 Magna Optional 1.4 CRDi,14,5000.0
Mumbai,2011,53000,Petrol,Automatic,First,12.3,1781,163.2,5,9.5,Audi,A4 1.8 TFSI,15,3533.3333333333335
Mumbai,2013,43000,Diesel,Automatic,First,17.05,1995,184.0,5,17.5,BMW,X1 sDrive20d,13,3307.6923076923076
Mumbai,2015,54000,Petrol,Automatic,First,14.3,1598,103.52,5,6.11,Skoda,Rapid 1.6 MPI AT Elegance Plus,11,4909.090909090909
Ahmedabad,2014,51000,Petrol,Manual,First,20.36,1197,78.9,5,3.75,Hyundai,i10 Magna,12,4250.0
Hyderabad,2007,78000,Diesel,Manual,Second,10.5,2835,107.2,6,6.2,Mitsubishi,Pajero 2.8 GLX CRZ,19,4105.263157894737
Mumbai,2014,25000,Diesel,Manual,First,26.0,1498,98.6,5,6.15,Honda,City i DTEC SV,12,2083.3333333333335
Pune,2012,12600,Petrol,Manual,First,20.92,998,67.1,5,2.4,Maruti,Alto K10 2010-2014 VXI,14,900.0
Pune,2009,80000,Diesel,Manual,Fourth & Above,17.8,1248,75.0,5,2.15,Maruti,Swift Ldi BSIII,17,4705.882352941177
Kolkata,2016,21000,Petrol,Manual,First,18.9,1197,82.0,5,3.75,Hyundai,Grand i10 Magna,10,2100.0
Mumbai,2011,32000,Petrol,Manual,Second,15.6,1196,70.0,5,2.15,Ford,Figo Petrol ZXI,15,2133.3333333333335
Bangalore,2015,50000,Petrol,Manual,First,18.9,1197,81.86,5,4.75,Hyundai,Grand i10 SportZ Edition,11,4545.454545454545
Mumbai,2010,47500,Petrol,Manual,First,15.5,1586,103.3,5,2.45,Maruti,SX4 Vxi BSIV,16,2968.75
Mumbai,2017,7500,Petrol,Manual,First,17.4,1497,117.3,5,11.15,Honda,City i-VTEC VX,9,833.3333333333334
Jaipur,2016,68163,Diesel,Automatic,First,19.6,1461,108.45,5,8.9,Renault,Duster 110PS Diesel RxZ AMT,10,6816.3
Ahmedabad,2014,61000,Diesel,Manual,First,25.8,1498,98.6,5,4.35,Honda,Amaze S i-Dtech,12,5083.333333333333
Jaipur,2015,100000,Diesel,Manual,Second,12.99,2494,100.6,7,12.0,Toyota,Innova 2.5 Z Diesel 7 Seater,11,9090.90909090909
Mumbai,2009,61500,Diesel,Automatic,Second,16.07,1995,181.0,5,8.5,BMW,3 Series 320d Highline,17,3617.6470588235293
Kochi,2017,42883,Petrol,Manual,First,19.81,1086,68.05,5,4.27,Hyundai,i10 Magna 1.1 iTech SE,9,4764.777777777777
Jaipur,2012,97000,Diesel,Manual,Second,20.45,1461,83.8,5,4.25,Renault,Duster 85PS Diesel RxL Optional with Nav,14,6928.571428571428
Bangalore,2010,39525,Petrol,Automatic,First,11.3,2360,170.0,5,9.25,Mitsubishi,Outlander 2.4,16,2470.3125
Kochi,2017,35384,Diesel,Manual,First,24.3,1248,88.5,5,8.61,Maruti,Vitara Brezza LDi,9,3931.5555555555557
Hyderabad,2010,46000,Diesel,Automatic,First,11.8,2987,261.0,7,28.0,Mercedes-Benz,R-Class R350 CDI 4MATIC,16,2875.0
Coimbatore,2018,32189,Diesel,Manual,First,23.0,1498,98.96,5,9.25,Ford,EcoSport 1.5 Diesel Titanium,8,4023.625
Chennai,2016,27000,Diesel,Automatic,First,19.08,1582,126.2,5,8.6,Hyundai,Verna 1.6 CRDI AT SX Option,10,2700.0
Coimbatore,2018,22734,Petrol,Manual,First,16.47,1198,74.0,5,7.53,Volkswagen,Polo 1.2 MPI Highline,8,2841.75
Mumbai,2014,58002,Diesel,Manual,First,19.64,1461,108.45,5,5.75,Renault,Duster 110PS Diesel RxL,12,4833.5
Chennai,2012,31500,Petrol,Automatic,First,16.5,1198,86.8,5,4.15,Honda,Brio S Option AT,14,2250.0
Coimbatore,2017,30933,Petrol,Manual,First,18.16,1196,86.8,5,5.84,Ford,Figo 2015-2019 1.2P Titanium MT,9,3437.0
Kolkata,2012,27090,Diesel,Automatic,First,18.53,1968,187.74,5,16.5,Audi,A6 2.0 TDI Design Edition,14,1935.0
Mumbai,2015,29500,Diesel,Automatic,First,15.97,2993,258.0,7,43.0,BMW,X5 2014-2019 xDrive 30d Design Pure Experience 7 Seater,11,2681.818181818182
Pune,2013,45000,Petrol,Manual,First,20.36,1197,78.9,5,3.55,Hyundai,i10 Sportz Option,13,3461.5384615384614
Hyderabad,2018,11691,Petrol,Manual,First,18.6,1197,81.83,5,8.9,Hyundai,i20 1.2 Asta Option,8,1461.375
Hyderabad,2006,121000,Diesel,Manual,Second,16.4,1896,90.0,5,2.5,Skoda,Octavia L and K 1.9 TDI MT,20,6050.0
Hyderabad,2010,118077,Diesel,Manual,First,16.2,1493,110.0,5,3.85,Hyundai,Verna Transform SX VGT CRDi,16,7379.8125
Chennai,2012,36300,Petrol,Automatic,Third,17.1,1591,121.4,5,7.5,Hyundai,Verna 1.6 SX VTVT (O) AT,14,2592.8571428571427
Mumbai,2005,90000,Petrol,Manual,Second,15.3,1341,61.0,5,1.8,Hyundai,Getz GVS,21,4285.714285714285
Chennai,2010,78000,Diesel,Manual,First,20.0,1399,68.0,5,2.25,Ford,Figo Diesel EXI,16,4875.0
Mumbai,2015,42000,Diesel,Automatic,First,17.68,1968,174.33,5,24.25,Audi,A6 2011-2015 35 TDI Technology,11,3818.181818181818
Mumbai,2015,27000,Petrol,Manual,First,16.47,1198,74.0,5,4.35,Volkswagen,Polo 1.2 MPI Highline,11,2454.5454545454545
Kolkata,2012,22000,Diesel,Automatic,First,17.05,1995,184.0,5,11.5,BMW,X1 sDrive20d,14,1571.4285714285713
Kolkata,2014,49000,Petrol,Manual,First,17.4,1497,117.3,5,4.75,Honda,City i VTEC SV,12,4083.3333333333335
Hyderabad,2012,42600,Diesel,Manual,First,23.0,1396,90.0,5,4.99,Hyundai,i20 Sportz Option Diesel,14,3042.8571428571427
Coimbatore,2018,12794,Petrol,Automatic,First,19.0,1199,88.7,5,9.15,Honda,Jazz 1.2 V CVT i VTEC,8,1599.25
Hyderabad,2014,88046,Petrol,Automatic,First,10.1,2354,152.0,5,13.99,Honda,CR-V 2.4 AT,12,7337.166666666667
Bangalore,2014,8000,Diesel,Automatic,Second,20.0,2143,107.3,5,19.75,Mercedes-Benz,A Class A180 CDI,12,666.6666666666666
Coimbatore,2018,82739,Diesel,Automatic,First,16.0,2179,140.0,7,16.77,Mahindra,XUV500 AT W10 AWD,8,10342.375
Bangalore,2006,193000,Diesel,Manual,Third,13.6,2523,63.0,7,2.5,Mahindra,Bolero SLX 2WD,20,9650.0
Mumbai,2013,7000,Petrol,Automatic,First,17.97,1498,99.6,5,3.65,Renault,Scala RxL AT,13,538.4615384615385
Ahmedabad,2012,60000,Diesel,Automatic,Second,12.35,2179,187.74,5,23.5,Land,Rover Freelander 2 HSE SD4,14,4285.714285714285
Pune,2017,38000,Petrol,Manual,First,22.74,796,47.3,5,3.11,Maruti,Alto 800 VXI,9,4222.222222222223
Kochi,2013,56344,Petrol,Manual,First,17.6,1496,88.73,5,4.57,Toyota,Etios G,13,4334.153846153846
Mumbai,2014,17858,Petrol,Manual,First,17.0,1197,80.0,5,5.32,Hyundai,i20 Sportz Option,12,1488.1666666666667
Hyderabad,2012,53000,Petrol,Manual,First,20.36,1197,78.9,5,3.2,Hyundai,i10 Sportz,14,3785.714285714286
Kochi,2016,67906,Diesel,Manual,First,25.2,1248,74.0,5,5.63,Maruti,Swift VDI BSIV,10,6790.6
Hyderabad,2015,19000,Petrol,Manual,First,21.1,814,55.2,5,3.0,Hyundai,EON Magna Plus,11,1727.2727272727273
Mumbai,2010,67000,Diesel,Automatic,Second,22.69,1995,190.0,5,9.25,BMW,3 Series 320d,16,4187.5
Delhi,2011,80000,Diesel,Manual,First,23.57,1396,70.0,5,1.2,Tata,Indigo XL Classic Dicor,15,5333.333333333333
Delhi,2015,61000,Petrol,Manual,First,22.74,796,47.3,5,2.15,Maruti,Alto 800 LXI,11,5545.454545454545
Pune,2010,39000,Diesel,Manual,First,22.07,1199,73.9,5,3.05,Volkswagen,Polo Diesel Highline 1.2L,16,2437.5
Ahmedabad,2014,59000,Petrol,Automatic,First,14.28,1798,138.03,5,11.5,Toyota,Corolla Altis VL AT,12,4916.666666666667
Hyderabad,2008,80931,Petrol,Manual,First,17.92,1086,62.1,5,2.3,Hyundai,Santro Xing GLS,18,4496.166666666667
Kolkata,2016,34000,Petrol,Manual,First,20.4,1197,81.8,5,4.95,Maruti,Swift ZXI,10,3400.0
Hyderabad,2013,130000,Diesel,Manual,First,21.64,1461,84.8,5,4.75,Renault,Scala Diesel RxL,13,10000.0
Coimbatore,2018,52380,Diesel,Manual,First,24.3,1248,88.5,5,10.15,Maruti,Vitara Brezza ZDi Plus,8,6547.5
Kolkata,2011,44000,Petrol,Manual,First,18.06,1198,75.0,5,2.65,Nissan,Micra XV,15,2933.3333333333335
Hyderabad,2015,84000,Diesel,Manual,First,20.0,1399,68.05,5,3.8,Ford,Figo Diesel EXI,11,7636.363636363636
Kochi,2017,41697,Petrol,Automatic,First,13.1,1997,141.1,5,16.68,Honda,CR-V 2.0 AT,9,4633.0
Pune,2014,163000,Diesel,Manual,First,19.01,1461,108.5,5,5.0,Nissan,Terrano XV 110 PS,12,13583.333333333334
Chennai,2011,42000,Petrol,Manual,Second,17.71,1197,78.9,5,3.75,Toyota,Etios Liva 1.2 G,15,2800.0
Jaipur,2013,129000,Diesel,Manual,Third,21.27,1396,88.76,5,4.11,Hyundai,i20 Asta 1.4 CRDi,13,9923.076923076924
Chennai,2015,32200,Petrol,Manual,Second,18.16,1196,86.8,5,4.25,Ford,Figo Aspire 1.2 Ti-VCT Ambiente,11,2927.2727272727275
Mumbai,2004,129000,Diesel,Manual,First,10.5,2835,107.2,6,3.45,Mitsubishi,Pajero 2.8 GLX CRZ,22,5863.636363636364
Bangalore,2014,40000,Diesel,Automatic,First,17.11,1968,174.33,5,22.5,Audi,A4 2.0 TDI 177 Bhp Premium Plus,12,3333.3333333333335
Delhi,2006,150000,Petrol,Manual,First,12.4,1998,132.0,8,4.5,Toyota,Innova 2.0 E,20,7500.0
Jaipur,2007,140000,Petrol,Manual,First,15.26,1150,74.9,5,0.9,Chevrolet,Aveo U-VA 1.2 LS,19,7368.421052631579
Hyderabad,2006,63181,Petrol,Manual,First,15.3,1341,83.0,5,1.85,Hyundai,Getz GLS,20,3159.05
Kolkata,2013,39575,Diesel,Manual,First,25.8,1498,98.6,5,3.25,Honda,Amaze S i-Dtech,13,3044.230769230769
Pune,2010,63600,Diesel,Manual,Second,17.8,1248,113.27689373297004,5,3.1,Maruti,Swift VDI BSIV W ABS,16,3975.0
Coimbatore,2014,70374,Diesel,Manual,First,22.7,1498,89.84,5,7.34,Ford,Ecosport 1.5 DV5 MT Titanium Optional,12,5864.5
Kolkata,2015,26256,Diesel,Manual,First,20.14,1498,88.5,5,4.25,Volkswagen,CrossPolo 1.5 TDI,11,2386.909090909091
Delhi,2016,13460,Petrol,Manual,First,18.6,1197,81.86,5,6.45,Hyundai,Elite i20 Petrol Sportz,10,1346.0
Chennai,2011,122000,Diesel,Manual,Second,12.8,2494,102.0,8,10.75,Toyota,Innova 2.5 V Diesel 8-seater,15,8133.333333333333
Kolkata,2015,58589,Diesel,Automatic,First,15.26,2143,203.2,5,27.75,Mercedes-Benz,M-Class ML 250 CDI,11,5326.272727272727
Jaipur,2005,115000,Petrol,Manual,Second,17.3,1061,64.0,5,0.99,Maruti,Wagon R LX BSIII,21,5476.190476190476
Pune,2016,75000,Diesel,Automatic,First,12.62,2198,158.0,7,24.0,Ford,Endeavour 2.2 Trend AT 4X2,10,7500.0
Jaipur,2016,30292,Petrol,Manual,First,18.6,1197,81.86,5,6.1,Hyundai,Elite i20 Petrol Sportz,10,3029.2
Ahmedabad,2017,32248,Petrol,Manual,First,17.5,1199,88.7,5,8.25,Honda,WRV i-VTEC VX,9,3583.1111111111113
Bangalore,2013,74000,Petrol,Manual,First,16.47,1198,73.9,5,4.65,Volkswagen,Polo Petrol Highline 1.2L,13,5692.307692307692
Mumbai,2014,56100,Petrol,Manual,First,13.7,1997,153.86,5,9.75,Honda,CR-V 2.0L 2WD MT,12,4675.0
Bangalore,2014,61325,Petrol,Manual,First,18.9,1197,81.86,5,4.4,Hyundai,Grand i10 1.2 Kappa Asta,12,5110.416666666667
Kolkata,2014,33000,Petrol,Manual,First,19.1,1197,85.8,5,3.99,Maruti,Swift Dzire VXI,12,2750.0
Coimbatore,2016,18090,Diesel,Automatic,First,16.2,2993,258.0,5,45.73,BMW,5 Series 2003-2012 530d,10,1809.0
Kochi,2014,71390,Diesel,Manual,First,22.7,1498,89.84,5,5.27,Ford,Ecosport 1.5 DV5 MT Ambiente,12,5949.166666666667
Mumbai,2014,41000,CNG,Manual,First,26.2,998,58.2,5,3.5,Maruti,Wagon R LXI CNG,12,3416.6666666666665
Ahmedabad,2016,67000,Diesel,Manual,First,26.0,1498,98.6,5,7.25,Honda,City i DTec V,10,6700.0
Chennai,2008,99000,Diesel,Manual,Second,17.0,1405,70.0,5,1.6,Tata,Indigo LS,18,5500.0
Pune,2014,142000,Diesel,Manual,Second,19.01,1461,108.45,5,6.0,Renault,Duster 110PS Diesel RxL,12,11833.333333333334
Chennai,2010,26966,Petrol,Manual,First,20.36,1197,78.9,5,3.0,Hyundai,i10 Sportz,16,1685.375
Mumbai,2015,27628,Petrol,Manual,First,18.7,1199,88.7,5,4.95,Honda,Jazz 1.2 SV i VTEC,11,2511.6363636363635
Hyderabad,2016,82497,Diesel,Manual,First,23.65,1248,88.5,5,8.99,Maruti,SX4 S Cross DDiS 200 Zeta,10,8249.7
Mumbai,2007,86000,Petrol,Manual,Third,11.9,2354,144.0,5,1.85,Honda,Accord VTi-L MT,19,4526.315789473684
Coimbatore,2016,26981,Petrol,Manual,First,16.47,1198,73.9,5,6.16,Volkswagen,Polo Petrol Comfortline 1.2L,10,2698.1
Hyderabad,2010,110471,Diesel,Manual,First,21.1,1248,73.9,5,3.5,Maruti,Ritz VDi,16,6904.4375
Jaipur,2014,69000,Petrol,Manual,First,19.5,1199,88.76,5,4.5,Honda,Amaze S Petrol,12,5750.0
Hyderabad,2017,12000,Petrol,Manual,First,18.6,1197,81.83,5,7.75,Hyundai,i20 1.2 Asta Option,9,1333.3333333333333
Hyderabad,2014,77500,Diesel,Manual,First,20.45,1461,83.8,5,6.6,Renault,Duster 85PS Diesel RxL,12,6458.333333333333
Kochi,2014,48031,Petrol,Manual,First,18.9,1197,82.0,5,4.98,Hyundai,Grand i10 Magna,12,4002.5833333333335
Chennai,2008,170000,Diesel,Automatic,Third,16.07,1995,181.0,5,9.75,BMW,3 Series 320d Highline,18,9444.444444444445
Mumbai,2014,69565,Diesel,Manual,First,22.7,1498,89.84,5,5.55,Ford,Ecosport 1.5 DV5 MT Trend,12,5797.083333333333
Hyderabad,2016,45492,Diesel,Automatic,First,21.5,1498,108.5,5,10.3,Volkswagen,Vento 1.5 TDI Highline AT,10,4549.2
Chennai,2011,85000,Petrol,Automatic,Second,11.7,2354,177.6,5,7.5,Honda,Accord 2.4 AT,15,5666.666666666667
Hyderabad,2008,55902,Petrol,Manual,First,14.49,1399,92.7,5,1.8,Chevrolet,Aveo 1.4,18,3105.6666666666665
Hyderabad,2017,18500,Petrol,Manual,First,16.2,1199,74.0,5,6.25,Volkswagen,Polo 1.2 MPI Highline Plus,9,2055.5555555555557
Hyderabad,2015,129750,Diesel,Manual,Second,14.95,2489,93.7,7,6.8,Mahindra,Xylo D4 BS III,11,11795.454545454546
Hyderabad,2009,50902,Petrol,Automatic,First,19.2,1197,80.0,5,3.0,Hyundai,i10 Magna AT,17,2994.235294117647
Coimbatore,2015,84725,Diesel,Manual,First,15.1,2179,140.0,7,11.6,Mahindra,XUV500 W8 4WD,11,7702.272727272727
Mumbai,2013,40000,Diesel,Manual,Second,22.7,1582,126.24,5,6.95,Hyundai,Elantra CRDi SX,13,3076.923076923077
Mumbai,2010,60000,Petrol,Manual,Third,14.3,1798,160.0,5,3.5,Volkswagen,Passat 1.8 TSI MT,16,3750.0
Coimbatore,2014,33496,Petrol,Manual,First,18.9,1197,81.86,5,5.5,Hyundai,Grand i10 1.2 Kappa Sportz,12,2791.3333333333335
Mumbai,2015,25000,Petrol,Manual,First,18.6,1197,81.83,5,5.65,Hyundai,i20 Asta Option 1.2,11,2272.7272727272725
Ahmedabad,2013,71000,Diesel,Manual,First,18.2,1248,73.8,8,3.25,Chevrolet,Enjoy TCDi LS 8 Seater,13,5461.538461538462
Coimbatore,2015,20826,Petrol,Automatic,First,14.3,1598,103.6,5,7.72,Skoda,Rapid 1.6 MPI AT Ambition Plus Alloy,11,1893.2727272727273
Pune,2016,42244,Diesel,Manual,First,19.67,1582,126.2,5,12.0,Hyundai,Creta 1.6 CRDi SX,10,4224.4
Jaipur,2013,98598,Diesel,Manual,First,25.44,936,57.6,5,1.55,Chevrolet,Beat Diesel PS,13,7584.461538461538
Delhi,2011,62100,Diesel,Manual,First,11.5,2982,171.0,7,10.75,Toyota,Fortuner 3.0 Diesel,15,4140.0
Coimbatore,2016,44238,Petrol,Manual,First,18.6,1197,81.83,5,6.72,Hyundai,i20 Sportz Option 1.2,10,4423.8
Coimbatore,2012,91743,Diesel,Automatic,First,12.07,2967,241.4,7,28.55,Audi,Q7 3.0 TDI quattro,14,6553.071428571428
Bangalore,2013,19828,Diesel,Automatic,Second,17.85,2967,300.0,4,75.0,Porsche,Panamera Diesel,13,1525.2307692307693
Hyderabad,2016,36891,Petrol,Manual,First,17.8,1497,117.3,5,10.49,Honda,City i VTEC VX,10,3689.1
Hyderabad,2012,90049,Diesel,Manual,First,17.21,1493,100.0,7,3.8,Mahindra,Quanto C4,14,6432.071428571428
Ahmedabad,2012,74002,Diesel,Automatic,First,16.55,1968,140.0,5,18.5,Audi,A4 2.0 TDI Multitronic,14,5285.857142857143
Kolkata,2013,41000,Petrol,Automatic,First,12.37,2359,198.25,5,6.0,Hyundai,Sonata Transform 2.4 GDi AT,13,3153.846153846154
Hyderabad,2012,83678,Diesel,Manual,First,22.32,1582,126.32,5,5.5,Hyundai,Verna 1.6 SX,14,5977.0
Pune,2010,91000,Petrol,Manual,First,18.9,998,67.1,5,2.3,Maruti,Wagon R LXI BS IV,16,5687.5
Jaipur,2016,50000,Diesel,Manual,First,24.52,1248,88.5,7,8.7,Maruti,Ertiga SHVS ZDI Plus,10,5000.0
Delhi,2015,58000,Diesel,Manual,First,24.4,1120,71.01,5,4.95,Hyundai,Xcent 1.1 CRDi S Option,11,5272.727272727273
Jaipur,2012,80000,Diesel,Manual,First,22.9,1248,74.0,5,4.25,Maruti,Swift VDI,14,5714.285714285715
Kochi,2017,41290,Diesel,Manual,Second,16.0,2179,140.0,7,10.94,Mahindra,XUV500 W6 2WD,9,4587.777777777777
Delhi,2013,65000,Diesel,Automatic,First,22.48,1995,190.0,5,21.26,BMW,5 Series 520d Luxury Line,13,5000.0
Bangalore,2016,16471,Petrol,Manual,Second,14.28,1798,138.03,5,11.5,Toyota,Corolla Altis 1.8 G,10,1647.1
Pune,2015,54339,Diesel,Manual,Second,22.54,1396,88.73,5,6.0,Hyundai,i20 Asta 1.4 CRDi,11,4939.909090909091
Hyderabad,2016,24025,Petrol,Manual,First,18.15,1198,82.0,6,4.1,Mahindra,KUV 100 mFALCON G80 K2,10,2402.5
Kolkata,2013,24027,Petrol,Manual,First,24.7,796,47.3,5,2.01,Maruti,Alto 800 2016-2019 LXI,13,1848.2307692307693
Hyderabad,2010,59270,Petrol,Manual,First,15.7,1172,67.0,5,2.6,Fiat,Punto EVO 1.2 Emotion,16,3704.375
Kolkata,2012,40000,Petrol,Manual,First,18.9,998,67.1,5,2.35,Maruti,Wagon R VXI BS IV,14,2857.1428571428573
Bangalore,2012,155566,Diesel,Manual,Second,9.5,2835,118.6,6,9.15,Mitsubishi,Pajero 4X4 LHD,14,11111.857142857143
Chennai,2013,42320,Petrol,Manual,First,19.4,1198,86.8,5,2.9,Honda,Brio EX MT,13,3255.3846153846152
Coimbatore,2017,24153,Diesel,Manual,Second,22.54,1396,88.73,5,9.18,Hyundai,i20 Asta Option 1.4 CRDi,9,2683.6666666666665
Mumbai,2016,27000,Petrol,Automatic,First,13.0,1591,121.3,5,11.45,Hyundai,Creta 1.6 SX Plus Petrol Automatic,10,2700.0
Hyderabad,2012,92000,CNG,Manual,Second,26.83,796,38.4,5,2.1,Maruti,Alto Green LXi (CNG),14,6571.428571428572
Kochi,2017,61795,Petrol,Manual,First,17.8,1198,86.7,5,5.53,Honda,Amaze S i-VTEC,9,6866.111111111111
Chennai,2016,13500,Petrol,Manual,First,18.15,1198,82.0,6,3.75,Mahindra,KUV 100 mFALCON G80 K6 Plus,10,1350.0
Pune,2018,4500,Petrol,Automatic,First,18.0,1497,117.3,5,12.5,Honda,City i-VTEC CVT VX,8,562.5
Mumbai,2017,23000,Diesel,Automatic,First,16.0,2179,140.0,7,15.5,Mahindra,XUV500 AT W10 FWD,9,2555.5555555555557
Pune,2011,65400,Petrol,Manual,First,0.0,1086,113.27689373297004,5,2.1,Hyundai,Santro GLS I - Euro I,15,4360.0
Mumbai,2013,80578,Diesel,Automatic,Second,14.84,2143,170.0,5,14.5,Mercedes-Benz,New C-Class 220 CDI AT,13,6198.307692307692
Coimbatore,2017,42646,Diesel,Automatic,First,19.6,1461,108.45,5,12.46,Renault,Duster 110PS Diesel RxZ AMT,9,4738.444444444444
Bangalore,2014,30000,Petrol,Manual,Second,16.47,1198,74.0,5,5.25,Volkswagen,Polo 1.2 MPI Comfortline,12,2500.0
Bangalore,2009,98000,Diesel,Automatic,Second,13.5,2987,282.0,5,25.0,Mercedes-Benz,S Class 2005 2013 S 350 CDI,17,5764.705882352941
Hyderabad,2012,50000,Diesel,Automatic,First,12.9,2993,271.23,4,45.0,Jaguar,XJ 3.0L Premium Luxury,14,3571.4285714285716
Jaipur,2015,63310,Diesel,Manual,First,28.4,1248,74.0,5,5.1,Maruti,Swift VDI,11,5755.454545454545
Delhi,2014,66000,Diesel,Manual,First,25.8,1498,98.6,5,3.5,Honda,Amaze S i-Dtech,12,5500.0
Ahmedabad,2011,74000,Diesel,Automatic,Second,16.07,1995,181.0,5,12.5,BMW,3 Series 320d Highline,15,4933.333333333333
Hyderabad,2012,93000,Diesel,Manual,First,23.5,1396,88.7,5,5.55,Hyundai,Verna 1.4 EX,14,6642.857142857143
Delhi,2015,70000,Diesel,Automatic,First,11.5,2982,169.0,7,19.48,Toyota,Fortuner 4x2 4 Speed AT,11,6363.636363636364
Ahmedabad,2012,48772,Petrol,Manual,First,18.6,1197,85.8,5,3.91,Maruti,Swift VXI,14,3483.714285714286
Chennai,2010,66000,Petrol,Manual,First,18.6,1199,79.4,5,2.19,Chevrolet,Beat LS,16,4125.0
Coimbatore,2017,27417,Petrol,Automatic,First,18.9,1197,82.0,5,6.89,Hyundai,Grand i10 Asta Option AT,9,3046.3333333333335
Coimbatore,2011,51593,Petrol,Manual,Second,15.6,1196,70.0,5,3.47,Ford,Figo Petrol ZXI,15,3439.5333333333333
Mumbai,2008,86340,Petrol,Automatic,Second,9.1,2349,113.27689373297004,5,3.25,Nissan,Teana 230jM,18,4796.666666666667
Pune,2010,75000,Petrol,Manual,First,16.1,1298,88.2,5,2.85,Maruti,Swift VXI BSIII,16,4687.5
Coimbatore,2016,39237,Diesel,Automatic,First,17.11,1968,174.33,5,25.64,Audi,A4 35 TDI Premium,10,3923.7
Kochi,2018,11966,Petrol,Manual,First,16.8,1497,116.3,5,10.28,Honda,City V MT,8,1495.75
Hyderabad,2015,37000,Petrol,Manual,First,18.2,1199,88.7,5,6.3,Honda,Jazz V,11,3363.6363636363635
Chennai,2014,70920,Diesel,Manual,First,20.14,1498,88.8,5,4.75,Volkswagen,Polo 1.5 TDI Highline,12,5910.0
Hyderabad,2013,65280,Diesel,Manual,First,19.87,1461,83.14,5,5.8,Nissan,Terrano XL D Option,13,5021.538461538462
Hyderabad,2016,62000,Diesel,Automatic,First,12.51,2179,187.7,7,44.5,Land,Rover Discovery Sport SD4 HSE Luxury 7S,10,6200.0
Kochi,2014,44525,Petrol,Manual,First,18.5,1197,82.9,5,4.65,Hyundai,i20 Magna Optional 1.2,12,3710.4166666666665
Jaipur,2009,86863,Petrol,Manual,First,17.0,1497,118.0,5,3.6,Honda,City 1.5 E MT,17,5109.588235294118
Hyderabad,2015,102626,Diesel,Manual,First,16.0,2179,140.0,7,12.25,Mahindra,XUV500 W10 AWD,11,9329.636363636364
Jaipur,2017,45000,Diesel,Manual,First,16.3,1956,170.0,5,20.0,Jeep,Compass 2.0 Limited Option 4X4,9,5000.0
Jaipur,2017,22000,Diesel,Manual,First,16.0,2179,140.0,7,16.0,Mahindra,XUV500 W10 AWD,9,2444.4444444444443
Coimbatore,2011,108905,Diesel,Automatic,Second,11.79,2179,120.0,8,6.21,Mahindra,Scorpio VLX 4WD AIRBAG AT BSIV,15,7260.333333333333
Kolkata,2016,12800,Petrol,Manual,First,19.44,1198,67.0,7,3.25,Datsun,GO Plus T,10,1280.0
Kolkata,2016,32000,Diesel,Manual,First,15.4,2179,120.0,7,9.75,Mahindra,Scorpio S6 Plus 7 Seater,10,3200.0
Mumbai,2014,39000,Petrol,Automatic,First,15.5,1198,86.7,5,4.45,Honda,Amaze S AT i-Vtech,12,3250.0
Pune,2017,42000,Diesel,Manual,First,25.6,1498,98.6,5,12.0,Honda,City i-DTEC ZX,9,4666.666666666667
Chennai,2008,73000,Petrol,Manual,First,14.4,1396,65.0,5,0.8,Tata,Indigo GLE,18,4055.5555555555557
Chennai,2018,48000,Diesel,Manual,First,24.0,1186,73.97,5,5.95,Hyundai,Grand i10 1.2 CRDi Sportz,8,6000.0
Pune,2015,18000,CNG,Manual,First,33.44,796,40.3,4,3.0,Maruti,Alto 800 2016-2019 CNG LXI,11,1636.3636363636363
Kolkata,2014,19000,Petrol,Manual,First,17.43,1396,105.5,5,5.25,Hyundai,Verna 1.4 CX VTVT,12,1583.3333333333333
Coimbatore,2019,33598,Diesel,Manual,First,13.68,2393,147.8,7,22.2,Toyota,Innova Crysta 2.4 VX MT,7,4799.714285714285
Jaipur,2012,63000,Diesel,Automatic,First,17.05,1995,184.0,5,13.5,BMW,X1 sDrive20d,14,4500.0
Chennai,2015,48000,Diesel,Automatic,First,16.96,1968,138.03,5,13.5,Volkswagen,Jetta 2013-2015 2.0L TDI Highline AT,11,4363.636363636364
Delhi,2014,66000,Diesel,Manual,First,20.0,1399,68.05,5,3.47,Ford,Figo Diesel ZXI,12,5500.0
Ahmedabad,2013,80000,Diesel,Automatic,Second,11.18,2696,184.0,7,9.5,Mahindra,Ssangyong Rexton RX7,13,6153.846153846154
Chennai,2011,37000,Petrol,Manual,First,15.04,1598,103.6,5,4.8,Volkswagen,Vento Petrol Highline,15,2466.6666666666665
Kochi,2016,35058,Petrol,Manual,First,15.0,1598,103.52,5,6.54,Skoda,Rapid 1.6 MPI Ambition With Alloy Wheel,10,3505.8
Delhi,2012,52000,Petrol,Manual,First,16.47,1198,73.9,5,3.1,Volkswagen,Polo Petrol Comfortline 1.2L,14,3714.285714285714
Hyderabad,2015,61313,Diesel,Manual,First,23.65,1248,88.5,5,7.99,Maruti,S Cross DDiS 200 Delta,11,5573.909090909091
Kolkata,2009,45000,Petrol,Manual,Second,14.53,1798,138.1,5,3.3,Toyota,Corolla Altis G,17,2647.0588235294117
Bangalore,2015,74000,Diesel,Manual,First,20.77,1248,88.8,7,8.75,Maruti,Ertiga ZDI,11,6727.272727272727
Hyderabad,2013,89000,Petrol,Automatic,First,19.2,1197,80.0,5,4.19,Hyundai,i10 Asta Sunroof AT,13,6846.153846153846
Kochi,2019,13414,Diesel,Automatic,First,17.9,2143,136.0,5,30.77,Mercedes-Benz,CLA 200 CDI Sport,7,1916.2857142857142
Jaipur,2006,95000,Petrol,Manual,Second,16.9,1497,100.0,5,2.11,Honda,City ZX VTEC,20,4750.0
Jaipur,2018,15900,Petrol,Manual,First,18.15,1198,82.0,6,6.25,Mahindra,KUV 100 G80 K8,8,1987.5
Delhi,2011,151000,Diesel,Manual,First,11.5,2982,171.0,7,11.4,Toyota,Fortuner 3.0 Diesel,15,10066.666666666666
Bangalore,2011,65000,Petrol,Manual,First,17.0,1497,118.0,5,5.2,Honda,City 1.5 V MT,15,4333.333333333333
Coimbatore,2017,36824,Diesel,Automatic,First,18.53,1968,187.74,5,39.84,Audi,A6 35 TDI Matrix,9,4091.5555555555557
Coimbatore,2013,65287,Diesel,Manual,First,20.0,1399,68.05,5,4.45,Ford,Figo Diesel ZXI,13,5022.076923076923
Kolkata,2014,52000,Diesel,Automatic,First,17.9,2143,136.0,5,19.5,Mercedes-Benz,GLA Class 200 CDI,12,4333.333333333333
Hyderabad,2007,33000,Petrol,Manual,First,15.26,1150,74.9,5,1.75,Chevrolet,Aveo U-VA 1.2 LS,19,1736.842105263158
Hyderabad,2016,71000,Diesel,Manual,First,25.83,1498,99.0,5,5.1,Ford,Figo 2015-2019 1.5D Titanium MT,10,7100.0
Delhi,2013,71000,Diesel,Automatic,First,22.7,1582,126.2,5,6.8,Hyundai,Elantra CRDi SX AT,13,5461.538461538462
Kolkata,2016,20000,Petrol,Automatic,First,21.4,1197,83.1,5,5.74,Maruti,Baleno Zeta CVT,10,2000.0
Hyderabad,2010,71000,Petrol,Manual,First,16.1,1197,85.0,5,3.3,Maruti,Swift LXi BSIV,16,4437.5
Hyderabad,2010,29000,Diesel,Automatic,First,9.9,3498,271.72,4,32.0,Mercedes-Benz,CLS-Class 2006-2010 350 CDI,16,1812.5
Ahmedabad,2016,27000,Diesel,Automatic,First,21.76,1995,190.0,5,35.0,BMW,3 Series Luxury Line,10,2700.0
Chennai,2017,19000,Diesel,Automatic,First,28.4,1248,73.75,5,8.9,Maruti,Dzire AMT ZDI Plus,9,2111.1111111111113
Mumbai,2011,58000,Petrol,Manual,Second,17.01,1591,121.3,5,4.0,Hyundai,Verna 1.6 SX VTVT,15,3866.6666666666665
Kochi,2018,42203,Diesel,Manual,First,17.1,1956,170.0,5,19.46,Jeep,Compass 2.0 Longitude,8,5275.375
Hyderabad,2009,94000,Diesel,Automatic,First,11.4,1991,142.0,5,5.25,Hyundai,Sonata Embera 2.0L CRDi AT,17,5529.411764705882
Delhi,2013,52000,CNG,Manual,Second,15.1,1196,73.0,5,2.6,Maruti,Eeco 5 STR With AC Plus HTR CNG,13,4000.0
Kolkata,2018,4900,Diesel,Manual,First,21.5,1497,108.5,5,9.22,Tata,Nexon 1.5 Revotorq XZ Plus Dual Tone,8,612.5
Jaipur,2013,70000,Petrol,Manual,First,21.1,814,55.2,5,1.8,Hyundai,EON Era Plus,13,5384.615384615385
Hyderabad,2005,100000,Diesel,Manual,Second,13.5,1405,113.27689373297004,5,1.3,Tata,Indica DLS,21,4761.9047619047615
Kochi,2015,65266,Diesel,Automatic,First,14.69,2993,258.0,5,31.75,BMW,5 Series 2013-2017 530d M Sport,11,5933.272727272727
Delhi,2014,54569,Diesel,Manual,First,20.77,1248,88.76,7,5.99,Maruti,Ertiga VDI,12,4547.416666666667
Kochi,2015,51361,Petrol,Manual,First,18.0,1198,86.7,5,4.94,Honda,Amaze E i-Vtech,11,4669.181818181818
Jaipur,2007,125000,Petrol,Manual,Third,16.6,1388,68.0,5,1.5,Ford,Fiesta 1.4 Duratec ZXI,19,6578.9473684210525
Bangalore,2008,66000,Petrol,Manual,Third,13.5,1799,130.0,5,3.25,Honda,Civic 2006-2010 1.8 V MT,18,3666.6666666666665
Hyderabad,2007,65047,LPG,Manual,First,17.3,1061,57.5,5,1.95,Maruti,Wagon R LX DUO BSIII,19,3423.5263157894738
Delhi,2014,22281,Diesel,Manual,First,20.77,1248,88.8,7,6.5,Maruti,Ertiga ZDI,12,1856.75
Delhi,2013,63210,Diesel,Manual,First,24.0,1120,70.0,5,3.71,Hyundai,Grand i10 CRDi Sportz,13,4862.307692307692
Pune,2018,31000,Petrol,Manual,First,20.14,1197,81.86,5,5.0,Hyundai,Xcent 1.2 VTVT E Plus,8,3875.0
Ahmedabad,2008,60000,Petrol,Manual,First,19.81,1086,68.05,5,1.99,Hyundai,i10 Era,18,3333.3333333333335
Mumbai,2017,32006,Petrol,Manual,First,18.0,1198,86.7,5,4.25,Honda,Amaze S i-Vtech,9,3556.222222222222
Ahmedabad,2009,78000,Diesel,Automatic,First,12.4,2698,179.5,5,8.0,Audi,A6 2.7 TDI,17,4588.235294117647
Mumbai,2011,9489,Petrol,Manual,First,20.36,1197,78.9,5,2.95,Hyundai,i10 Magna 1.2 iTech SE,15,632.6
Pune,2018,5000,Petrol,Manual,First,25.17,799,53.3,5,3.5,Renault,KWID RXT Optional,8,625.0
Jaipur,2012,60000,Diesel,Automatic,Second,15.2,1968,140.8,5,16.0,Audi,A4 New 2.0 TDI Multitronic,14,4285.714285714285
Jaipur,2015,50000,Petrol,Manual,First,22.74,796,47.3,5,2.75,Maruti,Alto 800 LXI Airbag,11,4545.454545454545
Delhi,2015,53000,Petrol,Manual,First,17.8,1497,117.3,5,6.95,Honda,City i VTEC VX Option,11,4818.181818181818
Delhi,2011,64000,Petrol,Automatic,Second,11.74,1796,186.0,5,12.5,Mercedes-Benz,New C-Class C250 Avantgarde,15,4266.666666666667
Coimbatore,2017,43827,Diesel,Automatic,First,13.22,2967,241.4,5,36.83,Audi,Q5 3.0 TDI Quattro Technology,9,4869.666666666667
Pune,2011,36431,Petrol,Manual,First,16.2,1199,74.0,5,2.7,Volkswagen,Polo 1.2 MPI Comfortline,15,2428.733333333333
Mumbai,2017,35000,Diesel,Manual,First,21.38,1396,88.7,5,9.9,Hyundai,Creta 1.4 E Plus Diesel,9,3888.8888888888887
Kochi,2011,94832,Petrol,Manual,First,17.0,1497,118.0,5,3.83,Honda,City 1.5 V MT,15,6322.133333333333
Coimbatore,2012,88381,Petrol,Manual,First,17.0,1497,118.0,5,5.25,Honda,City 1.5 S MT,14,6312.928571428572
Kolkata,2016,45194,Diesel,Manual,First,22.7,1598,118.0,5,7.75,Maruti,S Cross DDiS 320 Alpha,10,4519.4
Mumbai,2010,66000,Petrol,Manual,Second,16.51,1586,103.2,5,2.46,Maruti,SX4 Vxi BSIV,16,4125.0
Kolkata,2014,38578,Diesel,Manual,First,23.4,1248,74.0,5,3.96,Maruti,Swift Dzire VDI,12,3214.8333333333335
Chennai,2015,40000,Diesel,Manual,First,20.77,1248,88.8,7,8.25,Maruti,Ertiga ZDI,11,3636.3636363636365
Coimbatore,2018,20632,Petrol,Manual,First,18.6,1197,81.83,5,7.58,Hyundai,i20 1.2 Spotz,8,2579.0
Hyderabad,2014,73042,Diesel,Manual,First,24.0,1120,70.0,5,3.99,Hyundai,Grand i10 CRDi Magna,12,6086.833333333333
Delhi,2014,54257,Petrol,Manual,First,17.4,1497,117.3,5,6.25,Honda,City i VTEC SV,12,4521.416666666667
Hyderabad,2013,93000,Diesel,Manual,First,20.5,1598,103.5,5,5.0,Skoda,Rapid 1.6 TDI Elegance,13,7153.846153846154
Hyderabad,2005,102000,Diesel,Automatic,Second,11.0,2987,198.5,5,4.65,Mercedes-Benz,E-Class E270 CDI,21,4857.142857142857
Coimbatore,2016,28881,Diesel,Automatic,First,13.01,2199,194.3,7,21.37,Hyundai,Santa Fe 4WD AT,10,2888.1
Hyderabad,2007,52195,Petrol,Manual,First,19.7,796,46.3,5,1.75,Maruti,Alto LXi,19,2747.1052631578946
Coimbatore,2018,20422,Diesel,Manual,First,12.4,2499,134.0,5,16.09,ISUZU,D-MAX V-Cross 4X4,8,2552.75
Kolkata,2012,38000,Diesel,Manual,First,24.8,1396,88.7,5,4.1,Hyundai,Verna 1.4 CRDi GL,14,2714.285714285714
Coimbatore,2015,92885,Diesel,Manual,First,20.0,1399,68.0,5,3.56,Ford,Figo Diesel ZXI,11,8444.09090909091
Pune,2010,43000,Petrol,Manual,Second,17.0,1497,118.0,5,4.21,Honda,City 1.5 S MT,16,2687.5
Coimbatore,2016,70478,Diesel,Manual,First,17.8,1248,113.27689373297004,5,6.86,Maruti,Swift VDI BSIV W ABS,10,7047.8
Delhi,2015,57000,Diesel,Manual,First,23.9,1582,126.2,5,6.6,Hyundai,Verna 1.6 CRDi S,11,5181.818181818182
Coimbatore,2018,32434,Petrol,Automatic,First,13.0,1591,121.3,5,14.35,Hyundai,Creta 1.6 SX Plus Petrol Automatic,8,4054.25
Hyderabad,2017,32000,Diesel,Manual,First,22.7,1498,89.84,5,9.5,Ford,Ecosport 1.5 DV5 MT Titanium,9,3555.5555555555557
Delhi,2011,59000,Diesel,Automatic,First,11.2,2993,241.0,4,21.9,BMW,X6 xDrive30d,15,3933.3333333333335
Coimbatore,2016,76467,Diesel,Automatic,First,18.12,1995,190.0,5,30.45,BMW,5 Series 2013-2017 520d Luxury Line,10,7646.7
Hyderabad,2016,100000,Diesel,Manual,First,25.83,1498,99.0,5,5.1,Ford,Figo Aspire 1.5 TDCi Ambiente,10,10000.0
Pune,2013,37086,Petrol,Automatic,First,17.0,1591,121.3,5,5.44,Hyundai,Verna VTVT 1.6 AT EX,13,2852.769230769231
Jaipur,2010,135000,Diesel,Manual,First,13.8,1399,68.0,5,1.6,Ford,Ikon 1.4 TDCi DuraTorq,16,8437.5
Kochi,2014,54862,Diesel,Automatic,First,17.68,1968,174.33,5,16.67,Audi,A6 2011-2015 2.0 TDI,12,4571.833333333333
Hyderabad,2010,67758,Petrol,Manual,First,10.8,2354,113.27689373297004,5,9.5,Honda,CR-V Sport,16,4234.875
Pune,2012,56200,Petrol,Automatic,First,15.0,1396,98.6,5,3.85,Hyundai,i20 2015-2017 Sportz AT 1.4,14,4014.285714285714
Kochi,2011,169006,Diesel,Manual,First,14.24,2755,174.5,7,10.64,Toyota,Fortuner 2.8 4WD MT,15,11267.066666666668
Bangalore,2016,20229,Petrol,Manual,First,25.17,799,53.3,5,3.5,Renault,KWID RXT,10,2022.9
Chennai,2008,62000,Petrol,Manual,Third,18.0,995,62.0,5,1.1,Chevrolet,Spark 1.0 LT,18,3444.4444444444443
Hyderabad,2011,51500,Petrol,Manual,Second,16.2,1599,103.2,5,2.6,Hyundai,Verna Transform VTVT,15,3433.3333333333335
Hyderabad,2012,69000,Diesel,Automatic,First,18.88,1995,184.0,5,18.5,BMW,3 Series 320d Sport Line,14,4928.571428571428
Bangalore,2004,167000,Petrol,Manual,First,0.0,1086,113.27689373297004,5,1.35,Hyundai,Santro Xing XP,22,7590.909090909091
Hyderabad,2015,62476,Diesel,Manual,First,26.59,1248,74.0,5,7.95,Maruti,Swift Dzire VDI,11,5679.636363636364
Jaipur,2017,60500,Diesel,Manual,First,25.4,1186,73.97,5,5.49,Hyundai,Xcent 1.2 CRDi E Plus,9,6722.222222222223
Mumbai,2017,17978,Petrol,Automatic,First,19.0,1199,88.7,5,6.95,Honda,Jazz V CVT,9,1997.5555555555557
Jaipur,2008,300000,Diesel,Manual,First,17.0,1405,70.0,5,1.0,Tata,Indigo LS,18,16666.666666666668
Chennai,2013,123000,Diesel,Manual,Second,17.8,1399,67.0,5,4.45,Ford,Fiesta Classic 1.4 Duratorq CLXI,13,9461.538461538461
Kolkata,2016,45296,Diesel,Manual,First,25.1,1248,88.5,5,6.99,Maruti,S-Cross Alpha DDiS 200 SH,10,4529.6
Coimbatore,2008,77325,Petrol,Manual,First,15.6,1586,104.68,5,3.51,Maruti,SX4 Zxi with Leather BSIII,18,4295.833333333333
Kochi,2018,25858,Petrol,Automatic,First,21.4,1197,83.1,5,7.54,Maruti,Baleno Zeta Automatic,8,3232.25
Bangalore,2016,120000,Diesel,Manual,First,23.2,1248,73.94,5,3.65,Maruti,Ritz LDi,10,12000.0
Ahmedabad,2016,22000,Diesel,Automatic,First,19.5,1582,126.24,5,16.0,Hyundai,Elantra CRDi SX AT,10,2200.0
Kolkata,2012,11000,Petrol,Manual,First,16.2,995,62.1,5,1.4,Chevrolet,Spark 1.0 LT,14,785.7142857142857
Mumbai,2017,3900,Petrol,Manual,First,18.6,1197,81.83,5,6.45,Hyundai,i20 1.2 Spotz,9,433.3333333333333
Hyderabad,2016,106092,Diesel,Manual,First,24.4,1120,71.0,5,4.4,Hyundai,Xcent 1.1 CRDi Base,10,10609.2
Delhi,2015,27000,Petrol,Automatic,First,19.0,1199,88.7,5,5.95,Honda,Jazz 1.2 V CVT i VTEC,11,2454.5454545454545
Ahmedabad,2013,11000,Petrol,Manual,First,19.4,1198,86.8,5,3.9,Honda,Brio S MT,13,846.1538461538462
Coimbatore,2016,39753,Diesel,Automatic,First,13.0,2143,201.1,5,35.28,Mercedes-Benz,E-Class E250 CDI Avantgrade,10,3975.3
Pune,2017,39800,Diesel,Manual,First,17.6,2179,153.86,7,14.25,Tata,Hexa XT,9,4422.222222222223
Pune,2017,73000,Diesel,Manual,First,24.4,1120,71.0,5,4.5,Hyundai,Xcent 1.1 CRDi Base,9,8111.111111111111
Pune,2015,55000,Diesel,Manual,First,22.7,1498,89.84,5,7.5,Ford,Ecosport 1.5 DV5 MT Titanium Optional,11,5000.0
Coimbatore,2017,18351,Petrol,Automatic,First,21.9,624,37.48,4,3.41,Tata,Nano XTA,9,2039.0
Pune,2013,45000,Petrol,Manual,Second,19.4,1198,86.8,5,3.25,Honda,Brio VX,13,3461.5384615384614
Hyderabad,2016,112200,Diesel,Manual,First,24.52,1248,88.5,7,8.3,Maruti,Ertiga SHVS ZDI Plus,10,11220.0
Bangalore,2010,29000,Petrol,Manual,First,20.36,1197,78.9,5,3.45,Hyundai,i10 Sportz 1.2,16,1812.5
Hyderabad,2007,57309,Petrol,Manual,First,17.0,1086,113.27689373297004,5,2.1,Hyundai,Santro Xing XO,19,3016.2631578947367
Mumbai,2015,53392,Diesel,Manual,First,16.0,2179,140.0,7,11.95,Mahindra,XUV500 W10 2WD,11,4853.818181818182
Hyderabad,2010,71000,Diesel,Manual,First,20.54,1598,103.6,5,4.25,Volkswagen,Vento Diesel Highline,16,4437.5
Hyderabad,2014,93000,Diesel,Manual,First,14.0,2179,138.1,7,8.25,Tata,Safari Storme 2012-2015 VX,12,7750.0
Hyderabad,2010,119000,Petrol,Manual,First,10.2,2354,180.0,5,5.95,Honda,Accord 2.4 Elegance M/T,16,7437.5
Coimbatore,2016,42225,Petrol,Manual,First,15.1,1196,73.0,7,4.3,Maruti,Eeco 7 Seater Standard,10,4222.5
Ahmedabad,2012,65000,Diesel,Manual,First,22.9,1248,74.0,5,3.9,Maruti,Swift VDI,14,4642.857142857143
Pune,2016,27809,Petrol,Automatic,First,21.4,1197,83.1,5,6.41,Maruti,Baleno Zeta Automatic,10,2780.9
Coimbatore,2015,65100,Diesel,Manual,First,15.1,2179,140.0,7,8.36,Mahindra,XUV500 W8 2WD,11,5918.181818181818
Chennai,2014,51000,Petrol,Manual,First,19.1,1197,82.0,5,3.85,Hyundai,Xcent 1.2 Kappa S,12,4250.0
Hyderabad,2017,10000,Diesel,Automatic,First,19.27,2143,167.62,5,36.0,Mercedes-Benz,New C-Class C 220 CDI Style,9,1111.111111111111
Kolkata,2011,54895,Petrol,Manual,First,13.14,1798,160.0,5,7.5,Skoda,Superb 1.8 TSI MT,15,3659.6666666666665
Hyderabad,2015,80768,Diesel,Manual,First,20.14,1498,88.73,5,5.7,Volkswagen,CrossPolo 1.5 TDI,11,7342.545454545455
Kochi,2019,12076,Petrol,Manual,First,20.89,1197,81.8,5,5.5,Maruti,Ignis 1.2 Delta,7,1725.142857142857
Chennai,2016,49000,Diesel,Manual,First,25.2,1248,74.0,5,5.9,Maruti,Swift VDI BSIV,10,4900.0
Mumbai,2015,42366,Petrol,Manual,First,17.8,1497,117.3,5,7.75,Honda,City i VTEC VX Option,11,3851.4545454545455
Ahmedabad,2010,68000,Diesel,Automatic,First,11.5,2993,235.0,5,18.0,BMW,5 Series 530d Highline Sedan,16,4250.0
Hyderabad,2008,122397,Diesel,Manual,First,17.5,1896,106.0,5,4.4,Skoda,Laura Ambiente,18,6799.833333333333
Coimbatore,2017,50534,Petrol,Automatic,First,17.21,1197,103.5,5,8.27,Volkswagen,Polo GT TSI,9,5614.888888888889
Ahmedabad,2014,55300,Diesel,Manual,First,19.87,1461,83.8,5,4.75,Renault,Duster 85PS Diesel RxL,12,4608.333333333333
Hyderabad,2008,73095,Petrol,Automatic,First,16.8,1497,118.0,5,3.8,Honda,City 1.5 S AT,18,4060.8333333333335
Ahmedabad,2011,51100,Diesel,Manual,First,20.54,1598,103.6,5,3.4,Volkswagen,Vento Diesel Highline,15,3406.6666666666665
Pune,2016,13436,Petrol,Manual,Second,18.9,1197,82.0,5,4.7,Hyundai,Grand i10 Sportz,10,1343.6
Pune,2008,76000,Petrol,Manual,Second,16.6,1388,68.0,5,1.49,Ford,Fiesta 1.4 ZXi Duratec,18,4222.222222222223
Mumbai,2016,63141,Diesel,Manual,Second,24.4,1120,71.0,5,4.5,Hyundai,Xcent 1.1 CRDi S,10,6314.1
Hyderabad,2014,74885,Diesel,Manual,First,25.8,1498,98.6,5,5.4,Honda,Amaze VX i-DTEC,12,6240.416666666667
Hyderabad,2016,14000,Petrol,Automatic,First,18.0,1497,117.3,5,11.5,Honda,City i VTEC CVT VX,10,1400.0
Pune,2012,56000,Diesel,Manual,Second,20.4,1461,108.5,5,3.5,Renault,Fluence 1.5,14,4000.0
Ahmedabad,2010,46000,Diesel,Automatic,First,22.48,1995,190.0,5,16.5,BMW,5 Series 520d Luxury Line,16,2875.0
Mumbai,2012,51800,Petrol,Manual,First,15.5,1586,103.3,5,3.9,Maruti,SX4 ZXI MT BSIV,14,3700.0
Hyderabad,2007,81000,Petrol,Automatic,First,16.4,1497,78.0,5,3.25,Honda,City ZX CVT,19,4263.1578947368425
Kochi,2018,17370,Petrol,Manual,First,17.0,1198,73.75,5,5.84,Volkswagen,Ameo 1.2 MPI Comfortline,8,2171.25
Hyderabad,2016,18456,Petrol,Manual,First,17.0,1198,73.75,5,5.75,Volkswagen,Ameo 1.2 MPI Comfortline,10,1845.6
Delhi,2010,59000,Diesel,Automatic,First,16.55,1968,140.0,5,10.0,Audi,A4 2.0 TDI Multitronic,16,3687.5
Mumbai,2006,141537,Petrol,Manual,Second,18.9,998,67.1,5,1.05,Maruti,Wagon R VXI,20,7076.85
Delhi,2013,51000,Diesel,Automatic,First,19.08,1582,126.32,5,5.64,Hyundai,Verna SX CRDi AT,13,3923.076923076923
Coimbatore,2019,29311,Diesel,Automatic,First,17.9,2143,170.0,5,50.97,Mercedes-Benz,GLC 220d 4MATIC Style,7,4187.285714285715
Mumbai,2016,31000,Diesel,Automatic,First,21.76,1995,190.0,5,29.95,BMW,3 Series Luxury Line,10,3100.0
Mumbai,2014,80000,Diesel,Manual,Second,24.2,1498,98.6,7,4.85,Honda,Mobilio V Option i DTEC,12,6666.666666666667
Hyderabad,2016,33000,Diesel,Automatic,First,17.01,1582,126.2,5,14.5,Hyundai,Creta 1.6 CRDi AT SX Plus,10,3300.0
Hyderabad,2011,71556,Petrol,Manual,First,17.0,1497,118.0,5,5.5,Honda,City 1.5 S MT,15,4770.4
Bangalore,2011,85000,Diesel,Manual,First,17.8,1399,68.0,5,3.2,Ford,Fiesta 1.4 TDCi EXI,15,5666.666666666667
Chennai,2016,91000,Diesel,Manual,First,26.59,1248,74.0,5,4.5,Maruti,Swift Dzire LDI,10,9100.0
Coimbatore,2015,73187,Diesel,Automatic,First,13.0,2143,204.0,5,30.72,Mercedes-Benz,E-Class E250 CDI Launch Edition,11,6653.363636363636
Jaipur,2009,232000,Diesel,Manual,First,11.5,1991,147.9,7,3.5,Chevrolet,Captiva LT,17,13647.058823529413
Bangalore,2007,127079,Diesel,Manual,First,12.8,2494,102.0,7,6.99,Toyota,Innova 2.5 V Diesel 7-seater,19,6688.368421052632
Kochi,2014,58816,Diesel,Manual,First,17.21,1493,100.0,7,3.45,Mahindra,Quanto C8,12,4901.333333333333
Kochi,2015,63818,Petrol,Manual,First,17.4,1497,117.3,5,6.57,Honda,City i VTEC V,11,5801.636363636364
Kolkata,2014,40000,Diesel,Automatic,First,17.11,1968,174.33,5,17.5,Audi,A4 2.0 TDI 177 Bhp Premium Plus,12,3333.3333333333335
Delhi,2013,77445,Diesel,Manual,First,22.07,1199,73.9,5,3.75,Volkswagen,Polo Diesel Comfortline 1.2L,13,5957.307692307692
Pune,2017,14000,Petrol,Automatic,First,14.8,1497,121.36,5,9.99,Ford,EcoSport 1.5 Petrol Titanium Plus AT,9,1555.5555555555557
Kolkata,2012,85122,Diesel,Manual,First,12.99,2494,100.0,7,8.2,Toyota,Innova 2.5 G (Diesel) 7 Seater BS IV,14,6080.142857142857
Jaipur,2005,123000,Petrol,Manual,Third,13.0,1493,100.0,5,1.1,Honda,City 1.5 EXI,21,5857.142857142857
Kochi,2015,61000,CNG,Manual,First,22.1,1586,85.7,5,3.89,Maruti,SX4 Green Vxi (CNG),11,5545.454545454545
Chennai,2015,63714,Petrol,Manual,First,24.7,796,47.3,5,2.45,Maruti,Alto 800 2016-2019 LXI Optional,11,5792.181818181818
Pune,2009,53000,Diesel,Automatic,First,8.7,2987,224.34,5,13.75,Mercedes-Benz,M-Class ML 320 CDI,17,3117.6470588235293
Kolkata,2017,60000,Diesel,Manual,First,26.59,1248,74.0,5,3.0,Maruti,Swift Dzire LDI,9,6666.666666666667
Ahmedabad,2017,33000,Diesel,Manual,First,24.3,1248,88.5,5,9.25,Maruti,Vitara Brezza ZDi Plus Dual Tone,9,3666.6666666666665
Mumbai,2013,31000,Diesel,Automatic,First,13.2,2400,215.0,5,17.65,Volvo,S60 D5 Summum,13,2384.6153846153848
Delhi,2014,79000,Diesel,Automatic,First,12.55,2982,168.5,7,18.25,Toyota,Fortuner 4x2 AT,12,6583.333333333333
Kochi,2013,67914,Diesel,Manual,First,23.0,1396,90.0,5,3.45,Hyundai,i20 Sportz Option Diesel,13,5224.153846153846
Bangalore,2015,58970,Diesel,Automatic,First,17.11,1968,174.33,5,23.75,Audi,A4 35 TDI Premium,11,5360.909090909091
Mumbai,2013,60000,Diesel,Manual,Second,19.64,1461,108.5,5,5.45,Nissan,Terrano XV D Pre,13,4615.384615384615
Coimbatore,2017,35225,Petrol,Automatic,First,23.1,998,67.04,5,5.25,Maruti,Celerio ZXI AMT,9,3913.8888888888887
Delhi,2005,69496,Petrol,Manual,First,15.9,1298,113.27689373297004,5,1.1,Maruti,Esteem Vxi,21,3309.3333333333335
Delhi,2012,62282,Petrol,Automatic,First,16.95,1197,78.9,5,2.9,Hyundai,i10 Sportz AT,14,4448.714285714285
Hyderabad,2010,80000,Diesel,Automatic,First,22.69,1995,190.0,5,14.2,BMW,3 Series 320d,16,5000.0
Kochi,2018,43698,Petrol,Manual,First,18.9,1197,82.0,5,5.8,Hyundai,Grand i10 Sportz,8,5462.25
Coimbatore,2017,28052,Petrol,Automatic,First,18.9,1197,82.0,5,7.22,Hyundai,Grand i10 Asta Option AT,9,3116.8888888888887
Coimbatore,2016,29091,Petrol,Manual,First,18.9,1197,81.86,5,4.87,Hyundai,Grand i10 1.2 Kappa Sportz,10,2909.1
Delhi,2013,63000,Petrol,Manual,First,16.47,1198,74.0,5,3.3,Volkswagen,Polo 1.2 MPI Comfortline,13,4846.153846153846
Hyderabad,2007,91000,Petrol,Manual,Second,17.7,1497,78.0,5,3.0,Honda,City ZX EXi,19,4789.473684210527
Hyderabad,2014,30000,Diesel,Automatic,First,17.9,2143,136.0,5,26.0,Mercedes-Benz,GLA Class 200 CDI,12,2500.0
Hyderabad,2017,24571,Petrol,Manual,First,14.0,796,35.0,5,2.9,Maruti,Omni 8 Seater BSIV,9,2730.1111111111113
Bangalore,2014,45000,Petrol,Automatic,First,15.74,1591,121.3,5,7.5,Hyundai,Verna 1.6 SX VTVT AT,12,3750.0
Hyderabad,2015,24617,Petrol,Manual,First,22.74,796,47.3,5,2.36,Maruti,Alto 800 LXI,11,2237.909090909091
Coimbatore,2017,26927,Diesel,Manual,First,24.3,1248,88.5,5,11.39,Maruti,Vitara Brezza ZDi Plus Dual Tone,9,2991.8888888888887
Kochi,2013,87736,Diesel,Manual,First,15.1,2179,140.0,7,7.02,Mahindra,XUV500 W8 2WD,13,6748.923076923077
Delhi,2016,35299,Diesel,Manual,First,24.3,1248,88.5,5,8.0,Maruti,Vitara Brezza ZDi,10,3529.9
Kochi,2017,51612,Petrol,Manual,First,18.6,1197,81.83,5,7.11,Hyundai,i20 1.2 Spotz,9,5734.666666666667
Mumbai,1998,55300,Diesel,Automatic,First,10.0,1796,157.7,5,3.9,Mercedes-Benz,E-Class 250 D W 210,28,1975.0
Hyderabad,2009,65090,Petrol,Manual,First,19.7,796,46.3,5,2.15,Maruti,Alto LXi,17,3828.823529411765
Kolkata,2013,40000,Petrol,Manual,First,18.0,1198,86.7,5,3.25,Honda,Amaze S i-Vtech,13,3076.923076923077
Kochi,2015,38467,Diesel,Automatic,First,12.65,2993,255.0,5,70.66,Land,Rover Range Rover Sport HSE,11,3497.0
Mumbai,2013,71904,Diesel,Manual,First,24.0,1120,70.0,5,4.61,Hyundai,Grand i10 CRDi Magna,13,5531.076923076923
Mumbai,2008,87000,Petrol,Manual,First,13.5,1799,130.0,5,2.35,Honda,Civic 2006-2010 1.8 S MT,18,4833.333333333333
Chennai,2014,33000,Diesel,Manual,Second,24.0,1120,70.0,5,4.05,Hyundai,Grand i10 CRDi Magna,12,2750.0
Jaipur,2009,22100,Petrol,Manual,Second,16.1,796,37.0,4,0.8,Maruti,800 AC Uniq,17,1300.0
Hyderabad,2014,59589,Diesel,Manual,First,23.59,1364,67.1,5,5.6,Toyota,Etios Liva Diesel,12,4965.75
Delhi,2015,44000,Diesel,Manual,First,22.54,1396,88.73,5,5.35,Hyundai,i20 Magna 1.4 CRDi,11,4000.0
Mumbai,2017,12000,Petrol,Manual,First,24.07,998,67.1,5,3.25,Maruti,Alto K10 VXI,9,1333.3333333333333
Pune,2012,66000,Diesel,Automatic,Second,17.05,1995,184.0,5,11.5,BMW,X1 sDrive20d,14,4714.285714285715
Pune,2016,38009,Petrol,Automatic,First,23.1,998,67.04,5,4.25,Maruti,Celerio VXI AT,10,3800.9
Mumbai,2009,35000,Petrol,Automatic,Second,13.7,1798,157.75,5,4.45,Skoda,Superb Elegance 1.8 TSI AT,17,2058.823529411765
Pune,2009,70000,Diesel,Manual,First,14.0,2498,112.0,7,2.85,Mahindra,Xylo E4,17,4117.64705882353
Delhi,2014,86000,Diesel,Manual,First,15.1,2179,140.0,7,7.85,Mahindra,XUV500 W8 2WD,12,7166.666666666667
Pune,2016,32000,Petrol,Manual,First,19.1,1197,85.8,5,5.3,Maruti,Swift Dzire VXI,10,3200.0
Mumbai,2017,15000,Petrol,Manual,First,18.88,999,123.24,5,8.0,Ford,Ecosport 1.0 Ecoboost Platinum Edition,9,1666.6666666666667
Coimbatore,2014,69918,Diesel,Manual,First,21.43,1364,87.2,5,9.43,Toyota,Corolla Altis Diesel D4DG,12,5826.5
Pune,2012,39000,Petrol,Manual,First,18.5,1197,80.0,5,2.75,Hyundai,i20 2015-2017 1.2 Magna,14,2785.714285714286
Mumbai,2018,1011,Diesel,Manual,First,20.37,1461,108.45,5,13.5,Renault,Captur 1.5 Diesel Platine Mono,8,126.375
Hyderabad,2009,85000,Diesel,Automatic,First,11.0,2987,198.5,5,9.99,Mercedes-Benz,E-Class 280 CDI,17,5000.0
Chennai,2017,46663,Petrol,Manual,First,21.1,998,100.0,5,6.95,Maruti,Baleno RS 1.0 Petrol,9,5184.777777777777
Chennai,2015,27000,Petrol,Automatic,First,17.97,1498,99.6,5,6.75,Nissan,Sunny 2011-2014 XL AT Special Edition,11,2454.5454545454545
Chennai,2015,15000,Petrol,Automatic,First,18.9,1197,82.0,5,5.5,Hyundai,Grand i10 AT Asta,11,1363.6363636363637
Kochi,2018,10575,Petrol,Manual,First,21.56,1462,103.25,5,9.18,Maruti,Ciaz Zeta,8,1321.875
Jaipur,2014,12500,Petrol,Manual,First,19.1,1197,82.0,5,4.15,Hyundai,Xcent 1.2 Kappa S,12,1041.6666666666667
Ahmedabad,2012,52000,Diesel,Manual,First,22.32,1582,126.32,5,6.5,Hyundai,Verna 1.6 SX CRDi (O),14,3714.285714285714
Kochi,2015,49818,Petrol,Manual,First,21.5,1197,81.8,5,4.11,Maruti,Wagon R VXI 1.2,11,4528.909090909091
Hyderabad,2008,90000,Diesel,Manual,Second,16.8,1493,110.0,5,2.25,Hyundai,Verna CRDi,18,5000.0
Kochi,2015,52207,Petrol,Manual,First,17.71,1197,78.9,5,4.56,Toyota,Etios Liva G,11,4746.090909090909
Pune,2013,167362,Diesel,Manual,First,11.68,2498,112.0,7,4.0,Mahindra,Xylo E4 ABS BS III,13,12874.0
Coimbatore,2015,49894,Diesel,Manual,First,23.59,1364,67.06,5,5.27,Toyota,Etios Liva GD,11,4535.818181818182
Kochi,2019,13024,Diesel,Manual,First,18.06,2523,63.0,7,9.11,Mahindra,Thar DI 4X4,7,1860.5714285714287
Pune,2010,128000,Diesel,Manual,Second,14.42,1995,147.6,5,6.2,Nissan,X-Trail SLX MT,16,8000.0
Kochi,2017,26023,Diesel,Automatic,First,11.36,2755,171.5,7,19.97,Toyota,Innova Crysta 2.8 ZX AT,9,2891.4444444444443
Delhi,2016,42784,Diesel,Manual,First,21.38,1396,88.7,5,10.17,Hyundai,Creta 1.4 CRDi S,10,4278.4
Pune,2014,115000,Diesel,Manual,First,28.4,1248,74.0,5,4.5,Maruti,Swift VDI,12,9583.333333333334
Kochi,2019,30529,Diesel,Manual,First,23.9,1582,126.2,5,14.28,Hyundai,Verna 1.6 CRDI SX Option,7,4361.285714285715
Kochi,2012,14814,Petrol,Manual,Second,19.7,796,46.3,5,2.47,Maruti,Alto LXi BSIII,14,1058.142857142857
Ahmedabad,2016,58000,Diesel,Manual,First,23.65,1248,88.5,5,7.9,Maruti,S Cross DDiS 200 Alpha,10,5800.0
Hyderabad,2011,68128,Petrol,Manual,First,21.1,814,55.2,5,2.3,Hyundai,EON Era,15,4541.866666666667
Hyderabad,2013,63220,Petrol,Manual,First,13.24,1598,102.5,5,6.5,Nissan,Terrano XL,13,4863.076923076923
Hyderabad,2016,30000,Petrol,Manual,First,21.1,814,55.2,5,3.25,Hyundai,EON Era,10,3000.0
Bangalore,2017,27768,Diesel,Manual,First,20.65,1248,88.7,5,5.85,Tata,Zest Quadrajet 1.3 XT,9,3085.3333333333335
Hyderabad,2014,53000,Diesel,Automatic,Second,14.21,2143,203.0,5,29.0,Mercedes-Benz,E-Class 2009-2013 E250 CDI Elegance,12,4416.666666666667
Coimbatore,2014,87652,Diesel,Automatic,Second,14.16,1968,174.3,5,25.71,Audi,Q5 2.0 TDI Premium Plus,12,7304.333333333333
Chennai,2008,94873,Petrol,Manual,Second,15.3,1596,101.0,5,1.85,Ford,Fiesta 1.6 ZXi Leather,18,5270.722222222223
Mumbai,2015,56000,Diesel,Automatic,First,18.88,1995,184.0,5,22.75,BMW,3 Series 320d Prestige,11,5090.909090909091
Kochi,2018,18678,Petrol,Manual,First,21.1,998,100.0,5,8.32,Maruti,Baleno RS 1.0 Petrol,8,2334.75
Delhi,2014,30000,Diesel,Automatic,First,14.21,2143,203.0,5,26.0,Mercedes-Benz,E-Class 2009-2013 E250 CDI Blue Efficiency,12,2500.0
Hyderabad,2013,59000,Petrol,Manual,First,20.36,1197,78.9,5,3.45,Hyundai,i10 Sportz 1.2,13,4538.461538461538
Mumbai,2017,13000,Petrol,Manual,First,18.9,1197,82.0,5,5.15,Hyundai,Grand i10 Asta Option,9,1444.4444444444443
Kochi,2014,74325,Petrol,Manual,First,19.4,1198,86.8,5,3.51,Honda,Brio S MT,12,6193.75
Kolkata,2015,45000,Diesel,Manual,First,21.9,1396,88.76,5,3.45,Hyundai,i20 Magna 1.4 CRDi (Diesel),11,4090.909090909091
Pune,2013,57000,Petrol,Manual,First,16.47,1198,73.9,5,3.75,Volkswagen,Polo Petrol Highline 1.2L,13,4384.615384615385
Pune,2001,125943,Petrol,Manual,Second,13.0,1493,100.0,5,1.45,Honda,City 1.5 EXI,25,5037.72
Delhi,2008,80000,Diesel,Manual,First,18.7,1896,66.0,5,2.2,Skoda,Octavia Ambiente 1.9 TDI,18,4444.444444444444
Hyderabad,2010,154000,Diesel,Manual,First,13.1,2499,141.0,7,7.99,Ford,Endeavour 2.5L 4X2,16,9625.0
Bangalore,2013,62000,Diesel,Manual,Second,18.3,1991,147.9,5,6.75,Chevrolet,Cruze LTZ,13,4769.2307692307695
Kolkata,2014,45000,Diesel,Manual,First,24.2,1498,98.6,7,5.0,Honda,Mobilio V i DTEC,12,3750.0
Pune,2012,105000,Diesel,Manual,Second,20.77,1248,88.76,7,5.9,Maruti,Ertiga VDI,14,7500.0
Mumbai,2013,26000,Petrol,Manual,First,18.9,1197,82.0,5,3.75,Hyundai,Grand i10 Sportz,13,2000.0
Mumbai,2014,30900,Diesel,Automatic,First,14.74,2993,270.9,5,29.5,Jaguar,XF 3.0 Litre S Premium Luxury,12,2575.0
Chennai,2014,48000,Petrol,Manual,First,18.0,1198,86.7,5,4.75,Honda,Amaze VX i-Vtech,12,4000.0
Pune,2011,112719,Diesel,Automatic,First,12.4,2698,179.5,5,11.5,Audi,A6 2.7 TDI,15,7514.6
Chennai,2017,5000,Petrol,Manual,First,18.6,1197,81.83,5,6.95,Hyundai,i20 1.2 Spotz,9,555.5555555555555
Mumbai,2016,16000,Petrol,Manual,First,17.0,1198,73.75,5,5.4,Volkswagen,Ameo 1.2 MPI Highline Plus 16,10,1600.0
Jaipur,2011,63000,Petrol,Automatic,First,13.4,1997,135.1,5,4.75,Renault,Fluence 2.0,15,4200.0
Chennai,2011,28300,Petrol,Manual,First,24.07,998,67.1,5,2.15,Maruti,Alto K10 VXI,15,1886.6666666666667
Jaipur,2005,49000,Petrol,Manual,First,19.7,796,46.3,5,0.9,Maruti,Alto Std,21,2333.3333333333335
Kolkata,2016,12501,Petrol,Manual,First,20.51,998,67.04,5,3.5,Maruti,Wagon R VXI BS IV,10,1250.1
Kochi,2016,56628,Diesel,Manual,First,20.4,1248,92.0,5,5.85,Fiat,Linea 1.3 Emotion,10,5662.8
Pune,2010,105000,Diesel,Manual,First,19.3,1248,73.9,5,3.15,Maruti,Swift Dzire Vdi BSIV,16,6562.5
Pune,2016,52126,Diesel,Manual,First,21.64,1461,84.8,5,6.0,Renault,Scala Diesel RxL,10,5212.6
Kolkata,2010,38000,Petrol,Manual,First,18.5,1197,80.0,5,2.23,Hyundai,i20 Magna,16,2375.0
Bangalore,2016,50000,Petrol,Manual,First,19.1,1197,82.0,5,2.5,Hyundai,Xcent 1.2 Kappa SX Option,10,5000.0
Kochi,2015,50230,Petrol,Manual,First,18.9,998,67.1,5,3.87,Maruti,Wagon R LXI,11,4566.363636363636
Ahmedabad,2014,31000,Diesel,Manual,First,15.1,2179,140.0,7,9.5,Mahindra,XUV500 W8 2WD,12,2583.3333333333335
Delhi,2014,79000,Diesel,Automatic,First,12.55,2982,168.5,7,17.75,Toyota,Fortuner 4x2 AT,12,6583.333333333333
Delhi,2012,130000,Diesel,Manual,First,19.64,1461,108.45,5,3.75,Renault,Duster 110PS Diesel RxZ Plus,14,9285.714285714286
Chennai,2010,115000,Petrol,Manual,Second,17.92,1086,62.1,5,1.5,Hyundai,Santro Xing GLS,16,7187.5
Pune,2013,41500,Petrol,Manual,Second,17.01,1591,121.3,5,5.0,Hyundai,Verna 1.6 SX VTVT,13,3192.3076923076924
Pune,2014,54385,Diesel,Automatic,Second,15.06,1995,177.0,5,17.0,BMW,X1 sDrive 20d Exclusive,12,4532.083333333333
Kochi,2011,56361,Petrol,Automatic,First,12.9,1799,130.0,5,4.38,Honda,Civic 2006-2010 1.8 V AT,15,3757.4
Delhi,2018,22000,Petrol,Automatic,First,15.26,1798,187.74,5,41.5,Audi,A6 35 TFSI Matrix,8,2750.0
Kolkata,2017,8000,Petrol,Manual,First,20.51,998,67.04,5,3.0,Maruti,Wagon R LXI BS IV,9,888.8888888888889
Coimbatore,2018,28741,Diesel,Manual,First,24.3,1248,88.5,5,11.0,Maruti,Vitara Brezza ZDi Plus Dual Tone,8,3592.625
Pune,2012,117236,Diesel,Automatic,Second,11.8,2720,190.0,7,14.0,Land,Rover Discovery 3 TDV6 Diesel Automatic,14,8374.0
Pune,2016,30500,Diesel,Automatic,First,26.59,1248,74.0,5,7.65,Maruti,Dzire New,10,3050.0
Kolkata,2018,5000,Petrol,Manual,First,17.0,1591,121.3,5,8.7,Hyundai,Verna VTVT 1.6 SX,8,625.0
Hyderabad,2016,42000,Diesel,Manual,First,25.47,1248,88.5,7,9.9,Maruti,Ertiga ZDI Plus,10,4200.0
Mumbai,2010,32773,Petrol,Manual,First,13.2,1495,94.0,5,2.05,Hyundai,Accent GLE,16,2048.3125
Kolkata,2016,19008,Petrol,Manual,First,17.0,1197,80.0,5,5.25,Hyundai,i20 1.2 Sportz,10,1900.8
Kochi,2012,32542,Petrol,Manual,First,17.0,1591,121.3,5,5.77,Hyundai,Verna VTVT 1.6 SX,14,2324.4285714285716
Hyderabad,2010,94753,Petrol,Manual,First,19.7,796,46.3,5,1.95,Maruti,Alto LX,16,5922.0625
Ahmedabad,2011,70000,Diesel,Manual,Second,12.05,2179,120.0,8,7.45,Mahindra,Scorpio VLX,15,4666.666666666667
Delhi,2012,68347,Petrol,Manual,First,18.9,998,67.1,5,2.6,Maruti,Wagon R LXI,14,4881.928571428572
Ahmedabad,2011,72000,Petrol,Manual,Second,17.0,1197,80.0,5,3.25,Hyundai,i20 1.2 Sportz,15,4800.0
Hyderabad,2010,75014,Diesel,Manual,First,21.1,1248,73.9,5,3.85,Maruti,Ritz VDi,16,4688.375
Delhi,2013,65000,Diesel,Automatic,Second,13.73,1995,148.0,5,7.5,Renault,Koleos 2.0 Diesel,13,5000.0
Kochi,2012,55598,Diesel,Automatic,First,22.69,1995,190.0,5,11.5,BMW,3 Series 320d,14,3971.285714285714
Pune,2013,50000,Petrol,Manual,First,19.4,1198,86.8,5,3.25,Honda,Brio V MT,13,3846.153846153846
Chennai,2003,44200,Petrol,Manual,Second,11.7,1997,134.0,5,1.5,Hyundai,Sonata GOLD,23,1921.7391304347825
Jaipur,2014,65000,Diesel,Manual,First,19.3,1248,73.9,5,5.31,Maruti,Swift Dzire VDi,12,5416.666666666667
Hyderabad,2013,49000,Diesel,Manual,First,16.0,2179,140.0,7,9.0,Mahindra,XUV500 W8 4WD,13,3769.230769230769
Kolkata,2016,7200,Petrol,Manual,First,19.81,1086,68.05,5,3.59,Hyundai,i10 Sportz 1.1L,10,720.0
Kochi,2016,43152,Petrol,Manual,First,20.73,1373,91.1,5,7.35,Maruti,Ciaz ZXi Plus,10,4315.2
Pune,2013,112000,Diesel,Manual,First,12.8,2494,102.0,8,12.0,Toyota,Innova 2.5 V Diesel 8-seater,13,8615.384615384615
Coimbatore,2017,23540,Petrol,Manual,First,18.9,1197,82.0,5,6.02,Hyundai,Grand i10 Sportz,9,2615.5555555555557
Coimbatore,2008,82160,Diesel,Manual,First,16.52,1991,123.7,5,2.57,Chevrolet,Optra Magnum 2.0 LS BSIII,18,4564.444444444444
Pune,2013,57000,Diesel,Manual,First,12.83,2696,162.0,7,12.45,Mahindra,Ssangyong Rexton RX5,13,4384.615384615385
Coimbatore,2015,39335,Diesel,Manual,First,15.1,2179,140.0,7,12.63,Mahindra,XUV500 W8 2WD,11,3575.909090909091
Bangalore,2014,62000,Petrol,Manual,Second,17.4,1497,117.3,5,7.75,Honda,City i VTEC SV,12,5166.666666666667
Delhi,2014,60000,Diesel,Manual,First,22.7,1498,89.84,5,5.5,Ford,Ecosport 1.5 DV5 MT Titanium,12,5000.0
Kolkata,2015,35000,Petrol,Manual,First,18.6,1197,81.83,5,4.43,Hyundai,i20 Sportz 1.2,11,3181.818181818182
Kochi,2016,32345,Diesel,Automatic,First,17.9,2143,136.0,5,24.51,Mercedes-Benz,CLA 200 CDI Sport,10,3234.5
Ahmedabad,2014,47000,Petrol,Manual,First,22.0,814,55.0,5,2.65,Hyundai,EON Magna,12,3916.6666666666665
Delhi,2012,65537,CNG,Manual,Second,33.44,796,40.3,4,2.1,Maruti,Alto 800 2016-2019 CNG LXI,14,4681.214285714285
Delhi,2011,36000,Petrol,Manual,First,17.6,1496,88.7,5,3.2,Toyota,Etios G Safety,15,2400.0
Chennai,2016,75000,Diesel,Manual,First,23.4,1248,74.0,5,4.25,Maruti,Swift Dzire Tour LDI,10,7500.0
Kolkata,2008,38000,Petrol,Manual,First,19.7,796,46.3,5,1.1,Maruti,Alto LXi,18,2111.1111111111113
Chennai,2015,57818,Petrol,Manual,First,23.1,998,67.04,5,4.3,Maruti,Celerio ZXI,11,5256.181818181818
Hyderabad,2015,45000,Diesel,Manual,First,22.7,1498,89.84,5,8.9,Ford,Ecosport 1.5 DV5 MT Titanium Optional,11,4090.909090909091
Jaipur,2015,75055,Diesel,Manual,First,19.01,1461,108.5,5,6.5,Nissan,Terrano XV 110 PS Limited Edition,11,6823.181818181818
Delhi,2009,65462,Petrol,Automatic,Third,11.1,2354,142.0,5,3.5,Honda,Accord VTi-L AT,17,3850.705882352941
Hyderabad,2008,76206,Diesel,Manual,First,17.8,1248,75.0,5,4.25,Maruti,Swift Ldi BSIII,18,4233.666666666667
Kochi,2018,25948,Diesel,Automatic,First,16.0,2179,140.0,7,16.46,Mahindra,XUV500 AT W10 FWD,8,3243.5
Mumbai,2016,28500,Petrol,Manual,First,18.7,1199,88.7,5,5.95,Honda,Jazz 1.2 VX i VTEC,10,2850.0
Mumbai,2015,28004,Petrol,Manual,First,17.8,1497,117.3,5,7.1,Honda,City i VTEC V,11,2545.818181818182
Kolkata,2011,25000,Petrol,Manual,Second,15.7,1172,67.0,5,1.25,Fiat,Grande Punto 1.2 Dynamic,15,1666.6666666666667
Pune,2013,82543,Petrol,Manual,First,16.02,1373,93.7,7,5.5,Maruti,Ertiga ZXI,13,6349.461538461538
Chennai,2013,30000,Petrol,Manual,First,18.44,1198,75.0,5,3.25,Nissan,Micra XL,13,2307.6923076923076
Hyderabad,2010,27800,Petrol,Manual,First,17.0,1497,118.0,5,5.0,Honda,City 1.5 V MT,16,1737.5
Coimbatore,2016,33415,Petrol,Manual,First,16.78,1496,88.73,5,6.58,Toyota,Etios VX,10,3341.5
Mumbai,2013,38000,Diesel,Automatic,First,18.88,1995,184.0,5,19.5,BMW,3 Series 320d Luxury Line,13,2923.076923076923
Kochi,2017,41981,Petrol,Manual,First,18.7,1199,88.7,5,6.14,Honda,Jazz 1.2 SV i VTEC,9,4664.555555555556
Jaipur,2013,77084,Diesel,Manual,First,28.4,1248,73.75,5,4.95,Maruti,Dzire VDI,13,5929.538461538462
Hyderabad,2013,71803,Diesel,Manual,First,20.5,1598,103.5,5,5.75,Skoda,Rapid 1.6 TDI Elegance,13,5523.307692307692
Kolkata,2013,73314,Diesel,Manual,First,15.1,2179,140.0,7,6.6,Mahindra,XUV500 W6 2WD,13,5639.538461538462
Coimbatore,2015,69053,Petrol,Automatic,First,18.9,1197,82.0,5,5.72,Hyundai,Grand i10 AT Asta,11,6277.545454545455
Delhi,2009,79782,Petrol,Manual,Second,17.0,1497,118.0,5,2.6,Honda,City 1.5 V MT,17,4693.058823529412
Hyderabad,2010,250000,Diesel,Manual,Second,12.8,2494,102.0,7,6.5,Toyota,Innova 2.5 GX 7 STR,16,15625.0
Pune,2011,90000,Diesel,Manual,Second,15.1,2179,140.0,7,6.1,Mahindra,XUV500 W8 2WD,15,6000.0
Hyderabad,2010,130000,Diesel,Manual,First,19.3,1248,73.9,5,3.85,Maruti,Swift Dzire VDi,16,8125.0
Pune,2013,65000,Petrol,Manual,Second,15.04,1598,103.6,5,4.5,Volkswagen,Vento Petrol Highline,13,5000.0
Coimbatore,2013,46496,Diesel,Manual,First,23.59,1364,113.27689373297004,5,5.3,Toyota,Etios GD,13,3576.6153846153848
Bangalore,2013,76000,Diesel,Automatic,Second,16.55,1968,147.51,5,18.25,Audi,A4 2.0 TDI,13,5846.153846153846
Ahmedabad,2012,28002,Petrol,Manual,First,16.02,1373,93.7,7,5.75,Maruti,Ertiga LXI,14,2000.142857142857
Mumbai,2010,63000,CNG,Manual,Second,14.53,1798,138.0,5,3.35,Toyota,Corolla Altis 1.8 G CNG,16,3937.5
Jaipur,2010,70000,Petrol,Manual,Second,16.1,796,37.0,4,0.9,Maruti,800 AC,16,4375.0
Hyderabad,2011,66276,Petrol,Manual,First,17.0,1497,118.0,5,5.5,Honda,City 1.5 V MT,15,4418.4
Kolkata,2014,45000,Petrol,Manual,First,19.1,1197,85.8,5,3.99,Maruti,Swift Dzire VXI,12,3750.0
Delhi,2014,67000,Petrol,Automatic,First,19.16,2494,158.2,5,18.75,Toyota,Camry Hybrid,12,5583.333333333333
Kolkata,2014,43068,Diesel,Manual,First,24.0,1120,70.0,5,3.5,Hyundai,Grand i10 CRDi Sportz,12,3589.0
Chennai,2016,40000,Diesel,Automatic,First,11.36,2755,171.5,8,16.45,Toyota,Innova Crysta 2.8 GX AT 8S,10,4000.0
Coimbatore,2011,50436,Petrol,Manual,First,20.36,1197,78.9,5,3.65,Hyundai,i10 Magna,15,3362.4
Bangalore,2014,21000,Petrol,Automatic,First,18.9,1197,82.0,5,5.4,Hyundai,Grand i10 AT Asta,12,1750.0
Mumbai,2018,2000,Diesel,Manual,First,27.39,1248,74.0,5,8.7,Maruti,Baleno Alpha Diesel,8,250.0
Mumbai,2016,14500,Petrol,Automatic,First,14.67,1798,177.46,5,20.75,Skoda,Superb Style 1.8 TSI AT,10,1450.0
Hyderabad,2010,68782,Diesel,Automatic,First,14.84,2143,170.0,5,12.5,Mercedes-Benz,New C-Class 220 CDI AT,16,4298.875
Kolkata,2011,35888,Diesel,Manual,First,21.1,1248,73.9,5,1.89,Maruti,Ritz VDi,15,2392.5333333333333
Kolkata,2015,168205,Diesel,Manual,First,23.4,1248,74.0,5,4.0,Maruti,Swift Dzire Tour LDI,11,15291.363636363636
Mumbai,2012,47000,Petrol,Manual,First,14.8,1799,130.2,5,3.95,Honda,Civic 2010-2013 1.8 V MT,14,3357.1428571428573
Hyderabad,2015,93700,Diesel,Manual,First,24.52,1248,88.5,7,7.85,Maruti,Ertiga SHVS VDI,11,8518.181818181818
Kolkata,2014,45000,Diesel,Manual,First,22.7,1582,126.24,5,7.0,Hyundai,Elantra CRDi SX,12,3750.0
Hyderabad,2016,55547,Diesel,Automatic,First,12.55,2982,168.5,7,24.99,Toyota,Fortuner 4x2 AT,10,5554.7
Delhi,2013,69000,Petrol,Automatic,First,17.21,1197,103.6,5,4.5,Volkswagen,Polo GT TSI,13,5307.692307692308
Pune,2005,88000,Diesel,Manual,Third,18.7,1896,66.0,5,1.25,Skoda,Octavia Classic 1.9 TDI MT,21,4190.476190476191
Delhi,2014,32400,Diesel,Manual,First,20.14,1498,88.8,5,3.95,Volkswagen,Polo 1.5 TDI Trendline,12,2700.0
Pune,2012,79000,Petrol,Manual,Second,17.92,1086,62.1,5,1.6,Hyundai,Santro Xing GL Plus,14,5642.857142857143
Hyderabad,2004,110000,Petrol,Manual,First,13.2,1495,94.0,5,0.6,Hyundai,Accent GLE,22,5000.0
Coimbatore,2014,45407,Petrol,Manual,Second,21.1,814,55.2,5,3.39,Hyundai,EON D Lite Plus,12,3783.9166666666665
Hyderabad,2011,136490,Diesel,Manual,First,12.8,2494,102.0,7,9.8,Toyota,Innova 2.5 V Diesel 7-seater,15,9099.333333333334
Mumbai,2017,19000,Diesel,Manual,First,26.8,1248,74.0,5,5.91,Maruti,Ignis 1.3 Zeta,9,2111.1111111111113
Mumbai,2017,19416,Petrol,Manual,First,21.56,1462,103.25,5,8.25,Maruti,Ciaz Alpha,9,2157.3333333333335
Mumbai,2012,15500,Petrol,Manual,First,17.5,1298,85.8,5,3.75,Maruti,Swift Dzire VXi,14,1107.142857142857
Hyderabad,2017,12538,Petrol,Automatic,First,18.0,1497,117.3,5,12.5,Honda,City i VTEC CVT VX,9,1393.111111111111
Bangalore,2015,62588,Diesel,Manual,First,17.8,1248,113.27689373297004,5,5.95,Maruti,Swift VDI BSIV W ABS,11,5689.818181818182
Delhi,2015,44328,Petrol,Manual,First,19.4,1198,86.8,5,3.8,Honda,Brio S MT,11,4029.818181818182
Delhi,2014,63000,Diesel,Manual,First,23.59,1364,67.04,5,4.35,Toyota,Etios Liva GD,12,5250.0
Hyderabad,2015,100000,Diesel,Automatic,First,13.5,2400,215.0,5,32.5,Volvo,XC60 D5,11,9090.90909090909
Kolkata,2015,103000,Petrol,Manual,First,15.64,1193,64.08,5,3.0,Tata,Indigo CS eGVX,11,9363.636363636364
Pune,2016,50296,Diesel,Automatic,Second,11.36,2755,171.5,7,19.0,Toyota,Innova Crysta 2.8 ZX AT,10,5029.6
Pune,2013,95500,Diesel,Manual,First,20.54,1598,103.6,5,5.0,Volkswagen,Vento Diesel Highline,13,7346.153846153846
Pune,2014,72100,Diesel,Manual,First,22.7,1498,89.84,5,5.45,Ford,Ecosport 1.5 DV5 MT Titanium,12,6008.333333333333
Mumbai,2010,19119,Petrol,Manual,First,18.9,998,67.1,5,2.7,Maruti,Wagon R VXI,16,1194.9375
Mumbai,2006,30000,Petrol,Manual,First,13.0,2987,210.0,5,10.75,Mercedes-Benz,S-Class 320 L,20,1500.0
Hyderabad,2015,75600,Diesel,Manual,First,20.14,1498,88.8,5,5.8,Volkswagen,Polo 1.5 TDI Highline,11,6872.727272727273
Pune,2007,137000,Petrol,Manual,Second,15.3,1193,65.3,5,0.95,Tata,Indica GLS BS IV,19,7210.526315789473
Jaipur,2002,53500,Petrol,Manual,Second,16.1,796,37.0,4,0.63,Maruti,800 Std BSIII,24,2229.1666666666665
Kochi,2018,26101,Diesel,Manual,First,17.1,1956,170.0,5,17.55,Jeep,Compass 2.0 Longitude,8,3262.625
Pune,2016,7000,Petrol,Manual,First,24.07,998,67.1,5,3.0,Maruti,Alto K10 LXI Optional,10,700.0
Bangalore,2013,50000,Diesel,Automatic,First,19.3,1968,141.0,5,15.0,Skoda,Octavia Elegance 2.0 TDI AT,13,3846.153846153846
Hyderabad,2016,30000,Diesel,Manual,First,26.59,1248,74.0,5,6.0,Maruti,Swift Dzire VDI Optional,10,3000.0
Mumbai,2016,38151,Diesel,Manual,First,28.09,1248,88.5,5,7.65,Maruti,Ciaz VDi Plus SHVS,10,3815.1
Jaipur,2009,116000,Diesel,Manual,Second,15.8,2148,170.0,5,8.5,Mercedes-Benz,New C-Class C 220 CDI CLASSIC,17,6823.529411764706
Kolkata,2013,22000,Diesel,Manual,First,20.0,1399,68.0,5,2.25,Ford,Figo Diesel ZXI,13,1692.3076923076924
Delhi,2010,60000,Petrol,Automatic,Second,14.53,1798,138.1,5,4.65,Toyota,Corolla Altis VL,16,3750.0
Mumbai,2016,38000,Diesel,Manual,First,22.7,1598,118.0,5,7.85,Maruti,SX4 S Cross DDiS 320 Zeta,10,3800.0
Coimbatore,2011,51928,Petrol,Manual,First,15.6,1196,70.0,5,3.46,Ford,Figo Petrol ZXI,15,3461.866666666667
Mumbai,2018,3000,Petrol,Automatic,First,19.0,1199,88.7,5,8.25,Honda,Jazz Exclusive CVT,8,375.0
Pune,2006,67196,Petrol,Manual,First,17.3,993,60.0,5,1.25,Maruti,Zen LXi - BS III,20,3359.8
Bangalore,2012,100000,Diesel,Manual,Third,11.5,2982,171.0,7,16.0,Toyota,Fortuner 3.0 Diesel,14,7142.857142857143
Jaipur,2015,65218,Diesel,Manual,First,26.21,1248,88.5,5,7.4,Maruti,Ciaz ZDi Plus,11,5928.909090909091
Kochi,2016,53886,Petrol,Manual,First,25.17,799,53.3,5,3.07,Renault,KWID RXT,10,5388.6
Coimbatore,2011,50058,Petrol,Automatic,First,19.2,1197,80.0,5,3.84,Hyundai,i10 Magna AT,15,3337.2
Pune,2016,64000,Petrol,Automatic,First,23.1,998,67.04,5,4.2,Maruti,Celerio ZXI AT Optional,10,6400.0
Kochi,2018,41641,Diesel,Manual,First,21.38,1396,88.7,5,10.82,Hyundai,Creta 1.4 E Plus Diesel,8,5205.125
Hyderabad,2016,44345,Diesel,Manual,First,27.3,1498,98.6,5,6.1,Honda,Jazz 1.5 SV i DTEC,10,4434.5
Kolkata,2011,45501,Petrol,Manual,First,17.0,1497,118.0,5,3.1,Honda,City 1.5 S MT,15,3033.4
Chennai,2001,104000,Petrol,Manual,Third,13.7,1468,85.8,5,1.0,Mitsubishi,Lancer 1.5 SFXi,25,4160.0
Coimbatore,2012,50297,Petrol,Manual,First,16.95,1498,97.6,5,4.69,Nissan,Sunny XE P,14,3592.6428571428573
Mumbai,2011,87000,Petrol,Automatic,First,11.7,2354,177.6,5,5.4,Honda,Accord 2.4 AT,15,5800.0
Mumbai,2016,120000,Diesel,Manual,First,15.1,2179,140.0,7,12.0,Mahindra,XUV500 W8 2WD,10,12000.0
Mumbai,2018,17000,Petrol,Manual,First,18.6,1197,81.83,5,6.5,Hyundai,i20 1.2 Magna Executive,8,2125.0
Chennai,2014,100000,Diesel,Manual,First,23.08,1461,63.1,5,3.0,Nissan,Micra Diesel XL,12,8333.333333333334
Kochi,2015,50979,Petrol,Automatic,First,19.12,1373,91.1,5,6.9,Maruti,Ciaz AT ZXi,11,4634.454545454545
Chennai,2011,41000,Diesel,Manual,First,20.54,1598,103.6,5,4.0,Volkswagen,Vento Diesel Trendline,15,2733.3333333333335
Chennai,2011,24000,Petrol,Manual,First,17.0,1197,80.0,5,4.25,Hyundai,i20 Asta,15,1600.0
Hyderabad,2008,44738,Petrol,Manual,First,14.53,1798,138.1,5,5.1,Toyota,Corolla Altis G,18,2485.4444444444443
Kolkata,2014,37298,Diesel,Manual,First,25.1,1498,98.6,5,4.9,Honda,City i DTEC VX,12,3108.1666666666665
Pune,2014,42000,Petrol,Manual,Second,20.4,1197,81.8,5,3.6,Maruti,Swift VXI BSIV,12,3500.0
Pune,2016,45000,Diesel,Automatic,First,14.21,2143,203.0,5,34.0,Mercedes-Benz,E-Class 2009-2013 E250 CDI Elegance,10,4500.0
Mumbai,2015,102000,Diesel,Manual,First,12.99,2494,100.6,7,8.25,Toyota,Innova 2.5 G (Diesel) 7 Seater,11,9272.727272727272
Pune,2011,70000,Petrol,Manual,First,16.1,1298,88.2,5,1.3,Maruti,Swift Lxi BSIII,15,4666.666666666667
Coimbatore,2018,27467,Diesel,Automatic,First,19.27,2143,167.62,5,39.05,Mercedes-Benz,New C-Class C 220d Avantgarde Edition C,8,3433.375
Kolkata,2015,15305,Petrol,Manual,First,18.9,1197,82.0,5,3.75,Hyundai,Grand i10 Asta,11,1391.3636363636363
Mumbai,2010,70000,Petrol,Manual,First,18.9,998,67.1,5,2.1,Maruti,Wagon R LXI BS IV,16,4375.0
Hyderabad,2016,36778,Diesel,Manual,First,22.77,1498,98.59,5,8.8,Ford,EcoSport 1.5 TDCi Titanium,10,3677.8
Coimbatore,2015,25845,Petrol,Manual,First,16.47,1198,74.0,5,5.84,Volkswagen,Polo 1.2 MPI Comfortline,11,2349.5454545454545
Kochi,2018,33858,Petrol,Automatic,First,17.01,1591,121.3,5,9.03,Hyundai,Verna 1.6 VTVT AT SX,8,4232.25
Ahmedabad,2017,12000,Petrol,Automatic,Second,24.04,999,67.0,5,3.25,Renault,KWID AMT RXL,9,1333.3333333333333
Coimbatore,2013,33709,Petrol,Automatic,First,16.5,1198,86.8,5,4.9,Honda,Brio S Option AT,13,2593.0
Kochi,2018,32709,Petrol,Manual,First,18.16,1196,86.8,5,6.46,Ford,Figo Aspire 1.2 Ti-VCT Titanium,8,4088.625
Bangalore,2014,72000,Diesel,Manual,Second,11.5,2982,171.0,7,18.5,Toyota,Fortuner 3.0 Diesel,12,6000.0
Ahmedabad,2013,31000,Diesel,Manual,First,25.0,1396,69.01,5,2.7,Tata,Indigo eCS eLX BS IV,13,2384.6153846153848
Chennai,2016,70000,Diesel,Manual,First,25.83,1498,99.0,5,4.6,Ford,Figo 2015-2019 1.5D Ambiente MT,10,7000.0
Jaipur,2014,61000,Diesel,Manual,First,23.4,1248,74.0,5,5.35,Maruti,Swift Dzire VDI,12,5083.333333333333
Pune,2011,72000,Diesel,Manual,First,23.08,1461,63.1,5,2.3,Nissan,Micra Diesel XV Primo,15,4800.0
Delhi,2016,49000,Diesel,Automatic,First,19.3,1968,141.0,5,15.45,Skoda,Octavia Style Plus 2.0 TDI AT,10,4900.0
Hyderabad,2014,42939,Diesel,Automatic,First,16.96,1968,138.03,5,12.49,Volkswagen,Jetta 2013-2015 2.0L TDI Highline AT,12,3578.25
Coimbatore,2016,32545,Diesel,Automatic,First,12.07,2967,241.4,7,48.76,Audi,Q7 35 TDI Quattro Technology,10,3254.5
Pune,2011,54000,Petrol,Manual,First,17.0,1197,80.0,5,3.2,Hyundai,i20 1.2 Sportz,15,3600.0
Delhi,2012,76000,Diesel,Automatic,First,16.07,1995,181.0,4,8.75,BMW,3 Series 320d Corporate Edition,14,5428.571428571428
Kolkata,2015,27000,Diesel,Manual,First,21.19,1396,88.73,5,5.99,Hyundai,i20 Active 1.4 SX Dual Tone,11,2454.5454545454545
Chennai,2005,120000,Diesel,Manual,Second,12.7,2609,116.6,8,2.9,Mahindra,Scorpio 2.6 DX,21,5714.285714285715
Hyderabad,2012,125000,Petrol,Automatic,First,10.5,3197,113.27689373297004,0,18.0,Audi,A4 3.2 FSI Tiptronic Quattro,14,8928.57142857143
Kolkata,2011,37000,Diesel,Manual,First,20.0,1399,68.05,5,1.8,Ford,Figo Diesel EXI,15,2466.6666666666665
Mumbai,2012,42000,Petrol,Manual,First,9.8,2354,180.0,5,6.25,Honda,Accord 2.4 Inspire M/T,14,3000.0
Bangalore,2013,60000,Diesel,Manual,First,21.9,1396,88.76,5,5.45,Hyundai,i20 Sportz 1.4 CRDi,13,4615.384615384615
Mumbai,2018,3000,Diesel,Automatic,First,16.36,2179,187.7,5,52.5,Jaguar,XF 2.2 Litre Luxury,8,375.0
Mumbai,2013,44000,Petrol,Automatic,First,17.1,1591,121.4,5,5.6,Hyundai,Verna 1.6 SX VTVT (O) AT,13,3384.6153846153848
Kolkata,2014,37000,Petrol,Manual,First,17.4,1497,117.3,5,6.45,Honda,City i VTEC VX Option,12,3083.3333333333335
Mumbai,2012,50000,Petrol,Manual,First,18.5,1197,82.85,5,3.7,Hyundai,i20 Asta Optional with Sunroof 1.2,14,3571.4285714285716
Chennai,2013,58581,Petrol,Manual,First,19.4,1198,86.8,5,3.49,Honda,Brio S MT,13,4506.2307692307695
Kolkata,2013,25500,Diesel,Manual,First,21.9,1396,88.76,5,3.55,Hyundai,i20 Sportz 1.4 CRDi,13,1961.5384615384614
Mumbai,2017,25000,Petrol,Manual,First,10.4,2393,163.5,5,9.0,Maruti,Grand Vitara 2.4 MT,9,2777.777777777778
Hyderabad,2011,53766,Petrol,Manual,First,19.0,998,66.1,5,2.7,Maruti,A-Star Vxi,15,3584.4
Chennai,2006,68000,Petrol,Manual,First,19.7,796,46.3,5,1.5,Maruti,Alto LXi,20,3400.0
Jaipur,2017,40000,Diesel,Manual,First,16.0,2179,140.0,7,15.9,Mahindra,XUV500 W10 2WD,9,4444.444444444444
Hyderabad,2013,73212,Diesel,Manual,First,22.9,1248,74.0,5,5.2,Maruti,Swift RS VDI,13,5631.692307692308
Mumbai,2014,69000,Diesel,Automatic,First,17.05,1995,184.0,5,16.25,BMW,X1 sDrive20d,12,5750.0
Mumbai,2007,61932,Diesel,Automatic,Second,14.3,1968,140.0,5,3.31,Volkswagen,Passat 2.0 PD DSG,19,3259.5789473684213
Bangalore,2012,52000,Diesel,Automatic,First,16.09,1995,184.0,5,24.0,BMW,X3 xDrive20d,14,3714.285714285714
Kolkata,2011,150000,Petrol,Manual,First,18.5,1197,85.8,5,2.5,Maruti,Ritz VXi,15,10000.0
Jaipur,2013,70933,Diesel,Manual,Second,21.9,1396,88.76,5,3.9,Hyundai,i20 Sportz 1.4 CRDi,13,5456.384615384615
Kolkata,2013,115195,Diesel,Manual,First,25.2,1248,74.0,5,3.85,Maruti,Swift VDI BSIV,13,8861.153846153846
Delhi,2011,62148,Petrol,Manual,First,11.7,1796,178.0,5,8.8,Mercedes-Benz,New C-Class 200 Kompressor,15,4143.2
Chennai,2009,32000,Petrol,Manual,Second,14.28,1798,138.03,5,4.95,Toyota,Corolla Altis 1.8 GL,17,1882.3529411764705
Kolkata,2014,58000,Diesel,Manual,First,22.32,1582,126.32,5,5.75,Hyundai,Verna 1.6 SX CRDi (O),12,4833.333333333333
Kochi,2014,68598,Diesel,Manual,First,19.01,1461,108.45,5,6.17,Renault,Duster 110PS Diesel RxZ,12,5716.5
Chennai,2010,84072,Diesel,Manual,First,17.8,1248,75.0,5,3.45,Maruti,Swift Ldi BSIII,16,5254.5
Jaipur,2016,51264,Petrol,Manual,First,24.07,998,67.1,5,3.2,Maruti,Alto K10 VXI,10,5126.4
Coimbatore,2017,21363,Petrol,Automatic,First,13.0,1591,121.3,5,13.49,Hyundai,Creta 1.6 SX Plus Petrol Automatic,9,2373.6666666666665
Delhi,2016,40000,Petrol,Automatic,First,15.04,1991,183.0,5,24.5,Mercedes-Benz,CLA 200 CGI Sport,10,4000.0
Kolkata,2015,35000,Petrol,Automatic,First,10.1,2354,152.0,5,14.7,Honda,CR-V 2.4 4WD AT,11,3181.818181818182
Hyderabad,2014,55000,Diesel,Manual,First,22.7,1498,89.84,5,6.0,Ford,Ecosport 1.5 DV5 MT Trend,12,4583.333333333333
Coimbatore,2016,43252,Diesel,Automatic,First,13.0,2143,204.0,5,34.18,Mercedes-Benz,E-Class 2015-2017 E250 CDI Avantgarde,10,4325.2
Delhi,2014,42000,Diesel,Manual,First,24.0,1120,70.0,5,3.5,Hyundai,Grand i10 CRDi Magna,12,3500.0
Hyderabad,2006,69000,Petrol,Manual,First,16.6,1388,68.0,5,2.15,Ford,Fiesta 1.4 Duratec ZXI,20,3450.0
Kolkata,2018,14000,Diesel,Automatic,First,17.6,1582,126.2,5,11.25,Hyundai,Creta 1.6 SX Automatic Diesel,8,1750.0
Delhi,2010,70000,Petrol,Manual,First,19.0,998,66.1,5,2.0,Maruti,A-Star Lxi,16,4375.0
Kochi,2015,35314,Diesel,Manual,First,23.2,1248,73.94,5,4.27,Maruti,Ritz LDi,11,3210.3636363636365
Kochi,2017,38691,Petrol,Manual,First,17.8,1497,117.3,5,7.68,Honda,City i VTEC SV,9,4299.0
Coimbatore,2017,72717,Diesel,Manual,First,12.99,2494,100.6,7,14.52,Toyota,Innova 2.5 GX (Diesel) 7 Seater,9,8079.666666666667
Mumbai,2011,82000,Petrol,Automatic,Second,11.8,3498,272.0,7,16.85,Mercedes-Benz,R-Class R350 4Matic Long,15,5466.666666666667
Mumbai,2015,44000,Diesel,Manual,First,21.14,1498,103.52,5,5.75,Skoda,Rapid 1.5 TDI Elegance,11,4000.0
Mumbai,2017,27000,Petrol,Manual,First,15.8,1499,110.0,5,8.3,Ford,Ecosport 1.5 Ti VCT MT Titanium,9,3000.0
Chennai,2014,18500,Petrol,Automatic,First,23.1,998,67.04,5,3.95,Maruti,Celerio VXI AT,12,1541.6666666666667
Mumbai,2014,45000,Petrol,Manual,First,15.04,1598,103.6,5,4.8,Volkswagen,Vento Petrol Highline,12,3750.0
Ahmedabad,2011,173000,Diesel,Automatic,First,13.5,2400,215.0,5,12.0,Volvo,XC60 D5,15,11533.333333333334
Ahmedabad,2017,42000,Diesel,Manual,First,23.59,1364,67.04,5,6.25,Toyota,Etios Cross 1.4 GD,9,4666.666666666667
Jaipur,2012,90000,Diesel,Manual,First,19.4,1405,70.0,5,2.5,Tata,Indica Vista TDI LX,14,6428.571428571428
Pune,2014,82329,Petrol,Automatic,First,18.0,1497,117.3,5,7.5,Honda,City i VTEC CVT VX,12,6860.75
Delhi,2010,80302,Petrol,Manual,First,17.0,1497,118.0,5,3.5,Honda,City 1.5 V MT,16,5018.875
Hyderabad,2005,105000,Diesel,Manual,First,18.7,1896,66.0,5,1.99,Skoda,Octavia Rider Classic 1.9 TDI,21,5000.0
Kolkata,2009,60000,Petrol,Manual,First,14.53,1798,138.0,5,2.25,Toyota,Corolla 1.8 J,17,3529.4117647058824
Delhi,2014,70000,Petrol,Manual,First,16.78,1496,88.73,5,3.25,Toyota,Etios G,12,5833.333333333333
Bangalore,2016,45000,Diesel,Automatic,First,17.05,1995,184.0,5,28.5,BMW,X1 sDrive20d,10,4500.0
Kolkata,2006,44000,Petrol,Automatic,First,16.4,1497,78.0,5,1.5,Honda,City ZX CVT,20,2200.0
Delhi,2017,25500,Diesel,Manual,First,22.54,1396,88.73,5,7.0,Hyundai,i20 Sportz 1.4 CRDi,9,2833.3333333333335
Delhi,2014,68000,Diesel,Automatic,First,13.0,2987,261.5,5,27.5,Mercedes-Benz,E-Class E350 CDI,12,5666.666666666667
Ahmedabad,2015,61786,Diesel,Manual,First,19.67,1582,126.2,5,10.5,Hyundai,Creta 1.6 CRDi SX Option,11,5616.909090909091
Jaipur,2014,65000,Diesel,Automatic,Second,15.73,1968,174.33,5,21.5,Audi,Q3 2012-2015 2.0 TDI Quattro Premium Plus,12,5416.666666666667
Delhi,2016,77000,Diesel,Automatic,First,12.63,2179,147.5,5,35.0,Land,Rover Discovery Sport TD4 HSE,10,7700.0
Hyderabad,2015,34000,Diesel,Automatic,First,21.66,1498,103.52,5,7.99,Skoda,Rapid 1.5 TDI AT Elegance Plus,11,3090.909090909091
Coimbatore,2015,59751,Petrol,Automatic,First,23.1,998,67.04,5,4.88,Maruti,Celerio VXI AT,11,5431.909090909091
Mumbai,2013,23312,Petrol,Automatic,First,11.05,2894,444.0,4,40.5,Audi,RS5 Coupe,13,1793.2307692307693
Mumbai,2015,30000,Petrol,Manual,First,20.73,1373,91.1,5,6.55,Maruti,Ciaz ZXi Plus,11,2727.2727272727275
Coimbatore,2015,60146,Diesel,Automatic,First,14.16,1968,174.3,5,29.64,Audi,Q5 2.0 TDI Premium Plus,11,5467.818181818182
Coimbatore,2013,44731,Diesel,Manual,Second,20.0,1399,68.0,5,4.34,Ford,Figo Diesel Titanium,13,3440.846153846154
Kochi,2014,43316,Petrol,Manual,First,18.88,999,123.37,5,6.22,Ford,Ecosport 1.0 Ecoboost Titanium,12,3609.6666666666665
Delhi,2009,92000,Petrol,Manual,Second,17.0,1497,118.0,5,2.25,Honda,City 1.5 S MT,17,5411.764705882353
Hyderabad,2015,50000,Diesel,Automatic,First,16.36,2179,187.7,5,38.0,Jaguar,XF 2.2 Litre Luxury,11,4545.454545454545
Mumbai,2008,69000,Petrol,Manual,Second,20.4,1197,81.8,5,2.15,Maruti,Swift VXI BSIV,18,3833.3333333333335
Coimbatore,2014,60280,Diesel,Automatic,First,22.48,1995,190.0,5,22.45,BMW,5 Series 520d Luxury Line,12,5023.333333333333
Coimbatore,2017,48161,Diesel,Automatic,First,15.0,2143,107.3,5,20.87,Mercedes-Benz,B Class B200 CDI,9,5351.222222222223
Mumbai,2013,41000,Petrol,Manual,First,19.4,1198,86.8,5,3.1,Honda,Brio S MT,13,3153.846153846154
Mumbai,2016,6000,Petrol,Manual,First,18.6,1197,81.83,5,5.95,Hyundai,i20 Sportz 1.2,10,600.0
Mumbai,2006,133000,Diesel,Manual,Second,16.8,1405,68.0,5,0.86,Tata,Indica V2 DLG TC,20,6650.0
Delhi,2010,76000,Diesel,Manual,First,11.5,2982,171.0,7,9.25,Toyota,Fortuner 3.0 Diesel,16,4750.0
Mumbai,2011,15590,Petrol,Manual,First,19.81,1086,68.05,5,2.25,Hyundai,i10 Sportz 1.1L,15,1039.3333333333333
Kochi,2016,69681,Petrol,Manual,First,17.0,1197,80.0,5,6.13,Hyundai,i20 1.2 Sportz Option,10,6968.1
Kochi,2006,70362,Petrol,Manual,Second,15.4,1590,113.27689373297004,5,1.81,Maruti,Baleno LXI - BSIII,20,3518.1
Pune,2014,49112,Petrol,Automatic,Second,15.5,1198,86.7,5,3.79,Honda,Amaze S AT i-Vtech,12,4092.6666666666665
Hyderabad,2017,25000,Diesel,Automatic,First,13.33,2993,255.0,5,160.0,Land,Rover Range Rover 3.0 Diesel LWB Vogue,9,2777.777777777778
Mumbai,2011,74000,Diesel,Manual,First,23.59,1364,113.27689373297004,5,3.6,Toyota,Etios Liva GD,15,4933.333333333333
Pune,2013,15200,Petrol,Automatic,Second,16.95,1197,78.9,5,3.85,Hyundai,i10 Sportz 1.2 AT,13,1169.2307692307693
Hyderabad,2013,86300,Diesel,Manual,First,22.07,1199,73.9,5,4.5,Volkswagen,Polo Diesel Trendline 1.2L,13,6638.461538461538
Coimbatore,2018,26731,Petrol,Manual,First,21.1,998,100.0,5,8.61,Maruti,Baleno RS Petrol,8,3341.375
Ahmedabad,2016,74000,Diesel,Manual,First,21.9,1396,88.76,5,6.5,Hyundai,i20 Sportz 1.4 CRDi,10,7400.0
Chennai,2005,83929,Petrol,Automatic,First,11.3,1794,125.0,5,2.6,Toyota,Corolla H4,21,3996.6190476190477
Pune,2015,65000,Diesel,Manual,First,12.99,2494,100.6,7,15.0,Toyota,Innova 2.5 VX (Diesel) 7 Seater,11,5909.090909090909
Pune,2017,20000,Petrol,Automatic,First,23.1,998,67.04,5,4.7,Maruti,Celerio VXI AT Optional,9,2222.222222222222
Hyderabad,2015,122086,Diesel,Automatic,First,19.3,1968,141.0,5,12.99,Skoda,Octavia Elegance 2.0 TDI AT,11,11098.727272727272
Kochi,2018,35442,Petrol,Manual,First,17.3,1497,117.3,7,7.32,Honda,Mobilio S i VTEC,8,4430.25
Delhi,2015,62542,Diesel,Manual,Second,23.9,1582,126.2,5,6.5,Hyundai,Verna 1.6 CRDi SX,11,5685.636363636364
Coimbatore,2012,26671,Petrol,Manual,Second,17.0,1497,118.0,5,5.67,Honda,City 1.5 S MT,14,1905.0714285714287
Chennai,2014,83500,Diesel,Manual,Second,19.68,1399,67.0,5,3.0,Ford,Classic 1.4 Duratorq Titanium,12,6958.333333333333
Delhi,2015,46166,Diesel,Manual,Second,26.21,1248,88.5,5,5.5,Maruti,Ciaz ZDi,11,4196.909090909091
Pune,2015,25200,Petrol,Manual,First,18.9,998,67.1,5,3.35,Maruti,Wagon R VXI BS IV,11,2290.909090909091
Coimbatore,2015,35463,Diesel,Automatic,First,14.94,2967,241.4,5,25.02,Audi,A4 3.0 TDI Quattro,11,3223.909090909091
Coimbatore,2017,23249,Petrol,Automatic,First,19.16,2487,175.67,5,26.11,Toyota,Camry Hybrid 2.5,9,2583.222222222222
Coimbatore,2016,40310,Petrol,Manual,First,18.6,1197,81.83,5,7.09,Hyundai,i20 Asta 1.2,10,4031.0
Delhi,2012,82069,CNG,Manual,First,21.4,1586,103.3,5,2.65,Maruti,SX4 Green Vxi (CNG),14,5862.071428571428
Delhi,2018,10000,Petrol,Manual,First,18.9,1197,81.86,5,6.5,Hyundai,Grand i10 1.2 Kappa Asta,8,1250.0
Chennai,2012,94000,Diesel,Manual,First,22.07,1199,73.9,5,4.5,Volkswagen,Polo Diesel Trendline 1.2L,14,6714.285714285715
Chennai,2016,45000,Diesel,Automatic,First,15.97,2993,258.0,5,57.0,BMW,X5 xDrive 30d M Sport,10,4500.0
Kochi,2012,52818,Petrol,Manual,First,16.47,1198,73.9,5,3.82,Volkswagen,Polo Petrol Comfortline 1.2L,14,3772.714285714286
Jaipur,2013,61238,Diesel,Manual,First,20.45,1461,83.8,5,5.25,Renault,Duster 85PS Diesel RxE,13,4710.615384615385
Coimbatore,2016,54253,Petrol,Automatic,First,14.67,1798,177.46,5,16.81,Skoda,Superb Style 1.8 TSI AT,10,5425.3
Delhi,2013,71000,Diesel,Automatic,First,14.16,1968,174.3,5,21.5,Audi,Q5 2.0 TDI,13,5461.538461538462
Hyderabad,2017,20000,Diesel,Manual,First,27.39,1248,74.0,5,8.5,Maruti,Baleno Delta 1.3,9,2222.222222222222
Delhi,2013,75000,Petrol,Manual,First,16.47,1198,73.9,5,3.25,Volkswagen,Polo Petrol Comfortline 1.2L,13,5769.2307692307695
Coimbatore,2019,11827,Diesel,Automatic,First,13.5,2477,175.56,6,27.11,Mitsubishi,Pajero Sport 4X4 AT,7,1689.5714285714287
Mumbai,2015,51579,Petrol,Manual,First,20.73,1373,91.1,5,5.95,Maruti,Ciaz VXi Plus,11,4689.0
Kochi,2015,65178,Diesel,Manual,First,19.87,1461,83.8,5,6.79,Renault,Duster 85PS Diesel RxL Option,11,5925.272727272727
Mumbai,2016,25350,Petrol,Manual,First,21.1,814,55.2,5,2.55,Hyundai,EON D Lite Plus Option,10,2535.0
Pune,2008,92000,Petrol,Manual,Second,10.8,2354,152.0,5,3.7,Honda,CR-V 2.4 MT,18,5111.111111111111
Bangalore,2014,45000,Petrol,Manual,Second,17.01,1591,121.3,5,6.75,Hyundai,Verna 1.6 SX VTVT,12,3750.0
Kolkata,2015,46000,Petrol,Manual,First,14.28,1798,138.03,5,6.95,Toyota,Corolla Altis JS MT,11,4181.818181818182
Kochi,2011,79940,Petrol,Manual,First,15.5,1586,103.3,5,2.78,Maruti,SX4 ZXI MT BSIV,15,5329.333333333333
Coimbatore,2016,28851,Petrol,Manual,First,16.47,1198,73.9,5,6.18,Volkswagen,Polo Petrol Comfortline 1.2L,10,2885.1
Bangalore,2015,63000,Diesel,Automatic,First,14.16,1968,174.3,5,36.0,Audi,Q5 30 TDI quattro Premium Plus,11,5727.272727272727
Coimbatore,2012,77283,Petrol,Manual,First,17.0,1497,118.0,5,5.81,Honda,City 1.5 V MT,14,5520.214285714285
Pune,2014,38958,Petrol,Manual,First,22.5,998,67.04,5,3.41,Maruti,Wagon R VXI,12,3246.5
Bangalore,2018,8900,Diesel,Automatic,First,13.5,2477,175.56,6,26.5,Mitsubishi,Pajero Sport 4X4 AT,8,1112.5
Hyderabad,2015,38000,Petrol,Automatic,First,14.7,1798,177.5,5,16.0,Skoda,Octavia Elegance 1.8 TSI AT,11,3454.5454545454545
Kochi,2017,44887,Diesel,Manual,First,19.67,1582,126.2,5,12.13,Hyundai,Creta 1.6 CRDi SX Option,9,4987.444444444444
Hyderabad,2009,85000,Petrol,Manual,Second,19.7,796,46.3,5,1.8,Maruti,Alto LXi BSIII,17,5000.0
Pune,2013,100000,Petrol,Manual,First,16.8,1497,116.3,5,6.25,Honda,City V MT,13,7692.307692307692
Chennai,2016,26239,Petrol,Manual,First,22.7,799,53.0,5,2.75,Datsun,redi-GO S,10,2623.9
Pune,2011,97000,Diesel,Manual,First,17.67,1968,138.08,5,6.0,Skoda,Yeti Ambition 4WD,15,6466.666666666667
Delhi,2013,28000,Petrol,Automatic,First,14.8,1595,120.7,5,11.56,Mercedes-Benz,B Class B180,13,2153.846153846154
Mumbai,2014,20364,Petrol,Automatic,Second,17.21,1197,103.6,5,5.2,Volkswagen,Polo GT TSI,12,1697.0
Coimbatore,2014,64637,Diesel,Manual,First,22.77,1498,98.59,5,7.52,Ford,EcoSport 1.5 TDCi Titanium,12,5386.416666666667
Coimbatore,2017,15731,Petrol,Manual,First,15.29,1591,121.3,5,12.49,Hyundai,Creta 1.6 SX Plus Dual Tone Petrol,9,1747.888888888889
Coimbatore,2019,56251,Diesel,Manual,First,14.24,2755,174.5,7,35.82,Toyota,Fortuner 2.8 2WD MT,7,8035.857142857143
Chennai,2017,28000,Petrol,Manual,First,20.85,1197,83.14,5,6.25,Maruti,Swift Dzire ZXI,9,3111.1111111111113
Coimbatore,2015,20045,Petrol,Manual,First,17.0,1197,80.0,5,6.22,Hyundai,i20 1.2 Asta with AVN,11,1822.2727272727273
Bangalore,2016,34004,Petrol,Manual,First,15.4,1497,117.3,7,8.02,Honda,BR-V i-VTEC S MT,10,3400.4
Mumbai,2014,21000,Petrol,Manual,First,23.1,998,67.04,5,3.75,Maruti,Celerio ZXI,12,1750.0
Mumbai,2009,68001,Petrol,Automatic,Second,10.93,3498,272.0,5,11.75,Mercedes-Benz,E-Class 2009-2013 E350 Petrol,17,4000.0588235294117
Kolkata,2012,31000,Petrol,Manual,First,20.36,1197,78.9,5,2.25,Hyundai,i10 Magna 1.2 iTech SE,14,2214.285714285714
Mumbai,2013,8950,Petrol,Manual,First,17.71,1197,78.9,5,3.55,Toyota,Etios Liva V,13,688.4615384615385
Coimbatore,2017,43477,Diesel,Automatic,First,15.0,2143,204.0,5,38.15,Mercedes-Benz,E-Class 2015-2017 E250 Edition E,9,4830.777777777777
Ahmedabad,2015,20000,Petrol,Manual,First,21.1,814,55.2,5,2.66,Hyundai,EON D Lite Plus,11,1818.1818181818182
Mumbai,2014,47200,CNG,Manual,First,33.54,998,67.04,5,2.85,Maruti,Wagon R CNG LXI,12,3933.3333333333335
Bangalore,2011,60000,Petrol,Manual,First,17.0,1497,118.0,5,4.95,Honda,City 1.5 S MT,15,4000.0
Chennai,2003,111000,Petrol,Automatic,First,13.0,2987,210.0,5,6.5,Mercedes-Benz,S-Class 280 AT,23,4826.086956521739
Pune,2016,52000,Diesel,Manual,Second,25.0,1396,69.01,5,2.4,Tata,Indigo CS eVX,10,5200.0
Pune,2016,26000,Petrol,Manual,First,15.29,1591,121.3,5,12.5,Hyundai,Creta 1.6 VTVT S,10,2600.0
Pune,2013,32425,Petrol,Manual,First,20.51,998,67.04,5,3.0,Maruti,Wagon R LXI BS IV,13,2494.230769230769
Kochi,2017,54758,Diesel,Manual,First,28.4,1248,73.75,5,6.67,Maruti,Dzire VDI,9,6084.222222222223
Coimbatore,2008,59833,Petrol,Manual,Fourth & Above,13.8,1299,70.0,5,1.97,Ford,Ikon 1.3 Flair,18,3324.0555555555557
Kolkata,2013,30000,Petrol,Manual,First,16.47,1198,73.9,5,2.8,Volkswagen,Polo Petrol Comfortline 1.2L,13,2307.6923076923076
Jaipur,2011,40496,Petrol,Manual,First,20.36,1197,78.9,5,2.65,Hyundai,i10 Magna 1.2,15,2699.733333333333
Chennai,2014,45000,Diesel,Manual,First,18.2,1248,73.74,8,4.75,Chevrolet,Enjoy 1.3 TCDi LTZ 8,12,3750.0
Bangalore,2011,34000,Petrol,Automatic,Second,10.5,1796,157.7,5,19.0,Mercedes-Benz,E-Class 200 Kompressor Elegance,15,2266.6666666666665
Bangalore,2012,62000,Diesel,Manual,First,17.8,1248,75.0,5,4.5,Maruti,Swift Vdi BSIII,14,4428.571428571428
Hyderabad,2012,123600,Diesel,Manual,First,15.1,2179,140.0,7,8.25,Mahindra,XUV500 W8 4WD,14,8828.57142857143
Pune,2014,80102,Petrol,Manual,First,17.71,1197,78.9,5,3.5,Toyota,Etios Liva G,12,6675.166666666667
Pune,2013,55000,Diesel,Manual,First,15.1,2179,140.0,7,8.5,Mahindra,XUV500 W8 4WD,13,4230.7692307692305
Hyderabad,2015,48200,Petrol,Manual,First,15.29,1591,121.3,5,9.0,Hyundai,Creta 1.6 VTVT S,11,4381.818181818182
Hyderabad,2014,90000,Diesel,Manual,First,26.0,1498,98.6,5,6.75,Honda,City i DTEC SV,12,7500.0
Hyderabad,2014,123900,Diesel,Manual,First,19.3,1248,73.9,5,5.4,Maruti,Swift Dzire VDi,12,10325.0
Delhi,2015,13008,Petrol,Manual,First,20.51,998,67.04,5,3.5,Maruti,Wagon R LXI BS IV,11,1182.5454545454545
Hyderabad,2012,60500,Petrol,Manual,First,21.1,814,55.2,5,2.6,Hyundai,EON Era Plus,14,4321.428571428572
Bangalore,2017,53841,Diesel,Automatic,First,11.36,2755,171.5,7,20.5,Toyota,Innova Crysta 2.8 ZX AT,9,5982.333333333333
Kochi,2017,47183,Petrol,Manual,Second,15.8,1591,121.3,5,11.31,Hyundai,Creta 1.6 SX Option,9,5242.555555555556
Kolkata,2018,10000,Petrol,Manual,First,20.51,998,67.04,5,4.5,Maruti,Wagon R VXI Plus,8,1250.0
Chennai,2015,45000,Diesel,Automatic,First,11.3,2987,254.8,7,56.0,Mercedes-Benz,GL-Class 350 CDI Blue Efficiency,11,4090.909090909091
Kochi,2017,3923,Petrol,Manual,First,23.1,998,67.04,5,5.2,Maruti,Celerio VXI,9,435.8888888888889
Delhi,2011,85000,Diesel,Manual,First,12.05,2179,120.0,8,5.25,Mahindra,Scorpio SLE BSIV,15,5666.666666666667
Kochi,2018,6279,Petrol,Manual,First,22.7,799,53.64,5,3.6,Datsun,redi-GO T Option,8,784.875
Pune,2014,74500,Diesel,Manual,First,21.2,1248,75.0,5,3.3,Fiat,Grande Punto EVO 1.3 Active,12,6208.333333333333
Kolkata,2013,42000,Diesel,Manual,First,22.7,1582,126.24,5,5.85,Hyundai,Elantra CRDi SX,13,3230.769230769231
Delhi,2014,56510,Petrol,Manual,First,19.1,1197,85.8,5,3.9,Maruti,Swift Dzire LXI,12,4709.166666666667
Delhi,2009,88000,Diesel,Automatic,First,16.55,1968,140.0,5,7.98,Audi,A4 2.0 TDI Multitronic,17,5176.470588235294
Mumbai,2014,36631,Petrol,Automatic,First,16.5,1198,86.8,5,4.3,Honda,Brio VX AT,12,3052.5833333333335
Kolkata,2011,34000,Petrol,Manual,First,18.9,998,67.1,5,2.25,Maruti,Wagon R LXI BS IV,15,2266.6666666666665
Ahmedabad,2013,49000,Petrol,Manual,First,19.81,1086,68.05,5,3.2,Hyundai,i10 Magna 1.1,13,3769.230769230769
Hyderabad,2012,65254,Diesel,Manual,First,22.32,1582,126.32,5,6.55,Hyundai,Verna 1.6 SX,14,4661.0
Bangalore,2014,95000,Diesel,Manual,Second,22.32,1582,126.32,5,6.9,Hyundai,Verna 1.6 SX,12,7916.666666666667
Chennai,2009,83000,Diesel,Manual,First,23.2,1248,73.94,5,2.95,Maruti,Ritz VDi,17,4882.35294117647
Coimbatore,2017,101065,Diesel,Manual,First,20.5,1582,126.2,5,11.45,Hyundai,Creta 1.6 SX Option Diesel,9,11229.444444444445
Kochi,2017,15134,Petrol,Manual,First,21.4,1197,83.1,5,6.37,Maruti,Baleno Delta,9,1681.5555555555557
Jaipur,2011,72000,Diesel,Manual,First,22.32,1582,126.3,5,5.0,Hyundai,Verna 1.6 CRDI,15,4800.0
Chennai,2012,120000,Diesel,Manual,Second,22.3,1248,74.0,5,2.6,Tata,Indica Vista Quadrajet VX,14,8571.42857142857
Kolkata,2010,45000,Petrol,Manual,First,18.5,1197,80.0,5,1.9,Hyundai,i20 1.2 Magna,16,2812.5
Kochi,2015,54996,Diesel,Automatic,First,17.85,2967,300.0,4,60.95,Porsche,Panamera Diesel,11,4999.636363636364
Coimbatore,2017,22874,Petrol,Manual,First,15.1,1196,73.0,5,4.44,Maruti,Eeco Smiles 5 Seater AC,9,2541.5555555555557
Chennai,2012,58000,Diesel,Automatic,Second,22.69,1995,190.0,5,15.3,BMW,3 Series 320d Sport,14,4142.857142857143
Chennai,2016,86000,Diesel,Manual,Second,25.47,1248,88.5,7,8.2,Maruti,Ertiga VDI,10,8600.0
Ahmedabad,2014,69000,Petrol,Automatic,First,16.9,1197,81.86,5,5.25,Hyundai,Xcent 1.2 Kappa AT S Option,12,5750.0
Pune,2016,55001,Petrol,Automatic,Second,16.93,1197,103.2,5,8.5,Volkswagen,Vento 1.2 TSI Highline AT,10,5500.1
Chennai,2015,28000,Diesel,Automatic,First,15.73,1968,174.33,5,23.75,Audi,Q3 35 TDI Quattro Premium,11,2545.4545454545455
Delhi,2013,53213,Petrol,Manual,First,19.81,1086,68.05,5,2.74,Hyundai,i10 Magna 1.1,13,4093.3076923076924
Coimbatore,2016,44340,Diesel,Automatic,First,16.96,1968,138.03,5,13.83,Volkswagen,Jetta 2013-2015 2.0L TDI Highline AT,10,4434.0
Mumbai,2017,16900,Petrol,Manual,First,21.1,998,100.0,5,6.99,Maruti,Baleno RS 1.0 Petrol,9,1877.7777777777778
Jaipur,2009,57000,Petrol,Manual,First,19.81,1086,68.05,5,2.25,Hyundai,i10 Era,17,3352.9411764705883
Hyderabad,2013,83165,Diesel,Manual,First,12.8,2494,102.0,8,11.49,Toyota,Innova 2.5 G4 Diesel 8-seater,13,6397.307692307692
Coimbatore,2012,24735,Petrol,Manual,Second,18.6,1199,79.4,5,2.87,Chevrolet,Beat LT,14,1766.7857142857142
Kolkata,2005,65175,Diesel,Manual,First,12.8,2494,102.0,8,3.25,Toyota,Innova 2.5 G3,21,3103.5714285714284
Pune,2009,60000,Petrol,Manual,Second,9.8,2354,180.0,5,3.5,Honda,Accord 2.4 Inspire M/T,17,3529.4117647058824
Kochi,2017,60357,Diesel,Manual,First,25.32,1198,77.0,6,4.49,Mahindra,KUV 100 mFALCON D75 K4 Plus,9,6706.333333333333
Jaipur,2011,77000,Diesel,Manual,First,22.07,1199,73.9,5,2.9,Volkswagen,Polo Diesel Trendline 1.2L,15,5133.333333333333
Coimbatore,2014,85301,Petrol,Manual,First,12.4,1998,132.0,8,12.36,Toyota,Innova 2.0 GX 8 STR,12,7108.416666666667
Mumbai,2011,50000,Diesel,Automatic,First,11.79,2179,120.0,8,6.0,Mahindra,Scorpio VLX AT AIRBAG BSIV,15,3333.3333333333335
Chennai,2010,58000,Diesel,Automatic,First,16.46,2993,258.0,5,31.0,BMW,7 Series 730Ld Sedan,16,3625.0
Kolkata,2015,39000,Diesel,Manual,First,25.6,1498,98.6,5,5.49,Honda,City i-DTEC SV,11,3545.4545454545455
Coimbatore,2015,46190,Diesel,Manual,First,22.07,1199,73.9,5,5.86,Volkswagen,Polo Diesel Comfortline 1.2L,11,4199.090909090909
Mumbai,2015,83000,Diesel,Manual,First,16.0,2179,140.0,7,9.0,Mahindra,XUV500 W8 2WD,11,7545.454545454545
Jaipur,2016,33000,Petrol,Manual,First,16.09,1598,103.5,5,7.7,Volkswagen,Vento 1.6 Highline,10,3300.0
Coimbatore,2017,27279,Petrol,Manual,First,17.4,1497,117.3,5,9.47,Honda,City i VTEC V,9,3031.0
Bangalore,2014,53900,Diesel,Automatic,First,14.16,1968,174.3,5,29.0,Audi,Q5 2.0 TDI Premium Plus,12,4491.666666666667
Kochi,2012,63998,Petrol,Automatic,First,17.0,1497,118.0,5,5.42,Honda,City 1.5 V AT Exclusive,14,4571.285714285715
Coimbatore,2016,57932,Petrol,Manual,First,20.4,1197,81.8,5,6.39,Maruti,Swift VXI BSIV,10,5793.2
Jaipur,2015,25000,Petrol,Manual,First,22.74,796,47.3,5,2.75,Maruti,Alto 800 LXI,11,2272.7272727272725
Chennai,2011,169000,Diesel,Manual,First,20.0,1399,68.0,5,2.5,Ford,Figo Diesel Titanium,15,11266.666666666666
Delhi,2012,53000,Petrol,Manual,First,17.92,1086,62.1,5,2.35,Hyundai,Santro Xing GL Plus,14,3785.714285714286
Coimbatore,2015,43053,Petrol,Manual,First,18.9,998,67.1,5,4.65,Maruti,Wagon R VXI,11,3913.909090909091
Ahmedabad,2014,75000,Diesel,Manual,First,26.0,1498,98.6,5,6.0,Honda,City i DTEC SV,12,6250.0
Pune,2012,89000,Petrol,Manual,Second,16.8,1497,116.3,5,3.5,Honda,City V MT AVN,14,6357.142857142857
Hyderabad,2014,75578,Diesel,Manual,First,25.1,1498,98.6,5,7.0,Honda,City i DTEC VX,12,6298.166666666667
Bangalore,2014,46676,Petrol,Manual,First,17.0,1591,121.3,5,7.75,Hyundai,Verna VTVT 1.6 SX,12,3889.6666666666665
Kochi,2014,51349,Petrol,Manual,First,24.07,998,67.1,5,2.93,Maruti,Alto K10 LXI,12,4279.083333333333
Kolkata,2014,34233,Diesel,Automatic,First,14.21,2143,203.0,5,22.5,Mercedes-Benz,E-Class 2009-2013 E250 CDI Avantgarde,12,2852.75
Coimbatore,2014,39626,Diesel,Automatic,First,11.2,2993,241.0,4,40.66,BMW,X6 xDrive30d,12,3302.1666666666665
Pune,2008,82500,Petrol,Manual,First,14.0,1061,64.0,5,1.75,Maruti,Wagon R LXI BSIII,18,4583.333333333333
Hyderabad,2015,63000,Diesel,Manual,Second,19.72,1461,108.45,5,8.2,Renault,Duster RXZ AWD,11,5727.272727272727
Delhi,2011,77001,Diesel,Manual,First,12.05,2179,120.0,8,4.49,Mahindra,Scorpio VLX 2.2 mHawk Airbag BSIV,15,5133.4
Chennai,2016,43000,Diesel,Automatic,First,10.91,3198,197.2,7,26.5,Ford,Endeavour 3.2 Trend AT 4X4,10,4300.0
Hyderabad,2011,61111,Petrol,Manual,First,19.0,998,67.1,5,2.6,Maruti,Zen Estilo LXI BS IV,15,4074.0666666666666
Kolkata,2011,43000,Petrol,Manual,First,20.36,1197,78.9,5,2.49,Hyundai,i10 Asta,15,2866.6666666666665
Hyderabad,2013,47000,Petrol,Automatic,First,16.5,1198,86.8,5,5.4,Honda,Brio VX AT,13,3615.3846153846152
Jaipur,2017,34000,Petrol,Automatic,First,20.51,998,67.0,5,4.35,Maruti,Wagon R AMT VXI,9,3777.777777777778
Coimbatore,2018,22060,Diesel,Automatic,First,18.51,1968,147.51,5,32.73,Audi,Q3 30 TDI Premium FWD,8,2757.5
Chennai,2012,63000,Diesel,Automatic,First,0.0,2987,165.0,5,26.0,Mercedes-Benz,M-Class ML 350 4Matic,14,4500.0
Jaipur,2011,80000,Petrol,Manual,First,18.9,998,67.1,5,2.5,Maruti,Wagon R LXI,15,5333.333333333333
Kochi,2015,13506,Diesel,Automatic,First,18.25,1968,187.74,5,21.66,Audi,A4 35 TDI Premium Plus,11,1227.8181818181818
Mumbai,2016,16000,Petrol,Manual,First,25.17,799,53.3,5,2.99,Renault,KWID RXT Optional,10,1600.0
Kolkata,2016,31006,Petrol,Manual,First,24.7,796,47.3,5,2.61,Maruti,Alto 800 2016-2019 VXI,10,3100.6
Delhi,2013,91200,Diesel,Manual,First,12.99,2494,100.0,8,8.25,Toyota,Innova 2.5 GX (Diesel) 8 Seater,13,7015.384615384615
Pune,2015,43000,Petrol,Automatic,First,14.53,1794,138.1,5,12.5,Toyota,Corolla Altis 2008-2013 1.8 VL AT,11,3909.090909090909
Hyderabad,2015,45000,Diesel,Manual,First,25.83,1498,99.0,5,5.5,Ford,Figo 2015-2019 1.5D Titanium Plus MT,11,4090.909090909091
Coimbatore,2014,28637,Petrol,Manual,First,19.4,1198,86.8,5,5.53,Honda,Brio S MT,12,2386.4166666666665
Pune,2004,69870,Petrol,Manual,Second,14.2,1597,92.0,5,1.1,Ford,Ikon 1.6 ZXI NXt,22,3175.909090909091
Mumbai,2014,84000,Diesel,Manual,First,12.05,2179,120.0,7,6.85,Mahindra,Scorpio 2009-2014 LX 2WD 7S,12,7000.0
Coimbatore,2007,84143,Petrol,Manual,First,13.0,2987,210.0,5,17.09,Mercedes-Benz,S-Class 320 L,19,4428.578947368421
Delhi,2012,77000,Diesel,Manual,Second,12.05,2179,120.0,8,4.93,Mahindra,Scorpio SLE BSIV,14,5500.0
Ahmedabad,2012,75000,Diesel,Automatic,Second,12.39,2179,147.51,5,17.5,Land,Rover Freelander 2 SE,14,5357.142857142857
Delhi,2011,76155,Petrol,Manual,First,18.6,1199,79.4,5,1.95,Chevrolet,Beat LS,15,5077.0
Bangalore,2014,98000,Diesel,Manual,First,22.9,1248,74.0,5,6.1,Maruti,Swift ZDi,12,8166.666666666667
Mumbai,2008,48233,Petrol,Manual,Second,13.4,1794,125.0,5,1.8,Toyota,Corolla H2,18,2679.6111111111113
Bangalore,2015,63000,Diesel,Automatic,First,13.22,2967,241.4,5,34.5,Audi,Q5 3.0 TDI Quattro,11,5727.272727272727
Coimbatore,2015,34063,Petrol,Manual,First,21.1,814,55.2,5,4.01,Hyundai,EON Era Plus,11,3096.6363636363635
Kolkata,2013,32576,Petrol,Manual,First,19.5,1199,88.76,5,3.15,Honda,Amaze S Petrol,13,2505.846153846154
Mumbai,2015,28843,Petrol,Automatic,First,17.01,1499,110.5,5,5.49,Ford,Figo Aspire 1.5 Ti-VCT Titanium,11,2622.090909090909
Bangalore,2016,26000,Diesel,Automatic,Second,19.6,1461,108.45,5,10.0,Renault,Duster 110PS Diesel RxL AMT,10,2600.0
Kolkata,2013,39000,Petrol,Automatic,First,15.6,1497,116.3,5,4.55,Honda,City V AT,13,3000.0
Mumbai,2010,66000,Petrol,Manual,First,19.7,796,46.3,5,1.5,Maruti,Alto LXi,16,4125.0
Kolkata,2011,38002,Petrol,Manual,First,20.36,1197,78.9,5,2.15,Hyundai,i10 Magna 1.2,15,2533.4666666666667
Chennai,2010,49000,Petrol,Manual,Second,18.0,995,62.0,5,1.4,Chevrolet,Spark 1.0 LS,16,3062.5
Bangalore,2014,52000,Diesel,Manual,First,21.14,1498,103.6,5,6.2,Skoda,Rapid 1.5 TDI Ambition Plus,12,4333.333333333333
Mumbai,2013,56500,Diesel,Automatic,First,17.68,1968,174.33,5,19.8,Audi,A6 2011-2015 2.0 TDI Premium Plus,13,4346.153846153846
Mumbai,2015,20568,Petrol,Manual,First,18.7,1199,88.7,5,5.6,Honda,Jazz 1.2 V i VTEC,11,1869.8181818181818
Mumbai,2015,26000,Petrol,Manual,First,15.29,1591,121.3,5,9.5,Hyundai,Creta 1.6 SX Plus Dual Tone Petrol,11,2363.6363636363635
Delhi,2012,56000,Petrol,Manual,First,18.6,1199,79.4,5,2.21,Chevrolet,Beat LS,14,4000.0
Coimbatore,2017,27509,Petrol,Manual,First,22.7,799,53.64,5,3.31,Datsun,redi-GO T Option,9,3056.5555555555557
Kochi,2016,36216,Petrol,Manual,First,19.1,1197,81.86,5,5.44,Hyundai,Xcent 1.2 Kappa S Option,10,3621.6
Kolkata,2009,28888,Petrol,Automatic,First,10.0,2496,157.7,5,7.56,Mercedes-Benz,E-Class 230 E AT,17,1699.2941176470588
Jaipur,2011,120000,Diesel,Manual,Second,22.9,1248,74.0,5,3.2,Maruti,Swift ZDi,15,8000.0
Kochi,2018,31396,Petrol,Manual,First,23.1,998,67.04,5,5.53,Maruti,Celerio ZXI,8,3924.5
Hyderabad,2015,79000,Diesel,Automatic,First,19.3,1968,141.0,5,17.0,Skoda,Octavia Elegance 2.0 TDI AT,11,7181.818181818182
Delhi,2010,62000,Petrol,Automatic,First,16.8,1497,118.0,5,3.55,Honda,City 1.5 V AT,16,3875.0
Chennai,2006,120000,Petrol,Automatic,Second,9.0,2997,218.0,5,2.65,Honda,Accord V6 AT,20,6000.0
Mumbai,2016,53000,Petrol,Automatic,First,14.67,1798,177.46,5,17.85,Skoda,Superb Style 1.8 TSI AT,10,5300.0
Coimbatore,2010,124313,Diesel,Manual,First,12.99,2494,100.6,8,7.96,Toyota,Innova 2.5 G (Diesel) 8 Seater,16,7769.5625
Pune,2015,26725,Petrol,Automatic,First,23.1,998,67.04,5,4.25,Maruti,Celerio VXI AT,11,2429.5454545454545
Kolkata,2014,45617,Diesel,Manual,First,20.77,1248,88.76,7,5.85,Maruti,Ertiga VDI,12,3801.4166666666665
Mumbai,2013,37000,Diesel,Automatic,First,20.0,2143,107.3,5,13.0,Mercedes-Benz,A Class A180 CDI,13,2846.153846153846
Kochi,2010,109147,Diesel,Manual,First,14.0,2498,112.0,8,2.65,Mahindra,Xylo E2,16,6821.6875
Ahmedabad,2014,59000,Diesel,Manual,First,25.8,1498,98.6,5,4.75,Honda,Amaze E i-Dtech,12,4916.666666666667
Pune,2015,28000,Petrol,Manual,First,25.17,799,53.3,5,2.65,Renault,KWID RXT,11,2545.4545454545455
Pune,2017,4700,Petrol,Manual,First,25.17,799,53.3,5,3.0,Renault,KWID RXT,9,522.2222222222222
Coimbatore,2014,72469,Diesel,Automatic,First,12.07,2967,241.4,7,32.52,Audi,Q7 3.0 TDI Quattro Premium Plus,12,6039.083333333333
Pune,2014,57539,Diesel,Automatic,First,22.32,1582,126.32,5,7.75,Hyundai,Verna 1.6 SX CRDI (O) AT,12,4794.916666666667
Delhi,2016,42000,Diesel,Automatic,First,11.36,2755,171.5,7,19.6,Toyota,Innova Crysta 2.8 ZX AT,10,4200.0
Delhi,2010,62489,Petrol,Manual,First,17.0,1197,80.0,5,2.6,Hyundai,i20 Sportz Option,16,3905.5625
Mumbai,2013,51167,Petrol,Manual,First,16.47,1198,73.9,5,3.76,Volkswagen,Polo Petrol Comfortline 1.2L,13,3935.923076923077
Chennai,2012,130000,Diesel,Manual,First,20.54,1598,103.6,5,4.75,Volkswagen,Vento Diesel Trendline,14,9285.714285714286
Mumbai,2007,63000,Petrol,Manual,Second,17.7,1497,78.0,5,1.75,Honda,City ZX GXi,19,3315.7894736842104
Bangalore,2011,60000,Petrol,Manual,First,16.2,1599,103.2,5,3.95,Hyundai,Verna Transform Xxi ABS,15,4000.0
Pune,2005,123200,Petrol,Manual,Second,13.2,1495,94.0,5,1.0,Hyundai,Accent GLE,21,5866.666666666667
Jaipur,2011,115692,Diesel,Automatic,First,20.0,1968,138.1,5,4.5,Skoda,Laura Ambiente 2.0 TDI CR AT,15,7712.8
Coimbatore,2011,87073,Petrol,Automatic,First,10.93,2497,204.0,5,17.23,Mercedes-Benz,E-Class 2009-2013 E 250 Elegance,15,5804.866666666667
Kochi,2015,40901,Petrol,Manual,First,18.6,1197,81.83,5,5.76,Hyundai,i20 Sportz 1.2,11,3718.2727272727275
Coimbatore,2013,36264,Petrol,Manual,First,20.36,1197,78.9,5,4.32,Hyundai,i10 Magna 1.2,13,2789.5384615384614
Delhi,2009,60000,Petrol,Manual,Second,19.81,1086,68.05,5,1.9,Hyundai,i10 Magna 1.1L,17,3529.4117647058824
Pune,2018,20000,Petrol,Manual,First,17.0,1198,74.0,5,5.5,Volkswagen,Ameo 1.2 MPI Anniversary Edition,8,2500.0
Mumbai,2014,68400,Petrol,Automatic,First,12.98,2494,178.4,5,13.5,Toyota,Camry 2.5 G,12,5700.0
Bangalore,2013,71231,Diesel,Manual,Second,16.0,2179,140.0,7,9.75,Mahindra,XUV500 W8 2WD,13,5479.307692307692
Hyderabad,2011,75000,Diesel,Automatic,First,17.2,1968,138.1,5,9.44,Skoda,Superb Elegance 2.0 TDI CR AT,15,5000.0
Mumbai,2018,1997,Petrol,Automatic,First,22.5,998,67.0,5,4.45,Maruti,Wagon R VXI AMT,8,249.625
Pune,2016,47300,Diesel,Manual,First,24.3,1248,88.5,5,8.85,Maruti,Vitara Brezza ZDi Plus Dual Tone,10,4730.0
Delhi,2012,61449,Petrol,Manual,First,0.0,1086,62.0,5,2.15,Hyundai,Santro Xing GL,14,4389.214285714285
Kochi,2013,47910,Diesel,Manual,First,20.54,1598,103.6,5,4.89,Volkswagen,Vento Diesel Comfortline,13,3685.3846153846152
Hyderabad,2015,62000,Diesel,Manual,First,20.14,1498,88.8,5,6.25,Volkswagen,Polo 1.5 TDI Highline,11,5636.363636363636
Chennai,2012,65060,Diesel,Manual,First,22.9,1248,74.0,5,4.8,Maruti,Swift ZDi,14,4647.142857142857
Jaipur,2008,82203,Petrol,Manual,First,19.81,1086,68.05,5,1.8,Hyundai,i10 Era 1.1,18,4566.833333333333
Kolkata,2013,44000,Diesel,Manual,First,16.0,2179,140.0,7,7.25,Mahindra,XUV500 W8 2WD,13,3384.6153846153848
Coimbatore,2014,53817,Diesel,Manual,First,25.47,1248,88.5,7,7.56,Maruti,Ertiga VDI,12,4484.75
Kochi,2013,61591,Diesel,Manual,First,16.0,2179,140.0,7,6.82,Mahindra,XUV500 W8 2WD,13,4737.7692307692305
Jaipur,2011,86500,Diesel,Manual,Second,21.12,1248,88.8,5,1.8,Tata,Manza Aura Quadrajet BS IV,15,5766.666666666667
Pune,2009,100000,Diesel,Automatic,First,11.0,2987,198.5,5,11.5,Mercedes-Benz,E-Class 280 CDI,17,5882.35294117647
Chennai,2010,87000,Petrol,Manual,First,15.6,1586,104.68,5,2.8,Maruti,SX4 Zxi with Leather BSIII,16,5437.5
Hyderabad,2016,35000,Petrol,Automatic,First,20.51,998,67.0,5,5.5,Maruti,Wagon R AMT VXI,10,3500.0
Kolkata,2016,6000,Petrol,Manual,First,20.63,1198,67.06,5,2.7,Datsun,GO NXT,10,600.0
Jaipur,2014,59327,Diesel,Manual,First,20.0,1399,68.0,5,3.25,Ford,Figo Diesel ZXI,12,4943.916666666667
Coimbatore,2014,81001,Diesel,Automatic,First,17.2,1968,138.1,5,10.9,Skoda,Superb Elegance 2.0 TDI CR AT,12,6750.083333333333
Kochi,2014,44612,Petrol,Manual,First,18.5,1197,80.0,5,4.07,Hyundai,i20 1.2 Magna,12,3717.6666666666665
Ahmedabad,2016,42388,Diesel,Automatic,First,11.36,2755,171.5,7,18.0,Toyota,Innova Crysta 2.8 ZX AT,10,4238.8
Mumbai,2012,54000,Petrol,Manual,First,19.4,1198,86.8,5,2.95,Honda,Brio V MT,14,3857.1428571428573
Mumbai,2011,83010,Diesel,Automatic,First,17.2,1968,138.1,5,7.5,Skoda,Superb Elegance 2.0 TDI CR AT,15,5534.0
Coimbatore,2016,65405,Diesel,Automatic,First,13.0,2143,204.0,5,32.73,Mercedes-Benz,E-Class 2015-2017 E250 CDI Avantgarde,10,6540.5
Delhi,2015,36000,Diesel,Automatic,Second,12.55,2982,168.7,7,21.5,Toyota,Fortuner 4x2 AT TRD Sportivo,11,3272.7272727272725
Pune,2008,85000,Petrol,Manual,First,16.51,1586,103.2,5,2.5,Maruti,SX4 ZXI MT BSIV,18,4722.222222222223
Ahmedabad,2016,35000,Diesel,Manual,First,27.3,1498,98.6,5,5.5,Honda,Jazz 1.5 V i DTEC,10,3500.0
Mumbai,2012,54000,Petrol,Automatic,First,14.53,1794,138.1,5,7.5,Toyota,Corolla Altis 2008-2013 1.8 VL AT,14,3857.1428571428573
Mumbai,2007,70000,Petrol,Manual,First,16.9,1497,100.0,5,1.55,Honda,City ZX VTEC,19,3684.2105263157896
Kolkata,2017,27001,Diesel,Automatic,First,20.68,1995,190.0,5,29.0,BMW,X1 xDrive 20d M Sport,9,3000.1111111111113
Coimbatore,2019,41075,Diesel,Manual,First,28.4,1248,74.0,5,8.4,Maruti,Swift DDiS VDI,7,5867.857142857143
Hyderabad,2016,26000,Diesel,Manual,First,25.32,1198,77.0,6,6.5,Mahindra,KUV 100 mFALCON D75 K8,10,2600.0
Mumbai,2010,55000,Petrol,Manual,First,16.0,1198,90.0,5,2.35,Honda,Jazz Mode,16,3437.5
Mumbai,2016,19000,Petrol,Manual,First,20.4,1197,81.8,5,5.55,Maruti,Swift ZXI,10,1900.0
Mumbai,2016,15000,Petrol,Automatic,First,18.9,1197,82.0,5,5.35,Hyundai,Grand i10 Asta Option AT,10,1500.0
Chennai,2016,37000,Petrol,Manual,First,17.8,1198,86.7,5,5.25,Honda,Amaze SX i-VTEC,10,3700.0
Coimbatore,2017,38712,Petrol,Manual,First,18.9,1197,81.86,5,5.87,Hyundai,Grand i10 1.2 Kappa Sportz,9,4301.333333333333
Kochi,2014,52400,Diesel,Manual,First,20.54,1598,103.6,5,5.36,Volkswagen,Vento Diesel Comfortline,12,4366.666666666667
Bangalore,2016,23988,Diesel,Manual,First,28.09,1248,88.5,5,7.75,Maruti,Ciaz 1.3 S,10,2398.8
Kochi,2014,32283,Petrol,Automatic,Second,14.4,1598,103.6,5,5.41,Volkswagen,Vento Petrol Highline AT,12,2690.25
Bangalore,2010,52000,Petrol,Manual,First,18.5,1197,80.0,5,3.65,Hyundai,i20 1.2 Magna,16,3250.0
Pune,2016,32000,Petrol,Automatic,First,16.5,1198,86.8,5,5.25,Honda,Brio VX AT,10,3200.0
Kolkata,2014,39000,Petrol,Manual,First,17.4,1497,117.3,5,6.25,Honda,City i VTEC VX,12,3250.0
Coimbatore,2017,14149,Petrol,Manual,First,23.9,624,37.48,4,3.47,Tata,Nano XT,9,1572.111111111111
Mumbai,2006,103000,Petrol,Automatic,First,10.13,3498,364.9,5,8.85,Mercedes-Benz,S Class 2005 2013 S 350 L,20,5150.0
Pune,2004,82000,Petrol,Manual,First,14.0,1061,64.0,5,0.85,Maruti,Wagon R LXI BSIII,22,3727.2727272727275
Mumbai,2015,34000,Petrol,Automatic,First,13.7,1798,157.75,5,13.65,Skoda,Superb Elegance 1.8 TSI AT,11,3090.909090909091
Coimbatore,2016,45180,Diesel,Automatic,First,12.07,2967,241.4,7,50.22,Audi,Q7 35 TDI Quattro Technology,10,4518.0
Ahmedabad,2018,2000,Petrol,Manual,First,22.0,1197,81.8,5,7.75,Maruti,Swift ZXI Plus,8,250.0
Coimbatore,2011,82321,Diesel,Manual,First,12.8,2494,102.0,7,10.05,Toyota,Innova 2.5 G4 Diesel 7-seater,15,5488.066666666667
Kolkata,2011,7000,Petrol,Automatic,First,12.05,1995,154.0,5,9.75,BMW,3 Series 320i Sedan,15,466.6666666666667
Delhi,2015,27000,Diesel,Automatic,First,17.9,2143,136.0,5,23.0,Mercedes-Benz,GLA Class 200 CDI SPORT,11,2454.5454545454545
Coimbatore,2019,31271,Diesel,Manual,First,13.68,2393,147.8,8,21.42,Toyota,Innova Crysta 2.4 VX MT 8S,7,4467.285714285715
Jaipur,2003,55000,Petrol,Manual,Third,15.9,1298,113.27689373297004,5,0.7,Maruti,Esteem LX BSII,23,2391.304347826087
Delhi,2014,24000,Diesel,Manual,First,25.2,1248,74.0,5,5.21,Maruti,Swift VDI BSIV,12,2000.0
Hyderabad,2009,147000,Diesel,Manual,First,12.99,2494,100.6,7,7.5,Toyota,Innova 2.5 GX (Diesel) 7 Seater,17,8647.058823529413
Delhi,2012,72351,Diesel,Manual,First,23.59,1364,113.27689373297004,5,2.65,Toyota,Etios Liva GD,14,5167.928571428572
Chennai,2010,115000,Petrol,Manual,First,18.6,1199,79.4,5,1.75,Chevrolet,Beat LT,16,7187.5
Jaipur,2010,82000,Diesel,Manual,Second,13.8,1399,68.0,5,1.0,Ford,Ikon 1.4 TDCi DuraTorq,16,5125.0
Delhi,2016,20000,Diesel,Automatic,First,19.27,2143,170.0,5,33.0,Mercedes-Benz,New C-Class C 220 CDI Avantgarde,10,2000.0
Kolkata,2011,45560,Petrol,Manual,First,17.6,1496,88.73,5,2.2,Toyota,Etios G,15,3037.3333333333335
Kochi,2017,57539,Diesel,Manual,First,12.8,2494,102.0,7,12.83,Toyota,Innova 2.5 GX (Diesel) 7 Seater BS IV,9,6393.222222222223
Kochi,2018,20004,Diesel,Automatic,First,17.54,2993,313.0,4,68.94,BMW,6 Series Gran Coupe,8,2500.5
Mumbai,2012,54500,Diesel,Manual,First,21.13,1498,108.4,5,4.1,Skoda,Rapid 1.5 TDI Ambition,14,3892.8571428571427
Jaipur,2016,27886,Petrol,Manual,First,22.0,814,55.0,5,2.85,Hyundai,EON Magna,10,2788.6
Mumbai,2007,66000,Petrol,Automatic,First,11.1,2354,158.8,5,3.7,Honda,CR-V 2.4L 4WD AT,19,3473.684210526316
Coimbatore,2013,72202,Diesel,Automatic,First,20.0,1968,138.1,5,9.06,Skoda,Laura Elegance 2.0 TDI CR AT,13,5554.0
Delhi,2011,70000,Petrol,Manual,Second,13.4,1798,157.8,5,4.75,Skoda,Laura RS,15,4666.666666666667
Jaipur,2015,78233,Diesel,Manual,First,26.0,1498,98.6,5,6.6,Honda,City i DTec S,11,7112.090909090909
Chennai,2007,120203,Diesel,Manual,Second,13.93,2179,138.0,7,3.5,Tata,New Safari 4X4 EX,19,6326.473684210527
Pune,2011,20575,Petrol,Manual,First,19.0,998,67.1,5,2.0,Maruti,Zen Estilo LXI BS IV,15,1371.6666666666667
Mumbai,2013,39879,Petrol,Manual,First,17.8,1198,86.7,5,3.89,Honda,Amaze S i-VTEC,13,3067.6153846153848
Jaipur,2017,31056,Petrol,Manual,First,23.01,999,67.0,5,3.6,Renault,KWID 1.0 RXL,9,3450.6666666666665
Mumbai,2015,50940,Petrol,Automatic,First,19.12,1373,91.1,5,6.95,Maruti,Ciaz AT ZXi,11,4630.909090909091
Coimbatore,2016,99362,Diesel,Manual,First,22.54,1396,88.73,5,7.03,Hyundai,i20 Asta Option 1.4 CRDi,10,9936.2
Ahmedabad,2016,54000,Diesel,Manual,First,13.68,2393,147.8,7,16.5,Toyota,Innova Crysta 2.4 ZX MT,10,5400.0
Coimbatore,2016,54268,Diesel,Manual,First,28.09,1248,88.5,5,7.67,Maruti,Ciaz ZDi Plus SHVS,10,5426.8
Coimbatore,2012,94521,Diesel,Automatic,First,14.74,2993,270.9,5,23.19,Jaguar,XF Diesel,14,6751.5
Kochi,2017,38932,Petrol,Manual,First,19.1,1197,82.0,5,6.21,Hyundai,Xcent 1.2 Kappa S,9,4325.777777777777
Coimbatore,2015,60395,Diesel,Automatic,First,16.12,2967,245.0,5,45.82,Porsche,Cayenne Diesel,11,5490.454545454545
Mumbai,2016,29000,Diesel,Manual,First,24.4,1120,71.0,5,5.95,Hyundai,Xcent 1.1 CRDi S,10,2900.0
Delhi,2011,58000,Diesel,Automatic,First,16.55,1968,140.0,5,11.0,Audi,A4 2.0 TDI Multitronic,15,3866.6666666666665
Coimbatore,2016,60913,Petrol,Manual,First,20.73,1373,91.1,5,7.19,Maruti,Ciaz RS ZXi Plus,10,6091.3
Delhi,2011,65000,Diesel,Manual,First,12.8,2494,102.0,8,6.4,Toyota,Innova 2.5 G4 Diesel 8-seater,15,4333.333333333333
Chennai,2015,26000,Diesel,Manual,First,15.8,2148,170.0,5,26.0,Mercedes-Benz,New C-Class 220 CDI MT,11,2363.6363636363635
Hyderabad,2016,19947,Petrol,Manual,First,20.36,1197,78.9,5,4.5,Hyundai,i10 Sportz,10,1994.7
Chennai,2011,70816,Petrol,Automatic,First,16.95,1197,78.9,5,3.1,Hyundai,i10 Sportz 1.2 AT,15,4721.066666666667
Delhi,2015,54000,Diesel,Manual,First,27.39,1248,74.0,5,5.95,Maruti,Baleno Zeta 1.3,11,4909.090909090909
Delhi,2008,138000,Petrol,Manual,First,18.2,1061,64.0,5,1.2,Maruti,Zen Estilo 1.1 VXI BSIII,18,7666.666666666667
Chennai,2014,35000,Diesel,Automatic,First,16.46,2993,258.0,5,52.0,BMW,7 Series 730Ld,12,2916.6666666666665
Bangalore,2015,50000,Diesel,Automatic,First,11.33,4134,335.2,7,48.0,Audi,Q7 4.2 TDI Quattro Technology,11,4545.454545454545
Hyderabad,2011,124652,Diesel,Automatic,First,11.7,2993,245.0,5,21.99,BMW,X5 xDrive 30d,15,8310.133333333333
Hyderabad,2013,80264,Petrol,Manual,First,21.1,1197,85.8,5,4.3,Maruti,Ritz LXI,13,6174.153846153846
Pune,2013,125600,Diesel,Manual,First,21.64,1461,84.8,5,3.75,Nissan,Sunny 2011-2014 Diesel XL,13,9661.538461538461
Mumbai,2015,49000,Petrol,Manual,First,14.28,1798,138.03,5,8.95,Toyota,Corolla Altis 1.8 Limited Edition,11,4454.545454545455
Pune,2012,111000,Diesel,Manual,First,23.59,1364,67.1,5,4.75,Toyota,Etios VXD,14,7928.571428571428
Coimbatore,2016,33690,Petrol,Manual,First,14.28,1798,138.03,5,14.6,Toyota,Corolla Altis GL MT,10,3369.0
Mumbai,2012,50000,Diesel,Automatic,First,17.68,1968,174.33,5,17.5,Audi,A6 2011-2015 2.0 TDI Premium Plus,14,3571.4285714285716
Kolkata,2012,38092,Diesel,Manual,First,20.77,1248,88.8,7,5.2,Maruti,Ertiga ZDI,14,2720.8571428571427
Coimbatore,2017,47774,Petrol,Manual,First,18.9,1197,82.0,5,6.04,Hyundai,Grand i10 Sportz,9,5308.222222222223
Chennai,2009,167000,Diesel,Manual,Second,19.09,1396,69.0,5,2.7,Tata,Indigo CS LX (TDI) BS III,17,9823.529411764706
Chennai,2019,65000,Diesel,Automatic,First,26.59,1248,74.0,5,6.75,Maruti,Swift Dzire AMT ZDI,7,9285.714285714286
Kolkata,2011,46000,Petrol,Manual,First,15.26,1598,103.5,5,2.35,Volkswagen,Polo Petrol Highline 1.6L,15,3066.6666666666665
Hyderabad,2017,16500,Petrol,Manual,First,23.84,1199,84.0,5,5.0,Tata,Tiago 1.2 Revotron XZ WO Alloy,9,1833.3333333333333
Kolkata,2016,39000,Petrol,Manual,First,17.8,1497,117.3,5,6.95,Honda,City i VTEC VX,10,3900.0
Jaipur,2018,6000,Petrol,Manual,First,19.5,1199,86.76,5,6.7,Honda,Amaze V Petrol,8,750.0
Hyderabad,2015,60000,Diesel,Automatic,First,17.11,1968,174.33,5,25.0,Audi,A4 35 TDI Premium,11,5454.545454545455
Chennai,2011,97320,Petrol,Automatic,First,14.4,1598,103.6,5,3.75,Volkswagen,Vento Petrol Highline AT,15,6488.0
Chennai,2011,99807,Diesel,Manual,First,20.54,1598,103.6,5,3.75,Volkswagen,Vento Diesel Trendline,15,6653.8
Pune,2013,46000,Petrol,Manual,First,17.0,1497,118.0,5,5.1,Honda,City 1.5 S MT,13,3538.4615384615386
Mumbai,2010,12000,Petrol,Manual,First,22.5,998,67.04,5,2.45,Maruti,Wagon R LXI,16,750.0
Kolkata,2005,13002,Petrol,Automatic,First,9.3,2771,193.1,5,3.25,Skoda,Superb 2.8 V6 AT,21,619.1428571428571
Kolkata,2014,26000,Diesel,Manual,First,26.0,1498,98.6,5,5.5,Honda,City i DTEC SV,12,2166.6666666666665
Kochi,2014,68365,CNG,Manual,First,26.6,998,58.16,5,3.77,Maruti,Wagon R LXI CNG,12,5697.083333333333
Coimbatore,2016,27833,Diesel,Automatic,First,0.0,2987,165.0,5,49.24,Mercedes-Benz,M-Class ML 350 4Matic,10,2783.3
Kochi,2016,51639,Petrol,Manual,First,22.74,796,47.3,5,3.04,Maruti,Alto 800 LXI,10,5163.9
Delhi,2015,21000,Petrol,Manual,First,18.6,1197,81.83,5,4.9,Hyundai,i20 Magna 1.2,11,1909.090909090909
Bangalore,2013,90000,Diesel,Manual,First,22.7,1498,89.84,5,6.25,Ford,Ecosport 1.5 DV5 MT Trend,13,6923.076923076923
Hyderabad,2015,36255,Diesel,Automatic,First,19.59,1995,184.0,5,33.0,BMW,3 Series GT 320d Luxury Line,11,3295.909090909091
Chennai,2011,58000,Diesel,Automatic,Second,11.7,2993,245.0,5,27.0,BMW,X5 xDrive 30d,15,3866.6666666666665
Coimbatore,2014,48997,Petrol,Manual,Second,18.0,1198,86.7,5,5.21,Honda,Amaze S i-Vtech,12,4083.0833333333335
Mumbai,2014,31130,Petrol,Manual,First,15.85,1499,110.4,5,5.75,Ford,EcoSport 1.5 Ti VCT MT Titanium,12,2594.1666666666665
Coimbatore,2012,75668,Diesel,Automatic,First,14.74,2993,270.9,5,16.58,Jaguar,XF 3.0 Litre S Premium Luxury,14,5404.857142857143
Delhi,2015,12000,Petrol,Manual,First,14.53,1798,138.0,5,11.0,Toyota,Corolla 1.8 J,11,1090.909090909091
Pune,2014,90000,Petrol,Manual,Second,20.36,1197,78.9,5,2.8,Hyundai,i10 Sportz,12,7500.0
Kochi,2019,17320,Diesel,Automatic,First,15.8,2148,170.0,5,37.99,Mercedes-Benz,New C-Class C220 CDI Executive Edition,7,2474.285714285714
Delhi,2011,85000,Diesel,Manual,Second,20.0,1968,108.5,5,3.65,Skoda,Laura Ambiente 2.0 TDI CR MT,15,5666.666666666667
Hyderabad,2007,130000,Diesel,Manual,First,13.1,2499,141.0,7,6.0,Ford,Endeavour 4x2 XLT,19,6842.105263157895
Coimbatore,2013,60328,Petrol,Manual,First,15.6,1196,70.0,5,4.54,Ford,Figo Petrol EXI,13,4640.615384615385
Kochi,2015,34327,Petrol,Manual,First,18.0,1198,86.7,5,5.4,Honda,Amaze S i-Vtech,11,3120.6363636363635
Mumbai,2014,75000,Diesel,Manual,First,19.1,1405,70.0,5,3.3,Tata,Indica Vista TDI LS,12,6250.0
Hyderabad,2012,86000,Diesel,Automatic,Second,14.7,1985,163.0,5,18.25,Volvo,XC60 D4 Summum,14,6142.857142857143
Bangalore,2017,12000,Petrol,Manual,First,22.7,799,53.0,5,3.1,Datsun,Redi GO Sport,9,1333.3333333333333
Kochi,2013,57759,Petrol,Manual,First,21.1,814,55.2,5,3.84,Hyundai,EON Era Plus,13,4443.0
Kolkata,2016,24300,Petrol,Manual,First,22.74,796,47.3,5,2.44,Maruti,Alto 800 VXI,10,2430.0
Bangalore,2011,66000,Petrol,Manual,Second,16.47,1198,73.9,5,3.6,Volkswagen,Polo Petrol Trendline 1.2L,15,4400.0
Mumbai,2015,75915,Petrol,Manual,First,20.36,1197,78.9,5,3.9,Hyundai,i10 Asta,11,6901.363636363636
Chennai,2013,107000,Petrol,Manual,Second,16.95,1498,97.7,5,2.9,Nissan,Sunny 2011-2014 XL,13,8230.76923076923
Chennai,2008,86000,Petrol,Manual,Second,14.53,1798,138.1,5,3.5,Toyota,Corolla Altis G,18,4777.777777777777
Chennai,2009,160000,Diesel,Manual,Second,18.1,1493,110.0,5,3.5,Hyundai,Verna CRDi ABS,17,9411.764705882353
Jaipur,2019,3000,Petrol,Manual,First,24.7,796,47.3,5,3.5,Maruti,Alto 800 2016-2019 LXI Optional,7,428.57142857142856
Hyderabad,2015,72495,Diesel,Manual,First,21.9,1396,88.76,5,7.0,Hyundai,i20 Sportz 1.4 CRDi,11,6590.454545454545
Chennai,2016,33000,Diesel,Automatic,First,19.08,1582,126.2,5,8.7,Hyundai,Verna 1.6 CRDi AT S,10,3300.0
Hyderabad,2014,60000,Diesel,Automatic,First,12.07,2967,241.4,7,45.0,Audi,Q7 3.0 TDI Quattro Technology,12,5000.0
Hyderabad,2016,80103,Diesel,Manual,First,25.0,1396,69.0,5,1.8,Tata,Indica V2 eLS,10,8010.3
Kolkata,2007,42100,Petrol,Manual,First,18.0,995,62.0,5,0.99,Chevrolet,Spark 1.0 LS,19,2215.7894736842104
Kolkata,2018,4500,Petrol,Manual,First,18.9,1197,81.86,5,4.8,Hyundai,Grand i10 1.2 Kappa Magna,8,562.5
Mumbai,2014,97000,Diesel,Manual,First,12.55,2982,169.0,7,17.95,Toyota,Fortuner 4x4 MT TRD Sportivo,12,8083.333333333333
Kochi,2017,51223,Petrol,Manual,First,18.9,1197,81.86,5,5.66,Hyundai,Grand i10 1.2 Kappa Asta,9,5691.444444444444
Delhi,2009,64000,Petrol,Manual,First,17.0,1497,118.0,5,3.1,Honda,City 1.5 S MT,17,3764.705882352941
Kochi,2016,56911,Petrol,Manual,First,18.6,1197,81.86,5,6.54,Hyundai,Elite i20 Petrol Asta,10,5691.1
Hyderabad,2015,147848,Diesel,Manual,First,12.8,2494,102.0,8,13.2,Toyota,Innova 2.5 G4 Diesel 8-seater,11,13440.727272727272
Kochi,2018,21290,Petrol,Automatic,First,13.0,4951,395.0,4,56.8,Ford,Mustang V8,8,2661.25
Kochi,2019,14076,Diesel,Automatic,First,11.36,2755,171.5,7,19.4,Toyota,Innova Crysta 2.8 GX AT,7,2010.857142857143
Ahmedabad,2007,75180,Petrol,Manual,First,18.2,1061,64.0,5,1.65,Maruti,Zen Estilo 1.1 VXI BSIII,19,3956.842105263158
Jaipur,2013,92000,Diesel,Manual,Second,22.9,1248,74.0,5,4.35,Maruti,Swift ZDi,13,7076.923076923077
Hyderabad,2015,57266,Diesel,Manual,First,20.5,1248,91.72,5,6.5,Fiat,Avventura MULTIJET Emotion,11,5206.0
Delhi,2007,64000,Petrol,Manual,First,18.2,998,67.1,5,1.11,Maruti,Zen Estilo VXI BSIII,19,3368.4210526315787
Mumbai,2013,41000,Diesel,Manual,First,19.87,1461,83.8,5,5.5,Renault,Duster 85PS Diesel RxL,13,3153.846153846154
Delhi,2012,45999,Diesel,Manual,First,10.5,2835,107.2,6,11.0,Mitsubishi,Pajero 2.8 SFX,14,3285.6428571428573
Pune,2015,50000,Petrol,Automatic,First,23.1,998,67.04,5,3.9,Maruti,Celerio VXI AT,11,4545.454545454545
Pune,2013,70000,Diesel,Manual,First,17.88,1405,48.21,5,1.8,Tata,Indica V2 DLS BSIII,13,5384.615384615385
Kochi,2016,37540,Petrol,Manual,First,18.6,1197,81.86,5,6.22,Hyundai,Elite i20 Petrol Asta,10,3754.0
Hyderabad,2014,44000,Petrol,Automatic,First,23.1,998,67.04,5,4.3,Maruti,Celerio VXI AT,12,3666.6666666666665
Hyderabad,2017,22500,Petrol,Manual,First,18.9,1197,81.86,5,5.99,Hyundai,Grand i10 1.2 Kappa Asta,9,2500.0
Delhi,2017,17431,Petrol,Manual,First,18.6,1197,81.83,5,6.0,Hyundai,i20 1.2 Magna Executive,9,1936.7777777777778
Delhi,2014,61566,Petrol,Manual,First,17.1,1591,121.3,5,5.85,Hyundai,Verna 1.6 SX VTVT (O),12,5130.5
Kochi,2014,61730,Diesel,Automatic,First,12.39,2179,147.51,5,19.94,Land,Rover Freelander 2 SE,12,5144.166666666667
Chennai,2009,68000,Petrol,Manual,First,16.1,1298,88.2,5,2.9,Maruti,Swift VXI BSIII,17,4000.0
Mumbai,2014,29000,Petrol,Manual,First,18.0,1198,86.7,5,4.25,Honda,Amaze SX i-VTEC,12,2416.6666666666665
Hyderabad,2010,156210,Diesel,Manual,First,21.43,1364,87.2,5,5.99,Toyota,Corolla Altis Diesel D4DG,16,9763.125
Kolkata,2013,46500,Diesel,Manual,First,27.4,1498,98.6,5,3.3,Honda,Amaze S Diesel,13,3576.923076923077
Coimbatore,2009,52830,Diesel,Automatic,Second,16.77,2967,241.38,5,8.08,Audi,A6 3.0 TDI quattro,17,3107.6470588235293
Jaipur,2017,39867,Petrol,Manual,First,22.5,998,67.04,5,4.5,Maruti,Wagon R VXI,9,4429.666666666667
Hyderabad,2014,58972,Diesel,Manual,First,24.2,1498,98.6,7,6.5,Honda,Mobilio E i DTEC,12,4914.333333333333
Bangalore,2006,66000,Petrol,Automatic,Second,10.1,2354,152.0,5,3.9,Honda,CR-V 2.4 4WD AT,20,3300.0
Delhi,2013,52000,Petrol,Manual,First,17.1,1591,121.3,5,5.25,Hyundai,Verna 1.6 SX VTVT (O),13,4000.0
Bangalore,2014,58000,Diesel,Automatic,First,11.72,2199,194.3,7,17.0,Hyundai,Santa Fe 4x4 AT,12,4833.333333333333
Ahmedabad,2012,58000,Petrol,Automatic,First,16.95,1197,78.9,5,3.5,Hyundai,i10 Sportz AT,14,4142.857142857143
Hyderabad,2008,75000,Diesel,Manual,Second,17.7,1399,68.0,5,3.0,Ford,Fusion Plus 1.4 TDCi Diesel,18,4166.666666666667
Coimbatore,2015,41008,Petrol,Manual,Second,20.36,1197,78.9,5,4.87,Hyundai,i10 Sportz,11,3728.0
Jaipur,2014,65000,Diesel,Manual,First,24.4,1120,71.0,5,6.0,Hyundai,Xcent 1.1 CRDi SX Option,12,5416.666666666667
Mumbai,2015,19000,Diesel,Automatic,First,18.19,1968,174.5,5,15.5,Skoda,Superb Style 2.0 TDI AT,11,1727.2727272727273
Pune,2008,74000,Petrol,Manual,Second,16.6,1388,68.0,5,1.6,Ford,Fiesta 1.4 Duratec EXI,18,4111.111111111111
Pune,2017,33000,Petrol,Automatic,First,21.4,1197,83.1,5,7.25,Maruti,Baleno Zeta Automatic,9,3666.6666666666665
Mumbai,2010,95000,Diesel,Manual,Second,17.0,1896,105.0,5,3.25,Skoda,Laura 1.9 TDI MT Ambiente,16,5937.5
Kolkata,2012,34000,Diesel,Manual,First,20.64,1498,108.5,5,3.4,Volkswagen,Vento 1.5 TDI Comfortline,14,2428.5714285714284
Coimbatore,2014,102865,Diesel,Automatic,First,12.07,2967,241.4,7,30.5,Audi,Q7 3.0 TDI Quattro Technology,12,8572.083333333334
Kochi,2016,52378,Petrol,Manual,First,17.0,1591,121.3,5,7.97,Hyundai,Verna VTVT 1.6 SX Option,10,5237.8
Delhi,2012,38000,Diesel,Automatic,First,14.84,2143,170.0,5,13.51,Mercedes-Benz,New C-Class 220 CDI AT,14,2714.285714285714
Kochi,2015,60334,Diesel,Manual,First,25.8,1498,98.6,5,5.43,Honda,Amaze S i-Dtech,11,5484.909090909091
Chennai,2010,107000,Petrol,Manual,First,16.6,1388,68.0,5,2.6,Ford,Fiesta 1.4 Duratec EXI Limited Edition,16,6687.5
Bangalore,2013,445000,Petrol,Manual,First,18.5,1197,82.9,5,4.45,Hyundai,i20 Magna Optional 1.2,13,34230.769230769234
Kolkata,2017,2196,Petrol,Manual,First,22.74,796,47.3,5,2.75,Maruti,Alto 800 LXI,9,244.0
Kolkata,2010,24000,Petrol,Automatic,First,10.6,2996,258.0,5,8.75,BMW,5 Series 530i Sedan,16,1500.0
Coimbatore,2015,44846,Petrol,Manual,Second,14.6,1368,88.7,5,5.41,Fiat,Grande Punto 1.4 Emotion,11,4076.909090909091
Kochi,2018,64035,Diesel,Automatic,First,28.4,1248,73.75,5,8.55,Maruti,Dzire AMT ZDI Plus,8,8004.375
Mumbai,2014,45600,Diesel,Manual,First,15.1,2179,140.0,7,8.25,Mahindra,XUV500 W6 2WD,12,3800.0
Kochi,2014,102001,Diesel,Automatic,First,11.1,2400,200.0,7,23.58,Volvo,XC90 2007-2015 D5 AT AWD,12,8500.083333333334
Coimbatore,2014,47439,Petrol,Manual,First,20.36,1197,78.9,5,4.49,Hyundai,i10 Sportz 1.2,12,3953.25
Hyderabad,2010,193254,Diesel,Manual,First,11.5,2982,171.0,7,12.99,Toyota,Fortuner 3.0 Diesel,16,12078.375
Bangalore,2016,29000,Petrol,Automatic,First,21.9,624,37.48,4,2.8,Tata,Nano XTA,10,2900.0
Coimbatore,2016,51681,Diesel,Manual,First,19.98,1461,108.5,8,8.43,Renault,Lodgy 110PS RxZ 8 Seater,10,5168.1
Hyderabad,2015,50000,Diesel,Automatic,First,12.07,2967,241.4,7,47.5,Audi,Q7 3.0 TDI Quattro Premium Plus,11,4545.454545454545
Mumbai,2016,42666,Petrol,Automatic,First,18.0,1497,117.3,5,8.95,Honda,City i VTEC CVT VX,10,4266.6
Jaipur,2013,65000,Diesel,Manual,Second,19.01,1461,108.45,5,5.5,Renault,Duster 110PS Diesel RxL,13,5000.0
Jaipur,2014,18776,Petrol,Manual,First,17.8,1198,86.7,5,4.75,Honda,Amaze S i-VTEC,12,1564.6666666666667
Jaipur,2016,6714,Petrol,Manual,First,18.0,1198,86.7,5,4.75,Honda,Amaze S i-Vtech,10,671.4
Pune,2009,40000,Petrol,Automatic,Second,12.05,1995,154.0,5,9.5,BMW,3 Series 320i,17,2352.9411764705883
Coimbatore,2011,88539,Diesel,Manual,First,23.2,1248,73.94,5,3.77,Maruti,Ritz LDi,15,5902.6
Delhi,2012,65055,Petrol,Manual,Second,17.0,1497,118.0,5,4.25,Honda,City 1.5 S MT,14,4646.785714285715
Mumbai,2014,23000,Diesel,Automatic,First,18.88,1995,184.0,5,19.9,BMW,3 Series 320d Sport Line,12,1916.6666666666667
Chennai,2009,60000,Diesel,Manual,First,15.0,1896,105.0,5,4.0,Volkswagen,Jetta 2007-2011 1.9 TDI Trendline,17,3529.4117647058824
Kochi,2013,59350,Petrol,Manual,First,19.1,1197,85.8,5,4.16,Maruti,Swift Dzire LXI,13,4565.384615384615
Bangalore,2015,19000,Diesel,Automatic,Second,16.36,2179,187.7,5,38.0,Jaguar,XF 2.2 Litre Executive,11,1727.2727272727273
Kochi,2016,45560,Petrol,Automatic,First,16.9,1197,82.0,5,6.34,Hyundai,Xcent 1.2 Kappa AT SX Option,10,4556.0
Pune,2009,118000,Diesel,Manual,First,12.8,2494,102.0,8,4.5,Toyota,Innova 2.5 G (Diesel) 7 Seater BS IV,17,6941.176470588235
Chennai,2016,55000,Petrol,Manual,First,15.1,1196,73.0,7,3.75,Maruti,Eeco 7 Seater Standard,10,5500.0
Delhi,2012,60000,Diesel,Automatic,Second,15.2,1968,140.8,5,10.2,Audi,A4 New 2.0 TDI Multitronic,14,4285.714285714285
Chennai,2007,145000,Diesel,Manual,First,12.8,2494,102.0,8,5.0,Toyota,Innova 2.5 G (Diesel) 7 Seater BS IV,19,7631.578947368421
Mumbai,2008,46810,Petrol,Manual,First,9.8,1995,163.5,5,3.95,Maruti,Grand Vitara MT,18,2600.5555555555557
Coimbatore,2016,62767,Diesel,Manual,First,20.34,1498,103.2,5,9.75,Volkswagen,Vento 1.5 TDI Highline,10,6276.7
Kochi,2018,18553,Petrol,Manual,First,18.6,1197,81.86,5,7.93,Hyundai,Elite i20 Petrol Asta,8,2319.125
Hyderabad,2011,143143,Diesel,Manual,First,17.8,1399,67.0,5,2.1,Ford,Fiesta Classic 1.4 Duratorq CLXI,15,9542.866666666667
Coimbatore,2015,53497,Diesel,Manual,First,13.5,2477,175.56,7,16.42,Mitsubishi,Pajero Sport 4X4,11,4863.363636363636
Bangalore,2011,148000,Diesel,Manual,Second,14.66,2199,194.3,7,8.9,Hyundai,Santa Fe 4X4,15,9866.666666666666
Pune,2012,95000,Diesel,Manual,First,15.1,2179,140.0,7,7.21,Mahindra,XUV500 W8 2WD,14,6785.714285714285
Chennai,2015,100000,Diesel,Manual,First,12.8,2494,102.0,8,13.5,Toyota,Innova 2.5 V Diesel 8-seater,11,9090.90909090909
Chennai,2016,29000,Diesel,Automatic,First,11.57,2987,254.79,5,65.0,Mercedes-Benz,GLE 350d,10,2900.0
Bangalore,2014,87000,Diesel,Manual,First,12.05,2179,120.0,7,7.4,Mahindra,Scorpio 2009-2014 SLE 7S BSIV,12,7250.0
Kochi,2014,56838,Petrol,Automatic,First,16.8,1497,118.0,5,5.15,Honda,City 1.5 S AT,12,4736.5
Pune,2013,100000,Diesel,Automatic,First,12.0,2987,224.0,7,32.0,Mercedes-Benz,GL-Class 2007 2012 350 CDI Luxury,13,7692.307692307692
Kolkata,2011,125000,Petrol,Manual,First,17.0,1497,118.0,5,3.25,Honda,City 1.5 S MT,15,8333.333333333334
Kolkata,2017,17000,Petrol,Automatic,First,22.5,998,67.0,5,3.95,Maruti,Wagon R VXI AMT,9,1888.888888888889
Pune,2013,70000,Petrol,Manual,Second,15.4,1193,65.0,5,1.5,Tata,Indigo eCS GLE BSIII,13,5384.615384615385
Pune,2010,50000,Petrol,Manual,Second,17.0,1197,80.0,5,3.0,Hyundai,i20 2015-2017 1.2 Asta with AVN,16,3125.0
Kolkata,2010,39800,Petrol,Manual,First,16.0,1198,90.0,5,1.99,Honda,Jazz Active,16,2487.5
Kolkata,2010,60000,Petrol,Manual,First,19.0,998,66.1,5,1.35,Maruti,A-Star Lxi,16,3750.0
Hyderabad,2009,58000,Diesel,Automatic,First,16.07,1995,181.0,5,13.5,BMW,3 Series 320d Highline,17,3411.764705882353
Hyderabad,2010,110009,Diesel,Manual,First,17.67,1968,138.08,5,6.99,Skoda,Yeti Elegance,16,6875.5625
Hyderabad,2013,85000,Diesel,Manual,First,19.01,1461,108.5,5,8.5,Nissan,Terrano XV Premium 110 PS,13,6538.461538461538
Pune,2010,84000,Diesel,Manual,Second,22.07,1199,73.9,5,2.89,Volkswagen,Polo Diesel Comfortline 1.2L,16,5250.0
Mumbai,2011,51000,Diesel,Automatic,First,22.69,1995,190.0,5,10.5,BMW,3 Series 320d,15,3400.0
Kochi,2013,68880,Petrol,Manual,First,16.95,1498,97.7,5,3.97,Nissan,Sunny 2011-2014 XL,13,5298.461538461538
Chennai,2017,5500,Petrol,Automatic,First,24.07,998,67.1,5,4.25,Maruti,Alto K10 VXI AGS,9,611.1111111111111
Coimbatore,2016,40052,Petrol,Manual,First,21.1,1197,85.8,5,6.17,Maruti,Ritz ZXI,10,4005.2
Coimbatore,2016,47293,Diesel,Automatic,First,14.16,1968,174.3,5,38.72,Audi,Q5 30 TDI quattro Premium Plus,10,4729.3
Hyderabad,2013,79663,Diesel,Manual,First,16.8,1493,110.0,5,6.5,Hyundai,Verna CRDi SX,13,6127.923076923077
Jaipur,2013,63000,Diesel,Manual,Second,25.8,1498,98.6,5,4.25,Honda,Amaze S i-Dtech,13,4846.153846153846
Kolkata,2014,45000,Diesel,Manual,First,26.0,1498,98.6,5,4.75,Honda,City i DTEC SV,12,3750.0
Kochi,2014,56501,Diesel,Automatic,First,12.9,2755,174.5,7,17.71,Toyota,Fortuner TRD Sportivo 2.8 2WD AT,12,4708.416666666667
Jaipur,2015,58000,Diesel,Manual,First,20.34,1498,103.2,5,5.85,Volkswagen,Vento 1.5 TDI Highline,11,5272.727272727273
Coimbatore,2011,51602,Diesel,Automatic,First,22.48,1995,190.0,5,17.27,BMW,5 Series 520d Luxury Line,15,3440.133333333333
Hyderabad,2007,74199,Diesel,Automatic,First,16.07,1995,181.0,5,9.25,BMW,3 Series 320d Sedan,19,3905.2105263157896
Ahmedabad,2017,25000,Petrol,Automatic,First,13.0,1591,121.3,5,12.75,Hyundai,Creta 1.6 SX Plus Petrol Automatic,9,2777.777777777778
Pune,2016,70000,Diesel,Automatic,Second,21.76,1995,190.0,5,27.0,BMW,3 Series Luxury Line,10,7000.0
Bangalore,2013,25000,Diesel,Automatic,Second,14.84,2143,167.62,5,21.0,Mercedes-Benz,New C-Class C 220 CDI BE Avantgare,13,1923.076923076923
Hyderabad,2017,22000,Diesel,Manual,First,26.59,1248,74.0,5,7.95,Maruti,Swift Dzire VDI,9,2444.4444444444443
Hyderabad,2015,47020,Petrol,Manual,Second,23.1,998,67.04,5,4.5,Maruti,Celerio ZXI,11,4274.545454545455
Mumbai,2017,8000,Diesel,Automatic,First,19.59,1995,187.74,5,33.75,BMW,3 Series 320d GT Luxury Line,9,888.8888888888889
Delhi,2010,73000,Diesel,Automatic,First,11.33,4134,335.2,7,17.51,Audi,Q7 4.2 TDI Quattro Technology,16,4562.5
Kochi,2017,36973,Petrol,Manual,First,18.2,1199,88.7,5,6.8,Honda,Jazz V,9,4108.111111111111
Coimbatore,2014,42083,Petrol,Manual,First,25.4,624,37.48,4,1.68,Tata,Nano Cx BSIV,12,3506.9166666666665
Chennai,2016,61000,Petrol,Manual,First,24.7,796,47.3,5,2.9,Maruti,Alto 800 2016-2019 LXI,10,6100.0
Mumbai,2014,43628,Petrol,Manual,First,22.5,998,67.04,5,3.16,Maruti,Wagon R VXI,12,3635.6666666666665
Jaipur,2014,60000,Diesel,Manual,First,24.4,1120,71.0,5,3.9,Hyundai,Xcent 1.1 CRDi Base,12,5000.0
Delhi,2010,54000,Petrol,Manual,Second,17.8,1199,76.8,5,1.95,Chevrolet,Beat LT,16,3375.0
Kochi,2015,27001,Diesel,Automatic,First,16.36,2179,187.7,5,26.52,Jaguar,XF 2.2 Litre Luxury,11,2454.6363636363635
Chennai,2010,52000,Diesel,Automatic,First,18.33,1968,167.7,5,9.0,Volkswagen,Passat Diesel Highline 2.0 TDI,16,3250.0
Hyderabad,2012,80000,Diesel,Manual,First,21.27,1396,88.76,5,4.5,Hyundai,i20 Asta 1.4 CRDi,14,5714.285714285715
Chennai,2008,160000,Diesel,Manual,First,10.5,2835,107.2,6,8.75,Mitsubishi,Pajero 2.8 SFX,18,8888.888888888889
Chennai,2018,3300,Diesel,Automatic,First,24.3,1248,88.5,5,11.5,Maruti,Vitara Brezza ZDi Plus AMT Dual Tone,8,412.5
Delhi,2016,35027,Petrol,Manual,First,24.07,998,67.1,5,3.0,Maruti,Alto K10 LXI,10,3502.7
Coimbatore,2015,26568,Petrol,Manual,First,21.1,814,55.2,5,3.79,Hyundai,EON Magna Plus,11,2415.2727272727275
Ahmedabad,2015,59000,Diesel,Manual,First,28.09,1248,88.5,5,6.0,Maruti,Ciaz VDi Plus SHVS,11,5363.636363636364
Bangalore,2016,51000,Diesel,Manual,First,19.67,1582,126.2,5,13.25,Hyundai,Creta 1.6 CRDi SX Option,10,5100.0
Delhi,2012,56400,Diesel,Automatic,First,17.2,1968,138.1,5,8.0,Skoda,Superb Ambition 2.0 TDI CR AT,14,4028.5714285714284
Hyderabad,2015,80000,Diesel,Manual,First,20.14,1498,88.8,5,5.8,Volkswagen,Polo 1.5 TDI Highline,11,7272.727272727273
Hyderabad,2013,107000,Diesel,Manual,Second,12.99,2494,100.6,7,13.5,Toyota,Innova 2.5 VX (Diesel) 7 Seater,13,8230.76923076923
Pune,2014,100000,Diesel,Automatic,First,14.21,2143,203.0,5,25.0,Mercedes-Benz,E-Class 2009-2013 E250 CDI Elegance,12,8333.333333333334
Kochi,2016,59998,Diesel,Manual,First,20.14,1498,88.8,5,5.49,Volkswagen,Polo 1.5 TDI Highline,10,5999.8
Hyderabad,2013,105000,Diesel,Automatic,First,17.32,1968,150.0,5,19.0,Audi,Q3 2.0 TDI,13,8076.923076923077
Kolkata,2011,36000,Petrol,Manual,First,18.5,1197,80.0,5,2.5,Hyundai,i20 1.2 Magna,15,2400.0
Kolkata,2015,24350,Petrol,Manual,Second,19.81,1086,68.05,5,3.0,Hyundai,i10 Sportz 1.1L,11,2213.6363636363635
Kochi,2018,28973,Diesel,Manual,First,24.7,1047,69.0,5,6.64,Tata,Tigor 1.05 Revotorq XT,8,3621.625
Kochi,2017,8243,Petrol,Manual,First,21.1,814,55.2,5,3.21,Hyundai,EON Era,9,915.8888888888889
Chennai,2009,136642,Petrol,Manual,Second,17.92,1086,62.1,5,1.55,Hyundai,Santro Xing GLS,17,8037.764705882353
Hyderabad,2011,60000,Petrol,Manual,First,17.92,1086,62.1,5,2.59,Hyundai,Santro Xing GLS,15,4000.0
Chennai,2008,100000,Diesel,Manual,Second,12.7,2609,120.0,8,4.0,Mahindra,Scorpio SLX,18,5555.555555555556
Jaipur,2010,48689,Petrol,Manual,First,17.4,1497,117.3,5,3.87,Honda,City i-VTEC S,16,3043.0625
Bangalore,2017,45000,Diesel,Manual,First,24.3,1248,88.5,5,9.75,Maruti,Vitara Brezza ZDi,9,5000.0
Kochi,2019,38163,Diesel,Automatic,First,17.11,1968,174.33,5,32.91,Audi,A4 35 TDI Technology Edition,7,5451.857142857143
Chennai,2011,43800,Diesel,Automatic,Second,14.21,2143,203.0,5,16.75,Mercedes-Benz,E-Class 2009-2013 E250 CDI Elegance,15,2920.0
Jaipur,2007,92000,Petrol,Manual,First,13.5,1799,130.0,5,1.9,Honda,Civic 2006-2010 1.8 MT Sport,19,4842.105263157895
Kochi,2017,14064,Petrol,Manual,First,18.6,1197,81.83,5,6.59,Hyundai,i20 Magna 1.2,9,1562.6666666666667
Coimbatore,2017,42366,Diesel,Automatic,First,15.73,1968,174.33,5,31.93,Audi,Q3 35 TDI Quattro Premium Plus,9,4707.333333333333
Jaipur,2014,76551,Diesel,Manual,First,25.1,1498,98.6,5,7.25,Honda,City i DTEC VX,12,6379.25
Pune,2008,72672,Petrol,Manual,First,19.81,1086,68.05,5,1.9,Hyundai,i10 Era 1.1 iTech SE,18,4037.3333333333335
Kolkata,2015,45000,Diesel,Manual,First,25.2,1248,74.0,5,3.55,Maruti,Swift VDI BSIV,11,4090.909090909091
Hyderabad,2012,91696,Diesel,Automatic,First,11.4,2953,153.86,7,9.25,Ford,Endeavour 3.0L 4X4 AT,14,6549.714285714285
Kochi,2009,66484,Petrol,Manual,First,13.8,1299,70.0,5,1.65,Ford,Ikon 1.3 Flair,17,3910.823529411765
Coimbatore,2019,15456,Diesel,Automatic,First,20.68,1995,190.0,5,36.64,BMW,X1 sDrive 20d xLine,7,2208.0
Mumbai,2011,55000,Diesel,Automatic,Second,14.21,2143,203.0,5,16.0,Mercedes-Benz,E-Class 2009-2013 E250 CDI Classic,15,3666.6666666666665
Kochi,2019,21112,CNG,Manual,First,15.1,1196,73.0,5,5.38,Maruti,Eeco 5 STR With AC Plus HTR CNG,7,3016.0
Ahmedabad,2014,61297,Diesel,Manual,First,25.8,1498,98.6,5,4.35,Honda,Amaze S i-Dtech,12,5108.083333333333
Hyderabad,2006,80000,Petrol,Manual,Second,17.3,993,60.0,5,1.2,Maruti,Zen LXi - BS III,20,4000.0
Jaipur,2013,59000,Petrol,Manual,Second,18.5,1197,80.0,5,4.1,Hyundai,i20 Magna,13,4538.461538461538
Chennai,2009,150000,Diesel,Automatic,First,11.0,2993,235.0,5,18.75,BMW,X5 3.0d,17,8823.529411764706
Coimbatore,2017,60083,Diesel,Manual,First,19.67,1582,126.2,5,13.78,Hyundai,Creta 1.6 CRDi SX Option,9,6675.888888888889
Kolkata,2016,85450,Diesel,Manual,First,26.59,1248,74.0,5,4.0,Maruti,Swift Dzire LDI,10,8545.0
Jaipur,2013,88000,Diesel,Manual,First,22.9,1248,74.0,5,4.33,Maruti,Swift VDI,13,6769.2307692307695
Kochi,2015,81828,Diesel,Manual,First,24.0,1186,73.97,5,5.43,Hyundai,Grand i10 1.2 CRDi Asta,11,7438.909090909091
Mumbai,2016,18000,Petrol,Manual,First,18.16,1196,86.8,5,4.9,Ford,Figo Aspire 1.2 Ti-VCT Trend,10,1800.0
Chennai,2017,15000,Diesel,Automatic,First,15.97,2993,258.0,5,70.0,BMW,X5 X5 M,9,1666.6666666666667
Kolkata,2016,34000,Diesel,Automatic,First,11.78,2143,167.62,5,25.5,Mercedes-Benz,New C-Class C 220 CDI Celebration Edition,10,3400.0
Ahmedabad,2015,46000,Petrol,Automatic,First,18.9,1197,82.0,5,5.1,Hyundai,Grand i10 AT Asta,11,4181.818181818182
Hyderabad,2013,48158,Diesel,Manual,First,22.32,1582,126.32,5,6.7,Hyundai,Verna 1.6 SX CRDi (O),13,3704.4615384615386
Hyderabad,2013,93000,Diesel,Automatic,First,16.73,2993,218.0,5,26.5,BMW,5 Series 525d Sedan,13,7153.846153846154
Ahmedabad,2013,71007,Diesel,Manual,First,23.08,1461,63.1,5,3.9,Nissan,Micra Diesel XV Premium,13,5462.076923076923
Pune,2010,63067,Petrol,Manual,Second,15.5,1586,103.3,5,2.7,Maruti,SX4 ZXI MT BSIV,16,3941.6875
Hyderabad,2011,70259,Diesel,Manual,First,21.12,1248,88.8,5,2.95,Tata,Manza Aura Quadrajet BS IV,15,4683.933333333333
Ahmedabad,2015,13000,Diesel,Automatic,First,16.55,1968,140.0,5,23.0,Audi,A4 2.0 TDI Multitronic,11,1181.8181818181818
Pune,2009,140000,Diesel,Manual,Second,17.8,1248,75.0,5,2.49,Maruti,Swift Ldi BSIV,17,8235.29411764706
Jaipur,2015,130000,Diesel,Manual,First,25.2,1248,74.0,5,4.5,Maruti,Swift LDI Optional,11,11818.181818181818
Delhi,2011,89401,Diesel,Manual,First,21.43,1364,87.2,5,4.5,Toyota,Corolla Altis Diesel D4DJ,15,5960.066666666667
Hyderabad,2015,67000,Diesel,Manual,First,27.3,1498,98.6,5,6.9,Honda,Jazz 1.5 VX i DTEC,11,6090.909090909091
Kochi,2010,65329,Petrol,Automatic,First,7.94,4395,450.0,4,20.72,BMW,6 Series 650i Coupe,16,4083.0625
Jaipur,2010,72000,Petrol,Manual,First,16.25,1198,73.9,5,2.21,Skoda,Fabia 1.2 Petrol Active,16,4500.0
Jaipur,2001,70000,Petrol,Manual,Third,0.0,1242,113.27689373297004,5,0.55,Fiat,Siena 1.2 ELX,25,2800.0
Mumbai,2011,82000,Diesel,Automatic,Second,12.35,2179,187.74,5,13.9,Land,Rover Freelander 2 HSE,15,5466.666666666667
Pune,2010,85000,Petrol,Manual,First,15.3,1596,101.0,5,1.46,Ford,Fiesta 1.6 ZXi Duratec,16,5312.5
Pune,2012,83000,Diesel,Automatic,First,19.08,1582,126.32,5,6.0,Hyundai,Verna SX CRDi AT,14,5928.571428571428
Jaipur,2016,26000,Petrol,Manual,First,21.7,999,67.0,5,3.0,Renault,KWID 1.0 RXT Optional,10,2600.0
Delhi,2012,27000,Diesel,Manual,First,22.3,1248,88.8,5,3.5,Tata,Indica Vista Quadrajet 90 ZX Plus,14,1928.5714285714287
Kochi,2018,37746,Diesel,Manual,First,21.19,1396,88.73,5,7.59,Hyundai,i20 Active 1.4 SX,8,4718.25
Mumbai,2009,63274,Petrol,Manual,Second,15.0,1586,104.68,5,1.99,Maruti,SX4 Zxi BSIII,17,3722.0
Hyderabad,2016,25000,Petrol,Manual,First,25.17,799,53.3,5,3.8,Renault,KWID RXT,10,2500.0
Bangalore,2013,197000,Diesel,Manual,First,11.68,2498,112.0,7,4.0,Mahindra,Xylo E4 ABS BS III,13,15153.846153846154
Bangalore,2013,45010,Petrol,Manual,Second,21.1,814,55.2,5,2.95,Hyundai,EON D Lite Plus,13,3462.3076923076924
Delhi,2013,75348,Diesel,Manual,First,25.8,1498,98.6,5,3.75,Honda,Amaze VX i-DTEC,13,5796.0
Kolkata,2010,90110,Diesel,Manual,First,22.07,1199,73.9,5,2.5,Volkswagen,Polo Diesel Highline 1.2L,16,5631.875
Pune,2011,102013,Petrol,Manual,First,17.0,1497,118.0,5,3.75,Honda,City 1.5 V MT,15,6800.866666666667
Pune,2015,36000,Diesel,Automatic,First,12.55,2982,168.5,7,22.0,Toyota,Fortuner 4x2 AT,11,3272.7272727272725
Kochi,2017,37578,Petrol,Manual,First,18.0,1198,86.7,5,6.14,Honda,Amaze E i-Vtech,9,4175.333333333333
Pune,2015,46001,Diesel,Automatic,First,20.58,1995,143.0,5,16.0,BMW,1 Series 118d Base,11,4181.909090909091
Hyderabad,2014,46559,Petrol,Automatic,First,23.1,998,67.04,5,3.75,Maruti,Celerio VXI AT,12,3879.9166666666665
Mumbai,2015,48000,Diesel,Manual,First,12.99,2494,100.6,8,11.75,Toyota,Innova 2.5 GX (Diesel) 8 Seater,11,4363.636363636364
Pune,2013,46000,Diesel,Automatic,Second,16.36,2179,187.7,5,24.0,Jaguar,XF 2.2 Litre Luxury,13,3538.4615384615386
Hyderabad,2017,15000,Petrol,Manual,First,17.5,1199,88.7,5,8.9,Honda,WRV i-VTEC VX,9,1666.6666666666667
Chennai,2012,85000,Diesel,Automatic,Third,17.05,1995,184.0,5,10.0,BMW,X1 sDrive20d,14,6071.428571428572
Mumbai,2014,32000,Petrol,Automatic,First,14.3,1598,103.5,5,5.55,Skoda,Rapid 1.6 MPI AT Elegance,12,2666.6666666666665
Kochi,2012,60818,Petrol,Manual,First,16.09,1598,103.5,5,3.59,Volkswagen,Vento 1.6 Comfortline,14,4344.142857142857
Coimbatore,2019,35188,Diesel,Manual,First,22.77,1498,98.59,5,11.13,Ford,EcoSport 1.5 TDCi Trend Plus BE,7,5026.857142857143
Jaipur,2012,110000,Diesel,Manual,First,15.1,2179,140.0,7,7.2,Mahindra,XUV500 W6 2WD,14,7857.142857142857
Mumbai,2014,61000,Diesel,Manual,First,18.6,1388,67.0,5,2.98,Ford,Fiesta Classic 1.4 Duratorq LXI,12,5083.333333333333
Pune,2010,75000,Petrol,Manual,Second,17.92,1086,62.1,5,1.7,Hyundai,Santro Xing GLS,16,4687.5
Delhi,2015,55000,Diesel,Automatic,First,12.0,2987,224.0,7,52.0,Mercedes-Benz,GL-Class 2007 2012 350 CDI Luxury,11,5000.0
Pune,2003,69966,Petrol,Manual,First,19.7,796,46.3,5,0.95,Maruti,Alto LXi BSII,23,3042.0
Mumbai,2016,42000,Petrol,Manual,First,17.8,1497,117.3,5,9.25,Honda,City i VTEC VX Option,10,4200.0
Bangalore,2014,48000,Diesel,Automatic,First,13.01,2199,194.3,7,16.25,Hyundai,Santa Fe 2WD AT,12,4000.0
Kolkata,2015,35000,Diesel,Automatic,First,17.9,2143,136.0,5,20.99,Mercedes-Benz,GLA Class 200 CDI SPORT,11,3181.818181818182
Chennai,2005,128000,Diesel,Manual,Second,12.8,2494,102.0,8,4.25,Toyota,Innova 2.5 G4 Diesel 8-seater,21,6095.238095238095
Bangalore,2008,78000,Diesel,Automatic,Second,16.07,1995,181.0,5,7.2,BMW,3 Series 320d Sedan,18,4333.333333333333
Hyderabad,2011,53080,Petrol,Manual,First,18.6,1197,85.8,5,4.4,Maruti,Swift ZXI,15,3538.6666666666665
Pune,2011,66000,Petrol,Manual,Second,15.04,1598,103.6,5,4.25,Volkswagen,Vento Petrol Highline,15,4400.0
Ahmedabad,2012,25000,Petrol,Manual,First,16.02,1373,93.7,7,5.35,Maruti,Ertiga VXI,14,1785.7142857142858
Coimbatore,2016,36139,Petrol,Automatic,Second,18.9,1197,82.0,5,6.3,Hyundai,Grand i10 AT Asta,10,3613.9
Delhi,2017,44000,Diesel,Manual,First,19.67,1582,126.2,5,12.5,Hyundai,Creta 1.6 CRDi SX,9,4888.888888888889
Ahmedabad,2008,50000,Diesel,Automatic,Second,16.77,2967,241.38,5,7.5,Audi,A6 3.0 TDI quattro,18,2777.777777777778
Delhi,2016,81177,Diesel,Manual,First,16.0,1997,140.0,7,11.25,Mahindra,XUV500 W8 1.99 mHawk,10,8117.7
Mumbai,2016,26000,Petrol,Automatic,First,16.05,1499,110.4,5,7.65,Ford,EcoSport 1.5 Ti VCT AT Titanium BE,10,2600.0
Mumbai,2016,100000,Diesel,Manual,First,24.4,1120,71.0,5,4.5,Hyundai,Xcent 1.1 CRDi Base,10,10000.0
Hyderabad,2014,75000,Diesel,Automatic,First,21.21,1498,103.2,5,7.5,Volkswagen,Vento 1.5 TDI Comfortline AT,12,6250.0
Kochi,2004,119859,Petrol,Automatic,First,13.0,2987,210.0,5,7.1,Mercedes-Benz,S-Class 280 AT,22,5448.136363636364
Mumbai,2010,55980,Petrol,Manual,First,20.36,1197,78.9,5,2.25,Hyundai,i10 Magna,16,3498.75
Hyderabad,2015,30000,Diesel,Automatic,First,17.11,1968,174.33,5,27.0,Audi,A4 35 TDI Technology Edition,11,2727.2727272727275
Pune,2012,49700,Diesel,Manual,Second,21.9,1396,88.76,5,4.18,Hyundai,i20 Sportz 1.4 CRDi,14,3550.0
Chennai,2013,79000,Diesel,Manual,First,23.5,1396,88.7,5,6.5,Hyundai,Verna 1.4 EX,13,6076.923076923077
Delhi,2010,65100,Petrol,Manual,First,17.0,1497,118.0,5,3.15,Honda,City 1.5 V MT,16,4068.75
Pune,2016,54161,Diesel,Manual,First,25.47,1248,88.5,7,7.64,Maruti,Ertiga VDI,10,5416.1
Hyderabad,2011,28619,Petrol,Manual,First,19.7,796,46.3,5,2.4,Maruti,Alto LXi BSII,15,1907.9333333333334
Mumbai,2016,9000,Petrol,Automatic,First,20.51,998,67.0,5,4.25,Maruti,Wagon R AMT VXI,10,900.0
Kochi,2016,42876,Diesel,Automatic,First,19.08,1582,126.2,5,9.31,Hyundai,Verna 1.6 CRDi AT SX,10,4287.6
Bangalore,2011,64000,Petrol,Manual,First,19.7,796,46.3,5,2.39,Maruti,Alto LXi BSIII,15,4266.666666666667
Kochi,2018,20488,Petrol,Manual,Second,16.09,1598,103.5,5,7.64,Volkswagen,Vento 1.6 Comfortline,8,2561.0
Delhi,2016,21000,Petrol,Manual,First,21.4,1197,83.1,5,6.21,Maruti,Baleno Zeta 1.2,10,2100.0
Jaipur,2012,119203,Diesel,Automatic,First,0.0,2179,115.0,5,16.5,Land,Rover Freelander 2 TD4 SE,14,8514.5
Kochi,2011,55987,Petrol,Automatic,First,13.7,1997,153.86,5,8.22,Honda,CR-V 2.0L 2WD AT,15,3732.4666666666667
Coimbatore,2017,72668,Diesel,Manual,First,14.24,2755,174.5,7,28.85,Toyota,Fortuner 2.8 2WD MT,9,8074.222222222223
Mumbai,2015,32000,Petrol,Automatic,First,15.6,1497,116.3,5,8.5,Honda,City V AT,11,2909.090909090909
Bangalore,2014,3000,Petrol,Automatic,Second,12.0,5461,421.0,2,90.0,Mercedes-Benz,SLK-Class 55 AMG,12,250.0
Mumbai,2015,10400,Petrol,Manual,First,17.4,1497,117.3,5,6.51,Honda,City i-VTEC S,11,945.4545454545455
Mumbai,2013,35000,Diesel,Manual,First,22.9,1248,74.0,5,4.65,Maruti,Swift VDI,13,2692.3076923076924
Kochi,2013,55101,Petrol,Automatic,First,14.53,1794,138.1,5,8.4,Toyota,Corolla Altis 2008-2013 1.8 VL AT,13,4238.538461538462
Bangalore,2014,57464,Diesel,Manual,First,23.59,1364,67.06,5,5.75,Toyota,Etios Cross 1.4L VD,12,4788.666666666667
Jaipur,2006,110000,Petrol,Manual,First,18.9,998,67.1,5,1.11,Maruti,Wagon R LX,20,5500.0
Mumbai,2014,72000,Petrol,Automatic,First,12.0,1991,184.0,5,17.25,Mercedes-Benz,E-Class 2015-2017 E 200 CGI,12,6000.0
Delhi,2012,16000,Diesel,Automatic,First,16.36,2179,187.7,5,32.0,Jaguar,XF Aero Sport Edition,14,1142.857142857143
Kochi,2011,62020,Petrol,Manual,First,17.0,1197,80.0,5,3.45,Hyundai,i20 Sportz Petrol,15,4134.666666666667
Pune,2014,85000,Diesel,Automatic,Second,12.39,2179,147.51,5,23.0,Land,Rover Freelander 2 SE,12,7083.333333333333
Kochi,2018,14223,Petrol,Manual,First,18.6,1197,81.86,5,7.32,Hyundai,Elite i20 Petrol Sportz,8,1777.875
Jaipur,2014,41210,Petrol,Manual,First,18.0,1198,86.7,5,4.4,Honda,Amaze S i-Vtech,12,3434.1666666666665
Bangalore,2015,20000,Diesel,Automatic,First,0.0,2987,165.0,5,47.35,Mercedes-Benz,M-Class ML 350 4Matic,11,1818.1818181818182
Coimbatore,2016,18043,Petrol,Manual,First,22.74,796,47.3,5,4.12,Maruti,Alto 800 VXI,10,1804.3
Chennai,2016,80000,Diesel,Automatic,First,11.36,2755,171.5,7,19.5,Toyota,Innova Crysta 2.8 ZX AT,10,8000.0
Hyderabad,2016,21000,Petrol,Automatic,First,18.9,1197,82.0,5,6.2,Hyundai,Grand i10 AT Asta,10,2100.0
Bangalore,2016,49000,Diesel,Automatic,First,16.55,2993,258.0,5,45.0,BMW,X3 xDrive30d M Sport,10,4900.0
Hyderabad,1998,104000,Petrol,Manual,Second,15.0,970,113.27689373297004,5,0.85,Maruti,1000 AC,28,3714.285714285714
Chennai,2010,95000,Petrol,Manual,Second,18.5,1197,80.0,5,2.8,Hyundai,i20 Magna,16,5937.5
Pune,2015,32000,Petrol,Automatic,First,18.9,1197,82.0,5,4.8,Hyundai,Grand i10 AT Asta,11,2909.090909090909
Hyderabad,2014,122800,Diesel,Manual,First,25.01,1498,89.75,5,5.65,Ford,Fiesta 1.5 TDCi Titanium,12,10233.333333333334
Ahmedabad,2011,78000,Diesel,Manual,Second,15.0,2148,113.27689373297004,5,14.5,Mercedes-Benz,E-Class 220 CDI,15,5200.0
Ahmedabad,2015,69000,Diesel,Manual,First,26.59,1248,74.0,5,5.9,Maruti,Swift Dzire VDI,11,6272.727272727273
Pune,2015,65000,Diesel,Manual,Second,23.59,1364,67.04,5,5.0,Toyota,Etios VXD,11,5909.090909090909
Ahmedabad,2015,23000,Petrol,Manual,First,19.1,1197,82.0,5,4.9,Hyundai,Xcent 1.2 Kappa Base,11,2090.909090909091
Ahmedabad,2009,70000,Petrol,Manual,First,13.5,1799,130.0,5,4.25,Honda,Civic 2006-2010 1.8 S MT,17,4117.64705882353
Chennai,2014,250000,Diesel,Manual,First,12.99,2494,100.6,8,10.9,Toyota,Innova 2.5 GX (Diesel) 8 Seater,12,20833.333333333332
Delhi,2012,56000,Petrol,Manual,First,13.2,1495,94.0,5,2.45,Hyundai,Accent GLE,14,4000.0
Pune,2013,30000,Petrol,Manual,First,22.74,796,47.3,5,2.5,Maruti,Alto 800 LXI,13,2307.6923076923076
Kolkata,2010,35000,Petrol,Automatic,First,8.1,5461,387.3,2,29.5,Mercedes-Benz,SL-Class SL 500,16,2187.5
Jaipur,2013,92250,Diesel,Manual,Second,22.7,1498,89.84,5,5.75,Ford,Ecosport 1.5 DV5 MT Titanium Optional,13,7096.153846153846
Pune,2018,40000,Petrol,Manual,First,20.14,1197,81.86,5,5.0,Hyundai,Xcent 1.2 VTVT E,8,5000.0
Kochi,2014,96848,Petrol,Automatic,First,14.3,1598,103.6,5,4.62,Skoda,Rapid 1.6 MPI AT Ambition Plus,12,8070.666666666667
Delhi,2016,42000,Diesel,Automatic,First,15.73,1968,174.33,5,23.5,Audi,Q3 2012-2015 35 TDI Quattro Premium Plus,10,4200.0
Kolkata,2013,55886,Diesel,Manual,First,16.0,2179,140.0,7,7.25,Mahindra,XUV500 W8 2WD,13,4298.923076923077
Kochi,2019,12336,Petrol,Manual,First,17.0,1591,121.3,5,11.88,Hyundai,Verna VTVT 1.6 SX Option,7,1762.2857142857142
Chennai,2009,60000,Petrol,Manual,Third,13.9,1599,103.2,5,2.25,Hyundai,Verna Xi (Petrol),17,3529.4117647058824
Pune,2003,83000,Petrol,Manual,Second,14.2,1597,92.0,5,0.85,Ford,Ikon 1.6 CLXI,23,3608.695652173913
Pune,2018,24000,Petrol,Manual,First,19.69,1198,67.04,5,4.0,Nissan,Micra Active XV,8,3000.0
Pune,2016,32198,Petrol,Automatic,First,16.5,1198,86.8,5,5.1,Honda,Brio VX AT,10,3219.8
Hyderabad,2014,92247,Diesel,Manual,First,12.99,2494,100.6,7,12.5,Toyota,Innova 2.5 GX (Diesel) 7 Seater,12,7687.25
Chennai,2011,121311,Diesel,Manual,First,20.64,1498,108.5,5,2.9,Volkswagen,Vento 1.5 TDI Highline,15,8087.4
Coimbatore,2016,66296,Diesel,Manual,First,16.0,2179,140.0,7,15.96,Mahindra,XUV500 W10 AWD,10,6629.6
Mumbai,2015,41000,Petrol,Automatic,First,16.9,1197,82.0,5,5.45,Hyundai,Xcent 1.2 Kappa AT SX Option,11,3727.2727272727275
Kochi,2017,38681,Diesel,Manual,First,13.5,2198,157.7,7,23.86,Ford,Endeavour 2.2 Trend MT 4X4,9,4297.888888888889
Kochi,2008,43761,Petrol,Manual,First,18.0,995,62.0,5,1.75,Chevrolet,Spark 1.0 LT,18,2431.1666666666665
Hyderabad,2017,17400,Diesel,Manual,First,24.52,1248,88.5,7,9.75,Maruti,Ertiga SHVS VDI,9,1933.3333333333333
Bangalore,2013,61510,Diesel,Manual,First,25.8,1498,98.6,5,4.75,Honda,Amaze S i-Dtech,13,4731.538461538462
Delhi,2014,60000,Petrol,Manual,First,17.4,1497,117.3,5,6.25,Honda,City i VTEC S,12,5000.0
Bangalore,2014,35165,Diesel,Automatic,Second,23.8,1998,112.0,5,22.0,Mini,Cooper Countryman D,12,2930.4166666666665
Kochi,2016,41617,Petrol,Automatic,First,14.53,1794,138.1,5,14.14,Toyota,Corolla Altis 2008-2013 1.8 VL AT,10,4161.7
Kolkata,2005,45000,Petrol,Manual,First,17.0,1086,113.27689373297004,5,0.95,Hyundai,Santro Xing XL eRLX Euro III,21,2142.8571428571427
Delhi,2014,65000,Petrol,Automatic,First,13.7,1798,157.75,5,11.95,Skoda,Superb Elegance 1.8 TSI AT,12,5416.666666666667
Delhi,2011,68000,Petrol,Manual,First,18.9,998,67.1,5,2.5,Maruti,Wagon R LXI BS IV,15,4533.333333333333
Mumbai,2013,49000,Petrol,Manual,First,19.81,1086,68.05,5,2.75,Hyundai,i10 Era 1.1,13,3769.230769230769
Coimbatore,2019,16698,Petrol,Manual,First,23.84,1199,84.0,5,5.85,Tata,Tiago 1.2 Revotron XT Option,7,2385.4285714285716
Ahmedabad,2016,30965,Petrol,Manual,First,21.4,1197,83.1,5,6.25,Maruti,Baleno Zeta 1.2,10,3096.5
Mumbai,2014,56058,Petrol,Manual,First,15.04,1598,103.2,5,4.95,Volkswagen,Vento 1.6 Highline,12,4671.5
Pune,2017,15356,Petrol,Manual,First,18.9,1197,81.86,5,4.75,Hyundai,Grand i10 1.2 Kappa Sportz Option,9,1706.2222222222222
Delhi,2013,54000,Diesel,Manual,First,20.0,1399,68.05,5,2.55,Ford,Figo Diesel EXI,13,4153.846153846154
Pune,2011,47000,Petrol,Automatic,Second,13.9,1799,130.3,5,4.5,Honda,Civic 2010-2013 1.8 V AT Sunroof,15,3133.3333333333335
Kochi,2015,21652,Petrol,Manual,First,22.74,796,47.3,5,3.01,Maruti,Alto 800 LXI,11,1968.3636363636363
Hyderabad,2016,52000,Diesel,Automatic,First,15.68,1999,177.0,5,42.0,Land,Rover Range Rover Evoque 2.0 TD4 HSE Dynamic,10,5200.0
Kolkata,2010,35010,Diesel,Automatic,First,12.4,2698,179.5,5,11.5,Audi,A6 2.7 TDI,16,2188.125
Hyderabad,2006,76662,Diesel,Automatic,First,11.0,2987,198.5,5,10.99,Mercedes-Benz,E-Class 280 CDI,20,3833.1
Jaipur,2009,89000,Petrol,Automatic,First,17.0,1497,118.0,5,3.71,Honda,City 1.5 V AT Exclusive,17,5235.294117647059
Jaipur,2006,80000,Petrol,Automatic,Third,10.1,2354,152.0,5,2.0,Honda,CR-V 2.4 4WD AT,20,4000.0
Kochi,2018,39023,Diesel,Manual,First,28.09,1248,88.5,5,9.48,Maruti,Ciaz 1.3 Alpha,8,4877.875
Jaipur,2004,62000,Petrol,Manual,Second,18.9,998,67.1,5,1.25,Maruti,Wagon R LXI,22,2818.181818181818
Jaipur,2015,78046,Diesel,Manual,First,19.67,1582,126.2,5,10.9,Hyundai,Creta 1.6 CRDi SX Option,11,7095.090909090909
Kolkata,2015,34400,Diesel,Manual,First,28.09,1248,88.5,5,5.5,Maruti,Ciaz VDi Plus SHVS,11,3127.2727272727275
Coimbatore,2016,64624,Petrol,Manual,First,21.1,814,55.2,5,3.71,Hyundai,EON D Lite Plus,10,6462.4
Mumbai,2014,69192,Petrol,Manual,First,16.02,1373,93.7,7,6.25,Maruti,Ertiga VXI,12,5766.0
Chennai,2012,55000,Diesel,Manual,First,20.54,1598,103.6,5,4.9,Volkswagen,Vento Diesel Highline,14,3928.5714285714284
Mumbai,2005,81000,Petrol,Manual,Second,12.8,1493,100.0,5,1.1,Honda,City 1.5 GXI,21,3857.1428571428573
Kochi,2016,36733,Petrol,Manual,First,16.47,1198,73.9,5,4.72,Volkswagen,Polo Petrol Trendline 1.2L,10,3673.3
Kochi,2017,24310,CNG,Manual,First,33.44,796,40.3,4,3.7,Maruti,Alto 800 2016-2019 CNG LXI,9,2701.1111111111113
Mumbai,2016,43022,Diesel,Automatic,First,17.9,2143,136.0,5,24.85,Mercedes-Benz,GLA Class 200 CDI,10,4302.2
Jaipur,2013,74000,Diesel,Manual,First,14.66,2199,194.3,7,12.25,Hyundai,Santa Fe 4X2,13,5692.307692307692
Kolkata,2014,47000,Diesel,Manual,First,22.9,1248,74.0,5,3.9,Maruti,Swift VDI,12,3916.6666666666665
Kochi,2017,37460,Petrol,Manual,First,18.6,1197,81.86,5,6.28,Hyundai,Elite i20 Sportz Plus,9,4162.222222222223
Mumbai,2011,130000,Diesel,Manual,First,14.0,2498,112.0,8,2.75,Mahindra,Xylo E8 BS IV,15,8666.666666666666
Coimbatore,2017,31576,Petrol,Manual,First,18.9,1197,82.0,5,7.85,Hyundai,Grand i10 Asta Option,9,3508.4444444444443
Mumbai,2011,66000,Petrol,Manual,First,15.04,1598,103.6,5,2.95,Volkswagen,Vento Petrol Highline,15,4400.0
Mumbai,2008,79000,Petrol,Automatic,Second,11.7,2354,177.6,5,4.85,Honda,Accord 2.4 A/T,18,4388.888888888889
Bangalore,2011,47140,Diesel,Automatic,Second,13.5,2925,281.61,5,30.0,Mercedes-Benz,S-Class S 350 d,15,3142.6666666666665
Bangalore,2016,36610,Diesel,Automatic,First,15.0,2143,107.3,5,19.9,Mercedes-Benz,B Class B200 CDI,10,3661.0
Bangalore,2016,93000,Diesel,Manual,First,20.5,1582,126.2,5,10.8,Hyundai,Creta 1.6 SX Option Diesel,10,9300.0
Hyderabad,2007,52195,Petrol,Manual,First,19.7,796,46.3,5,1.75,Maruti,Alto LXI,19,2747.1052631578946
Mumbai,2016,20003,Diesel,Automatic,First,20.38,1968,143.0,5,19.25,Audi,A3 35 TDI Premium,10,2000.3
Delhi,2013,66314,Diesel,Manual,First,19.87,1461,83.8,5,5.5,Renault,Duster 85PS Diesel RxL,13,5101.076923076923
Chennai,2009,76000,Diesel,Manual,First,17.8,1399,68.0,5,2.75,Ford,Fiesta 1.4 ZXi TDCi ABS,17,4470.588235294118
Bangalore,2015,29000,Diesel,Manual,First,19.67,1582,126.2,5,13.0,Hyundai,Creta 1.6 SX Plus Diesel,11,2636.3636363636365
Mumbai,2011,30000,Diesel,Manual,First,20.0,1399,68.0,5,3.2,Ford,Figo Diesel ZXI,15,2000.0
Coimbatore,2013,56526,Petrol,Manual,First,15.26,1598,103.5,5,5.84,Volkswagen,Polo Petrol Highline 1.6L,13,4348.153846153846
Hyderabad,2015,38000,Diesel,Automatic,Second,16.8,1969,150.0,5,24.0,Volvo,V40 D3 R Design,11,3454.5454545454545
Chennai,2012,41000,Diesel,Automatic,First,19.08,1582,126.32,5,6.25,Hyundai,Verna SX CRDi AT,14,2928.5714285714284
Hyderabad,2009,53000,Diesel,Automatic,First,14.49,2993,258.0,5,36.0,BMW,7 Series 2007-2012 730Ld,17,3117.6470588235293
Chennai,2003,125000,Diesel,Manual,Third,14.8,1998,68.0,5,3.0,Mitsubishi,Lancer GLXD,23,5434.782608695652
Chennai,2010,242000,Diesel,Manual,First,11.5,2982,171.0,7,11.0,Toyota,Fortuner 3.0 Diesel,16,15125.0
Chennai,2015,90000,Diesel,Manual,First,26.21,1248,88.5,5,6.5,Maruti,Ciaz VDi Plus,11,8181.818181818182
Hyderabad,2018,11000,Diesel,Manual,First,24.3,1248,88.5,5,9.4,Maruti,Vitara Brezza VDi Option,8,1375.0
Kochi,2018,21936,Diesel,Automatic,First,21.76,1995,190.0,5,37.92,BMW,3 Series Luxury Line,8,2742.0
Pune,2013,41000,Petrol,Automatic,First,14.4,1598,103.6,5,5.25,Volkswagen,Vento Petrol Highline AT,13,3153.846153846154
Chennai,2011,47000,Petrol,Manual,First,17.0,1197,80.0,5,4.5,Hyundai,i20 1.2 Asta,15,3133.3333333333335
Chennai,2009,110000,Diesel,Automatic,First,11.0,2993,235.0,5,18.0,BMW,X5 3.0d,17,6470.588235294118
Coimbatore,2015,45960,Petrol,Manual,First,19.1,1197,82.0,5,5.56,Hyundai,Xcent 1.2 Kappa S,11,4178.181818181818
Bangalore,2013,48000,Diesel,Automatic,First,14.21,2143,203.0,5,22.0,Mercedes-Benz,E-Class 2009-2013 E250 CDI Blue Efficiency,13,3692.3076923076924
Hyderabad,2011,68000,Diesel,Automatic,First,12.39,2179,147.51,5,22.0,Land,Rover Freelander 2 SE,15,4533.333333333333
Mumbai,2011,41000,Petrol,Manual,First,20.36,1197,78.9,5,2.65,Hyundai,i10 Magna,15,2733.3333333333335
Jaipur,2013,69573,Diesel,Manual,Second,22.32,1582,126.32,5,5.85,Hyundai,Verna 1.6 SX CRDi (O),13,5351.7692307692305
Chennai,2012,115000,Diesel,Manual,First,19.33,1968,138.1,5,6.95,Volkswagen,Jetta 2012-2014 2.0L TDI Highline,14,8214.285714285714
Kolkata,2012,47629,Diesel,Manual,First,15.1,2179,140.0,7,6.5,Mahindra,XUV500 W8 2WD,14,3402.0714285714284
Jaipur,2004,66624,Petrol,Manual,Third,19.7,796,35.0,8,0.85,Maruti,Omni 8 Seater BSII,22,3028.3636363636365
Delhi,2013,80000,Petrol,Automatic,Second,14.67,1798,177.46,5,7.25,Skoda,Superb Style 1.8 TSI AT,13,6153.846153846154
Pune,2012,94868,Diesel,Manual,First,22.9,1248,74.0,5,4.5,Maruti,Swift VDI,14,6776.285714285715
Mumbai,2010,76477,Diesel,Manual,First,10.5,2179,120.0,8,4.25,Mahindra,Scorpio 2.6 LX,16,4779.8125
Chennai,2016,28000,Petrol,Automatic,First,13.7,1991,183.0,5,26.0,Mercedes-Benz,GLA Class 200 Sport Edition,10,2800.0
Coimbatore,2017,28599,Diesel,Manual,First,16.55,2498,105.0,6,9.66,Mahindra,Thar CRDe,9,3177.6666666666665
Bangalore,2013,45348,Diesel,Manual,Second,19.01,1461,108.45,5,6.85,Renault,Duster 110PS Diesel RxZ,13,3488.3076923076924
Coimbatore,2013,80127,Diesel,Automatic,First,12.8,1968,167.6,5,23.68,Audi,Q5 2008-2012 2.0 TDI,13,6163.615384615385
Delhi,2013,68000,Diesel,Automatic,Second,12.39,2179,147.51,5,15.75,Land,Rover Freelander 2 SE,13,5230.7692307692305
Pune,2012,75000,Diesel,Manual,Third,20.54,1598,103.6,5,3.5,Volkswagen,Vento Diesel Comfortline,14,5357.142857142857
Delhi,2006,48000,Petrol,Automatic,Second,11.62,2979,306.0,5,6.99,BMW,5 Series 2003-2012 540i Sedan,20,2400.0
Coimbatore,2019,41871,Diesel,Manual,First,22.7,1582,126.2,5,15.57,Hyundai,Elantra CRDi SX,7,5981.571428571428
Coimbatore,2015,84931,Diesel,Manual,First,15.3,2956,83.8,7,5.29,Tata,Sumo EX,11,7721.0
Kolkata,2016,15000,Petrol,Manual,First,22.7,799,53.64,5,2.25,Datsun,redi-GO T,10,1500.0
Chennai,2009,110000,Diesel,Automatic,First,11.7,2993,245.0,5,20.0,BMW,X5 xDrive 30d,17,6470.588235294118
Mumbai,2011,5900,Petrol,Automatic,First,7.94,4395,450.0,4,47.5,BMW,6 Series 630i Coupe,15,393.3333333333333
Chennai,2002,103653,Petrol,Manual,Second,18.9,1061,47.0,5,1.22,Maruti,Alto Vxi 1.1,24,4318.875
Chennai,2012,64806,Petrol,Manual,First,16.47,1198,73.9,5,3.65,Volkswagen,Polo Petrol Comfortline 1.2L,14,4629.0
Pune,2016,35000,Petrol,Manual,First,20.62,1198,67.0,7,3.1,Datsun,GO Plus A,10,3500.0
Bangalore,2016,40000,Petrol,Manual,First,15.29,1591,121.3,5,11.5,Hyundai,Creta 1.6 VTVT S,10,4000.0
Kochi,2015,23876,Petrol,Manual,First,24.07,998,67.1,5,3.46,Maruti,Alto K10 VXI,11,2170.5454545454545
Coimbatore,2013,67901,Diesel,Manual,First,14.66,2199,194.3,7,8.38,Hyundai,Santa Fe 4X4,13,5223.153846153846
Pune,2014,68865,Diesel,Manual,First,15.11,1598,103.6,5,4.8,Volkswagen,Polo GT TDI,12,5738.75
Pune,2014,71000,Diesel,Manual,Second,25.8,1498,98.6,5,4.5,Honda,Amaze S i-Dtech,12,5916.666666666667
Chennai,2004,95000,Petrol,Manual,First,15.9,1298,113.27689373297004,5,0.8,Maruti,Esteem Vxi,22,4318.181818181818
Kolkata,2014,25000,Diesel,Manual,First,22.9,1248,74.0,5,3.95,Maruti,Swift VDI,12,2083.3333333333335
Hyderabad,2012,180000,Diesel,Manual,First,20.5,1598,103.5,5,3.65,Skoda,Rapid 1.6 TDI Ambition,14,12857.142857142857
Mumbai,2005,131000,Diesel,Automatic,First,11.0,2987,198.5,5,10.0,Mercedes-Benz,E-Class 280 CDI,21,6238.0952380952385
Delhi,2011,65000,Diesel,Manual,Second,12.05,2179,120.0,8,4.0,Mahindra,Scorpio SLE BSIV,15,4333.333333333333
Hyderabad,2012,117777,Diesel,Manual,First,21.64,1461,84.8,5,4.75,Nissan,Sunny 2011-2014 Diesel XL,14,8412.642857142857
Bangalore,2009,65000,Petrol,Manual,Second,17.5,1298,85.8,5,3.1,Maruti,Swift Dzire VXi,17,3823.529411764706
Kochi,2017,46897,Petrol,Manual,First,21.1,814,55.2,5,3.61,Hyundai,EON Sportz,9,5210.777777777777
Coimbatore,2015,36695,Petrol,Manual,First,19.4,1198,86.8,5,4.29,Honda,Brio S MT,11,3335.909090909091
Kolkata,2011,43000,Petrol,Manual,First,18.06,1198,75.0,5,2.13,Nissan,Micra XV Primo,15,2866.6666666666665
Mumbai,2008,54000,Petrol,Manual,First,19.7,796,46.3,5,1.1,Maruti,Alto LXi BSII,18,3000.0
Hyderabad,2011,89000,Diesel,Automatic,First,22.69,1995,190.0,5,13.95,BMW,3 Series 320d,15,5933.333333333333
Mumbai,2014,7000,Petrol,Manual,First,16.47,1198,74.0,5,5.35,Volkswagen,Polo 1.2 MPI Highline,12,583.3333333333334
Hyderabad,2014,58470,Petrol,Manual,First,23.1,998,67.04,5,3.9,Maruti,Celerio LXI,12,4872.5
Kolkata,2014,37000,Petrol,Manual,First,21.5,1197,81.8,5,2.8,Maruti,Wagon R VXI 1.2,12,3083.3333333333335
Mumbai,2016,29000,Diesel,Manual,First,26.21,1248,88.5,5,8.75,Maruti,Ciaz ZDi Plus,10,2900.0
Hyderabad,2013,52000,Diesel,Automatic,First,16.55,1968,147.51,5,19.5,Audi,A4 2.0 TDI,13,4000.0
Kolkata,2013,32807,Petrol,Manual,First,19.4,1198,86.8,5,2.75,Honda,Brio S MT,13,2523.6153846153848
Hyderabad,2013,86000,Diesel,Automatic,First,11.79,2179,120.0,8,8.0,Mahindra,Scorpio VLX 2WD AT BSIV,13,6615.384615384615
Delhi,2014,66500,Diesel,Manual,First,26.0,1498,98.6,5,5.7,Honda,City i DTEC V,12,5541.666666666667
Ahmedabad,2012,94000,Diesel,Automatic,First,17.05,1995,184.0,5,12.5,BMW,X1 sDrive20d,14,6714.285714285715
Chennai,2011,29000,Petrol,Manual,Second,18.0,995,62.0,5,1.75,Chevrolet,Spark 1.0 LT,15,1933.3333333333333
Chennai,2010,107389,Diesel,Manual,Second,20.0,1399,68.0,5,1.9,Ford,Figo Diesel EXI,16,6711.8125
Ahmedabad,2015,36100,Petrol,Manual,First,20.4,1197,81.8,5,4.5,Maruti,Swift VXI BSIV,11,3281.818181818182
Mumbai,2015,16329,Diesel,Automatic,First,19.27,2143,170.0,5,30.3,Mercedes-Benz,New C-Class C 220 CDI Avantgarde,11,1484.4545454545455
Hyderabad,2014,36000,Diesel,Automatic,First,19.3,1968,141.0,5,16.0,Skoda,Octavia Elegance 2.0 TDI AT,12,3000.0
Kochi,2017,41816,Diesel,Automatic,First,18.56,1995,190.0,5,32.78,BMW,X3 xDrive20d xLine,9,4646.222222222223
Jaipur,2015,54680,Petrol,Manual,First,21.1,814,55.2,5,2.5,Hyundai,EON Era Plus,11,4970.909090909091
Hyderabad,2017,14000,Diesel,Automatic,First,18.25,1968,187.74,5,43.0,Audi,A4 35 TDI Technology,9,1555.5555555555557
Kochi,2017,23977,Petrol,Manual,First,18.16,1196,86.8,5,5.38,Ford,Figo 2015-2019 1.2P Titanium MT,9,2664.1111111111113
Hyderabad,2013,30131,Petrol,Manual,First,20.92,998,67.1,5,2.65,Maruti,Alto K10 2010-2014 VXI,13,2317.769230769231
Hyderabad,2017,2530,Petrol,Manual,First,24.7,796,47.3,5,3.3,Maruti,Alto 800 2016-2019 VXI,9,281.1111111111111
Hyderabad,2015,39000,Diesel,Automatic,First,19.27,2143,167.62,5,34.0,Mercedes-Benz,New C-Class C 220 CDI Style,11,3545.4545454545455
Chennai,2001,140000,Petrol,Manual,Third,20.3,1086,68.0,5,0.7,Hyundai,Santro D Lite,25,5600.0
Kochi,2017,32257,Diesel,Manual,First,24.4,1120,71.0,5,6.83,Hyundai,Xcent 1.1 CRDi S,9,3584.1111111111113
Kochi,2016,46983,Diesel,Manual,First,25.8,1498,98.6,5,5.77,Honda,Amaze S i-Dtech,10,4698.3
Chennai,2008,107000,Diesel,Manual,Second,17.8,1248,75.0,5,3.1,Maruti,Swift Vdi BSIII,18,5944.444444444444
Mumbai,2017,19000,Petrol,Manual,First,16.2,1199,74.0,5,4.95,Volkswagen,Polo 1.2 MPI Comfortline,9,2111.1111111111113
Bangalore,2013,88000,Diesel,Automatic,First,17.11,1968,174.33,5,16.25,Audi,A4 2.0 TDI 177 Bhp Premium Plus,13,6769.2307692307695
Coimbatore,2012,84384,Diesel,Automatic,First,10.2,4367,308.0,7,52.54,Land,Rover Range Rover 3.6 TDV8 Vogue SE,14,6027.428571428572
Chennai,2011,128000,Diesel,Manual,Third,16.0,2179,140.0,7,6.4,Mahindra,XUV500 W8 2WD,15,8533.333333333334
Bangalore,2011,71000,Diesel,Manual,Third,13.1,2499,141.0,7,6.95,Ford,Endeavour 2.5L 4X2,15,4733.333333333333
Kolkata,2008,50000,Diesel,Manual,First,17.2,1396,53.5,5,0.85,Tata,Indica V2 DLX,18,2777.777777777778
Chennai,2016,16000,Petrol,Manual,First,21.4,1197,83.1,5,6.95,Maruti,Baleno Alpha,10,1600.0
Kolkata,2017,82000,Diesel,Manual,First,24.4,1120,71.0,5,3.45,Hyundai,Xcent 1.1 CRDi Base,9,9111.111111111111
Delhi,2008,80000,Petrol,Manual,First,13.5,1799,130.0,5,2.75,Honda,Civic 2006-2010 1.8 S MT,18,4444.444444444444
Delhi,2015,36000,Petrol,Manual,Second,18.6,1197,81.83,5,4.95,Hyundai,i20 Sportz Option 1.2,11,3272.7272727272725
Coimbatore,2018,17477,Petrol,Manual,First,17.0,1198,108.5,5,9.62,Tata,Nexon 1.2 Revotron XZ Plus,8,2184.625
Coimbatore,2016,16725,Petrol,Manual,First,18.6,1197,81.83,5,6.79,Hyundai,i20 Sportz 1.2,10,1672.5
Mumbai,2014,48241,Petrol,Manual,First,19.1,1197,85.8,5,4.5,Maruti,Swift Dzire ZXI,12,4020.0833333333335
Kochi,2014,52431,Petrol,Manual,First,22.5,998,67.04,5,3.01,Maruti,Wagon R LXI,12,4369.25
Bangalore,2012,68000,Diesel,Manual,First,21.9,1396,88.76,5,4.4,Hyundai,i20 Sportz 1.4 CRDi,14,4857.142857142857
Hyderabad,2012,158000,Diesel,Automatic,First,12.55,2982,168.5,7,17.49,Toyota,Fortuner 4x2 AT,14,11285.714285714286
Coimbatore,2014,31446,Petrol,Manual,First,20.36,1197,78.9,5,4.66,Hyundai,i10 Sportz,12,2620.5
Chennai,2015,25000,Petrol,Manual,First,18.9,1197,82.0,5,5.5,Hyundai,Grand i10 Asta,11,2272.7272727272725
Ahmedabad,2016,57000,Petrol,Manual,First,18.6,1197,81.83,5,6.0,Hyundai,i20 Asta 1.2,10,5700.0
Hyderabad,2007,76000,Petrol,Automatic,First,17.0,1086,113.27689373297004,5,2.4,Hyundai,Santro Xing XL AT eRLX Euro II,19,4000.0
Kochi,2018,57078,Diesel,Manual,First,24.3,1248,88.5,5,10.19,Maruti,Vitara Brezza ZDi Plus,8,7134.75
Kochi,2016,47471,Diesel,Manual,First,25.8,1498,98.6,5,5.25,Honda,Amaze S i-Dtech,10,4747.1
Hyderabad,2014,50000,Diesel,Automatic,First,15.26,2143,203.2,5,45.0,Mercedes-Benz,M-Class ML 250 CDI,12,4166.666666666667
Ahmedabad,2010,62000,Diesel,Manual,First,23.0,1396,90.0,5,2.7,Hyundai,i20 Sportz Diesel,16,3875.0
Coimbatore,2013,65807,Petrol,Manual,First,19.81,1086,68.05,5,3.39,Hyundai,i10 Era,13,5062.076923076923
Hyderabad,2014,81768,Diesel,Manual,First,26.59,1248,74.0,5,5.69,Maruti,Swift Dzire VDI,12,6814.0
Kochi,2018,9952,Petrol,Automatic,First,10.37,2979,306.0,2,58.54,BMW,Z4 2009-2013 Roadster 2.5i,8,1244.0
Hyderabad,2017,24000,Diesel,Manual,First,27.39,1248,74.0,5,8.4,Maruti,Baleno Alpha Diesel,9,2666.6666666666665
Hyderabad,2012,72921,Diesel,Manual,First,25.44,936,57.6,5,2.5,Chevrolet,Beat Diesel,14,5208.642857142857
Pune,2012,59000,Petrol,Manual,First,19.4,1198,86.8,5,3.25,Honda,Brio V MT,14,4214.285714285715
Mumbai,2014,33000,Diesel,Manual,Second,20.0,1399,68.05,5,3.25,Ford,Figo Diesel Titanium,12,2750.0
Pune,2016,36789,Petrol,Automatic,First,23.1,998,67.04,5,4.25,Maruti,Celerio VXI AT,10,3678.9
Jaipur,2014,41000,Diesel,Automatic,First,14.84,2143,170.0,5,18.5,Mercedes-Benz,New C-Class C 220 CDI Elegance AT,12,3416.6666666666665
Hyderabad,2007,71000,Petrol,Automatic,First,17.0,1086,113.27689373297004,5,2.4,Hyundai,Santro Xing XL AT eRLX Euro III,19,3736.842105263158
Jaipur,2015,46650,Petrol,Manual,First,19.4,1198,86.8,5,4.25,Honda,Brio S MT,11,4240.909090909091
Mumbai,2018,3000,Petrol,Automatic,First,21.4,1197,83.1,5,8.85,Maruti,Baleno Alpha CVT,8,375.0
Coimbatore,2014,14799,Petrol,Manual,First,21.1,814,55.2,5,4.14,Hyundai,EON Sportz,12,1233.25
Hyderabad,2015,68525,Diesel,Manual,First,23.0,1396,90.0,5,7.0,Hyundai,i20 1.4 CRDi Sportz,11,6229.545454545455
Hyderabad,2018,15000,Diesel,Automatic,First,10.91,3198,197.0,7,33.0,Ford,Endeavour 3.2 Titanium AT 4X4,8,1875.0
Ahmedabad,2017,29000,Petrol,Manual,First,17.4,1497,117.3,5,10.0,Honda,City i-VTEC VX,9,3222.222222222222
Kochi,2012,77407,Diesel,Manual,Second,21.5,1248,88.8,5,3.53,Maruti,SX4 ZDI,14,5529.071428571428
Jaipur,2007,118000,Petrol,Manual,First,12.9,1598,102.5,5,1.35,Chevrolet,Optra Magnum 1.6 LS Petrol,19,6210.526315789473
Delhi,2013,75000,Diesel,Manual,First,20.54,1598,103.6,5,4.5,Volkswagen,Vento Diesel Highline,13,5769.2307692307695
Pune,2012,69000,Petrol,Manual,First,16.8,1497,116.3,5,4.9,Honda,City V MT,14,4928.571428571428
Kochi,2016,52553,Diesel,Manual,First,19.67,1582,126.2,5,12.26,Hyundai,Creta 1.6 CRDi SX Option,10,5255.3
Mumbai,2014,58000,Diesel,Manual,Second,24.4,1120,71.0,5,3.99,Hyundai,Xcent 1.1 CRDi SX,12,4833.333333333333
Mumbai,2017,24000,Diesel,Automatic,First,17.9,2143,170.0,5,46.95,Mercedes-Benz,GLC 220d 4MATIC Style,9,2666.6666666666665
Hyderabad,2015,65542,Diesel,Manual,First,20.0,1399,68.0,5,3.8,Ford,Figo Diesel EXI,11,5958.363636363636
Ahmedabad,2013,68008,Diesel,Manual,Second,15.0,1896,105.0,5,6.75,Volkswagen,Jetta 2007-2011 2.0 TDI Trendline,13,5231.384615384615
Coimbatore,2017,22251,Diesel,Manual,First,18.49,1493,100.0,7,8.75,Mahindra,TUV 300 2015-2019 T8,9,2472.3333333333335
Chennai,2013,55000,Petrol,Manual,Second,15.8,1499,110.0,5,5.2,Ford,Ecosport 1.5 Ti VCT MT Titanium,13,4230.7692307692305
Kochi,2017,19387,Petrol,Manual,First,17.1,1591,121.3,5,8.42,Hyundai,Verna 1.6 SX VTVT (O),9,2154.1111111111113
Pune,2014,58000,CNG,Manual,First,26.6,998,58.16,5,3.0,Maruti,Wagon R LXI CNG,12,4833.333333333333
Mumbai,2016,24001,Petrol,Manual,First,18.6,1197,81.83,5,5.75,Hyundai,i20 Sportz 1.2,10,2400.1
Kolkata,2008,17000,Diesel,Automatic,First,15.2,1968,140.8,5,9.75,Audi,A4 New 2.0 TDI Multitronic,18,944.4444444444445
Delhi,2015,28500,Petrol,Manual,First,19.49,1198,67.04,5,3.5,Nissan,Micra Active XV S,11,2590.909090909091
Jaipur,2014,66000,Diesel,Automatic,First,15.26,2143,203.2,5,30.0,Mercedes-Benz,M-Class ML 250 CDI,12,5500.0
Delhi,2017,22000,Diesel,Automatic,First,12.83,2179,147.5,5,35.0,Land,Rover Discovery Sport TD4 S,9,2444.4444444444443
Coimbatore,2018,44383,Petrol,Manual,First,15.8,1591,121.3,5,13.25,Hyundai,Creta 1.6 SX Option Executive,8,5547.875
Mumbai,2013,45000,Diesel,Manual,First,20.5,1598,103.5,5,3.65,Skoda,Rapid 1.6 TDI Active,13,3461.5384615384614
Jaipur,2015,58000,Diesel,Manual,First,23.4,1248,74.0,5,5.25,Maruti,Swift Dzire VDI,11,5272.727272727273
Delhi,2016,69000,Petrol,Manual,First,15.8,1591,121.3,5,9.7,Hyundai,Creta 1.6 SX,10,6900.0
Coimbatore,2017,60993,Diesel,Manual,First,24.0,1120,70.0,5,5.21,Hyundai,Grand i10 CRDi Sportz,9,6777.0
Pune,2016,67000,Diesel,Manual,First,18.49,1493,100.0,7,6.3,Mahindra,TUV 300 T8,10,6700.0
Kochi,2014,51134,Diesel,Manual,First,24.0,1120,70.0,5,4.72,Hyundai,Grand i10 CRDi Sportz,12,4261.166666666667
Chennai,2011,55000,Diesel,Automatic,Second,11.7,2993,245.0,5,28.0,BMW,X5 xDrive 30d,15,3666.6666666666665
Coimbatore,2018,25082,Diesel,Automatic,First,28.4,1248,73.75,5,8.37,Maruti,Dzire AMT VDI,8,3135.25
Delhi,2012,68350,Diesel,Manual,First,12.55,2982,168.5,7,14.0,Toyota,Fortuner 4x4 MT,14,4882.142857142857
Hyderabad,2015,50000,Diesel,Automatic,First,17.68,1968,174.33,5,36.0,Audi,A6 2011-2015 35 TDI Technology,11,4545.454545454545
Pune,2015,97000,Diesel,Manual,First,27.3,1498,98.6,5,6.4,Honda,Jazz 1.5 V i DTEC,11,8818.181818181818
Coimbatore,2015,56238,Diesel,Automatic,First,11.33,4134,335.2,7,51.69,Audi,Q7 4.2 TDI Quattro Technology,11,5112.545454545455
Jaipur,2014,72618,Diesel,Manual,First,12.05,2179,120.0,7,8.0,Mahindra,Scorpio 2009-2014 VLX 2WD 7S BSIV,12,6051.5
Hyderabad,2012,62005,Diesel,Manual,First,18.3,1991,147.9,5,9.8,Chevrolet,Cruze LTZ,14,4428.928571428572
Hyderabad,2012,61250,Diesel,Manual,First,25.44,936,57.6,5,2.7,Chevrolet,Beat Diesel LT,14,4375.0
Coimbatore,2014,28469,Diesel,Automatic,First,18.25,1968,187.74,5,24.37,Audi,A4 35 TDI Premium Plus,12,2372.4166666666665
Kochi,2018,21488,Petrol,Automatic,First,14.3,1598,103.52,5,9.72,Skoda,Rapid 1.6 MPI AT Style,8,2686.0
Pune,2014,197000,Diesel,Manual,First,23.4,1248,74.0,5,5.0,Maruti,Swift Dzire VDI,12,16416.666666666668
Pune,2009,138205,Diesel,Manual,Second,11.5,2982,171.0,7,10.5,Toyota,Fortuner 3.0 Diesel,17,8129.705882352941
Jaipur,2012,160000,Diesel,Manual,Second,22.9,1248,74.0,5,3.9,Maruti,Swift VDI,14,11428.57142857143
Coimbatore,2012,67590,Petrol,Manual,First,17.0,1497,118.0,5,5.65,Honda,City 1.5 V MT Exclusive,14,4827.857142857143
Mumbai,2012,52000,Diesel,Automatic,First,15.26,2143,203.2,5,29.95,Mercedes-Benz,M-Class ML 250 CDI,14,3714.285714285714
Bangalore,2008,100000,Diesel,Manual,Second,17.8,1248,75.0,5,3.0,Maruti,Swift Ldi BSIII,18,5555.555555555556
Kolkata,2017,60048,Diesel,Manual,First,26.1,1498,99.0,5,6.0,Ford,Aspire Titanium Diesel,9,6672.0
Mumbai,2009,48000,Petrol,Manual,First,20.36,1197,78.9,5,2.11,Hyundai,i10 Sportz,17,2823.529411764706
Jaipur,2011,100000,Petrol,Manual,First,19.7,796,46.3,5,1.5,Maruti,Alto LXi,15,6666.666666666667
Coimbatore,2013,62601,Diesel,Manual,First,23.59,1364,113.27689373297004,5,4.67,Toyota,Etios Liva GD,13,4815.461538461538
Bangalore,2006,80010,Petrol,Manual,Second,20.4,1197,81.8,5,2.85,Maruti,Swift VXI BSIV,20,4000.5
Coimbatore,2017,26493,Diesel,Automatic,First,19.27,2143,170.0,5,33.64,Mercedes-Benz,New C-Class C 220 CDI Avantgarde,9,2943.6666666666665
Hyderabad,2011,96000,Diesel,Manual,Second,17.88,1396,52.8,5,0.91,Tata,Indica V2 DLE BSIII,15,6400.0
Jaipur,2014,45700,Petrol,Manual,Second,22.74,796,47.3,5,2.42,Maruti,Alto 800 VXI,12,3808.3333333333335
Kolkata,2005,13000,Petrol,Automatic,First,9.3,2771,193.1,5,3.25,Skoda,Superb 2.8 V6 AT,21,619.047619047619
Kolkata,2013,38000,Petrol,Manual,First,16.47,1198,73.9,5,2.8,Volkswagen,Polo Petrol Comfortline 1.2L,13,2923.076923076923
Coimbatore,2019,8018,Petrol,Automatic,First,22.0,1197,81.8,5,8.3,Maruti,Dzire AMT ZXI Plus,7,1145.4285714285713
Bangalore,2010,144400,Diesel,Manual,Third,12.05,2179,120.0,8,5.25,Mahindra,Scorpio VLX,16,9025.0
Jaipur,2010,152000,Diesel,Manual,First,17.8,1248,75.0,5,2.9,Maruti,Swift Vdi BSIII,16,9500.0
Pune,2013,71000,Diesel,Automatic,First,18.88,1995,184.0,5,15.0,BMW,3 Series 320d Prestige,13,5461.538461538462
Jaipur,2012,80000,Petrol,Manual,Second,25.4,624,37.5,4,0.53,Tata,Nano STD SE,14,5714.285714285715
Mumbai,2014,87143,Diesel,Manual,First,12.99,2494,100.0,8,12.5,Toyota,Innova 2.5 VX (Diesel) 8 Seater,12,7261.916666666667
Mumbai,2012,25000,Petrol,Manual,First,18.4,1198,86.8,5,2.75,Honda,Brio S Option MT,14,1785.7142857142858
Pune,2018,2000,Petrol,Automatic,First,23.84,1199,83.83,5,5.0,Tata,Tiago AMT 1.2 Revotron XZA,8,250.0
Kochi,2014,45239,Diesel,Manual,First,12.05,2179,120.0,8,7.09,Mahindra,Scorpio SLE BSIV,12,3769.9166666666665
Hyderabad,2011,101999,Diesel,Automatic,First,16.73,1995,218.0,5,19.99,BMW,5 Series 2003-2012 525d,15,6799.933333333333
Mumbai,2014,74219,Diesel,Manual,First,21.43,1364,87.2,5,10.75,Toyota,Corolla Altis D-4D GL,12,6184.916666666667
Mumbai,2016,25000,Petrol,Automatic,First,18.0,1497,117.3,5,9.45,Honda,City i VTEC CVT VX,10,2500.0
Hyderabad,2008,109606,Diesel,Manual,First,22.0,1582,126.2,5,2.9,Hyundai,Verna CRDi 1.6 SX Option,18,6089.222222222223
Kolkata,2015,36000,Diesel,Manual,First,26.59,1248,74.0,5,4.7,Maruti,Swift Dzire VDI Optional,11,3272.7272727272725
Coimbatore,2016,41810,Petrol,Manual,First,20.73,1373,91.1,5,7.11,Maruti,Ciaz ZXi,10,4181.0
Jaipur,2014,93321,Diesel,Manual,First,22.7,1498,89.84,5,6.25,Ford,Ecosport 1.5 DV5 MT Titanium,12,7776.75
Hyderabad,2011,81000,Petrol,Manual,First,20.92,998,67.1,5,2.2,Maruti,Alto K10 2010-2014 VXI,15,5400.0
Kochi,2019,25717,Petrol,Automatic,First,19.0,1199,88.76,5,8.86,Honda,Amaze V CVT Petrol,7,3673.8571428571427
Delhi,2015,37000,Diesel,Manual,First,15.1,2179,140.0,7,9.3,Mahindra,XUV500 W6 2WD,11,3363.6363636363635
Coimbatore,2017,56380,Diesel,Manual,First,18.49,1493,100.0,7,7.57,Mahindra,TUV 300 2015-2019 T8,9,6264.444444444444
Chennai,2017,8000,Petrol,Manual,First,18.2,1199,88.7,5,7.9,Honda,Jazz VX,9,888.8888888888889
Kochi,2018,14589,Petrol,Manual,First,16.1,1298,88.2,5,5.65,Maruti,Swift VXI BSIII W/ ABS,8,1823.625
Delhi,2013,65088,Petrol,Manual,First,16.47,1198,73.9,5,3.25,Volkswagen,Polo Petrol Highline 1.2L,13,5006.7692307692305
Coimbatore,2019,24864,Diesel,Manual,First,20.5,1582,126.2,5,16.27,Hyundai,Creta 1.6 SX Option Diesel,7,3552.0
Coimbatore,2011,64831,Petrol,Manual,First,18.6,1199,79.4,5,3.21,Chevrolet,Beat LS,15,4322.066666666667
Kolkata,2013,38001,Diesel,Manual,First,25.8,1498,98.6,5,3.9,Honda,Amaze VX i-DTEC,13,2923.153846153846
Mumbai,2008,77000,Petrol,Automatic,Second,10.0,2496,157.7,5,6.5,Mercedes-Benz,E-Class 230 E AT,18,4277.777777777777
Hyderabad,2016,27000,Diesel,Automatic,First,18.59,2993,265.0,5,48.0,BMW,5 Series 530d M Sport,10,2700.0
Mumbai,2016,39000,Diesel,Automatic,First,20.38,1968,143.0,5,18.9,Audi,A3 35 TDI Premium Plus,10,3900.0
Pune,2015,131000,Diesel,Manual,First,26.59,1248,74.0,5,3.6,Maruti,Swift Dzire VDI,11,11909.09090909091
Kolkata,2015,43000,Diesel,Manual,First,26.59,1248,74.0,5,5.5,Maruti,Swift Dzire VDI,11,3909.090909090909
Pune,2011,68000,Diesel,Manual,Second,12.8,2494,102.0,7,7.0,Toyota,Innova 2.5 V Diesel 7-seater,15,4533.333333333333
Bangalore,2016,45165,Diesel,Automatic,First,16.09,1995,184.0,5,41.75,BMW,X3 xDrive20d,10,4516.5
Hyderabad,2007,120000,Diesel,Automatic,First,16.73,1995,218.0,5,10.5,BMW,5 Series 2003-2012 525d,19,6315.789473684211
Coimbatore,2014,86091,Diesel,Manual,First,15.1,2179,140.0,7,10.09,Mahindra,XUV500 W8 2WD,12,7174.25
Delhi,2009,71499,Petrol,Manual,First,17.0,1497,118.0,5,3.0,Honda,City 1.5 S MT,17,4205.823529411765
Chennai,2014,50000,Diesel,Manual,First,17.0,2200,139.01,7,12.0,Force,One LX 4x4,12,4166.666666666667
Jaipur,2015,66000,Diesel,Manual,First,20.14,1498,88.0,5,4.91,Volkswagen,Polo 1.5 TDI Comfortline,11,6000.0
Kolkata,2010,45000,Petrol,Manual,First,16.0,1198,90.0,5,2.0,Honda,Jazz S,16,2812.5
Hyderabad,2015,69189,Diesel,Manual,First,23.59,1364,67.06,5,5.3,Toyota,Etios Liva GD SP,11,6289.909090909091
Mumbai,2014,40206,Diesel,Manual,First,19.01,1461,108.5,5,7.22,Nissan,Terrano XV Premium 110 PS,12,3350.5
Kochi,2017,36723,Diesel,Automatic,First,18.56,1995,190.0,5,32.57,BMW,X3 xDrive 20d xLine,9,4080.3333333333335
Mumbai,2010,57500,Petrol,Manual,First,18.5,1197,80.0,5,2.75,Hyundai,i20 1.2 Magna,16,3593.75
Kochi,2018,43912,CNG,Manual,First,15.1,1196,73.0,5,4.33,Maruti,Eeco 5 STR With AC Plus HTR CNG,8,5489.0
Hyderabad,2011,52000,Diesel,Manual,First,17.8,1399,68.0,5,3.75,Ford,Fiesta EXi 1.4 TDCi Ltd,15,3466.6666666666665
Kochi,2014,60952,Petrol,Automatic,First,16.8,1497,118.0,5,5.91,Honda,City 1.5 V AT,12,5079.333333333333
Chennai,2013,87192,Diesel,Manual,First,25.2,1248,74.0,5,4.35,Maruti,Swift VDI BSIV,13,6707.076923076923
Delhi,2014,58000,Diesel,Manual,First,24.0,1120,70.0,5,3.25,Hyundai,Grand i10 CRDi SportZ Edition,12,4833.333333333333
Pune,2017,59500,Diesel,Automatic,First,14.75,2967,245.0,7,68.0,Audi,Q7 45 TDI Quattro Technology,9,6611.111111111111
Mumbai,2016,16650,Petrol,Manual,First,17.0,1198,74.0,5,5.5,Volkswagen,Ameo 1.2 MPI Highline 16 Alloy,10,1665.0
Kochi,2018,34696,Petrol,Automatic,First,18.0,1497,117.3,5,12.08,Honda,City i VTEC CVT VX,8,4337.0
Kochi,2018,42243,Diesel,Manual,First,27.39,1248,74.0,5,7.48,Maruti,Baleno Alpha 1.3,8,5280.375
Jaipur,2016,57824,Diesel,Manual,First,24.0,1120,70.0,5,5.5,Hyundai,Grand i10 CRDi Sportz,10,5782.4
Jaipur,2011,110000,Diesel,Manual,First,19.3,1248,73.9,5,3.5,Maruti,Swift Dzire VDi,15,7333.333333333333
Delhi,2013,72000,Diesel,Automatic,First,0.0,2179,115.0,5,15.5,Land,Rover Freelander 2 TD4 HSE,13,5538.461538461538
Hyderabad,2013,63455,Diesel,Manual,First,11.5,2982,171.0,7,19.0,Toyota,Fortuner 3.0 Diesel,13,4881.153846153846
Hyderabad,2017,17151,Diesel,Manual,First,27.3,1498,98.6,5,8.4,Honda,Jazz VX Diesel,9,1905.6666666666667
Pune,2016,31001,Diesel,Manual,First,24.3,1248,88.5,5,7.25,Maruti,Vitara Brezza LDi Option,10,3100.1
Kolkata,2014,42109,Diesel,Manual,First,23.4,1248,74.0,5,4.25,Maruti,Swift Dzire VDI,12,3509.0833333333335
Delhi,2015,55000,Diesel,Automatic,Second,21.66,1498,103.52,5,5.7,Skoda,Rapid 1.5 TDI AT Elegance,11,5000.0
Hyderabad,2013,46000,Diesel,Automatic,Second,0.0,2179,115.0,5,26.0,Land,Rover Freelander 2 TD4 SE,13,3538.4615384615386
Hyderabad,2013,30852,Petrol,Manual,First,22.74,796,47.3,5,2.49,Maruti,Alto 800 LXI,13,2373.230769230769
Pune,2011,65000,Petrol,Manual,Second,16.47,1198,73.9,5,3.0,Volkswagen,Polo Petrol Highline 1.2L,15,4333.333333333333
Delhi,2015,65000,Diesel,Manual,First,26.0,1498,98.6,5,5.95,Honda,City i DTEC SV,11,5909.090909090909
Delhi,2013,72000,Diesel,Manual,First,23.4,1248,74.0,5,2.69,Maruti,Swift Dzire LDI,13,5538.461538461538
Bangalore,2014,29000,Diesel,Automatic,First,17.11,1968,174.33,5,26.0,Audi,A4 2.0 TDI 177 Bhp Technology Edition,12,2416.6666666666665
Kolkata,2015,32000,Petrol,Manual,First,17.8,1497,117.3,5,5.5,Honda,City i VTEC VX,11,2909.090909090909
Chennai,2016,29875,Petrol,Manual,First,18.16,1196,86.8,5,4.85,Ford,Figo Aspire 1.2 Ti-VCT Ambiente,10,2987.5
Kochi,2018,32539,Diesel,Manual,First,24.3,1248,88.5,5,8.39,Maruti,Vitara Brezza LDi,8,4067.375
Hyderabad,2015,83090,Diesel,Manual,First,19.01,1461,108.45,5,7.99,Renault,Duster 110PS Diesel RxL,11,7553.636363636364
Hyderabad,2016,62679,Diesel,Manual,First,21.19,1396,88.73,5,6.95,Hyundai,i20 Active 1.4 SX,10,6267.9
Mumbai,2010,93000,Petrol,Manual,First,15.7,1390,75.0,5,1.5,Mahindra,Logan Petrol 1.4 GLE,16,5812.5
Mumbai,2006,44000,Petrol,Manual,First,17.7,1497,78.0,5,1.55,Honda,City ZX GXi,20,2200.0
Bangalore,2010,78400,Petrol,Manual,Second,15.6,1196,70.0,5,2.75,Ford,Figo Petrol EXI,16,4900.0
Mumbai,2014,71300,Petrol,Manual,First,13.06,1598,102.53,5,4.25,Renault,Duster Petrol RxL,12,5941.666666666667
Kolkata,2015,18000,Petrol,Manual,First,20.36,1197,78.9,5,2.85,Hyundai,i10 Sportz 1.2,11,1636.3636363636363
Coimbatore,2019,24013,Diesel,Automatic,First,12.81,1999,148.31,7,56.14,Land,Rover Discovery Sport TD4 HSE 7S,7,3430.4285714285716
Ahmedabad,2009,99100,Petrol,Automatic,Second,9.74,1984,208.0,5,10.0,Audi,Q5 2008-2012 2.0 TFSI Quattro,17,5829.411764705882
Mumbai,2003,62000,Petrol,Manual,Second,11.3,1298,83.1,8,1.25,Maruti,Versa DX2 BS II,23,2695.6521739130435
Kolkata,2017,14000,Diesel,Manual,First,26.59,1248,74.0,5,7.5,Maruti,Swift Dzire ZDI,9,1555.5555555555557
Coimbatore,2015,44811,Diesel,Automatic,First,17.11,1968,174.33,5,25.81,Audi,A4 2.0 TDI Premium Sport Limited Edition,11,4073.7272727272725
Ahmedabad,2014,44000,Petrol,Manual,First,16.47,1198,74.0,5,4.3,Volkswagen,Polo 1.2 MPI Comfortline,12,3666.6666666666665
Chennai,2010,136000,Diesel,Manual,Second,11.5,2982,171.0,7,11.0,Toyota,Fortuner 3.0 Diesel,16,8500.0
Jaipur,2010,144113,Diesel,Manual,Second,11.5,2982,171.0,7,11.75,Toyota,Fortuner 3.0 Diesel,16,9007.0625
Coimbatore,2012,94989,Petrol,Manual,First,12.8,2354,177.6,5,6.58,Honda,Accord 2.4 MT,14,6784.928571428572
Chennai,2012,58133,Diesel,Manual,First,22.9,1248,74.0,5,4.8,Maruti,Swift ZDi,14,4152.357142857143
Pune,2008,61000,Petrol,Manual,Second,17.5,1198,70.0,5,1.65,Skoda,Fabia 1.2 MPI Classic,18,3388.8888888888887
Kolkata,2017,27000,Diesel,Manual,First,17.1,1956,170.0,5,15.0,Jeep,Compass 2.0 Sport,9,3000.0
Ahmedabad,2014,18050,Petrol,Manual,Second,25.4,624,37.5,4,1.0,Tata,Nano Twist XT,12,1504.1666666666667
Hyderabad,2007,145277,Petrol,Manual,First,15.3,1596,101.0,5,1.65,Ford,Fiesta 1.6 ZXi ABS,19,7646.1578947368425
Ahmedabad,2015,42000,Diesel,Manual,First,27.62,793,47.0,5,3.6,Maruti,Celerio ZDi,11,3818.181818181818
Delhi,2011,86000,Diesel,Manual,First,11.5,2982,171.0,7,11.5,Toyota,Fortuner 3.0 Diesel,15,5733.333333333333
Ahmedabad,2015,42150,Diesel,Manual,First,27.62,793,47.0,5,3.6,Maruti,Celerio ZDi,11,3831.818181818182
Pune,2015,30158,Petrol,Manual,First,21.1,814,55.2,5,3.05,Hyundai,EON Era Plus,11,2741.6363636363635
Bangalore,2011,47000,Diesel,Manual,Second,23.5,1498,90.0,5,6.0,Ford,Fiesta Diesel Trend,15,3133.3333333333335
Ahmedabad,2013,39000,Petrol,Manual,First,16.47,1198,74.0,5,3.75,Volkswagen,Polo 1.2 MPI Comfortline,13,3000.0
Coimbatore,2016,32125,Petrol,Manual,First,16.2,1199,74.0,5,6.17,Volkswagen,Polo 1.2 MPI Comfortline,10,3212.5
Coimbatore,2017,58829,Diesel,Manual,First,24.3,1248,88.5,5,9.05,Maruti,Vitara Brezza ZDi,9,6536.555555555556
Coimbatore,2013,67559,Petrol,Manual,First,19.4,1198,86.8,5,4.05,Honda,Brio S MT,13,5196.846153846154
Pune,2013,55000,Petrol,Manual,First,17.5,1298,85.8,5,4.25,Maruti,Swift Dzire VXi,13,4230.7692307692305
Kolkata,2018,30000,Petrol,Manual,First,23.1,998,67.04,5,3.75,Maruti,Celerio LXI MT,8,3750.0
Mumbai,2016,28000,Petrol,Automatic,First,13.0,1591,121.3,5,11.85,Hyundai,Creta 1.6 SX Plus Petrol Automatic,10,2800.0
Kochi,2016,31826,Diesel,Manual,First,22.7,1498,89.84,5,8.24,Ford,Ecosport 1.5 DV5 MT Titanium,10,3182.6
Hyderabad,2016,64000,Diesel,Manual,First,17.8,1248,113.27689373297004,5,5.99,Maruti,Swift VDI BSIV W ABS,10,6400.0
Jaipur,2008,100009,Petrol,Manual,Second,13.1,1997,141.1,5,6.5,Honda,CR-V RVi MT,18,5556.055555555556
Coimbatore,2019,17201,Diesel,Automatic,First,12.51,2179,187.7,7,58.91,Land,Rover Discovery Sport SD4 HSE Luxury 7S,7,2457.285714285714
Delhi,2014,74345,Diesel,Manual,First,15.1,2179,140.0,7,8.0,Mahindra,XUV500 W8 2WD,12,6195.416666666667
Kochi,2015,58134,Petrol,Manual,First,16.47,1198,74.0,5,4.64,Volkswagen,Polo 1.2 MPI Highline,11,5284.909090909091
Kochi,2010,30566,Petrol,Automatic,First,19.2,1197,80.0,5,3.32,Hyundai,i10 Magna AT,16,1910.375
Chennai,2012,55231,Petrol,Manual,Second,20.36,1197,78.9,5,2.78,Hyundai,i10 Magna 1.2,14,3945.0714285714284
Kochi,2016,67774,Diesel,Automatic,First,14.81,1998,163.7,5,8.95,Chevrolet,Cruze LTZ AT,10,6777.4
Mumbai,2013,50319,Petrol,Automatic,First,12.0,1991,181.03,5,21.95,Mercedes-Benz,E-Class E 200 CGI,13,3870.6923076923076
Ahmedabad,2013,45000,Petrol,Manual,First,11.7,2359,134.0,5,7.9,Hyundai,Sonata 2.4 GDI,13,3461.5384615384614
Kolkata,2007,43627,Petrol,Automatic,First,11.74,1796,186.0,5,29.0,Mercedes-Benz,New C-Class C 200 Kompressor Elegance AT,19,2296.157894736842
Kolkata,2013,45000,Diesel,Manual,First,22.07,1199,73.9,5,3.25,Volkswagen,Polo Diesel Trendline 1.2L,13,3461.5384615384614
Mumbai,2014,10500,Petrol,Manual,First,17.4,1497,117.3,5,5.9,Honda,City i VTEC SV,12,875.0
Coimbatore,2017,21789,Diesel,Manual,First,24.3,1248,88.5,5,9.88,Maruti,Vitara Brezza ZDi,9,2421.0
Coimbatore,2019,21134,Petrol,Manual,First,18.6,1197,81.86,5,8.78,Hyundai,Elite i20 Asta Option,7,3019.1428571428573
Kolkata,2011,90000,Diesel,Manual,Second,13.93,2179,138.1,7,2.75,Tata,New Safari Dicor EX 4X2,15,6000.0
Kochi,2014,51553,Diesel,Manual,First,21.64,1461,84.8,5,5.98,Nissan,Sunny 2011-2014 Diesel XL,12,4296.083333333333
Delhi,2011,31000,Petrol,Automatic,First,10.9,2497,215.0,5,31.0,BMW,3 Series 330 Ci Convertible,15,2066.6666666666665
Delhi,2011,67422,Petrol,Manual,Second,14.53,1798,138.0,5,3.55,Toyota,Corolla 1.8 J,15,4494.8
Kochi,2015,60519,Diesel,Manual,First,22.32,1582,126.32,5,6.24,Hyundai,Verna 1.6 SX,11,5501.727272727273
Kolkata,2009,34000,Diesel,Manual,First,19.3,1248,73.9,5,2.19,Maruti,Swift Dzire VDi,17,2000.0
Hyderabad,2013,68434,Diesel,Manual,First,28.4,1248,73.75,5,5.5,Maruti,Dzire VDI,13,5264.153846153846
Pune,2014,17000,Petrol,Manual,First,24.07,998,67.1,5,2.1,Maruti,Alto K10 VXI,12,1416.6666666666667
Coimbatore,2011,43686,Petrol,Automatic,First,10.5,5000,503.0,4,50.66,Jaguar,XJ 5.0 L V8 Supercharged,15,2912.4
Kolkata,2012,22000,Diesel,Automatic,First,14.84,2143,170.0,5,14.0,Mercedes-Benz,New C-Class 220 CDI AT,14,1571.4285714285713
Mumbai,2013,79225,Diesel,Manual,First,22.0,1582,126.2,5,5.5,Hyundai,Verna CRDi 1.6 SX Option,13,6094.2307692307695
Pune,2007,63000,Petrol,Manual,Third,14.2,1598,102.0,5,1.2,Chevrolet,Aveo 1.6 LT,19,3315.7894736842104
Hyderabad,2014,61922,Petrol,Manual,First,20.4,1197,81.8,5,5.3,Maruti,Swift VXI BSIV,12,5160.166666666667
Chennai,2015,85000,Diesel,Manual,First,23.9,1582,126.2,5,6.3,Hyundai,Verna 1.6 CRDi S,11,7727.272727272727
Kochi,2017,26192,Diesel,Automatic,First,17.9,2143,168.0,5,40.47,Mercedes-Benz,GLC 220d Celebration Edition,9,2910.222222222222
Delhi,2013,65000,Diesel,Manual,First,13.0,2982,168.5,7,16.1,Toyota,Fortuner 4x2 Manual,13,5000.0
Delhi,2014,44999,Diesel,Automatic,First,12.8,1968,167.6,5,25.0,Audi,Q5 2008-2012 2.0 TDI,12,3749.9166666666665
Mumbai,2008,81308,Diesel,Automatic,Second,13.2,1995,170.0,5,7.95,BMW,3 Series 320d Dynamic,18,4517.111111111111
Delhi,2016,35000,Petrol,Manual,First,24.7,796,47.3,5,2.65,Maruti,Alto 800 2016-2019 LXI,10,3500.0
Coimbatore,2012,65349,Petrol,Manual,First,20.92,998,67.1,5,2.81,Maruti,Alto K10 2010-2014 VXI,14,4667.785714285715
Hyderabad,2012,80000,Petrol,Automatic,First,15.64,1798,167.62,5,17.5,Audi,A4 1.8 TFSI Technology Edition,14,5714.285714285715
Mumbai,2012,61000,Petrol,Manual,First,16.1,1197,85.0,5,3.3,Maruti,Swift VXi BSIV,14,4357.142857142857
Kochi,2019,31817,Petrol,Manual,First,22.5,998,67.04,5,5.34,Maruti,Wagon R VXI,7,4545.285714285715
Hyderabad,2016,41000,Diesel,Manual,First,21.14,1498,103.52,5,8.5,Skoda,Rapid 1.5 TDI Ambition,10,4100.0
Kochi,2010,82606,Petrol,Manual,Second,16.0,1198,90.0,5,2.69,Honda,Jazz S,16,5162.875
Ahmedabad,2015,52000,Diesel,Manual,First,16.0,2179,140.0,7,11.5,Mahindra,XUV500 W10 2WD,11,4727.272727272727
Coimbatore,2011,50318,Petrol,Manual,First,18.5,1197,85.8,5,4.06,Maruti,Ritz VXi,15,3354.5333333333333
Hyderabad,2016,50000,Diesel,Automatic,First,17.9,2143,201.15,5,49.0,Mercedes-Benz,GLE 250d,10,5000.0
Bangalore,2012,72000,Diesel,Manual,First,20.5,1598,103.5,5,4.6,Skoda,Rapid 1.6 TDI Ambition,14,5142.857142857143
Delhi,2015,63776,Diesel,Manual,First,24.0,1120,70.0,5,3.96,Hyundai,Grand i10 CRDi Magna,11,5797.818181818182
Mumbai,2015,28133,Petrol,Manual,First,18.6,1197,81.86,5,5.6,Hyundai,Elite i20 Petrol Asta,11,2557.5454545454545
Kolkata,2017,45000,Diesel,Manual,First,22.95,1248,74.0,5,3.75,Tata,Zest Quadrajet 1.3 75PS XE,9,5000.0
Jaipur,2015,55697,Diesel,Manual,First,22.54,1396,88.73,5,5.5,Hyundai,i20 Magna 1.4 CRDi,11,5063.363636363636
Delhi,2012,62000,Diesel,Manual,Second,20.5,1598,103.5,5,3.0,Skoda,Rapid 1.6 TDI Elegance,14,4428.571428571428
Mumbai,2011,48000,Petrol,Manual,First,16.0,1368,90.0,5,3.0,Fiat,Linea Emotion,15,3200.0
Pune,2010,90246,Petrol,Manual,First,16.1,1298,88.2,5,2.95,Maruti,Swift VXI BSIII W/ ABS,16,5640.375
Hyderabad,2015,80500,Diesel,Manual,First,25.0,1396,69.0,5,2.45,Tata,Indica V2 2001-2011 eLS,11,7318.181818181818
Pune,2012,119000,Diesel,Automatic,First,14.84,2143,170.0,5,13.99,Mercedes-Benz,New C-Class C 220 CDI Elegance AT,14,8500.0
Bangalore,2016,28541,Diesel,Automatic,First,11.57,2987,254.79,5,60.75,Mercedes-Benz,GLE 350d,10,2854.1
Kolkata,2008,45500,Petrol,Manual,Second,0.0,1086,113.27689373297004,5,1.17,Hyundai,Santro Xing XP,18,2527.777777777778
Chennai,2012,41000,Petrol,Manual,Second,16.8,1497,116.3,5,4.5,Honda,City V MT AVN,14,2928.5714285714284
Mumbai,2010,58000,Petrol,Manual,Second,18.5,1197,80.0,5,2.5,Hyundai,i20 Magna,16,3625.0
Chennai,2015,99000,Diesel,Manual,First,13.0,2982,168.5,7,20.5,Toyota,Fortuner 4x2 Manual,11,9000.0
Delhi,2014,31200,Petrol,Manual,First,18.9,1197,82.0,5,3.9,Hyundai,Grand i10 Magna,12,2600.0
Chennai,2009,85000,Diesel,Manual,Second,15.0,1896,105.0,5,3.5,Volkswagen,Jetta 2007-2011 2.0 TDI Comfortline,17,5000.0
Hyderabad,2016,60924,Petrol,Automatic,First,15.63,1499,110.4,5,8.3,Ford,EcoSport 1.5 Ti VCT AT Titanium,10,6092.4
Chennai,2012,45000,Petrol,Manual,First,21.1,814,55.2,5,2.5,Hyundai,EON Magna Plus,14,3214.285714285714
Kolkata,2011,44000,Petrol,Automatic,First,19.15,1198,75.94,5,2.65,Nissan,Micra XV CVT,15,2933.3333333333335
Kochi,2016,30534,Petrol,Automatic,First,19.0,1199,88.7,5,7.42,Honda,Jazz 1.2 V CVT i VTEC,10,3053.4
Kochi,2016,46399,Petrol,Manual,First,16.47,1198,74.0,5,4.63,Volkswagen,Polo 1.2 MPI Trendline,10,4639.9
Kolkata,2008,42000,Petrol,Manual,First,19.7,796,46.3,5,1.09,Maruti,Alto LXi,18,2333.3333333333335
Delhi,2011,67000,Diesel,Manual,First,22.32,1582,126.32,5,3.8,Hyundai,Verna 1.6 SX,15,4466.666666666667
Mumbai,2013,58000,Diesel,Automatic,First,10.0,2148,170.0,5,15.75,Mercedes-Benz,E-Class 2009-2013 E 220 CDI Avantgarde,13,4461.538461538462
Coimbatore,2015,27000,Petrol,Manual,First,17.57,1193,88.7,5,5.27,Tata,Zest Revotron 1.2 XT,11,2454.5454545454545
Mumbai,2012,39566,Petrol,Manual,Second,18.4,1198,86.8,5,2.75,Honda,Brio S Option MT,14,2826.1428571428573
Chennai,2016,14980,Diesel,Manual,First,27.3,1498,98.6,5,7.4,Honda,Jazz VX Diesel,10,1498.0
Jaipur,2017,18491,Petrol,Automatic,First,24.07,998,67.1,5,3.9,Maruti,Alto K10 VXI AGS,9,2054.5555555555557
Jaipur,2000,90000,Petrol,Manual,Second,17.3,993,60.0,5,0.7,Maruti,Zen VXi - BS III,26,3461.5384615384614
Pune,2015,118211,Diesel,Manual,First,22.54,1396,88.73,5,5.9,Hyundai,i20 Sportz 1.4 CRDi,11,10746.454545454546
Coimbatore,2016,63316,Diesel,Manual,First,22.7,1598,118.0,5,9.58,Maruti,SX4 S Cross DDiS 320 Zeta,10,6331.6
Delhi,2014,42000,Diesel,Automatic,First,14.21,2143,203.0,5,24.95,Mercedes-Benz,E-Class 2009-2013 E250 CDI Elegance,12,3500.0
Kochi,2015,25648,Petrol,Manual,First,13.7,1399,98.82,7,4.29,Chevrolet,Enjoy Petrol LS 7 Seater,11,2331.6363636363635
Delhi,2011,67612,Diesel,Automatic,Second,14.21,2143,203.0,5,11.5,Mercedes-Benz,E-Class 2009-2013 E250 CDI Blue Efficiency,15,4507.466666666666
Mumbai,2016,33000,Diesel,Manual,First,16.0,2179,140.0,7,9.65,Mahindra,XUV500 W4,10,3300.0
Mumbai,2015,20000,Petrol,Manual,First,20.36,1197,78.9,5,3.75,Hyundai,i10 Sportz,11,1818.1818181818182
Pune,2007,143000,Petrol,Manual,Second,14.2,1341,82.9,5,1.1,Hyundai,Getz 1.3 GLS,19,7526.315789473684
Coimbatore,2014,118218,Diesel,Automatic,First,12.07,2967,241.4,7,31.41,Audi,Q7 3.0 TDI quattro,12,9851.5
Pune,2012,99000,Diesel,Manual,Third,12.05,2179,120.0,8,6.0,Mahindra,Scorpio SLE BSIV,14,7071.428571428572
Pune,2016,22700,Petrol,Manual,First,18.7,1199,88.7,5,5.55,Honda,Jazz 1.2 SV i VTEC,10,2270.0
Jaipur,2017,28000,Diesel,Manual,First,14.0,2179,138.1,7,10.91,Tata,Safari Storme 2012-2015 EX,9,3111.1111111111113
Kolkata,2014,62000,Diesel,Manual,First,15.1,2179,140.0,7,7.25,Mahindra,XUV500 W6 2WD,12,5166.666666666667
Hyderabad,2012,107023,Diesel,Manual,First,22.07,1199,73.9,5,3.9,Volkswagen,Polo Diesel Comfortline 1.2L,14,7644.5
Delhi,2012,71082,Diesel,Manual,First,19.3,1248,73.9,5,3.95,Maruti,Swift Dzire ZDi,14,5077.285714285715
Mumbai,2013,60000,Diesel,Automatic,First,15.73,1968,174.33,5,22.0,Audi,Q3 2.0 TDI,13,4615.384615384615
Delhi,2014,21701,Petrol,Manual,First,23.1,998,67.04,5,3.38,Maruti,Celerio ZXI,12,1808.4166666666667
Mumbai,2011,56000,Petrol,Manual,First,16.8,1497,116.3,5,3.45,Honda,City V MT Exclusive,15,3733.3333333333335
Delhi,2016,32450,Petrol,Manual,First,18.6,1197,81.83,5,5.75,Hyundai,i20 1.2 Spotz,10,3245.0
Jaipur,2016,12500,Petrol,Manual,First,25.17,799,53.3,5,2.75,Renault,KWID RXT,10,1250.0
Kochi,2019,20483,Diesel,Automatic,First,17.9,2143,136.0,5,30.3,Mercedes-Benz,CLA 200 CDI Sport,7,2926.1428571428573
Hyderabad,2014,45800,Diesel,Manual,First,22.7,1498,89.84,5,7.5,Ford,Ecosport 1.5 DV5 MT Titanium,12,3816.6666666666665
Coimbatore,2015,35441,Petrol,Manual,First,18.6,1197,81.83,5,6.87,Hyundai,i20 Asta 1.2,11,3221.909090909091
Bangalore,2015,86398,Diesel,Manual,First,12.99,2494,100.6,7,15.2,Toyota,Innova 2.5 ZX Diesel 7 Seater,11,7854.363636363636
Chennai,2012,150000,Diesel,Manual,First,21.64,1461,84.8,5,3.5,Nissan,Sunny 2011-2014 Diesel XL,14,10714.285714285714
Hyderabad,2014,89000,Diesel,Manual,First,25.2,1248,74.0,5,5.85,Maruti,Swift VDI BSIV,12,7416.666666666667
Hyderabad,2010,68375,Petrol,Manual,First,19.0,998,66.1,5,2.5,Maruti,A-Star Vxi,16,4273.4375
Pune,2013,52000,Petrol,Manual,First,18.6,1197,85.8,5,3.95,Maruti,Swift ZXI,13,4000.0
Jaipur,2017,39000,Diesel,Automatic,First,17.9,2143,136.0,5,27.0,Mercedes-Benz,CLA 200 CDI Sport,9,4333.333333333333
Bangalore,2014,68000,Petrol,Manual,Second,16.02,1373,93.7,7,6.75,Maruti,Ertiga ZXI,12,5666.666666666667
Jaipur,2007,71000,Petrol,Manual,Second,18.9,998,67.1,5,1.5,Maruti,Wagon R LXI,19,3736.842105263158
Hyderabad,2012,72003,Diesel,Manual,First,22.07,1199,73.9,5,3.9,Volkswagen,Polo Diesel Trendline 1.2L,14,5143.071428571428
Hyderabad,2014,135670,Diesel,Manual,First,22.7,1498,89.84,5,6.55,Ford,Ecosport 1.5 DV5 MT Titanium Optional,12,11305.833333333334
Kochi,2017,65850,Diesel,Manual,First,25.1,1498,98.6,5,9.44,Honda,City i DTEC VX,9,7316.666666666667
Coimbatore,2015,53920,Petrol,Manual,First,14.28,1798,138.03,5,10.77,Toyota,Corolla Altis 1.8 GL,11,4901.818181818182
Ahmedabad,2014,58000,Diesel,Manual,First,15.1,2179,140.0,7,7.5,Mahindra,XUV500 W8 2WD,12,4833.333333333333
Kolkata,2016,4000,Petrol,Manual,First,24.7,796,47.3,5,3.0,Maruti,Alto 800 2016-2019 VXI,10,400.0
Chennai,2010,58000,Diesel,Automatic,First,18.59,2993,265.0,5,11.75,BMW,5 Series 530d M Sport,16,3625.0
Kochi,2016,29832,Petrol,Manual,First,21.1,814,55.2,5,3.29,Hyundai,EON D Lite Plus,10,2983.2
Chennai,2016,71156,Diesel,Manual,First,26.59,1248,74.0,5,6.5,Maruti,Swift Dzire VDI,10,7115.6
Delhi,2015,64687,CNG,Manual,First,31.79,998,58.33,5,3.8,Maruti,Celerio CNG VXI MT,11,5880.636363636364
Hyderabad,2011,54000,Diesel,Automatic,First,16.55,1968,147.51,5,18.0,Audi,A4 2.0 TDI,15,3600.0
Bangalore,2009,75000,Petrol,Automatic,Second,13.7,1798,157.75,5,4.95,Skoda,Superb Elegance 1.8 TSI AT,17,4411.764705882353
Kochi,2015,39208,Petrol,Manual,First,17.57,1193,88.7,5,4.52,Tata,Zest Revotron 1.2T XM,11,3564.3636363636365
Kolkata,2014,41000,Diesel,Manual,First,17.0,2149,139.07,7,8.0,Force,One LX ABS 7 Seating,12,3416.6666666666665
Coimbatore,2013,38622,Petrol,Manual,First,17.4,1497,117.3,5,6.26,Honda,City i-VTEC VX,13,2970.923076923077
Chennai,2016,18000,Petrol,Manual,First,16.95,1498,97.7,5,7.5,Nissan,Sunny 2011-2014 XV,10,1800.0
Mumbai,2011,45000,Petrol,Automatic,First,14.4,1598,103.6,5,3.35,Volkswagen,Vento Petrol Highline AT,15,3000.0
Mumbai,2014,48656,Petrol,Automatic,First,15.74,1591,121.3,5,5.5,Hyundai,Verna 1.6 SX VTVT AT,12,4054.6666666666665
Bangalore,2012,79000,Diesel,Automatic,First,22.0,1582,126.2,5,5.25,Hyundai,Verna CRDi 1.6 AT SX Plus,14,5642.857142857143
Bangalore,2012,88000,Diesel,Automatic,First,16.55,1968,140.0,5,16.25,Audi,A4 2.0 TDI Multitronic,14,6285.714285714285
Delhi,2009,92000,Petrol,Manual,First,15.5,1586,103.3,5,2.7,Maruti,SX4 Vxi BSIV,17,5411.764705882353
Chennai,2019,9000,Diesel,Automatic,First,12.62,2198,158.0,7,32.9,Ford,Endeavour 2.2 Titanium AT 4X2,7,1285.7142857142858
Coimbatore,2008,50121,Petrol,Manual,First,20.4,1197,83.11,5,3.41,Maruti,Swift LXI BSIV,18,2784.5
Hyderabad,2014,79000,Diesel,Manual,First,24.0,1120,70.0,5,4.15,Hyundai,Grand i10 CRDi Magna,12,6583.333333333333
Hyderabad,2014,46000,Diesel,Manual,Second,20.14,1498,88.8,5,5.9,Volkswagen,Polo 1.5 TDI Highline,12,3833.3333333333335
Pune,2012,100000,Petrol,Automatic,First,10.0,2496,157.7,5,11.5,Mercedes-Benz,E-Class 230,14,7142.857142857143
Kolkata,2015,41000,Petrol,Manual,First,18.6,1197,81.83,5,4.75,Hyundai,i20 Asta 1.2,11,3727.2727272727275
Chennai,2015,25000,Petrol,Automatic,First,24.07,998,67.1,5,3.5,Maruti,Alto K10 VXI AGS,11,2272.7272727272725
Pune,2014,71899,Diesel,Manual,First,20.77,1248,88.76,7,7.25,Maruti,Ertiga VDI,12,5991.583333333333
Mumbai,2016,7100,Petrol,Automatic,First,23.1,998,67.04,5,4.35,Maruti,Celerio VXI AT,10,710.0
Coimbatore,2018,38171,Petrol,Automatic,Second,22.5,999,67.0,5,4.99,Renault,KWID Climber 1.0 AMT,8,4771.375
Bangalore,2013,70359,Diesel,Manual,First,12.05,2179,120.0,8,7.65,Mahindra,Scorpio SLE BSIV,13,5412.2307692307695
Chennai,2011,200000,Diesel,Manual,First,12.8,2494,102.0,7,9.0,Toyota,Innova 2.5 GX (Diesel) 7 Seater BS IV,15,13333.333333333334
Chennai,2017,26969,Diesel,Manual,First,22.07,1199,73.9,5,6.9,Volkswagen,Polo Diesel Highline 1.2L,9,2996.5555555555557
Chennai,2011,56500,Diesel,Manual,First,20.0,1399,68.0,5,2.9,Ford,Figo Diesel ZXI,15,3766.6666666666665
Kolkata,2014,40000,Diesel,Manual,First,20.45,1461,83.8,5,5.75,Nissan,Terrano XL Plus 85 PS,12,3333.3333333333335
Kolkata,2014,41000,Diesel,Manual,First,17.0,2200,139.01,7,8.0,Force,One LX 4x4,12,3416.6666666666665
Kochi,2017,53105,Petrol,Automatic,First,22.5,999,67.0,5,4.41,Renault,KWID 1.0 RXT Optional AMT,9,5900.555555555556
Mumbai,2013,23000,Diesel,Manual,First,21.14,1498,103.52,5,4.95,Skoda,Rapid 1.5 TDI Elegance,13,1769.2307692307693
Hyderabad,2016,80999,Diesel,Automatic,First,16.0,2179,140.0,7,14.4,Mahindra,XUV500 AT W10 FWD,10,8099.9
Chennai,2012,82000,Diesel,Manual,First,20.0,1399,68.05,5,2.95,Ford,Figo Diesel Titanium,14,5857.142857142857
Coimbatore,2017,68557,Diesel,Manual,First,15.96,2523,62.1,7,8.14,Mahindra,Bolero ZLX,9,7617.444444444444
Hyderabad,2016,34000,Diesel,Manual,First,20.64,1498,108.5,5,8.45,Volkswagen,Vento 1.5 TDI Highline,10,3400.0
Pune,2015,77000,Diesel,Manual,First,12.99,2494,100.0,8,12.5,Toyota,Innova 2.5 VX (Diesel) 8 Seater BS IV,11,7000.0
Mumbai,2012,48000,Diesel,Manual,First,15.1,2179,140.0,7,6.5,Mahindra,XUV500 W8 2WD,14,3428.5714285714284
Coimbatore,2015,28232,Petrol,Manual,Second,15.8,1499,110.0,5,7.72,Ford,Ecosport 1.5 Ti VCT MT Titanium,11,2566.5454545454545
Chennai,2011,110000,Diesel,Automatic,First,16.96,1968,138.1,5,8.0,Volkswagen,Jetta 2012-2014 2.0L TDI Highline AT,15,7333.333333333333
Chennai,2009,120000,Diesel,Manual,Second,13.93,2179,138.0,7,3.0,Tata,New Safari DICOR 2.2 VX 4x4,17,7058.823529411765
Mumbai,2013,49000,Diesel,Automatic,First,8.2,2993,245.0,4,29.0,BMW,3 Series 330d Convertible,13,3769.230769230769
Kolkata,2014,22000,Petrol,Manual,First,16.47,1198,74.0,5,4.11,Volkswagen,Polo 1.2 MPI Highline,12,1833.3333333333333
Coimbatore,2015,14925,Petrol,Manual,First,18.5,1197,82.9,5,5.37,Hyundai,i20 Magna Optional 1.2,11,1356.8181818181818
Mumbai,2013,75000,Diesel,Manual,First,20.77,1248,88.8,7,6.55,Maruti,Ertiga ZDI,13,5769.2307692307695
Chennai,2015,23000,Petrol,Manual,First,17.4,1497,117.3,5,7.0,Honda,City i VTEC V,11,2090.909090909091
Mumbai,2014,57000,Petrol,Manual,First,17.0,1497,118.0,5,5.48,Honda,City 1.5 S MT,12,4750.0
Kochi,2013,76718,Diesel,Automatic,First,16.96,1968,138.03,5,6.51,Volkswagen,Jetta 2013-2015 2.0L TDI Highline AT,13,5901.384615384615
Pune,2016,138000,Diesel,Manual,First,25.8,1498,98.6,5,5.15,Honda,Amaze VX i-DTEC,10,13800.0
Hyderabad,2013,140000,Diesel,Manual,Second,15.1,2179,140.0,7,9.0,Mahindra,XUV500 W8 2WD,13,10769.23076923077
Mumbai,2008,110000,Petrol,Automatic,Second,14.53,1798,138.1,5,2.75,Toyota,Corolla Altis VL,18,6111.111111111111
Pune,2005,126000,Petrol,Manual,Second,17.0,1086,113.27689373297004,5,1.2,Hyundai,Santro Xing XL eRLX Euro III,21,6000.0
Bangalore,2012,73000,Diesel,Automatic,First,22.69,1995,190.0,5,12.5,BMW,3 Series 320d,14,5214.285714285715
Kochi,2017,63423,Diesel,Manual,First,23.0,1498,98.96,5,7.69,Ford,EcoSport 1.5 Diesel Trend,9,7047.0
Kochi,2013,62132,Petrol,Manual,First,18.5,1197,82.85,5,4.57,Hyundai,i20 Asta Optional with Sunroof 1.2,13,4779.384615384615
Mumbai,2013,51000,Petrol,Automatic,First,16.8,1497,118.0,5,4.5,Honda,City 1.5 S AT,13,3923.076923076923
Hyderabad,2015,75000,Diesel,Manual,First,23.2,1248,73.94,5,4.9,Maruti,Ritz VDI (ABS) BS IV,11,6818.181818181818
Kolkata,2008,55410,Petrol,Manual,First,19.81,1086,68.05,5,1.65,Hyundai,i10 Era 1.1,18,3078.3333333333335
Mumbai,2015,41000,Petrol,Manual,First,18.2,1199,82.4,5,3.25,Chevrolet,Sail 1.2 LS,11,3727.2727272727275
Chennai,2012,45000,Diesel,Manual,First,22.32,1582,126.32,5,6.25,Hyundai,Verna 1.6 SX CRDi (O),14,3214.285714285714
Kochi,2018,53322,Petrol,Manual,First,15.8,1591,121.3,5,12.13,Hyundai,Creta 1.6 SX Option,8,6665.25
Jaipur,2013,48000,Petrol,Manual,First,18.2,1199,82.4,5,3.25,Chevrolet,Sail 1.2 LS,13,3692.3076923076924
Hyderabad,2013,72000,Diesel,Automatic,First,14.16,1968,174.3,5,29.0,Audi,Q5 2.0 TDI,13,5538.461538461538
Kochi,2013,50266,Petrol,Manual,First,17.0,1497,118.0,5,5.53,Honda,City 1.5 V MT Exclusive,13,3866.6153846153848
Hyderabad,2017,21800,Petrol,Manual,First,17.0,1497,121.36,5,8.75,Ford,EcoSport 1.5 Petrol Titanium,9,2422.222222222222
Bangalore,2014,45000,Diesel,Automatic,Second,12.07,2967,241.4,7,37.9,Audi,Q7 3.0 TDI Quattro Premium Plus,12,3750.0
Delhi,2010,62000,Petrol,Manual,First,20.36,1197,78.9,5,2.4,Hyundai,i10 Magna 1.2,16,3875.0
Chennai,2014,41681,Petrol,Manual,First,17.0,1197,80.0,5,4.55,Hyundai,i20 1.2 Asta,12,3473.4166666666665
Delhi,2011,69313,Petrol,Manual,Second,17.5,1197,85.8,5,2.65,Maruti,Swift Dzire 1.2 Vxi BSIV,15,4620.866666666667
Pune,2017,49000,Diesel,Manual,Second,25.0,1396,69.0,5,1.6,Tata,Indica V2 eLX,9,5444.444444444444
Coimbatore,2012,40471,Diesel,Automatic,Second,16.2,2993,235.0,5,25.72,BMW,5 Series 2010-2013 530d,14,2890.785714285714
Ahmedabad,2013,60000,Diesel,Manual,First,22.9,1248,74.0,5,4.15,Maruti,Swift VDI,13,4615.384615384615
Jaipur,2018,1001,Petrol,Manual,First,19.0,1194,94.68,5,7.23,Ford,Freestyle Titanium Plus Petrol,8,125.125
Bangalore,2008,38000,Petrol,Manual,Second,13.9,1599,103.2,5,2.6,Hyundai,Verna XXi ABS (Petrol),18,2111.1111111111113
Mumbai,2008,66000,Diesel,Automatic,Second,16.07,1995,181.0,5,7.25,BMW,3 Series 320d Highline,18,3666.6666666666665
Kochi,2017,33901,Diesel,Manual,First,12.8,2494,102.0,8,14.29,Toyota,Innova 2.5 G4 Diesel 8-seater,9,3766.777777777778
Hyderabad,2011,57000,Diesel,Automatic,Second,14.94,2143,204.0,5,17.25,Mercedes-Benz,New C-Class C 250 CDI Elegance,15,3800.0
Pune,2013,170000,Diesel,Manual,First,22.54,1582,126.2,5,7.5,Hyundai,Elantra 1.6 SX,13,13076.923076923076
Hyderabad,2014,60000,Diesel,Manual,First,23.2,1248,73.94,5,4.35,Maruti,Ritz ZDi,12,5000.0
Pune,2016,85000,Diesel,Manual,First,24.3,1248,88.5,5,8.9,Maruti,Vitara Brezza ZDi Plus Dual Tone,10,8500.0
Kolkata,2016,146000,Petrol,Manual,Second,19.1,1197,82.0,5,3.5,Hyundai,Xcent 1.2 Kappa S,10,14600.0
Kolkata,2014,56002,Diesel,Manual,First,26.0,1498,98.6,5,6.1,Honda,City i DTEC V,12,4666.833333333333
Mumbai,2016,8554,Petrol,Manual,First,25.17,799,53.3,5,3.2,Renault,KWID RXT,10,855.4
Jaipur,2014,62322,Diesel,Manual,First,23.59,1364,67.06,5,4.9,Toyota,Etios Cross 1.4L VD,12,5193.5
Kochi,2015,37929,Petrol,Manual,First,24.07,998,67.1,5,3.69,Maruti,Alto K10 VXI,11,3448.090909090909
Chennai,2016,5400,Petrol,Manual,First,23.84,1199,84.0,5,3.98,Tata,Tiago 1.2 Revotron XM Option,10,540.0
Kolkata,2013,60000,Diesel,Manual,First,21.9,1396,90.0,5,2.95,Hyundai,i20 1.4 CRDi Magna,13,4615.384615384615
Kochi,2014,55730,Diesel,Automatic,First,16.55,1968,147.51,5,15.21,Audi,A4 2.0 TDI,12,4644.166666666667
Hyderabad,2015,62000,Diesel,Manual,First,28.4,1248,74.0,5,6.3,Maruti,Swift VDI,11,5636.363636363636
Kochi,2017,14576,Petrol,Manual,First,17.0,1198,73.75,5,6.69,Volkswagen,Ameo 1.2 MPI Highline,9,1619.5555555555557
Mumbai,2017,17000,Petrol,Automatic,First,16.0,1497,117.3,7,9.5,Honda,BRV i-VTEC V CVT,9,1888.888888888889
Mumbai,2009,28000,Petrol,Manual,First,17.0,1197,80.0,5,2.65,Hyundai,i20 Asta,17,1647.0588235294117
Ahmedabad,2012,58200,Diesel,Manual,First,14.66,2199,194.3,7,7.5,Hyundai,Santa Fe 4X4,14,4157.142857142857
Kochi,2018,12278,Petrol,Automatic,First,23.1,998,67.04,5,5.63,Maruti,Celerio ZXI Optional AMT,8,1534.75
Coimbatore,2018,17665,Petrol,Manual,First,15.8,1591,121.3,5,11.78,Hyundai,Creta 1.6 SX,8,2208.125
Hyderabad,2004,200000,Diesel,Manual,Second,17.88,1396,52.8,5,0.85,Tata,Indica V2 DL BSIII,22,9090.90909090909
Mumbai,2011,55893,Petrol,Manual,First,15.04,1598,103.6,5,3.35,Volkswagen,Vento Petrol Highline,15,3726.2
Kochi,2015,60586,Petrol,Manual,First,23.1,998,67.04,5,4.11,Maruti,Celerio VXI,11,5507.818181818182
Ahmedabad,2015,13500,Diesel,Automatic,First,17.9,2143,136.0,5,25.51,Mercedes-Benz,CLA 200 D Sport Edition,11,1227.2727272727273
Jaipur,2017,30000,Petrol,Manual,First,22.74,796,47.3,5,3.1,Maruti,Alto 800 LXI,9,3333.3333333333335
Delhi,2018,12000,Diesel,Automatic,First,10.91,3198,197.0,7,33.5,Ford,Endeavour 3.2 Titanium AT 4X4,8,1500.0
Kolkata,2017,65000,Petrol,Manual,First,17.57,1193,88.7,5,4.8,Tata,Zest Revotron 1.2T XE,9,7222.222222222223
Kolkata,2014,38000,Petrol,Manual,First,16.09,1598,103.5,5,3.49,Volkswagen,Vento 1.6 Comfortline,12,3166.6666666666665
Mumbai,2012,25000,Petrol,Manual,Second,17.5,1373,91.1,7,5.15,Maruti,Ertiga ZXI,14,1785.7142857142858
Mumbai,2011,100000,Diesel,Automatic,First,14.0,2987,224.0,5,14.41,Mercedes-Benz,M-Class ML 350 CDI Corporate,15,6666.666666666667
Mumbai,2014,13710,Petrol,Manual,First,16.2,1199,74.0,5,4.75,Volkswagen,Polo 1.2 MPI Highline,12,1142.5
Jaipur,2015,100000,Diesel,Automatic,First,12.55,2982,168.5,7,19.0,Toyota,Fortuner 4x2 AT,11,9090.90909090909
Hyderabad,2017,17000,Petrol,Manual,First,23.1,998,67.04,5,4.9,Maruti,Celerio VXI,9,1888.888888888889
Chennai,2008,89000,Diesel,Automatic,Second,16.07,1995,181.0,4,6.3,BMW,3 Series 320d Corporate Edition,18,4944.444444444444
Jaipur,2006,100173,Petrol,Manual,Second,16.9,1497,100.0,5,2.4,Honda,City ZX VTEC,20,5008.65
Pune,2009,97000,Petrol,Manual,First,13.17,1999,114.0,5,3.0,Mitsubishi,Cedia Sports,17,5705.882352941177
Delhi,2016,40190,Petrol,Manual,First,18.06,1198,74.93,5,4.25,Renault,Pulse Petrol RxL,10,4019.0
Hyderabad,2016,29647,Diesel,Manual,First,20.14,1498,88.0,5,6.3,Volkswagen,Polo 1.5 TDI Highline,10,2964.7
Kochi,2018,43639,Petrol,Manual,First,21.1,998,100.0,5,8.15,Maruti,Baleno RS Petrol,8,5454.875
Kochi,2012,37333,Petrol,Manual,First,20.36,1197,78.9,5,3.22,Hyundai,i10 Magna,14,2666.6428571428573
Kochi,2018,48407,Petrol,Manual,First,18.6,1197,81.83,5,7.65,Hyundai,i20 1.2 Spotz,8,6050.875
Delhi,2011,25000,Petrol,Automatic,First,10.37,2979,306.0,2,30.0,BMW,Z4 2009-2013 35i,15,1666.6666666666667
Pune,2010,72400,Petrol,Manual,Second,20.36,1197,78.9,5,2.3,Hyundai,i10 Sportz 1.2,16,4525.0
Delhi,2012,18000,Petrol,Automatic,First,13.6,1598,181.0,4,22.0,Mini,Cooper S Carbon Edition,14,1285.7142857142858
Pune,2012,65167,Petrol,Manual,First,19.4,1198,86.8,5,3.28,Honda,Brio V MT,14,4654.785714285715
Kochi,2016,25418,Petrol,Manual,First,20.73,1373,91.2,5,7.09,Maruti,Ciaz ZXi Option,10,2541.8
Coimbatore,2013,38995,Diesel,Manual,First,19.3,1248,73.9,5,6.46,Maruti,Swift Dzire ZDi,13,2999.6153846153848
Chennai,2012,60000,Diesel,Manual,First,22.07,1199,73.9,5,4.0,Volkswagen,Polo Diesel Comfortline 1.2L,14,4285.714285714285
Delhi,2011,72000,Diesel,Automatic,First,17.05,1995,184.0,5,11.0,BMW,X1 sDrive20d,15,4800.0
Coimbatore,2016,31075,Diesel,Automatic,Second,12.07,2967,241.4,7,49.79,Audi,Q7 3.0 TDI Quattro Premium Plus,10,3107.5
Kolkata,2015,4311,Diesel,Manual,First,25.83,1498,99.0,5,4.8,Ford,Figo 1.5D Trend MT,11,391.90909090909093
Bangalore,2017,21000,Diesel,Automatic,First,21.76,1995,190.0,5,35.0,BMW,3 Series Luxury Line,9,2333.3333333333335
Bangalore,2011,54000,Diesel,Automatic,First,14.0,2987,224.0,5,21.99,Mercedes-Benz,M-Class ML 350 CDI Corporate,15,3600.0
Mumbai,2007,50000,Petrol,Manual,Second,17.3,1061,64.0,5,1.1,Maruti,Wagon R LX BSIII,19,2631.5789473684213
Delhi,2018,13000,Petrol,Manual,First,21.4,1197,83.1,5,6.6,Maruti,Baleno Zeta 1.2,8,1625.0
Pune,2013,74000,Petrol,Manual,First,22.0,1197,81.8,5,4.5,Maruti,Dzire VXI,13,5692.307692307692
Pune,2009,75000,Petrol,Manual,Second,14.7,1150,76.0,5,1.0,Chevrolet,Aveo U-VA 1.2 LT,17,4411.764705882353
Chennai,2017,25000,Diesel,Manual,First,20.14,1498,88.0,5,6.9,Volkswagen,Polo 1.5 TDI Highline,9,2777.777777777778
Hyderabad,2012,139000,Diesel,Automatic,First,0.0,2179,115.0,5,16.75,Land,Rover Freelander 2 TD4 SE,14,9928.57142857143
Mumbai,2015,52000,Diesel,Automatic,First,14.16,1968,174.3,5,25.49,Audi,Q5 30 TDI quattro Premium,11,4727.272727272727
Chennai,2015,20000,Diesel,Automatic,First,18.53,1968,187.74,5,35.5,Audi,A6 35 TDI Matrix,11,1818.1818181818182
Kochi,2018,32663,Diesel,Manual,First,24.0,1186,73.97,5,6.28,Hyundai,Grand i10 1.2 CRDi Sportz,8,4082.875
Delhi,2012,76777,Diesel,Manual,Second,12.05,2179,120.0,8,4.88,Mahindra,Scorpio SLE BSIV,14,5484.071428571428
Hyderabad,2016,100303,Diesel,Manual,First,22.95,1248,74.0,5,3.7,Tata,Bolt Quadrajet XE,10,10030.3
Kochi,2015,43993,Petrol,Manual,First,21.1,814,55.2,5,3.45,Hyundai,EON Era Plus,11,3999.3636363636365
Kochi,2016,72118,Diesel,Manual,First,15.4,2179,120.0,8,10.23,Mahindra,Scorpio S8 8 Seater,10,7211.8
Bangalore,2010,83000,Petrol,Automatic,Second,11.1,2354,142.0,5,6.5,Honda,Accord 2001-2003 2.0 AT,16,5187.5
Mumbai,2016,7523,Petrol,Manual,First,16.2,1199,74.0,5,6.15,Volkswagen,Polo 1.2 MPI Highline,10,752.3
Mumbai,2014,34670,Petrol,Manual,First,15.1,1196,73.0,7,2.9,Maruti,Eeco 7 Seater Standard,12,2889.1666666666665
Ahmedabad,2016,30000,Diesel,Manual,First,24.0,1120,70.0,5,5.5,Hyundai,Grand i10 CRDi Sportz,10,3000.0
Chennai,2017,17000,Diesel,Automatic,First,10.91,3198,197.0,7,31.0,Ford,Endeavour 3.2 Titanium AT 4X4,9,1888.888888888889
Delhi,2015,59261,Diesel,Manual,First,24.0,1186,73.97,5,4.25,Hyundai,Grand i10 1.2 CRDi Sportz,11,5387.363636363636
Kochi,2016,65210,Diesel,Manual,First,22.9,1248,74.0,5,5.48,Maruti,Swift VDI,10,6521.0
Bangalore,2016,19000,Petrol,Manual,First,18.6,1197,81.83,5,7.25,Hyundai,i20 1.2 Asta Option,10,1900.0
Hyderabad,2012,50000,Petrol,Manual,First,17.5,1298,85.8,5,3.0,Maruti,Swift Dzire VXi,14,3571.4285714285716
Hyderabad,2015,47000,Diesel,Automatic,First,22.69,1995,190.0,5,29.5,BMW,3 Series 320d Luxury Line,11,4272.727272727273
Mumbai,2007,75000,Petrol,Manual,Second,17.7,1497,78.0,5,1.49,Honda,City ZX GXi,19,3947.3684210526317
Pune,2013,54534,Petrol,Automatic,First,16.95,1197,78.9,5,3.65,Hyundai,i10 Sportz 1.2 AT,13,4194.923076923077
Ahmedabad,2018,13000,Diesel,Manual,First,23.0,1498,98.96,5,10.9,Ford,Ecosport Signature Edition Diesel,8,1625.0
Bangalore,2015,48808,Petrol,Manual,First,23.1,998,67.04,5,4.3,Maruti,Celerio ZXI MT,11,4437.090909090909
Pune,2012,63001,Diesel,Manual,Second,20.77,1248,88.76,7,6.11,Maruti,Ertiga VDI,14,4500.071428571428
Hyderabad,2015,64771,Diesel,Manual,First,12.8,2494,102.0,8,15.5,Toyota,Innova 2.5 V Diesel 8-seater,11,5888.272727272727
Mumbai,2016,34634,Petrol,Manual,First,17.8,1497,117.3,5,6.9,Honda,City i VTEC SV,10,3463.4
Bangalore,2012,69242,Petrol,Manual,First,19.1,1197,85.8,5,4.69,Maruti,Swift Dzire VXI,14,4945.857142857143
Kochi,2011,33292,Petrol,Manual,First,18.5,1197,85.8,5,3.19,Maruti,Ritz LXi,15,2219.4666666666667
Pune,2012,55000,Petrol,Automatic,Second,15.0,1396,98.6,5,3.75,Hyundai,i20 Sportz AT 1.4,14,3928.5714285714284
Pune,2019,1000,Petrol,Manual,First,17.19,1197,81.86,5,8.6,Hyundai,i20 Active SX Dual Tone Petrol,7,142.85714285714286
Chennai,2011,80000,Petrol,Manual,Second,17.0,1497,118.0,5,3.85,Honda,City 1.5 E MT,15,5333.333333333333
Coimbatore,2016,65003,Diesel,Automatic,First,13.6,4134,382.0,5,67.83,Porsche,Cayenne S Diesel,10,6500.3
Coimbatore,2019,16573,Petrol,Manual,First,17.8,1198,86.7,5,9.31,Honda,Amaze VX i-VTEC,7,2367.5714285714284
Pune,2008,152633,Petrol,Automatic,First,12.9,1799,130.0,5,3.0,Honda,Civic 2006-2010 1.8 S AT,18,8479.611111111111
Bangalore,2015,53000,Petrol,Manual,First,18.6,1197,81.83,5,5.5,Hyundai,i20 Magna 1.2,11,4818.181818181818
Hyderabad,2017,50129,Diesel,Manual,First,19.67,1582,126.2,5,13.3,Hyundai,Creta 1.6 CRDi SX,9,5569.888888888889
Hyderabad,2013,63716,Diesel,Automatic,First,15.73,1968,174.33,5,23.0,Audi,Q3 2012-2015 2.0 TDI Quattro Premium Plus,13,4901.2307692307695
Mumbai,2018,11000,Petrol,Manual,First,24.7,796,47.3,5,3.35,Maruti,Alto 800 2016-2019 LXI,8,1375.0
Chennai,2012,115000,Diesel,Automatic,Third,15.06,1995,177.0,5,10.0,BMW,X1 sDrive 20d Exclusive,14,8214.285714285714
Delhi,2013,63265,Petrol,Manual,First,20.36,1197,78.9,5,2.95,Hyundai,i10 Magna,13,4866.538461538462
Pune,2016,20000,Diesel,Manual,First,21.66,1498,108.62,5,6.75,Volkswagen,Ameo 1.5 TDI Highline,10,2000.0
Pune,2010,79000,Petrol,Manual,Third,16.47,1198,73.9,5,2.44,Volkswagen,Polo Petrol Highline 1.2L,16,4937.5
Mumbai,2015,41000,Petrol,Manual,First,20.73,1373,91.1,5,5.85,Maruti,Ciaz VXi Plus,11,3727.2727272727275
Kochi,2015,26323,Petrol,Automatic,First,17.21,1197,103.5,5,7.4,Volkswagen,Polo GT TSI,11,2393.0
Pune,2016,76000,Diesel,Manual,First,24.4,1120,71.0,5,3.8,Hyundai,Xcent 1.1 CRDi Base,10,7600.0
Hyderabad,2008,69972,Petrol,Manual,First,13.5,1799,130.0,5,3.8,Honda,Civic 2006-2010 1.8 S MT,18,3887.3333333333335
Kolkata,2008,69000,Petrol,Manual,First,17.7,1497,78.0,5,2.7,Honda,City ZX GXi,18,3833.3333333333335
Jaipur,2016,65000,Diesel,Manual,First,15.96,2523,62.1,7,7.21,Mahindra,Bolero ZLX,10,6500.0
Hyderabad,2016,29512,Petrol,Manual,First,17.4,1497,117.3,5,7.9,Honda,City i VTEC V,10,2951.2
Kolkata,2017,51000,Diesel,Manual,First,25.4,1186,73.97,5,4.2,Hyundai,Xcent 1.2 CRDi S,9,5666.666666666667
Mumbai,2014,58003,Diesel,Manual,First,19.01,1461,108.45,5,5.75,Renault,Duster 110PS Diesel RxL,12,4833.583333333333
Hyderabad,2013,56500,Petrol,Automatic,First,16.98,998,66.1,5,3.45,Maruti,A-Star AT VXI,13,4346.153846153846
Bangalore,2014,29063,Diesel,Automatic,First,17.11,1968,174.33,5,25.75,Audi,A4 2.0 TDI 177 Bhp Premium Plus,12,2421.9166666666665
Coimbatore,2018,46811,Diesel,Manual,First,16.0,2179,140.0,7,16.59,Mahindra,XUV500 W8 2WD,8,5851.375
Coimbatore,2014,31897,Petrol,Manual,First,18.06,1198,74.96,5,4.69,Renault,Pulse Petrol RxZ,12,2658.0833333333335
Mumbai,2009,52100,Diesel,Automatic,Second,13.2,1995,170.0,5,7.5,BMW,3 Series 320d,17,3064.705882352941
Hyderabad,2016,73000,Diesel,Manual,First,13.68,2393,147.8,7,16.5,Toyota,Innova Crysta 2.4 GX MT,10,7300.0
Kolkata,2009,31423,Petrol,Manual,First,17.0,1497,118.0,5,1.99,Honda,City 1.5 S MT,17,1848.4117647058824
Chennai,2014,75180,Diesel,Manual,First,22.9,1248,74.0,5,5.25,Maruti,Swift VDI,12,6265.0
Mumbai,2013,75000,Diesel,Manual,Second,19.64,1461,108.45,5,5.4,Renault,Duster 110PS Diesel RxZ Plus,13,5769.2307692307695
Mumbai,2014,15000,Petrol,Manual,First,16.47,1198,74.0,5,3.9,Volkswagen,Polo 1.2 MPI Comfortline,12,1250.0
Mumbai,2015,12000,Petrol,Manual,First,17.19,1197,81.86,5,5.8,Hyundai,i20 Active 1.2 S,11,1090.909090909091
Pune,2014,32000,Diesel,Automatic,First,18.12,1995,190.0,5,30.5,BMW,5 Series 2013-2017 520d Luxury Line,12,2666.6666666666665
Hyderabad,2017,44504,Diesel,Manual,First,23.4,1248,74.0,5,5.6,Maruti,Swift Dzire LDI,9,4944.888888888889
Ahmedabad,2012,66000,Diesel,Automatic,First,0.0,2987,165.0,5,23.0,Mercedes-Benz,M-Class ML 350 4Matic,14,4714.285714285715
Jaipur,2015,39437,Diesel,Manual,First,28.4,1248,74.0,5,5.15,Maruti,Swift LDI,11,3585.181818181818
Coimbatore,2017,36931,Diesel,Automatic,First,19.08,1582,126.2,5,9.48,Hyundai,Verna 1.6 CRDI AT SX Option,9,4103.444444444444
Bangalore,2016,17800,Petrol,Automatic,Second,21.9,624,37.48,4,2.38,Tata,Nano XTA,10,1780.0
Hyderabad,2009,71346,Petrol,Manual,First,17.5,1298,85.8,5,3.8,Maruti,Swift Dzire LXi,17,4196.823529411765
Delhi,2015,45000,Petrol,Manual,Second,18.6,1197,81.83,5,5.5,Hyundai,i20 Asta Option 1.2,11,4090.909090909091
Hyderabad,2010,85155,Petrol,Manual,First,17.0,1197,80.0,5,3.55,Hyundai,i20 1.2 Sportz,16,5322.1875
Mumbai,2015,48823,Petrol,Manual,First,20.73,1373,91.1,5,6.35,Maruti,Ciaz ZXi,11,4438.454545454545
Delhi,2015,37000,Diesel,Automatic,First,12.7,2179,187.7,5,36.0,Land,Rover Range Rover 2.2L Prestige,11,3363.6363636363635
Hyderabad,2005,92000,Diesel,Manual,Second,16.1,1405,70.0,5,1.1,Tata,Indigo LX BSII,21,4380.952380952381
Mumbai,2014,36000,Petrol,Manual,First,17.57,1193,88.7,5,3.7,Tata,Zest Revotron 1.2T XM,12,3000.0
Delhi,2016,24569,Diesel,Manual,First,16.0,1997,140.0,7,13.5,Mahindra,XUV500 W10 1.99 mHawk,10,2456.9
Mumbai,2008,95000,Petrol,Automatic,Third,11.7,2354,177.6,5,2.85,Honda,Accord 2.4 AT,18,5277.777777777777
Coimbatore,2015,25811,Petrol,Manual,Second,25.4,624,37.5,4,2.13,Tata,Nano Twist XT,11,2346.4545454545455
Ahmedabad,2015,65000,Diesel,Manual,First,22.7,1582,126.2,5,7.75,Hyundai,Elantra CRDi S,11,5909.090909090909
Chennai,2017,100400,Diesel,Manual,First,25.0,1396,69.0,5,2.85,Tata,Indica V2 eLS,9,11155.555555555555
Jaipur,2014,76414,Diesel,Manual,First,25.8,1498,98.6,5,4.95,Honda,Amaze S i-Dtech,12,6367.833333333333
Kochi,2012,82103,Diesel,Manual,First,15.1,2179,140.0,7,6.2,Mahindra,XUV500 W8 2WD,14,5864.5
Pune,2013,98000,Diesel,Automatic,First,18.56,1995,190.0,5,17.5,BMW,X3 xDrive 20d Expedition,13,7538.461538461538
Pune,2010,45252,Petrol,Manual,First,18.9,1197,81.86,5,2.25,Hyundai,Grand i10 1.2 Kappa Magna,16,2828.25
Delhi,2017,10300,Petrol,Manual,First,21.4,1197,83.1,5,6.75,Maruti,Baleno Zeta 1.2,9,1144.4444444444443
Kochi,2016,42024,Diesel,Automatic,First,19.08,1582,126.2,5,9.73,Hyundai,Verna 1.6 CRDi AT SX,10,4202.4
Kochi,2018,51236,Diesel,Manual,First,25.47,1248,88.5,7,8.49,Maruti,Ertiga VDI,8,6404.5
Mumbai,2013,52000,Petrol,Automatic,First,13.6,1598,181.0,4,25.0,Mini,Cooper S Carbon Edition,13,4000.0
Coimbatore,2015,42894,Diesel,Manual,First,23.2,1248,73.94,5,5.59,Maruti,Ritz ZDi,11,3899.4545454545455
Mumbai,2011,68000,Diesel,Automatic,First,15.6,1896,106.0,5,4.8,Skoda,Laura L n K 1.9 PD AT,15,4533.333333333333
Delhi,2014,69000,Diesel,Manual,First,22.7,1498,89.84,5,5.45,Ford,Ecosport 1.5 DV5 MT Titanium Optional,12,5750.0
Pune,2017,10000,Petrol,Manual,First,18.6,1197,81.83,5,6.5,Hyundai,i20 2015-2017 Sportz 1.2,9,1111.111111111111
Chennai,2015,16000,Petrol,Manual,First,19.4,1198,86.8,5,4.35,Honda,Brio E MT,11,1454.5454545454545
Kolkata,2013,46992,Diesel,Manual,First,25.8,1498,98.6,5,3.75,Honda,Amaze S i-Dtech,13,3614.769230769231
Pune,2010,170000,Diesel,Automatic,Third,18.48,1995,177.0,5,12.0,BMW,5 Series 2003-2012 520d,16,10625.0
Delhi,2014,58000,Diesel,Automatic,First,12.07,2967,241.4,7,32.0,Audi,Q7 3.0 TDI Quattro Premium Plus,12,4833.333333333333
Jaipur,2015,50000,Diesel,Manual,Second,24.0,1120,70.0,5,4.0,Hyundai,Grand i10 CRDi Magna,11,4545.454545454545
Kolkata,2011,39010,Diesel,Manual,First,23.08,1461,63.1,5,2.6,Nissan,Micra Diesel XV,15,2600.6666666666665
Jaipur,2016,26946,Petrol,Manual,First,18.9,1197,82.0,5,4.45,Hyundai,Grand i10 Sportz,10,2694.6
Pune,2015,28700,Petrol,Manual,First,21.1,814,55.2,5,2.6,Hyundai,EON Era,11,2609.090909090909
Chennai,2011,60000,Petrol,Automatic,First,11.74,1796,186.0,5,16.0,Mercedes-Benz,New C-Class C250 Avantgarde,15,4000.0
Delhi,2014,38999,Diesel,Automatic,First,12.7,2179,187.7,5,32.5,Land,Rover Range Rover 2.2L Pure,12,3249.9166666666665
Mumbai,2016,39000,Diesel,Automatic,First,11.18,2696,184.0,7,13.85,Mahindra,Ssangyong Rexton RX7,10,3900.0
Coimbatore,2018,7784,Petrol,Manual,First,20.73,1373,91.1,5,8.76,Maruti,Ciaz 1.4 Delta,8,973.0
Kochi,2014,45710,Petrol,Automatic,First,11.8,3498,272.0,7,23.68,Mercedes-Benz,R-Class R350 4Matic Long,12,3809.1666666666665
Chennai,2017,42000,Petrol,Automatic,First,22.0,1197,81.8,5,5.5,Maruti,Dzire AMT VXI,9,4666.666666666667
Coimbatore,2013,75995,Diesel,Automatic,Second,11.49,4367,335.3,5,65.81,Land,Rover Range Rover Vogue SE 4.4 SDV8,13,5845.7692307692305
Kolkata,2013,57000,Diesel,Manual,First,19.01,1461,108.45,5,4.99,Renault,Duster 110PS Diesel RxZ,13,4384.615384615385
Chennai,2013,85350,Diesel,Manual,Second,22.32,1582,126.32,5,5.7,Hyundai,Verna 1.6 SX,13,6565.384615384615
Coimbatore,2016,82725,Petrol,Automatic,First,14.28,1798,138.03,5,11.99,Toyota,Corolla Altis 1.8 VL CVT,10,8272.5
Mumbai,2016,19000,Diesel,Automatic,Second,21.76,1995,190.0,5,29.99,BMW,3 Series Sport,10,1900.0
Chennai,2018,13900,Petrol,Manual,First,18.88,1499,110.4,5,9.5,Ford,EcoSport 1.5 Ti VCT MT Signature,8,1737.5
Hyderabad,2014,108000,Diesel,Manual,First,25.2,1248,74.0,5,5.5,Maruti,Swift VDI BSIV,12,9000.0
Bangalore,2016,36000,Diesel,Automatic,First,11.72,2199,194.3,7,23.0,Hyundai,Santa Fe 4x4 AT,10,3600.0
Hyderabad,2013,62188,Diesel,Manual,First,17.2,1396,53.5,5,2.95,Tata,Indica V2 DLS,13,4783.692307692308
Kochi,2015,58397,Diesel,Manual,First,24.0,1120,70.0,5,4.9,Hyundai,Grand i10 CRDi Sportz,11,5308.818181818182
Chennai,2006,85000,Petrol,Manual,Third,0.0,1086,113.27689373297004,5,1.3,Hyundai,Santro Xing XL,20,4250.0
Delhi,2016,30000,Petrol,Automatic,First,22.5,998,67.0,5,4.25,Maruti,Wagon R VXI AMT,10,3000.0
Kochi,2018,29907,Diesel,Manual,First,16.0,2179,140.0,7,16.36,Mahindra,XUV500 W10 2WD,8,3738.375
Kolkata,2009,46000,Diesel,Automatic,First,16.55,1968,147.51,5,9.95,Audi,A4 2.0 TDI,17,2705.8823529411766
Bangalore,2012,65000,Diesel,Manual,First,20.54,1598,103.6,5,5.5,Volkswagen,Vento Diesel Highline,14,4642.857142857143
Delhi,2016,22000,Diesel,Manual,First,24.3,1248,88.5,5,8.25,Maruti,Vitara Brezza ZDi Plus Dual Tone,10,2200.0
Chennai,2002,99024,Petrol,Manual,First,17.3,993,60.0,5,0.95,Maruti,Zen LX,24,4126.0
Kochi,2016,34952,Petrol,Manual,First,19.81,1086,68.05,5,4.01,Hyundai,i10 Era,10,3495.2
Kochi,2019,13913,Petrol,Manual,First,17.5,1199,88.7,5,8.2,Honda,WR-V Edge Edition i-VTEC S,7,1987.5714285714287
Chennai,2014,71000,Diesel,Manual,Second,25.1,1498,98.6,5,6.2,Honda,City i DTEC VX,12,5916.666666666667
Chennai,2012,97000,Diesel,Automatic,First,11.5,2982,169.0,7,16.75,Toyota,Fortuner 4x2 4 Speed AT,14,6928.571428571428
Delhi,2017,21000,Diesel,Automatic,First,16.0,2179,140.0,7,16.5,Mahindra,XUV500 AT W10 FWD,9,2333.3333333333335
Mumbai,2007,116000,Diesel,Manual,Third,10.9,2499,113.27689373297004,7,3.75,Ford,Endeavour XLT TDCi 4X4,19,6105.263157894737
Kolkata,2012,110438,Diesel,Manual,First,20.0,1399,68.05,5,3.5,Ford,Figo Diesel ZXI,14,7888.428571428572
Coimbatore,2017,66507,Petrol,Automatic,Second,19.0,1199,88.7,5,5.43,Honda,Jazz 1.2 V CVT i VTEC,9,7389.666666666667
Coimbatore,2017,54650,Diesel,Automatic,First,10.91,3198,197.0,7,30.35,Ford,Endeavour 3.2 Titanium AT 4X4,9,6072.222222222223
Hyderabad,2014,32000,Petrol,Automatic,First,17.97,1498,99.6,5,7.99,Nissan,Sunny XL CVT,12,2666.6666666666665
Coimbatore,2011,75378,Diesel,Manual,First,18.7,1896,66.0,5,3.59,Skoda,Octavia Ambiente 1.9 TDI MT,15,5025.2
Chennai,2012,82697,Diesel,Manual,First,25.44,936,57.6,5,1.9,Chevrolet,Beat Diesel LT,14,5906.928571428572
Chennai,2009,135000,Petrol,Automatic,First,12.1,2362,164.7,5,4.7,Toyota,Camry W2 (AT),17,7941.176470588235
Chennai,2012,149000,Diesel,Manual,First,19.01,1461,108.45,5,7.25,Renault,Duster 110PS Diesel RxZ,14,10642.857142857143
Kochi,2016,26212,Diesel,Automatic,First,17.9,2143,136.0,5,24.46,Mercedes-Benz,GLA Class 200 d Style,10,2621.2
Pune,2014,23500,Petrol,Manual,Second,17.57,1193,88.7,5,3.9,Tata,Zest Revotron 1.2T XMS,12,1958.3333333333333
Coimbatore,2013,56127,Petrol,Manual,First,18.5,1197,80.0,5,5.15,Hyundai,i20 1.2 Magna,13,4317.461538461538
Mumbai,2015,26000,Petrol,Automatic,First,21.5,1197,81.8,5,3.65,Maruti,Wagon R VXI AMT1.2,11,2363.6363636363635
Kolkata,2016,26000,Diesel,Manual,First,25.4,1186,73.97,5,5.0,Hyundai,Xcent 1.2 CRDi S,10,2600.0
Kolkata,2009,42000,Petrol,Manual,First,17.0,1497,118.0,5,2.3,Honda,City 1.5 S MT,17,2470.5882352941176
Pune,2001,130000,Petrol,Manual,Second,13.2,1495,94.0,5,0.75,Hyundai,Accent GLE,25,5200.0
Kochi,2009,137148,Petrol,Manual,Second,13.9,1599,103.2,5,1.85,Hyundai,Verna Xi (Petrol),17,8067.529411764706
Kolkata,2010,114703,Petrol,Manual,First,15.6,1196,70.0,5,1.8,Ford,Figo Petrol ZXI,16,7168.9375
Kochi,2014,97439,Diesel,Manual,First,25.8,1498,98.6,5,4.41,Honda,Amaze S i-Dtech,12,8119.916666666667
Chennai,2006,40000,Petrol,Manual,First,18.9,998,67.1,5,2.0,Maruti,Wagon R LX BSII,20,2000.0
Hyderabad,2014,81609,Diesel,Manual,First,17.8,1248,113.27689373297004,5,5.55,Maruti,Swift VDI BSIV,12,6800.75
Bangalore,2014,28000,Diesel,Automatic,First,13.0,2987,258.0,5,31.75,Mercedes-Benz,E-Class Facelift,12,2333.3333333333335
Bangalore,2015,37500,Diesel,Automatic,First,17.68,1968,174.33,5,32.0,Audi,A6 2011-2015 35 TDI Technology,11,3409.090909090909
Hyderabad,2010,37000,Diesel,Automatic,First,13.5,2987,282.0,5,21.0,Mercedes-Benz,S Class 2005 2013 S 350 CDI,16,2312.5
Ahmedabad,2010,83000,Diesel,Manual,First,19.3,1248,73.9,5,2.75,Maruti,Swift Dzire LDi,16,5187.5
Coimbatore,2005,79012,Petrol,Manual,First,13.4,1794,125.0,5,2.64,Toyota,Corolla H2,21,3762.4761904761904
Kochi,2018,27395,Diesel,Manual,First,15.4,2179,120.0,7,14.19,Mahindra,Scorpio S10 7 Seater,8,3424.375
Jaipur,2017,35362,Petrol,Manual,First,22.5,998,67.04,5,3.85,Maruti,Wagon R VXI,9,3929.1111111111113
Delhi,2014,117000,Diesel,Manual,First,13.0,2982,168.5,7,15.5,Toyota,Fortuner 4x2 Manual,12,9750.0
Mumbai,2010,23000,Petrol,Manual,First,18.2,1061,64.0,5,1.9,Maruti,Zen Estilo 1.1 LX BSIII,16,1437.5
Kochi,2014,59508,Petrol,Manual,First,25.4,624,37.48,4,1.26,Tata,Nano CX,12,4959.0
Chennai,2009,69000,Petrol,Manual,Second,18.5,1197,80.0,5,2.4,Hyundai,i20 Magna,17,4058.823529411765
Bangalore,2010,58000,Diesel,Automatic,First,22.69,1995,190.0,5,11.5,BMW,3 Series 320d,16,3625.0
Jaipur,2014,88511,Diesel,Manual,First,16.0,2179,140.0,7,8.25,Mahindra,XUV500 W6 2WD,12,7375.916666666667
Pune,2011,66000,Petrol,Manual,First,15.8,1598,105.0,5,2.75,Volkswagen,Vento IPL II Petrol Trendline,15,4400.0
Delhi,2009,65000,Petrol,Manual,Second,17.5,1198,70.0,5,1.4,Skoda,Fabia 1.2 MPI Classic,17,3823.529411764706
Coimbatore,2015,30676,Petrol,Manual,First,25.4,624,37.5,4,2.9,Tata,Nano Twist XT,11,2788.7272727272725
Chennai,2011,76000,Diesel,Manual,First,20.0,1399,68.0,5,2.4,Ford,Figo Diesel EXI,15,5066.666666666667
Pune,2013,23627,Petrol,Automatic,First,14.8,1598,105.0,5,4.75,Volkswagen,Vento IPL II Petrol Highline AT,13,1817.4615384615386
Kochi,2018,52827,Diesel,Automatic,First,12.7,2179,187.7,5,44.76,Land,Rover Range Rover HSE Dynamic,8,6603.375
Kochi,2015,64465,Diesel,Manual,First,26.0,1498,98.6,5,6.22,Honda,City i DTEC SV,11,5860.454545454545
Chennai,2018,14000,Petrol,Automatic,First,22.5,999,67.0,5,4.5,Renault,KWID Climber 1.0 AMT,8,1750.0
Mumbai,2015,26000,Petrol,Manual,First,18.9,1197,82.0,5,4.25,Hyundai,Grand i10 Asta Option,11,2363.6363636363635
Hyderabad,2011,78203,Diesel,Automatic,First,18.1,1991,147.9,4,5.5,Chevrolet,Cruze LTZ AT,15,5213.533333333334
Mumbai,2017,27000,Diesel,Manual,First,22.54,1396,88.73,5,6.95,Hyundai,i20 1.4 Asta,9,3000.0
Coimbatore,2018,31919,Petrol,Automatic,First,24.07,998,67.1,5,4.56,Maruti,Alto K10 VXI AGS,8,3989.875
Coimbatore,2016,47392,Diesel,Manual,First,20.5,1582,126.2,5,13.82,Hyundai,Creta 1.6 SX Option Diesel,10,4739.2
Mumbai,2016,17362,Petrol,Manual,First,18.0,1198,86.7,5,5.65,Honda,Amaze VX i-Vtech,10,1736.2
Kochi,2016,49716,Diesel,Manual,First,21.19,1396,88.73,5,6.2,Hyundai,i20 Active 1.4 SX Dual Tone,10,4971.6
Delhi,2014,48000,Petrol,Manual,First,23.1,998,67.04,5,3.25,Maruti,Celerio VXI,12,4000.0
Kolkata,2009,46000,Diesel,Automatic,First,16.55,1968,147.51,5,8.5,Audi,A4 2.0 TDI,17,2705.8823529411766
Bangalore,2016,79000,Diesel,Manual,First,24.8,1396,88.7,5,7.25,Hyundai,Verna 1.4 CRDi,10,7900.0
Pune,2013,57000,Diesel,Manual,First,21.8,1461,78.0,5,4.61,Renault,Fluence Diesel E4,13,4384.615384615385
Delhi,2016,29754,Petrol,Manual,First,16.2,1199,74.0,5,5.3,Volkswagen,Polo 1.2 MPI Highline,10,2975.4
Ahmedabad,2012,50123,Diesel,Manual,First,17.0,1405,70.0,5,1.9,Tata,Indigo LX,14,3580.214285714286
Kochi,2012,57184,Petrol,Manual,First,20.36,1197,78.9,5,3.09,Hyundai,i10 Sportz,14,4084.5714285714284
Mumbai,2007,75000,Diesel,Automatic,Second,16.46,2993,258.0,5,9.5,BMW,7 Series 730Ld Sedan,19,3947.3684210526317
Mumbai,2015,26000,Diesel,Automatic,First,17.01,1582,126.2,5,12.65,Hyundai,Creta 1.6 CRDi AT SX Plus,11,2363.6363636363635
Delhi,2016,22129,Petrol,Manual,First,18.9,1197,82.0,5,4.25,Hyundai,Grand i10 Magna,10,2212.9
Hyderabad,2011,127887,Diesel,Manual,First,21.1,1248,73.9,5,2.95,Maruti,Ritz VDi,15,8525.8
Hyderabad,2006,92000,Diesel,Manual,First,10.5,2179,120.0,8,3.45,Mahindra,Scorpio 2.6 SLX CRDe,20,4600.0
Hyderabad,2011,60634,Petrol,Manual,First,19.81,1086,68.05,5,3.3,Hyundai,i10 Era,15,4042.266666666667
Hyderabad,2014,90000,Diesel,Manual,First,14.0,2179,138.1,7,8.0,Tata,Safari Storme 2012-2015 VX,12,7500.0
Kolkata,2009,59000,Petrol,Manual,First,13.5,1799,130.0,5,2.71,Honda,Civic 2006-2010 1.8 V MT,17,3470.5882352941176
Hyderabad,2012,59293,Petrol,Manual,First,18.2,998,67.1,5,2.7,Maruti,Zen Estilo LXI BSIII,14,4235.214285714285
Mumbai,2012,80753,Diesel,Manual,Second,23.4,1248,74.0,5,4.5,Maruti,Swift Dzire VDI,14,5768.071428571428
Delhi,2015,40000,Diesel,Manual,Second,13.0,2982,168.5,7,18.75,Toyota,Fortuner 4x2 Manual,11,3636.3636363636365
Pune,2014,103000,Diesel,Manual,Second,28.4,1248,74.0,5,5.25,Maruti,Swift VDI,12,8583.333333333334
Hyderabad,2012,72389,LPG,Manual,First,26.2,998,58.2,5,3.2,Maruti,Wagon R Duo LX BSIII,14,5170.642857142857
Pune,2017,48000,Diesel,Manual,First,28.4,1248,73.75,5,6.0,Maruti,Dzire LDI,9,5333.333333333333
Kolkata,2014,41000,Petrol,Manual,First,18.9,1197,82.0,5,3.14,Hyundai,Grand i10 Asta,12,3416.6666666666665
Jaipur,2016,26000,Petrol,Manual,First,25.17,799,53.3,5,2.55,Renault,KWID RXL,10,2600.0
Jaipur,2012,30000,Petrol,Manual,Second,15.64,1193,64.08,5,2.3,Tata,Indigo CS eGLX BS IV,14,2142.8571428571427
Hyderabad,2014,74624,Diesel,Manual,First,20.0,1399,68.05,5,5.65,Ford,Figo Diesel Titanium,12,6218.666666666667
Kochi,2015,47877,Diesel,Automatic,First,15.15,2967,240.0,5,48.22,Porsche,Cayenne 2009-2014 Diesel,11,4352.454545454545
Jaipur,2016,35000,Petrol,Manual,First,24.07,998,67.1,5,3.0,Maruti,Alto K10 VXI,10,3500.0
Ahmedabad,2015,52123,Diesel,Manual,First,20.34,1498,103.2,5,7.5,Volkswagen,Vento 1.5 TDI Highline,11,4738.454545454545
Bangalore,2005,90000,Diesel,Manual,First,10.5,2179,120.0,8,2.6,Mahindra,Scorpio 2.6 SLX CRDe,21,4285.714285714285
Mumbai,2018,1400,Diesel,Automatic,First,18.56,1995,190.0,5,61.25,BMW,X3 xDrive 20d Luxury Line,8,175.0
Chennai,2009,122000,Petrol,Manual,Second,17.0,1497,118.0,5,3.5,Honda,City 1.5 V MT,17,7176.470588235294
Kochi,2016,21110,Petrol,Automatic,First,17.44,1998,189.08,4,28.95,Mini,Cooper 3 DOOR S,10,2111.0
Pune,2015,78000,Diesel,Automatic,First,13.5,2477,175.56,6,15.0,Mitsubishi,Pajero Sport 4X4 AT,11,7090.909090909091
Jaipur,2012,72000,Diesel,Manual,First,19.3,1248,73.9,5,4.25,Maruti,Swift Dzire VDi,14,5142.857142857143
Hyderabad,2006,48000,Petrol,Automatic,First,8.6,5998,552.0,4,59.0,Bentley,Continental Flying Spur,20,2400.0
Pune,2013,43486,Diesel,Manual,First,20.77,1248,88.76,7,6.6,Maruti,Ertiga VDI,13,3345.076923076923
Hyderabad,2007,199000,Diesel,Manual,Second,12.8,2494,102.0,7,5.2,Toyota,Innova 2.5 G4 Diesel 7-seater,19,10473.684210526315
Chennai,2010,34000,Petrol,Manual,First,11.7,1796,178.0,5,10.0,Mercedes-Benz,New C-Class C 200 Kompressor Elegance MT,16,2125.0
Bangalore,2016,37944,Diesel,Automatic,First,14.84,2143,167.62,5,35.0,Mercedes-Benz,New C-Class C 220 CDI BE Avantgare,10,3794.4
Mumbai,2017,30000,Diesel,Manual,First,22.7,1498,89.84,5,8.75,Ford,Ecosport 1.5 DV5 MT Titanium Optional,9,3333.3333333333335
Coimbatore,2015,64005,Petrol,Manual,First,17.71,1197,78.9,5,4.57,Toyota,Etios Liva 1.2 G,11,5818.636363636364
Delhi,2012,62000,Petrol,Manual,First,20.36,1197,78.9,5,2.5,Hyundai,i10 Magna 1.2,14,4428.571428571428
Chennai,2005,105000,Petrol,Manual,First,0.0,999,113.27689373297004,5,1.75,Hyundai,Santro LP - Euro II,21,5000.0
Kochi,2014,59885,Diesel,Automatic,First,12.39,2179,147.51,5,20.11,Land,Rover Freelander 2 SE,12,4990.416666666667
Hyderabad,2011,144471,Diesel,Manual,First,12.8,2494,102.0,8,7.8,Toyota,Innova 2.5 V Diesel 8-seater,15,9631.4
Coimbatore,2011,63991,Petrol,Manual,First,18.5,1197,80.0,5,3.61,Hyundai,i20 1.2 Magna,15,4266.066666666667
Pune,2007,72000,Petrol,Manual,Second,17.0,1086,113.27689373297004,5,1.11,Hyundai,Santro Xing XO eRLX Euro II,19,3789.4736842105262
Mumbai,2015,34895,Petrol,Automatic,First,19.15,1198,75.94,5,4.6,Nissan,Micra XV CVT,11,3172.2727272727275
Ahmedabad,2015,97003,Diesel,Automatic,First,15.87,2993,308.43,5,85.0,BMW,X6 xDrive 40d M Sport,11,8818.454545454546
Kolkata,2015,45000,Petrol,Automatic,First,16.8,1497,118.0,5,5.25,Honda,City 1.5 V AT,11,4090.909090909091
Delhi,2013,45000,Diesel,Manual,Second,25.8,1498,98.6,5,3.3,Honda,Amaze E i-Dtech,13,3461.5384615384614
Bangalore,2013,100000,Diesel,Manual,Second,11.5,2982,171.0,7,17.75,Toyota,Fortuner 3.0 Diesel,13,7692.307692307692
Delhi,2016,70000,Diesel,Automatic,First,12.97,2179,187.7,5,35.0,Land,Rover Discovery Sport SD4 HSE Luxury,10,7000.0
Coimbatore,2016,37023,Diesel,Manual,First,19.67,1582,126.2,5,13.39,Hyundai,Creta 1.6 CRDi SX,10,3702.3
Chennai,2012,81000,Diesel,Manual,First,25.44,936,56.3,5,2.5,Chevrolet,Beat Diesel LT,14,5785.714285714285
Kochi,2017,20789,Diesel,Automatic,First,11.36,2755,171.5,7,18.36,Toyota,Innova Crysta 2.8 GX AT,9,2309.8888888888887
Jaipur,2015,68310,Diesel,Manual,First,23.4,1248,74.0,5,5.95,Maruti,Swift Dzire VDI,11,6210.0
Mumbai,2015,47250,Diesel,Manual,Second,19.67,1582,126.2,5,11.0,Hyundai,Creta 1.6 CRDi SX Option,11,4295.454545454545
Delhi,2014,47000,Diesel,Automatic,Second,12.65,2993,255.0,5,64.75,Land,Rover Range Rover Sport SE,12,3916.6666666666665
Hyderabad,2017,128000,Diesel,Manual,First,25.8,1498,98.6,5,6.3,Honda,Amaze VX i-DTEC,9,14222.222222222223
Kochi,2017,17702,Petrol,Manual,First,15.29,1591,121.3,5,11.94,Hyundai,Creta 1.6 SX Plus Dual Tone Petrol,9,1966.888888888889
Mumbai,2014,34987,Petrol,Automatic,First,18.19,1197,103.5,5,5.95,Volkswagen,Vento Sport 1.2 TSI AT,12,2915.5833333333335
Ahmedabad,2017,37000,Diesel,Manual,First,26.0,1498,98.6,5,11.0,Honda,City i DTec VX,9,4111.111111111111
Coimbatore,2017,38271,Petrol,Manual,First,15.29,1591,121.3,5,12.53,Hyundai,Creta 1.6 SX Plus Dual Tone Petrol,9,4252.333333333333
Bangalore,2012,32510,Diesel,Manual,Second,20.0,1399,68.0,5,3.75,Ford,Figo Diesel Titanium,14,2322.1428571428573
Pune,2014,88000,Diesel,Automatic,First,14.69,2993,258.0,5,27.0,BMW,5 Series 2013-2017 530d M Sport,12,7333.333333333333
Pune,2012,116000,Diesel,Manual,First,10.5,2835,107.2,6,9.95,Mitsubishi,Pajero 2.8 SFX 7Str,14,8285.714285714286
Jaipur,2013,156000,Diesel,Manual,First,19.87,1461,83.8,5,4.2,Renault,Duster 85PS Diesel RxL Option,13,12000.0
Delhi,2010,75319,Petrol,Manual,Second,21.1,1197,85.8,5,2.0,Maruti,Ritz VXI,16,4707.4375
Kolkata,2013,28000,Petrol,Manual,First,18.9,1197,82.0,5,3.25,Hyundai,Grand i10 Sportz,13,2153.846153846154
Bangalore,2017,16500,Diesel,Automatic,First,17.9,2143,136.0,5,34.0,Mercedes-Benz,GLA Class 200 CDI SPORT,9,1833.3333333333333
Coimbatore,2016,75637,Diesel,Automatic,First,22.48,1995,190.0,5,30.37,BMW,5 Series 520d Luxury Line,10,7563.7
Kochi,2018,32854,Petrol,Automatic,First,13.0,1591,121.3,5,12.6,Hyundai,Creta 1.6 SX Plus Petrol Automatic,8,4106.75
Kochi,2019,6568,Petrol,Manual,First,25.17,799,53.3,5,5.09,Renault,KWID RXT Optional,7,938.2857142857143
Bangalore,2014,30000,Diesel,Automatic,First,14.94,2967,241.4,5,24.5,Audi,A4 3.0 TDI Quattro,12,2500.0
Kochi,2018,17804,Diesel,Manual,Second,28.09,1248,88.5,5,7.97,Maruti,Ciaz VDI SHVS,8,2225.5
Delhi,2011,69768,Petrol,Manual,First,16.0,1198,90.0,5,2.9,Honda,Jazz S,15,4651.2
Kochi,2016,62404,Diesel,Automatic,First,22.69,1995,190.0,5,21.33,BMW,3 Series 320d Luxury Line,10,6240.4
Bangalore,2012,97000,Diesel,Automatic,Second,19.08,1582,126.32,5,6.5,Hyundai,Verna SX CRDi AT,14,6928.571428571428
Coimbatore,2016,55687,Diesel,Manual,First,21.38,1396,88.7,5,12.15,Hyundai,Creta 1.4 CRDi S Plus,10,5568.7
Kolkata,2014,17000,Petrol,Manual,First,15.04,1598,103.2,5,4.25,Volkswagen,Vento 2013-2015 1.6 Comfortline,12,1416.6666666666667
Coimbatore,2017,34232,Diesel,Automatic,First,21.76,1995,190.0,5,35.84,BMW,3 Series Luxury Line,9,3803.5555555555557
Chennai,2004,135000,Petrol,Automatic,Third,14.4,1997,152.0,5,3.0,Honda,CR-V Petrol 2WD,22,6136.363636363636
Chennai,2012,80000,Diesel,Manual,First,19.72,1461,108.45,5,6.75,Renault,Duster 110PS Diesel RxZ AWD,14,5714.285714285715
Bangalore,2014,31045,Petrol,Manual,Second,18.6,1197,81.83,5,5.65,Hyundai,i20 Asta 1.2,12,2587.0833333333335
Pune,2013,58000,Diesel,Automatic,Second,16.96,1968,138.03,5,7.5,Volkswagen,Jetta 2013-2015 2.0L TDI Highline AT,13,4461.538461538462
Kochi,2018,35480,Diesel,Manual,First,19.67,1582,126.2,5,13.34,Hyundai,Creta 1.6 SX Plus Diesel,8,4435.0
Hyderabad,2016,62287,Diesel,Manual,First,28.09,1248,88.5,5,7.9,Maruti,Ciaz VDI SHVS,10,6228.7
Coimbatore,2015,46162,Diesel,Manual,First,22.54,1396,88.73,5,6.98,Hyundai,i20 Asta 1.4 CRDi,11,4196.545454545455
Mumbai,2014,9200,Petrol,Manual,First,17.01,1591,121.3,5,5.75,Hyundai,Verna 1.6 SX VTVT,12,766.6666666666666
Kolkata,2012,55339,Diesel,Manual,First,22.07,1199,73.9,5,2.65,Volkswagen,Polo Diesel Trendline 1.2L,14,3952.785714285714
Kolkata,2011,55476,Diesel,Manual,First,22.07,1199,73.9,5,2.49,Volkswagen,Polo Diesel Trendline 1.2L,15,3698.4
Pune,2007,68553,Petrol,Manual,Second,15.0,1586,104.68,5,1.5,Maruti,SX4 Vxi BSIII,19,3608.0526315789475
Kochi,2016,67376,Diesel,Manual,First,24.5,1498,98.6,7,6.5,Honda,Mobilio RS Option i DTEC,10,6737.6
Hyderabad,2013,42000,Diesel,Manual,First,19.64,1461,108.45,5,8.0,Renault,Duster 110PS Diesel RxZ Plus,13,3230.769230769231
Coimbatore,2019,28069,Diesel,Automatic,First,12.9,2755,174.5,7,30.85,Toyota,Fortuner 2.8 2WD AT,7,4009.8571428571427
Kochi,2014,93144,Diesel,Automatic,First,14.7,1984,181.0,5,17.15,Volvo,XC60 D4 SUMMUM,12,7762.0
Hyderabad,2014,24300,Petrol,Automatic,First,23.1,998,67.04,5,4.55,Maruti,Celerio VXI AT,12,2025.0
Hyderabad,2015,47883,Diesel,Manual,Second,26.21,1248,88.5,5,7.4,Maruti,Ciaz ZDi Plus,11,4353.0
Kochi,2013,12467,Diesel,Automatic,First,12.8,1968,167.6,5,25.64,Audi,Q5 2008-2012 2.0 TDI,13,959.0
Kolkata,2013,56683,Diesel,Automatic,Second,17.05,1995,184.0,5,13.5,BMW,X1 sDrive 20d Sportline,13,4360.2307692307695
Bangalore,2013,38000,Petrol,Manual,First,15.6,1196,70.0,5,3.55,Ford,Figo Petrol ZXI,13,2923.076923076923
Ahmedabad,2018,35000,Diesel,Manual,First,22.7,1582,126.2,5,15.0,Hyundai,Elantra CRDi SX,8,4375.0
Pune,2007,80000,Petrol,Manual,Second,13.9,1599,103.2,5,1.95,Hyundai,Verna 1.6 i ABS,19,4210.526315789473
Pune,2006,125000,Petrol,Manual,Second,13.5,1799,130.0,5,2.3,Honda,Civic 2006-2010 1.8 S MT,20,6250.0
Chennai,2013,123000,Diesel,Manual,Second,12.55,2982,168.5,7,15.0,Toyota,Fortuner 4x4 MT,13,9461.538461538461
Chennai,2012,70000,Petrol,Manual,First,20.36,1197,78.9,5,3.15,Hyundai,i10 Sportz,14,5000.0
Hyderabad,2012,87982,Diesel,Manual,First,21.64,1461,84.8,5,5.0,Nissan,Sunny 2011-2014 Diesel XL,14,6284.428571428572
Jaipur,2013,40714,Diesel,Automatic,Second,18.12,1995,190.0,5,24.75,BMW,5 Series 2013-2017 520d Luxury Line,13,3131.846153846154
Pune,2008,83000,Diesel,Manual,Second,16.52,1991,123.7,5,2.6,Chevrolet,Optra Magnum 2.0 LT,18,4611.111111111111
Ahmedabad,2011,86000,Petrol,Manual,First,20.36,1197,78.9,5,3.75,Hyundai,i10 Asta,15,5733.333333333333
Ahmedabad,2009,60002,Diesel,Manual,Second,17.5,1896,106.0,5,4.85,Skoda,Laura Ambiente,17,3529.529411764706
Jaipur,2013,60000,Diesel,Automatic,First,10.0,2148,170.0,5,27.0,Mercedes-Benz,E-Class 2009-2013 E 220 CDI Avantgarde,13,4615.384615384615
Kolkata,2014,84677,Diesel,Manual,First,25.8,1498,98.6,5,3.0,Honda,Amaze SX i-DTEC,12,7056.416666666667
Delhi,2017,23000,Diesel,Automatic,First,20.68,1995,190.0,5,28.75,BMW,X1 xDrive 20d xLine,9,2555.5555555555557
Hyderabad,2016,81424,Diesel,Manual,First,12.99,2494,100.6,8,14.49,Toyota,Innova 2.5 G (Diesel) 8 Seater,10,8142.4
Delhi,2013,36400,Diesel,Automatic,First,7.5,4806,394.3,4,72.0,Porsche,Panamera 2010 2013 Diesel,13,2800.0
Chennai,2012,70000,Diesel,Manual,Second,22.71,1461,84.8,5,4.0,Nissan,Sunny XV D,14,5000.0
Delhi,2015,40000,Diesel,Manual,Second,26.59,1248,74.0,5,4.5,Maruti,Swift Dzire LDI,11,3636.3636363636365
Mumbai,2019,600,Petrol,Automatic,First,21.5,1197,81.8,5,6.25,Maruti,Wagon R ZXI AMT 1.2,7,85.71428571428571
Pune,2015,65320,Diesel,Automatic,Second,16.96,1968,138.03,5,11.5,Volkswagen,Jetta 2013-2015 2.0L TDI Highline AT,11,5938.181818181818
Pune,2009,79000,Petrol,Manual,Third,9.8,2354,180.0,5,3.1,Honda,Accord 2.4 Inspire M/T,17,4647.058823529412
Mumbai,2018,5000,Petrol,Manual,First,17.8,1497,117.3,5,10.11,Honda,City i VTEC V,8,625.0
Coimbatore,2019,6028,Petrol,Manual,First,17.01,1591,121.3,5,11.54,Hyundai,Verna 1.6 SX VTVT,7,861.1428571428571
Delhi,2006,86000,Petrol,Manual,Second,18.9,998,67.1,5,1.0,Maruti,Wagon R LX BSII,20,4300.0
Kolkata,2013,160000,Diesel,Manual,Second,23.4,1248,74.0,5,2.5,Maruti,Swift Dzire Tour LDI,13,12307.692307692309
Kochi,2011,59967,Petrol,Automatic,First,9.74,1984,208.0,5,18.0,Audi,Q5 2008-2012 2.0 TFSI Quattro,15,3997.8
Coimbatore,2018,43127,Diesel,Manual,First,23.59,1364,67.04,5,6.85,Toyota,Etios Cross 1.4 GD,8,5390.875
Kochi,2012,65727,Petrol,Manual,First,19.81,1086,68.05,5,2.97,Hyundai,i10 Era 1.1 iTech SE,14,4694.785714285715
Pune,2013,70000,Petrol,Manual,First,17.01,1591,121.3,5,4.75,Hyundai,Verna 1.6 VTVT,13,5384.615384615385
Coimbatore,2018,39861,Diesel,Manual,First,20.14,1498,88.8,5,7.38,Volkswagen,Polo 1.5 TDI Highline,8,4982.625
Delhi,2017,16485,Diesel,Automatic,First,22.48,1995,187.74,5,42.75,BMW,5 Series 520d Sport Line,9,1831.6666666666667
Bangalore,2010,77332,Diesel,Manual,Second,23.0,1396,90.0,5,3.65,Hyundai,i20 1.4 Asta Optional With Sunroof,16,4833.25
Kochi,2017,17489,Petrol,Automatic,First,18.9,1197,82.0,5,5.99,Hyundai,Grand i10 Asta Option AT,9,1943.2222222222222
Pune,2012,125000,Diesel,Automatic,First,11.5,2982,169.0,7,13.5,Toyota,Fortuner 4x2 4 Speed AT,14,8928.57142857143
Chennai,2016,35129,Petrol,Automatic,First,21.4,1197,83.1,5,7.0,Maruti,Baleno Zeta Automatic,10,3512.9
Hyderabad,2016,22982,Petrol,Automatic,First,13.0,1591,121.3,5,10.95,Hyundai,Creta 1.6 SX Plus Petrol Automatic,10,2298.2
Pune,2013,54500,Petrol,Manual,Third,20.36,1197,78.9,5,2.95,Hyundai,i10 Sportz,13,4192.307692307692
Ahmedabad,2017,16235,Diesel,Manual,First,24.7,1047,69.0,5,5.5,Tata,Tigor XE Diesel,9,1803.888888888889
Kochi,2017,73641,Petrol,Automatic,First,14.67,1798,177.46,5,17.08,Skoda,Superb Style 1.8 TSI AT,9,8182.333333333333
Hyderabad,2015,59572,Diesel,Manual,First,26.59,1248,74.0,5,6.85,Maruti,Swift Dzire VDI,11,5415.636363636364
Jaipur,2014,112827,Petrol,Automatic,First,13.1,1997,141.1,5,10.5,Honda,CR-V 2.0 AT,12,9402.25
Hyderabad,2010,118000,Diesel,Manual,First,12.8,2494,102.0,8,8.75,Toyota,Innova 2.5 G (Diesel) 8 Seater BS IV,16,7375.0
Kolkata,2010,60000,Petrol,Manual,First,17.0,1497,118.0,5,2.7,Honda,City 1.5 V MT,16,3750.0
Mumbai,2012,75059,Petrol,Automatic,First,17.0,1591,121.3,5,4.25,Hyundai,Verna VTVT 1.6 AT SX Plus,14,5361.357142857143
Pune,2018,3000,Diesel,Manual,First,23.59,1364,67.04,5,7.9,Toyota,Etios 1.4 VXD,8,375.0
Delhi,2011,78000,Petrol,Automatic,Second,13.7,1798,157.75,5,4.5,Skoda,Superb Elegance 1.8 TSI AT,15,5200.0
Kolkata,2012,47000,Diesel,Manual,First,21.64,1461,84.8,5,4.0,Nissan,Sunny 2011-2014 Diesel XV,14,3357.1428571428573
Delhi,2012,42000,Petrol,Manual,First,17.0,1497,118.0,5,4.75,Honda,City 1.5 V MT Exclusive,14,3000.0
Kolkata,2018,6820,Diesel,Manual,First,22.54,1396,88.76,5,7.65,Hyundai,Elite i20 Diesel Asta Option,8,852.5
Kochi,2013,55176,Petrol,Manual,Second,17.4,1599,104.0,5,3.47,Chevrolet,Optra 1.6 LT Royale,13,4244.307692307692
Kochi,2016,39854,Petrol,Manual,First,18.0,1198,86.7,5,5.64,Honda,Amaze S i-Vtech,10,3985.4
Kolkata,2013,24000,Petrol,Manual,First,16.47,1198,73.9,5,2.95,Volkswagen,Polo Petrol Comfortline 1.2L,13,1846.1538461538462
Jaipur,2016,55000,Diesel,Manual,First,22.9,1248,74.0,5,5.65,Maruti,Swift VDI,10,5500.0
Kochi,2012,45840,Diesel,Automatic,First,11.4,2953,153.86,7,8.41,Ford,Endeavour 3.0L 4X4 AT,14,3274.285714285714
Pune,2006,155000,Petrol,Manual,Third,15.4,1590,94.0,5,0.85,Maruti,Baleno LXI,20,7750.0
Pune,2003,125000,Petrol,Manual,Second,18.9,998,67.1,5,0.8,Maruti,Wagon R LX,23,5434.782608695652
Coimbatore,2014,52951,Diesel,Manual,First,20.14,1498,88.0,5,5.65,Volkswagen,Polo 1.5 TDI Highline,12,4412.583333333333
Kolkata,2013,49000,Petrol,Manual,First,17.1,1591,121.3,5,4.5,Hyundai,Verna 1.6 SX VTVT (O),13,3769.230769230769
Ahmedabad,2015,52000,Diesel,Manual,First,28.09,1248,88.5,5,6.9,Maruti,Ciaz ZDi Plus SHVS,11,4727.272727272727
Mumbai,2001,227000,Diesel,Manual,Fourth & Above,0.0,2446,113.27689373297004,8,2.2,Toyota,Qualis Fleet A3,25,9080.0
Jaipur,2013,120005,Diesel,Manual,First,21.64,1461,84.8,5,4.0,Nissan,Sunny 2011-2014 Diesel XL,13,9231.153846153846
Mumbai,2015,33000,Petrol,Manual,First,15.0,1598,103.52,5,5.6,Skoda,Rapid 1.6 MPI Ambition With Alloy Wheel,11,3000.0
Delhi,2016,126000,Petrol,Manual,First,15.1,1196,73.0,7,2.2,Maruti,Eeco 7 Seater Standard,10,12600.0
Bangalore,2013,66700,Petrol,Manual,First,15.0,1598,103.5,5,4.0,Skoda,Rapid Ultima 1.6 MPI Ambition Plus,13,5130.7692307692305
Jaipur,2014,122000,Diesel,Manual,Second,12.55,2982,168.5,7,16.0,Toyota,Fortuner 4x4 MT,12,10166.666666666666
Mumbai,2016,29000,Diesel,Manual,First,19.67,1582,126.2,5,12.6,Hyundai,Creta 1.6 CRDi SX,10,2900.0
Kochi,2014,42315,Petrol,Manual,First,18.5,1197,82.9,5,4.79,Hyundai,i20 Magna Optional 1.2,12,3526.25
Mumbai,2015,22001,CNG,Manual,First,26.6,998,58.16,5,3.65,Maruti,Wagon R LXI CNG,11,2000.090909090909
Kochi,2016,84580,Diesel,Manual,First,26.0,1498,98.6,5,6.83,Honda,City i DTEC V,10,8458.0
Jaipur,2002,75000,Petrol,Manual,First,16.1,796,37.0,4,0.51,Maruti,800 Std,24,3125.0
Pune,2006,85000,Petrol,Manual,Second,13.8,1299,70.0,5,0.69,Ford,Ikon 1.3 Flair,20,4250.0
Delhi,2015,24296,Petrol,Manual,First,20.85,1197,83.14,5,4.65,Maruti,Swift Dzire LXI,11,2208.7272727272725
Kolkata,2014,40000,Petrol,Manual,First,16.8,1497,116.3,5,6.49,Honda,City 1.5 V MT Sunroof,12,3333.3333333333335
Chennai,2009,64514,Diesel,Manual,First,16.8,1493,110.0,5,2.9,Hyundai,Verna CRDi,17,3794.9411764705883
Delhi,2016,35000,Petrol,Manual,First,17.01,1591,121.3,5,7.4,Hyundai,Verna 1.6 SX VTVT,10,3500.0
Bangalore,2016,41000,Petrol,Manual,Second,25.17,799,53.3,5,3.25,Renault,KWID RXT,10,4100.0
Ahmedabad,2008,60123,Petrol,Manual,Second,18.9,998,67.1,5,1.95,Maruti,Wagon R LXI,18,3340.1666666666665
Jaipur,2015,53000,Petrol,Manual,Second,18.9,1197,82.0,5,4.0,Hyundai,Grand i10 Sportz,11,4818.181818181818
Delhi,2017,9000,Petrol,Manual,First,18.6,1197,81.83,5,6.85,Hyundai,i20 1.2 Asta,9,1000.0
Coimbatore,2015,53497,Petrol,Manual,First,18.0,1198,86.7,5,5.45,Honda,Amaze S i-Vtech,11,4863.363636363636
Hyderabad,2007,68000,Diesel,Manual,First,17.8,1399,68.0,5,1.99,Ford,Fiesta 1.4 Duratorq ZXI,19,3578.9473684210525
Hyderabad,2014,65000,Diesel,Automatic,First,19.08,1582,126.32,5,8.99,Hyundai,Verna SX CRDi AT,12,5416.666666666667
Kolkata,2014,45155,Diesel,Manual,First,23.59,1364,67.04,5,6.5,Toyota,Etios VD SP,12,3762.9166666666665
Coimbatore,2018,20026,Petrol,Automatic,First,19.0,1199,88.7,5,9.27,Honda,Jazz 1.2 V CVT i VTEC,8,2503.25
Ahmedabad,2015,60000,Diesel,Manual,First,23.9,1582,126.2,5,6.99,Hyundai,Verna 1.6 CRDi SX,11,5454.545454545455
Coimbatore,2019,15976,Diesel,Automatic,First,17.9,2143,136.0,5,36.76,Mercedes-Benz,CLA 200 D Sport Edition,7,2282.285714285714
Kochi,2017,30523,Petrol,Automatic,First,14.7,1798,177.5,5,17.08,Skoda,Octavia Elegance 1.8 TSI AT,9,3391.4444444444443
Kolkata,2013,26300,Diesel,Manual,First,25.44,936,57.6,5,2.8,Chevrolet,Beat Diesel LS,13,2023.076923076923
Kolkata,2011,66000,Diesel,Manual,First,22.07,1199,73.9,5,2.49,Volkswagen,Polo Diesel Trendline 1.2L,15,4400.0
Jaipur,2016,70000,Diesel,Manual,First,23.65,1248,88.5,5,8.85,Maruti,SX4 S Cross DDiS 200 Zeta,10,7000.0
Ahmedabad,2011,46000,Petrol,Manual,First,16.8,1497,116.3,5,4.15,Honda,City V MT,15,3066.6666666666665
Hyderabad,2017,28000,Diesel,Manual,First,20.64,1498,108.5,5,10.0,Volkswagen,Vento 1.5 TDI Highline,9,3111.1111111111113
Delhi,2017,46000,Petrol,Manual,First,18.9,1197,81.86,5,4.75,Hyundai,Grand i10 1.2 Kappa Magna,9,5111.111111111111
Jaipur,2017,33000,Petrol,Automatic,First,24.04,999,67.0,5,3.2,Renault,KWID AMT RXL,9,3666.6666666666665
Kochi,2017,27718,Petrol,Manual,First,22.74,796,47.3,5,3.28,Maruti,Alto 800 LXI,9,3079.777777777778
Bangalore,2013,58000,Petrol,Manual,First,15.8,1499,110.0,5,7.5,Ford,Ecosport 1.5 Ti VCT MT Titanium,13,4461.538461538462
Coimbatore,2018,33150,Petrol,Manual,First,21.4,1197,83.1,5,7.39,Maruti,Baleno Zeta,8,4143.75
Pune,2013,77000,Diesel,Manual,First,23.2,1248,73.94,5,3.65,Maruti,Ritz VDi,13,5923.076923076923
Chennai,2007,70000,Diesel,Automatic,First,11.0,2987,198.5,5,11.0,Mercedes-Benz,E-Class 280 CDI,19,3684.2105263157896
Kolkata,2012,97000,Diesel,Manual,First,23.2,1248,73.94,5,3.0,Maruti,Ritz VDi,14,6928.571428571428
Chennai,2012,75300,Diesel,Manual,Second,25.44,936,57.6,5,2.25,Chevrolet,Beat Diesel LT,14,5378.571428571428
Kochi,2010,69918,Petrol,Manual,First,15.5,1586,103.3,5,2.83,Maruti,SX4 Vxi BSIV,16,4369.875
Coimbatore,2019,4721,Petrol,Manual,First,14.0,796,35.0,5,4.11,Maruti,Omni 5 Seater BSIV,7,674.4285714285714
Kolkata,2014,39163,Diesel,Manual,First,13.5,2477,178.0,7,14.7,Mitsubishi,Pajero Sport Anniversary Edition,12,3263.5833333333335
Pune,2013,80000,Petrol,Automatic,First,13.0,2987,210.0,5,25.0,Mercedes-Benz,S Class 2005 2013 S 300 L,13,6153.846153846154
Bangalore,2015,66000,Diesel,Manual,First,25.44,936,56.3,5,2.35,Chevrolet,Beat Diesel LS,11,6000.0
Coimbatore,2017,36154,Diesel,Manual,Second,25.83,1498,99.0,5,6.41,Ford,Figo 2015-2019 1.5D Titanium MT,9,4017.1111111111113
Ahmedabad,2012,34000,Petrol,Manual,First,17.4,1497,117.3,5,5.75,Honda,City i-VTEC VX,14,2428.5714285714284
Chennai,2016,60000,Diesel,Automatic,Second,17.9,2143,136.0,5,17.55,Mercedes-Benz,GLA Class 200 CDI SPORT,10,6000.0
Jaipur,2015,32000,Diesel,Manual,First,21.38,1396,88.7,5,10.25,Hyundai,Creta 1.4 CRDi S Plus,11,2909.090909090909
Kochi,2012,79985,Diesel,Manual,First,17.8,1399,67.0,5,3.16,Ford,Fiesta Classic 1.4 Duratorq CLXI,14,5713.214285714285
Bangalore,2014,37600,Diesel,Automatic,Second,16.55,1968,147.51,5,22.5,Audi,A4 2.0 TDI,12,3133.3333333333335
Kochi,2015,31965,Petrol,Manual,First,19.81,1086,68.05,5,3.55,Hyundai,i10 Magna 1.1,11,2905.909090909091
Kochi,2010,70749,Petrol,Automatic,First,12.05,1995,154.0,5,9.86,BMW,3 Series 320i Sedan,16,4421.8125
Chennai,2013,38000,Diesel,Automatic,First,16.46,2993,258.0,5,45.0,BMW,7 Series 730Ld,13,2923.076923076923
Kochi,2017,41534,Petrol,Manual,First,17.01,1591,121.3,5,7.99,Hyundai,Verna 1.6 SX VTVT,9,4614.888888888889
Jaipur,2017,54455,Diesel,Automatic,First,22.0,1498,108.495,5,6.5,Volkswagen,Ameo 1.5 TDI Comfortline AT,9,6050.555555555556
Kolkata,2007,42000,Petrol,Manual,First,14.49,1399,92.7,5,0.75,Chevrolet,Aveo 1.4 LS,19,2210.5263157894738
Coimbatore,2018,52073,Diesel,Manual,Second,18.3,1991,147.9,5,9.87,Chevrolet,Cruze LTZ,8,6509.125
Kochi,2018,40175,Diesel,Manual,Second,22.54,1396,88.73,5,6.36,Hyundai,i20 1.4 Sportz,8,5021.875
Mumbai,2017,16503,Petrol,Automatic,First,16.0,1497,117.3,7,9.5,Honda,BRV i-VTEC V CVT,9,1833.6666666666667
Kochi,2017,15029,Petrol,Manual,First,19.1,1197,82.0,5,6.05,Hyundai,Xcent 1.2 Kappa SX,9,1669.888888888889
Mumbai,2013,26200,CNG,Manual,First,30.46,796,47.3,5,2.15,Maruti,Alto 800 CNG LXI,13,2015.3846153846155
Hyderabad,2015,76362,Diesel,Manual,First,24.0,1120,70.0,5,5.5,Hyundai,Grand i10 CRDi Sportz,11,6942.0
Kolkata,2007,18700,Petrol,Manual,Second,19.7,796,46.3,5,1.25,Maruti,Alto LXi,19,984.2105263157895
Coimbatore,2015,67585,Diesel,Manual,First,12.99,2494,100.6,7,11.99,Toyota,Innova 2.5 VX (Diesel) 7 Seater,11,6144.090909090909
Mumbai,2010,57000,Petrol,Automatic,Second,16.95,1197,78.9,5,2.5,Hyundai,i10 Sportz 1.2 AT,16,3562.5
Kochi,2019,22321,Petrol,Automatic,First,18.0,1497,117.3,5,11.66,Honda,City i-VTEC CVT V,7,3188.714285714286
Jaipur,1998,95150,Petrol,Manual,Third,17.3,993,60.0,5,0.53,Maruti,Zen LX,28,3398.214285714286
Kolkata,2015,36428,Petrol,Manual,First,20.51,998,67.04,5,3.1,Maruti,Wagon R LXI BS IV,11,3311.6363636363635
Hyderabad,2012,73500,Diesel,Manual,Second,20.0,1399,68.0,5,2.6,Ford,Figo Diesel Titanium,14,5250.0
Kochi,2015,47234,Petrol,Manual,First,18.0,1198,86.7,5,5.09,Honda,Amaze S i-Vtech,11,4294.0
Hyderabad,2008,62364,Petrol,Manual,First,13.2,1495,94.0,5,2.3,Hyundai,Accent GLE,18,3464.6666666666665
Pune,2012,89000,Diesel,Manual,First,22.32,1582,126.32,5,6.0,Hyundai,Verna 1.6 SX CRDi (O),14,6357.142857142857
Ahmedabad,2013,58653,Diesel,Manual,First,25.2,1248,74.0,5,4.4,Maruti,Swift ZDi,13,4511.7692307692305
Delhi,2013,30000,Petrol,Automatic,Second,14.8,1595,120.7,5,11.0,Mercedes-Benz,B Class B180,13,2307.6923076923076
Coimbatore,2014,64042,Diesel,Manual,First,17.3,1998,163.7,5,5.7,Chevrolet,Cruze LTZ,12,5336.833333333333
Chennai,2013,120000,Diesel,Automatic,First,20.0,1968,138.1,5,6.95,Skoda,Laura Ambiente 2.0 TDI CR AT,13,9230.76923076923
Hyderabad,2014,90000,Diesel,Manual,First,12.05,2179,120.0,8,7.9,Mahindra,Scorpio VLX 2WD BSIV,12,7500.0
Kochi,2018,30733,Diesel,Automatic,First,20.68,1995,190.0,5,29.3,BMW,X1 xDrive 20d xLine,8,3841.625
Kolkata,2009,43600,Petrol,Automatic,First,10.93,3498,272.0,5,10.24,Mercedes-Benz,E-Class 2009-2013 E350 Petrol,17,2564.705882352941
Pune,2010,71473,Petrol,Automatic,Second,13.7,1798,157.75,5,5.35,Skoda,Superb Elegance 1.8 TSI AT,16,4467.0625
Mumbai,2014,39000,Petrol,Automatic,Second,16.5,1198,86.8,5,3.49,Honda,Brio VX AT,12,3250.0
Hyderabad,2009,84045,Petrol,Manual,First,20.36,1197,78.9,5,2.85,Hyundai,i10 Magna 1.2,17,4943.823529411765
Mumbai,2014,57004,Petrol,Manual,First,17.4,1497,117.3,5,5.35,Honda,City i VTEC SV,12,4750.333333333333
Coimbatore,2012,75464,Petrol,Manual,First,15.6,1196,70.0,5,3.62,Ford,Figo Petrol ZXI,14,5390.285714285715
Hyderabad,2006,142000,Diesel,Manual,First,12.8,2494,102.0,7,6.25,Toyota,Innova 2.5 G4 Diesel 7-seater,20,7100.0
Kochi,2012,118683,Diesel,Manual,Second,21.0,1461,64.1,5,3.19,Mahindra,Verito 1.5 D6 BSIV,14,8477.357142857143
Delhi,2018,42000,Petrol,Manual,First,18.15,1198,82.0,6,5.5,Mahindra,KUV 100 G80 K8 Dual Tone,8,5250.0
Kochi,2019,12800,Petrol,Manual,First,18.6,1197,81.83,5,7.67,Hyundai,i20 Sportz Option 1.2,7,1828.5714285714287
Jaipur,2011,80000,Petrol,Manual,First,12.0,2092,127.0,7,5.5,Tata,New Safari EX 4x2,15,5333.333333333333
Hyderabad,2014,76126,Diesel,Manual,First,19.3,1248,73.9,5,6.6,Maruti,Swift Dzire VDi,12,6343.833333333333
Chennai,2017,21000,Diesel,Automatic,Second,15.97,2993,258.0,5,55.0,BMW,X5 xDrive 30d M Sport,9,2333.3333333333335
Pune,2013,85000,Diesel,Automatic,First,17.68,1968,174.33,5,21.0,Audi,A6 2011-2015 2.0 TDI Premium Plus,13,6538.461538461538
Jaipur,2017,27000,Petrol,Manual,First,21.4,1197,83.1,5,4.5,Maruti,Baleno Delta 1.2,9,3000.0
Coimbatore,2016,45794,Diesel,Automatic,First,13.01,2199,194.3,7,20.67,Hyundai,Santa Fe 4WD AT,10,4579.4
Hyderabad,2013,57352,Diesel,Automatic,First,14.39,1998,163.7,5,6.5,Chevrolet,Cruze LTZ AT,13,4411.692307692308
Coimbatore,2018,41467,Diesel,Automatic,First,15.0,2143,204.0,5,37.98,Mercedes-Benz,E-Class 2015-2017 E250 Edition E,8,5183.375
Mumbai,2009,42000,Petrol,Manual,First,17.92,1086,62.1,5,1.45,Hyundai,Santro Xing GLS,17,2470.5882352941176
Delhi,2014,62549,CNG,Manual,First,26.6,998,58.16,5,2.95,Maruti,Wagon R LXI CNG,12,5212.416666666667
Hyderabad,2015,67048,Diesel,Manual,First,28.09,1248,88.5,5,7.9,Maruti,Ciaz VDi Plus SHVS,11,6095.272727272727
Kochi,2018,11732,Petrol,Manual,First,17.4,1497,117.3,5,10.07,Honda,City i-VTEC V,8,1466.5
Mumbai,2016,37000,Diesel,Manual,First,20.45,1461,83.8,5,6.5,Nissan,Terrano XL Plus ICC WT20 SE,10,3700.0
Hyderabad,2015,30000,Diesel,Automatic,First,18.88,1995,184.0,5,22.0,BMW,3 Series 320d Prestige,11,2727.2727272727275
Hyderabad,2016,53000,Diesel,Manual,First,26.0,1498,98.6,5,9.75,Honda,City i DTEC V,10,5300.0
Jaipur,2014,60000,Diesel,Manual,First,20.45,1461,83.8,5,6.0,Nissan,Terrano XL Plus 85 PS,12,5000.0
Delhi,2014,65000,Diesel,Manual,First,24.0,1120,70.0,5,3.99,Hyundai,Grand i10 CRDi Sportz,12,5416.666666666667
Ahmedabad,2008,51000,Petrol,Manual,First,17.0,1086,113.27689373297004,5,1.75,Hyundai,Santro Xing XL eRLX Euro III,18,2833.3333333333335
Delhi,2015,92000,Diesel,Automatic,First,12.55,2982,168.5,7,19.75,Toyota,Fortuner 4x2 AT,11,8363.636363636364
Kolkata,2017,31000,Diesel,Manual,First,13.68,2393,147.8,7,16.95,Toyota,Innova Crysta 2.4 VX MT,9,3444.4444444444443
Chennai,2017,43917,Petrol,Manual,First,21.4,1197,83.1,5,6.8,Maruti,Baleno Zeta 1.2,9,4879.666666666667
Kolkata,2007,46707,Petrol,Manual,First,17.0,1086,113.27689373297004,5,0.99,Hyundai,Santro Xing XL eRLX Euro III,19,2458.2631578947367
Pune,2013,84000,Petrol,Manual,First,19.81,1086,68.05,5,2.95,Hyundai,i10 Sportz 1.1L,13,6461.538461538462
Coimbatore,2015,55662,Diesel,Automatic,First,12.07,2967,241.4,7,42.83,Audi,Q7 3.0 TDI Quattro Premium Plus,11,5060.181818181818
Hyderabad,2014,51000,Diesel,Automatic,First,27.03,1969,190.0,5,21.5,Volvo,S60 D4 Momentum,12,4250.0
Jaipur,2015,24398,Petrol,Manual,First,17.8,1497,117.3,5,7.9,Honda,City i VTEC V,11,2218.0
Hyderabad,2011,78000,Petrol,Manual,Second,20.92,998,67.1,5,2.3,Maruti,Alto K10 2010-2014 VXI,15,5200.0
Delhi,2012,40315,Petrol,Manual,First,18.5,1198,86.8,5,2.75,Honda,Brio 1.2 S Option MT,14,2879.6428571428573
Jaipur,2011,83000,Diesel,Manual,First,12.05,2179,120.0,8,6.71,Mahindra,Scorpio VLX 2WD AIRBAG BSIV,15,5533.333333333333
Kochi,2017,58151,Diesel,Automatic,First,19.6,1461,108.45,5,9.6,Renault,Duster 110PS Diesel RxL AMT,9,6461.222222222223
Kochi,2017,30519,Diesel,Manual,First,19.67,1582,126.2,5,12.81,Hyundai,Creta 1.6 CRDi SX,9,3391.0
Coimbatore,2019,20712,Petrol,Manual,First,23.84,1199,84.0,5,6.94,Tata,Tiago 1.2 Revotron XZ,7,2958.8571428571427
Mumbai,2015,48000,Diesel,Manual,First,16.0,2179,140.0,7,9.45,Mahindra,XUV500 W6 2WD,11,4363.636363636364
Hyderabad,2015,85000,Diesel,Manual,First,20.34,1498,103.2,5,6.0,Volkswagen,Vento 1.5 TDI Highline,11,7727.272727272727
Delhi,2013,32000,Petrol,Automatic,First,14.8,1595,120.7,5,11.0,Mercedes-Benz,B Class B180,13,2461.5384615384614
Delhi,2011,52000,Petrol,Manual,First,15.5,1586,103.3,5,2.6,Maruti,SX4 Vxi BSIV,15,3466.6666666666665
Hyderabad,2007,58307,Petrol,Manual,First,15.3,1341,83.0,5,1.95,Hyundai,Getz GLE,19,3068.7894736842104
Mumbai,2013,30000,Diesel,Automatic,First,17.54,2993,313.0,4,45.0,BMW,6 Series Gran Coupe,13,2307.6923076923076
Chennai,2014,40000,Diesel,Automatic,First,17.11,1968,174.33,5,22.0,Audi,A4 2.0 TDI 177 Bhp Premium Plus,12,3333.3333333333335
Kolkata,2015,36000,Petrol,Manual,First,18.6,1197,81.83,5,4.9,Hyundai,i20 Asta Option 1.2,11,3272.7272727272725
Kochi,2015,58817,Diesel,Manual,First,19.87,1461,83.14,5,6.25,Nissan,Terrano XL D Option,11,5347.0
Chennai,2013,55000,Diesel,Manual,Second,20.54,1598,103.6,5,6.1,Volkswagen,Vento Konekt Diesel Highline,13,4230.7692307692305
Mumbai,2011,39000,Petrol,Manual,First,20.36,1197,78.9,5,2.6,Hyundai,i10 Sportz,15,2600.0
Delhi,2011,6500,Petrol,Automatic,Third,6.4,5204,560.0,2,120.0,Lamborghini,Gallardo Coupe,15,433.3333333333333
Hyderabad,2012,35000,Diesel,Automatic,First,14.74,2993,270.9,5,29.0,Jaguar,XF 3.0 Litre S Premium Luxury,14,2500.0
Pune,2010,49900,Petrol,Manual,Second,17.5,1298,85.8,5,3.3,Maruti,Swift Dzire VXi,16,3118.75
Hyderabad,2013,99500,Diesel,Manual,Second,22.3,1248,74.0,5,3.05,Tata,Indica Vista Quadrajet VX,13,7653.846153846154
Kolkata,2012,33249,Diesel,Manual,First,21.27,1396,88.76,5,3.25,Hyundai,i20 Asta 1.4 CRDi,14,2374.9285714285716
Delhi,2014,52000,Petrol,Manual,First,19.1,1197,81.86,5,3.75,Hyundai,Xcent 1.2 Kappa S Option,12,4333.333333333333
Mumbai,2015,45000,Diesel,Manual,First,12.99,2494,100.6,7,13.25,Toyota,Innova 2.5 VX (Diesel) 7 Seater,11,4090.909090909091
Hyderabad,2017,22000,Petrol,Manual,First,23.84,1199,84.0,5,4.8,Tata,Tiago 1.2 Revotron XZ,9,2444.4444444444443
Kochi,2019,7858,Petrol,Manual,First,25.17,799,53.3,5,3.8,Renault,KWID RXL,7,1122.5714285714287
Pune,2011,112000,Diesel,Manual,First,12.8,2494,102.0,7,8.5,Toyota,Innova 2.5 V Diesel 7-seater,15,7466.666666666667
Coimbatore,2016,41082,Diesel,Automatic,First,13.0,2143,204.0,5,38.76,Mercedes-Benz,E-Class 2015-2017 E250 CDI Avantgarde,10,4108.2
Ahmedabad,2009,72000,Petrol,Automatic,First,16.8,1497,116.4,5,3.2,Honda,City 1.5 S AT,17,4235.294117647059
Hyderabad,2011,84912,Petrol,Manual,First,20.36,1197,78.9,5,3.5,Hyundai,i10 Sportz 1.2,15,5660.8
Pune,2015,70000,Diesel,Manual,First,19.67,1582,126.2,5,12.25,Hyundai,Creta 1.6 CRDi SX Option,11,6363.636363636364
Mumbai,2014,21000,Petrol,Manual,First,19.5,1199,86.76,5,4.75,Honda,Amaze VX Petrol,12,1750.0
Delhi,2016,27000,Petrol,Manual,First,18.78,999,74.0,5,4.5,Volkswagen,Polo 1.2 MPI Trendline,10,2700.0
Kolkata,2012,29000,Petrol,Manual,First,20.36,1197,78.9,5,2.35,Hyundai,i10 Magna 1.2,14,2071.4285714285716
Hyderabad,2014,48425,Diesel,Manual,First,23.08,1461,63.12,5,3.4,Renault,Pulse RxL,12,4035.4166666666665
Pune,2016,19000,Diesel,Automatic,First,21.5,1498,108.5,5,10.0,Volkswagen,Vento 1.5 TDI Highline AT,10,1900.0
Hyderabad,2012,210000,Diesel,Manual,First,12.99,2494,100.0,7,9.0,Toyota,Innova 2.5 VX (Diesel) 7 Seater BS IV,14,15000.0
Delhi,2013,64000,Petrol,Manual,Second,14.53,1798,138.1,5,5.2,Toyota,Corolla Altis G,13,4923.076923076923
Chennai,2006,200000,Diesel,Manual,Second,16.8,1493,110.0,5,1.85,Hyundai,Verna CRDi,20,10000.0
Chennai,2013,100000,Diesel,Automatic,Second,11.3,2987,254.8,7,38.0,Mercedes-Benz,GL-Class 350 CDI Blue Efficiency,13,7692.307692307692
Kochi,2013,69140,Diesel,Manual,First,20.46,1461,83.8,5,5.11,Renault,Duster 85PS Diesel RxL Optional,13,5318.461538461538
Coimbatore,2019,21214,Petrol,Manual,First,15.41,1598,103.52,5,9.66,Skoda,Rapid 1.6 MPI Ambition,7,3030.5714285714284
Kolkata,2015,28000,Petrol,Manual,First,20.36,1197,78.9,5,3.4,Hyundai,i10 Sportz 1.2,11,2545.4545454545455
Kochi,2017,29085,Petrol,Manual,First,18.15,1198,82.0,6,5.84,Mahindra,KUV 100 mFALCON G80 K8,9,3231.6666666666665
Kolkata,2016,30000,Petrol,Automatic,First,23.1,998,67.04,5,3.8,Maruti,Celerio VXI AMT,10,3000.0
Mumbai,2012,32910,Petrol,Automatic,First,16.98,998,66.1,5,2.5,Maruti,A-Star AT VXI,14,2350.714285714286
Kolkata,2015,30000,Diesel,Manual,First,25.1,1498,98.6,5,6.95,Honda,City i DTEC VX,11,2727.2727272727275
Pune,2010,35102,Petrol,Automatic,First,12.6,1798,161.6,5,5.5,Skoda,Superb 1.8 TSI,16,2193.875
Coimbatore,2017,22831,Petrol,Manual,First,18.9,1197,82.0,5,6.19,Hyundai,Grand i10 Sportz,9,2536.777777777778
Hyderabad,2013,74911,Diesel,Manual,First,20.45,1461,83.8,5,6.0,Renault,Duster 85PS Diesel RxL,13,5762.384615384615
Pune,2015,21000,Petrol,Manual,First,18.9,1197,82.0,5,3.75,Hyundai,Grand i10 Magna,11,1909.090909090909
Kochi,2018,37160,Diesel,Manual,First,22.77,1498,98.59,5,9.46,Ford,EcoSport 1.5 TDCi Titanium,8,4645.0
Jaipur,2011,41000,Petrol,Manual,Second,16.95,1498,97.7,5,3.0,Nissan,Sunny 2011-2014 XL,15,2733.3333333333335
Chennai,2016,37294,Diesel,Manual,First,25.83,1498,99.0,5,5.75,Ford,Figo Aspire 1.5 TDCi Titanium,10,3729.4
Coimbatore,2009,56927,Petrol,Manual,First,13.5,1799,130.0,5,4.41,Honda,Civic 2006-2010 1.8 V MT,17,3348.6470588235293
Kochi,2017,21954,Petrol,Manual,First,25.17,799,53.3,5,3.7,Renault,KWID RXT Optional,9,2439.3333333333335
Kolkata,2014,50000,Petrol,Manual,Second,19.4,1198,86.8,5,2.5,Honda,Brio EX MT,12,4166.666666666667
Coimbatore,2012,78212,Petrol,Manual,First,16.1,1298,88.2,5,5.35,Maruti,Swift ZXI ABS,14,5586.571428571428
Delhi,2013,64500,Diesel,Manual,First,21.9,1396,88.8,5,3.65,Hyundai,i20 Magna Optional 1.4 CRDi,13,4961.538461538462
Delhi,2014,51000,Diesel,Automatic,First,17.2,1968,138.03,5,13.0,Skoda,Superb Elegance 2.0 TDI CR AT,12,4250.0
Delhi,2012,52000,Petrol,Manual,First,18.9,998,67.1,5,2.45,Maruti,Wagon R LXI BSII,14,3714.285714285714
Mumbai,2015,120000,Diesel,Automatic,First,21.21,1498,103.2,5,5.75,Volkswagen,Vento 1.5 TDI Highline AT,11,10909.09090909091
Coimbatore,2017,65792,Diesel,Manual,First,26.0,1498,98.6,5,8.11,Honda,City i DTEC S,9,7310.222222222223
Ahmedabad,2018,30000,Diesel,Manual,First,22.54,1396,88.73,5,7.75,Hyundai,i20 1.4 Sportz,8,3750.0
Coimbatore,2017,54387,Petrol,Automatic,First,19.15,1198,75.94,5,5.85,Nissan,Micra XV CVT,9,6043.0
Mumbai,2018,1617,Petrol,Manual,First,25.17,799,53.3,5,4.29,Renault,KWID RXT Optional,8,202.125
Hyderabad,2015,82000,Diesel,Manual,First,25.6,1498,98.6,5,8.0,Honda,City i-DTEC SV,11,7454.545454545455
Mumbai,2017,20000,Diesel,Manual,First,13.68,2393,147.8,8,16.5,Toyota,Innova Crysta 2.4 G MT 8S,9,2222.222222222222
Jaipur,2015,98000,Diesel,Manual,First,27.39,1248,74.0,5,5.5,Maruti,Baleno Alpha 1.3,11,8909.09090909091
Delhi,2015,57000,Diesel,Manual,First,22.77,1498,98.59,5,6.35,Ford,EcoSport 1.5 TDCi Trend,11,5181.818181818182
Jaipur,2013,250000,Diesel,Manual,Second,12.99,2494,100.6,8,7.9,Toyota,Innova 2.5 G (Diesel) 8 Seater,13,19230.76923076923
Hyderabad,2014,56549,Diesel,Manual,First,22.7,1498,89.84,5,7.2,Ford,Ecosport 1.5 DV5 MT Ambiente,12,4712.416666666667
Bangalore,2012,78500,Diesel,Manual,First,22.07,1199,73.9,5,3.65,Volkswagen,Polo Diesel Comfortline 1.2L,14,5607.142857142857
Kochi,2016,55036,Diesel,Manual,First,22.54,1396,88.73,5,6.35,Hyundai,i20 Sportz 1.4 CRDi,10,5503.6
Pune,2016,55000,Diesel,Manual,First,19.87,1461,83.8,5,7.8,Renault,Duster 85PS Diesel RxL Explore,10,5500.0
Chennai,2007,90000,Petrol,Manual,Second,13.8,1299,70.0,5,1.4,Ford,Ikon 1.3 Flair,19,4736.8421052631575
Chennai,2007,155000,Diesel,Manual,First,13.1,2499,141.0,7,5.5,Ford,Endeavour XLT TDCi 4X2,19,8157.894736842105
Hyderabad,2018,17810,Diesel,Manual,First,27.39,1248,74.0,5,8.5,Maruti,Baleno Delta 1.3,8,2226.25
Kochi,2011,42408,Diesel,Automatic,First,14.84,2143,170.0,5,10.48,Mercedes-Benz,New C-Class C 220 CDI Elegance AT,15,2827.2
Ahmedabad,2005,81000,Petrol,Manual,Second,15.9,1298,85.0,5,0.75,Maruti,Esteem Vxi - BSIII,21,3857.1428571428573
Pune,2008,52000,Petrol,Manual,Second,12.85,1396,99.6,5,1.3,Tata,Indigo XL Grand Petrol,18,2888.8888888888887
Mumbai,2013,35000,Diesel,Automatic,First,16.73,2993,218.0,5,21.0,BMW,5 Series 525d Sedan,13,2692.3076923076924
Delhi,2013,60000,Petrol,Manual,First,17.92,1086,62.1,5,2.3,Hyundai,Santro Xing GL Plus,13,4615.384615384615
Mumbai,2015,27000,Diesel,Automatic,First,19.5,1968,141.0,5,14.95,Skoda,Octavia 2.0 TDI AT Style Plus,11,2454.5454545454545
Coimbatore,2017,55975,Diesel,Automatic,Second,17.68,1968,174.33,5,35.92,Audi,A6 2011-2015 35 TDI Technology,9,6219.444444444444
Pune,2016,115000,Diesel,Manual,First,25.83,1498,99.0,5,4.5,Ford,Figo 1.5D Trend MT,10,11500.0
Hyderabad,2016,132000,Diesel,Manual,First,14.95,2489,93.7,7,5.5,Mahindra,Xylo D4 BS III,10,13200.0
Mumbai,2015,40337,Petrol,Automatic,First,23.1,998,67.04,5,4.45,Maruti,Celerio ZXI AT,11,3667.0
Chennai,2008,192000,Diesel,Manual,First,12.8,2494,102.0,8,6.85,Toyota,Innova 2.5 G4 Diesel 8-seater,18,10666.666666666666
Bangalore,2016,50000,Diesel,Manual,First,24.0,1120,70.0,5,5.5,Hyundai,Grand i10 CRDi Asta,10,5000.0
Kochi,2016,28147,Petrol,Manual,First,18.9,1197,81.86,5,5.07,Hyundai,Grand i10 1.2 Kappa Sportz,10,2814.7
Mumbai,2015,20000,Petrol,Manual,First,18.9,1197,82.0,5,3.85,Hyundai,Grand i10 Sportz,11,1818.1818181818182
Chennai,2016,11000,Petrol,Manual,First,18.6,1197,81.86,5,7.95,Hyundai,Elite i20 Petrol Asta,10,1100.0
Jaipur,2009,63000,Petrol,Manual,Second,18.2,998,67.1,5,1.25,Maruti,Zen Estilo LXI BSIII,17,3705.8823529411766
Kochi,2014,36967,Petrol,Manual,First,20.92,998,67.1,5,3.64,Maruti,Alto K10 2010-2014 VXI,12,3080.5833333333335
Jaipur,2016,73053,Diesel,Manual,First,13.0,2982,168.5,7,20.0,Toyota,Fortuner 4x2 Manual,10,7305.3
Coimbatore,2019,16392,Diesel,Manual,First,16.55,2498,105.0,6,10.36,Mahindra,Thar CRDe AC,7,2341.714285714286
Chennai,2007,79000,Petrol,Manual,First,17.0,1086,113.27689373297004,5,1.85,Hyundai,Santro Xing XO,19,4157.894736842105
Jaipur,2013,67000,Petrol,Manual,Second,16.78,1496,88.73,5,4.05,Toyota,Etios G,13,5153.846153846154
Mumbai,2015,48600,Diesel,Automatic,First,12.0,2987,224.0,7,48.5,Mercedes-Benz,GL-Class 2007 2012 350 CDI Luxury,11,4418.181818181818
Bangalore,2014,70000,Diesel,Manual,First,19.6,1461,108.45,5,8.25,Renault,Duster 110PS Diesel RxZ,12,5833.333333333333
Pune,2014,84000,Diesel,Manual,First,22.9,1248,74.0,5,5.25,Maruti,Swift VDI,12,7000.0
Mumbai,2013,49106,Petrol,Manual,First,15.04,1598,103.2,5,4.4,Volkswagen,Vento Magnific 1.6 Comfortline,13,3777.3846153846152
Mumbai,2017,35000,Diesel,Automatic,First,18.19,1968,174.5,5,25.75,Skoda,Superb L&K 2.0 TDI AT,9,3888.8888888888887
Kochi,2014,51240,Diesel,Automatic,First,8.2,2993,245.0,4,29.52,BMW,3 Series 330d Convertible,12,4270.0
Kolkata,2011,37000,Petrol,Manual,Second,18.9,998,67.1,5,2.1,Maruti,Wagon R VXI BS IV,15,2466.6666666666665
Kochi,2017,32587,Petrol,Manual,First,25.17,799,53.3,5,3.71,Renault,KWID RXT,9,3620.777777777778
Pune,2009,180000,Diesel,Manual,First,10.9,2499,143.0,7,7.5,Ford,Endeavour 4x2 XLT Limited Edition,17,10588.235294117647
Kochi,2017,21248,Diesel,Manual,First,24.3,1248,88.5,5,9.44,Maruti,Vitara Brezza ZDi Plus Dual Tone,9,2360.8888888888887
Pune,2006,47200,Petrol,Manual,Second,17.0,1086,113.27689373297004,5,1.2,Hyundai,Santro Xing XO eRLX Euro II,20,2360.0
Delhi,2014,40000,Petrol,Automatic,First,10.5,1796,157.7,5,24.0,Mercedes-Benz,E-Class 200 Kompressor Elegance,12,3333.3333333333335
Ahmedabad,2019,4000,Diesel,Automatic,First,0.0,1950,194.0,5,35.0,Mercedes-Benz,C-Class Progressive C 220d,7,571.4285714285714
Mumbai,2017,23700,CNG,Manual,First,17.5,1373,80.46,7,8.25,Maruti,Ertiga VXI CNG,9,2633.3333333333335
Delhi,2011,57000,Diesel,Automatic,Second,16.55,1968,147.51,5,9.75,Audi,A4 2.0 TDI Celebration Edition,15,3800.0
Kolkata,2014,37000,Petrol,Manual,First,18.9,1197,82.0,5,3.45,Hyundai,Grand i10 Asta,12,3083.3333333333335
Jaipur,2014,70000,Diesel,Manual,Second,13.5,2477,175.56,7,11.85,Mitsubishi,Pajero Sport 4X4,12,5833.333333333333
Coimbatore,2012,92469,Diesel,Automatic,Second,19.71,2143,201.15,5,16.14,Mercedes-Benz,New C-Class C 250 CDI Avantgarde,14,6604.928571428572
Pune,2015,55000,CNG,Manual,First,26.6,998,58.16,5,3.7,Maruti,Wagon R LXI CNG,11,5000.0
Ahmedabad,2017,20000,Petrol,Automatic,First,24.07,998,67.1,5,4.0,Maruti,Alto K10 VXI AGS,9,2222.222222222222
Delhi,2015,42000,Petrol,Manual,Second,18.6,1197,81.83,5,5.8,Hyundai,i20 Sportz 1.2,11,3818.181818181818
Kolkata,2014,28000,Diesel,Manual,First,23.4,1248,74.0,5,4.65,Maruti,Swift Dzire VDI,12,2333.3333333333335
Pune,2010,93000,Petrol,Automatic,Second,11.8,3498,272.0,7,15.0,Mercedes-Benz,R-Class R350 4Matic Long,16,5812.5
Mumbai,2015,23000,Petrol,Automatic,First,15.63,1499,110.4,5,6.8,Ford,EcoSport 1.5 Ti VCT AT Titanium,11,2090.909090909091
Bangalore,2016,36000,Diesel,Manual,First,25.1,1498,98.6,5,10.25,Honda,City i DTEC VX Option,10,3600.0
Chennai,2014,52000,Petrol,Manual,First,20.92,998,67.1,5,2.7,Maruti,Alto K10 2010-2014 VXI,12,4333.333333333333
Hyderabad,2015,59245,Diesel,Manual,First,20.77,1248,88.8,7,8.5,Maruti,Ertiga ZDI,11,5385.909090909091
Pune,2018,31000,Diesel,Manual,First,22.54,1396,88.73,5,7.75,Hyundai,i20 Diesel Asta Option,8,3875.0
Pune,2015,83000,Petrol,Manual,First,15.64,1193,64.08,5,2.7,Tata,Indigo CS eGLX BS IV,11,7545.454545454545
Hyderabad,2004,81500,Petrol,Manual,Second,19.7,796,46.3,5,1.3,Maruti,Alto Std,22,3704.5454545454545
Hyderabad,2018,9900,Petrol,Manual,First,15.8,1591,121.3,5,13.2,Hyundai,Creta 1.6 SX,8,1237.5
Pune,2004,94000,Petrol,Manual,Second,18.9,998,67.1,5,1.0,Maruti,Wagon R LX,22,4272.727272727273
Kochi,2017,27100,Petrol,Manual,First,16.78,1496,88.73,5,6.37,Toyota,Etios V,9,3011.1111111111113
Kolkata,2015,12000,Petrol,Manual,First,16.78,1496,88.73,5,4.5,Toyota,Etios V,11,1090.909090909091
Mumbai,2013,29000,Diesel,Manual,First,19.01,1461,108.45,5,6.5,Renault,Duster 110PS Diesel RXZ Optional with Nav,13,2230.769230769231
Mumbai,2013,65000,Diesel,Manual,Second,19.3,1248,73.9,5,4.99,Maruti,Swift Dzire Vdi BSIV,13,5000.0
Coimbatore,2017,50794,Diesel,Automatic,First,17.9,2143,170.0,5,43.3,Mercedes-Benz,GLC 220,9,5643.777777777777
Mumbai,2014,59000,Diesel,Manual,First,22.7,1498,89.84,5,6.5,Ford,Ecosport 1.5 DV5 MT Titanium Optional,12,4916.666666666667
Mumbai,2012,72000,CNG,Manual,First,26.2,998,58.2,5,2.25,Maruti,Wagon R LXI CNG,14,5142.857142857143
Hyderabad,2017,15234,Petrol,Automatic,First,19.12,1373,91.1,5,9.95,Maruti,Ciaz 1.4 AT Alpha,9,1692.6666666666667
Mumbai,2015,44000,Diesel,Manual,First,22.7,1498,89.84,5,7.35,Ford,Ecosport 1.5 DV5 MT Titanium,11,4000.0
Hyderabad,2016,125000,Diesel,Manual,First,22.95,1248,74.0,5,4.6,Tata,Zest Quadrajet 1.3 75PS XE,10,12500.0
Chennai,2011,100000,Diesel,Automatic,First,11.4,2953,153.86,7,8.5,Ford,Endeavour 3.0L 4X4 AT,15,6666.666666666667
Coimbatore,2017,34686,Diesel,Automatic,First,19.6,1461,108.45,5,11.86,Renault,Duster 110PS Diesel RxZ AMT,9,3854.0
Pune,2011,98000,Diesel,Manual,First,14.42,1995,147.6,5,8.0,Nissan,X-Trail SLX MT,15,6533.333333333333
Delhi,2015,90000,Diesel,Automatic,First,12.55,2982,168.5,7,21.5,Toyota,Fortuner 4x4 AT,11,8181.818181818182
Pune,2007,81000,Petrol,Manual,First,15.26,1150,74.9,5,1.3,Chevrolet,Aveo U-VA 1.2 LS,19,4263.1578947368425
Chennai,2012,55000,Diesel,Manual,First,20.5,1598,103.5,5,5.9,Skoda,Rapid 1.6 TDI Ambition,14,3928.5714285714284
Bangalore,2013,52910,Diesel,Manual,Second,15.1,2179,140.0,7,9.5,Mahindra,XUV500 W8 4WD,13,4070.0
Chennai,2010,100000,Diesel,Manual,First,19.3,1248,73.9,5,4.5,Maruti,Swift Dzire ZDi,16,6250.0
Hyderabad,2003,132000,Diesel,Manual,First,18.7,1896,66.0,5,2.25,Skoda,Octavia Elegance 1.9 TDI,23,5739.130434782609
Mumbai,2014,18000,Petrol,Manual,First,13.7,1399,98.82,7,3.35,Chevrolet,Enjoy Petrol LS 7 Seater,12,1500.0
Kolkata,2005,50000,Petrol,Manual,First,13.2,1495,94.0,5,0.7,Hyundai,Accent GLE,21,2380.9523809523807
Bangalore,2012,33000,Petrol,Automatic,First,14.74,1991,184.0,5,16.0,Mercedes-Benz,New C-Class C 200 CGI,14,2357.1428571428573
Pune,2014,30000,Diesel,Manual,First,20.45,1461,83.8,5,8.0,Renault,Duster 85PS Diesel RxE,12,2500.0
Hyderabad,2015,8000,Petrol,Automatic,First,12.5,5000,488.1,2,100.0,Jaguar,F Type 5.0 V8 S,11,727.2727272727273
Kochi,2012,58646,Diesel,Manual,First,22.32,1582,126.32,5,4.74,Hyundai,Verna 1.6 SX,14,4189.0
Mumbai,2016,21000,Diesel,Automatic,First,13.0,2143,204.0,5,36.0,Mercedes-Benz,E-Class 2015-2017 E250 CDI Avantgarde,10,2100.0
Kochi,2015,57026,Petrol,Manual,First,15.04,1598,103.6,5,5.54,Volkswagen,Vento Petrol Highline,11,5184.181818181818
Mumbai,2017,42000,Diesel,Automatic,First,18.19,1968,174.5,5,22.99,Skoda,Superb Style 2.0 TDI AT,9,4666.666666666667
Kochi,2017,26741,Diesel,Manual,First,15.4,1997,120.0,7,10.08,Mahindra,Scorpio 1.99 S4 Plus,9,2971.222222222222
Pune,2010,85000,Petrol,Manual,First,17.5,1798,113.27689373297004,5,2.85,Skoda,Laura Classic 1.8 TSI,16,5312.5
Pune,2000,78000,Petrol,Manual,First,16.1,796,37.0,4,0.55,Maruti,800 DX BSII,26,3000.0
Coimbatore,2018,29091,Diesel,Automatic,First,13.22,2967,241.4,5,45.52,Audi,Q5 3.0 TDI Quattro Technology,8,3636.375
Coimbatore,2018,37323,Diesel,Manual,Second,17.45,1493,100.0,7,7.29,Mahindra,NuvoSport N6,8,4665.375
Chennai,2011,55595,Diesel,Manual,Second,20.54,1598,103.6,5,4.3,Volkswagen,Vento Diesel Highline,15,3706.3333333333335
Chennai,2015,49900,Petrol,Manual,First,20.85,1197,83.14,5,4.8,Maruti,Swift Dzire VXI Optional,11,4536.363636363636
Mumbai,2012,52500,Petrol,Manual,Second,16.02,1373,93.7,7,5.25,Maruti,Ertiga VXI,14,3750.0
Chennai,2016,5700,Petrol,Manual,First,24.7,796,47.3,5,2.8,Maruti,Alto 800 2016-2019 LXI,10,570.0
Kochi,2014,53340,Diesel,Manual,First,21.9,1396,88.76,5,4.35,Hyundai,i20 Magna 1.4 CRDi (Diesel),12,4445.0
Kolkata,2014,57000,Diesel,Manual,First,22.7,1498,89.84,5,5.49,Ford,Ecosport 1.5 DV5 MT Titanium,12,4750.0
Pune,2015,59525,CNG,Manual,Second,32.26,998,58.2,4,3.1,Maruti,Alto K10 LXI CNG,11,5411.363636363636
Bangalore,2014,58000,Diesel,Manual,First,20.34,1498,103.2,5,6.5,Volkswagen,Vento 1.5 TDI Highline,12,4833.333333333333
Bangalore,2011,73000,Diesel,Manual,First,12.05,2179,120.0,8,6.4,Mahindra,Scorpio VLX 2WD Airbag BSIII,15,4866.666666666667
Kochi,2016,33554,Diesel,Manual,First,25.83,1498,99.0,5,6.22,Ford,Figo Aspire 1.5 TDCi Titanium Plus,10,3355.4
Mumbai,2012,106000,Diesel,Manual,First,12.99,2494,100.0,8,8.4,Toyota,Innova 2.5 G (Diesel) 8 Seater,14,7571.428571428572
Pune,2018,27000,Diesel,Manual,First,28.4,1248,73.75,5,5.9,Maruti,Dzire LDI,8,3375.0
Pune,2018,1000,Petrol,Manual,First,25.17,799,53.3,5,3.4,Renault,KWID RXL,8,125.0
Jaipur,2011,119000,Diesel,Manual,Third,13.1,2499,141.0,7,6.5,Ford,Endeavour 2.5L 4X2 MT,15,7933.333333333333
Chennai,2002,75000,Diesel,Manual,First,0.0,2112,113.27689373297004,6,1.7,Mahindra,Jeep MM 540 DP,24,3125.0
Delhi,2015,64000,Petrol,Manual,First,18.88,999,123.24,5,6.0,Ford,EcoSport 1.0 Ecoboost Titanium Plus,11,5818.181818181818
Hyderabad,2016,63738,Diesel,Manual,First,19.67,1582,126.2,5,11.9,Hyundai,Creta 1.6 CRDi SX,10,6373.8
Bangalore,2016,16000,Diesel,Automatic,First,14.69,2993,258.0,5,48.0,BMW,5 Series 2013-2017 530d M Sport,10,1600.0
Mumbai,2017,28000,Petrol,Automatic,First,18.69,1462,103.0,7,8.0,Maruti,Ertiga VXI AT Petrol,9,3111.1111111111113
Hyderabad,2007,91000,Diesel,Automatic,Second,15.6,1896,106.0,5,2.45,Skoda,Laura L and K AT,19,4789.473684210527
Kolkata,2013,25000,Petrol,Manual,First,18.6,1199,79.4,5,1.75,Chevrolet,Beat LS,13,1923.076923076923
Bangalore,2014,65630,Diesel,Automatic,First,15.73,1968,174.33,5,21.75,Audi,Q3 2.0 TDI,12,5469.166666666667
Pune,2014,48094,Petrol,Manual,First,17.0,1497,118.0,5,7.25,Honda,City 1.5 V MT,12,4007.8333333333335
Pune,2009,90456,Petrol,Manual,Second,16.1,1298,88.2,5,3.0,Maruti,Swift Lxi BSIII,17,5320.941176470588
Jaipur,2012,140000,Diesel,Manual,First,20.0,1399,68.0,5,2.51,Ford,Figo Diesel EXI,14,10000.0
Chennai,2015,95000,Diesel,Automatic,First,12.55,2982,168.5,7,19.6,Toyota,Fortuner 4x4 AT,11,8636.363636363636
Pune,2013,79000,Diesel,Manual,Second,15.8,2148,170.0,5,15.5,Mercedes-Benz,New C-Class 200 CDI Classic,13,6076.923076923077
Chennai,2012,96000,Diesel,Manual,First,12.99,2494,100.0,7,11.5,Toyota,Innova 2.5 GX (Diesel) 7 Seater,14,6857.142857142857
Coimbatore,2004,186679,Petrol,Manual,Second,13.0,1493,100.0,5,1.76,Honda,City 1.5 EXI,22,8485.40909090909
Jaipur,2015,91000,Diesel,Manual,First,25.8,1498,98.6,5,4.68,Honda,Amaze S i-Dtech,11,8272.727272727272
Delhi,2010,109703,Petrol,Automatic,Second,14.28,1798,138.03,5,4.0,Toyota,Corolla Altis 1.8 G CVT,16,6856.4375
Hyderabad,2012,110000,Diesel,Manual,First,22.3,1248,74.0,5,2.8,Tata,Indica Vista Quadrajet VX,14,7857.142857142857
Mumbai,2012,35000,Diesel,Manual,First,16.0,2179,140.0,7,8.25,Mahindra,XUV500 W8 2WD,14,2500.0
Kolkata,2010,47722,Diesel,Manual,First,21.1,1248,73.9,5,1.7,Maruti,Ritz VDi,16,2982.625
Mumbai,2013,25000,Petrol,Automatic,First,14.74,1991,181.04,5,14.85,Mercedes-Benz,New C-Class C 200 AVANTGARDE,13,1923.076923076923
Mumbai,2018,8000,Petrol,Automatic,First,17.0,1591,121.3,5,12.85,Hyundai,Verna VTVT 1.6 AT SX Option,8,1000.0
Hyderabad,2012,65000,Diesel,Automatic,First,14.94,2143,204.0,5,16.0,Mercedes-Benz,New C-Class C 250 CDI Elegance,14,4642.857142857143
Hyderabad,2018,1048,Petrol,Manual,First,18.9,998,67.1,5,4.7,Maruti,Wagon R VXI BS IV,8,131.0
Bangalore,2014,42000,Petrol,Manual,Second,16.02,1373,93.7,7,5.94,Maruti,Ertiga VXI,12,3500.0
Hyderabad,2013,55000,Diesel,Manual,First,20.5,1598,103.5,5,8.0,Skoda,Rapid Ultima 1.6 TDI Elegance,13,4230.7692307692305
Delhi,2010,72000,Diesel,Manual,First,12.8,2494,102.0,8,5.45,Toyota,Innova 2.5 V Diesel 8-seater,16,4500.0
Kochi,2018,17773,Petrol,Automatic,First,13.7,1991,183.0,5,26.76,Mercedes-Benz,GLA Class 200 Sport,8,2221.625
Hyderabad,2013,65000,Diesel,Manual,Second,20.14,1498,88.0,5,3.5,Volkswagen,Polo 1.5 TDI Highline,13,5000.0
Mumbai,2008,65000,Petrol,Manual,Second,0.0,1086,62.0,5,1.39,Hyundai,Santro Xing GL,18,3611.1111111111113
Kolkata,2013,53280,Diesel,Manual,First,22.32,1582,126.3,5,4.7,Hyundai,Verna 1.6 CRDi EX MT,13,4098.461538461538
Ahmedabad,2016,34005,Petrol,Manual,First,17.0,1198,73.75,5,5.75,Volkswagen,Ameo 1.2 MPI Highline,10,3400.5
Coimbatore,2017,14618,Petrol,Manual,First,18.6,1197,81.83,5,8.11,Hyundai,i20 Asta Option 1.2,9,1624.2222222222222
Delhi,2006,65771,Petrol,Manual,Second,17.3,1061,64.0,5,0.75,Maruti,Wagon R LX BSIII,20,3288.55
Pune,2006,78000,Petrol,Manual,Second,13.5,1405,60.0,5,1.0,Tata,Indica LEI,20,3900.0
Hyderabad,2016,105545,Diesel,Manual,First,14.0,2498,112.0,7,5.3,Mahindra,Xylo D4,10,10554.5
Jaipur,2017,25000,Diesel,Manual,First,12.4,2499,134.0,5,8.0,ISUZU,D-MAX V-Cross 4X4,9,2777.777777777778
Pune,2010,80561,Petrol,Manual,First,18.5,1197,80.0,5,2.74,Hyundai,i20 2015-2017 Magna,16,5035.0625
Mumbai,2017,6000,Petrol,Manual,First,21.4,1197,83.1,5,7.5,Maruti,Baleno Alpha,9,666.6666666666666
Jaipur,2016,39000,Diesel,Automatic,First,17.6,2179,153.86,7,13.5,Tata,Hexa XTA,10,3900.0
Kolkata,2011,55001,Petrol,Manual,First,16.47,1198,73.9,5,2.2,Volkswagen,Polo Petrol Comfortline 1.2L,15,3666.733333333333
Mumbai,2012,63720,Petrol,Automatic,First,11.74,1796,186.0,5,13.25,Mercedes-Benz,New C-Class C 200 CGI Elegance,14,4551.428571428572
Delhi,2013,70000,Diesel,Manual,First,23.59,1364,113.27689373297004,5,3.88,Toyota,Etios GD,13,5384.615384615385
Jaipur,2005,100000,Petrol,Manual,Second,15.3,1341,83.0,5,0.85,Hyundai,Getz GLS,21,4761.9047619047615
Kochi,2017,15386,Petrol,Manual,First,23.84,1199,84.0,5,5.11,Tata,Tiago 1.2 Revotron XT,9,1709.5555555555557
Mumbai,2013,102486,Diesel,Manual,First,19.87,1461,83.8,5,4.25,Renault,Duster 85PS Diesel RxL Option,13,7883.538461538462
Coimbatore,2013,58629,Diesel,Automatic,Second,18.25,1968,187.74,5,16.52,Audi,A4 35 TDI Premium Plus,13,4509.923076923077
Pune,2008,86000,Diesel,Manual,Third,13.93,2179,138.0,7,0.6,Tata,New Safari DICOR 2.2 VX 4x2,18,4777.777777777777
Hyderabad,2012,68238,Diesel,Manual,First,22.9,1248,74.0,5,4.8,Maruti,Swift VDI,14,4874.142857142857
Mumbai,2011,42036,Petrol,Automatic,First,13.7,1798,157.75,5,6.25,Skoda,Superb Elegance 1.8 TSI AT,15,2802.4
Mumbai,2014,55619,Petrol,Manual,First,16.3,1797,147.5,5,8.3,Hyundai,Elantra SX,12,4634.916666666667
Pune,2009,60000,Petrol,Manual,Third,17.0,1497,118.0,5,3.25,Honda,City 1.5 E MT,17,3529.4117647058824
Pune,2015,30000,Diesel,Manual,First,19.87,1461,83.8,5,7.75,Renault,Duster 85PS Diesel RxL Explore,11,2727.2727272727275
Kochi,2016,31150,Diesel,Automatic,First,16.36,2179,187.7,5,30.54,Jaguar,XF 2.2 Litre Luxury,10,3115.0
Jaipur,2010,70000,LPG,Manual,First,26.2,998,58.2,5,2.27,Maruti,Wagon R Duo Lxi,16,4375.0
Pune,2010,70290,Petrol,Manual,Second,17.24,1198,73.9,5,2.96,Volkswagen,Polo IPL II 1.2 Petrol Highline,16,4393.125
Chennai,2016,10000,Petrol,Manual,First,17.57,1193,88.7,5,4.0,Tata,Bolt Revotron XT,10,1000.0
Bangalore,2014,68010,Petrol,Manual,Second,18.5,1197,82.85,5,5.25,Hyundai,i20 Sportz 1.2,12,5667.5
Kochi,2013,91903,Diesel,Automatic,First,17.68,1968,174.33,5,17.56,Audi,A6 2011-2015 2.0 TDI,13,7069.461538461538
Mumbai,2011,38000,Petrol,Manual,First,16.09,1598,103.5,5,3.25,Volkswagen,Vento 1.6 Highline,15,2533.3333333333335
Bangalore,2015,67600,Petrol,Manual,First,23.1,998,67.04,5,4.0,Maruti,Celerio VXI,11,6145.454545454545
Coimbatore,2007,66800,Petrol,Manual,First,15.3,1341,83.0,5,2.2,Hyundai,Getz GLE,19,3515.7894736842104
Pune,2016,37208,Diesel,Manual,First,24.3,1248,88.5,5,7.43,Maruti,Vitara Brezza VDi,10,3720.8
Mumbai,2009,102002,Diesel,Automatic,First,8.7,2987,224.34,5,10.75,Mercedes-Benz,M-Class ML 320 CDI,17,6000.117647058823
Delhi,2011,68000,Diesel,Manual,First,19.3,1248,73.9,5,2.75,Maruti,Swift Dzire Vdi BSIV,15,4533.333333333333
Hyderabad,2013,40000,Diesel,Automatic,Second,17.85,2967,300.0,4,45.0,Porsche,Panamera Diesel,13,3076.923076923077
Mumbai,2015,33500,Petrol,Automatic,First,19.16,2494,158.2,5,19.75,Toyota,Camry Hybrid,11,3045.4545454545455
Delhi,2013,33746,Petrol,Manual,First,18.5,1198,86.8,5,3.2,Honda,Brio 1.2 VX MT,13,2595.846153846154
Hyderabad,2009,53000,Petrol,Automatic,First,0.0,3597,262.6,5,4.75,Skoda,Superb 3.6 V6 FSI,17,3117.6470588235293
Coimbatore,2011,45004,Diesel,Manual,First,12.8,2494,102.0,7,9.48,Toyota,Innova 2.5 V Diesel 7-seater,15,3000.266666666667
Coimbatore,2015,70602,Diesel,Manual,First,25.8,1498,98.6,5,4.83,Honda,Amaze VX i-DTEC,11,6418.363636363636
Delhi,2014,27365,Diesel,Manual,First,28.4,1248,74.0,5,4.75,Maruti,Swift VDI,12,2280.4166666666665
Jaipur,2015,100000,Diesel,Manual,First,24.4,1120,71.0,5,4.0,Hyundai,Xcent 1.1 CRDi S,11,9090.90909090909
Jaipur,2012,55000,Diesel,Manual,Second,14.0,2498,112.0,8,2.9,Mahindra,Xylo D4 BSIV,14,3928.5714285714284
Kolkata,2013,46000,Petrol,Manual,First,18.9,998,67.1,5,2.65,Maruti,Wagon R VXI,13,3538.4615384615386
Hyderabad,2011,47000,Diesel,Manual,First,25.44,936,57.6,5,2.5,Chevrolet,Beat Diesel,15,3133.3333333333335
