Location,Year,Fuel_Type,Transmission,Owner_Type,Consumation,Engine,Seats,Price,Brand,Model
Mumbai,2010,CNG,Manual,First,26.6,998,5,1.75,Maruti,Wagon R LXI CNG
Pune,2015,Diesel,Manual,First,19.67,1582,5,12.5,Hyundai,Creta 1.6 CRDi SX Option
Chennai,2011,Petrol,Manual,First,18.2,1199,5,4.5,Honda,Jazz V
Chennai,2012,Diesel,Manual,First,20.77,1248,7,6.0,Maruti,Ertiga VDI
Coimbatore,2013,Diesel,Automatic,Second,15.2,1968,5,17.74,Audi,A4 New 2.0 TDI Multitronic
Hyderabad,2012,LPG,Manual,First,21.1,814,5,2.35,Hyundai,EON LPG Era Plus Option
Jaipur,2013,Diesel,Manual,First,23.08,1461,5,3.5,Nissan,Micra Diesel XV
Mumbai,2016,Diesel,Automatic,First,11.36,2755,8,17.5,Toyota,Innova Crysta 2.8 GX AT 8S
Pune,2013,Diesel,Manual,First,20.54,1598,5,5.2,Volkswagen,Vento Diesel Comfortline
Chennai,2012,Diesel,Manual,Second,22.3,1248,5,1.95,Tata,Indica Vista Quadrajet LS
Kochi,2018,Petrol,Manual,First,21.56,1462,5,9.95,Maruti,Ciaz Zeta
Kolkata,2012,Petrol,Automatic,First,16.8,1497,5,4.49,Honda,City 1.5 V AT Sunroof
Jaipur,2015,Diesel,Manual,First,25.2,1248,5,5.6,Maruti,Swift VDI BSIV
Delhi,2014,Diesel,Automatic,First,12.7,2179,5,27.0,Land,Rover Range Rover 2.2L Pure
Pune,2012,Diesel,Automatic,Second,0.0,2179,5,17.5,Land,Rover Freelander 2 TD4 SE
Delhi,2014,Diesel,Manual,First,13.5,2477,7,15.0,Mitsubishi,Pajero Sport 4X4
Kochi,2016,Diesel,Manual,First,25.8,1498,5,5.4,Honda,Amaze S i-Dtech
Jaipur,2017,Diesel,Manual,First,28.4,1248,5,5.99,Maruti,Swift DDiS VDI
Kochi,2014,Diesel,Manual,First,20.45,1461,5,6.34,Renault,Duster 85PS Diesel RxL Plus
Bangalore,2014,Diesel,Automatic,First,14.84,2143,5,28.0,Mercedes-Benz,New C-Class C 220 CDI BE Avantgare
Kochi,2014,Diesel,Automatic,First,22.69,1995,5,18.55,BMW,3 Series 320d
Bangalore,2015,Diesel,Manual,Second,23.65,1248,5,8.25,Maruti,S Cross DDiS 200 Alpha
Mumbai,2015,Petrol,Automatic,First,13.53,1984,5,23.5,Audi,A6 2011-2015 35 TFSI Technology
Kolkata,2010,Petrol,Manual,First,18.5,1197,5,1.87,Hyundai,i20 1.2 Magna
Kolkata,2010,Petrol,Automatic,First,14.4,1598,5,2.85,Volkswagen,Vento Petrol Highline AT
Mumbai,2012,Petrol,Manual,First,16.8,1497,5,4.25,Honda,City Corporate Edition
Hyderabad,2012,Diesel,Manual,First,23.08,1461,5,4.25,Nissan,Micra Diesel XV
Hyderabad,2013,Petrol,Manual,Second,20.92,998,5,2.75,Maruti,Alto K10 2010-2014 VXI
Kochi,2018,Petrol,Manual,First,17.5,1199,5,9.9,Honda,WRV i-VTEC VX
Mumbai,2007,Diesel,Manual,Fourth & Above,12.8,2494,7,4.0,Toyota,Innova 2.5 V Diesel 7-seater
Bangalore,2013,Diesel,Manual,First,19.01,1461,5,7.75,Renault,Duster 110PS Diesel RxZ Pack
Delhi,2012,Petrol,Manual,First,14.53,1798,5,6.75,Toyota,Corolla Altis G
Bangalore,2013,Diesel,Automatic,Second,11.18,2696,7,12.5,Mahindra,Ssangyong Rexton RX7
Kolkata,2010,Diesel,Automatic,First,12.4,2698,5,11.5,Audi,A6 2.7 TDI
Coimbatore,2014,Petrol,Manual,Second,16.09,1598,5,6.98,Volkswagen,Vento 1.6 Highline
Jaipur,2009,Petrol,Manual,Second,14.0,1061,5,1.85,Maruti,Wagon R LXI BSIII
Kochi,2018,Diesel,Manual,First,24.3,1248,5,8.63,Maruti,Vitara Brezza ZDi Plus
Delhi,2017,Petrol,Manual,First,18.15,1198,5,4.85,Mahindra,KUV 100 mFALCON G80 K6 5str AW
Pune,2013,Diesel,Automatic,First,11.74,2987,5,28.0,Mercedes-Benz,M-Class ML 350 CDI
Chennai,2013,Diesel,Manual,First,22.07,1199,5,5.0,Volkswagen,Polo Diesel Trendline 1.2L
Delhi,2008,Petrol,Manual,Second,19.7,796,5,1.25,Maruti,Alto LXi
Kochi,2014,Petrol,Manual,First,25.4,624,4,1.53,Tata,Nano LX SE
Coimbatore,2017,Diesel,Manual,First,25.32,1198,6,5.58,Mahindra,KUV 100 mFALCON D75 K8 Dual Tone
Kochi,2014,Petrol,Manual,First,18.5,1197,5,4.74,Hyundai,i20 Magna Optional 1.2
Bangalore,2014,Petrol,Automatic,First,14.62,1999,5,8.85,Hyundai,Elantra 2.0 SX Option AT
Mumbai,2016,Petrol,Automatic,First,14.28,1798,5,10.11,Toyota,Corolla Altis G AT
Ahmedabad,2008,Diesel,Manual,Second,14.9,1991,5,4.25,Hyundai,Elantra CRDi
Bangalore,2012,Petrol,Manual,First,11.25,2694,7,10.95,Toyota,Innova Crysta 2.7 GX MT
Jaipur,2014,Diesel,Manual,First,24.4,1120,5,3.85,Hyundai,Xcent 1.1 CRDi S
Jaipur,2012,Diesel,Manual,Second,16.55,2498,6,5.5,Mahindra,Thar CRDe AC
Kochi,2015,Diesel,Automatic,First,17.11,1968,5,21.43,Audi,A4 2.0 TDI 177 Bhp Premium Plus
Delhi,2014,Diesel,Manual,First,22.9,1248,5,4.25,Maruti,Swift LDI
Kolkata,2014,Diesel,Manual,First,17.8,1248,5,3.3,Maruti,Swift Ldi BSIV
Delhi,2013,Diesel,Manual,First,28.4,1248,5,3.85,Maruti,Swift VDI
Chennai,2015,Petrol,Manual,Third,18.9,1197,5,3.6,Hyundai,Grand i10 Sportz
Kolkata,2015,Petrol,Manual,First,15.04,1598,5,3.99,Volkswagen,Vento 2013-2015 1.6 Comfortline
Kochi,2017,Petrol,Manual,First,25.17,799,5,3.3,Renault,KWID RXT
Kolkata,2010,Petrol,Manual,First,20.36,1197,5,2.07,Hyundai,i10 Asta
Hyderabad,2010,Diesel,Automatic,First,13.29,1995,5,7.75,Nissan,X-Trail SLX AT
Hyderabad,2010,Petrol,Manual,First,18.2,998,5,2.25,Maruti,Zen Estilo VXI BSIII
Mumbai,2017,Diesel,Manual,First,13.68,2393,8,16.5,Toyota,Innova Crysta 2.4 GX MT 8S
Bangalore,2010,Diesel,Manual,First,20.0,1399,5,2.75,Ford,Figo Diesel Titanium
Delhi,2015,Petrol,Automatic,First,11.74,1796,5,26.7,Mercedes-Benz,New C-Class C 200 CGI Avantgarde
Pune,2011,Diesel,Manual,Second,15.8,2148,5,10.0,Mercedes-Benz,New C-Class 200 CDI Classic
Chennai,2016,Diesel,Manual,First,25.0,1396,5,2.5,Tata,Indica V2 eLS
Jaipur,2012,Diesel,Automatic,First,16.55,1968,5,13.5,Audi,A4 2.0 TDI Multitronic
Mumbai,2007,Petrol,Automatic,Second,16.4,1497,5,1.85,Honda,City ZX CVT
Coimbatore,2019,Diesel,Automatic,First,0.0,1950,5,35.67,Mercedes-Benz,C-Class Progressive C 220d
Pune,2016,Diesel,Manual,First,24.52,1248,7,8.15,Maruti,Ertiga SHVS VDI
Mumbai,2018,Diesel,Manual,First,22.1,1396,5,10.5,Hyundai,Creta 1.4 E Plus Diesel
Mumbai,2008,Petrol,Automatic,First,8.5,4806,5,14.5,Porsche,Cayenne 2009-2014 Turbo
Mumbai,2015,Diesel,Manual,First,15.1,2179,7,9.65,Mahindra,XUV500 W8 4WD
Kochi,2012,Petrol,Automatic,First,16.95,1197,5,3.48,Hyundai,i10 Sportz 1.2 AT
Kochi,2015,Diesel,Manual,First,19.64,1461,5,6.92,Nissan,Terrano XV D Pre
Coimbatore,2016,Petrol,Automatic,Second,16.5,1198,5,6.46,Honda,Brio VX AT
Delhi,2014,Diesel,Automatic,Second,18.53,1968,5,29.5,Audi,A6 2.0 TDI Design Edition
Jaipur,2008,Diesel,Manual,First,17.8,1399,5,2.0,Ford,Fiesta 1.4 SXi TDCi
Chennai,2006,Petrol,Manual,Third,12.4,1998,8,4.5,Toyota,Innova 2.0 G1
Hyderabad,2012,Diesel,Manual,First,12.8,2494,7,11.75,Toyota,Innova 2.5 VX 7 STR BSIV
Hyderabad,2005,Petrol,Manual,First,0.0,1086,5,1.3,Hyundai,Santro Xing XL
Jaipur,2012,Diesel,Manual,First,22.9,1248,5,3.75,Maruti,Swift VDI
Pune,2017,Petrol,Manual,First,17.57,1193,5,4.5,Tata,Zest Revotron 1.2T XE
Kochi,2016,Petrol,Manual,First,18.0,1198,5,4.82,Honda,Amaze SX i-VTEC
Hyderabad,2012,Diesel,Manual,First,20.0,1399,5,2.8,Ford,Figo Diesel ZXI
Jaipur,2013,Diesel,Manual,First,23.2,1248,5,3.11,Maruti,Ritz VDi
Delhi,2009,Petrol,Manual,First,17.8,1497,5,3.25,Honda,City i VTEC E
Delhi,2011,Diesel,Automatic,Second,16.73,1995,5,13.9,BMW,5 Series 2003-2012 525d
Pune,2009,Petrol,Manual,First,20.36,1197,5,2.25,Hyundai,i10 Sportz 1.2
Bangalore,2016,Petrol,Manual,First,18.9,1197,5,5.75,Hyundai,Grand i10 Sportz
Hyderabad,2007,Petrol,Manual,First,17.0,1086,5,2.1,Hyundai,Santro Xing XO
Mumbai,2016,Petrol,Manual,First,17.8,1198,5,5.0,Honda,Amaze SX i-VTEC
Delhi,2014,Diesel,Manual,First,13.0,2982,7,16.5,Toyota,Fortuner 4x2 Manual
Coimbatore,2018,Diesel,Automatic,First,17.68,1968,5,39.58,Audi,A6 2011-2015 35 TDI Premium
Delhi,2013,Diesel,Manual,First,22.7,1498,5,5.5,Ford,Ecosport 1.5 DV5 MT Titanium Optional
Delhi,2014,Diesel,Manual,First,15.1,2179,7,8.1,Mahindra,XUV500 W8 2WD
Kolkata,2015,Diesel,Manual,First,25.8,1498,5,3.5,Honda,Amaze SX i-DTEC
Kolkata,2013,Diesel,Manual,First,22.07,1199,5,2.79,Volkswagen,Polo Diesel Highline 1.2L
Ahmedabad,2010,Diesel,Manual,First,16.2,1493,5,3.45,Hyundai,Verna Transform SX VGT CRDi
Bangalore,2016,Petrol,Manual,First,18.9,998,5,4.45,Maruti,Wagon R VXI BS IV
Delhi,2010,Petrol,Manual,First,15.26,1598,5,2.65,Volkswagen,Polo Petrol Highline 1.6L
Pune,2011,Diesel,Manual,Second,23.0,1396,5,3.8,Hyundai,i20 1.4 CRDi Sportz
Mumbai,2014,Petrol,Manual,First,18.5,1197,5,4.65,Hyundai,i20 Asta 1.2
Pune,2017,Petrol,Manual,First,19.83,1198,7,3.95,Datsun,GO Plus T Petrol
Kolkata,2010,Diesel,Automatic,First,14.94,2967,5,9.8,Audi,A4 3.0 TDI Quattro Premium
Pune,2009,Petrol,Manual,Second,17.0,1197,5,2.7,Hyundai,i20 2015-2017 Asta
Coimbatore,2010,Petrol,Manual,First,14.0,796,5,2.41,Maruti,Omni 5 Str STD
Ahmedabad,2014,Petrol,Manual,First,17.71,1197,5,3.9,Toyota,Etios Liva 1.2 G
Hyderabad,2011,Diesel,Automatic,Second,14.74,2993,5,24.0,Jaguar,XF 3.0 Litre S Premium Luxury
Delhi,2012,Diesel,Manual,Second,16.0,2179,7,5.75,Mahindra,XUV500 W8 2WD
Kolkata,2014,Diesel,Automatic,First,22.32,1582,5,5.25,Hyundai,Verna 1.6 SX CRDI (O) AT
Mumbai,2017,Diesel,Automatic,First,11.36,2755,7,19.25,Toyota,Innova Crysta 2.8 ZX AT
Coimbatore,2017,Petrol,Manual,First,15.1,1196,5,3.91,Maruti,Eeco 5 Seater AC
Bangalore,2014,Petrol,Manual,First,25.4,624,4,2.15,Tata,Nano Twist XT
Mumbai,2015,Diesel,Automatic,First,22.69,1995,5,20.75,BMW,3 Series 320d Luxury Line
Delhi,2010,Petrol,Manual,First,13.5,1799,5,3.35,Honda,Civic 2006-2010 1.8 V MT
Ahmedabad,2014,Diesel,Manual,First,12.99,2494,7,11.11,Toyota,Innova 2.5 VX (Diesel) 7 Seater
Bangalore,2014,Diesel,Automatic,First,23.3,1984,5,20.0,Volvo,V40 Cross Country D3
Coimbatore,2016,Petrol,Automatic,First,19.15,1198,5,6.55,Nissan,Micra XV CVT
Mumbai,2009,Petrol,Automatic,First,10.8,2497,5,7.0,BMW,5 Series 2010-2013 525i
Mumbai,2016,Diesel,Manual,First,24.3,1248,5,7.5,Maruti,Vitara Brezza VDi
Mumbai,2005,Petrol,Manual,Second,17.0,1086,5,0.85,Hyundai,Santro Xing XL eRLX Euro III
Pune,2014,Diesel,Automatic,Second,15.0,2143,5,16.75,Mercedes-Benz,B Class B200 CDI
Kolkata,2018,Diesel,Manual,First,22.0,1582,5,10.95,Hyundai,Verna CRDi 1.6 SX Option
Pune,2011,Petrol,Manual,First,18.9,998,5,2.45,Maruti,Wagon R LXI BS IV
Coimbatore,2017,Petrol,Automatic,First,21.9,624,4,3.23,Tata,Nano XTA
Kolkata,2014,Diesel,Manual,First,12.05,2179,8,7.75,Mahindra,Scorpio VLX
Kolkata,2009,Petrol,Automatic,First,11.7,1796,5,9.35,Mercedes-Benz,New C-Class 200 K AT
Pune,2013,CNG,Manual,First,26.6,998,5,3.25,Maruti,Wagon R LXI CNG
Bangalore,2007,Petrol,Manual,Second,10.8,2354,5,5.25,Honda,CR-V 2.4 MT
Pune,2015,Diesel,Automatic,First,21.21,1498,5,7.25,Volkswagen,Vento 1.5 TDI Comfortline AT
Kochi,2017,Petrol,Manual,First,20.73,1373,5,7.47,Maruti,Ciaz VXi Plus
Jaipur,2016,Diesel,Automatic,First,16.0,2179,7,13.25,Mahindra,XUV500 AT W10 FWD
Coimbatore,2016,Petrol,Manual,First,21.1,1197,5,5.81,Maruti,Ritz VXI ABS
Hyderabad,2014,Petrol,Manual,First,24.07,998,5,2.6,Maruti,Alto K10 VXI
Kolkata,2017,Petrol,Automatic,First,19.0,2996,2,54.0,Mercedes-Benz,SLC 43 AMG
Kochi,2019,Petrol,Automatic,First,17.0,1591,5,11.5,Hyundai,Verna VTVT 1.6 AT SX Plus
Chennai,2010,Petrol,Manual,Second,19.7,796,5,1.6,Maruti,Alto LXi BSIII
Coimbatore,2015,Diesel,Automatic,First,20.58,1995,5,17.22,BMW,1 Series 118d Base
Mumbai,2015,Petrol,Automatic,First,19.0,1199,5,6.0,Honda,Jazz 1.2 V CVT i VTEC
Delhi,2012,Petrol,Manual,First,13.5,1799,5,3.95,Honda,Civic 2006-2010 1.8 V MT
Kochi,2014,Diesel,Automatic,First,19.27,2143,5,17.95,Mercedes-Benz,New C-Class C 220 CDI Avantgarde
Kolkata,2014,Diesel,Manual,First,25.8,1498,5,3.7,Honda,Amaze SX i-DTEC
Kochi,2016,Petrol,Manual,First,22.0,1197,5,5.43,Maruti,Swift VVT VXI
Kochi,2008,Petrol,Manual,Third,17.0,1086,5,1.67,Hyundai,Santro Xing XO eRLX Euro II
Coimbatore,2012,Diesel,Manual,First,11.5,2982,7,13.49,Toyota,Fortuner 3.0 Diesel
Pune,2014,Petrol,Manual,First,18.6,1199,5,2.85,Chevrolet,Beat LT Option
Chennai,2013,Diesel,Manual,First,21.14,1498,5,4.75,Skoda,Rapid 1.5 TDI Elegance
Kochi,2018,Petrol,Manual,First,20.73,1373,5,9.9,Maruti,Ciaz 1.4 Alpha
Mumbai,2013,Petrol,Automatic,First,11.05,2894,4,37.0,Audi,RS5 Coupe
Mumbai,2014,Diesel,Automatic,First,21.76,1995,5,26.5,BMW,3 Series Luxury Line
Coimbatore,2015,Diesel,Automatic,First,17.11,1968,5,23.32,Audi,A4 2.0 TDI 177 Bhp Premium Plus
Chennai,2016,Diesel,Manual,First,22.9,1248,5,6.25,Maruti,Swift VDI
Kolkata,2010,Petrol,Automatic,First,7.81,5461,5,30.0,Mercedes-Benz,S Class 2005 2013 S 500
Coimbatore,2016,Diesel,Automatic,First,21.66,1498,5,9.86,Skoda,Rapid 1.5 TDI AT Elegance Plus Black Package
Pune,2012,Diesel,Automatic,First,17.2,1968,5,8.5,Skoda,Superb Elegance 2.0 TDI CR AT
Kochi,2019,Petrol,Manual,First,21.1,814,5,4.23,Hyundai,EON Magna Plus
Jaipur,2012,Diesel,Manual,First,22.07,1199,5,3.5,Volkswagen,Polo Diesel Trendline 1.2L
Kolkata,2016,Petrol,Manual,First,20.63,1198,5,2.5,Datsun,GO NXT
Kolkata,2013,Petrol,Manual,First,19.4,1198,5,2.39,Honda,Brio S MT
Delhi,2013,Petrol,Automatic,First,14.8,1595,5,11.25,Mercedes-Benz,B Class B180
Kochi,2015,Diesel,Manual,First,26.0,1498,5,7.11,Honda,City i DTEC V
Ahmedabad,2016,Diesel,Manual,First,12.99,2494,7,10.9,Toyota,Innova 2.5 G (Diesel) 7 Seater
Ahmedabad,2017,Petrol,Manual,First,20.4,1197,5,6.2,Maruti,Swift VXI Optional
Mumbai,2012,Diesel,Manual,First,15.1,2179,7,7.9,Mahindra,XUV500 W8 2WD
Kochi,2014,Diesel,Manual,First,22.7,1498,5,4.42,Ford,Ecosport 1.5 DV5 MT Ambiente
Mumbai,2012,Diesel,Manual,First,13.0,2982,7,13.5,Toyota,Fortuner 4x2 Manual
Chennai,2013,Diesel,Automatic,First,21.5,1498,5,6.25,Volkswagen,Vento 1.5 Highline Plus AT 16 Alloy
Jaipur,2010,Diesel,Manual,Second,20.0,1399,5,2.1,Ford,Figo Diesel Titanium
Mumbai,2015,Diesel,Automatic,First,15.3,2993,5,45.0,BMW,X5 xDrive 30d
Coimbatore,2017,Diesel,Automatic,First,19.27,2143,5,33.66,Mercedes-Benz,New C-Class C 220 CDI Style
Bangalore,2012,Petrol,Manual,Second,19.4,1198,5,3.65,Honda,Brio V MT
Delhi,2013,Petrol,Manual,First,20.36,1197,5,2.75,Hyundai,i10 Magna 1.2
Bangalore,2016,Diesel,Automatic,First,17.9,2143,5,42.5,Mercedes-Benz,GLC 220
Kolkata,2019,Petrol,Manual,First,18.9,1197,5,6.5,Hyundai,Grand i10 1.2 Kappa Asta
Mumbai,2012,Diesel,Automatic,Second,17.68,1968,5,19.0,Audi,A6 2011-2015 2.0 TDI Premium Plus
Mumbai,2013,Petrol,Automatic,Second,14.4,1598,5,4.45,Volkswagen,Vento Petrol Highline AT
Jaipur,2017,Diesel,Automatic,Second,16.6,1998,5,23.0,Mini,Countryman Cooper D
Bangalore,2014,Diesel,Manual,First,22.54,1396,5,8.35,Hyundai,i20 Asta 1.4 CRDi
Mumbai,2014,Diesel,Automatic,First,17.68,1968,5,22.95,Audi,A6 2011-2015 2.0 TDI Premium Plus
Jaipur,2012,Diesel,Manual,First,25.44,936,5,1.5,Chevrolet,Beat Diesel LT
Kochi,2012,Petrol,Automatic,First,13.7,1798,5,6.89,Skoda,Superb Elegance 1.8 TSI AT
Chennai,2006,Diesel,Manual,Second,17.8,1399,5,1.45,Ford,Fiesta 1.4 TDCi EXI Limited Edition
Hyderabad,2014,Diesel,Automatic,First,22.48,1995,5,33.5,BMW,5 Series 520d Luxury Line
Jaipur,2007,Petrol,Manual,First,12.9,1598,5,1.25,Chevrolet,Optra Magnum 1.6 LS BS3
Hyderabad,2012,Diesel,Manual,First,22.07,1199,5,4.2,Volkswagen,Polo Diesel Highline 1.2L
Mumbai,2015,Diesel,Manual,First,19.98,1461,8,6.75,Renault,Lodgy 110PS RxZ 8 Seater
Bangalore,2014,Diesel,Automatic,First,13.0,2143,5,32.0,Mercedes-Benz,E-Class E250 CDI Avantgrade
Kochi,2017,Petrol,Manual,First,21.4,1197,5,7.5,Maruti,Baleno Alpha
Delhi,2012,Diesel,Manual,First,22.32,1582,5,4.6,Hyundai,Verna 1.6 SX
Kochi,2017,Petrol,Manual,First,19.81,1086,5,4.04,Hyundai,i10 Magna 1.1
Kochi,2016,Diesel,Manual,First,15.4,1997,7,10.31,Mahindra,Scorpio 1.99 S10 4WD
Coimbatore,2018,Diesel,Automatic,First,12.7,2179,5,55.76,Land,Rover Range Rover 2.2L Dynamic
Chennai,2010,Diesel,Manual,First,20.0,1399,5,2.6,Ford,Figo Diesel ZXI
Mumbai,2016,Diesel,Manual,First,25.47,1248,7,8.5,Maruti,Ertiga ZDI
Kolkata,2014,Diesel,Manual,First,25.8,1498,5,3.5,Honda,Amaze S i-Dtech
Jaipur,2015,Petrol,Manual,First,20.36,1197,5,3.55,Hyundai,i10 Magna
Kolkata,2013,Diesel,Manual,First,25.8,1498,5,3.25,Honda,Amaze S i-Dtech
Hyderabad,2008,Diesel,Manual,First,17.5,1896,5,4.5,Skoda,Laura Ambiente
Delhi,2014,Diesel,Manual,First,19.87,1461,5,5.35,Renault,Duster 85PS Diesel RxL
Chennai,2017,Diesel,Manual,Second,17.45,1493,7,6.5,Mahindra,NuvoSport N6
Mumbai,2016,Diesel,Manual,First,24.3,1248,5,9.0,Maruti,Vitara Brezza ZDi Plus Dual Tone
Kochi,2016,Petrol,Manual,First,18.6,1197,5,6.0,Hyundai,i20 Asta Option 1.2
Jaipur,2009,Petrol,Manual,First,14.7,1390,5,2.75,Skoda,Fabia 1.4 MPI Ambiente
Pune,2010,Petrol,Manual,First,15.64,1193,5,1.5,Tata,Indigo eCS GLX
Delhi,2015,Diesel,Automatic,First,15.73,1968,5,19.9,Audi,Q3 2012-2015 35 TDI Quattro Premium Plus
Mumbai,2014,Petrol,Automatic,First,14.7,1798,5,10.0,Skoda,Octavia Elegance 1.8 TSI AT
Delhi,2014,Diesel,Manual,First,23.59,1364,5,3.0,Toyota,Etios Liva GD SP
Kochi,2014,Petrol,Automatic,First,14.8,1595,5,11.96,Mercedes-Benz,B Class B180
Kolkata,2013,Diesel,Manual,First,27.4,1498,5,3.25,Honda,Amaze S Diesel
Jaipur,2012,Diesel,Manual,Second,22.32,1582,5,4.75,Hyundai,Verna 1.6 SX
Mumbai,2014,Diesel,Manual,First,20.46,1461,5,5.95,Renault,Duster 85PS Diesel RxL Optional
Delhi,2015,Petrol,Manual,Second,15.29,1591,5,8.15,Hyundai,Creta 1.6 VTVT S
Mumbai,2016,Petrol,Automatic,First,20.51,998,5,4.22,Maruti,Wagon R AMT VXI
Kolkata,2010,Petrol,Automatic,First,11.74,1796,5,10.5,Mercedes-Benz,New C-Class C250 Avantgarde
Delhi,2012,Diesel,Automatic,First,11.8,2967,5,45.0,Audi,A8 L 3.0 TDI quattro
Pune,2012,Petrol,Manual,Second,19.81,1086,5,2.9,Hyundai,i10 Magna 1.1
Mumbai,2017,Petrol,Automatic,First,14.3,1598,5,8.9,Skoda,Rapid 1.6 MPI AT Style Black Package
Hyderabad,2017,Petrol,Automatic,First,14.67,1798,5,26.0,Skoda,Superb Style 1.8 TSI AT
Coimbatore,2018,Petrol,Manual,First,17.19,1197,5,8.22,Hyundai,i20 Active 1.2 SX
Kolkata,2014,Diesel,Manual,Second,25.8,1498,5,3.5,Honda,Amaze VX i-DTEC
Chennai,2004,Petrol,Manual,Second,18.9,998,5,1.25,Maruti,Wagon R LXI
Hyderabad,2013,Diesel,Manual,First,21.03,1461,5,3.7,Mahindra,Verito 1.5 D4 BSIV
Coimbatore,2018,Diesel,Automatic,First,19.27,2143,5,39.41,Mercedes-Benz,New C-Class C 220d Avantgarde Edition C
Kolkata,2013,Petrol,Manual,First,22.5,998,5,2.65,Maruti,Wagon R VXI
Coimbatore,2015,Diesel,Manual,Second,19.01,1461,5,8.92,Nissan,Terrano XV Premium 110 PS Anniversary Edition
Delhi,2013,Diesel,Manual,First,17.8,1248,5,4.1,Maruti,Swift VDI BSIV
Kochi,2017,Petrol,Automatic,First,16.82,1998,4,35.67,Mini,Cooper Convertible S
Jaipur,2007,Diesel,Manual,Second,17.2,1396,5,0.85,Tata,Indica V2 DLS BSII
Kochi,2016,Petrol,Manual,Second,18.6,1199,5,3.32,Chevrolet,Beat LT
Mumbai,2012,Diesel,Manual,First,22.07,1199,5,3.6,Volkswagen,Polo Diesel Comfortline 1.2L
Hyderabad,2016,Diesel,Manual,First,22.9,1248,5,6.8,Maruti,Swift ZDi
Kolkata,2012,Diesel,Manual,First,20.0,1399,5,2.5,Ford,Figo Diesel EXI
Kochi,2019,Diesel,Automatic,First,11.36,2755,7,19.64,Toyota,Innova Crysta 2.8 GX AT
Mumbai,2011,Diesel,Automatic,Second,11.72,2199,7,7.0,Hyundai,Santa Fe 4x4 AT
Kolkata,2011,Petrol,Manual,First,17.4,1497,5,3.87,Honda,City i-VTEC V
Kochi,2018,Petrol,Manual,First,18.6,1197,5,6.27,Hyundai,i20 1.2 Magna Executive
Kochi,2015,Diesel,Automatic,First,19.27,2143,5,18.12,Mercedes-Benz,New C-Class C 220d Avantgarde Edition C
Mumbai,2013,Diesel,Manual,First,25.44,936,5,2.65,Chevrolet,Beat Diesel LT
Kochi,2015,Diesel,Manual,First,22.54,1396,5,7.2,Hyundai,i20 Sportz 1.4 CRDi
Coimbatore,2015,Diesel,Manual,First,12.99,2494,7,14.3,Toyota,Innova 2.5 Z Diesel 7 Seater
Chennai,2013,Diesel,Manual,First,20.77,1248,7,6.9,Maruti,Ertiga VDI
Mumbai,2014,Diesel,Manual,First,12.8,2494,7,10.75,Toyota,Innova 2.5 V Diesel 7-seater
Mumbai,2007,Petrol,Manual,Third,17.0,1086,5,0.95,Hyundai,Santro Xing XO eRLX Euro II
Kochi,2016,Petrol,Manual,First,17.8,1497,5,8.09,Honda,City i VTEC V
Ahmedabad,2014,Diesel,Automatic,First,17.05,1995,5,18.5,BMW,X1 sDrive20d
Mumbai,2017,Diesel,Manual,First,24.0,1120,5,4.75,Hyundai,Grand i10 CRDi Era
Chennai,2016,Diesel,Manual,First,28.09,1248,5,8.45,Maruti,Ciaz 1.3 Alpha
Kolkata,2012,Diesel,Manual,First,20.5,1598,5,3.5,Skoda,Rapid Leisure 1.6 TDI MT
Kochi,2006,Diesel,Manual,First,13.1,1493,5,1.8,Hyundai,Accent CRDi
Jaipur,2014,Diesel,Manual,Second,19.91,1498,5,3.7,Volkswagen,Polo GT 1.5 TDI
Coimbatore,2017,Petrol,Manual,First,18.7,1199,5,7.17,Honda,Jazz 1.2 VX i VTEC
Jaipur,2010,Petrol,Manual,First,19.81,1086,5,1.75,Hyundai,i10 Era
Kochi,2018,Diesel,Automatic,First,16.38,1995,5,21.99,Hyundai,Tucson 2.0 e-VGT 2WD AT GLS
Pune,2017,Diesel,Manual,First,13.68,2393,7,18.65,Toyota,Innova Crysta 2.4 ZX MT
Jaipur,2011,Petrol,Manual,Third,19.7,796,5,1.85,Maruti,Omni MPI CARGO BSIII W/ IMMOBILISER
Coimbatore,2017,Petrol,Manual,Second,20.4,1197,5,5.95,Maruti,Swift VXI BSIV
Mumbai,2014,Petrol,Manual,First,18.9,1197,5,3.75,Hyundai,Grand i10 Magna
Pune,2012,Diesel,Manual,First,22.9,1248,5,3.75,Maruti,Swift VDI
Hyderabad,2008,Diesel,Manual,First,22.0,1582,5,2.6,Hyundai,Verna CRDi 1.6 SX
Hyderabad,2006,Petrol,Manual,First,0.0,1086,5,1.75,Hyundai,Santro Xing XL
Mumbai,2010,Petrol,Manual,First,17.0,1197,5,2.8,Hyundai,i20 1.2 Sportz
Coimbatore,2017,Diesel,Automatic,First,11.57,2987,5,61.29,Mercedes-Benz,GLE 350d
Bangalore,2014,Diesel,Manual,Second,15.8,2148,5,18.0,Mercedes-Benz,New C-Class C 220 CDI CLASSIC
Hyderabad,2014,Diesel,Manual,First,23.2,1248,5,4.35,Maruti,Ritz ZDi
Bangalore,2016,Diesel,Manual,First,19.67,1582,5,13.75,Hyundai,Creta 1.6 CRDi SX
Pune,2010,Petrol,Manual,First,19.0,998,5,2.0,Maruti,A-Star Vxi
Delhi,2016,Diesel,Manual,First,19.64,1461,5,10.0,Renault,Duster 110PS Diesel RXZ Option
Delhi,2010,Diesel,Manual,First,17.8,1248,5,1.65,Fiat,Grande Punto 1.3 Emotion Pack (Diesel)
Coimbatore,2017,Diesel,Automatic,First,16.55,2993,5,45.77,BMW,X3 xDrive30d M Sport
Bangalore,2010,Petrol,Manual,Second,20.36,1197,5,3.25,Hyundai,i10 Sportz
Pune,2016,Diesel,Manual,First,12.8,2494,7,12.8,Toyota,Innova 2.5 G4 Diesel 7-seater
Mumbai,2002,Petrol,Manual,Third,17.3,993,5,0.55,Maruti,Zen VXI BSII
Hyderabad,2018,Diesel,Manual,First,28.4,1248,5,7.15,Maruti,Swift VDI
Pune,2013,Diesel,Manual,Second,12.05,2179,8,7.0,Mahindra,Scorpio VLX 2.2 mHawk Airbag BSIV
Pune,2017,Diesel,Manual,First,22.95,1248,5,3.75,Tata,Zest Quadrajet 1.3 75PS XE
Mumbai,2017,Petrol,Manual,First,18.88,999,5,8.5,Ford,EcoSport 1.0 Ecoboost Titanium Plus
Jaipur,2012,Diesel,Manual,First,23.4,1248,5,4.35,Maruti,Swift Dzire ZDI
Kochi,2016,Petrol,Manual,First,22.74,796,5,3.26,Maruti,Alto 800 LXI
Jaipur,2011,Petrol,Manual,First,17.0,1497,5,4.21,Honda,City 1.5 S MT
Kochi,2018,Diesel,Automatic,First,12.07,2967,7,70.36,Audi,Q7 3.0 TDI Quattro Technology
Mumbai,2009,Diesel,Automatic,Second,17.0,1896,5,2.95,Skoda,Laura 1.9 TDI AT Ambiente
Kochi,2012,Petrol,Manual,First,17.1,1591,5,4.28,Hyundai,Verna 1.6 SX VTVT (O)
Jaipur,2009,Petrol,Automatic,First,16.8,1497,5,3.57,Honda,City 1.5 V AT
Kolkata,2013,Diesel,Manual,First,21.9,1396,5,3.11,Hyundai,i20 Magna Optional 1.4 CRDi
Coimbatore,2014,Petrol,Automatic,First,15.0,1396,5,5.96,Hyundai,i20 Sportz AT 1.4
Hyderabad,2011,Diesel,Manual,First,20.54,1598,5,4.7,Volkswagen,Vento Diesel Highline
Ahmedabad,2014,Petrol,Manual,First,17.4,1497,5,6.9,Honda,City i VTEC VX
Pune,2018,Diesel,Manual,First,22.95,1248,5,5.25,Tata,Zest Quadrajet 1.3 75PS XE
Pune,2015,Diesel,Automatic,First,18.48,1995,5,28.0,BMW,5 Series 2003-2012 520d
Delhi,2009,Petrol,Manual,First,18.9,1061,5,1.35,Maruti,Wagon R LXI Minor
Delhi,2015,Petrol,Manual,First,18.2,1199,5,4.85,Honda,Jazz VX
Coimbatore,2012,Diesel,Manual,First,15.0,1896,5,6.7,Volkswagen,Jetta 2007-2011 2.0 TDI Comfortline
Hyderabad,2010,Petrol,Manual,First,20.36,1197,5,3.1,Hyundai,i10 Magna 1.2
Kochi,2015,Diesel,Automatic,First,19.27,2143,5,18.64,Mercedes-Benz,New C-Class C 220 CDI Avantgarde
Pune,2012,Petrol,Manual,First,20.36,1197,5,2.8,Hyundai,i10 Magna 1.2 iTech SE
Chennai,2016,Diesel,Manual,First,13.68,2393,7,20.25,Toyota,Innova Crysta 2.4 ZX MT
Kochi,2015,Diesel,Automatic,First,17.68,1968,5,26.78,Audi,A6 2011-2015 2.0 TDI Technology
Hyderabad,2010,Diesel,Manual,Second,12.99,2494,7,8.26,Toyota,Innova 2.5 VX (Diesel) 7 Seater
Mumbai,2015,Petrol,Manual,First,16.47,1198,5,3.89,Volkswagen,Polo Petrol Trendline 1.2L
Hyderabad,2011,Petrol,Manual,First,20.92,998,5,2.1,Maruti,Alto K10 LXI
Mumbai,2017,Petrol,Automatic,First,18.0,1497,5,12.69,Honda,City i-VTEC CVT ZX
Coimbatore,2013,Diesel,Manual,First,17.0,1405,5,2.58,Tata,Indigo LX
Kochi,2014,Diesel,Automatic,First,17.68,1968,5,20.77,Audi,A6 2011-2015 2.0 TDI Premium Plus
Delhi,2015,Diesel,Automatic,First,17.9,2143,5,20.26,Mercedes-Benz,GLA Class 200 CDI SPORT
Chennai,2006,Petrol,Manual,Second,0.0,1086,5,1.5,Hyundai,Santro Xing XL
Kolkata,2011,Diesel,Manual,First,17.8,1248,5,2.5,Maruti,Swift VDI BSIV
Hyderabad,2014,Petrol,Automatic,First,23.1,998,5,4.25,Maruti,Celerio VXI AT
Hyderabad,2017,Diesel,Automatic,First,17.9,2143,5,57.0,Mercedes-Benz,GLE 250d
Delhi,2017,Diesel,Automatic,First,12.7,2179,5,44.0,Land,Rover Range Rover HSE Dynamic
Hyderabad,2011,Diesel,Manual,First,20.54,1598,5,3.65,Volkswagen,Vento Diesel Trendline
Hyderabad,2012,Petrol,Manual,First,14.0,796,5,2.05,Maruti,Omni 8 Seater BSIV
Kochi,2012,Petrol,Manual,First,18.5,1198,5,3.13,Honda,Brio 1.2 VX MT
Hyderabad,2000,Diesel,Manual,Second,14.07,2956,7,1.5,Tata,Sumo Delux
Pune,2012,Diesel,Manual,First,18.0,1248,5,2.85,Tata,Indica Vista Aura 1.3 Quadrajet
Delhi,2012,Petrol,Manual,First,18.9,998,5,2.65,Maruti,Wagon R LXI BS IV
Hyderabad,2015,Diesel,Manual,First,16.0,2179,7,10.6,Mahindra,XUV500 W8 4WD
Pune,2008,Diesel,Manual,Second,17.1,1396,5,1.25,Tata,Indigo LS Dicor
Mumbai,2018,Petrol,Manual,First,16.02,1373,7,8.25,Maruti,Ertiga Paseo VXI
Mumbai,2011,Petrol,Automatic,First,11.7,2354,5,4.45,Honda,Accord 2.4 A/T
Kolkata,2012,Diesel,Manual,First,19.3,1248,5,3.7,Maruti,Swift Dzire VDi
Hyderabad,2009,Diesel,Manual,First,17.8,1399,5,2.8,Ford,Fiesta EXi 1.4 TDCi Ltd
Kolkata,2008,Petrol,Manual,First,17.7,1497,5,1.8,Honda,City ZX GXi
Kochi,2014,Diesel,Automatic,First,17.68,1968,5,21.95,Audi,A6 2011-2015 2.0 TDI Premium Plus
Mumbai,2011,Diesel,Automatic,First,9.52,2993,4,49.0,BMW,6 Series 640d Gran Coupe
Coimbatore,2017,Diesel,Automatic,First,14.75,2967,7,62.67,Audi,Q7 45 TDI Quattro Technology
Pune,2008,CNG,Manual,First,26.3,998,5,1.4,Maruti,Zen Estilo LXI Green (CNG)
Pune,2012,Diesel,Manual,First,23.0,1396,5,5.5,Hyundai,i20 1.4 CRDi Asta
Bangalore,2009,Petrol,Automatic,Third,16.95,1197,5,2.95,Hyundai,i10 Sportz AT
Kochi,2016,Petrol,Automatic,First,19.0,1199,5,6.86,Honda,Jazz 1.2 V CVT i VTEC
Hyderabad,2015,Diesel,Manual,First,25.2,1248,5,6.15,Maruti,Swift VDI BSIV
Pune,2011,Petrol,Manual,Second,18.5,1197,5,3.3,Hyundai,i20 Asta 1.2
Kolkata,2011,Petrol,Manual,First,16.47,1198,5,2.55,Volkswagen,Polo Petrol Comfortline 1.2L
Ahmedabad,2009,Petrol,Manual,First,19.7,796,5,1.5,Maruti,Alto LXi
Chennai,2004,Petrol,Automatic,Second,11.3,1794,5,2.5,Toyota,Corolla H4
Chennai,2006,Petrol,Manual,Second,19.7,796,5,1.4,Maruti,Alto LXi
Pune,2012,Diesel,Manual,First,21.12,1248,5,3.4,Tata,Manza ELAN Quadrajet BS IV
Pune,2012,Petrol,Manual,First,19.7,796,5,2.25,Maruti,Alto LXi
Kolkata,2013,Diesel,Automatic,First,19.3,1968,5,7.5,Skoda,Octavia Ambition Plus 2.0 TDI AT
Kolkata,2008,Petrol,Automatic,First,11.3,1794,5,2.8,Toyota,Corolla H4
Coimbatore,2016,Petrol,Manual,First,18.6,1197,5,7.66,Hyundai,i20 Asta Option 1.2
Chennai,2016,Diesel,Manual,First,24.3,1248,5,7.15,Maruti,Vitara Brezza LDi
Delhi,2010,Petrol,Manual,First,17.0,1497,5,3.5,Honda,City 1.5 V MT
Hyderabad,2014,Diesel,Manual,Second,18.0,1248,5,3.5,Tata,Indica Vista Aqua 1.3 Quadrajet
Kolkata,2013,Diesel,Manual,First,25.8,1498,5,3.45,Honda,Amaze S i-Dtech
Coimbatore,2016,Petrol,Manual,First,21.1,814,5,3.55,Hyundai,EON D Lite Plus
Kochi,2015,Diesel,Automatic,Second,21.76,1995,5,25.99,BMW,3 Series Luxury Line
Bangalore,2012,Diesel,Manual,First,22.32,1582,5,5.25,Hyundai,Verna 1.6 SX
Ahmedabad,2013,Diesel,Manual,First,21.02,1248,5,2.9,Tata,Manza Club Class Quadrajet90 LS
Jaipur,2005,Petrol,Automatic,First,14.45,1984,5,2.05,Skoda,Octavia RS
Pune,2017,Petrol,Manual,First,24.07,998,5,3.75,Maruti,Alto K10 VXI
Mumbai,2014,Diesel,Manual,First,22.7,1498,5,6.75,Ford,Ecosport 1.5 DV5 MT Titanium Optional
Kolkata,2011,Petrol,Manual,Second,18.0,995,5,0.95,Chevrolet,Spark 1.0 LS
Hyderabad,2017,Diesel,Automatic,First,19.33,1999,5,52.0,Jaguar,XF 2.0 Diesel Portfolio
Jaipur,2007,Petrol,Manual,Third,13.1,1997,5,3.91,Honda,CR-V RVi MT
Kochi,2019,Petrol,Automatic,First,14.67,1798,5,27.3,Skoda,Superb L&K 1.8 TSI AT
Chennai,2009,Petrol,Manual,First,20.36,1197,5,2.7,Hyundai,i10 Magna 1.2
Delhi,2013,Diesel,Manual,First,22.9,1248,5,3.5,Maruti,Swift LDI
Mumbai,2016,Petrol,Automatic,First,18.5,1197,5,6.2,Maruti,Swift Dzire VXi AT
Chennai,2011,Diesel,Manual,First,23.08,1461,5,2.75,Nissan,Micra Diesel XV
Mumbai,2015,Diesel,Manual,First,23.4,1248,5,3.25,Maruti,Swift Dzire Tour LDI
Pune,2012,Diesel,Manual,First,17.8,1399,5,3.25,Ford,Fiesta Classic 1.4 Duratorq CLXI
Kolkata,2003,Petrol,Manual,First,17.3,993,5,0.65,Maruti,Zen LX
Pune,2017,Petrol,Manual,First,13.8,1998,5,35.0,Mini,Clubman Cooper S
Kolkata,2014,Diesel,Manual,First,23.59,1364,5,3.25,Toyota,Etios GD
Kolkata,2018,Petrol,Manual,First,24.7,796,5,2.9,Maruti,Alto 800 2016-2019 LXI
Bangalore,2011,Petrol,Manual,Third,18.9,796,5,2.9,Maruti,Alto VXi
Bangalore,2009,Diesel,Automatic,Second,11.0,2993,5,17.75,BMW,X5 3.0d
Mumbai,2015,Petrol,Automatic,Second,11.07,2496,5,8.25,Nissan,Teana XV
Coimbatore,2015,Petrol,Automatic,First,18.9,1197,5,5.77,Hyundai,Grand i10 AT Asta
Hyderabad,2017,Diesel,Manual,First,24.3,1248,5,9.49,Maruti,Vitara Brezza ZDi Plus
Mumbai,2008,Diesel,Automatic,Third,12.07,2967,7,12.95,Audi,Q7 3.0 TDI Quattro Premium Plus
Chennai,2015,Diesel,Automatic,First,17.9,2143,5,20.0,Mercedes-Benz,GLA Class 200 CDI
Chennai,2007,Petrol,Manual,Third,16.1,796,4,1.0,Maruti,800 AC
Chennai,2015,Diesel,Manual,Second,20.45,1461,5,7.1,Renault,Duster 85PS Diesel RxL
Mumbai,2017,Diesel,Manual,First,21.43,1364,5,16.5,Toyota,Corolla Altis D-4D GL
Chennai,2014,Diesel,Manual,First,15.8,2148,5,26.0,Mercedes-Benz,New C-Class 220
Hyderabad,2010,Diesel,Manual,Second,21.1,1248,5,3.2,Maruti,Ritz VDi
Kochi,2017,Petrol,Automatic,First,16.0,1497,7,9.48,Honda,BRV i-VTEC V CVT
Kochi,2015,Diesel,Manual,First,24.4,1120,5,4.0,Hyundai,Xcent 1.1 CRDi Base
Jaipur,2014,Diesel,Automatic,First,14.21,2143,5,26.5,Mercedes-Benz,E-Class 2009-2013 E250 CDI Avantgarde
Kochi,2014,Petrol,Automatic,Second,14.8,1595,5,11.77,Mercedes-Benz,B Class B180
Bangalore,2017,Diesel,Automatic,First,15.0,2143,5,37.0,Mercedes-Benz,E-Class 2015-2017 E250 Edition E
Mumbai,2016,Petrol,Manual,First,17.8,1497,5,8.75,Honda,City i VTEC VX Option
Hyderabad,2007,Petrol,Manual,First,17.0,1086,5,1.95,Hyundai,Santro Xing XL eRLX Euro III
Chennai,2011,Petrol,Manual,First,17.0,1497,5,3.75,Honda,City 1.5 S MT
Pune,2010,Petrol,Manual,First,16.2,1599,5,2.5,Hyundai,Verna Transform VTVT
Mumbai,2017,Petrol,Automatic,First,13.5,1999,5,34.5,Jaguar,XE Portfolio
Delhi,2015,Petrol,Manual,First,18.0,1198,5,4.65,Honda,Amaze S i-Vtech
Bangalore,2015,Petrol,Automatic,First,18.86,1598,4,32.0,Mini,Cooper Convertible 1.6
Coimbatore,2017,Diesel,Automatic,First,13.5,2987,5,62.81,Mercedes-Benz,S Class 2005 2013 S 350 CDI
Chennai,2014,Petrol,Manual,First,21.1,814,5,3.25,Hyundai,EON Magna Plus
Kolkata,2014,Petrol,Manual,First,20.51,998,5,3.1,Maruti,Wagon R VXI BS IV
Coimbatore,2011,Diesel,Manual,First,21.1,1248,5,3.91,Maruti,Ritz LDi
Chennai,2011,Diesel,Automatic,First,16.07,1995,5,11.0,BMW,3 Series 320d Sedan
Pune,2014,Diesel,Manual,First,13.49,2179,5,3.5,Tata,Xenon XT EX 4X2
Chennai,2014,Diesel,Automatic,First,20.38,1968,5,16.5,Audi,A3 35 TDI Attraction
Hyderabad,2012,Diesel,Automatic,First,12.7,2179,5,30.0,Land,Rover Range Rover 2.2L Dynamic
Pune,2010,Diesel,Automatic,Second,12.0,2987,7,28.0,Mercedes-Benz,GL-Class 2007 2012 350 CDI Luxury
Hyderabad,2018,Diesel,Automatic,First,13.5,2477,7,28.0,Mitsubishi,Pajero Sport 4X2 AT DualTone BlackTop
Jaipur,2010,Petrol,Manual,First,19.7,796,5,0.92,Maruti,Alto LX
Pune,2013,Petrol,Manual,First,14.0,1061,5,2.75,Maruti,Wagon R LXI BSIII
Coimbatore,2017,Diesel,Automatic,First,12.7,2179,5,53.83,Land,Rover Range Rover 2.2L Prestige
Pune,2011,Petrol,Manual,Second,17.01,1591,5,4.95,Hyundai,Verna 1.6 SX VTVT
Hyderabad,2013,Diesel,Automatic,First,16.73,2993,5,33.5,BMW,5 Series 525d Sedan
Bangalore,2013,Diesel,Automatic,First,14.74,2993,5,27.95,Jaguar,XF Diesel
Hyderabad,2010,Petrol,Automatic,First,13.7,1798,5,7.25,Skoda,Superb Elegance 1.8 TSI AT
Kochi,2017,Diesel,Automatic,First,15.73,1968,5,25.71,Audi,Q3 35 TDI Quattro Premium
Coimbatore,2014,Diesel,Automatic,First,12.7,2179,5,29.67,Land,Rover Range Rover 2.2L Pure
Jaipur,2013,Diesel,Automatic,First,14.84,2143,5,19.0,Mercedes-Benz,New C-Class 220 CDI AT
Kochi,2017,Diesel,Manual,First,15.4,2179,7,13.05,Mahindra,Scorpio S10 4WD
Mumbai,2015,Diesel,Automatic,First,21.76,1995,5,25.5,BMW,3 Series Luxury Line
Pune,2017,Petrol,Manual,First,15.4,1497,7,8.5,Honda,BR-V i-VTEC S MT
Chennai,2010,Diesel,Automatic,Second,16.0,2400,5,7.25,Volvo,S80 2006-2013 D5
Pune,2005,Petrol,Manual,First,13.2,1495,5,0.8,Hyundai,Accent GLE
Jaipur,2017,Petrol,Manual,First,17.19,1197,5,6.9,Hyundai,i20 Active SX Petrol
Coimbatore,2018,Petrol,Automatic,First,11.5,2996,5,70.99,Mercedes-Benz,GLC 43 AMG Coupe
Kolkata,2015,Petrol,Manual,Second,21.1,814,5,2.25,Hyundai,EON Magna Plus
Kochi,2018,Petrol,Manual,First,18.9,1197,5,5.5,Hyundai,Grand i10 SportZ Edition
Mumbai,2013,Petrol,Manual,First,13.0,1493,5,4.35,Honda,City 1.5 EXI S
Kolkata,2010,Petrol,Manual,First,16.47,1198,5,2.25,Volkswagen,Polo Petrol Trendline 1.2L
Mumbai,2016,Petrol,Automatic,First,15.26,1798,5,24.5,Audi,A6 35 TFSI Matrix
Hyderabad,2010,Diesel,Manual,First,0.0,1968,5,5.45,Volkswagen,Jetta 2007-2011 1.9 L TDI
Coimbatore,2017,Petrol,Manual,First,15.29,1591,5,12.03,Hyundai,Creta 1.6 SX Plus Dual Tone Petrol
Mumbai,2011,Petrol,Automatic,Second,11.74,1796,5,8.5,Mercedes-Benz,New C-Class C 200 CGI Avantgarde
Mumbai,2014,Petrol,Automatic,First,16.82,1998,4,28.5,Mini,Cooper Convertible S
Pune,2006,Petrol,Manual,Second,17.0,1086,5,1.2,Hyundai,Santro Xing XO eRLX Euro II
Bangalore,2013,Diesel,Manual,First,23.59,1364,5,5.75,Toyota,Etios VD
Delhi,2014,Petrol,Manual,Second,19.4,1198,5,3.2,Honda,Brio S MT
Coimbatore,2018,Petrol,Automatic,First,21.4,1197,5,9.89,Maruti,Baleno Alpha Automatic
Coimbatore,2012,Diesel,Automatic,First,20.0,1968,5,6.58,Skoda,Laura Ambiente 2.0 TDI CR AT
Kochi,2018,Petrol,Manual,First,21.1,814,5,4.06,Hyundai,EON Era Plus
Coimbatore,2019,Diesel,Manual,First,20.37,1461,5,13.37,Renault,Captur 1.5 Diesel RXL
Coimbatore,2011,Diesel,Automatic,First,16.2,2993,5,25.82,BMW,5 Series 2003-2012 GT 530d LE
Kochi,2016,Petrol,Manual,First,22.74,796,5,3.74,Maruti,Alto 800 LXI
Bangalore,2015,Diesel,Automatic,Second,16.8,1984,5,22.0,Volvo,V40 D3
Ahmedabad,2007,Petrol,Manual,First,18.9,998,5,1.45,Maruti,Wagon R LXI BSII
Kolkata,2008,Petrol,Manual,First,17.7,1497,5,2.0,Honda,City ZX GXi
Kochi,2017,CNG,Manual,First,15.1,1196,5,4.7,Maruti,Eeco 5 STR With AC Plus HTR CNG
Kolkata,2014,Petrol,Manual,First,13.7,1399,8,3.75,Chevrolet,Enjoy 1.4 LS 8
Coimbatore,2016,Diesel,Manual,First,15.96,2523,7,7.7,Mahindra,Bolero ZLX
Coimbatore,2012,Petrol,Manual,First,0.0,1086,5,3.35,Hyundai,Santro GLS I - Euro I
Hyderabad,2014,Petrol,Manual,First,21.1,814,5,2.6,Hyundai,EON D Lite
Coimbatore,2017,Petrol,Automatic,First,13.0,1591,5,13.77,Hyundai,Creta 1.6 SX Plus Petrol Automatic
Mumbai,2017,Petrol,Manual,Second,16.09,1598,5,7.1,Volkswagen,Vento 1.6 Comfortline
Pune,2008,Petrol,Automatic,Second,12.9,1799,5,2.65,Honda,Civic 2006-2010 1.8 S AT
Hyderabad,2014,Diesel,Manual,First,22.3,1248,5,2.5,Tata,Indica Vista Quadrajet LS
Kochi,2013,Diesel,Manual,First,16.0,2179,7,7.53,Mahindra,XUV500 W8 2WD
Coimbatore,2017,Petrol,Manual,First,18.6,1197,5,7.98,Hyundai,i20 1.2 Asta Option
Bangalore,2014,Diesel,Automatic,Second,14.16,1968,5,39.0,Audi,Q5 30 TDI quattro Premium Plus
Chennai,2011,Petrol,Manual,Second,18.5,1197,5,2.25,Maruti,Ritz VXi
Chennai,2010,Petrol,Manual,Second,13.17,1999,5,3.85,Mitsubishi,Cedia Sports
Hyderabad,2015,Diesel,Manual,First,12.8,2494,7,13.5,Toyota,Innova 2.5 V Diesel 7-seater
Hyderabad,2016,Diesel,Manual,First,27.62,793,5,3.5,Maruti,Celerio LDi
Delhi,2018,Diesel,Manual,First,25.1,1248,5,8.92,Maruti,S-Cross Delta DDiS 200 SH
Coimbatore,2016,Diesel,Automatic,First,15.17,1968,5,20.37,Audi,Q3 35 TDI Quattro Premium Plus
Bangalore,2016,Diesel,Automatic,First,21.76,1995,5,36.5,BMW,3 Series Luxury Line
Coimbatore,2016,Diesel,Automatic,First,11.33,4134,7,48.91,Audi,Q7 4.2 TDI Quattro Technology
Pune,2016,Petrol,Manual,First,18.6,1197,5,7.2,Hyundai,i20 2015-2017 Asta 1.2
Hyderabad,2012,Diesel,Manual,First,19.01,1461,5,5.99,Renault,Duster 110PS Diesel RxL
Pune,2016,Diesel,Manual,First,24.4,1120,5,5.25,Hyundai,Xcent 1.1 CRDi S Celebration Edition
Delhi,2014,Diesel,Manual,First,22.7,1498,5,6.5,Ford,Ecosport 1.5 DV5 MT Titanium
Hyderabad,2013,Petrol,Manual,First,16.47,1198,5,4.4,Volkswagen,Polo Petrol Trendline 1.2L
Kolkata,2017,Diesel,Manual,First,24.0,1120,5,4.6,Hyundai,Grand i10 CRDi Magna
Ahmedabad,2013,Diesel,Manual,First,21.12,1248,5,2.95,Tata,Manza Aqua Quadrajet BS IV
Kolkata,2011,Petrol,Manual,First,17.0,1497,5,3.26,Honda,City 1.5 V MT
Bangalore,2008,Petrol,Manual,Second,17.92,1086,5,2.22,Hyundai,Santro Xing GLS
Hyderabad,2012,Diesel,Manual,First,12.99,2494,7,10.5,Toyota,Innova 2.5 VX (Diesel) 7 Seater
Coimbatore,2017,Diesel,Manual,First,28.09,1248,5,8.26,Maruti,Ciaz 1.3 S
Delhi,2013,Diesel,Manual,First,12.55,2982,7,14.45,Toyota,Fortuner 4x4 MT TRD Sportivo
Chennai,2009,Petrol,Manual,Second,15.3,1596,5,2.5,Ford,Fiesta 1.6 SXI ABS Duratec
Kochi,2018,Petrol,Automatic,First,12.6,1950,5,51.43,Mercedes-Benz,E-Class E 220 d
Chennai,2014,Diesel,Manual,First,15.8,2148,5,23.0,Mercedes-Benz,New C-Class 220 CDI MT
Kolkata,2012,Diesel,Manual,First,17.72,1968,5,5.5,Skoda,Yeti Ambition 4X2
Delhi,2015,Petrol,Manual,First,18.9,1197,5,4.5,Hyundai,Grand i10 Sportz
Hyderabad,2018,Petrol,Manual,First,18.16,1196,5,6.8,Ford,Figo 2015-2019 1.2P Titanium MT
Mumbai,2013,Petrol,Manual,First,16.8,1395,5,8.75,Skoda,Octavia Ambition 1.4 TSI MT
Mumbai,2015,Diesel,Manual,Second,19.87,1461,5,7.0,Renault,Duster 85PS Diesel RxL Option
Delhi,2015,Diesel,Automatic,Second,15.68,1999,5,33.5,Land,Rover Range Rover Evoque 2.0 TD4 Pure
Chennai,2011,Diesel,Manual,Second,20.0,1399,5,2.25,Ford,Figo Diesel EXI
Hyderabad,2008,Diesel,Automatic,Second,12.8,2953,7,4.24,Ford,Endeavour Hurricane Limited Edition
Coimbatore,2017,Diesel,Manual,First,12.55,2982,7,28.42,Toyota,Fortuner 4x4 MT
Kolkata,2012,Diesel,Manual,First,22.07,1199,5,2.75,Volkswagen,Polo Diesel Comfortline 1.2L
Jaipur,2011,Diesel,Manual,First,23.2,1248,5,3.0,Maruti,Ritz VDi
Pune,2013,Diesel,Manual,First,23.08,1461,5,3.55,Nissan,Micra Diesel XV Premium
Kolkata,2013,Diesel,Manual,First,22.32,1582,5,4.8,Hyundai,Verna 1.6 SX
Kolkata,2011,Petrol,Automatic,First,10.8,2497,5,13.5,BMW,5 Series 2003-2012 523i
Pune,2017,Diesel,Automatic,First,11.0,2987,7,56.0,Mercedes-Benz,GLS 350d 4MATIC
Hyderabad,2004,Petrol,Automatic,First,12.0,2354,5,3.99,Honda,CR-V 2.4L 4WD AT
Bangalore,2016,Diesel,Automatic,First,17.01,1582,5,15.5,Hyundai,Creta 1.6 CRDi AT SX Plus
Jaipur,2010,Petrol,Manual,Second,19.81,1086,5,2.32,Hyundai,i10 Era
Kochi,2016,Diesel,Automatic,First,20.0,2143,5,18.58,Mercedes-Benz,A Class A200 CDI Sport
Jaipur,2014,Petrol,Manual,First,16.02,1373,7,5.5,Maruti,Ertiga VXI
Chennai,2006,Diesel,Manual,Second,18.7,1896,5,3.2,Skoda,Octavia Classic 1.9 TDI MT
Pune,2015,Petrol,Manual,First,18.0,1198,5,4.0,Honda,Amaze VX i-Vtech
Chennai,2004,Petrol,Manual,First,17.3,993,5,1.6,Maruti,Zen LXi BSII
Kochi,2013,Petrol,Manual,First,15.5,1586,5,4.15,Maruti,SX4 ZXI MT BSIV
Mumbai,2014,Petrol,Automatic,First,16.5,1198,5,4.25,Honda,Brio VX AT
Ahmedabad,2011,Petrol,Manual,First,18.9,998,5,2.6,Maruti,Wagon R VXI
Mumbai,2008,Petrol,Automatic,Second,12.1,2362,5,3.43,Toyota,Camry A/T
Kochi,2012,Petrol,Manual,First,18.6,1199,5,2.55,Chevrolet,Beat LS
Delhi,2017,Diesel,Automatic,First,12.55,2982,7,32.0,Toyota,Fortuner 4x4 AT
Mumbai,2014,Diesel,Manual,First,22.7,1498,5,6.25,Ford,Ecosport 1.5 DV5 MT Titanium Optional
Hyderabad,2010,Diesel,Manual,Second,17.8,1248,5,3.6,Maruti,Swift Vdi BSIII
Pune,2010,Diesel,Automatic,First,13.5,2987,5,18.5,Mercedes-Benz,S Class 2005 2013 S 350 CDI
Mumbai,2015,Petrol,Manual,Second,17.3,1497,7,4.25,Honda,Mobilio S i VTEC
Mumbai,2017,Petrol,Manual,Second,18.9,1197,5,4.8,Hyundai,Grand i10 Sportz
Bangalore,2015,Diesel,Automatic,First,16.0,2179,7,13.0,Mahindra,XUV500 AT W8 FWD
Pune,2012,Petrol,Manual,Second,14.83,1598,5,2.25,Skoda,Fabia 1.6 MPI Elegance
Hyderabad,2009,Petrol,Manual,First,17.92,1086,5,2.3,Hyundai,Santro Xing GLS
Kochi,2019,Petrol,Manual,First,15.29,1591,5,13.56,Hyundai,Creta 1.6 SX Plus Dual Tone Petrol
Delhi,2017,Diesel,Manual,First,15.4,1997,7,12.25,Mahindra,Scorpio 1.99 S8
Pune,2013,Diesel,Manual,First,20.5,1598,5,3.76,Skoda,Rapid 1.6 TDI Ambition
Coimbatore,2015,Diesel,Manual,First,19.01,1461,5,8.58,Renault,Duster 110PS Diesel RxZ
Hyderabad,2011,Diesel,Automatic,First,11.7,2993,5,27.5,BMW,X5 xDrive 30d
Coimbatore,2013,Petrol,Manual,First,17.6,1496,5,4.95,Toyota,Etios G
Ahmedabad,2012,Petrol,Manual,First,22.5,998,5,3.3,Maruti,Wagon R LXI
Chennai,2016,Petrol,Manual,First,15.8,1591,5,8.0,Hyundai,Creta 1.6 SX
Jaipur,2014,Petrol,Manual,First,23.1,998,5,2.79,Maruti,Celerio VXI
Coimbatore,2017,Diesel,Automatic,First,12.7,2179,5,45.64,Land,Rover Range Rover HSE Dynamic
Pune,2014,Petrol,Manual,First,18.6,1199,5,2.55,Chevrolet,Beat LT
Ahmedabad,2014,Petrol,Manual,Second,25.4,624,4,1.0,Tata,Nano Twist XT
Coimbatore,2017,Diesel,Automatic,First,17.68,1968,5,37.56,Audi,A6 2011-2015 35 TDI Technology
Kochi,2009,Diesel,Automatic,Second,11.0,2987,5,9.29,Mercedes-Benz,E-Class 280 CDI
Kochi,2019,Petrol,Manual,First,22.0,1197,5,6.37,Maruti,Swift VXI
Coimbatore,2013,Petrol,Manual,First,14.6,1368,5,2.98,Fiat,Linea T Jet
Kochi,2017,Petrol,Manual,First,20.4,1197,5,5.75,Maruti,Swift VXI Optional
Hyderabad,2010,Diesel,Manual,First,11.5,2982,7,13.0,Toyota,Fortuner 3.0 Diesel
Mumbai,2014,Petrol,Manual,First,16.02,1373,7,6.8,Maruti,Ertiga ZXI
Coimbatore,2010,Petrol,Automatic,First,12.05,1995,5,10.49,BMW,3 Series 320i Sedan
Jaipur,2014,Petrol,Manual,First,16.02,1373,7,5.6,Maruti,Ertiga VXI
Mumbai,2010,Petrol,Automatic,Second,16.8,1497,5,2.85,Honda,City 1.5 V AT
Coimbatore,2013,Diesel,Manual,First,14.66,2199,7,8.36,Hyundai,Santa Fe 4X4
Jaipur,2005,Diesel,Manual,First,17.0,1405,5,1.0,Tata,Indigo LS
Kolkata,2010,Petrol,Automatic,Second,10.93,2497,5,10.75,Mercedes-Benz,E-Class 2009-2013 E 250 Elegance
Hyderabad,2011,Diesel,Manual,First,19.3,1248,5,3.85,Maruti,Swift Dzire LDi
Hyderabad,2012,Diesel,Manual,First,17.8,1399,5,3.0,Ford,Fiesta Classic 1.4 Duratorq CLXI
Coimbatore,2015,Petrol,Automatic,First,18.0,1497,5,9.6,Honda,City i VTEC CVT VX
Delhi,2012,Diesel,Manual,First,13.0,2982,7,13.25,Toyota,Fortuner 4x2 Manual
Mumbai,2016,Petrol,Manual,First,18.0,1198,5,5.75,Honda,Amaze VX O i VTEC
Delhi,2014,Diesel,Manual,First,22.54,1396,5,6.75,Hyundai,i20 Asta 1.4 CRDi
Bangalore,2013,Diesel,Manual,Second,18.2,1248,7,4.85,Chevrolet,Enjoy TCDi LTZ 7 Seater
Kochi,2019,Petrol,Automatic,First,0.0,1950,5,38.99,Mercedes-Benz,New C-Class Progressive C 200
Mumbai,2009,Petrol,Automatic,First,12.6,1586,5,2.85,Maruti,SX4 ZXI AT Leather
Mumbai,2012,Diesel,Manual,First,12.99,2494,7,9.51,Toyota,Innova 2.5 VX (Diesel) 7 Seater
Ahmedabad,2012,Diesel,Automatic,Second,18.48,1995,5,18.5,BMW,5 Series 2003-2012 520d
Delhi,2015,Diesel,Manual,First,19.01,1461,5,6.75,Renault,Duster 110PS Diesel RxZ
Coimbatore,2017,Diesel,Automatic,First,20.68,1995,5,29.4,BMW,X1 sDrive 20d xLine
Kochi,2009,Petrol,Manual,First,17.7,1497,5,3.29,Honda,City ZX GXi
Delhi,2016,Diesel,Manual,First,28.09,1248,5,9.5,Maruti,Ciaz RS ZDi Plus SHVS
Pune,2010,Petrol,Manual,Second,17.5,1298,5,2.2,Maruti,Swift Dzire VXi
Pune,2012,Diesel,Manual,First,15.1,2179,7,6.5,Mahindra,XUV500 W6 2WD
Ahmedabad,2007,Petrol,Manual,First,13.5,1799,5,4.9,Honda,Civic 2006-2010 1.8 S MT
Pune,2013,Diesel,Manual,Second,25.47,1248,7,6.75,Maruti,Ertiga ZDI
Chennai,2013,Diesel,Manual,First,23.59,1364,5,3.8,Toyota,Etios Liva GD
Delhi,2013,Petrol,Automatic,First,9.9,1984,2,29.5,Audi,TT 2.0 TFSI
Hyderabad,2017,Diesel,Manual,First,21.13,1498,5,10.5,Skoda,Rapid 1.5 TDI Style
Hyderabad,2015,Diesel,Manual,First,20.14,1498,5,6.2,Volkswagen,Polo 1.5 TDI Highline
Jaipur,2009,Diesel,Automatic,First,17.0,1896,5,5.0,Skoda,Laura 1.9 TDI AT Elegance
Chennai,2007,Diesel,Manual,First,19.2,1461,5,2.3,Mahindra,Renault Logan 1.5 DLE Diesel
Ahmedabad,2016,Diesel,Automatic,First,11.36,2755,7,17.0,Toyota,Innova Crysta 2.8 GX AT
Bangalore,2014,Diesel,Automatic,First,18.88,1995,5,25.5,BMW,3 Series 320d Luxury Line
Jaipur,2015,Diesel,Manual,First,27.3,1498,5,5.65,Honda,Jazz 1.5 S i DTEC
Kochi,2015,Diesel,Manual,First,25.8,1498,5,5.6,Honda,Amaze VX i-DTEC
Kochi,2015,Diesel,Automatic,First,16.36,2179,5,29.98,Jaguar,XF 2.2 Litre Luxury
Coimbatore,2016,Diesel,Manual,First,26.59,1248,5,7.39,Maruti,Swift Dzire VDI
Jaipur,2018,Diesel,Manual,First,17.1,1956,5,19.0,Jeep,Compass 2.0 Limited
Pune,2010,Petrol,Manual,First,12.5,1794,5,5.0,Toyota,Corolla Altis 1.8 Sport
Kolkata,2011,Petrol,Manual,First,17.0,1497,5,3.35,Honda,City 1.5 V MT
Chennai,2013,Petrol,Manual,First,18.6,1197,5,4.45,Maruti,Swift ZXI
Coimbatore,2019,Diesel,Automatic,First,22.32,1582,5,8.31,Hyundai,Verna 1.6 SX CRDI (O) AT
Jaipur,2012,Diesel,Manual,Second,15.96,2523,7,6.0,Mahindra,Bolero ZLX
Chennai,2014,Diesel,Manual,First,22.9,1248,5,5.25,Maruti,Swift VDI
Chennai,2006,Petrol,Manual,First,17.0,1086,5,1.4,Hyundai,Santro Xing XO
Hyderabad,2012,Diesel,Automatic,First,17.68,1968,5,12.3,Audi,A6 2011-2015 2.0 TDI Premium Plus
Chennai,2004,Petrol,Manual,Third,13.8,1299,5,1.5,Ford,Ikon 1.3 LXi NXt
Coimbatore,2018,Diesel,Manual,First,20.14,1498,5,8.12,Volkswagen,Polo 1.5 TDI Highline
Coimbatore,2012,Diesel,Manual,First,13.6,2523,7,6.12,Mahindra,Bolero VLX CRDe
Coimbatore,2017,Diesel,Manual,First,25.1,1498,5,10.88,Honda,City i DTEC VX Option
Kolkata,2014,Petrol,Manual,First,18.2,1199,5,3.5,Chevrolet,Sail Hatchback 1.2 LS
Kochi,2016,Petrol,Manual,First,18.6,1197,5,6.15,Hyundai,i20 1.2 Spotz
Chennai,2016,Diesel,Automatic,First,17.05,1995,5,33.0,BMW,X1 sDrive 20d Sportline
Mumbai,2012,Diesel,Automatic,First,15.06,1995,5,13.5,BMW,X1 sDrive 20d Exclusive
Mumbai,2015,Diesel,Automatic,First,12.55,2982,7,17.11,Toyota,Fortuner 4x2 AT
Kochi,2014,Diesel,Automatic,First,11.33,4134,7,29.77,Audi,Q7 4.2 TDI Quattro Technology
Kolkata,2013,Diesel,Manual,First,20.77,1248,7,5.95,Maruti,Ertiga VDI
Bangalore,2015,Petrol,Manual,First,18.5,1197,5,5.75,Hyundai,i20 1.2 Magna
Bangalore,2006,Petrol,Automatic,Second,10.13,3498,5,19.0,Mercedes-Benz,S Class 2005 2013 S 350 L
Ahmedabad,2014,Diesel,Manual,First,20.45,1461,5,4.75,Renault,Duster 85PS Diesel RxL
Hyderabad,2013,Diesel,Manual,Second,17.21,1493,7,3.3,Mahindra,Quanto C2
Delhi,2013,Diesel,Automatic,First,12.55,2982,7,16.5,Toyota,Fortuner 4x2 AT
Mumbai,2014,Diesel,Automatic,First,15.97,2993,7,44.0,BMW,X5 2014-2019 xDrive 30d Design Pure Experience 7 Seater
Hyderabad,2011,Diesel,Manual,First,19.3,1248,5,4.39,Maruti,Swift Dzire VDi
Kochi,2018,Diesel,Manual,First,25.2,1248,5,6.2,Maruti,Swift LDI Optional
Kochi,2016,Petrol,Automatic,First,13.53,1984,5,24.22,Audi,A6 2011-2015 35 TFSI Technology
Mumbai,2008,Diesel,Manual,Third,10.5,2835,6,5.45,Mitsubishi,Pajero 2.8 SFX BSIV Dual Tone
Delhi,2016,Diesel,Automatic,First,16.36,2179,5,44.0,Jaguar,XF 2.2 Litre Executive
Coimbatore,2019,Diesel,Automatic,First,11.36,2755,7,24.82,Toyota,Innova Crysta 2.8 ZX AT
Mumbai,2015,Diesel,Automatic,First,19.3,1968,5,11.69,Skoda,Octavia Ambition 2.0 TDI AT
Bangalore,2018,Petrol,Automatic,First,14.28,1798,5,20.0,Toyota,Corolla Altis VL AT
Pune,2010,Petrol,Manual,First,19.7,796,8,1.45,Maruti,Omni 8 Seater BSII
Mumbai,2018,Diesel,Automatic,First,17.9,2143,5,48.5,Mercedes-Benz,GLC 220d 4MATIC Style
Mumbai,2016,Diesel,Automatic,First,21.5,1498,5,9.45,Volkswagen,Vento 1.5 TDI Highline AT
Ahmedabad,2015,Diesel,Manual,First,16.0,2179,7,12.5,Mahindra,XUV500 W10 2WD
Hyderabad,2014,Diesel,Manual,First,20.45,1461,5,6.9,Nissan,Terrano XL 85 PS
Jaipur,2012,Diesel,Manual,Second,22.32,1582,5,5.8,Hyundai,Verna 1.6 SX CRDi (O)
Coimbatore,2016,Diesel,Automatic,First,14.69,2993,5,44.56,BMW,5 Series 2013-2017 530d M Sport
Bangalore,2015,Diesel,Manual,Second,15.4,2179,7,8.5,Mahindra,Scorpio S4 Plus
Coimbatore,2017,Diesel,Manual,First,23.9,1582,5,10.7,Hyundai,Verna 1.6 CRDi SX
Pune,2009,Diesel,Automatic,Second,12.07,2967,7,12.0,Audi,Q7 3.0 TDI Quattro Premium Plus
Coimbatore,2010,Petrol,Manual,First,14.7,1150,5,2.44,Chevrolet,Aveo U-VA 1.2 LT
Kolkata,2000,Diesel,Manual,First,13.6,2523,7,1.95,Mahindra,Bolero ZLX BSIII
Mumbai,2014,Petrol,Manual,First,19.1,1197,5,4.35,Hyundai,Xcent 1.2 Kappa S
Hyderabad,2017,Diesel,Manual,First,13.68,2393,8,17.5,Toyota,Innova Crysta 2.4 GX MT 8S
Hyderabad,2015,Petrol,Manual,First,21.1,814,5,2.9,Hyundai,EON Era Plus
Delhi,2013,Diesel,Manual,First,22.07,1199,5,2.9,Volkswagen,Polo Diesel Comfortline 1.2L
Pune,2016,Diesel,Manual,First,24.3,1248,5,8.9,Maruti,Vitara Brezza ZDi
Mumbai,2013,Diesel,Automatic,First,18.88,1995,5,16.75,BMW,3 Series 320d Prestige
Coimbatore,2016,Petrol,Manual,First,21.1,814,5,3.95,Hyundai,EON Sportz
Mumbai,2009,Petrol,Manual,First,17.0,1497,5,2.1,Honda,City 1.5 S MT
Kochi,2011,Petrol,Manual,Second,12.8,2354,5,4.29,Honda,Accord 2.4 MT
Hyderabad,2009,Diesel,Manual,First,14.0,2498,8,3.85,Mahindra,Xylo E8
Chennai,2009,Diesel,Automatic,Second,13.2,1995,5,9.0,BMW,3 Series 320d
Pune,2013,Petrol,Manual,Second,16.8,1497,5,4.5,Honda,City V MT
Kochi,2016,Diesel,Manual,First,16.0,2179,7,12.46,Mahindra,XUV500 W10 2WD
Delhi,2014,Diesel,Manual,First,21.27,1396,5,4.65,Hyundai,i20 Asta 1.4 CRDi
Hyderabad,2014,Diesel,Manual,First,13.0,2982,7,20.5,Toyota,Fortuner 4x2 Manual
Chennai,2006,Diesel,Manual,First,13.6,2523,8,2.9,Mahindra,Bolero DI BSII
Chennai,2007,Petrol,Manual,First,15.9,1298,5,1.45,Maruti,Esteem Vxi - BSIII
Chennai,2002,Petrol,Manual,Third,0.0,1086,5,0.65,Hyundai,Santro LS zipPlus
Mumbai,2016,Diesel,Automatic,First,20.7,1496,5,29.5,Mini,Cooper 5 DOOR D
Hyderabad,2015,Diesel,Automatic,First,15.73,1968,5,25.0,Audi,Q3 35 TDI Quattro Premium
Delhi,2013,Petrol,Manual,Second,17.0,1197,5,3.5,Hyundai,i20 Sportz Option
Jaipur,2017,Diesel,Manual,First,14.1,2179,7,11.25,Tata,Safari Storme VX Varicor 400
Kochi,2017,Diesel,Manual,First,21.9,1498,7,10.79,Honda,BR-V i-DTEC VX MT
Kolkata,2013,Diesel,Manual,First,19.33,1968,5,5.9,Volkswagen,Jetta 2013-2015 2.0L TDI Highline
Jaipur,2017,Petrol,Manual,First,19.1,1197,5,5.12,Hyundai,Xcent 1.2 Kappa S Option
Mumbai,2017,Petrol,Manual,First,20.89,1197,5,5.7,Maruti,Ignis 1.2 Alpha
Coimbatore,2016,Diesel,Automatic,First,18.12,1995,5,35.84,BMW,5 Series 2013-2017 520d Luxury Line
Hyderabad,2007,Petrol,Manual,First,13.8,1299,5,1.25,Ford,Ikon 1.3 CLXi
Kolkata,2013,Petrol,Manual,First,20.36,1197,5,2.65,Hyundai,i10 Sportz
Coimbatore,2016,Diesel,Manual,First,22.32,1582,5,9.19,Hyundai,Verna 1.6 CRDI
Bangalore,2014,Diesel,Automatic,First,16.07,1995,5,23.5,BMW,3 Series 320d Highline
Delhi,2011,Petrol,Automatic,First,12.3,1796,5,12.5,Mercedes-Benz,E-Class 2009-2013 E200 CGI Blue Efficiency
Kolkata,2010,Petrol,Manual,Second,18.6,1199,5,1.5,Chevrolet,Beat Option Pack
Jaipur,2004,Petrol,Manual,First,0.0,1086,5,0.8,Hyundai,Santro Xing XP
Jaipur,2009,Diesel,Manual,Second,13.5,1405,5,0.75,Tata,Indica DLS
Delhi,2012,Diesel,Manual,First,15.1,2179,7,8.1,Mahindra,XUV500 W8 2WD
Jaipur,2017,Diesel,Manual,First,28.09,1248,5,9.75,Maruti,Ciaz ZDi Plus SHVS
Coimbatore,2017,Diesel,Automatic,First,19.71,2143,5,37.93,Mercedes-Benz,New C-Class C 250 CDI Avantgarde
Chennai,2005,Petrol,Automatic,Third,16.4,1497,5,1.96,Honda,City ZX CVT
Jaipur,2015,Diesel,Automatic,First,11.5,2982,7,20.5,Toyota,Fortuner 4x2 4 Speed AT
Bangalore,2011,Petrol,Manual,First,24.07,998,5,2.75,Maruti,Alto K10 VXI
Mumbai,2017,Petrol,Automatic,First,9.43,1999,5,75.0,Jaguar,XJ 2.0L Portfolio
Chennai,2009,Diesel,Manual,First,21.9,1396,5,2.8,Hyundai,i20 1.4 Magna ABS
Mumbai,2017,Petrol,Automatic,First,16.0,1497,7,9.25,Honda,BRV i-VTEC V CVT
Chennai,2007,Petrol,Manual,First,13.4,1794,5,3.0,Toyota,Corolla Executive (HE)
Coimbatore,2014,Diesel,Automatic,First,17.68,1968,5,23.89,Audi,A6 2011-2015 2.0 TDI Premium Plus
Mumbai,2014,Diesel,Manual,First,12.99,2494,7,12.75,Toyota,Innova 2.5 ZX Diesel 7 Seater BSIII
Jaipur,2014,Diesel,Manual,First,24.0,1120,5,4.15,Hyundai,Grand i10 CRDi Sportz
Mumbai,2013,Petrol,Automatic,First,14.8,1598,5,4.65,Volkswagen,Vento IPL II Petrol Highline AT
Delhi,2012,Diesel,Manual,First,12.8,2494,7,8.9,Toyota,Innova 2.5 VX (Diesel) 7 Seater BS IV
Jaipur,2008,Diesel,Manual,Second,16.8,1493,5,1.5,Hyundai,Verna CRDi SX
Pune,2015,Diesel,Manual,Second,23.2,1248,5,3.27,Maruti,Ritz VDi
Pune,2008,Diesel,Automatic,Second,12.07,2967,7,18.0,Audi,Q7 3.0 TDI Quattro Technology
Pune,2016,Petrol,Manual,First,18.6,1197,5,6.3,Hyundai,i20 Asta Option 1.2
Coimbatore,2017,Diesel,Manual,First,24.3,1248,5,11.31,Maruti,Vitara Brezza ZDi Plus Dual Tone
Pune,2014,Petrol,Manual,First,17.4,1497,5,6.16,Honda,City i VTEC S
Pune,2014,Petrol,Manual,First,20.73,1373,5,6.0,Maruti,Ciaz ZXi
Kochi,2013,Petrol,Automatic,First,17.5,1498,5,5.43,Nissan,Sunny XV CVT
Hyderabad,2012,Diesel,Manual,First,22.07,1199,5,4.65,Volkswagen,Polo Diesel Highline 1.2L
Hyderabad,2015,Diesel,Manual,First,20.77,1248,7,7.5,Maruti,Ertiga ZDI
Jaipur,2015,Diesel,Manual,First,26.59,1248,5,6.25,Maruti,Swift Dzire VDI
Bangalore,2007,Diesel,Automatic,First,14.84,2143,5,9.25,Mercedes-Benz,New C-Class C 220 CDI Elegance AT
Mumbai,2013,Petrol,Manual,First,19.4,1198,5,3.15,Honda,Brio S MT
Hyderabad,2008,Petrol,Manual,First,16.0,1086,5,2.3,Hyundai,i10 Magna Optional 1.1L
Jaipur,2012,Diesel,Manual,First,22.32,1582,5,5.25,Hyundai,Verna 1.6 SX CRDi (O)
Kochi,2017,Diesel,Manual,First,28.09,1248,5,7.4,Maruti,Ciaz VDI SHVS
Pune,2006,Petrol,Manual,Second,13.8,1299,5,1.55,Ford,Ikon 1.3 Flair
Pune,2017,Petrol,Manual,Second,16.2,1199,5,6.0,Volkswagen,Polo 1.2 MPI Highline
Chennai,2016,Petrol,Manual,First,18.7,1199,5,5.9,Honda,Jazz 1.2 V i VTEC
Bangalore,2013,Diesel,Manual,Second,25.8,1498,5,4.7,Honda,Amaze EX i-Dtech
Hyderabad,2015,Diesel,Manual,First,22.54,1396,5,6.5,Hyundai,i20 Asta 1.4 CRDi
Hyderabad,2012,Diesel,Manual,First,21.1,1248,5,3.55,Maruti,Ritz VDi
Chennai,2014,Petrol,Manual,First,16.8,1497,5,7.1,Honda,City V MT
Hyderabad,2010,Petrol,Manual,First,13.14,1798,5,6.0,Skoda,Superb 1.8 TSI MT
Pune,2017,Diesel,Manual,First,24.3,1248,5,7.99,Maruti,Vitara Brezza LDi Option
Bangalore,2009,Petrol,Manual,Second,17.0,1197,5,4.1,Hyundai,i20 Asta
Hyderabad,2017,Petrol,Automatic,First,24.07,998,5,3.95,Maruti,Alto K10 VXI AGS
Kochi,2016,Petrol,Manual,First,21.1,814,5,4.38,Hyundai,EON Era Plus
Mumbai,2011,Petrol,Manual,First,20.36,1197,5,2.75,Hyundai,i10 Sportz
Coimbatore,2016,Petrol,Automatic,First,18.1,3498,2,55.54,Mercedes-Benz,SLK-Class SLK 350
Hyderabad,2014,Diesel,Automatic,First,18.53,1968,5,29.0,Audi,A6 2.0 TDI Design Edition
Bangalore,2013,Diesel,Manual,First,22.77,1498,5,6.6,Ford,EcoSport 1.5 TDCi Titanium
Kolkata,2012,Diesel,Automatic,First,14.3,1968,5,6.99,Volkswagen,Passat Highline DSG
Bangalore,2017,Diesel,Manual,First,13.68,2393,7,18.75,Toyota,Innova Crysta 2.4 ZX MT
Jaipur,2010,Diesel,Manual,Third,20.0,1399,5,1.28,Ford,Figo Diesel ZXI
Pune,2006,Petrol,Manual,Third,14.49,1399,5,1.2,Chevrolet,Aveo 1.4
Coimbatore,2013,Petrol,Manual,First,18.5,1197,5,4.31,Maruti,Ritz LXi
Chennai,2011,Diesel,Automatic,First,12.39,2179,5,16.5,Land,Rover Freelander 2 SE
Coimbatore,2017,Petrol,Manual,First,18.9,1197,5,5.64,Hyundai,Grand i10 Asta
Coimbatore,2017,Diesel,Automatic,First,10.91,3198,7,31.12,Ford,Endeavour 3.2 Trend AT 4X4
Kochi,2013,Diesel,Automatic,First,12.8,1968,5,25.46,Audi,Q5 2008-2012 2.0 TDI
Kochi,2017,Petrol,Manual,First,17.01,1591,5,7.88,Hyundai,Verna 1.6 VTVT
Chennai,2017,Diesel,Automatic,First,13.0,2143,5,36.0,Mercedes-Benz,E-Class 2015-2017 E250 CDI Avantgarde
Pune,2014,Diesel,Automatic,First,0.0,2987,5,30.0,Mercedes-Benz,M-Class ML 350 4Matic
Pune,2008,Petrol,Manual,Second,17.5,1298,5,2.85,Maruti,Swift Dzire ZXi
Delhi,2011,Petrol,Manual,First,13.0,1343,5,3.5,Honda,City 1.3 EXI S
Jaipur,2014,Diesel,Manual,First,20.46,1461,5,7.5,Renault,Duster 85PS Diesel RxL Optional
Hyderabad,2012,Diesel,Automatic,First,14.84,2143,5,19.0,Mercedes-Benz,New C-Class 220 CDI AT
Hyderabad,2015,Diesel,Automatic,First,15.97,2993,5,54.0,BMW,X5 xDrive 30d Design Pure Experience 5 Seater
Kochi,2015,Petrol,Manual,First,19.1,1197,5,4.7,Hyundai,Xcent 1.2 Kappa SX Option
Hyderabad,2017,Petrol,Automatic,First,22.0,1197,5,8.5,Maruti,Dzire AMT ZXI Plus
Kolkata,2013,Diesel,Automatic,First,16.07,1995,4,17.0,BMW,3 Series 320d Corporate Edition
Kochi,2017,Petrol,Manual,First,22.74,796,5,3.51,Maruti,Alto 800 LXI
Bangalore,2013,Diesel,Automatic,Second,17.11,1968,5,19.5,Audi,A4 2.0 TDI 177 Bhp Premium Plus
Pune,2012,Petrol,Automatic,Second,13.6,1598,4,17.0,Mini,Cooper S
Coimbatore,2015,Diesel,Automatic,Second,12.07,2967,7,43.35,Audi,Q7 3.0 TDI Quattro Premium Plus
Bangalore,2012,Diesel,Manual,First,25.44,936,5,2.65,Chevrolet,Beat Diesel LT
Kochi,2015,Petrol,Manual,First,20.51,998,5,3.52,Maruti,Wagon R LXI BS IV
Kolkata,2016,Diesel,Manual,First,19.01,1461,5,6.25,Nissan,Terrano XV Premium 110 PS
Ahmedabad,2015,Diesel,Automatic,First,18.88,1995,5,24.75,BMW,3 Series 320d Luxury Plus
Mumbai,2015,Petrol,Manual,First,20.85,1197,5,5.25,Maruti,Swift Dzire VXI
Jaipur,2016,Diesel,Manual,First,17.72,1968,5,11.0,Skoda,Yeti Elegance 4X2
Kochi,2018,Petrol,Automatic,First,15.63,1499,5,9.1,Ford,EcoSport 1.5 Ti VCT AT Titanium
Chennai,2010,Petrol,Manual,First,18.5,1197,5,3.25,Hyundai,i20 1.2 Magna
Pune,2017,Diesel,Manual,First,15.0,1248,5,8.5,Maruti,S Cross DDiS 200 Sigma Option
Pune,2010,Petrol,Manual,First,16.2,1599,5,3.1,Hyundai,Verna Transform VTVT
Kochi,2015,Diesel,Automatic,First,18.88,1995,5,19.86,BMW,3 Series 320d Luxury Line
Kolkata,2017,Diesel,Manual,First,24.0,1186,5,4.9,Hyundai,Grand i10 1.2 CRDi Magna
Delhi,2014,Petrol,Manual,Second,17.4,1497,5,5.7,Honda,City i-VTEC V
Kolkata,2012,Diesel,Manual,First,25.2,1248,5,2.9,Maruti,Swift VDI BSIV
Coimbatore,2018,Diesel,Manual,First,27.39,1248,5,7.83,Maruti,Baleno Zeta 1.3
Kochi,2015,Diesel,Manual,First,14.0,2179,7,8.15,Tata,Safari Storme 2012-2015 LX
Bangalore,2008,Petrol,Manual,Second,13.2,1495,5,2.0,Hyundai,Accent GLS
Hyderabad,2016,Diesel,Manual,First,25.2,1248,5,6.25,Maruti,Swift LDI SP Limited Edition
Bangalore,2007,Diesel,Manual,Second,17.8,1248,5,3.4,Maruti,Swift VDI BSIV
Coimbatore,2016,Petrol,Automatic,First,21.9,624,4,3.19,Tata,Nano XTA
Ahmedabad,2017,Diesel,Manual,First,25.47,1248,7,7.75,Maruti,Ertiga VDI
Delhi,2014,Petrol,Automatic,Second,23.1,998,5,3.2,Maruti,Celerio VXI AMT
Delhi,2015,Diesel,Manual,First,25.2,1248,5,4.9,Maruti,Swift VDI BSIV
Kochi,2012,Petrol,Manual,First,15.04,1598,5,3.8,Volkswagen,Vento Petrol Highline
Chennai,2009,Diesel,Automatic,First,15.5,1896,5,4.0,Volkswagen,Jetta 2007-2011 1.9 Highline TDI
Hyderabad,2014,Diesel,Automatic,Second,20.7,1496,5,23.5,Mini,Cooper 5 DOOR D
Chennai,2008,Diesel,Manual,First,17.2,1396,5,1.15,Tata,Indica V2 DLS
Hyderabad,2007,Petrol,Manual,First,17.0,1086,5,2.2,Hyundai,Santro Xing XO
Bangalore,2015,Petrol,Automatic,First,18.0,1497,5,10.65,Honda,City i-VTEC CVT VX
Coimbatore,2016,Diesel,Automatic,First,16.36,2179,5,35.68,Jaguar,XF 2.2 Litre Luxury
Kochi,2017,Diesel,Automatic,First,15.0,2143,5,31.94,Mercedes-Benz,E-Class 2015-2017 E250 Edition E
Chennai,2011,Diesel,Manual,Third,18.3,1991,5,4.2,Chevrolet,Cruze LTZ
Ahmedabad,2015,Diesel,Manual,First,15.1,2179,7,9.9,Mahindra,XUV500 W8 2WD
Kochi,2014,Petrol,Automatic,First,11.74,1796,5,15.46,Mercedes-Benz,New C-Class C 200 CGI Avantgarde
Kochi,2018,Petrol,Manual,First,18.2,1199,5,8.46,Honda,Jazz VX
Kolkata,2013,Petrol,Manual,First,16.78,1496,5,3.25,Toyota,Etios G
Hyderabad,2012,Petrol,Manual,First,19.7,796,5,2.6,Maruti,Alto LXi BSIII
Coimbatore,2016,Petrol,Manual,First,20.4,1197,5,5.2,Maruti,Swift VXI BSIV
Pune,2009,Petrol,Manual,Third,19.0,998,5,1.8,Maruti,A-Star Vxi
Chennai,2011,Petrol,Manual,First,25.4,624,4,1.6,Tata,Nano Lx BSIV
Kolkata,2015,Diesel,Manual,First,25.5,1498,5,2.5,Ford,Figo Titanium Diesel
Jaipur,2011,Petrol,Manual,First,16.0,1368,5,2.5,Fiat,Linea Emotion
Coimbatore,2017,Petrol,Manual,First,18.16,1196,5,6.7,Ford,Figo Aspire 1.2 Ti-VCT Trend
Hyderabad,2005,Petrol,Manual,First,15.4,1590,5,1.2,Maruti,Baleno LXI
Coimbatore,2016,Diesel,Automatic,First,18.88,1995,5,35.55,BMW,3 Series 320d Luxury Line
Jaipur,2017,Diesel,Manual,First,17.9,1998,5,7.75,Chevrolet,Cruze LTZ
Chennai,2005,Diesel,Manual,First,12.7,2609,8,1.94,Mahindra,Scorpio 2.6 DX
Hyderabad,2016,Diesel,Manual,First,25.0,1396,5,2.2,Tata,Indica V2 eLS
Ahmedabad,2011,Diesel,Automatic,First,18.1,1991,4,3.8,Chevrolet,Cruze LTZ AT
Chennai,2016,Diesel,Manual,First,12.8,2494,8,15.65,Toyota,Innova 2.5 V Diesel 8-seater
Coimbatore,2018,Diesel,Automatic,First,19.27,2143,5,39.47,Mercedes-Benz,New C-Class C 220d Avantgarde Edition C
Kolkata,2011,Petrol,Manual,Second,18.5,1197,5,1.5,Maruti,Ritz VXi
Ahmedabad,2013,Diesel,Manual,First,12.8,2494,8,8.85,Toyota,Innova 2.5 GX (Diesel) 8 Seater BS IV
Bangalore,2013,Diesel,Manual,Second,12.55,2982,7,17.9,Toyota,Fortuner 4x4 MT
Coimbatore,2014,Petrol,Automatic,Second,16.95,1197,5,5.08,Hyundai,i10 Sportz AT
Bangalore,2012,Diesel,Manual,First,22.32,1582,5,6.25,Hyundai,Verna 1.6 SX
Bangalore,2015,Diesel,Automatic,First,15.73,1968,5,22.75,Audi,Q3 2012-2015 35 TDI Quattro Premium Plus
Kolkata,2010,Petrol,Manual,First,18.6,1199,5,1.46,Chevrolet,Beat LS
Pune,2007,Diesel,Manual,Second,17.8,1399,5,2.05,Ford,Fiesta 1.4 Duratorq ZXI
Coimbatore,2014,Diesel,Manual,First,20.0,1399,5,4.08,Ford,Figo Diesel EXI
Hyderabad,2014,Petrol,Automatic,First,23.1,998,5,4.55,Maruti,Celerio VXI AT
Mumbai,2013,Diesel,Automatic,First,20.0,2143,5,14.0,Mercedes-Benz,A Class A180 CDI
Ahmedabad,2016,Petrol,Manual,First,15.8,1591,5,10.9,Hyundai,Creta 1.6 SX
Bangalore,2010,Petrol,Manual,First,18.9,998,5,2.45,Maruti,Wagon R VXI BS IV
Delhi,2013,Diesel,Automatic,First,10.0,2148,5,15.8,Mercedes-Benz,E-Class 2009-2013 E 220 CDI Avantgarde
Mumbai,2017,Petrol,Manual,First,18.88,1499,5,8.25,Ford,EcoSport 1.5 Ti VCT MT Titanium BE
Delhi,2013,Diesel,Automatic,Second,13.73,1995,5,8.5,Renault,Koleos 2.0 Diesel
Coimbatore,2016,Diesel,Manual,First,16.0,2179,7,15.54,Mahindra,XUV500 W10 2WD
Hyderabad,2013,Petrol,Manual,First,16.8,796,8,2.35,Maruti,Omni E 8 Str STD
Coimbatore,2015,Petrol,Manual,First,22.5,998,5,4.32,Maruti,Wagon R VXI
Jaipur,2008,Diesel,Manual,Second,13.1,2499,7,3.9,Ford,Endeavour XLT TDCi 4X2
Hyderabad,2011,Diesel,Manual,Second,22.32,1582,5,5.2,Hyundai,Verna 1.6 SX
Mumbai,2018,Petrol,Manual,First,18.6,1197,5,5.85,Hyundai,i20 Magna 1.2
Bangalore,2013,Petrol,Manual,Second,16.02,1373,7,6.25,Maruti,Ertiga ZXI
Coimbatore,2019,Diesel,Automatic,First,14.0,2179,7,17.63,Mahindra,XUV500 W9 AT
Mumbai,2017,Diesel,Manual,First,23.65,1248,5,9.75,Maruti,SX4 S Cross DDiS 200 Zeta
Bangalore,2015,Petrol,Automatic,First,18.1,3498,2,55.0,Mercedes-Benz,SLK-Class SLK 350
Hyderabad,2011,Diesel,Manual,First,22.07,1199,5,4.1,Volkswagen,Polo Diesel Comfortline 1.2L
Hyderabad,2011,Diesel,Manual,First,12.55,2982,7,11.99,Toyota,Fortuner 4x4 MT
Kochi,2017,Diesel,Manual,First,16.0,2179,7,13.54,Mahindra,XUV500 W10 2WD
Mumbai,2016,Diesel,Automatic,First,17.9,2143,5,56.0,Mercedes-Benz,GLE 250d
Chennai,2016,Petrol,Manual,First,18.7,1199,5,6.5,Honda,Jazz 1.2 VX i VTEC
Pune,2013,Diesel,Manual,First,23.4,1248,5,4.75,Maruti,Swift Dzire VDI
Hyderabad,2014,Petrol,Manual,First,17.01,1591,5,5.6,Hyundai,Verna 1.6 SX VTVT
Coimbatore,2017,Diesel,Automatic,First,10.91,3198,7,29.2,Ford,Endeavour 3.2 Titanium AT 4X4
Kolkata,2018,Petrol,Manual,First,18.6,1197,5,6.35,Hyundai,i20 1.2 Asta Option
Mumbai,2013,Petrol,Manual,First,16.8,1497,5,4.95,Honda,City 1.5 V MT Sunroof
Hyderabad,2018,Diesel,Manual,First,27.4,1498,5,8.5,Honda,Amaze VX Diesel
Kolkata,2013,Petrol,Manual,First,17.1,1591,5,4.5,Hyundai,Verna 1.6 SX VTVT (O)
Chennai,2015,Diesel,Manual,First,24.2,1498,7,5.5,Honda,Mobilio S i DTEC
Kochi,2013,Diesel,Manual,First,20.77,1248,7,6.56,Maruti,Ertiga ZDI
Pune,2014,Petrol,Manual,First,24.07,998,5,2.3,Maruti,Alto K10 LXI
Kochi,2016,Petrol,Manual,First,20.36,1197,5,4.55,Hyundai,i10 Sportz
Bangalore,2009,Diesel,Automatic,Second,17.0,1896,5,7.75,Skoda,Laura 1.9 TDI AT Ambiente
Mumbai,2015,Petrol,Manual,Second,18.6,1197,5,5.25,Hyundai,i20 Asta Option 1.2
Coimbatore,2013,Diesel,Automatic,First,11.5,2993,5,23.29,BMW,5 Series 2003-2012 530d Highline
Mumbai,2016,Diesel,Automatic,First,22.69,1995,5,23.99,BMW,3 Series 320d M Sport
Pune,2010,Petrol,Manual,First,14.49,1399,5,1.79,Chevrolet,Aveo 1.4 LT ABS BSIV
Mumbai,2011,Diesel,Automatic,Second,14.21,2143,5,13.9,Mercedes-Benz,E-Class 2009-2013 E250 CDI Elegance
Kolkata,2013,Diesel,Automatic,First,17.68,1968,5,18.95,Audi,A6 2011-2015 2.0 TDI Premium Plus
Kolkata,2014,Petrol,Manual,First,20.51,998,5,2.49,Maruti,Wagon R LXI BS IV
Jaipur,2016,Petrol,Manual,First,25.17,799,5,3.15,Renault,KWID RXT
Mumbai,2017,Diesel,Manual,First,21.66,1498,5,6.45,Volkswagen,Ameo 1.5 TDI Highline
Ahmedabad,2013,Diesel,Manual,First,22.07,1199,5,4.25,Volkswagen,Polo Diesel Comfortline 1.2L
Hyderabad,2014,Petrol,Manual,First,22.74,796,5,2.75,Maruti,Alto 800 LXI
Kochi,2017,Petrol,Manual,First,18.6,1197,5,7.14,Hyundai,i20 Asta Option 1.2
Mumbai,2012,Petrol,Manual,First,18.3,1197,5,2.44,Toyota,Etios Liva G
Jaipur,2012,Petrol,Manual,Third,17.0,1197,5,3.5,Hyundai,i20 1.2 Sportz
Chennai,2017,Diesel,Manual,First,22.54,1396,5,7.3,Hyundai,i20 1.4 Asta
Kolkata,2014,Petrol,Manual,First,20.51,998,5,2.75,Maruti,Wagon R LXI Optional
Bangalore,2017,Diesel,Manual,Second,22.54,1396,5,8.2,Hyundai,i20 1.4 Asta Option
Mumbai,2015,Petrol,Automatic,First,17.21,1197,5,6.51,Volkswagen,Polo GT TSI
Pune,2015,Diesel,Manual,First,20.0,1399,5,4.25,Ford,Figo Diesel Titanium
Coimbatore,2014,Petrol,Manual,Second,18.6,1197,5,6.21,Maruti,Swift ZXI
Kochi,2016,Diesel,Manual,First,24.0,1120,5,4.58,Hyundai,Grand i10 CRDi Magna
Chennai,2016,Diesel,Manual,First,14.02,2179,7,7.5,Mahindra,Xylo H4
Delhi,2012,CNG,Manual,First,26.83,796,5,2.1,Maruti,Alto Green LXi (CNG)
Coimbatore,2014,Petrol,Manual,First,19.81,1086,5,4.09,Hyundai,i10 Magna 1.1
Mumbai,2014,Diesel,Automatic,First,19.3,1968,5,10.75,Skoda,Octavia Elegance 2.0 TDI AT
Mumbai,2014,Diesel,Automatic,First,15.97,2993,7,41.5,BMW,X5 2014-2019 xDrive 30d Design Pure Experience 7 Seater
Hyderabad,2014,Petrol,Automatic,First,23.1,998,5,4.4,Maruti,Celerio VXI AT
Jaipur,2013,Diesel,Manual,Second,20.54,1598,5,6.25,Volkswagen,Vento Diesel Comfortline
Pune,2011,Diesel,Automatic,Second,16.07,1995,5,10.5,BMW,3 Series 320d Highline
Mumbai,2014,Diesel,Manual,First,20.77,1248,7,7.25,Maruti,Ertiga ZDI
Hyderabad,2013,Diesel,Manual,First,20.0,1399,5,3.2,Ford,Figo Diesel ZXI
Mumbai,2014,Petrol,Manual,First,16.47,1198,5,3.95,Volkswagen,Polo 1.2 MPI Highline
Coimbatore,2009,Diesel,Automatic,Second,16.77,2967,5,12.07,Audi,A6 3.0 TDI quattro
Pune,2017,Diesel,Manual,First,13.68,2393,7,18.6,Toyota,Innova Crysta 2.4 ZX MT
Delhi,2013,Diesel,Automatic,First,22.32,1582,5,5.7,Hyundai,Verna 1.6 CRDi EX AT
Kolkata,2013,Petrol,Manual,First,17.92,1086,5,1.75,Hyundai,Santro Xing GL Plus
Delhi,2011,Diesel,Automatic,Second,16.55,1968,5,10.99,Audi,A4 2.0 TDI
Kolkata,2012,Diesel,Automatic,First,16.55,1968,5,14.5,Audi,A4 2.0 TDI
Jaipur,2009,Diesel,Manual,First,17.0,1896,5,3.11,Skoda,Laura 1.9 TDI MT Ambiente
Coimbatore,2015,Petrol,Automatic,First,13.7,1997,5,13.96,Honda,CR-V 2.0L 2WD AT
Coimbatore,2015,Diesel,Manual,First,22.32,1582,5,7.11,Hyundai,Verna 1.6 SX CRDi (O)
Chennai,2014,Diesel,Manual,First,24.5,1498,7,6.9,Honda,Mobilio RS i DTEC
Coimbatore,2018,Petrol,Manual,First,18.6,1197,5,7.77,Hyundai,i20 1.2 Asta Option
Kolkata,2011,Diesel,Manual,Second,12.8,2494,8,5.5,Toyota,Innova 2.5 G (Diesel) 7 Seater BS IV
Hyderabad,2014,Petrol,Manual,First,18.6,1197,5,5.35,Hyundai,i20 Magna 1.2
Chennai,2011,Diesel,Manual,Second,13.6,2523,7,4.5,Mahindra,Bolero VLX BS IV
Jaipur,2014,Diesel,Manual,First,20.34,1498,5,4.75,Volkswagen,Vento 1.5 TDI Comfortline
Coimbatore,2015,Diesel,Automatic,First,16.36,2179,5,32.8,Jaguar,XF 2.2 Litre Luxury
Mumbai,2005,Petrol,Manual,First,17.3,993,5,0.7,Maruti,Zen LXi - BS III
Coimbatore,2018,Diesel,Automatic,First,13.0,2987,5,50.29,Mercedes-Benz,E-Class Facelift
Mumbai,2010,Diesel,Manual,Second,11.5,2982,7,10.99,Toyota,Fortuner 3.0 Diesel
Coimbatore,2015,Petrol,Automatic,First,18.9,1197,5,5.57,Hyundai,Grand i10 AT Asta
Jaipur,2018,Diesel,Manual,First,25.4,1186,5,5.9,Hyundai,Xcent 1.2 CRDi S
Coimbatore,2016,Petrol,Manual,First,15.29,1591,5,9.43,Hyundai,Creta 1.6 VTVT S
Bangalore,2010,Petrol,Manual,First,20.36,1197,5,2.9,Hyundai,i10 Sportz
Delhi,2016,Petrol,Manual,First,19.4,1198,5,3.68,Honda,Brio S MT
Coimbatore,2015,Diesel,Automatic,First,12.55,2982,7,21.67,Toyota,Fortuner 4x2 AT
Ahmedabad,2011,Diesel,Automatic,First,16.55,1968,5,12.5,Audi,A4 2.0 TDI Multitronic
Kochi,2018,Diesel,Automatic,First,11.36,2755,7,19.92,Toyota,Innova Crysta 2.8 ZX AT
Jaipur,2014,Diesel,Manual,First,25.1,1498,5,6.75,Honda,City i DTEC VX
Kochi,2015,Diesel,Manual,First,25.1,1498,5,6.96,Honda,City i DTEC VX
Jaipur,2017,Petrol,Manual,First,21.7,999,5,3.25,Renault,KWID 1.0 RXT Optional
Hyderabad,2018,Diesel,Manual,First,28.4,1248,5,8.65,Maruti,Swift DDiS ZDI Plus
Pune,2017,Petrol,Automatic,First,23.1,998,5,5.0,Maruti,Celerio VXI Optional AMT
Delhi,2011,Diesel,Manual,First,15.1,2179,7,5.5,Mahindra,XUV500 W8 2WD
Jaipur,2010,Petrol,Manual,Second,20.36,1197,5,2.6,Hyundai,i10 Magna
Kochi,2014,Petrol,Manual,First,19.81,1086,5,3.41,Hyundai,i10 Magna 1.1
Kolkata,2011,Petrol,Manual,First,22.0,1197,5,2.7,Maruti,Dzire VXI
Chennai,2008,Petrol,Automatic,Fourth & Above,9.7,1995,5,5.5,Maruti,Grand Vitara AT
Kolkata,2012,Petrol,Automatic,First,14.33,1984,4,35.0,Audi,TT 40 TFSI
Mumbai,2011,Petrol,Automatic,Second,14.74,1991,5,9.75,Mercedes-Benz,New C-Class C 200 CGI
Mumbai,2013,Diesel,Manual,First,21.64,1461,5,4.25,Nissan,Sunny 2011-2014 Diesel XV
Ahmedabad,2015,Petrol,Manual,First,18.9,998,5,3.2,Maruti,Wagon R LXI
Bangalore,2014,Diesel,Manual,Second,23.4,1248,5,6.85,Maruti,Swift Dzire ZDI
Delhi,2015,Diesel,Manual,First,25.8,1498,5,4.5,Honda,Amaze S i-Dtech
Delhi,2012,Diesel,Manual,First,28.4,1248,5,3.55,Maruti,Swift ZDI
Hyderabad,2010,CNG,Manual,Second,13.2,1495,5,1.9,Hyundai,Accent Executive CNG
Hyderabad,2008,Diesel,Manual,First,10.5,2609,7,3.6,Mahindra,Scorpio LX 2.6 Turbo
Kochi,2015,Diesel,Automatic,First,13.0,2143,5,21.8,Mercedes-Benz,E-Class E250 CDI Avantgrade
Mumbai,2012,Diesel,Manual,Second,13.0,2982,7,13.5,Toyota,Fortuner 4x2 Manual
Bangalore,2016,Petrol,Manual,First,22.7,799,5,2.66,Datsun,redi-GO T Option
Delhi,2010,Petrol,Manual,Second,16.8,1497,5,3.75,Honda,City V MT
Pune,2018,Petrol,Automatic,First,19.16,2494,5,32.0,Toyota,Camry Hybrid
Coimbatore,2016,Diesel,Manual,First,26.0,1498,5,8.07,Honda,City i DTec V
Kochi,2012,Diesel,Manual,First,19.33,1968,5,5.64,Volkswagen,Jetta 2012-2014 2.0L TDI Trendline
Hyderabad,2013,Diesel,Automatic,First,17.68,1968,5,23.99,Audi,A6 2011-2015 2.0 TDI
Coimbatore,2016,Diesel,Manual,First,20.77,1248,7,7.5,Maruti,Ertiga VDI
Jaipur,2016,Diesel,Automatic,First,19.27,2143,5,27.0,Mercedes-Benz,New C-Class C 220 CDI Style
Mumbai,2008,Diesel,Manual,Second,19.3,1248,5,2.85,Maruti,Swift Dzire Vdi BSIV
Pune,2012,Diesel,Manual,First,19.01,1461,5,6.35,Renault,Duster 110PS Diesel RxZ Pack
Hyderabad,2010,Diesel,Manual,First,21.1,1248,5,3.3,Maruti,Ritz VDi
Bangalore,2013,Petrol,Manual,First,19.1,1197,5,5.0,Maruti,Swift Dzire VXI
Coimbatore,2014,Diesel,Manual,First,22.9,1248,5,6.46,Maruti,Swift ZDi
Jaipur,2017,Petrol,Manual,First,21.1,814,5,3.75,Hyundai,EON Sportz
Kochi,2003,Petrol,Manual,Third,17.3,993,5,1.52,Maruti,Zen VXI BSII
Coimbatore,2012,Petrol,Manual,First,15.1,1196,7,3.61,Maruti,Eeco 7 Seater Standard
Coimbatore,2017,Diesel,Automatic,First,14.16,1968,5,43.74,Audi,Q5 30 TDI quattro Premium
Chennai,2014,Diesel,Automatic,First,15.73,1968,5,20.0,Audi,Q3 2.0 TDI
Pune,2008,Diesel,Automatic,Second,0.0,799,2,3.0,Smart,Fortwo CDI AT
Hyderabad,2010,Diesel,Manual,First,19.3,1248,5,3.65,Maruti,Swift Dzire VDi
Hyderabad,2016,Diesel,Automatic,First,15.97,2993,7,58.0,BMW,X5 2014-2019 xDrive 30d Design Pure Experience 7 Seater
Mumbai,2015,Petrol,Automatic,First,18.0,1497,5,8.65,Honda,City i-VTEC CVT VX
Delhi,2015,Diesel,Manual,First,25.0,1396,5,2.5,Tata,Indigo eCS eLX BS IV
Chennai,2014,Petrol,Automatic,First,16.93,1197,5,7.75,Volkswagen,Vento TSI
Bangalore,2015,Petrol,Manual,First,23.1,998,5,4.15,Maruti,Celerio VXI
Delhi,2011,Diesel,Manual,First,11.5,2982,7,10.85,Toyota,Fortuner 3.0 Diesel
Delhi,2010,Petrol,Automatic,Second,11.3,2360,5,5.53,Mitsubishi,Outlander 2.4
Pune,2014,Diesel,Automatic,First,15.5,1896,5,11.5,Volkswagen,Jetta 2007-2011 1.9 Highline TDI
Hyderabad,2010,Petrol,Manual,First,9.0,3436,2,40.0,Porsche,Cayman 2009-2012 S
Kolkata,2015,Diesel,Manual,First,19.67,1582,5,9.25,Hyundai,Creta 1.6 CRDi SX
Pune,2011,Petrol,Manual,First,17.5,1198,5,2.29,Skoda,Fabia 1.2 MPI Ambiente Petrol
Chennai,2015,Diesel,Manual,First,22.77,1498,5,7.0,Ford,EcoSport 1.5 TDCi Titanium
Bangalore,2007,Petrol,Manual,Second,18.2,1061,5,1.65,Maruti,Zen Estilo 1.1 LXI BSIII
Ahmedabad,2017,Petrol,Manual,First,20.73,1373,5,8.25,Maruti,Ciaz 1.4 Delta
Kochi,2011,Petrol,Automatic,First,14.74,1991,5,9.14,Mercedes-Benz,New C-Class C 200 Avantgarde Edition C
Hyderabad,2016,Petrol,Manual,First,17.8,1198,5,6.5,Honda,Amaze SX i-VTEC
Kolkata,2012,Diesel,Manual,First,23.59,1364,5,2.95,Toyota,Etios GD
Jaipur,2015,Diesel,Manual,First,19.87,1461,5,5.75,Renault,Duster 85PS Diesel RxL
Hyderabad,2012,LPG,Manual,First,26.2,998,5,2.85,Maruti,Wagon R LXI LPG BSIV
Kolkata,2011,Petrol,Manual,Second,16.47,1198,5,2.1,Volkswagen,Polo Petrol Highline 1.2L
Coimbatore,2017,Diesel,Manual,First,19.67,1582,5,13.55,Hyundai,Creta 1.6 SX Plus Diesel
Kolkata,2012,Diesel,Automatic,First,14.74,2993,5,20.5,Jaguar,XF Diesel
Mumbai,2017,Diesel,Manual,First,16.3,1956,5,20.0,Jeep,Compass 2.0 Limited 4X4
Kochi,2018,Diesel,Automatic,First,15.68,1999,5,59.72,Land,Rover Range Rover Evoque 2.0 TD4 HSE Dynamic
Kolkata,2016,Diesel,Manual,First,27.39,1248,5,6.5,Maruti,Baleno Alpha Diesel
Ahmedabad,2016,Diesel,Manual,First,28.09,1248,5,7.5,Maruti,Ciaz ZDi SHVS
Jaipur,2007,Petrol,Manual,Second,15.0,1586,5,2.15,Maruti,SX4 Vxi BSIII
Coimbatore,2015,Diesel,Manual,First,22.7,1582,5,8.44,Hyundai,Elantra CRDi SX
Bangalore,2013,Diesel,Manual,First,13.5,2477,7,12.49,Mitsubishi,Pajero Sport 4X4
Pune,2017,Petrol,Manual,First,17.0,1198,5,5.48,Volkswagen,Ameo 1.2 MPI Comfortline
Hyderabad,2013,Petrol,Manual,First,18.5,1197,5,4.2,Maruti,Ritz VXi
Hyderabad,2013,Diesel,Manual,First,16.8,1493,5,7.2,Hyundai,Verna CRDi SX
Jaipur,2014,Diesel,Manual,First,23.4,1248,5,4.8,Maruti,Swift Dzire Tour LDI
Kochi,2017,Diesel,Manual,First,25.32,1198,6,5.83,Mahindra,KUV 100 mFALCON D75 K6
Coimbatore,2018,Diesel,Manual,First,13.68,2393,7,18.39,Toyota,Innova Crysta 2.4 ZX MT
Pune,2016,Petrol,Manual,First,21.4,1197,5,5.85,Maruti,Baleno Delta 1.2
Mumbai,2016,Diesel,Manual,First,27.3,1498,5,6.21,Honda,Jazz VX Diesel
Delhi,2013,Petrol,Manual,First,17.0,1197,5,3.65,Hyundai,i20 1.2 Asta
Delhi,2012,Diesel,Manual,First,23.0,1396,5,3.7,Hyundai,i20 Sportz Diesel
Pune,2015,Diesel,Automatic,First,19.27,2143,5,30.0,Mercedes-Benz,New C-Class C 220d Avantgarde Edition C
Kochi,2016,Petrol,Manual,First,19.1,1197,5,4.85,Hyundai,Xcent 1.2 Kappa Base
Coimbatore,2017,Petrol,Automatic,First,18.9,1197,5,6.93,Hyundai,Grand i10 AT Asta
Kolkata,2016,Petrol,Manual,First,22.74,796,5,2.6,Maruti,Alto 800 VXI
Kolkata,2014,Petrol,Manual,First,18.2,1199,5,1.89,Chevrolet,Sail Hatchback 1.2 LS
Mumbai,2018,Diesel,Automatic,First,0.0,1950,5,39.5,Mercedes-Benz,C-Class Progressive C 220d
Mumbai,2012,Petrol,Automatic,First,13.7,1798,5,10.0,Skoda,Superb Elegance 1.8 TSI AT
Kolkata,2009,Diesel,Automatic,First,16.55,1968,5,9.95,Audi,A4 2.0 TDI
Mumbai,2014,Diesel,Manual,Second,12.8,2494,8,9.45,Toyota,Innova 2.5 G (Diesel) 7 Seater BS IV
Coimbatore,2017,Diesel,Automatic,First,17.9,2143,5,28.25,Mercedes-Benz,CLA 200 CDI Sport
Jaipur,2008,Petrol,Manual,Second,19.81,1086,5,1.8,Hyundai,i10 Era
Kolkata,2008,Petrol,Manual,Second,17.5,1298,5,1.4,Maruti,Swift Dzire VXi
Ahmedabad,2015,Diesel,Automatic,First,21.66,1498,5,7.25,Skoda,Rapid 1.5 TDI AT Ambition
Hyderabad,2012,Diesel,Manual,First,21.1,1248,5,3.6,Maruti,Ritz VDi
Jaipur,2004,Petrol,Manual,Second,14.4,1599,5,1.2,Hyundai,Accent GLS 1.6
Coimbatore,2014,Petrol,Manual,Second,17.8,1198,5,4.94,Honda,Amaze SX i-VTEC
Delhi,2007,Petrol,Manual,Second,18.9,998,5,1.25,Maruti,Wagon R LXI
Chennai,2013,Diesel,Manual,Second,22.07,1199,5,4.8,Volkswagen,Polo Diesel Comfortline 1.2L
Kochi,2019,Diesel,Automatic,First,12.62,2198,7,31.15,Ford,Endeavour 2.2 Trend AT 4X2
Pune,2011,Petrol,Manual,Second,17.0,1197,5,3.3,Hyundai,i20 1.2 Sportz
Bangalore,2012,Diesel,Manual,First,25.44,936,5,2.4,Chevrolet,Beat Diesel PS
Kolkata,2010,Petrol,Manual,First,14.8,1799,5,2.0,Honda,Civic 2010-2013 1.8 V MT
Pune,2014,Petrol,Manual,First,20.51,998,5,3.1,Maruti,Wagon R VXI BS IV
Kochi,2014,Petrol,Manual,First,15.0,1598,5,5.09,Skoda,Rapid 1.6 MPI Ambition Plus
Pune,2006,Petrol,Manual,Second,15.4,1590,5,1.05,Maruti,Baleno Vxi - BSIII
Bangalore,2015,Diesel,Manual,Second,22.77,1498,5,7.0,Ford,EcoSport 1.5 TDCi Titanium
Ahmedabad,2010,Petrol,Manual,Second,13.2,1495,5,2.5,Hyundai,Accent GLE
Mumbai,2012,Diesel,Automatic,First,22.48,1995,5,17.5,BMW,5 Series 520d Luxury Line
Chennai,2011,Petrol,Manual,First,20.92,998,5,2.1,Maruti,Alto K10 2010-2014 VXI
Bangalore,2013,Diesel,Automatic,First,15.73,1968,5,17.75,Audi,Q3 2012-2015 2.0 TDI Quattro Premium Plus
Mumbai,2008,LPG,Manual,First,17.3,1061,5,1.45,Maruti,Wagon R LXI DUO BSIII
Bangalore,2005,Petrol,Automatic,Second,11.3,1794,5,2.45,Toyota,Corolla H4
Pune,2011,Diesel,Automatic,First,13.5,2400,5,13.8,Volvo,XC60 D5
Kolkata,2016,Diesel,Manual,First,27.3,1498,5,5.85,Honda,Jazz 1.5 VX i DTEC
Delhi,2017,Diesel,Manual,First,28.09,1248,5,8.9,Maruti,Ciaz 1.3 Alpha
Mumbai,2016,Petrol,Manual,First,20.4,1197,5,5.15,Maruti,Swift VXI BSIV
Kochi,2015,Diesel,Automatic,First,19.27,2143,5,16.56,Mercedes-Benz,New C-Class C 220 CDI Avantgarde
Chennai,2010,Petrol,Manual,Second,18.9,1061,5,1.65,Maruti,Wagon R VXI Minor
Pune,2015,Petrol,Automatic,First,15.5,1595,5,16.0,Mercedes-Benz,A Class A180 Sport
Pune,2008,Petrol,Manual,First,0.0,1086,5,1.45,Hyundai,Santro Xing GL
Coimbatore,2017,Diesel,Automatic,First,26.59,1248,5,8.08,Maruti,Swift Dzire AMT ZDI
Pune,2014,Petrol,Automatic,First,18.9,1197,5,4.5,Hyundai,Grand i10 AT Asta
Chennai,2013,Petrol,Manual,Second,16.95,1498,5,4.3,Nissan,Sunny 2011-2014 XV Special Edition
Hyderabad,2010,Petrol,Manual,First,19.0,998,5,2.6,Maruti,A-Star Lxi
Hyderabad,2018,Petrol,Manual,First,25.17,799,5,4.45,Renault,KWID RXT Optional
Coimbatore,2012,Petrol,Automatic,First,17.1,1591,5,5.37,Hyundai,Verna 1.6 SX VTVT (O) AT
Chennai,2008,Petrol,Manual,Second,18.9,1061,5,1.75,Maruti,Wagon R LXI Minor
Kolkata,2013,Diesel,Automatic,First,18.88,1995,5,16.5,BMW,3 Series 320d Sport Line
Delhi,2013,Diesel,Automatic,First,18.48,1995,5,19.0,BMW,5 Series 2003-2012 520d
Jaipur,2016,Diesel,Manual,First,25.0,1396,5,2.8,Tata,Indigo CS eVX
Hyderabad,2015,Diesel,Manual,First,22.54,1396,5,6.2,Hyundai,i20 Sportz 1.4 CRDi
Kochi,2019,Petrol,Manual,First,16.8,796,8,3.8,Maruti,Omni E MPI STD BS IV
Hyderabad,2014,Diesel,Manual,First,25.2,1248,5,6.1,Maruti,Swift ZDi
Coimbatore,2019,Diesel,Manual,First,23.0,1498,5,11.65,Ford,Ecosport Signature Edition Diesel
Mumbai,2014,Petrol,Automatic,First,16.5,1198,5,4.15,Honda,Brio VX AT
Chennai,2017,Diesel,Manual,First,13.68,2393,7,16.5,Toyota,Innova Crysta 2.4 GX MT
Bangalore,2008,Diesel,Manual,Second,10.5,2179,8,4.3,Mahindra,Scorpio 2.6 LX
Kolkata,2010,Petrol,Manual,First,18.5,1197,5,2.25,Hyundai,i20 1.2 Magna
Ahmedabad,2014,Diesel,Manual,First,22.32,1582,5,6.75,Hyundai,Verna 1.6 SX
Chennai,2014,Diesel,Manual,First,15.1,2179,7,9.4,Mahindra,XUV500 W6 2WD
Coimbatore,2014,Diesel,Manual,First,20.64,1498,5,5.39,Volkswagen,Vento 1.5 TDI Comfortline
Kochi,2019,Diesel,Manual,First,26.59,1248,5,8.51,Maruti,Swift Dzire VDI Optional
Pune,2010,Petrol,Manual,First,13.7,1368,5,1.85,Tata,Manza Aura Safire BS IV
Kolkata,2012,Diesel,Manual,Second,22.9,1248,5,2.5,Maruti,Swift VDI
Chennai,2013,Diesel,Manual,First,22.07,1199,5,4.75,Volkswagen,Polo Diesel Highline 1.2L
Pune,2009,Petrol,Manual,Second,17.0,1497,5,3.5,Honda,City 1.5 V MT
Bangalore,2014,Diesel,Manual,First,23.0,1396,5,5.5,Hyundai,i20 Asta (o) 1.4 CRDi (Diesel)
Coimbatore,2012,Petrol,Manual,First,17.0,1497,5,6.33,Honda,City 1.5 V MT
Kochi,2014,Diesel,Manual,First,25.44,936,5,2.47,Chevrolet,Beat Diesel
Kochi,2014,Petrol,Manual,First,16.2,995,5,3.3,Chevrolet,Spark 1.0 LS
Delhi,2011,Diesel,Manual,Second,11.57,2179,7,3.5,Tata,New Safari DICOR 2.2 EX 4x2
Delhi,2014,Diesel,Automatic,First,11.3,2987,7,38.75,Mercedes-Benz,GL-Class 350 CDI Blue Efficiency
Pune,2008,Diesel,Automatic,First,11.5,2993,5,7.99,BMW,5 Series 2003-2012 530d Highline
Kochi,2013,Diesel,Manual,First,14.24,2755,7,13.28,Toyota,Fortuner 2.8 4WD MT
Pune,2012,Petrol,Automatic,First,11.25,1995,5,9.5,BMW,X1 sDrive 18i
Kochi,2019,Diesel,Manual,First,20.37,1461,5,14.01,Renault,Captur 1.5 Diesel Platine Mono
Coimbatore,2016,Diesel,Manual,First,24.4,1120,5,6.99,Hyundai,Xcent 1.1 CRDi S
Hyderabad,2010,Diesel,Automatic,Second,13.2,1995,5,11.0,BMW,3 Series 320d
Hyderabad,2008,Petrol,Automatic,Second,10.8,2497,5,11.0,BMW,5 Series 2010-2013 525i
Pune,2010,Petrol,Manual,Second,18.06,1198,5,2.3,Nissan,Micra XE
Delhi,2014,Diesel,Automatic,First,16.36,2179,5,26.5,Jaguar,XF 2.2 Litre Luxury
Bangalore,2011,Diesel,Automatic,First,10.2,4367,7,67.0,Land,Rover Range Rover TDV8 (Diesel)
Mumbai,2017,Petrol,Automatic,First,16.0,1368,5,17.75,Jeep,Compass 1.4 Limited Option
Delhi,2010,Petrol,Automatic,Second,10.1,2354,5,4.8,Honda,CR-V 2.4 AT
Coimbatore,2013,Petrol,Manual,First,18.6,1197,5,4.57,Maruti,Swift VXI
Chennai,2016,Diesel,Manual,First,24.4,1120,5,3.5,Hyundai,Xcent 1.1 CRDi S
Kochi,2015,Diesel,Manual,First,19.01,1461,5,7.61,Nissan,Terrano XV Premium 110 PS
Hyderabad,2015,Diesel,Automatic,First,18.25,1968,5,25.0,Audi,A4 35 TDI Technology
Coimbatore,2016,Petrol,Manual,First,18.9,1197,5,5.88,Hyundai,Grand i10 Asta Option
Hyderabad,2015,Diesel,Manual,First,12.99,2494,8,13.5,Toyota,Innova 2.5 G (Diesel) 8 Seater
Kolkata,2015,Petrol,Manual,First,18.5,1197,5,4.6,Hyundai,i20 1.2 Magna
Kolkata,2013,Diesel,Manual,First,22.77,1498,5,4.9,Ford,EcoSport 1.5 TDCi Titanium
Hyderabad,2012,Petrol,Manual,First,17.0,1497,5,5.25,Honda,City 1.5 S MT
Coimbatore,2018,Petrol,Automatic,First,14.8,1497,5,12.41,Ford,EcoSport 1.5 Petrol Titanium Plus AT
Kolkata,2014,Diesel,Manual,First,22.07,1199,5,3.8,Volkswagen,Polo Diesel Highline 1.2L
Mumbai,2010,Diesel,Automatic,First,19.27,2143,5,8.95,Mercedes-Benz,New C-Class C 220 CDI Avantgarde
Hyderabad,2013,Diesel,Manual,First,22.7,1498,5,7.2,Ford,Ecosport 1.5 DV5 MT Titanium
Hyderabad,2017,Petrol,Manual,First,14.4,1396,5,4.5,Tata,Indigo GLE
Delhi,2014,Diesel,Manual,First,26.59,1248,5,4.15,Maruti,Swift Dzire LDI
Coimbatore,2016,Diesel,Manual,First,25.1,1248,5,7.94,Maruti,S-Cross Zeta DDiS 200 SH
Pune,2014,Diesel,Manual,First,19.01,1461,5,7.25,Renault,Duster 110PS Diesel RxZ Pack
Delhi,2016,Petrol,Manual,First,18.9,998,5,3.7,Maruti,Wagon R VXI
Hyderabad,2010,Petrol,Manual,First,0.0,1086,5,2.45,Hyundai,Santro Xing GL
Chennai,2011,Diesel,Manual,Third,25.44,936,5,1.5,Chevrolet,Beat Diesel LT
Delhi,2017,Diesel,Manual,First,16.0,1997,7,12.0,Mahindra,XUV500 W4 1.99 mHawk
Delhi,2012,Petrol,Manual,Second,19.81,1086,5,2.2,Hyundai,i10 Era 1.1
Hyderabad,2007,Diesel,Manual,First,13.93,2179,7,3.6,Tata,New Safari DICOR 2.2 EX 4x4
Kolkata,2009,Petrol,Manual,First,20.36,1197,5,1.92,Hyundai,i10 Sportz
Bangalore,2016,Diesel,Automatic,First,11.36,2755,7,20.5,Toyota,Innova Crysta 2.8 ZX AT
Jaipur,2010,Diesel,Manual,First,17.5,1896,5,4.25,Skoda,Laura Elegance MT
Kolkata,2013,Petrol,Manual,First,18.9,1197,5,3.2,Hyundai,Grand i10 Sportz
Pune,2012,Diesel,Manual,Second,23.59,1364,5,2.6,Toyota,Etios Liva GD
Kolkata,2014,Diesel,Manual,First,23.4,1248,5,3.85,Maruti,Swift Dzire VDI
Kochi,2010,Diesel,Manual,First,23.0,1396,5,3.48,Hyundai,i20 Asta 1.4 CRDi (Diesel)
Hyderabad,2017,Diesel,Manual,Second,25.83,1498,5,4.55,Ford,Figo 2015-2019 1.5D Trend MT
Pune,2016,Diesel,Manual,First,25.47,1248,7,7.0,Maruti,Ertiga VDI
Ahmedabad,2013,Diesel,Manual,First,20.77,1248,7,5.75,Maruti,Ertiga ZDI
Kochi,2016,Petrol,Automatic,First,16.8,1497,5,8.73,Honda,City 1.5 V AT Sunroof
Hyderabad,2009,Petrol,Manual,First,19.7,796,5,1.7,Maruti,Alto LXi BSIII
Hyderabad,2016,Diesel,Automatic,First,10.91,3198,7,29.5,Ford,Endeavour 3.2 Titanium AT 4X4
Kochi,2019,Diesel,Manual,First,24.3,1248,5,10.49,Maruti,Vitara Brezza ZDi Plus
Kolkata,2015,Petrol,Automatic,First,8.6,2706,2,64.0,Porsche,Boxster S tiptronic
Pune,2016,Diesel,Manual,First,22.9,1248,5,7.55,Maruti,Swift ZDi
Mumbai,2014,Petrol,Manual,First,17.57,1193,5,3.95,Tata,Zest Revotron 1.2 XT
Bangalore,2010,Petrol,Manual,Fourth & Above,17.0,1197,5,3.25,Hyundai,i20 1.2 Sportz Option
Mumbai,2009,Diesel,Manual,First,19.4,1422,5,2.75,Skoda,Fabia 1.4 TDI Active
Kolkata,2015,Diesel,Manual,First,21.43,1364,5,7.35,Toyota,Corolla Altis D-4D J
Ahmedabad,2017,Petrol,Manual,First,17.0,1198,5,4.7,Volkswagen,Ameo 1.2 MPI Comfortline
Kochi,2016,Petrol,Manual,Second,15.29,1591,5,8.77,Hyundai,Creta 1.6 VTVT S
Kochi,2013,Petrol,Manual,First,20.36,1197,5,3.42,Hyundai,i10 Magna 1.2
Kolkata,2015,Petrol,Manual,First,18.6,1199,5,2.5,Chevrolet,Beat LS
Kolkata,2012,Diesel,Automatic,First,14.74,2993,5,20.0,Jaguar,XF 3.0 Litre S Premium Luxury
Mumbai,2014,Petrol,Manual,First,13.24,1598,5,5.25,Nissan,Terrano XL
Delhi,2013,Diesel,Automatic,Second,15.73,1968,5,14.5,Audi,Q3 2012-2015 2.0 TDI Quattro Premium Plus
Mumbai,2011,Petrol,Automatic,First,16.95,1197,5,3.45,Hyundai,i10 Asta AT
Pune,2015,Petrol,Automatic,First,24.07,998,5,3.3,Maruti,Alto K10 VXI AGS
Bangalore,2014,Diesel,Automatic,First,11.33,4134,7,51.0,Audi,Q7 4.2 TDI Quattro Technology
Kolkata,2017,Diesel,Manual,First,24.3,1248,5,6.5,Maruti,Vitara Brezza VDi
Hyderabad,2013,Petrol,Manual,First,21.1,814,5,3.65,Hyundai,EON D Lite Plus
Chennai,2012,Diesel,Manual,First,20.0,1497,5,7.25,Mahindra,XUV300 W8 Diesel
Kochi,2014,Diesel,Manual,First,22.0,1582,5,6.01,Hyundai,Verna CRDi 1.6 SX Option
Kolkata,2015,Petrol,Manual,First,18.9,998,5,2.8,Maruti,Wagon R VXI
Chennai,2012,Petrol,Manual,First,17.0,1197,5,4.0,Hyundai,i20 Sportz Option
Delhi,2014,Petrol,Manual,First,17.4,1497,5,5.95,Honda,City i VTEC V
Chennai,2011,Diesel,Manual,Second,12.8,2494,7,9.2,Toyota,Innova 2.5 V Diesel 7-seater
Pune,2012,Diesel,Manual,First,16.8,1493,5,5.35,Hyundai,Verna CRDi SX
Delhi,2017,Diesel,Manual,First,17.6,2179,7,12.0,Tata,Hexa XT
Coimbatore,2015,Diesel,Automatic,Second,12.07,2967,7,38.94,Audi,Q7 3.0 TDI Quattro Premium Plus
Coimbatore,2008,Petrol,Manual,Second,18.9,998,5,2.69,Maruti,Wagon R VXI
Bangalore,2013,Diesel,Automatic,Second,17.09,1995,5,27.5,BMW,5 Series 2013-2017 525d Luxury Line
Kolkata,2014,Petrol,Manual,First,18.0,1198,5,2.75,Honda,Amaze EX i-Vtech
Mumbai,2016,Petrol,Manual,First,24.7,796,5,2.8,Maruti,Alto 800 2016-2019 LXI
Mumbai,2016,Petrol,Manual,First,17.01,1591,5,6.45,Hyundai,Verna 1.6 SX VTVT
Coimbatore,2018,Petrol,Manual,First,23.84,1199,5,5.88,Tata,Tiago 1.2 Revotron XZ
Pune,2013,Petrol,Manual,First,18.6,1197,5,4.65,Maruti,Swift LXI
Jaipur,2014,Petrol,Manual,First,21.1,814,5,2.5,Hyundai,EON Era
Kochi,2018,Petrol,Automatic,First,12.6,1950,5,51.35,Mercedes-Benz,E-Class E 220 d
Hyderabad,2016,Diesel,Manual,First,22.54,1396,5,6.85,Hyundai,i20 Magna 1.4 CRDi
Chennai,2012,Diesel,Manual,First,23.59,1364,5,5.25,Toyota,Etios VD
Coimbatore,2014,Diesel,Manual,First,21.43,1364,5,9.23,Toyota,Corolla Altis Diesel D4DG
Ahmedabad,2014,Diesel,Automatic,First,20.7,1496,5,22.0,Mini,Cooper 5 DOOR D
Hyderabad,2014,Diesel,Manual,First,20.14,1498,5,5.19,Volkswagen,Polo 1.5 TDI Highline
Pune,2009,Petrol,Automatic,First,13.7,1798,5,4.35,Skoda,Superb Elegance 1.8 TSI AT
Hyderabad,2013,Diesel,Automatic,First,10.0,2148,5,24.5,Mercedes-Benz,E-Class 2009-2013 E 220 CDI Avantgarde
Pune,2015,Diesel,Manual,First,17.8,1248,5,5.75,Maruti,Swift VDi BSIII W/ ABS
Kochi,2016,Petrol,Automatic,First,18.0,1497,5,9.19,Honda,City i VTEC CVT VX
Pune,2008,Petrol,Automatic,Second,8.45,2979,5,10.75,BMW,7 Series 2007-2012 740Li
Bangalore,2009,Petrol,Automatic,First,19.2,1197,5,2.99,Hyundai,i10 Magna AT
Kolkata,2014,Diesel,Manual,First,26.59,1248,5,3.89,Maruti,Swift Dzire VDI
Coimbatore,2018,Diesel,Manual,First,26.0,1498,5,11.73,Honda,City i DTec VX
Coimbatore,2016,Petrol,Manual,First,14.0,796,5,3.11,Maruti,Omni 8 Seater BSIV
Jaipur,2014,Diesel,Manual,Second,17.2,1968,5,14.45,Skoda,Superb 2009-2014 Elegance 2.0 TDI MT
Ahmedabad,2018,Diesel,Manual,First,24.52,1248,7,8.7,Maruti,Ertiga SHVS VDI
Kochi,2016,Diesel,Manual,First,24.0,1120,5,5.04,Hyundai,Grand i10 CRDi Magna
Jaipur,2017,Diesel,Manual,First,28.09,1248,5,8.5,Maruti,Ciaz VDi Plus SHVS
Delhi,2014,Diesel,Automatic,First,19.27,2143,5,15.65,Mercedes-Benz,New C-Class C 220 CDI Avantgarde
Mumbai,2015,Diesel,Manual,First,20.5,1248,5,5.65,Fiat,Avventura MULTIJET Emotion
Bangalore,2010,Petrol,Automatic,First,10.93,2497,5,16.5,Mercedes-Benz,E-Class 2009-2013 E 250 Elegance
Ahmedabad,2011,CNG,Manual,First,26.3,998,5,2.0,Maruti,Zen Estilo LXI Green (CNG)
Pune,2012,Petrol,Manual,First,15.04,1598,5,3.9,Volkswagen,Vento Petrol Highline
Jaipur,2013,Diesel,Automatic,First,18.88,1995,5,14.5,BMW,3 Series 320d Luxury Line
Bangalore,2015,Diesel,Automatic,First,14.69,2993,5,44.0,BMW,5 Series 2013-2017 530d M Sport
Delhi,2017,Petrol,Manual,First,18.9,1197,5,5.0,Hyundai,Grand i10 1.2 Kappa Magna
Hyderabad,2016,Diesel,Automatic,First,11.36,2755,7,19.75,Toyota,Innova Crysta 2.8 ZX AT
Coimbatore,2017,Diesel,Automatic,First,19.6,1461,5,11.44,Renault,Duster 110PS Diesel RxZ AMT
Chennai,2011,Diesel,Manual,First,18.0,1248,5,1.75,Tata,Indica Vista Aura 1.3 Quadrajet
Bangalore,2013,Diesel,Manual,First,17.8,1248,5,5.6,Maruti,Swift VDI BSIV
Kochi,2016,Petrol,Manual,First,12.3,1796,5,30.42,Mercedes-Benz,E-Class 2009-2013 E 200 CGI Avantgarde
Coimbatore,2013,Diesel,Manual,First,15.1,2179,7,9.57,Mahindra,XUV500 W8 4WD
Mumbai,2016,Diesel,Manual,First,15.96,2523,7,3.5,Mahindra,Bolero ZLX
Coimbatore,2018,Diesel,Manual,First,24.3,1248,5,10.46,Maruti,Vitara Brezza ZDi
Pune,2014,Diesel,Manual,First,20.5,1248,5,4.85,Fiat,Avventura MULTIJET Emotion
Kochi,2016,Petrol,Manual,First,19.5,1199,5,5.68,Honda,Amaze S Petrol
Mumbai,2015,Petrol,Automatic,First,13.7,1798,5,13.25,Skoda,Superb Elegance 1.8 TSI AT
Bangalore,2011,Diesel,Automatic,First,14.74,2993,5,16.0,Jaguar,XF 3.0 Litre S Premium Luxury
Chennai,2013,Petrol,Manual,First,18.9,998,5,3.0,Maruti,Wagon R VXI BSIII
Kolkata,2007,Petrol,Manual,First,17.0,1086,5,0.99,Hyundai,Santro Xing XL eRLX Euro III
Mumbai,2010,Petrol,Automatic,First,14.53,1798,5,5.0,Toyota,Corolla Altis VL
Delhi,2016,Petrol,Manual,First,16.1,1197,5,4.75,Maruti,Swift VXi BSIV
Bangalore,2014,Petrol,Manual,First,16.47,1198,5,5.35,Volkswagen,Polo 1.2 MPI Highline
Hyderabad,2017,Petrol,Manual,First,18.9,1197,5,5.98,Hyundai,Grand i10 1.2 Kappa Asta
Chennai,2011,Diesel,Manual,Third,21.5,1248,5,3.5,Maruti,SX4 ZDI
Kochi,2018,Petrol,Manual,First,18.9,1197,5,4.77,Hyundai,Grand i10 1.2 Kappa Magna
Delhi,2016,Petrol,Manual,First,21.4,1197,5,5.45,Maruti,Baleno Delta 1.2
Ahmedabad,2018,Petrol,Automatic,First,20.3,1199,5,6.85,Tata,Tigor 1.2 Revotron XTA
Jaipur,2016,Diesel,Automatic,First,26.59,1248,5,7.3,Maruti,Swift Dzire AMT ZDI
Pune,2007,Petrol,Manual,First,15.3,1193,5,1.25,Tata,Indica GLS BS IV
Chennai,2015,Diesel,Manual,First,22.7,1598,5,8.25,Maruti,SX4 S Cross DDiS 320 Zeta
Ahmedabad,2008,Petrol,Manual,First,16.1,1298,5,2.71,Maruti,Swift VXI BSIII
Kolkata,2016,Petrol,Manual,First,19.1,1197,5,3.6,Hyundai,Xcent 1.2 Kappa SX
Ahmedabad,2010,Petrol,Manual,First,18.5,1197,5,3.0,Hyundai,i20 1.2 Magna
Hyderabad,2016,Petrol,Automatic,First,23.1,998,5,4.65,Maruti,Celerio VXI AT
Mumbai,2010,Diesel,Automatic,First,14.84,2143,5,9.5,Mercedes-Benz,New C-Class C 220 CDI Elegance AT
Mumbai,2011,Petrol,Manual,First,17.5,1298,5,2.95,Maruti,Swift Dzire VXi
Mumbai,2011,Petrol,Manual,First,15.04,1598,5,3.0,Volkswagen,Vento Petrol Trendline
Hyderabad,2015,Diesel,Manual,First,25.2,1248,5,5.95,Maruti,Swift ZDi
Delhi,2008,Petrol,Automatic,First,14.53,1798,5,4.0,Toyota,Corolla Altis VL
Delhi,2008,Petrol,Manual,First,13.5,1799,5,2.5,Honda,Civic 2006-2010 1.8 V MT
Kolkata,2017,Petrol,Automatic,First,16.05,1499,5,11.37,Ford,EcoSport 1.5 Ti VCT AT Titanium BE
Pune,2010,Diesel,Manual,Second,19.0,1248,5,2.25,Fiat,Linea Emotion Pack (Diesel)
Jaipur,2013,Petrol,Manual,First,19.81,1086,5,3.1,Hyundai,i10 Era
Kochi,2014,Diesel,Automatic,First,11.2,2400,5,17.18,Volvo,XC60 D5 Inscription
Jaipur,2018,Petrol,Manual,First,18.6,1197,5,6.5,Hyundai,i20 1.2 Asta
Ahmedabad,2014,Diesel,Manual,First,26.0,1498,5,5.7,Honda,City i DTEC S
Ahmedabad,2013,Diesel,Manual,First,12.99,2494,8,8.0,Toyota,Innova 2.5 VX (Diesel) 8 Seater BS IV
Chennai,2016,Petrol,Manual,First,25.17,799,5,2.6,Renault,KWID RXT
Hyderabad,2009,Petrol,Manual,First,19.0,998,5,2.45,Maruti,A-Star Vxi
Kochi,2014,Petrol,Automatic,First,14.8,1595,5,11.57,Mercedes-Benz,B Class B180
Kolkata,2012,Petrol,Manual,First,18.9,998,5,2.3,Maruti,Wagon R LXI BS IV
Jaipur,2016,Diesel,Manual,First,25.2,1248,5,5.9,Maruti,Swift VDI BSIV
Mumbai,2015,Petrol,Automatic,First,17.0,1591,5,7.2,Hyundai,Verna VTVT 1.6 AT SX Option
Ahmedabad,2013,Diesel,Automatic,First,22.0,1582,5,5.9,Hyundai,Verna CRDi 1.6 AT SX Option
Chennai,2014,Petrol,Manual,Second,16.8,1497,5,6.0,Honda,City V MT
Kolkata,2010,Petrol,Manual,First,16.0,1086,5,1.95,Hyundai,i10 Magna Optional 1.1L
Coimbatore,2016,Diesel,Manual,First,23.59,1364,5,6.55,Toyota,Etios GD SP
Hyderabad,2015,Diesel,Automatic,First,27.03,1969,5,25.0,Volvo,S60 D4 Momentum
Kolkata,2012,Diesel,Manual,First,20.0,1399,5,2.65,Ford,Figo Diesel EXI
Mumbai,2017,Diesel,Automatic,First,13.0,2987,5,69.5,Mercedes-Benz,E-Class 2015-2017 E350 CDI Avantgrade
Chennai,2012,Diesel,Automatic,First,22.69,1995,5,14.0,BMW,3 Series 320d Luxury Line
Pune,2014,Petrol,Manual,Second,22.74,796,5,2.1,Maruti,Alto 800 VXI
Hyderabad,2017,Diesel,Manual,First,13.68,2393,7,20.4,Toyota,Innova Crysta 2.4 VX MT
Hyderabad,2019,Petrol,Manual,First,18.78,999,5,5.68,Volkswagen,Polo 1.0 MPI Trendline
Mumbai,2014,Petrol,Manual,First,13.24,1598,5,5.55,Nissan,Terrano XL
Mumbai,2013,Diesel,Manual,First,13.5,2477,7,12.75,Mitsubishi,Pajero Sport 4X4
Mumbai,2012,Petrol,Manual,Second,14.8,1799,5,3.35,Honda,Civic 2010-2013 1.8 S MT
Kolkata,2013,Petrol,Manual,First,22.74,796,5,1.55,Maruti,Alto 800 LXI
Coimbatore,2013,Diesel,Manual,Second,20.54,1598,5,5.9,Volkswagen,Vento Diesel Highline
Hyderabad,2012,Diesel,Automatic,First,12.35,2179,5,18.98,Land,Rover Freelander 2 HSE
Mumbai,2014,Petrol,Manual,First,13.7,1997,5,11.51,Honda,CR-V 2.0L 2WD MT
Mumbai,2016,Diesel,Manual,First,20.77,1248,7,7.75,Maruti,Ertiga VDI
Chennai,2016,Diesel,Manual,First,12.99,2494,7,13.9,Toyota,Innova 2.5 GX (Diesel) 7 Seater
Kolkata,2010,Petrol,Manual,First,15.0,1368,5,1.35,Tata,Manza Aura Safire
Mumbai,2015,Diesel,Automatic,Second,12.07,2967,7,38.0,Audi,Q7 35 TDI Quattro Premium Plus
Mumbai,2017,Petrol,Automatic,First,17.1,1591,5,11.6,Hyundai,Verna 1.6 SX VTVT (O) AT
Hyderabad,2017,Diesel,Automatic,First,21.5,1498,5,12.25,Volkswagen,Vento 1.5 Highline Plus AT 16 Alloy
Jaipur,2011,Petrol,Manual,First,17.0,1497,5,3.8,Honda,City 1.5 S MT
Mumbai,2014,Diesel,Manual,First,20.0,1399,5,3.25,Ford,Figo Diesel Titanium
Mumbai,2016,Petrol,Manual,First,18.7,1199,5,6.4,Honda,Jazz 1.2 VX i VTEC
Bangalore,2012,Petrol,Manual,Second,16.47,1198,5,3.95,Volkswagen,Polo Petrol Highline 1.2L
Delhi,2010,Petrol,Manual,First,17.4,1497,5,3.57,Honda,City i-VTEC S
Mumbai,2005,Petrol,Manual,Second,17.7,1497,5,1.25,Honda,City ZX GXi
Pune,2015,CNG,Manual,First,26.2,998,5,3.65,Maruti,Wagon R LXI CNG
Kolkata,2013,Petrol,Automatic,Second,12.0,2354,5,12.5,Honda,CR-V 2.4L 4WD AT AVN
Ahmedabad,2014,Diesel,Automatic,Second,18.12,1995,5,23.0,BMW,5 Series 2013-2017 520d Luxury Line
Chennai,2003,Diesel,Manual,Third,12.8,1489,5,1.35,Ambassador,Classic Nova Diesel
Coimbatore,2012,Diesel,Manual,First,12.05,2179,8,6.32,Mahindra,Scorpio VLX 2.2 mHawk BSIII
Kolkata,2012,Diesel,Manual,First,20.54,1598,5,3.4,Volkswagen,Vento Diesel Comfortline
Jaipur,1999,Petrol,Manual,Second,17.3,993,5,0.77,Maruti,Zen VX
Jaipur,2009,Petrol,Manual,First,16.1,796,4,0.9,Maruti,800 DX BSII
Delhi,2017,Petrol,Automatic,First,14.28,1798,5,18.0,Toyota,Corolla Altis 1.8 VL CVT
Pune,2013,Petrol,Automatic,First,14.59,1997,5,19.0,BMW,3 Series 328i Sport Line
Chennai,2007,Petrol,Manual,Third,13.8,1299,5,1.1,Ford,Ikon 1.3 Flair
Pune,2012,Petrol,Manual,Second,18.6,1199,5,2.0,Chevrolet,Beat LT
Ahmedabad,2012,Diesel,Manual,First,21.43,1364,5,6.5,Toyota,Corolla Altis 1.4 DG
Bangalore,2014,Diesel,Manual,First,16.0,2179,7,9.45,Mahindra,XUV500 W4
Mumbai,2016,Diesel,Manual,First,24.4,1120,5,4.0,Hyundai,Xcent 1.1 CRDi Base
Kochi,2017,Diesel,Automatic,First,13.0,2143,5,32.25,Mercedes-Benz,E-Class 2015-2017 E250 CDI Avantgarde
Pune,2009,Petrol,Manual,First,20.36,1197,5,2.1,Hyundai,i10 Sportz
Mumbai,2015,Petrol,Automatic,Second,14.28,1798,5,9.75,Toyota,Corolla Altis VL AT
Kolkata,2014,Petrol,Manual,First,14.53,1798,5,6.3,Toyota,Corolla 1.8 J
Hyderabad,2013,Diesel,Automatic,First,17.32,1968,5,21.0,Audi,Q3 2.0 TDI Quattro
Mumbai,2014,Diesel,Manual,First,21.9,1396,5,4.65,Hyundai,i20 Magna Optional 1.4 CRDi
Mumbai,2013,Diesel,Automatic,Second,19.27,2143,5,17.0,Mercedes-Benz,New C-Class C 220d Avantgarde Edition C
Pune,2013,Diesel,Manual,First,21.1,1248,5,4.35,Maruti,Ritz VDi
Coimbatore,2017,Diesel,Manual,First,19.67,1582,5,14.82,Hyundai,Creta 1.6 SX Plus Diesel
Delhi,2018,Diesel,Automatic,First,13.6,1999,5,40.0,Jaguar,XE 2.0L Diesel Prestige
Chennai,2016,Diesel,Manual,First,14.95,2489,7,6.15,Mahindra,Xylo D4
Ahmedabad,2014,Diesel,Manual,First,12.99,2494,7,11.25,Toyota,Innova 2.5 G (Diesel) 7 Seater
Pune,2018,Petrol,Automatic,First,19.16,2494,5,32.0,Toyota,Camry 2.5 Hybrid
Coimbatore,2018,Diesel,Automatic,First,13.22,2967,5,45.62,Audi,Q5 3.0 TDI Quattro
Kochi,2017,Diesel,Manual,First,28.4,1248,5,6.24,Maruti,Swift VDI
Chennai,2015,Diesel,Manual,First,20.77,1248,7,4.8,Maruti,Ertiga VDI Limited Edition
Chennai,2014,Petrol,Manual,Second,16.1,1197,5,4.5,Maruti,Swift VXi BSIV
Kochi,2015,Petrol,Manual,First,20.36,1197,5,3.87,Hyundai,i10 Sportz
Delhi,2013,Petrol,Manual,First,20.36,1197,5,2.75,Hyundai,i10 Sportz
Kochi,2018,Petrol,Manual,First,21.4,1197,5,6.57,Maruti,Baleno Sigma 1.2
Jaipur,2010,Petrol,Manual,First,16.36,1495,5,2.0,Hyundai,Accent Executive
Ahmedabad,2012,Petrol,Manual,First,19.4,1198,5,3.65,Honda,Brio S MT
Hyderabad,2016,Diesel,Manual,First,22.9,1248,5,6.95,Maruti,Swift ZDi
Bangalore,2014,Petrol,Manual,First,20.14,1197,5,5.5,Hyundai,Xcent 1.2 VTVT S
Kolkata,2013,Diesel,Manual,First,16.0,2179,7,7.0,Mahindra,XUV500 W8 2WD
Delhi,2014,Diesel,Automatic,First,13.0,2143,5,24.0,Mercedes-Benz,E-Class E250 CDI Avantgrade
Bangalore,2010,Diesel,Automatic,Second,0.0,2179,5,11.0,Land,Rover Freelander 2 TD4 S
Bangalore,2016,Diesel,Automatic,First,19.27,2143,5,32.5,Mercedes-Benz,New C-Class C 220 CDI Avantgarde
Kochi,2015,Diesel,Manual,First,21.27,1396,5,6.45,Hyundai,i20 Asta 1.4 CRDi
Mumbai,2015,Diesel,Automatic,First,19.3,1968,5,15.75,Skoda,Octavia Elegance 2.0 TDI AT
Mumbai,2014,Petrol,Manual,First,17.0,1497,5,5.5,Honda,City 1.5 S MT
Kochi,2015,Diesel,Automatic,First,12.55,2982,7,19.03,Toyota,Fortuner 4x2 AT
Kolkata,2013,Diesel,Automatic,First,17.32,1968,5,15.25,Audi,Q3 2.0 TDI Quattro
Hyderabad,2012,Petrol,Manual,First,20.92,998,5,2.4,Maruti,Alto K10 2010-2014 VXI
Chennai,2011,Diesel,Manual,First,23.03,1396,5,2.3,Tata,Indigo eCS LX BSIV
Kochi,2014,Diesel,Automatic,First,17.11,1968,5,14.35,Audi,A4 2.0 TDI 177 Bhp Premium Plus
Mumbai,2018,CNG,Manual,First,33.44,796,4,3.5,Maruti,Alto 800 2016-2019 CNG LXI
Kochi,2018,Petrol,Automatic,First,18.0,1497,5,11.97,Honda,City i-VTEC CVT VX
Jaipur,2009,Petrol,Manual,Second,0.0,999,5,1.6,Hyundai,Santro GLS I - Euro II
Ahmedabad,2015,Diesel,Manual,First,14.24,2755,7,18.9,Toyota,Fortuner 2.8 2WD MT
Ahmedabad,2017,Petrol,Manual,First,18.9,1197,5,5.4,Hyundai,Grand i10 Sportz
Hyderabad,2015,Petrol,Manual,First,15.1,1196,7,2.95,Maruti,Eeco 7 Seater Standard
Bangalore,2013,Petrol,Manual,First,16.47,1198,5,5.1,Volkswagen,Polo Petrol Highline 1.2L
Jaipur,2006,Petrol,Manual,First,18.9,1061,5,1.5,Maruti,Wagon R LXI Minor
Bangalore,2011,Petrol,Manual,First,17.0,1497,5,4.9,Honda,City 1.5 V MT
Mumbai,2010,Petrol,Manual,First,14.8,1799,5,2.9,Honda,Civic 2010-2013 1.8 S MT
Pune,2005,Petrol,Manual,First,13.0,1493,5,1.15,Honda,City 1.5 EXI
Kolkata,2010,Petrol,Manual,First,18.5,1197,5,2.3,Hyundai,i20 1.2 Magna
Kochi,2018,Diesel,Manual,First,24.0,1120,5,5.99,Hyundai,Grand i10 CRDi Sportz Celebration Edition
Pune,2011,Petrol,Automatic,Third,14.4,1598,5,3.4,Volkswagen,Vento Petrol Highline AT
Kolkata,2009,Petrol,Manual,First,20.36,1197,5,1.7,Hyundai,i10 Sportz 1.2
Kolkata,2009,Petrol,Manual,First,17.0,1197,5,1.99,Hyundai,i20 Asta
Pune,2012,Petrol,Manual,First,18.6,1199,5,2.5,Chevrolet,Beat LS
Hyderabad,2013,Diesel,Manual,First,22.07,1199,5,4.85,Volkswagen,Polo Diesel Highline 1.2L
Hyderabad,2010,Petrol,Manual,First,15.6,1196,5,2.65,Ford,Figo Petrol LXI
Kochi,2014,Petrol,Automatic,First,9.9,1984,2,27.35,Audi,TT 2.0 TFSI
Jaipur,2015,Diesel,Manual,Second,25.1,1498,5,6.9,Honda,City i DTEC VX
Hyderabad,2013,Diesel,Manual,First,20.0,1399,5,3.5,Ford,Figo Diesel Titanium
Delhi,2015,Diesel,Manual,First,12.99,2494,7,12.5,Toyota,Innova 2.5 ZX Diesel 7 Seater
Delhi,2017,Petrol,Automatic,First,19.12,1373,5,9.2,Maruti,Ciaz 1.4 AT Alpha
Mumbai,2015,Petrol,Automatic,First,18.9,1197,5,4.9,Hyundai,Grand i10 AT Asta
Kochi,2014,Petrol,Manual,First,18.88,999,5,5.55,Ford,EcoSport 1.0 Ecoboost Titanium Plus BE
Ahmedabad,2014,Petrol,Automatic,First,14.7,1798,5,13.5,Skoda,Octavia Ambition 1.8 TSI AT
Kolkata,2010,Diesel,Manual,First,20.4,1248,5,2.6,Fiat,Linea Emotion (Diesel)
Jaipur,2015,Petrol,Manual,First,16.1,1298,5,4.5,Maruti,Swift Lxi BSIII
Delhi,2013,Diesel,Automatic,Second,11.8,2993,7,34.0,Land,Rover Discovery 4 TDV6 SE
Hyderabad,2012,Diesel,Manual,First,12.8,2494,7,12.0,Toyota,Innova 2.5 V Diesel 7-seater
Mumbai,2015,Diesel,Manual,First,28.4,1248,5,5.25,Maruti,Swift LDI
Kochi,2014,Diesel,Automatic,First,17.68,1968,5,21.56,Audi,A6 2011-2015 2.0 TDI Premium Plus
Coimbatore,2012,Diesel,Automatic,First,22.48,1995,5,24.68,BMW,5 Series 520d Luxury Line
Delhi,2013,Petrol,Manual,First,18.5,1197,5,3.67,Hyundai,i20 Magna Optional 1.2
Mumbai,2016,Diesel,Automatic,First,17.05,1995,5,29.5,BMW,X1 M Sport sDrive 20d
Delhi,2012,Petrol,Manual,First,17.6,1496,5,3.1,Toyota,Etios G
Ahmedabad,2015,Diesel,Manual,First,17.0,1405,5,2.9,Tata,Indigo LX
Bangalore,2014,Diesel,Automatic,Second,0.0,2987,5,43.0,Mercedes-Benz,M-Class ML 350 4Matic
Mumbai,2009,Petrol,Automatic,First,10.98,1984,4,15.95,Volkswagen,Beetle 2.0
Hyderabad,2011,Diesel,Manual,First,19.7,1598,5,4.5,Volkswagen,Polo GT TDI
Delhi,2014,Diesel,Manual,First,24.0,1120,5,3.49,Hyundai,Grand i10 CRDi Magna
Delhi,2014,Diesel,Manual,First,25.2,1248,5,4.25,Maruti,Swift VDI BSIV
Chennai,2008,Diesel,Manual,Second,24.0,1396,5,1.9,Hyundai,Verna CRDi 1.4 E
Mumbai,2011,Diesel,Automatic,First,16.73,1995,5,16.57,BMW,5 Series 2003-2012 525d
Bangalore,2012,Petrol,Manual,First,17.0,1497,5,5.75,Honda,City 1.5 S MT
Delhi,2013,Diesel,Automatic,Second,16.55,1968,5,14.0,Audi,A4 2.0 TDI
Jaipur,2013,Diesel,Manual,Second,19.5,1248,5,2.5,Fiat,Linea Classic Plus 1.3 Multijet
Ahmedabad,2002,Petrol,Manual,First,13.0,1343,5,1.2,Honda,City 1.3 EXI
Pune,2005,Petrol,Manual,Second,15.5,1242,5,0.85,Fiat,Petra 1.2 EL
Kochi,2013,Diesel,Automatic,First,22.69,1995,5,13.95,BMW,3 Series 320d Luxury Line
Chennai,2007,Petrol,Manual,First,16.6,1388,5,1.6,Ford,Fiesta 1.4 Duratec EXI
Coimbatore,2016,Petrol,Automatic,First,21.9,624,4,3.6,Tata,Nano XTA
Mumbai,2018,CNG,Manual,First,15.1,1196,5,4.5,Maruti,Eeco 5 STR With AC Plus HTR CNG
Coimbatore,2019,Petrol,Manual,First,20.89,1197,5,6.06,Maruti,Ignis 1.2 Delta
Coimbatore,2013,Petrol,Manual,Second,17.5,1298,5,5.29,Maruti,Swift Dzire ZXi
Jaipur,2014,Diesel,Manual,First,22.7,1498,5,5.75,Ford,Ecosport 1.5 DV5 MT Titanium
Coimbatore,2014,Petrol,Manual,First,19.1,1197,5,5.72,Maruti,Swift Dzire VXI
Kochi,2014,Petrol,Automatic,First,16.95,1197,5,4.39,Hyundai,i10 Sportz AT
Coimbatore,2016,Diesel,Manual,First,15.1,2179,7,11.05,Mahindra,XUV500 W6 2WD
Delhi,2015,Diesel,Manual,Second,22.54,1396,5,4.83,Hyundai,i20 Magna 1.4 CRDi
Pune,2013,CNG,Manual,First,33.54,998,5,2.96,Maruti,Wagon R CNG LXI
Chennai,2012,Diesel,Manual,Second,21.27,1396,5,4.5,Hyundai,i20 Asta 1.4 CRDi
Mumbai,2011,Diesel,Automatic,Second,16.46,2993,5,19.5,BMW,7 Series 730Ld
Mumbai,2017,Petrol,Automatic,First,14.3,1598,5,8.75,Skoda,Rapid 1.6 MPI AT Style Plus
Mumbai,2016,Diesel,Automatic,First,14.75,2967,7,67.0,Audi,Q7 45 TDI Quattro Technology
Kochi,2016,Petrol,Manual,First,17.4,1497,5,8.4,Honda,City i VTEC VX
Mumbai,2016,Petrol,Manual,First,19.1,1197,5,4.99,Hyundai,Xcent 1.2 Kappa SX
Coimbatore,2016,Diesel,Manual,First,26.0,1498,5,8.18,Honda,City i DTec E
Pune,2012,Petrol,Manual,First,18.4,1198,5,2.9,Honda,Brio S Option MT
Jaipur,2015,Diesel,Manual,First,28.09,1248,5,7.1,Maruti,Ciaz ZDi Plus SHVS
Pune,2016,Diesel,Manual,First,26.59,1248,5,7.05,Maruti,Swift Dzire VDI Optional
Pune,2015,Petrol,Automatic,First,11.1,2354,5,17.5,Honda,CR-V 2.4L 4WD AT
Mumbai,2008,Petrol,Automatic,Second,14.53,1794,5,3.41,Toyota,Corolla Altis 2008-2013 1.8 VL AT
Pune,2005,Petrol,Manual,First,0.0,1590,5,1.3,Maruti,Baleno Vxi
Coimbatore,2012,Petrol,Manual,First,17.0,1497,5,5.68,Honda,City 1.5 V MT
Delhi,2011,Petrol,Manual,First,13.4,1798,5,4.0,Skoda,Laura 1.8 TSI Ambiente
Hyderabad,2015,Diesel,Automatic,First,18.88,1995,5,30.0,BMW,3 Series 320d Sport Line
Chennai,2007,Petrol,Manual,First,15.0,1586,5,1.8,Maruti,SX4 Zxi BSIII
Kochi,2015,Petrol,Manual,First,20.73,1373,5,6.93,Maruti,Ciaz VXi Plus
Bangalore,2012,Diesel,Automatic,First,10.2,4367,7,70.0,Land,Rover Range Rover 3.6 TDV8 Vogue SE Diesel
Ahmedabad,2013,Diesel,Manual,First,12.99,2494,7,7.9,Toyota,Innova 2.5 G (Diesel) 7 Seater BS IV
Kochi,2011,Petrol,Manual,First,0.0,1086,5,2.78,Hyundai,Santro Xing GL
Chennai,2014,Diesel,Automatic,First,13.01,2199,7,14.4,Hyundai,Santa Fe 4WD AT
Mumbai,2011,Petrol,Automatic,Second,11.74,1796,5,13.5,Mercedes-Benz,New C-Class C250 Avantgarde
Mumbai,2014,CNG,Manual,Second,26.6,998,5,3.15,Maruti,Wagon R LXI CNG
Coimbatore,2012,Petrol,Manual,First,19.7,796,5,2.88,Maruti,Alto LXi
Kolkata,2016,Petrol,Manual,First,24.7,796,5,2.15,Maruti,Alto 800 2016-2019 LXI
Pune,2013,Petrol,Manual,First,16.95,1498,5,3.75,Nissan,Sunny 2011-2014 XV
Mumbai,2019,Petrol,Manual,First,24.7,796,5,3.6,Maruti,Alto 800 2016-2019 VXI
Kolkata,2018,Petrol,Manual,First,24.07,998,5,3.6,Maruti,Alto K10 VXI
Coimbatore,2018,Petrol,Automatic,First,18.9,1197,5,7.55,Hyundai,Grand i10 1.2 Kappa Sportz AT
Kolkata,2015,Diesel,Manual,First,24.2,1498,7,4.7,Honda,Mobilio S i DTEC
Jaipur,2010,Diesel,Manual,Second,18.8,1248,5,1.6,Tata,Manza Aqua Quadrajet
Pune,2011,Diesel,Manual,First,16.52,1991,5,3.34,Chevrolet,Optra Magnum 2.0 LT
Kochi,2016,Petrol,Automatic,First,18.0,1497,5,9.1,Honda,City i VTEC CVT VX
Kochi,2019,Petrol,Manual,First,18.9,1197,5,6.17,Hyundai,Grand i10 1.2 Kappa Sportz
Hyderabad,2008,Diesel,Manual,First,22.0,1582,5,2.5,Hyundai,Verna CRDi 1.6 SX
Kolkata,2016,Petrol,Manual,First,18.44,1198,5,3.0,Nissan,Micra XL
Jaipur,2012,Diesel,Manual,First,22.32,1582,5,5.75,Hyundai,Verna 1.6 SX
Bangalore,2017,Petrol,Manual,First,15.29,1591,5,10.75,Hyundai,Creta 1.6 VTVT E Plus
Jaipur,2013,Petrol,Manual,Second,20.51,998,5,2.85,Maruti,Wagon R VXI BS IV
Chennai,2008,Petrol,Automatic,First,10.2,2354,5,6.5,Honda,Accord 2.4 Elegance A/T
Bangalore,2016,Petrol,Automatic,First,16.8,1497,5,9.45,Honda,City 1.5 S AT
Delhi,2016,Diesel,Manual,First,27.39,1248,5,6.75,Maruti,Baleno Alpha 1.3
Coimbatore,2017,Diesel,Manual,First,26.0,1498,5,7.75,Honda,City i DTec V
Kochi,2014,Diesel,Manual,First,22.54,1396,5,4.4,Hyundai,i20 Era 1.4 CRDi
Jaipur,2015,Diesel,Automatic,First,13.0,2987,5,42.0,Mercedes-Benz,E-Class 2015-2017 E350 Edition E
Kochi,2014,Diesel,Manual,First,19.01,1461,5,5.67,Nissan,Terrano XV 110 PS
Bangalore,2016,Diesel,Automatic,First,19.6,1461,5,11.5,Renault,Duster 110PS Diesel RxZ AMT
Pune,2009,Petrol,Manual,First,18.9,998,5,1.69,Maruti,Wagon R LXI Minor
Jaipur,2009,Diesel,Manual,Second,17.1,1493,5,1.8,Hyundai,Getz 1.5 CRDi GVS
Mumbai,2016,Petrol,Manual,First,18.5,1197,5,3.2,Maruti,Ritz LXi
Kochi,2019,Diesel,Automatic,First,22.48,1995,5,45.86,BMW,5 Series 520d Sport Line
Hyderabad,2016,Petrol,Manual,First,16.47,1198,5,5.1,Volkswagen,Polo 1.2 MPI Highline
Pune,2013,Diesel,Manual,First,17.8,1248,5,4.85,Maruti,Swift VDI BSIV
Mumbai,2010,Petrol,Manual,Second,15.6,1196,5,2.4,Ford,Figo Petrol ZXI
Hyderabad,2013,Diesel,Automatic,First,18.88,1995,5,22.0,BMW,3 Series 320d Luxury Line
Delhi,2012,Diesel,Manual,First,22.32,1582,5,4.28,Hyundai,Verna 1.6 SX CRDi (O)
Coimbatore,2015,Diesel,Manual,First,20.45,1461,5,5.67,Renault,Duster 85PS Diesel RxL
Bangalore,2018,Petrol,Automatic,First,18.9,1197,5,6.2,Hyundai,Grand i10 1.2 Kappa Magna AT
Bangalore,2013,Diesel,Automatic,Second,17.05,1995,5,14.49,BMW,X1 sDrive20d
Pune,2010,Diesel,Manual,First,21.1,1248,5,3.0,Maruti,Ritz VDi
Jaipur,2010,Petrol,Manual,Second,19.81,1086,5,2.25,Hyundai,i10 Era 1.1 iTech SE
Kochi,2016,Diesel,Automatic,First,15.97,2993,7,43.78,BMW,X5 2014-2019 xDrive 30d Design Pure Experience 7 Seater
Kochi,2019,Petrol,Manual,First,16.8,1497,5,11.45,Honda,City V MT Exclusive
Delhi,2014,Diesel,Automatic,First,11.18,2696,7,10.5,Mahindra,Ssangyong Rexton RX7
Coimbatore,2015,Diesel,Manual,First,22.7,1498,5,7.48,Ford,Ecosport 1.5 DV5 MT Titanium Optional
Coimbatore,2010,Petrol,Manual,First,19.7,796,5,3.1,Maruti,Alto LXi
Mumbai,2011,Petrol,Manual,First,16.47,1198,5,2.55,Volkswagen,Polo 1.2 MPI Highline
Jaipur,2013,Diesel,Manual,First,22.07,1199,5,3.5,Volkswagen,Polo Diesel Comfortline 1.2L
Kolkata,2012,Diesel,Manual,First,22.07,1199,5,2.59,Volkswagen,Polo Diesel Highline 1.2L
Kolkata,2013,Diesel,Manual,First,20.77,1248,7,5.45,Maruti,Ertiga ZDI
Kolkata,2017,Diesel,Manual,First,22.77,1498,5,6.0,Ford,EcoSport 1.5 TDCi Ambiente
Kolkata,2016,Diesel,Automatic,First,11.36,2755,7,15.49,Toyota,Innova Crysta 2.8 ZX AT
Mumbai,2010,Petrol,Automatic,Second,10.8,2497,5,12.5,BMW,5 Series 523i Sedan
Kolkata,2017,Diesel,Manual,First,23.4,1248,5,4.75,Maruti,Swift Dzire Tour LDI
Mumbai,2017,Petrol,Manual,First,18.88,999,5,7.85,Ford,Ecosport 1.0 Ecoboost Platinum Edition
Ahmedabad,2013,Diesel,Manual,First,16.8,1493,5,6.0,Hyundai,Verna CRDi SX
Mumbai,2016,Petrol,Manual,First,17.57,1193,5,4.0,Tata,Zest Revotron 1.2T XM
Mumbai,2011,Diesel,Automatic,First,14.4,2967,5,28.75,Audi,A7 2011-2015 3.0 TDI Quattro
Pune,2012,Diesel,Manual,First,22.3,1248,5,2.5,Tata,Indica Vista Quadrajet VX
Delhi,2015,Diesel,Manual,First,26.59,1248,5,5.5,Maruti,Swift Dzire VDI
Kolkata,2010,Petrol,Manual,First,16.0,1368,5,1.59,Fiat,Linea Emotion
Mumbai,2017,Petrol,Manual,First,18.6,1197,5,6.22,Hyundai,i20 1.2 Spotz
Kolkata,2016,Petrol,Manual,First,21.1,814,5,2.75,Hyundai,EON Era Plus
Chennai,2007,Petrol,Manual,Second,0.0,1086,5,1.35,Hyundai,Santro Xing XL
Pune,2017,Diesel,Automatic,First,17.9,2143,5,25.0,Mercedes-Benz,GLA Class 200 CDI SPORT
Delhi,2014,Petrol,Manual,First,23.1,998,5,2.8,Maruti,Celerio VXI
Mumbai,2014,Petrol,Manual,Second,17.8,1199,5,2.45,Chevrolet,Beat LT
Pune,2016,Petrol,Automatic,First,19.0,1199,5,6.35,Honda,Jazz 1.2 V AT i VTEC Privilege
Mumbai,2009,Diesel,Automatic,Third,16.07,1995,5,8.0,BMW,3 Series 320d Highline
Bangalore,2014,Diesel,Manual,First,19.01,1461,5,8.25,Renault,Duster 110PS Diesel RxL
Mumbai,2017,Petrol,Automatic,First,17.01,1499,5,5.95,Ford,Figo 2015-2019 1.5P Titanium AT
Kochi,2018,Diesel,Manual,First,13.68,2393,7,19.92,Toyota,Innova Crysta 2.4 VX MT
Kochi,2016,Diesel,Manual,First,25.44,936,5,3.15,Chevrolet,Beat Diesel LS
Chennai,2014,Petrol,Automatic,First,17.21,1798,4,5.75,Volkswagen,Polo GTI
Kochi,2018,Diesel,Automatic,First,10.91,3198,7,32.44,Ford,Endeavour 3.2 Trend AT 4X4
Kochi,2016,Diesel,Automatic,Second,22.32,1582,5,8.01,Hyundai,Verna 1.6 SX CRDI (O) AT
Coimbatore,2017,Petrol,Manual,First,18.16,1196,5,6.48,Ford,Figo 2015-2019 1.2P Titanium Opt MT
Jaipur,2007,Petrol,Manual,First,16.1,796,4,0.75,Maruti,800 AC
Kolkata,2014,Diesel,Manual,First,26.0,1498,5,5.0,Honda,City i DTEC V
Mumbai,2012,Diesel,Manual,First,16.0,2179,7,7.75,Mahindra,XUV500 W8 2WD
Chennai,2010,Diesel,Manual,First,20.0,1399,5,2.6,Ford,Figo Diesel ZXI
Pune,2018,Petrol,Manual,First,17.0,1497,5,9.2,Ford,EcoSport 1.5 Petrol Titanium
Mumbai,2015,Petrol,Manual,First,18.6,1197,5,5.05,Hyundai,i20 Asta 1.2
Hyderabad,2012,Diesel,Manual,First,12.99,2494,7,9.6,Toyota,Innova 2.5 G (Diesel) 7 Seater BS IV
Mumbai,2013,Diesel,Manual,First,20.46,1461,5,5.5,Renault,Duster 85PS Diesel RxL Optional
Mumbai,2013,Diesel,Manual,First,12.99,2494,8,9.35,Toyota,Innova 2.5 VX (Diesel) 8 Seater
Delhi,2009,Petrol,Manual,First,17.0,1497,5,2.6,Honda,City 1.5 S MT
Hyderabad,2016,Petrol,Manual,First,24.07,998,5,3.5,Maruti,Alto K10 VXI
Kochi,2016,Petrol,Manual,First,19.49,1198,5,4.26,Nissan,Micra Active XL Petrol
Chennai,2016,Petrol,Automatic,Second,23.1,998,5,4.25,Maruti,Celerio VXI AT
Hyderabad,2010,Petrol,Manual,Second,11.7,1796,5,11.75,Mercedes-Benz,New C-Class 200 Kompressor
Chennai,2013,Diesel,Manual,First,23.5,1498,5,3.5,Ford,Fiesta Diesel Style
Jaipur,2015,Petrol,Manual,First,17.01,1591,5,7.5,Hyundai,Verna 1.6 VTVT S
Chennai,2009,Petrol,Automatic,Third,15.0,1396,5,3.25,Hyundai,i20 1.4 Asta (AT)
Chennai,2012,Petrol,Manual,First,17.5,1298,5,4.9,Maruti,Swift Dzire VXi
Hyderabad,2014,Diesel,Automatic,First,14.84,2143,5,27.0,Mercedes-Benz,New C-Class C 220CDIBE Avantgarde Command
Kochi,2017,Petrol,Manual,First,18.6,1197,5,8.91,Hyundai,Elite i20 Petrol Asta
Kochi,2014,Petrol,Automatic,First,17.01,1591,5,6.69,Hyundai,Verna 1.6 VTVT EX AT
Kochi,2014,Diesel,Manual,First,17.3,1998,5,6.02,Chevrolet,Cruze LTZ
Mumbai,2010,Petrol,Manual,First,14.28,1798,5,4.5,Toyota,Corolla Altis 1.8 G
Pune,2011,Petrol,Manual,First,19.0,998,5,2.0,Maruti,A-Star Vxi
Kolkata,2012,Diesel,Manual,First,23.08,1461,5,2.4,Nissan,Micra Diesel XV Premium
Pune,2013,Petrol,Manual,First,25.4,624,4,1.2,Tata,Nano LX
Delhi,2014,Diesel,Manual,First,23.4,1248,5,2.9,Maruti,Swift Dzire Tour LDI
Ahmedabad,2016,Diesel,Automatic,First,17.32,1968,5,27.0,Audi,Q3 2.0 TDI Quattro
Chennai,2016,Diesel,Manual,First,25.8,1498,5,7.5,Honda,Amaze VX i-DTEC
Mumbai,2004,Petrol,Manual,First,14.7,1599,5,1.5,Chevrolet,Optra 1.6 LS
Hyderabad,2016,Diesel,Automatic,First,14.16,1968,5,39.5,Audi,Q5 2.0 TDI Premium Plus
Hyderabad,2012,Diesel,Manual,First,23.2,1248,5,3.39,Maruti,Ritz VDi
Kochi,2018,Diesel,Manual,First,15.4,2179,7,12.4,Mahindra,Scorpio S6 7 Seater
Chennai,2014,Diesel,Manual,First,28.09,1248,5,6.85,Maruti,Ciaz ZDi SHVS
Pune,2011,Diesel,Manual,Second,21.43,1364,5,5.75,Toyota,Corolla Altis Aero D 4D J
Chennai,2015,Diesel,Manual,Second,25.0,1396,5,2.0,Tata,Indica V2 eLS
Jaipur,2006,Petrol,Manual,First,16.1,796,4,0.9,Maruti,800 Std BSIII
Kolkata,2015,Petrol,Manual,First,16.47,1198,5,3.8,Volkswagen,Polo 1.2 MPI Highline
Delhi,2017,Petrol,Automatic,First,14.62,1999,5,16.35,Hyundai,Elantra 2.0 SX Option AT
Hyderabad,2012,Diesel,Automatic,First,11.5,2982,7,16.5,Toyota,Fortuner 4x2 4 Speed AT
Coimbatore,2019,Petrol,Manual,First,21.4,1197,5,8.7,Maruti,Baleno Zeta 1.2
Mumbai,2016,Petrol,Manual,First,21.4,1197,5,6.1,Maruti,Baleno Zeta 1.2
Hyderabad,2013,Diesel,Automatic,First,23.8,1998,5,21.94,Mini,Cooper Countryman D
Chennai,2009,Diesel,Automatic,Second,13.0,2987,5,22.0,Mercedes-Benz,S Class 2005 2013 320 CDI
Delhi,2015,Petrol,Manual,First,20.92,998,5,2.65,Maruti,Alto K10 LXI
Kochi,2017,Petrol,Manual,First,20.4,1197,5,5.27,Maruti,Swift VXI Optional
Kolkata,2014,Diesel,Manual,First,22.1,1248,5,2.48,Chevrolet,Sail LT ABS
Kolkata,2011,Diesel,Manual,First,12.8,2494,8,6.0,Toyota,Innova 2.5 G (Diesel) 8 Seater BS IV
Mumbai,2009,Diesel,Manual,First,11.5,2982,7,8.9,Toyota,Fortuner 3.0 Diesel
Hyderabad,2012,Diesel,Automatic,Second,18.88,1995,5,18.0,BMW,3 Series 320d Sport Line
Coimbatore,2016,Petrol,Manual,First,16.8,1395,5,11.64,Skoda,Octavia Ambition 1.4 TSI MT
Kolkata,2019,Diesel,Manual,First,11.5,2982,7,8.99,Toyota,Fortuner 3.0 Diesel
Bangalore,2009,Diesel,Automatic,First,15.5,1896,5,5.25,Volkswagen,Jetta 2007-2011 1.9 Highline TDI
Kolkata,2011,Diesel,Manual,First,23.0,1396,5,2.95,Hyundai,i20 1.4 CRDi Asta
Mumbai,2013,Diesel,Manual,Second,21.02,1248,5,2.65,Tata,Manza Club Class Quadrajet90 LX
Pune,2013,Petrol,Manual,First,15.04,1598,5,4.0,Volkswagen,Vento Petrol Highline
Chennai,2016,Diesel,Automatic,First,17.6,1582,5,12.5,Hyundai,Creta 1.6 SX Automatic Diesel
Mumbai,2014,Petrol,Manual,First,21.1,1197,5,3.25,Maruti,Ritz VXI
Delhi,2008,Petrol,Manual,First,13.1,1997,5,4.0,Honda,CR-V 2.0L 2WD MT
Delhi,2012,Diesel,Manual,Second,15.1,2179,7,6.25,Mahindra,XUV500 W8 2WD
Jaipur,2016,Diesel,Manual,First,21.66,1498,5,5.8,Volkswagen,Ameo 1.5 TDI Comfortline
Kolkata,2015,Petrol,Manual,First,17.57,1193,5,5.0,Tata,Zest Revotron 1.2 XT
Kochi,2016,Diesel,Automatic,First,12.9,2993,5,58.73,Jaguar,XJ 3.0L Portfolio LWB
Kochi,2018,Petrol,Automatic,First,14.28,1798,5,17.49,Toyota,Corolla Altis 1.8 VL CVT
Pune,2011,Petrol,Manual,Second,19.0,998,5,1.95,Maruti,A-Star Vxi
Mumbai,2007,Petrol,Automatic,First,11.1,2354,5,3.0,Honda,Accord VTi-L (AT)
Delhi,2014,Petrol,Manual,First,17.0,1197,5,5.5,Hyundai,i20 Asta (o)
Delhi,2013,Diesel,Automatic,First,12.55,2982,7,16.5,Toyota,Fortuner 4x2 AT
Mumbai,2011,Petrol,Automatic,Second,11.74,1796,5,14.5,Mercedes-Benz,New C-Class C 200 CGI Avantgarde
Hyderabad,2016,Diesel,Manual,First,27.39,1248,5,7.79,Maruti,Baleno Alpha 1.3
Kochi,2017,Diesel,Manual,First,20.77,1248,7,8.27,Maruti,Ertiga VDI
Kochi,2019,Diesel,Automatic,First,12.65,2993,5,97.07,Land,Rover Range Rover Sport SE
Mumbai,2012,Petrol,Manual,First,12.9,1598,5,2.15,Chevrolet,Optra Magnum 1.6 LT ABS BS3
Hyderabad,2008,Petrol,Automatic,Second,12.9,1799,5,3.0,Honda,Civic 2006-2010 1.8 V AT
Coimbatore,2014,Diesel,Automatic,First,16.09,1995,5,28.79,BMW,X3 xDrive20d
Mumbai,2011,Diesel,Automatic,First,20.0,1968,5,5.45,Skoda,Laura Ambition 2.0 TDI CR AT
Delhi,2013,Diesel,Manual,First,23.4,1248,5,3.95,Maruti,Swift Dzire VDI
Pune,2013,Diesel,Automatic,First,23.3,1984,5,16.0,Volvo,V40 Cross Country D3
Delhi,2013,Petrol,Manual,First,17.5,1298,5,4.25,Maruti,Swift Dzire ZXi
Bangalore,2014,Diesel,Automatic,First,12.7,2179,5,34.5,Land,Rover Range Rover 2.2L Pure
Mumbai,2008,Petrol,Automatic,Third,11.7,2354,5,2.6,Honda,Accord 2.4 AT
Kochi,2017,Diesel,Manual,First,12.99,2494,8,13.48,Toyota,Innova 2.5 G (Diesel) 8 Seater
Hyderabad,2018,Diesel,Manual,First,12.55,2982,7,32.1,Toyota,Fortuner 4x4 MT
Kochi,2018,Petrol,Manual,First,18.7,1199,5,6.17,Honda,Jazz 1.2 E i VTEC
Kolkata,2015,Petrol,Manual,First,17.0,1497,5,5.5,Honda,City 1.5 V MT
Hyderabad,2017,Diesel,Automatic,First,28.4,1248,5,9.15,Maruti,Dzire AMT ZDI Plus
Pune,2014,Diesel,Manual,First,21.64,1461,5,4.5,Nissan,Sunny 2011-2014 Diesel XL
Chennai,2014,Diesel,Manual,First,12.99,2494,8,10.5,Toyota,Innova 2.5 G (Diesel) 8 Seater
Coimbatore,2016,Petrol,Manual,First,19.4,1198,5,5.37,Honda,Brio S MT
Bangalore,2012,Petrol,Manual,First,15.04,1598,5,5.45,Volkswagen,Vento Petrol Trendline
Mumbai,2016,Diesel,Manual,First,16.0,2179,7,9.25,Mahindra,XUV500 W4
Chennai,2016,Diesel,Manual,First,23.0,1498,5,7.7,Ford,EcoSport 1.5 Diesel Titanium Plus
Hyderabad,2012,Diesel,Manual,First,17.72,1968,5,7.99,Skoda,Yeti Ambition 4X2
Chennai,2012,Petrol,Manual,First,20.36,1197,5,3.0,Hyundai,i10 Sportz
Hyderabad,2005,Diesel,Manual,First,12.8,2494,8,4.0,Toyota,Innova 2.5 G (Diesel) 8 Seater BS IV
Coimbatore,2018,Diesel,Manual,First,20.65,1248,5,6.69,Tata,Zest Quadrajet 1.3 XT
Delhi,2014,Diesel,Manual,First,22.9,1248,5,4.25,Maruti,Swift VDI
Kolkata,2017,Diesel,Automatic,First,21.72,1498,5,10.5,Skoda,Rapid 1.5 TDI AT Style
Coimbatore,2019,Diesel,Manual,First,13.68,2393,8,22.55,Toyota,Innova Crysta 2.4 VX MT 8S
Pune,2014,Petrol,Manual,Second,17.01,1591,5,5.2,Hyundai,Verna 1.6 SX VTVT
Coimbatore,2019,Petrol,Manual,First,17.4,1497,5,11.87,Honda,City i VTEC VX Option
Hyderabad,2014,Diesel,Manual,First,26.0,1498,5,6.99,Honda,City i DTEC SV
Jaipur,2011,Diesel,Manual,First,20.54,1598,5,5.0,Volkswagen,Vento Diesel Highline
Chennai,2014,Diesel,Automatic,First,12.19,2967,5,44.0,Audi,Q5 2008-2012 3.0 TDI
Chennai,2015,Petrol,Manual,First,22.74,796,5,2.79,Maruti,Alto 800 LXI
Pune,2012,Diesel,Manual,Second,21.12,1248,5,2.9,Tata,Manza ELAN Quadrajet BS IV
Delhi,2016,Petrol,Manual,First,15.29,1591,5,9.85,Hyundai,Creta 1.6 SX Plus Dual Tone Petrol
Bangalore,2014,Diesel,Automatic,First,12.0,2987,7,49.0,Mercedes-Benz,GL-Class 2007 2012 350 CDI Luxury
Jaipur,2016,Diesel,Manual,First,16.55,2498,6,9.25,Mahindra,Thar CRDe
Mumbai,2011,Diesel,Manual,Second,22.32,1582,5,3.75,Hyundai,Verna 1.6 CRDI
Coimbatore,2017,Diesel,Manual,First,26.1,1498,5,7.29,Ford,Aspire Titanium Diesel
Mumbai,2016,Diesel,Automatic,First,20.7,1496,4,23.5,Mini,Cooper 3 DOOR D
Hyderabad,2013,Petrol,Manual,First,14.0,796,5,2.6,Maruti,Omni 8 Seater BSIV
Pune,2015,Diesel,Manual,Second,21.03,1461,5,3.1,Mahindra,Verito 1.5 D4 BSIV
Coimbatore,2016,Diesel,Automatic,First,14.21,2143,5,29.98,Mercedes-Benz,E-Class 2009-2013 E250 CDI Elegance
Kochi,2016,Diesel,Manual,First,19.01,1461,5,6.73,Renault,Duster 110PS Diesel RxZ
Kolkata,2016,Diesel,Manual,First,23.4,1248,5,3.5,Maruti,Swift Dzire Tour LDI
Kolkata,2011,Petrol,Manual,First,16.47,1198,5,2.35,Volkswagen,Polo Petrol Highline 1.2L
Coimbatore,2017,Diesel,Manual,First,16.0,2179,7,16.13,Mahindra,XUV500 W10 2WD
Coimbatore,2014,Petrol,Manual,First,16.47,1198,5,5.9,Volkswagen,Polo 1.2 MPI Highline
Hyderabad,2012,Petrol,Manual,First,21.1,1197,5,3.9,Maruti,Ritz VXI
Pune,2005,Petrol,Manual,First,14.7,1598,5,1.5,Chevrolet,Optra 1.6 Elite
Delhi,2012,Diesel,Manual,First,12.8,2494,7,6.95,Toyota,Innova 2.5 GX 7 STR BSIV
Delhi,2015,Diesel,Manual,First,26.0,1498,5,7.0,Honda,City i DTec SV
Coimbatore,2017,Petrol,Manual,First,17.0,1198,5,7.23,Volkswagen,Ameo 1.2 MPI Highline
Mumbai,2012,Diesel,Manual,First,21.5,1248,5,3.81,Maruti,SX4 ZDI Leather
Chennai,2012,Petrol,Manual,Third,18.6,1197,5,4.5,Maruti,Swift ZXI
Pune,2017,Diesel,Manual,First,19.67,1582,5,12.6,Hyundai,Creta 1.6 CRDi SX
Bangalore,2015,Diesel,Automatic,First,12.07,2967,7,48.0,Audi,Q7 35 TDI Quattro Technology
Coimbatore,2010,Petrol,Manual,First,19.7,796,5,2.96,Maruti,Alto LXi BSIII
Kolkata,2014,Diesel,Manual,First,25.8,1498,5,3.25,Honda,Amaze SX i-DTEC
Chennai,2011,Diesel,Automatic,Second,18.33,1968,5,8.5,Volkswagen,Passat Diesel Highline 2.0 TDI
Mumbai,2013,Diesel,Automatic,First,19.5,1582,5,8.75,Hyundai,Elantra CRDi SX AT
Kochi,2011,Petrol,Manual,First,18.9,998,5,3.08,Maruti,Wagon R VXI BS IV
Mumbai,2017,Diesel,Automatic,First,12.81,1999,7,41.5,Land,Rover Discovery Sport TD4 HSE 7S
Pune,2016,Petrol,Manual,First,17.8,1497,5,7.0,Honda,City i VTEC SV
Kochi,2011,Petrol,Automatic,Second,14.74,1991,5,11.5,Mercedes-Benz,New C-Class C 200 Avantgarde Edition C
Pune,2011,Petrol,Manual,First,20.51,998,5,2.6,Maruti,Wagon R LX BS IV
Kolkata,2014,Diesel,Manual,First,22.32,1582,5,4.3,Hyundai,Verna 1.6 CRDI
Mumbai,2017,CNG,Manual,First,17.5,1373,7,8.35,Maruti,Ertiga VXI CNG
Jaipur,2017,Diesel,Automatic,First,17.06,1968,5,24.9,Volkswagen,Tiguan 2.0 TDI Highline
Pune,2011,Diesel,Automatic,First,15.06,1995,5,13.75,BMW,X1 sDrive 20d Exclusive
Kolkata,2014,Diesel,Manual,First,24.0,1186,5,3.85,Hyundai,Grand i10 1.2 CRDi Sportz Option
Mumbai,2014,Diesel,Automatic,First,13.0,2143,5,23.25,Mercedes-Benz,E-Class E250 CDI Avantgrade
Chennai,2012,Diesel,Manual,First,13.6,2523,7,7.0,Mahindra,Bolero ZLX
Bangalore,2015,Petrol,Manual,First,18.9,1197,5,5.75,Hyundai,Grand i10 Asta Option
Mumbai,2008,Petrol,Manual,Second,20.36,1197,5,1.65,Hyundai,i10 Magna 1.2
Mumbai,2012,Diesel,Manual,First,19.33,1968,5,6.5,Volkswagen,Jetta 2012-2014 2.0L TDI Comfortline
Chennai,2011,Diesel,Manual,First,17.67,1968,5,7.5,Skoda,Yeti Elegance
Kochi,2019,Diesel,Automatic,First,14.75,2967,7,72.94,Audi,Q7 45 TDI Quattro Premium Plus
Chennai,2010,Diesel,Manual,Second,11.5,2982,7,11.0,Toyota,Fortuner 3.0 Diesel
Kochi,2013,Petrol,Manual,First,18.9,1061,5,3.02,Maruti,Wagon R VXI Minor ABS
Coimbatore,2013,Petrol,Manual,First,21.1,814,5,3.32,Hyundai,EON Era
Delhi,2013,Petrol,Manual,First,19.4,1198,5,3.24,Honda,Brio S MT
Kolkata,2015,Petrol,Manual,First,22.74,796,5,2.35,Maruti,Alto 800 VXI
Jaipur,2013,Diesel,Manual,First,15.96,2523,7,5.5,Mahindra,Bolero ZLX
Mumbai,2015,Petrol,Manual,First,17.8,1497,5,6.75,Honda,City i VTEC SV
Mumbai,2015,Petrol,Manual,First,15.0,1598,5,6.15,Skoda,Rapid 1.6 MPI Elegance Black Package
Pune,2016,Petrol,Manual,First,22.0,1197,5,5.45,Maruti,Swift VVT VXI
Hyderabad,2013,Petrol,Manual,Second,21.1,814,5,2.3,Hyundai,EON Magna Plus
Kochi,2015,Petrol,Manual,First,20.85,1197,5,6.21,Maruti,Swift Dzire ZXI
Coimbatore,2014,Petrol,Automatic,First,19.34,1198,5,5.21,Nissan,Micra XV CVT
Delhi,2008,Petrol,Automatic,First,8.3,4134,7,11.99,Audi,Q7 4.2 FSI quattro
Pune,2010,Diesel,Manual,First,17.8,1248,5,3.1,Maruti,Swift Vdi BSIII
Jaipur,2017,Diesel,Manual,First,13.49,2179,5,7.5,Tata,Xenon XT EX 4X2
Kolkata,2016,Diesel,Manual,First,20.14,1498,5,4.0,Volkswagen,Polo 1.5 TDI Comfortline
Kochi,2016,Petrol,Manual,First,17.8,1497,5,7.73,Honda,City i VTEC SV
Bangalore,2015,Petrol,Manual,First,17.4,1497,5,7.8,Honda,City i VTEC V
Hyderabad,2011,Petrol,Manual,First,16.1,796,4,1.3,Maruti,800 AC BSIII
Jaipur,2014,Diesel,Manual,First,20.14,1498,5,4.42,Volkswagen,Polo 1.5 TDI Trendline
Pune,2009,Diesel,Automatic,First,12.5,1991,7,4.0,Chevrolet,Captiva LTZ VCDi
Kolkata,2016,Diesel,Manual,First,16.0,2179,7,13.0,Mahindra,XUV500 W10 2WD
Kochi,2015,Diesel,Manual,First,25.8,1498,5,5.38,Honda,Amaze VX i-DTEC
Chennai,2011,Petrol,Manual,Second,17.0,1197,5,3.25,Hyundai,i20 1.2 Sportz Option
Jaipur,2016,Petrol,Automatic,First,20.51,998,5,3.87,Maruti,Wagon R AMT VXI
Mumbai,2014,Diesel,Automatic,Second,16.96,1968,5,8.25,Volkswagen,Jetta 2013-2015 2.0L TDI Highline AT
Mumbai,2018,Petrol,Manual,First,20.73,1373,5,9.28,Maruti,Ciaz 1.4 Zeta
Delhi,2012,Diesel,Automatic,First,11.79,2179,7,6.25,Mahindra,Scorpio 2009-2014 VLX 4WD AT 7S BSIV
Mumbai,2008,Petrol,Manual,Second,15.26,1150,5,1.15,Chevrolet,Aveo U-VA 1.2 LS
Kochi,2016,Petrol,Manual,First,20.73,1373,5,7.8,Maruti,Ciaz ZXi Option
Hyderabad,2012,Diesel,Manual,First,23.0,1396,5,4.5,Hyundai,i20 1.4 CRDi Asta
Kochi,2018,Petrol,Manual,First,18.7,1199,5,7.56,Honda,Jazz 1.2 SV i VTEC
Coimbatore,2017,Diesel,Manual,First,16.0,2179,7,16.08,Mahindra,XUV500 W10 2WD
Bangalore,2012,Petrol,Manual,First,17.0,1197,5,4.5,Hyundai,i20 1.2 Sportz
Chennai,2012,Diesel,Manual,First,22.32,1582,5,5.0,Hyundai,Verna 1.6 SX
Delhi,2011,Petrol,Manual,First,19.81,1086,5,2.2,Hyundai,i10 Era 1.1
Bangalore,2014,Petrol,Automatic,First,23.1,998,5,4.0,Maruti,Celerio VXI AT
Kolkata,2012,Diesel,Manual,First,20.86,1199,5,2.51,Skoda,Fabia 1.2 TDI Ambition
Delhi,2015,Diesel,Manual,First,25.2,1248,5,4.75,Maruti,Swift VDI BSIV
Pune,2008,Petrol,Manual,Second,16.0,1086,5,2.0,Hyundai,i10 Magna(O) with Sun Roof
Jaipur,2010,Petrol,Manual,Second,20.36,1197,5,2.1,Hyundai,i10 Magna 1.2
Mumbai,2013,Petrol,Automatic,First,16.5,1499,5,6.25,Ford,Ecosport 1.5 Ti VCT AT Titanium
Kochi,2011,Diesel,Automatic,Second,11.5,2987,5,10.6,Mercedes-Benz,E-Class 2009-2013 E350 CDI Avantgarde
Ahmedabad,2017,Diesel,Manual,First,25.2,1248,5,6.0,Maruti,Swift VDI BSIV
Jaipur,2004,Petrol,Manual,Second,16.1,796,4,0.45,Maruti,800 Std BSIII
Pune,2010,Petrol,Manual,Third,16.1,1298,5,2.5,Maruti,Swift Lxi BSIII
Mumbai,2018,Petrol,Manual,First,15.29,1591,5,12.75,Hyundai,Creta 1.6 SX Plus Dual Tone Petrol
Kochi,2017,Diesel,Automatic,First,17.05,1995,5,30.29,BMW,X1 M Sport sDrive 20d
Hyderabad,2006,Petrol,Manual,First,13.8,1299,5,1.6,Ford,Ikon 1.3 Flair
Kochi,2017,Diesel,Manual,First,22.7,1498,5,7.54,Ford,Ecosport 1.5 DV5 MT Titanium Optional
Kochi,2015,Petrol,Manual,First,20.73,1373,5,6.84,Maruti,Ciaz VXi Plus
Kolkata,2012,Diesel,Automatic,First,18.33,1968,5,6.0,Volkswagen,Passat Diesel Highline 2.0 TDI
Pune,2017,Diesel,Manual,First,27.3,1498,5,8.0,Honda,Jazz 1.5 VX i DTEC
Coimbatore,2016,Diesel,Automatic,First,17.11,1968,5,24.74,Audi,A4 35 TDI Premium
Kochi,2017,Diesel,Manual,First,24.0,1120,5,5.5,Hyundai,Grand i10 CRDi Sportz Celebration Edition
Delhi,2013,Diesel,Automatic,First,12.0,2987,7,36.0,Mercedes-Benz,GL-Class 2007 2012 350 CDI Luxury
Coimbatore,2013,Diesel,Manual,First,12.99,2494,7,11.79,Toyota,Innova 2.5 G (Diesel) 7 Seater
Jaipur,2011,Petrol,Manual,Second,16.95,1498,5,3.0,Nissan,Sunny 2011-2014 XL
Bangalore,2011,Diesel,Automatic,Second,20.0,1968,5,6.75,Skoda,Laura Ambiente 2.0 TDI CR AT
Jaipur,2006,Petrol,Manual,First,14.49,1399,5,1.4,Chevrolet,Aveo 1.4 LS
Mumbai,2014,Diesel,Manual,First,24.2,1498,7,5.75,Honda,Mobilio V i DTEC
Hyderabad,2010,Diesel,Manual,First,21.1,1248,5,3.4,Maruti,Ritz VDi
Coimbatore,2011,Petrol,Manual,Second,16.47,1198,5,4.89,Volkswagen,Polo Petrol Highline 1.2L
Mumbai,2013,Petrol,Manual,First,13.24,1598,5,4.95,Nissan,Terrano XL
Coimbatore,2013,Petrol,Automatic,Second,16.98,998,5,3.49,Maruti,A-Star AT Vxi Aktiv
Pune,2011,Diesel,Manual,First,23.59,1364,5,3.85,Toyota,Etios Liva GD
Pune,2014,Petrol,Manual,First,17.0,1497,5,6.35,Honda,City 1.5 S MT
Coimbatore,2017,Petrol,Automatic,First,18.9,1197,5,7.08,Hyundai,Grand i10 AT Asta
Hyderabad,2017,Diesel,Automatic,First,13.6,1999,5,38.0,Jaguar,XE 2.0L Diesel Prestige
Kolkata,2012,Diesel,Manual,First,12.05,2179,8,6.25,Mahindra,Scorpio VLX
Mumbai,2011,Petrol,Automatic,First,11.74,1796,5,10.15,Mercedes-Benz,New C-Class C 200 Kompressor Elegance AT
Delhi,2014,Petrol,Automatic,First,13.7,1798,5,10.75,Skoda,Superb Elegance 1.8 TSI AT
Pune,2012,Diesel,Automatic,First,18.1,1991,4,4.65,Chevrolet,Cruze LTZ AT
Delhi,2010,Diesel,Manual,First,12.05,2179,8,4.75,Mahindra,Scorpio VLX
Coimbatore,2015,Petrol,Manual,First,17.1,1591,5,7.78,Hyundai,Verna 1.6 SX VTVT (O)
Hyderabad,2016,Diesel,Manual,First,23.0,1396,5,6.75,Hyundai,i20 1.4 Asta CRDi with AVN
Hyderabad,2008,Petrol,Automatic,First,16.4,1497,5,2.99,Honda,City ZX CVT
Kolkata,2013,Petrol,Manual,First,20.36,1197,5,2.35,Hyundai,i10 Magna
Delhi,2013,Diesel,Manual,First,25.8,1498,5,3.65,Honda,Amaze S i-Dtech
Delhi,2012,Petrol,Manual,Second,22.5,998,5,2.74,Maruti,Wagon R LXI
Jaipur,2013,Petrol,Manual,First,19.4,1198,5,3.5,Honda,Brio S MT
Kochi,2014,Petrol,Manual,First,17.0,1197,5,4.76,Hyundai,i20 1.2 Sportz Option
Kochi,2016,Petrol,Manual,First,15.04,1598,5,6.2,Volkswagen,Vento 2013-2015 1.6 Comfortline
Pune,2008,Diesel,Manual,Second,18.7,1896,5,2.35,Skoda,Octavia Rider 1.9 TDI MT
Mumbai,2014,Diesel,Automatic,First,13.0,2143,5,24.5,Mercedes-Benz,E-Class 2015-2017 E250 CDI Avantgarde
Pune,2013,Petrol,Manual,First,13.24,1598,5,6.0,Renault,Duster Petrol RxL
Hyderabad,2017,Petrol,Manual,First,21.1,814,5,3.65,Hyundai,EON Sportz
Coimbatore,2016,Petrol,Manual,Second,18.6,1197,5,6.26,Maruti,Swift VXI
Jaipur,2011,Diesel,Manual,Second,19.5,1461,5,2.1,Nissan,Micra Diesel
Mumbai,2015,Diesel,Automatic,First,13.22,2967,5,32.95,Audi,Q5 3.0 TDI Quattro Technology
Coimbatore,2018,Petrol,Manual,First,18.6,1197,5,7.8,Hyundai,i20 1.2 Spotz
Bangalore,2014,Petrol,Manual,First,19.4,1198,5,4.25,Honda,Brio S MT
Kochi,2014,Petrol,Manual,First,17.5,1298,5,4.86,Maruti,Swift Dzire ZXi
Delhi,2017,Petrol,Manual,First,18.9,1197,5,4.9,Hyundai,Grand i10 1.2 Kappa Magna
Coimbatore,2014,Diesel,Manual,First,11.68,2498,8,7.06,Mahindra,Xylo E8 ABS BS IV
Delhi,2015,Petrol,Automatic,First,17.21,1798,4,4.5,Volkswagen,Polo GTI
Coimbatore,2011,Petrol,Manual,First,24.07,998,5,3.22,Maruti,Alto K10 VXI
Kolkata,2014,Diesel,Manual,First,22.07,1199,5,3.25,Volkswagen,Polo Diesel Comfortline 1.2L
Delhi,2016,Petrol,Manual,First,18.9,1197,5,4.53,Hyundai,Grand i10 Sportz
Coimbatore,2017,Diesel,Automatic,First,14.84,2143,5,34.78,Mercedes-Benz,New C-Class C 220 CDI Elegance AT
Pune,2014,Petrol,Automatic,First,15.74,1591,5,6.5,Hyundai,Verna 1.6 SX VTVT AT
Chennai,2010,Petrol,Manual,First,15.7,1172,5,2.25,Fiat,Punto EVO 1.2 Emotion
Pune,2011,Diesel,Manual,Second,12.99,2494,8,8.0,Toyota,Innova 2.5 VX (Diesel) 8 Seater BS IV
Kochi,2017,Diesel,Automatic,First,18.49,1493,7,8.37,Mahindra,TUV 300 2015-2019 mHAWK100 T8 AMT
Coimbatore,2015,Diesel,Manual,First,20.14,1498,5,5.39,Volkswagen,Polo 1.5 TDI Comfortline
Kochi,2018,Diesel,Automatic,First,22.48,1995,5,37.3,BMW,5 Series 520d Luxury Line
Coimbatore,2018,Diesel,Automatic,First,11.57,2987,5,70.8,Mercedes-Benz,GLE 350d
Mumbai,2012,Diesel,Automatic,First,11.74,2987,5,22.25,Mercedes-Benz,M-Class ML 350 CDI
Kochi,2018,Petrol,Manual,First,18.9,1197,5,6.03,Hyundai,Grand i10 1.2 Kappa Sportz
Mumbai,2011,Petrol,Automatic,First,13.7,1798,5,4.9,Skoda,Superb Elegance 1.8 TSI AT
Chennai,2013,Petrol,Automatic,First,16.95,1197,5,3.96,Hyundai,i10 Sportz AT
Hyderabad,2011,Diesel,Manual,First,23.0,1396,5,4.6,Hyundai,i20 1.4 CRDi Asta
Mumbai,2011,Diesel,Manual,Second,12.05,2179,8,5.5,Mahindra,Scorpio VLX
Mumbai,2013,Petrol,Manual,First,19.4,1198,5,3.25,Honda,Brio V MT
Jaipur,2017,Petrol,Manual,First,18.6,1197,5,6.25,Hyundai,i20 1.2 Magna Executive
Pune,2007,Diesel,Manual,Fourth & Above,10.9,2499,7,3.0,Ford,Endeavour 4x2 XLT Limited Edition
Chennai,2011,Diesel,Manual,First,16.8,1493,5,4.25,Hyundai,Verna CRDi SX
Pune,2011,Diesel,Manual,First,11.5,2982,7,12.25,Toyota,Fortuner 3.0 Diesel
Pune,2011,Diesel,Automatic,Second,17.05,1995,5,10.95,BMW,X1 sDrive20d
Delhi,2013,Diesel,Automatic,First,12.55,2982,7,16.5,Toyota,Fortuner 4x2 AT
Pune,2018,Petrol,Automatic,First,19.0,1199,5,7.8,Honda,Amaze V CVT Petrol
Kochi,2013,Petrol,Manual,First,19.81,1086,5,3.7,Hyundai,i10 Era 1.1
Hyderabad,2012,Petrol,Manual,First,17.0,1197,5,4.0,Hyundai,i20 1.2 Sportz
Mumbai,2015,Diesel,Automatic,First,19.59,1995,5,26.75,BMW,3 Series 320d GT Luxury Line
Coimbatore,2016,Diesel,Automatic,First,15.17,1968,5,28.03,Audi,Q3 35 TDI Quattro Premium Plus
Kochi,2017,Petrol,Manual,First,20.4,1197,5,5.44,Maruti,Swift VXI Optional
Delhi,2017,Petrol,Automatic,First,21.4,1197,5,6.2,Maruti,Baleno Delta Automatic
Kolkata,2005,Petrol,Manual,First,13.2,1495,5,0.9,Hyundai,Accent GLE
Mumbai,2016,Petrol,Manual,First,18.5,1197,5,3.95,Maruti,Ritz LXi
Pune,2011,Petrol,Manual,Second,26.0,624,4,0.44,Tata,Nano Lx
Ahmedabad,2012,Diesel,Manual,First,20.0,1399,5,2.75,Ford,Figo Diesel EXI
Hyderabad,2011,Diesel,Automatic,First,18.33,1968,5,7.5,Volkswagen,Passat Diesel Highline 2.0 TDI
Chennai,2010,Diesel,Manual,Second,19.0,1248,5,2.5,Fiat,Linea Emotion Pack (Diesel)
Hyderabad,2015,Diesel,Manual,First,14.95,2489,7,5.0,Mahindra,Xylo D4
Hyderabad,2013,Petrol,Manual,First,18.9,998,5,3.6,Maruti,Wagon R VXI
Kochi,2012,Petrol,Manual,First,17.6,1496,5,3.99,Toyota,Etios G Safety
Coimbatore,2015,Petrol,Manual,First,18.9,1197,5,5.64,Hyundai,Grand i10 Sportz
Pune,2014,Diesel,Manual,First,12.99,2494,8,12.0,Toyota,Innova 2.5 VX (Diesel) 8 Seater BS IV
Kolkata,2008,Diesel,Manual,First,16.8,1405,5,0.7,Tata,Indica V2 DLS TC
Mumbai,2015,Diesel,Automatic,First,18.88,1995,5,19.0,BMW,3 Series 320d Sport Line
Delhi,2017,Diesel,Automatic,First,10.91,3198,7,30.48,Ford,Endeavour 3.2 Titanium AT 4X4
Mumbai,2017,Petrol,Manual,First,21.56,1462,5,8.2,Maruti,Ciaz Zeta
Kolkata,2015,Diesel,Manual,First,25.83,1498,5,7.55,Ford,Figo 1.5D Titanium Plus MT
Pune,2007,Petrol,Manual,Third,15.26,1150,5,0.99,Chevrolet,Aveo U-VA 1.2 LS
Delhi,2011,Petrol,Automatic,First,16.8,1497,5,4.15,Honda,City 1.5 V AT
Chennai,2016,Petrol,Manual,First,16.95,1498,5,6.2,Nissan,Sunny XL
Kolkata,2016,Petrol,Manual,First,19.1,1197,5,4.4,Maruti,Swift Dzire VXI
Kolkata,2012,Diesel,Manual,First,20.0,1399,5,2.1,Ford,Figo Diesel Titanium
Jaipur,2011,Diesel,Manual,First,20.3,1248,5,2.2,Fiat,Grande Punto 1.3 Emotion (Diesel)
Coimbatore,2018,Petrol,Manual,First,18.6,1197,5,8.34,Hyundai,Elite i20 Petrol Asta
Kolkata,2014,Diesel,Manual,First,23.4,1248,5,4.35,Maruti,Swift Dzire VDI
Hyderabad,2014,Diesel,Manual,First,22.7,1498,5,6.8,Ford,Ecosport 1.5 DV5 MT Titanium
Jaipur,2010,Diesel,Manual,First,19.3,1248,5,3.3,Maruti,Swift Dzire VDi
Kochi,2016,Petrol,Manual,First,18.9,1197,5,5.04,Hyundai,Grand i10 Sportz
Hyderabad,2012,Diesel,Automatic,First,11.4,2953,7,9.2,Ford,Endeavour 3.0L 4X4 AT
Hyderabad,2014,Diesel,Manual,First,22.07,1199,5,5.7,Volkswagen,Polo Diesel Highline 1.2L
Kochi,2018,Diesel,Manual,First,18.49,1493,7,8.48,Mahindra,TUV 300 2015-2019 mHAWK100 T8
Hyderabad,2013,Diesel,Automatic,First,11.2,2993,4,48.0,BMW,X6 xDrive 40d
Hyderabad,2012,Diesel,Manual,First,19.01,1461,5,6.1,Renault,Duster 110PS Diesel RxZ
Ahmedabad,2010,Petrol,Manual,First,22.5,998,5,2.75,Maruti,Wagon R LXI
Pune,2017,Diesel,Manual,First,24.52,1248,7,8.0,Maruti,Ertiga SHVS VDI
Jaipur,2010,Petrol,Manual,First,19.7,796,5,1.85,Maruti,Alto LXi BSIII
Jaipur,2015,Petrol,Automatic,First,20.51,998,5,3.85,Maruti,Wagon R AMT VXI Option
Coimbatore,2017,Petrol,Manual,First,15.1,1196,7,4.74,Maruti,Eeco 7 Seater Standard
Kochi,2013,Diesel,Manual,First,19.6,1461,5,5.63,Renault,Duster 110PS Diesel RxL
Kochi,2011,Petrol,Manual,First,18.2,1061,5,2.62,Maruti,Zen Estilo 1.1 LX BSIII
Kochi,2015,Petrol,Manual,First,13.06,1598,5,4.9,Renault,Duster Petrol RxL
Chennai,2006,Petrol,Manual,First,13.5,1799,5,2.65,Honda,Civic 2006-2010 1.8 S MT
Delhi,2012,Diesel,Manual,First,16.0,2179,7,5.99,Mahindra,XUV500 W8 2WD
Chennai,2011,Diesel,Manual,Second,21.0,1461,5,2.4,Mahindra,Verito 1.5 D6 BSIV
Delhi,2017,Petrol,Manual,First,21.7,999,5,4.25,Renault,KWID Climber 1.0 MT
Mumbai,2013,Diesel,Automatic,First,15.15,2967,5,40.0,Porsche,Cayenne Diesel
Pune,2008,Diesel,Manual,Second,28.4,1248,5,2.7,Maruti,Swift DDiS VDI
Hyderabad,2016,Petrol,Manual,First,20.63,1198,5,2.99,Datsun,GO T Option
Chennai,2011,Petrol,Manual,First,18.5,1197,5,3.4,Hyundai,i20 1.2 Magna
Coimbatore,2016,Diesel,Automatic,Second,18.12,1995,5,30.8,BMW,5 Series 2013-2017 520d Luxury Line
Mumbai,2012,Diesel,Manual,First,20.77,1248,7,5.85,Maruti,Ertiga ZDI
Jaipur,2014,Petrol,Manual,First,18.9,1197,5,4.0,Hyundai,Grand i10 Magna
Coimbatore,2011,Petrol,Automatic,First,9.43,2996,5,14.12,BMW,3 Series 330i
Mumbai,2011,Diesel,Manual,First,17.9,1998,5,4.55,Chevrolet,Cruze LTZ
Pune,2015,Diesel,Automatic,First,0.0,2987,5,38.0,Mercedes-Benz,M-Class ML 350 4Matic
Jaipur,2011,Diesel,Manual,First,21.1,1248,5,2.9,Maruti,Ritz LDi
Pune,2007,Petrol,Automatic,Second,11.74,1796,5,6.0,Mercedes-Benz,New C-Class C 200 Kompressor Elegance AT
Kochi,2016,Petrol,Manual,First,18.6,1197,5,6.95,Hyundai,i20 1.2 Magna Executive
Kolkata,2014,Petrol,Manual,First,20.3,998,5,2.75,Hyundai,EON 1.0 Kappa Magna Plus Optional
Pune,2014,Diesel,Manual,First,22.9,1248,5,5.1,Maruti,Swift VDI
Chennai,2017,Petrol,Manual,First,18.6,1197,5,6.75,Hyundai,i20 Sportz 1.2
Mumbai,2014,Petrol,Manual,First,18.5,1197,5,3.69,Maruti,Ritz ZXi
Hyderabad,2013,Diesel,Manual,First,22.9,1248,5,5.45,Maruti,Swift VDI
Kochi,2018,Petrol,Manual,First,17.5,1199,5,9.29,Honda,WRV i-VTEC VX
Chennai,2015,Petrol,Automatic,Second,16.9,1197,5,4.0,Hyundai,Xcent 1.2 Kappa AT S Option
Kolkata,2013,Petrol,Manual,First,18.0,1198,5,2.9,Honda,Amaze E i-Vtech
Pune,2013,Petrol,Manual,First,17.1,1591,5,5.25,Hyundai,Verna 1.6 SX VTVT (O)
Mumbai,2014,Petrol,Manual,First,16.8,1497,5,5.75,Honda,City V MT
Coimbatore,2017,Petrol,Manual,First,15.29,1591,5,13.12,Hyundai,Creta 1.6 SX Plus Dual Tone Petrol
Kochi,2014,Diesel,Manual,First,15.1,2179,7,7.83,Mahindra,XUV500 W8 2WD
Mumbai,2013,CNG,Manual,First,26.6,998,5,3.15,Maruti,Wagon R LXI CNG
Mumbai,2013,Diesel,Manual,First,12.8,2494,7,10.4,Toyota,Innova 2.5 V Diesel 7-seater
Pune,2012,Diesel,Manual,First,22.9,1248,5,4.35,Maruti,Swift VDI
Coimbatore,2017,Petrol,Automatic,First,22.5,998,5,5.23,Maruti,Wagon R VXI AMT
Coimbatore,2016,Petrol,Manual,First,18.9,1197,5,6.01,Hyundai,Grand i10 1.2 Kappa Asta
Hyderabad,2014,Diesel,Manual,First,25.8,1498,5,4.4,Honda,Amaze VX i-DTEC
Chennai,2010,Diesel,Automatic,First,16.07,1995,5,12.75,BMW,3 Series 320d Highline
Delhi,2011,Petrol,Manual,First,15.6,1196,5,2.4,Ford,Figo Petrol Titanium
Kochi,2018,Petrol,Manual,First,17.0,1198,5,5.71,Volkswagen,Ameo 1.2 MPI Trendline
Kochi,2015,Diesel,Manual,Second,22.7,1498,5,5.49,Ford,Ecosport 1.5 DV5 MT Trend
Pune,2004,Petrol,Manual,Second,13.0,1343,5,1.3,Honda,City 1.3 EXI
Kolkata,2014,Diesel,Manual,First,16.0,2179,7,8.5,Mahindra,XUV500 W6 2WD
Delhi,2012,Diesel,Manual,First,13.0,2982,7,12.99,Toyota,Fortuner 4x2 Manual
Kolkata,2017,Petrol,Manual,First,18.9,1197,5,5.0,Hyundai,Grand i10 1.2 Kappa Magna
Pune,2017,Diesel,Automatic,First,28.4,1248,5,9.0,Maruti,Dzire AMT ZDI Plus
Kochi,2016,Diesel,Manual,First,22.9,1248,5,5.22,Maruti,Swift VDI
Pune,2012,Petrol,Manual,First,16.47,1198,5,3.8,Volkswagen,Polo Petrol Highline 1.2L
Coimbatore,2019,Petrol,Manual,First,18.16,1197,5,7.27,Toyota,Etios Liva 1.2 VX Dual Tone
Mumbai,2016,Petrol,Manual,First,22.0,1197,5,5.1,Maruti,Swift VXI
Bangalore,2013,Diesel,Automatic,First,14.21,2143,5,29.0,Mercedes-Benz,E-Class 2009-2013 E250 CDI Elegance
Pune,2013,Petrol,Manual,First,18.9,998,5,2.9,Maruti,Wagon R VXI
Kochi,2012,Petrol,Manual,First,26.0,624,4,1.38,Tata,Nano Lx BSIV
Bangalore,2011,Petrol,Manual,First,13.4,1798,5,5.5,Skoda,Laura 1.8 TSI Ambiente
Mumbai,2016,Petrol,Automatic,First,17.21,1197,5,7.25,Volkswagen,Polo GT TSI
Coimbatore,2014,Diesel,Manual,First,22.32,1582,5,6.98,Hyundai,Verna 1.6 SX
Hyderabad,2017,Diesel,Manual,First,22.95,1248,5,5.25,Tata,Bolt Quadrajet XE
Kolkata,2013,Petrol,Manual,First,21.1,814,5,1.95,Hyundai,EON D Lite Plus
Bangalore,2014,Diesel,Automatic,First,17.11,1968,5,24.5,Audi,A4 2.0 TDI 177 Bhp Premium Plus
Kochi,2013,Diesel,Manual,First,12.99,2494,7,8.31,Toyota,Innova 2.5 GX (Diesel) 7 Seater
Hyderabad,2012,Diesel,Automatic,First,11.74,2987,5,36.0,Mercedes-Benz,M-Class ML 350 CDI
Pune,2015,Diesel,Manual,First,24.4,1120,5,5.5,Hyundai,Xcent 1.1 CRDi S
Kochi,2011,Petrol,Automatic,First,11.7,2354,5,5.89,Honda,Accord 2.4 AT
Kochi,2016,Diesel,Manual,First,20.34,1498,5,7.95,Volkswagen,Vento 1.5 TDI Highline
Mumbai,2010,Petrol,Manual,First,17.0,1197,5,2.75,Hyundai,i20 Sportz Petrol
Jaipur,2012,Diesel,Manual,First,22.7,1582,5,6.25,Hyundai,Elantra CRDi SX
Hyderabad,2015,Diesel,Manual,First,20.0,1399,5,4.95,Ford,Figo Diesel Titanium
Kochi,2019,Petrol,Manual,First,18.6,1197,5,6.27,Hyundai,i20 1.2 Magna Executive
Kolkata,2017,Diesel,Manual,First,23.9,1582,5,8.65,Hyundai,Verna 1.6 CRDi SX
Kolkata,2014,Petrol,Manual,First,18.9,1197,5,3.5,Hyundai,Grand i10 Asta
Hyderabad,2015,Diesel,Automatic,First,14.16,1968,5,35.0,Audi,Q5 2.0 TDI
Kolkata,2015,Petrol,Manual,First,17.5,1298,5,4.45,Maruti,Swift Dzire ZXi
Kolkata,2012,Petrol,Manual,First,18.5,1197,5,2.65,Hyundai,i20 Magna
Kolkata,2017,Diesel,Manual,First,25.32,1198,5,4.7,Mahindra,KUV 100 mFALCON D75 K4 Plus 5str
Ahmedabad,2014,Diesel,Automatic,First,18.23,1582,5,8.9,Hyundai,Elantra 1.6 SX Option AT
Mumbai,2017,Diesel,Manual,First,17.1,1956,5,17.45,Jeep,Compass 2.0 Limited Option Black
Coimbatore,2017,Diesel,Manual,First,24.3,1248,5,9.58,Maruti,Vitara Brezza VDi Option
Kochi,2012,Petrol,Manual,First,14.28,1798,5,6.22,Toyota,Corolla Altis 1.8 GL
Kolkata,2013,Diesel,Manual,First,15.1,2179,7,7.8,Mahindra,XUV500 W8 2WD
Mumbai,2016,Diesel,Automatic,First,20.68,1995,5,27.75,BMW,X1 xDrive 20d xLine
Pune,2015,Diesel,Manual,Second,22.54,1396,5,7.0,Hyundai,i20 Magna 1.4 CRDi
Coimbatore,2017,Diesel,Automatic,First,11.57,2987,5,64.87,Mercedes-Benz,GLE 350d
Bangalore,2013,Diesel,Manual,Second,17.3,1998,5,6.5,Chevrolet,Cruze LTZ
Jaipur,2011,Petrol,Manual,Second,18.5,1197,5,2.7,Hyundai,i20 1.2 Magna
Mumbai,2012,Petrol,Manual,Second,19.4,1198,5,2.5,Honda,Brio S MT
Hyderabad,2013,Diesel,Manual,First,19.3,1461,7,3.9,Nissan,Evalia 2013 XL
Delhi,2015,Petrol,Manual,First,16.47,1198,5,3.95,Volkswagen,Polo Petrol Trendline 1.2L
Chennai,2010,Petrol,Manual,Second,20.36,1197,5,2.1,Hyundai,i10 Sportz 1.2
Pune,2009,Diesel,Automatic,Third,18.1,1991,4,3.5,Chevrolet,Cruze LTZ AT
Hyderabad,2007,Petrol,Manual,Second,19.81,1086,5,2.0,Hyundai,i10 Era
Delhi,2014,Diesel,Manual,First,20.77,1248,7,5.35,Maruti,Ertiga VDI
Delhi,2013,Diesel,Manual,First,25.8,1498,5,3.8,Honda,Amaze S i-Dtech
Mumbai,2016,Petrol,Automatic,First,15.5,1595,5,17.25,Mercedes-Benz,A Class A180 Sport
Kochi,2018,Petrol,Manual,First,18.9,1197,5,5.53,Hyundai,Grand i10 1.2 Kappa Magna
Pune,2009,Petrol,Manual,Third,20.36,1197,5,1.95,Hyundai,i10 Sportz 1.2
Hyderabad,2017,Diesel,Manual,First,28.4,1248,5,8.2,Maruti,Swift DDiS ZDI Plus
Pune,1999,Petrol,Manual,First,13.0,1343,5,0.9,Honda,City 1.3 EXI
Pune,2013,Diesel,Manual,Third,12.99,2494,7,6.5,Toyota,Innova 2.5 GX (Diesel) 7 Seater
Coimbatore,2014,Diesel,Automatic,First,23.8,1998,5,19.41,Mini,Cooper Countryman D High
Coimbatore,2016,Petrol,Manual,First,15.7,1368,5,6.58,Fiat,Linea T-Jet Active
Mumbai,2011,Petrol,Manual,Second,14.49,1399,5,2.1,Chevrolet,Aveo 1.4 LT
Chennai,2008,Petrol,Manual,Second,19.81,1086,5,2.0,Hyundai,i10 Era 1.1
Delhi,2015,Diesel,Manual,First,24.4,1120,5,3.7,Hyundai,Xcent 1.1 CRDi Base
Mumbai,2014,Petrol,Automatic,First,23.1,998,5,3.8,Maruti,Celerio VXI AT
Jaipur,2014,Petrol,Manual,First,20.36,1197,5,3.25,Hyundai,i10 Sportz
Coimbatore,2015,Diesel,Manual,First,19.87,1461,5,5.53,Renault,Duster 85PS Diesel RxL
Ahmedabad,2011,Diesel,Automatic,Second,22.69,1995,5,10.9,BMW,3 Series 320d
Kolkata,2018,Petrol,Manual,First,18.9,1197,5,5.1,Hyundai,Grand i10 Sportz
Hyderabad,2007,Petrol,Manual,Second,0.0,999,5,2.2,Hyundai,Santro DX
Pune,2009,Petrol,Manual,Second,18.0,995,5,1.6,Chevrolet,Spark 1.0 LS
Ahmedabad,2018,Petrol,Manual,First,17.4,1497,5,11.25,Honda,City i VTEC VX Option
Chennai,2013,Diesel,Manual,First,20.54,1598,5,5.9,Volkswagen,Vento Diesel Highline
Delhi,2012,Diesel,Automatic,First,11.5,2982,7,14.4,Toyota,Fortuner 4x2 4 Speed AT
Delhi,2011,Petrol,Manual,First,17.0,1497,5,3.6,Honda,City 1.5 S MT
Jaipur,2017,Diesel,Automatic,First,18.12,1995,5,40.5,BMW,5 Series 2013-2017 520d Luxury Line
Bangalore,2014,Diesel,Automatic,Second,14.16,1968,5,38.95,Audi,Q5 30 TDI quattro Premium Plus
Delhi,2014,Diesel,Manual,First,23.2,1248,5,3.6,Maruti,Ritz LDi
Kochi,2016,Diesel,Automatic,First,21.21,1498,5,7.12,Volkswagen,Vento 1.5 TDI Highline AT
Kochi,2016,Diesel,Manual,First,26.0,1498,5,7.52,Honda,City i DTEC SV
Delhi,2012,Diesel,Automatic,Second,15.2,1968,5,10.35,Audi,A4 New 2.0 TDI Multitronic
Hyderabad,2014,Petrol,Manual,First,15.0,1598,5,7.0,Skoda,Rapid 1.6 MPI Elegance
Delhi,2011,Diesel,Manual,First,11.5,2982,7,10.85,Toyota,Fortuner 3.0 Diesel
Mumbai,2010,Diesel,Manual,First,16.52,1991,5,2.35,Chevrolet,Optra Magnum 2.0 LT BS3
Mumbai,2014,Petrol,Manual,First,15.1,1196,7,2.9,Maruti,Eeco 7 Seater Standard
Delhi,2017,Petrol,Manual,First,20.73,1373,5,7.65,Maruti,Ciaz ZXi
Delhi,2016,Diesel,Manual,First,28.09,1248,5,6.4,Maruti,Ciaz VDi Plus SHVS
Pune,2014,Diesel,Manual,First,12.99,2494,7,10.1,Toyota,Innova 2.5 LE 2014 Diesel 7 Seater
Kolkata,2014,Petrol,Manual,First,19.1,1197,5,4.25,Maruti,Swift Dzire VXI
Kochi,2019,Diesel,Automatic,First,11.36,2755,7,19.65,Toyota,Innova Crysta 2.8 GX AT
Pune,2017,Diesel,Manual,First,25.0,1396,5,4.4,Tata,Indica V2 eLX
Jaipur,2012,Petrol,Manual,First,18.5,1197,5,3.25,Hyundai,i20 Magna
Pune,2012,Diesel,Manual,First,17.8,1399,5,2.8,Ford,Fiesta 1.4 Duratorq ZXI
Kolkata,2015,Diesel,Manual,First,18.2,1248,8,4.3,Chevrolet,Enjoy 1.3 TCDi LS 8
Chennai,2006,Diesel,Manual,Third,17.8,1399,5,1.55,Ford,Fiesta 1.4 Duratorq EXI
Chennai,2007,Petrol,Manual,Second,10.8,2354,5,4.7,Honda,CR-V 2.4 MT
Kochi,2017,Petrol,Manual,First,18.7,1199,5,7.07,Honda,Jazz 1.2 VX i VTEC
Delhi,2018,Diesel,Automatic,First,11.0,2987,7,79.0,Mercedes-Benz,GLS 350d Grand Edition
Delhi,2018,Petrol,Manual,First,18.9,1197,5,5.75,Hyundai,Grand i10 1.2 Kappa Sportz
Mumbai,2012,Petrol,Manual,First,18.5,1197,5,3.25,Maruti,Ritz VXi
Coimbatore,2017,Diesel,Automatic,First,22.0,1498,5,8.89,Volkswagen,Ameo 1.5 TDI Highline AT
Mumbai,2015,Petrol,Manual,First,17.4,1497,5,5.9,Honda,City i VTEC SV
Kolkata,2016,Petrol,Manual,First,18.7,1199,5,4.95,Honda,Jazz 1.2 S i VTEC
Delhi,2014,Diesel,Manual,First,17.8,1248,5,3.75,Maruti,Swift Ldi BSIV
Kochi,2017,Diesel,Automatic,First,17.01,1582,5,10.97,Hyundai,Creta 1.6 CRDi AT SX Plus
Kochi,2014,Diesel,Automatic,Second,14.4,2967,5,24.94,Audi,A7 2011-2015 3.0 TDI Quattro
Kolkata,2014,Petrol,Manual,First,21.1,814,5,1.97,Hyundai,EON D Lite Plus
Jaipur,2010,Diesel,Manual,Second,20.0,1399,5,1.4,Ford,Figo Diesel EXI
Coimbatore,2018,Petrol,Manual,First,17.0,1198,5,7.27,Volkswagen,Ameo 1.2 MPI Highline
Kolkata,2013,Diesel,Manual,First,21.64,1461,5,4.0,Renault,Scala Diesel RxL
Kolkata,2015,Petrol,Manual,First,18.7,1199,5,4.75,Honda,Jazz 1.2 V i VTEC
Delhi,2015,Petrol,Manual,First,17.0,1197,5,5.1,Hyundai,i20 1.2 Sportz
Coimbatore,2012,Diesel,Automatic,First,14.94,2967,5,16.11,Audi,A4 3.0 TDI Quattro Premium
Delhi,2014,Diesel,Automatic,First,11.18,2696,7,10.55,Mahindra,Ssangyong Rexton RX7
Ahmedabad,2017,Diesel,Automatic,First,12.9,2755,7,30.0,Toyota,Fortuner 2.8 2WD AT
Kolkata,2002,Diesel,Manual,First,18.7,1896,5,1.6,Skoda,Octavia Classic 1.9 TDI MT
Hyderabad,2012,Diesel,Automatic,First,15.8,2148,5,18.49,Mercedes-Benz,New C-Class 250 CDI Classic
Kochi,2018,Petrol,Manual,First,20.73,1373,5,9.96,Maruti,Ciaz 1.4 Zeta
Hyderabad,2013,Diesel,Manual,Second,22.9,1248,5,4.75,Maruti,Swift ZDi
Delhi,2012,Diesel,Automatic,Second,16.73,2495,5,15.5,BMW,5 Series 2007-2010 525d Sedan
Kochi,2013,Diesel,Manual,First,10.5,2835,6,11.82,Mitsubishi,Pajero 2.8 SFX BSIII Dual Tone
Delhi,2008,Petrol,Manual,First,13.4,1794,5,2.05,Toyota,Corolla H2
Ahmedabad,2016,CNG,Manual,First,26.6,998,5,3.3,Maruti,Wagon R LXI CNG
Mumbai,2013,Petrol,Manual,First,16.8,796,8,2.25,Maruti,Omni E MPI STD BS IV
Kochi,2014,Diesel,Automatic,First,17.68,1968,5,20.12,Audi,A6 2011-2015 2.0 TDI
Chennai,2017,CNG,Manual,First,25.0,1197,5,4.95,Hyundai,Xcent 1.2 Kappa S Option CNG
Coimbatore,2016,Diesel,Manual,First,27.3,1498,5,7.48,Honda,Jazz 1.5 S i DTEC
Mumbai,2004,Petrol,Automatic,Second,10.5,1796,5,5.5,Mercedes-Benz,E-Class 200 Kompressor Elegance
Kochi,2013,Diesel,Automatic,First,16.55,1968,5,13.19,Audi,A4 2.0 TDI
Mumbai,2012,Petrol,Manual,First,19.1,1197,5,3.85,Maruti,Swift Dzire VXI
Delhi,2016,Diesel,Manual,First,28.4,1248,5,5.75,Maruti,Dzire VDI
Pune,2014,Diesel,Manual,First,15.1,2179,7,9.0,Mahindra,XUV500 W8 4WD
Kochi,2012,Petrol,Manual,First,18.6,1199,5,2.21,Chevrolet,Beat LT
Kochi,2017,Diesel,Manual,First,23.0,1498,5,8.09,Ford,EcoSport 1.5 Diesel Titanium Plus
Coimbatore,2017,Diesel,Automatic,First,14.69,2993,5,48.63,BMW,5 Series 2013-2017 530d M Sport
Coimbatore,2015,Diesel,Automatic,Second,14.16,1968,5,39.47,Audi,Q5 30 TDI quattro Premium Plus
Coimbatore,2015,Diesel,Automatic,Second,20.68,1995,5,22.24,BMW,X1 sDrive 20d xLine
Mumbai,2009,Petrol,Automatic,First,19.2,1197,5,2.6,Hyundai,i10 Magna AT
Ahmedabad,2016,Diesel,Automatic,First,17.01,1582,5,12.0,Hyundai,Creta 1.6 CRDi AT SX Plus
Chennai,2014,Diesel,Automatic,First,17.11,1968,5,18.0,Audi,A4 2.0 TDI 177 Bhp Premium Plus
Mumbai,2007,Petrol,Automatic,Third,10.13,3498,5,9.99,Mercedes-Benz,S Class 2005 2013 S 350 L
Kolkata,2012,Petrol,Manual,First,20.36,1197,5,2.45,Hyundai,i10 Magna
Mumbai,2017,Diesel,Manual,First,23.0,1498,5,8.99,Ford,EcoSport 1.5 Diesel Titanium
Kolkata,2011,Diesel,Manual,First,20.54,1598,5,3.15,Volkswagen,Vento Diesel Highline
Jaipur,2017,Diesel,Manual,First,28.4,1248,5,8.2,Maruti,Dzire ZDI Plus
Ahmedabad,2016,Diesel,Manual,First,15.4,1997,7,11.5,Mahindra,Scorpio 1.99 S10
Coimbatore,2016,Diesel,Manual,First,22.54,1396,5,7.3,Hyundai,i20 Asta 1.4 CRDi
Chennai,2008,Petrol,Manual,First,19.7,796,5,1.59,Maruti,Alto LXi
Delhi,2015,Petrol,Manual,Second,20.36,1197,5,3.15,Hyundai,i10 Magna
Kolkata,2015,Diesel,Manual,Second,15.4,2179,7,8.5,Mahindra,Scorpio S6 7 Seater
Hyderabad,2010,Diesel,Manual,First,19.5,1199,5,3.0,Skoda,Fabia 1.2L Diesel Classic
Mumbai,2012,Diesel,Automatic,First,15.3,2993,5,21.0,BMW,X5 xDrive 30d
Hyderabad,2016,Diesel,Manual,First,27.3,1498,5,7.75,Honda,Jazz 1.5 S i DTEC
Mumbai,2013,Diesel,Automatic,First,10.0,2148,5,23.0,Mercedes-Benz,E-Class 2009-2013 E 220 CDI Avantgarde
Mumbai,2016,Diesel,Automatic,First,16.0,2179,7,13.75,Mahindra,XUV500 AT W10 FWD
Kochi,2017,Petrol,Automatic,First,18.0,1497,5,8.29,Honda,City i VTEC CVT SV
Coimbatore,2014,Diesel,Manual,First,22.9,1248,5,5.79,Maruti,Swift VDI
Coimbatore,2017,Diesel,Automatic,First,14.84,2143,5,30.5,Mercedes-Benz,New C-Class 220 CDI AT
Mumbai,2011,Petrol,Manual,First,17.0,1497,5,3.8,Honda,City 1.5 S MT
Bangalore,2014,Diesel,Manual,First,15.3,2956,7,4.45,Tata,Sumo EX
Delhi,2012,Petrol,Manual,First,18.5,1197,5,3.3,Hyundai,i20 Magna
Jaipur,2009,Diesel,Manual,Second,20.4,1248,5,1.75,Fiat,Linea 1.3 Dynamic
Bangalore,2011,Petrol,Automatic,Second,12.9,1799,5,5.5,Honda,Civic 2006-2010 1.8 V AT
Pune,2017,Diesel,Manual,First,19.67,1582,5,13.35,Hyundai,Creta 1.6 SX Plus Diesel
Delhi,2017,Diesel,Automatic,Second,20.38,1968,5,22.5,Audi,A3 35 TDI Technology
Delhi,2013,Petrol,Manual,Second,17.0,1591,5,5.25,Hyundai,Verna VTVT 1.6 SX Option
Hyderabad,2011,Diesel,Manual,First,21.9,1396,5,3.75,Hyundai,i20 1.4 CRDi Magna
Kochi,2015,Diesel,Manual,First,24.2,1498,7,6.32,Honda,Mobilio S i DTEC
Bangalore,2018,Diesel,Automatic,First,22.32,1582,5,7.75,Hyundai,Verna 1.6 SX CRDI (O) AT
Chennai,2006,Petrol,Manual,Second,15.3,1596,5,1.37,Ford,Fiesta 1.6 ZXI Duratec
Mumbai,2010,Petrol,Manual,First,20.36,1197,5,2.1,Hyundai,i10 Sportz 1.2
Hyderabad,2016,Diesel,Manual,First,24.3,1248,5,9.3,Maruti,Vitara Brezza ZDi
Ahmedabad,2015,Diesel,Manual,First,12.99,2494,7,12.0,Toyota,Innova 2.5 VX (Diesel) 7 Seater
Pune,2017,Diesel,Automatic,First,17.9,2143,5,23.5,Mercedes-Benz,GLA Class 200 d Sport
Hyderabad,2006,Petrol,Manual,First,19.7,796,5,1.8,Maruti,Alto LXi BSIII
Chennai,2013,Diesel,Automatic,Second,14.84,2143,5,12.5,Mercedes-Benz,New C-Class C 220 CDI Elegance AT
Delhi,2015,Diesel,Manual,First,22.9,1248,5,4.74,Maruti,Swift LDI
Kochi,2016,Petrol,Manual,First,18.9,1197,5,5.43,Hyundai,Grand i10 Sportz
Kochi,2018,Diesel,Automatic,Second,12.55,2982,7,31.62,Toyota,Fortuner 4x4 AT
Kolkata,2011,Petrol,Manual,First,12.4,1998,8,6.3,Toyota,Innova 2.0 GX 8 STR
Kochi,2017,Diesel,Manual,First,22.77,1498,5,8.45,Ford,EcoSport 1.5 TDCi Titanium
Pune,2016,Petrol,Manual,First,18.16,1196,5,5.0,Ford,Figo 1.2P Titanium MT
Chennai,2011,Diesel,Manual,First,11.5,2982,7,13.0,Toyota,Fortuner 3.0 Diesel
Hyderabad,2012,Petrol,Manual,First,19.1,1197,5,4.7,Maruti,Swift Dzire VXI
Coimbatore,2018,Petrol,Automatic,First,12.05,2979,5,93.67,BMW,7 Series 740Li
Pune,2012,Petrol,Manual,First,13.14,1798,5,3.3,Skoda,Superb 1.8 TSI MT
Jaipur,2009,Petrol,Manual,Second,18.9,1061,5,1.51,Maruti,Wagon R LXI Minor
Kochi,2013,Diesel,Manual,First,19.01,1461,5,6.09,Renault,Duster 110PS Diesel RxZ
Mumbai,2015,Petrol,Manual,First,20.73,1373,5,5.95,Maruti,Ciaz VXi Plus
Hyderabad,2012,Diesel,Manual,First,22.7,1582,5,9.0,Hyundai,Elantra CRDi SX
Kolkata,2015,Diesel,Automatic,First,21.66,1498,5,4.25,Skoda,Rapid 1.5 TDI AT Elegance
Hyderabad,2013,Diesel,Automatic,First,14.84,2143,5,23.5,Mercedes-Benz,New C-Class C 220 CDI Elegance AT
Mumbai,2011,Petrol,Automatic,First,11.7,2354,5,6.35,Honda,Accord 2.4 A/T
Chennai,2014,Petrol,Manual,First,23.1,998,5,3.4,Maruti,Celerio VXI
Bangalore,2017,Petrol,Automatic,First,12.05,2979,5,93.0,BMW,7 Series 740Li
Chennai,2014,Diesel,Automatic,First,22.69,1995,5,21.6,BMW,3 Series 320d Sport
Chennai,2011,Diesel,Manual,First,20.54,1598,5,4.0,Volkswagen,Vento Diesel Trendline
Pune,2018,Diesel,Manual,First,23.4,1248,5,5.5,Maruti,Swift Dzire Tour LDI
Mumbai,2012,Diesel,Automatic,First,12.39,2179,5,19.25,Land,Rover Freelander 2 SE
Hyderabad,2012,Diesel,Manual,First,21.9,1396,5,3.95,Hyundai,i20 1.4 CRDi Magna
Mumbai,2012,Diesel,Manual,Second,28.4,1248,5,4.25,Maruti,Dzire VDI
Kochi,2018,Diesel,Manual,First,17.1,1956,5,17.02,Jeep,Compass 2.0 Longitude
Hyderabad,2012,Diesel,Manual,First,20.77,1248,7,6.5,Maruti,Ertiga VDI
Bangalore,2011,Petrol,Manual,First,15.6,1196,5,2.95,Ford,Figo Petrol ZXI
Coimbatore,2013,Diesel,Manual,First,21.43,1364,5,7.12,Toyota,Corolla Altis 1.4 DG
Chennai,2018,Diesel,Automatic,First,24.3,1248,5,11.25,Maruti,Vitara Brezza ZDi Plus AMT Dual Tone
Delhi,2009,Petrol,Manual,First,17.0,1497,5,2.75,Honda,City 1.5 S MT
Hyderabad,2015,Diesel,Manual,First,15.4,2179,7,12.0,Mahindra,Scorpio S10 4WD
Mumbai,2014,Petrol,Manual,First,20.14,1197,5,3.67,Hyundai,Xcent 1.2 VTVT SX
Pune,2001,Diesel,Manual,First,15.0,2148,5,5.0,Mercedes-Benz,E-Class 220 CDI
Pune,2008,Petrol,Manual,First,15.7,1390,5,2.3,Mahindra,Renault Logan 1.4 GLX Petrol
Pune,2008,Diesel,Manual,First,18.7,1896,5,2.2,Skoda,Octavia 1.9 TDI
Pune,2014,Diesel,Automatic,First,12.0,2987,7,41.0,Mercedes-Benz,GL-Class 2007 2012 350 CDI Luxury
Bangalore,2016,Diesel,Automatic,First,20.68,1995,5,28.5,BMW,X1 sDrive 20d xLine
Mumbai,2015,Petrol,Manual,First,15.04,1598,5,5.49,Volkswagen,Vento 2013-2015 1.6 Comfortline
Ahmedabad,2013,Diesel,Automatic,Second,16.55,1968,5,17.5,Audi,A4 2.0 TDI
Bangalore,2009,Diesel,Manual,First,13.8,1399,5,1.99,Ford,Ikon 1.4 TDCi DuraTorq
Kochi,2016,Diesel,Manual,First,22.32,1582,5,6.64,Hyundai,Verna 1.6 CRDi EX MT
Hyderabad,2017,Diesel,Manual,First,13.68,2393,7,16.5,Toyota,Innova Crysta 2.4 VX MT
Pune,2016,Petrol,Manual,First,18.9,1197,5,5.0,Hyundai,Grand i10 Asta Option
Mumbai,2017,Petrol,Manual,First,17.0,1198,5,5.4,Volkswagen,Ameo 1.2 MPI Comfortline
Kolkata,2017,Petrol,Manual,First,25.17,799,5,2.99,Renault,KWID RXT
Jaipur,2011,Petrol,Manual,First,17.0,1497,5,4.1,Honda,City 1.5 S MT
Kochi,2018,Petrol,Automatic,First,18.9,1197,5,6.76,Hyundai,Grand i10 1.2 Kappa Magna AT
Chennai,2016,Petrol,Manual,Second,18.78,999,5,5.5,Volkswagen,Polo 1.0 MPI Comfortline
Coimbatore,2014,Diesel,Manual,First,25.2,1248,5,5.99,Maruti,Swift VDI BSIV
Delhi,2012,Diesel,Manual,First,21.64,1461,5,2.59,Nissan,Sunny 2011-2014 Diesel XV
Mumbai,2013,Diesel,Automatic,First,16.36,2179,5,26.75,Jaguar,XF 2.2 Litre Luxury
Pune,2016,Diesel,Manual,First,28.09,1248,5,8.5,Maruti,Ciaz ZDi SHVS
Bangalore,2011,Diesel,Automatic,First,12.8,1968,5,23.0,Audi,Q5 2008-2012 2.0 TDI
Pune,2014,Petrol,Manual,First,15.6,1196,5,3.35,Ford,Figo Petrol ZXI
Bangalore,2012,Diesel,Automatic,Second,11.72,2199,7,10.75,Hyundai,Santa Fe 4x4 AT
Kolkata,2013,Diesel,Manual,First,12.05,2179,8,6.29,Mahindra,Scorpio VLX 2WD AIRBAG BSIV
Bangalore,2014,Diesel,Manual,First,19.6,1461,5,7.75,Renault,Duster 110PS Diesel RxL
Delhi,2012,Diesel,Automatic,First,15.2,1968,5,13.5,Audi,A4 New 2.0 TDI Multitronic
Coimbatore,2013,Petrol,Manual,First,15.1,1196,7,3.75,Maruti,Eeco 7 Seater Standard
Mumbai,2011,Diesel,Manual,Second,14.0,2498,7,3.75,Mahindra,Xylo E4
Jaipur,2006,Petrol,Manual,Second,18.9,998,5,1.5,Maruti,Wagon R LXI
Chennai,2005,Petrol,Manual,First,14.0,1061,5,1.45,Maruti,Wagon R LXI BSIII
Coimbatore,2013,Petrol,Manual,First,15.5,1586,5,4.12,Maruti,SX4 ZXI MT BSIV
Mumbai,2016,Diesel,Manual,First,13.68,2393,7,17.11,Toyota,Innova Crysta 2.4 VX MT
Pune,2015,Diesel,Manual,Second,12.99,2494,7,10.25,Toyota,Innova 2.5 G (Diesel) 7 Seater
Kolkata,2011,Diesel,Manual,First,22.07,1199,5,2.49,Volkswagen,Polo Diesel Trendline 1.2L
Pune,2015,Petrol,Manual,Second,16.78,1496,5,3.85,Toyota,Etios G
Hyderabad,2014,Diesel,Manual,First,22.7,1498,5,6.25,Ford,Ecosport 1.5 DV5 MT Titanium
Hyderabad,2015,Diesel,Manual,First,24.0,1120,5,4.88,Hyundai,Grand i10 CRDi Magna
Mumbai,2016,Petrol,Automatic,First,18.0,1497,5,9.45,Honda,City i VTEC CVT SV
Hyderabad,2007,Diesel,Manual,Second,12.8,2494,8,4.8,Toyota,Innova 2.5 G3
Kolkata,2012,Petrol,Manual,First,21.1,814,5,1.99,Hyundai,EON Era Plus
Hyderabad,2010,Petrol,Manual,First,20.36,1197,5,2.8,Hyundai,i10 Magna 1.2
Bangalore,2011,Petrol,Automatic,Second,12.3,1796,5,22.0,Mercedes-Benz,E-Class 2009-2013 E 200 CGI Elegance
Hyderabad,2012,Diesel,Manual,First,15.96,2523,7,4.3,Mahindra,Bolero SLE
Coimbatore,2014,Diesel,Automatic,First,20.0,1968,5,9.75,Skoda,Laura Ambition 2.0 TDI CR AT
Ahmedabad,2015,Petrol,Manual,First,20.4,1197,5,5.9,Maruti,Swift ZXI
Delhi,2013,Diesel,Automatic,First,16.55,1968,5,14.5,Audi,A4 2.0 TDI
Hyderabad,2009,Diesel,Manual,Second,17.8,1399,5,2.4,Ford,Fiesta 1.4 SXi TDCi ABS
Mumbai,2008,Petrol,Manual,Second,15.0,1586,5,2.11,Maruti,SX4 Vxi BSIII
Coimbatore,2017,Petrol,Automatic,First,18.9,1197,5,7.6,Hyundai,Grand i10 AT Asta
Hyderabad,2012,Petrol,Automatic,First,17.16,1197,5,3.6,Maruti,Ritz AT
Jaipur,2013,Diesel,Manual,First,10.5,2179,8,6.0,Mahindra,Scorpio 2.6 CRDe
Mumbai,2014,Diesel,Manual,First,15.4,2179,7,7.45,Mahindra,Scorpio S4 7 Seater
Chennai,2011,Petrol,Manual,First,19.7,796,5,2.1,Maruti,Alto LXi
Ahmedabad,2013,Diesel,Manual,Second,19.01,1461,5,5.2,Renault,Duster 110PS Diesel RxZ
Hyderabad,2009,Diesel,Manual,First,0.0,2498,6,6.99,Mahindra,Jeep MM 550 PE
Mumbai,2017,Petrol,Manual,First,20.89,1197,5,6.36,Maruti,Ignis 1.2 Alpha
Kochi,2015,Diesel,Manual,First,12.99,2494,7,11.62,Toyota,Innova 2.5 ZX Diesel 7 Seater
Kochi,2015,Diesel,Automatic,Second,16.77,2993,5,43.6,BMW,7 Series 730Ld Eminence
Kolkata,2009,Diesel,Manual,Second,13.6,1991,5,4.9,Hyundai,Sonata Embera 2.0L CRDi MT
Kochi,2015,Diesel,Manual,First,19.01,1461,5,6.7,Renault,Duster Adventure Edition
Mumbai,2013,CNG,Manual,First,33.54,998,5,3.05,Maruti,Wagon R CNG LXI
Bangalore,2014,Diesel,Automatic,First,17.11,1968,5,25.0,Audi,A4 2.0 TDI 177 Bhp Technology Edition
Coimbatore,2018,Diesel,Manual,First,17.1,1956,5,19.05,Jeep,Compass 2.0 Longitude
Kolkata,2015,Petrol,Manual,First,17.43,1396,5,4.5,Hyundai,Verna 1.4 VTVT
Pune,2013,Petrol,Manual,First,18.0,1198,5,4.15,Honda,Amaze VX i-Vtech
Chennai,2015,Diesel,Manual,First,19.67,1582,5,11.9,Hyundai,Creta 1.6 CRDi SX Option
Delhi,2011,Petrol,Manual,First,19.81,1086,5,2.1,Hyundai,i10 Magna 1.1
Delhi,2016,Diesel,Manual,First,18.49,1493,7,6.95,Mahindra,TUV 300 T8
Pune,2008,Petrol,Manual,Second,17.5,1298,5,2.4,Maruti,Swift Dzire VXi
Chennai,2007,Petrol,Manual,First,13.2,1495,5,2.65,Hyundai,Accent GLE 1
Jaipur,2014,Diesel,Manual,First,15.1,2179,7,9.0,Mahindra,XUV500 W8 2WD
Pune,2012,Petrol,Manual,First,20.92,998,5,2.1,Maruti,Alto K10 2010-2014 VXI
Pune,2011,Petrol,Manual,Second,18.6,1199,5,2.5,Chevrolet,Beat LT
Mumbai,2009,Diesel,Automatic,First,12.4,2698,5,8.95,Audi,A6 2.7 TDI
Hyderabad,2017,Diesel,Automatic,First,20.7,1496,5,34.0,Mini,Cooper 5 DOOR D
Chennai,2015,Petrol,Manual,First,17.57,1193,5,4.0,Tata,Zest Revotron 1.2T XMS
Kolkata,2014,Diesel,Manual,First,26.0,1498,5,4.45,Honda,City i DTEC SV
Jaipur,2010,Petrol,Manual,First,18.6,1199,5,1.5,Chevrolet,Beat LT
Jaipur,2011,Diesel,Automatic,Second,16.55,1968,5,14.5,Audi,A4 2.0 TDI Multitronic
Kolkata,2015,Diesel,Manual,First,26.1,1498,5,8.41,Ford,Aspire Titanium Plus Diesel
Mumbai,2014,Diesel,Automatic,Second,19.08,1582,5,5.45,Hyundai,Verna SX CRDi AT
Mumbai,2015,Petrol,Automatic,First,18.0,1497,5,8.9,Honda,City i VTEC CVT VX
Hyderabad,2012,Petrol,Manual,First,20.36,1197,5,3.65,Hyundai,i10 Sportz 1.2
Bangalore,2015,Diesel,Automatic,Second,18.56,1995,5,29.0,BMW,X3 xDrive20d Expedition
Mumbai,2013,Diesel,Automatic,First,16.55,1968,5,13.5,Audi,A4 2.0 TDI
Hyderabad,2008,Petrol,Automatic,First,10.1,2354,5,5.4,Honda,CR-V 2.4 AT
Coimbatore,2016,Petrol,Manual,First,18.9,1197,5,5.89,Hyundai,Grand i10 1.2 Kappa Asta
Hyderabad,2016,Diesel,Manual,First,28.09,1248,5,8.45,Maruti,Ciaz ZDi Plus SHVS
Delhi,2011,Petrol,Manual,First,17.4,1497,5,4.0,Honda,City i-VTEC V
Mumbai,2013,Diesel,Automatic,First,9.52,2993,4,45.0,BMW,6 Series 640d Coupe
Mumbai,2016,Petrol,Automatic,First,23.1,998,5,3.94,Maruti,Celerio VXI AMT
Jaipur,2011,Diesel,Automatic,Second,13.73,1995,5,8.0,Renault,Koleos 2.0 Diesel
Hyderabad,2013,Diesel,Manual,First,20.0,1399,5,4.1,Ford,Figo Diesel ZXI
Chennai,2006,Diesel,Manual,First,12.8,2494,7,6.25,Toyota,Innova 2.5 V Diesel 7-seater
Kolkata,2015,Diesel,Manual,First,28.4,1248,5,5.25,Maruti,Dzire VDI
Coimbatore,2019,Petrol,Automatic,First,19.0,2996,2,83.96,Mercedes-Benz,SLC 43 AMG
Hyderabad,2013,Diesel,Automatic,First,16.1,1950,5,21.0,Mercedes-Benz,E-Class E 220 d
Ahmedabad,2015,Petrol,Manual,First,18.9,1197,5,4.3,Hyundai,Grand i10 1.2 Kappa Sportz
Mumbai,2014,Petrol,Manual,First,17.3,1497,7,5.25,Honda,Mobilio S i VTEC
Mumbai,2010,Petrol,Automatic,Second,11.9,4806,5,32.0,Porsche,Cayenne Turbo S
Kolkata,2013,Diesel,Manual,First,17.21,1493,7,3.9,Mahindra,Quanto C8
Mumbai,2007,Petrol,Manual,Third,13.4,1794,5,2.2,Toyota,Corolla H5
Mumbai,2016,Diesel,Manual,First,25.32,1198,6,3.7,Mahindra,KUV 100 mFALCON D75 K4
Coimbatore,2010,Petrol,Automatic,Second,10.9,2497,5,11.27,BMW,3 Series 2005-2011 325i Sedan
Jaipur,2013,Petrol,Manual,First,22.74,796,5,2.41,Maruti,Alto 800 LXI
Pune,2015,Diesel,Automatic,First,15.73,1968,5,19.0,Audi,Q3 35 TDI Quattro Premium
Hyderabad,2015,Diesel,Manual,Second,23.59,1364,5,5.8,Toyota,Etios GD
Coimbatore,2016,Diesel,Manual,First,15.1,2179,7,13.52,Mahindra,XUV500 W8 2WD
Hyderabad,2015,Diesel,Manual,First,13.0,2982,7,24.5,Toyota,Fortuner 4x2 MT TRD Sportivo
Pune,2014,CNG,Manual,First,24.6,1193,5,3.25,Tata,Indigo CS Emax CNG GLX
Kochi,2017,Diesel,Automatic,First,17.9,2143,5,56.73,Mercedes-Benz,GLE 250d
Jaipur,2015,Diesel,Manual,First,19.67,1582,5,9.95,Hyundai,Creta 1.6 CRDi SX
Pune,2012,Petrol,Automatic,First,16.8,1497,5,5.5,Honda,City 1.5 V AT
Hyderabad,2015,Diesel,Automatic,First,17.11,1968,5,25.0,Audi,A4 35 TDI Premium
Kolkata,2009,Petrol,Manual,First,17.3,993,5,1.0,Maruti,Zen VXI
Hyderabad,2011,Petrol,Manual,Second,19.7,796,5,2.15,Maruti,Alto LXi
Kochi,2018,Petrol,Automatic,First,21.4,1197,5,7.89,Maruti,Baleno Delta Automatic
Delhi,2015,Diesel,Manual,First,16.0,2179,7,10.25,Mahindra,XUV500 W10 2WD
Mumbai,2007,Petrol,Manual,First,19.0,1194,5,6.0,Ford,Freestyle Titanium Petrol
Coimbatore,2017,Petrol,Manual,First,18.6,1197,5,7.53,Hyundai,Elite i20 Asta Option
Coimbatore,2018,Diesel,Automatic,First,19.27,2143,5,39.45,Mercedes-Benz,New C-Class C 220d Avantgarde Edition C
Delhi,2014,Petrol,Manual,First,17.8,1497,5,5.84,Honda,City i VTEC SV
Mumbai,2017,Petrol,Manual,First,18.88,1499,5,8.65,Ford,EcoSport 1.5 Ti VCT MT Titanium BE
Kochi,2017,Petrol,Manual,First,21.4,1197,5,7.74,Maruti,Baleno Alpha 1.2
Bangalore,2008,Petrol,Manual,First,20.36,1197,5,2.5,Hyundai,i10 Sportz
Pune,2007,Diesel,Manual,Second,12.8,2494,8,5.7,Toyota,Innova 2.5 G (Diesel) 8 Seater BS IV
Mumbai,2016,Petrol,Manual,First,21.4,1197,5,5.8,Maruti,Baleno Delta
Hyderabad,2012,Diesel,Automatic,First,12.07,2967,7,36.5,Audi,Q7 3.0 TDI Quattro Technology
Delhi,2012,Diesel,Automatic,Second,13.01,2199,7,9.5,Hyundai,Santa Fe 2WD AT
Coimbatore,2012,Petrol,Manual,First,0.0,999,5,3.48,Hyundai,Santro GLS I - Euro II
Mumbai,2013,Petrol,Manual,First,17.0,1497,5,4.55,Honda,City 1.5 V MT Exclusive
Jaipur,2012,Diesel,Manual,First,21.9,1396,5,3.9,Hyundai,i20 1.4 CRDi Magna
Pune,2007,Diesel,Manual,First,13.6,2523,7,2.7,Mahindra,Bolero SLE BSIII
Pune,2017,Diesel,Automatic,First,12.9,2755,7,31.0,Toyota,Fortuner 2.8 2WD AT
Bangalore,2009,Petrol,Automatic,Second,10.9,2497,5,10.3,BMW,3 Series 2005-2011 325i Sedan
Kolkata,2010,Diesel,Automatic,First,16.07,1995,5,7.75,BMW,3 Series 320d Sedan
Hyderabad,2012,Petrol,Manual,First,18.9,998,5,3.2,Maruti,Wagon R LXI
Delhi,2013,Diesel,Manual,First,25.47,1248,7,4.85,Maruti,Ertiga ZDI
Kochi,2016,Diesel,Automatic,Second,15.68,1999,5,34.08,Land,Rover Range Rover Evoque 2.0 TD4 Pure
Chennai,2017,Diesel,Manual,First,24.52,1248,7,8.1,Maruti,Ertiga SHVS VDI
Chennai,2016,Diesel,Manual,Second,25.0,1396,5,2.35,Tata,Indigo CS eVX
Pune,2012,Petrol,Manual,First,20.92,998,5,1.8,Maruti,Alto K10 LXI
Coimbatore,2015,Petrol,Manual,First,21.1,814,5,3.42,Hyundai,EON D Lite Plus
Mumbai,2010,Diesel,Automatic,Second,11.4,2953,7,5.34,Ford,Endeavour 3.0L 4X4 AT
Hyderabad,2018,Diesel,Automatic,First,12.62,2198,7,31.99,Ford,Endeavour 2.2 Titanium AT 4X2
Bangalore,2011,Diesel,Manual,First,20.54,1598,5,4.75,Volkswagen,Vento Diesel Highline
Mumbai,2014,Petrol,Automatic,First,19.12,1373,5,6.1,Maruti,Ciaz AT ZXi
Coimbatore,2013,Petrol,Manual,Second,21.1,814,5,3.69,Hyundai,EON D Lite Plus
Delhi,2012,Diesel,Automatic,Second,14.16,1968,5,15.0,Audi,Q5 2.0 TDI Premium Plus
Coimbatore,2016,Diesel,Manual,First,16.0,2179,7,14.5,Mahindra,XUV500 W10 AWD
Hyderabad,2013,Diesel,Manual,First,28.4,1248,5,5.65,Maruti,Swift VDI
Kolkata,2011,Diesel,Manual,First,21.1,1248,5,2.5,Maruti,Ritz VDi
Mumbai,2017,Diesel,Automatic,First,19.71,2143,5,38.5,Mercedes-Benz,New C-Class C 250 CDI Avantgarde
Kolkata,2014,Diesel,Manual,First,19.01,1461,5,5.49,Renault,Duster 110PS Diesel RxZ
Kolkata,2013,Petrol,Manual,First,19.1,1197,5,3.55,Maruti,Swift Dzire VXI
Jaipur,2014,Diesel,Manual,First,12.99,2494,7,10.75,Toyota,Innova 2.5 VX (Diesel) 7 Seater
Delhi,2016,Petrol,Manual,First,15.8,1591,5,11.0,Hyundai,Creta 1.6 SX Option
Ahmedabad,2014,Diesel,Manual,First,21.79,1248,5,4.5,Maruti,SX4 ZDI
Kochi,2014,Diesel,Manual,First,15.1,2179,7,8.42,Mahindra,XUV500 W8 2WD
Mumbai,2017,Petrol,Automatic,First,18.0,1497,5,11.6,Honda,City i-VTEC CVT VX
Kochi,2016,Diesel,Automatic,First,16.36,2179,5,33.63,Jaguar,XF 2.2 Litre Luxury
Pune,2008,Diesel,Manual,Third,17.8,1399,5,2.25,Ford,Fiesta 1.4 SXi TDCi ABS
Mumbai,2010,Petrol,Automatic,First,10.8,2497,5,12.95,BMW,5 Series 523i Sedan
Hyderabad,2010,Diesel,Manual,First,17.8,1248,5,4.25,Maruti,Swift VDI BSIV W ABS
Coimbatore,2014,Diesel,Automatic,First,17.68,1968,5,25.02,Audi,A6 2011-2015 2.0 TDI Premium Plus
Kochi,2014,Petrol,Manual,First,18.5,1198,5,3.95,Honda,Brio 1.2 VX MT
Mumbai,2011,Petrol,Automatic,First,16.8,1497,5,4.4,Honda,City 1.5 V AT
Bangalore,2015,Petrol,Manual,Third,16.47,1198,5,4.95,Volkswagen,Polo Petrol Comfortline 1.2L
Pune,2010,Diesel,Manual,Second,12.05,2179,8,5.5,Mahindra,Scorpio SLE BSIII
Mumbai,2011,Petrol,Manual,First,16.8,1497,5,3.25,Honda,City V MT
Kochi,2013,Petrol,Manual,First,15.0,1598,5,4.02,Skoda,Rapid 1.6 MPI Elegance
Coimbatore,2016,Diesel,Manual,First,16.0,2179,7,11.73,Mahindra,XUV500 W6 2WD
Chennai,2012,Diesel,Manual,First,15.0,1896,5,9.5,Volkswagen,Jetta 2007-2011 2.0 TDI Trendline
Hyderabad,2017,Petrol,Automatic,First,21.4,1197,5,8.6,Maruti,Baleno Alpha Automatic
Jaipur,2013,Diesel,Manual,First,25.8,1498,5,4.0,Honda,Amaze EX i-Dtech
Mumbai,2015,Petrol,Manual,First,15.04,1598,5,5.55,Volkswagen,Vento 1.6 Highline
Hyderabad,2015,Petrol,Manual,First,22.74,796,5,2.5,Maruti,Alto 800 LXI
Mumbai,2017,Diesel,Automatic,First,18.0,2993,7,41.6,Land,Rover Discovery HSE Luxury 3.0 TD6
Delhi,2015,Petrol,Automatic,First,18.0,1497,5,7.41,Honda,City i VTEC CVT VX
Mumbai,2014,Diesel,Manual,First,19.01,1461,5,6.5,Nissan,Terrano XL 110 PS
Mumbai,2008,Petrol,Manual,First,19.7,796,5,1.2,Maruti,Alto LXi
Bangalore,2015,Diesel,Manual,First,14.24,2755,7,23.0,Toyota,Fortuner 2.8 4WD MT
Kolkata,2012,Diesel,Manual,First,21.9,1396,5,2.74,Hyundai,i20 1.4 CRDi Magna
Hyderabad,2013,Diesel,Manual,First,20.0,1399,5,3.9,Ford,Figo Diesel Titanium
Ahmedabad,2017,Diesel,Manual,First,24.3,1248,5,8.0,Maruti,Vitara Brezza ZDi Plus
Chennai,2012,Diesel,Manual,Third,22.32,1582,5,4.0,Hyundai,Verna 1.6 SX
Mumbai,2016,Petrol,Automatic,First,12.95,1999,5,17.75,Hyundai,Tucson 2.0 Dual VTVT 2WD AT GL
Coimbatore,2013,Diesel,Manual,First,21.1,1248,5,5.05,Maruti,Ritz VDi
Mumbai,2011,Petrol,Automatic,First,10.8,1984,5,12.0,Audi,A4 2.0 TFSI
Kochi,2016,Diesel,Automatic,First,13.0,2143,5,29.6,Mercedes-Benz,E-Class E250 CDI Launch Edition
Jaipur,2015,Diesel,Manual,First,19.87,1461,5,6.5,Renault,Duster 85PS Diesel RxE
Mumbai,2014,Petrol,Automatic,First,15.5,1198,5,4.75,Honda,Amaze S AT i-Vtech
Coimbatore,2016,Diesel,Automatic,First,9.0,1984,5,24.36,Volvo,S60 D4 SUMMUM
Mumbai,2011,Petrol,Manual,Second,17.5,1197,5,3.2,Maruti,Swift Dzire 1.2 Lxi BSIV
Kolkata,2016,Petrol,Manual,First,22.5,998,5,3.6,Maruti,Wagon R VXI
Coimbatore,2017,Petrol,Manual,First,16.8,796,5,3.58,Maruti,Omni MPI STD BSIV
Delhi,2011,Diesel,Manual,First,21.5,1248,5,2.5,Maruti,SX4 VDI
Ahmedabad,2013,Diesel,Manual,Second,23.5,1498,5,3.5,Ford,Fiesta Titanium 1.5 TDCi
Delhi,2015,Petrol,Automatic,First,19.16,2494,5,25.0,Toyota,Camry Hybrid
Mumbai,2010,Petrol,Manual,Second,22.5,998,5,1.75,Maruti,Wagon R VXI
Bangalore,2005,Diesel,Automatic,First,11.0,2987,5,10.0,Mercedes-Benz,E-Class E270 CDI
Jaipur,2018,Petrol,Automatic,First,21.4,1197,5,7.75,Maruti,Baleno Zeta Automatic
Hyderabad,2016,Petrol,Manual,First,18.7,1199,5,6.45,Honda,Jazz 1.2 VX i VTEC
Pune,2017,Diesel,Automatic,First,15.4,2179,7,10.0,Mahindra,Scorpio S10 AT 4WD
Mumbai,2014,Petrol,Manual,First,16.47,1198,5,4.5,Volkswagen,Polo 1.2 MPI Trendline
Kolkata,2015,Petrol,Manual,First,17.0,1197,5,3.4,Hyundai,i20 1.2 Era
Mumbai,2010,Petrol,Automatic,First,12.1,2362,5,4.5,Toyota,Camry W4 (AT)
Hyderabad,2015,Petrol,Manual,First,18.9,998,5,4.3,Maruti,Wagon R VXI
Pune,2018,Diesel,Automatic,First,18.12,1995,5,46.0,BMW,5 Series 2013-2017 520d M Sport
Chennai,2016,Petrol,Automatic,First,24.07,998,5,3.4,Maruti,Alto K10 VXI AGS
Delhi,2013,Diesel,Automatic,First,14.84,2143,5,14.5,Mercedes-Benz,New C-Class 220 CDI AT
Delhi,2013,Petrol,Manual,First,24.7,796,5,2.1,Maruti,Alto 800 2016-2019 LXI
Mumbai,2012,Petrol,Manual,First,18.6,1197,5,3.65,Maruti,Swift VXI
Kolkata,2014,Petrol,Manual,First,18.2,1199,5,3.0,Chevrolet,Sail Hatchback 1.2 LS ABS
Ahmedabad,2009,Diesel,Manual,Second,23.0,1396,5,3.95,Hyundai,i20 Asta 1.4 CRDi (Diesel)
Delhi,2012,Diesel,Automatic,First,11.9,2496,5,6.75,Skoda,Superb 2.5 TDi AT
Kochi,2013,Diesel,Manual,First,21.43,1364,5,6.53,Toyota,Corolla Altis D-4D G
Hyderabad,2015,Diesel,Manual,First,13.0,2982,7,22.0,Toyota,Fortuner 4x2 Manual
Pune,2013,Petrol,Automatic,First,14.3,1598,5,4.75,Skoda,Rapid 1.6 MPI AT Elegance
Mumbai,2017,Petrol,Automatic,First,16.5,1198,5,5.99,Honda,Brio 1.2 VX AT
Jaipur,2011,Petrol,Manual,First,16.47,1198,5,3.05,Volkswagen,Polo Petrol Comfortline 1.2L
Delhi,2010,Petrol,Manual,First,16.47,1198,5,2.4,Volkswagen,Polo Petrol Comfortline 1.2L
Pune,2007,Petrol,Manual,Third,18.2,998,5,1.3,Maruti,Zen Estilo LXI BSIII
Kochi,2016,Diesel,Manual,First,23.59,1364,5,6.71,Toyota,Etios Cross 1.4L GD
Ahmedabad,2014,Diesel,Manual,Second,15.1,2179,7,7.2,Mahindra,XUV500 W8 2WD
Chennai,2016,Petrol,Automatic,First,18.9,1197,5,5.4,Hyundai,Grand i10 AT Asta
Kochi,2015,Diesel,Manual,First,22.7,1498,5,6.63,Ford,Ecosport 1.5 DV5 MT Titanium Optional
Mumbai,2016,CNG,Manual,First,17.5,1373,7,7.5,Maruti,Ertiga VXI CNG
Coimbatore,2018,Petrol,Automatic,First,18.0,1497,5,14.21,Honda,City i-VTEC CVT ZX
Kolkata,2010,Petrol,Manual,First,17.0,1497,5,3.0,Honda,City 1.5 V MT
Kochi,2017,Petrol,Manual,First,23.1,998,5,5.11,Maruti,Celerio ZXI MT
Pune,2011,Petrol,Manual,First,15.04,1598,5,3.39,Volkswagen,Vento Petrol Highline
Hyderabad,2017,Diesel,Automatic,First,11.36,2755,7,22.99,Toyota,Innova Crysta 2.8 ZX AT
Delhi,2009,Petrol,Manual,Second,18.5,1197,5,2.35,Hyundai,i20 Magna
Kolkata,2012,Diesel,Manual,First,23.2,1248,5,2.85,Maruti,Ritz VDi
Delhi,2014,Diesel,Automatic,First,17.68,1968,5,18.5,Audi,A6 2011-2015 2.0 TDI Premium Plus
Bangalore,2014,Petrol,Manual,First,13.24,1598,5,5.99,Renault,Duster Petrol RxL
Hyderabad,2008,Petrol,Manual,Second,13.5,1799,5,3.0,Honda,Civic 2006-2010 1.8 V MT
Jaipur,2016,Petrol,Manual,First,23.84,1199,5,3.6,Tata,Tiago 1.2 Revotron XT
Hyderabad,2014,Diesel,Automatic,First,16.55,1968,5,24.0,Audi,A4 2.0 TDI
Coimbatore,2015,Petrol,Manual,First,19.1,1197,5,6.26,Maruti,Swift Dzire VXI
Hyderabad,2010,Diesel,Manual,First,14.24,2755,7,13.7,Toyota,Fortuner 2.8 4WD MT
Mumbai,2016,Diesel,Automatic,First,15.26,2143,5,35.0,Mercedes-Benz,M-Class ML 250 CDI
Kochi,2015,Diesel,Manual,First,21.9,1396,5,5.02,Hyundai,i20 Magna 1.4 CRDi
Mumbai,2015,Petrol,Manual,First,21.5,1197,5,3.1,Maruti,Wagon R VXI 1.2
Bangalore,2012,Diesel,Manual,First,20.54,1598,5,5.5,Volkswagen,Vento Diesel Highline
Kolkata,2014,Petrol,Manual,First,19.1,1197,5,3.59,Maruti,Swift Dzire VXI
Kolkata,2015,Diesel,Manual,First,20.4,1248,5,4.65,Fiat,Linea Emotion (Diesel)
Bangalore,2009,Petrol,Manual,Third,17.0,1497,5,3.8,Honda,City 1.5 V MT
Hyderabad,2016,Diesel,Manual,First,19.67,1582,5,12.5,Hyundai,Creta 1.6 SX Plus Diesel
Hyderabad,2017,Diesel,Manual,First,25.6,1498,5,12.9,Honda,City i-DTEC ZX
Hyderabad,2015,Petrol,Manual,First,14.0,796,5,2.35,Maruti,Omni 8 Seater BSIV
Chennai,2015,Petrol,Manual,First,20.4,1197,5,4.15,Maruti,Swift LXI Option
Coimbatore,2012,Diesel,Automatic,First,14.0,2987,5,22.58,Mercedes-Benz,M-Class ML 350 CDI Corporate
Ahmedabad,2016,Petrol,Manual,First,24.7,796,5,2.65,Maruti,Alto 800 2016-2019 LXI
Delhi,2010,Petrol,Manual,Second,15.6,1196,5,2.25,Ford,Figo Petrol Titanium
Hyderabad,2016,Diesel,Manual,First,13.68,2393,7,16.0,Toyota,Innova Crysta 2.4 G MT
Mumbai,2013,Diesel,Automatic,First,18.48,1995,5,19.5,BMW,5 Series 2003-2012 520d
Bangalore,2015,Diesel,Automatic,First,13.01,2199,7,21.0,Hyundai,Santa Fe 4WD AT
Ahmedabad,2012,Diesel,Automatic,Second,22.48,1995,5,17.5,BMW,5 Series 520d Luxury Line
Hyderabad,2010,Diesel,Manual,Second,17.8,1399,5,2.41,Ford,Fiesta EXi 1.4 TDCi Ltd
Bangalore,2012,Diesel,Manual,Second,23.59,1364,5,4.45,Toyota,Etios GD
Coimbatore,2014,Diesel,Automatic,Second,12.7,2179,5,29.93,Land,Rover Range Rover 2.2L Prestige
Kolkata,2009,Petrol,Manual,First,19.7,796,5,1.02,Maruti,Alto LX
Jaipur,2009,Diesel,Manual,First,11.5,2982,7,11.0,Toyota,Fortuner 3.0 Diesel
Mumbai,2013,Petrol,Manual,First,15.8,1499,5,5.35,Ford,Ecosport 1.5 Ti VCT MT Titanium
Mumbai,2017,Petrol,Manual,First,21.4,1197,5,5.65,Maruti,Baleno Sigma 1.2
Mumbai,2015,Diesel,Automatic,First,23.8,1998,5,22.0,Mini,Cooper Countryman D High
Mumbai,2013,Petrol,Automatic,First,17.01,1591,5,5.95,Hyundai,Verna 1.6 VTVT EX AT
Pune,2011,Diesel,Manual,Third,20.0,1399,5,2.35,Ford,Figo Diesel Titanium
Pune,2014,Diesel,Manual,Second,25.8,1498,5,4.1,Honda,Amaze S i-Dtech
Pune,2012,Diesel,Manual,First,19.01,1461,5,5.4,Renault,Duster 110PS Diesel RxZ
Delhi,2017,Diesel,Manual,First,23.0,1498,5,8.45,Ford,EcoSport 1.5 Diesel Titanium
Jaipur,2013,Diesel,Automatic,Second,11.2,2993,4,42.5,BMW,X6 xDrive30d
Mumbai,2010,Diesel,Manual,First,14.24,2755,7,10.75,Toyota,Fortuner 2.8 4WD MT
Pune,2010,LPG,Manual,Second,13.45,1086,5,1.65,Hyundai,Santro Xing GLS LPG
Kochi,2015,Diesel,Automatic,First,11.18,2696,7,11.03,Mahindra,Ssangyong Rexton RX7
Kolkata,2016,Petrol,Manual,First,23.1,998,5,3.5,Maruti,Celerio VXI
Jaipur,2016,Petrol,Manual,First,18.6,1197,5,6.3,Hyundai,i20 Sportz 1.2
Bangalore,2014,Petrol,Manual,First,18.88,999,5,6.75,Ford,EcoSport 1.0 Ecoboost Titanium Plus
Jaipur,2017,Diesel,Manual,First,26.21,1248,5,7.5,Maruti,Ciaz VDi
Pune,2013,Diesel,Automatic,First,17.11,1968,5,15.5,Audi,A4 2.0 TDI 177 Bhp Premium Plus
Delhi,2015,Petrol,Manual,First,18.0,1198,5,4.65,Honda,Amaze S i-Vtech
Kochi,2016,Petrol,Automatic,First,15.63,1499,5,7.58,Ford,EcoSport 1.5 Ti VCT AT Titanium
Hyderabad,2013,Petrol,Manual,First,20.92,998,5,2.2,Maruti,Alto K10 2010-2014 VXI
Bangalore,2011,Diesel,Automatic,Third,16.77,2967,5,21.0,Audi,A6 3.0 TDI quattro
Kolkata,2011,Diesel,Automatic,First,18.33,1968,5,5.25,Volkswagen,Passat Diesel Highline 2.0 TDI
Kochi,2016,Diesel,Manual,First,28.4,1248,5,5.22,Maruti,Swift VDI
Chennai,2011,Diesel,Manual,Third,19.2,1461,5,2.0,Mahindra,Logan Diesel 1.5 DLS
Kochi,2018,Petrol,Manual,First,21.56,1462,5,9.18,Maruti,Ciaz Alpha
Coimbatore,2013,Petrol,Manual,First,26.0,624,4,1.74,Tata,Nano Lx
Delhi,2011,Petrol,Automatic,First,16.8,1497,5,4.45,Honda,City 1.5 V AT
Coimbatore,2017,Petrol,Manual,First,18.16,1196,5,4.95,Ford,Figo 2015-2019 1.2P Trend MT
Delhi,2014,Diesel,Manual,First,22.54,1396,5,5.64,Hyundai,i20 Sportz 1.4 CRDi
Mumbai,2016,Petrol,Manual,First,18.88,1499,5,6.9,Ford,EcoSport 1.5 Ti VCT MT Titanium BE
Hyderabad,2011,Diesel,Automatic,First,16.55,1968,5,13.95,Audi,A4 2.0 TDI
Hyderabad,2013,Diesel,Automatic,Second,20.58,1995,5,17.0,BMW,1 Series 118d Sport Line
Bangalore,2012,Diesel,Manual,Second,13.93,2179,7,4.6,Tata,Safari DICOR 2.2 LX 4x2
Jaipur,2010,Diesel,Manual,Second,12.05,2179,8,5.21,Mahindra,Scorpio VLX 4WD AIRBAG BSIV
Coimbatore,2017,Petrol,Manual,First,15.29,1591,5,12.34,Hyundai,Creta 1.6 SX Plus Dual Tone Petrol
Chennai,2006,Petrol,Manual,First,16.9,1497,5,1.5,Honda,City ZX VTEC
Delhi,2015,Diesel,Automatic,First,17.05,1995,5,22.99,BMW,X1 sDrive 20d Sportline
Mumbai,2011,Petrol,Automatic,First,9.0,3436,2,43.0,Porsche,Cayman 2009-2012 S tiptronic
Hyderabad,2010,Diesel,Automatic,First,14.7,2993,6,40.0,Land,Rover Range Rover Sport 2005 2012 HSE
Chennai,2008,Petrol,Manual,Third,19.7,796,5,1.2,Maruti,Alto LXi BSIII
Mumbai,2011,Petrol,Automatic,First,19.2,1197,5,2.9,Hyundai,i10 Asta Sunroof AT
Delhi,2016,Petrol,Automatic,First,14.62,1999,5,13.9,Hyundai,Elantra 2.0 SX Option AT
Delhi,2016,Diesel,Manual,Second,28.09,1248,5,7.85,Maruti,Ciaz RS ZDi Plus SHVS
Coimbatore,2016,Diesel,Automatic,First,15.3,2993,5,54.45,BMW,X5 xDrive 30d
Mumbai,2011,Diesel,Manual,First,20.64,1498,5,3.25,Volkswagen,Vento 1.5 TDI Trendline
Mumbai,2015,Petrol,Manual,First,17.8,1497,5,7.1,Honda,City i VTEC V
Kolkata,2017,Petrol,Manual,First,20.4,1197,5,4.65,Maruti,Swift VXI BSIV
Kolkata,2012,Diesel,Manual,First,19.33,1968,5,5.0,Volkswagen,Jetta 2012-2014 2.0L TDI Comfortline
Delhi,2015,Petrol,Manual,First,18.6,1197,5,4.95,Hyundai,i20 Sportz 1.2
Bangalore,2014,Diesel,Manual,First,15.1,2179,7,9.8,Mahindra,XUV500 W8 2WD
Coimbatore,2019,Diesel,Automatic,First,18.0,2987,5,78.8,Mercedes-Benz,E-Class E 350 d
Kolkata,2015,Petrol,Manual,First,23.1,998,5,2.99,Maruti,Celerio LXI
Mumbai,2014,Petrol,Manual,First,15.04,1598,5,4.45,Volkswagen,Vento 1.6 Highline
Pune,2011,Petrol,Manual,Second,23.9,624,4,0.75,Tata,Nano XT
Delhi,2016,CNG,Manual,First,25.0,1197,5,5.0,Hyundai,Xcent 1.2 Kappa S Option CNG
Chennai,2014,Diesel,Manual,Second,22.77,1498,5,5.0,Ford,EcoSport 1.5 TDCi Titanium
Coimbatore,2015,Petrol,Automatic,First,14.62,1999,5,9.69,Hyundai,Elantra 2.0 SX Option AT
Coimbatore,2015,Diesel,Manual,First,18.2,1248,8,5.5,Chevrolet,Enjoy 1.3 TCDi LTZ 8
Chennai,2017,Diesel,Automatic,First,15.97,2993,5,65.0,BMW,X5 xDrive 30d M Sport
Jaipur,2015,Diesel,Manual,First,20.14,1498,5,5.11,Volkswagen,Polo 1.5 TDI Highline
Mumbai,2012,Petrol,Manual,First,16.25,1198,5,2.19,Skoda,Fabia 1.2 MPI Ambition Plus
Chennai,2012,Diesel,Manual,First,20.54,1598,5,4.25,Volkswagen,Vento Diesel Comfortline
Hyderabad,2013,Diesel,Automatic,First,11.18,2696,7,14.5,Mahindra,Ssangyong Rexton RX7
Mumbai,2014,Diesel,Manual,First,19.87,1461,5,5.65,Nissan,Terrano XL D Option
Ahmedabad,2016,Diesel,Automatic,Second,12.9,2755,7,22.5,Toyota,Fortuner 2.8 2WD AT
Jaipur,2004,Petrol,Automatic,Second,11.3,1794,5,1.5,Toyota,Corolla H4
Kochi,2012,Petrol,Manual,First,20.36,1197,5,3.2,Hyundai,i10 Sportz
Bangalore,2012,Diesel,Manual,First,23.0,1396,5,4.5,Hyundai,i20 1.4 CRDi Sportz
Pune,2014,Diesel,Manual,Second,25.8,1498,5,4.5,Honda,Amaze S i-Dtech
Jaipur,2014,Diesel,Automatic,First,22.32,1582,5,8.0,Hyundai,Verna 1.6 SX CRDI (O) AT
Mumbai,2018,Diesel,Automatic,First,17.9,2143,5,28.9,Mercedes-Benz,GLA Class 200 d Sport
Coimbatore,2015,Diesel,Manual,First,20.14,1498,5,4.1,Volkswagen,Polo 1.5 TDI Trendline
Hyderabad,2006,Petrol,Automatic,First,0.0,999,5,2.3,Hyundai,Santro AT
Kochi,2017,Petrol,Automatic,First,21.4,1197,5,7.22,Maruti,Baleno Zeta Automatic
Hyderabad,2014,Diesel,Manual,First,22.9,1248,5,5.8,Maruti,Swift VDI
Chennai,2013,Diesel,Manual,Second,14.0,2489,8,3.5,Mahindra,Xylo D2 BSIV
Bangalore,2013,Diesel,Manual,Second,22.7,1498,5,6.35,Ford,Ecosport 1.5 DV5 MT Trend
Delhi,2015,Diesel,Manual,First,15.1,2179,7,8.85,Mahindra,XUV500 W8 2WD
Hyderabad,2010,Petrol,Manual,Second,18.6,1199,5,2.0,Chevrolet,Beat LS
Bangalore,2012,Petrol,Manual,First,17.01,1591,5,5.5,Hyundai,Verna 1.6 VTVT
Kolkata,2014,Petrol,Manual,Second,18.9,1197,5,2.3,Hyundai,Grand i10 Asta
Bangalore,2014,Diesel,Manual,First,19.01,1461,5,7.95,Renault,Duster 110PS Diesel RxZ
Coimbatore,2016,Petrol,Manual,First,19.1,1197,5,6.16,Hyundai,Xcent 1.2 Kappa S Option
Delhi,2012,Petrol,Manual,First,20.36,1197,5,2.85,Hyundai,i10 Sportz
Delhi,2016,Petrol,Automatic,First,13.7,1991,5,25.0,Mercedes-Benz,GLA Class 200 Sport Edition
Coimbatore,2008,Diesel,Manual,First,15.8,2148,5,10.36,Mercedes-Benz,New C-Class 220 CDI MT
Delhi,2016,Petrol,Automatic,First,15.04,1991,5,26.0,Mercedes-Benz,CLA 200 Sport Edition
Kolkata,2013,Diesel,Manual,First,22.32,1582,5,4.35,Hyundai,Verna 1.6 SX CRDi (O)
Delhi,2015,Diesel,Manual,First,26.59,1248,5,5.0,Maruti,Swift Dzire LDI
Ahmedabad,2014,Petrol,Manual,First,20.36,1197,5,3.67,Hyundai,i10 Sportz
Delhi,2014,Diesel,Manual,First,14.0,2179,7,6.0,Tata,Safari Storme Explorer Edition
Coimbatore,2018,Petrol,Manual,First,18.9,1197,5,6.34,Hyundai,Grand i10 Asta
Chennai,2012,Petrol,Automatic,Second,16.82,1998,4,22.0,Mini,Cooper Convertible S
Delhi,2006,Petrol,Manual,Second,13.4,1794,5,1.67,Toyota,Corolla H5
Kolkata,2014,Petrol,Manual,First,14.28,1798,5,7.95,Toyota,Corolla Altis G MT
Kochi,2018,Petrol,Manual,First,10.4,2393,5,9.74,Maruti,Grand Vitara 2.4 MT
Chennai,2011,Diesel,Manual,Second,16.0,1997,7,6.0,Mahindra,XUV500 W8 1.99 mHawk
Mumbai,2013,Petrol,Automatic,First,17.44,1998,4,21.5,Mini,Cooper 3 DOOR S
Pune,2014,CNG,Manual,First,33.54,998,5,3.9,Maruti,Wagon R CNG LXI
Jaipur,2009,Diesel,Manual,Second,21.1,1248,5,2.35,Maruti,Ritz VDi
Delhi,2012,Diesel,Manual,Second,22.07,1199,5,2.65,Volkswagen,Polo Diesel Comfortline 1.2L
Kochi,2011,Petrol,Manual,First,20.36,1197,5,3.16,Hyundai,i10 Magna
Jaipur,2009,Petrol,Manual,Second,19.0,998,5,2.05,Maruti,A-Star Vxi
Hyderabad,2013,CNG,Manual,Second,26.6,998,5,2.95,Maruti,Wagon R LXI CNG
Hyderabad,2014,Petrol,Manual,First,20.51,998,5,3.9,Maruti,Wagon R Stingray LXI
Coimbatore,2017,Diesel,Manual,Second,24.2,1498,7,6.68,Honda,Mobilio S i DTEC
Jaipur,2017,Petrol,Manual,Second,21.1,814,5,3.5,Hyundai,EON Era Plus
Mumbai,2017,Petrol,Automatic,First,14.84,1598,5,8.11,Skoda,Rapid 1.6 MPI AT Ambition
Delhi,2017,Diesel,Manual,First,28.09,1248,5,8.3,Maruti,Ciaz VDi Plus SHVS
Coimbatore,2016,Diesel,Automatic,First,15.26,2143,5,45.61,Mercedes-Benz,M-Class ML 250 CDI
Pune,2010,Diesel,Automatic,First,20.0,1968,5,4.45,Skoda,Laura Elegance 2.0 TDI CR AT
Delhi,2017,Diesel,Manual,First,24.3,1248,5,7.85,Maruti,Vitara Brezza VDi Option
Hyderabad,2011,LPG,Manual,First,13.45,1086,5,3.1,Hyundai,Santro Xing GLS LPG
Kolkata,2014,Diesel,Manual,First,24.0,1120,5,3.75,Hyundai,Grand i10 CRDi Sportz
Delhi,2017,Diesel,Manual,First,25.47,1248,7,7.65,Maruti,Ertiga VDI
Ahmedabad,2013,Petrol,Manual,First,17.0,1197,5,4.9,Hyundai,i20 1.2 Sportz
Coimbatore,2018,Diesel,Automatic,First,16.0,2179,7,16.52,Mahindra,XUV500 AT W10 FWD
Kochi,2016,Petrol,Automatic,First,13.7,1798,5,14.05,Skoda,Superb Elegance 1.8 TSI AT
Kochi,2016,Petrol,Manual,First,20.73,1373,5,6.75,Maruti,Ciaz VXi Plus
Kolkata,2016,Diesel,Manual,First,19.67,1582,5,9.2,Hyundai,Creta 1.6 CRDi SX
Chennai,2012,Diesel,Manual,Third,23.59,1364,5,3.0,Toyota,Etios GD
Chennai,2008,Petrol,Manual,Second,17.0,1497,5,2.75,Honda,City 1.5 S MT
Hyderabad,2016,Diesel,Manual,First,13.5,2198,7,20.5,Ford,Endeavour 2.2 Trend MT 4X4
Pune,2012,Diesel,Manual,First,21.9,1396,5,4.25,Hyundai,i20 2015-2017 1.4 Magna ABS
Kolkata,2016,Petrol,Manual,First,17.0,1497,5,6.0,Ford,EcoSport 1.5 Petrol Trend
Coimbatore,2015,Petrol,Manual,Second,17.0,1197,5,6.0,Hyundai,i20 1.2 Sportz
Ahmedabad,2008,Petrol,Manual,First,16.1,1298,5,2.41,Maruti,Swift VXI BSIII
Hyderabad,2015,Petrol,Automatic,First,19.0,1199,5,7.25,Honda,Jazz V CVT
Kochi,2014,Diesel,Manual,First,11.1,2400,7,23.65,Volvo,XC90 2007-2015 D5 AWD
Delhi,2016,Petrol,Manual,First,21.4,1197,5,6.5,Maruti,Baleno Alpha 1.2
Kochi,2017,Diesel,Automatic,Second,17.9,2143,5,18.06,Mercedes-Benz,GLA Class 200 CDI SPORT
Hyderabad,2016,Petrol,Manual,First,25.17,799,5,3.2,Renault,KWID RXT
Coimbatore,2017,Petrol,Manual,First,18.16,1196,5,6.42,Ford,Figo 2015-2019 1.2P Titanium Opt MT
Jaipur,2015,Diesel,Manual,First,13.0,2982,7,23.0,Toyota,Fortuner 4x2 Manual
Chennai,2013,Petrol,Manual,First,17.0,1497,5,5.9,Honda,City 1.5 S MT
Pune,2014,Diesel,Manual,First,15.4,2523,7,7.75,Mahindra,Scorpio S2 7 Seater
Hyderabad,2012,Diesel,Automatic,First,13.2,1995,5,15.0,BMW,3 Series 320d
Jaipur,2017,Diesel,Manual,First,24.3,1248,5,9.0,Maruti,Vitara Brezza ZDi Plus
Delhi,2011,Petrol,Automatic,First,11.74,1796,5,11.5,Mercedes-Benz,New C-Class C 200 CGI Elegance
Kolkata,2012,Petrol,Manual,Second,17.01,1591,5,6.2,Hyundai,Verna 1.6 VTVT
Kochi,2017,Diesel,Manual,First,24.0,1186,5,5.92,Hyundai,Grand i10 1.2 CRDi Sportz
Kolkata,2016,Diesel,Manual,First,20.14,1498,5,6.29,Volkswagen,Polo 1.5 TDI Highline
Kochi,2014,Petrol,Manual,First,18.0,1198,5,4.12,Honda,Amaze S i-Vtech
Pune,2007,Petrol,Automatic,Third,10.1,2354,5,3.8,Honda,CR-V 2.4 AT
Ahmedabad,2014,Petrol,Manual,First,17.92,1086,5,2.7,Hyundai,Santro Xing GL Plus
Coimbatore,2017,Diesel,Automatic,First,15.0,2143,5,20.28,Mercedes-Benz,B Class B200 CDI
Delhi,2014,Petrol,Manual,First,18.0,1198,5,3.9,Honda,Amaze S i-Vtech
Pune,2014,Diesel,Automatic,Second,12.55,2982,7,16.5,Toyota,Fortuner 4x2 AT
Pune,2011,Petrol,Manual,First,17.01,1591,5,3.7,Hyundai,Verna 1.6 VTVT
Delhi,2016,Diesel,Automatic,First,10.5,2993,4,79.0,Jaguar,XJ 3.0L Portfolio
Mumbai,2013,Diesel,Automatic,First,22.69,1995,5,17.99,BMW,3 Series 320d
Jaipur,2013,Diesel,Manual,First,21.9,1396,5,3.9,Hyundai,i20 Magna 1.4 CRDi (Diesel)
Chennai,2012,Diesel,Manual,First,18.5,1399,5,3.12,Ford,Figo Diesel EXI Option
Pune,2007,Petrol,Manual,First,14.0,1061,5,1.65,Maruti,Wagon R LXI BSIII
Kolkata,2015,Petrol,Manual,First,19.1,1197,5,3.5,Hyundai,Xcent 1.2 Kappa S Option
Chennai,2015,Diesel,Manual,Second,14.02,2179,7,4.85,Mahindra,Xylo H4
Coimbatore,2018,Diesel,Automatic,First,19.27,2143,5,39.22,Mercedes-Benz,New C-Class C 220d Avantgarde Edition C
Kolkata,2007,Petrol,Manual,Second,20.36,1197,5,2.0,Hyundai,i10 Magna
Mumbai,2010,Diesel,Manual,Second,11.5,2982,7,10.45,Toyota,Fortuner 3.0 Diesel
Chennai,2016,Petrol,Automatic,First,19.16,2494,5,27.0,Toyota,Camry Hybrid
Kolkata,2011,Diesel,Manual,First,20.0,1399,5,2.25,Ford,Figo Diesel ZXI
Kolkata,2014,Petrol,Manual,First,19.1,1197,5,3.45,Hyundai,Xcent 1.2 Kappa S Option
Kochi,2016,Petrol,Manual,First,18.6,1197,5,6.14,Hyundai,i20 Sportz 1.2
Jaipur,2012,LPG,Manual,Second,19.2,1086,5,2.85,Hyundai,i10 Magna LPG
Chennai,2015,CNG,Manual,First,24.6,1193,5,3.25,Tata,Indigo CS Emax CNG GLX
Hyderabad,2011,Diesel,Manual,First,28.4,1248,5,4.0,Maruti,Dzire VDI
Kolkata,2010,Petrol,Manual,First,17.0,1497,5,2.59,Honda,City 1.5 S MT
Delhi,2017,Diesel,Manual,First,27.39,1248,5,6.96,Maruti,Baleno Delta 1.3
Kolkata,2011,Petrol,Manual,First,18.3,1197,5,2.19,Toyota,Etios Liva G
Jaipur,2016,Petrol,Manual,First,21.1,814,5,3.0,Hyundai,EON Era Plus
Delhi,2012,Diesel,Manual,First,20.14,1498,5,3.6,Volkswagen,Polo 1.5 TDI Highline
Coimbatore,2014,Diesel,Manual,Second,25.44,936,5,3.7,Chevrolet,Beat Diesel LS
Ahmedabad,2013,Diesel,Automatic,First,22.48,1995,5,21.75,BMW,5 Series 520d Luxury Line
Mumbai,2017,Diesel,Automatic,First,17.9,2143,5,45.0,Mercedes-Benz,GLC 220d 4MATIC Sport
Coimbatore,2011,Petrol,Manual,Second,24.07,998,5,3.19,Maruti,Alto K10 VXI
Coimbatore,2015,Petrol,Manual,First,20.14,1197,5,6.2,Hyundai,Xcent 1.2 VTVT S
Coimbatore,2013,Petrol,Manual,First,19.81,1086,5,3.96,Hyundai,i10 Magna 1.1
Kolkata,2009,Diesel,Manual,First,13.5,1405,5,0.82,Tata,Indica DLS
Jaipur,2016,Diesel,Manual,First,23.4,1248,5,4.5,Maruti,Swift Dzire Tour LDI
Mumbai,2017,Diesel,Manual,First,25.4,1186,5,3.55,Hyundai,Xcent 1.2 CRDi E Plus
Chennai,2014,Diesel,Manual,First,22.71,1461,5,5.5,Nissan,Sunny Diesel XV
Mumbai,2016,Petrol,Manual,First,15.8,1591,5,10.25,Hyundai,Creta 1.6 SX Option
Delhi,2017,Diesel,Automatic,First,12.9,2755,7,30.0,Toyota,Fortuner 2.8 2WD AT
Pune,2014,Petrol,Manual,Second,18.5,1197,5,3.5,Maruti,Ritz VXi
Delhi,2014,Diesel,Manual,First,23.08,1461,5,3.1,Renault,Pulse RxL
Hyderabad,2010,Petrol,Manual,First,17.5,1198,5,3.25,Skoda,Fabia 1.2 MPI Ambiente Petrol
Mumbai,2017,Diesel,Manual,First,23.0,1498,5,8.99,Ford,EcoSport 1.5 Diesel Titanium
Kolkata,2015,Petrol,Manual,First,15.04,1598,5,3.99,Volkswagen,Vento Petrol Comfortline
Mumbai,2015,Diesel,Manual,Second,19.01,1461,5,6.0,Nissan,Terrano XV 110 PS
Mumbai,2015,Diesel,Automatic,First,15.73,1968,5,18.25,Audi,Q3 2012-2015 35 TDI Quattro Premium
Delhi,2012,Diesel,Manual,First,12.99,2494,7,7.75,Toyota,Innova 2.5 GX (Diesel) 7 Seater
Delhi,2017,Petrol,Manual,Second,17.57,1193,5,4.5,Tata,Zest Revotron 1.2T XE
Bangalore,2014,Diesel,Manual,First,11.5,2982,7,16.75,Toyota,Fortuner 3.0 Diesel
Pune,2012,Diesel,Automatic,First,16.09,1995,5,17.5,BMW,X3 xDrive20d
Chennai,2016,Diesel,Manual,First,22.7,1598,5,7.7,Maruti,SX4 S Cross DDiS 320 Zeta
Pune,2012,Petrol,Manual,Second,17.0,1497,5,4.45,Honda,City 1.5 S MT
Jaipur,2015,Diesel,Manual,First,26.59,1248,5,5.25,Maruti,Swift Dzire LDI
Kochi,2017,Diesel,Automatic,First,22.69,1995,5,33.66,BMW,3 Series 320d M Sport
Chennai,2013,Petrol,Automatic,Second,19.34,1198,5,2.8,Nissan,Micra XV CVT
Coimbatore,2018,Petrol,Automatic,First,21.4,1197,5,8.47,Maruti,Baleno Zeta Automatic
Coimbatore,2018,Diesel,Manual,First,26.21,1248,5,9.32,Maruti,Ciaz ZDi Plus
Coimbatore,2017,Diesel,Automatic,First,17.9,2143,5,27.43,Mercedes-Benz,CLA 200 CDI Style
Delhi,2015,Diesel,Manual,First,24.5,1498,7,6.5,Honda,Mobilio RS i DTEC
Delhi,2014,Diesel,Manual,First,12.99,2494,8,9.5,Toyota,Innova 2.5 GX (Diesel) 8 Seater
Kochi,2015,Diesel,Automatic,First,14.74,2993,5,31.8,Jaguar,XF 3.0 Litre S Premium Luxury
Chennai,2013,Petrol,Manual,Second,17.6,1496,5,4.2,Toyota,Etios Petrol TRD Sportivo
Kochi,2013,Diesel,Manual,First,25.44,936,5,3.85,Chevrolet,Beat Diesel LS
Delhi,2012,Petrol,Manual,Second,12.8,2354,5,6.0,Honda,Accord 2.4 M/T
Hyderabad,2007,Petrol,Manual,First,19.7,796,5,1.65,Maruti,Alto LXi
Bangalore,2013,Diesel,Automatic,First,19.3,1968,5,14.5,Skoda,Octavia Ambition 2.0 TDI AT
Delhi,2011,Diesel,Manual,First,12.8,2494,7,7.1,Toyota,Innova 2.5 V Diesel 7-seater
Chennai,2016,Diesel,Automatic,First,17.11,1968,5,28.0,Audi,A4 35 TDI Premium Sport
Kochi,2017,Diesel,Manual,First,24.3,1248,5,9.38,Maruti,Vitara Brezza ZDi Plus Dual Tone
Kochi,2016,Petrol,Manual,First,18.9,1197,5,4.78,Hyundai,Grand i10 Sportz
Chennai,2003,Petrol,Manual,Second,13.4,1794,5,1.7,Toyota,Corolla DX
Coimbatore,2019,Diesel,Automatic,First,17.6,2179,7,17.85,Tata,Hexa XTA
Pune,2010,Petrol,Manual,Second,17.0,1197,5,2.75,Hyundai,i20 2015-2017 1.2 Asta
Mumbai,2014,Petrol,Manual,First,17.01,1591,5,5.95,Hyundai,Verna 1.6 SX VTVT
Mumbai,2011,Petrol,Manual,First,14.0,796,5,1.5,Maruti,Omni 8 Seater BSIV
Kochi,2019,Petrol,Manual,First,24.7,796,5,3.8,Maruti,Alto 800 2016-2019 VXI
Bangalore,2017,Diesel,Automatic,First,19.27,2143,5,38.5,Mercedes-Benz,New C-Class C 220d Avantgarde Edition C
Jaipur,2011,Petrol,Manual,First,19.81,1086,5,2.15,Hyundai,i10 Era 1.1
Mumbai,2010,Petrol,Automatic,Second,14.67,1798,5,3.75,Skoda,Superb Style 1.8 TSI AT
Mumbai,2016,Diesel,Automatic,First,21.5,1498,5,8.95,Volkswagen,Vento 1.5 TDI Highline AT
Hyderabad,2013,Diesel,Manual,First,17.8,1248,5,5.0,Maruti,Swift VDI BSIV
Pune,2010,Petrol,Manual,First,14.8,1799,5,2.95,Honda,Civic 2010-2013 1.8 V MT
Coimbatore,2010,Petrol,Automatic,First,12.05,1995,5,10.49,BMW,3 Series 320i Sedan
Hyderabad,2007,Petrol,Manual,Second,17.92,1086,5,1.85,Hyundai,Santro Xing GLS
Hyderabad,2016,Diesel,Manual,First,17.8,1248,5,6.45,Maruti,Swift VDI BSIV
Jaipur,2009,Petrol,Automatic,First,11.1,2354,5,5.25,Honda,Accord 2001-2003 2.3 VTi L AT
Kolkata,2014,Diesel,Manual,First,20.77,1248,7,5.99,Maruti,Ertiga VDI
Kochi,2015,Diesel,Manual,First,18.6,1388,5,3.82,Ford,Fiesta Classic 1.4 Duratorq LXI
Hyderabad,2012,Diesel,Automatic,First,12.07,2967,7,39.0,Audi,Q7 3.0 TDI Quattro Premium Plus
Coimbatore,2016,Diesel,Automatic,First,17.11,1968,5,25.75,Audi,A4 35 TDI Premium
Hyderabad,2012,Diesel,Manual,First,22.3,1248,5,2.2,Tata,Indica Vista Quadrajet VX
Chennai,2008,Diesel,Manual,Second,18.1,1493,5,2.0,Hyundai,Verna CRDi ABS
Mumbai,2018,Diesel,Automatic,First,16.1,1950,5,56.5,Mercedes-Benz,E-Class E 220 d
Mumbai,2014,Diesel,Automatic,Second,22.69,1995,5,21.0,BMW,3 Series 320d Luxury Line
Ahmedabad,2014,Diesel,Manual,First,24.0,1120,5,4.0,Hyundai,Grand i10 CRDi Asta
Coimbatore,2011,Petrol,Automatic,First,16.95,1197,5,3.83,Hyundai,i10 Sportz AT
Kochi,2016,Petrol,Manual,First,16.1,1197,5,5.89,Maruti,Swift VXi BSIV
Kolkata,2010,Petrol,Manual,First,17.92,1086,5,1.36,Hyundai,Santro Xing GLS
Delhi,2013,Diesel,Automatic,Second,17.54,2993,4,44.0,BMW,6 Series Gran Coupe
Mumbai,2014,CNG,Manual,First,22.1,1586,5,3.26,Maruti,SX4 Green Vxi (CNG)
Bangalore,2016,Petrol,Manual,First,17.43,1396,5,8.0,Hyundai,Verna 1.4 VTVT
Ahmedabad,2012,Diesel,Manual,First,23.4,1248,5,4.25,Maruti,Swift Dzire ZDI
Pune,2018,Diesel,Manual,First,28.4,1248,5,6.0,Maruti,Swift VDI
Kochi,2016,Diesel,Automatic,First,19.5,1968,5,16.61,Skoda,Octavia 2.0 TDI AT Style Plus
Coimbatore,2013,Diesel,Manual,First,19.6,1461,5,7.26,Renault,Duster 110PS Diesel RxL
Bangalore,2005,Diesel,Manual,First,10.5,2179,8,4.0,Mahindra,Scorpio 2.6 CRDe
Ahmedabad,2016,Diesel,Automatic,First,18.12,1995,5,34.51,BMW,5 Series 2013-2017 520d Luxury Line
Chennai,2003,Petrol,Manual,Third,17.3,1061,5,0.95,Maruti,Wagon R VXI BSIII
Hyderabad,2007,Petrol,Manual,First,14.0,1061,5,2.2,Maruti,Wagon R LXI BSIII
Mumbai,2017,Petrol,Manual,First,18.6,1197,5,5.75,Hyundai,i20 Sportz 1.2
Pune,2005,CNG,Manual,Third,17.0,1086,5,1.2,Hyundai,Santro Xing XO CNG
Delhi,2016,Diesel,Automatic,First,18.0,2993,7,36.75,Land,Rover Discovery SE 3.0 TD6
Hyderabad,2009,Petrol,Automatic,Second,11.7,1796,5,10.0,Mercedes-Benz,New C-Class 230 Avantgarde
Mumbai,2012,Diesel,Manual,First,21.64,1461,5,4.05,Nissan,Sunny 2011-2014 Diesel XV
Hyderabad,2011,Diesel,Automatic,First,12.07,2967,7,22.0,Audi,Q7 3.0 TDI quattro
Coimbatore,2017,Diesel,Automatic,First,17.9,2143,5,27.87,Mercedes-Benz,CLA 200 CDI Sport
Kolkata,2018,Diesel,Manual,First,24.3,1248,5,8.75,Maruti,Vitara Brezza ZDi
Hyderabad,2016,Diesel,Manual,First,19.3,1248,5,4.79,Maruti,Swift Dzire Vdi BSIV
Coimbatore,2018,Diesel,Manual,First,21.13,1498,5,11.92,Skoda,Rapid 1.5 TDI Ambition
Coimbatore,2016,Diesel,Automatic,Second,12.07,2967,7,53.11,Audi,Q7 35 TDI Quattro Technology
Jaipur,2006,Petrol,Manual,First,18.9,998,5,1.15,Maruti,Wagon R LXI
Pune,2014,Diesel,Manual,First,25.1,1498,5,7.45,Honda,City i DTEC VX Option
Jaipur,2017,Petrol,Manual,First,21.1,814,5,3.5,Hyundai,EON Magna Plus
Kochi,2018,Diesel,Automatic,First,13.0,2987,5,70.15,Mercedes-Benz,E-Class 2015-2017 E350 CDI Avantgrade
Hyderabad,2013,Diesel,Automatic,First,13.2,1995,5,19.5,BMW,3 Series 320d
Pune,2012,Petrol,Automatic,Second,12.05,1995,5,15.0,BMW,3 Series 318i Sedan
Coimbatore,2017,Diesel,Manual,First,17.45,1493,7,7.57,Mahindra,NuvoSport N8
Hyderabad,2012,Petrol,Manual,First,18.5,1197,5,4.4,Maruti,Ritz VXi
Chennai,2016,Diesel,Automatic,First,15.87,2993,5,60.0,BMW,X6 xDrive 40d M Sport
Kolkata,2010,Petrol,Manual,First,18.6,1199,5,1.6,Chevrolet,Beat LT
Pune,2014,Petrol,Manual,First,19.1,1197,5,4.9,Maruti,Swift Dzire VXI
Delhi,2014,Diesel,Manual,First,20.77,1248,7,5.95,Maruti,Ertiga ZDI
Coimbatore,2015,Diesel,Manual,First,20.45,1461,5,5.35,Renault,Duster 85PS Diesel RxL
Hyderabad,2014,Petrol,Automatic,First,15.5,1198,5,5.4,Honda,Amaze VX AT i-Vtech
Coimbatore,2015,Diesel,Automatic,First,17.11,1968,5,23.45,Audi,A4 2.0 TDI Premium Sport Limited Edition
Hyderabad,2002,Diesel,Manual,Second,18.7,1896,5,1.9,Skoda,Octavia Ambiente 1.9 TDI MT
Pune,2016,Diesel,Manual,First,25.8,1498,5,6.1,Honda,Amaze E i-Dtech
Mumbai,2006,Diesel,Manual,First,12.8,2494,8,4.95,Toyota,Innova 2.5 EV Diesel MS 8 Str BSIII
Hyderabad,2013,Petrol,Manual,Second,21.1,814,5,2.5,Hyundai,EON D Lite Plus
Kochi,2018,Petrol,Manual,First,22.7,799,5,3.48,Datsun,redi-GO T Option
Chennai,2012,Diesel,Manual,First,22.9,1248,5,4.4,Maruti,Swift VDI
Hyderabad,2008,Diesel,Manual,First,9.5,2835,6,7.99,Mitsubishi,Pajero 2.8 GLX Sports
Hyderabad,2008,Diesel,Automatic,First,13.1,2400,5,10.99,Volvo,S80 D5
Delhi,2014,Diesel,Automatic,First,12.55,2982,7,18.5,Toyota,Fortuner 4x2 AT
Coimbatore,2018,Diesel,Manual,First,16.3,1956,5,21.69,Jeep,Compass 2.0 Limited 4X4
Coimbatore,2014,Diesel,Manual,First,23.4,1248,5,5.17,Maruti,Swift Dzire VDI
Delhi,2011,Diesel,Manual,Second,22.32,1582,5,4.5,Hyundai,Verna 1.6 SX
Kolkata,2014,Diesel,Manual,First,12.05,2179,8,6.75,Mahindra,Scorpio VLX 2WD BSIV
Kochi,2013,Petrol,Manual,First,19.81,1086,5,3.12,Hyundai,i10 Era
Hyderabad,2011,Diesel,Manual,First,12.99,2494,8,8.25,Toyota,Innova 2.5 G (Diesel) 8 Seater
Coimbatore,2017,Diesel,Automatic,First,11.36,2755,7,20.14,Toyota,Innova Crysta 2.8 ZX AT
Hyderabad,2013,Diesel,Manual,First,12.99,2494,8,12.6,Toyota,Innova 2.5 G (Diesel) 8 Seater
Kochi,2015,Diesel,Manual,First,23.4,1248,5,6.61,Maruti,Swift Dzire ZDI
Kochi,2016,Diesel,Automatic,First,17.01,1582,5,13.23,Hyundai,Creta 1.6 CRDi AT SX Plus
Mumbai,2008,Diesel,Manual,First,12.99,2494,8,4.75,Toyota,Innova 2.5 G (Diesel) 8 Seater BS IV
Mumbai,2011,Diesel,Manual,Second,20.54,1598,5,2.9,Volkswagen,Vento Diesel Highline
Kochi,2014,Diesel,Automatic,Second,11.18,2696,7,9.47,Mahindra,Ssangyong Rexton RX7
Mumbai,2008,Petrol,Manual,First,20.36,1197,5,1.95,Hyundai,i10 Magna
Kolkata,2011,Petrol,Manual,First,20.36,1197,5,2.2,Hyundai,i10 Sportz 1.2
Mumbai,2006,Petrol,Manual,First,17.0,1086,5,1.15,Hyundai,Santro Xing XG eRLX Euro III
Bangalore,2013,Petrol,Manual,Second,18.0,1198,5,4.35,Honda,Amaze S i-Vtech
Pune,2016,Petrol,Automatic,First,23.1,998,5,4.5,Maruti,Celerio ZXI AT
Chennai,2013,Petrol,Manual,First,18.9,1197,5,3.55,Hyundai,Grand i10 Asta
Kolkata,2015,Diesel,Manual,First,19.3,1248,5,4.75,Maruti,Swift Dzire VDi
Coimbatore,2012,Petrol,Manual,Second,20.36,1197,5,4.52,Hyundai,i10 Sportz
Mumbai,2012,Diesel,Automatic,First,15.06,1995,5,12.75,BMW,X1 sDrive 20d Exclusive
Coimbatore,2014,Diesel,Automatic,Second,17.11,1968,5,20.04,Audi,A4 2.0 TDI 177 Bhp Premium Plus
Bangalore,2014,Diesel,Manual,First,20.45,1461,5,6.5,Nissan,Terrano XL 85 PS
Chennai,2007,Diesel,Manual,First,11.56,3200,7,7.5,Mitsubishi,Montero 3.2 GLS
Mumbai,2016,Petrol,Automatic,First,22.5,998,5,4.15,Maruti,Wagon R VXI AMT
Hyderabad,2007,Petrol,Manual,First,13.5,1799,5,2.5,Honda,Civic 2006-2010 1.8 (E) MT
Pune,2016,Petrol,Manual,First,18.6,1197,5,5.4,Hyundai,i20 2015-2017 Magna 1.2
Mumbai,2016,Petrol,Manual,First,24.07,998,5,3.15,Maruti,Alto K10 VXI
Bangalore,2015,Diesel,Automatic,Second,12.07,2967,7,52.5,Audi,Q7 35 TDI Quattro Technology
Delhi,2016,Petrol,Manual,First,18.6,1197,5,5.95,Hyundai,i20 Sportz Option 1.2
Coimbatore,2019,Petrol,Automatic,First,23.84,1199,5,6.97,Tata,Tiago AMT 1.2 Revotron XZA
Hyderabad,2011,Petrol,Manual,First,20.36,1197,5,3.2,Hyundai,i10 Sportz 1.2
Pune,2007,Petrol,Manual,First,0.0,1086,5,1.12,Hyundai,Santro Xing XP
Bangalore,2013,Diesel,Manual,First,20.46,1461,5,6.69,Renault,Duster 85PS Diesel RxL Optional
Bangalore,2014,Diesel,Manual,Second,13.49,2179,5,5.9,Tata,Xenon XT EX 4X4
Kolkata,2009,Petrol,Manual,First,18.5,1197,5,2.25,Hyundai,i20 Magna
Kolkata,2013,Diesel,Manual,First,23.4,1248,5,4.5,Maruti,Swift Dzire VDI
Pune,2015,Petrol,Manual,First,22.0,814,5,2.61,Hyundai,EON Magna
Jaipur,2010,Diesel,Automatic,First,14.84,2143,5,11.5,Mercedes-Benz,New C-Class 220 CDI AT
Mumbai,2016,Petrol,Automatic,First,16.82,1998,4,35.0,Mini,Cooper Convertible S
Jaipur,2010,Petrol,Manual,First,26.0,624,4,0.5,Tata,Nano Cx
Kolkata,2015,Diesel,Manual,Second,26.21,1248,5,5.75,Maruti,Ciaz ZDi Plus
Pune,2017,Diesel,Manual,First,22.0,1582,5,11.5,Hyundai,Verna CRDi 1.6 SX Option
Jaipur,2015,Petrol,Manual,First,21.1,814,5,2.75,Hyundai,EON Era Plus
Chennai,2016,Diesel,Automatic,Second,18.12,1995,5,31.5,BMW,5 Series 2013-2017 520d Luxury Line
Kochi,2016,Petrol,Manual,First,19.4,1198,5,4.92,Honda,Brio S MT
Pune,2012,Diesel,Manual,First,23.2,1248,5,3.52,Maruti,Ritz VDi
Chennai,2014,Diesel,Automatic,First,18.88,1995,5,17.55,BMW,3 Series 320d Prestige
Pune,2016,Diesel,Manual,First,26.59,1248,5,5.8,Maruti,Swift Dzire LDI
Hyderabad,2013,Diesel,Manual,First,23.4,1248,5,6.95,Maruti,Swift Dzire VDI
Kolkata,2013,Petrol,Manual,First,16.95,1498,5,2.4,Renault,Scala RxL
Mumbai,2013,Diesel,Automatic,First,14.39,1998,5,5.25,Chevrolet,Cruze LTZ AT
Ahmedabad,2012,Petrol,Manual,First,17.5,1298,5,4.25,Maruti,Swift Dzire ZXi
Jaipur,2008,Diesel,Manual,First,19.09,1396,5,1.5,Tata,Indigo CS LX (TDI) BS III
Jaipur,2016,Diesel,Manual,First,24.0,1120,5,4.5,Hyundai,Grand i10 CRDi Sportz
Pune,2014,Diesel,Manual,First,22.3,1248,5,2.5,Tata,Indica Vista Quadrajet LS
Chennai,2006,Diesel,Manual,Third,17.8,1399,5,1.55,Ford,Fiesta 1.4 TDCi EXI
Pune,2016,Diesel,Manual,First,19.87,1461,5,6.5,Renault,Duster 85PS Diesel RxE
Kochi,2015,Diesel,Manual,First,24.0,1120,5,4.96,Hyundai,Grand i10 CRDi SportZ Edition
Bangalore,2012,Petrol,Manual,First,19.4,1198,5,3.25,Honda,Brio S MT
Kolkata,2010,Petrol,Automatic,First,12.3,1781,5,8.5,Audi,A4 1.8 TFSI
Bangalore,2014,Petrol,Manual,Second,24.7,796,5,2.75,Maruti,Alto 800 2016-2019 LXI
Bangalore,2011,Petrol,Manual,Second,16.2,1599,5,3.4,Hyundai,Verna Transform SX VTVT
Hyderabad,2013,Diesel,Manual,First,20.77,1248,7,7.0,Maruti,Ertiga ZDI
Kochi,2012,Petrol,Manual,First,12.9,1598,5,3.21,Chevrolet,Optra Magnum 1.6 LT ABS BS3
Coimbatore,2016,Diesel,Manual,First,19.67,1582,5,14.25,Hyundai,Creta 1.6 CRDi SX Option
Hyderabad,2014,Diesel,Manual,First,20.34,1498,5,6.5,Volkswagen,Vento 1.5 TDI Highline
Kolkata,2014,Petrol,Manual,First,17.4,1497,5,5.49,Honda,City i VTEC SV
Pune,2005,Petrol,Manual,Third,16.8,1341,5,0.8,Hyundai,Getz GLS ABS
Kochi,2007,Petrol,Manual,First,17.0,1086,5,1.99,Hyundai,Santro Xing XG eRLX Euro III
Coimbatore,2015,Petrol,Automatic,Second,18.9,1197,5,5.91,Hyundai,Grand i10 AT Asta
Coimbatore,2019,Petrol,Manual,First,18.9,1197,5,6.44,Hyundai,Grand i10 1.2 Kappa Sportz Option
Pune,2012,CNG,Manual,First,26.2,998,5,2.9,Maruti,Wagon R LXI CNG
Jaipur,2015,Petrol,Manual,First,18.9,1197,5,4.6,Hyundai,Grand i10 Sportz
Pune,2007,Diesel,Manual,Second,17.8,1248,5,2.35,Maruti,Swift VDI BSIV
Coimbatore,2016,Petrol,Manual,First,18.6,1197,5,7.21,Hyundai,i20 Asta 1.2
Pune,2016,Diesel,Manual,First,19.87,1461,5,8.0,Renault,Duster 85PS Diesel RxL
Hyderabad,2009,Diesel,Manual,Second,19.3,1248,5,3.5,Maruti,Swift Dzire VDi
Pune,2008,Diesel,Manual,First,12.8,2494,8,5.9,Toyota,Innova 2.5 G (Diesel) 8 Seater BS IV
Coimbatore,2015,Petrol,Manual,Second,25.4,624,4,1.74,Tata,Nano Twist XT
Mumbai,2019,Petrol,Manual,First,18.12,1196,5,6.8,Ford,Figo 2015-2019 1.2P Sports Edition MT
Jaipur,2017,Petrol,Manual,First,18.6,1197,5,7.5,Hyundai,i20 1.2 Asta Option
Pune,2016,Petrol,Manual,First,15.4,1497,7,8.0,Honda,BRV i-VTEC V MT
Hyderabad,2015,Diesel,Manual,First,27.4,1498,5,5.99,Honda,Amaze S Diesel
Mumbai,2017,Diesel,Manual,First,19.67,1582,5,12.9,Hyundai,Creta 1.6 CRDi SX
Delhi,2018,Petrol,Manual,First,21.4,1197,5,7.0,Maruti,Baleno Zeta 1.2
Hyderabad,2014,Diesel,Automatic,First,14.16,1968,5,35.0,Audi,Q5 2.0 TDI Technology
Jaipur,2015,Diesel,Manual,First,25.8,1498,5,5.5,Honda,Amaze S i-DTEC
Coimbatore,2010,Diesel,Automatic,First,11.0,2993,5,18.46,BMW,X5 3.0d
Jaipur,2010,Petrol,Manual,First,15.6,1196,5,2.4,Ford,Figo Petrol Titanium
Pune,2002,Petrol,Manual,Third,18.9,998,5,1.0,Maruti,Wagon R VXI
Ahmedabad,2012,Petrol,Manual,Second,19.81,1086,5,2.65,Hyundai,i10 Era
Kochi,2015,Diesel,Automatic,First,21.66,1498,5,5.96,Skoda,Rapid 1.5 TDI AT Elegance
Kolkata,2015,Diesel,Automatic,First,17.85,2967,4,75.0,Porsche,Panamera Diesel
Kochi,2017,Petrol,Automatic,First,15.04,1991,5,27.15,Mercedes-Benz,CLA 200 Sport Edition
Ahmedabad,2008,Petrol,Automatic,Second,10.4,2773,5,10.5,Audi,A6 2.8 FSI
Chennai,2015,Petrol,Manual,First,20.73,1373,5,6.7,Maruti,Ciaz ZXi Plus
Kolkata,2013,Diesel,Manual,First,22.7,1498,5,4.9,Ford,Ecosport 1.5 DV5 MT Titanium
Hyderabad,2017,Diesel,Manual,First,16.5,1493,7,8.0,Mahindra,Bolero mHAWK D70 ZLX
Kochi,2018,Petrol,Manual,First,24.07,998,5,3.63,Maruti,Alto K10 VXI
Mumbai,2015,Petrol,Manual,First,17.5,1197,5,4.8,Maruti,Swift Dzire 1.2 Vxi BSIV
Mumbai,2017,Petrol,Manual,First,17.57,1193,5,4.25,Tata,Zest Revotron 1.2T XE
Coimbatore,2018,Diesel,Automatic,First,10.91,3198,7,30.27,Ford,Endeavour 3.2 Trend AT 4X4
Jaipur,2013,Diesel,Manual,First,15.8,2148,5,14.25,Mercedes-Benz,New C-Class C 220 CDI CLASSIC
Ahmedabad,2012,Petrol,Automatic,First,16.95,1197,5,3.41,Hyundai,i10 Sportz AT
Delhi,2009,Petrol,Manual,First,17.0,1497,5,2.78,Honda,City 1.5 S MT
Ahmedabad,2015,Diesel,Automatic,First,19.3,1968,5,15.5,Skoda,Octavia Elegance 2.0 TDI AT
Chennai,2017,Diesel,Manual,First,25.0,1396,5,3.0,Tata,Indica V2 eLS
Pune,2012,Petrol,Manual,First,18.9,998,5,2.3,Maruti,Wagon R VXi BSII
Kochi,2017,Diesel,Manual,First,19.67,1582,5,13.28,Hyundai,Creta 1.6 CRDi SX
Hyderabad,2009,Petrol,Manual,First,19.0,998,5,2.25,Maruti,A-Star Lxi
Kochi,2011,Petrol,Manual,First,22.5,998,5,3.36,Maruti,Wagon R LXI
Kolkata,2014,Petrol,Manual,First,17.3,1497,7,4.25,Honda,Mobilio E i VTEC
Coimbatore,2012,Petrol,Manual,First,20.36,1197,5,4.3,Hyundai,i10 Magna
Hyderabad,2010,Petrol,Automatic,First,0.0,3597,5,6.0,Skoda,Superb 3.6 V6 FSI
Coimbatore,2018,Diesel,Manual,First,22.54,1396,5,9.18,Hyundai,i20 1.4 Sportz
Hyderabad,2017,Petrol,Manual,First,23.1,998,5,4.99,Maruti,Celerio ZXI Optional
Pune,2011,Petrol,Manual,First,13.4,1798,5,3.75,Skoda,Laura 1.8 TSI Ambiente
Chennai,2010,Diesel,Manual,First,20.0,1399,5,2.5,Ford,Figo Diesel LXI
Hyderabad,2016,Diesel,Manual,First,27.3,1498,5,7.2,Honda,Jazz 1.5 VX i DTEC
Ahmedabad,2016,Diesel,Automatic,First,15.0,2143,5,29.5,Mercedes-Benz,E-Class 2015-2017 E250 Edition E
Chennai,2015,Diesel,Automatic,First,17.9,2143,5,17.55,Mercedes-Benz,GLA Class 200 CDI SPORT
Chennai,2012,Diesel,Automatic,First,18.5,1985,5,12.0,Volvo,S60 D3
Bangalore,2009,Diesel,Automatic,First,11.8,2967,5,13.5,Audi,A8 L 3.0 TDI quattro
Kolkata,2014,Diesel,Automatic,First,22.32,1582,5,5.1,Hyundai,Verna 1.6 SX CRDI (O) AT
Kolkata,2011,Diesel,Automatic,First,22.69,1995,5,10.3,BMW,3 Series 320d
Delhi,2014,Diesel,Manual,First,22.32,1582,5,5.7,Hyundai,Verna 1.6 SX
Kochi,2014,Petrol,Manual,First,22.5,998,5,3.41,Maruti,Wagon R VXI
Hyderabad,2010,Diesel,Manual,Second,20.0,1399,5,2.4,Ford,Figo Diesel EXI
Coimbatore,2017,Petrol,Manual,First,18.15,1198,6,5.6,Mahindra,KUV 100 mFALCON G80 K2
Pune,2006,Diesel,Manual,First,17.0,1405,5,1.0,Tata,Indigo LS
Hyderabad,2017,Diesel,Automatic,First,18.49,1493,7,8.2,Mahindra,TUV 300 T8 AMT
Bangalore,2015,Diesel,Automatic,First,15.17,1968,5,27.5,Audi,Q3 35 TDI Quattro Premium Plus
Jaipur,2015,Petrol,Manual,First,21.5,1197,5,3.5,Maruti,Wagon R VXI 1.2
Kochi,2016,CNG,Manual,First,31.79,998,5,4.58,Maruti,Celerio CNG VXI MT
Coimbatore,2017,Diesel,Manual,First,24.3,1248,5,10.34,Maruti,Vitara Brezza ZDi Plus Dual Tone
Mumbai,2006,Diesel,Manual,First,12.7,2609,8,3.25,Mahindra,Scorpio DX 2.6 Turbo 8 Str
Jaipur,2007,Diesel,Manual,Third,12.6,1991,7,5.0,Hyundai,Tucson CRDi
Hyderabad,2008,Petrol,Manual,First,17.92,1086,5,2.25,Hyundai,Santro Xing GLS
Kochi,2014,Diesel,Automatic,First,18.18,2967,4,51.52,Porsche,Panamera Diesel 250hp
Kochi,2018,Diesel,Manual,First,24.3,1248,5,8.62,Maruti,Vitara Brezza VDi Option
Mumbai,2017,Diesel,Manual,First,23.4,1248,5,7.25,Maruti,Swift Dzire VDI
Kochi,2016,Petrol,Manual,First,19.5,1199,5,5.47,Honda,Amaze V Petrol
Pune,2014,Diesel,Automatic,First,16.36,2179,5,31.0,Jaguar,XF 2.2 Litre Luxury
Kochi,2017,Petrol,Automatic,First,16.82,1998,4,35.98,Mini,Cooper Convertible S
Jaipur,2017,Petrol,Manual,First,21.1,814,5,3.42,Hyundai,EON Era Plus
Ahmedabad,2008,Diesel,Automatic,Second,16.77,2967,5,11.5,Audi,A6 3.0 TDI quattro
Pune,2016,Petrol,Manual,First,17.19,1197,5,7.25,Hyundai,i20 Active 1.2 SX Dual Tone
Chennai,2018,Diesel,Manual,First,28.4,1248,5,8.0,Maruti,Swift AMT DDiS VDI
Kochi,2015,Diesel,Manual,First,22.7,1498,5,7.33,Ford,Ecosport 1.5 DV5 MT Titanium
Kolkata,2016,Petrol,Manual,First,18.9,998,5,3.35,Maruti,Wagon R VXI BS IV with ABS
Mumbai,2013,Diesel,Manual,First,20.34,1498,5,4.4,Volkswagen,Vento 1.5 TDI Highline
Kolkata,2012,Petrol,Manual,First,17.6,1496,5,2.99,Toyota,Etios VX
Bangalore,2015,Petrol,Manual,First,18.7,1199,5,5.6,Honda,Jazz 1.2 SV i VTEC
Coimbatore,2016,Diesel,Manual,First,20.14,1498,5,6.63,Volkswagen,CrossPolo 1.5 TDI
Kochi,2018,Diesel,Manual,First,21.66,1498,5,7.9,Volkswagen,Ameo 1.5 TDI Highline
Kochi,2015,Petrol,Manual,First,16.8,1497,5,7.0,Honda,City V MT Exclusive
Hyderabad,2014,Petrol,Automatic,First,16.5,1198,5,4.95,Honda,Brio VX AT
Mumbai,2017,Petrol,Automatic,First,14.3,1598,5,9.19,Skoda,Rapid 1.6 MPI AT Style
Hyderabad,2011,Diesel,Manual,First,16.8,1493,5,5.1,Hyundai,Verna CRDi
Jaipur,2015,Diesel,Manual,First,21.19,1396,5,5.9,Hyundai,i20 Active S Diesel
Kochi,2019,Petrol,Automatic,First,21.4,1197,5,9.51,Maruti,Baleno Alpha CVT
Mumbai,2008,Petrol,Manual,Second,11.1,2354,5,3.9,Honda,CR-V 2.4L 4WD MT
Coimbatore,2014,Petrol,Manual,Second,19.1,1197,5,5.39,Maruti,Swift Dzire VXI
Pune,2009,Diesel,Manual,Second,19.3,1248,5,3.0,Maruti,Swift Dzire VDi
Jaipur,2012,Diesel,Manual,First,23.4,1248,5,4.3,Maruti,Swift Dzire ZDI
Jaipur,2017,Petrol,Manual,First,20.85,1197,5,6.75,Maruti,Swift Dzire ZXI
Jaipur,2017,Petrol,Manual,First,18.9,1197,5,4.5,Hyundai,Grand i10 Sportz
Chennai,2010,Diesel,Manual,First,17.8,1399,5,2.75,Ford,Fiesta 1.4 ZXi TDCi ABS
Chennai,2016,Diesel,Manual,First,23.9,1582,5,9.0,Hyundai,Verna 1.6 CRDi S
Delhi,2014,Diesel,Manual,Second,20.0,1399,5,2.55,Ford,Figo Diesel EXI
Coimbatore,2014,Diesel,Manual,First,21.12,1248,5,3.54,Tata,Manza Aqua Quadrajet BS IV
Ahmedabad,2009,Petrol,Manual,First,13.5,1799,5,4.25,Honda,Civic 2006-2010 1.8 S MT
Ahmedabad,2007,Petrol,Manual,Second,19.7,796,5,1.2,Maruti,Alto LX BSIII
Ahmedabad,2013,Diesel,Automatic,First,22.48,1995,5,19.5,BMW,5 Series 520d Luxury Line
Bangalore,2015,Diesel,Manual,Second,16.0,2179,7,12.0,Mahindra,XUV500 W8 2WD
Hyderabad,2012,Diesel,Manual,First,23.2,1248,5,3.9,Maruti,Ritz VDi
Kochi,2017,Diesel,Manual,First,24.3,1248,5,9.13,Maruti,Vitara Brezza ZDi Plus
Pune,2011,Petrol,Manual,First,15.1,1196,7,2.25,Maruti,Eeco 7 Seater Standard
Mumbai,2012,Petrol,Manual,First,17.5,1197,5,3.25,Maruti,Swift Dzire 1.2 Vxi BSIV
Coimbatore,2017,Diesel,Automatic,First,17.01,1582,5,14.79,Hyundai,Creta 1.6 CRDi AT SX Plus
Mumbai,2010,Petrol,Manual,First,22.5,998,5,2.35,Maruti,Wagon R LXI
Kolkata,2015,Diesel,Manual,First,27.62,793,5,3.1,Maruti,Celerio ZDi
Delhi,2014,Diesel,Automatic,First,13.01,2199,7,12.9,Hyundai,Santa Fe 2WD AT
Kolkata,2017,Petrol,Manual,First,21.1,814,5,2.5,Hyundai,EON D Lite Plus Option
Delhi,2013,Petrol,Manual,First,18.5,1197,5,3.65,Hyundai,i20 Sportz 1.2
Bangalore,2014,Petrol,Manual,First,17.1,1591,5,7.5,Hyundai,Verna 1.6 SX VTVT (O)
Kochi,2013,Petrol,Manual,First,18.4,1198,5,3.74,Honda,Brio S Option MT
Kochi,2017,Petrol,Manual,First,20.4,1197,5,5.86,Maruti,Swift VXI Optional
Coimbatore,2018,Diesel,Automatic,First,19.27,2143,5,39.62,Mercedes-Benz,New C-Class C 220d Avantgarde Edition C
Coimbatore,2018,Diesel,Manual,First,25.2,1248,5,7.05,Maruti,Swift VDI Optional
Delhi,2018,Diesel,Automatic,First,28.4,1248,5,7.5,Maruti,Swift AMT VDI
Chennai,2012,Diesel,Manual,First,25.44,936,5,2.1,Chevrolet,Beat Diesel LS
Delhi,2014,Petrol,Automatic,First,13.7,1798,5,11.6,Skoda,Superb Elegance 1.8 TSI AT
Bangalore,2012,Diesel,Automatic,Second,14.84,2143,5,19.25,Mercedes-Benz,New C-Class C 220 CDI BE Avantgare
Coimbatore,2017,Diesel,Manual,First,13.68,2393,8,17.92,Toyota,Innova Crysta 2.4 VX MT 8S
Kolkata,2016,Petrol,Manual,First,20.36,1197,5,3.6,Hyundai,i10 Sportz
Ahmedabad,2014,Diesel,Manual,Second,25.8,1498,5,4.5,Honda,Amaze S i-DTEC
Hyderabad,2017,Diesel,Manual,First,21.9,1396,5,7.4,Hyundai,i20 Magna 1.4 CRDi (Diesel)
Coimbatore,2018,Diesel,Automatic,First,11.57,2987,5,59.29,Mercedes-Benz,GLE 350d
Kolkata,2011,Diesel,Manual,First,12.05,2179,7,5.5,Mahindra,Scorpio 2009-2014 SLE 7S BSIV
Bangalore,2006,Petrol,Manual,Second,15.3,1341,5,1.75,Hyundai,Getz GLE
Mumbai,2016,Petrol,Manual,First,21.4,1197,5,6.75,Maruti,Baleno Alpha
Chennai,2011,Diesel,Manual,First,16.52,1991,5,3.95,Chevrolet,Optra Magnum 2.0 LT
Mumbai,2011,Petrol,Manual,First,17.1,1591,5,4.2,Hyundai,Verna 1.6 SX VTVT (O)
Hyderabad,2016,Petrol,Manual,First,17.0,1497,5,8.4,Honda,City 1.5 V MT
Mumbai,2017,Petrol,Automatic,First,17.21,1197,5,8.25,Volkswagen,Polo GT TSI
Bangalore,2013,Petrol,Manual,First,19.4,1198,5,3.31,Honda,Brio E MT
Ahmedabad,2017,Diesel,Manual,First,26.59,1248,5,7.5,Maruti,Swift Dzire VDI
Pune,2012,Petrol,Manual,First,17.0,1497,5,4.75,Honda,City 1.5 V MT Exclusive
Pune,2013,Diesel,Automatic,Second,11.18,2696,7,8.79,Mahindra,Ssangyong Rexton RX7
Pune,2014,Petrol,Manual,First,13.1,1798,5,9.5,Skoda,Superb Elegance 1.8 TSI MT
Kolkata,2010,Petrol,Manual,First,19.7,796,5,1.55,Maruti,Alto LXi
Jaipur,2014,Diesel,Manual,First,23.0,1396,5,5.85,Hyundai,i20 Asta (o) 1.4 CRDi (Diesel)
Coimbatore,2014,Petrol,Manual,First,15.8,1499,5,7.52,Ford,Ecosport 1.5 Ti VCT MT Trend
Hyderabad,2011,Diesel,Manual,First,23.08,1461,5,3.6,Nissan,Micra Diesel XV
Kochi,2016,Petrol,Manual,First,19.4,1198,5,4.73,Honda,Brio E MT
Delhi,2013,Diesel,Automatic,First,11.18,2696,7,10.5,Mahindra,Ssangyong Rexton RX7
Coimbatore,2013,Diesel,Automatic,First,16.46,2993,5,34.54,BMW,7 Series 730Ld Sedan
Kochi,2018,Petrol,Manual,First,18.9,1197,5,6.07,Hyundai,Grand i10 1.2 Kappa Sportz
Coimbatore,2018,Petrol,Manual,First,21.4,1197,5,7.76,Maruti,Baleno Delta 1.2
Coimbatore,2016,Diesel,Manual,First,11.68,2498,8,7.46,Mahindra,Xylo E8 ABS BS IV
Delhi,2012,Diesel,Manual,First,21.8,1461,5,3.49,Renault,Fluence Diesel E4
Coimbatore,2012,Petrol,Manual,Second,18.5,1197,5,4.05,Hyundai,i20 1.2 Magna
Kochi,2013,Diesel,Manual,First,10.5,2835,6,11.88,Mitsubishi,Pajero 2.8 SFX
Pune,2011,Petrol,Automatic,First,14.53,1794,5,6.45,Toyota,Corolla Altis 2008-2013 1.8 VL AT
Pune,2015,Diesel,Automatic,First,15.97,2993,5,50.0,BMW,X5 X5 M
Pune,2011,Petrol,Automatic,First,10.9,2497,5,9.0,BMW,3 Series 2005-2011 325i Sedan
Coimbatore,2016,Diesel,Automatic,First,17.01,1582,5,14.25,Hyundai,Creta 1.6 CRDi AT SX Plus
Coimbatore,2017,Diesel,Manual,First,18.49,1493,7,7.36,Mahindra,TUV 300 2015-2019 T8
Delhi,2010,Diesel,Manual,First,12.05,2179,8,4.4,Mahindra,Scorpio VLX 2.2 mHawk BSIII
Mumbai,2016,Petrol,Manual,First,25.17,799,5,3.1,Renault,KWID RXT
Coimbatore,2017,Petrol,Automatic,First,22.5,999,5,4.28,Renault,KWID 1.0 RXT Optional AMT
Pune,2017,Petrol,Manual,First,16.1,1197,5,5.5,Maruti,Swift VXi BSIV
Kolkata,2012,Diesel,Automatic,First,17.0,1896,5,6.99,Skoda,Laura 1.9 TDI AT Ambiente
Coimbatore,2018,Petrol,Manual,First,24.7,796,5,4.29,Maruti,Alto 800 2016-2019 VXI
Delhi,2014,Petrol,Manual,First,18.6,1197,5,4.2,Maruti,Swift VXI
Pune,2012,Diesel,Manual,First,23.0,1396,5,4.11,Hyundai,i20 1.4 CRDi Sportz
Mumbai,2015,Diesel,Automatic,First,15.73,1968,5,18.75,Audi,Q3 2012-2015 35 TDI Quattro Premium
Mumbai,2017,Diesel,Automatic,First,11.57,2987,5,64.95,Mercedes-Benz,GLE 350d
Mumbai,2010,Petrol,Manual,Second,19.81,1086,5,1.59,Hyundai,i10 Era
Kolkata,2016,Petrol,Manual,First,20.51,998,5,3.6,Maruti,Wagon R LXI Optional
Kochi,2017,Petrol,Manual,Second,17.8,1497,5,7.87,Honda,City i VTEC V
Mumbai,2018,Petrol,Manual,First,18.9,1197,5,5.55,Hyundai,Grand i10 1.2 Kappa Sportz
Jaipur,2014,Diesel,Manual,Second,25.1,1498,5,6.4,Honda,City i DTEC VX
Mumbai,2009,Petrol,Manual,Third,17.5,1298,5,2.65,Maruti,Swift Dzire VXi
Delhi,2015,Petrol,Manual,First,17.5,1298,5,5.5,Maruti,Swift Dzire ZXi
Kochi,2013,Diesel,Manual,First,15.1,2179,7,7.31,Mahindra,XUV500 W8 2WD
Jaipur,2016,Diesel,Manual,First,28.09,1248,5,7.1,Maruti,Ciaz ZDi Plus SHVS
Kochi,2016,Diesel,Manual,First,22.32,1582,5,7.83,Hyundai,Verna 1.6 SX CRDi (O)
Mumbai,2005,Diesel,Manual,First,13.1,1493,5,0.85,Hyundai,Accent CRDi
Mumbai,2014,Petrol,Manual,First,19.4,1198,5,3.55,Honda,Brio S MT
Coimbatore,2017,Petrol,Manual,First,17.19,1197,5,8.19,Hyundai,i20 Active 1.2 SX
Pune,2018,Diesel,Automatic,First,18.88,1995,5,28.0,BMW,3 Series 320d Sport Line
Chennai,2015,Diesel,Automatic,First,16.96,1968,5,13.0,Volkswagen,Jetta 2013-2015 2.0L TDI Highline AT
Chennai,2011,Petrol,Manual,Second,15.26,1598,5,3.29,Volkswagen,Polo Petrol Highline 1.6L
Pune,2015,Petrol,Manual,Second,16.1,1197,5,4.41,Maruti,Swift VXi BSIV
Kolkata,2013,Diesel,Manual,First,19.01,1461,5,4.99,Renault,Duster 110PS Diesel RxZ
Hyderabad,2009,Diesel,Automatic,First,18.56,1995,5,17.98,BMW,X3 xDrive 20d Luxury Line
Coimbatore,2018,Diesel,Manual,First,20.5,1248,5,7.71,Fiat,Avventura MULTIJET Emotion
Delhi,2013,Petrol,Manual,First,20.51,998,5,2.8,Maruti,Wagon R Stingray VXI
Kolkata,2013,Diesel,Manual,First,22.1,1248,5,3.0,Chevrolet,Sail Hatchback LS ABS
Coimbatore,2015,Diesel,Manual,First,15.1,2179,7,12.49,Mahindra,XUV500 W8 2WD
Kochi,2016,Diesel,Manual,First,23.0,1248,5,5.0,Tata,Zest Quadrajet 1.3
Kochi,2017,Diesel,Automatic,First,18.56,1995,5,32.64,BMW,X3 xDrive20d xLine
Chennai,2015,Diesel,Manual,First,25.2,1248,5,6.5,Maruti,Swift VDI BSIV
Bangalore,2015,Diesel,Automatic,First,18.12,1995,5,35.0,BMW,5 Series 2013-2017 520d Luxury Line
Chennai,2015,Diesel,Manual,Second,25.0,1396,5,2.0,Tata,Indigo CS eVX
Kochi,2015,Diesel,Manual,First,15.1,2179,7,9.46,Mahindra,XUV500 W8 2WD
Kochi,2016,Diesel,Automatic,Second,12.07,2967,7,39.0,Audi,Q7 35 TDI Quattro Premium Plus
Hyderabad,2009,Diesel,Automatic,First,18.48,1995,5,15.0,BMW,5 Series 2003-2012 520d
Coimbatore,2013,Petrol,Manual,First,17.1,1591,5,6.15,Hyundai,Verna 1.6 SX VTVT (O)
Pune,2015,Diesel,Automatic,Second,13.01,2199,7,14.5,Hyundai,Santa Fe 4WD AT
Kochi,2018,Petrol,Automatic,First,20.51,998,5,5.18,Maruti,Wagon R AMT VXI
Pune,2007,Petrol,Manual,Second,17.3,1061,5,1.24,Maruti,Wagon R LX BSIII
Kolkata,2013,Petrol,Manual,First,18.5,1197,5,2.8,Hyundai,i20 Sportz 1.2
Kochi,2011,Petrol,Automatic,Second,13.7,1798,5,5.23,Skoda,Superb Elegance 1.8 TSI AT
Pune,2005,Petrol,Manual,Second,15.3,1341,5,0.45,Hyundai,Getz GLS
Delhi,2014,Petrol,Manual,First,18.9,998,5,3.25,Maruti,Wagon R LXI BS IV
Kolkata,2015,Petrol,Manual,First,16.8,796,5,1.5,Maruti,Omni MPI CARGO BSIV
Mumbai,2012,Petrol,Manual,First,20.36,1197,5,2.85,Hyundai,i10 Magna 1.2
Kochi,2018,Petrol,Manual,First,21.7,999,5,4.5,Renault,KWID 1.0 RXT Optional
Bangalore,2014,Diesel,Automatic,First,15.0,2147,5,16.25,Mercedes-Benz,B Class 2012-2015 B200 Sport CDI
Mumbai,2017,Petrol,Automatic,First,17.21,1197,5,7.75,Volkswagen,Polo GT TSI
Bangalore,2007,Diesel,Manual,Third,12.05,2179,8,4.35,Mahindra,Scorpio VLX 4WD
Kochi,2019,Diesel,Automatic,First,12.9,2755,7,33.13,Toyota,Fortuner 2.8 2WD AT
Coimbatore,2013,Diesel,Manual,First,25.44,936,5,3.63,Chevrolet,Beat Diesel LT
Delhi,2010,Diesel,Manual,First,12.8,2494,8,4.75,Toyota,Innova 2.5 G4 Diesel 8-seater
Kochi,2018,Petrol,Manual,First,20.85,1197,5,6.51,Maruti,Swift Dzire VXI
Hyderabad,2018,Petrol,Manual,First,21.7,999,5,4.8,Renault,KWID Climber 1.0 MT
Hyderabad,2017,Diesel,Manual,First,22.95,1248,5,6.0,Tata,Bolt Quadrajet XM
Coimbatore,2016,Petrol,Manual,First,18.9,1197,5,6.4,Hyundai,Grand i10 Asta
Ahmedabad,2014,Diesel,Manual,First,20.34,1498,5,4.9,Volkswagen,Vento 1.5 TDI Highline
Coimbatore,2013,Diesel,Automatic,First,17.68,1968,5,20.57,Audi,A6 2011-2015 2.0 TDI
Kolkata,2015,Diesel,Manual,First,19.3,1248,5,4.76,Maruti,Swift Dzire Ldi BSIV
Kochi,2012,Petrol,Manual,First,18.0,995,5,2.0,Chevrolet,Spark 1.0 LT
Coimbatore,2009,Diesel,Automatic,First,22.69,1995,5,9.92,BMW,3 Series 320d
Kochi,2018,Petrol,Manual,First,21.1,814,5,3.69,Hyundai,EON Era Plus
Hyderabad,2013,Diesel,Manual,First,23.4,1248,5,5.75,Maruti,Swift Dzire VDI
Hyderabad,2014,Diesel,Manual,First,20.14,1498,5,5.7,Volkswagen,CrossPolo 1.5 TDI
Coimbatore,2014,Petrol,Manual,First,18.0,1198,5,4.94,Honda,Amaze E i-Vtech
Kochi,2012,Petrol,Automatic,First,14.4,1598,5,4.29,Volkswagen,Vento Petrol Highline AT
Kolkata,2014,Petrol,Manual,First,20.51,998,5,3.0,Maruti,Wagon R Stingray VXI
Hyderabad,2014,Diesel,Manual,First,20.14,1498,5,6.5,Volkswagen,Polo 1.5 TDI Highline
Jaipur,2015,Petrol,Manual,Second,16.47,1198,5,4.9,Volkswagen,Polo Petrol Comfortline 1.2L
Kochi,2016,Diesel,Manual,First,25.8,1498,5,5.4,Honda,Amaze SX i-DTEC
Delhi,2014,Diesel,Automatic,First,18.53,1968,5,24.0,Audi,A6 35 TDI Matrix
Kochi,2019,Diesel,Manual,First,24.7,1047,5,7.46,Tata,Tigor 1.05 Revotorq XZ Option
Kochi,2017,Diesel,Automatic,First,21.5,1498,5,9.6,Volkswagen,Vento 1.5 TDI Highline AT
Hyderabad,2014,Diesel,Automatic,First,18.53,1968,5,25.0,Audi,A6 35 TDI Matrix
Hyderabad,2014,Diesel,Manual,First,19.01,1461,5,6.8,Nissan,Terrano XL 110 PS
Coimbatore,2016,Diesel,Automatic,First,21.66,1498,5,8.59,Skoda,Rapid 1.5 TDI AT Elegance
Hyderabad,2016,Diesel,Manual,First,25.83,1498,5,5.29,Ford,Figo Aspire 1.5 TDCi Trend
Pune,2011,Diesel,Manual,First,15.42,1405,8,2.5,Tata,Venture EX
Chennai,2011,Diesel,Automatic,First,14.84,2143,5,13.9,Mercedes-Benz,New C-Class C 220 CDI BE Avantgare
Jaipur,2014,Diesel,Manual,Second,13.0,2982,7,20.0,Toyota,Fortuner 4x2 Manual
Delhi,2011,Petrol,Manual,Second,17.0,1497,5,3.4,Honda,City 1.5 V MT
Mumbai,2015,Petrol,Manual,First,18.6,1197,5,5.5,Hyundai,i20 Asta Option 1.2
Hyderabad,2012,Diesel,Manual,Second,20.54,1598,5,3.65,Volkswagen,Vento Diesel Trendline
Kochi,2011,Diesel,Manual,First,13.1,2499,7,5.86,Ford,Endeavour 2.5L 4X2 MT
Coimbatore,2018,Petrol,Automatic,First,14.8,1497,5,10.44,Ford,EcoSport 1.5 Petrol Titanium Plus AT
Bangalore,2013,Diesel,Manual,First,17.8,1248,5,5.0,Maruti,Swift VDI BSIV
Coimbatore,2011,Diesel,Manual,First,23.0,1396,5,3.37,Hyundai,i20 Sportz Diesel
Delhi,2011,Diesel,Manual,First,12.99,2494,8,6.95,Toyota,Innova 2.5 VX (Diesel) 8 Seater
Mumbai,2018,Diesel,Manual,First,21.5,1497,5,9.9,Tata,Nexon 1.5 Revotorq XZ Plus Dual Tone
Hyderabad,2012,Diesel,Manual,First,20.0,1399,5,3.3,Ford,Figo Diesel Titanium
Delhi,2013,Diesel,Automatic,Second,17.85,2967,4,50.5,Porsche,Panamera Diesel
Jaipur,2015,Diesel,Automatic,First,17.01,1582,5,12.5,Hyundai,Creta 1.6 CRDi AT SX Plus
Hyderabad,2014,Diesel,Automatic,First,16.55,1968,5,20.5,Audi,A4 2.0 TDI Multitronic
Kolkata,2017,Diesel,Manual,First,16.0,2179,7,14.5,Mahindra,XUV500 W8 4WD
Jaipur,2017,Diesel,Automatic,First,13.8,2999,7,20.0,Isuzu,MUX 4WD
Delhi,2014,Diesel,Manual,First,23.4,1248,5,5.25,Maruti,Swift Dzire VDI
Kolkata,2015,Petrol,Manual,First,20.73,1373,5,5.9,Maruti,Ciaz ZXi
Pune,2013,Petrol,Manual,First,21.1,814,5,2.6,Hyundai,EON Era Plus
Chennai,2007,Diesel,Automatic,First,11.0,2987,5,11.0,Mercedes-Benz,E-Class 280 CDI
Pune,2011,Diesel,Automatic,First,18.48,1995,5,15.5,BMW,5 Series 2003-2012 520d
Jaipur,2017,Diesel,Manual,First,24.0,1186,5,5.75,Hyundai,Grand i10 1.2 CRDi Sportz Option
Hyderabad,2015,Diesel,Automatic,First,14.47,2993,5,75.0,Jaguar,XJ 3.0L Portfolio
Chennai,2007,Diesel,Manual,Second,17.8,1248,5,2.0,Maruti,Swift Ldi BSIII
Hyderabad,2008,Petrol,Manual,First,17.92,1086,5,2.3,Hyundai,Santro Xing GLS
Hyderabad,2009,Diesel,Manual,Second,12.8,2494,8,8.2,Toyota,Innova 2.5 V Diesel 8-seater
Kolkata,2015,Petrol,Manual,First,18.6,1197,5,4.8,Hyundai,i20 Sportz 1.2
Mumbai,2008,Diesel,Automatic,Second,11.0,2987,5,8.5,Mercedes-Benz,E-Class 280 CDI
Chennai,2011,Diesel,Manual,First,20.0,1399,5,2.9,Ford,Figo Diesel ZXI
Ahmedabad,2012,Diesel,Manual,First,21.43,1364,5,6.5,Toyota,Corolla Altis 1.4 DG
Jaipur,2018,Petrol,Manual,First,18.9,1197,5,5.85,Hyundai,Grand i10 1.2 Kappa Sportz
Coimbatore,2019,Diesel,Manual,First,16.3,1956,5,23.91,Jeep,Compass 2.0 Limited 4X4
Coimbatore,2019,Petrol,Automatic,First,20.89,1197,5,7.36,Maruti,Ignis 1.2 AMT Alpha
Pune,2014,Diesel,Manual,First,11.5,2982,7,17.25,Toyota,Fortuner 3.0 Diesel
Jaipur,2013,Diesel,Manual,First,20.54,1598,5,7.0,Volkswagen,Vento Diesel Highline
Mumbai,2017,Diesel,Manual,First,13.68,2393,7,17.65,Toyota,Innova Crysta 2.4 VX MT
Jaipur,2013,Diesel,Manual,First,20.0,1399,5,2.5,Ford,Figo Diesel Celebration Edition
Hyderabad,2015,Diesel,Manual,First,23.59,1364,5,6.0,Toyota,Platinum Etios 1.4 GXD
Mumbai,2018,Diesel,Manual,First,18.06,2523,7,8.25,Mahindra,Thar DI 4X4
Kochi,2018,Diesel,Automatic,First,12.7,2179,5,44.83,Land,Rover Range Rover HSE Dynamic
Delhi,2011,Diesel,Automatic,First,16.07,1995,5,10.5,BMW,3 Series 320d Highline
Bangalore,2008,Petrol,Manual,Second,13.2,1495,5,1.9,Hyundai,Accent GLS
Jaipur,2016,Petrol,Automatic,Second,23.1,998,5,4.25,Maruti,Celerio ZXI AT
Chennai,2014,Diesel,Automatic,Second,16.36,2179,5,26.5,Jaguar,XF 2.2 Litre Luxury
Bangalore,2013,Diesel,Automatic,Second,12.4,2698,5,22.5,Audi,A6 2.7 TDI
Hyderabad,2011,Diesel,Manual,First,23.08,1461,5,3.3,Nissan,Micra Diesel XV
Jaipur,2015,Petrol,Manual,Second,18.0,1198,5,4.3,Honda,Amaze S i-Vtech
Chennai,2012,Diesel,Manual,First,19.87,1461,5,5.25,Renault,Duster 85PS Diesel RxL Option
Jaipur,2015,Diesel,Manual,First,12.99,2494,8,11.75,Toyota,Innova 2.5 G (Diesel) 8 Seater
Ahmedabad,2014,Petrol,Manual,First,18.0,1198,5,4.25,Honda,Amaze E i-Vtech
Delhi,2012,Diesel,Automatic,First,14.94,2143,5,14.22,Mercedes-Benz,New C-Class C 250 CDI Elegance
Chennai,2015,Petrol,Manual,First,17.71,1197,5,4.2,Toyota,Etios Liva G
Delhi,2017,Diesel,Automatic,First,11.36,2755,8,18.25,Toyota,Innova Crysta 2.8 GX AT 8S
Bangalore,2013,Diesel,Manual,First,15.8,2148,5,18.5,Mercedes-Benz,New C-Class 200 CDI Elegance
Chennai,2008,Petrol,Manual,Second,16.1,1298,5,2.4,Maruti,Swift VXI BSIII
Kolkata,2016,Diesel,Manual,First,27.39,1248,5,6.5,Maruti,Baleno Alpha 1.3
Hyderabad,2014,LPG,Manual,First,13.45,1086,5,3.2,Hyundai,Santro Xing GL Plus LPG
Mumbai,2015,Petrol,Automatic,First,23.1,998,5,3.99,Maruti,Celerio VXI AT
Kochi,2014,Diesel,Manual,First,22.7,1498,5,5.45,Ford,Ecosport 1.5 DV5 MT Ambiente
Hyderabad,2010,Diesel,Manual,First,18.8,1248,5,2.7,Tata,Manza Aura Quadrajet
Mumbai,2016,Diesel,Manual,First,27.3,1498,5,6.25,Honda,Jazz 1.5 SV i DTEC
Coimbatore,2016,Diesel,Manual,First,15.1,2179,7,13.28,Mahindra,XUV500 W8 2WD
Hyderabad,2012,Diesel,Manual,First,23.08,1461,5,3.7,Nissan,Micra Diesel XV Premium
Coimbatore,2018,Diesel,Automatic,First,19.27,2143,5,39.51,Mercedes-Benz,New C-Class C 220d Avantgarde Edition C
Hyderabad,2010,Diesel,Manual,Second,19.0,1248,5,1.4,Tata,Manza Aura Plus Quadrajet BS IV
Kolkata,2014,Diesel,Manual,First,22.9,1248,5,3.5,Maruti,Swift VDI
Jaipur,2012,Petrol,Manual,First,17.5,1197,5,3.78,Maruti,Swift Dzire 1.2 Lxi BSIV
Pune,2015,Diesel,Manual,First,19.09,1405,5,2.7,Tata,Indigo eCS LS (TDI) BS-III
Kolkata,2013,Diesel,Manual,First,25.8,1498,5,3.2,Honda,Amaze S i-Dtech
Delhi,2016,Petrol,Manual,First,20.4,1197,5,5.0,Maruti,Swift VXI BSIV
Chennai,2012,Diesel,Manual,First,20.77,1248,7,7.0,Maruti,Ertiga ZDI
Kolkata,2014,Petrol,Manual,Second,18.9,1197,5,2.85,Hyundai,Grand i10 Era
Ahmedabad,2016,Petrol,Manual,First,19.69,1198,5,4.25,Nissan,Micra Active XV
Bangalore,2014,Petrol,Manual,Second,18.9,1197,5,4.9,Hyundai,Grand i10 Asta Option
Hyderabad,2017,Diesel,Manual,First,17.1,1956,5,16.9,Jeep,Compass 2.0 Sport
Delhi,2014,Diesel,Manual,Second,22.07,1199,5,4.25,Volkswagen,Polo Diesel Comfortline 1.2L
Pune,2015,Petrol,Automatic,First,15.5,1198,5,4.34,Honda,Amaze S AT i-Vtech
Kolkata,2012,Diesel,Automatic,First,16.09,1995,5,17.0,BMW,X3 xDrive20d Advantage Edition
Kochi,2017,Diesel,Automatic,First,18.88,1995,5,28.45,BMW,3 Series 320d Luxury Line
Kochi,2014,Petrol,Automatic,First,15.6,1497,5,6.15,Honda,City V AT
Kochi,2014,Diesel,Manual,First,12.83,2696,7,9.25,Mahindra,Ssangyong Rexton RX5
Delhi,2015,Diesel,Manual,First,26.59,1248,5,4.85,Maruti,Swift Dzire LDI
Jaipur,2014,Diesel,Manual,First,25.2,1248,5,4.8,Maruti,Swift VDI BSIV
Pune,2012,Petrol,Manual,First,18.4,1198,5,2.3,Honda,Brio S Option MT
Mumbai,2016,Petrol,Manual,First,18.9,1197,5,4.75,Hyundai,Grand i10 Sportz
Pune,2017,Diesel,Manual,First,22.95,1248,5,5.0,Tata,Zest Quadrajet 1.3 75PS XM
Jaipur,2015,Petrol,Manual,First,21.1,814,5,2.5,Hyundai,EON Era Plus
Mumbai,2017,Petrol,Manual,First,18.6,1197,5,5.95,Hyundai,i20 1.2 Spotz
Delhi,2014,Diesel,Automatic,Second,9.0,1984,5,16.0,Volvo,S60 D4 KINETIC
Delhi,2014,Diesel,Manual,First,22.7,1498,5,6.15,Ford,Ecosport 1.5 DV5 MT Titanium Optional
Hyderabad,2014,Petrol,Manual,Second,21.1,1197,5,4.05,Maruti,Ritz VXI
Hyderabad,2010,Diesel,Manual,Second,21.9,1396,5,3.1,Hyundai,i20 1.4 CRDi Magna
Hyderabad,2013,Petrol,Manual,First,22.0,1197,5,5.49,Maruti,Dzire VXI
Coimbatore,2010,Petrol,Automatic,Third,8.0,4806,4,42.91,Porsche,Panamera 2010 2013 4S
Jaipur,2015,Diesel,Manual,First,17.8,1248,5,5.7,Maruti,Swift VDi BSIII W/ ABS
Kolkata,2014,Petrol,Manual,First,19.4,1198,5,2.85,Honda,Brio S MT
Bangalore,2012,Petrol,Manual,Second,18.6,1199,5,2.35,Chevrolet,Beat LS
Coimbatore,2018,Petrol,Automatic,First,13.0,1591,5,14.76,Hyundai,Creta 1.6 SX Plus Petrol Automatic
Pune,2008,Petrol,Manual,Second,17.7,1497,5,2.25,Honda,City ZX GXi
Mumbai,2016,Petrol,Manual,First,18.5,1197,5,3.65,Maruti,Ritz LXi
Delhi,2016,Diesel,Manual,First,22.77,1498,5,7.25,Ford,EcoSport 1.5 TDCi Trend
Hyderabad,2010,Diesel,Automatic,First,13.2,1995,5,10.69,BMW,3 Series 320d
Mumbai,2014,Petrol,Manual,Second,17.01,1591,5,5.5,Hyundai,Verna 1.6 SX VTVT
Chennai,2005,Diesel,Manual,Fourth & Above,12.8,2494,8,5.1,Toyota,Innova 2.5 G4 Diesel 8-seater
Mumbai,2014,Petrol,Manual,First,22.5,998,5,3.25,Maruti,Wagon R LXI
Mumbai,2018,Diesel,Manual,First,25.47,1248,7,9.25,Maruti,Ertiga VDI
Hyderabad,2008,Petrol,Manual,First,19.7,796,5,1.7,Maruti,Alto LXi BSIII
Kochi,2010,Petrol,Manual,First,19.0,998,5,2.87,Maruti,A-Star Vxi
Bangalore,2009,Diesel,Automatic,First,11.0,2993,5,17.75,BMW,X5 3.0d
Kolkata,2017,Petrol,Manual,First,18.15,1198,5,4.5,Mahindra,KUV 100 G80 K6 Plus 5Str
Bangalore,2008,Petrol,Automatic,Second,19.2,1197,5,2.95,Hyundai,i10 Magna AT
Pune,2007,Petrol,Automatic,Second,12.9,1799,5,2.6,Honda,Civic 2006-2010 1.8 S AT
Hyderabad,2010,Petrol,Manual,First,20.36,1197,5,3.0,Hyundai,i10 Sportz 1.2
Ahmedabad,2014,Diesel,Automatic,Second,14.84,2143,5,15.5,Mercedes-Benz,New C-Class C 220 CDI Elegance AT
Pune,2011,Petrol,Manual,First,17.6,1496,5,2.8,Toyota,Etios G
Kolkata,2010,Petrol,Manual,First,17.0,1497,5,2.5,Honda,City 1.5 E MT
Bangalore,2014,Diesel,Manual,First,23.4,1248,5,5.75,Maruti,Swift Dzire VDI
Pune,2010,Petrol,Manual,First,22.0,1197,5,2.8,Maruti,Swift VXI
Kolkata,2014,Petrol,Manual,First,17.01,1591,5,4.59,Hyundai,Verna 1.6 EX VTVT
Pune,2012,Diesel,Manual,First,23.2,1248,5,3.65,Maruti,Ritz VDi
Mumbai,2015,Diesel,Manual,First,13.0,2982,7,19.85,Toyota,Fortuner 4x2 Manual
Pune,2018,Diesel,Manual,First,17.1,1956,5,18.5,Jeep,Compass 2.0 Limited
Hyderabad,2017,Petrol,Manual,First,18.6,1197,5,6.95,Hyundai,i20 Asta Option 1.2
Delhi,2014,CNG,Manual,Second,26.6,998,5,2.85,Maruti,Wagon R LXI CNG
Jaipur,2012,Diesel,Manual,First,13.93,2179,7,3.75,Tata,New Safari DICOR 2.2 EX 4x4 BS IV
Jaipur,2008,Diesel,Manual,Second,19.3,1248,5,2.3,Maruti,Swift Dzire LDi
Kolkata,2016,Diesel,Manual,First,25.0,1396,5,2.3,Tata,Indigo eCS eLS BS IV
Hyderabad,2016,Diesel,Manual,First,28.4,1248,5,5.95,Maruti,Swift LDI
Kolkata,2016,Petrol,Automatic,First,23.1,998,5,3.49,Maruti,Celerio VXI AT
Coimbatore,2016,Diesel,Automatic,First,14.69,2993,5,47.7,BMW,5 Series 2013-2017 530d M Sport
Coimbatore,2015,Petrol,Manual,First,16.47,1198,5,6.43,Volkswagen,Polo 1.2 MPI Highline
Bangalore,2011,Diesel,Manual,First,13.93,2179,7,4.5,Tata,Safari DICOR 2.2 LX 4x2
Kolkata,2018,Petrol,Automatic,First,13.6,1598,4,39.75,Mini,Cooper S Carbon Edition
Kolkata,2015,Petrol,Manual,First,15.6,1196,5,4.0,Ford,Figo Petrol Titanium
Ahmedabad,2015,Diesel,Manual,First,26.0,1498,5,6.98,Honda,City i DTEC V
Delhi,2006,Diesel,Manual,Second,12.6,1991,7,1.75,Hyundai,Tucson CRDi
Delhi,2013,Diesel,Manual,First,20.0,1968,5,4.75,Skoda,Laura Ambiente 2.0 TDI CR MT
Hyderabad,2016,Diesel,Manual,First,11.5,2982,7,23.5,Toyota,Fortuner 3.0 Diesel
Hyderabad,2014,Diesel,Manual,First,22.32,1582,5,7.49,Hyundai,Verna 1.6 SX
Hyderabad,2015,Diesel,Manual,First,15.1,2179,7,10.85,Mahindra,XUV500 W6 2WD
Mumbai,2017,Petrol,Manual,First,25.17,799,5,3.5,Renault,KWID RXT
Bangalore,2015,Petrol,Manual,Second,18.6,1197,5,6.3,Hyundai,i20 Asta 1.2
Bangalore,2012,Petrol,Automatic,First,15.6,1497,5,6.75,Honda,City V AT
Coimbatore,2017,Diesel,Automatic,First,10.91,3198,7,28.88,Ford,Endeavour 3.2 Titanium AT 4X4
Kochi,2016,Petrol,Automatic,First,13.7,1798,5,14.23,Skoda,Superb Elegance 1.8 TSI AT
Mumbai,2012,Diesel,Automatic,Third,22.69,1995,5,15.0,BMW,3 Series 320d Sport
Mumbai,2013,CNG,Manual,First,22.8,1373,7,5.8,Maruti,Ertiga VXI CNG
Jaipur,2013,Diesel,Manual,First,23.2,1248,5,3.75,Maruti,Ritz LDi
Jaipur,2005,Petrol,Manual,First,0.0,1086,5,1.15,Hyundai,Santro Xing XP
Jaipur,2011,Diesel,Manual,Second,11.5,2982,7,12.75,Toyota,Fortuner 3.0 Diesel
Mumbai,2009,Petrol,Manual,First,16.1,1298,5,1.95,Maruti,Swift Lxi BSIII
Mumbai,2018,Petrol,Manual,First,20.3,1199,5,4.95,Tata,Tigor 1.2 Revotron XT
Delhi,2015,Petrol,Automatic,First,18.0,1497,5,8.25,Honda,City i VTEC CVT VX
Hyderabad,2013,Diesel,Automatic,First,13.2,1995,5,20.99,BMW,3 Series 320d
Hyderabad,2010,Diesel,Automatic,Second,14.21,2143,5,17.5,Mercedes-Benz,E-Class 2009-2013 E250 CDI Blue Efficiency
Kochi,2015,Diesel,Manual,First,28.4,1248,5,5.36,Maruti,Swift VDI
Delhi,2014,Petrol,Manual,First,16.02,1373,7,6.35,Maruti,Ertiga VXI
Kolkata,2011,Petrol,Manual,First,17.01,1591,5,2.95,Hyundai,Verna 1.6 VTVT
Coimbatore,2019,Diesel,Automatic,First,12.63,2179,5,55.7,Land,Rover Discovery Sport TD4 HSE
Kolkata,2009,Petrol,Manual,First,0.0,1086,5,1.15,Hyundai,Santro Xing GL
Hyderabad,2017,Diesel,Automatic,First,19.27,2143,5,37.5,Mercedes-Benz,New C-Class C 220 CDI Style
Kochi,2017,Petrol,Manual,First,20.36,1197,5,4.07,Hyundai,i10 Magna 1.2
Kolkata,2012,Diesel,Manual,First,22.07,1199,5,2.99,Volkswagen,Polo Diesel Comfortline 1.2L
Delhi,2017,Diesel,Manual,First,24.3,1248,5,7.9,Maruti,Vitara Brezza VDi Option
Mumbai,2016,Diesel,Manual,First,19.87,1461,5,7.49,Renault,Duster 85PS Diesel RxL
Jaipur,2009,Diesel,Manual,First,18.0,1248,5,1.1,Tata,Indica Vista Aqua 1.3 Quadrajet
Delhi,2016,Diesel,Automatic,First,11.3,2987,7,56.0,Mercedes-Benz,GL-Class 350 CDI Blue Efficiency
Mumbai,2016,Diesel,Manual,First,25.4,1186,5,3.5,Hyundai,Xcent 1.2 CRDi S
Hyderabad,2008,Diesel,Manual,First,18.1,1493,5,3.0,Hyundai,Verna CRDi SX ABS
Mumbai,2014,Petrol,Manual,First,17.01,1591,5,6.1,Hyundai,Verna 1.6 SX VTVT
Bangalore,2010,Petrol,Manual,First,15.6,1196,5,2.25,Ford,Figo Petrol ZXI
Chennai,2016,Diesel,Manual,First,25.2,1248,5,5.95,Maruti,Swift VDI Optional
Hyderabad,2013,Diesel,Manual,First,23.08,1461,5,4.95,Renault,Pulse RxL
Bangalore,2015,Petrol,Manual,Second,16.47,1198,5,5.49,Volkswagen,Polo 1.2 MPI Highline
Delhi,2019,Diesel,Automatic,First,22.69,1995,5,6.67,BMW,3 Series 320d Luxury Line
Ahmedabad,2015,Petrol,Manual,First,15.0,1598,5,6.25,Skoda,Rapid 1.6 MPI Active
Ahmedabad,2005,Petrol,Manual,Second,0.0,999,5,1.51,Hyundai,Santro GS
Coimbatore,2014,Diesel,Automatic,First,12.07,2967,7,34.88,Audi,Q7 3.0 TDI Quattro Premium Plus
Jaipur,2016,Diesel,Manual,First,26.21,1248,5,6.9,Maruti,Ciaz VDi Plus
Kolkata,2014,Diesel,Manual,First,25.1,1498,5,5.99,Honda,City i DTEC VX
Mumbai,2010,Petrol,Automatic,First,10.93,3498,5,10.4,Mercedes-Benz,E-Class 2009-2013 E350 Petrol
Pune,2012,Diesel,Automatic,First,14.57,2967,5,29.0,Audi,A6 2011-2015 3.0 TDI Quattro Premium Plus
Coimbatore,2016,Diesel,Manual,Second,14.02,2179,7,5.85,Mahindra,Xylo H4
Kochi,2006,Petrol,Automatic,Third,12.0,1493,5,2.21,Honda,City 1.5 EXI AT
Mumbai,2010,Petrol,Manual,First,15.5,1586,5,2.4,Maruti,SX4 ZXI MT BSIV
Pune,2009,Petrol,Manual,Third,14.53,1798,5,3.0,Toyota,Corolla Altis G
Pune,2012,Petrol,Automatic,Second,14.4,1598,5,3.75,Volkswagen,Vento Petrol Highline AT
Pune,2015,Petrol,Manual,First,21.1,814,5,2.95,Hyundai,EON Era Plus
Hyderabad,2011,Diesel,Manual,First,20.0,1968,5,5.8,Skoda,Laura Ambition 2.0 TDI CR MT
Hyderabad,2012,Diesel,Manual,First,22.9,1248,5,4.9,Maruti,Swift VDI
Kolkata,2018,Petrol,Automatic,First,14.28,1798,5,16.95,Toyota,Corolla Altis 1.8 VL CVT
Hyderabad,2013,Diesel,Manual,First,12.99,2494,8,12.5,Toyota,Innova 2.5 G (Diesel) 8 Seater
Hyderabad,2017,Diesel,Manual,First,27.28,1047,5,5.0,Tata,Tiago Wizz 1.05 Revotorq
Mumbai,2015,Petrol,Manual,First,15.41,1598,5,4.68,Skoda,Rapid 1.6 MPI Ambition
Mumbai,2016,Diesel,Automatic,First,10.91,3198,7,29.8,Ford,Endeavour 3.2 Titanium AT 4X4
Kochi,2017,Petrol,Manual,Second,25.17,799,5,3.46,Renault,KWID RXL
Pune,2012,Diesel,Manual,First,23.0,1396,5,4.0,Hyundai,i20 1.4 Asta CRDi with AVN
Chennai,2012,Diesel,Manual,Second,17.5,1896,5,4.5,Skoda,Laura Ambiente
Kochi,2013,Diesel,Manual,First,21.43,1364,5,5.87,Toyota,Corolla Altis Diesel D4DG
Delhi,2015,Diesel,Manual,First,15.4,2179,8,9.5,Mahindra,Scorpio S8 8 Seater
Chennai,2013,Diesel,Automatic,First,14.16,1968,5,32.5,Audi,Q5 2.0 TDI Premium Plus
Coimbatore,2014,Diesel,Manual,First,18.2,1248,8,3.88,Chevrolet,Enjoy TCDi LS 8 Seater
Coimbatore,2013,Diesel,Automatic,First,22.69,1995,5,13.08,BMW,3 Series 320d
Delhi,2012,Diesel,Manual,First,21.64,1461,5,3.5,Nissan,Sunny 2011-2014 Diesel XV
Mumbai,2010,Petrol,Manual,Second,12.8,2354,5,3.5,Honda,Accord 2.4 MT
Bangalore,2010,Diesel,Manual,First,16.8,1493,5,4.45,Hyundai,Verna CRDi
Jaipur,2015,Petrol,Manual,First,16.8,796,8,2.35,Maruti,Omni E MPI STD BS IV
Kolkata,2015,Petrol,Manual,First,17.4,1497,5,5.0,Honda,City i VTEC SV
Kolkata,2012,Diesel,Automatic,Second,0.0,2967,5,28.0,Audi,A7 2011-2015 Sportback
Chennai,2007,Petrol,Manual,Second,16.6,1388,5,2.0,Ford,Fiesta 1.4 ZXi Leather
Mumbai,2015,Diesel,Manual,First,22.54,1396,5,6.35,Hyundai,i20 1.4 Asta
Kochi,2015,Diesel,Automatic,First,13.0,2143,5,24.63,Mercedes-Benz,E-Class E250 CDI Avantgrade
Pune,2012,CNG,Manual,Second,26.2,998,5,3.0,Maruti,Wagon R LXI CNG
Chennai,2016,Diesel,Manual,First,22.77,1498,5,7.9,Ford,EcoSport 1.5 TDCi Trend Plus
Mumbai,2011,Petrol,Manual,First,18.5,1197,5,3.25,Hyundai,i20 1.2 Magna
Delhi,2016,Petrol,Manual,Second,17.8,1497,5,8.25,Honda,City i VTEC V
Kolkata,2011,Diesel,Manual,First,23.08,1461,5,2.85,Nissan,Micra Diesel XV
Pune,2010,Diesel,Manual,Second,20.0,1399,5,3.2,Ford,Figo Diesel EXI
Kolkata,2013,Petrol,Manual,First,18.44,1198,5,1.75,Nissan,Micra XL
Kolkata,2013,Diesel,Manual,First,17.8,1248,5,3.38,Maruti,Swift VDI BSIV
Ahmedabad,2009,Petrol,Manual,Second,12.8,2354,5,5.75,Honda,Accord 2.4 MT
Mumbai,2010,Petrol,Automatic,First,13.7,1798,5,4.7,Skoda,Superb Elegance 1.8 TSI AT
Hyderabad,2017,Petrol,Manual,First,14.0,796,5,2.9,Maruti,Omni 8 Seater BSIV
Ahmedabad,2012,Diesel,Manual,First,21.9,1396,5,4.25,Hyundai,i20 Magna Optional 1.4 CRDi
Chennai,2017,Diesel,Automatic,First,17.01,1582,5,14.5,Hyundai,Creta 1.6 CRDi AT SX Plus
Kochi,2016,Diesel,Manual,First,25.2,1248,5,5.34,Maruti,Swift VDI BSIV
Jaipur,2014,Diesel,Manual,First,25.2,1248,5,3.85,Maruti,Swift LDI BSIV
Hyderabad,2009,Diesel,Manual,First,12.8,2494,8,8.5,Toyota,Innova 2.5 G (Diesel) 8 Seater BS IV
Mumbai,2016,Diesel,Manual,First,24.4,1120,5,4.2,Hyundai,Xcent 1.1 CRDi Base
Delhi,2016,Diesel,Manual,First,20.77,1248,7,6.75,Maruti,Ertiga Paseo VDI
Jaipur,2016,Diesel,Automatic,First,10.91,3198,7,26.0,Ford,Endeavour 3.2 Trend AT 4X4
Coimbatore,2019,Diesel,Manual,First,22.54,1396,5,8.61,Hyundai,i20 1.4 Sportz
Mumbai,2009,Petrol,Manual,First,19.0,998,5,1.46,Maruti,Zen Estilo LXI BS IV
Mumbai,2011,Diesel,Manual,Second,21.1,1248,5,2.8,Maruti,Ritz VDi
Kochi,2018,CNG,Manual,First,32.26,998,4,4.0,Maruti,Alto K10 LXI CNG Optional
Mumbai,2014,Petrol,Manual,First,17.0,1497,5,5.47,Honda,City 1.5 S MT
Mumbai,2009,Petrol,Manual,First,17.5,1298,5,2.45,Maruti,Swift Dzire ZXi
Hyderabad,2014,Diesel,Automatic,First,17.05,1995,5,21.5,BMW,X1 sDrive 20d Sportline
Mumbai,2010,Petrol,Manual,First,15.0,1368,5,1.38,Tata,Manza Aqua Safire
Chennai,2016,Diesel,Manual,First,16.0,2179,7,13.5,Mahindra,XUV500 W10 2WD
Bangalore,2009,Petrol,Automatic,Second,16.95,1197,5,3.1,Hyundai,i10 Sportz AT
Mumbai,2016,Petrol,Manual,First,21.4,1197,5,5.49,Maruti,Baleno Sigma 1.2
Kochi,2017,Diesel,Manual,First,24.3,1248,5,9.51,Maruti,Vitara Brezza ZDi Plus Dual Tone
Mumbai,2012,Petrol,Manual,First,15.6,1196,5,2.39,Ford,Figo Petrol ZXI
Delhi,2014,CNG,Manual,First,33.54,998,5,3.25,Maruti,Wagon R CNG LXI
Mumbai,2014,Petrol,Automatic,First,18.19,1197,5,5.65,Volkswagen,Vento Sport 1.2 TSI AT
Ahmedabad,2010,Diesel,Manual,First,14.95,2489,7,1.85,Mahindra,Xylo D2 BS III
Kochi,2019,Petrol,Automatic,First,13.33,2995,5,2.02,Porsche,Cayenne Base
Hyderabad,2013,Diesel,Manual,First,19.3,1248,5,5.8,Maruti,Swift Dzire VDi
Hyderabad,2017,Petrol,Manual,First,16.2,1199,5,6.9,Volkswagen,Polo 1.2 MPI Highline Plus
Chennai,2013,Petrol,Manual,Second,17.01,1591,5,5.35,Hyundai,Verna 1.6 VTVT
Bangalore,2010,Petrol,Manual,First,19.81,1086,5,2.85,Hyundai,i10 Era 1.1
Chennai,2014,Diesel,Automatic,First,13.0,2143,5,22.75,Mercedes-Benz,E-Class E250 CDI Launch Edition
Jaipur,1998,Petrol,Manual,Third,17.3,993,5,0.45,Maruti,Zen LXI
Coimbatore,2013,Petrol,Manual,First,20.36,1197,5,4.64,Hyundai,i10 Sportz
Coimbatore,2016,Diesel,Manual,First,25.8,1498,5,5.27,Honda,Amaze S i-Dtech
Jaipur,2016,Diesel,Manual,First,14.1,2179,7,10.0,Tata,Safari Storme VX
Mumbai,2015,Petrol,Manual,First,18.5,1198,5,3.95,Honda,Brio 1.2 S MT
Kochi,2010,Petrol,Manual,First,17.0,1197,5,3.38,Hyundai,i20 Asta
Coimbatore,2018,Petrol,Manual,First,14.69,1390,5,16.8,Volkswagen,Jetta 2012-2014 1.4 TSI
Kolkata,2010,Petrol,Manual,First,16.7,1198,5,1.99,Honda,Jazz Select Edition
Coimbatore,2017,Petrol,Manual,First,18.9,1197,5,5.84,Hyundai,Grand i10 Sportz
Coimbatore,2016,Diesel,Automatic,First,14.74,2993,5,36.15,Jaguar,XF Diesel
Kolkata,2014,Diesel,Automatic,First,16.36,2179,5,25.7,Jaguar,XF 2.2 Litre Luxury
Coimbatore,2013,Diesel,Manual,First,16.0,2179,7,9.24,Mahindra,XUV500 W8 2WD
Delhi,2015,Diesel,Manual,First,22.7,1598,5,7.65,Maruti,S Cross DDiS 320 Alpha
Coimbatore,2015,Diesel,Automatic,First,17.11,1968,5,25.31,Audi,A4 2.0 TDI 177 Bhp Premium Plus
Delhi,2013,Diesel,Manual,First,19.01,1461,5,4.75,Renault,Duster 110PS Diesel RxZ
Coimbatore,2014,Petrol,Manual,First,19.1,1197,5,6.69,Maruti,Swift Dzire VXI
Mumbai,2012,Petrol,Manual,First,16.47,1198,5,3.1,Volkswagen,Polo Petrol Trendline 1.2L
Jaipur,2012,Petrol,Manual,First,19.7,796,8,1.55,Maruti,Omni 8 Seater BSII
Coimbatore,2019,Petrol,Automatic,First,18.9,1197,5,6.84,Hyundai,Grand i10 1.2 Kappa Magna AT
Hyderabad,2014,Petrol,Manual,First,25.4,624,4,1.6,Tata,Nano Twist XT
Kochi,2017,Petrol,Automatic,First,17.84,1395,5,21.73,Audi,A4 30 TFSI Premium Plus
Mumbai,2015,Petrol,Manual,First,16.47,1198,5,4.75,Volkswagen,Polo 1.2 MPI Highline
Chennai,2015,Petrol,Manual,First,22.74,796,5,2.45,Maruti,Alto 800 LXI
Kochi,2019,Diesel,Automatic,First,20.7,1496,5,31.55,Mini,Cooper 5 DOOR D
Delhi,2012,Diesel,Automatic,Second,15.2,1968,5,10.25,Audi,A4 New 2.0 TDI Multitronic
Coimbatore,2019,Diesel,Manual,First,12.62,2198,7,27.36,Ford,Endeavour Titanium 4X2
Hyderabad,2013,Petrol,Manual,Second,15.8,1499,5,6.5,Ford,Ecosport 1.5 Ti VCT MT Titanium
Jaipur,2016,Petrol,Manual,First,18.9,1197,5,4.25,Hyundai,Grand i10 Magna
Mumbai,2014,Petrol,Manual,First,18.2,1199,5,5.5,Chevrolet,Sail 1.2 LS
Kolkata,2015,Petrol,Manual,First,20.85,1197,5,4.0,Maruti,Swift Dzire LXI
Kochi,2017,Petrol,Manual,First,17.57,1193,5,4.65,Tata,Zest Revotron 1.2T XM
Delhi,2015,Diesel,Automatic,First,19.27,2143,5,28.5,Mercedes-Benz,New C-Class C 220 CDI Avantgarde
Coimbatore,2014,Diesel,Manual,First,17.3,1998,5,7.11,Chevrolet,Cruze LTZ
Hyderabad,2013,Diesel,Manual,First,21.1,1248,5,3.9,Maruti,Ritz VDi
Jaipur,2017,Petrol,Manual,First,18.9,1197,5,5.6,Hyundai,Grand i10 1.2 Kappa Sportz Option
Pune,2012,Diesel,Manual,Third,28.4,1248,5,2.25,Maruti,Dzire LDI
Kolkata,2011,Diesel,Manual,First,22.32,1582,5,3.9,Hyundai,Verna 1.6 SX
Coimbatore,2014,Diesel,Automatic,First,14.74,2993,5,28.63,Jaguar,XF Diesel
Delhi,2013,Petrol,Automatic,First,13.7,1798,5,7.25,Skoda,Superb Elegance 1.8 TSI AT
Pune,2006,Petrol,Manual,Second,18.9,998,5,2.0,Maruti,Wagon R LXI
Mumbai,2011,Petrol,Manual,First,16.47,1198,5,3.5,Volkswagen,Polo Petrol Highline 1.2L
Hyderabad,2011,Petrol,Manual,First,14.8,1799,5,5.0,Honda,Civic 2010-2013 1.8 S MT
Ahmedabad,2015,CNG,Manual,First,20.0,1196,5,3.72,Maruti,Eeco CNG 5 Seater AC
Chennai,2014,Petrol,Manual,First,22.5,998,5,3.45,Maruti,Wagon R VXI
Kolkata,2013,Diesel,Manual,First,23.4,1248,5,4.5,Maruti,Swift Dzire VDI
Coimbatore,2018,Petrol,Automatic,First,13.0,1591,5,14.36,Hyundai,Creta 1.6 SX Plus Petrol Automatic
Bangalore,2016,Petrol,Manual,First,18.9,1197,5,5.5,Hyundai,Grand i10 Asta
Mumbai,2013,Diesel,Manual,First,23.08,1461,5,3.0,Nissan,Micra Diesel XV Premium
Coimbatore,2017,Petrol,Manual,First,18.9,1197,5,6.08,Hyundai,Grand i10 1.2 Kappa Asta
Chennai,2013,Diesel,Manual,First,20.54,1598,5,5.0,Volkswagen,Vento Diesel Highline
Kochi,2015,Diesel,Automatic,First,12.55,2982,7,20.25,Toyota,Fortuner 4x2 AT
Chennai,2002,Petrol,Manual,Third,0.0,999,5,1.2,Hyundai,Santro GS zipDrive - Euro II
Pune,2018,Diesel,Automatic,First,11.36,2755,7,18.0,Toyota,Innova Crysta 2.8 GX AT
Pune,2015,Diesel,Automatic,First,20.0,2143,5,17.5,Mercedes-Benz,A Class A180 CDI
Pune,2013,Petrol,Manual,First,21.1,814,5,2.1,Hyundai,EON D Lite
Bangalore,2012,Diesel,Manual,Second,22.7,1582,5,7.5,Hyundai,Elantra CRDi SX
Kochi,2015,Diesel,Automatic,Second,20.7,1496,4,24.77,Mini,Cooper 3 DOOR D
Bangalore,2015,Diesel,Manual,First,19.64,1461,5,8.65,Renault,Duster 110PS Diesel RXZ Option
Chennai,2019,Diesel,Automatic,First,10.91,3198,7,35.5,Ford,Endeavour 3.2 Titanium AT 4X4
Delhi,2014,Petrol,Manual,First,14.28,1798,5,10.5,Toyota,Corolla Altis GL MT
Delhi,2018,Diesel,Manual,First,14.0,2179,7,13.0,Mahindra,XUV500 W7
Kolkata,2012,Diesel,Automatic,First,16.77,2993,5,26.5,BMW,7 Series 730Ld Design Pure Excellence CBU
Ahmedabad,2004,Petrol,Manual,Second,17.3,1061,5,1.4,Maruti,Wagon R LX BSIII
Kochi,2017,Petrol,Manual,First,17.8,1497,5,7.51,Honda,City i VTEC SV
Delhi,2014,Diesel,Manual,First,22.9,1248,5,4.3,Maruti,Swift VDI
Mumbai,2015,Petrol,Automatic,First,18.0,1497,5,8.95,Honda,City i-VTEC CVT VX
Kochi,2015,Diesel,Manual,First,20.77,1248,7,6.91,Maruti,Ertiga VDI
Coimbatore,2016,Diesel,Manual,First,19.01,1461,5,9.75,Renault,Duster 110PS Diesel RxZ
Jaipur,2010,Diesel,Manual,Second,19.3,1248,5,4.0,Maruti,Swift Dzire VDi
Hyderabad,2011,Diesel,Manual,First,23.2,1248,5,3.65,Maruti,Ritz VDi
Chennai,2013,Diesel,Manual,First,15.1,2179,7,10.75,Mahindra,XUV500 W8 4WD
Kochi,2015,Petrol,Manual,First,19.4,1198,5,4.51,Honda,Brio S MT
Coimbatore,2016,Diesel,Automatic,First,0.0,2987,5,49.22,Mercedes-Benz,M-Class ML 350 4Matic
Coimbatore,2014,Diesel,Manual,First,21.02,1248,5,3.7,Tata,Manza Club Class Quadrajet90 LS
Hyderabad,2014,Diesel,Manual,First,12.8,2494,7,12.99,Toyota,Innova 2.5 V Diesel 7-seater
Delhi,2015,Petrol,Manual,First,18.6,1197,5,4.15,Maruti,Swift VXI
Kolkata,2012,Petrol,Manual,First,17.01,1591,5,4.4,Hyundai,Verna 1.6 EX VTVT
Kolkata,2015,Petrol,Manual,First,17.3,1497,7,4.25,Honda,Mobilio S i VTEC
Mumbai,2017,Petrol,Manual,First,18.0,1198,5,4.25,Honda,Amaze S i-Vtech
Jaipur,2017,Petrol,Automatic,First,18.0,1497,5,7.7,Honda,City i-VTEC CVT VX
Pune,2015,Diesel,Automatic,First,12.7,2179,5,39.75,Land,Rover Range Rover 2.2L Dynamic
Mumbai,2017,Petrol,Manual,First,17.4,1497,5,8.5,Honda,City i-VTEC V
Jaipur,2008,Petrol,Automatic,First,9.5,2997,5,7.0,Mercedes-Benz,E-Class 280 Elegance
Chennai,2002,Petrol,Manual,Third,13.8,1299,5,0.8,Ford,Ikon 1.3 Flair
Delhi,2013,Diesel,Manual,First,13.0,2982,7,15.25,Toyota,Fortuner 4x2 Manual
Hyderabad,2008,Petrol,Manual,First,19.0,998,5,2.25,Maruti,A-Star Vxi
Kolkata,2016,Diesel,Manual,First,14.07,1948,7,4.85,Tata,Sumo EX
Coimbatore,2012,Petrol,Automatic,Second,15.6,1497,5,6.42,Honda,City V AT
Chennai,2012,Diesel,Manual,Second,23.19,1461,5,2.5,Nissan,Micra XV D
Hyderabad,2011,Diesel,Automatic,First,19.08,1582,5,5.75,Hyundai,Verna SX CRDi AT
Pune,2003,Petrol,Manual,First,16.1,796,4,0.5,Maruti,800 Std
Coimbatore,2015,Diesel,Manual,First,15.1,2179,7,11.52,Mahindra,XUV500 W8 4WD
Delhi,2014,Diesel,Manual,First,21.5,1248,5,4.5,Maruti,SX4 VDI
Bangalore,2013,Petrol,Automatic,First,15.0,1396,5,4.75,Hyundai,i20 Sportz AT 1.4
Coimbatore,2019,Diesel,Manual,First,19.67,1582,5,13.54,Hyundai,Creta 1.6 CRDi SX
Kochi,2015,Diesel,Automatic,First,13.0,2143,5,23.41,Mercedes-Benz,E-Class E250 CDI Avantgrade
Hyderabad,2013,Diesel,Automatic,Second,12.55,2982,7,19.25,Toyota,Fortuner 4x2 AT
Ahmedabad,2015,Diesel,Automatic,First,9.0,1984,5,20.0,Volvo,S60 D4 KINETIC
Delhi,2011,Diesel,Automatic,First,14.21,2143,5,13.0,Mercedes-Benz,E-Class 2009-2013 E250 CDI Avantgarde
Chennai,2010,Petrol,Manual,First,10.2,2354,5,3.99,Honda,Accord 2.4 Elegance M/T
Pune,2015,Diesel,Manual,First,25.8,1498,5,4.65,Honda,Amaze S i-Dtech
Ahmedabad,2013,Diesel,Manual,First,28.4,1248,5,4.65,Maruti,Dzire ZDI
Kolkata,2013,Petrol,Manual,First,18.6,1197,5,3.15,Maruti,Swift LXI
Delhi,2013,Petrol,Automatic,First,14.53,1798,5,8.25,Toyota,Corolla Altis G HV AT
Bangalore,2012,Diesel,Automatic,Second,11.49,4367,5,65.0,Land,Rover Range Rover Vogue SE 4.4 SDV8
Chennai,2012,Diesel,Manual,First,22.9,1248,5,4.5,Maruti,Swift VDI
Kolkata,2017,Diesel,Manual,First,16.3,1956,5,17.5,Jeep,Compass 2.0 Limited Option 4X4
Mumbai,2016,Petrol,Manual,First,20.4,1197,5,4.31,Maruti,Swift VXI BSIV
Kochi,2016,Petrol,Manual,First,18.7,1199,5,6.2,Honda,Jazz 1.2 SV i VTEC
Chennai,2011,Diesel,Manual,First,23.59,1364,5,4.67,Toyota,Etios GD
Kochi,2011,Petrol,Manual,First,16.47,1198,5,3.32,Volkswagen,Polo Petrol Trendline 1.2L
Delhi,2011,Petrol,Automatic,First,12.9,1799,5,3.75,Honda,Civic 2006-2010 1.8 V AT
Bangalore,2013,Petrol,Manual,First,16.78,1496,5,4.7,Toyota,Etios G SP
Chennai,2016,Petrol,Manual,First,17.01,1591,5,6.5,Hyundai,Verna 1.6 SX VTVT
Hyderabad,2009,Diesel,Manual,First,12.8,2494,8,7.25,Toyota,Innova 2.5 G4 Diesel 8-seater
Coimbatore,2016,Diesel,Manual,First,22.7,1598,5,8.94,Maruti,SX4 S Cross DDiS 320 Zeta
Kolkata,2018,Petrol,Manual,First,19.0,1194,5,7.34,Ford,Freestyle Titanium Plus Petrol
Delhi,2016,Petrol,Manual,First,21.4,1197,5,6.9,Maruti,Baleno Alpha 1.2
Mumbai,2016,Petrol,Manual,First,18.2,1199,5,5.9,Honda,Jazz V
Pune,2013,Diesel,Automatic,First,22.32,1582,5,6.75,Hyundai,Verna 1.6 CRDi EX AT
Ahmedabad,2014,Diesel,Manual,First,25.8,1498,5,4.1,Honda,Amaze VX i-DTEC
Mumbai,2017,Diesel,Automatic,First,18.51,1968,5,27.0,Audi,Q3 30 TDI Premium FWD
Mumbai,2014,Petrol,Manual,First,15.0,1598,5,4.5,Skoda,Rapid 2013-2016 1.6 MPI Ambition
Kolkata,2013,Diesel,Automatic,First,17.11,1968,5,14.5,Audi,A4 2.0 TDI 177 Bhp Premium Plus
Jaipur,2014,Diesel,Manual,First,23.4,1248,5,5.25,Maruti,Swift Dzire VDI
Kolkata,2012,Diesel,Manual,Second,22.3,1248,5,1.2,Tata,Indica Vista Quadrajet LS
Jaipur,2006,Diesel,Manual,Second,12.99,2494,8,4.95,Toyota,Innova 2.5 G (Diesel) 8 Seater
Hyderabad,2013,Diesel,Manual,First,19.64,1461,5,7.5,Renault,Duster 110PS Diesel RxZ Plus
Kolkata,2015,Petrol,Automatic,First,10.0,2996,4,48.0,Mercedes-Benz,E-Class E400 Cabriolet
Delhi,2015,Diesel,Manual,First,25.8,1498,5,4.45,Honda,Amaze S i-Dtech
Coimbatore,2018,Diesel,Automatic,First,11.57,2987,5,59.65,Mercedes-Benz,GLE 350d
Kochi,2015,Diesel,Manual,First,23.2,1248,5,4.38,Maruti,Ritz VDi
Kochi,2016,Diesel,Manual,First,28.09,1248,5,7.9,Maruti,Ciaz ZDi Plus SHVS
Bangalore,2008,Petrol,Manual,Second,0.0,1086,5,1.88,Hyundai,Santro Xing GL
Coimbatore,2018,Petrol,Automatic,First,21.4,1197,5,7.29,Maruti,Baleno Delta CVT
Hyderabad,2012,Diesel,Manual,First,23.5,1498,5,6.0,Ford,Fiesta Diesel Titanium Plus
Chennai,2011,Diesel,Manual,Third,16.0,2179,7,6.7,Mahindra,XUV500 W8 2WD
Jaipur,2009,Petrol,Manual,First,19.7,796,5,1.5,Maruti,Alto LXi
Kochi,2016,Diesel,Automatic,First,20.7,1496,4,23.8,Mini,Cooper 3 DOOR D
Kochi,2014,Diesel,Manual,First,15.1,2179,7,7.77,Mahindra,XUV500 W8 4WD
Coimbatore,2012,Petrol,Manual,First,17.92,1086,5,3.32,Hyundai,Santro Xing GLS
Kochi,2015,Diesel,Manual,First,22.9,1248,5,4.94,Maruti,Swift VDI
Delhi,2013,Diesel,Automatic,Second,20.0,2143,5,11.0,Mercedes-Benz,A Class A180 CDI
Hyderabad,2016,Petrol,Manual,First,25.17,799,5,3.4,Renault,KWID RXT
Kochi,2013,Diesel,Manual,First,22.9,1248,5,4.17,Maruti,Swift VDI
Hyderabad,2005,Petrol,Manual,Second,17.3,993,5,1.25,Maruti,Zen LXI
Mumbai,2016,Petrol,Automatic,First,18.9,1197,5,5.45,Hyundai,Grand i10 Magna AT
Jaipur,2012,Diesel,Manual,First,21.12,1248,5,2.59,Tata,Manza Aura Quadrajet BS IV
Pune,2015,Diesel,Manual,First,16.0,2179,7,12.01,Mahindra,XUV500 W10 AWD
Delhi,2010,Petrol,Manual,Second,17.5,1197,5,2.45,Maruti,Swift Dzire 1.2 Vxi BSIV
Bangalore,2015,Diesel,Automatic,First,15.73,1968,5,29.0,Audi,Q3 35 TDI Quattro Premium Plus
Hyderabad,2008,Diesel,Manual,Second,17.8,1399,5,2.4,Ford,Fiesta 1.4 SXi TDCi
Hyderabad,2010,Diesel,Automatic,First,14.84,2143,5,11.99,Mercedes-Benz,New C-Class C 220 CDI Elegance AT
Delhi,2015,Petrol,Automatic,First,18.0,1497,5,7.9,Honda,City i VTEC CVT VX
Pune,2010,Diesel,Manual,Third,12.8,2494,7,6.25,Toyota,Innova 2.5 GX 7 STR
Pune,2011,Petrol,Manual,Second,18.6,1199,5,1.8,Chevrolet,Beat LT
Delhi,2013,CNG,Manual,First,26.6,998,5,2.8,Maruti,Wagon R LXI CNG
Mumbai,2015,Petrol,Manual,First,18.7,1199,5,4.9,Honda,Jazz 1.2 S i VTEC
Jaipur,2010,Petrol,Manual,First,18.06,1198,5,2.25,Nissan,Micra XL Primo
Coimbatore,2017,Petrol,Automatic,First,19.12,1373,5,8.89,Maruti,Ciaz AT ZXi
Mumbai,2012,Diesel,Automatic,First,12.55,2982,7,15.0,Toyota,Fortuner 4x2 AT
Kolkata,2018,Diesel,Manual,First,26.1,1498,5,5.65,Ford,Aspire Ambiente Diesel
Jaipur,2014,Diesel,Manual,First,20.77,1248,7,7.0,Maruti,Ertiga ZDI
Hyderabad,2016,Petrol,Manual,First,22.74,796,5,2.95,Maruti,Alto 800 LXI
Chennai,2013,Petrol,Manual,First,19.4,1198,5,3.3,Honda,Brio V MT
Hyderabad,2010,Diesel,Manual,Second,16.2,1493,5,3.5,Hyundai,Verna Transform CRDi VGT SX ABS
Jaipur,2007,Petrol,Manual,First,12.8,1493,5,2.3,Honda,City 1.5 GXI
Coimbatore,2017,Diesel,Manual,First,19.67,1582,5,13.69,Hyundai,Creta 1.6 CRDi SX
Delhi,2013,Diesel,Manual,First,23.59,1364,5,3.1,Toyota,Etios Liva GD
Mumbai,2014,Petrol,Manual,First,13.44,2359,5,12.75,Hyundai,Sonata Transform 2.4 GDi MT
Pune,2017,Diesel,Manual,First,19.67,1582,5,13.75,Hyundai,Creta 1.6 CRDi SX Option
Chennai,2017,Petrol,Manual,First,18.7,1199,5,6.75,Honda,Jazz 1.2 SV i VTEC
Chennai,2014,Diesel,Manual,First,20.54,1598,5,5.25,Volkswagen,Vento Diesel Comfortline
Mumbai,2015,Diesel,Manual,First,16.0,2179,7,8.75,Mahindra,XUV500 W6 2WD
Kochi,2017,Diesel,Manual,First,18.49,1493,7,8.87,Mahindra,TUV 300 2015-2019 T8
Bangalore,2010,Petrol,Automatic,Second,11.1,2354,5,6.5,Honda,Accord 2001-2003 2.3 VTi L AT
Pune,2012,Diesel,Manual,First,20.77,1248,7,4.5,Maruti,Ertiga VDI
Hyderabad,2012,Diesel,Manual,First,12.83,2696,7,12.5,Mahindra,Ssangyong Rexton RX5
Delhi,2014,Diesel,Automatic,First,12.55,2982,7,16.8,Toyota,Fortuner 4x2 AT
Hyderabad,2016,Diesel,Manual,First,20.77,1248,7,8.75,Maruti,Ertiga ZDI
Pune,2013,Diesel,Automatic,First,19.5,1582,5,8.5,Hyundai,Elantra CRDi SX AT
Kolkata,2011,Petrol,Manual,First,20.36,1197,5,2.21,Hyundai,i10 Magna 1.2
Jaipur,2012,Petrol,Manual,First,16.8,796,5,1.6,Maruti,Omni MPI STD BSIV
Delhi,2016,Petrol,Automatic,First,15.5,1198,5,6.25,Honda,Amaze VX AT i-Vtech
Mumbai,2007,Petrol,Automatic,Second,12.9,1799,5,2.25,Honda,Civic 2006-2010 1.8 V AT
Kochi,2019,Diesel,Automatic,First,17.9,2143,5,25.75,Mercedes-Benz,CLA 200 CDI Sport
Ahmedabad,2010,Petrol,Manual,Second,13.14,1798,5,6.75,Skoda,Superb 1.8 TFSI MT
Ahmedabad,2015,Diesel,Manual,First,28.09,1248,5,6.25,Maruti,Ciaz ZDi Plus SHVS
Delhi,2013,Diesel,Manual,First,22.7,1498,5,5.1,Ford,Ecosport 1.5 DV5 MT Titanium Optional
Mumbai,2009,Diesel,Automatic,Second,8.7,2987,5,10.75,Mercedes-Benz,M-Class ML 320 CDI
Hyderabad,2016,Diesel,Manual,First,24.0,1120,5,5.7,Hyundai,Grand i10 CRDi Sportz
Bangalore,2013,Diesel,Manual,First,20.5,1598,5,5.95,Volkswagen,Vento Diesel Breeze
Kochi,2012,Diesel,Manual,First,25.44,936,5,2.4,Chevrolet,Beat Diesel LT
Mumbai,2013,Diesel,Manual,First,17.21,1493,7,3.49,Mahindra,Quanto C6
Hyderabad,2011,Petrol,Automatic,First,19.2,1197,5,4.0,Hyundai,i10 Asta 1.2 AT with Sunroof
Delhi,2013,Diesel,Manual,First,23.59,1364,5,3.85,Toyota,Etios Liva 1.4 GD
Mumbai,2010,Petrol,Automatic,First,14.53,1794,5,3.95,Toyota,Corolla Altis 2008-2013 1.8 VL AT
Jaipur,2013,Petrol,Manual,Second,20.36,1197,5,3.0,Hyundai,i10 Magna 1.2
Kochi,2018,Petrol,Manual,First,18.16,1196,5,6.7,Ford,Figo Aspire 1.2 Ti-VCT Titanium
Coimbatore,2016,Petrol,Manual,First,18.5,1197,5,6.14,Maruti,Ritz ZXi
Bangalore,2012,Petrol,Automatic,Second,15.0,1396,5,4.4,Hyundai,i20 Sportz AT 1.4
Pune,2017,Diesel,Manual,First,26.59,1248,5,4.25,Maruti,Swift Dzire LDI
Kochi,2010,Petrol,Automatic,First,8.77,4395,5,25.93,BMW,7 Series 2007-2012 750Li
Kolkata,2016,Diesel,Manual,First,22.7,1598,5,7.0,Maruti,S Cross DDiS 320 Alpha
Coimbatore,2017,Diesel,Automatic,First,12.55,2982,7,25.12,Toyota,Fortuner 4x4 AT
Kochi,2017,Petrol,Manual,First,20.3,998,5,4.45,Hyundai,EON 1.0 Magna Plus Option O
Kolkata,2011,Diesel,Manual,First,21.9,1396,5,2.4,Hyundai,i20 1.4 CRDi Magna
Pune,2012,Diesel,Manual,Second,20.54,1598,5,4.33,Volkswagen,Vento Diesel Highline
Coimbatore,2017,Petrol,Automatic,First,18.5,1197,5,6.93,Maruti,Swift Dzire VXi AT
Ahmedabad,2014,Diesel,Manual,First,21.9,1396,5,4.25,Hyundai,i20 Magna 1.4 CRDi
Pune,2010,Diesel,Automatic,First,14.21,2143,5,12.5,Mercedes-Benz,E-Class 2009-2013 E250 CDI Blue Efficiency
Chennai,2015,Petrol,Manual,First,18.9,1197,5,4.9,Hyundai,Grand i10 Sportz
Mumbai,2014,Diesel,Manual,First,23.0,1396,5,4.5,Hyundai,i20 1.4 CRDi Sportz
Jaipur,2016,Petrol,Manual,First,25.17,799,5,3.0,Renault,KWID RXT
Chennai,2015,Petrol,Automatic,First,16.9,1197,5,5.8,Hyundai,Xcent 1.2 Kappa AT SX Option
Pune,2011,Petrol,Manual,First,15.04,1598,5,3.33,Volkswagen,Vento Petrol Highline
Kochi,2015,Diesel,Automatic,First,14.39,1998,5,6.62,Chevrolet,Cruze LTZ AT
Mumbai,2015,Diesel,Manual,Second,19.01,1461,5,5.75,Nissan,Terrano XL 110 PS
Hyderabad,2012,Diesel,Manual,First,22.32,1582,5,6.2,Hyundai,Verna 1.6 SX
Chennai,2015,Petrol,Automatic,First,23.1,998,5,3.5,Maruti,Celerio VXI AMT
Pune,2010,Petrol,Manual,First,18.9,998,5,2.0,Maruti,Wagon R LXI
Chennai,2012,Diesel,Manual,First,21.9,1396,5,4.0,Hyundai,i20 Magna Optional 1.4 CRDi
Mumbai,2011,Petrol,Automatic,First,12.3,1781,5,9.5,Audi,A4 1.8 TFSI
Mumbai,2013,Diesel,Automatic,First,17.05,1995,5,17.5,BMW,X1 sDrive20d
Mumbai,2015,Petrol,Automatic,First,14.3,1598,5,6.11,Skoda,Rapid 1.6 MPI AT Elegance Plus
Ahmedabad,2014,Petrol,Manual,First,20.36,1197,5,3.75,Hyundai,i10 Magna
Hyderabad,2007,Diesel,Manual,Second,10.5,2835,6,6.2,Mitsubishi,Pajero 2.8 GLX CRZ
Mumbai,2014,Diesel,Manual,First,26.0,1498,5,6.15,Honda,City i DTEC SV
Pune,2012,Petrol,Manual,First,20.92,998,5,2.4,Maruti,Alto K10 2010-2014 VXI
Pune,2009,Diesel,Manual,Fourth & Above,17.8,1248,5,2.15,Maruti,Swift Ldi BSIII
Kolkata,2016,Petrol,Manual,First,18.9,1197,5,3.75,Hyundai,Grand i10 Magna
Mumbai,2011,Petrol,Manual,Second,15.6,1196,5,2.15,Ford,Figo Petrol ZXI
Bangalore,2015,Petrol,Manual,First,18.9,1197,5,4.75,Hyundai,Grand i10 SportZ Edition
Mumbai,2010,Petrol,Manual,First,15.5,1586,5,2.45,Maruti,SX4 Vxi BSIV
Mumbai,2017,Petrol,Manual,First,17.4,1497,5,11.15,Honda,City i-VTEC VX
Jaipur,2016,Diesel,Automatic,First,19.6,1461,5,8.9,Renault,Duster 110PS Diesel RxZ AMT
Ahmedabad,2014,Diesel,Manual,First,25.8,1498,5,4.35,Honda,Amaze S i-Dtech
Jaipur,2015,Diesel,Manual,Second,12.99,2494,7,12.0,Toyota,Innova 2.5 Z Diesel 7 Seater
Mumbai,2009,Diesel,Automatic,Second,16.07,1995,5,8.5,BMW,3 Series 320d Highline
Kochi,2017,Petrol,Manual,First,19.81,1086,5,4.27,Hyundai,i10 Magna 1.1 iTech SE
Jaipur,2012,Diesel,Manual,Second,20.45,1461,5,4.25,Renault,Duster 85PS Diesel RxL Optional with Nav
Bangalore,2010,Petrol,Automatic,First,11.3,2360,5,9.25,Mitsubishi,Outlander 2.4
Kochi,2017,Diesel,Manual,First,24.3,1248,5,8.61,Maruti,Vitara Brezza LDi
Hyderabad,2010,Diesel,Automatic,First,11.8,2987,7,28.0,Mercedes-Benz,R-Class R350 CDI 4MATIC
Coimbatore,2018,Diesel,Manual,First,23.0,1498,5,9.25,Ford,EcoSport 1.5 Diesel Titanium
Chennai,2016,Diesel,Automatic,First,19.08,1582,5,8.6,Hyundai,Verna 1.6 CRDI AT SX Option
Coimbatore,2018,Petrol,Manual,First,16.47,1198,5,7.53,Volkswagen,Polo 1.2 MPI Highline
Mumbai,2014,Diesel,Manual,First,19.64,1461,5,5.75,Renault,Duster 110PS Diesel RxL
Chennai,2012,Petrol,Automatic,First,16.5,1198,5,4.15,Honda,Brio S Option AT
Coimbatore,2017,Petrol,Manual,First,18.16,1196,5,5.84,Ford,Figo 2015-2019 1.2P Titanium MT
Kolkata,2012,Diesel,Automatic,First,18.53,1968,5,16.5,Audi,A6 2.0 TDI Design Edition
Mumbai,2015,Diesel,Automatic,First,15.97,2993,7,43.0,BMW,X5 2014-2019 xDrive 30d Design Pure Experience 7 Seater
Pune,2013,Petrol,Manual,First,20.36,1197,5,3.55,Hyundai,i10 Sportz Option
Hyderabad,2018,Petrol,Manual,First,18.6,1197,5,8.9,Hyundai,i20 1.2 Asta Option
Hyderabad,2006,Diesel,Manual,Second,16.4,1896,5,2.5,Skoda,Octavia L and K 1.9 TDI MT
Hyderabad,2010,Diesel,Manual,First,16.2,1493,5,3.85,Hyundai,Verna Transform SX VGT CRDi
Chennai,2012,Petrol,Automatic,Third,17.1,1591,5,7.5,Hyundai,Verna 1.6 SX VTVT (O) AT
Mumbai,2005,Petrol,Manual,Second,15.3,1341,5,1.8,Hyundai,Getz GVS
Chennai,2010,Diesel,Manual,First,20.0,1399,5,2.25,Ford,Figo Diesel EXI
Mumbai,2015,Diesel,Automatic,First,17.68,1968,5,24.25,Audi,A6 2011-2015 35 TDI Technology
Mumbai,2015,Petrol,Manual,First,16.47,1198,5,4.35,Volkswagen,Polo 1.2 MPI Highline
Kolkata,2012,Diesel,Automatic,First,17.05,1995,5,11.5,BMW,X1 sDrive20d
Kolkata,2014,Petrol,Manual,First,17.4,1497,5,4.75,Honda,City i VTEC SV
Hyderabad,2012,Diesel,Manual,First,23.0,1396,5,4.99,Hyundai,i20 Sportz Option Diesel
Coimbatore,2018,Petrol,Automatic,First,19.0,1199,5,9.15,Honda,Jazz 1.2 V CVT i VTEC
Hyderabad,2014,Petrol,Automatic,First,10.1,2354,5,13.99,Honda,CR-V 2.4 AT
Bangalore,2014,Diesel,Automatic,Second,20.0,2143,5,19.75,Mercedes-Benz,A Class A180 CDI
Coimbatore,2018,Diesel,Automatic,First,16.0,2179,7,16.77,Mahindra,XUV500 AT W10 AWD
Bangalore,2006,Diesel,Manual,Third,13.6,2523,7,2.5,Mahindra,Bolero SLX 2WD
Mumbai,2013,Petrol,Automatic,First,17.97,1498,5,3.65,Renault,Scala RxL AT
Ahmedabad,2012,Diesel,Automatic,Second,12.35,2179,5,23.5,Land,Rover Freelander 2 HSE SD4
Pune,2017,Petrol,Manual,First,22.74,796,5,3.11,Maruti,Alto 800 VXI
Kochi,2013,Petrol,Manual,First,17.6,1496,5,4.57,Toyota,Etios G
Mumbai,2014,Petrol,Manual,First,17.0,1197,5,5.32,Hyundai,i20 Sportz Option
Hyderabad,2012,Petrol,Manual,First,20.36,1197,5,3.2,Hyundai,i10 Sportz
Kochi,2016,Diesel,Manual,First,25.2,1248,5,5.63,Maruti,Swift VDI BSIV
Hyderabad,2015,Petrol,Manual,First,21.1,814,5,3.0,Hyundai,EON Magna Plus
Mumbai,2010,Diesel,Automatic,Second,22.69,1995,5,9.25,BMW,3 Series 320d
Delhi,2011,Diesel,Manual,First,23.57,1396,5,1.2,Tata,Indigo XL Classic Dicor
Delhi,2015,Petrol,Manual,First,22.74,796,5,2.15,Maruti,Alto 800 LXI
Pune,2010,Diesel,Manual,First,22.07,1199,5,3.05,Volkswagen,Polo Diesel Highline 1.2L
Ahmedabad,2014,Petrol,Automatic,First,14.28,1798,5,11.5,Toyota,Corolla Altis VL AT
Hyderabad,2008,Petrol,Manual,First,17.92,1086,5,2.3,Hyundai,Santro Xing GLS
Kolkata,2016,Petrol,Manual,First,20.4,1197,5,4.95,Maruti,Swift ZXI
Hyderabad,2013,Diesel,Manual,First,21.64,1461,5,4.75,Renault,Scala Diesel RxL
Coimbatore,2018,Diesel,Manual,First,24.3,1248,5,10.15,Maruti,Vitara Brezza ZDi Plus
Kolkata,2011,Petrol,Manual,First,18.06,1198,5,2.65,Nissan,Micra XV
Hyderabad,2015,Diesel,Manual,First,20.0,1399,5,3.8,Ford,Figo Diesel EXI
Kochi,2017,Petrol,Automatic,First,13.1,1997,5,16.68,Honda,CR-V 2.0 AT
Pune,2014,Diesel,Manual,First,19.01,1461,5,5.0,Nissan,Terrano XV 110 PS
Chennai,2011,Petrol,Manual,Second,17.71,1197,5,3.75,Toyota,Etios Liva 1.2 G
Jaipur,2013,Diesel,Manual,Third,21.27,1396,5,4.11,Hyundai,i20 Asta 1.4 CRDi
Chennai,2015,Petrol,Manual,Second,18.16,1196,5,4.25,Ford,Figo Aspire 1.2 Ti-VCT Ambiente
Mumbai,2004,Diesel,Manual,First,10.5,2835,6,3.45,Mitsubishi,Pajero 2.8 GLX CRZ
Bangalore,2014,Diesel,Automatic,First,17.11,1968,5,22.5,Audi,A4 2.0 TDI 177 Bhp Premium Plus
Delhi,2006,Petrol,Manual,First,12.4,1998,8,4.5,Toyota,Innova 2.0 E
Jaipur,2007,Petrol,Manual,First,15.26,1150,5,0.9,Chevrolet,Aveo U-VA 1.2 LS
Hyderabad,2006,Petrol,Manual,First,15.3,1341,5,1.85,Hyundai,Getz GLS
Kolkata,2013,Diesel,Manual,First,25.8,1498,5,3.25,Honda,Amaze S i-Dtech
Pune,2010,Diesel,Manual,Second,17.8,1248,5,3.1,Maruti,Swift VDI BSIV W ABS
Coimbatore,2014,Diesel,Manual,First,22.7,1498,5,7.34,Ford,Ecosport 1.5 DV5 MT Titanium Optional
Kolkata,2015,Diesel,Manual,First,20.14,1498,5,4.25,Volkswagen,CrossPolo 1.5 TDI
Delhi,2016,Petrol,Manual,First,18.6,1197,5,6.45,Hyundai,Elite i20 Petrol Sportz
Chennai,2011,Diesel,Manual,Second,12.8,2494,8,10.75,Toyota,Innova 2.5 V Diesel 8-seater
Kolkata,2015,Diesel,Automatic,First,15.26,2143,5,27.75,Mercedes-Benz,M-Class ML 250 CDI
Jaipur,2005,Petrol,Manual,Second,17.3,1061,5,0.99,Maruti,Wagon R LX BSIII
Pune,2016,Diesel,Automatic,First,12.62,2198,7,24.0,Ford,Endeavour 2.2 Trend AT 4X2
Jaipur,2016,Petrol,Manual,First,18.6,1197,5,6.1,Hyundai,Elite i20 Petrol Sportz
Ahmedabad,2017,Petrol,Manual,First,17.5,1199,5,8.25,Honda,WRV i-VTEC VX
Bangalore,2013,Petrol,Manual,First,16.47,1198,5,4.65,Volkswagen,Polo Petrol Highline 1.2L
Mumbai,2014,Petrol,Manual,First,13.7,1997,5,9.75,Honda,CR-V 2.0L 2WD MT
Bangalore,2014,Petrol,Manual,First,18.9,1197,5,4.4,Hyundai,Grand i10 1.2 Kappa Asta
Kolkata,2014,Petrol,Manual,First,19.1,1197,5,3.99,Maruti,Swift Dzire VXI
Coimbatore,2016,Diesel,Automatic,First,16.2,2993,5,45.73,BMW,5 Series 2003-2012 530d
Kochi,2014,Diesel,Manual,First,22.7,1498,5,5.27,Ford,Ecosport 1.5 DV5 MT Ambiente
Mumbai,2014,CNG,Manual,First,26.2,998,5,3.5,Maruti,Wagon R LXI CNG
Ahmedabad,2016,Diesel,Manual,First,26.0,1498,5,7.25,Honda,City i DTec V
Chennai,2008,Diesel,Manual,Second,17.0,1405,5,1.6,Tata,Indigo LS
Pune,2014,Diesel,Manual,Second,19.01,1461,5,6.0,Renault,Duster 110PS Diesel RxL
Chennai,2010,Petrol,Manual,First,20.36,1197,5,3.0,Hyundai,i10 Sportz
Mumbai,2015,Petrol,Manual,First,18.7,1199,5,4.95,Honda,Jazz 1.2 SV i VTEC
Hyderabad,2016,Diesel,Manual,First,23.65,1248,5,8.99,Maruti,SX4 S Cross DDiS 200 Zeta
Mumbai,2007,Petrol,Manual,Third,11.9,2354,5,1.85,Honda,Accord VTi-L MT
Coimbatore,2016,Petrol,Manual,First,16.47,1198,5,6.16,Volkswagen,Polo Petrol Comfortline 1.2L
Hyderabad,2010,Diesel,Manual,First,21.1,1248,5,3.5,Maruti,Ritz VDi
Jaipur,2014,Petrol,Manual,First,19.5,1199,5,4.5,Honda,Amaze S Petrol
Hyderabad,2017,Petrol,Manual,First,18.6,1197,5,7.75,Hyundai,i20 1.2 Asta Option
Hyderabad,2014,Diesel,Manual,First,20.45,1461,5,6.6,Renault,Duster 85PS Diesel RxL
Kochi,2014,Petrol,Manual,First,18.9,1197,5,4.98,Hyundai,Grand i10 Magna
Chennai,2008,Diesel,Automatic,Third,16.07,1995,5,9.75,BMW,3 Series 320d Highline
Mumbai,2014,Diesel,Manual,First,22.7,1498,5,5.55,Ford,Ecosport 1.5 DV5 MT Trend
Hyderabad,2016,Diesel,Automatic,First,21.5,1498,5,10.3,Volkswagen,Vento 1.5 TDI Highline AT
Chennai,2011,Petrol,Automatic,Second,11.7,2354,5,7.5,Honda,Accord 2.4 AT
Hyderabad,2008,Petrol,Manual,First,14.49,1399,5,1.8,Chevrolet,Aveo 1.4
Hyderabad,2017,Petrol,Manual,First,16.2,1199,5,6.25,Volkswagen,Polo 1.2 MPI Highline Plus
Hyderabad,2015,Diesel,Manual,Second,14.95,2489,7,6.8,Mahindra,Xylo D4 BS III
Hyderabad,2009,Petrol,Automatic,First,19.2,1197,5,3.0,Hyundai,i10 Magna AT
Coimbatore,2015,Diesel,Manual,First,15.1,2179,7,11.6,Mahindra,XUV500 W8 4WD
Mumbai,2013,Diesel,Manual,Second,22.7,1582,5,6.95,Hyundai,Elantra CRDi SX
Mumbai,2010,Petrol,Manual,Third,14.3,1798,5,3.5,Volkswagen,Passat 1.8 TSI MT
Coimbatore,2014,Petrol,Manual,First,18.9,1197,5,5.5,Hyundai,Grand i10 1.2 Kappa Sportz
Mumbai,2015,Petrol,Manual,First,18.6,1197,5,5.65,Hyundai,i20 Asta Option 1.2
Ahmedabad,2013,Diesel,Manual,First,18.2,1248,8,3.25,Chevrolet,Enjoy TCDi LS 8 Seater
Coimbatore,2015,Petrol,Automatic,First,14.3,1598,5,7.72,Skoda,Rapid 1.6 MPI AT Ambition Plus Alloy
Pune,2016,Diesel,Manual,First,19.67,1582,5,12.0,Hyundai,Creta 1.6 CRDi SX
Jaipur,2013,Diesel,Manual,First,25.44,936,5,1.55,Chevrolet,Beat Diesel PS
Delhi,2011,Diesel,Manual,First,11.5,2982,7,10.75,Toyota,Fortuner 3.0 Diesel
Coimbatore,2016,Petrol,Manual,First,18.6,1197,5,6.72,Hyundai,i20 Sportz Option 1.2
Coimbatore,2012,Diesel,Automatic,First,12.07,2967,7,28.55,Audi,Q7 3.0 TDI quattro
Bangalore,2013,Diesel,Automatic,Second,17.85,2967,4,75.0,Porsche,Panamera Diesel
Hyderabad,2016,Petrol,Manual,First,17.8,1497,5,10.49,Honda,City i VTEC VX
Hyderabad,2012,Diesel,Manual,First,17.21,1493,7,3.8,Mahindra,Quanto C4
Ahmedabad,2012,Diesel,Automatic,First,16.55,1968,5,18.5,Audi,A4 2.0 TDI Multitronic
Kolkata,2013,Petrol,Automatic,First,12.37,2359,5,6.0,Hyundai,Sonata Transform 2.4 GDi AT
Hyderabad,2012,Diesel,Manual,First,22.32,1582,5,5.5,Hyundai,Verna 1.6 SX
Pune,2010,Petrol,Manual,First,18.9,998,5,2.3,Maruti,Wagon R LXI BS IV
Jaipur,2016,Diesel,Manual,First,24.52,1248,7,8.7,Maruti,Ertiga SHVS ZDI Plus
Delhi,2015,Diesel,Manual,First,24.4,1120,5,4.95,Hyundai,Xcent 1.1 CRDi S Option
Jaipur,2012,Diesel,Manual,First,22.9,1248,5,4.25,Maruti,Swift VDI
Kochi,2017,Diesel,Manual,Second,16.0,2179,7,10.94,Mahindra,XUV500 W6 2WD
Delhi,2013,Diesel,Automatic,First,22.48,1995,5,21.26,BMW,5 Series 520d Luxury Line
Bangalore,2016,Petrol,Manual,Second,14.28,1798,5,11.5,Toyota,Corolla Altis 1.8 G
Pune,2015,Diesel,Manual,Second,22.54,1396,5,6.0,Hyundai,i20 Asta 1.4 CRDi
Hyderabad,2016,Petrol,Manual,First,18.15,1198,6,4.1,Mahindra,KUV 100 mFALCON G80 K2
Kolkata,2013,Petrol,Manual,First,24.7,796,5,2.01,Maruti,Alto 800 2016-2019 LXI
Hyderabad,2010,Petrol,Manual,First,15.7,1172,5,2.6,Fiat,Punto EVO 1.2 Emotion
Kolkata,2012,Petrol,Manual,First,18.9,998,5,2.35,Maruti,Wagon R VXI BS IV
Bangalore,2012,Diesel,Manual,Second,9.5,2835,6,9.15,Mitsubishi,Pajero 4X4 LHD
Chennai,2013,Petrol,Manual,First,19.4,1198,5,2.9,Honda,Brio EX MT
Coimbatore,2017,Diesel,Manual,Second,22.54,1396,5,9.18,Hyundai,i20 Asta Option 1.4 CRDi
Mumbai,2016,Petrol,Automatic,First,13.0,1591,5,11.45,Hyundai,Creta 1.6 SX Plus Petrol Automatic
Hyderabad,2012,CNG,Manual,Second,26.83,796,5,2.1,Maruti,Alto Green LXi (CNG)
Kochi,2017,Petrol,Manual,First,17.8,1198,5,5.53,Honda,Amaze S i-VTEC
Chennai,2016,Petrol,Manual,First,18.15,1198,6,3.75,Mahindra,KUV 100 mFALCON G80 K6 Plus
Pune,2018,Petrol,Automatic,First,18.0,1497,5,12.5,Honda,City i-VTEC CVT VX
Mumbai,2017,Diesel,Automatic,First,16.0,2179,7,15.5,Mahindra,XUV500 AT W10 FWD
Pune,2011,Petrol,Manual,First,0.0,1086,5,2.1,Hyundai,Santro GLS I - Euro I
Mumbai,2013,Diesel,Automatic,Second,14.84,2143,5,14.5,Mercedes-Benz,New C-Class 220 CDI AT
Coimbatore,2017,Diesel,Automatic,First,19.6,1461,5,12.46,Renault,Duster 110PS Diesel RxZ AMT
Bangalore,2014,Petrol,Manual,Second,16.47,1198,5,5.25,Volkswagen,Polo 1.2 MPI Comfortline
Bangalore,2009,Diesel,Automatic,Second,13.5,2987,5,25.0,Mercedes-Benz,S Class 2005 2013 S 350 CDI
Hyderabad,2012,Diesel,Automatic,First,12.9,2993,4,45.0,Jaguar,XJ 3.0L Premium Luxury
Jaipur,2015,Diesel,Manual,First,28.4,1248,5,5.1,Maruti,Swift VDI
Delhi,2014,Diesel,Manual,First,25.8,1498,5,3.5,Honda,Amaze S i-Dtech
Ahmedabad,2011,Diesel,Automatic,Second,16.07,1995,5,12.5,BMW,3 Series 320d Highline
Hyderabad,2012,Diesel,Manual,First,23.5,1396,5,5.55,Hyundai,Verna 1.4 EX
Delhi,2015,Diesel,Automatic,First,11.5,2982,7,19.48,Toyota,Fortuner 4x2 4 Speed AT
Ahmedabad,2012,Petrol,Manual,First,18.6,1197,5,3.91,Maruti,Swift VXI
Chennai,2010,Petrol,Manual,First,18.6,1199,5,2.19,Chevrolet,Beat LS
Coimbatore,2017,Petrol,Automatic,First,18.9,1197,5,6.89,Hyundai,Grand i10 Asta Option AT
Coimbatore,2011,Petrol,Manual,Second,15.6,1196,5,3.47,Ford,Figo Petrol ZXI
Mumbai,2008,Petrol,Automatic,Second,9.1,2349,5,3.25,Nissan,Teana 230jM
Pune,2010,Petrol,Manual,First,16.1,1298,5,2.85,Maruti,Swift VXI BSIII
Coimbatore,2016,Diesel,Automatic,First,17.11,1968,5,25.64,Audi,A4 35 TDI Premium
Kochi,2018,Petrol,Manual,First,16.8,1497,5,10.28,Honda,City V MT
Hyderabad,2015,Petrol,Manual,First,18.2,1199,5,6.3,Honda,Jazz V
Chennai,2014,Diesel,Manual,First,20.14,1498,5,4.75,Volkswagen,Polo 1.5 TDI Highline
Hyderabad,2013,Diesel,Manual,First,19.87,1461,5,5.8,Nissan,Terrano XL D Option
Hyderabad,2016,Diesel,Automatic,First,12.51,2179,7,44.5,Land,Rover Discovery Sport SD4 HSE Luxury 7S
Kochi,2014,Petrol,Manual,First,18.5,1197,5,4.65,Hyundai,i20 Magna Optional 1.2
Jaipur,2009,Petrol,Manual,First,17.0,1497,5,3.6,Honda,City 1.5 E MT
Hyderabad,2015,Diesel,Manual,First,16.0,2179,7,12.25,Mahindra,XUV500 W10 AWD
Jaipur,2017,Diesel,Manual,First,16.3,1956,5,20.0,Jeep,Compass 2.0 Limited Option 4X4
Jaipur,2017,Diesel,Manual,First,16.0,2179,7,16.0,Mahindra,XUV500 W10 AWD
Coimbatore,2011,Diesel,Automatic,Second,11.79,2179,8,6.21,Mahindra,Scorpio VLX 4WD AIRBAG AT BSIV
Kolkata,2016,Petrol,Manual,First,19.44,1198,7,3.25,Datsun,GO Plus T
Kolkata,2016,Diesel,Manual,First,15.4,2179,7,9.75,Mahindra,Scorpio S6 Plus 7 Seater
Mumbai,2014,Petrol,Automatic,First,15.5,1198,5,4.45,Honda,Amaze S AT i-Vtech
Pune,2017,Diesel,Manual,First,25.6,1498,5,12.0,Honda,City i-DTEC ZX
Chennai,2008,Petrol,Manual,First,14.4,1396,5,0.8,Tata,Indigo GLE
Chennai,2018,Diesel,Manual,First,24.0,1186,5,5.95,Hyundai,Grand i10 1.2 CRDi Sportz
Pune,2015,CNG,Manual,First,33.44,796,4,3.0,Maruti,Alto 800 2016-2019 CNG LXI
Kolkata,2014,Petrol,Manual,First,17.43,1396,5,5.25,Hyundai,Verna 1.4 CX VTVT
Coimbatore,2019,Diesel,Manual,First,13.68,2393,7,22.2,Toyota,Innova Crysta 2.4 VX MT
Jaipur,2012,Diesel,Automatic,First,17.05,1995,5,13.5,BMW,X1 sDrive20d
Chennai,2015,Diesel,Automatic,First,16.96,1968,5,13.5,Volkswagen,Jetta 2013-2015 2.0L TDI Highline AT
Delhi,2014,Diesel,Manual,First,20.0,1399,5,3.47,Ford,Figo Diesel ZXI
Ahmedabad,2013,Diesel,Automatic,Second,11.18,2696,7,9.5,Mahindra,Ssangyong Rexton RX7
Chennai,2011,Petrol,Manual,First,15.04,1598,5,4.8,Volkswagen,Vento Petrol Highline
Kochi,2016,Petrol,Manual,First,15.0,1598,5,6.54,Skoda,Rapid 1.6 MPI Ambition With Alloy Wheel
Delhi,2012,Petrol,Manual,First,16.47,1198,5,3.1,Volkswagen,Polo Petrol Comfortline 1.2L
Hyderabad,2015,Diesel,Manual,First,23.65,1248,5,7.99,Maruti,S Cross DDiS 200 Delta
Kolkata,2009,Petrol,Manual,Second,14.53,1798,5,3.3,Toyota,Corolla Altis G
Bangalore,2015,Diesel,Manual,First,20.77,1248,7,8.75,Maruti,Ertiga ZDI
Hyderabad,2013,Petrol,Automatic,First,19.2,1197,5,4.19,Hyundai,i10 Asta Sunroof AT
Kochi,2019,Diesel,Automatic,First,17.9,2143,5,30.77,Mercedes-Benz,CLA 200 CDI Sport
Jaipur,2006,Petrol,Manual,Second,16.9,1497,5,2.11,Honda,City ZX VTEC
Jaipur,2018,Petrol,Manual,First,18.15,1198,6,6.25,Mahindra,KUV 100 G80 K8
Delhi,2011,Diesel,Manual,First,11.5,2982,7,11.4,Toyota,Fortuner 3.0 Diesel
Bangalore,2011,Petrol,Manual,First,17.0,1497,5,5.2,Honda,City 1.5 V MT
Coimbatore,2017,Diesel,Automatic,First,18.53,1968,5,39.84,Audi,A6 35 TDI Matrix
Coimbatore,2013,Diesel,Manual,First,20.0,1399,5,4.45,Ford,Figo Diesel ZXI
Kolkata,2014,Diesel,Automatic,First,17.9,2143,5,19.5,Mercedes-Benz,GLA Class 200 CDI
Hyderabad,2007,Petrol,Manual,First,15.26,1150,5,1.75,Chevrolet,Aveo U-VA 1.2 LS
Hyderabad,2016,Diesel,Manual,First,25.83,1498,5,5.1,Ford,Figo 2015-2019 1.5D Titanium MT
Delhi,2013,Diesel,Automatic,First,22.7,1582,5,6.8,Hyundai,Elantra CRDi SX AT
Kolkata,2016,Petrol,Automatic,First,21.4,1197,5,5.74,Maruti,Baleno Zeta CVT
Hyderabad,2010,Petrol,Manual,First,16.1,1197,5,3.3,Maruti,Swift LXi BSIV
Hyderabad,2010,Diesel,Automatic,First,9.9,3498,4,32.0,Mercedes-Benz,CLS-Class 2006-2010 350 CDI
Ahmedabad,2016,Diesel,Automatic,First,21.76,1995,5,35.0,BMW,3 Series Luxury Line
Chennai,2017,Diesel,Automatic,First,28.4,1248,5,8.9,Maruti,Dzire AMT ZDI Plus
Mumbai,2011,Petrol,Manual,Second,17.01,1591,5,4.0,Hyundai,Verna 1.6 SX VTVT
Kochi,2018,Diesel,Manual,First,17.1,1956,5,19.46,Jeep,Compass 2.0 Longitude
Hyderabad,2009,Diesel,Automatic,First,11.4,1991,5,5.25,Hyundai,Sonata Embera 2.0L CRDi AT
Delhi,2013,CNG,Manual,Second,15.1,1196,5,2.6,Maruti,Eeco 5 STR With AC Plus HTR CNG
Kolkata,2018,Diesel,Manual,First,21.5,1497,5,9.22,Tata,Nexon 1.5 Revotorq XZ Plus Dual Tone
Jaipur,2013,Petrol,Manual,First,21.1,814,5,1.8,Hyundai,EON Era Plus
Hyderabad,2005,Diesel,Manual,Second,13.5,1405,5,1.3,Tata,Indica DLS
Kochi,2015,Diesel,Automatic,First,14.69,2993,5,31.75,BMW,5 Series 2013-2017 530d M Sport
Delhi,2014,Diesel,Manual,First,20.77,1248,7,5.99,Maruti,Ertiga VDI
Kochi,2015,Petrol,Manual,First,18.0,1198,5,4.94,Honda,Amaze E i-Vtech
Jaipur,2007,Petrol,Manual,Third,16.6,1388,5,1.5,Ford,Fiesta 1.4 Duratec ZXI
Bangalore,2008,Petrol,Manual,Third,13.5,1799,5,3.25,Honda,Civic 2006-2010 1.8 V MT
Hyderabad,2007,LPG,Manual,First,17.3,1061,5,1.95,Maruti,Wagon R LX DUO BSIII
Delhi,2014,Diesel,Manual,First,20.77,1248,7,6.5,Maruti,Ertiga ZDI
Delhi,2013,Diesel,Manual,First,24.0,1120,5,3.71,Hyundai,Grand i10 CRDi Sportz
Pune,2018,Petrol,Manual,First,20.14,1197,5,5.0,Hyundai,Xcent 1.2 VTVT E Plus
Ahmedabad,2008,Petrol,Manual,First,19.81,1086,5,1.99,Hyundai,i10 Era
Mumbai,2017,Petrol,Manual,First,18.0,1198,5,4.25,Honda,Amaze S i-Vtech
Ahmedabad,2009,Diesel,Automatic,First,12.4,2698,5,8.0,Audi,A6 2.7 TDI
Mumbai,2011,Petrol,Manual,First,20.36,1197,5,2.95,Hyundai,i10 Magna 1.2 iTech SE
Pune,2018,Petrol,Manual,First,25.17,799,5,3.5,Renault,KWID RXT Optional
Jaipur,2012,Diesel,Automatic,Second,15.2,1968,5,16.0,Audi,A4 New 2.0 TDI Multitronic
Jaipur,2015,Petrol,Manual,First,22.74,796,5,2.75,Maruti,Alto 800 LXI Airbag
Delhi,2015,Petrol,Manual,First,17.8,1497,5,6.95,Honda,City i VTEC VX Option
Delhi,2011,Petrol,Automatic,Second,11.74,1796,5,12.5,Mercedes-Benz,New C-Class C250 Avantgarde
Coimbatore,2017,Diesel,Automatic,First,13.22,2967,5,36.83,Audi,Q5 3.0 TDI Quattro Technology
Pune,2011,Petrol,Manual,First,16.2,1199,5,2.7,Volkswagen,Polo 1.2 MPI Comfortline
Mumbai,2017,Diesel,Manual,First,21.38,1396,5,9.9,Hyundai,Creta 1.4 E Plus Diesel
Kochi,2011,Petrol,Manual,First,17.0,1497,5,3.83,Honda,City 1.5 V MT
Coimbatore,2012,Petrol,Manual,First,17.0,1497,5,5.25,Honda,City 1.5 S MT
Kolkata,2016,Diesel,Manual,First,22.7,1598,5,7.75,Maruti,S Cross DDiS 320 Alpha
Mumbai,2010,Petrol,Manual,Second,16.51,1586,5,2.46,Maruti,SX4 Vxi BSIV
Kolkata,2014,Diesel,Manual,First,23.4,1248,5,3.96,Maruti,Swift Dzire VDI
Chennai,2015,Diesel,Manual,First,20.77,1248,7,8.25,Maruti,Ertiga ZDI
Coimbatore,2018,Petrol,Manual,First,18.6,1197,5,7.58,Hyundai,i20 1.2 Spotz
Hyderabad,2014,Diesel,Manual,First,24.0,1120,5,3.99,Hyundai,Grand i10 CRDi Magna
Delhi,2014,Petrol,Manual,First,17.4,1497,5,6.25,Honda,City i VTEC SV
Hyderabad,2013,Diesel,Manual,First,20.5,1598,5,5.0,Skoda,Rapid 1.6 TDI Elegance
Hyderabad,2005,Diesel,Automatic,Second,11.0,2987,5,4.65,Mercedes-Benz,E-Class E270 CDI
Coimbatore,2016,Diesel,Automatic,First,13.01,2199,7,21.37,Hyundai,Santa Fe 4WD AT
Hyderabad,2007,Petrol,Manual,First,19.7,796,5,1.75,Maruti,Alto LXi
Coimbatore,2018,Diesel,Manual,First,12.4,2499,5,16.09,ISUZU,D-MAX V-Cross 4X4
Kolkata,2012,Diesel,Manual,First,24.8,1396,5,4.1,Hyundai,Verna 1.4 CRDi GL
Coimbatore,2015,Diesel,Manual,First,20.0,1399,5,3.56,Ford,Figo Diesel ZXI
Pune,2010,Petrol,Manual,Second,17.0,1497,5,4.21,Honda,City 1.5 S MT
Coimbatore,2016,Diesel,Manual,First,17.8,1248,5,6.86,Maruti,Swift VDI BSIV W ABS
Delhi,2015,Diesel,Manual,First,23.9,1582,5,6.6,Hyundai,Verna 1.6 CRDi S
Coimbatore,2018,Petrol,Automatic,First,13.0,1591,5,14.35,Hyundai,Creta 1.6 SX Plus Petrol Automatic
Hyderabad,2017,Diesel,Manual,First,22.7,1498,5,9.5,Ford,Ecosport 1.5 DV5 MT Titanium
Delhi,2011,Diesel,Automatic,First,11.2,2993,4,21.9,BMW,X6 xDrive30d
Coimbatore,2016,Diesel,Automatic,First,18.12,1995,5,30.45,BMW,5 Series 2013-2017 520d Luxury Line
Hyderabad,2016,Diesel,Manual,First,25.83,1498,5,5.1,Ford,Figo Aspire 1.5 TDCi Ambiente
Pune,2013,Petrol,Automatic,First,17.0,1591,5,5.44,Hyundai,Verna VTVT 1.6 AT EX
Jaipur,2010,Diesel,Manual,First,13.8,1399,5,1.6,Ford,Ikon 1.4 TDCi DuraTorq
Kochi,2014,Diesel,Automatic,First,17.68,1968,5,16.67,Audi,A6 2011-2015 2.0 TDI
Hyderabad,2010,Petrol,Manual,First,10.8,2354,5,9.5,Honda,CR-V Sport
Pune,2012,Petrol,Automatic,First,15.0,1396,5,3.85,Hyundai,i20 2015-2017 Sportz AT 1.4
Kochi,2011,Diesel,Manual,First,14.24,2755,7,10.64,Toyota,Fortuner 2.8 4WD MT
Bangalore,2016,Petrol,Manual,First,25.17,799,5,3.5,Renault,KWID RXT
Chennai,2008,Petrol,Manual,Third,18.0,995,5,1.1,Chevrolet,Spark 1.0 LT
Hyderabad,2011,Petrol,Manual,Second,16.2,1599,5,2.6,Hyundai,Verna Transform VTVT
Hyderabad,2012,Diesel,Automatic,First,18.88,1995,5,18.5,BMW,3 Series 320d Sport Line
Bangalore,2004,Petrol,Manual,First,0.0,1086,5,1.35,Hyundai,Santro Xing XP
Hyderabad,2015,Diesel,Manual,First,26.59,1248,5,7.95,Maruti,Swift Dzire VDI
Jaipur,2017,Diesel,Manual,First,25.4,1186,5,5.49,Hyundai,Xcent 1.2 CRDi E Plus
Mumbai,2017,Petrol,Automatic,First,19.0,1199,5,6.95,Honda,Jazz V CVT
Jaipur,2008,Diesel,Manual,First,17.0,1405,5,1.0,Tata,Indigo LS
Chennai,2013,Diesel,Manual,Second,17.8,1399,5,4.45,Ford,Fiesta Classic 1.4 Duratorq CLXI
Kolkata,2016,Diesel,Manual,First,25.1,1248,5,6.99,Maruti,S-Cross Alpha DDiS 200 SH
Coimbatore,2008,Petrol,Manual,First,15.6,1586,5,3.51,Maruti,SX4 Zxi with Leather BSIII
Kochi,2018,Petrol,Automatic,First,21.4,1197,5,7.54,Maruti,Baleno Zeta Automatic
Bangalore,2016,Diesel,Manual,First,23.2,1248,5,3.65,Maruti,Ritz LDi
Ahmedabad,2016,Diesel,Automatic,First,19.5,1582,5,16.0,Hyundai,Elantra CRDi SX AT
Kolkata,2012,Petrol,Manual,First,16.2,995,5,1.4,Chevrolet,Spark 1.0 LT
Mumbai,2017,Petrol,Manual,First,18.6,1197,5,6.45,Hyundai,i20 1.2 Spotz
Hyderabad,2016,Diesel,Manual,First,24.4,1120,5,4.4,Hyundai,Xcent 1.1 CRDi Base
Delhi,2015,Petrol,Automatic,First,19.0,1199,5,5.95,Honda,Jazz 1.2 V CVT i VTEC
Ahmedabad,2013,Petrol,Manual,First,19.4,1198,5,3.9,Honda,Brio S MT
Coimbatore,2016,Diesel,Automatic,First,13.0,2143,5,35.28,Mercedes-Benz,E-Class E250 CDI Avantgrade
Pune,2017,Diesel,Manual,First,17.6,2179,7,14.25,Tata,Hexa XT
Pune,2017,Diesel,Manual,First,24.4,1120,5,4.5,Hyundai,Xcent 1.1 CRDi Base
Pune,2015,Diesel,Manual,First,22.7,1498,5,7.5,Ford,Ecosport 1.5 DV5 MT Titanium Optional
Coimbatore,2017,Petrol,Automatic,First,21.9,624,4,3.41,Tata,Nano XTA
Pune,2013,Petrol,Manual,Second,19.4,1198,5,3.25,Honda,Brio VX
Hyderabad,2016,Diesel,Manual,First,24.52,1248,7,8.3,Maruti,Ertiga SHVS ZDI Plus
Bangalore,2010,Petrol,Manual,First,20.36,1197,5,3.45,Hyundai,i10 Sportz 1.2
Hyderabad,2007,Petrol,Manual,First,17.0,1086,5,2.1,Hyundai,Santro Xing XO
Mumbai,2015,Diesel,Manual,First,16.0,2179,7,11.95,Mahindra,XUV500 W10 2WD
Hyderabad,2010,Diesel,Manual,First,20.54,1598,5,4.25,Volkswagen,Vento Diesel Highline
Hyderabad,2014,Diesel,Manual,First,14.0,2179,7,8.25,Tata,Safari Storme 2012-2015 VX
Hyderabad,2010,Petrol,Manual,First,10.2,2354,5,5.95,Honda,Accord 2.4 Elegance M/T
Coimbatore,2016,Petrol,Manual,First,15.1,1196,7,4.3,Maruti,Eeco 7 Seater Standard
Ahmedabad,2012,Diesel,Manual,First,22.9,1248,5,3.9,Maruti,Swift VDI
Pune,2016,Petrol,Automatic,First,21.4,1197,5,6.41,Maruti,Baleno Zeta Automatic
Coimbatore,2015,Diesel,Manual,First,15.1,2179,7,8.36,Mahindra,XUV500 W8 2WD
Chennai,2014,Petrol,Manual,First,19.1,1197,5,3.85,Hyundai,Xcent 1.2 Kappa S
Hyderabad,2017,Diesel,Automatic,First,19.27,2143,5,36.0,Mercedes-Benz,New C-Class C 220 CDI Style
Kolkata,2011,Petrol,Manual,First,13.14,1798,5,7.5,Skoda,Superb 1.8 TSI MT
Hyderabad,2015,Diesel,Manual,First,20.14,1498,5,5.7,Volkswagen,CrossPolo 1.5 TDI
Kochi,2019,Petrol,Manual,First,20.89,1197,5,5.5,Maruti,Ignis 1.2 Delta
Chennai,2016,Diesel,Manual,First,25.2,1248,5,5.9,Maruti,Swift VDI BSIV
Mumbai,2015,Petrol,Manual,First,17.8,1497,5,7.75,Honda,City i VTEC VX Option
Ahmedabad,2010,Diesel,Automatic,First,11.5,2993,5,18.0,BMW,5 Series 530d Highline Sedan
Hyderabad,2008,Diesel,Manual,First,17.5,1896,5,4.4,Skoda,Laura Ambiente
Coimbatore,2017,Petrol,Automatic,First,17.21,1197,5,8.27,Volkswagen,Polo GT TSI
Ahmedabad,2014,Diesel,Manual,First,19.87,1461,5,4.75,Renault,Duster 85PS Diesel RxL
Hyderabad,2008,Petrol,Automatic,First,16.8,1497,5,3.8,Honda,City 1.5 S AT
Ahmedabad,2011,Diesel,Manual,First,20.54,1598,5,3.4,Volkswagen,Vento Diesel Highline
Pune,2016,Petrol,Manual,Second,18.9,1197,5,4.7,Hyundai,Grand i10 Sportz
Pune,2008,Petrol,Manual,Second,16.6,1388,5,1.49,Ford,Fiesta 1.4 ZXi Duratec
Mumbai,2016,Diesel,Manual,Second,24.4,1120,5,4.5,Hyundai,Xcent 1.1 CRDi S
Hyderabad,2014,Diesel,Manual,First,25.8,1498,5,5.4,Honda,Amaze VX i-DTEC
Hyderabad,2016,Petrol,Automatic,First,18.0,1497,5,11.5,Honda,City i VTEC CVT VX
Pune,2012,Diesel,Manual,Second,20.4,1461,5,3.5,Renault,Fluence 1.5
Ahmedabad,2010,Diesel,Automatic,First,22.48,1995,5,16.5,BMW,5 Series 520d Luxury Line
Mumbai,2012,Petrol,Manual,First,15.5,1586,5,3.9,Maruti,SX4 ZXI MT BSIV
Hyderabad,2007,Petrol,Automatic,First,16.4,1497,5,3.25,Honda,City ZX CVT
Kochi,2018,Petrol,Manual,First,17.0,1198,5,5.84,Volkswagen,Ameo 1.2 MPI Comfortline
Hyderabad,2016,Petrol,Manual,First,17.0,1198,5,5.75,Volkswagen,Ameo 1.2 MPI Comfortline
Delhi,2010,Diesel,Automatic,First,16.55,1968,5,10.0,Audi,A4 2.0 TDI Multitronic
Mumbai,2006,Petrol,Manual,Second,18.9,998,5,1.05,Maruti,Wagon R VXI
Delhi,2013,Diesel,Automatic,First,19.08,1582,5,5.64,Hyundai,Verna SX CRDi AT
Coimbatore,2019,Diesel,Automatic,First,17.9,2143,5,50.97,Mercedes-Benz,GLC 220d 4MATIC Style
Mumbai,2016,Diesel,Automatic,First,21.76,1995,5,29.95,BMW,3 Series Luxury Line
Mumbai,2014,Diesel,Manual,Second,24.2,1498,7,4.85,Honda,Mobilio V Option i DTEC
Hyderabad,2016,Diesel,Automatic,First,17.01,1582,5,14.5,Hyundai,Creta 1.6 CRDi AT SX Plus
Hyderabad,2011,Petrol,Manual,First,17.0,1497,5,5.5,Honda,City 1.5 S MT
Bangalore,2011,Diesel,Manual,First,17.8,1399,5,3.2,Ford,Fiesta 1.4 TDCi EXI
Chennai,2016,Diesel,Manual,First,26.59,1248,5,4.5,Maruti,Swift Dzire LDI
Coimbatore,2015,Diesel,Automatic,First,13.0,2143,5,30.72,Mercedes-Benz,E-Class E250 CDI Launch Edition
Jaipur,2009,Diesel,Manual,First,11.5,1991,7,3.5,Chevrolet,Captiva LT
Bangalore,2007,Diesel,Manual,First,12.8,2494,7,6.99,Toyota,Innova 2.5 V Diesel 7-seater
Kochi,2014,Diesel,Manual,First,17.21,1493,7,3.45,Mahindra,Quanto C8
Kochi,2015,Petrol,Manual,First,17.4,1497,5,6.57,Honda,City i VTEC V
Kolkata,2014,Diesel,Automatic,First,17.11,1968,5,17.5,Audi,A4 2.0 TDI 177 Bhp Premium Plus
Delhi,2013,Diesel,Manual,First,22.07,1199,5,3.75,Volkswagen,Polo Diesel Comfortline 1.2L
Pune,2017,Petrol,Automatic,First,14.8,1497,5,9.99,Ford,EcoSport 1.5 Petrol Titanium Plus AT
Kolkata,2012,Diesel,Manual,First,12.99,2494,7,8.2,Toyota,Innova 2.5 G (Diesel) 7 Seater BS IV
Jaipur,2005,Petrol,Manual,Third,13.0,1493,5,1.1,Honda,City 1.5 EXI
Kochi,2015,CNG,Manual,First,22.1,1586,5,3.89,Maruti,SX4 Green Vxi (CNG)
Chennai,2015,Petrol,Manual,First,24.7,796,5,2.45,Maruti,Alto 800 2016-2019 LXI Optional
Pune,2009,Diesel,Automatic,First,8.7,2987,5,13.75,Mercedes-Benz,M-Class ML 320 CDI
Kolkata,2017,Diesel,Manual,First,26.59,1248,5,3.0,Maruti,Swift Dzire LDI
Ahmedabad,2017,Diesel,Manual,First,24.3,1248,5,9.25,Maruti,Vitara Brezza ZDi Plus Dual Tone
Mumbai,2013,Diesel,Automatic,First,13.2,2400,5,17.65,Volvo,S60 D5 Summum
Delhi,2014,Diesel,Automatic,First,12.55,2982,7,18.25,Toyota,Fortuner 4x2 AT
Kochi,2013,Diesel,Manual,First,23.0,1396,5,3.45,Hyundai,i20 Sportz Option Diesel
Bangalore,2015,Diesel,Automatic,First,17.11,1968,5,23.75,Audi,A4 35 TDI Premium
Mumbai,2013,Diesel,Manual,Second,19.64,1461,5,5.45,Nissan,Terrano XV D Pre
Coimbatore,2017,Petrol,Automatic,First,23.1,998,5,5.25,Maruti,Celerio ZXI AMT
Delhi,2005,Petrol,Manual,First,15.9,1298,5,1.1,Maruti,Esteem Vxi
Delhi,2012,Petrol,Automatic,First,16.95,1197,5,2.9,Hyundai,i10 Sportz AT
Hyderabad,2010,Diesel,Automatic,First,22.69,1995,5,14.2,BMW,3 Series 320d
Kochi,2018,Petrol,Manual,First,18.9,1197,5,5.8,Hyundai,Grand i10 Sportz
Coimbatore,2017,Petrol,Automatic,First,18.9,1197,5,7.22,Hyundai,Grand i10 Asta Option AT
Coimbatore,2016,Petrol,Manual,First,18.9,1197,5,4.87,Hyundai,Grand i10 1.2 Kappa Sportz
Delhi,2013,Petrol,Manual,First,16.47,1198,5,3.3,Volkswagen,Polo 1.2 MPI Comfortline
Hyderabad,2007,Petrol,Manual,Second,17.7,1497,5,3.0,Honda,City ZX EXi
Hyderabad,2014,Diesel,Automatic,First,17.9,2143,5,26.0,Mercedes-Benz,GLA Class 200 CDI
Hyderabad,2017,Petrol,Manual,First,14.0,796,5,2.9,Maruti,Omni 8 Seater BSIV
Bangalore,2014,Petrol,Automatic,First,15.74,1591,5,7.5,Hyundai,Verna 1.6 SX VTVT AT
Hyderabad,2015,Petrol,Manual,First,22.74,796,5,2.36,Maruti,Alto 800 LXI
Coimbatore,2017,Diesel,Manual,First,24.3,1248,5,11.39,Maruti,Vitara Brezza ZDi Plus Dual Tone
Kochi,2013,Diesel,Manual,First,15.1,2179,7,7.02,Mahindra,XUV500 W8 2WD
Delhi,2016,Diesel,Manual,First,24.3,1248,5,8.0,Maruti,Vitara Brezza ZDi
Kochi,2017,Petrol,Manual,First,18.6,1197,5,7.11,Hyundai,i20 1.2 Spotz
Mumbai,1998,Diesel,Automatic,First,10.0,1796,5,3.9,Mercedes-Benz,E-Class 250 D W 210
Hyderabad,2009,Petrol,Manual,First,19.7,796,5,2.15,Maruti,Alto LXi
Kolkata,2013,Petrol,Manual,First,18.0,1198,5,3.25,Honda,Amaze S i-Vtech
Kochi,2015,Diesel,Automatic,First,12.65,2993,5,70.66,Land,Rover Range Rover Sport HSE
Mumbai,2013,Diesel,Manual,First,24.0,1120,5,4.61,Hyundai,Grand i10 CRDi Magna
Mumbai,2008,Petrol,Manual,First,13.5,1799,5,2.35,Honda,Civic 2006-2010 1.8 S MT
Chennai,2014,Diesel,Manual,Second,24.0,1120,5,4.05,Hyundai,Grand i10 CRDi Magna
Jaipur,2009,Petrol,Manual,Second,16.1,796,4,0.8,Maruti,800 AC Uniq
Hyderabad,2014,Diesel,Manual,First,23.59,1364,5,5.6,Toyota,Etios Liva Diesel
Delhi,2015,Diesel,Manual,First,22.54,1396,5,5.35,Hyundai,i20 Magna 1.4 CRDi
Mumbai,2017,Petrol,Manual,First,24.07,998,5,3.25,Maruti,Alto K10 VXI
Pune,2012,Diesel,Automatic,Second,17.05,1995,5,11.5,BMW,X1 sDrive20d
Pune,2016,Petrol,Automatic,First,23.1,998,5,4.25,Maruti,Celerio VXI AT
Mumbai,2009,Petrol,Automatic,Second,13.7,1798,5,4.45,Skoda,Superb Elegance 1.8 TSI AT
Pune,2009,Diesel,Manual,First,14.0,2498,7,2.85,Mahindra,Xylo E4
Delhi,2014,Diesel,Manual,First,15.1,2179,7,7.85,Mahindra,XUV500 W8 2WD
Pune,2016,Petrol,Manual,First,19.1,1197,5,5.3,Maruti,Swift Dzire VXI
Mumbai,2017,Petrol,Manual,First,18.88,999,5,8.0,Ford,Ecosport 1.0 Ecoboost Platinum Edition
Coimbatore,2014,Diesel,Manual,First,21.43,1364,5,9.43,Toyota,Corolla Altis Diesel D4DG
Pune,2012,Petrol,Manual,First,18.5,1197,5,2.75,Hyundai,i20 2015-2017 1.2 Magna
Mumbai,2018,Diesel,Manual,First,20.37,1461,5,13.5,Renault,Captur 1.5 Diesel Platine Mono
Hyderabad,2009,Diesel,Automatic,First,11.0,2987,5,9.99,Mercedes-Benz,E-Class 280 CDI
Chennai,2017,Petrol,Manual,First,21.1,998,5,6.95,Maruti,Baleno RS 1.0 Petrol
Chennai,2015,Petrol,Automatic,First,17.97,1498,5,6.75,Nissan,Sunny 2011-2014 XL AT Special Edition
Chennai,2015,Petrol,Automatic,First,18.9,1197,5,5.5,Hyundai,Grand i10 AT Asta
Kochi,2018,Petrol,Manual,First,21.56,1462,5,9.18,Maruti,Ciaz Zeta
Jaipur,2014,Petrol,Manual,First,19.1,1197,5,4.15,Hyundai,Xcent 1.2 Kappa S
Ahmedabad,2012,Diesel,Manual,First,22.32,1582,5,6.5,Hyundai,Verna 1.6 SX CRDi (O)
Kochi,2015,Petrol,Manual,First,21.5,1197,5,4.11,Maruti,Wagon R VXI 1.2
Hyderabad,2008,Diesel,Manual,Second,16.8,1493,5,2.25,Hyundai,Verna CRDi
Kochi,2015,Petrol,Manual,First,17.71,1197,5,4.56,Toyota,Etios Liva G
Pune,2013,Diesel,Manual,First,11.68,2498,7,4.0,Mahindra,Xylo E4 ABS BS III
Coimbatore,2015,Diesel,Manual,First,23.59,1364,5,5.27,Toyota,Etios Liva GD
Kochi,2019,Diesel,Manual,First,18.06,2523,7,9.11,Mahindra,Thar DI 4X4
Pune,2010,Diesel,Manual,Second,14.42,1995,5,6.2,Nissan,X-Trail SLX MT
Kochi,2017,Diesel,Automatic,First,11.36,2755,7,19.97,Toyota,Innova Crysta 2.8 ZX AT
Delhi,2016,Diesel,Manual,First,21.38,1396,5,10.17,Hyundai,Creta 1.4 CRDi S
Pune,2014,Diesel,Manual,First,28.4,1248,5,4.5,Maruti,Swift VDI
Kochi,2019,Diesel,Manual,First,23.9,1582,5,14.28,Hyundai,Verna 1.6 CRDI SX Option
Kochi,2012,Petrol,Manual,Second,19.7,796,5,2.47,Maruti,Alto LXi BSIII
Ahmedabad,2016,Diesel,Manual,First,23.65,1248,5,7.9,Maruti,S Cross DDiS 200 Alpha
Hyderabad,2011,Petrol,Manual,First,21.1,814,5,2.3,Hyundai,EON Era
Hyderabad,2013,Petrol,Manual,First,13.24,1598,5,6.5,Nissan,Terrano XL
Hyderabad,2016,Petrol,Manual,First,21.1,814,5,3.25,Hyundai,EON Era
Bangalore,2017,Diesel,Manual,First,20.65,1248,5,5.85,Tata,Zest Quadrajet 1.3 XT
Hyderabad,2014,Diesel,Automatic,Second,14.21,2143,5,29.0,Mercedes-Benz,E-Class 2009-2013 E250 CDI Elegance
Coimbatore,2014,Diesel,Automatic,Second,14.16,1968,5,25.71,Audi,Q5 2.0 TDI Premium Plus
Chennai,2008,Petrol,Manual,Second,15.3,1596,5,1.85,Ford,Fiesta 1.6 ZXi Leather
Mumbai,2015,Diesel,Automatic,First,18.88,1995,5,22.75,BMW,3 Series 320d Prestige
Kochi,2018,Petrol,Manual,First,21.1,998,5,8.32,Maruti,Baleno RS 1.0 Petrol
Delhi,2014,Diesel,Automatic,First,14.21,2143,5,26.0,Mercedes-Benz,E-Class 2009-2013 E250 CDI Blue Efficiency
Hyderabad,2013,Petrol,Manual,First,20.36,1197,5,3.45,Hyundai,i10 Sportz 1.2
Mumbai,2017,Petrol,Manual,First,18.9,1197,5,5.15,Hyundai,Grand i10 Asta Option
Kochi,2014,Petrol,Manual,First,19.4,1198,5,3.51,Honda,Brio S MT
Kolkata,2015,Diesel,Manual,First,21.9,1396,5,3.45,Hyundai,i20 Magna 1.4 CRDi (Diesel)
Pune,2013,Petrol,Manual,First,16.47,1198,5,3.75,Volkswagen,Polo Petrol Highline 1.2L
Pune,2001,Petrol,Manual,Second,13.0,1493,5,1.45,Honda,City 1.5 EXI
Delhi,2008,Diesel,Manual,First,18.7,1896,5,2.2,Skoda,Octavia Ambiente 1.9 TDI
Hyderabad,2010,Diesel,Manual,First,13.1,2499,7,7.99,Ford,Endeavour 2.5L 4X2
Bangalore,2013,Diesel,Manual,Second,18.3,1991,5,6.75,Chevrolet,Cruze LTZ
Kolkata,2014,Diesel,Manual,First,24.2,1498,7,5.0,Honda,Mobilio V i DTEC
Pune,2012,Diesel,Manual,Second,20.77,1248,7,5.9,Maruti,Ertiga VDI
Mumbai,2013,Petrol,Manual,First,18.9,1197,5,3.75,Hyundai,Grand i10 Sportz
Mumbai,2014,Diesel,Automatic,First,14.74,2993,5,29.5,Jaguar,XF 3.0 Litre S Premium Luxury
Chennai,2014,Petrol,Manual,First,18.0,1198,5,4.75,Honda,Amaze VX i-Vtech
Pune,2011,Diesel,Automatic,First,12.4,2698,5,11.5,Audi,A6 2.7 TDI
Chennai,2017,Petrol,Manual,First,18.6,1197,5,6.95,Hyundai,i20 1.2 Spotz
Mumbai,2016,Petrol,Manual,First,17.0,1198,5,5.4,Volkswagen,Ameo 1.2 MPI Highline Plus 16
Jaipur,2011,Petrol,Automatic,First,13.4,1997,5,4.75,Renault,Fluence 2.0
Chennai,2011,Petrol,Manual,First,24.07,998,5,2.15,Maruti,Alto K10 VXI
Jaipur,2005,Petrol,Manual,First,19.7,796,5,0.9,Maruti,Alto Std
Kolkata,2016,Petrol,Manual,First,20.51,998,5,3.5,Maruti,Wagon R VXI BS IV
Kochi,2016,Diesel,Manual,First,20.4,1248,5,5.85,Fiat,Linea 1.3 Emotion
Pune,2010,Diesel,Manual,First,19.3,1248,5,3.15,Maruti,Swift Dzire Vdi BSIV
Pune,2016,Diesel,Manual,First,21.64,1461,5,6.0,Renault,Scala Diesel RxL
Kolkata,2010,Petrol,Manual,First,18.5,1197,5,2.23,Hyundai,i20 Magna
Bangalore,2016,Petrol,Manual,First,19.1,1197,5,2.5,Hyundai,Xcent 1.2 Kappa SX Option
Kochi,2015,Petrol,Manual,First,18.9,998,5,3.87,Maruti,Wagon R LXI
Ahmedabad,2014,Diesel,Manual,First,15.1,2179,7,9.5,Mahindra,XUV500 W8 2WD
Delhi,2014,Diesel,Automatic,First,12.55,2982,7,17.75,Toyota,Fortuner 4x2 AT
Delhi,2012,Diesel,Manual,First,19.64,1461,5,3.75,Renault,Duster 110PS Diesel RxZ Plus
Chennai,2010,Petrol,Manual,Second,17.92,1086,5,1.5,Hyundai,Santro Xing GLS
Pune,2013,Petrol,Manual,Second,17.01,1591,5,5.0,Hyundai,Verna 1.6 SX VTVT
Pune,2014,Diesel,Automatic,Second,15.06,1995,5,17.0,BMW,X1 sDrive 20d Exclusive
Kochi,2011,Petrol,Automatic,First,12.9,1799,5,4.38,Honda,Civic 2006-2010 1.8 V AT
Delhi,2018,Petrol,Automatic,First,15.26,1798,5,41.5,Audi,A6 35 TFSI Matrix
Kolkata,2017,Petrol,Manual,First,20.51,998,5,3.0,Maruti,Wagon R LXI BS IV
Coimbatore,2018,Diesel,Manual,First,24.3,1248,5,11.0,Maruti,Vitara Brezza ZDi Plus Dual Tone
Pune,2012,Diesel,Automatic,Second,11.8,2720,7,14.0,Land,Rover Discovery 3 TDV6 Diesel Automatic
Pune,2016,Diesel,Automatic,First,26.59,1248,5,7.65,Maruti,Dzire New
Kolkata,2018,Petrol,Manual,First,17.0,1591,5,8.7,Hyundai,Verna VTVT 1.6 SX
Hyderabad,2016,Diesel,Manual,First,25.47,1248,7,9.9,Maruti,Ertiga ZDI Plus
Mumbai,2010,Petrol,Manual,First,13.2,1495,5,2.05,Hyundai,Accent GLE
Kolkata,2016,Petrol,Manual,First,17.0,1197,5,5.25,Hyundai,i20 1.2 Sportz
Kochi,2012,Petrol,Manual,First,17.0,1591,5,5.77,Hyundai,Verna VTVT 1.6 SX
Hyderabad,2010,Petrol,Manual,First,19.7,796,5,1.95,Maruti,Alto LX
Ahmedabad,2011,Diesel,Manual,Second,12.05,2179,8,7.45,Mahindra,Scorpio VLX
Delhi,2012,Petrol,Manual,First,18.9,998,5,2.6,Maruti,Wagon R LXI
Ahmedabad,2011,Petrol,Manual,Second,17.0,1197,5,3.25,Hyundai,i20 1.2 Sportz
Hyderabad,2010,Diesel,Manual,First,21.1,1248,5,3.85,Maruti,Ritz VDi
Delhi,2013,Diesel,Automatic,Second,13.73,1995,5,7.5,Renault,Koleos 2.0 Diesel
Kochi,2012,Diesel,Automatic,First,22.69,1995,5,11.5,BMW,3 Series 320d
Pune,2013,Petrol,Manual,First,19.4,1198,5,3.25,Honda,Brio V MT
Chennai,2003,Petrol,Manual,Second,11.7,1997,5,1.5,Hyundai,Sonata GOLD
Jaipur,2014,Diesel,Manual,First,19.3,1248,5,5.31,Maruti,Swift Dzire VDi
Hyderabad,2013,Diesel,Manual,First,16.0,2179,7,9.0,Mahindra,XUV500 W8 4WD
Kolkata,2016,Petrol,Manual,First,19.81,1086,5,3.59,Hyundai,i10 Sportz 1.1L
Kochi,2016,Petrol,Manual,First,20.73,1373,5,7.35,Maruti,Ciaz ZXi Plus
Pune,2013,Diesel,Manual,First,12.8,2494,8,12.0,Toyota,Innova 2.5 V Diesel 8-seater
Coimbatore,2017,Petrol,Manual,First,18.9,1197,5,6.02,Hyundai,Grand i10 Sportz
Coimbatore,2008,Diesel,Manual,First,16.52,1991,5,2.57,Chevrolet,Optra Magnum 2.0 LS BSIII
Pune,2013,Diesel,Manual,First,12.83,2696,7,12.45,Mahindra,Ssangyong Rexton RX5
Coimbatore,2015,Diesel,Manual,First,15.1,2179,7,12.63,Mahindra,XUV500 W8 2WD
Bangalore,2014,Petrol,Manual,Second,17.4,1497,5,7.75,Honda,City i VTEC SV
Delhi,2014,Diesel,Manual,First,22.7,1498,5,5.5,Ford,Ecosport 1.5 DV5 MT Titanium
Kolkata,2015,Petrol,Manual,First,18.6,1197,5,4.43,Hyundai,i20 Sportz 1.2
Kochi,2016,Diesel,Automatic,First,17.9,2143,5,24.51,Mercedes-Benz,CLA 200 CDI Sport
Ahmedabad,2014,Petrol,Manual,First,22.0,814,5,2.65,Hyundai,EON Magna
Delhi,2012,CNG,Manual,Second,33.44,796,4,2.1,Maruti,Alto 800 2016-2019 CNG LXI
Delhi,2011,Petrol,Manual,First,17.6,1496,5,3.2,Toyota,Etios G Safety
Chennai,2016,Diesel,Manual,First,23.4,1248,5,4.25,Maruti,Swift Dzire Tour LDI
Kolkata,2008,Petrol,Manual,First,19.7,796,5,1.1,Maruti,Alto LXi
Chennai,2015,Petrol,Manual,First,23.1,998,5,4.3,Maruti,Celerio ZXI
Hyderabad,2015,Diesel,Manual,First,22.7,1498,5,8.9,Ford,Ecosport 1.5 DV5 MT Titanium Optional
Jaipur,2015,Diesel,Manual,First,19.01,1461,5,6.5,Nissan,Terrano XV 110 PS Limited Edition
Delhi,2009,Petrol,Automatic,Third,11.1,2354,5,3.5,Honda,Accord VTi-L AT
Hyderabad,2008,Diesel,Manual,First,17.8,1248,5,4.25,Maruti,Swift Ldi BSIII
Kochi,2018,Diesel,Automatic,First,16.0,2179,7,16.46,Mahindra,XUV500 AT W10 FWD
Mumbai,2016,Petrol,Manual,First,18.7,1199,5,5.95,Honda,Jazz 1.2 VX i VTEC
Mumbai,2015,Petrol,Manual,First,17.8,1497,5,7.1,Honda,City i VTEC V
Kolkata,2011,Petrol,Manual,Second,15.7,1172,5,1.25,Fiat,Grande Punto 1.2 Dynamic
Pune,2013,Petrol,Manual,First,16.02,1373,7,5.5,Maruti,Ertiga ZXI
Chennai,2013,Petrol,Manual,First,18.44,1198,5,3.25,Nissan,Micra XL
Hyderabad,2010,Petrol,Manual,First,17.0,1497,5,5.0,Honda,City 1.5 V MT
Coimbatore,2016,Petrol,Manual,First,16.78,1496,5,6.58,Toyota,Etios VX
Mumbai,2013,Diesel,Automatic,First,18.88,1995,5,19.5,BMW,3 Series 320d Luxury Line
Kochi,2017,Petrol,Manual,First,18.7,1199,5,6.14,Honda,Jazz 1.2 SV i VTEC
Jaipur,2013,Diesel,Manual,First,28.4,1248,5,4.95,Maruti,Dzire VDI
Hyderabad,2013,Diesel,Manual,First,20.5,1598,5,5.75,Skoda,Rapid 1.6 TDI Elegance
Kolkata,2013,Diesel,Manual,First,15.1,2179,7,6.6,Mahindra,XUV500 W6 2WD
Coimbatore,2015,Petrol,Automatic,First,18.9,1197,5,5.72,Hyundai,Grand i10 AT Asta
Delhi,2009,Petrol,Manual,Second,17.0,1497,5,2.6,Honda,City 1.5 V MT
Hyderabad,2010,Diesel,Manual,Second,12.8,2494,7,6.5,Toyota,Innova 2.5 GX 7 STR
Pune,2011,Diesel,Manual,Second,15.1,2179,7,6.1,Mahindra,XUV500 W8 2WD
Hyderabad,2010,Diesel,Manual,First,19.3,1248,5,3.85,Maruti,Swift Dzire VDi
Pune,2013,Petrol,Manual,Second,15.04,1598,5,4.5,Volkswagen,Vento Petrol Highline
Coimbatore,2013,Diesel,Manual,First,23.59,1364,5,5.3,Toyota,Etios GD
Bangalore,2013,Diesel,Automatic,Second,16.55,1968,5,18.25,Audi,A4 2.0 TDI
Ahmedabad,2012,Petrol,Manual,First,16.02,1373,7,5.75,Maruti,Ertiga LXI
Mumbai,2010,CNG,Manual,Second,14.53,1798,5,3.35,Toyota,Corolla Altis 1.8 G CNG
Jaipur,2010,Petrol,Manual,Second,16.1,796,4,0.9,Maruti,800 AC
Hyderabad,2011,Petrol,Manual,First,17.0,1497,5,5.5,Honda,City 1.5 V MT
Kolkata,2014,Petrol,Manual,First,19.1,1197,5,3.99,Maruti,Swift Dzire VXI
Delhi,2014,Petrol,Automatic,First,19.16,2494,5,18.75,Toyota,Camry Hybrid
Kolkata,2014,Diesel,Manual,First,24.0,1120,5,3.5,Hyundai,Grand i10 CRDi Sportz
Chennai,2016,Diesel,Automatic,First,11.36,2755,8,16.45,Toyota,Innova Crysta 2.8 GX AT 8S
Coimbatore,2011,Petrol,Manual,First,20.36,1197,5,3.65,Hyundai,i10 Magna
Bangalore,2014,Petrol,Automatic,First,18.9,1197,5,5.4,Hyundai,Grand i10 AT Asta
Mumbai,2018,Diesel,Manual,First,27.39,1248,5,8.7,Maruti,Baleno Alpha Diesel
Mumbai,2016,Petrol,Automatic,First,14.67,1798,5,20.75,Skoda,Superb Style 1.8 TSI AT
Hyderabad,2010,Diesel,Automatic,First,14.84,2143,5,12.5,Mercedes-Benz,New C-Class 220 CDI AT
Kolkata,2011,Diesel,Manual,First,21.1,1248,5,1.89,Maruti,Ritz VDi
Kolkata,2015,Diesel,Manual,First,23.4,1248,5,4.0,Maruti,Swift Dzire Tour LDI
Mumbai,2012,Petrol,Manual,First,14.8,1799,5,3.95,Honda,Civic 2010-2013 1.8 V MT
Hyderabad,2015,Diesel,Manual,First,24.52,1248,7,7.85,Maruti,Ertiga SHVS VDI
Kolkata,2014,Diesel,Manual,First,22.7,1582,5,7.0,Hyundai,Elantra CRDi SX
Hyderabad,2016,Diesel,Automatic,First,12.55,2982,7,24.99,Toyota,Fortuner 4x2 AT
Delhi,2013,Petrol,Automatic,First,17.21,1197,5,4.5,Volkswagen,Polo GT TSI
Pune,2005,Diesel,Manual,Third,18.7,1896,5,1.25,Skoda,Octavia Classic 1.9 TDI MT
Delhi,2014,Diesel,Manual,First,20.14,1498,5,3.95,Volkswagen,Polo 1.5 TDI Trendline
Pune,2012,Petrol,Manual,Second,17.92,1086,5,1.6,Hyundai,Santro Xing GL Plus
Hyderabad,2004,Petrol,Manual,First,13.2,1495,5,0.6,Hyundai,Accent GLE
Coimbatore,2014,Petrol,Manual,Second,21.1,814,5,3.39,Hyundai,EON D Lite Plus
Hyderabad,2011,Diesel,Manual,First,12.8,2494,7,9.8,Toyota,Innova 2.5 V Diesel 7-seater
Mumbai,2017,Diesel,Manual,First,26.8,1248,5,5.91,Maruti,Ignis 1.3 Zeta
Mumbai,2017,Petrol,Manual,First,21.56,1462,5,8.25,Maruti,Ciaz Alpha
Mumbai,2012,Petrol,Manual,First,17.5,1298,5,3.75,Maruti,Swift Dzire VXi
Hyderabad,2017,Petrol,Automatic,First,18.0,1497,5,12.5,Honda,City i VTEC CVT VX
Bangalore,2015,Diesel,Manual,First,17.8,1248,5,5.95,Maruti,Swift VDI BSIV W ABS
Delhi,2015,Petrol,Manual,First,19.4,1198,5,3.8,Honda,Brio S MT
Delhi,2014,Diesel,Manual,First,23.59,1364,5,4.35,Toyota,Etios Liva GD
Hyderabad,2015,Diesel,Automatic,First,13.5,2400,5,32.5,Volvo,XC60 D5
Kolkata,2015,Petrol,Manual,First,15.64,1193,5,3.0,Tata,Indigo CS eGVX
Pune,2016,Diesel,Automatic,Second,11.36,2755,7,19.0,Toyota,Innova Crysta 2.8 ZX AT
Pune,2013,Diesel,Manual,First,20.54,1598,5,5.0,Volkswagen,Vento Diesel Highline
Pune,2014,Diesel,Manual,First,22.7,1498,5,5.45,Ford,Ecosport 1.5 DV5 MT Titanium
Mumbai,2010,Petrol,Manual,First,18.9,998,5,2.7,Maruti,Wagon R VXI
Mumbai,2006,Petrol,Manual,First,13.0,2987,5,10.75,Mercedes-Benz,S-Class 320 L
Hyderabad,2015,Diesel,Manual,First,20.14,1498,5,5.8,Volkswagen,Polo 1.5 TDI Highline
Pune,2007,Petrol,Manual,Second,15.3,1193,5,0.95,Tata,Indica GLS BS IV
Jaipur,2002,Petrol,Manual,Second,16.1,796,4,0.63,Maruti,800 Std BSIII
Kochi,2018,Diesel,Manual,First,17.1,1956,5,17.55,Jeep,Compass 2.0 Longitude
Pune,2016,Petrol,Manual,First,24.07,998,5,3.0,Maruti,Alto K10 LXI Optional
Bangalore,2013,Diesel,Automatic,First,19.3,1968,5,15.0,Skoda,Octavia Elegance 2.0 TDI AT
Hyderabad,2016,Diesel,Manual,First,26.59,1248,5,6.0,Maruti,Swift Dzire VDI Optional
Mumbai,2016,Diesel,Manual,First,28.09,1248,5,7.65,Maruti,Ciaz VDi Plus SHVS
Jaipur,2009,Diesel,Manual,Second,15.8,2148,5,8.5,Mercedes-Benz,New C-Class C 220 CDI CLASSIC
Kolkata,2013,Diesel,Manual,First,20.0,1399,5,2.25,Ford,Figo Diesel ZXI
Delhi,2010,Petrol,Automatic,Second,14.53,1798,5,4.65,Toyota,Corolla Altis VL
Mumbai,2016,Diesel,Manual,First,22.7,1598,5,7.85,Maruti,SX4 S Cross DDiS 320 Zeta
Coimbatore,2011,Petrol,Manual,First,15.6,1196,5,3.46,Ford,Figo Petrol ZXI
Mumbai,2018,Petrol,Automatic,First,19.0,1199,5,8.25,Honda,Jazz Exclusive CVT
Pune,2006,Petrol,Manual,First,17.3,993,5,1.25,Maruti,Zen LXi - BS III
Bangalore,2012,Diesel,Manual,Third,11.5,2982,7,16.0,Toyota,Fortuner 3.0 Diesel
Jaipur,2015,Diesel,Manual,First,26.21,1248,5,7.4,Maruti,Ciaz ZDi Plus
Kochi,2016,Petrol,Manual,First,25.17,799,5,3.07,Renault,KWID RXT
Coimbatore,2011,Petrol,Automatic,First,19.2,1197,5,3.84,Hyundai,i10 Magna AT
Pune,2016,Petrol,Automatic,First,23.1,998,5,4.2,Maruti,Celerio ZXI AT Optional
Kochi,2018,Diesel,Manual,First,21.38,1396,5,10.82,Hyundai,Creta 1.4 E Plus Diesel
Hyderabad,2016,Diesel,Manual,First,27.3,1498,5,6.1,Honda,Jazz 1.5 SV i DTEC
Kolkata,2011,Petrol,Manual,First,17.0,1497,5,3.1,Honda,City 1.5 S MT
Chennai,2001,Petrol,Manual,Third,13.7,1468,5,1.0,Mitsubishi,Lancer 1.5 SFXi
Coimbatore,2012,Petrol,Manual,First,16.95,1498,5,4.69,Nissan,Sunny XE P
Mumbai,2011,Petrol,Automatic,First,11.7,2354,5,5.4,Honda,Accord 2.4 AT
Mumbai,2016,Diesel,Manual,First,15.1,2179,7,12.0,Mahindra,XUV500 W8 2WD
Mumbai,2018,Petrol,Manual,First,18.6,1197,5,6.5,Hyundai,i20 1.2 Magna Executive
Chennai,2014,Diesel,Manual,First,23.08,1461,5,3.0,Nissan,Micra Diesel XL
Kochi,2015,Petrol,Automatic,First,19.12,1373,5,6.9,Maruti,Ciaz AT ZXi
Chennai,2011,Diesel,Manual,First,20.54,1598,5,4.0,Volkswagen,Vento Diesel Trendline
Chennai,2011,Petrol,Manual,First,17.0,1197,5,4.25,Hyundai,i20 Asta
Hyderabad,2008,Petrol,Manual,First,14.53,1798,5,5.1,Toyota,Corolla Altis G
Kolkata,2014,Diesel,Manual,First,25.1,1498,5,4.9,Honda,City i DTEC VX
Pune,2014,Petrol,Manual,Second,20.4,1197,5,3.6,Maruti,Swift VXI BSIV
Pune,2016,Diesel,Automatic,First,14.21,2143,5,34.0,Mercedes-Benz,E-Class 2009-2013 E250 CDI Elegance
Mumbai,2015,Diesel,Manual,First,12.99,2494,7,8.25,Toyota,Innova 2.5 G (Diesel) 7 Seater
Pune,2011,Petrol,Manual,First,16.1,1298,5,1.3,Maruti,Swift Lxi BSIII
Coimbatore,2018,Diesel,Automatic,First,19.27,2143,5,39.05,Mercedes-Benz,New C-Class C 220d Avantgarde Edition C
Kolkata,2015,Petrol,Manual,First,18.9,1197,5,3.75,Hyundai,Grand i10 Asta
Mumbai,2010,Petrol,Manual,First,18.9,998,5,2.1,Maruti,Wagon R LXI BS IV
Hyderabad,2016,Diesel,Manual,First,22.77,1498,5,8.8,Ford,EcoSport 1.5 TDCi Titanium
Coimbatore,2015,Petrol,Manual,First,16.47,1198,5,5.84,Volkswagen,Polo 1.2 MPI Comfortline
Kochi,2018,Petrol,Automatic,First,17.01,1591,5,9.03,Hyundai,Verna 1.6 VTVT AT SX
Ahmedabad,2017,Petrol,Automatic,Second,24.04,999,5,3.25,Renault,KWID AMT RXL
Coimbatore,2013,Petrol,Automatic,First,16.5,1198,5,4.9,Honda,Brio S Option AT
Kochi,2018,Petrol,Manual,First,18.16,1196,5,6.46,Ford,Figo Aspire 1.2 Ti-VCT Titanium
Bangalore,2014,Diesel,Manual,Second,11.5,2982,7,18.5,Toyota,Fortuner 3.0 Diesel
Ahmedabad,2013,Diesel,Manual,First,25.0,1396,5,2.7,Tata,Indigo eCS eLX BS IV
Chennai,2016,Diesel,Manual,First,25.83,1498,5,4.6,Ford,Figo 2015-2019 1.5D Ambiente MT
Jaipur,2014,Diesel,Manual,First,23.4,1248,5,5.35,Maruti,Swift Dzire VDI
Pune,2011,Diesel,Manual,First,23.08,1461,5,2.3,Nissan,Micra Diesel XV Primo
Delhi,2016,Diesel,Automatic,First,19.3,1968,5,15.45,Skoda,Octavia Style Plus 2.0 TDI AT
Hyderabad,2014,Diesel,Automatic,First,16.96,1968,5,12.49,Volkswagen,Jetta 2013-2015 2.0L TDI Highline AT
Coimbatore,2016,Diesel,Automatic,First,12.07,2967,7,48.76,Audi,Q7 35 TDI Quattro Technology
Pune,2011,Petrol,Manual,First,17.0,1197,5,3.2,Hyundai,i20 1.2 Sportz
Delhi,2012,Diesel,Automatic,First,16.07,1995,4,8.75,BMW,3 Series 320d Corporate Edition
Kolkata,2015,Diesel,Manual,First,21.19,1396,5,5.99,Hyundai,i20 Active 1.4 SX Dual Tone
Chennai,2005,Diesel,Manual,Second,12.7,2609,8,2.9,Mahindra,Scorpio 2.6 DX
Kolkata,2011,Diesel,Manual,First,20.0,1399,5,1.8,Ford,Figo Diesel EXI
Mumbai,2012,Petrol,Manual,First,9.8,2354,5,6.25,Honda,Accord 2.4 Inspire M/T
Bangalore,2013,Diesel,Manual,First,21.9,1396,5,5.45,Hyundai,i20 Sportz 1.4 CRDi
Mumbai,2018,Diesel,Automatic,First,16.36,2179,5,52.5,Jaguar,XF 2.2 Litre Luxury
Mumbai,2013,Petrol,Automatic,First,17.1,1591,5,5.6,Hyundai,Verna 1.6 SX VTVT (O) AT
Kolkata,2014,Petrol,Manual,First,17.4,1497,5,6.45,Honda,City i VTEC VX Option
Mumbai,2012,Petrol,Manual,First,18.5,1197,5,3.7,Hyundai,i20 Asta Optional with Sunroof 1.2
Chennai,2013,Petrol,Manual,First,19.4,1198,5,3.49,Honda,Brio S MT
Kolkata,2013,Diesel,Manual,First,21.9,1396,5,3.55,Hyundai,i20 Sportz 1.4 CRDi
Mumbai,2017,Petrol,Manual,First,10.4,2393,5,9.0,Maruti,Grand Vitara 2.4 MT
Hyderabad,2011,Petrol,Manual,First,19.0,998,5,2.7,Maruti,A-Star Vxi
Chennai,2006,Petrol,Manual,First,19.7,796,5,1.5,Maruti,Alto LXi
Jaipur,2017,Diesel,Manual,First,16.0,2179,7,15.9,Mahindra,XUV500 W10 2WD
Hyderabad,2013,Diesel,Manual,First,22.9,1248,5,5.2,Maruti,Swift RS VDI
Mumbai,2014,Diesel,Automatic,First,17.05,1995,5,16.25,BMW,X1 sDrive20d
Mumbai,2007,Diesel,Automatic,Second,14.3,1968,5,3.31,Volkswagen,Passat 2.0 PD DSG
Bangalore,2012,Diesel,Automatic,First,16.09,1995,5,24.0,BMW,X3 xDrive20d
Kolkata,2011,Petrol,Manual,First,18.5,1197,5,2.5,Maruti,Ritz VXi
Jaipur,2013,Diesel,Manual,Second,21.9,1396,5,3.9,Hyundai,i20 Sportz 1.4 CRDi
Kolkata,2013,Diesel,Manual,First,25.2,1248,5,3.85,Maruti,Swift VDI BSIV
Delhi,2011,Petrol,Manual,First,11.7,1796,5,8.8,Mercedes-Benz,New C-Class 200 Kompressor
Chennai,2009,Petrol,Manual,Second,14.28,1798,5,4.95,Toyota,Corolla Altis 1.8 GL
Kolkata,2014,Diesel,Manual,First,22.32,1582,5,5.75,Hyundai,Verna 1.6 SX CRDi (O)
Kochi,2014,Diesel,Manual,First,19.01,1461,5,6.17,Renault,Duster 110PS Diesel RxZ
Chennai,2010,Diesel,Manual,First,17.8,1248,5,3.45,Maruti,Swift Ldi BSIII
Jaipur,2016,Petrol,Manual,First,24.07,998,5,3.2,Maruti,Alto K10 VXI
Coimbatore,2017,Petrol,Automatic,First,13.0,1591,5,13.49,Hyundai,Creta 1.6 SX Plus Petrol Automatic
Delhi,2016,Petrol,Automatic,First,15.04,1991,5,24.5,Mercedes-Benz,CLA 200 CGI Sport
Kolkata,2015,Petrol,Automatic,First,10.1,2354,5,14.7,Honda,CR-V 2.4 4WD AT
Hyderabad,2014,Diesel,Manual,First,22.7,1498,5,6.0,Ford,Ecosport 1.5 DV5 MT Trend
Coimbatore,2016,Diesel,Automatic,First,13.0,2143,5,34.18,Mercedes-Benz,E-Class 2015-2017 E250 CDI Avantgarde
Delhi,2014,Diesel,Manual,First,24.0,1120,5,3.5,Hyundai,Grand i10 CRDi Magna
Hyderabad,2006,Petrol,Manual,First,16.6,1388,5,2.15,Ford,Fiesta 1.4 Duratec ZXI
Kolkata,2018,Diesel,Automatic,First,17.6,1582,5,11.25,Hyundai,Creta 1.6 SX Automatic Diesel
Delhi,2010,Petrol,Manual,First,19.0,998,5,2.0,Maruti,A-Star Lxi
Kochi,2015,Diesel,Manual,First,23.2,1248,5,4.27,Maruti,Ritz LDi
Kochi,2017,Petrol,Manual,First,17.8,1497,5,7.68,Honda,City i VTEC SV
Coimbatore,2017,Diesel,Manual,First,12.99,2494,7,14.52,Toyota,Innova 2.5 GX (Diesel) 7 Seater
Mumbai,2011,Petrol,Automatic,Second,11.8,3498,7,16.85,Mercedes-Benz,R-Class R350 4Matic Long
Mumbai,2015,Diesel,Manual,First,21.14,1498,5,5.75,Skoda,Rapid 1.5 TDI Elegance
Mumbai,2017,Petrol,Manual,First,15.8,1499,5,8.3,Ford,Ecosport 1.5 Ti VCT MT Titanium
Chennai,2014,Petrol,Automatic,First,23.1,998,5,3.95,Maruti,Celerio VXI AT
Mumbai,2014,Petrol,Manual,First,15.04,1598,5,4.8,Volkswagen,Vento Petrol Highline
Ahmedabad,2011,Diesel,Automatic,First,13.5,2400,5,12.0,Volvo,XC60 D5
Ahmedabad,2017,Diesel,Manual,First,23.59,1364,5,6.25,Toyota,Etios Cross 1.4 GD
Jaipur,2012,Diesel,Manual,First,19.4,1405,5,2.5,Tata,Indica Vista TDI LX
Pune,2014,Petrol,Automatic,First,18.0,1497,5,7.5,Honda,City i VTEC CVT VX
Delhi,2010,Petrol,Manual,First,17.0,1497,5,3.5,Honda,City 1.5 V MT
Hyderabad,2005,Diesel,Manual,First,18.7,1896,5,1.99,Skoda,Octavia Rider Classic 1.9 TDI
Kolkata,2009,Petrol,Manual,First,14.53,1798,5,2.25,Toyota,Corolla 1.8 J
Delhi,2014,Petrol,Manual,First,16.78,1496,5,3.25,Toyota,Etios G
Bangalore,2016,Diesel,Automatic,First,17.05,1995,5,28.5,BMW,X1 sDrive20d
Kolkata,2006,Petrol,Automatic,First,16.4,1497,5,1.5,Honda,City ZX CVT
Delhi,2017,Diesel,Manual,First,22.54,1396,5,7.0,Hyundai,i20 Sportz 1.4 CRDi
Delhi,2014,Diesel,Automatic,First,13.0,2987,5,27.5,Mercedes-Benz,E-Class E350 CDI
Ahmedabad,2015,Diesel,Manual,First,19.67,1582,5,10.5,Hyundai,Creta 1.6 CRDi SX Option
Jaipur,2014,Diesel,Automatic,Second,15.73,1968,5,21.5,Audi,Q3 2012-2015 2.0 TDI Quattro Premium Plus
Delhi,2016,Diesel,Automatic,First,12.63,2179,5,35.0,Land,Rover Discovery Sport TD4 HSE
Hyderabad,2015,Diesel,Automatic,First,21.66,1498,5,7.99,Skoda,Rapid 1.5 TDI AT Elegance Plus
Coimbatore,2015,Petrol,Automatic,First,23.1,998,5,4.88,Maruti,Celerio VXI AT
Mumbai,2013,Petrol,Automatic,First,11.05,2894,4,40.5,Audi,RS5 Coupe
Mumbai,2015,Petrol,Manual,First,20.73,1373,5,6.55,Maruti,Ciaz ZXi Plus
Coimbatore,2015,Diesel,Automatic,First,14.16,1968,5,29.64,Audi,Q5 2.0 TDI Premium Plus
Coimbatore,2013,Diesel,Manual,Second,20.0,1399,5,4.34,Ford,Figo Diesel Titanium
Kochi,2014,Petrol,Manual,First,18.88,999,5,6.22,Ford,Ecosport 1.0 Ecoboost Titanium
Delhi,2009,Petrol,Manual,Second,17.0,1497,5,2.25,Honda,City 1.5 S MT
Hyderabad,2015,Diesel,Automatic,First,16.36,2179,5,38.0,Jaguar,XF 2.2 Litre Luxury
Mumbai,2008,Petrol,Manual,Second,20.4,1197,5,2.15,Maruti,Swift VXI BSIV
Coimbatore,2014,Diesel,Automatic,First,22.48,1995,5,22.45,BMW,5 Series 520d Luxury Line
Coimbatore,2017,Diesel,Automatic,First,15.0,2143,5,20.87,Mercedes-Benz,B Class B200 CDI
Mumbai,2013,Petrol,Manual,First,19.4,1198,5,3.1,Honda,Brio S MT
Mumbai,2016,Petrol,Manual,First,18.6,1197,5,5.95,Hyundai,i20 Sportz 1.2
Mumbai,2006,Diesel,Manual,Second,16.8,1405,5,0.86,Tata,Indica V2 DLG TC
Delhi,2010,Diesel,Manual,First,11.5,2982,7,9.25,Toyota,Fortuner 3.0 Diesel
Mumbai,2011,Petrol,Manual,First,19.81,1086,5,2.25,Hyundai,i10 Sportz 1.1L
Kochi,2016,Petrol,Manual,First,17.0,1197,5,6.13,Hyundai,i20 1.2 Sportz Option
Kochi,2006,Petrol,Manual,Second,15.4,1590,5,1.81,Maruti,Baleno LXI - BSIII
Pune,2014,Petrol,Automatic,Second,15.5,1198,5,3.79,Honda,Amaze S AT i-Vtech
Hyderabad,2017,Diesel,Automatic,First,13.33,2993,5,160.0,Land,Rover Range Rover 3.0 Diesel LWB Vogue
Mumbai,2011,Diesel,Manual,First,23.59,1364,5,3.6,Toyota,Etios Liva GD
Pune,2013,Petrol,Automatic,Second,16.95,1197,5,3.85,Hyundai,i10 Sportz 1.2 AT
Hyderabad,2013,Diesel,Manual,First,22.07,1199,5,4.5,Volkswagen,Polo Diesel Trendline 1.2L
Coimbatore,2018,Petrol,Manual,First,21.1,998,5,8.61,Maruti,Baleno RS Petrol
Ahmedabad,2016,Diesel,Manual,First,21.9,1396,5,6.5,Hyundai,i20 Sportz 1.4 CRDi
Chennai,2005,Petrol,Automatic,First,11.3,1794,5,2.6,Toyota,Corolla H4
Pune,2015,Diesel,Manual,First,12.99,2494,7,15.0,Toyota,Innova 2.5 VX (Diesel) 7 Seater
Pune,2017,Petrol,Automatic,First,23.1,998,5,4.7,Maruti,Celerio VXI AT Optional
Hyderabad,2015,Diesel,Automatic,First,19.3,1968,5,12.99,Skoda,Octavia Elegance 2.0 TDI AT
Kochi,2018,Petrol,Manual,First,17.3,1497,7,7.32,Honda,Mobilio S i VTEC
Delhi,2015,Diesel,Manual,Second,23.9,1582,5,6.5,Hyundai,Verna 1.6 CRDi SX
Coimbatore,2012,Petrol,Manual,Second,17.0,1497,5,5.67,Honda,City 1.5 S MT
Chennai,2014,Diesel,Manual,Second,19.68,1399,5,3.0,Ford,Classic 1.4 Duratorq Titanium
Delhi,2015,Diesel,Manual,Second,26.21,1248,5,5.5,Maruti,Ciaz ZDi
Pune,2015,Petrol,Manual,First,18.9,998,5,3.35,Maruti,Wagon R VXI BS IV
Coimbatore,2015,Diesel,Automatic,First,14.94,2967,5,25.02,Audi,A4 3.0 TDI Quattro
Coimbatore,2017,Petrol,Automatic,First,19.16,2487,5,26.11,Toyota,Camry Hybrid 2.5
Coimbatore,2016,Petrol,Manual,First,18.6,1197,5,7.09,Hyundai,i20 Asta 1.2
Delhi,2012,CNG,Manual,First,21.4,1586,5,2.65,Maruti,SX4 Green Vxi (CNG)
Delhi,2018,Petrol,Manual,First,18.9,1197,5,6.5,Hyundai,Grand i10 1.2 Kappa Asta
Chennai,2012,Diesel,Manual,First,22.07,1199,5,4.5,Volkswagen,Polo Diesel Trendline 1.2L
Chennai,2016,Diesel,Automatic,First,15.97,2993,5,57.0,BMW,X5 xDrive 30d M Sport
Kochi,2012,Petrol,Manual,First,16.47,1198,5,3.82,Volkswagen,Polo Petrol Comfortline 1.2L
Jaipur,2013,Diesel,Manual,First,20.45,1461,5,5.25,Renault,Duster 85PS Diesel RxE
Coimbatore,2016,Petrol,Automatic,First,14.67,1798,5,16.81,Skoda,Superb Style 1.8 TSI AT
Delhi,2013,Diesel,Automatic,First,14.16,1968,5,21.5,Audi,Q5 2.0 TDI
Hyderabad,2017,Diesel,Manual,First,27.39,1248,5,8.5,Maruti,Baleno Delta 1.3
Delhi,2013,Petrol,Manual,First,16.47,1198,5,3.25,Volkswagen,Polo Petrol Comfortline 1.2L
Coimbatore,2019,Diesel,Automatic,First,13.5,2477,6,27.11,Mitsubishi,Pajero Sport 4X4 AT
Mumbai,2015,Petrol,Manual,First,20.73,1373,5,5.95,Maruti,Ciaz VXi Plus
Kochi,2015,Diesel,Manual,First,19.87,1461,5,6.79,Renault,Duster 85PS Diesel RxL Option
Mumbai,2016,Petrol,Manual,First,21.1,814,5,2.55,Hyundai,EON D Lite Plus Option
Pune,2008,Petrol,Manual,Second,10.8,2354,5,3.7,Honda,CR-V 2.4 MT
Bangalore,2014,Petrol,Manual,Second,17.01,1591,5,6.75,Hyundai,Verna 1.6 SX VTVT
Kolkata,2015,Petrol,Manual,First,14.28,1798,5,6.95,Toyota,Corolla Altis JS MT
Kochi,2011,Petrol,Manual,First,15.5,1586,5,2.78,Maruti,SX4 ZXI MT BSIV
Coimbatore,2016,Petrol,Manual,First,16.47,1198,5,6.18,Volkswagen,Polo Petrol Comfortline 1.2L
Bangalore,2015,Diesel,Automatic,First,14.16,1968,5,36.0,Audi,Q5 30 TDI quattro Premium Plus
Coimbatore,2012,Petrol,Manual,First,17.0,1497,5,5.81,Honda,City 1.5 V MT
Pune,2014,Petrol,Manual,First,22.5,998,5,3.41,Maruti,Wagon R VXI
Bangalore,2018,Diesel,Automatic,First,13.5,2477,6,26.5,Mitsubishi,Pajero Sport 4X4 AT
Hyderabad,2015,Petrol,Automatic,First,14.7,1798,5,16.0,Skoda,Octavia Elegance 1.8 TSI AT
Kochi,2017,Diesel,Manual,First,19.67,1582,5,12.13,Hyundai,Creta 1.6 CRDi SX Option
Hyderabad,2009,Petrol,Manual,Second,19.7,796,5,1.8,Maruti,Alto LXi BSIII
Pune,2013,Petrol,Manual,First,16.8,1497,5,6.25,Honda,City V MT
Chennai,2016,Petrol,Manual,First,22.7,799,5,2.75,Datsun,redi-GO S
Pune,2011,Diesel,Manual,First,17.67,1968,5,6.0,Skoda,Yeti Ambition 4WD
Delhi,2013,Petrol,Automatic,First,14.8,1595,5,11.56,Mercedes-Benz,B Class B180
Mumbai,2014,Petrol,Automatic,Second,17.21,1197,5,5.2,Volkswagen,Polo GT TSI
Coimbatore,2014,Diesel,Manual,First,22.77,1498,5,7.52,Ford,EcoSport 1.5 TDCi Titanium
Coimbatore,2017,Petrol,Manual,First,15.29,1591,5,12.49,Hyundai,Creta 1.6 SX Plus Dual Tone Petrol
Coimbatore,2019,Diesel,Manual,First,14.24,2755,7,35.82,Toyota,Fortuner 2.8 2WD MT
Chennai,2017,Petrol,Manual,First,20.85,1197,5,6.25,Maruti,Swift Dzire ZXI
Coimbatore,2015,Petrol,Manual,First,17.0,1197,5,6.22,Hyundai,i20 1.2 Asta with AVN
Bangalore,2016,Petrol,Manual,First,15.4,1497,7,8.02,Honda,BR-V i-VTEC S MT
Mumbai,2014,Petrol,Manual,First,23.1,998,5,3.75,Maruti,Celerio ZXI
Mumbai,2009,Petrol,Automatic,Second,10.93,3498,5,11.75,Mercedes-Benz,E-Class 2009-2013 E350 Petrol
Kolkata,2012,Petrol,Manual,First,20.36,1197,5,2.25,Hyundai,i10 Magna 1.2 iTech SE
Mumbai,2013,Petrol,Manual,First,17.71,1197,5,3.55,Toyota,Etios Liva V
Coimbatore,2017,Diesel,Automatic,First,15.0,2143,5,38.15,Mercedes-Benz,E-Class 2015-2017 E250 Edition E
Ahmedabad,2015,Petrol,Manual,First,21.1,814,5,2.66,Hyundai,EON D Lite Plus
Mumbai,2014,CNG,Manual,First,33.54,998,5,2.85,Maruti,Wagon R CNG LXI
Bangalore,2011,Petrol,Manual,First,17.0,1497,5,4.95,Honda,City 1.5 S MT
Chennai,2003,Petrol,Automatic,First,13.0,2987,5,6.5,Mercedes-Benz,S-Class 280 AT
Pune,2016,Diesel,Manual,Second,25.0,1396,5,2.4,Tata,Indigo CS eVX
Pune,2016,Petrol,Manual,First,15.29,1591,5,12.5,Hyundai,Creta 1.6 VTVT S
Pune,2013,Petrol,Manual,First,20.51,998,5,3.0,Maruti,Wagon R LXI BS IV
Kochi,2017,Diesel,Manual,First,28.4,1248,5,6.67,Maruti,Dzire VDI
Coimbatore,2008,Petrol,Manual,Fourth & Above,13.8,1299,5,1.97,Ford,Ikon 1.3 Flair
Kolkata,2013,Petrol,Manual,First,16.47,1198,5,2.8,Volkswagen,Polo Petrol Comfortline 1.2L
Jaipur,2011,Petrol,Manual,First,20.36,1197,5,2.65,Hyundai,i10 Magna 1.2
Chennai,2014,Diesel,Manual,First,18.2,1248,8,4.75,Chevrolet,Enjoy 1.3 TCDi LTZ 8
Bangalore,2011,Petrol,Automatic,Second,10.5,1796,5,19.0,Mercedes-Benz,E-Class 200 Kompressor Elegance
Bangalore,2012,Diesel,Manual,First,17.8,1248,5,4.5,Maruti,Swift Vdi BSIII
Hyderabad,2012,Diesel,Manual,First,15.1,2179,7,8.25,Mahindra,XUV500 W8 4WD
Pune,2014,Petrol,Manual,First,17.71,1197,5,3.5,Toyota,Etios Liva G
Pune,2013,Diesel,Manual,First,15.1,2179,7,8.5,Mahindra,XUV500 W8 4WD
Hyderabad,2015,Petrol,Manual,First,15.29,1591,5,9.0,Hyundai,Creta 1.6 VTVT S
Hyderabad,2014,Diesel,Manual,First,26.0,1498,5,6.75,Honda,City i DTEC SV
Hyderabad,2014,Diesel,Manual,First,19.3,1248,5,5.4,Maruti,Swift Dzire VDi
Delhi,2015,Petrol,Manual,First,20.51,998,5,3.5,Maruti,Wagon R LXI BS IV
Hyderabad,2012,Petrol,Manual,First,21.1,814,5,2.6,Hyundai,EON Era Plus
Bangalore,2017,Diesel,Automatic,First,11.36,2755,7,20.5,Toyota,Innova Crysta 2.8 ZX AT
Kochi,2017,Petrol,Manual,Second,15.8,1591,5,11.31,Hyundai,Creta 1.6 SX Option
Kolkata,2018,Petrol,Manual,First,20.51,998,5,4.5,Maruti,Wagon R VXI Plus
Chennai,2015,Diesel,Automatic,First,11.3,2987,7,56.0,Mercedes-Benz,GL-Class 350 CDI Blue Efficiency
Kochi,2017,Petrol,Manual,First,23.1,998,5,5.2,Maruti,Celerio VXI
Delhi,2011,Diesel,Manual,First,12.05,2179,8,5.25,Mahindra,Scorpio SLE BSIV
Kochi,2018,Petrol,Manual,First,22.7,799,5,3.6,Datsun,redi-GO T Option
Pune,2014,Diesel,Manual,First,21.2,1248,5,3.3,Fiat,Grande Punto EVO 1.3 Active
Kolkata,2013,Diesel,Manual,First,22.7,1582,5,5.85,Hyundai,Elantra CRDi SX
Delhi,2014,Petrol,Manual,First,19.1,1197,5,3.9,Maruti,Swift Dzire LXI
Delhi,2009,Diesel,Automatic,First,16.55,1968,5,7.98,Audi,A4 2.0 TDI Multitronic
Mumbai,2014,Petrol,Automatic,First,16.5,1198,5,4.3,Honda,Brio VX AT
Kolkata,2011,Petrol,Manual,First,18.9,998,5,2.25,Maruti,Wagon R LXI BS IV
Ahmedabad,2013,Petrol,Manual,First,19.81,1086,5,3.2,Hyundai,i10 Magna 1.1
Hyderabad,2012,Diesel,Manual,First,22.32,1582,5,6.55,Hyundai,Verna 1.6 SX
Bangalore,2014,Diesel,Manual,Second,22.32,1582,5,6.9,Hyundai,Verna 1.6 SX
Chennai,2009,Diesel,Manual,First,23.2,1248,5,2.95,Maruti,Ritz VDi
Coimbatore,2017,Diesel,Manual,First,20.5,1582,5,11.45,Hyundai,Creta 1.6 SX Option Diesel
Kochi,2017,Petrol,Manual,First,21.4,1197,5,6.37,Maruti,Baleno Delta
Jaipur,2011,Diesel,Manual,First,22.32,1582,5,5.0,Hyundai,Verna 1.6 CRDI
Chennai,2012,Diesel,Manual,Second,22.3,1248,5,2.6,Tata,Indica Vista Quadrajet VX
Kolkata,2010,Petrol,Manual,First,18.5,1197,5,1.9,Hyundai,i20 1.2 Magna
Kochi,2015,Diesel,Automatic,First,17.85,2967,4,60.95,Porsche,Panamera Diesel
Coimbatore,2017,Petrol,Manual,First,15.1,1196,5,4.44,Maruti,Eeco Smiles 5 Seater AC
Chennai,2012,Diesel,Automatic,Second,22.69,1995,5,15.3,BMW,3 Series 320d Sport
Chennai,2016,Diesel,Manual,Second,25.47,1248,7,8.2,Maruti,Ertiga VDI
Ahmedabad,2014,Petrol,Automatic,First,16.9,1197,5,5.25,Hyundai,Xcent 1.2 Kappa AT S Option
Pune,2016,Petrol,Automatic,Second,16.93,1197,5,8.5,Volkswagen,Vento 1.2 TSI Highline AT
Chennai,2015,Diesel,Automatic,First,15.73,1968,5,23.75,Audi,Q3 35 TDI Quattro Premium
Delhi,2013,Petrol,Manual,First,19.81,1086,5,2.74,Hyundai,i10 Magna 1.1
Coimbatore,2016,Diesel,Automatic,First,16.96,1968,5,13.83,Volkswagen,Jetta 2013-2015 2.0L TDI Highline AT
Mumbai,2017,Petrol,Manual,First,21.1,998,5,6.99,Maruti,Baleno RS 1.0 Petrol
Jaipur,2009,Petrol,Manual,First,19.81,1086,5,2.25,Hyundai,i10 Era
Hyderabad,2013,Diesel,Manual,First,12.8,2494,8,11.49,Toyota,Innova 2.5 G4 Diesel 8-seater
Coimbatore,2012,Petrol,Manual,Second,18.6,1199,5,2.87,Chevrolet,Beat LT
Kolkata,2005,Diesel,Manual,First,12.8,2494,8,3.25,Toyota,Innova 2.5 G3
Pune,2009,Petrol,Manual,Second,9.8,2354,5,3.5,Honda,Accord 2.4 Inspire M/T
Kochi,2017,Diesel,Manual,First,25.32,1198,6,4.49,Mahindra,KUV 100 mFALCON D75 K4 Plus
Jaipur,2011,Diesel,Manual,First,22.07,1199,5,2.9,Volkswagen,Polo Diesel Trendline 1.2L
Coimbatore,2014,Petrol,Manual,First,12.4,1998,8,12.36,Toyota,Innova 2.0 GX 8 STR
Mumbai,2011,Diesel,Automatic,First,11.79,2179,8,6.0,Mahindra,Scorpio VLX AT AIRBAG BSIV
Chennai,2010,Diesel,Automatic,First,16.46,2993,5,31.0,BMW,7 Series 730Ld Sedan
Kolkata,2015,Diesel,Manual,First,25.6,1498,5,5.49,Honda,City i-DTEC SV
Coimbatore,2015,Diesel,Manual,First,22.07,1199,5,5.86,Volkswagen,Polo Diesel Comfortline 1.2L
Mumbai,2015,Diesel,Manual,First,16.0,2179,7,9.0,Mahindra,XUV500 W8 2WD
Jaipur,2016,Petrol,Manual,First,16.09,1598,5,7.7,Volkswagen,Vento 1.6 Highline
Coimbatore,2017,Petrol,Manual,First,17.4,1497,5,9.47,Honda,City i VTEC V
Bangalore,2014,Diesel,Automatic,First,14.16,1968,5,29.0,Audi,Q5 2.0 TDI Premium Plus
Kochi,2012,Petrol,Automatic,First,17.0,1497,5,5.42,Honda,City 1.5 V AT Exclusive
Coimbatore,2016,Petrol,Manual,First,20.4,1197,5,6.39,Maruti,Swift VXI BSIV
Jaipur,2015,Petrol,Manual,First,22.74,796,5,2.75,Maruti,Alto 800 LXI
Chennai,2011,Diesel,Manual,First,20.0,1399,5,2.5,Ford,Figo Diesel Titanium
Delhi,2012,Petrol,Manual,First,17.92,1086,5,2.35,Hyundai,Santro Xing GL Plus
Coimbatore,2015,Petrol,Manual,First,18.9,998,5,4.65,Maruti,Wagon R VXI
Ahmedabad,2014,Diesel,Manual,First,26.0,1498,5,6.0,Honda,City i DTEC SV
Pune,2012,Petrol,Manual,Second,16.8,1497,5,3.5,Honda,City V MT AVN
Hyderabad,2014,Diesel,Manual,First,25.1,1498,5,7.0,Honda,City i DTEC VX
Bangalore,2014,Petrol,Manual,First,17.0,1591,5,7.75,Hyundai,Verna VTVT 1.6 SX
Kochi,2014,Petrol,Manual,First,24.07,998,5,2.93,Maruti,Alto K10 LXI
Kolkata,2014,Diesel,Automatic,First,14.21,2143,5,22.5,Mercedes-Benz,E-Class 2009-2013 E250 CDI Avantgarde
Coimbatore,2014,Diesel,Automatic,First,11.2,2993,4,40.66,BMW,X6 xDrive30d
Pune,2008,Petrol,Manual,First,14.0,1061,5,1.75,Maruti,Wagon R LXI BSIII
Hyderabad,2015,Diesel,Manual,Second,19.72,1461,5,8.2,Renault,Duster RXZ AWD
Delhi,2011,Diesel,Manual,First,12.05,2179,8,4.49,Mahindra,Scorpio VLX 2.2 mHawk Airbag BSIV
Chennai,2016,Diesel,Automatic,First,10.91,3198,7,26.5,Ford,Endeavour 3.2 Trend AT 4X4
Hyderabad,2011,Petrol,Manual,First,19.0,998,5,2.6,Maruti,Zen Estilo LXI BS IV
Kolkata,2011,Petrol,Manual,First,20.36,1197,5,2.49,Hyundai,i10 Asta
Hyderabad,2013,Petrol,Automatic,First,16.5,1198,5,5.4,Honda,Brio VX AT
Jaipur,2017,Petrol,Automatic,First,20.51,998,5,4.35,Maruti,Wagon R AMT VXI
Coimbatore,2018,Diesel,Automatic,First,18.51,1968,5,32.73,Audi,Q3 30 TDI Premium FWD
Chennai,2012,Diesel,Automatic,First,0.0,2987,5,26.0,Mercedes-Benz,M-Class ML 350 4Matic
Jaipur,2011,Petrol,Manual,First,18.9,998,5,2.5,Maruti,Wagon R LXI
Kochi,2015,Diesel,Automatic,First,18.25,1968,5,21.66,Audi,A4 35 TDI Premium Plus
Mumbai,2016,Petrol,Manual,First,25.17,799,5,2.99,Renault,KWID RXT Optional
Kolkata,2016,Petrol,Manual,First,24.7,796,5,2.61,Maruti,Alto 800 2016-2019 VXI
Delhi,2013,Diesel,Manual,First,12.99,2494,8,8.25,Toyota,Innova 2.5 GX (Diesel) 8 Seater
Pune,2015,Petrol,Automatic,First,14.53,1794,5,12.5,Toyota,Corolla Altis 2008-2013 1.8 VL AT
Hyderabad,2015,Diesel,Manual,First,25.83,1498,5,5.5,Ford,Figo 2015-2019 1.5D Titanium Plus MT
Coimbatore,2014,Petrol,Manual,First,19.4,1198,5,5.53,Honda,Brio S MT
Pune,2004,Petrol,Manual,Second,14.2,1597,5,1.1,Ford,Ikon 1.6 ZXI NXt
Mumbai,2014,Diesel,Manual,First,12.05,2179,7,6.85,Mahindra,Scorpio 2009-2014 LX 2WD 7S
Coimbatore,2007,Petrol,Manual,First,13.0,2987,5,17.09,Mercedes-Benz,S-Class 320 L
Delhi,2012,Diesel,Manual,Second,12.05,2179,8,4.93,Mahindra,Scorpio SLE BSIV
Ahmedabad,2012,Diesel,Automatic,Second,12.39,2179,5,17.5,Land,Rover Freelander 2 SE
Delhi,2011,Petrol,Manual,First,18.6,1199,5,1.95,Chevrolet,Beat LS
Bangalore,2014,Diesel,Manual,First,22.9,1248,5,6.1,Maruti,Swift ZDi
Mumbai,2008,Petrol,Manual,Second,13.4,1794,5,1.8,Toyota,Corolla H2
Bangalore,2015,Diesel,Automatic,First,13.22,2967,5,34.5,Audi,Q5 3.0 TDI Quattro
Coimbatore,2015,Petrol,Manual,First,21.1,814,5,4.01,Hyundai,EON Era Plus
Kolkata,2013,Petrol,Manual,First,19.5,1199,5,3.15,Honda,Amaze S Petrol
Mumbai,2015,Petrol,Automatic,First,17.01,1499,5,5.49,Ford,Figo Aspire 1.5 Ti-VCT Titanium
Bangalore,2016,Diesel,Automatic,Second,19.6,1461,5,10.0,Renault,Duster 110PS Diesel RxL AMT
Kolkata,2013,Petrol,Automatic,First,15.6,1497,5,4.55,Honda,City V AT
Mumbai,2010,Petrol,Manual,First,19.7,796,5,1.5,Maruti,Alto LXi
Kolkata,2011,Petrol,Manual,First,20.36,1197,5,2.15,Hyundai,i10 Magna 1.2
Chennai,2010,Petrol,Manual,Second,18.0,995,5,1.4,Chevrolet,Spark 1.0 LS
Bangalore,2014,Diesel,Manual,First,21.14,1498,5,6.2,Skoda,Rapid 1.5 TDI Ambition Plus
Mumbai,2013,Diesel,Automatic,First,17.68,1968,5,19.8,Audi,A6 2011-2015 2.0 TDI Premium Plus
Mumbai,2015,Petrol,Manual,First,18.7,1199,5,5.6,Honda,Jazz 1.2 V i VTEC
Mumbai,2015,Petrol,Manual,First,15.29,1591,5,9.5,Hyundai,Creta 1.6 SX Plus Dual Tone Petrol
Delhi,2012,Petrol,Manual,First,18.6,1199,5,2.21,Chevrolet,Beat LS
Coimbatore,2017,Petrol,Manual,First,22.7,799,5,3.31,Datsun,redi-GO T Option
Kochi,2016,Petrol,Manual,First,19.1,1197,5,5.44,Hyundai,Xcent 1.2 Kappa S Option
Kolkata,2009,Petrol,Automatic,First,10.0,2496,5,7.56,Mercedes-Benz,E-Class 230 E AT
Jaipur,2011,Diesel,Manual,Second,22.9,1248,5,3.2,Maruti,Swift ZDi
Kochi,2018,Petrol,Manual,First,23.1,998,5,5.53,Maruti,Celerio ZXI
Hyderabad,2015,Diesel,Automatic,First,19.3,1968,5,17.0,Skoda,Octavia Elegance 2.0 TDI AT
Delhi,2010,Petrol,Automatic,First,16.8,1497,5,3.55,Honda,City 1.5 V AT
Chennai,2006,Petrol,Automatic,Second,9.0,2997,5,2.65,Honda,Accord V6 AT
Mumbai,2016,Petrol,Automatic,First,14.67,1798,5,17.85,Skoda,Superb Style 1.8 TSI AT
Coimbatore,2010,Diesel,Manual,First,12.99,2494,8,7.96,Toyota,Innova 2.5 G (Diesel) 8 Seater
Pune,2015,Petrol,Automatic,First,23.1,998,5,4.25,Maruti,Celerio VXI AT
Kolkata,2014,Diesel,Manual,First,20.77,1248,7,5.85,Maruti,Ertiga VDI
Mumbai,2013,Diesel,Automatic,First,20.0,2143,5,13.0,Mercedes-Benz,A Class A180 CDI
Kochi,2010,Diesel,Manual,First,14.0,2498,8,2.65,Mahindra,Xylo E2
Ahmedabad,2014,Diesel,Manual,First,25.8,1498,5,4.75,Honda,Amaze E i-Dtech
Pune,2015,Petrol,Manual,First,25.17,799,5,2.65,Renault,KWID RXT
Pune,2017,Petrol,Manual,First,25.17,799,5,3.0,Renault,KWID RXT
Coimbatore,2014,Diesel,Automatic,First,12.07,2967,7,32.52,Audi,Q7 3.0 TDI Quattro Premium Plus
Pune,2014,Diesel,Automatic,First,22.32,1582,5,7.75,Hyundai,Verna 1.6 SX CRDI (O) AT
Delhi,2016,Diesel,Automatic,First,11.36,2755,7,19.6,Toyota,Innova Crysta 2.8 ZX AT
Delhi,2010,Petrol,Manual,First,17.0,1197,5,2.6,Hyundai,i20 Sportz Option
Mumbai,2013,Petrol,Manual,First,16.47,1198,5,3.76,Volkswagen,Polo Petrol Comfortline 1.2L
Chennai,2012,Diesel,Manual,First,20.54,1598,5,4.75,Volkswagen,Vento Diesel Trendline
Mumbai,2007,Petrol,Manual,Second,17.7,1497,5,1.75,Honda,City ZX GXi
Bangalore,2011,Petrol,Manual,First,16.2,1599,5,3.95,Hyundai,Verna Transform Xxi ABS
Pune,2005,Petrol,Manual,Second,13.2,1495,5,1.0,Hyundai,Accent GLE
Jaipur,2011,Diesel,Automatic,First,20.0,1968,5,4.5,Skoda,Laura Ambiente 2.0 TDI CR AT
Coimbatore,2011,Petrol,Automatic,First,10.93,2497,5,17.23,Mercedes-Benz,E-Class 2009-2013 E 250 Elegance
Kochi,2015,Petrol,Manual,First,18.6,1197,5,5.76,Hyundai,i20 Sportz 1.2
Coimbatore,2013,Petrol,Manual,First,20.36,1197,5,4.32,Hyundai,i10 Magna 1.2
Delhi,2009,Petrol,Manual,Second,19.81,1086,5,1.9,Hyundai,i10 Magna 1.1L
Pune,2018,Petrol,Manual,First,17.0,1198,5,5.5,Volkswagen,Ameo 1.2 MPI Anniversary Edition
Mumbai,2014,Petrol,Automatic,First,12.98,2494,5,13.5,Toyota,Camry 2.5 G
Bangalore,2013,Diesel,Manual,Second,16.0,2179,7,9.75,Mahindra,XUV500 W8 2WD
Hyderabad,2011,Diesel,Automatic,First,17.2,1968,5,9.44,Skoda,Superb Elegance 2.0 TDI CR AT
Mumbai,2018,Petrol,Automatic,First,22.5,998,5,4.45,Maruti,Wagon R VXI AMT
Pune,2016,Diesel,Manual,First,24.3,1248,5,8.85,Maruti,Vitara Brezza ZDi Plus Dual Tone
Delhi,2012,Petrol,Manual,First,0.0,1086,5,2.15,Hyundai,Santro Xing GL
Kochi,2013,Diesel,Manual,First,20.54,1598,5,4.89,Volkswagen,Vento Diesel Comfortline
Hyderabad,2015,Diesel,Manual,First,20.14,1498,5,6.25,Volkswagen,Polo 1.5 TDI Highline
Chennai,2012,Diesel,Manual,First,22.9,1248,5,4.8,Maruti,Swift ZDi
Jaipur,2008,Petrol,Manual,First,19.81,1086,5,1.8,Hyundai,i10 Era 1.1
Kolkata,2013,Diesel,Manual,First,16.0,2179,7,7.25,Mahindra,XUV500 W8 2WD
Coimbatore,2014,Diesel,Manual,First,25.47,1248,7,7.56,Maruti,Ertiga VDI
Kochi,2013,Diesel,Manual,First,16.0,2179,7,6.82,Mahindra,XUV500 W8 2WD
Jaipur,2011,Diesel,Manual,Second,21.12,1248,5,1.8,Tata,Manza Aura Quadrajet BS IV
Pune,2009,Diesel,Automatic,First,11.0,2987,5,11.5,Mercedes-Benz,E-Class 280 CDI
Chennai,2010,Petrol,Manual,First,15.6,1586,5,2.8,Maruti,SX4 Zxi with Leather BSIII
Hyderabad,2016,Petrol,Automatic,First,20.51,998,5,5.5,Maruti,Wagon R AMT VXI
Kolkata,2016,Petrol,Manual,First,20.63,1198,5,2.7,Datsun,GO NXT
Jaipur,2014,Diesel,Manual,First,20.0,1399,5,3.25,Ford,Figo Diesel ZXI
Coimbatore,2014,Diesel,Automatic,First,17.2,1968,5,10.9,Skoda,Superb Elegance 2.0 TDI CR AT
Kochi,2014,Petrol,Manual,First,18.5,1197,5,4.07,Hyundai,i20 1.2 Magna
Ahmedabad,2016,Diesel,Automatic,First,11.36,2755,7,18.0,Toyota,Innova Crysta 2.8 ZX AT
Mumbai,2012,Petrol,Manual,First,19.4,1198,5,2.95,Honda,Brio V MT
Mumbai,2011,Diesel,Automatic,First,17.2,1968,5,7.5,Skoda,Superb Elegance 2.0 TDI CR AT
Coimbatore,2016,Diesel,Automatic,First,13.0,2143,5,32.73,Mercedes-Benz,E-Class 2015-2017 E250 CDI Avantgarde
Delhi,2015,Diesel,Automatic,Second,12.55,2982,7,21.5,Toyota,Fortuner 4x2 AT TRD Sportivo
Pune,2008,Petrol,Manual,First,16.51,1586,5,2.5,Maruti,SX4 ZXI MT BSIV
Ahmedabad,2016,Diesel,Manual,First,27.3,1498,5,5.5,Honda,Jazz 1.5 V i DTEC
Mumbai,2012,Petrol,Automatic,First,14.53,1794,5,7.5,Toyota,Corolla Altis 2008-2013 1.8 VL AT
Mumbai,2007,Petrol,Manual,First,16.9,1497,5,1.55,Honda,City ZX VTEC
Kolkata,2017,Diesel,Automatic,First,20.68,1995,5,29.0,BMW,X1 xDrive 20d M Sport
Coimbatore,2019,Diesel,Manual,First,28.4,1248,5,8.4,Maruti,Swift DDiS VDI
Hyderabad,2016,Diesel,Manual,First,25.32,1198,6,6.5,Mahindra,KUV 100 mFALCON D75 K8
Mumbai,2010,Petrol,Manual,First,16.0,1198,5,2.35,Honda,Jazz Mode
Mumbai,2016,Petrol,Manual,First,20.4,1197,5,5.55,Maruti,Swift ZXI
Mumbai,2016,Petrol,Automatic,First,18.9,1197,5,5.35,Hyundai,Grand i10 Asta Option AT
Chennai,2016,Petrol,Manual,First,17.8,1198,5,5.25,Honda,Amaze SX i-VTEC
Coimbatore,2017,Petrol,Manual,First,18.9,1197,5,5.87,Hyundai,Grand i10 1.2 Kappa Sportz
Kochi,2014,Diesel,Manual,First,20.54,1598,5,5.36,Volkswagen,Vento Diesel Comfortline
Bangalore,2016,Diesel,Manual,First,28.09,1248,5,7.75,Maruti,Ciaz 1.3 S
Kochi,2014,Petrol,Automatic,Second,14.4,1598,5,5.41,Volkswagen,Vento Petrol Highline AT
Bangalore,2010,Petrol,Manual,First,18.5,1197,5,3.65,Hyundai,i20 1.2 Magna
Pune,2016,Petrol,Automatic,First,16.5,1198,5,5.25,Honda,Brio VX AT
Kolkata,2014,Petrol,Manual,First,17.4,1497,5,6.25,Honda,City i VTEC VX
Coimbatore,2017,Petrol,Manual,First,23.9,624,4,3.47,Tata,Nano XT
Mumbai,2006,Petrol,Automatic,First,10.13,3498,5,8.85,Mercedes-Benz,S Class 2005 2013 S 350 L
Pune,2004,Petrol,Manual,First,14.0,1061,5,0.85,Maruti,Wagon R LXI BSIII
Mumbai,2015,Petrol,Automatic,First,13.7,1798,5,13.65,Skoda,Superb Elegance 1.8 TSI AT
Coimbatore,2016,Diesel,Automatic,First,12.07,2967,7,50.22,Audi,Q7 35 TDI Quattro Technology
Ahmedabad,2018,Petrol,Manual,First,22.0,1197,5,7.75,Maruti,Swift ZXI Plus
Coimbatore,2011,Diesel,Manual,First,12.8,2494,7,10.05,Toyota,Innova 2.5 G4 Diesel 7-seater
Kolkata,2011,Petrol,Automatic,First,12.05,1995,5,9.75,BMW,3 Series 320i Sedan
Delhi,2015,Diesel,Automatic,First,17.9,2143,5,23.0,Mercedes-Benz,GLA Class 200 CDI SPORT
Coimbatore,2019,Diesel,Manual,First,13.68,2393,8,21.42,Toyota,Innova Crysta 2.4 VX MT 8S
Jaipur,2003,Petrol,Manual,Third,15.9,1298,5,0.7,Maruti,Esteem LX BSII
Delhi,2014,Diesel,Manual,First,25.2,1248,5,5.21,Maruti,Swift VDI BSIV
Hyderabad,2009,Diesel,Manual,First,12.99,2494,7,7.5,Toyota,Innova 2.5 GX (Diesel) 7 Seater
Delhi,2012,Diesel,Manual,First,23.59,1364,5,2.65,Toyota,Etios Liva GD
Chennai,2010,Petrol,Manual,First,18.6,1199,5,1.75,Chevrolet,Beat LT
Jaipur,2010,Diesel,Manual,Second,13.8,1399,5,1.0,Ford,Ikon 1.4 TDCi DuraTorq
Delhi,2016,Diesel,Automatic,First,19.27,2143,5,33.0,Mercedes-Benz,New C-Class C 220 CDI Avantgarde
Kolkata,2011,Petrol,Manual,First,17.6,1496,5,2.2,Toyota,Etios G
Kochi,2017,Diesel,Manual,First,12.8,2494,7,12.83,Toyota,Innova 2.5 GX (Diesel) 7 Seater BS IV
Kochi,2018,Diesel,Automatic,First,17.54,2993,4,68.94,BMW,6 Series Gran Coupe
Mumbai,2012,Diesel,Manual,First,21.13,1498,5,4.1,Skoda,Rapid 1.5 TDI Ambition
Jaipur,2016,Petrol,Manual,First,22.0,814,5,2.85,Hyundai,EON Magna
Mumbai,2007,Petrol,Automatic,First,11.1,2354,5,3.7,Honda,CR-V 2.4L 4WD AT
Coimbatore,2013,Diesel,Automatic,First,20.0,1968,5,9.06,Skoda,Laura Elegance 2.0 TDI CR AT
Delhi,2011,Petrol,Manual,Second,13.4,1798,5,4.75,Skoda,Laura RS
Jaipur,2015,Diesel,Manual,First,26.0,1498,5,6.6,Honda,City i DTec S
Chennai,2007,Diesel,Manual,Second,13.93,2179,7,3.5,Tata,New Safari 4X4 EX
Pune,2011,Petrol,Manual,First,19.0,998,5,2.0,Maruti,Zen Estilo LXI BS IV
Mumbai,2013,Petrol,Manual,First,17.8,1198,5,3.89,Honda,Amaze S i-VTEC
Jaipur,2017,Petrol,Manual,First,23.01,999,5,3.6,Renault,KWID 1.0 RXL
Mumbai,2015,Petrol,Automatic,First,19.12,1373,5,6.95,Maruti,Ciaz AT ZXi
Coimbatore,2016,Diesel,Manual,First,22.54,1396,5,7.03,Hyundai,i20 Asta Option 1.4 CRDi
Ahmedabad,2016,Diesel,Manual,First,13.68,2393,7,16.5,Toyota,Innova Crysta 2.4 ZX MT
Coimbatore,2016,Diesel,Manual,First,28.09,1248,5,7.67,Maruti,Ciaz ZDi Plus SHVS
Coimbatore,2012,Diesel,Automatic,First,14.74,2993,5,23.19,Jaguar,XF Diesel
Kochi,2017,Petrol,Manual,First,19.1,1197,5,6.21,Hyundai,Xcent 1.2 Kappa S
Coimbatore,2015,Diesel,Automatic,First,16.12,2967,5,45.82,Porsche,Cayenne Diesel
Mumbai,2016,Diesel,Manual,First,24.4,1120,5,5.95,Hyundai,Xcent 1.1 CRDi S
Delhi,2011,Diesel,Automatic,First,16.55,1968,5,11.0,Audi,A4 2.0 TDI Multitronic
Coimbatore,2016,Petrol,Manual,First,20.73,1373,5,7.19,Maruti,Ciaz RS ZXi Plus
Delhi,2011,Diesel,Manual,First,12.8,2494,8,6.4,Toyota,Innova 2.5 G4 Diesel 8-seater
Chennai,2015,Diesel,Manual,First,15.8,2148,5,26.0,Mercedes-Benz,New C-Class 220 CDI MT
Hyderabad,2016,Petrol,Manual,First,20.36,1197,5,4.5,Hyundai,i10 Sportz
Chennai,2011,Petrol,Automatic,First,16.95,1197,5,3.1,Hyundai,i10 Sportz 1.2 AT
Delhi,2015,Diesel,Manual,First,27.39,1248,5,5.95,Maruti,Baleno Zeta 1.3
Delhi,2008,Petrol,Manual,First,18.2,1061,5,1.2,Maruti,Zen Estilo 1.1 VXI BSIII
Chennai,2014,Diesel,Automatic,First,16.46,2993,5,52.0,BMW,7 Series 730Ld
Bangalore,2015,Diesel,Automatic,First,11.33,4134,7,48.0,Audi,Q7 4.2 TDI Quattro Technology
Hyderabad,2011,Diesel,Automatic,First,11.7,2993,5,21.99,BMW,X5 xDrive 30d
Hyderabad,2013,Petrol,Manual,First,21.1,1197,5,4.3,Maruti,Ritz LXI
Pune,2013,Diesel,Manual,First,21.64,1461,5,3.75,Nissan,Sunny 2011-2014 Diesel XL
Mumbai,2015,Petrol,Manual,First,14.28,1798,5,8.95,Toyota,Corolla Altis 1.8 Limited Edition
Pune,2012,Diesel,Manual,First,23.59,1364,5,4.75,Toyota,Etios VXD
Coimbatore,2016,Petrol,Manual,First,14.28,1798,5,14.6,Toyota,Corolla Altis GL MT
Mumbai,2012,Diesel,Automatic,First,17.68,1968,5,17.5,Audi,A6 2011-2015 2.0 TDI Premium Plus
Kolkata,2012,Diesel,Manual,First,20.77,1248,7,5.2,Maruti,Ertiga ZDI
Coimbatore,2017,Petrol,Manual,First,18.9,1197,5,6.04,Hyundai,Grand i10 Sportz
Chennai,2009,Diesel,Manual,Second,19.09,1396,5,2.7,Tata,Indigo CS LX (TDI) BS III
Chennai,2019,Diesel,Automatic,First,26.59,1248,5,6.75,Maruti,Swift Dzire AMT ZDI
Kolkata,2011,Petrol,Manual,First,15.26,1598,5,2.35,Volkswagen,Polo Petrol Highline 1.6L
Hyderabad,2017,Petrol,Manual,First,23.84,1199,5,5.0,Tata,Tiago 1.2 Revotron XZ WO Alloy
Kolkata,2016,Petrol,Manual,First,17.8,1497,5,6.95,Honda,City i VTEC VX
Jaipur,2018,Petrol,Manual,First,19.5,1199,5,6.7,Honda,Amaze V Petrol
Hyderabad,2015,Diesel,Automatic,First,17.11,1968,5,25.0,Audi,A4 35 TDI Premium
Chennai,2011,Petrol,Automatic,First,14.4,1598,5,3.75,Volkswagen,Vento Petrol Highline AT
Chennai,2011,Diesel,Manual,First,20.54,1598,5,3.75,Volkswagen,Vento Diesel Trendline
Pune,2013,Petrol,Manual,First,17.0,1497,5,5.1,Honda,City 1.5 S MT
Mumbai,2010,Petrol,Manual,First,22.5,998,5,2.45,Maruti,Wagon R LXI
Kolkata,2005,Petrol,Automatic,First,9.3,2771,5,3.25,Skoda,Superb 2.8 V6 AT
Kolkata,2014,Diesel,Manual,First,26.0,1498,5,5.5,Honda,City i DTEC SV
Kochi,2014,CNG,Manual,First,26.6,998,5,3.77,Maruti,Wagon R LXI CNG
Coimbatore,2016,Diesel,Automatic,First,0.0,2987,5,49.24,Mercedes-Benz,M-Class ML 350 4Matic
Kochi,2016,Petrol,Manual,First,22.74,796,5,3.04,Maruti,Alto 800 LXI
Delhi,2015,Petrol,Manual,First,18.6,1197,5,4.9,Hyundai,i20 Magna 1.2
Bangalore,2013,Diesel,Manual,First,22.7,1498,5,6.25,Ford,Ecosport 1.5 DV5 MT Trend
Hyderabad,2015,Diesel,Automatic,First,19.59,1995,5,33.0,BMW,3 Series GT 320d Luxury Line
Chennai,2011,Diesel,Automatic,Second,11.7,2993,5,27.0,BMW,X5 xDrive 30d
Coimbatore,2014,Petrol,Manual,Second,18.0,1198,5,5.21,Honda,Amaze S i-Vtech
Mumbai,2014,Petrol,Manual,First,15.85,1499,5,5.75,Ford,EcoSport 1.5 Ti VCT MT Titanium
Coimbatore,2012,Diesel,Automatic,First,14.74,2993,5,16.58,Jaguar,XF 3.0 Litre S Premium Luxury
Delhi,2015,Petrol,Manual,First,14.53,1798,5,11.0,Toyota,Corolla 1.8 J
Pune,2014,Petrol,Manual,Second,20.36,1197,5,2.8,Hyundai,i10 Sportz
Kochi,2019,Diesel,Automatic,First,15.8,2148,5,37.99,Mercedes-Benz,New C-Class C220 CDI Executive Edition
Delhi,2011,Diesel,Manual,Second,20.0,1968,5,3.65,Skoda,Laura Ambiente 2.0 TDI CR MT
Hyderabad,2007,Diesel,Manual,First,13.1,2499,7,6.0,Ford,Endeavour 4x2 XLT
Coimbatore,2013,Petrol,Manual,First,15.6,1196,5,4.54,Ford,Figo Petrol EXI
Kochi,2015,Petrol,Manual,First,18.0,1198,5,5.4,Honda,Amaze S i-Vtech
Mumbai,2014,Diesel,Manual,First,19.1,1405,5,3.3,Tata,Indica Vista TDI LS
Hyderabad,2012,Diesel,Automatic,Second,14.7,1985,5,18.25,Volvo,XC60 D4 Summum
Bangalore,2017,Petrol,Manual,First,22.7,799,5,3.1,Datsun,Redi GO Sport
Kochi,2013,Petrol,Manual,First,21.1,814,5,3.84,Hyundai,EON Era Plus
Kolkata,2016,Petrol,Manual,First,22.74,796,5,2.44,Maruti,Alto 800 VXI
Bangalore,2011,Petrol,Manual,Second,16.47,1198,5,3.6,Volkswagen,Polo Petrol Trendline 1.2L
Mumbai,2015,Petrol,Manual,First,20.36,1197,5,3.9,Hyundai,i10 Asta
Chennai,2013,Petrol,Manual,Second,16.95,1498,5,2.9,Nissan,Sunny 2011-2014 XL
Chennai,2008,Petrol,Manual,Second,14.53,1798,5,3.5,Toyota,Corolla Altis G
Chennai,2009,Diesel,Manual,Second,18.1,1493,5,3.5,Hyundai,Verna CRDi ABS
Jaipur,2019,Petrol,Manual,First,24.7,796,5,3.5,Maruti,Alto 800 2016-2019 LXI Optional
Hyderabad,2015,Diesel,Manual,First,21.9,1396,5,7.0,Hyundai,i20 Sportz 1.4 CRDi
Chennai,2016,Diesel,Automatic,First,19.08,1582,5,8.7,Hyundai,Verna 1.6 CRDi AT S
Hyderabad,2014,Diesel,Automatic,First,12.07,2967,7,45.0,Audi,Q7 3.0 TDI Quattro Technology
Hyderabad,2016,Diesel,Manual,First,25.0,1396,5,1.8,Tata,Indica V2 eLS
Kolkata,2007,Petrol,Manual,First,18.0,995,5,0.99,Chevrolet,Spark 1.0 LS
Kolkata,2018,Petrol,Manual,First,18.9,1197,5,4.8,Hyundai,Grand i10 1.2 Kappa Magna
Mumbai,2014,Diesel,Manual,First,12.55,2982,7,17.95,Toyota,Fortuner 4x4 MT TRD Sportivo
Kochi,2017,Petrol,Manual,First,18.9,1197,5,5.66,Hyundai,Grand i10 1.2 Kappa Asta
Delhi,2009,Petrol,Manual,First,17.0,1497,5,3.1,Honda,City 1.5 S MT
Kochi,2016,Petrol,Manual,First,18.6,1197,5,6.54,Hyundai,Elite i20 Petrol Asta
Hyderabad,2015,Diesel,Manual,First,12.8,2494,8,13.2,Toyota,Innova 2.5 G4 Diesel 8-seater
Kochi,2018,Petrol,Automatic,First,13.0,4951,4,56.8,Ford,Mustang V8
Kochi,2019,Diesel,Automatic,First,11.36,2755,7,19.4,Toyota,Innova Crysta 2.8 GX AT
Ahmedabad,2007,Petrol,Manual,First,18.2,1061,5,1.65,Maruti,Zen Estilo 1.1 VXI BSIII
Jaipur,2013,Diesel,Manual,Second,22.9,1248,5,4.35,Maruti,Swift ZDi
Hyderabad,2015,Diesel,Manual,First,20.5,1248,5,6.5,Fiat,Avventura MULTIJET Emotion
Delhi,2007,Petrol,Manual,First,18.2,998,5,1.11,Maruti,Zen Estilo VXI BSIII
Mumbai,2013,Diesel,Manual,First,19.87,1461,5,5.5,Renault,Duster 85PS Diesel RxL
Delhi,2012,Diesel,Manual,First,10.5,2835,6,11.0,Mitsubishi,Pajero 2.8 SFX
Pune,2015,Petrol,Automatic,First,23.1,998,5,3.9,Maruti,Celerio VXI AT
Pune,2013,Diesel,Manual,First,17.88,1405,5,1.8,Tata,Indica V2 DLS BSIII
Kochi,2016,Petrol,Manual,First,18.6,1197,5,6.22,Hyundai,Elite i20 Petrol Asta
Hyderabad,2014,Petrol,Automatic,First,23.1,998,5,4.3,Maruti,Celerio VXI AT
Hyderabad,2017,Petrol,Manual,First,18.9,1197,5,5.99,Hyundai,Grand i10 1.2 Kappa Asta
Delhi,2017,Petrol,Manual,First,18.6,1197,5,6.0,Hyundai,i20 1.2 Magna Executive
Delhi,2014,Petrol,Manual,First,17.1,1591,5,5.85,Hyundai,Verna 1.6 SX VTVT (O)
Kochi,2014,Diesel,Automatic,First,12.39,2179,5,19.94,Land,Rover Freelander 2 SE
Chennai,2009,Petrol,Manual,First,16.1,1298,5,2.9,Maruti,Swift VXI BSIII
Mumbai,2014,Petrol,Manual,First,18.0,1198,5,4.25,Honda,Amaze SX i-VTEC
Hyderabad,2010,Diesel,Manual,First,21.43,1364,5,5.99,Toyota,Corolla Altis Diesel D4DG
Kolkata,2013,Diesel,Manual,First,27.4,1498,5,3.3,Honda,Amaze S Diesel
Coimbatore,2009,Diesel,Automatic,Second,16.77,2967,5,8.08,Audi,A6 3.0 TDI quattro
Jaipur,2017,Petrol,Manual,First,22.5,998,5,4.5,Maruti,Wagon R VXI
Hyderabad,2014,Diesel,Manual,First,24.2,1498,7,6.5,Honda,Mobilio E i DTEC
Bangalore,2006,Petrol,Automatic,Second,10.1,2354,5,3.9,Honda,CR-V 2.4 4WD AT
Delhi,2013,Petrol,Manual,First,17.1,1591,5,5.25,Hyundai,Verna 1.6 SX VTVT (O)
Bangalore,2014,Diesel,Automatic,First,11.72,2199,7,17.0,Hyundai,Santa Fe 4x4 AT
Ahmedabad,2012,Petrol,Automatic,First,16.95,1197,5,3.5,Hyundai,i10 Sportz AT
Hyderabad,2008,Diesel,Manual,Second,17.7,1399,5,3.0,Ford,Fusion Plus 1.4 TDCi Diesel
Coimbatore,2015,Petrol,Manual,Second,20.36,1197,5,4.87,Hyundai,i10 Sportz
Jaipur,2014,Diesel,Manual,First,24.4,1120,5,6.0,Hyundai,Xcent 1.1 CRDi SX Option
Mumbai,2015,Diesel,Automatic,First,18.19,1968,5,15.5,Skoda,Superb Style 2.0 TDI AT
Pune,2008,Petrol,Manual,Second,16.6,1388,5,1.6,Ford,Fiesta 1.4 Duratec EXI
Pune,2017,Petrol,Automatic,First,21.4,1197,5,7.25,Maruti,Baleno Zeta Automatic
Mumbai,2010,Diesel,Manual,Second,17.0,1896,5,3.25,Skoda,Laura 1.9 TDI MT Ambiente
Kolkata,2012,Diesel,Manual,First,20.64,1498,5,3.4,Volkswagen,Vento 1.5 TDI Comfortline
Coimbatore,2014,Diesel,Automatic,First,12.07,2967,7,30.5,Audi,Q7 3.0 TDI Quattro Technology
Kochi,2016,Petrol,Manual,First,17.0,1591,5,7.97,Hyundai,Verna VTVT 1.6 SX Option
Delhi,2012,Diesel,Automatic,First,14.84,2143,5,13.51,Mercedes-Benz,New C-Class 220 CDI AT
Kochi,2015,Diesel,Manual,First,25.8,1498,5,5.43,Honda,Amaze S i-Dtech
Chennai,2010,Petrol,Manual,First,16.6,1388,5,2.6,Ford,Fiesta 1.4 Duratec EXI Limited Edition
Bangalore,2013,Petrol,Manual,First,18.5,1197,5,4.45,Hyundai,i20 Magna Optional 1.2
Kolkata,2017,Petrol,Manual,First,22.74,796,5,2.75,Maruti,Alto 800 LXI
Kolkata,2010,Petrol,Automatic,First,10.6,2996,5,8.75,BMW,5 Series 530i Sedan
Coimbatore,2015,Petrol,Manual,Second,14.6,1368,5,5.41,Fiat,Grande Punto 1.4 Emotion
Kochi,2018,Diesel,Automatic,First,28.4,1248,5,8.55,Maruti,Dzire AMT ZDI Plus
Mumbai,2014,Diesel,Manual,First,15.1,2179,7,8.25,Mahindra,XUV500 W6 2WD
Kochi,2014,Diesel,Automatic,First,11.1,2400,7,23.58,Volvo,XC90 2007-2015 D5 AT AWD
Coimbatore,2014,Petrol,Manual,First,20.36,1197,5,4.49,Hyundai,i10 Sportz 1.2
Hyderabad,2010,Diesel,Manual,First,11.5,2982,7,12.99,Toyota,Fortuner 3.0 Diesel
Bangalore,2016,Petrol,Automatic,First,21.9,624,4,2.8,Tata,Nano XTA
Coimbatore,2016,Diesel,Manual,First,19.98,1461,8,8.43,Renault,Lodgy 110PS RxZ 8 Seater
Hyderabad,2015,Diesel,Automatic,First,12.07,2967,7,47.5,Audi,Q7 3.0 TDI Quattro Premium Plus
Mumbai,2016,Petrol,Automatic,First,18.0,1497,5,8.95,Honda,City i VTEC CVT VX
Jaipur,2013,Diesel,Manual,Second,19.01,1461,5,5.5,Renault,Duster 110PS Diesel RxL
Jaipur,2014,Petrol,Manual,First,17.8,1198,5,4.75,Honda,Amaze S i-VTEC
Jaipur,2016,Petrol,Manual,First,18.0,1198,5,4.75,Honda,Amaze S i-Vtech
Pune,2009,Petrol,Automatic,Second,12.05,1995,5,9.5,BMW,3 Series 320i
Coimbatore,2011,Diesel,Manual,First,23.2,1248,5,3.77,Maruti,Ritz LDi
Delhi,2012,Petrol,Manual,Second,17.0,1497,5,4.25,Honda,City 1.5 S MT
Mumbai,2014,Diesel,Automatic,First,18.88,1995,5,19.9,BMW,3 Series 320d Sport Line
Chennai,2009,Diesel,Manual,First,15.0,1896,5,4.0,Volkswagen,Jetta 2007-2011 1.9 TDI Trendline
Kochi,2013,Petrol,Manual,First,19.1,1197,5,4.16,Maruti,Swift Dzire LXI
Bangalore,2015,Diesel,Automatic,Second,16.36,2179,5,38.0,Jaguar,XF 2.2 Litre Executive
Kochi,2016,Petrol,Automatic,First,16.9,1197,5,6.34,Hyundai,Xcent 1.2 Kappa AT SX Option
Pune,2009,Diesel,Manual,First,12.8,2494,8,4.5,Toyota,Innova 2.5 G (Diesel) 7 Seater BS IV
Chennai,2016,Petrol,Manual,First,15.1,1196,7,3.75,Maruti,Eeco 7 Seater Standard
Delhi,2012,Diesel,Automatic,Second,15.2,1968,5,10.2,Audi,A4 New 2.0 TDI Multitronic
Chennai,2007,Diesel,Manual,First,12.8,2494,8,5.0,Toyota,Innova 2.5 G (Diesel) 7 Seater BS IV
Mumbai,2008,Petrol,Manual,First,9.8,1995,5,3.95,Maruti,Grand Vitara MT
Coimbatore,2016,Diesel,Manual,First,20.34,1498,5,9.75,Volkswagen,Vento 1.5 TDI Highline
Kochi,2018,Petrol,Manual,First,18.6,1197,5,7.93,Hyundai,Elite i20 Petrol Asta
Hyderabad,2011,Diesel,Manual,First,17.8,1399,5,2.1,Ford,Fiesta Classic 1.4 Duratorq CLXI
Coimbatore,2015,Diesel,Manual,First,13.5,2477,7,16.42,Mitsubishi,Pajero Sport 4X4
Bangalore,2011,Diesel,Manual,Second,14.66,2199,7,8.9,Hyundai,Santa Fe 4X4
Pune,2012,Diesel,Manual,First,15.1,2179,7,7.21,Mahindra,XUV500 W8 2WD
Chennai,2015,Diesel,Manual,First,12.8,2494,8,13.5,Toyota,Innova 2.5 V Diesel 8-seater
Chennai,2016,Diesel,Automatic,First,11.57,2987,5,65.0,Mercedes-Benz,GLE 350d
Bangalore,2014,Diesel,Manual,First,12.05,2179,7,7.4,Mahindra,Scorpio 2009-2014 SLE 7S BSIV
Kochi,2014,Petrol,Automatic,First,16.8,1497,5,5.15,Honda,City 1.5 S AT
Pune,2013,Diesel,Automatic,First,12.0,2987,7,32.0,Mercedes-Benz,GL-Class 2007 2012 350 CDI Luxury
Kolkata,2011,Petrol,Manual,First,17.0,1497,5,3.25,Honda,City 1.5 S MT
Kolkata,2017,Petrol,Automatic,First,22.5,998,5,3.95,Maruti,Wagon R VXI AMT
Pune,2013,Petrol,Manual,Second,15.4,1193,5,1.5,Tata,Indigo eCS GLE BSIII
Pune,2010,Petrol,Manual,Second,17.0,1197,5,3.0,Hyundai,i20 2015-2017 1.2 Asta with AVN
Kolkata,2010,Petrol,Manual,First,16.0,1198,5,1.99,Honda,Jazz Active
Kolkata,2010,Petrol,Manual,First,19.0,998,5,1.35,Maruti,A-Star Lxi
Hyderabad,2009,Diesel,Automatic,First,16.07,1995,5,13.5,BMW,3 Series 320d Highline
Hyderabad,2010,Diesel,Manual,First,17.67,1968,5,6.99,Skoda,Yeti Elegance
Hyderabad,2013,Diesel,Manual,First,19.01,1461,5,8.5,Nissan,Terrano XV Premium 110 PS
Pune,2010,Diesel,Manual,Second,22.07,1199,5,2.89,Volkswagen,Polo Diesel Comfortline 1.2L
Mumbai,2011,Diesel,Automatic,First,22.69,1995,5,10.5,BMW,3 Series 320d
Kochi,2013,Petrol,Manual,First,16.95,1498,5,3.97,Nissan,Sunny 2011-2014 XL
Chennai,2017,Petrol,Automatic,First,24.07,998,5,4.25,Maruti,Alto K10 VXI AGS
Coimbatore,2016,Petrol,Manual,First,21.1,1197,5,6.17,Maruti,Ritz ZXI
Coimbatore,2016,Diesel,Automatic,First,14.16,1968,5,38.72,Audi,Q5 30 TDI quattro Premium Plus
Hyderabad,2013,Diesel,Manual,First,16.8,1493,5,6.5,Hyundai,Verna CRDi SX
Jaipur,2013,Diesel,Manual,Second,25.8,1498,5,4.25,Honda,Amaze S i-Dtech
Kolkata,2014,Diesel,Manual,First,26.0,1498,5,4.75,Honda,City i DTEC SV
Kochi,2014,Diesel,Automatic,First,12.9,2755,7,17.71,Toyota,Fortuner TRD Sportivo 2.8 2WD AT
Jaipur,2015,Diesel,Manual,First,20.34,1498,5,5.85,Volkswagen,Vento 1.5 TDI Highline
Coimbatore,2011,Diesel,Automatic,First,22.48,1995,5,17.27,BMW,5 Series 520d Luxury Line
Hyderabad,2007,Diesel,Automatic,First,16.07,1995,5,9.25,BMW,3 Series 320d Sedan
Ahmedabad,2017,Petrol,Automatic,First,13.0,1591,5,12.75,Hyundai,Creta 1.6 SX Plus Petrol Automatic
Pune,2016,Diesel,Automatic,Second,21.76,1995,5,27.0,BMW,3 Series Luxury Line
Bangalore,2013,Diesel,Automatic,Second,14.84,2143,5,21.0,Mercedes-Benz,New C-Class C 220 CDI BE Avantgare
Hyderabad,2017,Diesel,Manual,First,26.59,1248,5,7.95,Maruti,Swift Dzire VDI
Hyderabad,2015,Petrol,Manual,Second,23.1,998,5,4.5,Maruti,Celerio ZXI
Mumbai,2017,Diesel,Automatic,First,19.59,1995,5,33.75,BMW,3 Series 320d GT Luxury Line
Delhi,2010,Diesel,Automatic,First,11.33,4134,7,17.51,Audi,Q7 4.2 TDI Quattro Technology
Kochi,2017,Petrol,Manual,First,18.2,1199,5,6.8,Honda,Jazz V
Coimbatore,2014,Petrol,Manual,First,25.4,624,4,1.68,Tata,Nano Cx BSIV
Chennai,2016,Petrol,Manual,First,24.7,796,5,2.9,Maruti,Alto 800 2016-2019 LXI
Mumbai,2014,Petrol,Manual,First,22.5,998,5,3.16,Maruti,Wagon R VXI
Jaipur,2014,Diesel,Manual,First,24.4,1120,5,3.9,Hyundai,Xcent 1.1 CRDi Base
Delhi,2010,Petrol,Manual,Second,17.8,1199,5,1.95,Chevrolet,Beat LT
Kochi,2015,Diesel,Automatic,First,16.36,2179,5,26.52,Jaguar,XF 2.2 Litre Luxury
Chennai,2010,Diesel,Automatic,First,18.33,1968,5,9.0,Volkswagen,Passat Diesel Highline 2.0 TDI
Hyderabad,2012,Diesel,Manual,First,21.27,1396,5,4.5,Hyundai,i20 Asta 1.4 CRDi
Chennai,2008,Diesel,Manual,First,10.5,2835,6,8.75,Mitsubishi,Pajero 2.8 SFX
Chennai,2018,Diesel,Automatic,First,24.3,1248,5,11.5,Maruti,Vitara Brezza ZDi Plus AMT Dual Tone
Delhi,2016,Petrol,Manual,First,24.07,998,5,3.0,Maruti,Alto K10 LXI
Coimbatore,2015,Petrol,Manual,First,21.1,814,5,3.79,Hyundai,EON Magna Plus
Ahmedabad,2015,Diesel,Manual,First,28.09,1248,5,6.0,Maruti,Ciaz VDi Plus SHVS
Bangalore,2016,Diesel,Manual,First,19.67,1582,5,13.25,Hyundai,Creta 1.6 CRDi SX Option
Delhi,2012,Diesel,Automatic,First,17.2,1968,5,8.0,Skoda,Superb Ambition 2.0 TDI CR AT
Hyderabad,2015,Diesel,Manual,First,20.14,1498,5,5.8,Volkswagen,Polo 1.5 TDI Highline
Hyderabad,2013,Diesel,Manual,Second,12.99,2494,7,13.5,Toyota,Innova 2.5 VX (Diesel) 7 Seater
Pune,2014,Diesel,Automatic,First,14.21,2143,5,25.0,Mercedes-Benz,E-Class 2009-2013 E250 CDI Elegance
Kochi,2016,Diesel,Manual,First,20.14,1498,5,5.49,Volkswagen,Polo 1.5 TDI Highline
Hyderabad,2013,Diesel,Automatic,First,17.32,1968,5,19.0,Audi,Q3 2.0 TDI
Kolkata,2011,Petrol,Manual,First,18.5,1197,5,2.5,Hyundai,i20 1.2 Magna
Kolkata,2015,Petrol,Manual,Second,19.81,1086,5,3.0,Hyundai,i10 Sportz 1.1L
Kochi,2018,Diesel,Manual,First,24.7,1047,5,6.64,Tata,Tigor 1.05 Revotorq XT
Kochi,2017,Petrol,Manual,First,21.1,814,5,3.21,Hyundai,EON Era
Chennai,2009,Petrol,Manual,Second,17.92,1086,5,1.55,Hyundai,Santro Xing GLS
Hyderabad,2011,Petrol,Manual,First,17.92,1086,5,2.59,Hyundai,Santro Xing GLS
Chennai,2008,Diesel,Manual,Second,12.7,2609,8,4.0,Mahindra,Scorpio SLX
Jaipur,2010,Petrol,Manual,First,17.4,1497,5,3.87,Honda,City i-VTEC S
Bangalore,2017,Diesel,Manual,First,24.3,1248,5,9.75,Maruti,Vitara Brezza ZDi
Kochi,2019,Diesel,Automatic,First,17.11,1968,5,32.91,Audi,A4 35 TDI Technology Edition
Chennai,2011,Diesel,Automatic,Second,14.21,2143,5,16.75,Mercedes-Benz,E-Class 2009-2013 E250 CDI Elegance
Jaipur,2007,Petrol,Manual,First,13.5,1799,5,1.9,Honda,Civic 2006-2010 1.8 MT Sport
Kochi,2017,Petrol,Manual,First,18.6,1197,5,6.59,Hyundai,i20 Magna 1.2
Coimbatore,2017,Diesel,Automatic,First,15.73,1968,5,31.93,Audi,Q3 35 TDI Quattro Premium Plus
Jaipur,2014,Diesel,Manual,First,25.1,1498,5,7.25,Honda,City i DTEC VX
Pune,2008,Petrol,Manual,First,19.81,1086,5,1.9,Hyundai,i10 Era 1.1 iTech SE
Kolkata,2015,Diesel,Manual,First,25.2,1248,5,3.55,Maruti,Swift VDI BSIV
Hyderabad,2012,Diesel,Automatic,First,11.4,2953,7,9.25,Ford,Endeavour 3.0L 4X4 AT
Kochi,2009,Petrol,Manual,First,13.8,1299,5,1.65,Ford,Ikon 1.3 Flair
Coimbatore,2019,Diesel,Automatic,First,20.68,1995,5,36.64,BMW,X1 sDrive 20d xLine
Mumbai,2011,Diesel,Automatic,Second,14.21,2143,5,16.0,Mercedes-Benz,E-Class 2009-2013 E250 CDI Classic
Kochi,2019,CNG,Manual,First,15.1,1196,5,5.38,Maruti,Eeco 5 STR With AC Plus HTR CNG
Ahmedabad,2014,Diesel,Manual,First,25.8,1498,5,4.35,Honda,Amaze S i-Dtech
Hyderabad,2006,Petrol,Manual,Second,17.3,993,5,1.2,Maruti,Zen LXi - BS III
Jaipur,2013,Petrol,Manual,Second,18.5,1197,5,4.1,Hyundai,i20 Magna
Chennai,2009,Diesel,Automatic,First,11.0,2993,5,18.75,BMW,X5 3.0d
Coimbatore,2017,Diesel,Manual,First,19.67,1582,5,13.78,Hyundai,Creta 1.6 CRDi SX Option
Kolkata,2016,Diesel,Manual,First,26.59,1248,5,4.0,Maruti,Swift Dzire LDI
Jaipur,2013,Diesel,Manual,First,22.9,1248,5,4.33,Maruti,Swift VDI
Kochi,2015,Diesel,Manual,First,24.0,1186,5,5.43,Hyundai,Grand i10 1.2 CRDi Asta
Mumbai,2016,Petrol,Manual,First,18.16,1196,5,4.9,Ford,Figo Aspire 1.2 Ti-VCT Trend
Chennai,2017,Diesel,Automatic,First,15.97,2993,5,70.0,BMW,X5 X5 M
Kolkata,2016,Diesel,Automatic,First,11.78,2143,5,25.5,Mercedes-Benz,New C-Class C 220 CDI Celebration Edition
Ahmedabad,2015,Petrol,Automatic,First,18.9,1197,5,5.1,Hyundai,Grand i10 AT Asta
Hyderabad,2013,Diesel,Manual,First,22.32,1582,5,6.7,Hyundai,Verna 1.6 SX CRDi (O)
Hyderabad,2013,Diesel,Automatic,First,16.73,2993,5,26.5,BMW,5 Series 525d Sedan
Ahmedabad,2013,Diesel,Manual,First,23.08,1461,5,3.9,Nissan,Micra Diesel XV Premium
Pune,2010,Petrol,Manual,Second,15.5,1586,5,2.7,Maruti,SX4 ZXI MT BSIV
Hyderabad,2011,Diesel,Manual,First,21.12,1248,5,2.95,Tata,Manza Aura Quadrajet BS IV
Ahmedabad,2015,Diesel,Automatic,First,16.55,1968,5,23.0,Audi,A4 2.0 TDI Multitronic
Pune,2009,Diesel,Manual,Second,17.8,1248,5,2.49,Maruti,Swift Ldi BSIV
Jaipur,2015,Diesel,Manual,First,25.2,1248,5,4.5,Maruti,Swift LDI Optional
Delhi,2011,Diesel,Manual,First,21.43,1364,5,4.5,Toyota,Corolla Altis Diesel D4DJ
Hyderabad,2015,Diesel,Manual,First,27.3,1498,5,6.9,Honda,Jazz 1.5 VX i DTEC
Kochi,2010,Petrol,Automatic,First,7.94,4395,4,20.72,BMW,6 Series 650i Coupe
Jaipur,2010,Petrol,Manual,First,16.25,1198,5,2.21,Skoda,Fabia 1.2 Petrol Active
Jaipur,2001,Petrol,Manual,Third,0.0,1242,5,0.55,Fiat,Siena 1.2 ELX
Mumbai,2011,Diesel,Automatic,Second,12.35,2179,5,13.9,Land,Rover Freelander 2 HSE
Pune,2010,Petrol,Manual,First,15.3,1596,5,1.46,Ford,Fiesta 1.6 ZXi Duratec
Pune,2012,Diesel,Automatic,First,19.08,1582,5,6.0,Hyundai,Verna SX CRDi AT
Jaipur,2016,Petrol,Manual,First,21.7,999,5,3.0,Renault,KWID 1.0 RXT Optional
Delhi,2012,Diesel,Manual,First,22.3,1248,5,3.5,Tata,Indica Vista Quadrajet 90 ZX Plus
Kochi,2018,Diesel,Manual,First,21.19,1396,5,7.59,Hyundai,i20 Active 1.4 SX
Mumbai,2009,Petrol,Manual,Second,15.0,1586,5,1.99,Maruti,SX4 Zxi BSIII
Hyderabad,2016,Petrol,Manual,First,25.17,799,5,3.8,Renault,KWID RXT
Bangalore,2013,Diesel,Manual,First,11.68,2498,7,4.0,Mahindra,Xylo E4 ABS BS III
Bangalore,2013,Petrol,Manual,Second,21.1,814,5,2.95,Hyundai,EON D Lite Plus
Delhi,2013,Diesel,Manual,First,25.8,1498,5,3.75,Honda,Amaze VX i-DTEC
Kolkata,2010,Diesel,Manual,First,22.07,1199,5,2.5,Volkswagen,Polo Diesel Highline 1.2L
Pune,2011,Petrol,Manual,First,17.0,1497,5,3.75,Honda,City 1.5 V MT
Pune,2015,Diesel,Automatic,First,12.55,2982,7,22.0,Toyota,Fortuner 4x2 AT
Kochi,2017,Petrol,Manual,First,18.0,1198,5,6.14,Honda,Amaze E i-Vtech
Pune,2015,Diesel,Automatic,First,20.58,1995,5,16.0,BMW,1 Series 118d Base
Hyderabad,2014,Petrol,Automatic,First,23.1,998,5,3.75,Maruti,Celerio VXI AT
Mumbai,2015,Diesel,Manual,First,12.99,2494,8,11.75,Toyota,Innova 2.5 GX (Diesel) 8 Seater
Pune,2013,Diesel,Automatic,Second,16.36,2179,5,24.0,Jaguar,XF 2.2 Litre Luxury
Hyderabad,2017,Petrol,Manual,First,17.5,1199,5,8.9,Honda,WRV i-VTEC VX
Chennai,2012,Diesel,Automatic,Third,17.05,1995,5,10.0,BMW,X1 sDrive20d
Mumbai,2014,Petrol,Automatic,First,14.3,1598,5,5.55,Skoda,Rapid 1.6 MPI AT Elegance
Kochi,2012,Petrol,Manual,First,16.09,1598,5,3.59,Volkswagen,Vento 1.6 Comfortline
Coimbatore,2019,Diesel,Manual,First,22.77,1498,5,11.13,Ford,EcoSport 1.5 TDCi Trend Plus BE
Jaipur,2012,Diesel,Manual,First,15.1,2179,7,7.2,Mahindra,XUV500 W6 2WD
Mumbai,2014,Diesel,Manual,First,18.6,1388,5,2.98,Ford,Fiesta Classic 1.4 Duratorq LXI
Pune,2010,Petrol,Manual,Second,17.92,1086,5,1.7,Hyundai,Santro Xing GLS
Delhi,2015,Diesel,Automatic,First,12.0,2987,7,52.0,Mercedes-Benz,GL-Class 2007 2012 350 CDI Luxury
Pune,2003,Petrol,Manual,First,19.7,796,5,0.95,Maruti,Alto LXi BSII
Mumbai,2016,Petrol,Manual,First,17.8,1497,5,9.25,Honda,City i VTEC VX Option
Bangalore,2014,Diesel,Automatic,First,13.01,2199,7,16.25,Hyundai,Santa Fe 2WD AT
Kolkata,2015,Diesel,Automatic,First,17.9,2143,5,20.99,Mercedes-Benz,GLA Class 200 CDI SPORT
Chennai,2005,Diesel,Manual,Second,12.8,2494,8,4.25,Toyota,Innova 2.5 G4 Diesel 8-seater
Bangalore,2008,Diesel,Automatic,Second,16.07,1995,5,7.2,BMW,3 Series 320d Sedan
Hyderabad,2011,Petrol,Manual,First,18.6,1197,5,4.4,Maruti,Swift ZXI
Pune,2011,Petrol,Manual,Second,15.04,1598,5,4.25,Volkswagen,Vento Petrol Highline
Ahmedabad,2012,Petrol,Manual,First,16.02,1373,7,5.35,Maruti,Ertiga VXI
Coimbatore,2016,Petrol,Automatic,Second,18.9,1197,5,6.3,Hyundai,Grand i10 AT Asta
Delhi,2017,Diesel,Manual,First,19.67,1582,5,12.5,Hyundai,Creta 1.6 CRDi SX
Ahmedabad,2008,Diesel,Automatic,Second,16.77,2967,5,7.5,Audi,A6 3.0 TDI quattro
Delhi,2016,Diesel,Manual,First,16.0,1997,7,11.25,Mahindra,XUV500 W8 1.99 mHawk
Mumbai,2016,Petrol,Automatic,First,16.05,1499,5,7.65,Ford,EcoSport 1.5 Ti VCT AT Titanium BE
Mumbai,2016,Diesel,Manual,First,24.4,1120,5,4.5,Hyundai,Xcent 1.1 CRDi Base
Hyderabad,2014,Diesel,Automatic,First,21.21,1498,5,7.5,Volkswagen,Vento 1.5 TDI Comfortline AT
Kochi,2004,Petrol,Automatic,First,13.0,2987,5,7.1,Mercedes-Benz,S-Class 280 AT
Mumbai,2010,Petrol,Manual,First,20.36,1197,5,2.25,Hyundai,i10 Magna
Hyderabad,2015,Diesel,Automatic,First,17.11,1968,5,27.0,Audi,A4 35 TDI Technology Edition
Pune,2012,Diesel,Manual,Second,21.9,1396,5,4.18,Hyundai,i20 Sportz 1.4 CRDi
Chennai,2013,Diesel,Manual,First,23.5,1396,5,6.5,Hyundai,Verna 1.4 EX
Delhi,2010,Petrol,Manual,First,17.0,1497,5,3.15,Honda,City 1.5 V MT
Pune,2016,Diesel,Manual,First,25.47,1248,7,7.64,Maruti,Ertiga VDI
Hyderabad,2011,Petrol,Manual,First,19.7,796,5,2.4,Maruti,Alto LXi BSII
Mumbai,2016,Petrol,Automatic,First,20.51,998,5,4.25,Maruti,Wagon R AMT VXI
Kochi,2016,Diesel,Automatic,First,19.08,1582,5,9.31,Hyundai,Verna 1.6 CRDi AT SX
Bangalore,2011,Petrol,Manual,First,19.7,796,5,2.39,Maruti,Alto LXi BSIII
Kochi,2018,Petrol,Manual,Second,16.09,1598,5,7.64,Volkswagen,Vento 1.6 Comfortline
Delhi,2016,Petrol,Manual,First,21.4,1197,5,6.21,Maruti,Baleno Zeta 1.2
Jaipur,2012,Diesel,Automatic,First,0.0,2179,5,16.5,Land,Rover Freelander 2 TD4 SE
Kochi,2011,Petrol,Automatic,First,13.7,1997,5,8.22,Honda,CR-V 2.0L 2WD AT
Coimbatore,2017,Diesel,Manual,First,14.24,2755,7,28.85,Toyota,Fortuner 2.8 2WD MT
Mumbai,2015,Petrol,Automatic,First,15.6,1497,5,8.5,Honda,City V AT
Bangalore,2014,Petrol,Automatic,Second,12.0,5461,2,90.0,Mercedes-Benz,SLK-Class 55 AMG
Mumbai,2015,Petrol,Manual,First,17.4,1497,5,6.51,Honda,City i-VTEC S
Mumbai,2013,Diesel,Manual,First,22.9,1248,5,4.65,Maruti,Swift VDI
Kochi,2013,Petrol,Automatic,First,14.53,1794,5,8.4,Toyota,Corolla Altis 2008-2013 1.8 VL AT
Bangalore,2014,Diesel,Manual,First,23.59,1364,5,5.75,Toyota,Etios Cross 1.4L VD
Jaipur,2006,Petrol,Manual,First,18.9,998,5,1.11,Maruti,Wagon R LX
Mumbai,2014,Petrol,Automatic,First,12.0,1991,5,17.25,Mercedes-Benz,E-Class 2015-2017 E 200 CGI
Delhi,2012,Diesel,Automatic,First,16.36,2179,5,32.0,Jaguar,XF Aero Sport Edition
Kochi,2011,Petrol,Manual,First,17.0,1197,5,3.45,Hyundai,i20 Sportz Petrol
Pune,2014,Diesel,Automatic,Second,12.39,2179,5,23.0,Land,Rover Freelander 2 SE
Kochi,2018,Petrol,Manual,First,18.6,1197,5,7.32,Hyundai,Elite i20 Petrol Sportz
Jaipur,2014,Petrol,Manual,First,18.0,1198,5,4.4,Honda,Amaze S i-Vtech
Bangalore,2015,Diesel,Automatic,First,0.0,2987,5,47.35,Mercedes-Benz,M-Class ML 350 4Matic
Coimbatore,2016,Petrol,Manual,First,22.74,796,5,4.12,Maruti,Alto 800 VXI
Chennai,2016,Diesel,Automatic,First,11.36,2755,7,19.5,Toyota,Innova Crysta 2.8 ZX AT
Hyderabad,2016,Petrol,Automatic,First,18.9,1197,5,6.2,Hyundai,Grand i10 AT Asta
Bangalore,2016,Diesel,Automatic,First,16.55,2993,5,45.0,BMW,X3 xDrive30d M Sport
Hyderabad,1998,Petrol,Manual,Second,15.0,970,5,0.85,Maruti,1000 AC
Chennai,2010,Petrol,Manual,Second,18.5,1197,5,2.8,Hyundai,i20 Magna
Pune,2015,Petrol,Automatic,First,18.9,1197,5,4.8,Hyundai,Grand i10 AT Asta
Hyderabad,2014,Diesel,Manual,First,25.01,1498,5,5.65,Ford,Fiesta 1.5 TDCi Titanium
Ahmedabad,2011,Diesel,Manual,Second,15.0,2148,5,14.5,Mercedes-Benz,E-Class 220 CDI
Ahmedabad,2015,Diesel,Manual,First,26.59,1248,5,5.9,Maruti,Swift Dzire VDI
Pune,2015,Diesel,Manual,Second,23.59,1364,5,5.0,Toyota,Etios VXD
Ahmedabad,2015,Petrol,Manual,First,19.1,1197,5,4.9,Hyundai,Xcent 1.2 Kappa Base
Ahmedabad,2009,Petrol,Manual,First,13.5,1799,5,4.25,Honda,Civic 2006-2010 1.8 S MT
Chennai,2014,Diesel,Manual,First,12.99,2494,8,10.9,Toyota,Innova 2.5 GX (Diesel) 8 Seater
Delhi,2012,Petrol,Manual,First,13.2,1495,5,2.45,Hyundai,Accent GLE
Pune,2013,Petrol,Manual,First,22.74,796,5,2.5,Maruti,Alto 800 LXI
Kolkata,2010,Petrol,Automatic,First,8.1,5461,2,29.5,Mercedes-Benz,SL-Class SL 500
Jaipur,2013,Diesel,Manual,Second,22.7,1498,5,5.75,Ford,Ecosport 1.5 DV5 MT Titanium Optional
Pune,2018,Petrol,Manual,First,20.14,1197,5,5.0,Hyundai,Xcent 1.2 VTVT E
Kochi,2014,Petrol,Automatic,First,14.3,1598,5,4.62,Skoda,Rapid 1.6 MPI AT Ambition Plus
Delhi,2016,Diesel,Automatic,First,15.73,1968,5,23.5,Audi,Q3 2012-2015 35 TDI Quattro Premium Plus
Kolkata,2013,Diesel,Manual,First,16.0,2179,7,7.25,Mahindra,XUV500 W8 2WD
Kochi,2019,Petrol,Manual,First,17.0,1591,5,11.88,Hyundai,Verna VTVT 1.6 SX Option
Chennai,2009,Petrol,Manual,Third,13.9,1599,5,2.25,Hyundai,Verna Xi (Petrol)
Pune,2003,Petrol,Manual,Second,14.2,1597,5,0.85,Ford,Ikon 1.6 CLXI
Pune,2018,Petrol,Manual,First,19.69,1198,5,4.0,Nissan,Micra Active XV
Pune,2016,Petrol,Automatic,First,16.5,1198,5,5.1,Honda,Brio VX AT
Hyderabad,2014,Diesel,Manual,First,12.99,2494,7,12.5,Toyota,Innova 2.5 GX (Diesel) 7 Seater
Chennai,2011,Diesel,Manual,First,20.64,1498,5,2.9,Volkswagen,Vento 1.5 TDI Highline
Coimbatore,2016,Diesel,Manual,First,16.0,2179,7,15.96,Mahindra,XUV500 W10 AWD
Mumbai,2015,Petrol,Automatic,First,16.9,1197,5,5.45,Hyundai,Xcent 1.2 Kappa AT SX Option
Kochi,2017,Diesel,Manual,First,13.5,2198,7,23.86,Ford,Endeavour 2.2 Trend MT 4X4
Kochi,2008,Petrol,Manual,First,18.0,995,5,1.75,Chevrolet,Spark 1.0 LT
Hyderabad,2017,Diesel,Manual,First,24.52,1248,7,9.75,Maruti,Ertiga SHVS VDI
Bangalore,2013,Diesel,Manual,First,25.8,1498,5,4.75,Honda,Amaze S i-Dtech
Delhi,2014,Petrol,Manual,First,17.4,1497,5,6.25,Honda,City i VTEC S
Bangalore,2014,Diesel,Automatic,Second,23.8,1998,5,22.0,Mini,Cooper Countryman D
Kochi,2016,Petrol,Automatic,First,14.53,1794,5,14.14,Toyota,Corolla Altis 2008-2013 1.8 VL AT
Kolkata,2005,Petrol,Manual,First,17.0,1086,5,0.95,Hyundai,Santro Xing XL eRLX Euro III
Delhi,2014,Petrol,Automatic,First,13.7,1798,5,11.95,Skoda,Superb Elegance 1.8 TSI AT
Delhi,2011,Petrol,Manual,First,18.9,998,5,2.5,Maruti,Wagon R LXI BS IV
Mumbai,2013,Petrol,Manual,First,19.81,1086,5,2.75,Hyundai,i10 Era 1.1
Coimbatore,2019,Petrol,Manual,First,23.84,1199,5,5.85,Tata,Tiago 1.2 Revotron XT Option
Ahmedabad,2016,Petrol,Manual,First,21.4,1197,5,6.25,Maruti,Baleno Zeta 1.2
Mumbai,2014,Petrol,Manual,First,15.04,1598,5,4.95,Volkswagen,Vento 1.6 Highline
Pune,2017,Petrol,Manual,First,18.9,1197,5,4.75,Hyundai,Grand i10 1.2 Kappa Sportz Option
Delhi,2013,Diesel,Manual,First,20.0,1399,5,2.55,Ford,Figo Diesel EXI
Pune,2011,Petrol,Automatic,Second,13.9,1799,5,4.5,Honda,Civic 2010-2013 1.8 V AT Sunroof
Kochi,2015,Petrol,Manual,First,22.74,796,5,3.01,Maruti,Alto 800 LXI
Hyderabad,2016,Diesel,Automatic,First,15.68,1999,5,42.0,Land,Rover Range Rover Evoque 2.0 TD4 HSE Dynamic
Kolkata,2010,Diesel,Automatic,First,12.4,2698,5,11.5,Audi,A6 2.7 TDI
Hyderabad,2006,Diesel,Automatic,First,11.0,2987,5,10.99,Mercedes-Benz,E-Class 280 CDI
Jaipur,2009,Petrol,Automatic,First,17.0,1497,5,3.71,Honda,City 1.5 V AT Exclusive
Jaipur,2006,Petrol,Automatic,Third,10.1,2354,5,2.0,Honda,CR-V 2.4 4WD AT
Kochi,2018,Diesel,Manual,First,28.09,1248,5,9.48,Maruti,Ciaz 1.3 Alpha
Jaipur,2004,Petrol,Manual,Second,18.9,998,5,1.25,Maruti,Wagon R LXI
Jaipur,2015,Diesel,Manual,First,19.67,1582,5,10.9,Hyundai,Creta 1.6 CRDi SX Option
Kolkata,2015,Diesel,Manual,First,28.09,1248,5,5.5,Maruti,Ciaz VDi Plus SHVS
Coimbatore,2016,Petrol,Manual,First,21.1,814,5,3.71,Hyundai,EON D Lite Plus
Mumbai,2014,Petrol,Manual,First,16.02,1373,7,6.25,Maruti,Ertiga VXI
Chennai,2012,Diesel,Manual,First,20.54,1598,5,4.9,Volkswagen,Vento Diesel Highline
Mumbai,2005,Petrol,Manual,Second,12.8,1493,5,1.1,Honda,City 1.5 GXI
Kochi,2016,Petrol,Manual,First,16.47,1198,5,4.72,Volkswagen,Polo Petrol Trendline 1.2L
Kochi,2017,CNG,Manual,First,33.44,796,4,3.7,Maruti,Alto 800 2016-2019 CNG LXI
Mumbai,2016,Diesel,Automatic,First,17.9,2143,5,24.85,Mercedes-Benz,GLA Class 200 CDI
Jaipur,2013,Diesel,Manual,First,14.66,2199,7,12.25,Hyundai,Santa Fe 4X2
Kolkata,2014,Diesel,Manual,First,22.9,1248,5,3.9,Maruti,Swift VDI
Kochi,2017,Petrol,Manual,First,18.6,1197,5,6.28,Hyundai,Elite i20 Sportz Plus
Mumbai,2011,Diesel,Manual,First,14.0,2498,8,2.75,Mahindra,Xylo E8 BS IV
Coimbatore,2017,Petrol,Manual,First,18.9,1197,5,7.85,Hyundai,Grand i10 Asta Option
Mumbai,2011,Petrol,Manual,First,15.04,1598,5,2.95,Volkswagen,Vento Petrol Highline
Mumbai,2008,Petrol,Automatic,Second,11.7,2354,5,4.85,Honda,Accord 2.4 A/T
Bangalore,2011,Diesel,Automatic,Second,13.5,2925,5,30.0,Mercedes-Benz,S-Class S 350 d
Bangalore,2016,Diesel,Automatic,First,15.0,2143,5,19.9,Mercedes-Benz,B Class B200 CDI
Bangalore,2016,Diesel,Manual,First,20.5,1582,5,10.8,Hyundai,Creta 1.6 SX Option Diesel
Hyderabad,2007,Petrol,Manual,First,19.7,796,5,1.75,Maruti,Alto LXI
Mumbai,2016,Diesel,Automatic,First,20.38,1968,5,19.25,Audi,A3 35 TDI Premium
Delhi,2013,Diesel,Manual,First,19.87,1461,5,5.5,Renault,Duster 85PS Diesel RxL
Chennai,2009,Diesel,Manual,First,17.8,1399,5,2.75,Ford,Fiesta 1.4 ZXi TDCi ABS
Bangalore,2015,Diesel,Manual,First,19.67,1582,5,13.0,Hyundai,Creta 1.6 SX Plus Diesel
Mumbai,2011,Diesel,Manual,First,20.0,1399,5,3.2,Ford,Figo Diesel ZXI
Coimbatore,2013,Petrol,Manual,First,15.26,1598,5,5.84,Volkswagen,Polo Petrol Highline 1.6L
Hyderabad,2015,Diesel,Automatic,Second,16.8,1969,5,24.0,Volvo,V40 D3 R Design
Chennai,2012,Diesel,Automatic,First,19.08,1582,5,6.25,Hyundai,Verna SX CRDi AT
Hyderabad,2009,Diesel,Automatic,First,14.49,2993,5,36.0,BMW,7 Series 2007-2012 730Ld
Chennai,2003,Diesel,Manual,Third,14.8,1998,5,3.0,Mitsubishi,Lancer GLXD
Chennai,2010,Diesel,Manual,First,11.5,2982,7,11.0,Toyota,Fortuner 3.0 Diesel
Chennai,2015,Diesel,Manual,First,26.21,1248,5,6.5,Maruti,Ciaz VDi Plus
Hyderabad,2018,Diesel,Manual,First,24.3,1248,5,9.4,Maruti,Vitara Brezza VDi Option
Kochi,2018,Diesel,Automatic,First,21.76,1995,5,37.92,BMW,3 Series Luxury Line
Pune,2013,Petrol,Automatic,First,14.4,1598,5,5.25,Volkswagen,Vento Petrol Highline AT
Chennai,2011,Petrol,Manual,First,17.0,1197,5,4.5,Hyundai,i20 1.2 Asta
Chennai,2009,Diesel,Automatic,First,11.0,2993,5,18.0,BMW,X5 3.0d
Coimbatore,2015,Petrol,Manual,First,19.1,1197,5,5.56,Hyundai,Xcent 1.2 Kappa S
Bangalore,2013,Diesel,Automatic,First,14.21,2143,5,22.0,Mercedes-Benz,E-Class 2009-2013 E250 CDI Blue Efficiency
Hyderabad,2011,Diesel,Automatic,First,12.39,2179,5,22.0,Land,Rover Freelander 2 SE
Mumbai,2011,Petrol,Manual,First,20.36,1197,5,2.65,Hyundai,i10 Magna
Jaipur,2013,Diesel,Manual,Second,22.32,1582,5,5.85,Hyundai,Verna 1.6 SX CRDi (O)
Chennai,2012,Diesel,Manual,First,19.33,1968,5,6.95,Volkswagen,Jetta 2012-2014 2.0L TDI Highline
Kolkata,2012,Diesel,Manual,First,15.1,2179,7,6.5,Mahindra,XUV500 W8 2WD
Jaipur,2004,Petrol,Manual,Third,19.7,796,8,0.85,Maruti,Omni 8 Seater BSII
Delhi,2013,Petrol,Automatic,Second,14.67,1798,5,7.25,Skoda,Superb Style 1.8 TSI AT
Pune,2012,Diesel,Manual,First,22.9,1248,5,4.5,Maruti,Swift VDI
Mumbai,2010,Diesel,Manual,First,10.5,2179,8,4.25,Mahindra,Scorpio 2.6 LX
Chennai,2016,Petrol,Automatic,First,13.7,1991,5,26.0,Mercedes-Benz,GLA Class 200 Sport Edition
Coimbatore,2017,Diesel,Manual,First,16.55,2498,6,9.66,Mahindra,Thar CRDe
Bangalore,2013,Diesel,Manual,Second,19.01,1461,5,6.85,Renault,Duster 110PS Diesel RxZ
Coimbatore,2013,Diesel,Automatic,First,12.8,1968,5,23.68,Audi,Q5 2008-2012 2.0 TDI
Delhi,2013,Diesel,Automatic,Second,12.39,2179,5,15.75,Land,Rover Freelander 2 SE
Pune,2012,Diesel,Manual,Third,20.54,1598,5,3.5,Volkswagen,Vento Diesel Comfortline
Delhi,2006,Petrol,Automatic,Second,11.62,2979,5,6.99,BMW,5 Series 2003-2012 540i Sedan
Coimbatore,2019,Diesel,Manual,First,22.7,1582,5,15.57,Hyundai,Elantra CRDi SX
Coimbatore,2015,Diesel,Manual,First,15.3,2956,7,5.29,Tata,Sumo EX
Kolkata,2016,Petrol,Manual,First,22.7,799,5,2.25,Datsun,redi-GO T
Chennai,2009,Diesel,Automatic,First,11.7,2993,5,20.0,BMW,X5 xDrive 30d
Mumbai,2011,Petrol,Automatic,First,7.94,4395,4,47.5,BMW,6 Series 630i Coupe
Chennai,2002,Petrol,Manual,Second,18.9,1061,5,1.22,Maruti,Alto Vxi 1.1
Chennai,2012,Petrol,Manual,First,16.47,1198,5,3.65,Volkswagen,Polo Petrol Comfortline 1.2L
Pune,2016,Petrol,Manual,First,20.62,1198,7,3.1,Datsun,GO Plus A
Bangalore,2016,Petrol,Manual,First,15.29,1591,5,11.5,Hyundai,Creta 1.6 VTVT S
Kochi,2015,Petrol,Manual,First,24.07,998,5,3.46,Maruti,Alto K10 VXI
Coimbatore,2013,Diesel,Manual,First,14.66,2199,7,8.38,Hyundai,Santa Fe 4X4
Pune,2014,Diesel,Manual,First,15.11,1598,5,4.8,Volkswagen,Polo GT TDI
Pune,2014,Diesel,Manual,Second,25.8,1498,5,4.5,Honda,Amaze S i-Dtech
Chennai,2004,Petrol,Manual,First,15.9,1298,5,0.8,Maruti,Esteem Vxi
Kolkata,2014,Diesel,Manual,First,22.9,1248,5,3.95,Maruti,Swift VDI
Hyderabad,2012,Diesel,Manual,First,20.5,1598,5,3.65,Skoda,Rapid 1.6 TDI Ambition
Mumbai,2005,Diesel,Automatic,First,11.0,2987,5,10.0,Mercedes-Benz,E-Class 280 CDI
Delhi,2011,Diesel,Manual,Second,12.05,2179,8,4.0,Mahindra,Scorpio SLE BSIV
Hyderabad,2012,Diesel,Manual,First,21.64,1461,5,4.75,Nissan,Sunny 2011-2014 Diesel XL
Bangalore,2009,Petrol,Manual,Second,17.5,1298,5,3.1,Maruti,Swift Dzire VXi
Kochi,2017,Petrol,Manual,First,21.1,814,5,3.61,Hyundai,EON Sportz
Coimbatore,2015,Petrol,Manual,First,19.4,1198,5,4.29,Honda,Brio S MT
Kolkata,2011,Petrol,Manual,First,18.06,1198,5,2.13,Nissan,Micra XV Primo
Mumbai,2008,Petrol,Manual,First,19.7,796,5,1.1,Maruti,Alto LXi BSII
Hyderabad,2011,Diesel,Automatic,First,22.69,1995,5,13.95,BMW,3 Series 320d
Mumbai,2014,Petrol,Manual,First,16.47,1198,5,5.35,Volkswagen,Polo 1.2 MPI Highline
Hyderabad,2014,Petrol,Manual,First,23.1,998,5,3.9,Maruti,Celerio LXI
Kolkata,2014,Petrol,Manual,First,21.5,1197,5,2.8,Maruti,Wagon R VXI 1.2
Mumbai,2016,Diesel,Manual,First,26.21,1248,5,8.75,Maruti,Ciaz ZDi Plus
Hyderabad,2013,Diesel,Automatic,First,16.55,1968,5,19.5,Audi,A4 2.0 TDI
Kolkata,2013,Petrol,Manual,First,19.4,1198,5,2.75,Honda,Brio S MT
Hyderabad,2013,Diesel,Automatic,First,11.79,2179,8,8.0,Mahindra,Scorpio VLX 2WD AT BSIV
Delhi,2014,Diesel,Manual,First,26.0,1498,5,5.7,Honda,City i DTEC V
Ahmedabad,2012,Diesel,Automatic,First,17.05,1995,5,12.5,BMW,X1 sDrive20d
Chennai,2011,Petrol,Manual,Second,18.0,995,5,1.75,Chevrolet,Spark 1.0 LT
Chennai,2010,Diesel,Manual,Second,20.0,1399,5,1.9,Ford,Figo Diesel EXI
Ahmedabad,2015,Petrol,Manual,First,20.4,1197,5,4.5,Maruti,Swift VXI BSIV
Mumbai,2015,Diesel,Automatic,First,19.27,2143,5,30.3,Mercedes-Benz,New C-Class C 220 CDI Avantgarde
Hyderabad,2014,Diesel,Automatic,First,19.3,1968,5,16.0,Skoda,Octavia Elegance 2.0 TDI AT
Kochi,2017,Diesel,Automatic,First,18.56,1995,5,32.78,BMW,X3 xDrive20d xLine
Jaipur,2015,Petrol,Manual,First,21.1,814,5,2.5,Hyundai,EON Era Plus
Hyderabad,2017,Diesel,Automatic,First,18.25,1968,5,43.0,Audi,A4 35 TDI Technology
Kochi,2017,Petrol,Manual,First,18.16,1196,5,5.38,Ford,Figo 2015-2019 1.2P Titanium MT
Hyderabad,2013,Petrol,Manual,First,20.92,998,5,2.65,Maruti,Alto K10 2010-2014 VXI
Hyderabad,2017,Petrol,Manual,First,24.7,796,5,3.3,Maruti,Alto 800 2016-2019 VXI
Hyderabad,2015,Diesel,Automatic,First,19.27,2143,5,34.0,Mercedes-Benz,New C-Class C 220 CDI Style
Chennai,2001,Petrol,Manual,Third,20.3,1086,5,0.7,Hyundai,Santro D Lite
Kochi,2017,Diesel,Manual,First,24.4,1120,5,6.83,Hyundai,Xcent 1.1 CRDi S
Kochi,2016,Diesel,Manual,First,25.8,1498,5,5.77,Honda,Amaze S i-Dtech
Chennai,2008,Diesel,Manual,Second,17.8,1248,5,3.1,Maruti,Swift Vdi BSIII
Mumbai,2017,Petrol,Manual,First,16.2,1199,5,4.95,Volkswagen,Polo 1.2 MPI Comfortline
Bangalore,2013,Diesel,Automatic,First,17.11,1968,5,16.25,Audi,A4 2.0 TDI 177 Bhp Premium Plus
Coimbatore,2012,Diesel,Automatic,First,10.2,4367,7,52.54,Land,Rover Range Rover 3.6 TDV8 Vogue SE
Chennai,2011,Diesel,Manual,Third,16.0,2179,7,6.4,Mahindra,XUV500 W8 2WD
Bangalore,2011,Diesel,Manual,Third,13.1,2499,7,6.95,Ford,Endeavour 2.5L 4X2
Kolkata,2008,Diesel,Manual,First,17.2,1396,5,0.85,Tata,Indica V2 DLX
Chennai,2016,Petrol,Manual,First,21.4,1197,5,6.95,Maruti,Baleno Alpha
Kolkata,2017,Diesel,Manual,First,24.4,1120,5,3.45,Hyundai,Xcent 1.1 CRDi Base
Delhi,2008,Petrol,Manual,First,13.5,1799,5,2.75,Honda,Civic 2006-2010 1.8 S MT
Delhi,2015,Petrol,Manual,Second,18.6,1197,5,4.95,Hyundai,i20 Sportz Option 1.2
Coimbatore,2018,Petrol,Manual,First,17.0,1198,5,9.62,Tata,Nexon 1.2 Revotron XZ Plus
Coimbatore,2016,Petrol,Manual,First,18.6,1197,5,6.79,Hyundai,i20 Sportz 1.2
Mumbai,2014,Petrol,Manual,First,19.1,1197,5,4.5,Maruti,Swift Dzire ZXI
Kochi,2014,Petrol,Manual,First,22.5,998,5,3.01,Maruti,Wagon R LXI
Bangalore,2012,Diesel,Manual,First,21.9,1396,5,4.4,Hyundai,i20 Sportz 1.4 CRDi
Hyderabad,2012,Diesel,Automatic,First,12.55,2982,7,17.49,Toyota,Fortuner 4x2 AT
Coimbatore,2014,Petrol,Manual,First,20.36,1197,5,4.66,Hyundai,i10 Sportz
Chennai,2015,Petrol,Manual,First,18.9,1197,5,5.5,Hyundai,Grand i10 Asta
Ahmedabad,2016,Petrol,Manual,First,18.6,1197,5,6.0,Hyundai,i20 Asta 1.2
Hyderabad,2007,Petrol,Automatic,First,17.0,1086,5,2.4,Hyundai,Santro Xing XL AT eRLX Euro II
Kochi,2018,Diesel,Manual,First,24.3,1248,5,10.19,Maruti,Vitara Brezza ZDi Plus
Kochi,2016,Diesel,Manual,First,25.8,1498,5,5.25,Honda,Amaze S i-Dtech
Hyderabad,2014,Diesel,Automatic,First,15.26,2143,5,45.0,Mercedes-Benz,M-Class ML 250 CDI
Ahmedabad,2010,Diesel,Manual,First,23.0,1396,5,2.7,Hyundai,i20 Sportz Diesel
Coimbatore,2013,Petrol,Manual,First,19.81,1086,5,3.39,Hyundai,i10 Era
Hyderabad,2014,Diesel,Manual,First,26.59,1248,5,5.69,Maruti,Swift Dzire VDI
Kochi,2018,Petrol,Automatic,First,10.37,2979,2,58.54,BMW,Z4 2009-2013 Roadster 2.5i
Hyderabad,2017,Diesel,Manual,First,27.39,1248,5,8.4,Maruti,Baleno Alpha Diesel
Hyderabad,2012,Diesel,Manual,First,25.44,936,5,2.5,Chevrolet,Beat Diesel
Pune,2012,Petrol,Manual,First,19.4,1198,5,3.25,Honda,Brio V MT
Mumbai,2014,Diesel,Manual,Second,20.0,1399,5,3.25,Ford,Figo Diesel Titanium
Pune,2016,Petrol,Automatic,First,23.1,998,5,4.25,Maruti,Celerio VXI AT
Jaipur,2014,Diesel,Automatic,First,14.84,2143,5,18.5,Mercedes-Benz,New C-Class C 220 CDI Elegance AT
Hyderabad,2007,Petrol,Automatic,First,17.0,1086,5,2.4,Hyundai,Santro Xing XL AT eRLX Euro III
Jaipur,2015,Petrol,Manual,First,19.4,1198,5,4.25,Honda,Brio S MT
Mumbai,2018,Petrol,Automatic,First,21.4,1197,5,8.85,Maruti,Baleno Alpha CVT
Coimbatore,2014,Petrol,Manual,First,21.1,814,5,4.14,Hyundai,EON Sportz
Hyderabad,2015,Diesel,Manual,First,23.0,1396,5,7.0,Hyundai,i20 1.4 CRDi Sportz
Hyderabad,2018,Diesel,Automatic,First,10.91,3198,7,33.0,Ford,Endeavour 3.2 Titanium AT 4X4
Ahmedabad,2017,Petrol,Manual,First,17.4,1497,5,10.0,Honda,City i-VTEC VX
Kochi,2012,Diesel,Manual,Second,21.5,1248,5,3.53,Maruti,SX4 ZDI
Jaipur,2007,Petrol,Manual,First,12.9,1598,5,1.35,Chevrolet,Optra Magnum 1.6 LS Petrol
Delhi,2013,Diesel,Manual,First,20.54,1598,5,4.5,Volkswagen,Vento Diesel Highline
Pune,2012,Petrol,Manual,First,16.8,1497,5,4.9,Honda,City V MT
Kochi,2016,Diesel,Manual,First,19.67,1582,5,12.26,Hyundai,Creta 1.6 CRDi SX Option
Mumbai,2014,Diesel,Manual,Second,24.4,1120,5,3.99,Hyundai,Xcent 1.1 CRDi SX
Mumbai,2017,Diesel,Automatic,First,17.9,2143,5,46.95,Mercedes-Benz,GLC 220d 4MATIC Style
Hyderabad,2015,Diesel,Manual,First,20.0,1399,5,3.8,Ford,Figo Diesel EXI
Ahmedabad,2013,Diesel,Manual,Second,15.0,1896,5,6.75,Volkswagen,Jetta 2007-2011 2.0 TDI Trendline
Coimbatore,2017,Diesel,Manual,First,18.49,1493,7,8.75,Mahindra,TUV 300 2015-2019 T8
Chennai,2013,Petrol,Manual,Second,15.8,1499,5,5.2,Ford,Ecosport 1.5 Ti VCT MT Titanium
Kochi,2017,Petrol,Manual,First,17.1,1591,5,8.42,Hyundai,Verna 1.6 SX VTVT (O)
Pune,2014,CNG,Manual,First,26.6,998,5,3.0,Maruti,Wagon R LXI CNG
Mumbai,2016,Petrol,Manual,First,18.6,1197,5,5.75,Hyundai,i20 Sportz 1.2
Kolkata,2008,Diesel,Automatic,First,15.2,1968,5,9.75,Audi,A4 New 2.0 TDI Multitronic
Delhi,2015,Petrol,Manual,First,19.49,1198,5,3.5,Nissan,Micra Active XV S
Jaipur,2014,Diesel,Automatic,First,15.26,2143,5,30.0,Mercedes-Benz,M-Class ML 250 CDI
Delhi,2017,Diesel,Automatic,First,12.83,2179,5,35.0,Land,Rover Discovery Sport TD4 S
Coimbatore,2018,Petrol,Manual,First,15.8,1591,5,13.25,Hyundai,Creta 1.6 SX Option Executive
Mumbai,2013,Diesel,Manual,First,20.5,1598,5,3.65,Skoda,Rapid 1.6 TDI Active
Jaipur,2015,Diesel,Manual,First,23.4,1248,5,5.25,Maruti,Swift Dzire VDI
Delhi,2016,Petrol,Manual,First,15.8,1591,5,9.7,Hyundai,Creta 1.6 SX
Coimbatore,2017,Diesel,Manual,First,24.0,1120,5,5.21,Hyundai,Grand i10 CRDi Sportz
Pune,2016,Diesel,Manual,First,18.49,1493,7,6.3,Mahindra,TUV 300 T8
Kochi,2014,Diesel,Manual,First,24.0,1120,5,4.72,Hyundai,Grand i10 CRDi Sportz
Chennai,2011,Diesel,Automatic,Second,11.7,2993,5,28.0,BMW,X5 xDrive 30d
Coimbatore,2018,Diesel,Automatic,First,28.4,1248,5,8.37,Maruti,Dzire AMT VDI
Delhi,2012,Diesel,Manual,First,12.55,2982,7,14.0,Toyota,Fortuner 4x4 MT
Hyderabad,2015,Diesel,Automatic,First,17.68,1968,5,36.0,Audi,A6 2011-2015 35 TDI Technology
Pune,2015,Diesel,Manual,First,27.3,1498,5,6.4,Honda,Jazz 1.5 V i DTEC
Coimbatore,2015,Diesel,Automatic,First,11.33,4134,7,51.69,Audi,Q7 4.2 TDI Quattro Technology
Jaipur,2014,Diesel,Manual,First,12.05,2179,7,8.0,Mahindra,Scorpio 2009-2014 VLX 2WD 7S BSIV
Hyderabad,2012,Diesel,Manual,First,18.3,1991,5,9.8,Chevrolet,Cruze LTZ
Hyderabad,2012,Diesel,Manual,First,25.44,936,5,2.7,Chevrolet,Beat Diesel LT
Coimbatore,2014,Diesel,Automatic,First,18.25,1968,5,24.37,Audi,A4 35 TDI Premium Plus
Kochi,2018,Petrol,Automatic,First,14.3,1598,5,9.72,Skoda,Rapid 1.6 MPI AT Style
Pune,2014,Diesel,Manual,First,23.4,1248,5,5.0,Maruti,Swift Dzire VDI
Pune,2009,Diesel,Manual,Second,11.5,2982,7,10.5,Toyota,Fortuner 3.0 Diesel
Jaipur,2012,Diesel,Manual,Second,22.9,1248,5,3.9,Maruti,Swift VDI
Coimbatore,2012,Petrol,Manual,First,17.0,1497,5,5.65,Honda,City 1.5 V MT Exclusive
Mumbai,2012,Diesel,Automatic,First,15.26,2143,5,29.95,Mercedes-Benz,M-Class ML 250 CDI
Bangalore,2008,Diesel,Manual,Second,17.8,1248,5,3.0,Maruti,Swift Ldi BSIII
Kolkata,2017,Diesel,Manual,First,26.1,1498,5,6.0,Ford,Aspire Titanium Diesel
Mumbai,2009,Petrol,Manual,First,20.36,1197,5,2.11,Hyundai,i10 Sportz
Jaipur,2011,Petrol,Manual,First,19.7,796,5,1.5,Maruti,Alto LXi
Coimbatore,2013,Diesel,Manual,First,23.59,1364,5,4.67,Toyota,Etios Liva GD
Bangalore,2006,Petrol,Manual,Second,20.4,1197,5,2.85,Maruti,Swift VXI BSIV
Coimbatore,2017,Diesel,Automatic,First,19.27,2143,5,33.64,Mercedes-Benz,New C-Class C 220 CDI Avantgarde
Hyderabad,2011,Diesel,Manual,Second,17.88,1396,5,0.91,Tata,Indica V2 DLE BSIII
Jaipur,2014,Petrol,Manual,Second,22.74,796,5,2.42,Maruti,Alto 800 VXI
Kolkata,2005,Petrol,Automatic,First,9.3,2771,5,3.25,Skoda,Superb 2.8 V6 AT
Kolkata,2013,Petrol,Manual,First,16.47,1198,5,2.8,Volkswagen,Polo Petrol Comfortline 1.2L
Coimbatore,2019,Petrol,Automatic,First,22.0,1197,5,8.3,Maruti,Dzire AMT ZXI Plus
Bangalore,2010,Diesel,Manual,Third,12.05,2179,8,5.25,Mahindra,Scorpio VLX
Jaipur,2010,Diesel,Manual,First,17.8,1248,5,2.9,Maruti,Swift Vdi BSIII
Pune,2013,Diesel,Automatic,First,18.88,1995,5,15.0,BMW,3 Series 320d Prestige
Jaipur,2012,Petrol,Manual,Second,25.4,624,4,0.53,Tata,Nano STD SE
Mumbai,2014,Diesel,Manual,First,12.99,2494,8,12.5,Toyota,Innova 2.5 VX (Diesel) 8 Seater
Mumbai,2012,Petrol,Manual,First,18.4,1198,5,2.75,Honda,Brio S Option MT
Pune,2018,Petrol,Automatic,First,23.84,1199,5,5.0,Tata,Tiago AMT 1.2 Revotron XZA
Kochi,2014,Diesel,Manual,First,12.05,2179,8,7.09,Mahindra,Scorpio SLE BSIV
Hyderabad,2011,Diesel,Automatic,First,16.73,1995,5,19.99,BMW,5 Series 2003-2012 525d
Mumbai,2014,Diesel,Manual,First,21.43,1364,5,10.75,Toyota,Corolla Altis D-4D GL
Mumbai,2016,Petrol,Automatic,First,18.0,1497,5,9.45,Honda,City i VTEC CVT VX
Hyderabad,2008,Diesel,Manual,First,22.0,1582,5,2.9,Hyundai,Verna CRDi 1.6 SX Option
Kolkata,2015,Diesel,Manual,First,26.59,1248,5,4.7,Maruti,Swift Dzire VDI Optional
Coimbatore,2016,Petrol,Manual,First,20.73,1373,5,7.11,Maruti,Ciaz ZXi
Jaipur,2014,Diesel,Manual,First,22.7,1498,5,6.25,Ford,Ecosport 1.5 DV5 MT Titanium
Hyderabad,2011,Petrol,Manual,First,20.92,998,5,2.2,Maruti,Alto K10 2010-2014 VXI
Kochi,2019,Petrol,Automatic,First,19.0,1199,5,8.86,Honda,Amaze V CVT Petrol
Delhi,2015,Diesel,Manual,First,15.1,2179,7,9.3,Mahindra,XUV500 W6 2WD
Coimbatore,2017,Diesel,Manual,First,18.49,1493,7,7.57,Mahindra,TUV 300 2015-2019 T8
Chennai,2017,Petrol,Manual,First,18.2,1199,5,7.9,Honda,Jazz VX
Kochi,2018,Petrol,Manual,First,16.1,1298,5,5.65,Maruti,Swift VXI BSIII W/ ABS
Delhi,2013,Petrol,Manual,First,16.47,1198,5,3.25,Volkswagen,Polo Petrol Highline 1.2L
Coimbatore,2019,Diesel,Manual,First,20.5,1582,5,16.27,Hyundai,Creta 1.6 SX Option Diesel
Coimbatore,2011,Petrol,Manual,First,18.6,1199,5,3.21,Chevrolet,Beat LS
Kolkata,2013,Diesel,Manual,First,25.8,1498,5,3.9,Honda,Amaze VX i-DTEC
Mumbai,2008,Petrol,Automatic,Second,10.0,2496,5,6.5,Mercedes-Benz,E-Class 230 E AT
Hyderabad,2016,Diesel,Automatic,First,18.59,2993,5,48.0,BMW,5 Series 530d M Sport
Mumbai,2016,Diesel,Automatic,First,20.38,1968,5,18.9,Audi,A3 35 TDI Premium Plus
Pune,2015,Diesel,Manual,First,26.59,1248,5,3.6,Maruti,Swift Dzire VDI
Kolkata,2015,Diesel,Manual,First,26.59,1248,5,5.5,Maruti,Swift Dzire VDI
Pune,2011,Diesel,Manual,Second,12.8,2494,7,7.0,Toyota,Innova 2.5 V Diesel 7-seater
Bangalore,2016,Diesel,Automatic,First,16.09,1995,5,41.75,BMW,X3 xDrive20d
Hyderabad,2007,Diesel,Automatic,First,16.73,1995,5,10.5,BMW,5 Series 2003-2012 525d
Coimbatore,2014,Diesel,Manual,First,15.1,2179,7,10.09,Mahindra,XUV500 W8 2WD
Delhi,2009,Petrol,Manual,First,17.0,1497,5,3.0,Honda,City 1.5 S MT
Chennai,2014,Diesel,Manual,First,17.0,2200,7,12.0,Force,One LX 4x4
Jaipur,2015,Diesel,Manual,First,20.14,1498,5,4.91,Volkswagen,Polo 1.5 TDI Comfortline
Kolkata,2010,Petrol,Manual,First,16.0,1198,5,2.0,Honda,Jazz S
Hyderabad,2015,Diesel,Manual,First,23.59,1364,5,5.3,Toyota,Etios Liva GD SP
Mumbai,2014,Diesel,Manual,First,19.01,1461,5,7.22,Nissan,Terrano XV Premium 110 PS
Kochi,2017,Diesel,Automatic,First,18.56,1995,5,32.57,BMW,X3 xDrive 20d xLine
Mumbai,2010,Petrol,Manual,First,18.5,1197,5,2.75,Hyundai,i20 1.2 Magna
Kochi,2018,CNG,Manual,First,15.1,1196,5,4.33,Maruti,Eeco 5 STR With AC Plus HTR CNG
Hyderabad,2011,Diesel,Manual,First,17.8,1399,5,3.75,Ford,Fiesta EXi 1.4 TDCi Ltd
Kochi,2014,Petrol,Automatic,First,16.8,1497,5,5.91,Honda,City 1.5 V AT
Chennai,2013,Diesel,Manual,First,25.2,1248,5,4.35,Maruti,Swift VDI BSIV
Delhi,2014,Diesel,Manual,First,24.0,1120,5,3.25,Hyundai,Grand i10 CRDi SportZ Edition
Pune,2017,Diesel,Automatic,First,14.75,2967,7,68.0,Audi,Q7 45 TDI Quattro Technology
Mumbai,2016,Petrol,Manual,First,17.0,1198,5,5.5,Volkswagen,Ameo 1.2 MPI Highline 16 Alloy
Kochi,2018,Petrol,Automatic,First,18.0,1497,5,12.08,Honda,City i VTEC CVT VX
Kochi,2018,Diesel,Manual,First,27.39,1248,5,7.48,Maruti,Baleno Alpha 1.3
Jaipur,2016,Diesel,Manual,First,24.0,1120,5,5.5,Hyundai,Grand i10 CRDi Sportz
Jaipur,2011,Diesel,Manual,First,19.3,1248,5,3.5,Maruti,Swift Dzire VDi
Delhi,2013,Diesel,Automatic,First,0.0,2179,5,15.5,Land,Rover Freelander 2 TD4 HSE
Hyderabad,2013,Diesel,Manual,First,11.5,2982,7,19.0,Toyota,Fortuner 3.0 Diesel
Hyderabad,2017,Diesel,Manual,First,27.3,1498,5,8.4,Honda,Jazz VX Diesel
Pune,2016,Diesel,Manual,First,24.3,1248,5,7.25,Maruti,Vitara Brezza LDi Option
Kolkata,2014,Diesel,Manual,First,23.4,1248,5,4.25,Maruti,Swift Dzire VDI
Delhi,2015,Diesel,Automatic,Second,21.66,1498,5,5.7,Skoda,Rapid 1.5 TDI AT Elegance
Hyderabad,2013,Diesel,Automatic,Second,0.0,2179,5,26.0,Land,Rover Freelander 2 TD4 SE
Hyderabad,2013,Petrol,Manual,First,22.74,796,5,2.49,Maruti,Alto 800 LXI
Pune,2011,Petrol,Manual,Second,16.47,1198,5,3.0,Volkswagen,Polo Petrol Highline 1.2L
Delhi,2015,Diesel,Manual,First,26.0,1498,5,5.95,Honda,City i DTEC SV
Delhi,2013,Diesel,Manual,First,23.4,1248,5,2.69,Maruti,Swift Dzire LDI
Bangalore,2014,Diesel,Automatic,First,17.11,1968,5,26.0,Audi,A4 2.0 TDI 177 Bhp Technology Edition
Kolkata,2015,Petrol,Manual,First,17.8,1497,5,5.5,Honda,City i VTEC VX
Chennai,2016,Petrol,Manual,First,18.16,1196,5,4.85,Ford,Figo Aspire 1.2 Ti-VCT Ambiente
Kochi,2018,Diesel,Manual,First,24.3,1248,5,8.39,Maruti,Vitara Brezza LDi
Hyderabad,2015,Diesel,Manual,First,19.01,1461,5,7.99,Renault,Duster 110PS Diesel RxL
Hyderabad,2016,Diesel,Manual,First,21.19,1396,5,6.95,Hyundai,i20 Active 1.4 SX
Mumbai,2010,Petrol,Manual,First,15.7,1390,5,1.5,Mahindra,Logan Petrol 1.4 GLE
Mumbai,2006,Petrol,Manual,First,17.7,1497,5,1.55,Honda,City ZX GXi
Bangalore,2010,Petrol,Manual,Second,15.6,1196,5,2.75,Ford,Figo Petrol EXI
Mumbai,2014,Petrol,Manual,First,13.06,1598,5,4.25,Renault,Duster Petrol RxL
Kolkata,2015,Petrol,Manual,First,20.36,1197,5,2.85,Hyundai,i10 Sportz 1.2
Coimbatore,2019,Diesel,Automatic,First,12.81,1999,7,56.14,Land,Rover Discovery Sport TD4 HSE 7S
Ahmedabad,2009,Petrol,Automatic,Second,9.74,1984,5,10.0,Audi,Q5 2008-2012 2.0 TFSI Quattro
Mumbai,2003,Petrol,Manual,Second,11.3,1298,8,1.25,Maruti,Versa DX2 BS II
Kolkata,2017,Diesel,Manual,First,26.59,1248,5,7.5,Maruti,Swift Dzire ZDI
Coimbatore,2015,Diesel,Automatic,First,17.11,1968,5,25.81,Audi,A4 2.0 TDI Premium Sport Limited Edition
Ahmedabad,2014,Petrol,Manual,First,16.47,1198,5,4.3,Volkswagen,Polo 1.2 MPI Comfortline
Chennai,2010,Diesel,Manual,Second,11.5,2982,7,11.0,Toyota,Fortuner 3.0 Diesel
Jaipur,2010,Diesel,Manual,Second,11.5,2982,7,11.75,Toyota,Fortuner 3.0 Diesel
Coimbatore,2012,Petrol,Manual,First,12.8,2354,5,6.58,Honda,Accord 2.4 MT
Chennai,2012,Diesel,Manual,First,22.9,1248,5,4.8,Maruti,Swift ZDi
Pune,2008,Petrol,Manual,Second,17.5,1198,5,1.65,Skoda,Fabia 1.2 MPI Classic
Kolkata,2017,Diesel,Manual,First,17.1,1956,5,15.0,Jeep,Compass 2.0 Sport
Ahmedabad,2014,Petrol,Manual,Second,25.4,624,4,1.0,Tata,Nano Twist XT
Hyderabad,2007,Petrol,Manual,First,15.3,1596,5,1.65,Ford,Fiesta 1.6 ZXi ABS
Ahmedabad,2015,Diesel,Manual,First,27.62,793,5,3.6,Maruti,Celerio ZDi
Delhi,2011,Diesel,Manual,First,11.5,2982,7,11.5,Toyota,Fortuner 3.0 Diesel
Ahmedabad,2015,Diesel,Manual,First,27.62,793,5,3.6,Maruti,Celerio ZDi
Pune,2015,Petrol,Manual,First,21.1,814,5,3.05,Hyundai,EON Era Plus
Bangalore,2011,Diesel,Manual,Second,23.5,1498,5,6.0,Ford,Fiesta Diesel Trend
Ahmedabad,2013,Petrol,Manual,First,16.47,1198,5,3.75,Volkswagen,Polo 1.2 MPI Comfortline
Coimbatore,2016,Petrol,Manual,First,16.2,1199,5,6.17,Volkswagen,Polo 1.2 MPI Comfortline
Coimbatore,2017,Diesel,Manual,First,24.3,1248,5,9.05,Maruti,Vitara Brezza ZDi
Coimbatore,2013,Petrol,Manual,First,19.4,1198,5,4.05,Honda,Brio S MT
Pune,2013,Petrol,Manual,First,17.5,1298,5,4.25,Maruti,Swift Dzire VXi
Kolkata,2018,Petrol,Manual,First,23.1,998,5,3.75,Maruti,Celerio LXI MT
Mumbai,2016,Petrol,Automatic,First,13.0,1591,5,11.85,Hyundai,Creta 1.6 SX Plus Petrol Automatic
Kochi,2016,Diesel,Manual,First,22.7,1498,5,8.24,Ford,Ecosport 1.5 DV5 MT Titanium
Hyderabad,2016,Diesel,Manual,First,17.8,1248,5,5.99,Maruti,Swift VDI BSIV W ABS
Jaipur,2008,Petrol,Manual,Second,13.1,1997,5,6.5,Honda,CR-V RVi MT
Coimbatore,2019,Diesel,Automatic,First,12.51,2179,7,58.91,Land,Rover Discovery Sport SD4 HSE Luxury 7S
Delhi,2014,Diesel,Manual,First,15.1,2179,7,8.0,Mahindra,XUV500 W8 2WD
Kochi,2015,Petrol,Manual,First,16.47,1198,5,4.64,Volkswagen,Polo 1.2 MPI Highline
Kochi,2010,Petrol,Automatic,First,19.2,1197,5,3.32,Hyundai,i10 Magna AT
Chennai,2012,Petrol,Manual,Second,20.36,1197,5,2.78,Hyundai,i10 Magna 1.2
Kochi,2016,Diesel,Automatic,First,14.81,1998,5,8.95,Chevrolet,Cruze LTZ AT
Mumbai,2013,Petrol,Automatic,First,12.0,1991,5,21.95,Mercedes-Benz,E-Class E 200 CGI
Ahmedabad,2013,Petrol,Manual,First,11.7,2359,5,7.9,Hyundai,Sonata 2.4 GDI
Kolkata,2007,Petrol,Automatic,First,11.74,1796,5,29.0,Mercedes-Benz,New C-Class C 200 Kompressor Elegance AT
Kolkata,2013,Diesel,Manual,First,22.07,1199,5,3.25,Volkswagen,Polo Diesel Trendline 1.2L
Mumbai,2014,Petrol,Manual,First,17.4,1497,5,5.9,Honda,City i VTEC SV
Coimbatore,2017,Diesel,Manual,First,24.3,1248,5,9.88,Maruti,Vitara Brezza ZDi
Coimbatore,2019,Petrol,Manual,First,18.6,1197,5,8.78,Hyundai,Elite i20 Asta Option
Kolkata,2011,Diesel,Manual,Second,13.93,2179,7,2.75,Tata,New Safari Dicor EX 4X2
Kochi,2014,Diesel,Manual,First,21.64,1461,5,5.98,Nissan,Sunny 2011-2014 Diesel XL
Delhi,2011,Petrol,Automatic,First,10.9,2497,5,31.0,BMW,3 Series 330 Ci Convertible
Delhi,2011,Petrol,Manual,Second,14.53,1798,5,3.55,Toyota,Corolla 1.8 J
Kochi,2015,Diesel,Manual,First,22.32,1582,5,6.24,Hyundai,Verna 1.6 SX
Kolkata,2009,Diesel,Manual,First,19.3,1248,5,2.19,Maruti,Swift Dzire VDi
Hyderabad,2013,Diesel,Manual,First,28.4,1248,5,5.5,Maruti,Dzire VDI
Pune,2014,Petrol,Manual,First,24.07,998,5,2.1,Maruti,Alto K10 VXI
Coimbatore,2011,Petrol,Automatic,First,10.5,5000,4,50.66,Jaguar,XJ 5.0 L V8 Supercharged
Kolkata,2012,Diesel,Automatic,First,14.84,2143,5,14.0,Mercedes-Benz,New C-Class 220 CDI AT
Mumbai,2013,Diesel,Manual,First,22.0,1582,5,5.5,Hyundai,Verna CRDi 1.6 SX Option
Pune,2007,Petrol,Manual,Third,14.2,1598,5,1.2,Chevrolet,Aveo 1.6 LT
Hyderabad,2014,Petrol,Manual,First,20.4,1197,5,5.3,Maruti,Swift VXI BSIV
Chennai,2015,Diesel,Manual,First,23.9,1582,5,6.3,Hyundai,Verna 1.6 CRDi S
Kochi,2017,Diesel,Automatic,First,17.9,2143,5,40.47,Mercedes-Benz,GLC 220d Celebration Edition
Delhi,2013,Diesel,Manual,First,13.0,2982,7,16.1,Toyota,Fortuner 4x2 Manual
Delhi,2014,Diesel,Automatic,First,12.8,1968,5,25.0,Audi,Q5 2008-2012 2.0 TDI
Mumbai,2008,Diesel,Automatic,Second,13.2,1995,5,7.95,BMW,3 Series 320d Dynamic
Delhi,2016,Petrol,Manual,First,24.7,796,5,2.65,Maruti,Alto 800 2016-2019 LXI
Coimbatore,2012,Petrol,Manual,First,20.92,998,5,2.81,Maruti,Alto K10 2010-2014 VXI
Hyderabad,2012,Petrol,Automatic,First,15.64,1798,5,17.5,Audi,A4 1.8 TFSI Technology Edition
Mumbai,2012,Petrol,Manual,First,16.1,1197,5,3.3,Maruti,Swift VXi BSIV
Kochi,2019,Petrol,Manual,First,22.5,998,5,5.34,Maruti,Wagon R VXI
Hyderabad,2016,Diesel,Manual,First,21.14,1498,5,8.5,Skoda,Rapid 1.5 TDI Ambition
Kochi,2010,Petrol,Manual,Second,16.0,1198,5,2.69,Honda,Jazz S
Ahmedabad,2015,Diesel,Manual,First,16.0,2179,7,11.5,Mahindra,XUV500 W10 2WD
Coimbatore,2011,Petrol,Manual,First,18.5,1197,5,4.06,Maruti,Ritz VXi
Hyderabad,2016,Diesel,Automatic,First,17.9,2143,5,49.0,Mercedes-Benz,GLE 250d
Bangalore,2012,Diesel,Manual,First,20.5,1598,5,4.6,Skoda,Rapid 1.6 TDI Ambition
Delhi,2015,Diesel,Manual,First,24.0,1120,5,3.96,Hyundai,Grand i10 CRDi Magna
Mumbai,2015,Petrol,Manual,First,18.6,1197,5,5.6,Hyundai,Elite i20 Petrol Asta
Kolkata,2017,Diesel,Manual,First,22.95,1248,5,3.75,Tata,Zest Quadrajet 1.3 75PS XE
Jaipur,2015,Diesel,Manual,First,22.54,1396,5,5.5,Hyundai,i20 Magna 1.4 CRDi
Delhi,2012,Diesel,Manual,Second,20.5,1598,5,3.0,Skoda,Rapid 1.6 TDI Elegance
Mumbai,2011,Petrol,Manual,First,16.0,1368,5,3.0,Fiat,Linea Emotion
Pune,2010,Petrol,Manual,First,16.1,1298,5,2.95,Maruti,Swift VXI BSIII W/ ABS
Hyderabad,2015,Diesel,Manual,First,25.0,1396,5,2.45,Tata,Indica V2 2001-2011 eLS
Pune,2012,Diesel,Automatic,First,14.84,2143,5,13.99,Mercedes-Benz,New C-Class C 220 CDI Elegance AT
Bangalore,2016,Diesel,Automatic,First,11.57,2987,5,60.75,Mercedes-Benz,GLE 350d
Kolkata,2008,Petrol,Manual,Second,0.0,1086,5,1.17,Hyundai,Santro Xing XP
Chennai,2012,Petrol,Manual,Second,16.8,1497,5,4.5,Honda,City V MT AVN
Mumbai,2010,Petrol,Manual,Second,18.5,1197,5,2.5,Hyundai,i20 Magna
Chennai,2015,Diesel,Manual,First,13.0,2982,7,20.5,Toyota,Fortuner 4x2 Manual
Delhi,2014,Petrol,Manual,First,18.9,1197,5,3.9,Hyundai,Grand i10 Magna
Chennai,2009,Diesel,Manual,Second,15.0,1896,5,3.5,Volkswagen,Jetta 2007-2011 2.0 TDI Comfortline
Hyderabad,2016,Petrol,Automatic,First,15.63,1499,5,8.3,Ford,EcoSport 1.5 Ti VCT AT Titanium
Chennai,2012,Petrol,Manual,First,21.1,814,5,2.5,Hyundai,EON Magna Plus
Kolkata,2011,Petrol,Automatic,First,19.15,1198,5,2.65,Nissan,Micra XV CVT
Kochi,2016,Petrol,Automatic,First,19.0,1199,5,7.42,Honda,Jazz 1.2 V CVT i VTEC
Kochi,2016,Petrol,Manual,First,16.47,1198,5,4.63,Volkswagen,Polo 1.2 MPI Trendline
Kolkata,2008,Petrol,Manual,First,19.7,796,5,1.09,Maruti,Alto LXi
Delhi,2011,Diesel,Manual,First,22.32,1582,5,3.8,Hyundai,Verna 1.6 SX
Mumbai,2013,Diesel,Automatic,First,10.0,2148,5,15.75,Mercedes-Benz,E-Class 2009-2013 E 220 CDI Avantgarde
Coimbatore,2015,Petrol,Manual,First,17.57,1193,5,5.27,Tata,Zest Revotron 1.2 XT
Mumbai,2012,Petrol,Manual,Second,18.4,1198,5,2.75,Honda,Brio S Option MT
Chennai,2016,Diesel,Manual,First,27.3,1498,5,7.4,Honda,Jazz VX Diesel
Jaipur,2017,Petrol,Automatic,First,24.07,998,5,3.9,Maruti,Alto K10 VXI AGS
Jaipur,2000,Petrol,Manual,Second,17.3,993,5,0.7,Maruti,Zen VXi - BS III
Pune,2015,Diesel,Manual,First,22.54,1396,5,5.9,Hyundai,i20 Sportz 1.4 CRDi
Coimbatore,2016,Diesel,Manual,First,22.7,1598,5,9.58,Maruti,SX4 S Cross DDiS 320 Zeta
Delhi,2014,Diesel,Automatic,First,14.21,2143,5,24.95,Mercedes-Benz,E-Class 2009-2013 E250 CDI Elegance
Kochi,2015,Petrol,Manual,First,13.7,1399,7,4.29,Chevrolet,Enjoy Petrol LS 7 Seater
Delhi,2011,Diesel,Automatic,Second,14.21,2143,5,11.5,Mercedes-Benz,E-Class 2009-2013 E250 CDI Blue Efficiency
Mumbai,2016,Diesel,Manual,First,16.0,2179,7,9.65,Mahindra,XUV500 W4
Mumbai,2015,Petrol,Manual,First,20.36,1197,5,3.75,Hyundai,i10 Sportz
Pune,2007,Petrol,Manual,Second,14.2,1341,5,1.1,Hyundai,Getz 1.3 GLS
Coimbatore,2014,Diesel,Automatic,First,12.07,2967,7,31.41,Audi,Q7 3.0 TDI quattro
Pune,2012,Diesel,Manual,Third,12.05,2179,8,6.0,Mahindra,Scorpio SLE BSIV
Pune,2016,Petrol,Manual,First,18.7,1199,5,5.55,Honda,Jazz 1.2 SV i VTEC
Jaipur,2017,Diesel,Manual,First,14.0,2179,7,10.91,Tata,Safari Storme 2012-2015 EX
Kolkata,2014,Diesel,Manual,First,15.1,2179,7,7.25,Mahindra,XUV500 W6 2WD
Hyderabad,2012,Diesel,Manual,First,22.07,1199,5,3.9,Volkswagen,Polo Diesel Comfortline 1.2L
Delhi,2012,Diesel,Manual,First,19.3,1248,5,3.95,Maruti,Swift Dzire ZDi
Mumbai,2013,Diesel,Automatic,First,15.73,1968,5,22.0,Audi,Q3 2.0 TDI
Delhi,2014,Petrol,Manual,First,23.1,998,5,3.38,Maruti,Celerio ZXI
Mumbai,2011,Petrol,Manual,First,16.8,1497,5,3.45,Honda,City V MT Exclusive
Delhi,2016,Petrol,Manual,First,18.6,1197,5,5.75,Hyundai,i20 1.2 Spotz
Jaipur,2016,Petrol,Manual,First,25.17,799,5,2.75,Renault,KWID RXT
Kochi,2019,Diesel,Automatic,First,17.9,2143,5,30.3,Mercedes-Benz,CLA 200 CDI Sport
Hyderabad,2014,Diesel,Manual,First,22.7,1498,5,7.5,Ford,Ecosport 1.5 DV5 MT Titanium
Coimbatore,2015,Petrol,Manual,First,18.6,1197,5,6.87,Hyundai,i20 Asta 1.2
Bangalore,2015,Diesel,Manual,First,12.99,2494,7,15.2,Toyota,Innova 2.5 ZX Diesel 7 Seater
Chennai,2012,Diesel,Manual,First,21.64,1461,5,3.5,Nissan,Sunny 2011-2014 Diesel XL
Hyderabad,2014,Diesel,Manual,First,25.2,1248,5,5.85,Maruti,Swift VDI BSIV
Hyderabad,2010,Petrol,Manual,First,19.0,998,5,2.5,Maruti,A-Star Vxi
Pune,2013,Petrol,Manual,First,18.6,1197,5,3.95,Maruti,Swift ZXI
Jaipur,2017,Diesel,Automatic,First,17.9,2143,5,27.0,Mercedes-Benz,CLA 200 CDI Sport
Bangalore,2014,Petrol,Manual,Second,16.02,1373,7,6.75,Maruti,Ertiga ZXI
Jaipur,2007,Petrol,Manual,Second,18.9,998,5,1.5,Maruti,Wagon R LXI
Hyderabad,2012,Diesel,Manual,First,22.07,1199,5,3.9,Volkswagen,Polo Diesel Trendline 1.2L
Hyderabad,2014,Diesel,Manual,First,22.7,1498,5,6.55,Ford,Ecosport 1.5 DV5 MT Titanium Optional
Kochi,2017,Diesel,Manual,First,25.1,1498,5,9.44,Honda,City i DTEC VX
Coimbatore,2015,Petrol,Manual,First,14.28,1798,5,10.77,Toyota,Corolla Altis 1.8 GL
Ahmedabad,2014,Diesel,Manual,First,15.1,2179,7,7.5,Mahindra,XUV500 W8 2WD
Kolkata,2016,Petrol,Manual,First,24.7,796,5,3.0,Maruti,Alto 800 2016-2019 VXI
Chennai,2010,Diesel,Automatic,First,18.59,2993,5,11.75,BMW,5 Series 530d M Sport
Kochi,2016,Petrol,Manual,First,21.1,814,5,3.29,Hyundai,EON D Lite Plus
Chennai,2016,Diesel,Manual,First,26.59,1248,5,6.5,Maruti,Swift Dzire VDI
Delhi,2015,CNG,Manual,First,31.79,998,5,3.8,Maruti,Celerio CNG VXI MT
Hyderabad,2011,Diesel,Automatic,First,16.55,1968,5,18.0,Audi,A4 2.0 TDI
Bangalore,2009,Petrol,Automatic,Second,13.7,1798,5,4.95,Skoda,Superb Elegance 1.8 TSI AT
Kochi,2015,Petrol,Manual,First,17.57,1193,5,4.52,Tata,Zest Revotron 1.2T XM
Kolkata,2014,Diesel,Manual,First,17.0,2149,7,8.0,Force,One LX ABS 7 Seating
Coimbatore,2013,Petrol,Manual,First,17.4,1497,5,6.26,Honda,City i-VTEC VX
Chennai,2016,Petrol,Manual,First,16.95,1498,5,7.5,Nissan,Sunny 2011-2014 XV
Mumbai,2011,Petrol,Automatic,First,14.4,1598,5,3.35,Volkswagen,Vento Petrol Highline AT
Mumbai,2014,Petrol,Automatic,First,15.74,1591,5,5.5,Hyundai,Verna 1.6 SX VTVT AT
Bangalore,2012,Diesel,Automatic,First,22.0,1582,5,5.25,Hyundai,Verna CRDi 1.6 AT SX Plus
Bangalore,2012,Diesel,Automatic,First,16.55,1968,5,16.25,Audi,A4 2.0 TDI Multitronic
Delhi,2009,Petrol,Manual,First,15.5,1586,5,2.7,Maruti,SX4 Vxi BSIV
Chennai,2019,Diesel,Automatic,First,12.62,2198,7,32.9,Ford,Endeavour 2.2 Titanium AT 4X2
Coimbatore,2008,Petrol,Manual,First,20.4,1197,5,3.41,Maruti,Swift LXI BSIV
Hyderabad,2014,Diesel,Manual,First,24.0,1120,5,4.15,Hyundai,Grand i10 CRDi Magna
Hyderabad,2014,Diesel,Manual,Second,20.14,1498,5,5.9,Volkswagen,Polo 1.5 TDI Highline
Pune,2012,Petrol,Automatic,First,10.0,2496,5,11.5,Mercedes-Benz,E-Class 230
Kolkata,2015,Petrol,Manual,First,18.6,1197,5,4.75,Hyundai,i20 Asta 1.2
Chennai,2015,Petrol,Automatic,First,24.07,998,5,3.5,Maruti,Alto K10 VXI AGS
Pune,2014,Diesel,Manual,First,20.77,1248,7,7.25,Maruti,Ertiga VDI
Mumbai,2016,Petrol,Automatic,First,23.1,998,5,4.35,Maruti,Celerio VXI AT
Coimbatore,2018,Petrol,Automatic,Second,22.5,999,5,4.99,Renault,KWID Climber 1.0 AMT
Bangalore,2013,Diesel,Manual,First,12.05,2179,8,7.65,Mahindra,Scorpio SLE BSIV
Chennai,2011,Diesel,Manual,First,12.8,2494,7,9.0,Toyota,Innova 2.5 GX (Diesel) 7 Seater BS IV
Chennai,2017,Diesel,Manual,First,22.07,1199,5,6.9,Volkswagen,Polo Diesel Highline 1.2L
Chennai,2011,Diesel,Manual,First,20.0,1399,5,2.9,Ford,Figo Diesel ZXI
Kolkata,2014,Diesel,Manual,First,20.45,1461,5,5.75,Nissan,Terrano XL Plus 85 PS
Kolkata,2014,Diesel,Manual,First,17.0,2200,7,8.0,Force,One LX 4x4
Kochi,2017,Petrol,Automatic,First,22.5,999,5,4.41,Renault,KWID 1.0 RXT Optional AMT
Mumbai,2013,Diesel,Manual,First,21.14,1498,5,4.95,Skoda,Rapid 1.5 TDI Elegance
Hyderabad,2016,Diesel,Automatic,First,16.0,2179,7,14.4,Mahindra,XUV500 AT W10 FWD
Chennai,2012,Diesel,Manual,First,20.0,1399,5,2.95,Ford,Figo Diesel Titanium
Coimbatore,2017,Diesel,Manual,First,15.96,2523,7,8.14,Mahindra,Bolero ZLX
Hyderabad,2016,Diesel,Manual,First,20.64,1498,5,8.45,Volkswagen,Vento 1.5 TDI Highline
Pune,2015,Diesel,Manual,First,12.99,2494,8,12.5,Toyota,Innova 2.5 VX (Diesel) 8 Seater BS IV
Mumbai,2012,Diesel,Manual,First,15.1,2179,7,6.5,Mahindra,XUV500 W8 2WD
Coimbatore,2015,Petrol,Manual,Second,15.8,1499,5,7.72,Ford,Ecosport 1.5 Ti VCT MT Titanium
Chennai,2011,Diesel,Automatic,First,16.96,1968,5,8.0,Volkswagen,Jetta 2012-2014 2.0L TDI Highline AT
Chennai,2009,Diesel,Manual,Second,13.93,2179,7,3.0,Tata,New Safari DICOR 2.2 VX 4x4
Mumbai,2013,Diesel,Automatic,First,8.2,2993,4,29.0,BMW,3 Series 330d Convertible
Kolkata,2014,Petrol,Manual,First,16.47,1198,5,4.11,Volkswagen,Polo 1.2 MPI Highline
Coimbatore,2015,Petrol,Manual,First,18.5,1197,5,5.37,Hyundai,i20 Magna Optional 1.2
Mumbai,2013,Diesel,Manual,First,20.77,1248,7,6.55,Maruti,Ertiga ZDI
Chennai,2015,Petrol,Manual,First,17.4,1497,5,7.0,Honda,City i VTEC V
Mumbai,2014,Petrol,Manual,First,17.0,1497,5,5.48,Honda,City 1.5 S MT
Kochi,2013,Diesel,Automatic,First,16.96,1968,5,6.51,Volkswagen,Jetta 2013-2015 2.0L TDI Highline AT
Pune,2016,Diesel,Manual,First,25.8,1498,5,5.15,Honda,Amaze VX i-DTEC
Hyderabad,2013,Diesel,Manual,Second,15.1,2179,7,9.0,Mahindra,XUV500 W8 2WD
Mumbai,2008,Petrol,Automatic,Second,14.53,1798,5,2.75,Toyota,Corolla Altis VL
Pune,2005,Petrol,Manual,Second,17.0,1086,5,1.2,Hyundai,Santro Xing XL eRLX Euro III
Bangalore,2012,Diesel,Automatic,First,22.69,1995,5,12.5,BMW,3 Series 320d
Kochi,2017,Diesel,Manual,First,23.0,1498,5,7.69,Ford,EcoSport 1.5 Diesel Trend
Kochi,2013,Petrol,Manual,First,18.5,1197,5,4.57,Hyundai,i20 Asta Optional with Sunroof 1.2
Mumbai,2013,Petrol,Automatic,First,16.8,1497,5,4.5,Honda,City 1.5 S AT
Hyderabad,2015,Diesel,Manual,First,23.2,1248,5,4.9,Maruti,Ritz VDI (ABS) BS IV
Kolkata,2008,Petrol,Manual,First,19.81,1086,5,1.65,Hyundai,i10 Era 1.1
Mumbai,2015,Petrol,Manual,First,18.2,1199,5,3.25,Chevrolet,Sail 1.2 LS
Chennai,2012,Diesel,Manual,First,22.32,1582,5,6.25,Hyundai,Verna 1.6 SX CRDi (O)
Kochi,2018,Petrol,Manual,First,15.8,1591,5,12.13,Hyundai,Creta 1.6 SX Option
Jaipur,2013,Petrol,Manual,First,18.2,1199,5,3.25,Chevrolet,Sail 1.2 LS
Hyderabad,2013,Diesel,Automatic,First,14.16,1968,5,29.0,Audi,Q5 2.0 TDI
Kochi,2013,Petrol,Manual,First,17.0,1497,5,5.53,Honda,City 1.5 V MT Exclusive
Hyderabad,2017,Petrol,Manual,First,17.0,1497,5,8.75,Ford,EcoSport 1.5 Petrol Titanium
Bangalore,2014,Diesel,Automatic,Second,12.07,2967,7,37.9,Audi,Q7 3.0 TDI Quattro Premium Plus
Delhi,2010,Petrol,Manual,First,20.36,1197,5,2.4,Hyundai,i10 Magna 1.2
Chennai,2014,Petrol,Manual,First,17.0,1197,5,4.55,Hyundai,i20 1.2 Asta
Delhi,2011,Petrol,Manual,Second,17.5,1197,5,2.65,Maruti,Swift Dzire 1.2 Vxi BSIV
Pune,2017,Diesel,Manual,Second,25.0,1396,5,1.6,Tata,Indica V2 eLX
Coimbatore,2012,Diesel,Automatic,Second,16.2,2993,5,25.72,BMW,5 Series 2010-2013 530d
Ahmedabad,2013,Diesel,Manual,First,22.9,1248,5,4.15,Maruti,Swift VDI
Jaipur,2018,Petrol,Manual,First,19.0,1194,5,7.23,Ford,Freestyle Titanium Plus Petrol
Bangalore,2008,Petrol,Manual,Second,13.9,1599,5,2.6,Hyundai,Verna XXi ABS (Petrol)
Mumbai,2008,Diesel,Automatic,Second,16.07,1995,5,7.25,BMW,3 Series 320d Highline
Kochi,2017,Diesel,Manual,First,12.8,2494,8,14.29,Toyota,Innova 2.5 G4 Diesel 8-seater
Hyderabad,2011,Diesel,Automatic,Second,14.94,2143,5,17.25,Mercedes-Benz,New C-Class C 250 CDI Elegance
Pune,2013,Diesel,Manual,First,22.54,1582,5,7.5,Hyundai,Elantra 1.6 SX
Hyderabad,2014,Diesel,Manual,First,23.2,1248,5,4.35,Maruti,Ritz ZDi
Pune,2016,Diesel,Manual,First,24.3,1248,5,8.9,Maruti,Vitara Brezza ZDi Plus Dual Tone
Kolkata,2016,Petrol,Manual,Second,19.1,1197,5,3.5,Hyundai,Xcent 1.2 Kappa S
Kolkata,2014,Diesel,Manual,First,26.0,1498,5,6.1,Honda,City i DTEC V
Mumbai,2016,Petrol,Manual,First,25.17,799,5,3.2,Renault,KWID RXT
Jaipur,2014,Diesel,Manual,First,23.59,1364,5,4.9,Toyota,Etios Cross 1.4L VD
Kochi,2015,Petrol,Manual,First,24.07,998,5,3.69,Maruti,Alto K10 VXI
Chennai,2016,Petrol,Manual,First,23.84,1199,5,3.98,Tata,Tiago 1.2 Revotron XM Option
Kolkata,2013,Diesel,Manual,First,21.9,1396,5,2.95,Hyundai,i20 1.4 CRDi Magna
Kochi,2014,Diesel,Automatic,First,16.55,1968,5,15.21,Audi,A4 2.0 TDI
Hyderabad,2015,Diesel,Manual,First,28.4,1248,5,6.3,Maruti,Swift VDI
Kochi,2017,Petrol,Manual,First,17.0,1198,5,6.69,Volkswagen,Ameo 1.2 MPI Highline
Mumbai,2017,Petrol,Automatic,First,16.0,1497,7,9.5,Honda,BRV i-VTEC V CVT
Mumbai,2009,Petrol,Manual,First,17.0,1197,5,2.65,Hyundai,i20 Asta
Ahmedabad,2012,Diesel,Manual,First,14.66,2199,7,7.5,Hyundai,Santa Fe 4X4
Kochi,2018,Petrol,Automatic,First,23.1,998,5,5.63,Maruti,Celerio ZXI Optional AMT
Coimbatore,2018,Petrol,Manual,First,15.8,1591,5,11.78,Hyundai,Creta 1.6 SX
Hyderabad,2004,Diesel,Manual,Second,17.88,1396,5,0.85,Tata,Indica V2 DL BSIII
Mumbai,2011,Petrol,Manual,First,15.04,1598,5,3.35,Volkswagen,Vento Petrol Highline
Kochi,2015,Petrol,Manual,First,23.1,998,5,4.11,Maruti,Celerio VXI
Ahmedabad,2015,Diesel,Automatic,First,17.9,2143,5,25.51,Mercedes-Benz,CLA 200 D Sport Edition
Jaipur,2017,Petrol,Manual,First,22.74,796,5,3.1,Maruti,Alto 800 LXI
Delhi,2018,Diesel,Automatic,First,10.91,3198,7,33.5,Ford,Endeavour 3.2 Titanium AT 4X4
Kolkata,2017,Petrol,Manual,First,17.57,1193,5,4.8,Tata,Zest Revotron 1.2T XE
Kolkata,2014,Petrol,Manual,First,16.09,1598,5,3.49,Volkswagen,Vento 1.6 Comfortline
Mumbai,2012,Petrol,Manual,Second,17.5,1373,7,5.15,Maruti,Ertiga ZXI
Mumbai,2011,Diesel,Automatic,First,14.0,2987,5,14.41,Mercedes-Benz,M-Class ML 350 CDI Corporate
Mumbai,2014,Petrol,Manual,First,16.2,1199,5,4.75,Volkswagen,Polo 1.2 MPI Highline
Jaipur,2015,Diesel,Automatic,First,12.55,2982,7,19.0,Toyota,Fortuner 4x2 AT
Hyderabad,2017,Petrol,Manual,First,23.1,998,5,4.9,Maruti,Celerio VXI
Chennai,2008,Diesel,Automatic,Second,16.07,1995,4,6.3,BMW,3 Series 320d Corporate Edition
Jaipur,2006,Petrol,Manual,Second,16.9,1497,5,2.4,Honda,City ZX VTEC
Pune,2009,Petrol,Manual,First,13.17,1999,5,3.0,Mitsubishi,Cedia Sports
Delhi,2016,Petrol,Manual,First,18.06,1198,5,4.25,Renault,Pulse Petrol RxL
Hyderabad,2016,Diesel,Manual,First,20.14,1498,5,6.3,Volkswagen,Polo 1.5 TDI Highline
Kochi,2018,Petrol,Manual,First,21.1,998,5,8.15,Maruti,Baleno RS Petrol
Kochi,2012,Petrol,Manual,First,20.36,1197,5,3.22,Hyundai,i10 Magna
Kochi,2018,Petrol,Manual,First,18.6,1197,5,7.65,Hyundai,i20 1.2 Spotz
Delhi,2011,Petrol,Automatic,First,10.37,2979,2,30.0,BMW,Z4 2009-2013 35i
Pune,2010,Petrol,Manual,Second,20.36,1197,5,2.3,Hyundai,i10 Sportz 1.2
Delhi,2012,Petrol,Automatic,First,13.6,1598,4,22.0,Mini,Cooper S Carbon Edition
Pune,2012,Petrol,Manual,First,19.4,1198,5,3.28,Honda,Brio V MT
Kochi,2016,Petrol,Manual,First,20.73,1373,5,7.09,Maruti,Ciaz ZXi Option
Coimbatore,2013,Diesel,Manual,First,19.3,1248,5,6.46,Maruti,Swift Dzire ZDi
Chennai,2012,Diesel,Manual,First,22.07,1199,5,4.0,Volkswagen,Polo Diesel Comfortline 1.2L
Delhi,2011,Diesel,Automatic,First,17.05,1995,5,11.0,BMW,X1 sDrive20d
Coimbatore,2016,Diesel,Automatic,Second,12.07,2967,7,49.79,Audi,Q7 3.0 TDI Quattro Premium Plus
Kolkata,2015,Diesel,Manual,First,25.83,1498,5,4.8,Ford,Figo 1.5D Trend MT
Bangalore,2017,Diesel,Automatic,First,21.76,1995,5,35.0,BMW,3 Series Luxury Line
Bangalore,2011,Diesel,Automatic,First,14.0,2987,5,21.99,Mercedes-Benz,M-Class ML 350 CDI Corporate
Mumbai,2007,Petrol,Manual,Second,17.3,1061,5,1.1,Maruti,Wagon R LX BSIII
Delhi,2018,Petrol,Manual,First,21.4,1197,5,6.6,Maruti,Baleno Zeta 1.2
Pune,2013,Petrol,Manual,First,22.0,1197,5,4.5,Maruti,Dzire VXI
Pune,2009,Petrol,Manual,Second,14.7,1150,5,1.0,Chevrolet,Aveo U-VA 1.2 LT
Chennai,2017,Diesel,Manual,First,20.14,1498,5,6.9,Volkswagen,Polo 1.5 TDI Highline
Hyderabad,2012,Diesel,Automatic,First,0.0,2179,5,16.75,Land,Rover Freelander 2 TD4 SE
Mumbai,2015,Diesel,Automatic,First,14.16,1968,5,25.49,Audi,Q5 30 TDI quattro Premium
Chennai,2015,Diesel,Automatic,First,18.53,1968,5,35.5,Audi,A6 35 TDI Matrix
Kochi,2018,Diesel,Manual,First,24.0,1186,5,6.28,Hyundai,Grand i10 1.2 CRDi Sportz
Delhi,2012,Diesel,Manual,Second,12.05,2179,8,4.88,Mahindra,Scorpio SLE BSIV
Hyderabad,2016,Diesel,Manual,First,22.95,1248,5,3.7,Tata,Bolt Quadrajet XE
Kochi,2015,Petrol,Manual,First,21.1,814,5,3.45,Hyundai,EON Era Plus
Kochi,2016,Diesel,Manual,First,15.4,2179,8,10.23,Mahindra,Scorpio S8 8 Seater
Bangalore,2010,Petrol,Automatic,Second,11.1,2354,5,6.5,Honda,Accord 2001-2003 2.0 AT
Mumbai,2016,Petrol,Manual,First,16.2,1199,5,6.15,Volkswagen,Polo 1.2 MPI Highline
Mumbai,2014,Petrol,Manual,First,15.1,1196,7,2.9,Maruti,Eeco 7 Seater Standard
Ahmedabad,2016,Diesel,Manual,First,24.0,1120,5,5.5,Hyundai,Grand i10 CRDi Sportz
Chennai,2017,Diesel,Automatic,First,10.91,3198,7,31.0,Ford,Endeavour 3.2 Titanium AT 4X4
Delhi,2015,Diesel,Manual,First,24.0,1186,5,4.25,Hyundai,Grand i10 1.2 CRDi Sportz
Kochi,2016,Diesel,Manual,First,22.9,1248,5,5.48,Maruti,Swift VDI
Bangalore,2016,Petrol,Manual,First,18.6,1197,5,7.25,Hyundai,i20 1.2 Asta Option
Hyderabad,2012,Petrol,Manual,First,17.5,1298,5,3.0,Maruti,Swift Dzire VXi
Hyderabad,2015,Diesel,Automatic,First,22.69,1995,5,29.5,BMW,3 Series 320d Luxury Line
Mumbai,2007,Petrol,Manual,Second,17.7,1497,5,1.49,Honda,City ZX GXi
Pune,2013,Petrol,Automatic,First,16.95,1197,5,3.65,Hyundai,i10 Sportz 1.2 AT
Ahmedabad,2018,Diesel,Manual,First,23.0,1498,5,10.9,Ford,Ecosport Signature Edition Diesel
Bangalore,2015,Petrol,Manual,First,23.1,998,5,4.3,Maruti,Celerio ZXI MT
Pune,2012,Diesel,Manual,Second,20.77,1248,7,6.11,Maruti,Ertiga VDI
Hyderabad,2015,Diesel,Manual,First,12.8,2494,8,15.5,Toyota,Innova 2.5 V Diesel 8-seater
Mumbai,2016,Petrol,Manual,First,17.8,1497,5,6.9,Honda,City i VTEC SV
Bangalore,2012,Petrol,Manual,First,19.1,1197,5,4.69,Maruti,Swift Dzire VXI
Kochi,2011,Petrol,Manual,First,18.5,1197,5,3.19,Maruti,Ritz LXi
Pune,2012,Petrol,Automatic,Second,15.0,1396,5,3.75,Hyundai,i20 Sportz AT 1.4
Pune,2019,Petrol,Manual,First,17.19,1197,5,8.6,Hyundai,i20 Active SX Dual Tone Petrol
Chennai,2011,Petrol,Manual,Second,17.0,1497,5,3.85,Honda,City 1.5 E MT
Coimbatore,2016,Diesel,Automatic,First,13.6,4134,5,67.83,Porsche,Cayenne S Diesel
Coimbatore,2019,Petrol,Manual,First,17.8,1198,5,9.31,Honda,Amaze VX i-VTEC
Pune,2008,Petrol,Automatic,First,12.9,1799,5,3.0,Honda,Civic 2006-2010 1.8 S AT
Bangalore,2015,Petrol,Manual,First,18.6,1197,5,5.5,Hyundai,i20 Magna 1.2
Hyderabad,2017,Diesel,Manual,First,19.67,1582,5,13.3,Hyundai,Creta 1.6 CRDi SX
Hyderabad,2013,Diesel,Automatic,First,15.73,1968,5,23.0,Audi,Q3 2012-2015 2.0 TDI Quattro Premium Plus
Mumbai,2018,Petrol,Manual,First,24.7,796,5,3.35,Maruti,Alto 800 2016-2019 LXI
Chennai,2012,Diesel,Automatic,Third,15.06,1995,5,10.0,BMW,X1 sDrive 20d Exclusive
Delhi,2013,Petrol,Manual,First,20.36,1197,5,2.95,Hyundai,i10 Magna
Pune,2016,Diesel,Manual,First,21.66,1498,5,6.75,Volkswagen,Ameo 1.5 TDI Highline
Pune,2010,Petrol,Manual,Third,16.47,1198,5,2.44,Volkswagen,Polo Petrol Highline 1.2L
Mumbai,2015,Petrol,Manual,First,20.73,1373,5,5.85,Maruti,Ciaz VXi Plus
Kochi,2015,Petrol,Automatic,First,17.21,1197,5,7.4,Volkswagen,Polo GT TSI
Pune,2016,Diesel,Manual,First,24.4,1120,5,3.8,Hyundai,Xcent 1.1 CRDi Base
Hyderabad,2008,Petrol,Manual,First,13.5,1799,5,3.8,Honda,Civic 2006-2010 1.8 S MT
Kolkata,2008,Petrol,Manual,First,17.7,1497,5,2.7,Honda,City ZX GXi
Jaipur,2016,Diesel,Manual,First,15.96,2523,7,7.21,Mahindra,Bolero ZLX
Hyderabad,2016,Petrol,Manual,First,17.4,1497,5,7.9,Honda,City i VTEC V
Kolkata,2017,Diesel,Manual,First,25.4,1186,5,4.2,Hyundai,Xcent 1.2 CRDi S
Mumbai,2014,Diesel,Manual,First,19.01,1461,5,5.75,Renault,Duster 110PS Diesel RxL
Hyderabad,2013,Petrol,Automatic,First,16.98,998,5,3.45,Maruti,A-Star AT VXI
Bangalore,2014,Diesel,Automatic,First,17.11,1968,5,25.75,Audi,A4 2.0 TDI 177 Bhp Premium Plus
Coimbatore,2018,Diesel,Manual,First,16.0,2179,7,16.59,Mahindra,XUV500 W8 2WD
Coimbatore,2014,Petrol,Manual,First,18.06,1198,5,4.69,Renault,Pulse Petrol RxZ
Mumbai,2009,Diesel,Automatic,Second,13.2,1995,5,7.5,BMW,3 Series 320d
Hyderabad,2016,Diesel,Manual,First,13.68,2393,7,16.5,Toyota,Innova Crysta 2.4 GX MT
Kolkata,2009,Petrol,Manual,First,17.0,1497,5,1.99,Honda,City 1.5 S MT
Chennai,2014,Diesel,Manual,First,22.9,1248,5,5.25,Maruti,Swift VDI
Mumbai,2013,Diesel,Manual,Second,19.64,1461,5,5.4,Renault,Duster 110PS Diesel RxZ Plus
Mumbai,2014,Petrol,Manual,First,16.47,1198,5,3.9,Volkswagen,Polo 1.2 MPI Comfortline
Mumbai,2015,Petrol,Manual,First,17.19,1197,5,5.8,Hyundai,i20 Active 1.2 S
Pune,2014,Diesel,Automatic,First,18.12,1995,5,30.5,BMW,5 Series 2013-2017 520d Luxury Line
Hyderabad,2017,Diesel,Manual,First,23.4,1248,5,5.6,Maruti,Swift Dzire LDI
Ahmedabad,2012,Diesel,Automatic,First,0.0,2987,5,23.0,Mercedes-Benz,M-Class ML 350 4Matic
Jaipur,2015,Diesel,Manual,First,28.4,1248,5,5.15,Maruti,Swift LDI
Coimbatore,2017,Diesel,Automatic,First,19.08,1582,5,9.48,Hyundai,Verna 1.6 CRDI AT SX Option
Bangalore,2016,Petrol,Automatic,Second,21.9,624,4,2.38,Tata,Nano XTA
Hyderabad,2009,Petrol,Manual,First,17.5,1298,5,3.8,Maruti,Swift Dzire LXi
Delhi,2015,Petrol,Manual,Second,18.6,1197,5,5.5,Hyundai,i20 Asta Option 1.2
Hyderabad,2010,Petrol,Manual,First,17.0,1197,5,3.55,Hyundai,i20 1.2 Sportz
Mumbai,2015,Petrol,Manual,First,20.73,1373,5,6.35,Maruti,Ciaz ZXi
Delhi,2015,Diesel,Automatic,First,12.7,2179,5,36.0,Land,Rover Range Rover 2.2L Prestige
Hyderabad,2005,Diesel,Manual,Second,16.1,1405,5,1.1,Tata,Indigo LX BSII
Mumbai,2014,Petrol,Manual,First,17.57,1193,5,3.7,Tata,Zest Revotron 1.2T XM
Delhi,2016,Diesel,Manual,First,16.0,1997,7,13.5,Mahindra,XUV500 W10 1.99 mHawk
Mumbai,2008,Petrol,Automatic,Third,11.7,2354,5,2.85,Honda,Accord 2.4 AT
Coimbatore,2015,Petrol,Manual,Second,25.4,624,4,2.13,Tata,Nano Twist XT
Ahmedabad,2015,Diesel,Manual,First,22.7,1582,5,7.75,Hyundai,Elantra CRDi S
Chennai,2017,Diesel,Manual,First,25.0,1396,5,2.85,Tata,Indica V2 eLS
Jaipur,2014,Diesel,Manual,First,25.8,1498,5,4.95,Honda,Amaze S i-Dtech
Kochi,2012,Diesel,Manual,First,15.1,2179,7,6.2,Mahindra,XUV500 W8 2WD
Pune,2013,Diesel,Automatic,First,18.56,1995,5,17.5,BMW,X3 xDrive 20d Expedition
Pune,2010,Petrol,Manual,First,18.9,1197,5,2.25,Hyundai,Grand i10 1.2 Kappa Magna
Delhi,2017,Petrol,Manual,First,21.4,1197,5,6.75,Maruti,Baleno Zeta 1.2
Kochi,2016,Diesel,Automatic,First,19.08,1582,5,9.73,Hyundai,Verna 1.6 CRDi AT SX
Kochi,2018,Diesel,Manual,First,25.47,1248,7,8.49,Maruti,Ertiga VDI
Mumbai,2013,Petrol,Automatic,First,13.6,1598,4,25.0,Mini,Cooper S Carbon Edition
Coimbatore,2015,Diesel,Manual,First,23.2,1248,5,5.59,Maruti,Ritz ZDi
Mumbai,2011,Diesel,Automatic,First,15.6,1896,5,4.8,Skoda,Laura L n K 1.9 PD AT
Delhi,2014,Diesel,Manual,First,22.7,1498,5,5.45,Ford,Ecosport 1.5 DV5 MT Titanium Optional
Pune,2017,Petrol,Manual,First,18.6,1197,5,6.5,Hyundai,i20 2015-2017 Sportz 1.2
Chennai,2015,Petrol,Manual,First,19.4,1198,5,4.35,Honda,Brio E MT
Kolkata,2013,Diesel,Manual,First,25.8,1498,5,3.75,Honda,Amaze S i-Dtech
Pune,2010,Diesel,Automatic,Third,18.48,1995,5,12.0,BMW,5 Series 2003-2012 520d
Delhi,2014,Diesel,Automatic,First,12.07,2967,7,32.0,Audi,Q7 3.0 TDI Quattro Premium Plus
Jaipur,2015,Diesel,Manual,Second,24.0,1120,5,4.0,Hyundai,Grand i10 CRDi Magna
Kolkata,2011,Diesel,Manual,First,23.08,1461,5,2.6,Nissan,Micra Diesel XV
Jaipur,2016,Petrol,Manual,First,18.9,1197,5,4.45,Hyundai,Grand i10 Sportz
Pune,2015,Petrol,Manual,First,21.1,814,5,2.6,Hyundai,EON Era
Chennai,2011,Petrol,Automatic,First,11.74,1796,5,16.0,Mercedes-Benz,New C-Class C250 Avantgarde
Delhi,2014,Diesel,Automatic,First,12.7,2179,5,32.5,Land,Rover Range Rover 2.2L Pure
Mumbai,2016,Diesel,Automatic,First,11.18,2696,7,13.85,Mahindra,Ssangyong Rexton RX7
Coimbatore,2018,Petrol,Manual,First,20.73,1373,5,8.76,Maruti,Ciaz 1.4 Delta
Kochi,2014,Petrol,Automatic,First,11.8,3498,7,23.68,Mercedes-Benz,R-Class R350 4Matic Long
Chennai,2017,Petrol,Automatic,First,22.0,1197,5,5.5,Maruti,Dzire AMT VXI
Coimbatore,2013,Diesel,Automatic,Second,11.49,4367,5,65.81,Land,Rover Range Rover Vogue SE 4.4 SDV8
Kolkata,2013,Diesel,Manual,First,19.01,1461,5,4.99,Renault,Duster 110PS Diesel RxZ
Chennai,2013,Diesel,Manual,Second,22.32,1582,5,5.7,Hyundai,Verna 1.6 SX
Coimbatore,2016,Petrol,Automatic,First,14.28,1798,5,11.99,Toyota,Corolla Altis 1.8 VL CVT
Mumbai,2016,Diesel,Automatic,Second,21.76,1995,5,29.99,BMW,3 Series Sport
Chennai,2018,Petrol,Manual,First,18.88,1499,5,9.5,Ford,EcoSport 1.5 Ti VCT MT Signature
Hyderabad,2014,Diesel,Manual,First,25.2,1248,5,5.5,Maruti,Swift VDI BSIV
Bangalore,2016,Diesel,Automatic,First,11.72,2199,7,23.0,Hyundai,Santa Fe 4x4 AT
Hyderabad,2013,Diesel,Manual,First,17.2,1396,5,2.95,Tata,Indica V2 DLS
Kochi,2015,Diesel,Manual,First,24.0,1120,5,4.9,Hyundai,Grand i10 CRDi Sportz
Chennai,2006,Petrol,Manual,Third,0.0,1086,5,1.3,Hyundai,Santro Xing XL
Delhi,2016,Petrol,Automatic,First,22.5,998,5,4.25,Maruti,Wagon R VXI AMT
Kochi,2018,Diesel,Manual,First,16.0,2179,7,16.36,Mahindra,XUV500 W10 2WD
Kolkata,2009,Diesel,Automatic,First,16.55,1968,5,9.95,Audi,A4 2.0 TDI
Bangalore,2012,Diesel,Manual,First,20.54,1598,5,5.5,Volkswagen,Vento Diesel Highline
Delhi,2016,Diesel,Manual,First,24.3,1248,5,8.25,Maruti,Vitara Brezza ZDi Plus Dual Tone
Chennai,2002,Petrol,Manual,First,17.3,993,5,0.95,Maruti,Zen LX
Kochi,2016,Petrol,Manual,First,19.81,1086,5,4.01,Hyundai,i10 Era
Kochi,2019,Petrol,Manual,First,17.5,1199,5,8.2,Honda,WR-V Edge Edition i-VTEC S
Chennai,2014,Diesel,Manual,Second,25.1,1498,5,6.2,Honda,City i DTEC VX
Chennai,2012,Diesel,Automatic,First,11.5,2982,7,16.75,Toyota,Fortuner 4x2 4 Speed AT
Delhi,2017,Diesel,Automatic,First,16.0,2179,7,16.5,Mahindra,XUV500 AT W10 FWD
Mumbai,2007,Diesel,Manual,Third,10.9,2499,7,3.75,Ford,Endeavour XLT TDCi 4X4
Kolkata,2012,Diesel,Manual,First,20.0,1399,5,3.5,Ford,Figo Diesel ZXI
Coimbatore,2017,Petrol,Automatic,Second,19.0,1199,5,5.43,Honda,Jazz 1.2 V CVT i VTEC
Coimbatore,2017,Diesel,Automatic,First,10.91,3198,7,30.35,Ford,Endeavour 3.2 Titanium AT 4X4
Hyderabad,2014,Petrol,Automatic,First,17.97,1498,5,7.99,Nissan,Sunny XL CVT
Coimbatore,2011,Diesel,Manual,First,18.7,1896,5,3.59,Skoda,Octavia Ambiente 1.9 TDI MT
Chennai,2012,Diesel,Manual,First,25.44,936,5,1.9,Chevrolet,Beat Diesel LT
Chennai,2009,Petrol,Automatic,First,12.1,2362,5,4.7,Toyota,Camry W2 (AT)
Chennai,2012,Diesel,Manual,First,19.01,1461,5,7.25,Renault,Duster 110PS Diesel RxZ
Kochi,2016,Diesel,Automatic,First,17.9,2143,5,24.46,Mercedes-Benz,GLA Class 200 d Style
Pune,2014,Petrol,Manual,Second,17.57,1193,5,3.9,Tata,Zest Revotron 1.2T XMS
Coimbatore,2013,Petrol,Manual,First,18.5,1197,5,5.15,Hyundai,i20 1.2 Magna
Mumbai,2015,Petrol,Automatic,First,21.5,1197,5,3.65,Maruti,Wagon R VXI AMT1.2
Kolkata,2016,Diesel,Manual,First,25.4,1186,5,5.0,Hyundai,Xcent 1.2 CRDi S
Kolkata,2009,Petrol,Manual,First,17.0,1497,5,2.3,Honda,City 1.5 S MT
Pune,2001,Petrol,Manual,Second,13.2,1495,5,0.75,Hyundai,Accent GLE
Kochi,2009,Petrol,Manual,Second,13.9,1599,5,1.85,Hyundai,Verna Xi (Petrol)
Kolkata,2010,Petrol,Manual,First,15.6,1196,5,1.8,Ford,Figo Petrol ZXI
Kochi,2014,Diesel,Manual,First,25.8,1498,5,4.41,Honda,Amaze S i-Dtech
Chennai,2006,Petrol,Manual,First,18.9,998,5,2.0,Maruti,Wagon R LX BSII
Hyderabad,2014,Diesel,Manual,First,17.8,1248,5,5.55,Maruti,Swift VDI BSIV
Bangalore,2014,Diesel,Automatic,First,13.0,2987,5,31.75,Mercedes-Benz,E-Class Facelift
Bangalore,2015,Diesel,Automatic,First,17.68,1968,5,32.0,Audi,A6 2011-2015 35 TDI Technology
Hyderabad,2010,Diesel,Automatic,First,13.5,2987,5,21.0,Mercedes-Benz,S Class 2005 2013 S 350 CDI
Ahmedabad,2010,Diesel,Manual,First,19.3,1248,5,2.75,Maruti,Swift Dzire LDi
Coimbatore,2005,Petrol,Manual,First,13.4,1794,5,2.64,Toyota,Corolla H2
Kochi,2018,Diesel,Manual,First,15.4,2179,7,14.19,Mahindra,Scorpio S10 7 Seater
Jaipur,2017,Petrol,Manual,First,22.5,998,5,3.85,Maruti,Wagon R VXI
Delhi,2014,Diesel,Manual,First,13.0,2982,7,15.5,Toyota,Fortuner 4x2 Manual
Mumbai,2010,Petrol,Manual,First,18.2,1061,5,1.9,Maruti,Zen Estilo 1.1 LX BSIII
Kochi,2014,Petrol,Manual,First,25.4,624,4,1.26,Tata,Nano CX
Chennai,2009,Petrol,Manual,Second,18.5,1197,5,2.4,Hyundai,i20 Magna
Bangalore,2010,Diesel,Automatic,First,22.69,1995,5,11.5,BMW,3 Series 320d
Jaipur,2014,Diesel,Manual,First,16.0,2179,7,8.25,Mahindra,XUV500 W6 2WD
Pune,2011,Petrol,Manual,First,15.8,1598,5,2.75,Volkswagen,Vento IPL II Petrol Trendline
Delhi,2009,Petrol,Manual,Second,17.5,1198,5,1.4,Skoda,Fabia 1.2 MPI Classic
Coimbatore,2015,Petrol,Manual,First,25.4,624,4,2.9,Tata,Nano Twist XT
Chennai,2011,Diesel,Manual,First,20.0,1399,5,2.4,Ford,Figo Diesel EXI
Pune,2013,Petrol,Automatic,First,14.8,1598,5,4.75,Volkswagen,Vento IPL II Petrol Highline AT
Kochi,2018,Diesel,Automatic,First,12.7,2179,5,44.76,Land,Rover Range Rover HSE Dynamic
Kochi,2015,Diesel,Manual,First,26.0,1498,5,6.22,Honda,City i DTEC SV
Chennai,2018,Petrol,Automatic,First,22.5,999,5,4.5,Renault,KWID Climber 1.0 AMT
Mumbai,2015,Petrol,Manual,First,18.9,1197,5,4.25,Hyundai,Grand i10 Asta Option
Hyderabad,2011,Diesel,Automatic,First,18.1,1991,4,5.5,Chevrolet,Cruze LTZ AT
Mumbai,2017,Diesel,Manual,First,22.54,1396,5,6.95,Hyundai,i20 1.4 Asta
Coimbatore,2018,Petrol,Automatic,First,24.07,998,5,4.56,Maruti,Alto K10 VXI AGS
Coimbatore,2016,Diesel,Manual,First,20.5,1582,5,13.82,Hyundai,Creta 1.6 SX Option Diesel
Mumbai,2016,Petrol,Manual,First,18.0,1198,5,5.65,Honda,Amaze VX i-Vtech
Kochi,2016,Diesel,Manual,First,21.19,1396,5,6.2,Hyundai,i20 Active 1.4 SX Dual Tone
Delhi,2014,Petrol,Manual,First,23.1,998,5,3.25,Maruti,Celerio VXI
Kolkata,2009,Diesel,Automatic,First,16.55,1968,5,8.5,Audi,A4 2.0 TDI
Bangalore,2016,Diesel,Manual,First,24.8,1396,5,7.25,Hyundai,Verna 1.4 CRDi
Pune,2013,Diesel,Manual,First,21.8,1461,5,4.61,Renault,Fluence Diesel E4
Delhi,2016,Petrol,Manual,First,16.2,1199,5,5.3,Volkswagen,Polo 1.2 MPI Highline
Ahmedabad,2012,Diesel,Manual,First,17.0,1405,5,1.9,Tata,Indigo LX
Kochi,2012,Petrol,Manual,First,20.36,1197,5,3.09,Hyundai,i10 Sportz
Mumbai,2007,Diesel,Automatic,Second,16.46,2993,5,9.5,BMW,7 Series 730Ld Sedan
Mumbai,2015,Diesel,Automatic,First,17.01,1582,5,12.65,Hyundai,Creta 1.6 CRDi AT SX Plus
Delhi,2016,Petrol,Manual,First,18.9,1197,5,4.25,Hyundai,Grand i10 Magna
Hyderabad,2011,Diesel,Manual,First,21.1,1248,5,2.95,Maruti,Ritz VDi
Hyderabad,2006,Diesel,Manual,First,10.5,2179,8,3.45,Mahindra,Scorpio 2.6 SLX CRDe
Hyderabad,2011,Petrol,Manual,First,19.81,1086,5,3.3,Hyundai,i10 Era
Hyderabad,2014,Diesel,Manual,First,14.0,2179,7,8.0,Tata,Safari Storme 2012-2015 VX
Kolkata,2009,Petrol,Manual,First,13.5,1799,5,2.71,Honda,Civic 2006-2010 1.8 V MT
Hyderabad,2012,Petrol,Manual,First,18.2,998,5,2.7,Maruti,Zen Estilo LXI BSIII
Mumbai,2012,Diesel,Manual,Second,23.4,1248,5,4.5,Maruti,Swift Dzire VDI
Delhi,2015,Diesel,Manual,Second,13.0,2982,7,18.75,Toyota,Fortuner 4x2 Manual
Pune,2014,Diesel,Manual,Second,28.4,1248,5,5.25,Maruti,Swift VDI
Hyderabad,2012,LPG,Manual,First,26.2,998,5,3.2,Maruti,Wagon R Duo LX BSIII
Pune,2017,Diesel,Manual,First,28.4,1248,5,6.0,Maruti,Dzire LDI
Kolkata,2014,Petrol,Manual,First,18.9,1197,5,3.14,Hyundai,Grand i10 Asta
Jaipur,2016,Petrol,Manual,First,25.17,799,5,2.55,Renault,KWID RXL
Jaipur,2012,Petrol,Manual,Second,15.64,1193,5,2.3,Tata,Indigo CS eGLX BS IV
Hyderabad,2014,Diesel,Manual,First,20.0,1399,5,5.65,Ford,Figo Diesel Titanium
Kochi,2015,Diesel,Automatic,First,15.15,2967,5,48.22,Porsche,Cayenne 2009-2014 Diesel
Jaipur,2016,Petrol,Manual,First,24.07,998,5,3.0,Maruti,Alto K10 VXI
Ahmedabad,2015,Diesel,Manual,First,20.34,1498,5,7.5,Volkswagen,Vento 1.5 TDI Highline
Bangalore,2005,Diesel,Manual,First,10.5,2179,8,2.6,Mahindra,Scorpio 2.6 SLX CRDe
Mumbai,2018,Diesel,Automatic,First,18.56,1995,5,61.25,BMW,X3 xDrive 20d Luxury Line
Chennai,2009,Petrol,Manual,Second,17.0,1497,5,3.5,Honda,City 1.5 V MT
Kochi,2016,Petrol,Automatic,First,17.44,1998,4,28.95,Mini,Cooper 3 DOOR S
Pune,2015,Diesel,Automatic,First,13.5,2477,6,15.0,Mitsubishi,Pajero Sport 4X4 AT
Jaipur,2012,Diesel,Manual,First,19.3,1248,5,4.25,Maruti,Swift Dzire VDi
Hyderabad,2006,Petrol,Automatic,First,8.6,5998,4,59.0,Bentley,Continental Flying Spur
Pune,2013,Diesel,Manual,First,20.77,1248,7,6.6,Maruti,Ertiga VDI
Hyderabad,2007,Diesel,Manual,Second,12.8,2494,7,5.2,Toyota,Innova 2.5 G4 Diesel 7-seater
Chennai,2010,Petrol,Manual,First,11.7,1796,5,10.0,Mercedes-Benz,New C-Class C 200 Kompressor Elegance MT
Bangalore,2016,Diesel,Automatic,First,14.84,2143,5,35.0,Mercedes-Benz,New C-Class C 220 CDI BE Avantgare
Mumbai,2017,Diesel,Manual,First,22.7,1498,5,8.75,Ford,Ecosport 1.5 DV5 MT Titanium Optional
Coimbatore,2015,Petrol,Manual,First,17.71,1197,5,4.57,Toyota,Etios Liva 1.2 G
Delhi,2012,Petrol,Manual,First,20.36,1197,5,2.5,Hyundai,i10 Magna 1.2
Chennai,2005,Petrol,Manual,First,0.0,999,5,1.75,Hyundai,Santro LP - Euro II
Kochi,2014,Diesel,Automatic,First,12.39,2179,5,20.11,Land,Rover Freelander 2 SE
Hyderabad,2011,Diesel,Manual,First,12.8,2494,8,7.8,Toyota,Innova 2.5 V Diesel 8-seater
Coimbatore,2011,Petrol,Manual,First,18.5,1197,5,3.61,Hyundai,i20 1.2 Magna
Pune,2007,Petrol,Manual,Second,17.0,1086,5,1.11,Hyundai,Santro Xing XO eRLX Euro II
Mumbai,2015,Petrol,Automatic,First,19.15,1198,5,4.6,Nissan,Micra XV CVT
Ahmedabad,2015,Diesel,Automatic,First,15.87,2993,5,85.0,BMW,X6 xDrive 40d M Sport
Kolkata,2015,Petrol,Automatic,First,16.8,1497,5,5.25,Honda,City 1.5 V AT
Delhi,2013,Diesel,Manual,Second,25.8,1498,5,3.3,Honda,Amaze E i-Dtech
Bangalore,2013,Diesel,Manual,Second,11.5,2982,7,17.75,Toyota,Fortuner 3.0 Diesel
Delhi,2016,Diesel,Automatic,First,12.97,2179,5,35.0,Land,Rover Discovery Sport SD4 HSE Luxury
Coimbatore,2016,Diesel,Manual,First,19.67,1582,5,13.39,Hyundai,Creta 1.6 CRDi SX
Chennai,2012,Diesel,Manual,First,25.44,936,5,2.5,Chevrolet,Beat Diesel LT
Kochi,2017,Diesel,Automatic,First,11.36,2755,7,18.36,Toyota,Innova Crysta 2.8 GX AT
Jaipur,2015,Diesel,Manual,First,23.4,1248,5,5.95,Maruti,Swift Dzire VDI
Mumbai,2015,Diesel,Manual,Second,19.67,1582,5,11.0,Hyundai,Creta 1.6 CRDi SX Option
Delhi,2014,Diesel,Automatic,Second,12.65,2993,5,64.75,Land,Rover Range Rover Sport SE
Hyderabad,2017,Diesel,Manual,First,25.8,1498,5,6.3,Honda,Amaze VX i-DTEC
Kochi,2017,Petrol,Manual,First,15.29,1591,5,11.94,Hyundai,Creta 1.6 SX Plus Dual Tone Petrol
Mumbai,2014,Petrol,Automatic,First,18.19,1197,5,5.95,Volkswagen,Vento Sport 1.2 TSI AT
Ahmedabad,2017,Diesel,Manual,First,26.0,1498,5,11.0,Honda,City i DTec VX
Coimbatore,2017,Petrol,Manual,First,15.29,1591,5,12.53,Hyundai,Creta 1.6 SX Plus Dual Tone Petrol
Bangalore,2012,Diesel,Manual,Second,20.0,1399,5,3.75,Ford,Figo Diesel Titanium
Pune,2014,Diesel,Automatic,First,14.69,2993,5,27.0,BMW,5 Series 2013-2017 530d M Sport
Pune,2012,Diesel,Manual,First,10.5,2835,6,9.95,Mitsubishi,Pajero 2.8 SFX 7Str
Jaipur,2013,Diesel,Manual,First,19.87,1461,5,4.2,Renault,Duster 85PS Diesel RxL Option
Delhi,2010,Petrol,Manual,Second,21.1,1197,5,2.0,Maruti,Ritz VXI
Kolkata,2013,Petrol,Manual,First,18.9,1197,5,3.25,Hyundai,Grand i10 Sportz
Bangalore,2017,Diesel,Automatic,First,17.9,2143,5,34.0,Mercedes-Benz,GLA Class 200 CDI SPORT
Coimbatore,2016,Diesel,Automatic,First,22.48,1995,5,30.37,BMW,5 Series 520d Luxury Line
Kochi,2018,Petrol,Automatic,First,13.0,1591,5,12.6,Hyundai,Creta 1.6 SX Plus Petrol Automatic
Kochi,2019,Petrol,Manual,First,25.17,799,5,5.09,Renault,KWID RXT Optional
Bangalore,2014,Diesel,Automatic,First,14.94,2967,5,24.5,Audi,A4 3.0 TDI Quattro
Kochi,2018,Diesel,Manual,Second,28.09,1248,5,7.97,Maruti,Ciaz VDI SHVS
Delhi,2011,Petrol,Manual,First,16.0,1198,5,2.9,Honda,Jazz S
Kochi,2016,Diesel,Automatic,First,22.69,1995,5,21.33,BMW,3 Series 320d Luxury Line
Bangalore,2012,Diesel,Automatic,Second,19.08,1582,5,6.5,Hyundai,Verna SX CRDi AT
Coimbatore,2016,Diesel,Manual,First,21.38,1396,5,12.15,Hyundai,Creta 1.4 CRDi S Plus
Kolkata,2014,Petrol,Manual,First,15.04,1598,5,4.25,Volkswagen,Vento 2013-2015 1.6 Comfortline
Coimbatore,2017,Diesel,Automatic,First,21.76,1995,5,35.84,BMW,3 Series Luxury Line
Chennai,2004,Petrol,Automatic,Third,14.4,1997,5,3.0,Honda,CR-V Petrol 2WD
Chennai,2012,Diesel,Manual,First,19.72,1461,5,6.75,Renault,Duster 110PS Diesel RxZ AWD
Bangalore,2014,Petrol,Manual,Second,18.6,1197,5,5.65,Hyundai,i20 Asta 1.2
Pune,2013,Diesel,Automatic,Second,16.96,1968,5,7.5,Volkswagen,Jetta 2013-2015 2.0L TDI Highline AT
Kochi,2018,Diesel,Manual,First,19.67,1582,5,13.34,Hyundai,Creta 1.6 SX Plus Diesel
Hyderabad,2016,Diesel,Manual,First,28.09,1248,5,7.9,Maruti,Ciaz VDI SHVS
Coimbatore,2015,Diesel,Manual,First,22.54,1396,5,6.98,Hyundai,i20 Asta 1.4 CRDi
Mumbai,2014,Petrol,Manual,First,17.01,1591,5,5.75,Hyundai,Verna 1.6 SX VTVT
Kolkata,2012,Diesel,Manual,First,22.07,1199,5,2.65,Volkswagen,Polo Diesel Trendline 1.2L
Kolkata,2011,Diesel,Manual,First,22.07,1199,5,2.49,Volkswagen,Polo Diesel Trendline 1.2L
Pune,2007,Petrol,Manual,Second,15.0,1586,5,1.5,Maruti,SX4 Vxi BSIII
Kochi,2016,Diesel,Manual,First,24.5,1498,7,6.5,Honda,Mobilio RS Option i DTEC
Hyderabad,2013,Diesel,Manual,First,19.64,1461,5,8.0,Renault,Duster 110PS Diesel RxZ Plus
Coimbatore,2019,Diesel,Automatic,First,12.9,2755,7,30.85,Toyota,Fortuner 2.8 2WD AT
Kochi,2014,Diesel,Automatic,First,14.7,1984,5,17.15,Volvo,XC60 D4 SUMMUM
Hyderabad,2014,Petrol,Automatic,First,23.1,998,5,4.55,Maruti,Celerio VXI AT
Hyderabad,2015,Diesel,Manual,Second,26.21,1248,5,7.4,Maruti,Ciaz ZDi Plus
Kochi,2013,Diesel,Automatic,First,12.8,1968,5,25.64,Audi,Q5 2008-2012 2.0 TDI
Kolkata,2013,Diesel,Automatic,Second,17.05,1995,5,13.5,BMW,X1 sDrive 20d Sportline
Bangalore,2013,Petrol,Manual,First,15.6,1196,5,3.55,Ford,Figo Petrol ZXI
Ahmedabad,2018,Diesel,Manual,First,22.7,1582,5,15.0,Hyundai,Elantra CRDi SX
Pune,2007,Petrol,Manual,Second,13.9,1599,5,1.95,Hyundai,Verna 1.6 i ABS
Pune,2006,Petrol,Manual,Second,13.5,1799,5,2.3,Honda,Civic 2006-2010 1.8 S MT
Chennai,2013,Diesel,Manual,Second,12.55,2982,7,15.0,Toyota,Fortuner 4x4 MT
Chennai,2012,Petrol,Manual,First,20.36,1197,5,3.15,Hyundai,i10 Sportz
Hyderabad,2012,Diesel,Manual,First,21.64,1461,5,5.0,Nissan,Sunny 2011-2014 Diesel XL
Jaipur,2013,Diesel,Automatic,Second,18.12,1995,5,24.75,BMW,5 Series 2013-2017 520d Luxury Line
Pune,2008,Diesel,Manual,Second,16.52,1991,5,2.6,Chevrolet,Optra Magnum 2.0 LT
Ahmedabad,2011,Petrol,Manual,First,20.36,1197,5,3.75,Hyundai,i10 Asta
Ahmedabad,2009,Diesel,Manual,Second,17.5,1896,5,4.85,Skoda,Laura Ambiente
Jaipur,2013,Diesel,Automatic,First,10.0,2148,5,27.0,Mercedes-Benz,E-Class 2009-2013 E 220 CDI Avantgarde
Kolkata,2014,Diesel,Manual,First,25.8,1498,5,3.0,Honda,Amaze SX i-DTEC
Delhi,2017,Diesel,Automatic,First,20.68,1995,5,28.75,BMW,X1 xDrive 20d xLine
Hyderabad,2016,Diesel,Manual,First,12.99,2494,8,14.49,Toyota,Innova 2.5 G (Diesel) 8 Seater
Delhi,2013,Diesel,Automatic,First,7.5,4806,4,72.0,Porsche,Panamera 2010 2013 Diesel
Chennai,2012,Diesel,Manual,Second,22.71,1461,5,4.0,Nissan,Sunny XV D
Delhi,2015,Diesel,Manual,Second,26.59,1248,5,4.5,Maruti,Swift Dzire LDI
Mumbai,2019,Petrol,Automatic,First,21.5,1197,5,6.25,Maruti,Wagon R ZXI AMT 1.2
Pune,2015,Diesel,Automatic,Second,16.96,1968,5,11.5,Volkswagen,Jetta 2013-2015 2.0L TDI Highline AT
Pune,2009,Petrol,Manual,Third,9.8,2354,5,3.1,Honda,Accord 2.4 Inspire M/T
Mumbai,2018,Petrol,Manual,First,17.8,1497,5,10.11,Honda,City i VTEC V
Coimbatore,2019,Petrol,Manual,First,17.01,1591,5,11.54,Hyundai,Verna 1.6 SX VTVT
Delhi,2006,Petrol,Manual,Second,18.9,998,5,1.0,Maruti,Wagon R LX BSII
Kolkata,2013,Diesel,Manual,Second,23.4,1248,5,2.5,Maruti,Swift Dzire Tour LDI
Kochi,2011,Petrol,Automatic,First,9.74,1984,5,18.0,Audi,Q5 2008-2012 2.0 TFSI Quattro
Coimbatore,2018,Diesel,Manual,First,23.59,1364,5,6.85,Toyota,Etios Cross 1.4 GD
Kochi,2012,Petrol,Manual,First,19.81,1086,5,2.97,Hyundai,i10 Era 1.1 iTech SE
Pune,2013,Petrol,Manual,First,17.01,1591,5,4.75,Hyundai,Verna 1.6 VTVT
Coimbatore,2018,Diesel,Manual,First,20.14,1498,5,7.38,Volkswagen,Polo 1.5 TDI Highline
Delhi,2017,Diesel,Automatic,First,22.48,1995,5,42.75,BMW,5 Series 520d Sport Line
Bangalore,2010,Diesel,Manual,Second,23.0,1396,5,3.65,Hyundai,i20 1.4 Asta Optional With Sunroof
Kochi,2017,Petrol,Automatic,First,18.9,1197,5,5.99,Hyundai,Grand i10 Asta Option AT
Pune,2012,Diesel,Automatic,First,11.5,2982,7,13.5,Toyota,Fortuner 4x2 4 Speed AT
Chennai,2016,Petrol,Automatic,First,21.4,1197,5,7.0,Maruti,Baleno Zeta Automatic
Hyderabad,2016,Petrol,Automatic,First,13.0,1591,5,10.95,Hyundai,Creta 1.6 SX Plus Petrol Automatic
Pune,2013,Petrol,Manual,Third,20.36,1197,5,2.95,Hyundai,i10 Sportz
Ahmedabad,2017,Diesel,Manual,First,24.7,1047,5,5.5,Tata,Tigor XE Diesel
Kochi,2017,Petrol,Automatic,First,14.67,1798,5,17.08,Skoda,Superb Style 1.8 TSI AT
Hyderabad,2015,Diesel,Manual,First,26.59,1248,5,6.85,Maruti,Swift Dzire VDI
Jaipur,2014,Petrol,Automatic,First,13.1,1997,5,10.5,Honda,CR-V 2.0 AT
Hyderabad,2010,Diesel,Manual,First,12.8,2494,8,8.75,Toyota,Innova 2.5 G (Diesel) 8 Seater BS IV
Kolkata,2010,Petrol,Manual,First,17.0,1497,5,2.7,Honda,City 1.5 V MT
Mumbai,2012,Petrol,Automatic,First,17.0,1591,5,4.25,Hyundai,Verna VTVT 1.6 AT SX Plus
Pune,2018,Diesel,Manual,First,23.59,1364,5,7.9,Toyota,Etios 1.4 VXD
Delhi,2011,Petrol,Automatic,Second,13.7,1798,5,4.5,Skoda,Superb Elegance 1.8 TSI AT
Kolkata,2012,Diesel,Manual,First,21.64,1461,5,4.0,Nissan,Sunny 2011-2014 Diesel XV
Delhi,2012,Petrol,Manual,First,17.0,1497,5,4.75,Honda,City 1.5 V MT Exclusive
Kolkata,2018,Diesel,Manual,First,22.54,1396,5,7.65,Hyundai,Elite i20 Diesel Asta Option
Kochi,2013,Petrol,Manual,Second,17.4,1599,5,3.47,Chevrolet,Optra 1.6 LT Royale
Kochi,2016,Petrol,Manual,First,18.0,1198,5,5.64,Honda,Amaze S i-Vtech
Kolkata,2013,Petrol,Manual,First,16.47,1198,5,2.95,Volkswagen,Polo Petrol Comfortline 1.2L
Jaipur,2016,Diesel,Manual,First,22.9,1248,5,5.65,Maruti,Swift VDI
Kochi,2012,Diesel,Automatic,First,11.4,2953,7,8.41,Ford,Endeavour 3.0L 4X4 AT
Pune,2006,Petrol,Manual,Third,15.4,1590,5,0.85,Maruti,Baleno LXI
Pune,2003,Petrol,Manual,Second,18.9,998,5,0.8,Maruti,Wagon R LX
Coimbatore,2014,Diesel,Manual,First,20.14,1498,5,5.65,Volkswagen,Polo 1.5 TDI Highline
Kolkata,2013,Petrol,Manual,First,17.1,1591,5,4.5,Hyundai,Verna 1.6 SX VTVT (O)
Ahmedabad,2015,Diesel,Manual,First,28.09,1248,5,6.9,Maruti,Ciaz ZDi Plus SHVS
Mumbai,2001,Diesel,Manual,Fourth & Above,0.0,2446,8,2.2,Toyota,Qualis Fleet A3
Jaipur,2013,Diesel,Manual,First,21.64,1461,5,4.0,Nissan,Sunny 2011-2014 Diesel XL
Mumbai,2015,Petrol,Manual,First,15.0,1598,5,5.6,Skoda,Rapid 1.6 MPI Ambition With Alloy Wheel
Delhi,2016,Petrol,Manual,First,15.1,1196,7,2.2,Maruti,Eeco 7 Seater Standard
Bangalore,2013,Petrol,Manual,First,15.0,1598,5,4.0,Skoda,Rapid Ultima 1.6 MPI Ambition Plus
Jaipur,2014,Diesel,Manual,Second,12.55,2982,7,16.0,Toyota,Fortuner 4x4 MT
Mumbai,2016,Diesel,Manual,First,19.67,1582,5,12.6,Hyundai,Creta 1.6 CRDi SX
Kochi,2014,Petrol,Manual,First,18.5,1197,5,4.79,Hyundai,i20 Magna Optional 1.2
Mumbai,2015,CNG,Manual,First,26.6,998,5,3.65,Maruti,Wagon R LXI CNG
Kochi,2016,Diesel,Manual,First,26.0,1498,5,6.83,Honda,City i DTEC V
Jaipur,2002,Petrol,Manual,First,16.1,796,4,0.51,Maruti,800 Std
Pune,2006,Petrol,Manual,Second,13.8,1299,5,0.69,Ford,Ikon 1.3 Flair
Delhi,2015,Petrol,Manual,First,20.85,1197,5,4.65,Maruti,Swift Dzire LXI
Kolkata,2014,Petrol,Manual,First,16.8,1497,5,6.49,Honda,City 1.5 V MT Sunroof
Chennai,2009,Diesel,Manual,First,16.8,1493,5,2.9,Hyundai,Verna CRDi
Delhi,2016,Petrol,Manual,First,17.01,1591,5,7.4,Hyundai,Verna 1.6 SX VTVT
Bangalore,2016,Petrol,Manual,Second,25.17,799,5,3.25,Renault,KWID RXT
Ahmedabad,2008,Petrol,Manual,Second,18.9,998,5,1.95,Maruti,Wagon R LXI
Jaipur,2015,Petrol,Manual,Second,18.9,1197,5,4.0,Hyundai,Grand i10 Sportz
Delhi,2017,Petrol,Manual,First,18.6,1197,5,6.85,Hyundai,i20 1.2 Asta
Coimbatore,2015,Petrol,Manual,First,18.0,1198,5,5.45,Honda,Amaze S i-Vtech
Hyderabad,2007,Diesel,Manual,First,17.8,1399,5,1.99,Ford,Fiesta 1.4 Duratorq ZXI
Hyderabad,2014,Diesel,Automatic,First,19.08,1582,5,8.99,Hyundai,Verna SX CRDi AT
Kolkata,2014,Diesel,Manual,First,23.59,1364,5,6.5,Toyota,Etios VD SP
Coimbatore,2018,Petrol,Automatic,First,19.0,1199,5,9.27,Honda,Jazz 1.2 V CVT i VTEC
Ahmedabad,2015,Diesel,Manual,First,23.9,1582,5,6.99,Hyundai,Verna 1.6 CRDi SX
Coimbatore,2019,Diesel,Automatic,First,17.9,2143,5,36.76,Mercedes-Benz,CLA 200 D Sport Edition
Kochi,2017,Petrol,Automatic,First,14.7,1798,5,17.08,Skoda,Octavia Elegance 1.8 TSI AT
Kolkata,2013,Diesel,Manual,First,25.44,936,5,2.8,Chevrolet,Beat Diesel LS
Kolkata,2011,Diesel,Manual,First,22.07,1199,5,2.49,Volkswagen,Polo Diesel Trendline 1.2L
Jaipur,2016,Diesel,Manual,First,23.65,1248,5,8.85,Maruti,SX4 S Cross DDiS 200 Zeta
Ahmedabad,2011,Petrol,Manual,First,16.8,1497,5,4.15,Honda,City V MT
Hyderabad,2017,Diesel,Manual,First,20.64,1498,5,10.0,Volkswagen,Vento 1.5 TDI Highline
Delhi,2017,Petrol,Manual,First,18.9,1197,5,4.75,Hyundai,Grand i10 1.2 Kappa Magna
Jaipur,2017,Petrol,Automatic,First,24.04,999,5,3.2,Renault,KWID AMT RXL
Kochi,2017,Petrol,Manual,First,22.74,796,5,3.28,Maruti,Alto 800 LXI
Bangalore,2013,Petrol,Manual,First,15.8,1499,5,7.5,Ford,Ecosport 1.5 Ti VCT MT Titanium
Coimbatore,2018,Petrol,Manual,First,21.4,1197,5,7.39,Maruti,Baleno Zeta
Pune,2013,Diesel,Manual,First,23.2,1248,5,3.65,Maruti,Ritz VDi
Chennai,2007,Diesel,Automatic,First,11.0,2987,5,11.0,Mercedes-Benz,E-Class 280 CDI
Kolkata,2012,Diesel,Manual,First,23.2,1248,5,3.0,Maruti,Ritz VDi
Chennai,2012,Diesel,Manual,Second,25.44,936,5,2.25,Chevrolet,Beat Diesel LT
Kochi,2010,Petrol,Manual,First,15.5,1586,5,2.83,Maruti,SX4 Vxi BSIV
Coimbatore,2019,Petrol,Manual,First,14.0,796,5,4.11,Maruti,Omni 5 Seater BSIV
Kolkata,2014,Diesel,Manual,First,13.5,2477,7,14.7,Mitsubishi,Pajero Sport Anniversary Edition
Pune,2013,Petrol,Automatic,First,13.0,2987,5,25.0,Mercedes-Benz,S Class 2005 2013 S 300 L
Bangalore,2015,Diesel,Manual,First,25.44,936,5,2.35,Chevrolet,Beat Diesel LS
Coimbatore,2017,Diesel,Manual,Second,25.83,1498,5,6.41,Ford,Figo 2015-2019 1.5D Titanium MT
Ahmedabad,2012,Petrol,Manual,First,17.4,1497,5,5.75,Honda,City i-VTEC VX
Chennai,2016,Diesel,Automatic,Second,17.9,2143,5,17.55,Mercedes-Benz,GLA Class 200 CDI SPORT
Jaipur,2015,Diesel,Manual,First,21.38,1396,5,10.25,Hyundai,Creta 1.4 CRDi S Plus
Kochi,2012,Diesel,Manual,First,17.8,1399,5,3.16,Ford,Fiesta Classic 1.4 Duratorq CLXI
Bangalore,2014,Diesel,Automatic,Second,16.55,1968,5,22.5,Audi,A4 2.0 TDI
Kochi,2015,Petrol,Manual,First,19.81,1086,5,3.55,Hyundai,i10 Magna 1.1
Kochi,2010,Petrol,Automatic,First,12.05,1995,5,9.86,BMW,3 Series 320i Sedan
Chennai,2013,Diesel,Automatic,First,16.46,2993,5,45.0,BMW,7 Series 730Ld
Kochi,2017,Petrol,Manual,First,17.01,1591,5,7.99,Hyundai,Verna 1.6 SX VTVT
Jaipur,2017,Diesel,Automatic,First,22.0,1498,5,6.5,Volkswagen,Ameo 1.5 TDI Comfortline AT
Kolkata,2007,Petrol,Manual,First,14.49,1399,5,0.75,Chevrolet,Aveo 1.4 LS
Coimbatore,2018,Diesel,Manual,Second,18.3,1991,5,9.87,Chevrolet,Cruze LTZ
Kochi,2018,Diesel,Manual,Second,22.54,1396,5,6.36,Hyundai,i20 1.4 Sportz
Mumbai,2017,Petrol,Automatic,First,16.0,1497,7,9.5,Honda,BRV i-VTEC V CVT
Kochi,2017,Petrol,Manual,First,19.1,1197,5,6.05,Hyundai,Xcent 1.2 Kappa SX
Mumbai,2013,CNG,Manual,First,30.46,796,5,2.15,Maruti,Alto 800 CNG LXI
Hyderabad,2015,Diesel,Manual,First,24.0,1120,5,5.5,Hyundai,Grand i10 CRDi Sportz
Kolkata,2007,Petrol,Manual,Second,19.7,796,5,1.25,Maruti,Alto LXi
Coimbatore,2015,Diesel,Manual,First,12.99,2494,7,11.99,Toyota,Innova 2.5 VX (Diesel) 7 Seater
Mumbai,2010,Petrol,Automatic,Second,16.95,1197,5,2.5,Hyundai,i10 Sportz 1.2 AT
Kochi,2019,Petrol,Automatic,First,18.0,1497,5,11.66,Honda,City i-VTEC CVT V
Jaipur,1998,Petrol,Manual,Third,17.3,993,5,0.53,Maruti,Zen LX
Kolkata,2015,Petrol,Manual,First,20.51,998,5,3.1,Maruti,Wagon R LXI BS IV
Hyderabad,2012,Diesel,Manual,Second,20.0,1399,5,2.6,Ford,Figo Diesel Titanium
Kochi,2015,Petrol,Manual,First,18.0,1198,5,5.09,Honda,Amaze S i-Vtech
Hyderabad,2008,Petrol,Manual,First,13.2,1495,5,2.3,Hyundai,Accent GLE
Pune,2012,Diesel,Manual,First,22.32,1582,5,6.0,Hyundai,Verna 1.6 SX CRDi (O)
Ahmedabad,2013,Diesel,Manual,First,25.2,1248,5,4.4,Maruti,Swift ZDi
Delhi,2013,Petrol,Automatic,Second,14.8,1595,5,11.0,Mercedes-Benz,B Class B180
Coimbatore,2014,Diesel,Manual,First,17.3,1998,5,5.7,Chevrolet,Cruze LTZ
Chennai,2013,Diesel,Automatic,First,20.0,1968,5,6.95,Skoda,Laura Ambiente 2.0 TDI CR AT
Hyderabad,2014,Diesel,Manual,First,12.05,2179,8,7.9,Mahindra,Scorpio VLX 2WD BSIV
Kochi,2018,Diesel,Automatic,First,20.68,1995,5,29.3,BMW,X1 xDrive 20d xLine
Kolkata,2009,Petrol,Automatic,First,10.93,3498,5,10.24,Mercedes-Benz,E-Class 2009-2013 E350 Petrol
Pune,2010,Petrol,Automatic,Second,13.7,1798,5,5.35,Skoda,Superb Elegance 1.8 TSI AT
Mumbai,2014,Petrol,Automatic,Second,16.5,1198,5,3.49,Honda,Brio VX AT
Hyderabad,2009,Petrol,Manual,First,20.36,1197,5,2.85,Hyundai,i10 Magna 1.2
Mumbai,2014,Petrol,Manual,First,17.4,1497,5,5.35,Honda,City i VTEC SV
Coimbatore,2012,Petrol,Manual,First,15.6,1196,5,3.62,Ford,Figo Petrol ZXI
Hyderabad,2006,Diesel,Manual,First,12.8,2494,7,6.25,Toyota,Innova 2.5 G4 Diesel 7-seater
Kochi,2012,Diesel,Manual,Second,21.0,1461,5,3.19,Mahindra,Verito 1.5 D6 BSIV
Delhi,2018,Petrol,Manual,First,18.15,1198,6,5.5,Mahindra,KUV 100 G80 K8 Dual Tone
Kochi,2019,Petrol,Manual,First,18.6,1197,5,7.67,Hyundai,i20 Sportz Option 1.2
Jaipur,2011,Petrol,Manual,First,12.0,2092,7,5.5,Tata,New Safari EX 4x2
Hyderabad,2014,Diesel,Manual,First,19.3,1248,5,6.6,Maruti,Swift Dzire VDi
Chennai,2017,Diesel,Automatic,Second,15.97,2993,5,55.0,BMW,X5 xDrive 30d M Sport
Pune,2013,Diesel,Automatic,First,17.68,1968,5,21.0,Audi,A6 2011-2015 2.0 TDI Premium Plus
Jaipur,2017,Petrol,Manual,First,21.4,1197,5,4.5,Maruti,Baleno Delta 1.2
Coimbatore,2016,Diesel,Automatic,First,13.01,2199,7,20.67,Hyundai,Santa Fe 4WD AT
Hyderabad,2013,Diesel,Automatic,First,14.39,1998,5,6.5,Chevrolet,Cruze LTZ AT
Coimbatore,2018,Diesel,Automatic,First,15.0,2143,5,37.98,Mercedes-Benz,E-Class 2015-2017 E250 Edition E
Mumbai,2009,Petrol,Manual,First,17.92,1086,5,1.45,Hyundai,Santro Xing GLS
Delhi,2014,CNG,Manual,First,26.6,998,5,2.95,Maruti,Wagon R LXI CNG
Hyderabad,2015,Diesel,Manual,First,28.09,1248,5,7.9,Maruti,Ciaz VDi Plus SHVS
Kochi,2018,Petrol,Manual,First,17.4,1497,5,10.07,Honda,City i-VTEC V
Mumbai,2016,Diesel,Manual,First,20.45,1461,5,6.5,Nissan,Terrano XL Plus ICC WT20 SE
Hyderabad,2015,Diesel,Automatic,First,18.88,1995,5,22.0,BMW,3 Series 320d Prestige
Hyderabad,2016,Diesel,Manual,First,26.0,1498,5,9.75,Honda,City i DTEC V
Jaipur,2014,Diesel,Manual,First,20.45,1461,5,6.0,Nissan,Terrano XL Plus 85 PS
Delhi,2014,Diesel,Manual,First,24.0,1120,5,3.99,Hyundai,Grand i10 CRDi Sportz
Ahmedabad,2008,Petrol,Manual,First,17.0,1086,5,1.75,Hyundai,Santro Xing XL eRLX Euro III
Delhi,2015,Diesel,Automatic,First,12.55,2982,7,19.75,Toyota,Fortuner 4x2 AT
Kolkata,2017,Diesel,Manual,First,13.68,2393,7,16.95,Toyota,Innova Crysta 2.4 VX MT
Chennai,2017,Petrol,Manual,First,21.4,1197,5,6.8,Maruti,Baleno Zeta 1.2
Kolkata,2007,Petrol,Manual,First,17.0,1086,5,0.99,Hyundai,Santro Xing XL eRLX Euro III
Pune,2013,Petrol,Manual,First,19.81,1086,5,2.95,Hyundai,i10 Sportz 1.1L
Coimbatore,2015,Diesel,Automatic,First,12.07,2967,7,42.83,Audi,Q7 3.0 TDI Quattro Premium Plus
Hyderabad,2014,Diesel,Automatic,First,27.03,1969,5,21.5,Volvo,S60 D4 Momentum
Jaipur,2015,Petrol,Manual,First,17.8,1497,5,7.9,Honda,City i VTEC V
Hyderabad,2011,Petrol,Manual,Second,20.92,998,5,2.3,Maruti,Alto K10 2010-2014 VXI
Delhi,2012,Petrol,Manual,First,18.5,1198,5,2.75,Honda,Brio 1.2 S Option MT
Jaipur,2011,Diesel,Manual,First,12.05,2179,8,6.71,Mahindra,Scorpio VLX 2WD AIRBAG BSIV
Kochi,2017,Diesel,Automatic,First,19.6,1461,5,9.6,Renault,Duster 110PS Diesel RxL AMT
Kochi,2017,Diesel,Manual,First,19.67,1582,5,12.81,Hyundai,Creta 1.6 CRDi SX
Coimbatore,2019,Petrol,Manual,First,23.84,1199,5,6.94,Tata,Tiago 1.2 Revotron XZ
Mumbai,2015,Diesel,Manual,First,16.0,2179,7,9.45,Mahindra,XUV500 W6 2WD
Hyderabad,2015,Diesel,Manual,First,20.34,1498,5,6.0,Volkswagen,Vento 1.5 TDI Highline
Delhi,2013,Petrol,Automatic,First,14.8,1595,5,11.0,Mercedes-Benz,B Class B180
Delhi,2011,Petrol,Manual,First,15.5,1586,5,2.6,Maruti,SX4 Vxi BSIV
Hyderabad,2007,Petrol,Manual,First,15.3,1341,5,1.95,Hyundai,Getz GLE
Mumbai,2013,Diesel,Automatic,First,17.54,2993,4,45.0,BMW,6 Series Gran Coupe
Chennai,2014,Diesel,Automatic,First,17.11,1968,5,22.0,Audi,A4 2.0 TDI 177 Bhp Premium Plus
Kolkata,2015,Petrol,Manual,First,18.6,1197,5,4.9,Hyundai,i20 Asta Option 1.2
Kochi,2015,Diesel,Manual,First,19.87,1461,5,6.25,Nissan,Terrano XL D Option
Chennai,2013,Diesel,Manual,Second,20.54,1598,5,6.1,Volkswagen,Vento Konekt Diesel Highline
Mumbai,2011,Petrol,Manual,First,20.36,1197,5,2.6,Hyundai,i10 Sportz
Delhi,2011,Petrol,Automatic,Third,6.4,5204,2,120.0,Lamborghini,Gallardo Coupe
Hyderabad,2012,Diesel,Automatic,First,14.74,2993,5,29.0,Jaguar,XF 3.0 Litre S Premium Luxury
Pune,2010,Petrol,Manual,Second,17.5,1298,5,3.3,Maruti,Swift Dzire VXi
Hyderabad,2013,Diesel,Manual,Second,22.3,1248,5,3.05,Tata,Indica Vista Quadrajet VX
Kolkata,2012,Diesel,Manual,First,21.27,1396,5,3.25,Hyundai,i20 Asta 1.4 CRDi
Delhi,2014,Petrol,Manual,First,19.1,1197,5,3.75,Hyundai,Xcent 1.2 Kappa S Option
Mumbai,2015,Diesel,Manual,First,12.99,2494,7,13.25,Toyota,Innova 2.5 VX (Diesel) 7 Seater
Hyderabad,2017,Petrol,Manual,First,23.84,1199,5,4.8,Tata,Tiago 1.2 Revotron XZ
Kochi,2019,Petrol,Manual,First,25.17,799,5,3.8,Renault,KWID RXL
Pune,2011,Diesel,Manual,First,12.8,2494,7,8.5,Toyota,Innova 2.5 V Diesel 7-seater
Coimbatore,2016,Diesel,Automatic,First,13.0,2143,5,38.76,Mercedes-Benz,E-Class 2015-2017 E250 CDI Avantgarde
Ahmedabad,2009,Petrol,Automatic,First,16.8,1497,5,3.2,Honda,City 1.5 S AT
Hyderabad,2011,Petrol,Manual,First,20.36,1197,5,3.5,Hyundai,i10 Sportz 1.2
Pune,2015,Diesel,Manual,First,19.67,1582,5,12.25,Hyundai,Creta 1.6 CRDi SX Option
Mumbai,2014,Petrol,Manual,First,19.5,1199,5,4.75,Honda,Amaze VX Petrol
Delhi,2016,Petrol,Manual,First,18.78,999,5,4.5,Volkswagen,Polo 1.2 MPI Trendline
Kolkata,2012,Petrol,Manual,First,20.36,1197,5,2.35,Hyundai,i10 Magna 1.2
Hyderabad,2014,Diesel,Manual,First,23.08,1461,5,3.4,Renault,Pulse RxL
Pune,2016,Diesel,Automatic,First,21.5,1498,5,10.0,Volkswagen,Vento 1.5 TDI Highline AT
Hyderabad,2012,Diesel,Manual,First,12.99,2494,7,9.0,Toyota,Innova 2.5 VX (Diesel) 7 Seater BS IV
Delhi,2013,Petrol,Manual,Second,14.53,1798,5,5.2,Toyota,Corolla Altis G
Chennai,2006,Diesel,Manual,Second,16.8,1493,5,1.85,Hyundai,Verna CRDi
Chennai,2013,Diesel,Automatic,Second,11.3,2987,7,38.0,Mercedes-Benz,GL-Class 350 CDI Blue Efficiency
Kochi,2013,Diesel,Manual,First,20.46,1461,5,5.11,Renault,Duster 85PS Diesel RxL Optional
Coimbatore,2019,Petrol,Manual,First,15.41,1598,5,9.66,Skoda,Rapid 1.6 MPI Ambition
Kolkata,2015,Petrol,Manual,First,20.36,1197,5,3.4,Hyundai,i10 Sportz 1.2
Kochi,2017,Petrol,Manual,First,18.15,1198,6,5.84,Mahindra,KUV 100 mFALCON G80 K8
Kolkata,2016,Petrol,Automatic,First,23.1,998,5,3.8,Maruti,Celerio VXI AMT
Mumbai,2012,Petrol,Automatic,First,16.98,998,5,2.5,Maruti,A-Star AT VXI
Kolkata,2015,Diesel,Manual,First,25.1,1498,5,6.95,Honda,City i DTEC VX
Pune,2010,Petrol,Automatic,First,12.6,1798,5,5.5,Skoda,Superb 1.8 TSI
Coimbatore,2017,Petrol,Manual,First,18.9,1197,5,6.19,Hyundai,Grand i10 Sportz
Hyderabad,2013,Diesel,Manual,First,20.45,1461,5,6.0,Renault,Duster 85PS Diesel RxL
Pune,2015,Petrol,Manual,First,18.9,1197,5,3.75,Hyundai,Grand i10 Magna
Kochi,2018,Diesel,Manual,First,22.77,1498,5,9.46,Ford,EcoSport 1.5 TDCi Titanium
Jaipur,2011,Petrol,Manual,Second,16.95,1498,5,3.0,Nissan,Sunny 2011-2014 XL
Chennai,2016,Diesel,Manual,First,25.83,1498,5,5.75,Ford,Figo Aspire 1.5 TDCi Titanium
Coimbatore,2009,Petrol,Manual,First,13.5,1799,5,4.41,Honda,Civic 2006-2010 1.8 V MT
Kochi,2017,Petrol,Manual,First,25.17,799,5,3.7,Renault,KWID RXT Optional
Kolkata,2014,Petrol,Manual,Second,19.4,1198,5,2.5,Honda,Brio EX MT
Coimbatore,2012,Petrol,Manual,First,16.1,1298,5,5.35,Maruti,Swift ZXI ABS
Delhi,2013,Diesel,Manual,First,21.9,1396,5,3.65,Hyundai,i20 Magna Optional 1.4 CRDi
Delhi,2014,Diesel,Automatic,First,17.2,1968,5,13.0,Skoda,Superb Elegance 2.0 TDI CR AT
Delhi,2012,Petrol,Manual,First,18.9,998,5,2.45,Maruti,Wagon R LXI BSII
Mumbai,2015,Diesel,Automatic,First,21.21,1498,5,5.75,Volkswagen,Vento 1.5 TDI Highline AT
Coimbatore,2017,Diesel,Manual,First,26.0,1498,5,8.11,Honda,City i DTEC S
Ahmedabad,2018,Diesel,Manual,First,22.54,1396,5,7.75,Hyundai,i20 1.4 Sportz
Coimbatore,2017,Petrol,Automatic,First,19.15,1198,5,5.85,Nissan,Micra XV CVT
Mumbai,2018,Petrol,Manual,First,25.17,799,5,4.29,Renault,KWID RXT Optional
Hyderabad,2015,Diesel,Manual,First,25.6,1498,5,8.0,Honda,City i-DTEC SV
Mumbai,2017,Diesel,Manual,First,13.68,2393,8,16.5,Toyota,Innova Crysta 2.4 G MT 8S
Jaipur,2015,Diesel,Manual,First,27.39,1248,5,5.5,Maruti,Baleno Alpha 1.3
Delhi,2015,Diesel,Manual,First,22.77,1498,5,6.35,Ford,EcoSport 1.5 TDCi Trend
Jaipur,2013,Diesel,Manual,Second,12.99,2494,8,7.9,Toyota,Innova 2.5 G (Diesel) 8 Seater
Hyderabad,2014,Diesel,Manual,First,22.7,1498,5,7.2,Ford,Ecosport 1.5 DV5 MT Ambiente
Bangalore,2012,Diesel,Manual,First,22.07,1199,5,3.65,Volkswagen,Polo Diesel Comfortline 1.2L
Kochi,2016,Diesel,Manual,First,22.54,1396,5,6.35,Hyundai,i20 Sportz 1.4 CRDi
Pune,2016,Diesel,Manual,First,19.87,1461,5,7.8,Renault,Duster 85PS Diesel RxL Explore
Chennai,2007,Petrol,Manual,Second,13.8,1299,5,1.4,Ford,Ikon 1.3 Flair
Chennai,2007,Diesel,Manual,First,13.1,2499,7,5.5,Ford,Endeavour XLT TDCi 4X2
Hyderabad,2018,Diesel,Manual,First,27.39,1248,5,8.5,Maruti,Baleno Delta 1.3
Kochi,2011,Diesel,Automatic,First,14.84,2143,5,10.48,Mercedes-Benz,New C-Class C 220 CDI Elegance AT
Ahmedabad,2005,Petrol,Manual,Second,15.9,1298,5,0.75,Maruti,Esteem Vxi - BSIII
Pune,2008,Petrol,Manual,Second,12.85,1396,5,1.3,Tata,Indigo XL Grand Petrol
Mumbai,2013,Diesel,Automatic,First,16.73,2993,5,21.0,BMW,5 Series 525d Sedan
Delhi,2013,Petrol,Manual,First,17.92,1086,5,2.3,Hyundai,Santro Xing GL Plus
Mumbai,2015,Diesel,Automatic,First,19.5,1968,5,14.95,Skoda,Octavia 2.0 TDI AT Style Plus
Coimbatore,2017,Diesel,Automatic,Second,17.68,1968,5,35.92,Audi,A6 2011-2015 35 TDI Technology
Pune,2016,Diesel,Manual,First,25.83,1498,5,4.5,Ford,Figo 1.5D Trend MT
Hyderabad,2016,Diesel,Manual,First,14.95,2489,7,5.5,Mahindra,Xylo D4 BS III
Mumbai,2015,Petrol,Automatic,First,23.1,998,5,4.45,Maruti,Celerio ZXI AT
Chennai,2008,Diesel,Manual,First,12.8,2494,8,6.85,Toyota,Innova 2.5 G4 Diesel 8-seater
Bangalore,2016,Diesel,Manual,First,24.0,1120,5,5.5,Hyundai,Grand i10 CRDi Asta
Kochi,2016,Petrol,Manual,First,18.9,1197,5,5.07,Hyundai,Grand i10 1.2 Kappa Sportz
Mumbai,2015,Petrol,Manual,First,18.9,1197,5,3.85,Hyundai,Grand i10 Sportz
Chennai,2016,Petrol,Manual,First,18.6,1197,5,7.95,Hyundai,Elite i20 Petrol Asta
Jaipur,2009,Petrol,Manual,Second,18.2,998,5,1.25,Maruti,Zen Estilo LXI BSIII
Kochi,2014,Petrol,Manual,First,20.92,998,5,3.64,Maruti,Alto K10 2010-2014 VXI
Jaipur,2016,Diesel,Manual,First,13.0,2982,7,20.0,Toyota,Fortuner 4x2 Manual
Coimbatore,2019,Diesel,Manual,First,16.55,2498,6,10.36,Mahindra,Thar CRDe AC
Chennai,2007,Petrol,Manual,First,17.0,1086,5,1.85,Hyundai,Santro Xing XO
Jaipur,2013,Petrol,Manual,Second,16.78,1496,5,4.05,Toyota,Etios G
Mumbai,2015,Diesel,Automatic,First,12.0,2987,7,48.5,Mercedes-Benz,GL-Class 2007 2012 350 CDI Luxury
Bangalore,2014,Diesel,Manual,First,19.6,1461,5,8.25,Renault,Duster 110PS Diesel RxZ
Pune,2014,Diesel,Manual,First,22.9,1248,5,5.25,Maruti,Swift VDI
Mumbai,2013,Petrol,Manual,First,15.04,1598,5,4.4,Volkswagen,Vento Magnific 1.6 Comfortline
Mumbai,2017,Diesel,Automatic,First,18.19,1968,5,25.75,Skoda,Superb L&K 2.0 TDI AT
Kochi,2014,Diesel,Automatic,First,8.2,2993,4,29.52,BMW,3 Series 330d Convertible
Kolkata,2011,Petrol,Manual,Second,18.9,998,5,2.1,Maruti,Wagon R VXI BS IV
Kochi,2017,Petrol,Manual,First,25.17,799,5,3.71,Renault,KWID RXT
Pune,2009,Diesel,Manual,First,10.9,2499,7,7.5,Ford,Endeavour 4x2 XLT Limited Edition
Kochi,2017,Diesel,Manual,First,24.3,1248,5,9.44,Maruti,Vitara Brezza ZDi Plus Dual Tone
Pune,2006,Petrol,Manual,Second,17.0,1086,5,1.2,Hyundai,Santro Xing XO eRLX Euro II
Delhi,2014,Petrol,Automatic,First,10.5,1796,5,24.0,Mercedes-Benz,E-Class 200 Kompressor Elegance
Ahmedabad,2019,Diesel,Automatic,First,0.0,1950,5,35.0,Mercedes-Benz,C-Class Progressive C 220d
Mumbai,2017,CNG,Manual,First,17.5,1373,7,8.25,Maruti,Ertiga VXI CNG
Delhi,2011,Diesel,Automatic,Second,16.55,1968,5,9.75,Audi,A4 2.0 TDI Celebration Edition
Kolkata,2014,Petrol,Manual,First,18.9,1197,5,3.45,Hyundai,Grand i10 Asta
Jaipur,2014,Diesel,Manual,Second,13.5,2477,7,11.85,Mitsubishi,Pajero Sport 4X4
Coimbatore,2012,Diesel,Automatic,Second,19.71,2143,5,16.14,Mercedes-Benz,New C-Class C 250 CDI Avantgarde
Pune,2015,CNG,Manual,First,26.6,998,5,3.7,Maruti,Wagon R LXI CNG
Ahmedabad,2017,Petrol,Automatic,First,24.07,998,5,4.0,Maruti,Alto K10 VXI AGS
Delhi,2015,Petrol,Manual,Second,18.6,1197,5,5.8,Hyundai,i20 Sportz 1.2
Kolkata,2014,Diesel,Manual,First,23.4,1248,5,4.65,Maruti,Swift Dzire VDI
Pune,2010,Petrol,Automatic,Second,11.8,3498,7,15.0,Mercedes-Benz,R-Class R350 4Matic Long
Mumbai,2015,Petrol,Automatic,First,15.63,1499,5,6.8,Ford,EcoSport 1.5 Ti VCT AT Titanium
Bangalore,2016,Diesel,Manual,First,25.1,1498,5,10.25,Honda,City i DTEC VX Option
Chennai,2014,Petrol,Manual,First,20.92,998,5,2.7,Maruti,Alto K10 2010-2014 VXI
Hyderabad,2015,Diesel,Manual,First,20.77,1248,7,8.5,Maruti,Ertiga ZDI
Pune,2018,Diesel,Manual,First,22.54,1396,5,7.75,Hyundai,i20 Diesel Asta Option
Pune,2015,Petrol,Manual,First,15.64,1193,5,2.7,Tata,Indigo CS eGLX BS IV
Hyderabad,2004,Petrol,Manual,Second,19.7,796,5,1.3,Maruti,Alto Std
Hyderabad,2018,Petrol,Manual,First,15.8,1591,5,13.2,Hyundai,Creta 1.6 SX
Pune,2004,Petrol,Manual,Second,18.9,998,5,1.0,Maruti,Wagon R LX
Kochi,2017,Petrol,Manual,First,16.78,1496,5,6.37,Toyota,Etios V
Kolkata,2015,Petrol,Manual,First,16.78,1496,5,4.5,Toyota,Etios V
Mumbai,2013,Diesel,Manual,First,19.01,1461,5,6.5,Renault,Duster 110PS Diesel RXZ Optional with Nav
Mumbai,2013,Diesel,Manual,Second,19.3,1248,5,4.99,Maruti,Swift Dzire Vdi BSIV
Coimbatore,2017,Diesel,Automatic,First,17.9,2143,5,43.3,Mercedes-Benz,GLC 220
Mumbai,2014,Diesel,Manual,First,22.7,1498,5,6.5,Ford,Ecosport 1.5 DV5 MT Titanium Optional
Mumbai,2012,CNG,Manual,First,26.2,998,5,2.25,Maruti,Wagon R LXI CNG
Hyderabad,2017,Petrol,Automatic,First,19.12,1373,5,9.95,Maruti,Ciaz 1.4 AT Alpha
Mumbai,2015,Diesel,Manual,First,22.7,1498,5,7.35,Ford,Ecosport 1.5 DV5 MT Titanium
Hyderabad,2016,Diesel,Manual,First,22.95,1248,5,4.6,Tata,Zest Quadrajet 1.3 75PS XE
Chennai,2011,Diesel,Automatic,First,11.4,2953,7,8.5,Ford,Endeavour 3.0L 4X4 AT
Coimbatore,2017,Diesel,Automatic,First,19.6,1461,5,11.86,Renault,Duster 110PS Diesel RxZ AMT
Pune,2011,Diesel,Manual,First,14.42,1995,5,8.0,Nissan,X-Trail SLX MT
Delhi,2015,Diesel,Automatic,First,12.55,2982,7,21.5,Toyota,Fortuner 4x4 AT
Pune,2007,Petrol,Manual,First,15.26,1150,5,1.3,Chevrolet,Aveo U-VA 1.2 LS
Chennai,2012,Diesel,Manual,First,20.5,1598,5,5.9,Skoda,Rapid 1.6 TDI Ambition
Bangalore,2013,Diesel,Manual,Second,15.1,2179,7,9.5,Mahindra,XUV500 W8 4WD
Chennai,2010,Diesel,Manual,First,19.3,1248,5,4.5,Maruti,Swift Dzire ZDi
Hyderabad,2003,Diesel,Manual,First,18.7,1896,5,2.25,Skoda,Octavia Elegance 1.9 TDI
Mumbai,2014,Petrol,Manual,First,13.7,1399,7,3.35,Chevrolet,Enjoy Petrol LS 7 Seater
Kolkata,2005,Petrol,Manual,First,13.2,1495,5,0.7,Hyundai,Accent GLE
Bangalore,2012,Petrol,Automatic,First,14.74,1991,5,16.0,Mercedes-Benz,New C-Class C 200 CGI
Pune,2014,Diesel,Manual,First,20.45,1461,5,8.0,Renault,Duster 85PS Diesel RxE
Hyderabad,2015,Petrol,Automatic,First,12.5,5000,2,100.0,Jaguar,F Type 5.0 V8 S
Kochi,2012,Diesel,Manual,First,22.32,1582,5,4.74,Hyundai,Verna 1.6 SX
Mumbai,2016,Diesel,Automatic,First,13.0,2143,5,36.0,Mercedes-Benz,E-Class 2015-2017 E250 CDI Avantgarde
Kochi,2015,Petrol,Manual,First,15.04,1598,5,5.54,Volkswagen,Vento Petrol Highline
Mumbai,2017,Diesel,Automatic,First,18.19,1968,5,22.99,Skoda,Superb Style 2.0 TDI AT
Kochi,2017,Diesel,Manual,First,15.4,1997,7,10.08,Mahindra,Scorpio 1.99 S4 Plus
Pune,2010,Petrol,Manual,First,17.5,1798,5,2.85,Skoda,Laura Classic 1.8 TSI
Pune,2000,Petrol,Manual,First,16.1,796,4,0.55,Maruti,800 DX BSII
Coimbatore,2018,Diesel,Automatic,First,13.22,2967,5,45.52,Audi,Q5 3.0 TDI Quattro Technology
Coimbatore,2018,Diesel,Manual,Second,17.45,1493,7,7.29,Mahindra,NuvoSport N6
Chennai,2011,Diesel,Manual,Second,20.54,1598,5,4.3,Volkswagen,Vento Diesel Highline
Chennai,2015,Petrol,Manual,First,20.85,1197,5,4.8,Maruti,Swift Dzire VXI Optional
Mumbai,2012,Petrol,Manual,Second,16.02,1373,7,5.25,Maruti,Ertiga VXI
Chennai,2016,Petrol,Manual,First,24.7,796,5,2.8,Maruti,Alto 800 2016-2019 LXI
Kochi,2014,Diesel,Manual,First,21.9,1396,5,4.35,Hyundai,i20 Magna 1.4 CRDi (Diesel)
Kolkata,2014,Diesel,Manual,First,22.7,1498,5,5.49,Ford,Ecosport 1.5 DV5 MT Titanium
Pune,2015,CNG,Manual,Second,32.26,998,4,3.1,Maruti,Alto K10 LXI CNG
Bangalore,2014,Diesel,Manual,First,20.34,1498,5,6.5,Volkswagen,Vento 1.5 TDI Highline
Bangalore,2011,Diesel,Manual,First,12.05,2179,8,6.4,Mahindra,Scorpio VLX 2WD Airbag BSIII
Kochi,2016,Diesel,Manual,First,25.83,1498,5,6.22,Ford,Figo Aspire 1.5 TDCi Titanium Plus
Mumbai,2012,Diesel,Manual,First,12.99,2494,8,8.4,Toyota,Innova 2.5 G (Diesel) 8 Seater
Pune,2018,Diesel,Manual,First,28.4,1248,5,5.9,Maruti,Dzire LDI
Pune,2018,Petrol,Manual,First,25.17,799,5,3.4,Renault,KWID RXL
Jaipur,2011,Diesel,Manual,Third,13.1,2499,7,6.5,Ford,Endeavour 2.5L 4X2 MT
Chennai,2002,Diesel,Manual,First,0.0,2112,6,1.7,Mahindra,Jeep MM 540 DP
Delhi,2015,Petrol,Manual,First,18.88,999,5,6.0,Ford,EcoSport 1.0 Ecoboost Titanium Plus
Hyderabad,2016,Diesel,Manual,First,19.67,1582,5,11.9,Hyundai,Creta 1.6 CRDi SX
Bangalore,2016,Diesel,Automatic,First,14.69,2993,5,48.0,BMW,5 Series 2013-2017 530d M Sport
Mumbai,2017,Petrol,Automatic,First,18.69,1462,7,8.0,Maruti,Ertiga VXI AT Petrol
Hyderabad,2007,Diesel,Automatic,Second,15.6,1896,5,2.45,Skoda,Laura L and K AT
Kolkata,2013,Petrol,Manual,First,18.6,1199,5,1.75,Chevrolet,Beat LS
Bangalore,2014,Diesel,Automatic,First,15.73,1968,5,21.75,Audi,Q3 2.0 TDI
Pune,2014,Petrol,Manual,First,17.0,1497,5,7.25,Honda,City 1.5 V MT
Pune,2009,Petrol,Manual,Second,16.1,1298,5,3.0,Maruti,Swift Lxi BSIII
Jaipur,2012,Diesel,Manual,First,20.0,1399,5,2.51,Ford,Figo Diesel EXI
Chennai,2015,Diesel,Automatic,First,12.55,2982,7,19.6,Toyota,Fortuner 4x4 AT
Pune,2013,Diesel,Manual,Second,15.8,2148,5,15.5,Mercedes-Benz,New C-Class 200 CDI Classic
Chennai,2012,Diesel,Manual,First,12.99,2494,7,11.5,Toyota,Innova 2.5 GX (Diesel) 7 Seater
Coimbatore,2004,Petrol,Manual,Second,13.0,1493,5,1.76,Honda,City 1.5 EXI
Jaipur,2015,Diesel,Manual,First,25.8,1498,5,4.68,Honda,Amaze S i-Dtech
Delhi,2010,Petrol,Automatic,Second,14.28,1798,5,4.0,Toyota,Corolla Altis 1.8 G CVT
Hyderabad,2012,Diesel,Manual,First,22.3,1248,5,2.8,Tata,Indica Vista Quadrajet VX
Mumbai,2012,Diesel,Manual,First,16.0,2179,7,8.25,Mahindra,XUV500 W8 2WD
Kolkata,2010,Diesel,Manual,First,21.1,1248,5,1.7,Maruti,Ritz VDi
Mumbai,2013,Petrol,Automatic,First,14.74,1991,5,14.85,Mercedes-Benz,New C-Class C 200 AVANTGARDE
Mumbai,2018,Petrol,Automatic,First,17.0,1591,5,12.85,Hyundai,Verna VTVT 1.6 AT SX Option
Hyderabad,2012,Diesel,Automatic,First,14.94,2143,5,16.0,Mercedes-Benz,New C-Class C 250 CDI Elegance
Hyderabad,2018,Petrol,Manual,First,18.9,998,5,4.7,Maruti,Wagon R VXI BS IV
Bangalore,2014,Petrol,Manual,Second,16.02,1373,7,5.94,Maruti,Ertiga VXI
Hyderabad,2013,Diesel,Manual,First,20.5,1598,5,8.0,Skoda,Rapid Ultima 1.6 TDI Elegance
Delhi,2010,Diesel,Manual,First,12.8,2494,8,5.45,Toyota,Innova 2.5 V Diesel 8-seater
Kochi,2018,Petrol,Automatic,First,13.7,1991,5,26.76,Mercedes-Benz,GLA Class 200 Sport
Hyderabad,2013,Diesel,Manual,Second,20.14,1498,5,3.5,Volkswagen,Polo 1.5 TDI Highline
Mumbai,2008,Petrol,Manual,Second,0.0,1086,5,1.39,Hyundai,Santro Xing GL
Kolkata,2013,Diesel,Manual,First,22.32,1582,5,4.7,Hyundai,Verna 1.6 CRDi EX MT
Ahmedabad,2016,Petrol,Manual,First,17.0,1198,5,5.75,Volkswagen,Ameo 1.2 MPI Highline
Coimbatore,2017,Petrol,Manual,First,18.6,1197,5,8.11,Hyundai,i20 Asta Option 1.2
Delhi,2006,Petrol,Manual,Second,17.3,1061,5,0.75,Maruti,Wagon R LX BSIII
Pune,2006,Petrol,Manual,Second,13.5,1405,5,1.0,Tata,Indica LEI
Hyderabad,2016,Diesel,Manual,First,14.0,2498,7,5.3,Mahindra,Xylo D4
Jaipur,2017,Diesel,Manual,First,12.4,2499,5,8.0,ISUZU,D-MAX V-Cross 4X4
Pune,2010,Petrol,Manual,First,18.5,1197,5,2.74,Hyundai,i20 2015-2017 Magna
Mumbai,2017,Petrol,Manual,First,21.4,1197,5,7.5,Maruti,Baleno Alpha
Jaipur,2016,Diesel,Automatic,First,17.6,2179,7,13.5,Tata,Hexa XTA
Kolkata,2011,Petrol,Manual,First,16.47,1198,5,2.2,Volkswagen,Polo Petrol Comfortline 1.2L
Mumbai,2012,Petrol,Automatic,First,11.74,1796,5,13.25,Mercedes-Benz,New C-Class C 200 CGI Elegance
Delhi,2013,Diesel,Manual,First,23.59,1364,5,3.88,Toyota,Etios GD
Jaipur,2005,Petrol,Manual,Second,15.3,1341,5,0.85,Hyundai,Getz GLS
Kochi,2017,Petrol,Manual,First,23.84,1199,5,5.11,Tata,Tiago 1.2 Revotron XT
Mumbai,2013,Diesel,Manual,First,19.87,1461,5,4.25,Renault,Duster 85PS Diesel RxL Option
Coimbatore,2013,Diesel,Automatic,Second,18.25,1968,5,16.52,Audi,A4 35 TDI Premium Plus
Pune,2008,Diesel,Manual,Third,13.93,2179,7,0.6,Tata,New Safari DICOR 2.2 VX 4x2
Hyderabad,2012,Diesel,Manual,First,22.9,1248,5,4.8,Maruti,Swift VDI
Mumbai,2011,Petrol,Automatic,First,13.7,1798,5,6.25,Skoda,Superb Elegance 1.8 TSI AT
Mumbai,2014,Petrol,Manual,First,16.3,1797,5,8.3,Hyundai,Elantra SX
Pune,2009,Petrol,Manual,Third,17.0,1497,5,3.25,Honda,City 1.5 E MT
Pune,2015,Diesel,Manual,First,19.87,1461,5,7.75,Renault,Duster 85PS Diesel RxL Explore
Kochi,2016,Diesel,Automatic,First,16.36,2179,5,30.54,Jaguar,XF 2.2 Litre Luxury
Jaipur,2010,LPG,Manual,First,26.2,998,5,2.27,Maruti,Wagon R Duo Lxi
Pune,2010,Petrol,Manual,Second,17.24,1198,5,2.96,Volkswagen,Polo IPL II 1.2 Petrol Highline
Chennai,2016,Petrol,Manual,First,17.57,1193,5,4.0,Tata,Bolt Revotron XT
Bangalore,2014,Petrol,Manual,Second,18.5,1197,5,5.25,Hyundai,i20 Sportz 1.2
Kochi,2013,Diesel,Automatic,First,17.68,1968,5,17.56,Audi,A6 2011-2015 2.0 TDI
Mumbai,2011,Petrol,Manual,First,16.09,1598,5,3.25,Volkswagen,Vento 1.6 Highline
Bangalore,2015,Petrol,Manual,First,23.1,998,5,4.0,Maruti,Celerio VXI
Coimbatore,2007,Petrol,Manual,First,15.3,1341,5,2.2,Hyundai,Getz GLE
Pune,2016,Diesel,Manual,First,24.3,1248,5,7.43,Maruti,Vitara Brezza VDi
Mumbai,2009,Diesel,Automatic,First,8.7,2987,5,10.75,Mercedes-Benz,M-Class ML 320 CDI
Delhi,2011,Diesel,Manual,First,19.3,1248,5,2.75,Maruti,Swift Dzire Vdi BSIV
Hyderabad,2013,Diesel,Automatic,Second,17.85,2967,4,45.0,Porsche,Panamera Diesel
Mumbai,2015,Petrol,Automatic,First,19.16,2494,5,19.75,Toyota,Camry Hybrid
Delhi,2013,Petrol,Manual,First,18.5,1198,5,3.2,Honda,Brio 1.2 VX MT
Hyderabad,2009,Petrol,Automatic,First,0.0,3597,5,4.75,Skoda,Superb 3.6 V6 FSI
Coimbatore,2011,Diesel,Manual,First,12.8,2494,7,9.48,Toyota,Innova 2.5 V Diesel 7-seater
Coimbatore,2015,Diesel,Manual,First,25.8,1498,5,4.83,Honda,Amaze VX i-DTEC
Delhi,2014,Diesel,Manual,First,28.4,1248,5,4.75,Maruti,Swift VDI
Jaipur,2015,Diesel,Manual,First,24.4,1120,5,4.0,Hyundai,Xcent 1.1 CRDi S
Jaipur,2012,Diesel,Manual,Second,14.0,2498,8,2.9,Mahindra,Xylo D4 BSIV
Kolkata,2013,Petrol,Manual,First,18.9,998,5,2.65,Maruti,Wagon R VXI
Hyderabad,2011,Diesel,Manual,First,25.44,936,5,2.5,Chevrolet,Beat Diesel
