Location,Fuel_Type,Transmission,Owner_Type,Consumation,Seats,Price,Brand,Model,KM_bin_encoded,Engine-bins,Power_bins,Power_to_Engine_Ratio,Performance_Index,Economy_Index
Mumbai,CNG,Manual,First,26.6,5,1.75,Maruti,Wagon R LXI CNG,1,0,0,0.058276553047819084,58.043679999999995,13.313313313313316
Pune,Diesel,Manual,First,19.67,5,12.5,Hyundai,Creta 1.6 CRDi SX Option,0,2,1,0.07977243989900604,199.64839999999998,7.618125484120838
Chennai,Petrol,Manual,First,18.2,5,4.5,Honda,Jazz V,0,1,1,0.07397831520101891,106.35130000000001,8.27648931332424
Chennai,Diesel,Manual,First,20.77,7,6.0,Maruti,Ertiga VDI,1,1,1,0.07112179481480625,110.77248000000002,9.239323843416368
Coimbatore,Diesel,Automatic,Second,15.2,5,17.74,Audi,A4 New 2.0 TDI Multitronic,0,3,2,0.07154471541080046,277.0944,5.121293800539084
Hyderabad,LPG,Manual,First,21.1,5,2.35,Hyundai,EON LPG Era Plus Option,1,0,0,0.06781326772995913,44.9328,11.631753031973538
Jaipur,Diesel,Manual,First,23.08,5,3.5,Nissan,Micra Diesel XV,1,2,0,0.04318959613744723,92.18910000000001,9.378301503453878
Mumbai,Diesel,Automatic,First,11.36,8,17.5,Toyota,Innova Crysta 2.8 GX AT 8S,0,5,2,0.062250453697912725,472.4825,3.025299600532623
Pune,Diesel,Manual,First,20.54,5,5.2,Volkswagen,Vento Diesel Comfortline,1,2,1,0.064831038757928,165.5528,7.906081601231716
Chennai,Diesel,Manual,Second,22.3,5,1.95,Tata,Indica Vista Quadrajet LS,1,1,0,0.059294871747359874,92.352,9.919928825622776
Kochi,Petrol,Manual,First,21.56,5,9.95,Maruti,Ciaz Zeta,0,2,1,0.07062243497221447,150.9515,8.75710804224208
Kolkata,Petrol,Automatic,First,16.8,5,4.49,Honda,City 1.5 V AT Sunroof,1,2,1,0.07768871070294675,174.1011,6.728073688426112
Jaipur,Diesel,Manual,First,25.2,5,5.6,Maruti,Swift VDI BSIV,1,1,0,0.059294871747359874,92.352,11.209964412811386
Delhi,Diesel,Automatic,First,12.7,5,27.0,Land,Rover Range Rover 2.2L Pure,1,3,3,0.08614043135101403,408.9983,3.994966970745517
Delhi,Diesel,Manual,First,13.5,7,15.0,Mitsubishi,Pajero Sport 4X4,2,4,3,0.07087605972108355,434.86212,3.8826574633304576
Kochi,Diesel,Manual,First,25.8,5,5.4,Honda,Amaze S i-Dtech,1,2,1,0.06582109474911808,147.7028,10.32826261008807
Jaipur,Diesel,Manual,First,28.4,5,5.99,Maruti,Swift DDiS VDI,0,1,0,0.059294871747359874,92.352,12.633451957295371
Kochi,Diesel,Manual,First,20.45,5,6.34,Renault,Duster 85PS Diesel RxL Plus,1,2,1,0.057357973951158124,122.43180000000001,8.309630231613164
Bangalore,Diesel,Automatic,First,14.84,5,28.0,Mercedes-Benz,New C-Class C 220 CDI BE Avantgare,1,3,2,0.0782174521333563,359.20966000000004,4.721603563474388
Kochi,Diesel,Automatic,First,22.69,5,18.55,BMW,3 Series 320d,0,3,3,0.09523809519035684,379.05,7.5759599332220375
Bangalore,Diesel,Manual,Second,23.65,5,8.25,Maruti,S Cross DDiS 200 Alpha,1,1,1,0.07091346148163985,110.448,10.520462633451956
Mumbai,Petrol,Automatic,First,13.53,5,23.5,Audi,A6 2011-2015 35 TFSI Technology,1,3,3,0.08921874995503086,351.18784,4.5341823056300266
Kolkata,Petrol,Manual,First,18.5,5,1.87,Hyundai,i20 1.2 Magna,0,1,0,0.06683375098844298,95.76,8.420573509330906
Kolkata,Petrol,Automatic,First,14.4,5,2.85,Volkswagen,Vento Petrol Highline AT,0,2,1,0.064831038757928,165.5528,5.542725173210162
Mumbai,Petrol,Manual,First,16.8,5,4.25,Honda,City Corporate Edition,1,2,1,0.07768871070294675,174.1011,6.728073688426112
Hyderabad,Diesel,Manual,First,23.08,5,4.25,Nissan,Micra Diesel XV,1,2,0,0.04318959613744723,92.18910000000001,9.378301503453878
Hyderabad,Petrol,Manual,Second,20.92,5,2.75,Maruti,Alto K10 2010-2014 VXI,1,0,0,0.06723446887050653,66.96579999999999,10.470470470470472
Kochi,Petrol,Manual,First,17.5,5,9.9,Honda,WRV i-VTEC VX,0,1,1,0.07397831520101891,106.35130000000001,7.958162801273306
Mumbai,Diesel,Manual,Fourth & Above,12.8,7,4.0,Toyota,Innova 2.5 V Diesel 7-seater,5,4,1,0.040898155556977484,254.388,3.6634230108757873
Bangalore,Diesel,Manual,First,19.01,5,7.75,Renault,Duster 110PS Diesel RxZ Pack,1,2,1,0.07422997941531144,158.44545000000002,7.724502234863876
Delhi,Petrol,Manual,First,14.53,5,6.75,Toyota,Corolla Altis G,1,2,2,0.07680756391723717,248.3038,5.192994996426018
Bangalore,Diesel,Automatic,Second,11.18,7,12.5,Mahindra,Ssangyong Rexton RX7,1,5,3,0.06824925813492239,496.064,3.024891774891775
Kolkata,Diesel,Automatic,First,12.4,5,11.5,Audi,A6 2.7 TDI,0,5,3,0.06653076350388037,484.291,3.3531638723634396
Coimbatore,Petrol,Manual,Second,16.09,5,6.98,Volkswagen,Vento 1.6 Highline,1,2,1,0.0647684605351887,165.393,6.193225558121632
Jaipur,Petrol,Manual,Second,14.0,5,1.85,Maruti,Wagon R LXI BSIII,1,1,0,0.060320452346540564,67.904,6.792819019893256
Kochi,Diesel,Manual,First,24.3,5,8.63,Maruti,Vitara Brezza ZDi Plus,0,1,1,0.07091346148163985,110.448,10.809608540925266
Delhi,Petrol,Manual,First,18.15,5,4.85,Mahindra,KUV 100 mFALCON G80 K6 5str AW,1,1,1,0.06844741229678847,98.236,8.257506824385805
Pune,Diesel,Automatic,First,11.74,5,28.0,Mercedes-Benz,M-Class ML 350 CDI,1,5,4,0.08530297954961401,761.0876,2.944569852019062
Chennai,Diesel,Manual,First,22.07,5,5.0,Volkswagen,Polo Diesel Trendline 1.2L,1,1,0,0.061634695528244625,88.60610000000001,10.03638017280582
Delhi,Petrol,Manual,Second,19.7,5,1.25,Maruti,Alto LXi,1,0,0,0.05816582907265599,36.8548,10.96881959910913
Kochi,Petrol,Manual,First,25.4,4,1.53,Tata,Nano LX SE,0,0,0,0.06009615374984591,23.4,15.640394088669948
Coimbatore,Diesel,Manual,First,25.32,6,5.58,Mahindra,KUV 100 mFALCON D75 K8 Dual Tone,0,1,0,0.06427378959576478,92.246,11.519563239308463
Kochi,Petrol,Manual,First,18.5,5,4.74,Hyundai,i20 Magna Optional 1.2,0,1,1,0.06925647446177403,99.2313,8.420573509330906
Bangalore,Petrol,Automatic,First,14.62,5,8.85,Hyundai,Elantra 2.0 SX Option AT,0,3,2,0.07499749871185717,299.69007999999997,4.874958319439813
Mumbai,Petrol,Automatic,First,14.28,5,10.11,Toyota,Corolla Altis G AT,1,2,2,0.07676863177042902,248.17794,5.103645461043603
Ahmedabad,Diesel,Manual,Second,14.9,5,4.25,Hyundai,Elantra CRDi,1,3,1,0.056353591131916826,223.39020000000002,4.9816115011701765
Bangalore,Petrol,Manual,First,11.25,7,10.95,Toyota,Innova Crysta 2.7 GX MT,1,5,2,0.06076466218976813,441.0078,3.0454791553871146
Jaipur,Diesel,Manual,First,24.4,5,3.85,Hyundai,Xcent 1.1 CRDi S,1,1,0,0.06339285708625637,79.52,11.509433962264149
Jaipur,Diesel,Manual,Second,16.55,6,5.5,Mahindra,Thar CRDe AC,1,4,1,0.04203362688469431,262.29,4.731275014293883
Kochi,Diesel,Automatic,First,17.11,5,21.43,Audi,A4 2.0 TDI 177 Bhp Premium Plus,0,3,3,0.0885823170281594,343.08144,5.764824797843666
Delhi,Diesel,Manual,First,22.9,5,4.25,Maruti,Swift LDI,1,1,0,0.059294871747359874,92.352,10.186832740213521
Kolkata,Diesel,Manual,First,17.8,5,3.3,Maruti,Swift Ldi BSIV,1,1,0,0.060096153797999874,93.6,7.918149466192171
Delhi,Diesel,Manual,First,28.4,5,3.85,Maruti,Swift VDI,1,1,0,0.059294871747359874,92.352,12.633451957295371
Chennai,Petrol,Manual,Third,18.9,5,3.6,Hyundai,Grand i10 Sportz,1,1,1,0.06850459476315406,98.154,8.602639963586709
Kolkata,Petrol,Manual,First,15.04,5,3.99,Volkswagen,Vento 2013-2015 1.6 Comfortline,0,2,1,0.06458072586697075,164.9136,5.789068514241724
Kochi,Petrol,Manual,First,25.17,5,3.3,Renault,KWID RXT,0,0,0,0.06670838539836246,42.5867,13.991106170094499
Kolkata,Petrol,Manual,First,20.36,5,2.07,Hyundai,i10 Asta,0,1,0,0.06591478691235189,94.44330000000001,9.267182521620391
Hyderabad,Diesel,Automatic,First,13.29,5,7.75,Nissan,X-Trail SLX AT,2,3,2,0.07398496236892983,294.462,4.437395659432387
Hyderabad,Petrol,Manual,First,18.2,5,2.25,Maruti,Zen Estilo VXI BSIII,0,0,0,0.06723446887050653,66.96579999999999,9.10910910910911
Mumbai,Diesel,Manual,First,13.68,8,16.5,Toyota,Innova Crysta 2.4 GX MT 8S,0,4,2,0.06176347678154473,353.6854,4.031830238726791
Bangalore,Diesel,Manual,First,20.0,5,2.75,Ford,Figo Diesel Titanium,1,1,0,0.04860614721329081,95.132,8.336807002917881
Delhi,Petrol,Automatic,First,11.74,5,26.7,Mercedes-Benz,New C-Class C 200 CGI Avantgarde,1,2,3,0.10356347432986443,334.056,4.198855507868384
Pune,Diesel,Manual,Second,15.8,5,10.0,Mercedes-Benz,New C-Class 200 CDI Classic,1,3,2,0.07914338916240997,365.16,5.019059720457434
Chennai,Diesel,Manual,First,25.0,5,2.5,Tata,Indica V2 eLS,3,1,0,0.049426934062015086,96.324,10.434056761268781
Jaipur,Diesel,Automatic,First,16.55,5,13.5,Audi,A4 2.0 TDI Multitronic,1,3,2,0.07113821134596635,275.52,5.576145552560647
Mumbai,Petrol,Automatic,Second,16.4,5,1.85,Honda,City ZX CVT,1,2,0,0.052104208382027915,116.766,6.567881457749299
Pune,Diesel,Manual,First,24.52,7,8.15,Maruti,Ertiga SHVS VDI,1,1,1,0.07091346148163985,110.448,10.90747330960854
Mumbai,Diesel,Manual,First,22.1,5,10.5,Hyundai,Creta 1.4 E Plus Diesel,0,1,1,0.06353868190290925,123.8252,9.223706176961603
Mumbai,Petrol,Automatic,First,8.5,5,14.5,Porsche,Cayenne 2009-2014 Turbo,1,10,9,0.10403662086890623,2403.0,1.4640027557698931
Mumbai,Diesel,Manual,First,15.1,7,9.65,Mahindra,XUV500 W8 4WD,1,3,2,0.06424965577592949,305.06,4.749921358917899
Kochi,Petrol,Automatic,First,16.95,5,3.48,Hyundai,i10 Sportz 1.2 AT,0,1,0,0.06591478691235189,94.44330000000001,7.715065999089667
Kochi,Diesel,Manual,First,19.64,5,6.92,Nissan,Terrano XV D Pre,1,2,1,0.07426420255012717,158.5185,7.980495733441689
Coimbatore,Petrol,Automatic,Second,16.5,5,6.46,Honda,Brio VX AT,0,1,1,0.0724540900897712,103.98639999999999,7.506824385805278
Delhi,Diesel,Automatic,Second,18.53,5,29.5,Audi,A6 2.0 TDI Design Edition,1,3,3,0.09539634141494088,369.47232,6.243261455525607
Jaipur,Diesel,Manual,First,17.8,5,2.0,Ford,Fiesta 1.4 SXi TDCi,2,1,1,0.08096990253895649,158.4743743324251,7.419758232596915
Chennai,Petrol,Manual,Third,12.4,8,4.5,Toyota,Innova 2.0 G1,4,3,2,0.06606606603299996,263.736,4.136090727151434
Hyderabad,Diesel,Manual,First,12.8,7,11.75,Toyota,Innova 2.5 VX 7 STR BSIV,2,4,1,0.040898155556977484,254.388,3.6634230108757873
Jaipur,Diesel,Manual,First,22.9,5,3.75,Maruti,Swift VDI,1,1,0,0.059294871747359874,92.352,10.186832740213521
Pune,Petrol,Manual,First,17.57,5,4.5,Tata,Zest Revotron 1.2T XE,1,1,1,0.0743503771380131,105.8191,8.011855905152759
Kochi,Petrol,Manual,First,18.0,5,4.82,Honda,Amaze SX i-VTEC,1,1,1,0.07237061763575073,103.8666,8.18926296633303
Hyderabad,Diesel,Manual,First,20.0,5,2.8,Ford,Figo Diesel ZXI,1,1,0,0.04860614721329081,95.132,8.336807002917881
Jaipur,Diesel,Manual,First,23.2,5,3.11,Maruti,Ritz VDi,1,1,0,0.05924679482432147,92.27712,10.320284697508896
Delhi,Petrol,Manual,First,17.8,5,3.25,Honda,City i VTEC E,1,2,1,0.07835671337451121,175.59810000000002,7.128554265118143
Delhi,Diesel,Automatic,Second,16.73,5,13.9,BMW,5 Series 2003-2012 525d,1,3,3,0.10927318290261995,434.91,5.585976627712855
Pune,Petrol,Manual,First,20.36,5,2.25,Hyundai,i10 Sportz 1.2,1,1,0,0.06591478691235189,94.44330000000001,9.267182521620391
Bangalore,Petrol,Manual,First,18.9,5,5.75,Hyundai,Grand i10 Sportz,0,1,1,0.06850459476315406,98.154,8.602639963586709
Hyderabad,Petrol,Manual,First,17.0,5,2.1,Hyundai,Santro Xing XO,1,1,1,0.10430653188643048,123.01870659400547,8.149568552253115
Mumbai,Petrol,Manual,First,17.8,5,5.0,Honda,Amaze SX i-VTEC,0,1,1,0.07237061763575073,103.8666,8.098271155595997
Delhi,Diesel,Manual,First,13.0,7,16.5,Toyota,Fortuner 4x2 Manual,2,5,2,0.05650570085294913,502.467,3.2646911099949776
Coimbatore,Diesel,Automatic,First,17.68,5,39.58,Audi,A6 2011-2015 35 TDI Premium,0,3,3,0.0885823170281594,343.08144,5.9568733153638815
Delhi,Diesel,Manual,First,22.7,5,5.5,Ford,Ecosport 1.5 DV5 MT Titanium Optional,1,2,1,0.059973297690271495,134.58032,9.08726981585268
Delhi,Diesel,Manual,First,15.1,7,8.1,Mahindra,XUV500 W8 2WD,1,3,2,0.06424965577592949,305.06,4.749921358917899
Kolkata,Diesel,Manual,First,25.8,5,3.5,Honda,Amaze SX i-DTEC,0,2,1,0.06582109474911808,147.7028,10.32826261008807
Kolkata,Diesel,Manual,First,22.07,5,2.79,Volkswagen,Polo Diesel Highline 1.2L,0,1,0,0.061634695528244625,88.60610000000001,10.03638017280582
Ahmedabad,Diesel,Manual,First,16.2,5,3.45,Hyundai,Verna Transform SX VGT CRDi,1,2,1,0.07367716003102667,164.23,6.4981949458483745
Bangalore,Petrol,Manual,First,18.9,5,4.45,Maruti,Wagon R VXI BS IV,1,0,0,0.06723446887050653,66.96579999999999,9.45945945945946
Delhi,Petrol,Manual,First,15.26,5,2.65,Volkswagen,Polo Petrol Highline 1.6L,1,2,1,0.0647684605351887,165.393,5.873749037721324
Pune,Diesel,Manual,Second,23.0,5,3.8,Hyundai,i20 1.4 CRDi Sportz,1,1,1,0.06446991399393272,125.64,9.599332220367279
Mumbai,Petrol,Manual,First,18.5,5,4.65,Hyundai,i20 Asta 1.2,0,1,1,0.06921470336740625,99.17145,8.420573509330906
Pune,Petrol,Manual,First,19.83,7,3.95,Datsun,GO Plus T Petrol,0,1,0,0.055926544193717405,80.266,9.021838034576888
Kolkata,Diesel,Automatic,First,14.94,5,9.8,Audi,A4 3.0 TDI Quattro Premium,0,5,4,0.08136164473159366,716.2338000000001,3.766070078144694
Pune,Petrol,Manual,Second,17.0,5,2.7,Hyundai,i20 2015-2017 Asta,1,1,0,0.06683375098844298,95.76,7.737824305871643
Coimbatore,Petrol,Manual,First,14.0,5,2.41,Maruti,Omni 5 Str STD,1,0,0,0.04396984919099265,27.86,7.795100222717149
Ahmedabad,Petrol,Manual,First,17.71,5,3.9,Toyota,Etios Liva 1.2 G,1,1,0,0.06591478691235189,94.44330000000001,8.060992262175695
Hyderabad,Diesel,Automatic,Second,14.74,5,24.0,Jaguar,XF 3.0 Litre S Premium Luxury,1,5,5,0.09051119275291974,810.8036999999999,3.6914600550964187
Delhi,Diesel,Manual,Second,16.0,7,5.75,Mahindra,XUV500 W8 2WD,1,3,2,0.06424965577592949,305.06,5.033029254482542
Kolkata,Diesel,Automatic,First,22.32,5,5.25,Hyundai,Verna 1.6 SX CRDI (O) AT,0,2,1,0.07984829324914772,199.83823999999998,8.644461657629744
Mumbai,Diesel,Automatic,First,11.36,7,19.25,Toyota,Innova Crysta 2.8 ZX AT,0,5,2,0.062250453697912725,472.4825,3.025299600532623
Coimbatore,Petrol,Manual,First,15.1,5,3.91,Maruti,Eeco 5 Seater AC,0,1,0,0.06103678924662475,87.308,6.876138433515483
Bangalore,Petrol,Manual,First,25.4,4,2.15,Tata,Nano Twist XT,0,0,0,0.06009615374984591,23.4,15.640394088669948
Mumbai,Diesel,Automatic,First,22.69,5,20.75,BMW,3 Series 320d Luxury Line,1,3,3,0.09523809519035684,379.05,7.5759599332220375
Delhi,Petrol,Manual,First,13.5,5,3.35,Honda,Civic 2006-2010 1.8 V MT,1,2,2,0.07226236794204426,233.87,4.82315112540193
Ahmedabad,Diesel,Manual,First,12.99,7,11.11,Toyota,Innova 2.5 VX (Diesel) 7 Seater,1,4,1,0.040336808323842496,250.8964,3.7178019461934744
Bangalore,Diesel,Automatic,First,23.3,5,20.0,Volvo,V40 Cross Country D3,0,3,2,0.07560483867157014,297.6,7.8083109919571045
Coimbatore,Petrol,Automatic,First,19.15,5,6.55,Nissan,Micra XV CVT,0,1,0,0.06338898158314775,90.97612,8.712465878070974
Mumbai,Petrol,Automatic,First,10.8,5,7.0,BMW,5 Series 2010-2013 525i,2,4,3,0.08610332395430384,536.855,3.08836145267372
Mumbai,Diesel,Manual,First,24.3,5,7.5,Maruti,Vitara Brezza VDi,1,1,1,0.07091346148163985,110.448,10.809608540925266
Mumbai,Petrol,Manual,Second,17.0,5,0.85,Hyundai,Santro Xing XL eRLX Euro III,2,1,1,0.10430653188643048,123.01870659400547,8.149568552253115
Pune,Diesel,Automatic,Second,15.0,5,16.75,Mercedes-Benz,B Class B200 CDI,1,3,1,0.05006999531027999,229.94389999999999,4.772510340439071
Kolkata,Diesel,Manual,First,22.0,5,10.95,Hyundai,Verna CRDi 1.6 SX Option,0,2,1,0.07977243989900604,199.64839999999998,8.520526723470178
Pune,Petrol,Manual,First,18.9,5,2.45,Maruti,Wagon R LXI BS IV,0,0,0,0.06723446887050653,66.96579999999999,9.45945945945946
Coimbatore,Petrol,Automatic,First,21.9,4,3.23,Tata,Nano XTA,0,0,0,0.060064102467845985,23.38752,13.485221674876845
Kolkata,Diesel,Manual,First,12.05,8,7.75,Mahindra,Scorpio VLX,0,3,1,0.05507113352222527,261.48,3.7905001572821644
Kolkata,Petrol,Automatic,First,11.7,5,9.35,Mercedes-Benz,New C-Class 200 K AT,0,2,3,0.09910913134793478,319.688,4.184549356223176
Pune,CNG,Manual,First,26.6,5,3.25,Maruti,Wagon R LXI CNG,1,0,0,0.058276553047819084,58.043679999999995,13.313313313313316
Bangalore,Petrol,Manual,Second,10.8,5,5.25,Honda,CR-V 2.4 MT,0,4,2,0.06457094304818567,357.808,3.2200357781753133
Pune,Diesel,Automatic,First,21.21,5,7.25,Volkswagen,Vento 1.5 TDI Comfortline AT,1,2,1,0.06889185576175443,154.5936,8.490792634107285
Kochi,Petrol,Manual,First,20.73,5,7.47,Maruti,Ciaz VXi Plus,0,1,1,0.06635105603324758,125.0803,8.735777496839443
Jaipur,Diesel,Automatic,First,16.0,7,13.25,Mahindra,XUV500 AT W10 FWD,1,3,2,0.06424965577592949,305.06,5.033029254482542
Coimbatore,Petrol,Manual,First,21.1,5,5.81,Maruti,Ritz VXI ABS,0,1,1,0.07167919793510509,102.70259999999999,9.604005461993628
Hyderabad,Petrol,Manual,First,24.07,5,2.6,Maruti,Alto K10 VXI,1,0,0,0.06723446887050653,66.96579999999999,12.047047047047048
Kolkata,Petrol,Automatic,First,19.0,2,54.0,Mercedes-Benz,SLC 43 AMG,0,5,7,0.12085113480612446,1084.76172,4.754754754754755
Kochi,Petrol,Automatic,First,17.0,5,11.5,Hyundai,Verna VTVT 1.6 AT SX Plus,0,2,1,0.07624135758878607,192.98829999999998,6.561173292165186
Chennai,Petrol,Manual,Second,19.7,5,1.6,Maruti,Alto LXi BSIII,1,0,0,0.05816582907265599,36.8548,10.96881959910913
Coimbatore,Diesel,Automatic,First,20.58,5,17.22,BMW,1 Series 118d Base,0,3,2,0.07167919795905804,285.285,6.871452420701168
Mumbai,Petrol,Automatic,First,19.0,5,6.0,Honda,Jazz 1.2 V CVT i VTEC,0,1,1,0.07397831520101891,106.35130000000001,8.640291041382447
Delhi,Petrol,Manual,First,13.5,5,3.95,Honda,Civic 2006-2010 1.8 V MT,1,2,2,0.07226236794204426,233.87,4.82315112540193
Kochi,Diesel,Automatic,First,19.27,5,17.95,Mercedes-Benz,New C-Class C 220 CDI Avantgarde,0,3,2,0.07932804475999625,364.31,6.13108495068406
Kolkata,Diesel,Manual,First,25.8,5,3.7,Honda,Amaze SX i-DTEC,0,2,1,0.06582109474911808,147.7028,10.32826261008807
Kochi,Petrol,Manual,First,22.0,5,5.43,Maruti,Swift VVT VXI,0,1,1,0.06833751038568293,97.9146,10.013654984069186
Kochi,Petrol,Manual,Third,17.0,5,1.67,Hyundai,Santro Xing XO eRLX Euro II,1,1,1,0.10430653188643048,123.01870659400547,8.149568552253115
Coimbatore,Diesel,Manual,First,11.5,7,13.49,Toyota,Fortuner 3.0 Diesel,1,5,2,0.05734406436708784,509.922,2.887995981918634
Pune,Petrol,Manual,First,18.6,5,2.85,Chevrolet,Beat LT Option,0,1,0,0.06405337776142336,92.08319999999999,8.458390177353344
Chennai,Diesel,Manual,First,21.14,5,4.75,Skoda,Rapid 1.5 TDI Elegance,1,2,1,0.06910547391915521,155.07296,8.462770216172938
Kochi,Petrol,Manual,First,20.73,5,9.9,Maruti,Ciaz 1.4 Alpha,0,1,1,0.06635105603324758,125.0803,8.735777496839443
Mumbai,Petrol,Automatic,First,11.05,4,37.0,Audi,RS5 Coupe,0,5,8,0.15342087071409094,1284.936,2.837699024139702
Mumbai,Diesel,Automatic,First,21.76,5,26.5,BMW,3 Series Luxury Line,0,3,3,0.09523809519035684,379.05,7.265442404006678
Coimbatore,Diesel,Automatic,First,17.11,5,23.32,Audi,A4 2.0 TDI 177 Bhp Premium Plus,0,3,3,0.0885823170281594,343.08144,5.764824797843666
Chennai,Diesel,Manual,First,22.9,5,6.25,Maruti,Swift VDI,0,1,0,0.059294871747359874,92.352,10.186832740213521
Kolkata,Petrol,Automatic,First,7.81,5,30.0,Mercedes-Benz,S Class 2005 2013 S 500,0,11,7,0.0664530305683111,1981.7968999999998,1.2087912087912087
Coimbatore,Diesel,Automatic,First,21.66,5,9.86,Skoda,Rapid 1.5 TDI AT Elegance Plus Black Package,1,2,1,0.06910547391915521,155.07296,8.670936749399518
Pune,Diesel,Automatic,First,17.2,5,8.5,Skoda,Superb Elegance 2.0 TDI CR AT,2,3,2,0.07017276419198537,271.7808,5.795148247978436
Kochi,Petrol,Manual,First,21.1,5,4.23,Hyundai,EON Magna Plus,0,0,0,0.06781326772995913,44.9328,11.631753031973538
Jaipur,Diesel,Manual,First,22.07,5,3.5,Volkswagen,Polo Diesel Trendline 1.2L,1,1,0,0.061634695528244625,88.60610000000001,10.03638017280582
Kolkata,Petrol,Manual,First,20.63,5,2.5,Datsun,GO NXT,0,1,0,0.05597662766612969,80.33788,9.385805277525023
Kolkata,Petrol,Manual,First,19.4,5,2.39,Honda,Brio S MT,0,1,1,0.0724540900897712,103.98639999999999,8.826205641492265
Delhi,Petrol,Automatic,First,14.8,5,11.25,Mercedes-Benz,B Class B180,0,2,1,0.07567398114377806,192.5165,5.703275529865126
Kochi,Diesel,Manual,First,26.0,5,7.11,Honda,City i DTEC V,0,2,1,0.06582109474911808,147.7028,10.408326661329061
Ahmedabad,Diesel,Manual,First,12.99,7,10.9,Toyota,Innova 2.5 G (Diesel) 7 Seater,1,4,1,0.040336808323842496,250.8964,3.7178019461934744
Ahmedabad,Petrol,Manual,First,20.4,5,6.2,Maruti,Swift VXI Optional,0,1,1,0.06833751038568293,97.9146,9.28538916704597
Mumbai,Diesel,Manual,First,15.1,7,7.9,Mahindra,XUV500 W8 2WD,0,3,2,0.06424965577592949,305.06,4.749921358917899
Kochi,Diesel,Manual,First,22.7,5,4.42,Ford,Ecosport 1.5 DV5 MT Ambiente,2,2,1,0.059973297690271495,134.58032,9.08726981585268
Mumbai,Diesel,Manual,First,13.0,7,13.5,Toyota,Fortuner 4x2 Manual,2,5,2,0.05650570085294913,502.467,3.2646911099949776
Chennai,Diesel,Automatic,First,21.5,5,6.25,Volkswagen,Vento 1.5 Highline Plus AT 16 Alloy,1,2,1,0.072429906493705,162.533,8.606885508406725
Jaipur,Diesel,Manual,Second,20.0,5,2.1,Ford,Figo Diesel Titanium,1,1,0,0.04860614721329081,95.132,8.336807002917881
Mumbai,Diesel,Automatic,First,15.3,5,45.0,BMW,X5 xDrive 30d,0,5,4,0.08620113595516167,772.194,3.8317054845980465
Coimbatore,Diesel,Automatic,First,19.27,5,33.66,Mercedes-Benz,New C-Class C 220 CDI Style,0,3,2,0.0782174521333563,359.20966000000004,6.13108495068406
Bangalore,Petrol,Manual,Second,19.4,5,3.65,Honda,Brio V MT,0,1,1,0.0724540900897712,103.98639999999999,8.826205641492265
Delhi,Petrol,Manual,First,20.36,5,2.75,Hyundai,i10 Magna 1.2,1,1,0,0.06591478691235189,94.44330000000001,9.267182521620391
Bangalore,Diesel,Automatic,First,17.9,5,42.5,Mercedes-Benz,GLC 220,0,3,2,0.07932804475999625,364.31,5.695195672923958
Kolkata,Petrol,Manual,First,18.9,5,6.5,Hyundai,Grand i10 1.2 Kappa Asta,0,1,1,0.06838763569892427,97.98642,8.602639963586709
Mumbai,Diesel,Automatic,Second,17.68,5,19.0,Audi,A6 2011-2015 2.0 TDI Premium Plus,1,3,3,0.0885823170281594,343.08144,5.9568733153638815
Mumbai,Petrol,Automatic,Second,14.4,5,4.45,Volkswagen,Vento Petrol Highline AT,0,2,1,0.064831038757928,165.5528,5.542725173210162
Jaipur,Diesel,Automatic,Second,16.6,5,23.0,Mini,Countryman Cooper D,0,3,1,0.05605605602799997,223.776,5.537024683122082
Bangalore,Diesel,Manual,First,22.54,5,8.35,Hyundai,i20 Asta 1.4 CRDi,0,1,1,0.06356017187424057,123.86708,9.407345575959933
Mumbai,Diesel,Automatic,First,17.68,5,22.95,Audi,A6 2011-2015 2.0 TDI Premium Plus,0,3,3,0.0885823170281594,343.08144,5.9568733153638815
Jaipur,Diesel,Manual,First,25.44,5,1.5,Chevrolet,Beat Diesel LT,1,0,0,0.06153846147271532,53.913599999999995,13.140495867768598
Kochi,Petrol,Automatic,First,13.7,5,6.89,Skoda,Superb Elegance 1.8 TSI AT,1,2,2,0.08773637369981291,283.6345,4.896354538956397
Chennai,Diesel,Manual,Second,17.8,5,1.45,Ford,Fiesta 1.4 TDCi EXI Limited Edition,4,1,0,0.04860614721329081,95.132,7.419758232596915
Hyderabad,Diesel,Automatic,First,22.48,5,33.5,BMW,5 Series 520d Luxury Line,1,3,3,0.09523809519035684,379.05,7.505843071786311
Jaipur,Petrol,Manual,First,12.9,5,1.25,Chevrolet,Optra Magnum 1.6 LS BS3,2,2,1,0.06414267830779556,163.795,4.965357967667437
Hyderabad,Diesel,Manual,First,22.07,5,4.2,Volkswagen,Polo Diesel Highline 1.2L,1,1,0,0.061634695528244625,88.60610000000001,10.03638017280582
Mumbai,Diesel,Manual,First,19.98,8,6.75,Renault,Lodgy 110PS RxZ 8 Seater,0,2,1,0.07426420255012717,158.5185,8.118650954896383
Bangalore,Diesel,Automatic,First,13.0,5,32.0,Mercedes-Benz,E-Class E250 CDI Avantgrade,0,3,3,0.09384041059550144,430.9573,4.136175628380529
Kochi,Petrol,Manual,First,21.4,5,7.5,Maruti,Baleno Alpha,0,1,1,0.06942355883924514,99.4707,9.740555302685479
Delhi,Diesel,Manual,First,22.32,5,4.6,Hyundai,Verna 1.6 SX,1,2,1,0.07984829324914772,199.83823999999998,8.644461657629744
Kochi,Petrol,Manual,First,19.81,5,4.04,Hyundai,i10 Magna 1.1,1,1,0,0.06266114174708919,73.9023,9.49664429530201
Kochi,Diesel,Manual,First,15.4,7,10.31,Mahindra,Scorpio 1.99 S10 4WD,1,3,1,0.060090135172714,239.64,5.138471805138472
Coimbatore,Diesel,Automatic,First,12.7,5,55.76,Land,Rover Range Rover 2.2L Dynamic,0,3,3,0.08614043135101403,408.9983,3.994966970745517
Chennai,Diesel,Manual,First,20.0,5,2.6,Ford,Figo Diesel ZXI,2,1,0,0.04860614721329081,95.132,8.336807002917881
Mumbai,Diesel,Manual,First,25.47,7,8.5,Maruti,Ertiga ZDI,0,1,1,0.07091346148163985,110.448,11.330071174377222
Kolkata,Diesel,Manual,First,25.8,5,3.5,Honda,Amaze S i-Dtech,1,2,1,0.06582109474911808,147.7028,10.32826261008807
Jaipur,Petrol,Manual,First,20.36,5,3.55,Hyundai,i10 Magna,0,1,0,0.06591478691235189,94.44330000000001,9.267182521620391
Kolkata,Diesel,Manual,First,25.8,5,3.25,Honda,Amaze S i-Dtech,0,2,1,0.06582109474911808,147.7028,10.32826261008807
Hyderabad,Diesel,Manual,First,17.5,5,4.5,Skoda,Laura Ambiente,2,3,1,0.05590717296629368,200.976,6.042817679558011
Delhi,Diesel,Manual,First,19.87,5,5.35,Renault,Duster 85PS Diesel RxL,1,2,1,0.057357973951158124,122.43180000000001,8.073953677366923
Chennai,Diesel,Manual,Second,17.45,7,6.5,Mahindra,NuvoSport N6,0,2,1,0.06697923639184243,149.3,6.9995988768551936
Mumbai,Diesel,Manual,First,24.3,5,9.0,Maruti,Vitara Brezza ZDi Plus Dual Tone,0,1,1,0.07091346148163985,110.448,10.809608540925266
Kochi,Petrol,Manual,First,18.6,5,6.0,Hyundai,i20 Asta Option 1.2,1,1,1,0.0683625730423036,97.95051,8.466090122894856
Jaipur,Petrol,Manual,First,14.7,5,2.75,Skoda,Fabia 1.4 MPI Ambiente,1,1,1,0.06115107909269706,118.15,6.150627615062762
Pune,Petrol,Manual,First,15.64,5,1.5,Tata,Indigo eCS GLX,1,1,0,0.053730092159488596,76.47129999999999,7.131782945736434
Delhi,Diesel,Automatic,First,15.73,5,19.9,Audi,Q3 2012-2015 35 TDI Quattro Premium Plus,1,3,3,0.0885823170281594,343.08144,5.299865229110512
Mumbai,Petrol,Automatic,First,14.7,5,10.0,Skoda,Octavia Elegance 1.8 TSI AT,1,2,3,0.09872080083497174,319.145,5.253752680486061
Delhi,Diesel,Manual,First,23.59,5,3.0,Toyota,Etios Liva GD SP,2,1,0,0.04916422283785614,91.46983999999999,9.978849407783418
Kochi,Petrol,Automatic,First,14.8,5,11.96,Mercedes-Benz,B Class B180,0,2,1,0.07567398114377806,192.5165,5.703275529865126
Kolkata,Diesel,Manual,First,27.4,5,3.25,Honda,Amaze S Diesel,0,2,1,0.06582109474911808,147.7028,10.968775020016011
Jaipur,Diesel,Manual,Second,22.32,5,4.75,Hyundai,Verna 1.6 SX,2,2,1,0.07984829324914772,199.83823999999998,8.644461657629744
Mumbai,Diesel,Manual,First,20.46,5,5.95,Renault,Duster 85PS Diesel RxL Optional,0,2,1,0.057357973951158124,122.43180000000001,8.313693620479478
Delhi,Petrol,Manual,Second,15.29,5,8.15,Hyundai,Creta 1.6 VTVT S,0,2,1,0.07624135758878607,192.98829999999998,5.901196449247394
Mumbai,Petrol,Automatic,First,20.51,5,4.22,Maruti,Wagon R AMT VXI,0,0,0,0.06713426846980534,66.866,10.265265265265267
Kolkata,Petrol,Automatic,First,11.74,5,10.5,Mercedes-Benz,New C-Class C250 Avantgarde,0,2,3,0.10356347432986443,334.056,4.198855507868384
Delhi,Diesel,Automatic,First,11.8,5,45.0,Audi,A8 L 3.0 TDI quattro,1,5,4,0.08314796087524504,731.9589,2.974539954625662
Pune,Petrol,Manual,Second,19.81,5,2.9,Hyundai,i10 Magna 1.1,0,1,0,0.06266114174708919,73.9023,9.49664429530201
Mumbai,Petrol,Automatic,First,14.3,5,8.9,Skoda,Rapid 1.6 MPI AT Style Black Package,0,2,1,0.06478097617973655,165.42496,5.504234026173981
Hyderabad,Petrol,Automatic,First,14.67,5,26.0,Skoda,Superb Style 1.8 TSI AT,0,2,3,0.09869855389393851,319.07308,5.243030736240171
Coimbatore,Petrol,Manual,First,17.19,5,8.22,Hyundai,i20 Active 1.2 SX,0,1,1,0.06838763569892427,97.98642,7.82430587164315
Kolkata,Diesel,Manual,Second,25.8,5,3.5,Honda,Amaze VX i-DTEC,1,2,1,0.06582109474911808,147.7028,10.32826261008807
Chennai,Petrol,Manual,Second,18.9,5,1.25,Maruti,Wagon R LXI,1,0,0,0.06723446887050653,66.96579999999999,9.45945945945946
Hyderabad,Diesel,Manual,First,21.03,5,3.7,Mahindra,Verito 1.5 D4 BSIV,2,2,0,0.04449007526044484,94.965,8.545306785859406
Coimbatore,Diesel,Automatic,First,19.27,5,39.41,Mercedes-Benz,New C-Class C 220d Avantgarde Edition C,0,3,2,0.0782174521333563,359.20966000000004,6.13108495068406
Kolkata,Petrol,Manual,First,22.5,5,2.65,Maruti,Wagon R VXI,0,0,0,0.06717434863008583,66.90592000000001,11.261261261261263
Coimbatore,Diesel,Manual,Second,19.01,5,8.92,Nissan,Terrano XV Premium 110 PS Anniversary Edition,0,2,1,0.07426420255012717,158.5185,7.724502234863876
Delhi,Diesel,Manual,First,17.8,5,4.1,Maruti,Swift VDI BSIV,0,1,1,0.0907667417004834,141.36956337874662,7.918149466192171
Kochi,Petrol,Automatic,First,16.82,4,35.67,Mini,Cooper Convertible S,0,3,3,0.09463463458726995,377.78184000000005,5.610406937958639
Jaipur,Diesel,Manual,Second,17.2,5,0.85,Tata,Indica V2 DLS BSII,3,1,0,0.03832378220750445,74.686,7.178631051752921
Kochi,Petrol,Manual,Second,18.6,5,3.32,Chevrolet,Beat LT,1,1,0,0.06405337776142336,92.08319999999999,8.458390177353344
Mumbai,Diesel,Manual,First,22.07,5,3.6,Volkswagen,Polo Diesel Comfortline 1.2L,0,1,0,0.061634695528244625,88.60610000000001,10.03638017280582
Hyderabad,Diesel,Manual,First,22.9,5,6.8,Maruti,Swift ZDi,1,1,0,0.059294871747359874,92.352,10.186832740213521
Kolkata,Diesel,Manual,First,20.0,5,2.5,Ford,Figo Diesel EXI,0,1,0,0.04864188702741823,95.20195,8.336807002917881
Kochi,Diesel,Automatic,First,11.36,7,19.64,Toyota,Innova Crysta 2.8 GX AT,0,5,2,0.062250453697912725,472.4825,3.025299600532623
Mumbai,Diesel,Automatic,Second,11.72,7,7.0,Hyundai,Santa Fe 4x4 AT,1,3,3,0.0883583446619562,427.26570000000004,3.6636448890278213
Kolkata,Petrol,Manual,First,17.4,5,3.87,Honda,City i-VTEC V,0,2,1,0.07835671337451121,175.59810000000002,6.96836203444133
Kochi,Petrol,Manual,First,18.6,5,6.27,Hyundai,i20 1.2 Magna Executive,0,1,1,0.0683625730423036,97.95051,8.466090122894856
Kochi,Diesel,Automatic,First,19.27,5,18.12,Mercedes-Benz,New C-Class C 220d Avantgarde Edition C,1,3,2,0.0782174521333563,359.20966000000004,6.13108495068406
Mumbai,Diesel,Manual,First,25.44,5,2.65,Chevrolet,Beat Diesel LT,1,0,0,0.06153846147271532,53.913599999999995,13.140495867768598
Kochi,Diesel,Manual,First,22.54,5,7.2,Hyundai,i20 Sportz 1.4 CRDi,1,1,1,0.06356017187424057,123.86708,9.407345575959933
Coimbatore,Diesel,Manual,First,12.99,7,14.3,Toyota,Innova 2.5 Z Diesel 7 Seater,2,4,1,0.040336808323842496,250.8964,3.7178019461934744
Chennai,Diesel,Manual,First,20.77,7,6.9,Maruti,Ertiga VDI,1,1,1,0.07112179481480625,110.77248000000002,9.239323843416368
Mumbai,Diesel,Manual,First,12.8,7,10.75,Toyota,Innova 2.5 V Diesel 7-seater,2,4,1,0.040898155556977484,254.388,3.6634230108757873
Mumbai,Petrol,Manual,Third,17.0,5,0.95,Hyundai,Santro Xing XO eRLX Euro II,1,1,1,0.10430653188643048,123.01870659400547,8.149568552253115
Kochi,Petrol,Manual,First,17.8,5,8.09,Honda,City i VTEC V,0,2,1,0.07835671337451121,175.59810000000002,7.128554265118143
Ahmedabad,Diesel,Automatic,First,17.05,5,18.5,BMW,X1 sDrive20d,1,3,3,0.09223057639487188,367.08,5.692821368948247
Mumbai,Diesel,Manual,First,24.0,5,4.75,Hyundai,Grand i10 CRDi Era,0,1,0,0.06249999994419642,78.4,11.320754716981131
Chennai,Diesel,Manual,First,28.09,5,8.45,Maruti,Ciaz 1.3 Alpha,0,1,1,0.07091346148163985,110.448,12.495551601423486
Kolkata,Diesel,Manual,First,20.5,5,3.5,Skoda,Rapid Leisure 1.6 TDI MT,1,2,1,0.064831038757928,165.5528,7.890685142417244
Kochi,Diesel,Manual,First,13.1,5,1.8,Hyundai,Accent CRDi,3,2,1,0.0549229738413108,122.426,5.254713196951464
Jaipur,Diesel,Manual,Second,19.91,5,3.7,Volkswagen,Polo GT 1.5 TDI,1,2,1,0.06915887845850541,155.19279999999998,7.970376301040831
Coimbatore,Petrol,Manual,First,18.7,5,7.17,Honda,Jazz 1.2 VX i VTEC,0,1,1,0.07397831520101891,106.35130000000001,8.503865393360618
Jaipur,Petrol,Manual,First,19.81,5,1.75,Hyundai,i10 Era,1,1,0,0.06266114174708919,73.9023,9.49664429530201
Kochi,Diesel,Automatic,First,16.38,5,21.99,Hyundai,Tucson 2.0 e-VGT 2WD AT GLS,1,3,3,0.09172932326229107,365.085,5.469115191986644
Pune,Diesel,Manual,First,13.68,7,18.65,Toyota,Innova Crysta 2.4 ZX MT,0,4,2,0.06176347678154473,353.6854,4.031830238726791
Jaipur,Petrol,Manual,Third,19.7,5,1.85,Maruti,Omni MPI CARGO BSIII W/ IMMOBILISER,0,0,0,0.04396984919099265,27.86,10.96881959910913
Coimbatore,Petrol,Manual,Second,20.4,5,5.95,Maruti,Swift VXI BSIV,0,1,1,0.06833751038568293,97.9146,9.28538916704597
Mumbai,Petrol,Manual,First,18.9,5,3.75,Hyundai,Grand i10 Magna,0,1,1,0.06850459476315406,98.154,8.602639963586709
Pune,Diesel,Manual,First,22.9,5,3.75,Maruti,Swift VDI,2,1,0,0.059294871747359874,92.352,10.186832740213521
Hyderabad,Diesel,Manual,First,22.0,5,2.6,Hyundai,Verna CRDi 1.6 SX,2,2,1,0.07977243989900604,199.64839999999998,8.520526723470178
Mumbai,Petrol,Manual,First,17.0,5,2.8,Hyundai,i20 1.2 Sportz,1,1,0,0.06683375098844298,95.76,7.737824305871643
Coimbatore,Diesel,Automatic,First,11.57,5,61.29,Mercedes-Benz,GLE 350d,0,5,4,0.08529963170897234,761.05773,2.9019312766491097
Bangalore,Diesel,Manual,Second,15.8,5,18.0,Mercedes-Benz,New C-Class C 220 CDI CLASSIC,1,3,2,0.07914338916240997,365.16,5.019059720457434
Hyderabad,Diesel,Manual,First,23.2,5,4.35,Maruti,Ritz ZDi,1,1,0,0.05924679482432147,92.27712,10.320284697508896
Bangalore,Diesel,Manual,First,19.67,5,13.75,Hyundai,Creta 1.6 CRDi SX,0,2,1,0.07977243989900604,199.64839999999998,7.618125484120838
Pune,Petrol,Manual,First,19.0,5,2.0,Maruti,A-Star Vxi,1,0,0,0.06623246486349452,65.96779999999998,9.50950950950951
Delhi,Diesel,Manual,First,19.64,5,10.0,Renault,Duster 110PS Diesel RXZ Option,0,2,1,0.07422997941531144,158.44545000000002,7.980495733441689
Delhi,Diesel,Manual,First,17.8,5,1.65,Fiat,Grande Punto 1.3 Emotion Pack (Diesel),2,1,0,0.060897435848639866,94.848,7.918149466192171
Coimbatore,Diesel,Automatic,First,16.55,5,45.77,BMW,X3 xDrive30d M Sport,1,5,4,0.08620113595516167,772.194,4.144753318307037
Bangalore,Petrol,Manual,Second,20.36,5,3.25,Hyundai,i10 Sportz,0,1,0,0.06591478691235189,94.44330000000001,9.267182521620391
Pune,Diesel,Manual,First,12.8,7,12.8,Toyota,Innova 2.5 G4 Diesel 7-seater,0,4,1,0.040898155556977484,254.388,3.6634230108757873
Mumbai,Petrol,Manual,Third,17.3,5,0.55,Maruti,Zen VXI BSII,1,0,0,0.06042296066422662,59.58,8.680381334671349
Hyderabad,Diesel,Manual,First,28.4,5,7.15,Maruti,Swift VDI,0,1,0,0.059294871747359874,92.352,12.633451957295371
Pune,Diesel,Manual,Second,12.05,8,7.0,Mahindra,Scorpio VLX 2.2 mHawk Airbag BSIV,2,3,1,0.05507113352222527,261.48,3.7905001572821644
Pune,Diesel,Manual,First,22.95,5,3.75,Tata,Zest Quadrajet 1.3 75PS XE,2,1,0,0.059294871747359874,92.352,10.209074733096084
Mumbai,Petrol,Manual,First,18.88,5,8.5,Ford,EcoSport 1.0 Ecoboost Titanium Plus,0,0,1,0.12336336323987651,123.11676,9.444722361180588
Jaipur,Diesel,Manual,First,23.4,5,4.35,Maruti,Swift Dzire ZDI,1,1,0,0.059294871747359874,92.352,10.409252669039144
Kochi,Petrol,Manual,First,22.74,5,3.26,Maruti,Alto 800 LXI,0,0,0,0.059422110478112924,37.6508,12.661469933184854
Jaipur,Petrol,Manual,First,17.0,5,4.21,Honda,City 1.5 S MT,1,2,1,0.07882431524460633,176.646,6.8081698037645175
Kochi,Diesel,Automatic,First,12.07,7,70.36,Audi,Q7 3.0 TDI Quattro Technology,0,5,4,0.08136164473159366,716.2338000000001,3.0426014620620117
Mumbai,Diesel,Automatic,Second,17.0,5,2.95,Skoda,Laura 1.9 TDI AT Ambiente,0,3,1,0.05537974680623431,199.08,5.870165745856354
Kochi,Petrol,Manual,First,17.1,5,4.28,Hyundai,Verna 1.6 SX VTVT (O),1,2,1,0.07624135758878607,192.98829999999998,6.5997684291779235
Jaipur,Petrol,Automatic,First,16.8,5,3.57,Honda,City 1.5 V AT,1,2,1,0.07882431524460633,176.646,6.728073688426112
Kolkata,Diesel,Manual,First,21.9,5,3.11,Hyundai,i20 Magna Optional 1.4 CRDi,0,1,1,0.06361031514068029,123.9648,9.140233722871452
Coimbatore,Petrol,Automatic,First,15.0,5,5.96,Hyundai,i20 Sportz AT 1.4,0,1,1,0.07063037244224184,137.6456,6.260434056761269
Hyderabad,Diesel,Manual,First,20.54,5,4.7,Volkswagen,Vento Diesel Highline,1,2,1,0.064831038757928,165.5528,7.906081601231716
Ahmedabad,Petrol,Manual,First,17.4,5,6.9,Honda,City i VTEC VX,0,2,1,0.07835671337451121,175.59810000000002,6.96836203444133
Pune,Diesel,Manual,First,22.95,5,5.25,Tata,Zest Quadrajet 1.3 75PS XE,0,1,0,0.059294871747359874,92.352,10.209074733096084
Pune,Diesel,Automatic,First,18.48,5,28.0,BMW,5 Series 2003-2012 520d,1,3,3,0.08872180446680611,353.115,6.170283806343907
Delhi,Petrol,Manual,First,18.9,5,1.35,Maruti,Wagon R LXI Minor,1,1,0,0.06314797355028466,71.087,9.170305676855895
Delhi,Petrol,Manual,First,18.2,5,4.85,Honda,Jazz VX,1,1,1,0.07397831520101891,106.35130000000001,8.27648931332424
Coimbatore,Diesel,Manual,First,15.0,5,6.7,Volkswagen,Jetta 2007-2011 2.0 TDI Comfortline,1,3,1,0.05537974680623431,199.08,5.179558011049724
Hyderabad,Petrol,Manual,First,20.36,5,3.1,Hyundai,i10 Magna 1.2,1,1,0,0.06591478691235189,94.44330000000001,9.267182521620391
Kochi,Diesel,Automatic,First,19.27,5,18.64,Mercedes-Benz,New C-Class C 220 CDI Avantgarde,1,3,2,0.07932804475999625,364.31,6.13108495068406
Pune,Petrol,Manual,First,20.36,5,2.8,Hyundai,i10 Magna 1.2 iTech SE,0,1,0,0.06591478691235189,94.44330000000001,9.267182521620391
Chennai,Diesel,Manual,First,13.68,7,20.25,Toyota,Innova Crysta 2.4 ZX MT,0,4,2,0.06176347678154473,353.6854,4.031830238726791
Kochi,Diesel,Automatic,First,17.68,5,26.78,Audi,A6 2011-2015 2.0 TDI Technology,0,3,3,0.0885823170281594,343.08144,5.9568733153638815
Hyderabad,Diesel,Manual,Second,12.99,7,8.26,Toyota,Innova 2.5 VX (Diesel) 7 Seater,2,4,1,0.040336808323842496,250.8964,3.7178019461934744
Mumbai,Petrol,Manual,First,16.47,5,3.89,Volkswagen,Polo Petrol Trendline 1.2L,0,1,0,0.061686143521130096,88.53220000000002,7.4931756141947226
Hyderabad,Petrol,Manual,First,20.92,5,2.1,Maruti,Alto K10 LXI,1,0,0,0.06723446887050653,66.96579999999999,10.470470470470472
Mumbai,Petrol,Automatic,First,18.0,5,12.69,Honda,City i-VTEC CVT ZX,0,2,1,0.07835671337451121,175.59810000000002,7.2086503804565485
Coimbatore,Diesel,Manual,First,17.0,5,2.58,Tata,Indigo LX,1,1,0,0.04982206402147896,98.35,7.068607068607068
Kochi,Diesel,Automatic,First,17.68,5,20.77,Audi,A6 2011-2015 2.0 TDI Premium Plus,1,3,3,0.0885823170281594,343.08144,5.9568733153638815
Delhi,Diesel,Automatic,First,17.9,5,20.26,Mercedes-Benz,GLA Class 200 CDI SPORT,0,3,2,0.063462435807997,291.448,5.695195672923958
Kolkata,Diesel,Manual,First,17.8,5,2.5,Maruti,Swift VDI BSIV,1,1,1,0.0907667417004834,141.36956337874662,7.918149466192171
Hyderabad,Petrol,Automatic,First,23.1,5,4.25,Maruti,Celerio VXI AT,1,0,0,0.06717434863008583,66.90592000000001,11.561561561561563
Hyderabad,Diesel,Automatic,First,17.9,5,57.0,Mercedes-Benz,GLE 250d,0,3,3,0.09386374237337204,431.06445,5.695195672923958
Delhi,Diesel,Automatic,First,12.7,5,44.0,Land,Rover Range Rover HSE Dynamic,0,3,3,0.08614043135101403,408.9983,3.994966970745517
Hyderabad,Diesel,Manual,First,20.54,5,3.65,Volkswagen,Vento Diesel Trendline,2,2,1,0.064831038757928,165.5528,7.906081601231716
Hyderabad,Petrol,Manual,First,14.0,5,2.05,Maruti,Omni 8 Seater BSIV,1,0,0,0.04396984919099265,27.86,7.795100222717149
Kochi,Petrol,Manual,First,18.5,5,3.13,Honda,Brio 1.2 VX MT,1,1,1,0.0724540900897712,103.98639999999999,8.416742493175615
Hyderabad,Diesel,Manual,Second,14.07,7,1.5,Tata,Sumo Delux,3,5,1,0.028112313928243465,245.64359999999996,3.5566228513650153
Pune,Diesel,Manual,First,18.0,5,2.85,Tata,Indica Vista Aura 1.3 Quadrajet,1,1,0,0.060096153797999874,93.6,8.00711743772242
Delhi,Petrol,Manual,First,18.9,5,2.65,Maruti,Wagon R LXI BS IV,1,0,0,0.06723446887050653,66.96579999999999,9.45945945945946
Hyderabad,Diesel,Manual,First,16.0,7,10.6,Mahindra,XUV500 W8 4WD,1,3,2,0.06424965577592949,305.06,5.033029254482542
Pune,Diesel,Manual,Second,17.1,5,1.25,Tata,Indigo LS Dicor,2,1,0,0.05014326643972545,97.72,7.136894824707847
Mumbai,Petrol,Manual,First,16.02,7,8.25,Maruti,Ertiga Paseo VXI,0,1,1,0.0682447195424292,128.6501,6.75094816687737
Mumbai,Petrol,Automatic,First,11.7,5,4.45,Honda,Accord 2.4 A/T,1,4,3,0.07544604924577483,418.07039999999995,3.4883720930232553
Kolkata,Diesel,Manual,First,19.3,5,3.7,Maruti,Swift Dzire VDi,0,1,0,0.059214743542295875,92.22720000000001,8.585409252669038
Hyderabad,Diesel,Manual,First,17.8,5,2.8,Ford,Fiesta EXi 1.4 TDCi Ltd,3,1,0,0.04860614721329081,95.132,7.419758232596915
Kolkata,Petrol,Manual,First,17.7,5,1.8,Honda,City ZX GXi,0,2,0,0.052104208382027915,116.766,7.088506207448939
Kochi,Diesel,Automatic,First,17.68,5,21.95,Audi,A6 2011-2015 2.0 TDI Premium Plus,1,3,3,0.0885823170281594,343.08144,5.9568733153638815
Mumbai,Diesel,Automatic,First,9.52,4,49.0,BMW,6 Series 640d Gran Coupe,0,5,5,0.10457734710839381,936.809,2.384172301527673
Coimbatore,Diesel,Automatic,First,14.75,7,62.67,Audi,Q7 45 TDI Quattro Technology,1,5,4,0.08257499154614932,726.915,3.718174943282077
Pune,CNG,Manual,First,26.3,5,1.4,Maruti,Zen Estilo LXI Green (CNG),0,0,0,0.06723446887050653,66.96579999999999,13.163163163163164
Pune,Diesel,Manual,First,23.0,5,5.5,Hyundai,i20 1.4 CRDi Asta,1,1,1,0.06446991399393272,125.64,9.599332220367279
Bangalore,Petrol,Automatic,Third,16.95,5,2.95,Hyundai,i10 Sportz AT,0,1,0,0.06591478691235189,94.44330000000001,7.715065999089667
Kochi,Petrol,Automatic,First,19.0,5,6.86,Honda,Jazz 1.2 V CVT i VTEC,0,1,1,0.07397831520101891,106.35130000000001,8.640291041382447
Hyderabad,Diesel,Manual,First,25.2,5,6.15,Maruti,Swift VDI BSIV,1,1,0,0.059294871747359874,92.352,11.209964412811386
Pune,Petrol,Manual,Second,18.5,5,3.3,Hyundai,i20 Asta 1.2,1,1,1,0.06921470336740625,99.17145,8.420573509330906
Kolkata,Petrol,Manual,First,16.47,5,2.55,Volkswagen,Polo Petrol Comfortline 1.2L,0,1,0,0.061686143521130096,88.53220000000002,7.4931756141947226
Ahmedabad,Petrol,Manual,First,19.7,5,1.5,Maruti,Alto LXi,0,0,0,0.05816582907265599,36.8548,10.96881959910913
Chennai,Petrol,Automatic,Second,11.3,5,2.5,Toyota,Corolla H4,2,2,1,0.06967670007264398,224.25,4.0443808160343595
Chennai,Petrol,Manual,Second,19.7,5,1.4,Maruti,Alto LXi,1,0,0,0.05816582907265599,36.8548,10.96881959910913
Pune,Diesel,Manual,First,21.12,5,3.4,Tata,Manza ELAN Quadrajet BS IV,1,1,1,0.07115384609683184,110.82239999999999,9.395017793594306
Pune,Petrol,Manual,First,19.7,5,2.25,Maruti,Alto LXi,0,0,0,0.05816582907265599,36.8548,10.96881959910913
Kolkata,Diesel,Automatic,First,19.3,5,7.5,Skoda,Octavia Ambition Plus 2.0 TDI AT,5,3,2,0.07164634142700897,277.488,6.502695417789758
Kolkata,Petrol,Automatic,First,11.3,5,2.8,Toyota,Corolla H4,1,2,1,0.06967670007264398,224.25,4.0443808160343595
Coimbatore,Petrol,Manual,First,18.6,5,7.66,Hyundai,i20 Asta Option 1.2,0,1,1,0.0683625730423036,97.95051,8.466090122894856
Chennai,Diesel,Manual,First,24.3,5,7.15,Maruti,Vitara Brezza LDi,0,1,1,0.07091346148163985,110.448,10.809608540925266
Delhi,Petrol,Manual,First,17.0,5,3.5,Honda,City 1.5 V MT,1,2,1,0.07882431524460633,176.646,6.8081698037645175
Hyderabad,Diesel,Manual,Second,18.0,5,3.5,Tata,Indica Vista Aqua 1.3 Quadrajet,2,1,0,0.060096153797999874,93.6,8.00711743772242
Kolkata,Diesel,Manual,First,25.8,5,3.45,Honda,Amaze S i-Dtech,1,2,1,0.06582109474911808,147.7028,10.32826261008807
Coimbatore,Petrol,Manual,First,21.1,5,3.55,Hyundai,EON D Lite Plus,0,0,0,0.06781326772995913,44.9328,11.631753031973538
Kochi,Diesel,Automatic,Second,21.76,5,25.99,BMW,3 Series Luxury Line,0,3,3,0.09523809519035684,379.05,7.265442404006678
Bangalore,Diesel,Manual,First,22.32,5,5.25,Hyundai,Verna 1.6 SX,1,2,1,0.07984829324914772,199.83823999999998,8.644461657629744
Ahmedabad,Diesel,Manual,First,21.02,5,2.9,Tata,Manza Club Class Quadrajet90 LS,0,1,1,0.07115384609683184,110.82239999999999,9.35053380782918
Jaipur,Petrol,Automatic,First,14.45,5,2.05,Skoda,Octavia RS,1,3,4,0.11441532252297615,450.368,4.842493297587131
Pune,Petrol,Manual,First,24.07,5,3.75,Maruti,Alto K10 VXI,0,0,0,0.06723446887050653,66.96579999999999,12.047047047047048
Mumbai,Diesel,Manual,First,22.7,5,6.75,Ford,Ecosport 1.5 DV5 MT Titanium Optional,1,2,1,0.059973297690271495,134.58032,9.08726981585268
Kolkata,Petrol,Manual,Second,18.0,5,0.95,Chevrolet,Spark 1.0 LS,0,0,0,0.06231155772632004,61.69,9.022556390977442
Hyderabad,Diesel,Automatic,First,19.33,5,52.0,Jaguar,XF 2.0 Diesel Portfolio,0,3,3,0.08854427209177375,353.823,6.445481827275758
Jaipur,Petrol,Manual,Third,13.1,5,3.91,Honda,CR-V RVi MT,2,3,2,0.07065598394058288,281.7767,4.371037704371038
Kochi,Petrol,Automatic,First,14.67,5,27.3,Skoda,Superb L&K 1.8 TSI AT,0,2,3,0.09869855389393851,319.07308,5.243030736240171
Chennai,Petrol,Manual,First,20.36,5,2.7,Hyundai,i10 Magna 1.2,5,1,0,0.06591478691235189,94.44330000000001,9.267182521620391
Delhi,Diesel,Manual,First,22.9,5,3.5,Maruti,Swift LDI,1,1,0,0.059294871747359874,92.352,10.186832740213521
Mumbai,Petrol,Automatic,First,18.5,5,6.2,Maruti,Swift Dzire VXi AT,0,1,1,0.06945697571473937,99.51858,8.420573509330906
Chennai,Diesel,Manual,First,23.08,5,2.75,Nissan,Micra Diesel XV,1,2,0,0.04318959613744723,92.18910000000001,9.378301503453878
Mumbai,Diesel,Manual,First,23.4,5,3.25,Maruti,Swift Dzire Tour LDI,2,1,0,0.059294871747359874,92.352,10.409252669039144
Pune,Diesel,Manual,First,17.8,5,3.25,Ford,Fiesta Classic 1.4 Duratorq CLXI,1,1,0,0.04789135093074242,93.733,7.419758232596915
Kolkata,Petrol,Manual,First,17.3,5,0.65,Maruti,Zen LX,1,0,0,0.06042296066422662,59.58,8.680381334671349
Pune,Petrol,Manual,First,13.8,5,35.0,Mini,Clubman Cooper S,0,3,3,0.09609609604799994,383.616,4.603068712474983
Kolkata,Diesel,Manual,First,23.59,5,3.25,Toyota,Etios GD,0,1,0,0.04915689145956239,91.4562,9.978849407783418
Kolkata,Petrol,Manual,First,24.7,5,2.9,Maruti,Alto 800 2016-2019 LXI,0,0,0,0.059422110478112924,37.6508,13.752783964365255
Bangalore,Petrol,Manual,Third,18.9,5,2.9,Maruti,Alto VXi,0,0,0,0.059045226056475844,37.412,10.523385300668151
Bangalore,Diesel,Automatic,Second,11.0,5,17.75,BMW,X5 3.0d,1,5,4,0.07851653856381005,703.355,2.7548209366391183
Mumbai,Petrol,Automatic,Second,11.07,5,8.25,Nissan,Teana XV,1,4,3,0.07191506407375198,448.032,3.166475972540046
Coimbatore,Petrol,Automatic,First,18.9,5,5.77,Hyundai,Grand i10 AT Asta,0,1,1,0.06850459476315406,98.154,8.602639963586709
Hyderabad,Diesel,Manual,First,24.3,5,9.49,Maruti,Vitara Brezza ZDi Plus,0,1,1,0.07091346148163985,110.448,10.809608540925266
Mumbai,Diesel,Automatic,Third,12.07,7,12.95,Audi,Q7 3.0 TDI Quattro Premium Plus,1,5,4,0.08136164473159366,716.2338000000001,3.0426014620620117
Chennai,Diesel,Automatic,First,17.9,5,20.0,Mercedes-Benz,GLA Class 200 CDI,0,3,2,0.063462435807997,291.448,5.695195672923958
Chennai,Petrol,Manual,Third,16.1,4,1.0,Maruti,800 AC,1,0,0,0.04648241200190652,29.452,8.964365256124722
Chennai,Diesel,Manual,Second,20.45,5,7.1,Renault,Duster 85PS Diesel RxL,1,2,1,0.057357973951158124,122.43180000000001,8.309630231613164
Mumbai,Diesel,Manual,First,21.43,5,16.5,Toyota,Corolla Altis D-4D GL,0,1,1,0.06392961872145922,118.9408,9.065143824027073
Chennai,Diesel,Manual,First,15.8,5,26.0,Mercedes-Benz,New C-Class 220,0,3,2,0.07914338916240997,365.16,5.019059720457434
Hyderabad,Diesel,Manual,Second,21.1,5,3.2,Maruti,Ritz VDi,1,1,0,0.059214743542295875,92.22720000000001,9.386120996441282
Kochi,Petrol,Automatic,First,16.0,7,9.48,Honda,BRV i-VTEC V CVT,0,2,1,0.07835671337451121,175.59810000000002,6.4076892270724874
Kochi,Diesel,Manual,First,24.4,5,4.0,Hyundai,Xcent 1.1 CRDi Base,1,1,0,0.06339285708625637,79.52,11.509433962264149
Jaipur,Diesel,Automatic,First,14.21,5,26.5,Mercedes-Benz,E-Class 2009-2013 E250 CDI Avantgarde,1,3,3,0.09472701815458376,435.029,4.521158129175947
Kochi,Petrol,Automatic,Second,14.8,5,11.77,Mercedes-Benz,B Class B180,0,2,1,0.07567398114377806,192.5165,5.703275529865126
Bangalore,Diesel,Automatic,First,15.0,5,37.0,Mercedes-Benz,E-Class 2015-2017 E250 Edition E,0,3,3,0.09519365371199551,437.172,4.772510340439071
Mumbai,Petrol,Manual,First,17.8,5,8.75,Honda,City i VTEC VX Option,0,2,1,0.07835671337451121,175.59810000000002,7.128554265118143
Hyderabad,Petrol,Manual,First,17.0,5,1.95,Hyundai,Santro Xing XL eRLX Euro III,1,1,1,0.10430653188643048,123.01870659400547,8.149568552253115
Chennai,Petrol,Manual,First,17.0,5,3.75,Honda,City 1.5 S MT,1,2,1,0.07882431524460633,176.646,6.8081698037645175
Pune,Petrol,Manual,First,16.2,5,2.5,Hyundai,Verna Transform VTVT,1,2,1,0.06454033767070648,165.01680000000002,6.233166602539438
Mumbai,Petrol,Automatic,First,13.5,5,34.5,Jaguar,XE Portfolio,0,3,4,0.12343171579618223,493.23326000000003,4.501500500166722
Delhi,Petrol,Manual,First,18.0,5,4.65,Honda,Amaze S i-Vtech,1,1,1,0.07237061763575073,103.8666,8.18926296633303
Bangalore,Petrol,Automatic,First,18.86,4,32.0,Mini,Cooper Convertible 1.6,0,2,1,0.07634543174196155,194.956,7.259430331023864
Coimbatore,Diesel,Automatic,First,13.5,5,62.81,Mercedes-Benz,S Class 2005 2013 S 350 CDI,1,5,5,0.09440910609494171,842.334,3.3860045146726865
Chennai,Petrol,Manual,First,21.1,5,3.25,Hyundai,EON Magna Plus,0,0,0,0.06781326772995913,44.9328,11.631753031973538
Kolkata,Petrol,Manual,First,20.51,5,3.1,Maruti,Wagon R VXI BS IV,0,0,0,0.06717434863008583,66.90592000000001,10.265265265265267
Coimbatore,Diesel,Manual,First,21.1,5,3.91,Maruti,Ritz LDi,1,1,0,0.059214743542295875,92.22720000000001,9.386120996441282
Chennai,Diesel,Automatic,First,16.07,5,11.0,BMW,3 Series 320d Sedan,1,3,3,0.09072681699712941,361.095,5.365609348914858
Pune,Diesel,Manual,First,13.49,5,3.5,Tata,Xenon XT EX 4X2,1,3,2,0.06334557133393963,300.76736999999997,4.243472790185593
Chennai,Diesel,Automatic,First,20.38,5,16.5,Audi,A3 35 TDI Attraction,1,3,2,0.0726626015890942,281.424,6.866576819407007
Hyderabad,Diesel,Automatic,First,12.7,5,30.0,Land,Rover Range Rover 2.2L Dynamic,1,3,3,0.08614043135101403,408.9983,3.994966970745517
Pune,Diesel,Automatic,Second,12.0,7,28.0,Mercedes-Benz,GL-Class 2007 2012 350 CDI Luxury,1,5,4,0.07499163037328703,669.088,3.0097817908201656
Hyderabad,Diesel,Automatic,First,13.5,7,28.0,Mitsubishi,Pajero Sport 4X2 AT DualTone BlackTop,0,4,3,0.07087605972108355,434.86212,3.8826574633304576
Jaipur,Petrol,Manual,First,19.7,5,0.92,Maruti,Alto LX,2,0,0,0.05816582907265599,36.8548,10.96881959910913
Pune,Petrol,Manual,First,14.0,5,2.75,Maruti,Wagon R LXI BSIII,1,1,0,0.060320452346540564,67.904,6.792819019893256
Coimbatore,Diesel,Automatic,First,12.7,5,53.83,Land,Rover Range Rover 2.2L Prestige,0,3,3,0.08614043135101403,408.9983,3.994966970745517
Pune,Petrol,Manual,Second,17.01,5,4.95,Hyundai,Verna 1.6 SX VTVT,0,2,1,0.07624135758878607,192.98829999999998,6.565032805866461
Hyderabad,Diesel,Automatic,First,16.73,5,33.5,BMW,5 Series 525d Sedan,1,5,3,0.07283661875281103,652.474,4.189832206361132
Bangalore,Diesel,Automatic,First,14.74,5,27.95,Jaguar,XF Diesel,1,5,5,0.09051119275291974,810.8036999999999,3.6914600550964187
Hyderabad,Petrol,Automatic,First,13.7,5,7.25,Skoda,Superb Elegance 1.8 TSI AT,1,2,2,0.08773637369981291,283.6345,4.896354538956397
Kochi,Diesel,Automatic,First,15.73,5,25.71,Audi,Q3 35 TDI Quattro Premium,0,3,3,0.0885823170281594,343.08144,5.299865229110512
Coimbatore,Diesel,Automatic,First,12.7,5,29.67,Land,Rover Range Rover 2.2L Pure,1,3,3,0.08614043135101403,408.9983,3.994966970745517
Jaipur,Diesel,Automatic,First,14.84,5,19.0,Mercedes-Benz,New C-Class 220 CDI AT,0,3,2,0.07932804475999625,364.31,4.721603563474388
Kochi,Diesel,Manual,First,15.4,7,13.05,Mahindra,Scorpio S10 4WD,0,3,1,0.05507113352222527,261.48,4.844290657439447
Mumbai,Diesel,Automatic,First,21.76,5,25.5,BMW,3 Series Luxury Line,0,3,3,0.09523809519035684,379.05,7.265442404006678
Pune,Petrol,Manual,First,15.4,7,8.5,Honda,BR-V i-VTEC S MT,0,2,1,0.07835671337451121,175.59810000000002,6.16740088105727
Chennai,Diesel,Automatic,Second,16.0,5,7.25,Volvo,S80 2006-2013 D5,1,4,3,0.08958333329600694,516.0,4.705882352941177
Pune,Petrol,Manual,First,13.2,5,0.8,Hyundai,Accent GLE,0,2,1,0.06287625413854431,140.53,5.290581162324648
Jaipur,Petrol,Manual,First,17.19,5,6.9,Hyundai,i20 Active SX Petrol,0,1,1,0.06838763569892427,97.98642,7.82430587164315
Coimbatore,Petrol,Automatic,First,11.5,5,70.99,Mercedes-Benz,GLC 43 AMG Coupe,0,5,7,0.12249666217540166,1099.532,2.877877877877878
Kolkata,Petrol,Manual,Second,21.1,5,2.25,Hyundai,EON Magna Plus,0,0,0,0.06781326772995913,44.9328,11.631753031973538
Kochi,Petrol,Manual,First,18.9,5,5.5,Hyundai,Grand i10 SportZ Edition,0,1,1,0.06838763569892427,97.98642,8.602639963586709
Mumbai,Petrol,Manual,First,13.0,5,4.35,Honda,City 1.5 EXI S,1,2,1,0.06697923639184243,149.3,5.2146008824709185
Kolkata,Petrol,Manual,First,16.47,5,2.25,Volkswagen,Polo Petrol Trendline 1.2L,1,1,0,0.061686143521130096,88.53220000000002,7.4931756141947226
Mumbai,Petrol,Automatic,First,15.26,5,24.5,Audi,A6 35 TFSI Matrix,0,2,3,0.10441601773947941,337.55652000000003,5.453895639742673
Coimbatore,Petrol,Manual,First,15.29,5,12.03,Hyundai,Creta 1.6 SX Plus Dual Tone Petrol,0,2,1,0.07624135758878607,192.98829999999998,5.901196449247394
Mumbai,Petrol,Automatic,Second,11.74,5,8.5,Mercedes-Benz,New C-Class C 200 CGI Avantgarde,0,2,3,0.10356347432986443,334.056,4.198855507868384
Mumbai,Petrol,Automatic,First,16.82,4,28.5,Mini,Cooper Convertible S,0,3,3,0.09463463458726995,377.78184000000005,5.610406937958639
Pune,Petrol,Manual,Second,17.0,5,1.2,Hyundai,Santro Xing XO eRLX Euro II,2,1,1,0.10430653188643048,123.01870659400547,8.149568552253115
Bangalore,Diesel,Manual,First,23.59,5,5.75,Toyota,Etios VD,0,1,0,0.04914956008126865,91.44256000000001,9.978849407783418
Delhi,Petrol,Manual,Second,19.4,5,3.2,Honda,Brio S MT,0,1,1,0.0724540900897712,103.98639999999999,8.826205641492265
Coimbatore,Petrol,Automatic,First,21.4,5,9.89,Maruti,Baleno Alpha Automatic,0,1,1,0.06942355883924514,99.4707,9.740555302685479
Coimbatore,Diesel,Automatic,First,20.0,5,6.58,Skoda,Laura Ambiente 2.0 TDI CR AT,2,3,2,0.07017276419198537,271.7808,6.738544474393531
Kochi,Petrol,Manual,First,21.1,5,4.06,Hyundai,EON Era Plus,0,0,0,0.06781326772995913,44.9328,11.631753031973538
Coimbatore,Diesel,Manual,First,20.37,5,13.37,Renault,Captur 1.5 Diesel RXL,0,2,1,0.07422997941531144,158.44545000000002,8.27712312068265
Coimbatore,Diesel,Automatic,First,16.2,5,25.82,BMW,5 Series 2003-2012 GT 530d LE,1,5,4,0.08620113595516167,772.194,4.05709992486852
Kochi,Petrol,Manual,First,22.74,5,3.74,Maruti,Alto 800 LXI,0,0,0,0.059422110478112924,37.6508,12.661469933184854
Bangalore,Diesel,Automatic,Second,16.8,5,22.0,Volvo,V40 D3,0,3,2,0.07560483867157014,297.6,5.630026809651475
Ahmedabad,Petrol,Manual,First,18.9,5,1.45,Maruti,Wagon R LXI BSII,1,0,0,0.06723446887050653,66.96579999999999,9.45945945945946
Kolkata,Petrol,Manual,First,17.7,5,2.0,Honda,City ZX GXi,0,2,0,0.052104208382027915,116.766,7.088506207448939
Kochi,CNG,Manual,First,15.1,5,4.7,Maruti,Eeco 5 STR With AC Plus HTR CNG,0,1,0,0.06103678924662475,87.308,6.876138433515483
Kolkata,Petrol,Manual,First,13.7,8,3.75,Chevrolet,Enjoy 1.4 LS 8,0,1,1,0.07061472475295588,138.20721000000003,5.710712796998749
Coimbatore,Diesel,Manual,First,15.96,7,7.7,Mahindra,Bolero ZLX,1,4,0,0.024613555281564187,156.6783,4.530229917683792
Hyderabad,Petrol,Manual,First,21.1,5,2.6,Hyundai,EON D Lite,0,0,0,0.06781326772995913,44.9328,11.631753031973538
Coimbatore,Petrol,Automatic,First,13.0,5,13.77,Hyundai,Creta 1.6 SX Plus Petrol Automatic,0,2,1,0.07624135758878607,192.98829999999998,5.017367811655731
Mumbai,Petrol,Manual,Second,16.09,5,7.1,Volkswagen,Vento 1.6 Comfortline,0,2,1,0.0647684605351887,165.393,6.193225558121632
Pune,Petrol,Automatic,Second,12.9,5,2.65,Honda,Civic 2006-2010 1.8 S AT,1,2,2,0.07226236794204426,233.87,4.608788853161844
Hyderabad,Diesel,Manual,First,22.3,5,2.5,Tata,Indica Vista Quadrajet LS,1,1,0,0.059294871747359874,92.352,9.919928825622776
Kochi,Diesel,Manual,First,16.0,7,7.53,Mahindra,XUV500 W8 2WD,1,3,2,0.06424965577592949,305.06,5.033029254482542
Coimbatore,Petrol,Manual,First,18.6,5,7.98,Hyundai,i20 1.2 Asta Option,0,1,1,0.0683625730423036,97.95051,8.466090122894856
Bangalore,Diesel,Automatic,Second,14.16,5,39.0,Audi,Q5 30 TDI quattro Premium Plus,0,3,3,0.08856707312572812,343.0224,4.77088948787062
Chennai,Petrol,Manual,Second,18.5,5,2.25,Maruti,Ritz VXi,1,1,1,0.07167919793510509,102.70259999999999,8.420573509330906
Chennai,Petrol,Manual,Second,13.17,5,3.85,Mitsubishi,Cedia Sports,1,3,1,0.05702851422860004,227.886,4.391463821273757
Hyderabad,Diesel,Manual,First,12.8,7,13.5,Toyota,Innova 2.5 V Diesel 7-seater,1,4,1,0.040898155556977484,254.388,3.6634230108757873
Hyderabad,Diesel,Manual,First,27.62,5,3.5,Maruti,Celerio LDi,1,0,0,0.05926860017746709,37.271,15.404350250976018
Delhi,Diesel,Manual,First,25.1,5,8.92,Maruti,S-Cross Delta DDiS 200 SH,0,1,1,0.07091346148163985,110.448,11.165480427046262
Coimbatore,Diesel,Automatic,First,15.17,5,20.37,Audi,Q3 35 TDI Quattro Premium Plus,1,3,3,0.09197154466871364,356.208,5.111185983827493
Bangalore,Diesel,Automatic,First,21.76,5,36.5,BMW,3 Series Luxury Line,0,3,3,0.09523809519035684,379.05,7.265442404006678
Coimbatore,Diesel,Automatic,First,11.33,7,48.91,Audi,Q7 4.2 TDI Quattro Technology,1,8,6,0.08108369615842193,1385.7168000000001,2.2068562524347484
Pune,Petrol,Manual,First,18.6,5,7.2,Hyundai,i20 2015-2017 Asta 1.2,0,1,1,0.0683625730423036,97.95051,8.466090122894856
Hyderabad,Diesel,Manual,First,19.01,5,5.99,Renault,Duster 110PS Diesel RxL,1,2,1,0.07422997941531144,158.44545000000002,7.724502234863876
Pune,Diesel,Manual,First,24.4,5,5.25,Hyundai,Xcent 1.1 CRDi S Celebration Edition,1,1,0,0.06339285708625637,79.52,11.509433962264149
Delhi,Diesel,Manual,First,22.7,5,6.5,Ford,Ecosport 1.5 DV5 MT Titanium,0,2,1,0.059973297690271495,134.58032,9.08726981585268
Hyderabad,Petrol,Manual,First,16.47,5,4.4,Volkswagen,Polo Petrol Trendline 1.2L,1,1,0,0.061686143521130096,88.53220000000002,7.4931756141947226
Kolkata,Diesel,Manual,First,24.0,5,4.6,Hyundai,Grand i10 CRDi Magna,0,1,0,0.06249999994419642,78.4,11.320754716981131
Ahmedabad,Diesel,Manual,First,21.12,5,2.95,Tata,Manza Aqua Quadrajet BS IV,0,1,1,0.07115384609683184,110.82239999999999,9.395017793594306
Kolkata,Petrol,Manual,First,17.0,5,3.26,Honda,City 1.5 V MT,0,2,1,0.07882431524460633,176.646,6.8081698037645175
Bangalore,Petrol,Manual,Second,17.92,5,2.22,Hyundai,Santro Xing GLS,0,1,0,0.05718232038933488,67.4406,8.590604026845638
Hyderabad,Diesel,Manual,First,12.99,7,10.5,Toyota,Innova 2.5 VX (Diesel) 7 Seater,3,4,1,0.04009623093821322,249.4,3.7178019461934744
Coimbatore,Diesel,Manual,First,28.09,5,8.26,Maruti,Ciaz 1.3 S,0,1,1,0.07091346148163985,110.448,12.495551601423486
Delhi,Diesel,Manual,First,12.55,7,14.45,Toyota,Fortuner 4x4 MT TRD Sportivo,1,5,2,0.056673373555776875,503.958,3.1516825715720747
Chennai,Petrol,Manual,Second,15.3,5,2.5,Ford,Fiesta 1.6 SXI ABS Duratec,1,2,1,0.07097549728195146,180.7899223978202,5.8936825885978426
Kochi,Petrol,Automatic,First,12.6,5,51.43,Mercedes-Benz,E-Class E 220 d,0,3,3,0.0981230768727574,373.113,4.271186440677965
Chennai,Diesel,Manual,First,15.8,5,23.0,Mercedes-Benz,New C-Class 220 CDI MT,0,3,2,0.07914338916240997,365.16,5.019059720457434
Kolkata,Diesel,Manual,First,17.72,5,5.5,Skoda,Yeti Ambition 4X2,1,3,1,0.055127032492313495,213.50831999999997,5.970350404312668
Delhi,Petrol,Manual,First,18.9,5,4.5,Hyundai,Grand i10 Sportz,0,1,1,0.06850459476315406,98.154,8.602639963586709
Hyderabad,Petrol,Manual,First,18.16,5,6.8,Ford,Figo 2015-2019 1.2P Titanium MT,0,1,1,0.07257525077543875,103.81280000000001,8.269581056466302
Mumbai,Petrol,Manual,First,16.8,5,8.75,Skoda,Octavia Ambition 1.4 TSI MT,0,1,2,0.09893906802943436,192.53790000000004,7.014613778705637
Mumbai,Diesel,Manual,Second,19.87,5,7.0,Renault,Duster 85PS Diesel RxL Option,1,2,1,0.057357973951158124,122.43180000000001,8.073953677366923
Delhi,Diesel,Automatic,Second,15.68,5,33.5,Land,Rover Range Rover Evoque 2.0 TD4 Pure,0,3,3,0.08854427209177375,353.823,5.228409469823275
Chennai,Diesel,Manual,Second,20.0,5,2.25,Ford,Figo Diesel EXI,1,1,0,0.04860614721329081,95.132,8.336807002917881
Hyderabad,Diesel,Automatic,Second,12.8,7,4.24,Ford,Endeavour Hurricane Limited Edition,3,5,2,0.052827632897789495,460.668,3.2380470528712375
Coimbatore,Diesel,Manual,First,12.55,7,28.42,Toyota,Fortuner 4x4 MT,0,5,2,0.05650570085294913,502.467,3.1516825715720747
Kolkata,Diesel,Manual,First,22.07,5,2.75,Volkswagen,Polo Diesel Comfortline 1.2L,1,1,0,0.061634695528244625,88.60610000000001,10.03638017280582
Jaipur,Diesel,Manual,First,23.2,5,3.0,Maruti,Ritz VDi,1,1,0,0.05924679482432147,92.27712,10.320284697508896
Pune,Diesel,Manual,First,23.08,5,3.55,Nissan,Micra Diesel XV Premium,1,2,0,0.04318959613744723,92.18910000000001,9.378301503453878
Kolkata,Diesel,Manual,First,22.32,5,4.8,Hyundai,Verna 1.6 SX,0,2,1,0.07984829324914772,199.83823999999998,8.644461657629744
Kolkata,Petrol,Automatic,First,10.8,5,13.5,BMW,5 Series 2003-2012 523i,0,4,2,0.060072086479746864,374.55,3.08836145267372
Pune,Diesel,Automatic,First,11.0,7,56.0,Mercedes-Benz,GLS 350d 4MATIC,2,5,4,0.08637428855494668,770.646,2.7589666415851517
Hyderabad,Petrol,Automatic,First,12.0,5,3.99,Honda,CR-V 2.4L 4WD AT,1,4,3,0.07960917583703944,441.13960000000003,3.5778175313059033
Bangalore,Diesel,Automatic,First,17.01,5,15.5,Hyundai,Creta 1.6 CRDi AT SX Plus,0,2,1,0.07977243989900604,199.64839999999998,6.587916343919443
Jaipur,Petrol,Manual,Second,19.81,5,2.32,Hyundai,i10 Era,1,1,0,0.06266114174708919,73.9023,9.49664429530201
Kochi,Diesel,Automatic,First,20.0,5,18.58,Mercedes-Benz,A Class A200 CDI Sport,0,3,2,0.063462435807997,291.448,6.363347120585429
Jaipur,Petrol,Manual,First,16.02,7,5.5,Maruti,Ertiga VXI,1,1,1,0.0682447195424292,128.6501,6.75094816687737
Chennai,Diesel,Manual,Second,18.7,5,3.2,Skoda,Octavia Classic 1.9 TDI MT,1,3,0,0.03481012656391871,125.136,6.457182320441989
Pune,Petrol,Manual,First,18.0,5,4.0,Honda,Amaze VX i-Vtech,1,1,1,0.07237061763575073,103.8666,8.18926296633303
Chennai,Petrol,Manual,First,17.3,5,1.6,Maruti,Zen LXi BSII,0,0,0,0.06042296066422662,59.58,8.680381334671349
Kochi,Petrol,Manual,First,15.5,5,4.15,Maruti,SX4 ZXI MT BSIV,1,2,1,0.06513240853396443,163.8338,5.993812838360402
Mumbai,Petrol,Automatic,First,16.5,5,4.25,Honda,Brio VX AT,0,1,1,0.0724540900897712,103.98639999999999,7.506824385805278
Ahmedabad,Petrol,Manual,First,18.9,5,2.6,Maruti,Wagon R VXI,1,0,0,0.06723446887050653,66.96579999999999,9.45945945945946
Mumbai,Petrol,Automatic,Second,12.1,5,3.43,Toyota,Camry A/T,1,4,2,0.0697290431542214,389.02139999999997,3.599048185603807
Kochi,Petrol,Manual,First,18.6,5,2.55,Chevrolet,Beat LS,0,1,0,0.06622185148772156,95.20060000000001,8.458390177353344
Delhi,Diesel,Automatic,First,12.55,7,32.0,Toyota,Fortuner 4x4 AT,0,5,2,0.05650570085294913,502.467,3.1516825715720747
Mumbai,Diesel,Manual,First,22.7,5,6.25,Ford,Ecosport 1.5 DV5 MT Titanium Optional,1,2,1,0.059973297690271495,134.58032,9.08726981585268
Hyderabad,Diesel,Manual,Second,17.8,5,3.6,Maruti,Swift Vdi BSIII,1,1,0,0.060096153797999874,93.6,7.918149466192171
Pune,Diesel,Automatic,First,13.5,5,18.5,Mercedes-Benz,S Class 2005 2013 S 350 CDI,2,5,5,0.09440910609494171,842.334,3.3860045146726865
Mumbai,Petrol,Manual,Second,17.3,7,4.25,Honda,Mobilio S i VTEC,0,2,1,0.07835671337451121,175.59810000000002,6.928313976772127
Mumbai,Petrol,Manual,Second,18.9,5,4.8,Hyundai,Grand i10 Sportz,0,1,1,0.06850459476315406,98.154,8.602639963586709
Bangalore,Diesel,Automatic,First,16.0,7,13.0,Mahindra,XUV500 AT W8 FWD,0,3,2,0.06424965577592949,305.06,5.033029254482542
Pune,Petrol,Manual,Second,14.83,5,2.25,Skoda,Fabia 1.6 MPI Elegance,0,2,1,0.06570713387627838,167.79,5.708237105465743
Hyderabad,Petrol,Manual,First,17.92,5,2.3,Hyundai,Santro Xing GLS,1,1,0,0.05718232038933488,67.4406,8.590604026845638
Kochi,Petrol,Manual,First,15.29,5,13.56,Hyundai,Creta 1.6 SX Plus Dual Tone Petrol,0,2,1,0.07624135758878607,192.98829999999998,5.901196449247394
Delhi,Diesel,Manual,First,15.4,7,12.25,Mahindra,Scorpio 1.99 S8,0,3,1,0.060090135172714,239.64,5.138471805138472
Pune,Diesel,Manual,First,20.5,5,3.76,Skoda,Rapid 1.6 TDI Ambition,1,2,1,0.0647684605351887,165.393,7.890685142417244
Coimbatore,Diesel,Manual,First,19.01,5,8.58,Renault,Duster 110PS Diesel RxZ,1,2,1,0.07422997941531144,158.44545000000002,7.724502234863876
Hyderabad,Diesel,Automatic,First,11.7,5,27.5,BMW,X5 xDrive 30d,1,5,4,0.08185766786439772,733.285,2.930127723516153
Coimbatore,Petrol,Manual,First,17.6,5,4.95,Toyota,Etios G,0,2,1,0.059311497286556485,132.74008,7.051282051282052
Ahmedabad,Petrol,Manual,First,22.5,5,3.3,Maruti,Wagon R LXI,0,0,0,0.06717434863008583,66.90592000000001,11.261261261261263
Chennai,Petrol,Manual,First,15.8,5,8.0,Hyundai,Creta 1.6 SX,1,2,1,0.07624135758878607,192.98829999999998,6.09803164801235
Jaipur,Petrol,Manual,First,23.1,5,2.79,Maruti,Celerio VXI,1,0,0,0.06717434863008583,66.90592000000001,11.561561561561563
Coimbatore,Diesel,Automatic,First,12.7,5,45.64,Land,Rover Range Rover HSE Dynamic,0,3,3,0.08614043135101403,408.9983,3.994966970745517
Pune,Petrol,Manual,First,18.6,5,2.55,Chevrolet,Beat LT,0,1,0,0.06405337776142336,92.08319999999999,8.458390177353344
Ahmedabad,Petrol,Manual,Second,25.4,4,1.0,Tata,Nano Twist XT,0,0,0,0.06009615374984591,23.4,15.640394088669948
Coimbatore,Diesel,Automatic,First,17.68,5,37.56,Audi,A6 2011-2015 35 TDI Technology,0,3,3,0.0885823170281594,343.08144,5.9568733153638815
Kochi,Diesel,Automatic,Second,11.0,5,9.29,Mercedes-Benz,E-Class 280 CDI,1,5,3,0.06645463673704231,592.9195,2.7589666415851517
Kochi,Petrol,Manual,First,22.0,5,6.37,Maruti,Swift VXI,0,1,1,0.06833751038568293,97.9146,10.013654984069186
Coimbatore,Petrol,Manual,First,14.6,5,2.98,Fiat,Linea T Jet,1,1,1,0.08187134496939229,153.216,6.1655405405405395
Kochi,Petrol,Manual,First,20.4,5,5.75,Maruti,Swift VXI Optional,0,1,1,0.06833751038568293,97.9146,9.28538916704597
Hyderabad,Diesel,Manual,First,11.5,7,13.0,Toyota,Fortuner 3.0 Diesel,1,5,2,0.05734406436708784,509.922,2.887995981918634
Mumbai,Petrol,Manual,First,16.02,7,6.8,Maruti,Ertiga ZXI,0,1,1,0.0682447195424292,128.6501,6.75094816687737
Coimbatore,Petrol,Automatic,First,12.05,5,10.49,BMW,3 Series 320i Sedan,0,3,2,0.07719298241744713,307.23,4.023372287145242
Jaipur,Petrol,Manual,First,16.02,7,5.6,Maruti,Ertiga VXI,0,1,1,0.0682447195424292,128.6501,6.75094816687737
Mumbai,Petrol,Automatic,Second,16.8,5,2.85,Honda,City 1.5 V AT,1,2,1,0.07882431524460633,176.646,6.728073688426112
Coimbatore,Diesel,Manual,First,14.66,7,8.36,Hyundai,Santa Fe 4X4,1,3,3,0.0883583446619562,427.26570000000004,4.582682088152548
Jaipur,Diesel,Manual,First,17.0,5,1.0,Tata,Indigo LS,2,1,0,0.04982206402147896,98.35,7.068607068607068
Kolkata,Petrol,Automatic,Second,10.93,5,10.75,Mercedes-Benz,E-Class 2009-2013 E 250 Elegance,1,4,3,0.08169803761245574,509.388,3.125536173863311
Hyderabad,Diesel,Manual,First,19.3,5,3.85,Maruti,Swift Dzire LDi,2,1,0,0.059214743542295875,92.22720000000001,8.585409252669038
Hyderabad,Diesel,Manual,First,17.8,5,3.0,Ford,Fiesta Classic 1.4 Duratorq CLXI,2,1,0,0.04789135093074242,93.733,7.419758232596915
Coimbatore,Petrol,Automatic,First,18.0,5,9.6,Honda,City i VTEC CVT VX,0,2,1,0.07835671337451121,175.59810000000002,7.2086503804565485
Delhi,Diesel,Manual,First,13.0,7,13.25,Toyota,Fortuner 4x2 Manual,2,5,2,0.05650570085294913,502.467,3.2646911099949776
Mumbai,Petrol,Manual,First,18.0,5,5.75,Honda,Amaze VX O i VTEC,0,1,1,0.07237061763575073,103.8666,8.18926296633303
Delhi,Diesel,Manual,First,22.54,5,6.75,Hyundai,i20 Asta 1.4 CRDi,0,1,1,0.06356017187424057,123.86708,9.407345575959933
Bangalore,Diesel,Manual,Second,18.2,7,4.85,Chevrolet,Enjoy TCDi LTZ 7 Seater,1,1,0,0.05913461533723187,92.10239999999999,8.096085409252668
Mumbai,Petrol,Automatic,First,12.6,5,2.85,Maruti,SX4 ZXI AT Leather,1,2,1,0.06506935683160822,163.67520000000002,4.872389791183294
Mumbai,Diesel,Manual,First,12.99,7,9.51,Toyota,Innova 2.5 VX (Diesel) 7 Seater,1,4,1,0.04009623093821322,249.4,3.7178019461934744
Ahmedabad,Diesel,Automatic,Second,18.48,5,18.5,BMW,5 Series 2003-2012 520d,1,3,3,0.08872180446680611,353.115,6.170283806343907
Delhi,Diesel,Manual,First,19.01,5,6.75,Renault,Duster 110PS Diesel RxZ,1,2,1,0.07422997941531144,158.44545000000002,7.724502234863876
Coimbatore,Diesel,Automatic,First,20.68,5,29.4,BMW,X1 sDrive 20d xLine,0,3,3,0.09523809519035684,379.05,6.904841402337229
Kochi,Petrol,Manual,First,17.7,5,3.29,Honda,City ZX GXi,1,2,0,0.052104208382027915,116.766,7.088506207448939
Delhi,Diesel,Manual,First,28.09,5,9.5,Maruti,Ciaz RS ZDi Plus SHVS,0,1,1,0.07091346148163985,110.448,12.495551601423486
Pune,Petrol,Manual,Second,17.5,5,2.2,Maruti,Swift Dzire VXi,2,1,1,0.06610169486432843,111.3684,7.6153176675369885
Pune,Diesel,Manual,First,15.1,7,6.5,Mahindra,XUV500 W6 2WD,1,3,2,0.06424965577592949,305.06,4.749921358917899
Ahmedabad,Petrol,Manual,First,13.5,5,4.9,Honda,Civic 2006-2010 1.8 S MT,1,2,2,0.07226236794204426,233.87,4.82315112540193
Pune,Diesel,Manual,Second,25.47,7,6.75,Maruti,Ertiga ZDI,2,1,1,0.07091346148163985,110.448,11.330071174377222
Chennai,Diesel,Manual,First,23.59,5,3.8,Toyota,Etios Liva GD,3,1,0,0.04914956008126865,91.44256000000001,9.978849407783418
Delhi,Petrol,Automatic,First,9.9,2,29.5,Audi,TT 2.0 TFSI,0,3,3,0.10473790317301516,412.2752,3.3176943699731907
Hyderabad,Diesel,Manual,First,21.13,5,10.5,Skoda,Rapid 1.5 TDI Style,0,2,1,0.07236315081951726,162.38320000000002,8.458767013610887
Hyderabad,Diesel,Manual,First,20.14,5,6.2,Volkswagen,Polo 1.5 TDI Highline,0,2,1,0.05927903867871893,133.0224,8.062449959967974
Jaipur,Diesel,Automatic,First,17.0,5,5.0,Skoda,Laura 1.9 TDI AT Elegance,0,3,1,0.05537974680623431,199.08,5.870165745856354
Chennai,Diesel,Manual,First,19.2,5,2.3,Mahindra,Renault Logan 1.5 DLE Diesel,0,2,0,0.04449007526044484,94.965,7.801706623323851
Ahmedabad,Diesel,Automatic,First,11.36,7,17.0,Toyota,Innova Crysta 2.8 GX AT,2,5,2,0.062250453697912725,472.4825,3.025299600532623
Bangalore,Diesel,Automatic,First,18.88,5,25.5,BMW,3 Series 320d Luxury Line,0,3,3,0.09223057639487188,367.08,6.303839732888147
Jaipur,Diesel,Manual,First,27.3,5,5.65,Honda,Jazz 1.5 S i DTEC,1,2,1,0.06582109474911808,147.7028,10.928742994395515
Kochi,Diesel,Manual,First,25.8,5,5.6,Honda,Amaze VX i-DTEC,1,2,1,0.06582109474911808,147.7028,10.32826261008807
Kochi,Diesel,Automatic,First,16.36,5,29.98,Jaguar,XF 2.2 Litre Luxury,0,3,3,0.08614043135101403,408.9983,5.146272412708399
Coimbatore,Diesel,Manual,First,26.59,5,7.39,Maruti,Swift Dzire VDI,0,1,0,0.059294871747359874,92.352,11.828291814946619
Jaipur,Diesel,Manual,First,17.1,5,19.0,Jeep,Compass 2.0 Limited,0,3,2,0.08691206539523923,332.52,5.7848443843031125
Pune,Petrol,Manual,First,12.5,5,5.0,Toyota,Corolla Altis 1.8 Sport,0,2,2,0.07357859527671204,236.808,4.473872584108805
Kolkata,Petrol,Manual,First,17.0,5,3.35,Honda,City 1.5 V MT,0,2,1,0.07882431524460633,176.646,6.8081698037645175
Chennai,Petrol,Manual,First,18.6,5,4.45,Maruti,Swift ZXI,0,1,1,0.07167919793510509,102.70259999999999,8.466090122894856
Coimbatore,Diesel,Automatic,First,22.32,5,8.31,Hyundai,Verna 1.6 SX CRDI (O) AT,1,2,1,0.07984829324914772,199.83823999999998,8.644461657629744
Jaipur,Diesel,Manual,Second,15.96,7,6.0,Mahindra,Bolero ZLX,2,4,0,0.024613555281564187,156.6783,4.530229917683792
Chennai,Diesel,Manual,First,22.9,5,5.25,Maruti,Swift VDI,0,1,0,0.059294871747359874,92.352,10.186832740213521
Chennai,Petrol,Manual,First,17.0,5,1.4,Hyundai,Santro Xing XO,1,1,1,0.10430653188643048,123.01870659400547,8.149568552253115
Hyderabad,Diesel,Automatic,First,17.68,5,12.3,Audi,A6 2011-2015 2.0 TDI Premium Plus,4,3,3,0.0885823170281594,343.08144,5.9568733153638815
Chennai,Petrol,Manual,Third,13.8,5,1.5,Ford,Ikon 1.3 LXi NXt,2,1,0,0.05388760580917043,90.93,6.002609830361027
Coimbatore,Diesel,Manual,First,20.14,5,8.12,Volkswagen,Polo 1.5 TDI Highline,0,2,1,0.058744993285216957,131.824,8.062449959967974
Coimbatore,Diesel,Manual,First,13.6,7,6.12,Mahindra,Bolero VLX CRDe,1,4,0,0.024970273474050626,158.949,3.8603462957706496
Coimbatore,Diesel,Manual,First,25.1,5,10.88,Honda,City i DTEC VX Option,0,2,1,0.06582109474911808,147.7028,10.048038430744596
Kolkata,Petrol,Manual,First,18.2,5,3.5,Chevrolet,Sail Hatchback 1.2 LS,0,1,1,0.06880733939215401,98.9175,8.27648931332424
Kochi,Petrol,Manual,First,18.6,5,6.15,Hyundai,i20 1.2 Spotz,0,1,1,0.0683625730423036,97.95051,8.466090122894856
Chennai,Diesel,Automatic,First,17.05,5,33.0,BMW,X1 sDrive 20d Sportline,0,3,3,0.09223057639487188,367.08,5.692821368948247
Mumbai,Diesel,Automatic,First,15.06,5,13.5,BMW,X1 sDrive 20d Exclusive,0,3,3,0.08872180446680611,353.115,5.028380634390651
Mumbai,Diesel,Automatic,First,12.55,7,17.11,Toyota,Fortuner 4x2 AT,0,5,2,0.05650570085294913,502.467,3.1516825715720747
Kochi,Diesel,Automatic,First,11.33,7,29.77,Audi,Q7 4.2 TDI Quattro Technology,1,8,6,0.08108369615842193,1385.7168000000001,2.2068562524347484
Kolkata,Diesel,Manual,First,20.77,7,5.95,Maruti,Ertiga VDI,1,1,1,0.07112179481480625,110.77248000000002,9.239323843416368
Bangalore,Petrol,Manual,First,18.5,5,5.75,Hyundai,i20 1.2 Magna,1,1,0,0.06683375098844298,95.76,8.420573509330906
Bangalore,Petrol,Automatic,Second,10.13,5,19.0,Mercedes-Benz,S Class 2005 2013 S 350 L,0,7,7,0.10431675240013814,1276.4202,2.252112049799911
Ahmedabad,Diesel,Manual,First,20.45,5,4.75,Renault,Duster 85PS Diesel RxL,1,2,1,0.057357973951158124,122.43180000000001,8.309630231613164
Hyderabad,Diesel,Manual,Second,17.21,7,3.3,Mahindra,Quanto C2,1,2,1,0.06697923639184243,149.3,6.903329322101885
Delhi,Diesel,Automatic,First,12.55,7,16.5,Toyota,Fortuner 4x2 AT,1,5,2,0.05650570085294913,502.467,3.1516825715720747
Mumbai,Diesel,Automatic,First,15.97,7,44.0,BMW,X5 2014-2019 xDrive 30d Design Pure Experience 7 Seater,0,5,4,0.08620113595516167,772.194,3.9994991234660655
Hyderabad,Diesel,Manual,First,19.3,5,4.39,Maruti,Swift Dzire VDi,1,1,0,0.059214743542295875,92.22720000000001,8.585409252669038
Kochi,Diesel,Manual,First,25.2,5,6.2,Maruti,Swift LDI Optional,1,1,0,0.059294871747359874,92.352,11.209964412811386
Kochi,Petrol,Automatic,First,13.53,5,24.22,Audi,A6 2011-2015 35 TFSI Technology,1,3,3,0.08921874995503086,351.18784,4.5341823056300266
Mumbai,Diesel,Manual,Third,10.5,6,5.45,Mitsubishi,Pajero 2.8 SFX BSIV Dual Tone,1,5,1,0.037813051133046546,303.912,2.7379400260756195
Delhi,Diesel,Automatic,First,16.36,5,44.0,Jaguar,XF 2.2 Litre Executive,0,3,3,0.08614043135101403,408.9983,5.146272412708399
Coimbatore,Diesel,Automatic,First,11.36,7,24.82,Toyota,Innova Crysta 2.8 ZX AT,0,5,2,0.062250453697912725,472.4825,3.025299600532623
Mumbai,Diesel,Automatic,First,19.3,5,11.69,Skoda,Octavia Ambition 2.0 TDI AT,0,3,2,0.07164634142700897,277.488,6.502695417789758
Bangalore,Petrol,Automatic,First,14.28,5,20.0,Toyota,Corolla Altis VL AT,0,2,2,0.07676863177042902,248.17794,5.103645461043603
Pune,Petrol,Manual,First,19.7,8,1.45,Maruti,Omni 8 Seater BSII,1,0,0,0.04396984919099265,27.86,10.96881959910913
Mumbai,Diesel,Automatic,First,17.9,5,48.5,Mercedes-Benz,GLC 220d 4MATIC Style,0,3,2,0.07932804475999625,364.31,5.695195672923958
Mumbai,Diesel,Automatic,First,21.5,5,9.45,Volkswagen,Vento 1.5 TDI Highline AT,0,2,1,0.072429906493705,162.533,8.606885508406725
Ahmedabad,Diesel,Manual,First,16.0,7,12.5,Mahindra,XUV500 W10 2WD,1,3,2,0.06424965577592949,305.06,5.033029254482542
Hyderabad,Diesel,Manual,First,20.45,5,6.9,Nissan,Terrano XL 85 PS,1,2,1,0.057357973951158124,122.43180000000001,8.309630231613164
Jaipur,Diesel,Manual,Second,22.32,5,5.8,Hyundai,Verna 1.6 SX CRDi (O),1,2,1,0.07984829324914772,199.83823999999998,8.644461657629744
Coimbatore,Diesel,Automatic,First,14.69,5,44.56,BMW,5 Series 2013-2017 530d M Sport,0,5,4,0.08620113595516167,772.194,3.6789381417480587
Bangalore,Diesel,Manual,Second,15.4,7,8.5,Mahindra,Scorpio S4 Plus,0,3,1,0.05507113352222527,261.48,4.844290657439447
Coimbatore,Diesel,Manual,First,23.9,5,10.7,Hyundai,Verna 1.6 CRDi SX,0,2,1,0.07977243989900604,199.64839999999998,9.256390395042603
Pune,Diesel,Automatic,Second,12.07,7,12.0,Audi,Q7 3.0 TDI Quattro Premium Plus,1,5,4,0.08136164473159366,716.2338000000001,3.0426014620620117
Coimbatore,Petrol,Manual,First,14.7,5,2.44,Chevrolet,Aveo U-VA 1.2 LT,1,1,0,0.0660869564642722,87.4,6.837209302325581
Kolkata,Diesel,Manual,First,13.6,7,1.95,Mahindra,Bolero ZLX BSIII,2,4,0,0.024970273474050626,158.949,3.8603462957706496
Mumbai,Petrol,Manual,First,19.1,5,4.35,Hyundai,Xcent 1.2 Kappa S,0,1,1,0.06850459476315406,98.154,8.69367319071461
Hyderabad,Diesel,Manual,First,13.68,8,17.5,Toyota,Innova Crysta 2.4 GX MT 8S,1,4,2,0.06176347678154473,353.6854,4.031830238726791
Hyderabad,Petrol,Manual,First,21.1,5,2.9,Hyundai,EON Era Plus,1,0,0,0.06781326772995913,44.9328,11.631753031973538
Delhi,Diesel,Manual,First,22.07,5,2.9,Volkswagen,Polo Diesel Comfortline 1.2L,1,1,0,0.061634695528244625,88.60610000000001,10.03638017280582
Pune,Diesel,Manual,First,24.3,5,8.9,Maruti,Vitara Brezza ZDi,0,1,1,0.07091346148163985,110.448,10.809608540925266
Mumbai,Diesel,Automatic,First,18.88,5,16.75,BMW,3 Series 320d Prestige,0,3,3,0.09223057639487188,367.08,6.303839732888147
Coimbatore,Petrol,Manual,First,21.1,5,3.95,Hyundai,EON Sportz,0,0,0,0.06781326772995913,44.9328,11.631753031973538
Mumbai,Petrol,Manual,First,17.0,5,2.1,Honda,City 1.5 S MT,1,2,1,0.07882431524460633,176.646,6.8081698037645175
Kochi,Petrol,Manual,Second,12.8,5,4.29,Honda,Accord 2.4 MT,1,4,3,0.07544604924577483,418.07039999999995,3.8163387000596303
Hyderabad,Diesel,Manual,First,14.0,8,3.85,Mahindra,Xylo E8,1,4,1,0.044835868677007264,279.776,4.002287021154945
Chennai,Diesel,Automatic,Second,13.2,5,9.0,BMW,3 Series 320d,2,3,2,0.08521303253874032,339.15,4.407345575959933
Pune,Petrol,Manual,Second,16.8,5,4.5,Honda,City V MT,2,2,1,0.07768871070294675,174.1011,6.728073688426112
Kochi,Diesel,Manual,First,16.0,7,12.46,Mahindra,XUV500 W10 2WD,1,3,2,0.06424965577592949,305.06,5.033029254482542
Delhi,Diesel,Manual,First,21.27,5,4.65,Hyundai,i20 Asta 1.4 CRDi,1,1,1,0.06358166184557187,123.90896000000001,8.877295492487479
Hyderabad,Diesel,Manual,First,13.0,7,20.5,Toyota,Fortuner 4x2 Manual,2,5,2,0.05650570085294913,502.467,3.2646911099949776
Chennai,Diesel,Manual,First,13.6,8,2.9,Mahindra,Bolero DI BSII,1,4,0,0.024970273474050626,158.949,3.8603462957706496
Chennai,Petrol,Manual,First,15.9,5,1.45,Maruti,Esteem Vxi - BSIII,0,1,1,0.06548536204508061,110.33,6.919060052219321
Mumbai,Diesel,Automatic,First,20.7,5,29.5,Mini,Cooper 5 DOOR D,0,2,1,0.07618983952126347,170.51408,8.293269230769232
Hyderabad,Diesel,Automatic,First,15.73,5,25.0,Audi,Q3 35 TDI Quattro Premium,1,3,3,0.0885823170281594,343.08144,5.299865229110512
Delhi,Petrol,Manual,Second,17.0,5,3.5,Hyundai,i20 Sportz Option,0,1,0,0.06683375098844298,95.76,7.737824305871643
Jaipur,Diesel,Manual,First,14.1,7,11.25,Tata,Safari Storme VX Varicor 400,0,3,2,0.07067462135352244,335.566,4.43535703051274
Kochi,Diesel,Manual,First,21.9,7,10.79,Honda,BR-V i-DTEC VX MT,0,2,1,0.06582109474911808,147.7028,8.767013610888709
Kolkata,Diesel,Manual,First,19.33,5,5.9,Volkswagen,Jetta 2013-2015 2.0L TDI Highline,1,3,2,0.0701371950863124,271.64304,6.512803234501347
Jaipur,Petrol,Manual,First,19.1,5,5.12,Hyundai,Xcent 1.2 Kappa S Option,0,1,1,0.06838763569892427,97.98642,8.69367319071461
Mumbai,Petrol,Manual,First,20.89,5,5.7,Maruti,Ignis 1.2 Alpha,0,1,1,0.06833751038568293,97.9146,9.508420573509332
Coimbatore,Diesel,Automatic,First,18.12,5,35.84,BMW,5 Series 2013-2017 520d Luxury Line,0,3,3,0.09523809519035684,379.05,6.050083472454091
Hyderabad,Petrol,Manual,First,13.8,5,1.25,Ford,Ikon 1.3 CLXi,1,1,0,0.05388760580917043,90.93,6.002609830361027
Kolkata,Petrol,Manual,First,20.36,5,2.65,Hyundai,i10 Sportz,0,1,0,0.06591478691235189,94.44330000000001,9.267182521620391
Coimbatore,Diesel,Manual,First,22.32,5,9.19,Hyundai,Verna 1.6 CRDI,0,2,1,0.07983565102412411,199.8066,8.644461657629744
Bangalore,Diesel,Automatic,First,16.07,5,23.5,BMW,3 Series 320d Highline,1,3,3,0.09072681699712941,361.095,5.365609348914858
Delhi,Petrol,Automatic,First,12.3,5,12.5,Mercedes-Benz,E-Class 2009-2013 E200 CGI Blue Efficiency,1,2,3,0.10300668145712322,332.26,4.399141630901288
Kolkata,Petrol,Manual,Second,18.6,5,1.5,Chevrolet,Beat Option Pack,0,1,0,0.06622185148772156,95.20060000000001,8.458390177353344
Jaipur,Diesel,Manual,Second,13.5,5,0.75,Tata,Indica DLS,1,1,1,0.08062412359597573,159.1540356948229,5.613305613305613
Delhi,Diesel,Manual,First,15.1,7,8.1,Mahindra,XUV500 W8 2WD,1,3,2,0.06424965577592949,305.06,4.749921358917899
Jaipur,Diesel,Manual,First,28.09,5,9.75,Maruti,Ciaz ZDi Plus SHVS,0,1,1,0.07091346148163985,110.448,12.495551601423486
Coimbatore,Diesel,Automatic,First,19.71,5,37.93,Mercedes-Benz,New C-Class C 250 CDI Avantgarde,0,3,3,0.09386374237337204,431.06445,6.27107858733694
Chennai,Petrol,Automatic,Third,16.4,5,1.96,Honda,City ZX CVT,1,2,0,0.052104208382027915,116.766,6.567881457749299
Jaipur,Diesel,Automatic,First,11.5,7,20.5,Toyota,Fortuner 4x2 4 Speed AT,1,5,2,0.056673373555776875,503.958,2.887995981918634
Bangalore,Petrol,Manual,First,24.07,5,2.75,Maruti,Alto K10 VXI,1,0,0,0.06723446887050653,66.96579999999999,12.047047047047048
Mumbai,Petrol,Automatic,First,9.43,5,75.0,Jaguar,XJ 2.0L Portfolio,0,3,4,0.11875937963043552,474.56260000000003,3.1443814604868288
Chennai,Diesel,Manual,First,21.9,5,2.8,Hyundai,i20 1.4 Magna ABS,0,1,1,0.06446991399393272,125.64,9.140233722871452
Mumbai,Petrol,Automatic,First,16.0,7,9.25,Honda,BRV i-VTEC V CVT,0,2,1,0.07835671337451121,175.59810000000002,6.4076892270724874
Chennai,Petrol,Manual,First,13.4,5,3.0,Toyota,Corolla Executive (HE),1,2,1,0.06967670007264398,224.25,4.795991410164639
Coimbatore,Diesel,Automatic,First,17.68,5,23.89,Audi,A6 2011-2015 2.0 TDI Premium Plus,0,3,3,0.0885823170281594,343.08144,5.9568733153638815
Mumbai,Diesel,Manual,First,12.99,7,12.75,Toyota,Innova 2.5 ZX Diesel 7 Seater BSIII,0,4,1,0.040336808323842496,250.8964,3.7178019461934744
Jaipur,Diesel,Manual,First,24.0,5,4.15,Hyundai,Grand i10 CRDi Sportz,1,1,0,0.06249999994419642,78.4,11.320754716981131
Mumbai,Petrol,Automatic,First,14.8,5,4.65,Volkswagen,Vento IPL II Petrol Highline AT,0,2,1,0.06570713387627838,167.79,5.696689761354889
Delhi,Diesel,Manual,First,12.8,7,8.9,Toyota,Innova 2.5 VX (Diesel) 7 Seater BS IV,1,4,1,0.040898155556977484,254.388,3.6634230108757873
Jaipur,Diesel,Manual,Second,16.8,5,1.5,Hyundai,Verna CRDi SX,3,2,1,0.07367716003102667,164.23,6.738868832731648
Pune,Diesel,Manual,Second,23.2,5,3.27,Maruti,Ritz VDi,1,1,0,0.05924679482432147,92.27712,10.320284697508896
Pune,Diesel,Automatic,Second,12.07,7,18.0,Audi,Q7 3.0 TDI Quattro Technology,2,5,4,0.08136164473159366,716.2338000000001,3.0426014620620117
Pune,Petrol,Manual,First,18.6,5,6.3,Hyundai,i20 Asta Option 1.2,0,1,1,0.0683625730423036,97.95051,8.466090122894856
Coimbatore,Diesel,Manual,First,24.3,5,11.31,Maruti,Vitara Brezza ZDi Plus Dual Tone,0,1,1,0.07091346148163985,110.448,10.809608540925266
Pune,Petrol,Manual,First,17.4,5,6.16,Honda,City i VTEC S,1,2,1,0.07835671337451121,175.59810000000002,6.96836203444133
Pune,Petrol,Manual,First,20.73,5,6.0,Maruti,Ciaz ZXi,0,1,1,0.06635105603324758,125.0803,8.735777496839443
Kochi,Petrol,Automatic,First,17.5,5,5.43,Nissan,Sunny XV CVT,0,2,1,0.06648865149099555,149.2008,7.005604483586868
Hyderabad,Diesel,Manual,First,22.07,5,4.65,Volkswagen,Polo Diesel Highline 1.2L,1,1,0,0.061634695528244625,88.60610000000001,10.03638017280582
Hyderabad,Diesel,Manual,First,20.77,7,7.5,Maruti,Ertiga ZDI,1,1,1,0.07115384609683184,110.82239999999999,9.239323843416368
Jaipur,Diesel,Manual,First,26.59,5,6.25,Maruti,Swift Dzire VDI,1,1,0,0.059294871747359874,92.352,11.828291814946619
Bangalore,Diesel,Automatic,First,14.84,5,9.25,Mercedes-Benz,New C-Class C 220 CDI Elegance AT,0,3,2,0.07932804475999625,364.31,4.721603563474388
Mumbai,Petrol,Manual,First,19.4,5,3.15,Honda,Brio S MT,0,1,1,0.0724540900897712,103.98639999999999,8.826205641492265
Hyderabad,Petrol,Manual,First,16.0,5,2.3,Hyundai,i10 Magna Optional 1.1L,1,1,0,0.061418047825581905,72.4362,7.670182166826461
Jaipur,Diesel,Manual,First,22.32,5,5.25,Hyundai,Verna 1.6 SX CRDi (O),1,2,1,0.07984829324914772,199.83823999999998,8.644461657629744
Kochi,Diesel,Manual,First,28.09,5,7.4,Maruti,Ciaz VDI SHVS,0,1,1,0.07091346148163985,110.448,12.495551601423486
Pune,Petrol,Manual,Second,13.8,5,1.55,Ford,Ikon 1.3 Flair,1,1,0,0.05388760580917043,90.93,6.002609830361027
Pune,Petrol,Manual,Second,16.2,5,6.0,Volkswagen,Polo 1.2 MPI Highline,1,1,0,0.061718098363871474,88.726,7.3669849931787175
Chennai,Petrol,Manual,First,18.7,5,5.9,Honda,Jazz 1.2 V i VTEC,0,1,1,0.07397831520101891,106.35130000000001,8.503865393360618
Bangalore,Diesel,Manual,Second,25.8,5,4.7,Honda,Amaze EX i-Dtech,0,2,1,0.06582109474911808,147.7028,10.32826261008807
Hyderabad,Diesel,Manual,First,22.54,5,6.5,Hyundai,i20 Asta 1.4 CRDi,1,1,1,0.06356017187424057,123.86708,9.407345575959933
Hyderabad,Diesel,Manual,First,21.1,5,3.55,Maruti,Ritz VDi,2,1,0,0.059214743542295875,92.22720000000001,9.386120996441282
Chennai,Petrol,Manual,First,16.8,5,7.1,Honda,City V MT,1,2,1,0.07768871070294675,174.1011,6.728073688426112
Hyderabad,Petrol,Manual,First,13.14,5,6.0,Skoda,Superb 1.8 TSI MT,1,2,2,0.08898776413293227,287.68,4.696211579699786
Pune,Diesel,Manual,First,24.3,5,7.99,Maruti,Vitara Brezza LDi Option,0,1,1,0.07091346148163985,110.448,10.809608540925266
Bangalore,Petrol,Manual,Second,17.0,5,4.1,Hyundai,i20 Asta,1,1,0,0.06683375098844298,95.76,7.737824305871643
Hyderabad,Petrol,Automatic,First,24.07,5,3.95,Maruti,Alto K10 VXI AGS,0,0,0,0.06723446887050653,66.96579999999999,12.047047047047048
Kochi,Petrol,Manual,First,21.1,5,4.38,Hyundai,EON Era Plus,0,0,0,0.06781326772995913,44.9328,11.631753031973538
Mumbai,Petrol,Manual,First,20.36,5,2.75,Hyundai,i10 Sportz,0,1,0,0.06591478691235189,94.44330000000001,9.267182521620391
Coimbatore,Petrol,Automatic,First,18.1,2,55.54,Mercedes-Benz,SLK-Class SLK 350,0,7,5,0.08747855915166422,1070.388,4.024010671409515
Hyderabad,Diesel,Automatic,First,18.53,5,29.0,Audi,A6 2.0 TDI Design Edition,0,3,3,0.09539634141494088,369.47232,6.243261455525607
Bangalore,Diesel,Manual,First,22.77,5,6.6,Ford,EcoSport 1.5 TDCi Titanium,1,2,1,0.06581441918169932,147.68782000000002,9.115292233787029
Kolkata,Diesel,Automatic,First,14.3,5,6.99,Volkswagen,Passat Highline DSG,0,3,2,0.07113821134596635,275.52,4.818059299191375
Bangalore,Diesel,Manual,First,13.68,7,18.75,Toyota,Innova Crysta 2.4 ZX MT,1,4,2,0.06176347678154473,353.6854,4.031830238726791
Jaipur,Diesel,Manual,Third,20.0,5,1.28,Ford,Figo Diesel ZXI,1,1,0,0.04860614721329081,95.132,8.336807002917881
Pune,Petrol,Manual,Third,14.49,5,1.2,Chevrolet,Aveo 1.4,1,1,1,0.06626161539223616,129.6873,6.040016673614006
Coimbatore,Petrol,Manual,First,18.5,5,4.31,Maruti,Ritz LXi,1,1,1,0.07167919793510509,102.70259999999999,8.420573509330906
Chennai,Diesel,Automatic,First,12.39,5,16.5,Land,Rover Freelander 2 SE,2,3,2,0.06769619088219542,321.42429,3.8974520289399184
Coimbatore,Petrol,Manual,First,18.9,5,5.64,Hyundai,Grand i10 Asta,1,1,1,0.06850459476315406,98.154,8.602639963586709
Coimbatore,Diesel,Automatic,First,10.91,7,31.12,Ford,Endeavour 3.2 Trend AT 4X4,1,6,3,0.06166353969303829,630.6456,2.598856598380181
Kochi,Diesel,Automatic,First,12.8,5,25.46,Audi,Q5 2008-2012 2.0 TDI,0,3,2,0.08516260158274257,329.8368,4.3126684636118595
Kochi,Petrol,Manual,First,17.01,5,7.88,Hyundai,Verna 1.6 VTVT,0,2,1,0.07624135758878607,192.98829999999998,6.565032805866461
Chennai,Diesel,Automatic,First,13.0,5,36.0,Mercedes-Benz,E-Class 2015-2017 E250 CDI Avantgarde,0,3,3,0.09519365371199551,437.172,4.136175628380529
Pune,Petrol,Manual,Second,17.5,5,2.85,Maruti,Swift Dzire ZXi,1,1,1,0.06610169486432843,111.3684,7.6153176675369885
Delhi,Petrol,Manual,First,13.0,5,3.5,Honda,City 1.3 EXI S,1,1,1,0.0670141473812255,120.87,5.548442168160478
Jaipur,Diesel,Manual,First,20.46,5,7.5,Renault,Duster 85PS Diesel RxL Optional,1,2,1,0.057357973951158124,122.43180000000001,8.313693620479478
Hyderabad,Diesel,Automatic,First,14.84,5,19.0,Mercedes-Benz,New C-Class 220 CDI AT,1,3,2,0.07932804475999625,364.31,4.721603563474388
Hyderabad,Diesel,Automatic,First,15.97,5,54.0,BMW,X5 xDrive 30d Design Pure Experience 5 Seater,1,5,4,0.08620113595516167,772.194,3.9994991234660655
Kochi,Petrol,Manual,First,19.1,5,4.7,Hyundai,Xcent 1.2 Kappa SX Option,0,1,1,0.06850459476315406,98.154,8.69367319071461
Hyderabad,Petrol,Automatic,First,22.0,5,8.5,Maruti,Dzire AMT ZXI Plus,0,1,1,0.06833751038568293,97.9146,10.013654984069186
Kolkata,Diesel,Automatic,First,16.07,4,17.0,BMW,3 Series 320d Corporate Edition,0,3,3,0.09072681699712941,361.095,5.365609348914858
Kochi,Petrol,Manual,First,22.74,5,3.51,Maruti,Alto 800 LXI,1,0,0,0.059422110478112924,37.6508,12.661469933184854
Bangalore,Diesel,Automatic,Second,17.11,5,19.5,Audi,A4 2.0 TDI 177 Bhp Premium Plus,0,3,3,0.0885823170281594,343.08144,5.764824797843666
Pune,Petrol,Automatic,Second,13.6,4,17.0,Mini,Cooper S,0,2,3,0.11326658315815608,289.238,5.234795996920708
Coimbatore,Diesel,Automatic,Second,12.07,7,43.35,Audi,Q7 3.0 TDI Quattro Premium Plus,0,5,4,0.08136164473159366,716.2338000000001,3.0426014620620117
Bangalore,Diesel,Manual,First,25.44,5,2.65,Chevrolet,Beat Diesel LT,0,0,0,0.06153846147271532,53.913599999999995,13.140495867768598
Kochi,Petrol,Manual,First,20.51,5,3.52,Maruti,Wagon R LXI BS IV,0,0,0,0.06717434863008583,66.90592000000001,10.265265265265267
Kolkata,Diesel,Manual,First,19.01,5,6.25,Nissan,Terrano XV Premium 110 PS,1,2,1,0.07426420255012717,158.5185,7.724502234863876
Ahmedabad,Diesel,Automatic,First,18.88,5,24.75,BMW,3 Series 320d Luxury Plus,1,3,3,0.09223057639487188,367.08,6.303839732888147
Mumbai,Petrol,Manual,First,20.85,5,5.25,Maruti,Swift Dzire VXI,0,1,1,0.06945697571473937,99.51858,9.490213928083751
Jaipur,Diesel,Manual,First,17.72,5,11.0,Skoda,Yeti Elegance 4X2,1,3,1,0.055132113793123924,213.528,5.970350404312668
Kochi,Petrol,Automatic,First,15.63,5,9.1,Ford,EcoSport 1.5 Ti VCT AT Titanium,0,2,1,0.07364909935046758,165.4896,6.254501800720288
Chennai,Petrol,Manual,First,18.5,5,3.25,Hyundai,i20 1.2 Magna,1,1,0,0.06683375098844298,95.76,8.420573509330906
Pune,Diesel,Manual,First,15.0,5,8.5,Maruti,S Cross DDiS 200 Sigma Option,0,1,1,0.07091346148163985,110.448,6.672597864768683
Pune,Petrol,Manual,First,16.2,5,3.1,Hyundai,Verna Transform VTVT,1,2,1,0.06454033767070648,165.01680000000002,6.233166602539438
Kochi,Diesel,Automatic,First,18.88,5,19.86,BMW,3 Series 320d Luxury Line,1,3,3,0.09223057639487188,367.08,6.303839732888147
Kolkata,Diesel,Manual,First,24.0,5,4.9,Hyundai,Grand i10 1.2 CRDi Magna,0,1,0,0.06236930854774931,87.72842,10.978956999085089
Delhi,Petrol,Manual,Second,17.4,5,5.7,Honda,City i-VTEC V,1,2,1,0.07835671337451121,175.59810000000002,6.96836203444133
Kolkata,Diesel,Manual,First,25.2,5,2.9,Maruti,Swift VDI BSIV,1,1,0,0.059294871747359874,92.352,11.209964412811386
Coimbatore,Diesel,Manual,First,27.39,5,7.83,Maruti,Baleno Zeta 1.3,0,1,0,0.059294871747359874,92.352,12.184163701067614
Kochi,Diesel,Manual,First,14.0,7,8.15,Tata,Safari Storme 2012-2015 LX,0,3,2,0.06337769616182759,300.9199,4.403900597672224
Bangalore,Petrol,Manual,Second,13.2,5,2.0,Hyundai,Accent GLS,1,2,1,0.06287625413854431,140.53,5.290581162324648
Hyderabad,Diesel,Manual,First,25.2,5,6.25,Maruti,Swift LDI SP Limited Edition,1,1,0,0.059294871747359874,92.352,11.209964412811386
Bangalore,Diesel,Manual,Second,17.8,5,3.4,Maruti,Swift VDI BSIV,1,1,1,0.0907667417004834,141.36956337874662,7.918149466192171
Coimbatore,Petrol,Automatic,First,21.9,4,3.19,Tata,Nano XTA,0,0,0,0.060064102467845985,23.38752,13.485221674876845
Ahmedabad,Diesel,Manual,First,25.47,7,7.75,Maruti,Ertiga VDI,1,1,1,0.07091346148163985,110.448,11.330071174377222
Delhi,Petrol,Automatic,Second,23.1,5,3.2,Maruti,Celerio VXI AMT,0,0,0,0.06717434863008583,66.90592000000001,11.561561561561563
Delhi,Diesel,Manual,First,25.2,5,4.9,Maruti,Swift VDI BSIV,1,1,0,0.059294871747359874,92.352,11.209964412811386
Kochi,Petrol,Manual,First,15.04,5,3.8,Volkswagen,Vento Petrol Highline,2,2,1,0.064831038757928,165.5528,5.789068514241724
Chennai,Diesel,Automatic,First,15.5,5,4.0,Volkswagen,Jetta 2007-2011 1.9 Highline TDI,2,3,1,0.05537974680623431,199.08,5.352209944751381
Hyderabad,Diesel,Automatic,Second,20.7,5,23.5,Mini,Cooper 5 DOOR D,1,2,1,0.07618983952126347,170.51408,8.293269230769232
Chennai,Diesel,Manual,First,17.2,5,1.15,Tata,Indica V2 DLS,1,1,0,0.03832378220750445,74.686,7.178631051752921
Hyderabad,Petrol,Manual,First,17.0,5,2.2,Hyundai,Santro Xing XO,1,1,1,0.10430653188643048,123.01870659400547,8.149568552253115
Bangalore,Petrol,Automatic,First,18.0,5,10.65,Honda,City i-VTEC CVT VX,0,2,1,0.07835671337451121,175.59810000000002,7.2086503804565485
Coimbatore,Diesel,Automatic,First,16.36,5,35.68,Jaguar,XF 2.2 Litre Luxury,0,3,3,0.08614043135101403,408.9983,5.146272412708399
Kochi,Diesel,Automatic,First,15.0,5,31.94,Mercedes-Benz,E-Class 2015-2017 E250 Edition E,0,3,3,0.09519365371199551,437.172,4.772510340439071
Chennai,Diesel,Manual,Third,18.3,5,4.2,Chevrolet,Cruze LTZ,1,3,2,0.07428427921934491,294.4689,6.118355065195586
Ahmedabad,Diesel,Manual,First,15.1,7,9.9,Mahindra,XUV500 W8 2WD,1,3,2,0.06424965577592949,305.06,4.749921358917899
Kochi,Petrol,Automatic,First,11.74,5,15.46,Mercedes-Benz,New C-Class C 200 CGI Avantgarde,1,2,3,0.10356347432986443,334.056,4.198855507868384
Kochi,Petrol,Manual,First,18.2,5,8.46,Honda,Jazz VX,0,1,1,0.07397831520101891,106.35130000000001,8.27648931332424
Kolkata,Petrol,Manual,First,16.78,5,3.25,Toyota,Etios G,0,2,1,0.059311497286556485,132.74008,6.7227564102564115
Hyderabad,Petrol,Manual,First,19.7,5,2.6,Maruti,Alto LXi BSIII,1,0,0,0.05816582907265599,36.8548,10.96881959910913
Coimbatore,Petrol,Manual,First,20.4,5,5.2,Maruti,Swift VXI BSIV,0,1,1,0.06833751038568293,97.9146,9.28538916704597
Pune,Petrol,Manual,Third,19.0,5,1.8,Maruti,A-Star Vxi,1,0,0,0.06623246486349452,65.96779999999998,9.50950950950951
Chennai,Petrol,Manual,First,25.4,4,1.6,Tata,Nano Lx BSIV,0,0,0,0.060064102467845985,23.38752,15.640394088669948
Kolkata,Diesel,Manual,First,25.5,5,2.5,Ford,Figo Titanium Diesel,1,2,1,0.06608811744586908,148.302,10.20816653322658
Jaipur,Petrol,Manual,First,16.0,5,2.5,Fiat,Linea Emotion,0,1,1,0.0657894736361188,123.12,6.756756756756756
Coimbatore,Petrol,Manual,First,18.16,5,6.7,Ford,Figo Aspire 1.2 Ti-VCT Trend,0,1,1,0.07257525077543875,103.81280000000001,8.269581056466302
Hyderabad,Petrol,Manual,First,15.4,5,1.2,Maruti,Baleno LXI,1,2,1,0.059119496818163836,149.46,5.9459459459459465
Coimbatore,Diesel,Automatic,First,18.88,5,35.55,BMW,3 Series 320d Luxury Line,0,3,3,0.09223057639487188,367.08,6.303839732888147
Jaipur,Diesel,Manual,First,17.9,5,7.75,Chevrolet,Cruze LTZ,1,3,2,0.08193193189092494,327.07259999999997,5.970647098065377
Chennai,Diesel,Manual,First,12.7,8,1.94,Mahindra,Scorpio 2.6 DX,0,4,1,0.04469145264672616,304.20939999999996,3.518980326960377
Hyderabad,Diesel,Manual,First,25.0,5,2.2,Tata,Indica V2 eLS,1,1,0,0.049426934062015086,96.324,10.434056761268781
Ahmedabad,Diesel,Automatic,First,18.1,4,3.8,Chevrolet,Cruze LTZ AT,1,3,2,0.07428427921934491,294.4689,6.051487796723504
Chennai,Diesel,Manual,First,12.8,8,15.65,Toyota,Innova 2.5 V Diesel 8-seater,0,4,1,0.040898155556977484,254.388,3.6634230108757873
Coimbatore,Diesel,Automatic,First,19.27,5,39.47,Mercedes-Benz,New C-Class C 220d Avantgarde Edition C,0,3,2,0.0782174521333563,359.20966000000004,6.13108495068406
Kolkata,Petrol,Manual,Second,18.5,5,1.5,Maruti,Ritz VXi,0,1,1,0.07167919793510509,102.70259999999999,8.420573509330906
Ahmedabad,Diesel,Manual,First,12.8,8,8.85,Toyota,Innova 2.5 GX (Diesel) 8 Seater BS IV,1,4,1,0.040898155556977484,254.388,3.6634230108757873
Bangalore,Diesel,Manual,Second,12.55,7,17.9,Toyota,Fortuner 4x4 MT,1,5,2,0.05650570085294913,502.467,3.1516825715720747
Coimbatore,Petrol,Automatic,Second,16.95,5,5.08,Hyundai,i10 Sportz AT,0,1,0,0.06591478691235189,94.44330000000001,7.715065999089667
Bangalore,Diesel,Manual,First,22.32,5,6.25,Hyundai,Verna 1.6 SX,1,2,1,0.07984829324914772,199.83823999999998,8.644461657629744
Bangalore,Diesel,Automatic,First,15.73,5,22.75,Audi,Q3 2012-2015 35 TDI Quattro Premium Plus,1,3,3,0.0885823170281594,343.08144,5.299865229110512
Kolkata,Petrol,Manual,First,18.6,5,1.46,Chevrolet,Beat LS,0,1,0,0.06622185148772156,95.20060000000001,8.458390177353344
Pune,Diesel,Manual,Second,17.8,5,2.05,Ford,Fiesta 1.4 Duratorq ZXI,2,1,0,0.04860614721329081,95.132,7.419758232596915
Coimbatore,Diesel,Manual,First,20.0,5,4.08,Ford,Figo Diesel EXI,1,1,0,0.04860614721329081,95.132,8.336807002917881
Hyderabad,Petrol,Automatic,First,23.1,5,4.55,Maruti,Celerio VXI AT,0,0,0,0.06717434863008583,66.90592000000001,11.561561561561563
Mumbai,Diesel,Automatic,First,20.0,5,14.0,Mercedes-Benz,A Class A180 CDI,0,3,1,0.05006999531027999,229.94389999999999,6.363347120585429
Ahmedabad,Petrol,Manual,First,15.8,5,10.9,Hyundai,Creta 1.6 SX,0,2,1,0.07624135758878607,192.98829999999998,6.09803164801235
Bangalore,Petrol,Manual,First,18.9,5,2.45,Maruti,Wagon R VXI BS IV,1,0,0,0.06723446887050653,66.96579999999999,9.45945945945946
Delhi,Diesel,Automatic,First,10.0,5,15.8,Mercedes-Benz,E-Class 2009-2013 E 220 CDI Avantgarde,1,3,2,0.07914338916240997,365.16,3.1766200762388817
Mumbai,Petrol,Manual,First,18.88,5,8.25,Ford,EcoSport 1.5 Ti VCT MT Titanium BE,0,2,1,0.07364909935046758,165.4896,7.555022008803521
Delhi,Diesel,Automatic,Second,13.73,5,8.5,Renault,Koleos 2.0 Diesel,1,3,2,0.07418546362196217,295.26,4.584307178631052
Coimbatore,Diesel,Manual,First,16.0,7,15.54,Mahindra,XUV500 W10 2WD,1,3,2,0.06424965577592949,305.06,5.033029254482542
Hyderabad,Petrol,Manual,First,16.8,8,2.35,Maruti,Omni E 8 Str STD,0,0,0,0.04296482406662711,27.223200000000002,9.35412026726058
Coimbatore,Petrol,Manual,First,22.5,5,4.32,Maruti,Wagon R VXI,1,0,0,0.06717434863008583,66.90592000000001,11.261261261261263
Jaipur,Diesel,Manual,Second,13.1,7,3.9,Ford,Endeavour XLT TDCi 4X2,4,4,2,0.05642256900503299,352.359,3.7439268362389253
Hyderabad,Diesel,Manual,Second,22.32,5,5.2,Hyundai,Verna 1.6 SX,1,2,1,0.07984829324914772,199.83823999999998,8.644461657629744
Mumbai,Petrol,Manual,First,18.6,5,5.85,Hyundai,i20 Magna 1.2,0,1,1,0.0683625730423036,97.95051,8.466090122894856
Bangalore,Petrol,Manual,Second,16.02,7,6.25,Maruti,Ertiga ZXI,1,1,1,0.0682447195424292,128.6501,6.75094816687737
Coimbatore,Diesel,Automatic,First,14.0,7,17.63,Mahindra,XUV500 W9 AT,0,3,2,0.07113354746620765,337.745,4.403900597672224
Mumbai,Diesel,Manual,First,23.65,5,9.75,Maruti,SX4 S Cross DDiS 200 Zeta,0,1,1,0.07091346148163985,110.448,10.520462633451956
Bangalore,Petrol,Automatic,First,18.1,2,55.0,Mercedes-Benz,SLK-Class SLK 350,0,7,5,0.08747855915166422,1070.388,4.024010671409515
Hyderabad,Diesel,Manual,First,22.07,5,4.1,Volkswagen,Polo Diesel Comfortline 1.2L,1,1,0,0.061634695528244625,88.60610000000001,10.03638017280582
Hyderabad,Diesel,Manual,First,12.55,7,11.99,Toyota,Fortuner 4x4 MT,3,5,2,0.05650570085294913,502.467,3.1516825715720747
Kochi,Diesel,Manual,First,16.0,7,13.54,Mahindra,XUV500 W10 2WD,0,3,2,0.06424965577592949,305.06,5.033029254482542
Mumbai,Diesel,Automatic,First,17.9,5,56.0,Mercedes-Benz,GLE 250d,0,3,3,0.09386374237337204,431.06445,5.695195672923958
Chennai,Petrol,Manual,First,18.7,5,6.5,Honda,Jazz 1.2 VX i VTEC,0,1,1,0.07397831520101891,106.35130000000001,8.503865393360618
Pune,Diesel,Manual,First,23.4,5,4.75,Maruti,Swift Dzire VDI,1,1,0,0.059294871747359874,92.352,10.409252669039144
Hyderabad,Petrol,Manual,First,17.01,5,5.6,Hyundai,Verna 1.6 SX VTVT,1,2,1,0.07624135758878607,192.98829999999998,6.565032805866461
Coimbatore,Diesel,Automatic,First,10.91,7,29.2,Ford,Endeavour 3.2 Titanium AT 4X4,1,6,3,0.06160100060612852,630.006,2.598856598380181
Kolkata,Petrol,Manual,First,18.6,5,6.35,Hyundai,i20 1.2 Asta Option,0,1,1,0.0683625730423036,97.95051,8.466090122894856
Mumbai,Petrol,Manual,First,16.8,5,4.95,Honda,City 1.5 V MT Sunroof,1,2,1,0.07768871070294675,174.1011,6.728073688426112
Hyderabad,Diesel,Manual,First,27.4,5,8.5,Honda,Amaze VX Diesel,0,2,1,0.06582109474911808,147.7028,10.968775020016011
Kolkata,Petrol,Manual,First,17.1,5,4.5,Hyundai,Verna 1.6 SX VTVT (O),0,2,1,0.07624135758878607,192.98829999999998,6.5997684291779235
Chennai,Diesel,Manual,First,24.2,7,5.5,Honda,Mobilio S i DTEC,1,2,1,0.06582109474911808,147.7028,9.687750200160126
Kochi,Diesel,Manual,First,20.77,7,6.56,Maruti,Ertiga ZDI,0,1,1,0.07115384609683184,110.82239999999999,9.239323843416368
Pune,Petrol,Manual,First,24.07,5,2.3,Maruti,Alto K10 LXI,0,0,0,0.06723446887050653,66.96579999999999,12.047047047047048
Pune,Diesel,Manual,Second,13.1,10,3.5,Toyota,Qualis FS B2,1,4,0,0.030662305792860875,183.45,3.8015089959373185
Kochi,Petrol,Manual,First,20.36,5,4.55,Hyundai,i10 Sportz,0,1,0,0.06591478691235189,94.44330000000001,9.267182521620391
Bangalore,Diesel,Automatic,Second,17.0,5,7.75,Skoda,Laura 1.9 TDI AT Ambiente,1,3,1,0.05537974680623431,199.08,5.870165745856354
Mumbai,Petrol,Manual,Second,18.6,5,5.25,Hyundai,i20 Asta Option 1.2,0,1,1,0.0683625730423036,97.95051,8.466090122894856
Coimbatore,Diesel,Automatic,First,11.5,5,23.29,BMW,5 Series 2003-2012 530d Highline,2,5,4,0.07851653856381005,703.355,2.8800400701227145
Mumbai,Diesel,Automatic,First,22.69,5,23.99,BMW,3 Series 320d M Sport,0,3,3,0.09523809519035684,379.05,7.5759599332220375
Pune,Petrol,Manual,First,14.49,5,1.79,Chevrolet,Aveo 1.4 LT ABS BSIV,1,1,1,0.06626161539223616,129.6873,6.040016673614006
Mumbai,Diesel,Automatic,Second,14.21,5,13.9,Mercedes-Benz,E-Class 2009-2013 E250 CDI Elegance,0,3,3,0.09472701815458376,435.029,4.521158129175947
Kolkata,Diesel,Automatic,First,17.68,5,18.95,Audi,A6 2011-2015 2.0 TDI Premium Plus,0,3,3,0.0885823170281594,343.08144,5.9568733153638815
Kolkata,Petrol,Manual,First,20.51,5,2.49,Maruti,Wagon R LXI BS IV,0,0,0,0.06717434863008583,66.90592000000001,10.265265265265267
Jaipur,Petrol,Manual,First,25.17,5,3.15,Renault,KWID RXT,0,0,0,0.06670838539836246,42.5867,13.991106170094499
Mumbai,Diesel,Manual,First,21.66,5,6.45,Volkswagen,Ameo 1.5 TDI Highline,1,2,1,0.0725100133027303,162.71276,8.670936749399518
Ahmedabad,Diesel,Manual,First,22.07,5,4.25,Volkswagen,Polo Diesel Comfortline 1.2L,1,1,0,0.061634695528244625,88.60610000000001,10.03638017280582
Hyderabad,Petrol,Manual,First,22.74,5,2.75,Maruti,Alto 800 LXI,1,0,0,0.059422110478112924,37.6508,12.661469933184854
Kochi,Petrol,Manual,First,18.6,5,7.14,Hyundai,i20 Asta Option 1.2,1,1,1,0.0683625730423036,97.95051,8.466090122894856
Mumbai,Petrol,Manual,First,18.3,5,2.44,Toyota,Etios Liva G,0,1,1,0.09463399635617045,135.59244179836512,8.329540282203004
Jaipur,Petrol,Manual,Third,17.0,5,3.5,Hyundai,i20 1.2 Sportz,1,1,0,0.06683375098844298,95.76,7.737824305871643
Chennai,Diesel,Manual,First,22.54,5,7.3,Hyundai,i20 1.4 Asta,0,1,1,0.06356017187424057,123.86708,9.407345575959933
Kolkata,Petrol,Manual,First,20.51,5,2.75,Maruti,Wagon R LXI Optional,0,0,0,0.06717434863008583,66.90592000000001,10.265265265265267
Bangalore,Diesel,Manual,Second,22.54,5,8.2,Hyundai,i20 1.4 Asta Option,0,1,1,0.06356017187424057,123.86708,9.407345575959933
Mumbai,Petrol,Automatic,First,17.21,5,6.51,Volkswagen,Polo GT TSI,1,1,1,0.08654970753003365,124.00919999999999,7.83340919435594
Pune,Diesel,Manual,First,20.0,5,4.25,Ford,Figo Diesel Titanium,1,1,0,0.04864188702741823,95.20195,8.336807002917881
Coimbatore,Petrol,Manual,Second,18.6,5,6.21,Maruti,Swift ZXI,0,1,1,0.07167919793510509,102.70259999999999,8.466090122894856
Kochi,Diesel,Manual,First,24.0,5,4.58,Hyundai,Grand i10 CRDi Magna,1,1,0,0.06249999994419642,78.4,11.320754716981131
Chennai,Diesel,Manual,First,14.02,7,7.5,Mahindra,Xylo H4,4,3,1,0.05429095913066041,257.7757,4.410191884240327
Delhi,CNG,Manual,First,26.83,5,2.1,Maruti,Alto Green LXi (CNG),1,0,0,0.04824120596954622,30.566399999999998,14.938752783964365
Coimbatore,Petrol,Manual,First,19.81,5,4.09,Hyundai,i10 Magna 1.1,1,1,0,0.06266114174708919,73.9023,9.49664429530201
Mumbai,Diesel,Automatic,First,19.3,5,10.75,Skoda,Octavia Elegance 2.0 TDI AT,1,3,2,0.07164634142700897,277.488,6.502695417789758
Mumbai,Diesel,Automatic,First,15.97,7,41.5,BMW,X5 2014-2019 xDrive 30d Design Pure Experience 7 Seater,0,5,4,0.08620113595516167,772.194,3.9994991234660655
Hyderabad,Petrol,Automatic,First,23.1,5,4.4,Maruti,Celerio VXI AT,0,0,0,0.06717434863008583,66.90592000000001,11.561561561561563
Jaipur,Diesel,Manual,Second,20.54,5,6.25,Volkswagen,Vento Diesel Comfortline,2,2,1,0.064831038757928,165.5528,7.906081601231716
Pune,Diesel,Automatic,Second,16.07,5,10.5,BMW,3 Series 320d Highline,1,3,3,0.09072681699712941,361.095,5.365609348914858
Mumbai,Diesel,Manual,First,20.77,7,7.25,Maruti,Ertiga ZDI,1,1,1,0.07115384609683184,110.82239999999999,9.239323843416368
Hyderabad,Diesel,Manual,First,20.0,5,3.2,Ford,Figo Diesel ZXI,1,1,0,0.04864188702741823,95.20195,8.336807002917881
Mumbai,Petrol,Manual,First,16.47,5,3.95,Volkswagen,Polo 1.2 MPI Highline,1,1,0,0.061769615975150564,88.652,7.4931756141947226
Coimbatore,Diesel,Automatic,Second,16.77,5,12.07,Audi,A6 3.0 TDI quattro,0,5,4,0.08135490391595723,716.17446,4.227375850768843
Pune,Diesel,Manual,First,13.68,7,18.6,Toyota,Innova Crysta 2.4 ZX MT,0,4,2,0.06176347678154473,353.6854,4.031830238726791
Delhi,Diesel,Automatic,First,22.32,5,5.7,Hyundai,Verna 1.6 CRDi EX AT,1,2,1,0.07983565102412411,199.8066,8.644461657629744
Kolkata,Petrol,Manual,First,17.92,5,1.75,Hyundai,Santro Xing GL Plus,0,1,0,0.05718232038933488,67.4406,8.590604026845638
Delhi,Diesel,Automatic,Second,16.55,5,10.99,Audi,A4 2.0 TDI,0,3,2,0.0749542682545964,290.29967999999997,5.576145552560647
Kolkata,Diesel,Automatic,First,16.55,5,14.5,Audi,A4 2.0 TDI,0,3,2,0.0749542682545964,290.29967999999997,5.576145552560647
Jaipur,Diesel,Manual,First,17.0,5,3.11,Skoda,Laura 1.9 TDI MT Ambiente,1,3,1,0.05537974680623431,199.08,5.870165745856354
Coimbatore,Petrol,Automatic,First,13.7,5,13.96,Honda,CR-V 2.0L 2WD AT,1,3,2,0.07704556831394814,307.25842000000006,4.571237904571238
Coimbatore,Diesel,Manual,First,22.32,5,7.11,Hyundai,Verna 1.6 SX CRDi (O),1,2,1,0.07984829324914772,199.83823999999998,8.644461657629744
Chennai,Diesel,Manual,First,24.5,7,6.9,Honda,Mobilio RS i DTEC,0,2,1,0.06582109474911808,147.7028,9.807846277021616
Coimbatore,Petrol,Manual,First,18.6,5,7.77,Hyundai,i20 1.2 Asta Option,0,1,1,0.0683625730423036,97.95051,8.466090122894856
Kolkata,Diesel,Manual,Second,12.8,8,5.5,Toyota,Innova 2.5 G (Diesel) 7 Seater BS IV,1,4,1,0.040898155556977484,254.388,3.6634230108757873
Hyderabad,Petrol,Manual,First,18.6,5,5.35,Hyundai,i20 Magna 1.2,1,1,1,0.0683625730423036,97.95051,8.466090122894856
Chennai,Diesel,Manual,Second,13.6,7,4.5,Mahindra,Bolero VLX BS IV,1,4,0,0.024970273474050626,158.949,3.8603462957706496
Jaipur,Diesel,Manual,First,20.34,5,4.75,Volkswagen,Vento 1.5 TDI Comfortline,1,2,1,0.06889185576175443,154.5936,8.142514011208966
Coimbatore,Diesel,Automatic,First,16.36,5,32.8,Jaguar,XF 2.2 Litre Luxury,0,3,3,0.08614043135101403,408.9983,5.146272412708399
Mumbai,Petrol,Manual,First,17.3,5,0.7,Maruti,Zen LXi - BS III,2,0,0,0.06042296066422662,59.58,8.680381334671349
Coimbatore,Diesel,Automatic,First,13.0,5,50.29,Mercedes-Benz,E-Class Facelift,1,5,4,0.08637428855494668,770.646,3.2605969400551795
Mumbai,Diesel,Manual,Second,11.5,7,10.99,Toyota,Fortuner 3.0 Diesel,0,5,2,0.05734406436708784,509.922,2.887995981918634
Coimbatore,Petrol,Automatic,First,18.9,5,5.57,Hyundai,Grand i10 AT Asta,1,1,1,0.06850459476315406,98.154,8.602639963586709
Jaipur,Diesel,Manual,First,25.4,5,5.9,Hyundai,Xcent 1.2 CRDi S,0,1,0,0.06236930854774931,87.72842,11.61939615736505
Coimbatore,Petrol,Manual,First,15.29,5,9.43,Hyundai,Creta 1.6 VTVT S,0,2,1,0.07624135758878607,192.98829999999998,5.901196449247394
Bangalore,Petrol,Manual,First,20.36,5,2.9,Hyundai,i10 Sportz,1,1,0,0.06591478691235189,94.44330000000001,9.267182521620391
Delhi,Petrol,Manual,First,19.4,5,3.68,Honda,Brio S MT,0,1,1,0.0724540900897712,103.98639999999999,8.826205641492265
Coimbatore,Diesel,Automatic,First,12.55,7,21.67,Toyota,Fortuner 4x2 AT,2,5,2,0.05650570085294913,502.467,3.1516825715720747
Ahmedabad,Diesel,Automatic,First,16.55,5,12.5,Audi,A4 2.0 TDI Multitronic,1,3,2,0.07113821134596635,275.52,5.576145552560647
Kochi,Diesel,Automatic,First,11.36,7,19.92,Toyota,Innova Crysta 2.8 ZX AT,0,5,2,0.062250453697912725,472.4825,3.025299600532623
Jaipur,Diesel,Manual,First,25.1,5,6.75,Honda,City i DTEC VX,1,2,1,0.06582109474911808,147.7028,10.048038430744596
Kochi,Diesel,Manual,First,25.1,5,6.96,Honda,City i DTEC VX,1,2,1,0.06582109474911808,147.7028,10.048038430744596
Jaipur,Petrol,Manual,First,21.7,5,3.25,Renault,KWID 1.0 RXT Optional,1,0,0,0.06706706699993287,66.933,10.855427713856926
Hyderabad,Diesel,Manual,First,28.4,5,8.65,Maruti,Swift DDiS ZDI Plus,0,1,0,0.059294871747359874,92.352,12.633451957295371
Pune,Petrol,Automatic,First,23.1,5,5.0,Maruti,Celerio VXI Optional AMT,0,0,0,0.06717434863008583,66.90592000000001,11.561561561561563
Delhi,Diesel,Manual,First,15.1,7,5.5,Mahindra,XUV500 W8 2WD,1,3,2,0.06424965577592949,305.06,4.749921358917899
Jaipur,Petrol,Manual,Second,20.36,5,2.6,Hyundai,i10 Magna,1,1,0,0.06591478691235189,94.44330000000001,9.267182521620391
Kochi,Petrol,Manual,First,19.81,5,3.41,Hyundai,i10 Magna 1.1,1,1,0,0.06266114174708919,73.9023,9.49664429530201
Kolkata,Petrol,Manual,First,22.0,5,2.7,Maruti,Dzire VXI,0,1,1,0.06833751038568293,97.9146,10.013654984069186
Chennai,Petrol,Automatic,Fourth & Above,9.7,5,5.5,Maruti,Grand Vitara AT,1,3,2,0.08195488717696496,326.1825,3.2387312186978297
Kolkata,Petrol,Automatic,First,14.33,4,35.0,Audi,TT 40 TFSI,0,3,4,0.11421370961985196,449.57439999999997,4.802278820375335
Mumbai,Petrol,Automatic,Second,14.74,5,9.75,Mercedes-Benz,New C-Class C 200 CGI,0,3,3,0.09241587137497946,366.344,4.92811768639251
Mumbai,Diesel,Manual,First,21.64,5,4.25,Nissan,Sunny 2011-2014 Diesel XV,0,2,1,0.05804243664747266,123.89280000000001,8.79317350670459
Ahmedabad,Petrol,Manual,First,18.9,5,3.2,Maruti,Wagon R LXI,1,0,0,0.06723446887050653,66.96579999999999,9.45945945945946
Bangalore,Diesel,Manual,Second,23.4,5,6.85,Maruti,Swift Dzire ZDI,0,1,0,0.059294871747359874,92.352,10.409252669039144
Delhi,Diesel,Manual,First,25.8,5,4.5,Honda,Amaze S i-Dtech,0,2,1,0.06582109474911808,147.7028,10.32826261008807
Delhi,Diesel,Manual,First,28.4,5,3.55,Maruti,Swift ZDI,1,1,0,0.059294871747359874,92.352,12.633451957295371
Hyderabad,CNG,Manual,Second,13.2,5,1.9,Hyundai,Accent Executive CNG,1,2,1,0.06267558524235746,140.0815,5.290581162324648
Hyderabad,Diesel,Manual,First,10.5,7,3.6,Mahindra,Scorpio LX 2.6 Turbo,2,4,1,0.04599463394174219,313.08,2.9093931837073983
Kochi,Diesel,Automatic,First,13.0,5,21.8,Mercedes-Benz,E-Class E250 CDI Avantgrade,0,3,3,0.09384041059550144,430.9573,4.136175628380529
Mumbai,Diesel,Manual,Second,13.0,7,13.5,Toyota,Fortuner 4x2 Manual,1,5,2,0.05650570085294913,502.467,3.2646911099949776
Bangalore,Petrol,Manual,First,22.7,5,2.66,Datsun,redi-GO T Option,0,0,0,0.06713391731272352,42.85836,12.618121178432462
Delhi,Petrol,Manual,Second,16.8,5,3.75,Honda,City V MT,0,2,1,0.07768871070294675,174.1011,6.728073688426112
Pune,Petrol,Automatic,First,19.16,5,32.0,Toyota,Camry Hybrid,0,4,2,0.06343223734425331,394.5508,5.483686319404693
Coimbatore,Diesel,Manual,First,26.0,5,8.07,Honda,City i DTec V,1,2,1,0.06582109474911808,147.7028,10.408326661329061
Kochi,Diesel,Manual,First,19.33,5,5.64,Volkswagen,Jetta 2012-2014 2.0L TDI Trendline,1,3,2,0.07017276419198537,271.7808,6.512803234501347
Hyderabad,Diesel,Automatic,First,17.68,5,23.99,Audi,A6 2011-2015 2.0 TDI,1,3,3,0.0885823170281594,343.08144,5.9568733153638815
Coimbatore,Diesel,Manual,First,20.77,7,7.5,Maruti,Ertiga VDI,1,1,1,0.07112179481480625,110.77248000000002,9.239323843416368
Jaipur,Diesel,Automatic,First,19.27,5,27.0,Mercedes-Benz,New C-Class C 220 CDI Style,1,3,2,0.0782174521333563,359.20966000000004,6.13108495068406
Mumbai,Diesel,Manual,Second,19.3,5,2.85,Maruti,Swift Dzire Vdi BSIV,1,1,0,0.059214743542295875,92.22720000000001,8.585409252669038
Pune,Diesel,Manual,First,19.01,5,6.35,Renault,Duster 110PS Diesel RxZ Pack,1,2,1,0.07422997941531144,158.44545000000002,7.724502234863876
Hyderabad,Diesel,Manual,First,21.1,5,3.3,Maruti,Ritz VDi,1,1,0,0.059214743542295875,92.22720000000001,9.386120996441282
Bangalore,Petrol,Manual,First,19.1,5,5.0,Maruti,Swift Dzire VXI,0,1,1,0.07167919793510509,102.70259999999999,8.69367319071461
Coimbatore,Diesel,Manual,First,22.9,5,6.46,Maruti,Swift ZDi,1,1,0,0.059294871747359874,92.352,10.186832740213521
Jaipur,Petrol,Manual,First,21.1,5,3.75,Hyundai,EON Sportz,0,0,0,0.06781326772995913,44.9328,11.631753031973538
Kochi,Petrol,Manual,Third,17.3,5,1.52,Maruti,Zen VXI BSII,1,0,0,0.06042296066422662,59.58,8.680381334671349
Coimbatore,Petrol,Manual,First,15.1,7,3.61,Maruti,Eeco 7 Seater Standard,1,1,0,0.06103678924662475,87.308,6.876138433515483
Coimbatore,Diesel,Automatic,First,14.16,5,43.74,Audi,Q5 30 TDI quattro Premium,0,3,3,0.08856707312572812,343.0224,4.77088948787062
Chennai,Diesel,Automatic,First,15.73,5,20.0,Audi,Q3 2.0 TDI,1,3,3,0.0885823170281594,343.08144,5.299865229110512
Hyderabad,Diesel,Manual,First,19.3,5,3.65,Maruti,Swift Dzire VDi,2,1,0,0.059214743542295875,92.22720000000001,8.585409252669038
Mumbai,Diesel,Manual,First,14.07,10,5.25,Tata,Sumo DX,0,3,1,0.04201213344690994,164.37179999999998,4.724647414372062
Hyderabad,Diesel,Automatic,First,15.97,7,58.0,BMW,X5 2014-2019 xDrive 30d Design Pure Experience 7 Seater,1,5,4,0.08620113595516167,772.194,3.9994991234660655
Mumbai,Petrol,Automatic,First,18.0,5,8.65,Honda,City i-VTEC CVT VX,0,2,1,0.07835671337451121,175.59810000000002,7.2086503804565485
Delhi,Diesel,Manual,First,25.0,5,2.5,Tata,Indigo eCS eLX BS IV,2,1,0,0.04943409738579219,96.33796000000001,10.434056761268781
Chennai,Petrol,Automatic,First,16.93,5,7.75,Volkswagen,Vento TSI,0,1,1,0.08654970753003365,124.00919999999999,7.705962676376878
Bangalore,Petrol,Manual,First,23.1,5,4.15,Maruti,Celerio VXI,1,0,0,0.06717434863008583,66.90592000000001,11.561561561561563
Delhi,Diesel,Manual,First,11.5,7,10.85,Toyota,Fortuner 3.0 Diesel,1,5,2,0.05734406436708784,509.922,2.887995981918634
Delhi,Petrol,Automatic,Second,11.3,5,5.53,Mitsubishi,Outlander 2.4,1,4,2,0.07203389827456191,401.2,3.363095238095238
Pune,Diesel,Automatic,First,15.5,5,11.5,Volkswagen,Jetta 2007-2011 1.9 Highline TDI,1,3,1,0.05537974680623431,199.08,5.352209944751381
Hyderabad,Petrol,Manual,First,9.0,2,40.0,Porsche,Cayman 2009-2012 S,0,6,1,0.032967664057043766,389.2194068664851,2.0288548241659154
Kolkata,Diesel,Manual,First,19.67,5,9.25,Hyundai,Creta 1.6 CRDi SX,0,2,1,0.07977243989900604,199.64839999999998,7.618125484120838
Pune,Petrol,Manual,First,17.5,5,2.29,Skoda,Fabia 1.2 MPI Ambiente Petrol,0,1,0,0.06260434051535531,89.85,7.961783439490446
Chennai,Diesel,Manual,First,22.77,5,7.0,Ford,EcoSport 1.5 TDCi Titanium,1,2,1,0.06581441918169932,147.68782000000002,9.115292233787029
Bangalore,Petrol,Manual,Second,18.2,5,1.65,Maruti,Zen Estilo 1.1 LXI BSIII,1,1,0,0.060320452346540564,67.904,8.830664725861231
Ahmedabad,Petrol,Manual,First,20.73,5,8.25,Maruti,Ciaz 1.4 Delta,0,1,1,0.06635105603324758,125.0803,8.735777496839443
Kochi,Petrol,Automatic,First,14.74,5,9.14,Mercedes-Benz,New C-Class C 200 Avantgarde Edition C,1,3,3,0.09092415866854638,360.43073,4.92811768639251
Hyderabad,Petrol,Manual,First,17.8,5,6.5,Honda,Amaze SX i-VTEC,0,1,1,0.07237061763575073,103.8666,8.098271155595997
Kolkata,Diesel,Manual,First,23.59,5,2.95,Toyota,Etios GD,1,1,1,0.08304757598967921,154.50968305177113,9.978849407783418
Jaipur,Diesel,Manual,First,19.87,5,5.75,Renault,Duster 85PS Diesel RxL,1,2,1,0.057357973951158124,122.43180000000001,8.073953677366923
Hyderabad,LPG,Manual,First,26.2,5,2.85,Maruti,Wagon R LXI LPG BSIV,1,0,0,0.05831663320809957,58.083600000000004,13.113113113113114
Kolkata,Petrol,Manual,Second,16.47,5,2.1,Volkswagen,Polo Petrol Highline 1.2L,0,1,0,0.061686143521130096,88.53220000000002,7.4931756141947226
Coimbatore,Diesel,Manual,First,19.67,5,13.55,Hyundai,Creta 1.6 SX Plus Diesel,1,2,1,0.07977243989900604,199.64839999999998,7.618125484120838
Kolkata,Diesel,Automatic,First,14.74,5,20.5,Jaguar,XF Diesel,0,5,5,0.09051119275291974,810.8036999999999,3.6914600550964187
Mumbai,Diesel,Manual,First,16.3,5,20.0,Jeep,Compass 2.0 Limited 4X4,1,3,2,0.08691206539523923,332.52,5.514208389715832
Kochi,Diesel,Automatic,First,15.68,5,59.72,Land,Rover Range Rover Evoque 2.0 TD4 HSE Dynamic,0,3,3,0.08854427209177375,353.823,5.228409469823275
Kolkata,Diesel,Manual,First,27.39,5,6.5,Maruti,Baleno Alpha Diesel,0,1,0,0.059294871747359874,92.352,12.184163701067614
Ahmedabad,Diesel,Manual,First,28.09,5,7.5,Maruti,Ciaz ZDi SHVS,1,1,1,0.07091346148163985,110.448,12.495551601423486
Jaipur,Petrol,Manual,Second,15.0,5,2.15,Maruti,SX4 Vxi BSIII,1,2,1,0.06600252202648012,166.02248,5.800464037122969
Coimbatore,Diesel,Manual,First,22.7,5,8.44,Hyundai,Elantra CRDi SX,1,2,1,0.07979772434905326,199.71168,8.79163439194423
Bangalore,Diesel,Manual,First,13.5,7,12.49,Mitsubishi,Pajero Sport 4X4,2,4,3,0.07087605972108355,434.86212,3.8826574633304576
Pune,Petrol,Manual,First,17.0,5,5.48,Volkswagen,Ameo 1.2 MPI Comfortline,0,1,0,0.061560934840099384,88.3525,7.734303912647862
Hyderabad,Petrol,Manual,First,18.5,5,4.2,Maruti,Ritz VXi,0,1,1,0.07167919793510509,102.70259999999999,8.420573509330906
Hyderabad,Diesel,Manual,First,16.8,5,7.2,Hyundai,Verna CRDi SX,1,2,1,0.07367716003102667,164.23,6.738868832731648
Jaipur,Diesel,Manual,First,23.4,5,4.8,Maruti,Swift Dzire Tour LDI,1,1,0,0.059294871747359874,92.352,10.409252669039144
Kochi,Diesel,Manual,First,25.32,6,5.83,Mahindra,KUV 100 mFALCON D75 K6,0,1,0,0.06427378959576478,92.246,11.519563239308463
Coimbatore,Diesel,Manual,First,13.68,7,18.39,Toyota,Innova Crysta 2.4 ZX MT,1,4,2,0.06176347678154473,353.6854,4.031830238726791
Pune,Petrol,Manual,First,21.4,5,5.85,Maruti,Baleno Delta 1.2,0,1,1,0.06942355883924514,99.4707,9.740555302685479
Mumbai,Diesel,Manual,First,27.3,5,6.21,Honda,Jazz VX Diesel,0,2,1,0.06582109474911808,147.7028,10.928742994395515
Delhi,Petrol,Manual,First,17.0,5,3.65,Hyundai,i20 1.2 Asta,1,1,0,0.06683375098844298,95.76,7.737824305871643
Delhi,Diesel,Manual,First,23.0,5,3.7,Hyundai,i20 Sportz Diesel,1,1,1,0.06446991399393272,125.64,9.599332220367279
Pune,Diesel,Automatic,First,19.27,5,30.0,Mercedes-Benz,New C-Class C 220d Avantgarde Edition C,0,3,2,0.0782174521333563,359.20966000000004,6.13108495068406
Kochi,Petrol,Manual,First,19.1,5,4.85,Hyundai,Xcent 1.2 Kappa Base,0,1,1,0.06850459476315406,98.154,8.69367319071461
Coimbatore,Petrol,Automatic,First,18.9,5,6.93,Hyundai,Grand i10 AT Asta,0,1,1,0.06850459476315406,98.154,8.602639963586709
Kolkata,Petrol,Manual,First,22.74,5,2.6,Maruti,Alto 800 VXI,0,0,0,0.059422110478112924,37.6508,12.661469933184854
Kolkata,Petrol,Manual,First,18.2,5,1.89,Chevrolet,Sail Hatchback 1.2 LS,0,1,1,0.06880733939215401,98.9175,8.27648931332424
Mumbai,Petrol,Automatic,First,13.7,5,10.0,Skoda,Superb Elegance 1.8 TSI AT,1,2,2,0.08773637369981291,283.6345,4.896354538956397
Kolkata,Diesel,Automatic,First,16.55,5,9.95,Audi,A4 2.0 TDI,0,3,2,0.0749542682545964,290.29967999999997,5.576145552560647
Mumbai,Diesel,Manual,Second,12.8,8,9.45,Toyota,Innova 2.5 G (Diesel) 7 Seater BS IV,1,4,1,0.040898155556977484,254.388,3.6634230108757873
Coimbatore,Diesel,Automatic,First,17.9,5,28.25,Mercedes-Benz,CLA 200 CDI Sport,0,3,2,0.063462435807997,291.448,5.695195672923958
Jaipur,Petrol,Manual,Second,19.81,5,1.8,Hyundai,i10 Era,1,1,0,0.06266114174708919,73.9023,9.49664429530201
Kolkata,Petrol,Manual,Second,17.5,5,1.4,Maruti,Swift Dzire VXi,0,1,1,0.06610169486432843,111.3684,7.6153176675369885
Ahmedabad,Diesel,Automatic,First,21.66,5,7.25,Skoda,Rapid 1.5 TDI AT Ambition,1,2,1,0.06910547391915521,155.07296,8.670936749399518
Hyderabad,Diesel,Manual,First,21.1,5,3.6,Maruti,Ritz VDi,1,1,0,0.059214743542295875,92.22720000000001,9.386120996441282
Jaipur,Petrol,Manual,Second,14.4,5,1.2,Hyundai,Accent GLS 1.6,0,2,1,0.05878674167680629,150.306,5.540592535590611
Coimbatore,Petrol,Manual,Second,17.8,5,4.94,Honda,Amaze SX i-VTEC,0,1,1,0.07237061763575073,103.8666,8.098271155595997
Delhi,Petrol,Manual,Second,18.9,5,1.25,Maruti,Wagon R LXI,1,0,0,0.06723446887050653,66.96579999999999,9.45945945945946
Chennai,Diesel,Manual,Second,22.07,5,4.8,Volkswagen,Polo Diesel Comfortline 1.2L,1,1,0,0.061634695528244625,88.60610000000001,10.03638017280582
Kochi,Diesel,Automatic,First,12.62,7,31.15,Ford,Endeavour 2.2 Trend AT 4X2,0,3,2,0.07188353044955254,347.284,3.9462163852407754
Pune,Petrol,Manual,Second,17.0,5,3.3,Hyundai,i20 1.2 Sportz,0,1,0,0.06683375098844298,95.76,7.737824305871643
Bangalore,Diesel,Manual,First,25.44,5,2.4,Chevrolet,Beat Diesel PS,1,0,0,0.06153846147271532,53.913599999999995,13.140495867768598
Kolkata,Petrol,Manual,First,14.8,5,2.0,Honda,Civic 2010-2013 1.8 V MT,0,2,2,0.07237354081580125,234.22979999999998,5.287602715255449
Pune,Petrol,Manual,First,20.51,5,3.1,Maruti,Wagon R VXI BS IV,1,0,0,0.06717434863008583,66.90592000000001,10.265265265265267
Kochi,Petrol,Manual,First,15.0,5,5.09,Skoda,Rapid 1.6 MPI Ambition Plus,0,2,1,0.064831038757928,165.5528,5.773672055427252
Pune,Petrol,Manual,Second,15.4,5,1.05,Maruti,Baleno Vxi - BSIII,2,2,1,0.059119496818163836,149.46,5.9459459459459465
Bangalore,Diesel,Manual,Second,22.77,5,7.0,Ford,EcoSport 1.5 TDCi Titanium,0,2,1,0.06581441918169932,147.68782000000002,9.115292233787029
Ahmedabad,Petrol,Manual,Second,13.2,5,2.5,Hyundai,Accent GLE,1,2,1,0.06287625413854431,140.53,5.290581162324648
Mumbai,Diesel,Automatic,First,22.48,5,17.5,BMW,5 Series 520d Luxury Line,1,3,3,0.09523809519035684,379.05,7.505843071786311
Chennai,Petrol,Manual,First,20.92,5,2.1,Maruti,Alto K10 2010-2014 VXI,1,0,0,0.06723446887050653,66.96579999999999,10.470470470470472
Bangalore,Diesel,Automatic,First,15.73,5,17.75,Audi,Q3 2012-2015 2.0 TDI Quattro Premium Plus,1,3,3,0.0885823170281594,343.08144,5.299865229110512
Mumbai,LPG,Manual,First,17.3,5,1.45,Maruti,Wagon R LXI DUO BSIII,1,1,0,0.05419415640509504,61.0075,8.393983503153809
Bangalore,Petrol,Automatic,Second,11.3,5,2.45,Toyota,Corolla H4,1,2,1,0.06967670007264398,224.25,4.0443808160343595
Pune,Diesel,Automatic,First,13.5,5,13.8,Volvo,XC60 D5,2,4,3,0.08958333329600694,516.0,3.9705882352941178
Kolkata,Diesel,Manual,First,27.3,5,5.85,Honda,Jazz 1.5 VX i DTEC,0,2,1,0.06582109474911808,147.7028,10.928742994395515
Delhi,Diesel,Manual,First,28.09,5,8.9,Maruti,Ciaz 1.3 Alpha,0,1,1,0.07091346148163985,110.448,12.495551601423486
Mumbai,Petrol,Manual,First,20.4,5,5.15,Maruti,Swift VXI BSIV,0,1,1,0.06833751038568293,97.9146,9.28538916704597
Kochi,Diesel,Automatic,First,19.27,5,16.56,Mercedes-Benz,New C-Class C 220 CDI Avantgarde,1,3,2,0.07932804475999625,364.31,6.13108495068406
Chennai,Petrol,Manual,Second,18.9,5,1.65,Maruti,Wagon R VXI Minor,2,1,0,0.06314797355028466,71.087,9.170305676855895
Pune,Petrol,Automatic,First,15.5,5,16.0,Mercedes-Benz,A Class A180 Sport,0,2,1,0.07567398114377806,192.5165,5.973025048169557
Coimbatore,Diesel,Automatic,First,26.59,5,8.08,Maruti,Swift Dzire AMT ZDI,0,1,0,0.059294871747359874,92.352,11.828291814946619
Pune,Petrol,Automatic,First,18.9,5,4.5,Hyundai,Grand i10 AT Asta,0,1,1,0.06850459476315406,98.154,8.602639963586709
Chennai,Petrol,Manual,Second,16.95,5,4.3,Nissan,Sunny 2011-2014 XV Special Edition,1,2,1,0.06522029368142837,146.3546,6.785428342674138
Hyderabad,Petrol,Manual,First,19.0,5,2.6,Maruti,A-Star Lxi,1,0,0,0.06623246486349452,65.96779999999998,9.50950950950951
Hyderabad,Petrol,Manual,First,25.17,5,4.45,Renault,KWID RXT Optional,0,0,0,0.06670838539836246,42.5867,13.991106170094499
Coimbatore,Petrol,Automatic,First,17.1,5,5.37,Hyundai,Verna 1.6 SX VTVT (O) AT,1,2,1,0.07630421113997221,193.14740000000003,6.5997684291779235
Chennai,Petrol,Manual,Second,18.9,5,1.75,Maruti,Wagon R LXI Minor,1,1,0,0.06314797355028466,71.087,9.170305676855895
Kolkata,Diesel,Automatic,First,18.88,5,16.5,BMW,3 Series 320d Sport Line,0,3,3,0.09223057639487188,367.08,6.303839732888147
Delhi,Diesel,Automatic,First,18.48,5,19.0,BMW,5 Series 2003-2012 520d,1,3,3,0.08872180446680611,353.115,6.170283806343907
Jaipur,Diesel,Manual,First,25.0,5,2.8,Tata,Indigo CS eVX,1,1,0,0.04943409738579219,96.33796000000001,10.434056761268781
Hyderabad,Diesel,Manual,First,22.54,5,6.2,Hyundai,i20 Sportz 1.4 CRDi,0,1,1,0.06356017187424057,123.86708,9.407345575959933
Kochi,Petrol,Manual,First,16.8,8,3.8,Maruti,Omni E MPI STD BS IV,0,0,0,0.04296482406662711,27.223200000000002,9.35412026726058
Hyderabad,Diesel,Manual,First,25.2,5,6.1,Maruti,Swift ZDi,1,1,0,0.059294871747359874,92.352,11.209964412811386
Coimbatore,Diesel,Manual,First,23.0,5,11.65,Ford,Ecosport Signature Edition Diesel,0,2,1,0.06606141517619397,148.24208,9.20736589271417
Mumbai,Petrol,Automatic,First,16.5,5,4.15,Honda,Brio VX AT,0,1,1,0.0724540900897712,103.98639999999999,7.506824385805278
Chennai,Diesel,Manual,First,13.68,7,16.5,Toyota,Innova Crysta 2.4 GX MT,1,4,2,0.06176347678154473,353.6854,4.031830238726791
Bangalore,Diesel,Manual,Second,10.5,8,4.3,Mahindra,Scorpio 2.6 LX,3,3,1,0.05507113352222527,261.48,3.302925448254168
Kolkata,Petrol,Manual,First,18.5,5,2.25,Hyundai,i20 1.2 Magna,0,1,0,0.06683375098844298,95.76,8.420573509330906
Ahmedabad,Diesel,Manual,First,22.32,5,6.75,Hyundai,Verna 1.6 SX,1,2,1,0.07984829324914772,199.83823999999998,8.644461657629744
Chennai,Diesel,Manual,First,15.1,7,9.4,Mahindra,XUV500 W6 2WD,1,3,2,0.06424965577592949,305.06,4.749921358917899
Coimbatore,Diesel,Manual,First,20.64,5,5.39,Volkswagen,Vento 1.5 TDI Comfortline,1,2,1,0.072429906493705,162.533,8.262610088070456
Kochi,Diesel,Manual,First,26.59,5,8.51,Maruti,Swift Dzire VDI Optional,0,1,0,0.059294871747359874,92.352,11.828291814946619
Pune,Petrol,Manual,First,13.7,5,1.85,Tata,Manza Aura Safire BS IV,1,1,1,0.06491228065430388,121.4784,5.785472972972972
Kolkata,Diesel,Manual,Second,22.9,5,2.5,Maruti,Swift VDI,1,1,0,0.059294871747359874,92.352,10.186832740213521
Chennai,Diesel,Manual,First,22.07,5,4.75,Volkswagen,Polo Diesel Highline 1.2L,1,1,0,0.061634695528244625,88.60610000000001,10.03638017280582
Pune,Petrol,Manual,Second,17.0,5,3.5,Honda,City 1.5 V MT,2,2,1,0.07882431524460633,176.646,6.8081698037645175
Bangalore,Diesel,Manual,First,23.0,5,5.5,Hyundai,i20 Asta (o) 1.4 CRDi (Diesel),1,1,1,0.06446991399393272,125.64,9.599332220367279
Coimbatore,Petrol,Manual,First,17.0,5,6.33,Honda,City 1.5 V MT,0,2,1,0.07882431524460633,176.646,6.8081698037645175
Kochi,Diesel,Manual,First,25.44,5,2.47,Chevrolet,Beat Diesel,1,0,0,0.06153846147271532,53.913599999999995,13.140495867768598
Kochi,Petrol,Manual,First,16.2,5,3.3,Chevrolet,Spark 1.0 LS,0,0,0,0.062412060238781854,61.7895,8.120300751879698
Delhi,Diesel,Manual,Second,11.57,7,3.5,Tata,New Safari DICOR 2.2 EX 4x2,1,3,2,0.06337769616182759,300.9199,3.639509279647688
Delhi,Diesel,Automatic,First,11.3,7,38.75,Mercedes-Benz,GL-Class 350 CDI Blue Efficiency,1,5,4,0.08530297954961401,761.0876,2.834211186355656
Pune,Diesel,Automatic,First,11.5,5,7.99,BMW,5 Series 2003-2012 530d Highline,2,5,4,0.07851653856381005,703.355,2.8800400701227145
Kochi,Diesel,Manual,First,14.24,7,13.28,Toyota,Fortuner 2.8 4WD MT,2,5,3,0.0633393829171182,480.7475,3.7922769640479363
Pune,Petrol,Automatic,First,11.25,5,9.5,BMW,X1 sDrive 18i,1,3,2,0.07518796988712383,299.25,3.7562604340567614
Kochi,Diesel,Manual,First,20.37,5,14.01,Renault,Captur 1.5 Diesel Platine Mono,0,2,1,0.07422997941531144,158.44545000000002,8.27712312068265
Coimbatore,Diesel,Manual,First,24.4,5,6.99,Hyundai,Xcent 1.1 CRDi S,0,1,0,0.06339285708625637,79.52,11.509433962264149
Hyderabad,Diesel,Automatic,Second,13.2,5,11.0,BMW,3 Series 320d,2,3,2,0.08521303253874032,339.15,4.407345575959933
Hyderabad,Petrol,Automatic,Second,10.8,5,11.0,BMW,5 Series 2010-2013 525i,1,4,3,0.08610332395430384,536.855,3.08836145267372
Pune,Petrol,Manual,Second,18.06,5,2.3,Nissan,Micra XE,1,1,0,0.06260434051535531,89.85,8.21656050955414
Delhi,Diesel,Automatic,First,16.36,5,26.5,Jaguar,XF 2.2 Litre Luxury,0,3,3,0.08614043135101403,408.9983,5.146272412708399
Bangalore,Diesel,Automatic,First,10.2,7,67.0,Land,Rover Range Rover TDV8 (Diesel),1,9,5,0.07052896723825762,1345.036,1.9005030743432083
Mumbai,Petrol,Automatic,First,16.0,5,17.75,Jeep,Compass 1.4 Limited Option,0,1,2,0.11695906424198897,218.88,6.756756756756756
Delhi,Petrol,Automatic,Second,10.1,5,4.8,Honda,CR-V 2.4 AT,1,4,2,0.06457094304818567,357.808,3.011329755515802
Coimbatore,Petrol,Manual,First,18.6,5,4.57,Maruti,Swift VXI,1,1,1,0.07167919793510509,102.70259999999999,8.466090122894856
Chennai,Diesel,Manual,First,24.4,5,3.5,Hyundai,Xcent 1.1 CRDi S,1,1,0,0.06339285708625637,79.52,11.509433962264149
Kochi,Diesel,Manual,First,19.01,5,7.61,Nissan,Terrano XV Premium 110 PS,0,2,1,0.07426420255012717,158.5185,7.724502234863876
Hyderabad,Diesel,Automatic,First,18.25,5,25.0,Audi,A4 35 TDI Technology,0,3,3,0.09539634141494088,369.47232,6.148921832884096
Coimbatore,Petrol,Manual,First,18.9,5,5.88,Hyundai,Grand i10 Asta Option,0,1,1,0.06850459476315406,98.154,8.602639963586709
Hyderabad,Diesel,Manual,First,12.99,8,13.5,Toyota,Innova 2.5 G (Diesel) 8 Seater,1,4,1,0.040336808323842496,250.8964,3.7178019461934744
Kolkata,Petrol,Manual,First,18.5,5,4.6,Hyundai,i20 1.2 Magna,0,1,0,0.06683375098844298,95.76,8.420573509330906
Kolkata,Diesel,Manual,First,22.77,5,4.9,Ford,EcoSport 1.5 TDCi Titanium,0,2,1,0.06581441918169932,147.68782000000002,9.115292233787029
Hyderabad,Petrol,Manual,First,17.0,5,5.25,Honda,City 1.5 S MT,1,2,1,0.07882431524460633,176.646,6.8081698037645175
Coimbatore,Petrol,Automatic,First,14.8,5,12.41,Ford,EcoSport 1.5 Petrol Titanium Plus AT,0,2,1,0.08106880422106291,181.67592000000002,5.927112535042051
Kolkata,Diesel,Manual,First,22.07,5,3.8,Volkswagen,Polo Diesel Highline 1.2L,0,1,0,0.061634695528244625,88.60610000000001,10.03638017280582
Mumbai,Diesel,Automatic,First,19.27,5,8.95,Mercedes-Benz,New C-Class C 220 CDI Avantgarde,0,3,2,0.07932804475999625,364.31,6.13108495068406
Hyderabad,Diesel,Manual,First,22.7,5,7.2,Ford,Ecosport 1.5 DV5 MT Titanium,1,2,1,0.059973297690271495,134.58032,9.08726981585268
Hyderabad,Petrol,Manual,First,14.4,5,4.5,Tata,Indigo GLE,0,1,0,0.046561604551173634,90.74,6.010016694490818
Delhi,Diesel,Manual,First,26.59,5,4.15,Maruti,Swift Dzire LDI,1,1,0,0.059294871747359874,92.352,11.828291814946619
Coimbatore,Diesel,Manual,First,25.1,5,7.94,Maruti,S-Cross Zeta DDiS 200 SH,1,1,1,0.07091346148163985,110.448,11.165480427046262
Pune,Diesel,Manual,First,19.01,5,7.25,Renault,Duster 110PS Diesel RxZ Pack,1,2,1,0.07422997941531144,158.44545000000002,7.724502234863876
Delhi,Petrol,Manual,First,18.9,5,3.7,Maruti,Wagon R VXI,0,0,0,0.06723446887050653,66.96579999999999,9.45945945945946
Chennai,Diesel,Manual,Third,25.44,5,1.5,Chevrolet,Beat Diesel LT,2,0,0,0.06153846147271532,53.913599999999995,13.140495867768598
Delhi,Diesel,Manual,First,16.0,7,12.0,Mahindra,XUV500 W4 1.99 mHawk,0,3,2,0.07010515770149967,279.58,5.3386720053386725
Delhi,Petrol,Manual,Second,19.81,5,2.2,Hyundai,i10 Era 1.1,1,1,0,0.06266114174708919,73.9023,9.49664429530201
Hyderabad,Diesel,Manual,First,13.93,7,3.6,Tata,New Safari DICOR 2.2 EX 4x4,2,3,2,0.06333180355055906,300.702,4.381881094683862
Kolkata,Petrol,Manual,First,20.36,5,1.92,Hyundai,i10 Sportz,0,1,0,0.06591478691235189,94.44330000000001,9.267182521620391
Bangalore,Diesel,Automatic,First,11.36,7,20.5,Toyota,Innova Crysta 2.8 ZX AT,2,5,2,0.062250453697912725,472.4825,3.025299600532623
Jaipur,Diesel,Manual,First,17.5,5,4.25,Skoda,Laura Elegance MT,1,3,1,0.05590717296629368,200.976,6.042817679558011
Kolkata,Petrol,Manual,First,18.9,5,3.2,Hyundai,Grand i10 Sportz,0,1,1,0.06850459476315406,98.154,8.602639963586709
Pune,Diesel,Manual,Second,23.59,5,2.6,Toyota,Etios Liva GD,4,1,1,0.08304757598967921,154.50968305177113,9.978849407783418
Kolkata,Diesel,Manual,First,23.4,5,3.85,Maruti,Swift Dzire VDI,0,1,0,0.059294871747359874,92.352,10.409252669039144
Kochi,Diesel,Manual,First,23.0,5,3.48,Hyundai,i20 Asta 1.4 CRDi (Diesel),1,1,1,0.06446991399393272,125.64,9.599332220367279
Hyderabad,Diesel,Manual,Second,25.83,5,4.55,Ford,Figo 2015-2019 1.5D Trend MT,1,2,1,0.06608811744586908,148.302,10.340272217774217
Pune,Diesel,Manual,First,25.47,7,7.0,Maruti,Ertiga VDI,2,1,1,0.07091346148163985,110.448,11.330071174377222
Ahmedabad,Diesel,Manual,First,20.77,7,5.75,Maruti,Ertiga ZDI,1,1,1,0.07115384609683184,110.82239999999999,9.239323843416368
Kochi,Petrol,Automatic,First,16.8,5,8.73,Honda,City 1.5 V AT Sunroof,0,2,1,0.07768871070294675,174.1011,6.728073688426112
Hyderabad,Petrol,Manual,First,19.7,5,1.7,Maruti,Alto LXi BSIII,0,0,0,0.05816582907265599,36.8548,10.96881959910913
Hyderabad,Diesel,Automatic,First,10.91,7,29.5,Ford,Endeavour 3.2 Titanium AT 4X4,1,6,3,0.06160100060612852,630.006,2.598856598380181
Kochi,Diesel,Manual,First,24.3,5,10.49,Maruti,Vitara Brezza ZDi Plus,0,1,1,0.07091346148163985,110.448,10.809608540925266
Kolkata,Petrol,Automatic,First,8.6,2,64.0,Porsche,Boxster S tiptronic,0,5,4,0.09793052472360292,717.09,2.3205612520237455
Pune,Diesel,Manual,First,22.9,5,7.55,Maruti,Swift ZDi,1,1,0,0.059294871747359874,92.352,10.186832740213521
Mumbai,Petrol,Manual,First,17.57,5,3.95,Tata,Zest Revotron 1.2 XT,0,1,1,0.0743503771380131,105.8191,8.011855905152759
Bangalore,Petrol,Manual,Fourth & Above,17.0,5,3.25,Hyundai,i20 1.2 Sportz Option,1,1,0,0.06683375098844298,95.76,7.737824305871643
Mumbai,Diesel,Manual,First,19.4,5,2.75,Skoda,Fabia 1.4 TDI Active,1,1,0,0.04922644159688717,99.54,8.00990916597853
Kolkata,Diesel,Manual,First,21.43,5,7.35,Toyota,Corolla Altis D-4D J,0,1,1,0.06392961872145922,118.9408,9.065143824027073
Ahmedabad,Petrol,Manual,First,17.0,5,4.7,Volkswagen,Ameo 1.2 MPI Comfortline,1,1,0,0.061560934840099384,88.3525,7.734303912647862
Kochi,Petrol,Manual,Second,15.29,5,8.77,Hyundai,Creta 1.6 VTVT S,0,2,1,0.07624135758878607,192.98829999999998,5.901196449247394
Kochi,Petrol,Manual,First,20.36,5,3.42,Hyundai,i10 Magna 1.2,0,1,0,0.06591478691235189,94.44330000000001,9.267182521620391
Kolkata,Petrol,Manual,First,18.6,5,2.5,Chevrolet,Beat LS,2,1,0,0.06405337776142336,92.08319999999999,8.458390177353344
Kolkata,Diesel,Automatic,First,14.74,5,20.0,Jaguar,XF 3.0 Litre S Premium Luxury,0,5,5,0.09051119275291974,810.8036999999999,3.6914600550964187
Mumbai,Petrol,Manual,First,13.24,5,5.25,Nissan,Terrano XL,0,2,1,0.06414267830779556,163.795,5.096227867590454
Delhi,Diesel,Automatic,Second,15.73,5,14.5,Audi,Q3 2012-2015 2.0 TDI Quattro Premium Plus,1,3,3,0.0885823170281594,343.08144,5.299865229110512
Mumbai,Petrol,Automatic,First,16.95,5,3.45,Hyundai,i10 Asta AT,1,1,0,0.06591478691235189,94.44330000000001,7.715065999089667
Pune,Petrol,Automatic,First,24.07,5,3.3,Maruti,Alto K10 VXI AGS,1,0,0,0.06723446887050653,66.96579999999999,12.047047047047048
Bangalore,Diesel,Automatic,First,11.33,7,51.0,Audi,Q7 4.2 TDI Quattro Technology,0,8,6,0.08108369615842193,1385.7168000000001,2.2068562524347484
Kolkata,Diesel,Manual,First,24.3,5,6.5,Maruti,Vitara Brezza VDi,0,1,1,0.07091346148163985,110.448,10.809608540925266
Hyderabad,Petrol,Manual,First,21.1,5,3.65,Hyundai,EON D Lite Plus,0,0,0,0.06781326772995913,44.9328,11.631753031973538
Chennai,Diesel,Manual,First,20.0,5,7.25,Mahindra,XUV300 W8 Diesel,1,2,1,0.07682030722991295,172.155,8.009611533840609
Kochi,Diesel,Manual,First,22.0,5,6.01,Hyundai,Verna CRDi 1.6 SX Option,1,2,1,0.07977243989900604,199.64839999999998,8.520526723470178
Kolkata,Petrol,Manual,First,18.9,5,2.8,Maruti,Wagon R VXI,0,0,0,0.06723446887050653,66.96579999999999,9.45945945945946
Chennai,Petrol,Manual,First,17.0,5,4.0,Hyundai,i20 Sportz Option,0,1,0,0.06683375098844298,95.76,7.737824305871643
Delhi,Petrol,Manual,First,17.4,5,5.95,Honda,City i VTEC V,1,2,1,0.07835671337451121,175.59810000000002,6.96836203444133
Chennai,Diesel,Manual,Second,12.8,7,9.2,Toyota,Innova 2.5 V Diesel 7-seater,4,4,1,0.040898155556977484,254.388,3.6634230108757873
Pune,Diesel,Manual,First,16.8,5,5.35,Hyundai,Verna CRDi SX,1,2,1,0.07367716003102667,164.23,6.738868832731648
Delhi,Diesel,Manual,First,17.6,7,12.0,Tata,Hexa XT,1,3,2,0.07061037169774652,335.26094,5.536332179930796
Coimbatore,Diesel,Automatic,Second,12.07,7,38.94,Audi,Q7 3.0 TDI Quattro Premium Plus,1,5,4,0.08136164473159366,716.2338000000001,3.0426014620620117
Coimbatore,Petrol,Manual,Second,18.9,5,2.69,Maruti,Wagon R VXI,1,0,0,0.06723446887050653,66.96579999999999,9.45945945945946
Bangalore,Diesel,Automatic,Second,17.09,5,27.5,BMW,5 Series 2013-2017 525d Luxury Line,1,3,3,0.10927318290261995,434.91,5.706176961602671
Kolkata,Petrol,Manual,First,18.0,5,2.75,Honda,Amaze EX i-Vtech,0,1,1,0.07237061763575073,103.8666,8.18926296633303
Mumbai,Petrol,Manual,First,24.7,5,2.8,Maruti,Alto 800 2016-2019 LXI,0,0,0,0.059422110478112924,37.6508,13.752783964365255
Mumbai,Petrol,Manual,First,17.01,5,6.45,Hyundai,Verna 1.6 SX VTVT,1,2,1,0.07624135758878607,192.98829999999998,6.565032805866461
Coimbatore,Petrol,Manual,First,23.84,5,5.88,Tata,Tiago 1.2 Revotron XZ,0,1,1,0.0700583819265568,100.716,10.841291496134607
Pune,Petrol,Manual,First,18.6,5,4.65,Maruti,Swift LXI,0,1,1,0.07167919793510509,102.70259999999999,8.466090122894856
Jaipur,Petrol,Manual,First,21.1,5,2.5,Hyundai,EON Era,0,0,0,0.06781326772995913,44.9328,11.631753031973538
Kochi,Petrol,Automatic,First,12.6,5,51.35,Mercedes-Benz,E-Class E 220 d,0,3,3,0.0981230768727574,373.113,4.271186440677965
Hyderabad,Diesel,Manual,First,22.54,5,6.85,Hyundai,i20 Magna 1.4 CRDi,0,1,1,0.06356017187424057,123.86708,9.407345575959933
Chennai,Diesel,Manual,First,23.59,5,5.25,Toyota,Etios VD,0,1,0,0.04915689145956239,91.4562,9.978849407783418
Coimbatore,Diesel,Manual,First,21.43,5,9.23,Toyota,Corolla Altis Diesel D4DG,1,1,1,0.06392961872145922,118.9408,9.065143824027073
Ahmedabad,Diesel,Automatic,First,20.7,5,22.0,Mini,Cooper 5 DOOR D,0,2,1,0.07618983952126347,170.51408,8.293269230769232
Hyderabad,Diesel,Manual,First,20.14,5,5.19,Volkswagen,Polo 1.5 TDI Highline,1,2,1,0.05927903867871893,133.0224,8.062449959967974
Pune,Petrol,Automatic,First,13.7,5,4.35,Skoda,Superb Elegance 1.8 TSI AT,2,2,2,0.08773637369981291,283.6345,4.896354538956397
Hyderabad,Diesel,Automatic,First,10.0,5,24.5,Mercedes-Benz,E-Class 2009-2013 E 220 CDI Avantgarde,0,3,2,0.07914338916240997,365.16,3.1766200762388817
Pune,Diesel,Manual,First,17.8,5,5.75,Maruti,Swift VDi BSIII W/ ABS,1,1,0,0.060096153797999874,93.6,7.918149466192171
Kochi,Petrol,Automatic,First,18.0,5,9.19,Honda,City i VTEC CVT VX,1,2,1,0.07835671337451121,175.59810000000002,7.2086503804565485
Pune,Petrol,Automatic,Second,8.45,5,10.75,BMW,7 Series 2007-2012 740Li,1,5,6,0.10775427992354673,956.259,2.1236491580799193
Bangalore,Petrol,Automatic,First,19.2,5,2.99,Hyundai,i10 Magna AT,1,1,0,0.06683375098844298,95.76,8.739189804278562
Kolkata,Diesel,Manual,First,26.59,5,3.89,Maruti,Swift Dzire VDI,1,1,0,0.059294871747359874,92.352,11.828291814946619
Coimbatore,Diesel,Manual,First,26.0,5,11.73,Honda,City i DTec VX,0,2,1,0.06582109474911808,147.7028,10.408326661329061
Coimbatore,Petrol,Manual,First,14.0,5,3.11,Maruti,Omni 8 Seater BSIV,1,0,0,0.04396984919099265,27.86,7.795100222717149
Jaipur,Diesel,Manual,Second,17.2,5,14.45,Skoda,Superb 2009-2014 Elegance 2.0 TDI MT,1,3,2,0.07017276419198537,271.7808,5.795148247978436
Ahmedabad,Diesel,Manual,First,24.52,7,8.7,Maruti,Ertiga SHVS VDI,0,1,1,0.07091346148163985,110.448,10.90747330960854
Kochi,Diesel,Manual,First,24.0,5,5.04,Hyundai,Grand i10 CRDi Magna,1,1,0,0.06249999994419642,78.4,11.320754716981131
Jaipur,Diesel,Manual,First,28.09,5,8.5,Maruti,Ciaz VDi Plus SHVS,0,1,1,0.07091346148163985,110.448,12.495551601423486
Delhi,Diesel,Automatic,First,19.27,5,15.65,Mercedes-Benz,New C-Class C 220 CDI Avantgarde,1,3,2,0.07932804475999625,364.31,6.13108495068406
Mumbai,Diesel,Manual,First,20.5,5,5.65,Fiat,Avventura MULTIJET Emotion,0,1,1,0.07349358968470064,114.46656,9.119217081850532
Bangalore,Petrol,Automatic,First,10.93,5,16.5,Mercedes-Benz,E-Class 2009-2013 E 250 Elegance,1,4,3,0.08169803761245574,509.388,3.125536173863311
Ahmedabad,CNG,Manual,First,26.3,5,2.0,Maruti,Zen Estilo LXI Green (CNG),1,0,0,0.06723446887050653,66.96579999999999,13.163163163163164
Pune,Petrol,Manual,First,15.04,5,3.9,Volkswagen,Vento Petrol Highline,1,2,1,0.064831038757928,165.5528,5.789068514241724
Jaipur,Diesel,Automatic,First,18.88,5,14.5,BMW,3 Series 320d Luxury Line,1,3,3,0.09223057639487188,367.08,6.303839732888147
Bangalore,Diesel,Automatic,First,14.69,5,44.0,BMW,5 Series 2013-2017 530d M Sport,0,5,4,0.08620113595516167,772.194,3.6789381417480587
Delhi,Petrol,Manual,First,18.9,5,5.0,Hyundai,Grand i10 1.2 Kappa Magna,0,1,1,0.06838763569892427,97.98642,8.602639963586709
Hyderabad,Diesel,Automatic,First,11.36,7,19.75,Toyota,Innova Crysta 2.8 ZX AT,1,5,2,0.062250453697912725,472.4825,3.025299600532623
Coimbatore,Diesel,Automatic,First,19.6,5,11.44,Renault,Duster 110PS Diesel RxZ AMT,0,2,1,0.07422997941531144,158.44545000000002,7.964242177976431
Chennai,Diesel,Manual,First,18.0,5,1.75,Tata,Indica Vista Aura 1.3 Quadrajet,2,1,0,0.060096153797999874,93.6,8.00711743772242
Bangalore,Diesel,Manual,First,17.8,5,5.6,Maruti,Swift VDI BSIV,0,1,1,0.0907667417004834,141.36956337874662,7.918149466192171
Kochi,Petrol,Manual,First,12.3,5,30.42,Mercedes-Benz,E-Class 2009-2013 E 200 CGI Avantgarde,0,2,3,0.10300668145712322,332.26,4.399141630901288
Coimbatore,Diesel,Manual,First,15.1,7,9.57,Mahindra,XUV500 W8 4WD,2,3,2,0.06424965577592949,305.06,4.749921358917899
Mumbai,Diesel,Manual,First,15.96,7,3.5,Mahindra,Bolero ZLX,0,4,0,0.024613555281564187,156.6783,4.530229917683792
Coimbatore,Diesel,Manual,First,24.3,5,10.46,Maruti,Vitara Brezza ZDi,1,1,1,0.07091346148163985,110.448,10.809608540925266
Pune,Diesel,Manual,First,20.5,5,4.85,Fiat,Avventura MULTIJET Emotion,1,1,1,0.07349358968470064,114.46656,9.119217081850532
Kochi,Petrol,Manual,First,19.5,5,5.68,Honda,Amaze S Petrol,1,1,1,0.07402835690239502,106.42324,8.867667121418828
Mumbai,Petrol,Automatic,First,13.7,5,13.25,Skoda,Superb Elegance 1.8 TSI AT,1,2,2,0.08773637369981291,283.6345,4.896354538956397
Bangalore,Diesel,Automatic,First,14.74,5,16.0,Jaguar,XF 3.0 Litre S Premium Luxury,1,5,5,0.09051119275291974,810.8036999999999,3.6914600550964187
Chennai,Petrol,Manual,First,18.9,5,3.0,Maruti,Wagon R VXI BSIII,1,0,0,0.06723446887050653,66.96579999999999,9.45945945945946
Kolkata,Petrol,Manual,First,17.0,5,0.99,Hyundai,Santro Xing XL eRLX Euro III,0,1,1,0.10430653188643048,123.01870659400547,8.149568552253115
Mumbai,Petrol,Automatic,First,14.53,5,5.0,Toyota,Corolla Altis VL,1,2,2,0.07680756391723717,248.3038,5.192994996426018
Delhi,Petrol,Manual,First,16.1,5,4.75,Maruti,Swift VXi BSIV,0,1,1,0.07101086042522066,101.745,7.3281747837960864
Bangalore,Petrol,Manual,First,16.47,5,5.35,Volkswagen,Polo 1.2 MPI Highline,1,1,0,0.061769615975150564,88.652,7.4931756141947226
Hyderabad,Petrol,Manual,First,18.9,5,5.98,Hyundai,Grand i10 1.2 Kappa Asta,0,1,1,0.06838763569892427,97.98642,8.602639963586709
Chennai,Diesel,Manual,Third,21.5,5,3.5,Maruti,SX4 ZDI,1,1,1,0.07115384609683184,110.82239999999999,9.564056939501778
Kochi,Petrol,Manual,First,18.9,5,4.77,Hyundai,Grand i10 1.2 Kappa Magna,1,1,1,0.06838763569892427,97.98642,8.602639963586709
Delhi,Petrol,Manual,First,21.4,5,5.45,Maruti,Baleno Delta 1.2,0,1,1,0.06942355883924514,99.4707,9.740555302685479
Ahmedabad,Petrol,Automatic,First,20.3,5,6.85,Tata,Tigor 1.2 Revotron XTA,0,1,1,0.0700583819265568,100.716,9.231468849477036
Jaipur,Diesel,Automatic,First,26.59,5,7.3,Maruti,Swift Dzire AMT ZDI,1,1,0,0.059294871747359874,92.352,11.828291814946619
Pune,Petrol,Manual,First,15.3,5,1.25,Tata,Indica GLS BS IV,2,1,0,0.054735959719416624,77.90289999999999,6.976744186046512
Chennai,Diesel,Manual,First,22.7,5,8.25,Maruti,SX4 S Cross DDiS 320 Zeta,1,2,1,0.07384230283238905,188.564,8.737490377213241
Ahmedabad,Petrol,Manual,First,16.1,5,2.71,Maruti,Swift VXI BSIII,1,1,1,0.06795069332207188,114.48360000000001,7.00609225413403
Kolkata,Petrol,Manual,First,19.1,5,3.6,Hyundai,Xcent 1.2 Kappa SX,0,1,1,0.06850459476315406,98.154,8.69367319071461
Ahmedabad,Petrol,Manual,First,18.5,5,3.0,Hyundai,i20 1.2 Magna,1,1,0,0.06683375098844298,95.76,8.420573509330906
Hyderabad,Petrol,Automatic,First,23.1,5,4.65,Maruti,Celerio VXI AT,0,0,0,0.06717434863008583,66.90592000000001,11.561561561561563
Mumbai,Diesel,Automatic,First,14.84,5,9.5,Mercedes-Benz,New C-Class C 220 CDI Elegance AT,0,3,2,0.07932804475999625,364.31,4.721603563474388
Mumbai,Petrol,Manual,First,17.5,5,2.95,Maruti,Swift Dzire VXi,1,1,1,0.06610169486432843,111.3684,7.6153176675369885
Mumbai,Petrol,Manual,First,15.04,5,3.0,Volkswagen,Vento Petrol Trendline,1,2,1,0.064831038757928,165.5528,5.789068514241724
Hyderabad,Diesel,Manual,First,25.2,5,5.95,Maruti,Swift ZDi,1,1,0,0.059294871747359874,92.352,11.209964412811386
Delhi,Petrol,Automatic,First,14.53,5,4.0,Toyota,Corolla Altis VL,1,2,2,0.07680756391723717,248.3038,5.192994996426018
Delhi,Petrol,Manual,First,13.5,5,2.5,Honda,Civic 2006-2010 1.8 V MT,1,2,2,0.07226236794204426,233.87,4.82315112540193
Kolkata,Petrol,Automatic,First,16.05,5,11.37,Ford,EcoSport 1.5 Ti VCT AT Titanium BE,0,2,1,0.07364909935046758,165.4896,6.422569027611044
Pune,Diesel,Manual,Second,19.0,5,2.25,Fiat,Linea Emotion Pack (Diesel),3,1,1,0.07451923070951984,116.064,8.451957295373665
Jaipur,Petrol,Manual,First,19.81,5,3.1,Hyundai,i10 Era,0,1,0,0.06266114174708919,73.9023,9.49664429530201
Kochi,Diesel,Automatic,First,11.2,5,17.18,Volvo,XC60 D5 Inscription,1,4,3,0.08958333329600694,516.0,3.2941176470588234
Jaipur,Petrol,Manual,First,18.6,5,6.5,Hyundai,i20 1.2 Asta,0,1,1,0.0683625730423036,97.95051,8.466090122894856
Ahmedabad,Diesel,Manual,First,26.0,5,5.7,Honda,City i DTEC S,1,2,1,0.06582109474911808,147.7028,10.408326661329061
Ahmedabad,Diesel,Manual,First,12.99,8,8.0,Toyota,Innova 2.5 VX (Diesel) 8 Seater BS IV,2,4,1,0.04009623093821322,249.4,3.7178019461934744
Chennai,Petrol,Manual,First,25.17,5,2.6,Renault,KWID RXT,0,0,0,0.06670838539836246,42.5867,13.991106170094499
Hyderabad,Petrol,Manual,First,19.0,5,2.45,Maruti,A-Star Vxi,1,0,0,0.06623246486349452,65.96779999999998,9.50950950950951
Kochi,Petrol,Automatic,First,14.8,5,11.57,Mercedes-Benz,B Class B180,0,2,1,0.07567398114377806,192.5165,5.703275529865126
Kolkata,Petrol,Manual,First,18.9,5,2.3,Maruti,Wagon R LXI BS IV,0,0,0,0.06723446887050653,66.96579999999999,9.45945945945946
Jaipur,Diesel,Manual,First,25.2,5,5.9,Maruti,Swift VDI BSIV,0,1,0,0.059294871747359874,92.352,11.209964412811386
Mumbai,Petrol,Automatic,First,17.0,5,7.2,Hyundai,Verna VTVT 1.6 AT SX Option,0,2,1,0.07624135758878607,192.98829999999998,6.561173292165186
Ahmedabad,Diesel,Automatic,First,22.0,5,5.9,Hyundai,Verna CRDi 1.6 AT SX Option,1,2,1,0.07977243989900604,199.64839999999998,8.520526723470178
Chennai,Petrol,Manual,Second,16.8,5,6.0,Honda,City V MT,0,2,1,0.07768871070294675,174.1011,6.728073688426112
Kolkata,Petrol,Manual,First,16.0,5,1.95,Hyundai,i10 Magna Optional 1.1L,0,1,0,0.061418047825581905,72.4362,7.670182166826461
Coimbatore,Diesel,Manual,First,23.59,5,6.55,Toyota,Etios GD SP,1,1,0,0.04914956008126865,91.44256000000001,9.978849407783418
Hyderabad,Diesel,Automatic,First,27.03,5,25.0,Volvo,S60 D4 Momentum,1,3,3,0.09649568303885439,374.11,9.104075446278207
Kolkata,Diesel,Manual,First,20.0,5,2.65,Ford,Figo Diesel EXI,0,1,0,0.04864188702741823,95.20195,8.336807002917881
Mumbai,Diesel,Automatic,First,13.0,5,69.5,Mercedes-Benz,E-Class 2015-2017 E350 CDI Avantgrade,0,5,4,0.08871777700411189,791.555,3.2605969400551795
Chennai,Diesel,Automatic,First,22.69,5,14.0,BMW,3 Series 320d Luxury Line,1,3,3,0.09523809519035684,379.05,7.5759599332220375
Pune,Petrol,Manual,Second,22.74,5,2.1,Maruti,Alto 800 VXI,0,0,0,0.059422110478112924,37.6508,12.661469933184854
Hyderabad,Diesel,Manual,First,13.68,7,20.4,Toyota,Innova Crysta 2.4 VX MT,0,4,2,0.06176347678154473,353.6854,4.031830238726791
Hyderabad,Petrol,Manual,First,18.78,5,5.68,Volkswagen,Polo 1.0 MPI Trendline,0,0,0,0.07507507499992486,74.925,9.394697348674336
Mumbai,Petrol,Manual,First,13.24,5,5.55,Nissan,Terrano XL,0,2,1,0.06414267830779556,163.795,5.096227867590454
Mumbai,Diesel,Manual,First,13.5,7,12.75,Mitsubishi,Pajero Sport 4X4,1,4,3,0.07087605972108355,434.86212,3.8826574633304576
Mumbai,Petrol,Manual,Second,14.8,5,3.35,Honda,Civic 2010-2013 1.8 S MT,1,2,2,0.07237354081580125,234.22979999999998,5.287602715255449
Kolkata,Petrol,Manual,First,22.74,5,1.55,Maruti,Alto 800 LXI,1,0,0,0.059422110478112924,37.6508,12.661469933184854
Coimbatore,Diesel,Manual,Second,20.54,5,5.9,Volkswagen,Vento Diesel Highline,1,2,1,0.064831038757928,165.5528,7.906081601231716
Hyderabad,Diesel,Automatic,First,12.35,5,18.98,Land,Rover Freelander 2 HSE,1,3,3,0.08615878839552145,409.08546,3.884869455803712
Mumbai,Petrol,Manual,First,13.7,5,11.51,Honda,CR-V 2.0L 2WD MT,0,3,2,0.07704556831394814,307.25842000000006,4.571237904571238
Mumbai,Diesel,Manual,First,20.77,7,7.75,Maruti,Ertiga VDI,1,1,1,0.07112179481480625,110.77248000000002,9.239323843416368
Chennai,Diesel,Manual,First,12.99,7,13.9,Toyota,Innova 2.5 GX (Diesel) 7 Seater,1,4,1,0.040336808323842496,250.8964,3.7178019461934744
Kolkata,Petrol,Manual,First,15.0,5,1.35,Tata,Manza Aura Safire,0,1,1,0.0657894736361188,123.12,6.334459459459459
Mumbai,Diesel,Automatic,Second,12.07,7,38.0,Audi,Q7 35 TDI Quattro Premium Plus,1,5,4,0.08136164473159366,716.2338000000001,3.0426014620620117
Mumbai,Petrol,Automatic,First,17.1,5,11.6,Hyundai,Verna 1.6 SX VTVT (O) AT,0,2,1,0.07630421113997221,193.14740000000003,6.5997684291779235
Hyderabad,Diesel,Automatic,First,21.5,5,12.25,Volkswagen,Vento 1.5 Highline Plus AT 16 Alloy,0,2,1,0.072429906493705,162.533,8.606885508406725
Jaipur,Petrol,Manual,First,17.0,5,3.8,Honda,City 1.5 S MT,1,2,1,0.07882431524460633,176.646,6.8081698037645175
Mumbai,Diesel,Manual,First,20.0,5,3.25,Ford,Figo Diesel Titanium,1,1,0,0.04864188702741823,95.20195,8.336807002917881
Mumbai,Petrol,Manual,First,18.7,5,6.4,Honda,Jazz 1.2 VX i VTEC,0,1,1,0.07397831520101891,106.35130000000001,8.503865393360618
Bangalore,Petrol,Manual,Second,16.47,5,3.95,Volkswagen,Polo Petrol Highline 1.2L,1,1,0,0.061686143521130096,88.53220000000002,7.4931756141947226
Delhi,Petrol,Manual,First,17.4,5,3.57,Honda,City i-VTEC S,1,2,1,0.07835671337451121,175.59810000000002,6.96836203444133
Mumbai,Petrol,Manual,Second,17.7,5,1.25,Honda,City ZX GXi,1,2,0,0.052104208382027915,116.766,7.088506207448939
Pune,CNG,Manual,First,26.2,5,3.65,Maruti,Wagon R LXI CNG,1,0,0,0.05831663320809957,58.083600000000004,13.113113113113114
Kolkata,Petrol,Automatic,Second,12.0,5,12.5,Honda,CR-V 2.4L 4WD AT AVN,0,4,3,0.07960917583703944,441.13960000000003,3.5778175313059033
Ahmedabad,Diesel,Automatic,Second,18.12,5,23.0,BMW,5 Series 2013-2017 520d Luxury Line,0,3,3,0.09523809519035684,379.05,6.050083472454091
Chennai,Diesel,Manual,Third,12.8,5,1.35,Other,Classic Nova Diesel,1,2,0,0.023841504349334113,52.8595,5.142627561269587
Coimbatore,Diesel,Manual,First,12.05,8,6.32,Mahindra,Scorpio VLX 2.2 mHawk BSIII,1,3,1,0.05507113352222527,261.48,3.7905001572821644
Kolkata,Diesel,Manual,First,20.54,5,3.4,Volkswagen,Vento Diesel Comfortline,0,2,1,0.064831038757928,165.5528,7.906081601231716
Jaipur,Petrol,Manual,Second,17.3,5,0.77,Maruti,Zen VX,1,0,0,0.06042296066422662,59.58,8.680381334671349
Jaipur,Petrol,Manual,First,16.1,4,0.9,Maruti,800 DX BSII,0,0,0,0.04648241200190652,29.452,8.964365256124722
Delhi,Petrol,Automatic,First,14.28,5,18.0,Toyota,Corolla Altis 1.8 VL CVT,0,2,2,0.07676863177042902,248.17794,5.103645461043603
Pune,Petrol,Automatic,First,14.59,5,19.0,BMW,3 Series 328i Sport Line,0,3,4,0.12268402597762441,489.265,4.868201534868202
Chennai,Petrol,Manual,Third,13.8,5,1.1,Ford,Ikon 1.3 Flair,0,1,0,0.05388760580917043,90.93,6.002609830361027
Pune,Petrol,Manual,Second,18.6,5,2.0,Chevrolet,Beat LT,1,1,0,0.06622185148772156,95.20060000000001,8.458390177353344
Ahmedabad,Diesel,Manual,First,21.43,5,6.5,Toyota,Corolla Altis 1.4 DG,1,1,1,0.06362903221141566,118.38156000000001,9.065143824027073
Bangalore,Diesel,Manual,First,16.0,7,9.45,Mahindra,XUV500 W4,1,3,2,0.06424965577592949,305.06,5.033029254482542
Mumbai,Diesel,Manual,First,24.4,5,4.0,Hyundai,Xcent 1.1 CRDi Base,3,1,0,0.06339285708625637,79.52,11.509433962264149
Kochi,Diesel,Automatic,First,13.0,5,32.25,Mercedes-Benz,E-Class 2015-2017 E250 CDI Avantgarde,0,3,3,0.09519365371199551,437.172,4.136175628380529
Pune,Petrol,Manual,First,20.36,5,2.1,Hyundai,i10 Sportz,1,1,0,0.06591478691235189,94.44330000000001,9.267182521620391
Mumbai,Petrol,Automatic,Second,14.28,5,9.75,Toyota,Corolla Altis VL AT,1,2,2,0.07676863177042902,248.17794,5.103645461043603
Kolkata,Petrol,Manual,First,14.53,5,6.3,Toyota,Corolla 1.8 J,0,2,2,0.07675194656465409,248.124,5.192994996426018
Hyderabad,Diesel,Automatic,First,17.32,5,21.0,Audi,Q3 2.0 TDI Quattro,1,3,3,0.0934959349118415,362.112,5.835579514824798
Mumbai,Diesel,Manual,First,21.9,5,4.65,Hyundai,i20 Magna Optional 1.4 CRDi,0,1,1,0.06361031514068029,123.9648,9.140233722871452
Mumbai,Diesel,Automatic,Second,19.27,5,17.0,Mercedes-Benz,New C-Class C 220d Avantgarde Edition C,1,3,2,0.0782174521333563,359.20966000000004,6.13108495068406
Pune,Diesel,Manual,First,21.1,5,4.35,Maruti,Ritz VDi,0,1,0,0.059214743542295875,92.22720000000001,9.386120996441282
Coimbatore,Diesel,Manual,First,19.67,5,14.82,Hyundai,Creta 1.6 SX Plus Diesel,1,2,1,0.07977243989900604,199.64839999999998,7.618125484120838
Delhi,Diesel,Automatic,First,13.6,5,40.0,Jaguar,XE 2.0L Diesel Prestige,0,3,3,0.08854427209177375,353.823,4.534844948316105
Chennai,Diesel,Manual,First,14.95,7,6.15,Mahindra,Xylo D4,1,4,1,0.03764564080448146,233.2193,4.284895385497277
Ahmedabad,Diesel,Manual,First,12.99,7,11.25,Toyota,Innova 2.5 G (Diesel) 7 Seater,0,4,1,0.040336808323842496,250.8964,3.7178019461934744
Pune,Petrol,Automatic,First,19.16,5,32.0,Toyota,Camry 2.5 Hybrid,0,4,2,0.06323175618956224,393.30379999999997,5.483686319404693
Coimbatore,Diesel,Automatic,First,13.22,5,45.62,Audi,Q5 3.0 TDI Quattro,0,5,4,0.08136164473159366,716.2338000000001,3.332493067809428
Kochi,Diesel,Manual,First,28.4,5,6.24,Maruti,Swift VDI,0,1,0,0.059294871747359874,92.352,12.633451957295371
Chennai,Diesel,Manual,First,20.77,7,4.8,Maruti,Ertiga VDI Limited Edition,3,1,1,0.07112179481480625,110.77248000000002,9.239323843416368
Chennai,Petrol,Manual,Second,16.1,5,4.5,Maruti,Swift VXi BSIV,1,1,1,0.07101086042522066,101.745,7.3281747837960864
Kochi,Petrol,Manual,First,20.36,5,3.87,Hyundai,i10 Sportz,0,1,0,0.06591478691235189,94.44330000000001,9.267182521620391
Delhi,Petrol,Manual,First,20.36,5,2.75,Hyundai,i10 Sportz,1,1,0,0.06591478691235189,94.44330000000001,9.267182521620391
Kochi,Petrol,Manual,First,21.4,5,6.57,Maruti,Baleno Sigma 1.2,0,1,1,0.06942355883924514,99.4707,9.740555302685479
Jaipur,Petrol,Manual,First,16.36,5,2.0,Hyundai,Accent Executive,1,2,1,0.06267558524235746,140.0815,6.557114228456913
Ahmedabad,Petrol,Manual,First,19.4,5,3.65,Honda,Brio S MT,0,1,1,0.0724540900897712,103.98639999999999,8.826205641492265
Hyderabad,Diesel,Manual,First,22.9,5,6.95,Maruti,Swift ZDi,1,1,0,0.059294871747359874,92.352,10.186832740213521
Bangalore,Petrol,Manual,First,20.14,5,5.5,Hyundai,Xcent 1.2 VTVT S,1,1,1,0.06838763569892427,97.98642,9.1670459717797
Kolkata,Diesel,Manual,First,16.0,7,7.0,Mahindra,XUV500 W8 2WD,0,3,2,0.06424965577592949,305.06,5.033029254482542
Delhi,Diesel,Automatic,First,13.0,5,24.0,Mercedes-Benz,E-Class E250 CDI Avantgrade,0,3,3,0.09384041059550144,430.9573,4.136175628380529
Bangalore,Diesel,Automatic,First,19.27,5,32.5,Mercedes-Benz,New C-Class C 220 CDI Avantgarde,1,3,2,0.07932804475999625,364.31,6.13108495068406
Kochi,Diesel,Manual,First,21.27,5,6.45,Hyundai,i20 Asta 1.4 CRDi,0,1,1,0.06358166184557187,123.90896000000001,8.877295492487479
Mumbai,Diesel,Automatic,First,19.3,5,15.75,Skoda,Octavia Elegance 2.0 TDI AT,0,3,2,0.07164634142700897,277.488,6.502695417789758
Mumbai,Petrol,Manual,First,17.0,5,5.5,Honda,City 1.5 S MT,1,2,1,0.07882431524460633,176.646,6.8081698037645175
Kochi,Diesel,Automatic,First,12.55,7,19.03,Toyota,Fortuner 4x2 AT,1,5,2,0.05650570085294913,502.467,3.1516825715720747
Kolkata,Diesel,Automatic,First,17.32,5,15.25,Audi,Q3 2.0 TDI Quattro,0,3,3,0.0934959349118415,362.112,5.835579514824798
Hyderabad,Petrol,Manual,First,20.92,5,2.4,Maruti,Alto K10 2010-2014 VXI,0,0,0,0.06723446887050653,66.96579999999999,10.470470470470472
Chennai,Diesel,Manual,First,23.03,5,2.3,Tata,Indigo eCS LX BSIV,2,1,0,0.049426934062015086,96.324,9.611853088480801
Kochi,Diesel,Automatic,First,17.11,5,14.35,Audi,A4 2.0 TDI 177 Bhp Premium Plus,1,3,3,0.0885823170281594,343.08144,5.764824797843666
Kochi,Petrol,Automatic,First,18.0,5,11.97,Honda,City i-VTEC CVT VX,0,2,1,0.07835671337451121,175.59810000000002,7.2086503804565485
Ahmedabad,Diesel,Manual,First,14.24,7,18.9,Toyota,Fortuner 2.8 2WD MT,1,5,3,0.0633393829171182,480.7475,3.7922769640479363
Ahmedabad,Petrol,Manual,First,18.9,5,5.4,Hyundai,Grand i10 Sportz,0,1,1,0.06850459476315406,98.154,8.602639963586709
Hyderabad,Petrol,Manual,First,15.1,7,2.95,Maruti,Eeco 7 Seater Standard,1,1,0,0.06103678924662475,87.308,6.876138433515483
Bangalore,Petrol,Manual,First,16.47,5,5.1,Volkswagen,Polo Petrol Highline 1.2L,0,1,0,0.061686143521130096,88.53220000000002,7.4931756141947226
Jaipur,Petrol,Manual,First,18.9,5,1.5,Maruti,Wagon R LXI Minor,1,1,0,0.06314797355028466,71.087,9.170305676855895
Bangalore,Petrol,Manual,First,17.0,5,4.9,Honda,City 1.5 V MT,1,2,1,0.07882431524460633,176.646,6.8081698037645175
Mumbai,Petrol,Manual,First,14.8,5,2.9,Honda,Civic 2010-2013 1.8 S MT,1,2,2,0.07237354081580125,234.22979999999998,5.287602715255449
Pune,Petrol,Manual,First,13.0,5,1.15,Honda,City 1.5 EXI,1,2,1,0.06697923639184243,149.3,5.2146008824709185
Kolkata,Petrol,Manual,First,18.5,5,2.3,Hyundai,i20 1.2 Magna,0,1,0,0.06683375098844298,95.76,8.420573509330906
Kochi,Diesel,Manual,First,24.0,5,5.99,Hyundai,Grand i10 CRDi Sportz Celebration Edition,0,1,0,0.06249999994419642,78.4,11.320754716981131
Pune,Petrol,Automatic,Third,14.4,5,3.4,Volkswagen,Vento Petrol Highline AT,0,2,1,0.064831038757928,165.5528,5.542725173210162
Kolkata,Petrol,Manual,First,20.36,5,1.7,Hyundai,i10 Sportz 1.2,0,1,0,0.06591478691235189,94.44330000000001,9.267182521620391
Kolkata,Petrol,Manual,First,17.0,5,1.99,Hyundai,i20 Asta,0,1,0,0.06683375098844298,95.76,7.737824305871643
Pune,Petrol,Manual,First,18.6,5,2.5,Chevrolet,Beat LS,1,1,0,0.06622185148772156,95.20060000000001,8.458390177353344
Hyderabad,Diesel,Manual,First,22.07,5,4.85,Volkswagen,Polo Diesel Highline 1.2L,1,1,0,0.061634695528244625,88.60610000000001,10.03638017280582
Hyderabad,Petrol,Manual,First,15.6,5,2.65,Ford,Figo Petrol LXI,1,1,0,0.05852842804470867,83.72,7.103825136612023
Kochi,Petrol,Automatic,First,9.9,2,27.35,Audi,TT 2.0 TFSI,0,3,3,0.10473790317301516,412.2752,3.3176943699731907
Jaipur,Diesel,Manual,Second,25.1,5,6.9,Honda,City i DTEC VX,1,2,1,0.06582109474911808,147.7028,10.048038430744596
Hyderabad,Diesel,Manual,First,20.0,5,3.5,Ford,Figo Diesel Titanium,1,1,0,0.04864188702741823,95.20195,8.336807002917881
Delhi,Diesel,Manual,First,12.99,7,12.5,Toyota,Innova 2.5 ZX Diesel 7 Seater,1,4,1,0.040336808323842496,250.8964,3.7178019461934744
Delhi,Petrol,Automatic,First,19.12,5,9.2,Maruti,Ciaz 1.4 AT Alpha,0,1,1,0.06635105603324758,125.0803,8.057311420143279
Mumbai,Petrol,Automatic,First,18.9,5,4.9,Hyundai,Grand i10 AT Asta,0,1,1,0.06850459476315406,98.154,8.602639963586709
Kochi,Petrol,Manual,First,18.88,5,5.55,Ford,EcoSport 1.0 Ecoboost Titanium Plus BE,1,0,1,0.12336336323987651,123.11676,9.444722361180588
Ahmedabad,Petrol,Automatic,First,14.7,5,13.5,Skoda,Octavia Ambition 1.8 TSI AT,0,2,3,0.09877641818755482,319.3248,5.253752680486061
Kolkata,Diesel,Manual,First,20.4,5,2.6,Fiat,Linea Emotion (Diesel),2,1,1,0.07347756404368784,114.44160000000001,9.074733096085408
Jaipur,Petrol,Manual,First,16.1,5,4.5,Maruti,Swift Lxi BSIII,1,1,1,0.06795069332207188,114.48360000000001,7.00609225413403
Delhi,Diesel,Automatic,Second,11.8,7,34.0,Land,Rover Discovery 4 TDV6 SE,1,5,3,0.060140327410577905,538.74,2.9551715502128726
Hyderabad,Diesel,Manual,First,12.8,7,12.0,Toyota,Innova 2.5 V Diesel 7-seater,2,4,1,0.040898155556977484,254.388,3.6634230108757873
Mumbai,Diesel,Manual,First,28.4,5,5.25,Maruti,Swift LDI,0,1,0,0.059294871747359874,92.352,12.633451957295371
Kochi,Diesel,Automatic,First,17.68,5,21.56,Audi,A6 2011-2015 2.0 TDI Premium Plus,1,3,3,0.0885823170281594,343.08144,5.9568733153638815
Coimbatore,Diesel,Automatic,First,22.48,5,24.68,BMW,5 Series 520d Luxury Line,0,3,3,0.09523809519035684,379.05,7.505843071786311
Delhi,Petrol,Manual,First,18.5,5,3.67,Hyundai,i20 Magna Optional 1.2,1,1,1,0.06925647446177403,99.2313,8.420573509330906
Mumbai,Diesel,Automatic,First,17.05,5,29.5,BMW,X1 M Sport sDrive 20d,0,3,3,0.09523809519035684,379.05,5.692821368948247
Delhi,Petrol,Manual,First,17.6,5,3.1,Toyota,Etios G,1,2,1,0.059311497286556485,132.74008,7.051282051282052
Ahmedabad,Diesel,Manual,First,17.0,5,2.9,Tata,Indigo LX,1,1,0,0.04982206402147896,98.35,7.068607068607068
Mumbai,Petrol,Automatic,First,10.98,4,15.95,Volkswagen,Beetle 2.0,0,3,1,0.05766129029351749,226.9696,3.679624664879357
Hyderabad,Diesel,Manual,First,19.7,5,4.5,Volkswagen,Polo GT TDI,1,2,1,0.064831038757928,165.5528,7.58275596612779
Delhi,Diesel,Manual,First,24.0,5,3.49,Hyundai,Grand i10 CRDi Magna,0,1,0,0.06249999994419642,78.4,11.320754716981131
Delhi,Diesel,Manual,First,25.2,5,4.25,Maruti,Swift VDI BSIV,1,1,0,0.059294871747359874,92.352,11.209964412811386
Chennai,Diesel,Manual,Second,24.0,5,1.9,Hyundai,Verna CRDi 1.4 E,2,1,1,0.06358166184557187,123.90896000000001,10.016694490818029
Mumbai,Diesel,Automatic,First,16.73,5,16.57,BMW,5 Series 2003-2012 525d,1,3,3,0.10927318290261995,434.91,5.585976627712855
Bangalore,Petrol,Manual,First,17.0,5,5.75,Honda,City 1.5 S MT,1,2,1,0.07882431524460633,176.646,6.8081698037645175
Delhi,Diesel,Automatic,Second,16.55,5,14.0,Audi,A4 2.0 TDI,0,3,2,0.0749542682545964,290.29967999999997,5.576145552560647
Jaipur,Diesel,Manual,Second,19.5,5,2.5,Fiat,Linea Classic Plus 1.3 Multijet,1,1,0,0.060096153797999874,93.6,8.674377224199288
Ahmedabad,Petrol,Manual,First,13.0,5,1.2,Honda,City 1.3 EXI,1,1,1,0.0670141473812255,120.87,5.548442168160478
Pune,Petrol,Manual,Second,15.5,5,0.85,Fiat,Petra 1.2 EL,2,1,1,0.09120522837501191,140.68990201634878,6.913470115967886
Kochi,Diesel,Automatic,First,22.69,5,13.95,BMW,3 Series 320d Luxury Line,0,3,3,0.09523809519035684,379.05,7.5759599332220375
Chennai,Petrol,Manual,First,16.6,5,1.6,Ford,Fiesta 1.4 Duratec EXI,1,1,0,0.04899135443156242,94.384,6.951423785594641
Coimbatore,Petrol,Automatic,First,21.9,4,3.6,Tata,Nano XTA,0,0,0,0.060064102467845985,23.38752,13.485221674876845
Mumbai,CNG,Manual,First,15.1,5,4.5,Maruti,Eeco 5 STR With AC Plus HTR CNG,0,1,0,0.06103678924662475,87.308,6.876138433515483
Coimbatore,Petrol,Manual,First,20.89,5,6.06,Maruti,Ignis 1.2 Delta,0,1,1,0.06833751038568293,97.9146,9.508420573509332
Coimbatore,Petrol,Manual,Second,17.5,5,5.29,Maruti,Swift Dzire ZXi,1,1,1,0.06610169486432843,111.3684,7.6153176675369885
Jaipur,Diesel,Manual,First,22.7,5,5.75,Ford,Ecosport 1.5 DV5 MT Titanium,1,2,1,0.059973297690271495,134.58032,9.08726981585268
Coimbatore,Petrol,Manual,First,19.1,5,5.72,Maruti,Swift Dzire VXI,0,1,1,0.07167919793510509,102.70259999999999,8.69367319071461
Kochi,Petrol,Automatic,First,16.95,5,4.39,Hyundai,i10 Sportz AT,1,1,0,0.06591478691235189,94.44330000000001,7.715065999089667
Coimbatore,Diesel,Manual,First,15.1,7,11.05,Mahindra,XUV500 W6 2WD,1,3,2,0.06424965577592949,305.06,4.749921358917899
Delhi,Diesel,Manual,Second,22.54,5,4.83,Hyundai,i20 Magna 1.4 CRDi,1,1,1,0.06356017187424057,123.86708,9.407345575959933
Chennai,Diesel,Manual,Second,21.27,5,4.5,Hyundai,i20 Asta 1.4 CRDi,2,1,1,0.06358166184557187,123.90896000000001,8.877295492487479
Mumbai,Diesel,Automatic,Second,16.46,5,19.5,BMW,7 Series 730Ld,1,5,4,0.08620113595516167,772.194,4.12221387427999
Mumbai,Petrol,Automatic,First,14.3,5,8.75,Skoda,Rapid 1.6 MPI AT Style Plus,0,2,1,0.06478097617973655,165.42496,5.504234026173981
Mumbai,Diesel,Automatic,First,14.75,7,67.0,Audi,Q7 45 TDI Quattro Technology,0,5,4,0.08257499154614932,726.915,3.718174943282077
Kochi,Petrol,Manual,First,17.4,5,8.4,Honda,City i VTEC VX,1,2,1,0.07835671337451121,175.59810000000002,6.96836203444133
Mumbai,Petrol,Manual,First,19.1,5,4.99,Hyundai,Xcent 1.2 Kappa SX,0,1,1,0.06850459476315406,98.154,8.69367319071461
Coimbatore,Diesel,Manual,First,26.0,5,8.18,Honda,City i DTec E,0,2,1,0.06582109474911808,147.7028,10.408326661329061
Pune,Petrol,Manual,First,18.4,5,2.9,Honda,Brio S Option MT,1,1,1,0.0724540900897712,103.98639999999999,8.371246587807097
Jaipur,Diesel,Manual,First,28.09,5,7.1,Maruti,Ciaz ZDi Plus SHVS,0,1,1,0.07091346148163985,110.448,12.495551601423486
Pune,Diesel,Manual,First,26.59,5,7.05,Maruti,Swift Dzire VDI Optional,0,1,0,0.059294871747359874,92.352,11.828291814946619
Pune,Petrol,Automatic,First,11.1,5,17.5,Honda,CR-V 2.4L 4WD AT,1,4,2,0.0674596431319203,373.8152,3.3094812164579603
Mumbai,Petrol,Automatic,Second,14.53,5,3.41,Toyota,Corolla Altis 2008-2013 1.8 VL AT,1,2,2,0.07697881824025705,247.7514,5.200429491768074
Coimbatore,Petrol,Manual,First,17.0,5,5.68,Honda,City 1.5 V MT,1,2,1,0.07882431524460633,176.646,6.8081698037645175
Bangalore,Diesel,Manual,First,12.05,9,4.1,Mahindra,Scorpio LX BS IV,1,3,1,0.05507113352222527,261.48,3.7905001572821644
Delhi,Petrol,Manual,First,13.4,5,4.0,Skoda,Laura 1.8 TSI Ambiente,1,2,2,0.08776418237610446,283.7244,4.789135096497498
Hyderabad,Diesel,Automatic,First,18.88,5,30.0,BMW,3 Series 320d Sport Line,0,3,3,0.09223057639487188,367.08,6.303839732888147
Chennai,Petrol,Manual,First,15.0,5,1.8,Maruti,SX4 Zxi BSIII,1,2,1,0.06600252202648012,166.02248,5.800464037122969
Kochi,Petrol,Manual,First,20.73,5,6.93,Maruti,Ciaz VXi Plus,0,1,1,0.06635105603324758,125.0803,8.735777496839443
Bangalore,Diesel,Automatic,First,10.2,7,70.0,Land,Rover Range Rover 3.6 TDV8 Vogue SE Diesel,1,9,5,0.07052896723825762,1345.036,1.9005030743432083
Ahmedabad,Diesel,Manual,First,12.99,7,7.9,Toyota,Innova 2.5 G (Diesel) 7 Seater BS IV,1,4,1,0.04009623093821322,249.4,3.7178019461934744
Chennai,Diesel,Automatic,First,13.01,7,14.4,Hyundai,Santa Fe 4WD AT,2,3,3,0.0883583446619562,427.26570000000004,4.066895904970303
Mumbai,Petrol,Automatic,Second,11.74,5,13.5,Mercedes-Benz,New C-Class C250 Avantgarde,0,2,3,0.10356347432986443,334.056,4.198855507868384
Mumbai,CNG,Manual,Second,26.6,5,3.15,Maruti,Wagon R LXI CNG,0,0,0,0.058276553047819084,58.043679999999995,13.313313313313316
Coimbatore,Petrol,Manual,First,19.7,5,2.88,Maruti,Alto LXi,0,0,0,0.05816582907265599,36.8548,10.96881959910913
Kolkata,Petrol,Manual,First,24.7,5,2.15,Maruti,Alto 800 2016-2019 LXI,0,0,0,0.059422110478112924,37.6508,13.752783964365255
Pune,Petrol,Manual,First,16.95,5,3.75,Nissan,Sunny 2011-2014 XV,0,2,1,0.06522029368142837,146.3546,6.785428342674138
Mumbai,Petrol,Manual,First,24.7,5,3.6,Maruti,Alto 800 2016-2019 VXI,0,0,0,0.059422110478112924,37.6508,13.752783964365255
Kolkata,Petrol,Manual,First,24.07,5,3.6,Maruti,Alto K10 VXI,0,0,0,0.06723446887050653,66.96579999999999,12.047047047047048
Coimbatore,Petrol,Automatic,First,18.9,5,7.55,Hyundai,Grand i10 1.2 Kappa Sportz AT,0,1,1,0.06838763569892427,97.98642,8.602639963586709
Kolkata,Diesel,Manual,First,24.2,7,4.7,Honda,Mobilio S i DTEC,0,2,1,0.06582109474911808,147.7028,9.687750200160126
Jaipur,Diesel,Manual,Second,18.8,5,1.6,Tata,Manza Aqua Quadrajet,1,1,1,0.07211538455759985,112.32,8.362989323843415
Pune,Diesel,Manual,First,16.52,5,3.34,Chevrolet,Optra Magnum 2.0 LT,1,3,1,0.06212958309285305,246.28670000000002,5.523236375794048
Kochi,Petrol,Automatic,First,18.0,5,9.1,Honda,City i VTEC CVT VX,1,2,1,0.07835671337451121,175.59810000000002,7.2086503804565485
Kochi,Petrol,Manual,First,18.9,5,6.17,Hyundai,Grand i10 1.2 Kappa Sportz,0,1,1,0.06838763569892427,97.98642,8.602639963586709
Hyderabad,Diesel,Manual,First,22.0,5,2.5,Hyundai,Verna CRDi 1.6 SX,1,2,1,0.07977243989900604,199.64839999999998,8.520526723470178
Kolkata,Petrol,Manual,First,18.44,5,3.0,Nissan,Micra XL,0,1,0,0.06260434051535531,89.85,8.389444949954505
Jaipur,Diesel,Manual,First,22.32,5,5.75,Hyundai,Verna 1.6 SX,1,2,1,0.07984829324914772,199.83823999999998,8.644461657629744
Bangalore,Petrol,Manual,First,15.29,5,10.75,Hyundai,Creta 1.6 VTVT E Plus,0,2,1,0.07624135758878607,192.98829999999998,5.901196449247394
Jaipur,Petrol,Manual,Second,20.51,5,2.85,Maruti,Wagon R VXI BS IV,1,0,0,0.06717434863008583,66.90592000000001,10.265265265265267
Chennai,Petrol,Automatic,First,10.2,5,6.5,Honda,Accord 2.4 Elegance A/T,1,4,3,0.07646559045179882,423.72,3.0411449016100174
Bangalore,Petrol,Automatic,First,16.8,5,9.45,Honda,City 1.5 S AT,0,2,1,0.07882431524460633,176.646,6.728073688426112
Delhi,Diesel,Manual,First,27.39,5,6.75,Maruti,Baleno Alpha 1.3,0,1,0,0.059294871747359874,92.352,12.184163701067614
Coimbatore,Diesel,Manual,First,26.0,5,7.75,Honda,City i DTec V,1,2,1,0.06582109474911808,147.7028,10.408326661329061
Kochi,Diesel,Manual,First,22.54,5,4.4,Hyundai,i20 Era 1.4 CRDi,0,1,1,0.06358166184557187,123.90896000000001,9.407345575959933
Jaipur,Diesel,Automatic,First,13.0,5,42.0,Mercedes-Benz,E-Class 2015-2017 E350 Edition E,0,5,4,0.08871777700411189,791.555,3.2605969400551795
Kochi,Diesel,Manual,First,19.01,5,5.67,Nissan,Terrano XV 110 PS,2,2,1,0.07426420255012717,158.5185,7.724502234863876
Bangalore,Diesel,Automatic,First,19.6,5,11.5,Renault,Duster 110PS Diesel RxZ AMT,0,2,1,0.07422997941531144,158.44545000000002,7.964242177976431
Pune,Petrol,Manual,First,18.9,5,1.69,Maruti,Wagon R LXI Minor,2,0,0,0.06723446887050653,66.96579999999999,9.45945945945946
Jaipur,Diesel,Manual,Second,17.1,5,1.8,Hyundai,Getz 1.5 CRDi GVS,1,2,1,0.07367716003102667,164.23,6.859205776173285
Mumbai,Petrol,Manual,First,18.5,5,3.2,Maruti,Ritz LXi,1,1,1,0.07167919793510509,102.70259999999999,8.420573509330906
Kochi,Diesel,Automatic,First,22.48,5,45.86,BMW,5 Series 520d Sport Line,0,3,3,0.09410526311072417,374.54130000000004,7.505843071786311
Hyderabad,Petrol,Manual,First,16.47,5,5.1,Volkswagen,Polo 1.2 MPI Highline,1,1,0,0.061769615975150564,88.652,7.4931756141947226
Pune,Diesel,Manual,First,17.8,5,4.85,Maruti,Swift VDI BSIV,0,1,1,0.0907667417004834,141.36956337874662,7.918149466192171
Mumbai,Petrol,Manual,Second,15.6,5,2.4,Ford,Figo Petrol ZXI,1,1,0,0.05852842804470867,83.72,7.103825136612023
Hyderabad,Diesel,Automatic,First,18.88,5,22.0,BMW,3 Series 320d Luxury Line,0,3,3,0.09223057639487188,367.08,6.303839732888147
Delhi,Diesel,Manual,First,22.32,5,4.28,Hyundai,Verna 1.6 SX CRDi (O),1,2,1,0.07984829324914772,199.83823999999998,8.644461657629744
Coimbatore,Diesel,Manual,First,20.45,5,5.67,Renault,Duster 85PS Diesel RxL,1,2,1,0.057357973951158124,122.43180000000001,8.309630231613164
Bangalore,Petrol,Automatic,First,18.9,5,6.2,Hyundai,Grand i10 1.2 Kappa Magna AT,0,1,1,0.06838763569892427,97.98642,8.602639963586709
Bangalore,Diesel,Automatic,Second,17.05,5,14.49,BMW,X1 sDrive20d,0,3,3,0.09223057639487188,367.08,5.692821368948247
Pune,Diesel,Manual,First,21.1,5,3.0,Maruti,Ritz VDi,1,1,0,0.059214743542295875,92.22720000000001,9.386120996441282
Jaipur,Petrol,Manual,Second,19.81,5,2.25,Hyundai,i10 Era 1.1 iTech SE,1,1,0,0.06266114174708919,73.9023,9.49664429530201
Kochi,Diesel,Automatic,First,15.97,7,43.78,BMW,X5 2014-2019 xDrive 30d Design Pure Experience 7 Seater,0,5,4,0.08620113595516167,772.194,3.9994991234660655
Kochi,Petrol,Manual,First,16.8,5,11.45,Honda,City V MT Exclusive,0,2,1,0.07768871070294675,174.1011,6.728073688426112
Delhi,Diesel,Automatic,First,11.18,7,10.5,Mahindra,Ssangyong Rexton RX7,1,5,3,0.06824925813492239,496.064,3.024891774891775
Coimbatore,Diesel,Manual,First,22.7,5,7.48,Ford,Ecosport 1.5 DV5 MT Titanium Optional,1,2,1,0.059973297690271495,134.58032,9.08726981585268
Coimbatore,Petrol,Manual,First,19.7,5,3.1,Maruti,Alto LXi,0,0,0,0.05816582907265599,36.8548,10.96881959910913
Mumbai,Petrol,Manual,First,16.47,5,2.55,Volkswagen,Polo 1.2 MPI Highline,0,1,0,0.061769615975150564,88.652,7.4931756141947226
Jaipur,Diesel,Manual,First,22.07,5,3.5,Volkswagen,Polo Diesel Comfortline 1.2L,1,1,0,0.061634695528244625,88.60610000000001,10.03638017280582
Kolkata,Diesel,Manual,First,22.07,5,2.59,Volkswagen,Polo Diesel Highline 1.2L,0,1,0,0.061634695528244625,88.60610000000001,10.03638017280582
Kolkata,Diesel,Manual,First,20.77,7,5.45,Maruti,Ertiga ZDI,1,1,1,0.07115384609683184,110.82239999999999,9.239323843416368
Kolkata,Diesel,Manual,First,22.77,5,6.0,Ford,EcoSport 1.5 TDCi Ambiente,0,2,1,0.06581441918169932,147.68782000000002,9.115292233787029
Kolkata,Diesel,Automatic,First,11.36,7,15.49,Toyota,Innova Crysta 2.8 ZX AT,1,5,2,0.062250453697912725,472.4825,3.025299600532623
Mumbai,Petrol,Automatic,Second,10.8,5,12.5,BMW,5 Series 523i Sedan,1,4,2,0.060072086479746864,374.55,3.08836145267372
Kolkata,Diesel,Manual,First,23.4,5,4.75,Maruti,Swift Dzire Tour LDI,2,1,0,0.059294871747359874,92.352,10.409252669039144
Mumbai,Petrol,Manual,First,18.88,5,7.85,Ford,Ecosport 1.0 Ecoboost Platinum Edition,0,0,1,0.12336336323987651,123.11676,9.444722361180588
Ahmedabad,Diesel,Manual,First,16.8,5,6.0,Hyundai,Verna CRDi SX,1,2,1,0.07367716003102667,164.23,6.738868832731648
Mumbai,Petrol,Manual,First,17.57,5,4.0,Tata,Zest Revotron 1.2T XM,0,1,1,0.0743503771380131,105.8191,8.011855905152759
Mumbai,Diesel,Automatic,First,14.4,5,28.75,Audi,A7 2011-2015 3.0 TDI Quattro,0,5,4,0.08136164473159366,716.2338000000001,3.629947063271994
Pune,Diesel,Manual,First,22.3,5,2.5,Tata,Indica Vista Quadrajet VX,1,1,0,0.059294871747359874,92.352,9.919928825622776
Delhi,Diesel,Manual,First,26.59,5,5.5,Maruti,Swift Dzire VDI,1,1,0,0.059294871747359874,92.352,11.828291814946619
Kolkata,Petrol,Manual,First,16.0,5,1.59,Fiat,Linea Emotion,0,1,1,0.0657894736361188,123.12,6.756756756756756
Mumbai,Petrol,Manual,First,18.6,5,6.22,Hyundai,i20 1.2 Spotz,0,1,1,0.0683625730423036,97.95051,8.466090122894856
Kolkata,Petrol,Manual,First,21.1,5,2.75,Hyundai,EON Era Plus,0,0,0,0.06781326772995913,44.9328,11.631753031973538
Pune,Diesel,Automatic,First,17.9,5,25.0,Mercedes-Benz,GLA Class 200 CDI SPORT,0,3,2,0.063462435807997,291.448,5.695195672923958
Delhi,Petrol,Manual,First,23.1,5,2.8,Maruti,Celerio VXI,1,0,0,0.06717434863008583,66.90592000000001,11.561561561561563
Mumbai,Petrol,Manual,Second,17.8,5,2.45,Chevrolet,Beat LT,1,1,0,0.06405337776142336,92.08319999999999,8.094588449295134
Pune,Petrol,Automatic,First,19.0,5,6.35,Honda,Jazz 1.2 V AT i VTEC Privilege,0,1,1,0.07397831520101891,106.35130000000001,8.640291041382447
Mumbai,Diesel,Automatic,Third,16.07,5,8.0,BMW,3 Series 320d Highline,1,3,3,0.09072681699712941,361.095,5.365609348914858
Bangalore,Diesel,Manual,First,19.01,5,8.25,Renault,Duster 110PS Diesel RxL,1,2,1,0.07422997941531144,158.44545000000002,7.724502234863876
Mumbai,Petrol,Automatic,First,17.01,5,5.95,Ford,Figo 2015-2019 1.5P Titanium AT,0,2,1,0.07364909935046758,165.4896,6.80672268907563
Kochi,Diesel,Manual,First,13.68,7,19.92,Toyota,Innova Crysta 2.4 VX MT,0,4,2,0.06176347678154473,353.6854,4.031830238726791
Kochi,Diesel,Manual,First,25.44,5,3.15,Chevrolet,Beat Diesel LS,1,0,0,0.060149572585310285,52.696799999999996,13.140495867768598
Chennai,Petrol,Automatic,First,17.21,4,5.75,Volkswagen,Polo GTI,0,2,3,0.10511679638202624,339.822,6.1508220157255185
Kochi,Diesel,Automatic,First,10.91,7,32.44,Ford,Endeavour 3.2 Trend AT 4X4,0,6,3,0.06166353969303829,630.6456,2.598856598380181
Kochi,Diesel,Automatic,Second,22.32,5,8.01,Hyundai,Verna 1.6 SX CRDI (O) AT,0,2,1,0.07984829324914772,199.83823999999998,8.644461657629744
Coimbatore,Petrol,Manual,First,18.16,5,6.48,Ford,Figo 2015-2019 1.2P Titanium Opt MT,0,1,1,0.07257525077543875,103.81280000000001,8.269581056466302
Jaipur,Petrol,Manual,First,16.1,4,0.75,Maruti,800 AC,1,0,0,0.04648241200190652,29.452,8.964365256124722
Kolkata,Diesel,Manual,First,26.0,5,5.0,Honda,City i DTEC V,0,2,1,0.06582109474911808,147.7028,10.408326661329061
Mumbai,Diesel,Manual,First,16.0,7,7.75,Mahindra,XUV500 W8 2WD,0,3,2,0.06424965577592949,305.06,5.033029254482542
Chennai,Diesel,Manual,First,20.0,5,2.6,Ford,Figo Diesel ZXI,1,1,0,0.04860614721329081,95.132,8.336807002917881
Pune,Petrol,Manual,First,17.0,5,9.2,Ford,EcoSport 1.5 Petrol Titanium,0,2,1,0.08106880422106291,181.67592000000002,6.8081698037645175
Mumbai,Petrol,Manual,First,18.6,5,5.05,Hyundai,i20 Asta 1.2,0,1,1,0.0683625730423036,97.95051,8.466090122894856
Hyderabad,Diesel,Manual,First,12.99,7,9.6,Toyota,Innova 2.5 G (Diesel) 7 Seater BS IV,2,4,1,0.04009623093821322,249.4,3.7178019461934744
Mumbai,Diesel,Manual,First,20.46,5,5.5,Renault,Duster 85PS Diesel RxL Optional,1,2,1,0.057357973951158124,122.43180000000001,8.313693620479478
Mumbai,Diesel,Manual,First,12.99,8,9.35,Toyota,Innova 2.5 VX (Diesel) 8 Seater,0,4,1,0.040336808323842496,250.8964,3.7178019461934744
Delhi,Petrol,Manual,First,17.0,5,2.6,Honda,City 1.5 S MT,4,2,1,0.07882431524460633,176.646,6.8081698037645175
Hyderabad,Petrol,Manual,First,24.07,5,3.5,Maruti,Alto K10 VXI,0,0,0,0.06723446887050653,66.96579999999999,12.047047047047048
Kochi,Petrol,Manual,First,19.49,5,4.26,Nissan,Micra Active XL Petrol,0,1,0,0.0559599331753256,80.31392000000001,8.86715195632393
Chennai,Petrol,Automatic,Second,23.1,5,4.25,Maruti,Celerio VXI AT,0,0,0,0.06717434863008583,66.90592000000001,11.561561561561563
Hyderabad,Petrol,Manual,Second,11.7,5,11.75,Mercedes-Benz,New C-Class 200 Kompressor,1,2,3,0.09910913134793478,319.688,4.184549356223176
Chennai,Diesel,Manual,First,23.5,5,3.5,Ford,Fiesta Diesel Style,3,2,1,0.059212283004531185,132.8726,9.407526020816652
Jaipur,Petrol,Manual,First,17.01,5,7.5,Hyundai,Verna 1.6 VTVT S,1,2,1,0.07624135758878607,192.98829999999998,6.565032805866461
Chennai,Petrol,Automatic,Third,15.0,5,3.25,Hyundai,i20 1.4 Asta (AT),1,1,1,0.07163323777103636,139.6,6.260434056761269
Chennai,Petrol,Manual,First,17.5,5,4.9,Maruti,Swift Dzire VXi,0,1,1,0.06610169486432843,111.3684,7.6153176675369885
Hyderabad,Diesel,Automatic,First,14.84,5,27.0,Mercedes-Benz,New C-Class C 220CDIBE Avantgarde Command,1,3,2,0.07932804475999625,364.31,4.721603563474388
Kochi,Petrol,Manual,First,18.6,5,8.91,Hyundai,Elite i20 Petrol Asta,0,1,1,0.06838763569892427,97.98642,8.466090122894856
Kochi,Petrol,Automatic,First,17.01,5,6.69,Hyundai,Verna 1.6 VTVT EX AT,0,2,1,0.07630421113997221,193.14740000000003,6.565032805866461
Kochi,Diesel,Manual,First,17.3,5,6.02,Chevrolet,Cruze LTZ,1,3,2,0.08193193189092494,327.07259999999997,5.770513675783856
Mumbai,Petrol,Manual,First,14.28,5,4.5,Toyota,Corolla Altis 1.8 G,1,2,2,0.07676863177042902,248.17794,5.103645461043603
Pune,Petrol,Manual,First,19.0,5,2.0,Maruti,A-Star Vxi,1,0,0,0.06623246486349452,65.96779999999998,9.50950950950951
Kolkata,Diesel,Manual,First,23.08,5,2.4,Nissan,Micra Diesel XV Premium,0,2,0,0.04318959613744723,92.18910000000001,9.378301503453878
Pune,Petrol,Manual,First,25.4,4,1.2,Tata,Nano LX,0,0,0,0.060064102467845985,23.38752,15.640394088669948
Delhi,Diesel,Manual,First,23.4,5,2.9,Maruti,Swift Dzire Tour LDI,1,1,0,0.059294871747359874,92.352,10.409252669039144
Ahmedabad,Diesel,Automatic,First,17.32,5,27.0,Audi,Q3 2.0 TDI Quattro,0,3,3,0.0934959349118415,362.112,5.835579514824798
Chennai,Diesel,Manual,First,25.8,5,7.5,Honda,Amaze VX i-DTEC,0,2,1,0.06582109474911808,147.7028,10.32826261008807
Mumbai,Petrol,Manual,First,14.7,5,1.5,Chevrolet,Optra 1.6 LS,1,2,1,0.06504065036582823,166.296,5.6560215467487485
Hyderabad,Diesel,Automatic,First,14.16,5,39.5,Audi,Q5 2.0 TDI Premium Plus,0,3,3,0.08856707312572812,343.0224,4.77088948787062
Hyderabad,Diesel,Manual,First,23.2,5,3.39,Maruti,Ritz VDi,1,1,0,0.05924679482432147,92.27712,10.320284697508896
Kochi,Diesel,Manual,First,15.4,7,12.4,Mahindra,Scorpio S6 7 Seater,0,3,1,0.05507113352222527,261.48,4.844290657439447
Chennai,Diesel,Manual,First,28.09,5,6.85,Maruti,Ciaz ZDi SHVS,0,1,1,0.07091346148163985,110.448,12.495551601423486
Pune,Diesel,Manual,Second,21.43,5,5.75,Toyota,Corolla Altis Aero D 4D J,2,1,2,0.10117302045368547,188.232,9.065143824027073
Chennai,Diesel,Manual,Second,25.0,5,2.0,Tata,Indica V2 eLS,1,1,0,0.049426934062015086,96.324,10.434056761268781
Jaipur,Petrol,Manual,First,16.1,4,0.9,Maruti,800 Std BSIII,3,0,0,0.04648241200190652,29.452,8.964365256124722
Kolkata,Petrol,Manual,First,16.47,5,3.8,Volkswagen,Polo 1.2 MPI Highline,0,1,0,0.061769615975150564,88.652,7.4931756141947226
Delhi,Petrol,Automatic,First,14.62,5,16.35,Hyundai,Elantra 2.0 SX Option AT,0,3,2,0.07499749871185717,299.69007999999997,4.874958319439813
Hyderabad,Diesel,Automatic,First,11.5,7,16.5,Toyota,Fortuner 4x2 4 Speed AT,3,5,2,0.056673373555776875,503.958,2.887995981918634
Coimbatore,Petrol,Manual,First,21.4,5,8.7,Maruti,Baleno Zeta 1.2,0,1,1,0.06942355883924514,99.4707,9.740555302685479
Mumbai,Petrol,Manual,First,21.4,5,6.1,Maruti,Baleno Zeta 1.2,0,1,1,0.06942355883924514,99.4707,9.740555302685479
Hyderabad,Diesel,Automatic,First,23.8,5,21.94,Mini,Cooper Countryman D,1,3,1,0.05605605602799997,223.776,7.938625750500334
Chennai,Diesel,Automatic,Second,13.0,5,22.0,Mercedes-Benz,S Class 2005 2013 320 CDI,0,5,3,0.0703046534749566,627.27,3.2605969400551795
Delhi,Petrol,Manual,First,20.92,5,2.65,Maruti,Alto K10 LXI,1,0,0,0.06723446887050653,66.96579999999999,10.470470470470472
Kochi,Petrol,Manual,First,20.4,5,5.27,Maruti,Swift VXI Optional,0,1,1,0.06833751038568293,97.9146,9.28538916704597
Kolkata,Diesel,Manual,First,22.1,5,2.48,Chevrolet,Sail LT ABS,0,1,0,0.059294871747359874,92.352,9.830960854092526
Kolkata,Diesel,Manual,First,12.8,8,6.0,Toyota,Innova 2.5 G (Diesel) 8 Seater BS IV,1,4,1,0.040898155556977484,254.388,3.6634230108757873
Mumbai,Diesel,Manual,First,11.5,7,8.9,Toyota,Fortuner 3.0 Diesel,1,5,2,0.05734406436708784,509.922,2.887995981918634
Hyderabad,Diesel,Automatic,Second,18.88,5,18.0,BMW,3 Series 320d Sport Line,1,3,3,0.09223057639487188,367.08,6.303839732888147
Coimbatore,Petrol,Manual,First,16.8,5,11.64,Skoda,Octavia Ambition 1.4 TSI MT,1,1,2,0.09893906802943436,192.53790000000004,7.014613778705637
Kolkata,Diesel,Manual,First,11.5,7,8.99,Toyota,Fortuner 3.0 Diesel,1,5,2,0.05734406436708784,509.922,2.887995981918634
Bangalore,Diesel,Automatic,First,15.5,5,5.25,Volkswagen,Jetta 2007-2011 1.9 Highline TDI,1,3,1,0.05537974680623431,199.08,5.352209944751381
Kolkata,Diesel,Manual,First,23.0,5,2.95,Hyundai,i20 1.4 CRDi Asta,0,1,1,0.06446991399393272,125.64,9.599332220367279
Mumbai,Diesel,Manual,Second,21.02,5,2.65,Tata,Manza Club Class Quadrajet90 LX,1,1,1,0.07112179481480625,110.77248000000002,9.35053380782918
Pune,Petrol,Manual,First,15.04,5,4.0,Volkswagen,Vento Petrol Highline,1,2,1,0.064831038757928,165.5528,5.789068514241724
Chennai,Diesel,Automatic,First,17.6,5,12.5,Hyundai,Creta 1.6 SX Automatic Diesel,1,2,1,0.07977243989900604,199.64839999999998,6.816421378776143
Mumbai,Petrol,Manual,First,21.1,5,3.25,Maruti,Ritz VXI,0,1,1,0.07167919793510509,102.70259999999999,9.604005461993628
Delhi,Petrol,Manual,First,13.1,5,4.0,Honda,CR-V 2.0L 2WD MT,1,3,2,0.07065598394058288,281.7767,4.371037704371038
Delhi,Diesel,Manual,Second,15.1,7,6.25,Mahindra,XUV500 W8 2WD,1,3,2,0.06424965577592949,305.06,4.749921358917899
Jaipur,Diesel,Manual,First,21.66,5,5.8,Volkswagen,Ameo 1.5 TDI Comfortline,1,2,1,0.0725100133027303,162.71276,8.670936749399518
Kolkata,Petrol,Manual,First,17.57,5,5.0,Tata,Zest Revotron 1.2 XT,0,1,1,0.0743503771380131,105.8191,8.011855905152759
Kochi,Diesel,Automatic,First,12.9,5,58.73,Jaguar,XJ 3.0L Portfolio LWB,0,5,5,0.09050451049431857,810.74384,3.230653643876784
Kochi,Petrol,Automatic,First,14.28,5,17.49,Toyota,Corolla Altis 1.8 VL CVT,0,2,2,0.07676863177042902,248.17794,5.103645461043603
Pune,Petrol,Manual,Second,19.0,5,1.95,Maruti,A-Star Vxi,1,0,0,0.06623246486349452,65.96779999999998,9.50950950950951
Mumbai,Petrol,Automatic,First,11.1,5,3.0,Honda,Accord VTi-L (AT),1,4,2,0.0603228546897524,334.268,3.3094812164579603
Delhi,Petrol,Manual,First,17.0,5,5.5,Hyundai,i20 Asta (o),0,1,0,0.06683375098844298,95.76,7.737824305871643
Delhi,Diesel,Automatic,First,12.55,7,16.5,Toyota,Fortuner 4x2 AT,2,5,2,0.05650570085294913,502.467,3.1516825715720747
Mumbai,Petrol,Automatic,Second,11.74,5,14.5,Mercedes-Benz,New C-Class C 200 CGI Avantgarde,0,2,3,0.10356347432986443,334.056,4.198855507868384
Hyderabad,Diesel,Manual,First,27.39,5,7.79,Maruti,Baleno Alpha 1.3,0,1,0,0.059294871747359874,92.352,12.184163701067614
Kochi,Diesel,Manual,First,20.77,7,8.27,Maruti,Ertiga VDI,0,1,1,0.07112179481480625,110.77248000000002,9.239323843416368
Kochi,Diesel,Automatic,First,12.65,5,97.07,Land,Rover Range Rover Sport SE,0,5,4,0.08519879716498537,763.215,3.168044077134986
Mumbai,Petrol,Manual,First,12.9,5,2.15,Chevrolet,Optra Magnum 1.6 LT ABS BS3,1,2,1,0.06414267830779556,163.795,4.965357967667437
Hyderabad,Petrol,Automatic,Second,12.9,5,3.0,Honda,Civic 2006-2010 1.8 V AT,1,2,2,0.07226236794204426,233.87,4.608788853161844
Coimbatore,Diesel,Automatic,First,16.09,5,28.79,BMW,X3 xDrive20d,0,3,3,0.09223057639487188,367.08,5.37228714524207
Mumbai,Diesel,Automatic,First,20.0,5,5.45,Skoda,Laura Ambition 2.0 TDI CR AT,0,3,2,0.07017276419198537,271.7808,6.738544474393531
Delhi,Diesel,Manual,First,23.4,5,3.95,Maruti,Swift Dzire VDI,1,1,0,0.059294871747359874,92.352,10.409252669039144
Pune,Diesel,Automatic,First,23.3,5,16.0,Volvo,V40 Cross Country D3,1,3,2,0.07560483867157014,297.6,7.8083109919571045
Delhi,Petrol,Manual,First,17.5,5,4.25,Maruti,Swift Dzire ZXi,0,1,1,0.06610169486432843,111.3684,7.6153176675369885
Bangalore,Diesel,Automatic,First,12.7,5,34.5,Land,Rover Range Rover 2.2L Pure,1,3,3,0.08614043135101403,408.9983,3.994966970745517
Mumbai,Petrol,Automatic,Third,11.7,5,2.6,Honda,Accord 2.4 AT,2,4,3,0.07544604924577483,418.07039999999995,3.4883720930232553
Kochi,Diesel,Manual,First,12.99,8,13.48,Toyota,Innova 2.5 G (Diesel) 8 Seater,0,4,1,0.040336808323842496,250.8964,3.7178019461934744
Hyderabad,Diesel,Manual,First,12.55,7,32.1,Toyota,Fortuner 4x4 MT,0,5,2,0.05650570085294913,502.467,3.1516825715720747
Kochi,Petrol,Manual,First,18.7,5,6.17,Honda,Jazz 1.2 E i VTEC,0,1,1,0.07397831520101891,106.35130000000001,8.503865393360618
Kolkata,Petrol,Manual,First,17.0,5,5.5,Honda,City 1.5 V MT,0,2,1,0.07882431524460633,176.646,6.8081698037645175
Hyderabad,Diesel,Automatic,First,28.4,5,9.15,Maruti,Dzire AMT ZDI Plus,0,1,0,0.05909455123469987,92.04,12.633451957295371
Pune,Diesel,Manual,First,21.64,5,4.5,Nissan,Sunny 2011-2014 Diesel XL,1,2,1,0.05804243664747266,123.89280000000001,8.79317350670459
Chennai,Diesel,Manual,First,12.99,8,10.5,Toyota,Innova 2.5 G (Diesel) 8 Seater,3,4,1,0.040336808323842496,250.8964,3.7178019461934744
Coimbatore,Petrol,Manual,First,19.4,5,5.37,Honda,Brio S MT,0,1,1,0.0724540900897712,103.98639999999999,8.826205641492265
Bangalore,Petrol,Manual,First,15.04,5,5.45,Volkswagen,Vento Petrol Trendline,1,2,1,0.064831038757928,165.5528,5.789068514241724
Mumbai,Diesel,Manual,First,16.0,7,9.25,Mahindra,XUV500 W4,0,3,2,0.06424965577592949,305.06,5.033029254482542
Chennai,Diesel,Manual,First,23.0,5,7.7,Ford,EcoSport 1.5 Diesel Titanium Plus,0,2,1,0.06606141517619397,148.24208,9.20736589271417
Hyderabad,Diesel,Manual,First,17.72,5,7.99,Skoda,Yeti Ambition 4X2,1,3,1,0.055127032492313495,213.50831999999997,5.970350404312668
Chennai,Petrol,Manual,First,20.36,5,3.0,Hyundai,i10 Sportz,0,1,0,0.06591478691235189,94.44330000000001,9.267182521620391
Hyderabad,Diesel,Manual,First,12.8,8,4.0,Toyota,Innova 2.5 G (Diesel) 8 Seater BS IV,5,4,1,0.040898155556977484,254.388,3.6634230108757873
Coimbatore,Diesel,Manual,First,20.65,5,6.69,Tata,Zest Quadrajet 1.3 XT,0,1,1,0.07107371789176785,110.69760000000001,9.18594306049822
Delhi,Diesel,Manual,First,22.9,5,4.25,Maruti,Swift VDI,1,1,0,0.059294871747359874,92.352,10.186832740213521
Kolkata,Diesel,Automatic,First,21.72,5,10.5,Skoda,Rapid 1.5 TDI AT Style,0,2,1,0.07236315081951726,162.38320000000002,8.694955964771816
Coimbatore,Diesel,Manual,First,13.68,8,22.55,Toyota,Innova Crysta 2.4 VX MT 8S,0,4,2,0.06176347678154473,353.6854,4.031830238726791
Pune,Petrol,Manual,Second,17.01,5,5.2,Hyundai,Verna 1.6 SX VTVT,0,2,1,0.07624135758878607,192.98829999999998,6.565032805866461
Coimbatore,Petrol,Manual,First,17.4,5,11.87,Honda,City i VTEC VX Option,0,2,1,0.07835671337451121,175.59810000000002,6.96836203444133
Hyderabad,Diesel,Manual,First,26.0,5,6.99,Honda,City i DTEC SV,1,2,1,0.06582109474911808,147.7028,10.408326661329061
Jaipur,Diesel,Manual,First,20.54,5,5.0,Volkswagen,Vento Diesel Highline,0,2,1,0.064831038757928,165.5528,7.906081601231716
Chennai,Diesel,Automatic,First,12.19,5,44.0,Audi,Q5 2008-2012 3.0 TDI,0,5,4,0.07954162450976016,700.212,3.0728510209226116
Chennai,Petrol,Manual,First,22.74,5,2.79,Maruti,Alto 800 LXI,0,0,0,0.059422110478112924,37.6508,12.661469933184854
Pune,Diesel,Manual,Second,21.12,5,2.9,Tata,Manza ELAN Quadrajet BS IV,2,1,1,0.07115384609683184,110.82239999999999,9.395017793594306
Delhi,Petrol,Manual,First,15.29,5,9.85,Hyundai,Creta 1.6 SX Plus Dual Tone Petrol,1,2,1,0.07624135758878607,192.98829999999998,5.901196449247394
Bangalore,Diesel,Automatic,First,12.0,7,49.0,Mercedes-Benz,GL-Class 2007 2012 350 CDI Luxury,1,5,4,0.07499163037328703,669.088,3.0097817908201656
Jaipur,Diesel,Manual,First,16.55,6,9.25,Mahindra,Thar CRDe,0,4,1,0.04203362688469431,262.29,4.731275014293883
Mumbai,Diesel,Manual,Second,22.32,5,3.75,Hyundai,Verna 1.6 CRDI,1,2,1,0.07983565102412411,199.8066,8.644461657629744
Coimbatore,Diesel,Manual,First,26.1,5,7.29,Ford,Aspire Titanium Diesel,0,2,1,0.06608811744586908,148.302,10.44835868694956
Mumbai,Diesel,Automatic,First,20.7,4,23.5,Mini,Cooper 3 DOOR D,0,2,1,0.07618983952126347,170.51408,8.293269230769232
Hyderabad,Petrol,Manual,First,14.0,5,2.6,Maruti,Omni 8 Seater BSIV,0,0,0,0.04396984919099265,27.86,7.795100222717149
Pune,Diesel,Manual,Second,21.03,5,3.1,Mahindra,Verito 1.5 D4 BSIV,1,2,0,0.04449007526044484,94.965,8.545306785859406
Coimbatore,Diesel,Automatic,First,14.21,5,29.98,Mercedes-Benz,E-Class 2009-2013 E250 CDI Elegance,0,3,3,0.09472701815458376,435.029,4.521158129175947
Kochi,Diesel,Manual,First,19.01,5,6.73,Renault,Duster 110PS Diesel RxZ,1,2,1,0.07422997941531144,158.44545000000002,7.724502234863876
Kolkata,Diesel,Manual,First,23.4,5,3.5,Maruti,Swift Dzire Tour LDI,1,1,0,0.059294871747359874,92.352,10.409252669039144
Kolkata,Petrol,Manual,First,16.47,5,2.35,Volkswagen,Polo Petrol Highline 1.2L,0,1,0,0.061686143521130096,88.53220000000002,7.4931756141947226
Coimbatore,Diesel,Manual,First,16.0,7,16.13,Mahindra,XUV500 W10 2WD,1,3,2,0.06424965577592949,305.06,5.033029254482542
Coimbatore,Petrol,Manual,First,16.47,5,5.9,Volkswagen,Polo 1.2 MPI Highline,1,1,0,0.061769615975150564,88.652,7.4931756141947226
Hyderabad,Petrol,Manual,First,21.1,5,3.9,Maruti,Ritz VXI,1,1,1,0.07167919793510509,102.70259999999999,9.604005461993628
Pune,Petrol,Manual,First,14.7,5,1.5,Chevrolet,Optra 1.6 Elite,2,2,1,0.07088666687239259,181.01647618528614,5.658198614318707
Delhi,Diesel,Manual,First,12.8,7,6.95,Toyota,Innova 2.5 GX 7 STR BSIV,1,4,1,0.040898155556977484,254.388,3.6634230108757873
Delhi,Diesel,Manual,First,26.0,5,7.0,Honda,City i DTec SV,0,2,1,0.06582109474911808,147.7028,10.408326661329061
Coimbatore,Petrol,Manual,First,17.0,5,7.23,Volkswagen,Ameo 1.2 MPI Highline,0,1,0,0.061560934840099384,88.3525,7.734303912647862
Mumbai,Diesel,Manual,First,21.5,5,3.81,Maruti,SX4 ZDI Leather,1,1,1,0.07115384609683184,110.82239999999999,9.564056939501778
Chennai,Petrol,Manual,Third,18.6,5,4.5,Maruti,Swift ZXI,0,1,1,0.07167919793510509,102.70259999999999,8.466090122894856
Pune,Diesel,Manual,First,19.67,5,12.6,Hyundai,Creta 1.6 CRDi SX,0,2,1,0.07977243989900604,199.64839999999998,7.618125484120838
Bangalore,Diesel,Automatic,First,12.07,7,48.0,Audi,Q7 35 TDI Quattro Technology,0,5,4,0.08136164473159366,716.2338000000001,3.0426014620620117
Coimbatore,Petrol,Manual,First,19.7,5,2.96,Maruti,Alto LXi BSIII,1,0,0,0.05816582907265599,36.8548,10.96881959910913
Kolkata,Diesel,Manual,First,25.8,5,3.25,Honda,Amaze SX i-DTEC,0,2,1,0.06582109474911808,147.7028,10.32826261008807
Chennai,Diesel,Automatic,Second,18.33,5,8.5,Volkswagen,Passat Diesel Highline 2.0 TDI,1,3,2,0.08521341459084683,330.0336,6.17587601078167
Mumbai,Diesel,Automatic,First,19.5,5,8.75,Hyundai,Elantra CRDi SX AT,1,2,1,0.07979772434905326,199.71168,7.5522850503485675
Kochi,Petrol,Manual,First,18.9,5,3.08,Maruti,Wagon R VXI BS IV,0,0,0,0.06723446887050653,66.96579999999999,9.45945945945946
Mumbai,Diesel,Automatic,First,12.81,7,41.5,Land,Rover Discovery Sport TD4 HSE 7S,0,3,2,0.0741920960109094,296.47169,4.271423807935979
Pune,Petrol,Manual,First,17.8,5,7.0,Honda,City i VTEC SV,0,2,1,0.07835671337451121,175.59810000000002,7.128554265118143
Kochi,Petrol,Automatic,Second,14.74,5,11.5,Mercedes-Benz,New C-Class C 200 Avantgarde Edition C,0,3,3,0.09092415866854638,360.43073,4.92811768639251
Pune,Petrol,Manual,First,20.51,5,2.6,Maruti,Wagon R LX BS IV,1,0,0,0.06717434863008583,66.90592000000001,10.265265265265267
Kolkata,Diesel,Manual,First,22.32,5,4.3,Hyundai,Verna 1.6 CRDI,0,2,1,0.07983565102412411,199.8066,8.644461657629744
Mumbai,CNG,Manual,First,17.5,7,8.35,Maruti,Ertiga VXI CNG,0,1,0,0.05860160228798134,110.47157999999999,7.374631268436578
Jaipur,Diesel,Automatic,First,17.06,5,24.9,Volkswagen,Tiguan 2.0 TDI Highline,1,3,2,0.07164634142700897,277.488,5.747978436657681
Pune,Diesel,Automatic,First,15.06,5,13.75,BMW,X1 sDrive 20d Exclusive,2,3,3,0.08872180446680611,353.115,5.028380634390651
Kolkata,Diesel,Manual,First,24.0,5,3.85,Hyundai,Grand i10 1.2 CRDi Sportz Option,0,1,0,0.06236930854774931,87.72842,10.978956999085089
Mumbai,Diesel,Automatic,First,13.0,5,23.25,Mercedes-Benz,E-Class E250 CDI Avantgrade,0,3,3,0.09384041059550144,430.9573,4.136175628380529
Chennai,Diesel,Manual,First,13.6,7,7.0,Mahindra,Bolero ZLX,0,4,1,0.04489769864767037,285.7976028882834,3.8603462957706496
Bangalore,Petrol,Manual,First,18.9,5,5.75,Hyundai,Grand i10 Asta Option,0,1,1,0.06850459476315406,98.154,8.602639963586709
Mumbai,Petrol,Manual,Second,20.36,5,1.65,Hyundai,i10 Magna 1.2,1,1,0,0.06591478691235189,94.44330000000001,9.267182521620391
Mumbai,Diesel,Manual,First,19.33,5,6.5,Volkswagen,Jetta 2012-2014 2.0L TDI Comfortline,1,3,2,0.07017276419198537,271.7808,6.512803234501347
Chennai,Diesel,Manual,First,17.67,5,7.5,Skoda,Yeti Elegance,1,3,2,0.07016260159036454,271.74144,5.953504043126685
Kochi,Diesel,Automatic,First,14.75,7,72.94,Audi,Q7 45 TDI Quattro Premium Plus,0,5,4,0.08257499154614932,726.915,3.718174943282077
Chennai,Diesel,Manual,Second,11.5,7,11.0,Toyota,Fortuner 3.0 Diesel,2,5,2,0.05734406436708784,509.922,2.887995981918634
Kochi,Petrol,Manual,First,18.9,5,3.02,Maruti,Wagon R VXI Minor ABS,0,1,0,0.06314797355028466,71.087,9.170305676855895
Coimbatore,Petrol,Manual,First,21.1,5,3.32,Hyundai,EON Era,1,0,0,0.06781326772995913,44.9328,11.631753031973538
Delhi,Petrol,Manual,First,19.4,5,3.24,Honda,Brio S MT,0,1,1,0.0724540900897712,103.98639999999999,8.826205641492265
Kolkata,Petrol,Manual,First,22.74,5,2.35,Maruti,Alto 800 VXI,0,0,0,0.059422110478112924,37.6508,12.661469933184854
Jaipur,Diesel,Manual,First,15.96,7,5.5,Mahindra,Bolero ZLX,1,4,0,0.024613555281564187,156.6783,4.530229917683792
Mumbai,Petrol,Manual,First,17.8,5,6.75,Honda,City i VTEC SV,0,2,1,0.07835671337451121,175.59810000000002,7.128554265118143
Mumbai,Petrol,Manual,First,15.0,5,6.15,Skoda,Rapid 1.6 MPI Elegance Black Package,0,2,1,0.06478097617973655,165.42496,5.773672055427252
Pune,Petrol,Manual,First,22.0,5,5.45,Maruti,Swift VVT VXI,0,1,1,0.06833751038568293,97.9146,10.013654984069186
Hyderabad,Petrol,Manual,Second,21.1,5,2.3,Hyundai,EON Magna Plus,0,0,0,0.06781326772995913,44.9328,11.631753031973538
Kochi,Petrol,Manual,First,20.85,5,6.21,Maruti,Swift Dzire ZXI,0,1,1,0.06945697571473937,99.51858,9.490213928083751
Coimbatore,Petrol,Automatic,First,19.34,5,5.21,Nissan,Micra XV CVT,0,1,0,0.06343906505556005,91.048,8.798908098271156
Delhi,Petrol,Automatic,First,8.3,7,11.99,Audi,Q7 4.2 FSI quattro,1,8,4,0.06047411706326218,1033.5,1.616673159329957
Pune,Diesel,Manual,First,17.8,5,3.1,Maruti,Swift Vdi BSIII,2,1,0,0.060096153797999874,93.6,7.918149466192171
Jaipur,Diesel,Manual,First,13.49,5,7.5,Tata,Xenon XT EX 4X2,0,3,2,0.06334557133393963,300.76736999999997,4.243472790185593
Kolkata,Diesel,Manual,First,20.14,5,4.0,Volkswagen,Polo 1.5 TDI Comfortline,0,2,1,0.05927903867871893,133.0224,8.062449959967974
Kochi,Petrol,Manual,First,17.8,5,7.73,Honda,City i VTEC SV,0,2,1,0.07835671337451121,175.59810000000002,7.128554265118143
Bangalore,Petrol,Manual,First,17.4,5,7.8,Honda,City i VTEC V,0,2,1,0.07835671337451121,175.59810000000002,6.96836203444133
Hyderabad,Petrol,Manual,First,16.1,4,1.3,Maruti,800 AC BSIII,1,0,0,0.04648241200190652,29.452,8.964365256124722
Jaipur,Diesel,Manual,First,20.14,5,4.42,Volkswagen,Polo 1.5 TDI Trendline,1,2,1,0.05927903867871893,133.0224,8.062449959967974
Pune,Diesel,Automatic,First,12.5,7,4.0,Chevrolet,Captiva LTZ VCDi,1,3,2,0.07428427921934491,294.4689,4.179204279505182
Kolkata,Diesel,Manual,First,16.0,7,13.0,Mahindra,XUV500 W10 2WD,1,3,2,0.06424965577592949,305.06,5.033029254482542
Kochi,Diesel,Manual,First,25.8,5,5.38,Honda,Amaze VX i-DTEC,1,2,1,0.06582109474911808,147.7028,10.32826261008807
Chennai,Petrol,Manual,Second,17.0,5,3.25,Hyundai,i20 1.2 Sportz Option,0,1,0,0.06683375098844298,95.76,7.737824305871643
Jaipur,Petrol,Automatic,First,20.51,5,3.87,Maruti,Wagon R AMT VXI,1,0,0,0.06713426846980534,66.866,10.265265265265267
Mumbai,Diesel,Automatic,Second,16.96,5,8.25,Volkswagen,Jetta 2013-2015 2.0L TDI Highline AT,1,3,2,0.0701371950863124,271.64304,5.714285714285714
Mumbai,Petrol,Manual,First,20.73,5,9.28,Maruti,Ciaz 1.4 Zeta,0,1,1,0.06635105603324758,125.0803,8.735777496839443
Delhi,Diesel,Automatic,First,11.79,7,6.25,Mahindra,Scorpio 2009-2014 VLX 4WD AT 7S BSIV,1,3,1,0.05507113352222527,261.48,3.7087134318968227
Mumbai,Petrol,Manual,Second,15.26,5,1.15,Chevrolet,Aveo U-VA 1.2 LS,1,1,0,0.06513043472597353,86.135,7.097674418604651
Kochi,Petrol,Manual,First,20.73,5,7.8,Maruti,Ciaz ZXi Option,0,1,1,0.06642388924513919,125.2176,8.735777496839443
Hyderabad,Diesel,Manual,First,23.0,5,4.5,Hyundai,i20 1.4 CRDi Asta,1,1,1,0.06446991399393272,125.64,9.599332220367279
Kochi,Petrol,Manual,First,18.7,5,7.56,Honda,Jazz 1.2 SV i VTEC,0,1,1,0.07397831520101891,106.35130000000001,8.503865393360618
Coimbatore,Diesel,Manual,First,16.0,7,16.08,Mahindra,XUV500 W10 2WD,1,3,2,0.06424965577592949,305.06,5.033029254482542
Bangalore,Petrol,Manual,First,17.0,5,4.5,Hyundai,i20 1.2 Sportz,1,1,0,0.06683375098844298,95.76,7.737824305871643
Chennai,Diesel,Manual,First,22.32,5,5.0,Hyundai,Verna 1.6 SX,2,2,1,0.07984829324914772,199.83823999999998,8.644461657629744
Delhi,Petrol,Manual,First,19.81,5,2.2,Hyundai,i10 Era 1.1,1,1,0,0.06266114174708919,73.9023,9.49664429530201
Bangalore,Petrol,Automatic,First,23.1,5,4.0,Maruti,Celerio VXI AT,0,0,0,0.06717434863008583,66.90592000000001,11.561561561561563
Kolkata,Diesel,Manual,First,20.86,5,2.51,Skoda,Fabia 1.2 TDI Ambition,1,1,0,0.061634695528244625,88.60610000000001,9.48613005911778
Delhi,Diesel,Manual,First,25.2,5,4.75,Maruti,Swift VDI BSIV,1,1,0,0.059294871747359874,92.352,11.209964412811386
Pune,Petrol,Manual,Second,16.0,5,2.0,Hyundai,i10 Magna(O) with Sun Roof,1,1,0,0.061418047825581905,72.4362,7.670182166826461
Jaipur,Petrol,Manual,Second,20.36,5,2.1,Hyundai,i10 Magna 1.2,1,1,0,0.06591478691235189,94.44330000000001,9.267182521620391
Mumbai,Petrol,Automatic,First,16.5,5,6.25,Ford,Ecosport 1.5 Ti VCT AT Titanium,0,2,1,0.07338225478760356,164.89,6.602641056422568
Kochi,Diesel,Automatic,Second,11.5,5,10.6,Mercedes-Benz,E-Class 2009-2013 E350 CDI Avantgarde,1,5,3,0.0703046534749566,627.27,2.8843742162026587
Ahmedabad,Diesel,Manual,First,25.2,5,6.0,Maruti,Swift VDI BSIV,0,1,0,0.059294871747359874,92.352,11.209964412811386
Jaipur,Petrol,Manual,Second,16.1,4,0.45,Maruti,800 Std BSIII,0,0,0,0.04648241200190652,29.452,8.964365256124722
Pune,Petrol,Manual,Third,16.1,5,2.5,Maruti,Swift Lxi BSIII,1,1,1,0.06795069332207188,114.48360000000001,7.00609225413403
Mumbai,Petrol,Manual,First,15.29,5,12.75,Hyundai,Creta 1.6 SX Plus Dual Tone Petrol,0,2,1,0.07624135758878607,192.98829999999998,5.901196449247394
Kochi,Diesel,Automatic,First,17.05,5,30.29,BMW,X1 M Sport sDrive 20d,0,3,3,0.09523809519035684,379.05,5.692821368948247
Hyderabad,Petrol,Manual,First,13.8,5,1.6,Ford,Ikon 1.3 Flair,0,1,0,0.05388760580917043,90.93,6.002609830361027
Kochi,Diesel,Manual,First,22.7,5,7.54,Ford,Ecosport 1.5 DV5 MT Titanium Optional,1,2,1,0.059973297690271495,134.58032,9.08726981585268
Kochi,Petrol,Manual,First,20.73,5,6.84,Maruti,Ciaz VXi Plus,0,1,1,0.06635105603324758,125.0803,8.735777496839443
Kolkata,Diesel,Automatic,First,18.33,5,6.0,Volkswagen,Passat Diesel Highline 2.0 TDI,1,3,2,0.08521341459084683,330.0336,6.17587601078167
Pune,Diesel,Manual,First,27.3,5,8.0,Honda,Jazz 1.5 VX i DTEC,0,2,1,0.06582109474911808,147.7028,10.928742994395515
Coimbatore,Diesel,Automatic,First,17.11,5,24.74,Audi,A4 35 TDI Premium,1,3,3,0.0885823170281594,343.08144,5.764824797843666
Kochi,Diesel,Manual,First,24.0,5,5.5,Hyundai,Grand i10 CRDi Sportz Celebration Edition,0,1,0,0.06249999994419642,78.4,11.320754716981131
Delhi,Diesel,Automatic,First,12.0,7,36.0,Mercedes-Benz,GL-Class 2007 2012 350 CDI Luxury,0,5,4,0.07499163037328703,669.088,3.0097817908201656
Coimbatore,Diesel,Manual,First,12.99,7,11.79,Toyota,Innova 2.5 G (Diesel) 7 Seater,1,4,1,0.040336808323842496,250.8964,3.7178019461934744
Jaipur,Petrol,Manual,Second,16.95,5,3.0,Nissan,Sunny 2011-2014 XL,0,2,1,0.06522029368142837,146.3546,6.785428342674138
Bangalore,Diesel,Automatic,Second,20.0,5,6.75,Skoda,Laura Ambiente 2.0 TDI CR AT,1,3,2,0.07017276419198537,271.7808,6.738544474393531
Jaipur,Petrol,Manual,First,14.49,5,1.4,Chevrolet,Aveo 1.4 LS,1,1,1,0.06626161539223616,129.6873,6.040016673614006
Mumbai,Diesel,Manual,First,24.2,7,5.75,Honda,Mobilio V i DTEC,1,2,1,0.06582109474911808,147.7028,9.687750200160126
Hyderabad,Diesel,Manual,First,21.1,5,3.4,Maruti,Ritz VDi,1,1,0,0.059214743542295875,92.22720000000001,9.386120996441282
Coimbatore,Petrol,Manual,Second,16.47,5,4.89,Volkswagen,Polo Petrol Highline 1.2L,0,1,0,0.061686143521130096,88.53220000000002,7.4931756141947226
Mumbai,Petrol,Manual,First,13.24,5,4.95,Nissan,Terrano XL,0,2,1,0.06414267830779556,163.795,5.096227867590454
Coimbatore,Petrol,Automatic,Second,16.98,5,3.49,Maruti,A-Star AT Vxi Aktiv,1,0,0,0.06623246486349452,65.96779999999998,8.498498498498499
Pune,Diesel,Manual,First,23.59,5,3.85,Toyota,Etios Liva GD,0,1,1,0.08304757598967921,154.50968305177113,9.978849407783418
Pune,Petrol,Manual,First,17.0,5,6.35,Honda,City 1.5 S MT,0,2,1,0.07882431524460633,176.646,6.8081698037645175
Coimbatore,Petrol,Automatic,First,18.9,5,7.08,Hyundai,Grand i10 AT Asta,0,1,1,0.06850459476315406,98.154,8.602639963586709
Hyderabad,Diesel,Automatic,First,13.6,5,38.0,Jaguar,XE 2.0L Diesel Prestige,0,3,3,0.08854427209177375,353.823,4.534844948316105
Kolkata,Diesel,Manual,First,12.05,8,6.25,Mahindra,Scorpio VLX,1,3,1,0.05507113352222527,261.48,3.7905001572821644
Mumbai,Petrol,Automatic,First,11.74,5,10.15,Mercedes-Benz,New C-Class C 200 Kompressor Elegance AT,0,2,3,0.10356347432986443,334.056,4.198855507868384
Delhi,Petrol,Automatic,First,13.7,5,10.75,Skoda,Superb Elegance 1.8 TSI AT,1,2,2,0.08773637369981291,283.6345,4.896354538956397
Pune,Diesel,Automatic,First,18.1,4,4.65,Chevrolet,Cruze LTZ AT,2,3,2,0.07428427921934491,294.4689,6.051487796723504
Delhi,Diesel,Manual,First,12.05,8,4.75,Mahindra,Scorpio VLX,1,3,1,0.05507113352222527,261.48,3.7905001572821644
Coimbatore,Petrol,Manual,First,17.1,5,7.78,Hyundai,Verna 1.6 SX VTVT (O),1,2,1,0.07624135758878607,192.98829999999998,6.5997684291779235
Hyderabad,Diesel,Manual,First,23.0,5,6.75,Hyundai,i20 1.4 Asta CRDi with AVN,1,1,1,0.06446991399393272,125.64,9.599332220367279
Hyderabad,Petrol,Automatic,First,16.4,5,2.99,Honda,City ZX CVT,1,2,0,0.052104208382027915,116.766,6.567881457749299
Kolkata,Petrol,Manual,First,20.36,5,2.35,Hyundai,i10 Magna,0,1,0,0.06591478691235189,94.44330000000001,9.267182521620391
Delhi,Diesel,Manual,First,25.8,5,3.65,Honda,Amaze S i-Dtech,1,2,1,0.06582109474911808,147.7028,10.32826261008807
Delhi,Petrol,Manual,Second,22.5,5,2.74,Maruti,Wagon R LXI,0,0,0,0.06717434863008583,66.90592000000001,11.261261261261263
Jaipur,Petrol,Manual,First,19.4,5,3.5,Honda,Brio S MT,1,1,1,0.0724540900897712,103.98639999999999,8.826205641492265
Kochi,Petrol,Manual,First,17.0,5,4.76,Hyundai,i20 1.2 Sportz Option,1,1,0,0.06683375098844298,95.76,7.737824305871643
Kochi,Petrol,Manual,First,15.04,5,6.2,Volkswagen,Vento 2013-2015 1.6 Comfortline,0,2,1,0.06458072586697075,164.9136,5.789068514241724
Pune,Diesel,Manual,Second,18.7,5,2.35,Skoda,Octavia Rider 1.9 TDI MT,1,3,0,0.03481012656391871,125.136,6.457182320441989
Mumbai,Diesel,Automatic,First,13.0,5,24.5,Mercedes-Benz,E-Class 2015-2017 E250 CDI Avantgarde,1,3,3,0.09519365371199551,437.172,4.136175628380529
Pune,Petrol,Manual,First,13.24,5,6.0,Renault,Duster Petrol RxL,0,2,1,0.06418648306371308,163.90686,5.096227867590454
Hyderabad,Petrol,Manual,First,21.1,5,3.65,Hyundai,EON Sportz,0,0,0,0.06781326772995913,44.9328,11.631753031973538
Coimbatore,Petrol,Manual,Second,18.6,5,6.26,Maruti,Swift VXI,0,1,1,0.07167919793510509,102.70259999999999,8.466090122894856
Jaipur,Diesel,Manual,Second,19.5,5,2.1,Nissan,Micra Diesel,1,2,1,0.07753380811460385,165.49754174386922,7.923608289313286
Mumbai,Diesel,Automatic,First,13.22,5,32.95,Audi,Q5 3.0 TDI Quattro Technology,0,5,4,0.08136164473159366,716.2338000000001,3.332493067809428
Coimbatore,Petrol,Manual,First,18.6,5,7.8,Hyundai,i20 1.2 Spotz,0,1,1,0.0683625730423036,97.95051,8.466090122894856
Bangalore,Petrol,Manual,First,19.4,5,4.25,Honda,Brio S MT,0,1,1,0.0724540900897712,103.98639999999999,8.826205641492265
Kochi,Petrol,Manual,First,17.5,5,4.86,Maruti,Swift Dzire ZXi,0,1,1,0.06610169486432843,111.3684,7.6153176675369885
Delhi,Petrol,Manual,First,18.9,5,4.9,Hyundai,Grand i10 1.2 Kappa Magna,0,1,1,0.06838763569892427,97.98642,8.602639963586709
Coimbatore,Diesel,Manual,First,11.68,8,7.06,Mahindra,Xylo E8 ABS BS IV,1,4,1,0.044835868677007264,279.776,3.339050886220697
Delhi,Petrol,Automatic,First,17.21,4,4.5,Volkswagen,Polo GTI,1,2,3,0.10511679638202624,339.822,6.1508220157255185
Coimbatore,Petrol,Manual,First,24.07,5,3.22,Maruti,Alto K10 VXI,0,0,0,0.06723446887050653,66.96579999999999,12.047047047047048
Kolkata,Diesel,Manual,First,22.07,5,3.25,Volkswagen,Polo Diesel Comfortline 1.2L,0,1,0,0.061634695528244625,88.60610000000001,10.03638017280582
Delhi,Petrol,Manual,First,18.9,5,4.53,Hyundai,Grand i10 Sportz,1,1,1,0.06850459476315406,98.154,8.602639963586709
Coimbatore,Diesel,Automatic,First,14.84,5,34.78,Mercedes-Benz,New C-Class C 220 CDI Elegance AT,0,3,2,0.07932804475999625,364.31,4.721603563474388
Pune,Petrol,Automatic,First,15.74,5,6.5,Hyundai,Verna 1.6 SX VTVT AT,0,2,1,0.07624135758878607,192.98829999999998,6.074874565804708
Chennai,Petrol,Manual,First,15.7,5,2.25,Fiat,Punto EVO 1.2 Emotion,1,1,0,0.05716723544610303,78.524,7.228360957642726
Pune,Diesel,Manual,Second,12.99,8,8.0,Toyota,Innova 2.5 VX (Diesel) 8 Seater BS IV,3,4,1,0.04009623093821322,249.4,3.7178019461934744
Kochi,Diesel,Automatic,First,18.49,7,8.37,Mahindra,TUV 300 2015-2019 mHAWK100 T8 AMT,0,2,1,0.06697923639184243,149.3,7.416766947452867
Coimbatore,Diesel,Manual,First,20.14,5,5.39,Volkswagen,Polo 1.5 TDI Comfortline,1,2,1,0.05927903867871893,133.0224,8.062449959967974
Kochi,Diesel,Automatic,First,22.48,5,37.3,BMW,5 Series 520d Luxury Line,0,3,3,0.09523809519035684,379.05,7.505843071786311
Coimbatore,Diesel,Automatic,First,11.57,5,70.8,Mercedes-Benz,GLE 350d,0,5,4,0.08529963170897234,761.05773,2.9019312766491097
Mumbai,Diesel,Automatic,First,11.74,5,22.25,Mercedes-Benz,M-Class ML 350 CDI,1,5,4,0.08530297954961401,761.0876,2.944569852019062
Kochi,Petrol,Manual,First,18.9,5,6.03,Hyundai,Grand i10 1.2 Kappa Sportz,0,1,1,0.06838763569892427,97.98642,8.602639963586709
Mumbai,Petrol,Automatic,First,13.7,5,4.9,Skoda,Superb Elegance 1.8 TSI AT,0,2,2,0.08773637369981291,283.6345,4.896354538956397
Chennai,Petrol,Automatic,First,16.95,5,3.96,Hyundai,i10 Sportz AT,0,1,0,0.06591478691235189,94.44330000000001,7.715065999089667
Hyderabad,Diesel,Manual,First,23.0,5,4.6,Hyundai,i20 1.4 CRDi Asta,2,1,1,0.06446991399393272,125.64,9.599332220367279
Mumbai,Diesel,Manual,Second,12.05,8,5.5,Mahindra,Scorpio VLX,1,3,1,0.05507113352222527,261.48,3.7905001572821644
Mumbai,Petrol,Manual,First,19.4,5,3.25,Honda,Brio V MT,1,1,1,0.0724540900897712,103.98639999999999,8.826205641492265
Jaipur,Petrol,Manual,First,18.6,5,6.25,Hyundai,i20 1.2 Magna Executive,1,1,1,0.0683625730423036,97.95051,8.466090122894856
Pune,Diesel,Manual,Fourth & Above,10.9,7,3.0,Ford,Endeavour 4x2 XLT Limited Edition,1,4,2,0.05722288913276395,357.357,3.1151757645041442
Chennai,Diesel,Manual,First,16.8,5,4.25,Hyundai,Verna CRDi SX,2,2,1,0.07367716003102667,164.23,6.738868832731648
Pune,Diesel,Manual,First,11.5,7,12.25,Toyota,Fortuner 3.0 Diesel,2,5,2,0.05734406436708784,509.922,2.887995981918634
Pune,Diesel,Automatic,Second,17.05,5,10.95,BMW,X1 sDrive20d,1,3,3,0.09223057639487188,367.08,5.692821368948247
Delhi,Diesel,Automatic,First,12.55,7,16.5,Toyota,Fortuner 4x2 AT,1,5,2,0.05650570085294913,502.467,3.1516825715720747
Pune,Petrol,Automatic,First,19.0,5,7.8,Honda,Amaze V CVT Petrol,0,1,1,0.07402835690239502,106.42324,8.640291041382447
Kochi,Petrol,Manual,First,19.81,5,3.7,Hyundai,i10 Era 1.1,0,1,0,0.06266114174708919,73.9023,9.49664429530201
Hyderabad,Petrol,Manual,First,17.0,5,4.0,Hyundai,i20 1.2 Sportz,1,1,0,0.06683375098844298,95.76,7.737824305871643
Mumbai,Diesel,Automatic,First,19.59,5,26.75,BMW,3 Series 320d GT Luxury Line,0,3,3,0.09410526311072417,374.54130000000004,6.540901502504173
Coimbatore,Diesel,Automatic,First,15.17,5,28.03,Audi,Q3 35 TDI Quattro Premium Plus,1,3,3,0.09197154466871364,356.208,5.111185983827493
Kochi,Petrol,Manual,First,20.4,5,5.44,Maruti,Swift VXI Optional,0,1,1,0.06833751038568293,97.9146,9.28538916704597
Delhi,Petrol,Automatic,First,21.4,5,6.2,Maruti,Baleno Delta Automatic,0,1,1,0.06942355883924514,99.4707,9.740555302685479
Kolkata,Petrol,Manual,First,13.2,5,0.9,Hyundai,Accent GLE,0,2,1,0.06287625413854431,140.53,5.290581162324648
Mumbai,Petrol,Manual,First,18.5,5,3.95,Maruti,Ritz LXi,0,1,1,0.07167919793510509,102.70259999999999,8.420573509330906
Pune,Petrol,Manual,Second,26.0,4,0.44,Tata,Nano Lx,1,0,0,0.05608974349985618,21.84,16.009852216748765
Ahmedabad,Diesel,Manual,First,20.0,5,2.75,Ford,Figo Diesel EXI,1,1,0,0.04860614721329081,95.132,8.336807002917881
Hyderabad,Diesel,Automatic,First,18.33,5,7.5,Volkswagen,Passat Diesel Highline 2.0 TDI,1,3,2,0.08521341459084683,330.0336,6.17587601078167
Chennai,Diesel,Manual,Second,19.0,5,2.5,Fiat,Linea Emotion Pack (Diesel),3,1,1,0.07451923070951984,116.064,8.451957295373665
Hyderabad,Diesel,Manual,First,14.95,7,5.0,Mahindra,Xylo D4,3,4,1,0.03764564080448146,233.2193,4.284895385497277
Hyderabad,Petrol,Manual,First,18.9,5,3.6,Maruti,Wagon R VXI,1,0,0,0.06723446887050653,66.96579999999999,9.45945945945946
Kochi,Petrol,Manual,First,17.6,5,3.99,Toyota,Etios G Safety,0,2,1,0.05929144381063406,132.6952,7.051282051282052
Coimbatore,Petrol,Manual,First,18.9,5,5.64,Hyundai,Grand i10 Sportz,0,1,1,0.06850459476315406,98.154,8.602639963586709
Pune,Diesel,Manual,First,12.99,8,12.0,Toyota,Innova 2.5 VX (Diesel) 8 Seater BS IV,3,4,1,0.04009623093821322,249.4,3.7178019461934744
Kolkata,Diesel,Manual,First,16.8,5,0.7,Tata,Indica V2 DLS TC,2,1,0,0.04412811384759564,87.11,6.985446985446985
Mumbai,Diesel,Automatic,First,18.88,5,19.0,BMW,3 Series 320d Sport Line,1,3,3,0.09223057639487188,367.08,6.303839732888147
Delhi,Diesel,Automatic,First,10.91,7,30.48,Ford,Endeavour 3.2 Titanium AT 4X4,0,6,3,0.06160100060612852,630.006,2.598856598380181
Mumbai,Petrol,Manual,First,21.56,5,8.2,Maruti,Ciaz Zeta,0,2,1,0.07062243497221447,150.9515,8.75710804224208
Kolkata,Diesel,Manual,First,25.83,5,7.55,Ford,Figo 1.5D Titanium Plus MT,0,2,1,0.06608811744586908,148.302,10.340272217774217
Pune,Petrol,Manual,Third,15.26,5,0.99,Chevrolet,Aveo U-VA 1.2 LS,1,1,0,0.06513043472597353,86.135,7.097674418604651
Delhi,Petrol,Automatic,First,16.8,5,4.15,Honda,City 1.5 V AT,1,2,1,0.07882431524460633,176.646,6.728073688426112
Chennai,Petrol,Manual,First,16.95,5,6.2,Nissan,Sunny XL,1,2,1,0.06515353800724062,146.20479999999998,6.785428342674138
Kolkata,Petrol,Manual,First,19.1,5,4.4,Maruti,Swift Dzire VXI,0,1,1,0.07167919793510509,102.70259999999999,8.69367319071461
Kolkata,Diesel,Manual,First,20.0,5,2.1,Ford,Figo Diesel Titanium,1,1,0,0.04860614721329081,95.132,8.336807002917881
Jaipur,Diesel,Manual,First,20.3,5,2.2,Fiat,Grande Punto 1.3 Emotion (Diesel),2,1,0,0.060096153797999874,93.6,9.030249110320284
Coimbatore,Petrol,Manual,First,18.6,5,8.34,Hyundai,Elite i20 Petrol Asta,0,1,1,0.06838763569892427,97.98642,8.466090122894856
Kolkata,Diesel,Manual,First,23.4,5,4.35,Maruti,Swift Dzire VDI,0,1,0,0.059294871747359874,92.352,10.409252669039144
Hyderabad,Diesel,Manual,First,22.7,5,6.8,Ford,Ecosport 1.5 DV5 MT Titanium,1,2,1,0.059973297690271495,134.58032,9.08726981585268
Jaipur,Diesel,Manual,First,19.3,5,3.3,Maruti,Swift Dzire VDi,1,1,0,0.059214743542295875,92.22720000000001,8.585409252669038
Kochi,Petrol,Manual,First,18.9,5,5.04,Hyundai,Grand i10 Sportz,0,1,1,0.06850459476315406,98.154,8.602639963586709
Hyderabad,Diesel,Automatic,First,11.4,7,9.2,Ford,Endeavour 3.0L 4X4 AT,1,5,2,0.052102946138807,454.34858,2.8838856564634456
Hyderabad,Diesel,Manual,First,22.07,5,5.7,Volkswagen,Polo Diesel Highline 1.2L,1,1,0,0.061634695528244625,88.60610000000001,10.03638017280582
Kochi,Diesel,Manual,First,18.49,7,8.48,Mahindra,TUV 300 2015-2019 mHAWK100 T8,1,2,1,0.06697923639184243,149.3,7.416766947452867
Hyderabad,Diesel,Automatic,First,11.2,4,48.0,BMW,X6 xDrive 40d,1,5,5,0.10223855659798245,915.858,2.8049085900325568
Hyderabad,Diesel,Manual,First,19.01,5,6.1,Renault,Duster 110PS Diesel RxZ,2,2,1,0.07422997941531144,158.44545000000002,7.724502234863876
Ahmedabad,Petrol,Manual,First,22.5,5,2.75,Maruti,Wagon R LXI,0,0,0,0.06717434863008583,66.90592000000001,11.261261261261263
Pune,Diesel,Manual,First,24.52,7,8.0,Maruti,Ertiga SHVS VDI,2,1,1,0.07091346148163985,110.448,10.90747330960854
Jaipur,Petrol,Manual,First,19.7,5,1.85,Maruti,Alto LXi BSIII,1,0,0,0.05816582907265599,36.8548,10.96881959910913
Jaipur,Petrol,Automatic,First,20.51,5,3.85,Maruti,Wagon R AMT VXI Option,0,0,0,0.06713426846980534,66.866,10.265265265265267
Coimbatore,Petrol,Manual,First,15.1,7,4.74,Maruti,Eeco 7 Seater Standard,0,1,0,0.06103678924662475,87.308,6.876138433515483
Kochi,Diesel,Manual,First,19.6,5,5.63,Renault,Duster 110PS Diesel RxL,1,2,1,0.07422997941531144,158.44545000000002,7.964242177976431
Kochi,Petrol,Manual,First,18.2,5,2.62,Maruti,Zen Estilo 1.1 LX BSIII,0,1,0,0.060320452346540564,67.904,8.830664725861231
Kochi,Petrol,Manual,First,13.06,5,4.9,Renault,Duster Petrol RxL,1,2,1,0.06416145177461736,163.84294,5.026943802925327
Chennai,Petrol,Manual,First,13.5,5,2.65,Honda,Civic 2006-2010 1.8 S MT,2,2,2,0.07226236794204426,233.87,4.82315112540193
Delhi,Diesel,Manual,First,16.0,7,5.99,Mahindra,XUV500 W8 2WD,1,3,2,0.06424965577592949,305.06,5.033029254482542
Chennai,Diesel,Manual,Second,21.0,5,2.4,Mahindra,Verito 1.5 D6 BSIV,2,2,0,0.04387405883376176,93.6501,8.533116619260461
Delhi,Petrol,Manual,First,21.7,5,4.25,Renault,KWID Climber 1.0 MT,0,0,0,0.06706706699993287,66.933,10.855427713856926
Mumbai,Diesel,Automatic,First,15.15,5,40.0,Porsche,Cayenne Diesel,1,5,4,0.08088978763704423,712.08,3.819006806150744
Pune,Diesel,Manual,Second,28.4,5,2.7,Maruti,Swift DDiS VDI,2,1,0,0.059294871747359874,92.352,12.633451957295371
Hyderabad,Petrol,Manual,First,20.63,5,2.99,Datsun,GO T Option,0,1,0,0.055926544193717405,80.266,9.385805277525023
Chennai,Petrol,Manual,First,18.5,5,3.4,Hyundai,i20 1.2 Magna,0,1,0,0.06683375098844298,95.76,8.420573509330906
Coimbatore,Diesel,Automatic,Second,18.12,5,30.8,BMW,5 Series 2013-2017 520d Luxury Line,1,3,3,0.09523809519035684,379.05,6.050083472454091
Mumbai,Diesel,Manual,First,20.77,7,5.85,Maruti,Ertiga ZDI,1,1,1,0.07115384609683184,110.82239999999999,9.239323843416368
Jaipur,Petrol,Manual,First,18.9,5,4.0,Hyundai,Grand i10 Magna,0,1,1,0.06850459476315406,98.154,8.602639963586709
Coimbatore,Petrol,Automatic,First,9.43,5,14.12,BMW,3 Series 330i,1,5,4,0.08477970624673575,760.984,2.35985985985986
Mumbai,Diesel,Manual,First,17.9,5,4.55,Chevrolet,Cruze LTZ,1,3,2,0.08193193189092494,327.07259999999997,5.970647098065377
Jaipur,Diesel,Manual,First,21.1,5,2.9,Maruti,Ritz LDi,1,1,0,0.059214743542295875,92.22720000000001,9.386120996441282
Pune,Petrol,Automatic,Second,11.74,5,6.0,Mercedes-Benz,New C-Class C 200 Kompressor Elegance AT,4,2,3,0.10356347432986443,334.056,4.198855507868384
Kochi,Petrol,Manual,First,18.6,5,6.95,Hyundai,i20 1.2 Magna Executive,0,1,1,0.0683625730423036,97.95051,8.466090122894856
Kolkata,Petrol,Manual,First,20.3,5,2.75,Hyundai,EON 1.0 Kappa Magna Plus Optional,0,0,0,0.06818637267716796,67.9139,10.160160160160162
Pune,Diesel,Manual,First,22.9,5,5.1,Maruti,Swift VDI,1,1,0,0.059294871747359874,92.352,10.186832740213521
Chennai,Petrol,Manual,First,18.6,5,6.75,Hyundai,i20 Sportz 1.2,0,1,1,0.0683625730423036,97.95051,8.466090122894856
Mumbai,Petrol,Manual,First,18.5,5,3.69,Maruti,Ritz ZXi,1,1,1,0.07167919793510509,102.70259999999999,8.420573509330906
Hyderabad,Diesel,Manual,First,22.9,5,5.45,Maruti,Swift VDI,1,1,0,0.059294871747359874,92.352,10.186832740213521
Kochi,Petrol,Manual,First,17.5,5,9.29,Honda,WRV i-VTEC VX,0,1,1,0.07397831520101891,106.35130000000001,7.958162801273306
Chennai,Petrol,Automatic,Second,16.9,5,4.0,Hyundai,Xcent 1.2 Kappa AT S Option,1,1,1,0.06838763569892427,97.98642,7.692307692307692
Kolkata,Petrol,Manual,First,18.0,5,2.9,Honda,Amaze E i-Vtech,0,1,1,0.07237061763575073,103.8666,8.18926296633303
Pune,Petrol,Manual,First,17.1,5,5.25,Hyundai,Verna 1.6 SX VTVT (O),0,2,1,0.07624135758878607,192.98829999999998,6.5997684291779235
Mumbai,Petrol,Manual,First,16.8,5,5.75,Honda,City V MT,1,2,1,0.07768871070294675,174.1011,6.728073688426112
Coimbatore,Petrol,Manual,First,15.29,5,13.12,Hyundai,Creta 1.6 SX Plus Dual Tone Petrol,0,2,1,0.07624135758878607,192.98829999999998,5.901196449247394
Kochi,Diesel,Manual,First,15.1,7,7.83,Mahindra,XUV500 W8 2WD,1,3,2,0.06424965577592949,305.06,4.749921358917899
Mumbai,CNG,Manual,First,26.6,5,3.15,Maruti,Wagon R LXI CNG,0,0,0,0.058276553047819084,58.043679999999995,13.313313313313316
Mumbai,Diesel,Manual,First,12.8,7,10.4,Toyota,Innova 2.5 V Diesel 7-seater,1,4,1,0.040898155556977484,254.388,3.6634230108757873
Pune,Diesel,Manual,First,22.9,5,4.35,Maruti,Swift VDI,1,1,0,0.059294871747359874,92.352,10.186832740213521
Coimbatore,Petrol,Automatic,First,22.5,5,5.23,Maruti,Wagon R VXI AMT,0,0,0,0.06713426846980534,66.866,11.261261261261263
Coimbatore,Petrol,Manual,First,18.9,5,6.01,Hyundai,Grand i10 1.2 Kappa Asta,0,1,1,0.06838763569892427,97.98642,8.602639963586709
Hyderabad,Diesel,Manual,First,25.8,5,4.4,Honda,Amaze VX i-DTEC,1,2,1,0.06582109474911808,147.7028,10.32826261008807
Chennai,Diesel,Automatic,First,16.07,5,12.75,BMW,3 Series 320d Highline,1,3,3,0.09072681699712941,361.095,5.365609348914858
Delhi,Petrol,Manual,First,15.6,5,2.4,Ford,Figo Petrol Titanium,1,1,0,0.05852842804470867,83.72,7.103825136612023
Kochi,Petrol,Manual,First,17.0,5,5.71,Volkswagen,Ameo 1.2 MPI Trendline,0,1,0,0.061560934840099384,88.3525,7.734303912647862
Kochi,Diesel,Manual,Second,22.7,5,5.49,Ford,Ecosport 1.5 DV5 MT Trend,1,2,1,0.059973297690271495,134.58032,9.08726981585268
Pune,Petrol,Manual,Second,13.0,5,1.3,Honda,City 1.3 EXI,1,1,1,0.0670141473812255,120.87,5.548442168160478
Kolkata,Diesel,Manual,First,16.0,7,8.5,Mahindra,XUV500 W6 2WD,1,3,2,0.06424965577592949,305.06,5.033029254482542
Delhi,Diesel,Manual,First,13.0,7,12.99,Toyota,Fortuner 4x2 Manual,2,5,2,0.05650570085294913,502.467,3.2646911099949776
Kolkata,Petrol,Manual,First,18.9,5,5.0,Hyundai,Grand i10 1.2 Kappa Magna,0,1,1,0.06838763569892427,97.98642,8.602639963586709
Pune,Diesel,Automatic,First,28.4,5,9.0,Maruti,Dzire AMT ZDI Plus,0,1,0,0.05909455123469987,92.04,12.633451957295371
Kochi,Diesel,Manual,First,22.9,5,5.22,Maruti,Swift VDI,0,1,0,0.059294871747359874,92.352,10.186832740213521
Pune,Petrol,Manual,First,16.47,5,3.8,Volkswagen,Polo Petrol Highline 1.2L,0,1,0,0.061686143521130096,88.53220000000002,7.4931756141947226
Coimbatore,Petrol,Manual,First,18.16,5,7.27,Toyota,Etios Liva 1.2 VX Dual Tone,0,1,0,0.06591478691235189,94.44330000000001,8.265817023213472
Mumbai,Petrol,Manual,First,22.0,5,5.1,Maruti,Swift VXI,0,1,1,0.06833751038568293,97.9146,10.013654984069186
Bangalore,Diesel,Automatic,First,14.21,5,29.0,Mercedes-Benz,E-Class 2009-2013 E250 CDI Elegance,0,3,3,0.09472701815458376,435.029,4.521158129175947
Pune,Petrol,Manual,First,18.9,5,2.9,Maruti,Wagon R VXI,1,0,0,0.06723446887050653,66.96579999999999,9.45945945945946
Kochi,Petrol,Manual,First,26.0,4,1.38,Tata,Nano Lx BSIV,0,0,0,0.05608974349985618,21.84,16.009852216748765
Bangalore,Petrol,Manual,First,13.4,5,5.5,Skoda,Laura 1.8 TSI Ambiente,0,2,2,0.08776418237610446,283.7244,4.789135096497498
Mumbai,Petrol,Automatic,First,17.21,5,7.25,Volkswagen,Polo GT TSI,0,1,1,0.0864661653412981,123.8895,7.83340919435594
Coimbatore,Diesel,Manual,First,22.32,5,6.98,Hyundai,Verna 1.6 SX,1,2,1,0.07984829324914772,199.83823999999998,8.644461657629744
Hyderabad,Diesel,Manual,First,22.95,5,5.25,Tata,Bolt Quadrajet XE,0,1,0,0.059294871747359874,92.352,10.209074733096084
Kolkata,Petrol,Manual,First,21.1,5,1.95,Hyundai,EON D Lite Plus,0,0,0,0.06781326772995913,44.9328,11.631753031973538
Bangalore,Diesel,Automatic,First,17.11,5,24.5,Audi,A4 2.0 TDI 177 Bhp Premium Plus,0,3,3,0.0885823170281594,343.08144,5.764824797843666
Kochi,Diesel,Manual,First,12.99,7,8.31,Toyota,Innova 2.5 GX (Diesel) 7 Seater,1,4,1,0.04009623093821322,249.4,3.7178019461934744
Hyderabad,Diesel,Automatic,First,11.74,5,36.0,Mercedes-Benz,M-Class ML 350 CDI,1,5,4,0.08530297954961401,761.0876,2.944569852019062
Pune,Diesel,Manual,First,24.4,5,5.5,Hyundai,Xcent 1.1 CRDi S,1,1,0,0.06339285708625637,79.52,11.509433962264149
Kochi,Petrol,Automatic,First,11.7,5,5.89,Honda,Accord 2.4 AT,1,4,3,0.07544604924577483,418.07039999999995,3.4883720930232553
Kochi,Diesel,Manual,First,20.34,5,7.95,Volkswagen,Vento 1.5 TDI Highline,1,2,1,0.06889185576175443,154.5936,8.142514011208966
Mumbai,Petrol,Manual,First,17.0,5,2.75,Hyundai,i20 Sportz Petrol,1,1,0,0.06683375098844298,95.76,7.737824305871643
Jaipur,Diesel,Manual,First,22.7,5,6.25,Hyundai,Elantra CRDi SX,1,2,1,0.07979772434905326,199.71168,8.79163439194423
Hyderabad,Diesel,Manual,First,20.0,5,4.95,Ford,Figo Diesel Titanium,0,1,0,0.04864188702741823,95.20195,8.336807002917881
Kochi,Petrol,Manual,First,18.6,5,6.27,Hyundai,i20 1.2 Magna Executive,0,1,1,0.0683625730423036,97.95051,8.466090122894856
Kolkata,Diesel,Manual,First,23.9,5,8.65,Hyundai,Verna 1.6 CRDi SX,0,2,1,0.07977243989900604,199.64839999999998,9.256390395042603
Kolkata,Petrol,Manual,First,18.9,5,3.5,Hyundai,Grand i10 Asta,0,1,1,0.06850459476315406,98.154,8.602639963586709
Hyderabad,Diesel,Automatic,First,14.16,5,35.0,Audi,Q5 2.0 TDI,1,3,3,0.08856707312572812,343.0224,4.77088948787062
Kolkata,Petrol,Manual,First,17.5,5,4.45,Maruti,Swift Dzire ZXi,0,1,1,0.06610169486432843,111.3684,7.6153176675369885
Kolkata,Petrol,Manual,First,18.5,5,2.65,Hyundai,i20 Magna,0,1,0,0.06683375098844298,95.76,8.420573509330906
Kolkata,Diesel,Manual,First,25.32,5,4.7,Mahindra,KUV 100 mFALCON D75 K4 Plus 5str,0,1,0,0.06427378959576478,92.246,11.519563239308463
Ahmedabad,Diesel,Automatic,First,18.23,5,8.9,Hyundai,Elantra 1.6 SX Option AT,0,2,1,0.07977243989900604,199.64839999999998,7.060418280402789
Mumbai,Diesel,Manual,First,17.1,5,17.45,Jeep,Compass 2.0 Limited Option Black,0,3,2,0.08691206539523923,332.52,5.7848443843031125
Coimbatore,Diesel,Manual,First,24.3,5,9.58,Maruti,Vitara Brezza VDi Option,1,1,1,0.07091346148163985,110.448,10.809608540925266
Kochi,Petrol,Manual,First,14.28,5,6.22,Toyota,Corolla Altis 1.8 GL,1,2,2,0.07676863177042902,248.17794,5.103645461043603
Kolkata,Diesel,Manual,First,15.1,7,7.8,Mahindra,XUV500 W8 2WD,1,3,2,0.06424965577592949,305.06,4.749921358917899
Mumbai,Diesel,Automatic,First,20.68,5,27.75,BMW,X1 xDrive 20d xLine,0,3,3,0.09523809519035684,379.05,6.904841402337229
Pune,Diesel,Manual,Second,22.54,5,7.0,Hyundai,i20 Magna 1.4 CRDi,0,1,1,0.06356017187424057,123.86708,9.407345575959933
Coimbatore,Diesel,Automatic,First,11.57,5,64.87,Mercedes-Benz,GLE 350d,0,5,4,0.08529963170897234,761.05773,2.9019312766491097
Bangalore,Diesel,Manual,Second,17.3,5,6.5,Chevrolet,Cruze LTZ,1,3,2,0.08193193189092494,327.07259999999997,5.770513675783856
Jaipur,Petrol,Manual,Second,18.5,5,2.7,Hyundai,i20 1.2 Magna,1,1,0,0.06683375098844298,95.76,8.420573509330906
Mumbai,Petrol,Manual,Second,19.4,5,2.5,Honda,Brio S MT,1,1,1,0.0724540900897712,103.98639999999999,8.826205641492265
Hyderabad,Diesel,Manual,First,19.3,7,3.9,Nissan,Evalia 2013 XL,3,2,1,0.05804243664747266,123.89280000000001,7.842340511986996
Delhi,Petrol,Manual,First,16.47,5,3.95,Volkswagen,Polo Petrol Trendline 1.2L,1,1,0,0.061686143521130096,88.53220000000002,7.4931756141947226
Chennai,Petrol,Manual,Second,20.36,5,2.1,Hyundai,i10 Sportz 1.2,1,1,0,0.06591478691235189,94.44330000000001,9.267182521620391
Pune,Diesel,Automatic,Third,18.1,4,3.5,Chevrolet,Cruze LTZ AT,1,3,2,0.07428427921934491,294.4689,6.051487796723504
Hyderabad,Petrol,Manual,Second,19.81,5,2.0,Hyundai,i10 Era,1,1,0,0.06266114174708919,73.9023,9.49664429530201
Delhi,Diesel,Manual,First,20.77,7,5.35,Maruti,Ertiga VDI,1,1,1,0.07112179481480625,110.77248000000002,9.239323843416368
Delhi,Diesel,Manual,First,25.8,5,3.8,Honda,Amaze S i-Dtech,1,2,1,0.06582109474911808,147.7028,10.32826261008807
Mumbai,Petrol,Automatic,First,15.5,5,17.25,Mercedes-Benz,A Class A180 Sport,0,2,1,0.07648902816521064,194.59,5.973025048169557
Kochi,Petrol,Manual,First,18.9,5,5.53,Hyundai,Grand i10 1.2 Kappa Magna,0,1,1,0.06838763569892427,97.98642,8.602639963586709
Pune,Petrol,Manual,Third,20.36,5,1.95,Hyundai,i10 Sportz 1.2,1,1,0,0.06591478691235189,94.44330000000001,9.267182521620391
Hyderabad,Diesel,Manual,First,28.4,5,8.2,Maruti,Swift DDiS ZDI Plus,0,1,0,0.059294871747359874,92.352,12.633451957295371
Pune,Petrol,Manual,First,13.0,5,0.9,Honda,City 1.3 EXI,2,1,1,0.0670141473812255,120.87,5.548442168160478
Pune,Diesel,Manual,Third,12.99,7,6.5,Toyota,Innova 2.5 GX (Diesel) 7 Seater,5,4,1,0.040336808323842496,250.8964,3.7178019461934744
Coimbatore,Diesel,Automatic,First,23.8,5,19.41,Mini,Cooper Countryman D High,0,3,1,0.05605605602799997,223.776,7.938625750500334
Coimbatore,Petrol,Manual,First,15.7,5,6.58,Fiat,Linea T-Jet Active,0,1,1,0.08216374262999726,153.7632,6.630067567567567
Mumbai,Petrol,Manual,Second,14.49,5,2.1,Chevrolet,Aveo 1.4 LT,1,1,1,0.06626161539223616,129.6873,6.040016673614006
Chennai,Petrol,Manual,Second,19.81,5,2.0,Hyundai,i10 Era 1.1,1,1,0,0.06266114174708919,73.9023,9.49664429530201
Delhi,Diesel,Manual,First,24.4,5,3.7,Hyundai,Xcent 1.1 CRDi Base,1,1,0,0.06339285708625637,79.52,11.509433962264149
Mumbai,Petrol,Automatic,First,23.1,5,3.8,Maruti,Celerio VXI AT,1,0,0,0.06717434863008583,66.90592000000001,11.561561561561563
Jaipur,Petrol,Manual,First,20.36,5,3.25,Hyundai,i10 Sportz,1,1,0,0.06591478691235189,94.44330000000001,9.267182521620391
Coimbatore,Diesel,Manual,First,19.87,5,5.53,Renault,Duster 85PS Diesel RxL,1,2,1,0.057357973951158124,122.43180000000001,8.073953677366923
Ahmedabad,Diesel,Automatic,Second,22.69,5,10.9,BMW,3 Series 320d,1,3,3,0.09523809519035684,379.05,7.5759599332220375
Kolkata,Petrol,Manual,First,18.9,5,5.1,Hyundai,Grand i10 Sportz,0,1,1,0.06850459476315406,98.154,8.602639963586709
Pune,Petrol,Manual,Second,18.0,5,1.6,Chevrolet,Spark 1.0 LS,0,0,0,0.06231155772632004,61.69,9.022556390977442
Ahmedabad,Petrol,Manual,First,17.4,5,11.25,Honda,City i VTEC VX Option,0,2,1,0.07835671337451121,175.59810000000002,6.96836203444133
Chennai,Diesel,Manual,First,20.54,5,5.9,Volkswagen,Vento Diesel Highline,5,2,1,0.064831038757928,165.5528,7.906081601231716
Delhi,Diesel,Automatic,First,11.5,7,14.4,Toyota,Fortuner 4x2 4 Speed AT,1,5,2,0.056673373555776875,503.958,2.887995981918634
Delhi,Petrol,Manual,First,17.0,5,3.6,Honda,City 1.5 S MT,1,2,1,0.07882431524460633,176.646,6.8081698037645175
Jaipur,Diesel,Automatic,First,18.12,5,40.5,BMW,5 Series 2013-2017 520d Luxury Line,0,3,3,0.09523809519035684,379.05,6.050083472454091
Bangalore,Diesel,Automatic,Second,14.16,5,38.95,Audi,Q5 30 TDI quattro Premium Plus,0,3,3,0.08856707312572812,343.0224,4.77088948787062
Delhi,Diesel,Manual,First,23.2,5,3.6,Maruti,Ritz LDi,0,1,0,0.05924679482432147,92.27712,10.320284697508896
Kochi,Diesel,Automatic,First,21.21,5,7.12,Volkswagen,Vento 1.5 TDI Highline AT,0,2,1,0.06889185576175443,154.5936,8.490792634107285
Kochi,Diesel,Manual,First,26.0,5,7.52,Honda,City i DTEC SV,1,2,1,0.06582109474911808,147.7028,10.408326661329061
Delhi,Diesel,Automatic,Second,15.2,5,10.35,Audi,A4 New 2.0 TDI Multitronic,1,3,2,0.07154471541080046,277.0944,5.121293800539084
Hyderabad,Petrol,Manual,First,15.0,5,7.0,Skoda,Rapid 1.6 MPI Elegance,1,2,1,0.06478097617973655,165.42496,5.773672055427252
Delhi,Diesel,Manual,First,11.5,7,10.85,Toyota,Fortuner 3.0 Diesel,1,5,2,0.05734406436708784,509.922,2.887995981918634
Mumbai,Diesel,Manual,First,16.52,5,2.35,Chevrolet,Optra Magnum 2.0 LT BS3,1,3,1,0.06212958309285305,246.28670000000002,5.523236375794048
Mumbai,Petrol,Manual,First,15.1,7,2.9,Maruti,Eeco 7 Seater Standard,0,1,0,0.06103678924662475,87.308,6.876138433515483
Delhi,Petrol,Manual,First,20.73,5,7.65,Maruti,Ciaz ZXi,0,1,1,0.06635105603324758,125.0803,8.735777496839443
Delhi,Diesel,Manual,First,28.09,5,6.4,Maruti,Ciaz VDi Plus SHVS,1,1,1,0.07091346148163985,110.448,12.495551601423486
Pune,Diesel,Manual,First,12.99,7,10.1,Toyota,Innova 2.5 LE 2014 Diesel 7 Seater,2,4,1,0.040336808323842496,250.8964,3.7178019461934744
Kolkata,Petrol,Manual,First,19.1,5,4.25,Maruti,Swift Dzire VXI,0,1,1,0.07167919793510509,102.70259999999999,8.69367319071461
Kochi,Diesel,Automatic,First,11.36,7,19.65,Toyota,Innova Crysta 2.8 GX AT,0,5,2,0.062250453697912725,472.4825,3.025299600532623
Pune,Diesel,Manual,First,25.0,5,4.4,Tata,Indica V2 eLX,0,1,0,0.049426934062015086,96.324,10.434056761268781
Jaipur,Petrol,Manual,First,18.5,5,3.25,Hyundai,i20 Magna,1,1,1,0.06921470336740625,99.17145,8.420573509330906
Pune,Diesel,Manual,First,17.8,5,2.8,Ford,Fiesta 1.4 Duratorq ZXI,1,1,0,0.04860614721329081,95.132,7.419758232596915
Kolkata,Diesel,Manual,First,18.2,8,4.3,Chevrolet,Enjoy 1.3 TCDi LS 8,0,1,0,0.05908653841419347,92.02752,8.096085409252668
Chennai,Diesel,Manual,Third,17.8,5,1.55,Ford,Fiesta 1.4 Duratorq EXI,1,1,0,0.04860614721329081,95.132,7.419758232596915
Chennai,Petrol,Manual,Second,10.8,5,4.7,Honda,CR-V 2.4 MT,1,4,2,0.06457094304818567,357.808,3.2200357781753133
Kochi,Petrol,Manual,First,18.7,5,7.07,Honda,Jazz 1.2 VX i VTEC,0,1,1,0.07397831520101891,106.35130000000001,8.503865393360618
Delhi,Diesel,Automatic,First,11.0,7,79.0,Mercedes-Benz,GLS 350d Grand Edition,0,5,4,0.08637428855494668,770.646,2.7589666415851517
Delhi,Petrol,Manual,First,18.9,5,5.75,Hyundai,Grand i10 1.2 Kappa Sportz,0,1,1,0.06838763569892427,97.98642,8.602639963586709
Mumbai,Petrol,Manual,First,18.5,5,3.25,Maruti,Ritz VXi,0,1,1,0.07167919793510509,102.70259999999999,8.420573509330906
Coimbatore,Diesel,Automatic,First,22.0,5,8.89,Volkswagen,Ameo 1.5 TDI Highline AT,0,2,1,0.07242656870999561,162.52551,8.807045636509207
Mumbai,Petrol,Manual,First,17.4,5,5.9,Honda,City i VTEC SV,1,2,1,0.07835671337451121,175.59810000000002,6.96836203444133
Kolkata,Petrol,Manual,First,18.7,5,4.95,Honda,Jazz 1.2 S i VTEC,0,1,1,0.07397831520101891,106.35130000000001,8.503865393360618
Delhi,Diesel,Manual,First,17.8,5,3.75,Maruti,Swift Ldi BSIV,1,1,0,0.060096153797999874,93.6,7.918149466192171
Kochi,Diesel,Automatic,First,17.01,5,10.97,Hyundai,Creta 1.6 CRDi AT SX Plus,0,2,1,0.07977243989900604,199.64839999999998,6.587916343919443
Kochi,Diesel,Automatic,Second,14.4,5,24.94,Audi,A7 2011-2015 3.0 TDI Quattro,1,5,4,0.08136164473159366,716.2338000000001,3.629947063271994
Kolkata,Petrol,Manual,First,21.1,5,1.97,Hyundai,EON D Lite Plus,0,0,0,0.06781326772995913,44.9328,11.631753031973538
Jaipur,Diesel,Manual,Second,20.0,5,1.4,Ford,Figo Diesel EXI,1,1,0,0.04860614721329081,95.132,8.336807002917881
Coimbatore,Petrol,Manual,First,17.0,5,7.27,Volkswagen,Ameo 1.2 MPI Highline,0,1,0,0.061560934840099384,88.3525,7.734303912647862
Kolkata,Diesel,Manual,First,21.64,5,4.0,Renault,Scala Diesel RxL,0,2,1,0.05804243664747266,123.89280000000001,8.79317350670459
Kolkata,Petrol,Manual,First,18.7,5,4.75,Honda,Jazz 1.2 V i VTEC,0,1,1,0.07397831520101891,106.35130000000001,8.503865393360618
Delhi,Petrol,Manual,First,17.0,5,5.1,Hyundai,i20 1.2 Sportz,0,1,0,0.06683375098844298,95.76,7.737824305871643
Coimbatore,Diesel,Automatic,First,14.94,5,16.11,Audi,A4 3.0 TDI Quattro Premium,0,5,4,0.08136164473159366,716.2338000000001,3.766070078144694
Delhi,Diesel,Automatic,First,11.18,7,10.55,Mahindra,Ssangyong Rexton RX7,1,5,3,0.06824925813492239,496.064,3.024891774891775
Ahmedabad,Diesel,Automatic,First,12.9,7,30.0,Toyota,Fortuner 2.8 2WD AT,0,5,3,0.0633393829171182,480.7475,3.435419440745673
Kolkata,Diesel,Manual,First,18.7,5,1.6,Skoda,Octavia Classic 1.9 TDI MT,1,3,0,0.03481012656391871,125.136,6.457182320441989
Hyderabad,Diesel,Automatic,First,15.8,5,18.49,Mercedes-Benz,New C-Class 250 CDI Classic,0,3,2,0.07914338916240997,365.16,5.019059720457434
Kochi,Petrol,Manual,First,20.73,5,9.96,Maruti,Ciaz 1.4 Zeta,0,1,1,0.06635105603324758,125.0803,8.735777496839443
Hyderabad,Diesel,Manual,Second,22.9,5,4.75,Maruti,Swift ZDi,1,1,0,0.059294871747359874,92.352,10.186832740213521
Bangalore,Diesel,Manual,Third,13.1,10,3.65,Toyota,Qualis FS B3,1,4,0,0.030662305792860875,183.45,3.8015089959373185
Delhi,Diesel,Automatic,Second,16.73,5,15.5,BMW,5 Series 2007-2010 525d Sedan,0,4,3,0.08737474946397807,543.91,4.786838340486409
Kochi,Diesel,Manual,First,10.5,6,11.82,Mitsubishi,Pajero 2.8 SFX BSIII Dual Tone,0,5,1,0.04123456788668975,331.4115,2.7379400260756195
Delhi,Petrol,Manual,First,13.4,5,2.05,Toyota,Corolla H2,1,2,1,0.06967670007264398,224.25,4.795991410164639
Ahmedabad,CNG,Manual,First,26.6,5,3.3,Maruti,Wagon R LXI CNG,1,0,0,0.058276553047819084,58.043679999999995,13.313313313313316
Mumbai,Petrol,Manual,First,16.8,8,2.25,Maruti,Omni E MPI STD BS IV,0,0,0,0.04296482406662711,27.223200000000002,9.35412026726058
Kochi,Diesel,Automatic,First,17.68,5,20.12,Audi,A6 2011-2015 2.0 TDI,1,3,3,0.0885823170281594,343.08144,5.9568733153638815
Chennai,CNG,Manual,First,25.0,5,4.95,Hyundai,Xcent 1.2 Kappa S Option CNG,0,1,1,0.06838763569892427,97.98642,11.37915339098771
Coimbatore,Diesel,Manual,First,27.3,5,7.48,Honda,Jazz 1.5 S i DTEC,0,2,1,0.06582109474911808,147.7028,10.928742994395515
Mumbai,Petrol,Automatic,Second,10.5,5,5.5,Mercedes-Benz,E-Class 200 Kompressor Elegance,1,2,2,0.08780623603128827,283.22919999999993,3.7553648068669525
Kochi,Diesel,Automatic,First,16.55,5,13.19,Audi,A4 2.0 TDI,0,3,2,0.0749542682545964,290.29967999999997,5.576145552560647
Mumbai,Petrol,Manual,First,19.1,5,3.85,Maruti,Swift Dzire VXI,1,1,1,0.07167919793510509,102.70259999999999,8.69367319071461
Delhi,Diesel,Manual,First,28.4,5,5.75,Maruti,Dzire VDI,0,1,0,0.05909455123469987,92.04,12.633451957295371
Pune,Diesel,Manual,First,15.1,7,9.0,Mahindra,XUV500 W8 4WD,1,3,2,0.06424965577592949,305.06,4.749921358917899
Kochi,Petrol,Manual,First,18.6,5,2.21,Chevrolet,Beat LT,1,1,0,0.06622185148772156,95.20060000000001,8.458390177353344
Kochi,Diesel,Manual,First,23.0,5,8.09,Ford,EcoSport 1.5 Diesel Titanium Plus,1,2,1,0.06606141517619397,148.24208,9.20736589271417
Coimbatore,Diesel,Automatic,First,14.69,5,48.63,BMW,5 Series 2013-2017 530d M Sport,0,5,4,0.08620113595516167,772.194,3.6789381417480587
Coimbatore,Diesel,Automatic,Second,14.16,5,39.47,Audi,Q5 30 TDI quattro Premium Plus,0,3,3,0.08856707312572812,343.0224,4.77088948787062
Coimbatore,Diesel,Automatic,Second,20.68,5,22.24,BMW,X1 sDrive 20d xLine,0,3,3,0.09523809519035684,379.05,6.904841402337229
Mumbai,Petrol,Automatic,First,19.2,5,2.6,Hyundai,i10 Magna AT,0,1,0,0.06683375098844298,95.76,8.739189804278562
Ahmedabad,Diesel,Automatic,First,17.01,5,12.0,Hyundai,Creta 1.6 CRDi AT SX Plus,1,2,1,0.07977243989900604,199.64839999999998,6.587916343919443
Chennai,Diesel,Automatic,First,17.11,5,18.0,Audi,A4 2.0 TDI 177 Bhp Premium Plus,1,3,3,0.0885823170281594,343.08144,5.764824797843666
Mumbai,Petrol,Automatic,Third,10.13,5,9.99,Mercedes-Benz,S Class 2005 2013 S 350 L,1,7,7,0.10431675240013814,1276.4202,2.252112049799911
Kolkata,Petrol,Manual,First,20.36,5,2.45,Hyundai,i10 Magna,1,1,0,0.06591478691235189,94.44330000000001,9.267182521620391
Mumbai,Diesel,Manual,First,23.0,5,8.99,Ford,EcoSport 1.5 Diesel Titanium,0,2,1,0.06606141517619397,148.24208,9.20736589271417
Kolkata,Diesel,Manual,First,20.54,5,3.15,Volkswagen,Vento Diesel Highline,0,2,1,0.064831038757928,165.5528,7.906081601231716
Jaipur,Diesel,Manual,First,28.4,5,8.2,Maruti,Dzire ZDI Plus,0,1,0,0.05909455123469987,92.04,12.633451957295371
Ahmedabad,Diesel,Manual,First,15.4,7,11.5,Mahindra,Scorpio 1.99 S10,1,3,1,0.060090135172714,239.64,5.138471805138472
Coimbatore,Diesel,Manual,First,22.54,5,7.3,Hyundai,i20 Asta 1.4 CRDi,0,1,1,0.06356017187424057,123.86708,9.407345575959933
Chennai,Petrol,Manual,First,19.7,5,1.59,Maruti,Alto LXi,1,0,0,0.05816582907265599,36.8548,10.96881959910913
Delhi,Petrol,Manual,Second,20.36,5,3.15,Hyundai,i10 Magna,0,1,0,0.06591478691235189,94.44330000000001,9.267182521620391
Kolkata,Diesel,Manual,Second,15.4,7,8.5,Mahindra,Scorpio S6 7 Seater,1,3,1,0.05507113352222527,261.48,4.844290657439447
Hyderabad,Diesel,Manual,First,19.5,5,3.0,Skoda,Fabia 1.2L Diesel Classic,1,1,0,0.06255212672014,89.925,8.867667121418828
Mumbai,Diesel,Automatic,First,15.3,5,21.0,BMW,X5 xDrive 30d,1,5,4,0.08620113595516167,772.194,3.8317054845980465
Hyderabad,Diesel,Manual,First,27.3,5,7.75,Honda,Jazz 1.5 S i DTEC,0,2,1,0.06582109474911808,147.7028,10.928742994395515
Mumbai,Diesel,Automatic,First,10.0,5,23.0,Mercedes-Benz,E-Class 2009-2013 E 220 CDI Avantgarde,0,3,2,0.07914338916240997,365.16,3.1766200762388817
Mumbai,Diesel,Automatic,First,16.0,7,13.75,Mahindra,XUV500 AT W10 FWD,0,3,2,0.06424965577592949,305.06,5.033029254482542
Kochi,Petrol,Automatic,First,18.0,5,8.29,Honda,City i VTEC CVT SV,0,2,1,0.07835671337451121,175.59810000000002,7.2086503804565485
Coimbatore,Diesel,Manual,First,22.9,5,5.79,Maruti,Swift VDI,1,1,0,0.059294871747359874,92.352,10.186832740213521
Coimbatore,Diesel,Automatic,First,14.84,5,30.5,Mercedes-Benz,New C-Class 220 CDI AT,0,3,2,0.07932804475999625,364.31,4.721603563474388
Mumbai,Petrol,Manual,First,17.0,5,3.8,Honda,City 1.5 S MT,0,2,1,0.07882431524460633,176.646,6.8081698037645175
Bangalore,Diesel,Manual,First,15.3,7,4.45,Tata,Sumo EX,1,5,1,0.028349120423427226,247.7128,3.867542972699697
Delhi,Petrol,Manual,First,18.5,5,3.3,Hyundai,i20 Magna,1,1,1,0.06921470336740625,99.17145,8.420573509330906
Jaipur,Diesel,Manual,Second,20.4,5,1.75,Fiat,Linea 1.3 Dynamic,1,1,1,0.07307692301836785,113.8176,9.074733096085408
Bangalore,Petrol,Automatic,Second,12.9,5,5.5,Honda,Civic 2006-2010 1.8 V AT,1,2,2,0.07226236794204426,233.87,4.608788853161844
Pune,Diesel,Manual,First,19.67,5,13.35,Hyundai,Creta 1.6 SX Plus Diesel,0,2,1,0.07977243989900604,199.64839999999998,7.618125484120838
Delhi,Diesel,Automatic,Second,20.38,5,22.5,Audi,A3 35 TDI Technology,0,3,2,0.0726626015890942,281.424,6.866576819407007
Delhi,Petrol,Manual,Second,17.0,5,5.25,Hyundai,Verna VTVT 1.6 SX Option,1,2,1,0.07624135758878607,192.98829999999998,6.561173292165186
Hyderabad,Diesel,Manual,First,21.9,5,3.75,Hyundai,i20 1.4 CRDi Magna,1,1,1,0.06446991399393272,125.64,9.140233722871452
Kochi,Diesel,Manual,First,24.2,7,6.32,Honda,Mobilio S i DTEC,1,2,1,0.06582109474911808,147.7028,9.687750200160126
Bangalore,Diesel,Automatic,First,22.32,5,7.75,Hyundai,Verna 1.6 SX CRDI (O) AT,1,2,1,0.07984829324914772,199.83823999999998,8.644461657629744
Chennai,Petrol,Manual,Second,15.3,5,1.37,Ford,Fiesta 1.6 ZXI Duratec,1,2,1,0.06328320798039899,161.196,5.8936825885978426
Mumbai,Petrol,Manual,First,20.36,5,2.1,Hyundai,i10 Sportz 1.2,1,1,0,0.06591478691235189,94.44330000000001,9.267182521620391
Hyderabad,Diesel,Manual,First,24.3,5,9.3,Maruti,Vitara Brezza ZDi,0,1,1,0.07091346148163985,110.448,10.809608540925266
Ahmedabad,Diesel,Manual,First,12.99,7,12.0,Toyota,Innova 2.5 VX (Diesel) 7 Seater,1,4,1,0.040336808323842496,250.8964,3.7178019461934744
Pune,Diesel,Automatic,First,17.9,5,23.5,Mercedes-Benz,GLA Class 200 d Sport,0,3,2,0.063462435807997,291.448,5.695195672923958
Hyderabad,Petrol,Manual,First,19.7,5,1.8,Maruti,Alto LXi BSIII,1,0,0,0.05816582907265599,36.8548,10.96881959910913
Chennai,Diesel,Automatic,Second,14.84,5,12.5,Mercedes-Benz,New C-Class C 220 CDI Elegance AT,1,3,2,0.07932804475999625,364.31,4.721603563474388
Delhi,Diesel,Manual,First,22.9,5,4.74,Maruti,Swift LDI,1,1,0,0.059294871747359874,92.352,10.186832740213521
Kochi,Petrol,Manual,First,18.9,5,5.43,Hyundai,Grand i10 Sportz,0,1,1,0.06850459476315406,98.154,8.602639963586709
Kochi,Diesel,Automatic,Second,12.55,7,31.62,Toyota,Fortuner 4x4 AT,0,5,2,0.05650570085294913,502.467,3.1516825715720747
Kolkata,Petrol,Manual,First,12.4,8,6.3,Toyota,Innova 2.0 GX 8 STR,1,3,2,0.06606606603299996,263.736,4.136090727151434
Kochi,Diesel,Manual,First,22.77,5,8.45,Ford,EcoSport 1.5 TDCi Titanium,0,2,1,0.06581441918169932,147.68782000000002,9.115292233787029
Pune,Petrol,Manual,First,18.16,5,5.0,Ford,Figo 1.2P Titanium MT,1,1,1,0.07257525077543875,103.81280000000001,8.269581056466302
Chennai,Diesel,Manual,First,11.5,7,13.0,Toyota,Fortuner 3.0 Diesel,3,5,2,0.05734406436708784,509.922,2.887995981918634
Hyderabad,Petrol,Manual,First,19.1,5,4.7,Maruti,Swift Dzire VXI,1,1,1,0.07167919793510509,102.70259999999999,8.69367319071461
Coimbatore,Petrol,Automatic,First,12.05,5,93.67,BMW,7 Series 740Li,0,5,6,0.10741859680852012,953.28,3.028399095250063
Pune,Petrol,Manual,First,13.14,5,3.3,Skoda,Superb 1.8 TSI MT,5,2,2,0.08898776413293227,287.68,4.696211579699786
Jaipur,Petrol,Manual,Second,18.9,5,1.51,Maruti,Wagon R LXI Minor,2,1,0,0.06314797355028466,71.087,9.170305676855895
Kochi,Diesel,Manual,First,19.01,5,6.09,Renault,Duster 110PS Diesel RxZ,1,2,1,0.07422997941531144,158.44545000000002,7.724502234863876
Mumbai,Petrol,Manual,First,20.73,5,5.95,Maruti,Ciaz VXi Plus,0,1,1,0.06635105603324758,125.0803,8.735777496839443
Hyderabad,Diesel,Manual,First,22.7,5,9.0,Hyundai,Elantra CRDi SX,2,2,1,0.07979772434905326,199.71168,8.79163439194423
Kolkata,Diesel,Automatic,First,21.66,5,4.25,Skoda,Rapid 1.5 TDI AT Elegance,0,2,1,0.06910547391915521,155.07296,8.670936749399518
Hyderabad,Diesel,Automatic,First,14.84,5,23.5,Mercedes-Benz,New C-Class C 220 CDI Elegance AT,0,3,2,0.07932804475999625,364.31,4.721603563474388
Mumbai,Petrol,Automatic,First,11.7,5,6.35,Honda,Accord 2.4 A/T,1,4,3,0.07544604924577483,418.07039999999995,3.4883720930232553
Chennai,Petrol,Manual,First,23.1,5,3.4,Maruti,Celerio VXI,0,0,0,0.06717434863008583,66.90592000000001,11.561561561561563
Bangalore,Petrol,Automatic,First,12.05,5,93.0,BMW,7 Series 740Li,0,5,6,0.10741859680852012,953.28,3.028399095250063
Chennai,Diesel,Automatic,First,22.69,5,21.6,BMW,3 Series 320d Sport,0,3,3,0.09523809519035684,379.05,7.5759599332220375
Chennai,Diesel,Manual,First,20.54,5,4.0,Volkswagen,Vento Diesel Trendline,3,2,1,0.064831038757928,165.5528,7.906081601231716
Pune,Diesel,Manual,First,23.4,5,5.5,Maruti,Swift Dzire Tour LDI,0,1,0,0.059294871747359874,92.352,10.409252669039144
Mumbai,Diesel,Automatic,First,12.39,5,19.25,Land,Rover Freelander 2 SE,0,3,2,0.06769619088219542,321.42429,3.8974520289399184
Hyderabad,Diesel,Manual,First,21.9,5,3.95,Hyundai,i20 1.4 CRDi Magna,1,1,1,0.06446991399393272,125.64,9.140233722871452
Mumbai,Diesel,Manual,Second,28.4,5,4.25,Maruti,Dzire VDI,1,1,0,0.05909455123469987,92.04,12.633451957295371
Kochi,Diesel,Manual,First,17.1,5,17.02,Jeep,Compass 2.0 Longitude,0,3,2,0.08691206539523923,332.52,5.7848443843031125
Hyderabad,Diesel,Manual,First,20.77,7,6.5,Maruti,Ertiga VDI,1,1,1,0.07112179481480625,110.77248000000002,9.239323843416368
Bangalore,Petrol,Manual,First,15.6,5,2.95,Ford,Figo Petrol ZXI,1,1,0,0.05852842804470867,83.72,7.103825136612023
Coimbatore,Diesel,Manual,First,21.43,5,7.12,Toyota,Corolla Altis 1.4 DG,1,1,1,0.06362903221141566,118.38156000000001,9.065143824027073
Chennai,Diesel,Automatic,First,24.3,5,11.25,Maruti,Vitara Brezza ZDi Plus AMT Dual Tone,0,1,1,0.07091346148163985,110.448,10.809608540925266
Delhi,Petrol,Manual,First,17.0,5,2.75,Honda,City 1.5 S MT,1,2,1,0.07882431524460633,176.646,6.8081698037645175
Hyderabad,Diesel,Manual,First,15.4,7,12.0,Mahindra,Scorpio S10 4WD,2,3,1,0.05507113352222527,261.48,4.844290657439447
Mumbai,Petrol,Manual,First,20.14,5,3.67,Hyundai,Xcent 1.2 VTVT SX,1,1,1,0.06838763569892427,97.98642,9.1670459717797
Pune,Diesel,Manual,First,15.0,5,5.0,Mercedes-Benz,E-Class 220 CDI,2,3,1,0.052735984022455336,243.31876773841964,4.7649301143583225
Pune,Petrol,Manual,First,15.7,5,2.3,Mahindra,Renault Logan 1.4 GLX Petrol,0,1,0,0.05395683449355623,104.25,6.569037656903766
Pune,Diesel,Manual,First,18.7,5,2.2,Skoda,Octavia 1.9 TDI,1,3,0,0.03481012656391871,125.136,6.457182320441989
Pune,Diesel,Automatic,First,12.0,7,41.0,Mercedes-Benz,GL-Class 2007 2012 350 CDI Luxury,1,5,4,0.07499163037328703,669.088,3.0097817908201656
Bangalore,Diesel,Automatic,First,20.68,5,28.5,BMW,X1 sDrive 20d xLine,0,3,3,0.09523809519035684,379.05,6.904841402337229
Mumbai,Petrol,Manual,First,15.04,5,5.49,Volkswagen,Vento 2013-2015 1.6 Comfortline,0,2,1,0.06458072586697075,164.9136,5.789068514241724
Ahmedabad,Diesel,Automatic,Second,16.55,5,17.5,Audi,A4 2.0 TDI,1,3,2,0.0749542682545964,290.29967999999997,5.576145552560647
Bangalore,Diesel,Manual,First,13.8,5,1.99,Ford,Ikon 1.4 TDCi DuraTorq,1,1,0,0.04860614721329081,95.132,5.752396832013339
Kochi,Diesel,Manual,First,22.32,5,6.64,Hyundai,Verna 1.6 CRDi EX MT,0,2,1,0.07983565102412411,199.8066,8.644461657629744
Hyderabad,Diesel,Manual,First,13.68,7,16.5,Toyota,Innova Crysta 2.4 VX MT,1,4,2,0.06176347678154473,353.6854,4.031830238726791
Pune,Petrol,Manual,First,18.9,5,5.0,Hyundai,Grand i10 Asta Option,0,1,1,0.06850459476315406,98.154,8.602639963586709
Mumbai,Petrol,Manual,First,17.0,5,5.4,Volkswagen,Ameo 1.2 MPI Comfortline,0,1,0,0.061560934840099384,88.3525,7.734303912647862
Kolkata,Petrol,Manual,First,25.17,5,2.99,Renault,KWID RXT,0,0,0,0.06670838539836246,42.5867,13.991106170094499
Jaipur,Petrol,Manual,First,17.0,5,4.1,Honda,City 1.5 S MT,1,2,1,0.07882431524460633,176.646,6.8081698037645175
Kochi,Petrol,Automatic,First,18.9,5,6.76,Hyundai,Grand i10 1.2 Kappa Magna AT,0,1,1,0.06838763569892427,97.98642,8.602639963586709
Chennai,Petrol,Manual,Second,18.78,5,5.5,Volkswagen,Polo 1.0 MPI Comfortline,0,0,0,0.07507507499992486,74.925,9.394697348674336
Coimbatore,Diesel,Manual,First,25.2,5,5.99,Maruti,Swift VDI BSIV,0,1,0,0.059294871747359874,92.352,11.209964412811386
Delhi,Diesel,Manual,First,21.64,5,2.59,Nissan,Sunny 2011-2014 Diesel XV,1,2,1,0.05804243664747266,123.89280000000001,8.79317350670459
Mumbai,Diesel,Automatic,First,16.36,5,26.75,Jaguar,XF 2.2 Litre Luxury,0,3,3,0.08614043135101403,408.9983,5.146272412708399
Pune,Diesel,Manual,First,28.09,5,8.5,Maruti,Ciaz ZDi SHVS,0,1,1,0.07091346148163985,110.448,12.495551601423486
Bangalore,Diesel,Automatic,First,12.8,5,23.0,Audi,Q5 2008-2012 2.0 TDI,1,3,2,0.08516260158274257,329.8368,4.3126684636118595
Pune,Petrol,Manual,First,15.6,5,3.35,Ford,Figo Petrol ZXI,0,1,0,0.058545150452721434,83.74392,7.103825136612023
Bangalore,Diesel,Automatic,Second,11.72,7,10.75,Hyundai,Santa Fe 4x4 AT,0,3,3,0.0883583446619562,427.26570000000004,3.6636448890278213
Kolkata,Diesel,Manual,First,12.05,8,6.29,Mahindra,Scorpio VLX 2WD AIRBAG BSIV,1,3,1,0.05507113352222527,261.48,3.7905001572821644
Bangalore,Diesel,Manual,First,19.6,5,7.75,Renault,Duster 110PS Diesel RxL,1,2,1,0.07422997941531144,158.44545000000002,7.964242177976431
Delhi,Diesel,Automatic,First,15.2,5,13.5,Audi,A4 New 2.0 TDI Multitronic,0,3,2,0.07154471541080046,277.0944,5.121293800539084
Coimbatore,Petrol,Manual,First,15.1,7,3.75,Maruti,Eeco 7 Seater Standard,1,1,0,0.06103678924662475,87.308,6.876138433515483
Mumbai,Diesel,Manual,Second,14.0,7,3.75,Mahindra,Xylo E4,1,4,1,0.044835868677007264,279.776,4.002287021154945
Jaipur,Petrol,Manual,Second,18.9,5,1.5,Maruti,Wagon R LXI,2,0,0,0.06723446887050653,66.96579999999999,9.45945945945946
Chennai,Petrol,Manual,First,14.0,5,1.45,Maruti,Wagon R LXI BSIII,1,1,0,0.060320452346540564,67.904,6.792819019893256
Coimbatore,Petrol,Manual,First,15.5,5,4.12,Maruti,SX4 ZXI MT BSIV,1,2,1,0.06513240853396443,163.8338,5.993812838360402
Mumbai,Diesel,Manual,First,13.68,7,17.11,Toyota,Innova Crysta 2.4 VX MT,0,4,2,0.06176347678154473,353.6854,4.031830238726791
Pune,Diesel,Manual,Second,12.99,7,10.25,Toyota,Innova 2.5 G (Diesel) 7 Seater,1,4,1,0.040336808323842496,250.8964,3.7178019461934744
Kolkata,Diesel,Manual,First,22.07,5,2.49,Volkswagen,Polo Diesel Trendline 1.2L,1,1,0,0.061634695528244625,88.60610000000001,10.03638017280582
Pune,Petrol,Manual,Second,16.78,5,3.85,Toyota,Etios G,3,2,1,0.059311497286556485,132.74008,6.7227564102564115
Hyderabad,Diesel,Manual,First,22.7,5,6.25,Ford,Ecosport 1.5 DV5 MT Titanium,1,2,1,0.059973297690271495,134.58032,9.08726981585268
Hyderabad,Diesel,Manual,First,24.0,5,4.88,Hyundai,Grand i10 CRDi Magna,0,1,0,0.06249999994419642,78.4,11.320754716981131
Mumbai,Petrol,Automatic,First,18.0,5,9.45,Honda,City i VTEC CVT SV,0,2,1,0.07835671337451121,175.59810000000002,7.2086503804565485
Hyderabad,Diesel,Manual,Second,12.8,8,4.8,Toyota,Innova 2.5 G3,3,4,1,0.040898155556977484,254.388,3.6634230108757873
Kolkata,Petrol,Manual,First,21.1,5,1.99,Hyundai,EON Era Plus,1,0,0,0.06781326772995913,44.9328,11.631753031973538
Hyderabad,Petrol,Manual,First,20.36,5,2.8,Hyundai,i10 Magna 1.2,1,1,0,0.06591478691235189,94.44330000000001,9.267182521620391
Bangalore,Petrol,Automatic,Second,12.3,5,22.0,Mercedes-Benz,E-Class 2009-2013 E 200 CGI Elegance,0,2,3,0.10300668145712322,332.26,4.399141630901288
Hyderabad,Diesel,Manual,First,15.96,7,4.3,Mahindra,Bolero SLE,1,4,0,0.024613555281564187,156.6783,4.530229917683792
Coimbatore,Diesel,Automatic,First,20.0,5,9.75,Skoda,Laura Ambition 2.0 TDI CR AT,1,3,2,0.07017276419198537,271.7808,6.738544474393531
Ahmedabad,Petrol,Manual,First,20.4,5,5.9,Maruti,Swift ZXI,0,1,1,0.06833751038568293,97.9146,9.28538916704597
Delhi,Diesel,Automatic,First,16.55,5,14.5,Audi,A4 2.0 TDI,1,3,2,0.0749542682545964,290.29967999999997,5.576145552560647
Hyderabad,Diesel,Manual,Second,17.8,5,2.4,Ford,Fiesta 1.4 SXi TDCi ABS,1,1,0,0.04860614721329081,95.132,7.419758232596915
Mumbai,Petrol,Manual,Second,15.0,5,2.11,Maruti,SX4 Vxi BSIII,1,2,1,0.06600252202648012,166.02248,5.800464037122969
Coimbatore,Petrol,Automatic,First,18.9,5,7.6,Hyundai,Grand i10 AT Asta,0,1,1,0.06850459476315406,98.154,8.602639963586709
Hyderabad,Petrol,Automatic,First,17.16,5,3.6,Maruti,Ritz AT,1,1,1,0.07167919793510509,102.70259999999999,7.810650887573964
Jaipur,Diesel,Manual,First,10.5,8,6.0,Mahindra,Scorpio 2.6 CRDe,1,3,1,0.05507113352222527,261.48,3.302925448254168
Mumbai,Diesel,Manual,First,15.4,7,7.45,Mahindra,Scorpio S4 7 Seater,1,3,1,0.05507113352222527,261.48,4.844290657439447
Chennai,Petrol,Manual,First,19.7,5,2.1,Maruti,Alto LXi,1,0,0,0.05816582907265599,36.8548,10.96881959910913
Ahmedabad,Diesel,Manual,Second,19.01,5,5.2,Renault,Duster 110PS Diesel RxZ,1,2,1,0.07422997941531144,158.44545000000002,7.724502234863876
Mumbai,Petrol,Manual,First,20.89,5,6.36,Maruti,Ignis 1.2 Alpha,0,1,1,0.06833751038568293,97.9146,9.508420573509332
Kochi,Diesel,Manual,First,12.99,7,11.62,Toyota,Innova 2.5 ZX Diesel 7 Seater,1,4,1,0.040336808323842496,250.8964,3.7178019461934744
Kochi,Diesel,Automatic,Second,16.77,5,43.6,BMW,7 Series 730Ld Eminence,0,5,4,0.08736719008106676,782.63957,4.199849737039819
Kolkata,Diesel,Manual,Second,13.6,5,4.9,Hyundai,Sonata Embera 2.0L CRDi MT,1,3,2,0.07132094421329938,282.722,4.546974256101637
Kochi,Diesel,Manual,First,19.01,5,6.7,Renault,Duster Adventure Edition,1,2,1,0.07422997941531144,158.44545000000002,7.724502234863876
Bangalore,Diesel,Automatic,First,17.11,5,25.0,Audi,A4 2.0 TDI 177 Bhp Technology Edition,0,3,3,0.0885823170281594,343.08144,5.764824797843666
Coimbatore,Diesel,Manual,First,17.1,5,19.05,Jeep,Compass 2.0 Longitude,0,3,2,0.08691206539523923,332.52,5.7848443843031125
Kolkata,Petrol,Manual,First,17.43,5,4.5,Hyundai,Verna 1.4 VTVT,0,1,1,0.07557306584844335,147.278,7.274624373956594
Pune,Petrol,Manual,First,18.0,5,4.15,Honda,Amaze VX i-Vtech,0,1,1,0.07237061763575073,103.8666,8.18926296633303
Chennai,Diesel,Manual,First,19.67,5,11.9,Hyundai,Creta 1.6 CRDi SX Option,0,2,1,0.07977243989900604,199.64839999999998,7.618125484120838
Delhi,Petrol,Manual,First,19.81,5,2.1,Hyundai,i10 Magna 1.1,1,1,0,0.06266114174708919,73.9023,9.49664429530201
Delhi,Diesel,Manual,First,18.49,7,6.95,Mahindra,TUV 300 T8,0,2,1,0.06697923639184243,149.3,7.416766947452867
Pune,Petrol,Manual,Second,17.5,5,2.4,Maruti,Swift Dzire VXi,1,1,1,0.06610169486432843,111.3684,7.6153176675369885
Chennai,Petrol,Manual,First,13.2,5,2.65,Hyundai,Accent GLE 1,1,2,1,0.06287625413854431,140.53,5.290581162324648
Jaipur,Diesel,Manual,First,15.1,7,9.0,Mahindra,XUV500 W8 2WD,1,3,2,0.06424965577592949,305.06,4.749921358917899
Pune,Petrol,Manual,First,20.92,5,2.1,Maruti,Alto K10 2010-2014 VXI,1,0,0,0.06723446887050653,66.96579999999999,10.470470470470472
Pune,Petrol,Manual,Second,18.6,5,2.5,Chevrolet,Beat LT,1,1,0,0.06622185148772156,95.20060000000001,8.458390177353344
Mumbai,Diesel,Automatic,First,12.4,5,8.95,Audi,A6 2.7 TDI,0,5,3,0.06653076350388037,484.291,3.3531638723634396
Hyderabad,Diesel,Automatic,First,20.7,5,34.0,Mini,Cooper 5 DOOR D,0,2,1,0.07618983952126347,170.51408,8.293269230769232
Chennai,Petrol,Manual,First,17.57,5,4.0,Tata,Zest Revotron 1.2T XMS,0,1,1,0.0743503771380131,105.8191,8.011855905152759
Kolkata,Diesel,Manual,First,26.0,5,4.45,Honda,City i DTEC SV,0,2,1,0.06582109474911808,147.7028,10.408326661329061
Jaipur,Petrol,Manual,First,18.6,5,1.5,Chevrolet,Beat LT,0,1,0,0.06622185148772156,95.20060000000001,8.458390177353344
Jaipur,Diesel,Automatic,Second,16.55,5,14.5,Audi,A4 2.0 TDI Multitronic,2,3,2,0.07113821134596635,275.52,5.576145552560647
Kolkata,Diesel,Manual,First,26.1,5,8.41,Ford,Aspire Titanium Plus Diesel,0,2,1,0.06608811744586908,148.302,10.44835868694956
Mumbai,Diesel,Automatic,Second,19.08,5,5.45,Hyundai,Verna SX CRDi AT,1,2,1,0.07984829324914772,199.83823999999998,7.389620449264136
Mumbai,Petrol,Automatic,First,18.0,5,8.9,Honda,City i VTEC CVT VX,0,2,1,0.07835671337451121,175.59810000000002,7.2086503804565485
Hyderabad,Petrol,Manual,First,20.36,5,3.65,Hyundai,i10 Sportz 1.2,0,1,0,0.06591478691235189,94.44330000000001,9.267182521620391
Bangalore,Diesel,Automatic,Second,18.56,5,29.0,BMW,X3 xDrive20d Expedition,1,3,3,0.09523809519035684,379.05,6.196994991652754
Mumbai,Diesel,Automatic,First,16.55,5,13.5,Audi,A4 2.0 TDI,0,3,2,0.0749542682545964,290.29967999999997,5.576145552560647
Hyderabad,Petrol,Automatic,First,10.1,5,5.4,Honda,CR-V 2.4 AT,1,4,2,0.06457094304818567,357.808,3.011329755515802
Coimbatore,Petrol,Manual,First,18.9,5,5.89,Hyundai,Grand i10 1.2 Kappa Asta,0,1,1,0.06838763569892427,97.98642,8.602639963586709
Hyderabad,Diesel,Manual,First,28.09,5,8.45,Maruti,Ciaz ZDi Plus SHVS,0,1,1,0.07091346148163985,110.448,12.495551601423486
Delhi,Petrol,Manual,First,17.4,5,4.0,Honda,City i-VTEC V,1,2,1,0.07835671337451121,175.59810000000002,6.96836203444133
Mumbai,Diesel,Automatic,First,9.52,4,45.0,BMW,6 Series 640d Coupe,0,5,5,0.10457734710839381,936.809,2.384172301527673
Mumbai,Petrol,Automatic,First,23.1,5,3.94,Maruti,Celerio VXI AMT,0,0,0,0.06717434863008583,66.90592000000001,11.561561561561563
Jaipur,Diesel,Automatic,Second,13.73,5,8.0,Renault,Koleos 2.0 Diesel,0,3,2,0.07418546362196217,295.26,4.584307178631052
Hyderabad,Diesel,Manual,First,20.0,5,4.1,Ford,Figo Diesel ZXI,1,1,0,0.04860614721329081,95.132,8.336807002917881
Chennai,Diesel,Manual,First,12.8,7,6.25,Toyota,Innova 2.5 V Diesel 7-seater,3,4,1,0.040898155556977484,254.388,3.6634230108757873
Kolkata,Diesel,Manual,First,28.4,5,5.25,Maruti,Dzire VDI,0,1,0,0.05909455123469987,92.04,12.633451957295371
Coimbatore,Petrol,Automatic,First,19.0,2,83.96,Mercedes-Benz,SLC 43 AMG,0,5,7,0.12085113480612446,1084.76172,4.754754754754755
Hyderabad,Diesel,Automatic,First,16.1,5,21.0,Mercedes-Benz,E-Class E 220 d,1,3,3,0.09948717943616041,378.3,5.457627118644068
Ahmedabad,Petrol,Manual,First,18.9,5,4.3,Hyundai,Grand i10 1.2 Kappa Sportz,0,1,1,0.06838763569892427,97.98642,8.602639963586709
Mumbai,Petrol,Manual,First,17.3,7,5.25,Honda,Mobilio S i VTEC,0,2,1,0.07835671337451121,175.59810000000002,6.928313976772127
Mumbai,Petrol,Automatic,Second,11.9,5,32.0,Porsche,Cayenne Turbo S,0,10,9,0.11444028295579685,2643.3,2.0496038580778504
Kolkata,Diesel,Manual,First,17.21,7,3.9,Mahindra,Quanto C8,0,2,1,0.06697923639184243,149.3,6.903329322101885
Mumbai,Petrol,Manual,Third,13.4,5,2.2,Toyota,Corolla H5,1,2,1,0.06967670007264398,224.25,4.795991410164639
Mumbai,Diesel,Manual,First,25.32,6,3.7,Mahindra,KUV 100 mFALCON D75 K4,0,1,0,0.06427378959576478,92.246,11.519563239308463
Coimbatore,Petrol,Automatic,Second,10.9,5,11.27,BMW,3 Series 2005-2011 325i Sedan,1,4,3,0.08610332395430384,536.855,3.116957392050329
Jaipur,Petrol,Manual,First,22.74,5,2.41,Maruti,Alto 800 LXI,1,0,0,0.059422110478112924,37.6508,12.661469933184854
Pune,Diesel,Automatic,First,15.73,5,19.0,Audi,Q3 35 TDI Quattro Premium,2,3,3,0.0885823170281594,343.08144,5.299865229110512
Hyderabad,Diesel,Manual,Second,23.59,5,5.8,Toyota,Etios GD,2,1,0,0.04915689145956239,91.4562,9.978849407783418
Coimbatore,Diesel,Manual,First,15.1,7,13.52,Mahindra,XUV500 W8 2WD,0,3,2,0.06424965577592949,305.06,4.749921358917899
Hyderabad,Diesel,Manual,First,13.0,7,24.5,Toyota,Fortuner 4x2 MT TRD Sportivo,0,5,2,0.056572769934080225,503.06339999999994,3.2646911099949776
Pune,CNG,Manual,First,24.6,5,3.25,Tata,Indigo CS Emax CNG GLX,0,1,0,0.04629505444568729,65.88939,11.21751025991792
Kochi,Diesel,Automatic,First,17.9,5,56.73,Mercedes-Benz,GLE 250d,0,3,3,0.09386374237337204,431.06445,5.695195672923958
Jaipur,Diesel,Manual,First,19.67,5,9.95,Hyundai,Creta 1.6 CRDi SX,1,2,1,0.07977243989900604,199.64839999999998,7.618125484120838
Pune,Petrol,Automatic,First,16.8,5,5.5,Honda,City 1.5 V AT,1,2,1,0.07882431524460633,176.646,6.728073688426112
Hyderabad,Diesel,Automatic,First,17.11,5,25.0,Audi,A4 35 TDI Premium,0,3,3,0.0885823170281594,343.08144,5.764824797843666
Kolkata,Petrol,Manual,First,17.3,5,1.0,Maruti,Zen VXI,0,0,0,0.06042296066422662,59.58,8.680381334671349
Hyderabad,Petrol,Manual,Second,19.7,5,2.15,Maruti,Alto LXi,1,0,0,0.05816582907265599,36.8548,10.96881959910913
Kochi,Petrol,Automatic,First,21.4,5,7.89,Maruti,Baleno Delta Automatic,0,1,1,0.06942355883924514,99.4707,9.740555302685479
Delhi,Diesel,Manual,First,16.0,7,10.25,Mahindra,XUV500 W10 2WD,1,3,2,0.06424965577592949,305.06,5.033029254482542
Mumbai,Petrol,Manual,First,19.0,5,6.0,Ford,Freestyle Titanium Petrol,0,1,1,0.07929648234564783,113.04792000000002,8.659981768459435
Coimbatore,Petrol,Manual,First,18.6,5,7.53,Hyundai,Elite i20 Asta Option,1,1,1,0.06838763569892427,97.98642,8.466090122894856
Coimbatore,Diesel,Automatic,First,19.27,5,39.45,Mercedes-Benz,New C-Class C 220d Avantgarde Edition C,0,3,2,0.0782174521333563,359.20966000000004,6.13108495068406
Delhi,Petrol,Manual,First,17.8,5,5.84,Honda,City i VTEC SV,1,2,1,0.07835671337451121,175.59810000000002,7.128554265118143
Mumbai,Petrol,Manual,First,18.88,5,8.65,Ford,EcoSport 1.5 Ti VCT MT Titanium BE,0,2,1,0.07364909935046758,165.4896,7.555022008803521
Kochi,Petrol,Manual,First,21.4,5,7.74,Maruti,Baleno Alpha 1.2,0,1,1,0.06942355883924514,99.4707,9.740555302685479
Bangalore,Petrol,Manual,First,20.36,5,2.5,Hyundai,i10 Sportz,1,1,0,0.06591478691235189,94.44330000000001,9.267182521620391
Pune,Diesel,Manual,Second,12.8,8,5.7,Toyota,Innova 2.5 G (Diesel) 8 Seater BS IV,3,4,1,0.040898155556977484,254.388,3.6634230108757873
Mumbai,Petrol,Manual,First,21.4,5,5.8,Maruti,Baleno Delta,0,1,1,0.06942355883924514,99.4707,9.740555302685479
Hyderabad,Diesel,Automatic,First,12.07,7,36.5,Audi,Q7 3.0 TDI Quattro Technology,1,5,4,0.08136164473159366,716.2338000000001,3.0426014620620117
Delhi,Diesel,Automatic,Second,13.01,7,9.5,Hyundai,Santa Fe 2WD AT,1,3,3,0.0883583446619562,427.26570000000004,4.066895904970303
Mumbai,Petrol,Manual,First,17.0,5,4.55,Honda,City 1.5 V MT Exclusive,0,2,1,0.07882431524460633,176.646,6.8081698037645175
Jaipur,Diesel,Manual,First,21.9,5,3.9,Hyundai,i20 1.4 CRDi Magna,1,1,1,0.06446991399393272,125.64,9.140233722871452
Pune,Diesel,Manual,First,13.6,7,2.7,Mahindra,Bolero SLE BSIII,1,4,0,0.024970273474050626,158.949,3.8603462957706496
Pune,Diesel,Automatic,First,12.9,7,31.0,Toyota,Fortuner 2.8 2WD AT,0,5,3,0.0633393829171182,480.7475,3.435419440745673
Bangalore,Petrol,Automatic,Second,10.9,5,10.3,BMW,3 Series 2005-2011 325i Sedan,1,4,3,0.08610332395430384,536.855,3.116957392050329
Kolkata,Diesel,Automatic,First,16.07,5,7.75,BMW,3 Series 320d Sedan,1,3,3,0.09072681699712941,361.095,5.365609348914858
Hyderabad,Petrol,Manual,First,18.9,5,3.2,Maruti,Wagon R LXI,1,0,0,0.06723446887050653,66.96579999999999,9.45945945945946
Delhi,Diesel,Manual,First,25.47,7,4.85,Maruti,Ertiga ZDI,1,1,1,0.07091346148163985,110.448,11.330071174377222
Kochi,Diesel,Automatic,Second,15.68,5,34.08,Land,Rover Range Rover Evoque 2.0 TD4 Pure,0,3,3,0.08854427209177375,353.823,5.228409469823275
Chennai,Diesel,Manual,First,24.52,7,8.1,Maruti,Ertiga SHVS VDI,1,1,1,0.07091346148163985,110.448,10.90747330960854
Chennai,Diesel,Manual,Second,25.0,5,2.35,Tata,Indigo CS eVX,1,1,0,0.04943409738579219,96.33796000000001,10.434056761268781
Pune,Petrol,Manual,First,20.92,5,1.8,Maruti,Alto K10 LXI,1,0,0,0.06723446887050653,66.96579999999999,10.470470470470472
Coimbatore,Petrol,Manual,First,21.1,5,3.42,Hyundai,EON D Lite Plus,0,0,0,0.06781326772995913,44.9328,11.631753031973538
Mumbai,Diesel,Automatic,Second,11.4,7,5.34,Ford,Endeavour 3.0L 4X4 AT,1,5,2,0.052102946138807,454.34858,2.8838856564634456
Hyderabad,Diesel,Automatic,First,12.62,7,31.99,Ford,Endeavour 2.2 Titanium AT 4X2,0,3,2,0.07188353044955254,347.284,3.9462163852407754
Bangalore,Diesel,Manual,First,20.54,5,4.75,Volkswagen,Vento Diesel Highline,1,2,1,0.064831038757928,165.5528,7.906081601231716
Mumbai,Petrol,Automatic,First,19.12,5,6.1,Maruti,Ciaz AT ZXi,0,1,1,0.06635105603324758,125.0803,8.057311420143279
Coimbatore,Petrol,Manual,Second,21.1,5,3.69,Hyundai,EON D Lite Plus,1,0,0,0.06781326772995913,44.9328,11.631753031973538
Delhi,Diesel,Automatic,Second,14.16,5,15.0,Audi,Q5 2.0 TDI Premium Plus,1,3,3,0.08856707312572812,343.0224,4.77088948787062
Coimbatore,Diesel,Manual,First,16.0,7,14.5,Mahindra,XUV500 W10 AWD,1,3,2,0.06424965577592949,305.06,5.033029254482542
Hyderabad,Diesel,Manual,First,28.4,5,5.65,Maruti,Swift VDI,1,1,0,0.059294871747359874,92.352,12.633451957295371
Kolkata,Diesel,Manual,First,21.1,5,2.5,Maruti,Ritz VDi,1,1,0,0.059214743542295875,92.22720000000001,9.386120996441282
Mumbai,Diesel,Automatic,First,19.71,5,38.5,Mercedes-Benz,New C-Class C 250 CDI Avantgarde,0,3,3,0.09386374237337204,431.06445,6.27107858733694
Kolkata,Diesel,Manual,First,19.01,5,5.49,Renault,Duster 110PS Diesel RxZ,1,2,1,0.07422997941531144,158.44545000000002,7.724502234863876
Kolkata,Petrol,Manual,First,19.1,5,3.55,Maruti,Swift Dzire VXI,0,1,1,0.07167919793510509,102.70259999999999,8.69367319071461
Jaipur,Diesel,Manual,First,12.99,7,10.75,Toyota,Innova 2.5 VX (Diesel) 7 Seater,2,4,1,0.040336808323842496,250.8964,3.7178019461934744
Delhi,Petrol,Manual,First,15.8,5,11.0,Hyundai,Creta 1.6 SX Option,0,2,1,0.07624135758878607,192.98829999999998,6.09803164801235
Ahmedabad,Diesel,Manual,First,21.79,5,4.5,Maruti,SX4 ZDI,1,1,1,0.07109775635328705,110.73504000000001,9.693060498220639
Kochi,Diesel,Manual,First,15.1,7,8.42,Mahindra,XUV500 W8 2WD,0,3,2,0.06424965577592949,305.06,4.749921358917899
Mumbai,Petrol,Automatic,First,18.0,5,11.6,Honda,City i-VTEC CVT VX,0,2,1,0.07835671337451121,175.59810000000002,7.2086503804565485
Kochi,Diesel,Automatic,First,16.36,5,33.63,Jaguar,XF 2.2 Litre Luxury,0,3,3,0.08614043135101403,408.9983,5.146272412708399
Pune,Diesel,Manual,Third,17.8,5,2.25,Ford,Fiesta 1.4 SXi TDCi ABS,2,1,0,0.04860614721329081,95.132,7.419758232596915
Mumbai,Petrol,Automatic,First,10.8,5,12.95,BMW,5 Series 523i Sedan,1,4,2,0.060072086479746864,374.55,3.08836145267372
Hyderabad,Diesel,Manual,First,17.8,5,4.25,Maruti,Swift VDI BSIV W ABS,1,1,1,0.0907667417004834,141.36956337874662,7.918149466192171
Coimbatore,Diesel,Automatic,First,17.68,5,25.02,Audi,A6 2011-2015 2.0 TDI Premium Plus,1,3,3,0.0885823170281594,343.08144,5.9568733153638815
Kochi,Petrol,Manual,First,18.5,5,3.95,Honda,Brio 1.2 VX MT,0,1,1,0.0724540900897712,103.98639999999999,8.416742493175615
Mumbai,Petrol,Automatic,First,16.8,5,4.4,Honda,City 1.5 V AT,1,2,1,0.07882431524460633,176.646,6.728073688426112
Bangalore,Petrol,Manual,Third,16.47,5,4.95,Volkswagen,Polo Petrol Comfortline 1.2L,0,1,0,0.061686143521130096,88.53220000000002,7.4931756141947226
Pune,Diesel,Manual,Second,12.05,8,5.5,Mahindra,Scorpio SLE BSIII,1,3,1,0.05507113352222527,261.48,3.7905001572821644
Mumbai,Petrol,Manual,First,16.8,5,3.25,Honda,City V MT,1,2,1,0.07768871070294675,174.1011,6.728073688426112
Kochi,Petrol,Manual,First,15.0,5,4.02,Skoda,Rapid 1.6 MPI Elegance,0,2,1,0.0647684605351887,165.393,5.773672055427252
Coimbatore,Diesel,Manual,First,16.0,7,11.73,Mahindra,XUV500 W6 2WD,1,3,2,0.06424965577592949,305.06,5.033029254482542
Chennai,Diesel,Manual,First,15.0,5,9.5,Volkswagen,Jetta 2007-2011 2.0 TDI Trendline,1,3,1,0.05537974680623431,199.08,5.179558011049724
Hyderabad,Petrol,Automatic,First,21.4,5,8.6,Maruti,Baleno Alpha Automatic,0,1,1,0.06942355883924514,99.4707,9.740555302685479
Jaipur,Diesel,Manual,First,25.8,5,4.0,Honda,Amaze EX i-Dtech,1,2,1,0.06582109474911808,147.7028,10.32826261008807
Mumbai,Petrol,Manual,First,15.04,5,5.55,Volkswagen,Vento 1.6 Highline,0,2,1,0.06458072586697075,164.9136,5.789068514241724
Hyderabad,Petrol,Manual,First,22.74,5,2.5,Maruti,Alto 800 LXI,1,0,0,0.059422110478112924,37.6508,12.661469933184854
Mumbai,Diesel,Automatic,First,18.0,7,41.6,Land,Rover Discovery HSE Luxury 3.0 TD6,0,5,4,0.08519879716498537,763.215,4.507888805409467
Delhi,Petrol,Automatic,First,18.0,5,7.41,Honda,City i VTEC CVT VX,0,2,1,0.07835671337451121,175.59810000000002,7.2086503804565485
Mumbai,Diesel,Manual,First,19.01,5,6.5,Nissan,Terrano XL 110 PS,0,2,1,0.07426420255012717,158.5185,7.724502234863876
Mumbai,Petrol,Manual,First,19.7,5,1.2,Maruti,Alto LXi,0,0,0,0.05816582907265599,36.8548,10.96881959910913
Bangalore,Diesel,Manual,First,14.24,7,23.0,Toyota,Fortuner 2.8 4WD MT,3,5,3,0.0633393829171182,480.7475,3.7922769640479363
Kolkata,Diesel,Manual,First,21.9,5,2.74,Hyundai,i20 1.4 CRDi Magna,1,1,1,0.06446991399393272,125.64,9.140233722871452
Hyderabad,Diesel,Manual,First,20.0,5,3.9,Ford,Figo Diesel Titanium,1,1,0,0.04860614721329081,95.132,8.336807002917881
Ahmedabad,Diesel,Manual,First,24.3,5,8.0,Maruti,Vitara Brezza ZDi Plus,1,1,1,0.07091346148163985,110.448,10.809608540925266
Chennai,Diesel,Manual,Third,22.32,5,4.0,Hyundai,Verna 1.6 SX,1,2,1,0.07984829324914772,199.83823999999998,8.644461657629744
Mumbai,Petrol,Automatic,First,12.95,5,17.75,Hyundai,Tucson 2.0 Dual VTVT 2WD AT GL,0,3,2,0.07647823908130152,305.60712,4.318106035345115
Coimbatore,Diesel,Manual,First,21.1,5,5.05,Maruti,Ritz VDi,1,1,0,0.059214743542295875,92.22720000000001,9.386120996441282
Mumbai,Petrol,Automatic,First,10.8,5,12.0,Audi,A4 2.0 TFSI,0,3,2,0.06653225803098173,261.888,3.6193029490616624
Kochi,Diesel,Automatic,First,13.0,5,29.6,Mercedes-Benz,E-Class E250 CDI Launch Edition,0,3,3,0.09519365371199551,437.172,4.136175628380529
Jaipur,Diesel,Manual,First,19.87,5,6.5,Renault,Duster 85PS Diesel RxE,1,2,1,0.057357973951158124,122.43180000000001,8.073953677366923
Mumbai,Petrol,Automatic,First,15.5,5,4.75,Honda,Amaze S AT i-Vtech,0,1,1,0.07237061763575073,103.8666,7.0518653321201095
Coimbatore,Diesel,Automatic,First,9.0,5,24.36,Volvo,S60 D4 SUMMUM,0,3,3,0.09122983866369463,359.104,3.0160857908847185
Mumbai,Petrol,Manual,Second,17.5,5,3.2,Maruti,Swift Dzire 1.2 Lxi BSIV,0,1,1,0.07167919793510509,102.70259999999999,7.965407373691398
Kolkata,Petrol,Manual,First,22.5,5,3.6,Maruti,Wagon R VXI,0,0,0,0.06717434863008583,66.90592000000001,11.261261261261263
Coimbatore,Petrol,Manual,First,16.8,5,3.58,Maruti,Omni MPI STD BSIV,0,0,0,0.04296482406662711,27.223200000000002,9.35412026726058
Delhi,Diesel,Manual,First,21.5,5,2.5,Maruti,SX4 VDI,1,1,1,0.07115384609683184,110.82239999999999,9.564056939501778
Ahmedabad,Diesel,Manual,Second,23.5,5,3.5,Ford,Fiesta Titanium 1.5 TDCi,1,2,1,0.06008010676897189,134.82,9.407526020816652
Delhi,Petrol,Automatic,First,19.16,5,25.0,Toyota,Camry Hybrid,0,4,2,0.06343223734425331,394.5508,5.483686319404693
Mumbai,Petrol,Manual,Second,22.5,5,1.75,Maruti,Wagon R VXI,0,0,0,0.06717434863008583,66.90592000000001,11.261261261261263
Bangalore,Diesel,Automatic,First,11.0,5,10.0,Mercedes-Benz,E-Class E270 CDI,1,5,3,0.06645463673704231,592.9195,2.7589666415851517
Jaipur,Petrol,Automatic,First,21.4,5,7.75,Maruti,Baleno Zeta Automatic,0,1,1,0.06942355883924514,99.4707,9.740555302685479
Hyderabad,Petrol,Manual,First,18.7,5,6.45,Honda,Jazz 1.2 VX i VTEC,0,1,1,0.07397831520101891,106.35130000000001,8.503865393360618
Pune,Diesel,Automatic,First,15.4,7,10.0,Mahindra,Scorpio S10 AT 4WD,1,3,1,0.05507113352222527,261.48,4.844290657439447
Mumbai,Petrol,Manual,First,16.47,5,4.5,Volkswagen,Polo 1.2 MPI Trendline,1,1,0,0.061769615975150564,88.652,7.4931756141947226
Kolkata,Petrol,Manual,First,17.0,5,3.4,Hyundai,i20 1.2 Era,0,1,0,0.06683375098844298,95.76,7.737824305871643
Mumbai,Petrol,Automatic,First,12.1,5,4.5,Toyota,Camry W4 (AT),1,4,2,0.0697290431542214,389.02139999999997,3.599048185603807
Hyderabad,Petrol,Manual,First,18.9,5,4.3,Maruti,Wagon R VXI,0,0,0,0.06723446887050653,66.96579999999999,9.45945945945946
Pune,Diesel,Automatic,First,18.12,5,46.0,BMW,5 Series 2013-2017 520d M Sport,0,3,3,0.09523809519035684,379.05,6.050083472454091
Chennai,Petrol,Automatic,First,24.07,5,3.4,Maruti,Alto K10 VXI AGS,1,0,0,0.06723446887050653,66.96579999999999,12.047047047047048
Delhi,Diesel,Automatic,First,14.84,5,14.5,Mercedes-Benz,New C-Class 220 CDI AT,0,3,2,0.07932804475999625,364.31,4.721603563474388
Delhi,Petrol,Manual,First,24.7,5,2.1,Maruti,Alto 800 2016-2019 LXI,1,0,0,0.059422110478112924,37.6508,13.752783964365255
Mumbai,Petrol,Manual,First,18.6,5,3.65,Maruti,Swift VXI,0,1,1,0.07167919793510509,102.70259999999999,8.466090122894856
Kolkata,Petrol,Manual,First,18.2,5,3.0,Chevrolet,Sail Hatchback 1.2 LS ABS,0,1,1,0.06880733939215401,98.9175,8.27648931332424
Ahmedabad,Diesel,Manual,Second,23.0,5,3.95,Hyundai,i20 Asta 1.4 CRDi (Diesel),1,1,1,0.06446991399393272,125.64,9.599332220367279
Delhi,Diesel,Automatic,First,11.9,5,6.75,Skoda,Superb 2.5 TDi AT,1,4,2,0.06538461535841962,407.34719999999993,3.403890160183067
Kochi,Diesel,Manual,First,21.43,5,6.53,Toyota,Corolla Altis D-4D G,1,1,1,0.06392961872145922,118.9408,9.065143824027073
Hyderabad,Diesel,Manual,First,13.0,7,22.0,Toyota,Fortuner 4x2 Manual,1,5,2,0.05650570085294913,502.467,3.2646911099949776
Pune,Petrol,Automatic,First,14.3,5,4.75,Skoda,Rapid 1.6 MPI AT Elegance,1,2,1,0.06478097617973655,165.42496,5.504234026173981
Mumbai,Petrol,Automatic,First,16.5,5,5.99,Honda,Brio 1.2 VX AT,0,1,1,0.0724540900897712,103.98639999999999,7.506824385805278
Jaipur,Petrol,Manual,First,16.47,5,3.05,Volkswagen,Polo Petrol Comfortline 1.2L,0,1,0,0.061686143521130096,88.53220000000002,7.4931756141947226
Delhi,Petrol,Manual,First,16.47,5,2.4,Volkswagen,Polo Petrol Comfortline 1.2L,1,1,0,0.061686143521130096,88.53220000000002,7.4931756141947226
Pune,Petrol,Manual,Third,18.2,5,1.3,Maruti,Zen Estilo LXI BSIII,0,0,0,0.06723446887050653,66.96579999999999,9.10910910910911
Kochi,Diesel,Manual,First,23.59,5,6.71,Toyota,Etios Cross 1.4L GD,0,1,0,0.04916422283785614,91.46983999999999,9.978849407783418
Ahmedabad,Diesel,Manual,Second,15.1,7,7.2,Mahindra,XUV500 W8 2WD,1,3,2,0.06424965577592949,305.06,4.749921358917899
Chennai,Petrol,Automatic,First,18.9,5,5.4,Hyundai,Grand i10 AT Asta,0,1,1,0.06850459476315406,98.154,8.602639963586709
Kochi,Diesel,Manual,First,22.7,5,6.63,Ford,Ecosport 1.5 DV5 MT Titanium Optional,1,2,1,0.059973297690271495,134.58032,9.08726981585268
Mumbai,CNG,Manual,First,17.5,7,7.5,Maruti,Ertiga VXI CNG,1,1,0,0.05860160228798134,110.47157999999999,7.374631268436578
Coimbatore,Petrol,Automatic,First,18.0,5,14.21,Honda,City i-VTEC CVT ZX,0,2,1,0.07835671337451121,175.59810000000002,7.2086503804565485
Kolkata,Petrol,Manual,First,17.0,5,3.0,Honda,City 1.5 V MT,0,2,1,0.07882431524460633,176.646,6.8081698037645175
Kochi,Petrol,Manual,First,23.1,5,5.11,Maruti,Celerio ZXI MT,0,0,0,0.06717434863008583,66.90592000000001,11.561561561561563
Pune,Petrol,Manual,First,15.04,5,3.39,Volkswagen,Vento Petrol Highline,1,2,1,0.064831038757928,165.5528,5.789068514241724
Hyderabad,Diesel,Automatic,First,11.36,7,22.99,Toyota,Innova Crysta 2.8 ZX AT,0,5,2,0.062250453697912725,472.4825,3.025299600532623
Delhi,Petrol,Manual,Second,18.5,5,2.35,Hyundai,i20 Magna,0,1,0,0.06683375098844298,95.76,8.420573509330906
Kolkata,Diesel,Manual,First,23.2,5,2.85,Maruti,Ritz VDi,0,1,0,0.05924679482432147,92.27712,10.320284697508896
Delhi,Diesel,Automatic,First,17.68,5,18.5,Audi,A6 2011-2015 2.0 TDI Premium Plus,1,3,3,0.0885823170281594,343.08144,5.9568733153638815
Bangalore,Petrol,Manual,First,13.24,5,5.99,Renault,Duster Petrol RxL,1,2,1,0.06418648306371308,163.90686,5.096227867590454
Hyderabad,Petrol,Manual,Second,13.5,5,3.0,Honda,Civic 2006-2010 1.8 V MT,3,2,2,0.07226236794204426,233.87,4.82315112540193
Jaipur,Petrol,Manual,First,23.84,5,3.6,Tata,Tiago 1.2 Revotron XT,0,1,1,0.0700583819265568,100.716,10.841291496134607
Hyderabad,Diesel,Automatic,First,16.55,5,24.0,Audi,A4 2.0 TDI,1,3,2,0.0749542682545964,290.29967999999997,5.576145552560647
Coimbatore,Petrol,Manual,First,19.1,5,6.26,Maruti,Swift Dzire VXI,0,1,1,0.07167919793510509,102.70259999999999,8.69367319071461
Hyderabad,Diesel,Manual,First,14.24,7,13.7,Toyota,Fortuner 2.8 4WD MT,2,5,3,0.0633393829171182,480.7475,3.7922769640479363
Mumbai,Diesel,Automatic,First,15.26,5,35.0,Mercedes-Benz,M-Class ML 250 CDI,1,3,3,0.0948203452660661,435.45759999999996,4.855233853006682
Kochi,Diesel,Manual,First,21.9,5,5.02,Hyundai,i20 Magna 1.4 CRDi,1,1,1,0.06446991399393272,125.64,9.140233722871452
Mumbai,Petrol,Manual,First,21.5,5,3.1,Maruti,Wagon R VXI 1.2,1,1,1,0.06833751038568293,97.9146,9.786071916249432
Bangalore,Diesel,Manual,First,20.54,5,5.5,Volkswagen,Vento Diesel Highline,0,2,1,0.064831038757928,165.5528,7.906081601231716
Kolkata,Petrol,Manual,First,19.1,5,3.59,Maruti,Swift Dzire VXI,0,1,1,0.07167919793510509,102.70259999999999,8.69367319071461
Kolkata,Diesel,Manual,First,20.4,5,4.65,Fiat,Linea Emotion (Diesel),0,1,1,0.07347756404368784,114.44160000000001,9.074733096085408
Bangalore,Petrol,Manual,Third,17.0,5,3.8,Honda,City 1.5 V MT,1,2,1,0.07882431524460633,176.646,6.8081698037645175
Hyderabad,Diesel,Manual,First,19.67,5,12.5,Hyundai,Creta 1.6 SX Plus Diesel,0,2,1,0.07977243989900604,199.64839999999998,7.618125484120838
Hyderabad,Diesel,Manual,First,25.6,5,12.9,Honda,City i-DTEC ZX,0,2,1,0.06582109474911808,147.7028,10.248198558847077
Hyderabad,Petrol,Manual,First,14.0,5,2.35,Maruti,Omni 8 Seater BSIV,1,0,0,0.04396984919099265,27.86,7.795100222717149
Chennai,Petrol,Manual,First,20.4,5,4.15,Maruti,Swift LXI Option,0,1,1,0.06833751038568293,97.9146,9.28538916704597
Coimbatore,Diesel,Automatic,First,14.0,5,22.58,Mercedes-Benz,M-Class ML 350 CDI Corporate,1,5,4,0.07499163037328703,669.088,3.511412089290193
Ahmedabad,Petrol,Manual,First,24.7,5,2.65,Maruti,Alto 800 2016-2019 LXI,1,0,0,0.059422110478112924,37.6508,13.752783964365255
Delhi,Petrol,Manual,Second,15.6,5,2.25,Ford,Figo Petrol Titanium,1,1,0,0.05852842804470867,83.72,7.103825136612023
Hyderabad,Diesel,Manual,First,13.68,7,16.0,Toyota,Innova Crysta 2.4 G MT,2,4,2,0.06176347678154473,353.6854,4.031830238726791
Mumbai,Diesel,Automatic,First,18.48,5,19.5,BMW,5 Series 2003-2012 520d,1,3,3,0.08872180446680611,353.115,6.170283806343907
Bangalore,Diesel,Automatic,First,13.01,7,21.0,Hyundai,Santa Fe 4WD AT,1,3,3,0.0883583446619562,427.26570000000004,4.066895904970303
Ahmedabad,Diesel,Automatic,Second,22.48,5,17.5,BMW,5 Series 520d Luxury Line,1,3,3,0.09523809519035684,379.05,7.505843071786311
Hyderabad,Diesel,Manual,Second,17.8,5,2.41,Ford,Fiesta EXi 1.4 TDCi Ltd,1,1,0,0.04860614721329081,95.132,7.419758232596915
Bangalore,Diesel,Manual,Second,23.59,5,4.45,Toyota,Etios GD,1,1,1,0.08304757598967921,154.50968305177113,9.978849407783418
Coimbatore,Diesel,Automatic,Second,12.7,5,29.93,Land,Rover Range Rover 2.2L Prestige,1,3,3,0.08614043135101403,408.9983,3.994966970745517
Kolkata,Petrol,Manual,First,19.7,5,1.02,Maruti,Alto LX,1,0,0,0.05816582907265599,36.8548,10.96881959910913
Jaipur,Diesel,Manual,First,11.5,7,11.0,Toyota,Fortuner 3.0 Diesel,2,5,2,0.05734406436708784,509.922,2.887995981918634
Mumbai,Petrol,Manual,First,15.8,5,5.35,Ford,Ecosport 1.5 Ti VCT MT Titanium,0,2,1,0.07338225478760356,164.89,6.322529011604642
Mumbai,Petrol,Manual,First,21.4,5,5.65,Maruti,Baleno Sigma 1.2,0,1,1,0.06942355883924514,99.4707,9.740555302685479
Mumbai,Diesel,Automatic,First,23.8,5,22.0,Mini,Cooper Countryman D High,0,3,1,0.05605605602799997,223.776,7.938625750500334
Mumbai,Petrol,Automatic,First,17.01,5,5.95,Hyundai,Verna 1.6 VTVT EX AT,0,2,1,0.07630421113997221,193.14740000000003,6.565032805866461
Pune,Diesel,Manual,Third,20.0,5,2.35,Ford,Figo Diesel Titanium,1,1,0,0.04860614721329081,95.132,8.336807002917881
Pune,Diesel,Manual,Second,25.8,5,4.1,Honda,Amaze S i-Dtech,1,2,1,0.06582109474911808,147.7028,10.32826261008807
Pune,Diesel,Manual,First,19.01,5,5.4,Renault,Duster 110PS Diesel RxZ,2,2,1,0.07422997941531144,158.44545000000002,7.724502234863876
Delhi,Diesel,Manual,First,23.0,5,8.45,Ford,EcoSport 1.5 Diesel Titanium,0,2,1,0.06606141517619397,148.24208,9.20736589271417
Jaipur,Diesel,Automatic,Second,11.2,4,42.5,BMW,X6 xDrive30d,0,5,4,0.08052121614416265,721.313,2.8049085900325568
Mumbai,Diesel,Manual,First,14.24,7,10.75,Toyota,Fortuner 2.8 4WD MT,2,5,3,0.0633393829171182,480.7475,3.7922769640479363
Pune,LPG,Manual,Second,13.45,5,1.65,Hyundai,Santro Xing GLS LPG,1,1,0,0.05718232038933488,67.4406,6.4477468839884935
Kochi,Diesel,Automatic,First,11.18,7,11.03,Mahindra,Ssangyong Rexton RX7,1,5,3,0.06824925813492239,496.064,3.024891774891775
Kolkata,Petrol,Manual,First,23.1,5,3.5,Maruti,Celerio VXI,0,0,0,0.06717434863008583,66.90592000000001,11.561561561561563
Jaipur,Petrol,Manual,First,18.6,5,6.3,Hyundai,i20 Sportz 1.2,0,1,1,0.0683625730423036,97.95051,8.466090122894856
Bangalore,Petrol,Manual,First,18.88,5,6.75,Ford,EcoSport 1.0 Ecoboost Titanium Plus,1,0,1,0.12336336323987651,123.11676,9.444722361180588
Jaipur,Diesel,Manual,First,26.21,5,7.5,Maruti,Ciaz VDi,1,1,1,0.07091346148163985,110.448,11.659252669039144
Pune,Diesel,Automatic,First,17.11,5,15.5,Audi,A4 2.0 TDI 177 Bhp Premium Plus,1,3,3,0.0885823170281594,343.08144,5.764824797843666
Delhi,Petrol,Manual,First,18.0,5,4.65,Honda,Amaze S i-Vtech,1,1,1,0.07237061763575073,103.8666,8.18926296633303
Kochi,Petrol,Automatic,First,15.63,5,7.58,Ford,EcoSport 1.5 Ti VCT AT Titanium,0,2,1,0.07364909935046758,165.4896,6.254501800720288
Hyderabad,Petrol,Manual,First,20.92,5,2.2,Maruti,Alto K10 2010-2014 VXI,1,0,0,0.06723446887050653,66.96579999999999,10.470470470470472
Bangalore,Diesel,Automatic,Third,16.77,5,21.0,Audi,A6 3.0 TDI quattro,0,5,4,0.08135490391595723,716.17446,4.227375850768843
Kolkata,Diesel,Automatic,First,18.33,5,5.25,Volkswagen,Passat Diesel Highline 2.0 TDI,0,3,2,0.08521341459084683,330.0336,6.17587601078167
Kochi,Diesel,Manual,First,28.4,5,5.22,Maruti,Swift VDI,1,1,0,0.059294871747359874,92.352,12.633451957295371
Chennai,Diesel,Manual,Third,19.2,5,2.0,Mahindra,Logan Diesel 1.5 DLS,2,2,0,0.04449007526044484,94.965,7.801706623323851
Kochi,Petrol,Manual,First,21.56,5,9.18,Maruti,Ciaz Alpha,0,2,1,0.07062243497221447,150.9515,8.75710804224208
Coimbatore,Petrol,Manual,First,26.0,4,1.74,Tata,Nano Lx,0,0,0,0.05608974349985618,21.84,16.009852216748765
Delhi,Petrol,Automatic,First,16.8,5,4.45,Honda,City 1.5 V AT,1,2,1,0.07882431524460633,176.646,6.728073688426112
Coimbatore,Petrol,Manual,First,18.16,5,4.95,Ford,Figo 2015-2019 1.2P Trend MT,0,1,1,0.07257525077543875,103.81280000000001,8.269581056466302
Delhi,Diesel,Manual,First,22.54,5,5.64,Hyundai,i20 Sportz 1.4 CRDi,1,1,1,0.06356017187424057,123.86708,9.407345575959933
Mumbai,Petrol,Manual,First,18.88,5,6.9,Ford,EcoSport 1.5 Ti VCT MT Titanium BE,0,2,1,0.07364909935046758,165.4896,7.555022008803521
Hyderabad,Diesel,Automatic,First,16.55,5,13.95,Audi,A4 2.0 TDI,1,3,2,0.0749542682545964,290.29967999999997,5.576145552560647
Hyderabad,Diesel,Automatic,Second,20.58,5,17.0,BMW,1 Series 118d Sport Line,1,3,2,0.07167919795905804,285.285,6.871452420701168
Bangalore,Diesel,Manual,Second,13.93,7,4.6,Tata,Safari DICOR 2.2 LX 4x2,1,3,2,0.06334557133393963,300.76736999999997,4.381881094683862
Jaipur,Diesel,Manual,Second,12.05,8,5.21,Mahindra,Scorpio VLX 4WD AIRBAG BSIV,2,3,1,0.05507113352222527,261.48,3.7905001572821644
Coimbatore,Petrol,Manual,First,15.29,5,12.34,Hyundai,Creta 1.6 SX Plus Dual Tone Petrol,0,2,1,0.07624135758878607,192.98829999999998,5.901196449247394
Chennai,Petrol,Manual,First,16.9,5,1.5,Honda,City ZX VTEC,2,2,1,0.06680026715644605,149.7,6.768121746095314
Delhi,Diesel,Automatic,First,17.05,5,22.99,BMW,X1 sDrive 20d Sportline,0,3,3,0.09223057639487188,367.08,5.692821368948247
Mumbai,Petrol,Automatic,First,9.0,2,43.0,Porsche,Cayman 2009-2012 S tiptronic,0,6,1,0.032967664057043766,389.2194068664851,2.0288548241659154
Hyderabad,Diesel,Automatic,First,14.7,6,40.0,Land,Rover Range Rover Sport 2005 2012 HSE,0,5,4,0.08065486131618615,722.5102,3.6814425244177307
Chennai,Petrol,Manual,Third,19.7,5,1.2,Maruti,Alto LXi BSIII,1,0,0,0.05816582907265599,36.8548,10.96881959910913
Mumbai,Petrol,Automatic,First,19.2,5,2.9,Hyundai,i10 Asta Sunroof AT,1,1,0,0.06683375098844298,95.76,8.739189804278562
Delhi,Petrol,Automatic,First,14.62,5,13.9,Hyundai,Elantra 2.0 SX Option AT,0,3,2,0.07499749871185717,299.69007999999997,4.874958319439813
Delhi,Diesel,Manual,Second,28.09,5,7.85,Maruti,Ciaz RS ZDi Plus SHVS,0,1,1,0.07091346148163985,110.448,12.495551601423486
Coimbatore,Diesel,Automatic,First,15.3,5,54.45,BMW,X5 xDrive 30d,0,5,4,0.08620113595516167,772.194,3.8317054845980465
Kolkata,Diesel,Manual,First,13.58,9,4.75,Chevrolet,Tavera LT 9 Str BS IV,1,4,0,0.03121248498150761,194.922,3.8811088882537867
Mumbai,Diesel,Manual,First,20.64,5,3.25,Volkswagen,Vento 1.5 TDI Trendline,0,2,1,0.072429906493705,162.533,8.262610088070456
Mumbai,Petrol,Manual,First,17.8,5,7.1,Honda,City i VTEC V,0,2,1,0.07835671337451121,175.59810000000002,7.128554265118143
Kolkata,Petrol,Manual,First,20.4,5,4.65,Maruti,Swift VXI BSIV,0,1,1,0.06833751038568293,97.9146,9.28538916704597
Kolkata,Diesel,Manual,First,19.33,5,5.0,Volkswagen,Jetta 2012-2014 2.0L TDI Comfortline,1,3,2,0.07017276419198537,271.7808,6.512803234501347
Delhi,Petrol,Manual,First,18.6,5,4.95,Hyundai,i20 Sportz 1.2,0,1,1,0.0683625730423036,97.95051,8.466090122894856
Bangalore,Diesel,Manual,First,15.1,7,9.8,Mahindra,XUV500 W8 2WD,1,3,2,0.06424965577592949,305.06,4.749921358917899
Coimbatore,Diesel,Automatic,First,18.0,5,78.8,Mercedes-Benz,E-Class E 350 d,0,5,4,0.08637428855494668,770.646,4.514672686230249
Kolkata,Petrol,Manual,First,23.1,5,2.99,Maruti,Celerio LXI,0,0,0,0.06717434863008583,66.90592000000001,11.561561561561563
Mumbai,Petrol,Manual,First,15.04,5,4.45,Volkswagen,Vento 1.6 Highline,0,2,1,0.06458072586697075,164.9136,5.789068514241724
Pune,Petrol,Manual,Second,23.9,4,0.75,Tata,Nano XT,0,0,0,0.060064102467845985,23.38752,14.716748768472904
Delhi,CNG,Manual,First,25.0,5,5.0,Hyundai,Xcent 1.2 Kappa S Option CNG,0,1,1,0.06838763569892427,97.98642,11.37915339098771
Chennai,Diesel,Manual,Second,22.77,5,5.0,Ford,EcoSport 1.5 TDCi Titanium,1,2,1,0.06581441918169932,147.68782000000002,9.115292233787029
Coimbatore,Petrol,Automatic,First,14.62,5,9.69,Hyundai,Elantra 2.0 SX Option AT,1,3,2,0.07499749871185717,299.69007999999997,4.874958319439813
Coimbatore,Diesel,Manual,First,18.2,8,5.5,Chevrolet,Enjoy 1.3 TCDi LTZ 8,1,1,0,0.05908653841419347,92.02752,8.096085409252668
Chennai,Diesel,Automatic,First,15.97,5,65.0,BMW,X5 xDrive 30d M Sport,5,5,4,0.08620113595516167,772.194,3.9994991234660655
Jaipur,Diesel,Manual,First,20.14,5,5.11,Volkswagen,Polo 1.5 TDI Highline,1,2,1,0.05927903867871893,133.0224,8.062449959967974
Mumbai,Petrol,Manual,First,16.25,5,2.19,Skoda,Fabia 1.2 MPI Ambition Plus,0,1,0,0.06260434051535531,89.85,7.393084622383986
Chennai,Diesel,Manual,First,20.54,5,4.25,Volkswagen,Vento Diesel Comfortline,1,2,1,0.064831038757928,165.5528,7.906081601231716
Hyderabad,Diesel,Automatic,First,11.18,7,14.5,Mahindra,Ssangyong Rexton RX7,1,5,3,0.06824925813492239,496.064,3.024891774891775
Mumbai,Diesel,Manual,First,19.87,5,5.65,Nissan,Terrano XL D Option,1,2,1,0.05690622857159053,121.46754,8.073953677366923
Ahmedabad,Diesel,Automatic,Second,12.9,7,22.5,Toyota,Fortuner 2.8 2WD AT,1,5,3,0.0633393829171182,480.7475,3.435419440745673
Jaipur,Petrol,Automatic,Second,11.3,5,1.5,Toyota,Corolla H4,3,2,1,0.06967670007264398,224.25,4.0443808160343595
Kochi,Petrol,Manual,First,20.36,5,3.2,Hyundai,i10 Sportz,0,1,0,0.06591478691235189,94.44330000000001,9.267182521620391
Bangalore,Diesel,Manual,First,23.0,5,4.5,Hyundai,i20 1.4 CRDi Sportz,1,1,1,0.06446991399393272,125.64,9.599332220367279
Pune,Diesel,Manual,Second,25.8,5,4.5,Honda,Amaze S i-Dtech,0,2,1,0.06582109474911808,147.7028,10.32826261008807
Jaipur,Diesel,Automatic,First,22.32,5,8.0,Hyundai,Verna 1.6 SX CRDI (O) AT,1,2,1,0.07984829324914772,199.83823999999998,8.644461657629744
Mumbai,Diesel,Automatic,First,17.9,5,28.9,Mercedes-Benz,GLA Class 200 d Sport,0,3,2,0.063462435807997,291.448,5.695195672923958
Coimbatore,Diesel,Manual,First,20.14,5,4.1,Volkswagen,Polo 1.5 TDI Trendline,1,2,1,0.05927903867871893,133.0224,8.062449959967974
Kochi,Petrol,Automatic,First,21.4,5,7.22,Maruti,Baleno Zeta Automatic,0,1,1,0.06942355883924514,99.4707,9.740555302685479
Hyderabad,Diesel,Manual,First,22.9,5,5.8,Maruti,Swift VDI,1,1,0,0.059294871747359874,92.352,10.186832740213521
Chennai,Diesel,Manual,Second,14.0,8,3.5,Mahindra,Xylo D2 BSIV,4,4,1,0.03816793891596306,236.455,4.012611063341931
Bangalore,Diesel,Manual,Second,22.7,5,6.35,Ford,Ecosport 1.5 DV5 MT Trend,0,2,1,0.059973297690271495,134.58032,9.08726981585268
Delhi,Diesel,Manual,First,15.1,7,8.85,Mahindra,XUV500 W8 2WD,0,3,2,0.06424965577592949,305.06,4.749921358917899
Hyderabad,Petrol,Manual,Second,18.6,5,2.0,Chevrolet,Beat LS,2,1,0,0.06622185148772156,95.20060000000001,8.458390177353344
Bangalore,Petrol,Manual,First,17.01,5,5.5,Hyundai,Verna 1.6 VTVT,1,2,1,0.07624135758878607,192.98829999999998,6.565032805866461
Kolkata,Petrol,Manual,Second,18.9,5,2.3,Hyundai,Grand i10 Asta,0,1,1,0.06850459476315406,98.154,8.602639963586709
Bangalore,Diesel,Manual,First,19.01,5,7.95,Renault,Duster 110PS Diesel RxZ,1,2,1,0.07422997941531144,158.44545000000002,7.724502234863876
Coimbatore,Petrol,Manual,First,19.1,5,6.16,Hyundai,Xcent 1.2 Kappa S Option,0,1,1,0.06838763569892427,97.98642,8.69367319071461
Delhi,Petrol,Manual,First,20.36,5,2.85,Hyundai,i10 Sportz,1,1,0,0.06591478691235189,94.44330000000001,9.267182521620391
Delhi,Petrol,Automatic,First,13.7,5,25.0,Mercedes-Benz,GLA Class 200 Sport Edition,0,3,3,0.09191361120446327,364.353,4.580407890337679
Coimbatore,Diesel,Manual,First,15.8,5,10.36,Mercedes-Benz,New C-Class 220 CDI MT,0,3,2,0.07914338916240997,365.16,5.019059720457434
Delhi,Petrol,Automatic,First,15.04,5,26.0,Mercedes-Benz,CLA 200 Sport Edition,0,3,3,0.09191361120446327,364.353,5.028418589100634
Kolkata,Diesel,Manual,First,22.32,5,4.35,Hyundai,Verna 1.6 SX CRDi (O),0,2,1,0.07984829324914772,199.83823999999998,8.644461657629744
Chennai,Diesel,Manual,First,14.95,9,4.5,Mahindra,Xylo D2 Maxx,2,4,1,0.03764564080448146,233.2193,4.284895385497277
Delhi,Diesel,Manual,First,26.59,5,5.0,Maruti,Swift Dzire LDI,1,1,0,0.059294871747359874,92.352,11.828291814946619
Ahmedabad,Petrol,Manual,First,20.36,5,3.67,Hyundai,i10 Sportz,0,1,0,0.06591478691235189,94.44330000000001,9.267182521620391
Delhi,Diesel,Manual,First,14.0,7,6.0,Tata,Safari Storme Explorer Edition,1,3,2,0.06337769616182759,300.9199,4.403900597672224
Coimbatore,Petrol,Manual,First,18.9,5,6.34,Hyundai,Grand i10 Asta,0,1,1,0.06850459476315406,98.154,8.602639963586709
Chennai,Petrol,Automatic,Second,16.82,4,22.0,Mini,Cooper Convertible S,0,3,3,0.09463463458726995,377.78184000000005,5.610406937958639
Delhi,Petrol,Manual,Second,13.4,5,1.67,Toyota,Corolla H5,1,2,1,0.06967670007264398,224.25,4.795991410164639
Kolkata,Petrol,Manual,First,14.28,5,7.95,Toyota,Corolla Altis G MT,0,2,2,0.07676863177042902,248.17794,5.103645461043603
Kochi,Petrol,Manual,First,10.4,5,9.74,Maruti,Grand Vitara 2.4 MT,0,4,2,0.06832427911896186,391.2555,3.065134099616859
Chennai,Diesel,Manual,Second,16.0,7,6.0,Mahindra,XUV500 W8 1.99 mHawk,2,3,2,0.07010515770149967,279.58,5.3386720053386725
Mumbai,Petrol,Automatic,First,17.44,4,21.5,Mini,Cooper 3 DOOR S,0,3,3,0.09463463458726995,377.78184000000005,5.8172114743162116
Jaipur,Diesel,Manual,Second,21.1,5,2.35,Maruti,Ritz VDi,1,1,0,0.059214743542295875,92.22720000000001,9.386120996441282
Delhi,Diesel,Manual,Second,22.07,5,2.65,Volkswagen,Polo Diesel Comfortline 1.2L,1,1,0,0.061634695528244625,88.60610000000001,10.03638017280582
Kochi,Petrol,Manual,First,20.36,5,3.16,Hyundai,i10 Magna,1,1,0,0.06591478691235189,94.44330000000001,9.267182521620391
Jaipur,Petrol,Manual,Second,19.0,5,2.05,Maruti,A-Star Vxi,1,0,0,0.06623246486349452,65.96779999999998,9.50950950950951
Hyderabad,CNG,Manual,Second,26.6,5,2.95,Maruti,Wagon R LXI CNG,1,0,0,0.058276553047819084,58.043679999999995,13.313313313313316
Hyderabad,Petrol,Manual,First,20.51,5,3.9,Maruti,Wagon R Stingray LXI,1,0,0,0.06717434863008583,66.90592000000001,10.265265265265267
Coimbatore,Diesel,Manual,Second,24.2,7,6.68,Honda,Mobilio S i DTEC,1,2,1,0.06582109474911808,147.7028,9.687750200160126
Jaipur,Petrol,Manual,Second,21.1,5,3.5,Hyundai,EON Era Plus,1,0,0,0.06781326772995913,44.9328,11.631753031973538
Mumbai,Petrol,Automatic,First,14.84,5,8.11,Skoda,Rapid 1.6 MPI AT Ambition,0,2,1,0.06478097617973655,165.42496,5.712086220169361
Delhi,Diesel,Manual,First,28.09,5,8.3,Maruti,Ciaz VDi Plus SHVS,0,1,1,0.07091346148163985,110.448,12.495551601423486
Coimbatore,Diesel,Automatic,First,15.26,5,45.61,Mercedes-Benz,M-Class ML 250 CDI,0,3,3,0.0948203452660661,435.45759999999996,4.855233853006682
Pune,Diesel,Automatic,First,20.0,5,4.45,Skoda,Laura Elegance 2.0 TDI CR AT,1,3,2,0.07017276419198537,271.7808,6.738544474393531
Delhi,Diesel,Manual,First,24.3,5,7.85,Maruti,Vitara Brezza VDi Option,0,1,1,0.07091346148163985,110.448,10.809608540925266
Hyderabad,LPG,Manual,First,13.45,5,3.1,Hyundai,Santro Xing GLS LPG,0,1,0,0.05718232038933488,67.4406,6.4477468839884935
Kolkata,Diesel,Manual,First,24.0,5,3.75,Hyundai,Grand i10 CRDi Sportz,0,1,0,0.06249999994419642,78.4,11.320754716981131
Delhi,Diesel,Manual,First,25.47,7,7.65,Maruti,Ertiga VDI,1,1,1,0.07091346148163985,110.448,11.330071174377222
Ahmedabad,Petrol,Manual,First,17.0,5,4.9,Hyundai,i20 1.2 Sportz,0,1,0,0.06683375098844298,95.76,7.737824305871643
Coimbatore,Diesel,Automatic,First,16.0,7,16.52,Mahindra,XUV500 AT W10 FWD,0,3,2,0.06424965577592949,305.06,5.033029254482542
Kochi,Petrol,Automatic,First,13.7,5,14.05,Skoda,Superb Elegance 1.8 TSI AT,1,2,2,0.08773637369981291,283.6345,4.896354538956397
Kochi,Petrol,Manual,First,20.73,5,6.75,Maruti,Ciaz VXi Plus,1,1,1,0.06635105603324758,125.0803,8.735777496839443
Kolkata,Diesel,Manual,First,19.67,5,9.2,Hyundai,Creta 1.6 CRDi SX,1,2,1,0.07977243989900604,199.64839999999998,7.618125484120838
Chennai,Diesel,Manual,Third,23.59,5,3.0,Toyota,Etios GD,2,1,1,0.08304757598967921,154.50968305177113,9.978849407783418
Chennai,Petrol,Manual,Second,17.0,5,2.75,Honda,City 1.5 S MT,2,2,1,0.07882431524460633,176.646,6.8081698037645175
Hyderabad,Diesel,Manual,First,13.5,7,20.5,Ford,Endeavour 2.2 Trend MT 4X4,2,3,2,0.07174704273350908,346.6246,4.221388367729832
Pune,Diesel,Manual,First,21.9,5,4.25,Hyundai,i20 2015-2017 1.4 Magna ABS,1,1,1,0.06446991399393272,125.64,9.140233722871452
Kolkata,Petrol,Manual,First,17.0,5,6.0,Ford,EcoSport 1.5 Petrol Trend,0,2,1,0.08106880422106291,181.67592000000002,6.8081698037645175
Coimbatore,Petrol,Manual,Second,17.0,5,6.0,Hyundai,i20 1.2 Sportz,0,1,0,0.06683375098844298,95.76,7.737824305871643
Ahmedabad,Petrol,Manual,First,16.1,5,2.41,Maruti,Swift VXI BSIII,1,1,1,0.06795069332207188,114.48360000000001,7.00609225413403
Hyderabad,Petrol,Automatic,First,19.0,5,7.25,Honda,Jazz V CVT,0,1,1,0.07397831520101891,106.35130000000001,8.640291041382447
Kochi,Diesel,Manual,First,11.1,7,23.65,Volvo,XC90 2007-2015 D5 AWD,1,4,3,0.08333333329861112,480.0,3.264705882352941
Delhi,Petrol,Manual,First,21.4,5,6.5,Maruti,Baleno Alpha 1.2,0,1,1,0.06942355883924514,99.4707,9.740555302685479
Kochi,Diesel,Automatic,Second,17.9,5,18.06,Mercedes-Benz,GLA Class 200 CDI SPORT,1,3,2,0.063462435807997,291.448,5.695195672923958
Hyderabad,Petrol,Manual,First,25.17,5,3.2,Renault,KWID RXT,1,0,0,0.06670838539836246,42.5867,13.991106170094499
Coimbatore,Petrol,Manual,First,18.16,5,6.42,Ford,Figo 2015-2019 1.2P Titanium Opt MT,0,1,1,0.07257525077543875,103.81280000000001,8.269581056466302
Jaipur,Diesel,Manual,First,13.0,7,23.0,Toyota,Fortuner 4x2 Manual,1,5,2,0.05650570085294913,502.467,3.2646911099949776
Chennai,Petrol,Manual,First,17.0,5,5.9,Honda,City 1.5 S MT,1,2,1,0.07882431524460633,176.646,6.8081698037645175
Pune,Diesel,Manual,First,15.4,7,7.75,Mahindra,Scorpio S2 7 Seater,1,4,0,0.02972651604053646,189.225,4.371274481975589
Hyderabad,Diesel,Automatic,First,13.2,5,15.0,BMW,3 Series 320d,1,3,2,0.08521303253874032,339.15,4.407345575959933
Jaipur,Diesel,Manual,First,24.3,5,9.0,Maruti,Vitara Brezza ZDi Plus,0,1,1,0.07091346148163985,110.448,10.809608540925266
Delhi,Petrol,Automatic,First,11.74,5,11.5,Mercedes-Benz,New C-Class C 200 CGI Elegance,1,2,3,0.10356347432986443,334.056,4.198855507868384
Kolkata,Petrol,Manual,Second,17.01,5,6.2,Hyundai,Verna 1.6 VTVT,0,2,1,0.07624135758878607,192.98829999999998,6.565032805866461
Kochi,Diesel,Manual,First,24.0,5,5.92,Hyundai,Grand i10 1.2 CRDi Sportz,0,1,0,0.06236930854774931,87.72842,10.978956999085089
Kolkata,Diesel,Manual,First,20.14,5,6.29,Volkswagen,Polo 1.5 TDI Highline,0,2,1,0.058744993285216957,131.824,8.062449959967974
Kochi,Petrol,Manual,First,18.0,5,4.12,Honda,Amaze S i-Vtech,1,1,1,0.07237061763575073,103.8666,8.18926296633303
Pune,Petrol,Automatic,Third,10.1,5,3.8,Honda,CR-V 2.4 AT,2,4,2,0.06457094304818567,357.808,3.011329755515802
Ahmedabad,Petrol,Manual,First,17.92,5,2.7,Hyundai,Santro Xing GL Plus,0,1,0,0.05718232038933488,67.4406,8.590604026845638
Coimbatore,Diesel,Automatic,First,15.0,5,20.28,Mercedes-Benz,B Class B200 CDI,0,3,1,0.05006999531027999,229.94389999999999,4.772510340439071
Delhi,Petrol,Manual,First,18.0,5,3.9,Honda,Amaze S i-Vtech,1,1,1,0.07237061763575073,103.8666,8.18926296633303
Pune,Diesel,Automatic,Second,12.55,7,16.5,Toyota,Fortuner 4x2 AT,2,5,2,0.05650570085294913,502.467,3.1516825715720747
Pune,Petrol,Manual,First,17.01,5,3.7,Hyundai,Verna 1.6 VTVT,1,2,1,0.07624135758878607,192.98829999999998,6.565032805866461
Delhi,Diesel,Automatic,First,10.5,4,79.0,Jaguar,XJ 3.0L Portfolio,0,5,5,0.09062145001983915,811.79139,2.629601803155522
Mumbai,Diesel,Automatic,First,22.69,5,17.99,BMW,3 Series 320d,0,3,3,0.09523809519035684,379.05,7.5759599332220375
Jaipur,Diesel,Manual,First,21.9,5,3.9,Hyundai,i20 Magna 1.4 CRDi (Diesel),1,1,1,0.06358166184557187,123.90896000000001,9.140233722871452
Chennai,Diesel,Manual,First,18.5,5,3.12,Ford,Figo Diesel EXI Option,1,1,0,0.04860614721329081,95.132,7.711546477699041
Pune,Petrol,Manual,First,14.0,5,1.65,Maruti,Wagon R LXI BSIII,1,1,0,0.060320452346540564,67.904,6.792819019893256
Kolkata,Petrol,Manual,First,19.1,5,3.5,Hyundai,Xcent 1.2 Kappa S Option,0,1,1,0.06838763569892427,97.98642,8.69367319071461
Chennai,Diesel,Manual,Second,14.02,7,4.85,Mahindra,Xylo H4,1,3,1,0.05429095913066041,257.7757,4.410191884240327
Coimbatore,Diesel,Automatic,First,19.27,5,39.22,Mercedes-Benz,New C-Class C 220d Avantgarde Edition C,0,3,2,0.0782174521333563,359.20966000000004,6.13108495068406
Kolkata,Petrol,Manual,Second,20.36,5,2.0,Hyundai,i10 Magna,1,1,0,0.06591478691235189,94.44330000000001,9.267182521620391
Mumbai,Diesel,Manual,Second,11.5,7,10.45,Toyota,Fortuner 3.0 Diesel,2,5,2,0.05734406436708784,509.922,2.887995981918634
Chennai,Petrol,Automatic,First,19.16,5,27.0,Toyota,Camry Hybrid,0,4,2,0.06343223734425331,394.5508,5.483686319404693
Kolkata,Diesel,Manual,First,20.0,5,2.25,Ford,Figo Diesel ZXI,1,1,0,0.04860614721329081,95.132,8.336807002917881
Kolkata,Petrol,Manual,First,19.1,5,3.45,Hyundai,Xcent 1.2 Kappa S Option,0,1,1,0.06838763569892427,97.98642,8.69367319071461
Kochi,Petrol,Manual,First,18.6,5,6.14,Hyundai,i20 Sportz 1.2,1,1,1,0.0683625730423036,97.95051,8.466090122894856
Jaipur,LPG,Manual,Second,19.2,5,2.85,Hyundai,i10 Magna LPG,1,1,0,0.06266114174708919,73.9023,9.204218600191753
Chennai,CNG,Manual,First,24.6,5,3.25,Tata,Indigo CS Emax CNG GLX,1,1,0,0.04629505444568729,65.88939,11.21751025991792
Hyderabad,Diesel,Manual,First,28.4,5,4.0,Maruti,Dzire VDI,2,1,0,0.05909455123469987,92.04,12.633451957295371
Kolkata,Petrol,Manual,First,17.0,5,2.59,Honda,City 1.5 S MT,0,2,1,0.07882431524460633,176.646,6.8081698037645175
Delhi,Diesel,Manual,First,27.39,5,6.96,Maruti,Baleno Delta 1.3,0,1,0,0.059294871747359874,92.352,12.184163701067614
Kolkata,Petrol,Manual,First,18.3,5,2.19,Toyota,Etios Liva G,0,1,1,0.09463399635617045,135.59244179836512,8.329540282203004
Jaipur,Petrol,Manual,First,21.1,5,3.0,Hyundai,EON Era Plus,1,0,0,0.06781326772995913,44.9328,11.631753031973538
Delhi,Diesel,Manual,First,20.14,5,3.6,Volkswagen,Polo 1.5 TDI Highline,1,2,1,0.058744993285216957,131.824,8.062449959967974
Coimbatore,Diesel,Manual,Second,25.44,5,3.7,Chevrolet,Beat Diesel LS,1,0,0,0.06153846147271532,53.913599999999995,13.140495867768598
Ahmedabad,Diesel,Automatic,First,22.48,5,21.75,BMW,5 Series 520d Luxury Line,1,3,3,0.09523809519035684,379.05,7.505843071786311
Mumbai,Diesel,Automatic,First,17.9,5,45.0,Mercedes-Benz,GLC 220d 4MATIC Sport,0,3,2,0.07932804475999625,364.31,5.695195672923958
Coimbatore,Petrol,Manual,Second,24.07,5,3.19,Maruti,Alto K10 VXI,0,0,0,0.06723446887050653,66.96579999999999,12.047047047047048
Coimbatore,Petrol,Manual,First,20.14,5,6.2,Hyundai,Xcent 1.2 VTVT S,1,1,1,0.06838763569892427,97.98642,9.1670459717797
Coimbatore,Petrol,Manual,First,19.81,5,3.96,Hyundai,i10 Magna 1.1,1,1,0,0.06266114174708919,73.9023,9.49664429530201
Kolkata,Diesel,Manual,First,13.5,5,0.82,Tata,Indica DLS,1,1,1,0.08062412359597573,159.1540356948229,5.613305613305613
Jaipur,Diesel,Manual,First,23.4,5,4.5,Maruti,Swift Dzire Tour LDI,1,1,0,0.059294871747359874,92.352,10.409252669039144
Mumbai,Diesel,Manual,First,25.4,5,3.55,Hyundai,Xcent 1.2 CRDi E Plus,1,1,0,0.06236930854774931,87.72842,11.61939615736505
Chennai,Diesel,Manual,First,22.71,5,5.5,Nissan,Sunny Diesel XV,1,2,1,0.05804243664747266,123.89280000000001,9.227956115400243
Mumbai,Petrol,Manual,First,15.8,5,10.25,Hyundai,Creta 1.6 SX Option,0,2,1,0.07624135758878607,192.98829999999998,6.09803164801235
Delhi,Diesel,Automatic,First,12.9,7,30.0,Toyota,Fortuner 2.8 2WD AT,0,5,3,0.0633393829171182,480.7475,3.435419440745673
Pune,Petrol,Manual,Second,18.5,5,3.5,Maruti,Ritz VXi,0,1,1,0.07167919793510509,102.70259999999999,8.420573509330906
Delhi,Diesel,Manual,First,23.08,5,3.1,Renault,Pulse RxL,1,2,0,0.04320328539137352,92.21831999999999,9.378301503453878
Hyderabad,Petrol,Manual,First,17.5,5,3.25,Skoda,Fabia 1.2 MPI Ambiente Petrol,1,1,0,0.06260434051535531,89.85,7.961783439490446
Mumbai,Diesel,Manual,First,23.0,5,8.99,Ford,EcoSport 1.5 Diesel Titanium,0,2,1,0.06606141517619397,148.24208,9.20736589271417
Kolkata,Petrol,Manual,First,15.04,5,3.99,Volkswagen,Vento Petrol Comfortline,1,2,1,0.064831038757928,165.5528,5.789068514241724
Mumbai,Diesel,Manual,Second,19.01,5,6.0,Nissan,Terrano XV 110 PS,1,2,1,0.07426420255012717,158.5185,7.724502234863876
Mumbai,Diesel,Automatic,First,15.73,5,18.25,Audi,Q3 2012-2015 35 TDI Quattro Premium,0,3,3,0.0885823170281594,343.08144,5.299865229110512
Delhi,Diesel,Manual,First,12.99,7,7.75,Toyota,Innova 2.5 GX (Diesel) 7 Seater,1,4,1,0.04009623093821322,249.4,3.7178019461934744
Delhi,Petrol,Manual,Second,17.57,5,4.5,Tata,Zest Revotron 1.2T XE,0,1,1,0.0743503771380131,105.8191,8.011855905152759
Bangalore,Diesel,Manual,First,11.5,7,16.75,Toyota,Fortuner 3.0 Diesel,3,5,2,0.05734406436708784,509.922,2.887995981918634
Pune,Diesel,Automatic,First,16.09,5,17.5,BMW,X3 xDrive20d,2,3,3,0.09223057639487188,367.08,5.37228714524207
Chennai,Diesel,Manual,First,22.7,5,7.7,Maruti,SX4 S Cross DDiS 320 Zeta,0,2,1,0.07384230283238905,188.564,8.737490377213241
Pune,Petrol,Manual,Second,17.0,5,4.45,Honda,City 1.5 S MT,1,2,1,0.07882431524460633,176.646,6.8081698037645175
Jaipur,Diesel,Manual,First,26.59,5,5.25,Maruti,Swift Dzire LDI,2,1,0,0.059294871747359874,92.352,11.828291814946619
Kochi,Diesel,Automatic,First,22.69,5,33.66,BMW,3 Series 320d M Sport,0,3,3,0.09523809519035684,379.05,7.5759599332220375
Chennai,Petrol,Automatic,Second,19.34,5,2.8,Nissan,Micra XV CVT,1,1,0,0.06343906505556005,91.048,8.798908098271156
Coimbatore,Petrol,Automatic,First,21.4,5,8.47,Maruti,Baleno Zeta Automatic,0,1,1,0.06942355883924514,99.4707,9.740555302685479
Coimbatore,Diesel,Manual,First,26.21,5,9.32,Maruti,Ciaz ZDi Plus,1,1,1,0.07091346148163985,110.448,11.659252669039144
Coimbatore,Diesel,Automatic,First,17.9,5,27.43,Mercedes-Benz,CLA 200 CDI Style,0,3,2,0.063462435807997,291.448,5.695195672923958
Delhi,Diesel,Manual,First,24.5,7,6.5,Honda,Mobilio RS i DTEC,0,2,1,0.06582109474911808,147.7028,9.807846277021616
Delhi,Diesel,Manual,First,12.99,8,9.5,Toyota,Innova 2.5 GX (Diesel) 8 Seater,1,4,1,0.040336808323842496,250.8964,3.7178019461934744
Kochi,Diesel,Automatic,First,14.74,5,31.8,Jaguar,XF 3.0 Litre S Premium Luxury,0,5,5,0.09051119275291974,810.8036999999999,3.6914600550964187
Chennai,Petrol,Manual,Second,17.6,5,4.2,Toyota,Etios Petrol TRD Sportivo,1,2,1,0.05935828873037547,132.8448,7.051282051282052
Kochi,Diesel,Manual,First,25.44,5,3.85,Chevrolet,Beat Diesel LS,0,0,0,0.06153846147271532,53.913599999999995,13.140495867768598
Delhi,Petrol,Manual,Second,12.8,5,6.0,Honda,Accord 2.4 M/T,1,4,3,0.07544604924577483,418.07039999999995,3.8163387000596303
Hyderabad,Petrol,Manual,First,19.7,5,1.65,Maruti,Alto LXi,1,0,0,0.05816582907265599,36.8548,10.96881959910913
Bangalore,Diesel,Automatic,First,19.3,5,14.5,Skoda,Octavia Ambition 2.0 TDI AT,1,3,2,0.07164634142700897,277.488,6.502695417789758
Delhi,Diesel,Manual,First,12.8,7,7.1,Toyota,Innova 2.5 V Diesel 7-seater,1,4,1,0.040898155556977484,254.388,3.6634230108757873
Chennai,Diesel,Automatic,First,17.11,5,28.0,Audi,A4 35 TDI Premium Sport,0,3,3,0.0885823170281594,343.08144,5.764824797843666
Kochi,Diesel,Manual,First,24.3,5,9.38,Maruti,Vitara Brezza ZDi Plus Dual Tone,0,1,1,0.07091346148163985,110.448,10.809608540925266
Kochi,Petrol,Manual,First,18.9,5,4.78,Hyundai,Grand i10 Sportz,1,1,1,0.06850459476315406,98.154,8.602639963586709
Chennai,Petrol,Manual,Second,13.4,5,1.7,Toyota,Corolla DX,1,2,1,0.06967670007264398,224.25,4.795991410164639
Coimbatore,Diesel,Automatic,First,17.6,7,17.85,Tata,Hexa XTA,0,3,2,0.07061037169774652,335.26094,5.536332179930796
Pune,Petrol,Manual,Second,17.0,5,2.75,Hyundai,i20 2015-2017 1.2 Asta,1,1,0,0.06683375098844298,95.76,7.737824305871643
Mumbai,Petrol,Manual,First,17.01,5,5.95,Hyundai,Verna 1.6 SX VTVT,0,2,1,0.07624135758878607,192.98829999999998,6.565032805866461
Mumbai,Petrol,Manual,First,14.0,5,1.5,Maruti,Omni 8 Seater BSIV,0,0,0,0.04396984919099265,27.86,7.795100222717149
Kochi,Petrol,Manual,First,24.7,5,3.8,Maruti,Alto 800 2016-2019 VXI,0,0,0,0.059422110478112924,37.6508,13.752783964365255
Bangalore,Diesel,Automatic,First,19.27,5,38.5,Mercedes-Benz,New C-Class C 220d Avantgarde Edition C,0,3,2,0.0782174521333563,359.20966000000004,6.13108495068406
Jaipur,Petrol,Manual,First,19.81,5,2.15,Hyundai,i10 Era 1.1,1,1,0,0.06266114174708919,73.9023,9.49664429530201
Mumbai,Petrol,Automatic,Second,14.67,5,3.75,Skoda,Superb Style 1.8 TSI AT,1,2,3,0.09869855389393851,319.07308,5.243030736240171
Mumbai,Diesel,Automatic,First,21.5,5,8.95,Volkswagen,Vento 1.5 TDI Highline AT,0,2,1,0.072429906493705,162.533,8.606885508406725
Hyderabad,Diesel,Manual,First,17.8,5,5.0,Maruti,Swift VDI BSIV,1,1,1,0.0907667417004834,141.36956337874662,7.918149466192171
Pune,Petrol,Manual,First,14.8,5,2.95,Honda,Civic 2010-2013 1.8 V MT,1,2,2,0.07237354081580125,234.22979999999998,5.287602715255449
Coimbatore,Petrol,Automatic,First,12.05,5,10.49,BMW,3 Series 320i Sedan,1,3,2,0.07719298241744713,307.23,4.023372287145242
Hyderabad,Petrol,Manual,Second,17.92,5,1.85,Hyundai,Santro Xing GLS,1,1,0,0.05718232038933488,67.4406,8.590604026845638
Hyderabad,Diesel,Manual,First,17.8,5,6.45,Maruti,Swift VDI BSIV,1,1,1,0.0907667417004834,141.36956337874662,7.918149466192171
Jaipur,Petrol,Automatic,First,11.1,5,5.25,Honda,Accord 2001-2003 2.3 VTi L AT,1,4,2,0.0603228546897524,334.268,3.3094812164579603
Kolkata,Diesel,Manual,First,20.77,7,5.99,Maruti,Ertiga VDI,0,1,1,0.07112179481480625,110.77248000000002,9.239323843416368
Kochi,Diesel,Manual,First,18.6,5,3.82,Ford,Fiesta Classic 1.4 Duratorq LXI,1,1,0,0.04827089333698062,92.996,7.7889447236180915
Hyderabad,Diesel,Automatic,First,12.07,7,39.0,Audi,Q7 3.0 TDI Quattro Premium Plus,1,5,4,0.08136164473159366,716.2338000000001,3.0426014620620117
Coimbatore,Diesel,Automatic,First,17.11,5,25.75,Audi,A4 35 TDI Premium,0,3,3,0.0885823170281594,343.08144,5.764824797843666
Hyderabad,Diesel,Manual,First,22.3,5,2.2,Tata,Indica Vista Quadrajet VX,2,1,0,0.059294871747359874,92.352,9.919928825622776
Chennai,Diesel,Manual,Second,18.1,5,2.0,Hyundai,Verna CRDi ABS,2,2,1,0.07367716003102667,164.23,7.260328920978741
Mumbai,Diesel,Automatic,First,16.1,5,56.5,Mercedes-Benz,E-Class E 220 d,0,3,3,0.09948717943616041,378.3,5.457627118644068
Mumbai,Diesel,Automatic,Second,22.69,5,21.0,BMW,3 Series 320d Luxury Line,0,3,3,0.09523809519035684,379.05,7.5759599332220375
Ahmedabad,Diesel,Manual,First,24.0,5,4.0,Hyundai,Grand i10 CRDi Asta,2,1,0,0.06249999994419642,78.4,11.320754716981131
Coimbatore,Petrol,Automatic,First,16.95,5,3.83,Hyundai,i10 Sportz AT,0,1,0,0.06591478691235189,94.44330000000001,7.715065999089667
Kochi,Petrol,Manual,First,16.1,5,5.89,Maruti,Swift VXi BSIV,0,1,1,0.07101086042522066,101.745,7.3281747837960864
Kolkata,Petrol,Manual,First,17.92,5,1.36,Hyundai,Santro Xing GLS,0,1,0,0.05718232038933488,67.4406,8.590604026845638
Delhi,Diesel,Automatic,Second,17.54,4,44.0,BMW,6 Series Gran Coupe,0,5,5,0.10457734710839381,936.809,4.392687202604558
Mumbai,CNG,Manual,First,22.1,5,3.26,Maruti,SX4 Green Vxi (CNG),1,2,1,0.05403530891927156,135.92020000000002,8.546017014694508
Bangalore,Petrol,Manual,First,17.43,5,8.0,Hyundai,Verna 1.4 VTVT,0,1,1,0.07557306584844335,147.278,7.274624373956594
Ahmedabad,Diesel,Manual,First,23.4,5,4.25,Maruti,Swift Dzire ZDI,1,1,0,0.059294871747359874,92.352,10.409252669039144
Pune,Diesel,Manual,First,28.4,5,6.0,Maruti,Swift VDI,0,1,0,0.059294871747359874,92.352,12.633451957295371
Kochi,Diesel,Automatic,First,19.5,5,16.61,Skoda,Octavia 2.0 TDI AT Style Plus,0,3,2,0.07164634142700897,277.488,6.570080862533692
Coimbatore,Diesel,Manual,First,19.6,5,7.26,Renault,Duster 110PS Diesel RxL,1,2,1,0.07422997941531144,158.44545000000002,7.964242177976431
Bangalore,Diesel,Manual,First,10.5,8,4.0,Mahindra,Scorpio 2.6 CRDe,1,3,1,0.05507113352222527,261.48,3.302925448254168
Ahmedabad,Diesel,Automatic,First,18.12,5,34.51,BMW,5 Series 2013-2017 520d Luxury Line,0,3,3,0.09523809519035684,379.05,6.050083472454091
Chennai,Petrol,Manual,Third,17.3,5,0.95,Maruti,Wagon R VXI BSIII,2,1,0,0.060320452346540564,67.904,8.393983503153809
Hyderabad,Petrol,Manual,First,14.0,5,2.2,Maruti,Wagon R LXI BSIII,1,1,0,0.060320452346540564,67.904,6.792819019893256
Mumbai,Petrol,Manual,First,18.6,5,5.75,Hyundai,i20 Sportz 1.2,0,1,1,0.0683625730423036,97.95051,8.466090122894856
Pune,CNG,Manual,Third,17.0,5,1.2,Hyundai,Santro Xing XO CNG,1,1,1,0.10430653188643048,123.01870659400547,8.149568552253115
Delhi,Diesel,Automatic,First,18.0,7,36.75,Land,Rover Discovery SE 3.0 TD6,1,5,4,0.08519879716498537,763.215,4.507888805409467
Hyderabad,Petrol,Automatic,Second,11.7,5,10.0,Mercedes-Benz,New C-Class 230 Avantgarde,0,2,3,0.09910913134793478,319.688,4.184549356223176
Mumbai,Diesel,Manual,First,21.64,5,4.05,Nissan,Sunny 2011-2014 Diesel XV,0,2,1,0.05804243664747266,123.89280000000001,8.79317350670459
Hyderabad,Diesel,Automatic,First,12.07,7,22.0,Audi,Q7 3.0 TDI quattro,1,5,4,0.08136164473159366,716.2338000000001,3.0426014620620117
Coimbatore,Diesel,Automatic,First,17.9,5,27.87,Mercedes-Benz,CLA 200 CDI Sport,0,3,2,0.063462435807997,291.448,5.695195672923958
Kolkata,Diesel,Manual,First,24.3,5,8.75,Maruti,Vitara Brezza ZDi,0,1,1,0.07091346148163985,110.448,10.809608540925266
Hyderabad,Diesel,Manual,First,19.3,5,4.79,Maruti,Swift Dzire Vdi BSIV,1,1,0,0.059214743542295875,92.22720000000001,8.585409252669038
Coimbatore,Diesel,Manual,First,21.13,5,11.92,Skoda,Rapid 1.5 TDI Ambition,0,2,1,0.07236315081951726,162.38320000000002,8.458767013610887
Coimbatore,Diesel,Automatic,Second,12.07,7,53.11,Audi,Q7 35 TDI Quattro Technology,0,5,4,0.08136164473159366,716.2338000000001,3.0426014620620117
Jaipur,Petrol,Manual,First,18.9,5,1.15,Maruti,Wagon R LXI,2,0,0,0.06723446887050653,66.96579999999999,9.45945945945946
Pune,Diesel,Manual,First,25.1,5,7.45,Honda,City i DTEC VX Option,1,2,1,0.06582109474911808,147.7028,10.048038430744596
Jaipur,Petrol,Manual,First,21.1,5,3.5,Hyundai,EON Magna Plus,0,0,0,0.06781326772995913,44.9328,11.631753031973538
Kochi,Diesel,Automatic,First,13.0,5,70.15,Mercedes-Benz,E-Class 2015-2017 E350 CDI Avantgrade,0,5,4,0.08871777700411189,791.555,3.2605969400551795
Hyderabad,Diesel,Automatic,First,13.2,5,19.5,BMW,3 Series 320d,1,3,2,0.08521303253874032,339.15,4.407345575959933
Pune,Petrol,Automatic,Second,12.05,5,15.0,BMW,3 Series 318i Sedan,0,3,2,0.07719298241744713,307.23,4.023372287145242
Coimbatore,Diesel,Manual,First,17.45,7,7.57,Mahindra,NuvoSport N8,0,2,1,0.06697923639184243,149.3,6.9995988768551936
Hyderabad,Petrol,Manual,First,18.5,5,4.4,Maruti,Ritz VXi,1,1,1,0.07167919793510509,102.70259999999999,8.420573509330906
Chennai,Diesel,Automatic,First,15.87,5,60.0,BMW,X6 xDrive 40d M Sport,0,5,5,0.10305045101802525,923.13099,3.974455296769346
Kolkata,Petrol,Manual,First,18.6,5,1.6,Chevrolet,Beat LT,0,1,0,0.06622185148772156,95.20060000000001,8.458390177353344
Pune,Petrol,Manual,First,19.1,5,4.9,Maruti,Swift Dzire VXI,1,1,1,0.07167919793510509,102.70259999999999,8.69367319071461
Delhi,Diesel,Manual,First,20.77,7,5.95,Maruti,Ertiga ZDI,1,1,1,0.07115384609683184,110.82239999999999,9.239323843416368
Coimbatore,Diesel,Manual,First,20.45,5,5.35,Renault,Duster 85PS Diesel RxL,1,2,1,0.057357973951158124,122.43180000000001,8.309630231613164
Hyderabad,Petrol,Automatic,First,15.5,5,5.4,Honda,Amaze VX AT i-Vtech,1,1,1,0.07237061763575073,103.8666,7.0518653321201095
Coimbatore,Diesel,Automatic,First,17.11,5,23.45,Audi,A4 2.0 TDI Premium Sport Limited Edition,0,3,3,0.0885823170281594,343.08144,5.764824797843666
Hyderabad,Diesel,Manual,Second,18.7,5,1.9,Skoda,Octavia Ambiente 1.9 TDI MT,1,3,0,0.03481012656391871,125.136,6.457182320441989
Pune,Diesel,Manual,First,25.8,5,6.1,Honda,Amaze E i-Dtech,1,2,1,0.06582109474911808,147.7028,10.32826261008807
Mumbai,Diesel,Manual,First,12.8,8,4.95,Toyota,Innova 2.5 EV Diesel MS 8 Str BSIII,2,4,1,0.040898155556977484,254.388,3.6634230108757873
Hyderabad,Petrol,Manual,Second,21.1,5,2.5,Hyundai,EON D Lite Plus,1,0,0,0.06781326772995913,44.9328,11.631753031973538
Kochi,Petrol,Manual,First,22.7,5,3.48,Datsun,redi-GO T Option,0,0,0,0.06713391731272352,42.85836,12.618121178432462
Chennai,Diesel,Manual,First,22.9,5,4.4,Maruti,Swift VDI,1,1,0,0.059294871747359874,92.352,10.186832740213521
Hyderabad,Diesel,Manual,First,9.5,6,7.99,Mitsubishi,Pajero 2.8 GLX Sports,1,5,1,0.04183421515279216,336.231,2.4771838331160367
Hyderabad,Diesel,Automatic,First,13.1,5,10.99,Volvo,S80 D5,1,4,3,0.08958333329600694,516.0,3.8529411764705883
Delhi,Diesel,Automatic,First,12.55,7,18.5,Toyota,Fortuner 4x2 AT,1,5,2,0.05650570085294913,502.467,3.1516825715720747
Coimbatore,Diesel,Manual,First,16.3,5,21.69,Jeep,Compass 2.0 Limited 4X4,0,3,2,0.08691206539523923,332.52,5.514208389715832
Coimbatore,Diesel,Manual,First,23.4,5,5.17,Maruti,Swift Dzire VDI,1,1,0,0.059294871747359874,92.352,10.409252669039144
Delhi,Diesel,Manual,Second,22.32,5,4.5,Hyundai,Verna 1.6 SX,2,2,1,0.07984829324914772,199.83823999999998,8.644461657629744
Kolkata,Diesel,Manual,First,12.05,8,6.75,Mahindra,Scorpio VLX 2WD BSIV,0,3,1,0.05507113352222527,261.48,3.7905001572821644
Kochi,Petrol,Manual,First,19.81,5,3.12,Hyundai,i10 Era,1,1,0,0.06266114174708919,73.9023,9.49664429530201
Hyderabad,Diesel,Manual,First,12.99,8,8.25,Toyota,Innova 2.5 G (Diesel) 8 Seater,3,4,1,0.040336808323842496,250.8964,3.7178019461934744
Coimbatore,Diesel,Automatic,First,11.36,7,20.14,Toyota,Innova Crysta 2.8 ZX AT,1,5,2,0.062250453697912725,472.4825,3.025299600532623
Hyderabad,Diesel,Manual,First,12.99,8,12.6,Toyota,Innova 2.5 G (Diesel) 8 Seater,2,4,1,0.04009623093821322,249.4,3.7178019461934744
Kochi,Diesel,Manual,First,23.4,5,6.61,Maruti,Swift Dzire ZDI,0,1,0,0.059294871747359874,92.352,10.409252669039144
Kochi,Diesel,Automatic,First,17.01,5,13.23,Hyundai,Creta 1.6 CRDi AT SX Plus,0,2,1,0.07977243989900604,199.64839999999998,6.587916343919443
Mumbai,Diesel,Manual,First,12.99,8,4.75,Toyota,Innova 2.5 G (Diesel) 8 Seater BS IV,1,4,1,0.04009623093821322,249.4,3.7178019461934744
Mumbai,Diesel,Manual,Second,20.54,5,2.9,Volkswagen,Vento Diesel Highline,1,2,1,0.064831038757928,165.5528,7.906081601231716
Hyderabad,Diesel,Manual,First,14.8,10,5.5,Chevrolet,Tavera LS B3 10 Seats BSIII,2,4,0,0.032012805109238575,199.92,4.229779937124893
Kochi,Diesel,Automatic,Second,11.18,7,9.47,Mahindra,Ssangyong Rexton RX7,1,5,3,0.06824925813492239,496.064,3.024891774891775
Mumbai,Petrol,Manual,First,20.36,5,1.95,Hyundai,i10 Magna,0,1,0,0.06591478691235189,94.44330000000001,9.267182521620391
Kolkata,Petrol,Manual,First,20.36,5,2.2,Hyundai,i10 Sportz 1.2,0,1,0,0.06591478691235189,94.44330000000001,9.267182521620391
Mumbai,Petrol,Manual,First,17.0,5,1.15,Hyundai,Santro Xing XG eRLX Euro III,1,1,1,0.10430653188643048,123.01870659400547,8.149568552253115
Bangalore,Petrol,Manual,Second,18.0,5,4.35,Honda,Amaze S i-Vtech,0,1,1,0.07237061763575073,103.8666,8.18926296633303
Pune,Petrol,Automatic,First,23.1,5,4.5,Maruti,Celerio ZXI AT,1,0,0,0.06717434863008583,66.90592000000001,11.561561561561563
Chennai,Petrol,Manual,First,18.9,5,3.55,Hyundai,Grand i10 Asta,1,1,1,0.06850459476315406,98.154,8.602639963586709
Kolkata,Diesel,Manual,First,19.3,5,4.75,Maruti,Swift Dzire VDi,0,1,0,0.059214743542295875,92.22720000000001,8.585409252669038
Coimbatore,Petrol,Manual,Second,20.36,5,4.52,Hyundai,i10 Sportz,0,1,0,0.06591478691235189,94.44330000000001,9.267182521620391
Mumbai,Diesel,Automatic,First,15.06,5,12.75,BMW,X1 sDrive 20d Exclusive,1,3,3,0.08872180446680611,353.115,5.028380634390651
Coimbatore,Diesel,Automatic,Second,17.11,5,20.04,Audi,A4 2.0 TDI 177 Bhp Premium Plus,1,3,3,0.0885823170281594,343.08144,5.764824797843666
Bangalore,Diesel,Manual,First,20.45,5,6.5,Nissan,Terrano XL 85 PS,1,2,1,0.057357973951158124,122.43180000000001,8.309630231613164
Chennai,Diesel,Manual,First,11.56,7,7.5,Mitsubishi,Montero 3.2 GLS,3,6,3,0.062281249980537114,637.76,2.7523809523809524
Mumbai,Petrol,Automatic,First,22.5,5,4.15,Maruti,Wagon R VXI AMT,0,0,0,0.06713426846980534,66.866,11.261261261261263
Hyderabad,Petrol,Manual,First,13.5,5,2.5,Honda,Civic 2006-2010 1.8 (E) MT,1,2,2,0.07226236794204426,233.87,4.82315112540193
Pune,Petrol,Manual,First,18.6,5,5.4,Hyundai,i20 2015-2017 Magna 1.2,0,1,1,0.0683625730423036,97.95051,8.466090122894856
Mumbai,Petrol,Manual,First,24.07,5,3.15,Maruti,Alto K10 VXI,0,0,0,0.06723446887050653,66.96579999999999,12.047047047047048
Bangalore,Diesel,Automatic,Second,12.07,7,52.5,Audi,Q7 35 TDI Quattro Technology,0,5,4,0.08136164473159366,716.2338000000001,3.0426014620620117
Delhi,Petrol,Manual,First,18.6,5,5.95,Hyundai,i20 Sportz Option 1.2,0,1,1,0.0683625730423036,97.95051,8.466090122894856
Coimbatore,Petrol,Automatic,First,23.84,5,6.97,Tata,Tiago AMT 1.2 Revotron XZA,0,1,1,0.06991659710599116,100.51217,10.841291496134607
Hyderabad,Petrol,Manual,First,20.36,5,3.2,Hyundai,i10 Sportz 1.2,1,1,0,0.06591478691235189,94.44330000000001,9.267182521620391
Bangalore,Diesel,Manual,First,20.46,5,6.69,Renault,Duster 85PS Diesel RxL Optional,1,2,1,0.057357973951158124,122.43180000000001,8.313693620479478
Bangalore,Diesel,Manual,Second,13.49,5,5.9,Tata,Xenon XT EX 4X4,1,3,2,0.06334557133393963,300.76736999999997,4.243472790185593
Kolkata,Petrol,Manual,First,18.5,5,2.25,Hyundai,i20 Magna,0,1,0,0.06683375098844298,95.76,8.420573509330906
Kolkata,Diesel,Manual,First,23.4,5,4.5,Maruti,Swift Dzire VDI,0,1,0,0.059294871747359874,92.352,10.409252669039144
Pune,Petrol,Manual,First,22.0,5,2.61,Hyundai,EON Magna,1,0,0,0.06756756748456073,44.77,12.127894156560087
Jaipur,Diesel,Automatic,First,14.84,5,11.5,Mercedes-Benz,New C-Class 220 CDI AT,1,3,2,0.07932804475999625,364.31,4.721603563474388
Mumbai,Petrol,Automatic,First,16.82,4,35.0,Mini,Cooper Convertible S,0,3,3,0.09463463458726995,377.78184000000005,5.610406937958639
Jaipur,Petrol,Manual,First,26.0,4,0.5,Tata,Nano Cx,1,0,0,0.05608974349985618,21.84,16.009852216748765
Kolkata,Diesel,Manual,Second,26.21,5,5.75,Maruti,Ciaz ZDi Plus,1,1,1,0.07091346148163985,110.448,11.659252669039144
Pune,Diesel,Manual,First,22.0,5,11.5,Hyundai,Verna CRDi 1.6 SX Option,0,2,1,0.07977243989900604,199.64839999999998,8.520526723470178
Jaipur,Petrol,Manual,First,21.1,5,2.75,Hyundai,EON Era Plus,0,0,0,0.06781326772995913,44.9328,11.631753031973538
Chennai,Diesel,Automatic,Second,18.12,5,31.5,BMW,5 Series 2013-2017 520d Luxury Line,0,3,3,0.09523809519035684,379.05,6.050083472454091
Kochi,Petrol,Manual,First,19.4,5,4.92,Honda,Brio S MT,0,1,1,0.0724540900897712,103.98639999999999,8.826205641492265
Pune,Diesel,Manual,First,23.2,5,3.52,Maruti,Ritz VDi,0,1,0,0.05924679482432147,92.27712,10.320284697508896
Chennai,Diesel,Automatic,First,18.88,5,17.55,BMW,3 Series 320d Prestige,1,3,3,0.09223057639487188,367.08,6.303839732888147
Pune,Diesel,Manual,First,26.59,5,5.8,Maruti,Swift Dzire LDI,0,1,0,0.059294871747359874,92.352,11.828291814946619
Hyderabad,Diesel,Manual,First,23.4,5,6.95,Maruti,Swift Dzire VDI,1,1,0,0.059294871747359874,92.352,10.409252669039144
Kolkata,Petrol,Manual,First,16.95,5,2.4,Renault,Scala RxL,0,2,1,0.06515353800724062,146.20479999999998,6.785428342674138
Mumbai,Diesel,Automatic,First,14.39,5,5.25,Chevrolet,Cruze LTZ AT,1,3,2,0.08193193189092494,327.07259999999997,4.799866577718479
Ahmedabad,Petrol,Manual,First,17.5,5,4.25,Maruti,Swift Dzire ZXi,1,1,1,0.06610169486432843,111.3684,7.6153176675369885
Jaipur,Diesel,Manual,First,19.09,5,1.5,Tata,Indigo CS LX (TDI) BS III,2,1,0,0.049426934062015086,96.324,7.967445742904841
Jaipur,Diesel,Manual,First,24.0,5,4.5,Hyundai,Grand i10 CRDi Sportz,0,1,0,0.06249999994419642,78.4,11.320754716981131
Pune,Diesel,Manual,First,22.3,5,2.5,Tata,Indica Vista Quadrajet LS,3,1,0,0.059294871747359874,92.352,9.919928825622776
Chennai,Diesel,Manual,Third,17.8,5,1.55,Ford,Fiesta 1.4 TDCi EXI,1,1,0,0.04860614721329081,95.132,7.419758232596915
Pune,Diesel,Manual,First,19.87,5,6.5,Renault,Duster 85PS Diesel RxE,1,2,1,0.057357973951158124,122.43180000000001,8.073953677366923
Kochi,Diesel,Manual,First,24.0,5,4.96,Hyundai,Grand i10 CRDi SportZ Edition,1,1,0,0.06249999994419642,78.4,11.320754716981131
Bangalore,Petrol,Manual,First,19.4,5,3.25,Honda,Brio S MT,1,1,1,0.0724540900897712,103.98639999999999,8.826205641492265
Kolkata,Petrol,Automatic,First,12.3,5,8.5,Audi,A4 1.8 TFSI,0,2,2,0.09163391348027292,290.65919999999994,4.422869471413161
Bangalore,Petrol,Manual,Second,24.7,5,2.75,Maruti,Alto 800 2016-2019 LXI,1,0,0,0.059422110478112924,37.6508,13.752783964365255
Bangalore,Petrol,Manual,Second,16.2,5,3.4,Hyundai,Verna Transform SX VTVT,1,2,1,0.06454033767070648,165.01680000000002,6.233166602539438
Hyderabad,Diesel,Manual,First,20.77,7,7.0,Maruti,Ertiga ZDI,2,1,1,0.07115384609683184,110.82239999999999,9.239323843416368
Kochi,Petrol,Manual,First,12.9,5,3.21,Chevrolet,Optra Magnum 1.6 LT ABS BS3,1,2,1,0.06414267830779556,163.795,4.965357967667437
Coimbatore,Diesel,Manual,First,19.67,5,14.25,Hyundai,Creta 1.6 CRDi SX Option,0,2,1,0.07977243989900604,199.64839999999998,7.618125484120838
Hyderabad,Diesel,Manual,First,20.34,5,6.5,Volkswagen,Vento 1.5 TDI Highline,1,2,1,0.06889185576175443,154.5936,8.142514011208966
Kolkata,Petrol,Manual,First,17.4,5,5.49,Honda,City i VTEC SV,0,2,1,0.07835671337451121,175.59810000000002,6.96836203444133
Pune,Petrol,Manual,Third,16.8,5,0.8,Hyundai,Getz GLS ABS,1,1,1,0.06189410882781945,111.303,7.1764203331909435
Kochi,Petrol,Manual,First,17.0,5,1.99,Hyundai,Santro Xing XG eRLX Euro III,1,1,1,0.10430653188643048,123.01870659400547,8.149568552253115
Coimbatore,Petrol,Automatic,Second,18.9,5,5.91,Hyundai,Grand i10 AT Asta,0,1,1,0.06850459476315406,98.154,8.602639963586709
Coimbatore,Petrol,Manual,First,18.9,5,6.44,Hyundai,Grand i10 1.2 Kappa Sportz Option,0,1,1,0.06838763569892427,97.98642,8.602639963586709
Pune,CNG,Manual,First,26.2,5,2.9,Maruti,Wagon R LXI CNG,1,0,0,0.05831663320809957,58.083600000000004,13.113113113113114
Jaipur,Petrol,Manual,First,18.9,5,4.6,Hyundai,Grand i10 Sportz,0,1,1,0.06850459476315406,98.154,8.602639963586709
Pune,Diesel,Manual,Second,17.8,5,2.35,Maruti,Swift VDI BSIV,2,1,1,0.0907667417004834,141.36956337874662,7.918149466192171
Coimbatore,Petrol,Manual,First,18.6,5,7.21,Hyundai,i20 Asta 1.2,0,1,1,0.0683625730423036,97.95051,8.466090122894856
Pune,Diesel,Manual,First,19.87,5,8.0,Renault,Duster 85PS Diesel RxL,1,2,1,0.057357973951158124,122.43180000000001,8.073953677366923
Hyderabad,Diesel,Manual,Second,19.3,5,3.5,Maruti,Swift Dzire VDi,1,1,0,0.059214743542295875,92.22720000000001,8.585409252669038
Pune,Diesel,Manual,First,12.8,8,5.9,Toyota,Innova 2.5 G (Diesel) 8 Seater BS IV,3,4,1,0.040898155556977484,254.388,3.6634230108757873
Coimbatore,Petrol,Manual,Second,25.4,4,1.74,Tata,Nano Twist XT,0,0,0,0.06009615374984591,23.4,15.640394088669948
Mumbai,Petrol,Manual,First,18.12,5,6.8,Ford,Figo 2015-2019 1.2P Sports Edition MT,0,1,1,0.07257525077543875,103.81280000000001,8.25136612021858
Jaipur,Petrol,Manual,First,18.6,5,7.5,Hyundai,i20 1.2 Asta Option,0,1,1,0.0683625730423036,97.95051,8.466090122894856
Pune,Petrol,Manual,First,15.4,7,8.0,Honda,BRV i-VTEC V MT,0,2,1,0.07835671337451121,175.59810000000002,6.16740088105727
Hyderabad,Diesel,Manual,First,27.4,5,5.99,Honda,Amaze S Diesel,0,2,1,0.06582109474911808,147.7028,10.968775020016011
Mumbai,Diesel,Manual,First,19.67,5,12.9,Hyundai,Creta 1.6 CRDi SX,0,2,1,0.07977243989900604,199.64839999999998,7.618125484120838
Delhi,Petrol,Manual,First,21.4,5,7.0,Maruti,Baleno Zeta 1.2,0,1,1,0.06942355883924514,99.4707,9.740555302685479
Hyderabad,Diesel,Automatic,First,14.16,5,35.0,Audi,Q5 2.0 TDI Technology,0,3,3,0.08856707312572812,343.0224,4.77088948787062
Jaipur,Diesel,Manual,First,25.8,5,5.5,Honda,Amaze S i-DTEC,1,2,1,0.06582109474911808,147.7028,10.32826261008807
Coimbatore,Diesel,Automatic,First,11.0,5,18.46,BMW,X5 3.0d,2,5,4,0.07851653856381005,703.355,2.7548209366391183
Jaipur,Petrol,Manual,First,15.6,5,2.4,Ford,Figo Petrol Titanium,0,1,0,0.05852842804470867,83.72,7.103825136612023
Pune,Petrol,Manual,Third,18.9,5,1.0,Maruti,Wagon R VXI,1,0,0,0.06723446887050653,66.96579999999999,9.45945945945946
Ahmedabad,Petrol,Manual,Second,19.81,5,2.65,Hyundai,i10 Era,1,1,0,0.06266114174708919,73.9023,9.49664429530201
Kochi,Diesel,Automatic,First,21.66,5,5.96,Skoda,Rapid 1.5 TDI AT Elegance,1,2,1,0.06910547391915521,155.07296,8.670936749399518
Kolkata,Diesel,Automatic,First,17.85,4,75.0,Porsche,Panamera Diesel,0,5,5,0.10111223454630529,890.1,4.499621880514243
Kochi,Petrol,Automatic,First,15.04,5,27.15,Mercedes-Benz,CLA 200 Sport Edition,0,3,3,0.09191361120446327,364.353,5.028418589100634
Ahmedabad,Petrol,Automatic,Second,10.4,5,10.5,Audi,A6 2.8 FSI,0,5,3,0.07248467361251905,557.373,2.7564272462231645
Chennai,Petrol,Manual,First,20.73,5,6.7,Maruti,Ciaz ZXi Plus,0,1,1,0.06635105603324758,125.0803,8.735777496839443
Kolkata,Diesel,Manual,First,22.7,5,4.9,Ford,Ecosport 1.5 DV5 MT Titanium,0,2,1,0.059973297690271495,134.58032,9.08726981585268
Hyderabad,Diesel,Manual,First,16.5,7,8.0,Mahindra,Bolero mHAWK D70 ZLX,0,2,0,0.046885465474289706,104.51,6.618531889290011
Kochi,Petrol,Manual,First,24.07,5,3.63,Maruti,Alto K10 VXI,0,0,0,0.06723446887050653,66.96579999999999,12.047047047047048
Mumbai,Petrol,Manual,First,17.5,5,4.8,Maruti,Swift Dzire 1.2 Vxi BSIV,1,1,1,0.07167919793510509,102.70259999999999,7.965407373691398
Mumbai,Petrol,Manual,First,17.57,5,4.25,Tata,Zest Revotron 1.2T XE,1,1,1,0.0743503771380131,105.8191,8.011855905152759
Coimbatore,Diesel,Automatic,First,10.91,7,30.27,Ford,Endeavour 3.2 Trend AT 4X4,1,6,3,0.06166353969303829,630.6456,2.598856598380181
Jaipur,Diesel,Manual,First,15.8,5,14.25,Mercedes-Benz,New C-Class C 220 CDI CLASSIC,1,3,2,0.07914338916240997,365.16,5.019059720457434
Ahmedabad,Petrol,Automatic,First,16.95,5,3.41,Hyundai,i10 Sportz AT,0,1,0,0.06591478691235189,94.44330000000001,7.715065999089667
Delhi,Petrol,Manual,First,17.0,5,2.78,Honda,City 1.5 S MT,1,2,1,0.07882431524460633,176.646,6.8081698037645175
Ahmedabad,Diesel,Automatic,First,19.3,5,15.5,Skoda,Octavia Elegance 2.0 TDI AT,1,3,2,0.07164634142700897,277.488,6.502695417789758
Chennai,Diesel,Manual,First,25.0,5,3.0,Tata,Indica V2 eLS,2,1,0,0.049426934062015086,96.324,10.434056761268781
Pune,Petrol,Manual,First,18.9,5,2.3,Maruti,Wagon R VXi BSII,1,0,0,0.06723446887050653,66.96579999999999,9.45945945945946
Kochi,Diesel,Manual,First,19.67,5,13.28,Hyundai,Creta 1.6 CRDi SX,0,2,1,0.07977243989900604,199.64839999999998,7.618125484120838
Hyderabad,Petrol,Manual,First,19.0,5,2.25,Maruti,A-Star Lxi,1,0,0,0.06623246486349452,65.96779999999998,9.50950950950951
Kochi,Petrol,Manual,First,22.5,5,3.36,Maruti,Wagon R LXI,0,0,0,0.06717434863008583,66.90592000000001,11.261261261261263
Kolkata,Petrol,Manual,First,17.3,7,4.25,Honda,Mobilio E i VTEC,0,2,1,0.07835671337451121,175.59810000000002,6.928313976772127
Coimbatore,Petrol,Manual,First,20.36,5,4.3,Hyundai,i10 Magna,0,1,0,0.06591478691235189,94.44330000000001,9.267182521620391
Coimbatore,Diesel,Manual,First,22.54,5,9.18,Hyundai,i20 1.4 Sportz,0,1,1,0.06356017187424057,123.86708,9.407345575959933
Hyderabad,Petrol,Manual,First,23.1,5,4.99,Maruti,Celerio ZXI Optional,0,0,0,0.06717434863008583,66.90592000000001,11.561561561561563
Pune,Petrol,Manual,First,13.4,5,3.75,Skoda,Laura 1.8 TSI Ambiente,0,2,2,0.08776418237610446,283.7244,4.789135096497498
Chennai,Diesel,Manual,First,20.0,5,2.5,Ford,Figo Diesel LXI,0,1,0,0.04860614721329081,95.132,8.336807002917881
Hyderabad,Diesel,Manual,First,27.3,5,7.2,Honda,Jazz 1.5 VX i DTEC,0,2,1,0.06582109474911808,147.7028,10.928742994395515
Ahmedabad,Diesel,Automatic,First,15.0,5,29.5,Mercedes-Benz,E-Class 2015-2017 E250 Edition E,0,3,3,0.09519365371199551,437.172,4.772510340439071
Chennai,Diesel,Automatic,First,17.9,5,17.55,Mercedes-Benz,GLA Class 200 CDI SPORT,1,3,2,0.063462435807997,291.448,5.695195672923958
Chennai,Diesel,Automatic,First,18.5,5,12.0,Volvo,S60 D3,0,3,2,0.08211586897626404,323.555,6.197654941373534
Bangalore,Diesel,Automatic,First,11.8,5,13.5,Audi,A8 L 3.0 TDI quattro,1,5,4,0.08314796087524504,731.9589,2.974539954625662
Kolkata,Diesel,Automatic,First,22.32,5,5.1,Hyundai,Verna 1.6 SX CRDI (O) AT,0,2,1,0.07984829324914772,199.83823999999998,8.644461657629744
Kolkata,Diesel,Automatic,First,22.69,5,10.3,BMW,3 Series 320d,1,3,3,0.09523809519035684,379.05,7.5759599332220375
Delhi,Diesel,Manual,First,22.32,5,5.7,Hyundai,Verna 1.6 SX,1,2,1,0.07984829324914772,199.83823999999998,8.644461657629744
Kochi,Petrol,Manual,First,22.5,5,3.41,Maruti,Wagon R VXI,0,0,0,0.06717434863008583,66.90592000000001,11.261261261261263
Hyderabad,Diesel,Manual,Second,20.0,5,2.4,Ford,Figo Diesel EXI,2,1,0,0.04860614721329081,95.132,8.336807002917881
Coimbatore,Petrol,Manual,First,18.15,6,5.6,Mahindra,KUV 100 mFALCON G80 K2,0,1,1,0.06844741229678847,98.236,8.257506824385805
Pune,Diesel,Manual,First,17.0,5,1.0,Tata,Indigo LS,3,1,0,0.04982206402147896,98.35,7.068607068607068
Hyderabad,Diesel,Automatic,First,18.49,7,8.2,Mahindra,TUV 300 T8 AMT,0,2,1,0.06697923639184243,149.3,7.416766947452867
Bangalore,Diesel,Automatic,First,15.17,5,27.5,Audi,Q3 35 TDI Quattro Premium Plus,1,3,3,0.09197154466871364,356.208,5.111185983827493
Jaipur,Petrol,Manual,First,21.5,5,3.5,Maruti,Wagon R VXI 1.2,1,1,1,0.06833751038568293,97.9146,9.786071916249432
Coimbatore,Diesel,Manual,First,24.3,5,10.34,Maruti,Vitara Brezza ZDi Plus Dual Tone,0,1,1,0.07091346148163985,110.448,10.809608540925266
Mumbai,Diesel,Manual,First,12.7,8,3.25,Mahindra,Scorpio DX 2.6 Turbo 8 Str,1,4,1,0.04469145264672616,304.20939999999996,3.518980326960377
Jaipur,Diesel,Manual,Third,12.6,7,5.0,Hyundai,Tucson CRDi,2,3,1,0.05625313909781359,222.992,4.212637913741223
Hyderabad,Petrol,Manual,First,17.92,5,2.25,Hyundai,Santro Xing GLS,1,1,0,0.05718232038933488,67.4406,8.590604026845638
Kochi,Diesel,Automatic,First,18.18,4,51.52,Porsche,Panamera Diesel 250hp,1,5,4,0.0842601954552544,741.75,4.582808167380892
Kochi,Diesel,Manual,First,24.3,5,8.62,Maruti,Vitara Brezza VDi Option,1,1,1,0.07091346148163985,110.448,10.809608540925266
Mumbai,Diesel,Manual,First,23.4,5,7.25,Maruti,Swift Dzire VDI,0,1,0,0.059294871747359874,92.352,10.409252669039144
Kochi,Petrol,Manual,First,19.5,5,5.47,Honda,Amaze V Petrol,0,1,1,0.07236030018985797,104.02524000000001,8.867667121418828
Pune,Diesel,Automatic,First,16.36,5,31.0,Jaguar,XF 2.2 Litre Luxury,1,3,3,0.08614043135101403,408.9983,5.146272412708399
Kochi,Petrol,Automatic,First,16.82,4,35.98,Mini,Cooper Convertible S,0,3,3,0.09463463458726995,377.78184000000005,5.610406937958639
Jaipur,Petrol,Manual,First,21.1,5,3.42,Hyundai,EON Era Plus,0,0,0,0.06781326772995913,44.9328,11.631753031973538
Ahmedabad,Diesel,Automatic,Second,16.77,5,11.5,Audi,A6 3.0 TDI quattro,0,5,4,0.08135490391595723,716.17446,4.227375850768843
Pune,Petrol,Manual,First,17.19,5,7.25,Hyundai,i20 Active 1.2 SX Dual Tone,0,1,1,0.06838763569892427,97.98642,7.82430587164315
Chennai,Diesel,Manual,First,28.4,5,8.0,Maruti,Swift AMT DDiS VDI,0,1,0,0.059294871747359874,92.352,12.633451957295371
Kochi,Diesel,Manual,First,22.7,5,7.33,Ford,Ecosport 1.5 DV5 MT Titanium,1,2,1,0.059973297690271495,134.58032,9.08726981585268
Kolkata,Petrol,Manual,First,18.9,5,3.35,Maruti,Wagon R VXI BS IV with ABS,0,0,0,0.06723446887050653,66.96579999999999,9.45945945945946
Mumbai,Diesel,Manual,First,20.34,5,4.4,Volkswagen,Vento 1.5 TDI Highline,0,2,1,0.06889185576175443,154.5936,8.142514011208966
Kolkata,Petrol,Manual,First,17.6,5,2.99,Toyota,Etios VX,1,2,1,0.05929144381063406,132.6952,7.051282051282052
Bangalore,Petrol,Manual,First,18.7,5,5.6,Honda,Jazz 1.2 SV i VTEC,0,1,1,0.07397831520101891,106.35130000000001,8.503865393360618
Coimbatore,Diesel,Manual,First,20.14,5,6.63,Volkswagen,CrossPolo 1.5 TDI,1,2,1,0.05923230970678751,132.91754,8.062449959967974
Kochi,Diesel,Manual,First,21.66,5,7.9,Volkswagen,Ameo 1.5 TDI Highline,0,2,1,0.0725100133027303,162.71276,8.670936749399518
Kochi,Petrol,Manual,First,16.8,5,7.0,Honda,City V MT Exclusive,1,2,1,0.07768871070294675,174.1011,6.728073688426112
Hyderabad,Petrol,Automatic,First,16.5,5,4.95,Honda,Brio VX AT,0,1,1,0.0724540900897712,103.98639999999999,7.506824385805278
Mumbai,Petrol,Automatic,First,14.3,5,9.19,Skoda,Rapid 1.6 MPI AT Style,0,2,1,0.06478097617973655,165.42496,5.504234026173981
Hyderabad,Diesel,Manual,First,16.8,5,5.1,Hyundai,Verna CRDi,1,2,1,0.07367716003102667,164.23,6.738868832731648
Jaipur,Diesel,Manual,First,21.19,5,5.9,Hyundai,i20 Active S Diesel,1,1,1,0.06358166184557187,123.90896000000001,8.84390651085142
Kochi,Petrol,Automatic,First,21.4,5,9.51,Maruti,Baleno Alpha CVT,0,1,1,0.06942355883924514,99.4707,9.740555302685479
Mumbai,Petrol,Manual,Second,11.1,5,3.9,Honda,CR-V 2.4L 4WD MT,1,4,2,0.0674596431319203,373.8152,3.3094812164579603
Coimbatore,Petrol,Manual,Second,19.1,5,5.39,Maruti,Swift Dzire VXI,1,1,1,0.07167919793510509,102.70259999999999,8.69367319071461
Pune,Diesel,Manual,Second,19.3,5,3.0,Maruti,Swift Dzire VDi,1,1,0,0.059214743542295875,92.22720000000001,8.585409252669038
Jaipur,Diesel,Manual,First,23.4,5,4.3,Maruti,Swift Dzire ZDI,1,1,0,0.059294871747359874,92.352,10.409252669039144
Jaipur,Petrol,Manual,First,20.85,5,6.75,Maruti,Swift Dzire ZXI,0,1,1,0.06945697571473937,99.51858,9.490213928083751
Jaipur,Petrol,Manual,First,18.9,5,4.5,Hyundai,Grand i10 Sportz,0,1,1,0.06850459476315406,98.154,8.602639963586709
Chennai,Diesel,Manual,First,17.8,5,2.75,Ford,Fiesta 1.4 ZXi TDCi ABS,1,1,0,0.04860614721329081,95.132,7.419758232596915
Chennai,Diesel,Manual,First,23.9,5,9.0,Hyundai,Verna 1.6 CRDi S,0,2,1,0.07977243989900604,199.64839999999998,9.256390395042603
Delhi,Diesel,Manual,Second,20.0,5,2.55,Ford,Figo Diesel EXI,0,1,0,0.04864188702741823,95.20195,8.336807002917881
Coimbatore,Diesel,Manual,First,21.12,5,3.54,Tata,Manza Aqua Quadrajet BS IV,1,1,1,0.07115384609683184,110.82239999999999,9.395017793594306
Ahmedabad,Petrol,Manual,First,13.5,5,4.25,Honda,Civic 2006-2010 1.8 S MT,1,2,2,0.07226236794204426,233.87,4.82315112540193
Ahmedabad,Petrol,Manual,Second,19.7,5,1.2,Maruti,Alto LX BSIII,1,0,0,0.05816582907265599,36.8548,10.96881959910913
Ahmedabad,Diesel,Automatic,First,22.48,5,19.5,BMW,5 Series 520d Luxury Line,1,3,3,0.09523809519035684,379.05,7.505843071786311
Bangalore,Diesel,Manual,Second,16.0,7,12.0,Mahindra,XUV500 W8 2WD,1,3,2,0.06424965577592949,305.06,5.033029254482542
Hyderabad,Diesel,Manual,First,23.2,5,3.9,Maruti,Ritz VDi,1,1,0,0.05924679482432147,92.27712,10.320284697508896
Kochi,Diesel,Manual,First,24.3,5,9.13,Maruti,Vitara Brezza ZDi Plus,0,1,1,0.07091346148163985,110.448,10.809608540925266
Pune,Petrol,Manual,First,15.1,7,2.25,Maruti,Eeco 7 Seater Standard,0,1,0,0.06103678924662475,87.308,6.876138433515483
Mumbai,Petrol,Manual,First,17.5,5,3.25,Maruti,Swift Dzire 1.2 Vxi BSIV,1,1,1,0.07167919793510509,102.70259999999999,7.965407373691398
Coimbatore,Diesel,Automatic,First,17.01,5,14.79,Hyundai,Creta 1.6 CRDi AT SX Plus,1,2,1,0.07977243989900604,199.64839999999998,6.587916343919443
Mumbai,Petrol,Manual,First,22.5,5,2.35,Maruti,Wagon R LXI,0,0,0,0.06717434863008583,66.90592000000001,11.261261261261263
Kolkata,Diesel,Manual,First,27.62,5,3.1,Maruti,Celerio ZDi,0,0,0,0.05926860017746709,37.271,15.404350250976018
Delhi,Diesel,Automatic,First,13.01,7,12.9,Hyundai,Santa Fe 2WD AT,2,3,3,0.0883583446619562,427.26570000000004,4.066895904970303
Kolkata,Petrol,Manual,First,21.1,5,2.5,Hyundai,EON D Lite Plus Option,1,0,0,0.06781326772995913,44.9328,11.631753031973538
Delhi,Petrol,Manual,First,18.5,5,3.65,Hyundai,i20 Sportz 1.2,1,1,1,0.06921470336740625,99.17145,8.420573509330906
Bangalore,Petrol,Manual,First,17.1,5,7.5,Hyundai,Verna 1.6 SX VTVT (O),0,2,1,0.07624135758878607,192.98829999999998,6.5997684291779235
Kochi,Petrol,Manual,First,18.4,5,3.74,Honda,Brio S Option MT,0,1,1,0.0724540900897712,103.98639999999999,8.371246587807097
Kochi,Petrol,Manual,First,20.4,5,5.86,Maruti,Swift VXI Optional,0,1,1,0.06833751038568293,97.9146,9.28538916704597
Coimbatore,Diesel,Automatic,First,19.27,5,39.62,Mercedes-Benz,New C-Class C 220d Avantgarde Edition C,0,3,2,0.0782174521333563,359.20966000000004,6.13108495068406
Coimbatore,Diesel,Manual,First,25.2,5,7.05,Maruti,Swift VDI Optional,1,1,0,0.059294871747359874,92.352,11.209964412811386
Delhi,Diesel,Automatic,First,28.4,5,7.5,Maruti,Swift AMT VDI,0,1,0,0.059294871747359874,92.352,12.633451957295371
Chennai,Diesel,Manual,First,25.44,5,2.1,Chevrolet,Beat Diesel LS,1,0,0,0.06153846147271532,53.913599999999995,13.140495867768598
Delhi,Petrol,Automatic,First,13.7,5,11.6,Skoda,Superb Elegance 1.8 TSI AT,0,2,2,0.08773637369981291,283.6345,4.896354538956397
Bangalore,Diesel,Automatic,Second,14.84,5,19.25,Mercedes-Benz,New C-Class C 220 CDI BE Avantgare,0,3,2,0.0782174521333563,359.20966000000004,4.721603563474388
Coimbatore,Diesel,Manual,First,13.68,8,17.92,Toyota,Innova Crysta 2.4 VX MT 8S,1,4,2,0.06176347678154473,353.6854,4.031830238726791
Kolkata,Petrol,Manual,First,20.36,5,3.6,Hyundai,i10 Sportz,0,1,0,0.06591478691235189,94.44330000000001,9.267182521620391
Ahmedabad,Diesel,Manual,Second,25.8,5,4.5,Honda,Amaze S i-DTEC,0,2,1,0.06582109474911808,147.7028,10.32826261008807
Hyderabad,Diesel,Manual,First,21.9,5,7.4,Hyundai,i20 Magna 1.4 CRDi (Diesel),0,1,1,0.06358166184557187,123.90896000000001,9.140233722871452
Coimbatore,Diesel,Automatic,First,11.57,5,59.29,Mercedes-Benz,GLE 350d,0,5,4,0.08529963170897234,761.05773,2.9019312766491097
Kolkata,Diesel,Manual,First,12.05,7,5.5,Mahindra,Scorpio 2009-2014 SLE 7S BSIV,1,3,1,0.05507113352222527,261.48,3.7905001572821644
Bangalore,Petrol,Manual,Second,15.3,5,1.75,Hyundai,Getz GLE,0,1,1,0.06189410882781945,111.303,6.5356685177274665
Mumbai,Petrol,Manual,First,21.4,5,6.75,Maruti,Baleno Alpha,0,1,1,0.06942355883924514,99.4707,9.740555302685479
Chennai,Diesel,Manual,First,16.52,5,3.95,Chevrolet,Optra Magnum 2.0 LT,1,3,1,0.06212958309285305,246.28670000000002,5.523236375794048
Mumbai,Petrol,Manual,First,17.1,5,4.2,Hyundai,Verna 1.6 SX VTVT (O),1,2,1,0.07624135758878607,192.98829999999998,6.5997684291779235
Hyderabad,Petrol,Manual,First,17.0,5,8.4,Honda,City 1.5 V MT,0,2,1,0.07882431524460633,176.646,6.8081698037645175
Mumbai,Petrol,Automatic,First,17.21,5,8.25,Volkswagen,Polo GT TSI,0,1,1,0.0864661653412981,123.8895,7.83340919435594
Bangalore,Petrol,Manual,First,19.4,5,3.31,Honda,Brio E MT,1,1,1,0.0724540900897712,103.98639999999999,8.826205641492265
Ahmedabad,Diesel,Manual,First,26.59,5,7.5,Maruti,Swift Dzire VDI,0,1,0,0.059294871747359874,92.352,11.828291814946619
Pune,Petrol,Manual,First,17.0,5,4.75,Honda,City 1.5 V MT Exclusive,0,2,1,0.07882431524460633,176.646,6.8081698037645175
Pune,Diesel,Automatic,Second,11.18,7,8.79,Mahindra,Ssangyong Rexton RX7,1,5,3,0.06824925813492239,496.064,3.024891774891775
Pune,Petrol,Manual,First,13.1,5,9.5,Skoda,Superb Elegance 1.8 TSI MT,2,2,2,0.08773637369981291,283.6345,4.681915654038598
Kolkata,Petrol,Manual,First,19.7,5,1.55,Maruti,Alto LXi,0,0,0,0.05816582907265599,36.8548,10.96881959910913
Jaipur,Diesel,Manual,First,23.0,5,5.85,Hyundai,i20 Asta (o) 1.4 CRDi (Diesel),1,1,1,0.06446991399393272,125.64,9.599332220367279
Coimbatore,Petrol,Manual,First,15.8,5,7.52,Ford,Ecosport 1.5 Ti VCT MT Trend,1,2,1,0.07338225478760356,164.89,6.322529011604642
Hyderabad,Diesel,Manual,First,23.08,5,3.6,Nissan,Micra Diesel XV,1,2,0,0.04318959613744723,92.18910000000001,9.378301503453878
Kochi,Petrol,Manual,First,19.4,5,4.73,Honda,Brio E MT,0,1,1,0.0724540900897712,103.98639999999999,8.826205641492265
Delhi,Diesel,Automatic,First,11.18,7,10.5,Mahindra,Ssangyong Rexton RX7,1,5,3,0.06824925813492239,496.064,3.024891774891775
Coimbatore,Diesel,Automatic,First,16.46,5,34.54,BMW,7 Series 730Ld Sedan,1,5,4,0.08620113595516167,772.194,4.12221387427999
Kochi,Petrol,Manual,First,18.9,5,6.07,Hyundai,Grand i10 1.2 Kappa Sportz,0,1,1,0.06838763569892427,97.98642,8.602639963586709
Coimbatore,Petrol,Manual,First,21.4,5,7.76,Maruti,Baleno Delta 1.2,0,1,1,0.06942355883924514,99.4707,9.740555302685479
Coimbatore,Diesel,Manual,First,11.68,8,7.46,Mahindra,Xylo E8 ABS BS IV,0,4,1,0.044835868677007264,279.776,3.339050886220697
Delhi,Diesel,Manual,First,21.8,5,3.49,Renault,Fluence Diesel E4,1,2,0,0.05338809031253382,113.958,8.858187728565623
Coimbatore,Petrol,Manual,Second,18.5,5,4.05,Hyundai,i20 1.2 Magna,0,1,0,0.06683375098844298,95.76,8.420573509330906
Kochi,Diesel,Manual,First,10.5,6,11.88,Mitsubishi,Pajero 2.8 SFX,0,5,1,0.037813051133046546,303.912,2.7379400260756195
Pune,Petrol,Automatic,First,14.53,5,6.45,Toyota,Corolla Altis 2008-2013 1.8 VL AT,1,2,2,0.07697881824025705,247.7514,5.200429491768074
Pune,Diesel,Automatic,First,15.97,5,50.0,BMW,X5 X5 M,1,5,4,0.08620113595516167,772.194,3.9994991234660655
Pune,Petrol,Automatic,First,10.9,5,9.0,BMW,3 Series 2005-2011 325i Sedan,0,4,3,0.08610332395430384,536.855,3.116957392050329
Coimbatore,Diesel,Automatic,First,17.01,5,14.25,Hyundai,Creta 1.6 CRDi AT SX Plus,1,2,1,0.07977243989900604,199.64839999999998,6.587916343919443
Coimbatore,Diesel,Manual,First,18.49,7,7.36,Mahindra,TUV 300 2015-2019 T8,0,2,1,0.06697923639184243,149.3,7.416766947452867
Delhi,Diesel,Manual,First,12.05,8,4.4,Mahindra,Scorpio VLX 2.2 mHawk BSIII,1,3,1,0.05507113352222527,261.48,3.7905001572821644
Mumbai,Petrol,Manual,First,25.17,5,3.1,Renault,KWID RXT,0,0,0,0.06670838539836246,42.5867,13.991106170094499
Coimbatore,Petrol,Automatic,First,22.5,5,4.28,Renault,KWID 1.0 RXT Optional AMT,1,0,0,0.06706706699993287,66.933,11.255627813906951
Pune,Petrol,Manual,First,16.1,5,5.5,Maruti,Swift VXi BSIV,0,1,1,0.07101086042522066,101.745,7.3281747837960864
Kolkata,Diesel,Automatic,First,17.0,5,6.99,Skoda,Laura 1.9 TDI AT Ambiente,0,3,1,0.05537974680623431,199.08,5.870165745856354
Coimbatore,Petrol,Manual,First,24.7,5,4.29,Maruti,Alto 800 2016-2019 VXI,0,0,0,0.059422110478112924,37.6508,13.752783964365255
Delhi,Petrol,Manual,First,18.6,5,4.2,Maruti,Swift VXI,1,1,1,0.07167919793510509,102.70259999999999,8.466090122894856
Pune,Diesel,Manual,First,23.0,5,4.11,Hyundai,i20 1.4 CRDi Sportz,1,1,1,0.06446991399393272,125.64,9.599332220367279
Mumbai,Diesel,Automatic,First,15.73,5,18.75,Audi,Q3 2012-2015 35 TDI Quattro Premium,0,3,3,0.0885823170281594,343.08144,5.299865229110512
Mumbai,Diesel,Automatic,First,11.57,5,64.95,Mercedes-Benz,GLE 350d,0,5,4,0.08529963170897234,761.05773,2.9019312766491097
Mumbai,Petrol,Manual,Second,19.81,5,1.59,Hyundai,i10 Era,1,1,0,0.06266114174708919,73.9023,9.49664429530201
Kolkata,Petrol,Manual,First,20.51,5,3.6,Maruti,Wagon R LXI Optional,0,0,0,0.06717434863008583,66.90592000000001,10.265265265265267
Kochi,Petrol,Manual,Second,17.8,5,7.87,Honda,City i VTEC V,0,2,1,0.07835671337451121,175.59810000000002,7.128554265118143
Mumbai,Petrol,Manual,First,18.9,5,5.55,Hyundai,Grand i10 1.2 Kappa Sportz,0,1,1,0.06838763569892427,97.98642,8.602639963586709
Jaipur,Diesel,Manual,Second,25.1,5,6.4,Honda,City i DTEC VX,1,2,1,0.06582109474911808,147.7028,10.048038430744596
Mumbai,Petrol,Manual,Third,17.5,5,2.65,Maruti,Swift Dzire VXi,1,1,1,0.06610169486432843,111.3684,7.6153176675369885
Delhi,Petrol,Manual,First,17.5,5,5.5,Maruti,Swift Dzire ZXi,1,1,1,0.06610169486432843,111.3684,7.6153176675369885
Kochi,Diesel,Manual,First,15.1,7,7.31,Mahindra,XUV500 W8 2WD,1,3,2,0.06424965577592949,305.06,4.749921358917899
Jaipur,Diesel,Manual,First,28.09,5,7.1,Maruti,Ciaz ZDi Plus SHVS,1,1,1,0.07091346148163985,110.448,12.495551601423486
Kochi,Diesel,Manual,First,22.32,5,7.83,Hyundai,Verna 1.6 SX CRDi (O),0,2,1,0.07984829324914772,199.83823999999998,8.644461657629744
Mumbai,Diesel,Manual,First,13.1,5,0.85,Hyundai,Accent CRDi,2,2,1,0.0549229738413108,122.426,5.254713196951464
Mumbai,Petrol,Manual,First,19.4,5,3.55,Honda,Brio S MT,0,1,1,0.0724540900897712,103.98639999999999,8.826205641492265
Coimbatore,Petrol,Manual,First,17.19,5,8.19,Hyundai,i20 Active 1.2 SX,0,1,1,0.06838763569892427,97.98642,7.82430587164315
Pune,Diesel,Automatic,First,18.88,5,28.0,BMW,3 Series 320d Sport Line,0,3,3,0.09223057639487188,367.08,6.303839732888147
Chennai,Diesel,Automatic,First,16.96,5,13.0,Volkswagen,Jetta 2013-2015 2.0L TDI Highline AT,5,3,2,0.0701371950863124,271.64304,5.714285714285714
Chennai,Petrol,Manual,Second,15.26,5,3.29,Volkswagen,Polo Petrol Highline 1.6L,1,2,1,0.0647684605351887,165.393,5.873749037721324
Pune,Petrol,Manual,Second,16.1,5,4.41,Maruti,Swift VXi BSIV,0,1,1,0.07101086042522066,101.745,7.3281747837960864
Kolkata,Diesel,Manual,First,19.01,5,4.99,Renault,Duster 110PS Diesel RxZ,1,2,1,0.07422997941531144,158.44545000000002,7.724502234863876
Hyderabad,Diesel,Automatic,First,18.56,5,17.98,BMW,X3 xDrive 20d Luxury Line,1,3,3,0.09523809519035684,379.05,6.196994991652754
Coimbatore,Diesel,Manual,First,20.5,5,7.71,Fiat,Avventura MULTIJET Emotion,0,1,1,0.07349358968470064,114.46656,9.119217081850532
Delhi,Petrol,Manual,First,20.51,5,2.8,Maruti,Wagon R Stingray VXI,0,0,0,0.06717434863008583,66.90592000000001,10.265265265265267
Kolkata,Diesel,Manual,First,22.1,5,3.0,Chevrolet,Sail Hatchback LS ABS,0,1,0,0.061618589694215874,95.97120000000001,9.830960854092526
Coimbatore,Diesel,Manual,First,15.1,7,12.49,Mahindra,XUV500 W8 2WD,0,3,2,0.06424965577592949,305.06,4.749921358917899
Kochi,Diesel,Manual,First,23.0,5,5.0,Tata,Zest Quadrajet 1.3,1,1,1,0.07115384609683184,110.82239999999999,10.231316725978647
Kochi,Diesel,Automatic,First,18.56,5,32.64,BMW,X3 xDrive20d xLine,0,3,3,0.09523809519035684,379.05,6.196994991652754
Chennai,Diesel,Manual,First,25.2,5,6.5,Maruti,Swift VDI BSIV,0,1,0,0.059294871747359874,92.352,11.209964412811386
Bangalore,Diesel,Automatic,First,18.12,5,35.0,BMW,5 Series 2013-2017 520d Luxury Line,0,3,3,0.09523809519035684,379.05,6.050083472454091
Chennai,Diesel,Manual,Second,25.0,5,2.0,Tata,Indigo CS eVX,1,1,0,0.04943409738579219,96.33796000000001,10.434056761268781
Kochi,Diesel,Manual,First,15.1,7,9.46,Mahindra,XUV500 W8 2WD,1,3,2,0.06424965577592949,305.06,4.749921358917899
Kochi,Diesel,Automatic,Second,12.07,7,39.0,Audi,Q7 35 TDI Quattro Premium Plus,1,5,4,0.08136164473159366,716.2338000000001,3.0426014620620117
Hyderabad,Diesel,Automatic,First,18.48,5,15.0,BMW,5 Series 2003-2012 520d,1,3,3,0.08872180446680611,353.115,6.170283806343907
Coimbatore,Petrol,Manual,First,17.1,5,6.15,Hyundai,Verna 1.6 SX VTVT (O),1,2,1,0.07624135758878607,192.98829999999998,6.5997684291779235
Pune,Diesel,Automatic,Second,13.01,7,14.5,Hyundai,Santa Fe 4WD AT,1,3,3,0.0883583446619562,427.26570000000004,4.066895904970303
Kochi,Petrol,Automatic,First,20.51,5,5.18,Maruti,Wagon R AMT VXI,0,0,0,0.06713426846980534,66.866,10.265265265265267
Pune,Petrol,Manual,Second,17.3,5,1.24,Maruti,Wagon R LX BSIII,1,1,0,0.060320452346540564,67.904,8.393983503153809
Kolkata,Petrol,Manual,First,18.5,5,2.8,Hyundai,i20 Sportz 1.2,0,1,1,0.06921470336740625,99.17145,8.420573509330906
Kochi,Petrol,Automatic,Second,13.7,5,5.23,Skoda,Superb Elegance 1.8 TSI AT,1,2,2,0.08773637369981291,283.6345,4.896354538956397
Pune,Petrol,Manual,Second,15.3,5,0.45,Hyundai,Getz GLS,1,1,1,0.06189410882781945,111.303,6.5356685177274665
Delhi,Petrol,Manual,First,18.9,5,3.25,Maruti,Wagon R LXI BS IV,1,0,0,0.06723446887050653,66.96579999999999,9.45945945945946
Kolkata,Petrol,Manual,First,16.8,5,1.5,Maruti,Omni MPI CARGO BSIV,0,0,0,0.04296482406662711,27.223200000000002,9.35412026726058
Mumbai,Petrol,Manual,First,20.36,5,2.85,Hyundai,i10 Magna 1.2,1,1,0,0.06591478691235189,94.44330000000001,9.267182521620391
Kochi,Petrol,Manual,First,21.7,5,4.5,Renault,KWID 1.0 RXT Optional,0,0,0,0.06706706699993287,66.933,10.855427713856926
Bangalore,Diesel,Automatic,First,15.0,5,16.25,Mercedes-Benz,B Class 2012-2015 B200 Sport CDI,0,3,1,0.049976711667453794,230.3731,4.7664442326024785
Mumbai,Petrol,Automatic,First,17.21,5,7.75,Volkswagen,Polo GT TSI,0,1,1,0.0864661653412981,123.8895,7.83340919435594
Bangalore,Diesel,Manual,Third,12.05,8,4.35,Mahindra,Scorpio VLX 4WD,1,3,1,0.05507113352222527,261.48,3.7905001572821644
Kochi,Diesel,Automatic,First,12.9,7,33.13,Toyota,Fortuner 2.8 2WD AT,0,5,3,0.0633393829171182,480.7475,3.435419440745673
Coimbatore,Diesel,Manual,First,25.44,5,3.63,Chevrolet,Beat Diesel LT,1,0,0,0.060149572585310285,52.696799999999996,13.140495867768598
Delhi,Diesel,Manual,First,12.8,8,4.75,Toyota,Innova 2.5 G4 Diesel 8-seater,1,4,1,0.040898155556977484,254.388,3.6634230108757873
Kochi,Petrol,Manual,First,20.85,5,6.51,Maruti,Swift Dzire VXI,0,1,1,0.06945697571473937,99.51858,9.490213928083751
Hyderabad,Petrol,Manual,First,21.7,5,4.8,Renault,KWID Climber 1.0 MT,0,0,0,0.06706706699993287,66.933,10.855427713856926
Hyderabad,Diesel,Manual,First,22.95,5,6.0,Tata,Bolt Quadrajet XM,1,1,0,0.059294871747359874,92.352,10.209074733096084
Coimbatore,Petrol,Manual,First,18.9,5,6.4,Hyundai,Grand i10 Asta,1,1,1,0.06850459476315406,98.154,8.602639963586709
Ahmedabad,Diesel,Manual,First,20.34,5,4.9,Volkswagen,Vento 1.5 TDI Highline,1,2,1,0.06889185576175443,154.5936,8.142514011208966
Coimbatore,Diesel,Automatic,First,17.68,5,20.57,Audi,A6 2011-2015 2.0 TDI,1,3,3,0.0885823170281594,343.08144,5.9568733153638815
Kolkata,Diesel,Manual,First,19.3,5,4.76,Maruti,Swift Dzire Ldi BSIV,0,1,0,0.059214743542295875,92.22720000000001,8.585409252669038
Kochi,Petrol,Manual,First,18.0,5,2.0,Chevrolet,Spark 1.0 LT,1,0,0,0.06231155772632004,61.69,9.022556390977442
Coimbatore,Diesel,Automatic,First,22.69,5,9.92,BMW,3 Series 320d,2,3,3,0.09523809519035684,379.05,7.5759599332220375
Kochi,Petrol,Manual,First,21.1,5,3.69,Hyundai,EON Era Plus,0,0,0,0.06781326772995913,44.9328,11.631753031973538
Hyderabad,Diesel,Manual,First,23.4,5,5.75,Maruti,Swift Dzire VDI,1,1,0,0.059294871747359874,92.352,10.409252669039144
Hyderabad,Diesel,Manual,First,20.14,5,5.7,Volkswagen,CrossPolo 1.5 TDI,1,2,1,0.05907877165615569,132.573,8.062449959967974
Coimbatore,Petrol,Manual,First,18.0,5,4.94,Honda,Amaze E i-Vtech,0,1,1,0.07237061763575073,103.8666,8.18926296633303
Kochi,Petrol,Automatic,First,14.4,5,4.29,Volkswagen,Vento Petrol Highline AT,1,2,1,0.064831038757928,165.5528,5.542725173210162
Kolkata,Petrol,Manual,First,20.51,5,3.0,Maruti,Wagon R Stingray VXI,0,0,0,0.06717434863008583,66.90592000000001,10.265265265265267
Hyderabad,Diesel,Manual,First,20.14,5,6.5,Volkswagen,Polo 1.5 TDI Highline,1,2,1,0.05927903867871893,133.0224,8.062449959967974
Jaipur,Petrol,Manual,Second,16.47,5,4.9,Volkswagen,Polo Petrol Comfortline 1.2L,1,1,0,0.061686143521130096,88.53220000000002,7.4931756141947226
Kochi,Diesel,Manual,First,25.8,5,5.4,Honda,Amaze SX i-DTEC,1,2,1,0.06582109474911808,147.7028,10.32826261008807
Delhi,Diesel,Automatic,First,18.53,5,24.0,Audi,A6 35 TDI Matrix,1,3,3,0.09539634141494088,369.47232,6.243261455525607
Kochi,Diesel,Manual,First,24.7,5,7.46,Tata,Tigor 1.05 Revotorq XZ Option,0,1,0,0.06590257873361739,72.243,12.066438690766978
Kochi,Diesel,Automatic,First,21.5,5,9.6,Volkswagen,Vento 1.5 TDI Highline AT,0,2,1,0.072429906493705,162.533,8.606885508406725
Hyderabad,Diesel,Automatic,First,18.53,5,25.0,Audi,A6 35 TDI Matrix,1,3,3,0.09539634141494088,369.47232,6.243261455525607
Hyderabad,Diesel,Manual,First,19.01,5,6.8,Nissan,Terrano XL 110 PS,1,2,1,0.07426420255012717,158.5185,7.724502234863876
Coimbatore,Diesel,Automatic,First,21.66,5,8.59,Skoda,Rapid 1.5 TDI AT Elegance,0,2,1,0.06910547391915521,155.07296,8.670936749399518
Hyderabad,Diesel,Manual,First,25.83,5,5.29,Ford,Figo Aspire 1.5 TDCi Trend,1,2,1,0.06608811744586908,148.302,10.340272217774217
Pune,Diesel,Manual,First,15.42,8,2.5,Tata,Venture EX,1,1,0,0.04982206402147896,98.35,6.411642411642411
Chennai,Diesel,Automatic,First,14.84,5,13.9,Mercedes-Benz,New C-Class C 220 CDI BE Avantgare,1,3,2,0.0782174521333563,359.20966000000004,4.721603563474388
Jaipur,Diesel,Manual,Second,13.0,7,20.0,Toyota,Fortuner 4x2 Manual,1,5,2,0.05650570085294913,502.467,3.2646911099949776
Delhi,Petrol,Manual,Second,17.0,5,3.4,Honda,City 1.5 V MT,1,2,1,0.07882431524460633,176.646,6.8081698037645175
Mumbai,Petrol,Manual,First,18.6,5,5.5,Hyundai,i20 Asta Option 1.2,0,1,1,0.0683625730423036,97.95051,8.466090122894856
Hyderabad,Diesel,Manual,Second,20.54,5,3.65,Volkswagen,Vento Diesel Trendline,2,2,1,0.064831038757928,165.5528,7.906081601231716
Kochi,Diesel,Manual,First,13.1,7,5.86,Ford,Endeavour 2.5L 4X2 MT,1,4,2,0.05642256900503299,352.359,3.7439268362389253
Coimbatore,Petrol,Automatic,First,14.8,5,10.44,Ford,EcoSport 1.5 Petrol Titanium Plus AT,0,2,1,0.08106880422106291,181.67592000000002,5.927112535042051
Bangalore,Diesel,Manual,First,17.8,5,5.0,Maruti,Swift VDI BSIV,1,1,1,0.0907667417004834,141.36956337874662,7.918149466192171
Coimbatore,Diesel,Manual,First,23.0,5,3.37,Hyundai,i20 Sportz Diesel,1,1,1,0.06446991399393272,125.64,9.599332220367279
Delhi,Diesel,Manual,First,12.99,8,6.95,Toyota,Innova 2.5 VX (Diesel) 8 Seater,2,4,1,0.040336808323842496,250.8964,3.7178019461934744
Mumbai,Diesel,Manual,First,21.5,5,9.9,Tata,Nexon 1.5 Revotorq XZ Plus Dual Tone,0,2,1,0.07247828986474396,162.4245,8.610332398878654
Hyderabad,Diesel,Manual,First,20.0,5,3.3,Ford,Figo Diesel Titanium,1,1,0,0.04864188702741823,95.20195,8.336807002917881
Delhi,Diesel,Automatic,Second,17.85,4,50.5,Porsche,Panamera Diesel,0,5,5,0.10111223454630529,890.1,4.499621880514243
Jaipur,Diesel,Automatic,First,17.01,5,12.5,Hyundai,Creta 1.6 CRDi AT SX Plus,1,2,1,0.07977243989900604,199.64839999999998,6.587916343919443
Hyderabad,Diesel,Automatic,First,16.55,5,20.5,Audi,A4 2.0 TDI Multitronic,1,3,2,0.07113821134596635,275.52,5.576145552560647
Kolkata,Diesel,Manual,First,16.0,7,14.5,Mahindra,XUV500 W8 4WD,0,3,2,0.06424965577592949,305.06,5.033029254482542
Jaipur,Diesel,Automatic,First,13.8,7,20.0,Other,MUX 4WD,0,5,3,0.05820940311496852,523.53543,3.45086271567892
Delhi,Diesel,Manual,First,23.4,5,5.25,Maruti,Swift Dzire VDI,1,1,0,0.059294871747359874,92.352,10.409252669039144
Kolkata,Petrol,Manual,First,20.73,5,5.9,Maruti,Ciaz ZXi,0,1,1,0.06635105603324758,125.0803,8.735777496839443
Pune,Petrol,Manual,First,21.1,5,2.6,Hyundai,EON Era Plus,0,0,0,0.06781326772995913,44.9328,11.631753031973538
Chennai,Diesel,Automatic,First,11.0,5,11.0,Mercedes-Benz,E-Class 280 CDI,1,5,3,0.06645463673704231,592.9195,2.7589666415851517
Pune,Diesel,Automatic,First,18.48,5,15.5,BMW,5 Series 2003-2012 520d,1,3,3,0.08872180446680611,353.115,6.170283806343907
Jaipur,Diesel,Manual,First,24.0,5,5.75,Hyundai,Grand i10 1.2 CRDi Sportz Option,0,1,0,0.06236930854774931,87.72842,10.978956999085089
Hyderabad,Diesel,Automatic,First,14.47,5,75.0,Jaguar,XJ 3.0L Portfolio,0,5,5,0.10081189438663152,903.07789,3.6238417230152766
Chennai,Diesel,Manual,Second,17.8,5,2.0,Maruti,Swift Ldi BSIII,2,1,0,0.060096153797999874,93.6,7.918149466192171
Hyderabad,Petrol,Manual,First,17.92,5,2.3,Hyundai,Santro Xing GLS,1,1,0,0.05718232038933488,67.4406,8.590604026845638
Hyderabad,Diesel,Manual,Second,12.8,8,8.2,Toyota,Innova 2.5 V Diesel 8-seater,2,4,1,0.040898155556977484,254.388,3.6634230108757873
Kolkata,Petrol,Manual,First,18.6,5,4.8,Hyundai,i20 Sportz 1.2,0,1,1,0.0683625730423036,97.95051,8.466090122894856
Mumbai,Diesel,Automatic,Second,11.0,5,8.5,Mercedes-Benz,E-Class 280 CDI,1,5,3,0.06645463673704231,592.9195,2.7589666415851517
Chennai,Diesel,Manual,First,20.0,5,2.9,Ford,Figo Diesel ZXI,1,1,0,0.04860614721329081,95.132,8.336807002917881
Ahmedabad,Diesel,Manual,First,21.43,5,6.5,Toyota,Corolla Altis 1.4 DG,1,1,1,0.06362903221141566,118.38156000000001,9.065143824027073
Jaipur,Petrol,Manual,First,18.9,5,5.85,Hyundai,Grand i10 1.2 Kappa Sportz,0,1,1,0.06838763569892427,97.98642,8.602639963586709
Coimbatore,Diesel,Manual,First,16.3,5,23.91,Jeep,Compass 2.0 Limited 4X4,0,3,2,0.08691206539523923,332.52,5.514208389715832
Coimbatore,Petrol,Automatic,First,20.89,5,7.36,Maruti,Ignis 1.2 AMT Alpha,0,1,1,0.06833751038568293,97.9146,9.508420573509332
Pune,Diesel,Manual,First,11.5,7,17.25,Toyota,Fortuner 3.0 Diesel,1,5,2,0.05734406436708784,509.922,2.887995981918634
Jaipur,Diesel,Manual,First,20.54,5,7.0,Volkswagen,Vento Diesel Highline,2,2,1,0.064831038757928,165.5528,7.906081601231716
Mumbai,Diesel,Manual,First,13.68,7,17.65,Toyota,Innova Crysta 2.4 VX MT,0,4,2,0.06176347678154473,353.6854,4.031830238726791
Jaipur,Diesel,Manual,First,20.0,5,2.5,Ford,Figo Diesel Celebration Edition,1,1,0,0.04867762684154565,95.27189999999999,8.336807002917881
Hyderabad,Diesel,Manual,First,23.59,5,6.0,Toyota,Platinum Etios 1.4 GXD,2,1,0,0.04915689145956239,91.4562,9.978849407783418
Mumbai,Diesel,Manual,First,18.06,7,8.25,Mahindra,Thar DI 4X4,0,4,0,0.024970273474050626,158.949,5.126312801589553
Kochi,Diesel,Automatic,First,12.7,5,44.83,Land,Rover Range Rover HSE Dynamic,0,3,3,0.08614043135101403,408.9983,3.994966970745517
Delhi,Diesel,Automatic,First,16.07,5,10.5,BMW,3 Series 320d Highline,1,3,3,0.09072681699712941,361.095,5.365609348914858
Bangalore,Petrol,Manual,Second,13.2,5,1.9,Hyundai,Accent GLS,1,2,1,0.06287625413854431,140.53,5.290581162324648
Jaipur,Petrol,Automatic,Second,23.1,5,4.25,Maruti,Celerio ZXI AT,0,0,0,0.06717434863008583,66.90592000000001,11.561561561561563
Chennai,Diesel,Automatic,Second,16.36,5,26.5,Jaguar,XF 2.2 Litre Luxury,0,3,3,0.08614043135101403,408.9983,5.146272412708399
Bangalore,Diesel,Automatic,Second,12.4,5,22.5,Audi,A6 2.7 TDI,1,5,3,0.06653076350388037,484.291,3.3531638723634396
Hyderabad,Diesel,Manual,First,23.08,5,3.3,Nissan,Micra Diesel XV,2,2,0,0.04318959613744723,92.18910000000001,9.378301503453878
Jaipur,Petrol,Manual,Second,18.0,5,4.3,Honda,Amaze S i-Vtech,0,1,1,0.07237061763575073,103.8666,8.18926296633303
Chennai,Diesel,Manual,First,19.87,5,5.25,Renault,Duster 85PS Diesel RxL Option,1,2,1,0.057357973951158124,122.43180000000001,8.073953677366923
Jaipur,Diesel,Manual,First,12.99,8,11.75,Toyota,Innova 2.5 G (Diesel) 8 Seater,1,4,1,0.040336808323842496,250.8964,3.7178019461934744
Ahmedabad,Petrol,Manual,First,18.0,5,4.25,Honda,Amaze E i-Vtech,1,1,1,0.07237061763575073,103.8666,8.18926296633303
Delhi,Diesel,Automatic,First,14.94,5,14.22,Mercedes-Benz,New C-Class C 250 CDI Elegance,1,3,3,0.09519365371199551,437.172,4.753420299077315
Chennai,Petrol,Manual,First,17.71,5,4.2,Toyota,Etios Liva G,1,1,0,0.06591478691235189,94.44330000000001,8.060992262175695
Delhi,Diesel,Automatic,First,11.36,8,18.25,Toyota,Innova Crysta 2.8 GX AT 8S,0,5,2,0.062250453697912725,472.4825,3.025299600532623
Bangalore,Diesel,Manual,First,15.8,5,18.5,Mercedes-Benz,New C-Class 200 CDI Elegance,1,3,2,0.07914338916240997,365.16,5.019059720457434
Chennai,Petrol,Manual,Second,16.1,5,2.4,Maruti,Swift VXI BSIII,1,1,1,0.06795069332207188,114.48360000000001,7.00609225413403
Kolkata,Diesel,Manual,First,27.39,5,6.5,Maruti,Baleno Alpha 1.3,0,1,0,0.059294871747359874,92.352,12.184163701067614
Hyderabad,LPG,Manual,First,13.45,5,3.2,Hyundai,Santro Xing GL Plus LPG,1,1,0,0.05718232038933488,67.4406,6.4477468839884935
Mumbai,Petrol,Automatic,First,23.1,5,3.99,Maruti,Celerio VXI AT,0,0,0,0.06717434863008583,66.90592000000001,11.561561561561563
Kochi,Diesel,Manual,First,22.7,5,5.45,Ford,Ecosport 1.5 DV5 MT Ambiente,1,2,1,0.059973297690271495,134.58032,9.08726981585268
Hyderabad,Diesel,Manual,First,18.8,5,2.7,Tata,Manza Aura Quadrajet,1,1,1,0.07211538455759985,112.32,8.362989323843415
Mumbai,Diesel,Manual,First,27.3,5,6.25,Honda,Jazz 1.5 SV i DTEC,0,2,1,0.06582109474911808,147.7028,10.928742994395515
Coimbatore,Diesel,Manual,First,15.1,7,13.28,Mahindra,XUV500 W8 2WD,1,3,2,0.06424965577592949,305.06,4.749921358917899
Hyderabad,Diesel,Manual,First,23.08,5,3.7,Nissan,Micra Diesel XV Premium,1,2,0,0.04318959613744723,92.18910000000001,9.378301503453878
Coimbatore,Diesel,Automatic,First,19.27,5,39.51,Mercedes-Benz,New C-Class C 220d Avantgarde Edition C,0,3,2,0.0782174521333563,359.20966000000004,6.13108495068406
Hyderabad,Diesel,Manual,Second,19.0,5,1.4,Tata,Manza Aura Plus Quadrajet BS IV,2,1,1,0.07211538455759985,112.32,8.451957295373665
Kolkata,Diesel,Manual,First,22.9,5,3.5,Maruti,Swift VDI,0,1,0,0.059294871747359874,92.352,10.186832740213521
Jaipur,Petrol,Manual,First,17.5,5,3.78,Maruti,Swift Dzire 1.2 Lxi BSIV,1,1,1,0.07167919793510509,102.70259999999999,7.965407373691398
Pune,Diesel,Manual,First,19.09,5,2.7,Tata,Indigo eCS LS (TDI) BS-III,1,1,0,0.0491174376874609,96.95905,7.937629937629937
Kolkata,Diesel,Manual,First,25.8,5,3.2,Honda,Amaze S i-Dtech,0,2,1,0.06582109474911808,147.7028,10.32826261008807
Delhi,Petrol,Manual,First,20.4,5,5.0,Maruti,Swift VXI BSIV,0,1,1,0.06833751038568293,97.9146,9.28538916704597
Chennai,Diesel,Manual,First,20.77,7,7.0,Maruti,Ertiga ZDI,0,1,1,0.07115384609683184,110.82239999999999,9.239323843416368
Kolkata,Petrol,Manual,Second,18.9,5,2.85,Hyundai,Grand i10 Era,0,1,1,0.06850459476315406,98.154,8.602639963586709
Ahmedabad,Petrol,Manual,First,19.69,5,4.25,Nissan,Micra Active XV,0,1,0,0.0559599331753256,80.31392000000001,8.958143767060966
Bangalore,Petrol,Manual,Second,18.9,5,4.9,Hyundai,Grand i10 Asta Option,0,1,1,0.06850459476315406,98.154,8.602639963586709
Hyderabad,Diesel,Manual,First,17.1,5,16.9,Jeep,Compass 2.0 Sport,0,3,2,0.08691206539523923,332.52,5.7848443843031125
Delhi,Diesel,Manual,Second,22.07,5,4.25,Volkswagen,Polo Diesel Comfortline 1.2L,1,1,0,0.061634695528244625,88.60610000000001,10.03638017280582
Pune,Petrol,Automatic,First,15.5,5,4.34,Honda,Amaze S AT i-Vtech,0,1,1,0.07237061763575073,103.8666,7.0518653321201095
Kolkata,Diesel,Automatic,First,16.09,5,17.0,BMW,X3 xDrive20d Advantage Edition,1,3,3,0.09223057639487188,367.08,5.37228714524207
Kochi,Diesel,Automatic,First,18.88,5,28.45,BMW,3 Series 320d Luxury Line,1,3,3,0.09223057639487188,367.08,6.303839732888147
Kochi,Petrol,Automatic,First,15.6,5,6.15,Honda,City V AT,0,2,1,0.07768871070294675,174.1011,6.247496996395675
Kochi,Diesel,Manual,First,12.83,7,9.25,Mahindra,Ssangyong Rexton RX5,1,5,2,0.06008902074922514,436.752,3.471320346320346
Delhi,Diesel,Manual,First,26.59,5,4.85,Maruti,Swift Dzire LDI,0,1,0,0.059294871747359874,92.352,11.828291814946619
Jaipur,Diesel,Manual,First,25.2,5,4.8,Maruti,Swift VDI BSIV,1,1,0,0.059294871747359874,92.352,11.209964412811386
Pune,Petrol,Manual,First,18.4,5,2.3,Honda,Brio S Option MT,0,1,1,0.0724540900897712,103.98639999999999,8.371246587807097
Mumbai,Petrol,Manual,First,18.9,5,4.75,Hyundai,Grand i10 Sportz,0,1,1,0.06850459476315406,98.154,8.602639963586709
Pune,Diesel,Manual,First,22.95,5,5.0,Tata,Zest Quadrajet 1.3 75PS XM,1,1,0,0.059294871747359874,92.352,10.209074733096084
Jaipur,Petrol,Manual,First,21.1,5,2.5,Hyundai,EON Era Plus,1,0,0,0.06781326772995913,44.9328,11.631753031973538
Mumbai,Petrol,Manual,First,18.6,5,5.95,Hyundai,i20 1.2 Spotz,0,1,1,0.0683625730423036,97.95051,8.466090122894856
Delhi,Diesel,Automatic,Second,9.0,5,16.0,Volvo,S60 D4 KINETIC,0,3,3,0.09122983866369463,359.104,3.0160857908847185
Delhi,Diesel,Manual,First,22.7,5,6.15,Ford,Ecosport 1.5 DV5 MT Titanium Optional,1,2,1,0.059973297690271495,134.58032,9.08726981585268
Hyderabad,Petrol,Manual,Second,21.1,5,4.05,Maruti,Ritz VXI,0,1,1,0.07167919793510509,102.70259999999999,9.604005461993628
Hyderabad,Diesel,Manual,Second,21.9,5,3.1,Hyundai,i20 1.4 CRDi Magna,1,1,1,0.06446991399393272,125.64,9.140233722871452
Hyderabad,Petrol,Manual,First,22.0,5,5.49,Maruti,Dzire VXI,0,1,1,0.06833751038568293,97.9146,10.013654984069186
Coimbatore,Petrol,Automatic,Third,8.0,4,42.91,Porsche,Panamera 2010 2013 4S,0,10,7,0.08204327921721946,1895.0058000000001,1.3778849466069583
Jaipur,Diesel,Manual,First,17.8,5,5.7,Maruti,Swift VDi BSIII W/ ABS,0,1,0,0.060096153797999874,93.6,7.918149466192171
Kolkata,Petrol,Manual,First,19.4,5,2.85,Honda,Brio S MT,0,1,1,0.0724540900897712,103.98639999999999,8.826205641492265
Bangalore,Petrol,Manual,Second,18.6,5,2.35,Chevrolet,Beat LS,0,1,0,0.06622185148772156,95.20060000000001,8.458390177353344
Coimbatore,Petrol,Automatic,First,13.0,5,14.76,Hyundai,Creta 1.6 SX Plus Petrol Automatic,0,2,1,0.07624135758878607,192.98829999999998,5.017367811655731
Pune,Petrol,Manual,Second,17.7,5,2.25,Honda,City ZX GXi,2,2,0,0.052104208382027915,116.766,7.088506207448939
Mumbai,Petrol,Manual,First,18.5,5,3.65,Maruti,Ritz LXi,0,1,1,0.07167919793510509,102.70259999999999,8.420573509330906
Delhi,Diesel,Manual,First,22.77,5,7.25,Ford,EcoSport 1.5 TDCi Trend,0,2,1,0.06581441918169932,147.68782000000002,9.115292233787029
Hyderabad,Diesel,Automatic,First,13.2,5,10.69,BMW,3 Series 320d,1,3,2,0.08521303253874032,339.15,4.407345575959933
Mumbai,Petrol,Manual,Second,17.01,5,5.5,Hyundai,Verna 1.6 SX VTVT,0,2,1,0.07624135758878607,192.98829999999998,6.565032805866461
Chennai,Diesel,Manual,Fourth & Above,12.8,8,5.1,Toyota,Innova 2.5 G4 Diesel 8-seater,4,4,1,0.040898155556977484,254.388,3.6634230108757873
Mumbai,Petrol,Manual,First,22.5,5,3.25,Maruti,Wagon R LXI,0,0,0,0.06717434863008583,66.90592000000001,11.261261261261263
Mumbai,Diesel,Manual,First,25.47,7,9.25,Maruti,Ertiga VDI,0,1,1,0.07091346148163985,110.448,11.330071174377222
Hyderabad,Petrol,Manual,First,19.7,5,1.7,Maruti,Alto LXi BSIII,1,0,0,0.05816582907265599,36.8548,10.96881959910913
Kochi,Petrol,Manual,First,19.0,5,2.87,Maruti,A-Star Vxi,1,0,0,0.06623246486349452,65.96779999999998,9.50950950950951
Bangalore,Diesel,Automatic,First,11.0,5,17.75,BMW,X5 3.0d,1,5,4,0.07851653856381005,703.355,2.7548209366391183
Kolkata,Petrol,Manual,First,18.15,5,4.5,Mahindra,KUV 100 G80 K6 Plus 5Str,0,1,1,0.06844741229678847,98.236,8.257506824385805
Bangalore,Petrol,Automatic,Second,19.2,5,2.95,Hyundai,i10 Magna AT,1,1,0,0.06683375098844298,95.76,8.739189804278562
Pune,Petrol,Automatic,Second,12.9,5,2.6,Honda,Civic 2006-2010 1.8 S AT,1,2,2,0.07226236794204426,233.87,4.608788853161844
Hyderabad,Petrol,Manual,First,20.36,5,3.0,Hyundai,i10 Sportz 1.2,0,1,0,0.06591478691235189,94.44330000000001,9.267182521620391
Ahmedabad,Diesel,Automatic,Second,14.84,5,15.5,Mercedes-Benz,New C-Class C 220 CDI Elegance AT,1,3,2,0.07932804475999625,364.31,4.721603563474388
Pune,Petrol,Manual,First,17.6,5,2.8,Toyota,Etios G,0,2,1,0.059311497286556485,132.74008,7.051282051282052
Kolkata,Petrol,Manual,First,17.0,5,2.5,Honda,City 1.5 E MT,1,2,1,0.07882431524460633,176.646,6.8081698037645175
Bangalore,Diesel,Manual,First,23.4,5,5.75,Maruti,Swift Dzire VDI,0,1,0,0.059294871747359874,92.352,10.409252669039144
Pune,Petrol,Manual,First,22.0,5,2.8,Maruti,Swift VXI,1,1,1,0.06833751038568293,97.9146,10.013654984069186
Kolkata,Petrol,Manual,First,17.01,5,4.59,Hyundai,Verna 1.6 EX VTVT,1,2,1,0.07624135758878607,192.98829999999998,6.565032805866461
Pune,Diesel,Manual,First,23.2,5,3.65,Maruti,Ritz VDi,1,1,0,0.05924679482432147,92.27712,10.320284697508896
Mumbai,Diesel,Manual,First,13.0,7,19.85,Toyota,Fortuner 4x2 Manual,0,5,2,0.05650570085294913,502.467,3.2646911099949776
Pune,Diesel,Manual,First,17.1,5,18.5,Jeep,Compass 2.0 Limited,0,3,2,0.08691206539523923,332.52,5.7848443843031125
Hyderabad,Petrol,Manual,First,18.6,5,6.95,Hyundai,i20 Asta Option 1.2,0,1,1,0.0683625730423036,97.95051,8.466090122894856
Delhi,CNG,Manual,Second,26.6,5,2.85,Maruti,Wagon R LXI CNG,0,0,0,0.058276553047819084,58.043679999999995,13.313313313313316
Jaipur,Diesel,Manual,First,13.93,7,3.75,Tata,New Safari DICOR 2.2 EX 4x4 BS IV,1,3,2,0.06333180355055906,300.702,4.381881094683862
Jaipur,Diesel,Manual,Second,19.3,5,2.3,Maruti,Swift Dzire LDi,1,1,0,0.059214743542295875,92.22720000000001,8.585409252669038
Kolkata,Diesel,Manual,First,25.0,5,2.3,Tata,Indigo eCS eLS BS IV,1,1,0,0.04943409738579219,96.33796000000001,10.434056761268781
Hyderabad,Diesel,Manual,First,28.4,5,5.95,Maruti,Swift LDI,1,1,0,0.059294871747359874,92.352,12.633451957295371
Kolkata,Petrol,Automatic,First,23.1,5,3.49,Maruti,Celerio VXI AT,0,0,0,0.06717434863008583,66.90592000000001,11.561561561561563
Coimbatore,Diesel,Automatic,First,14.69,5,47.7,BMW,5 Series 2013-2017 530d M Sport,0,5,4,0.08620113595516167,772.194,3.6789381417480587
Coimbatore,Petrol,Manual,First,16.47,5,6.43,Volkswagen,Polo 1.2 MPI Highline,0,1,0,0.061769615975150564,88.652,7.4931756141947226
Bangalore,Diesel,Manual,First,13.93,7,4.5,Tata,Safari DICOR 2.2 LX 4x2,1,3,2,0.06334557133393963,300.76736999999997,4.381881094683862
Kolkata,Petrol,Automatic,First,13.6,4,39.75,Mini,Cooper S Carbon Edition,0,2,3,0.11326658315815608,289.238,5.234795996920708
Kolkata,Petrol,Manual,First,15.6,5,4.0,Ford,Figo Petrol Titanium,0,1,0,0.05852842804470867,83.72,7.103825136612023
Ahmedabad,Diesel,Manual,First,26.0,5,6.98,Honda,City i DTEC V,1,2,1,0.06582109474911808,147.7028,10.408326661329061
Delhi,Diesel,Manual,Second,12.6,7,1.75,Hyundai,Tucson CRDi,1,3,1,0.05625313909781359,222.992,4.212637913741223
Delhi,Diesel,Manual,First,20.0,5,4.75,Skoda,Laura Ambiente 2.0 TDI CR MT,1,3,1,0.055132113793123924,213.528,6.738544474393531
Hyderabad,Diesel,Manual,First,11.5,7,23.5,Toyota,Fortuner 3.0 Diesel,1,5,2,0.05734406436708784,509.922,2.887995981918634
Hyderabad,Diesel,Manual,First,22.32,5,7.49,Hyundai,Verna 1.6 SX,0,2,1,0.07984829324914772,199.83823999999998,8.644461657629744
Hyderabad,Diesel,Manual,First,15.1,7,10.85,Mahindra,XUV500 W6 2WD,2,3,2,0.06424965577592949,305.06,4.749921358917899
Mumbai,Petrol,Manual,First,25.17,5,3.5,Renault,KWID RXT,0,0,0,0.06670838539836246,42.5867,13.991106170094499
Bangalore,Petrol,Manual,Second,18.6,5,6.3,Hyundai,i20 Asta 1.2,0,1,1,0.0683625730423036,97.95051,8.466090122894856
Bangalore,Petrol,Automatic,First,15.6,5,6.75,Honda,City V AT,0,2,1,0.07768871070294675,174.1011,6.247496996395675
Coimbatore,Diesel,Automatic,First,10.91,7,28.88,Ford,Endeavour 3.2 Titanium AT 4X4,1,6,3,0.06160100060612852,630.006,2.598856598380181
Kochi,Petrol,Automatic,First,13.7,5,14.23,Skoda,Superb Elegance 1.8 TSI AT,1,2,2,0.08773637369981291,283.6345,4.896354538956397
Mumbai,Diesel,Automatic,Third,22.69,5,15.0,BMW,3 Series 320d Sport,0,3,3,0.09523809519035684,379.05,7.5759599332220375
Mumbai,CNG,Manual,First,22.8,7,5.8,Maruti,Ertiga VXI CNG,1,1,1,0.05892206842030439,111.07570000000001,9.608091024020228
Jaipur,Diesel,Manual,First,23.2,5,3.75,Maruti,Ritz LDi,1,1,0,0.05924679482432147,92.27712,10.320284697508896
Jaipur,Diesel,Manual,Second,11.5,7,12.75,Toyota,Fortuner 3.0 Diesel,2,5,2,0.05734406436708784,509.922,2.887995981918634
Mumbai,Petrol,Manual,First,16.1,5,1.95,Maruti,Swift Lxi BSIII,1,1,1,0.06795069332207188,114.48360000000001,7.00609225413403
Mumbai,Petrol,Manual,First,20.3,5,4.95,Tata,Tigor 1.2 Revotron XT,0,1,1,0.0700583819265568,100.716,9.231468849477036
Delhi,Petrol,Automatic,First,18.0,5,8.25,Honda,City i VTEC CVT VX,0,2,1,0.07835671337451121,175.59810000000002,7.2086503804565485
Hyderabad,Diesel,Automatic,First,13.2,5,20.99,BMW,3 Series 320d,0,3,2,0.08521303253874032,339.15,4.407345575959933
Hyderabad,Diesel,Automatic,Second,14.21,5,17.5,Mercedes-Benz,E-Class 2009-2013 E250 CDI Blue Efficiency,1,3,3,0.09472701815458376,435.029,4.521158129175947
Kochi,Diesel,Manual,First,28.4,5,5.36,Maruti,Swift VDI,1,1,0,0.059294871747359874,92.352,12.633451957295371
Delhi,Petrol,Manual,First,16.02,7,6.35,Maruti,Ertiga VXI,0,1,1,0.0682447195424292,128.6501,6.75094816687737
Kolkata,Petrol,Manual,First,17.01,5,2.95,Hyundai,Verna 1.6 VTVT,0,2,1,0.07624135758878607,192.98829999999998,6.565032805866461
Coimbatore,Diesel,Automatic,First,12.63,5,55.7,Land,Rover Discovery Sport TD4 HSE,0,3,2,0.06769160162106856,321.4025,3.9729474677571566
Hyderabad,Diesel,Automatic,First,19.27,5,37.5,Mercedes-Benz,New C-Class C 220 CDI Style,0,3,2,0.0782174521333563,359.20966000000004,6.13108495068406
Kochi,Petrol,Manual,First,20.36,5,4.07,Hyundai,i10 Magna 1.2,0,1,0,0.06591478691235189,94.44330000000001,9.267182521620391
Kolkata,Diesel,Manual,First,22.07,5,2.99,Volkswagen,Polo Diesel Comfortline 1.2L,0,1,0,0.061634695528244625,88.60610000000001,10.03638017280582
Delhi,Diesel,Manual,First,24.3,5,7.9,Maruti,Vitara Brezza VDi Option,0,1,1,0.07091346148163985,110.448,10.809608540925266
Mumbai,Diesel,Manual,First,19.87,5,7.49,Renault,Duster 85PS Diesel RxL,0,2,1,0.057357973951158124,122.43180000000001,8.073953677366923
Jaipur,Diesel,Manual,First,18.0,5,1.1,Tata,Indica Vista Aqua 1.3 Quadrajet,2,1,0,0.060096153797999874,93.6,8.00711743772242
Delhi,Diesel,Automatic,First,11.3,7,56.0,Mercedes-Benz,GL-Class 350 CDI Blue Efficiency,0,5,4,0.08530297954961401,761.0876,2.834211186355656
Mumbai,Diesel,Manual,First,25.4,5,3.5,Hyundai,Xcent 1.2 CRDi S,0,1,0,0.06236930854774931,87.72842,11.61939615736505
Hyderabad,Diesel,Manual,First,18.1,5,3.0,Hyundai,Verna CRDi SX ABS,2,2,1,0.07367716003102667,164.23,7.260328920978741
Mumbai,Petrol,Manual,First,17.01,5,6.1,Hyundai,Verna 1.6 SX VTVT,0,2,1,0.07624135758878607,192.98829999999998,6.565032805866461
Bangalore,Petrol,Manual,First,15.6,5,2.25,Ford,Figo Petrol ZXI,2,1,0,0.05852842804470867,83.72,7.103825136612023
Chennai,Diesel,Manual,First,25.2,5,5.95,Maruti,Swift VDI Optional,0,1,0,0.059294871747359874,92.352,11.209964412811386
Hyderabad,Diesel,Manual,First,23.08,5,4.95,Renault,Pulse RxL,1,2,0,0.04320328539137352,92.21831999999999,9.378301503453878
Bangalore,Petrol,Manual,Second,16.47,5,5.49,Volkswagen,Polo 1.2 MPI Highline,0,1,0,0.061769615975150564,88.652,7.4931756141947226
Delhi,Diesel,Automatic,First,22.69,5,6.67,BMW,3 Series 320d Luxury Line,1,3,3,0.09523809519035684,379.05,7.5759599332220375
Ahmedabad,Petrol,Manual,First,15.0,5,6.25,Skoda,Rapid 1.6 MPI Active,0,2,1,0.06478097617973655,165.42496,5.773672055427252
Coimbatore,Diesel,Automatic,First,12.07,7,34.88,Audi,Q7 3.0 TDI Quattro Premium Plus,1,5,4,0.08136164473159366,716.2338000000001,3.0426014620620117
Jaipur,Diesel,Manual,First,26.21,5,6.9,Maruti,Ciaz VDi Plus,1,1,1,0.07091346148163985,110.448,11.659252669039144
Kolkata,Diesel,Manual,First,25.1,5,5.99,Honda,City i DTEC VX,1,2,1,0.06582109474911808,147.7028,10.048038430744596
Mumbai,Petrol,Automatic,First,10.93,5,10.4,Mercedes-Benz,E-Class 2009-2013 E350 Petrol,1,7,5,0.07775871924592376,951.456,2.42996887505558
Pune,Diesel,Automatic,First,14.57,5,29.0,Audi,A6 2011-2015 3.0 TDI Quattro Premium Plus,0,5,4,0.08135490391595723,716.17446,3.672800604991177
Coimbatore,Diesel,Manual,Second,14.02,7,5.85,Mahindra,Xylo H4,1,3,1,0.05429095913066041,257.7757,4.410191884240327
Kochi,Petrol,Automatic,Third,12.0,5,2.21,Honda,City 1.5 EXI AT,1,2,1,0.06697923639184243,149.3,4.813477737665463
Mumbai,Petrol,Manual,First,15.5,5,2.4,Maruti,SX4 ZXI MT BSIV,1,2,1,0.06513240853396443,163.8338,5.993812838360402
Pune,Petrol,Manual,Third,14.53,5,3.0,Toyota,Corolla Altis G,1,2,2,0.07680756391723717,248.3038,5.192994996426018
Pune,Petrol,Automatic,Second,14.4,5,3.75,Volkswagen,Vento Petrol Highline AT,1,2,1,0.064831038757928,165.5528,5.542725173210162
Pune,Petrol,Manual,First,21.1,5,2.95,Hyundai,EON Era Plus,1,0,0,0.06781326772995913,44.9328,11.631753031973538
Hyderabad,Diesel,Manual,First,20.0,5,5.8,Skoda,Laura Ambition 2.0 TDI CR MT,1,3,1,0.055132113793123924,213.528,6.738544474393531
Hyderabad,Diesel,Manual,First,22.9,5,4.9,Maruti,Swift VDI,1,1,0,0.059294871747359874,92.352,10.186832740213521
Kolkata,Petrol,Automatic,First,14.28,5,16.95,Toyota,Corolla Altis 1.8 VL CVT,0,2,2,0.07676863177042902,248.17794,5.103645461043603
Hyderabad,Diesel,Manual,First,12.99,8,12.5,Toyota,Innova 2.5 G (Diesel) 8 Seater,1,4,1,0.04009623093821322,249.4,3.7178019461934744
Hyderabad,Diesel,Manual,First,27.28,5,5.0,Tata,Tiago Wizz 1.05 Revotorq,1,1,0,0.06590257873361739,72.243,13.326819736199317
Mumbai,Petrol,Manual,First,15.41,5,4.68,Skoda,Rapid 1.6 MPI Ambition,0,2,1,0.06478097617973655,165.42496,5.931485758275596
Mumbai,Diesel,Automatic,First,10.91,7,29.8,Ford,Endeavour 3.2 Titanium AT 4X4,0,6,3,0.06160100060612852,630.006,2.598856598380181
Kochi,Petrol,Manual,Second,25.17,5,3.46,Renault,KWID RXL,0,0,0,0.06670838539836246,42.5867,13.991106170094499
Pune,Diesel,Manual,First,23.0,5,4.0,Hyundai,i20 1.4 Asta CRDi with AVN,1,1,1,0.06446991399393272,125.64,9.599332220367279
Chennai,Diesel,Manual,Second,17.5,5,4.5,Skoda,Laura Ambiente,1,3,1,0.05590717296629368,200.976,6.042817679558011
Kochi,Diesel,Manual,First,21.43,5,5.87,Toyota,Corolla Altis Diesel D4DG,1,1,1,0.06392961872145922,118.9408,9.065143824027073
Delhi,Diesel,Manual,First,15.4,8,9.5,Mahindra,Scorpio S8 8 Seater,1,3,1,0.05507113352222527,261.48,4.844290657439447
Chennai,Diesel,Automatic,First,14.16,5,32.5,Audi,Q5 2.0 TDI Premium Plus,0,3,3,0.08856707312572812,343.0224,4.77088948787062
Coimbatore,Diesel,Manual,First,18.2,8,3.88,Chevrolet,Enjoy TCDi LS 8 Seater,1,1,0,0.05913461533723187,92.10239999999999,8.096085409252668
Coimbatore,Diesel,Automatic,First,22.69,5,13.08,BMW,3 Series 320d,1,3,3,0.09523809519035684,379.05,7.5759599332220375
Delhi,Diesel,Manual,First,21.64,5,3.5,Nissan,Sunny 2011-2014 Diesel XV,1,2,1,0.05804243664747266,123.89280000000001,8.79317350670459
Mumbai,Petrol,Manual,Second,12.8,5,3.5,Honda,Accord 2.4 MT,0,4,3,0.07544604924577483,418.07039999999995,3.8163387000596303
Bangalore,Diesel,Manual,First,16.8,5,4.45,Hyundai,Verna CRDi,1,2,1,0.07367716003102667,164.23,6.738868832731648
Jaipur,Petrol,Manual,First,16.8,8,2.35,Maruti,Omni E MPI STD BS IV,0,0,0,0.04296482406662711,27.223200000000002,9.35412026726058
Kolkata,Petrol,Manual,First,17.4,5,5.0,Honda,City i VTEC SV,5,2,1,0.07835671337451121,175.59810000000002,6.96836203444133
Chennai,Petrol,Manual,Second,16.6,5,2.0,Ford,Fiesta 1.4 ZXi Leather,1,1,0,0.04899135443156242,94.384,6.951423785594641
Mumbai,Diesel,Manual,First,22.54,5,6.35,Hyundai,i20 1.4 Asta,1,1,1,0.06356017187424057,123.86708,9.407345575959933
Kochi,Diesel,Automatic,First,13.0,5,24.63,Mercedes-Benz,E-Class E250 CDI Avantgrade,0,3,3,0.09384041059550144,430.9573,4.136175628380529
Pune,CNG,Manual,Second,26.2,5,3.0,Maruti,Wagon R LXI CNG,1,0,0,0.05831663320809957,58.083600000000004,13.113113113113114
Chennai,Diesel,Manual,First,22.77,5,7.9,Ford,EcoSport 1.5 TDCi Trend Plus,0,2,1,0.06581441918169932,147.68782000000002,9.115292233787029
Mumbai,Petrol,Manual,First,18.5,5,3.25,Hyundai,i20 1.2 Magna,1,1,0,0.06683375098844298,95.76,8.420573509330906
Delhi,Petrol,Manual,Second,17.8,5,8.25,Honda,City i VTEC V,0,2,1,0.07835671337451121,175.59810000000002,7.128554265118143
Kolkata,Diesel,Manual,First,23.08,5,2.85,Nissan,Micra Diesel XV,0,2,0,0.04318959613744723,92.18910000000001,9.378301503453878
Pune,Diesel,Manual,Second,20.0,5,3.2,Ford,Figo Diesel EXI,2,1,0,0.04860614721329081,95.132,8.336807002917881
Kolkata,Petrol,Manual,First,18.44,5,1.75,Nissan,Micra XL,0,1,0,0.06260434051535531,89.85,8.389444949954505
Kolkata,Diesel,Manual,First,17.8,5,3.38,Maruti,Swift VDI BSIV,0,1,1,0.0907667417004834,141.36956337874662,7.918149466192171
Ahmedabad,Petrol,Manual,Second,12.8,5,5.75,Honda,Accord 2.4 MT,1,4,3,0.07544604924577483,418.07039999999995,3.8163387000596303
Mumbai,Petrol,Automatic,First,13.7,5,4.7,Skoda,Superb Elegance 1.8 TSI AT,1,2,2,0.08773637369981291,283.6345,4.896354538956397
Hyderabad,Petrol,Manual,First,14.0,5,2.9,Maruti,Omni 8 Seater BSIV,0,0,0,0.04396984919099265,27.86,7.795100222717149
Ahmedabad,Diesel,Manual,First,21.9,5,4.25,Hyundai,i20 Magna Optional 1.4 CRDi,1,1,1,0.06361031514068029,123.9648,9.140233722871452
Chennai,Diesel,Automatic,First,17.01,5,14.5,Hyundai,Creta 1.6 CRDi AT SX Plus,0,2,1,0.07977243989900604,199.64839999999998,6.587916343919443
Kochi,Diesel,Manual,First,25.2,5,5.34,Maruti,Swift VDI BSIV,0,1,0,0.059294871747359874,92.352,11.209964412811386
Jaipur,Diesel,Manual,First,25.2,5,3.85,Maruti,Swift LDI BSIV,2,1,0,0.059294871747359874,92.352,11.209964412811386
Hyderabad,Diesel,Manual,First,12.8,8,8.5,Toyota,Innova 2.5 G (Diesel) 8 Seater BS IV,3,4,1,0.040898155556977484,254.388,3.6634230108757873
Mumbai,Diesel,Manual,First,24.4,5,4.2,Hyundai,Xcent 1.1 CRDi Base,2,1,0,0.06339285708625637,79.52,11.509433962264149
Delhi,Diesel,Manual,First,20.77,7,6.75,Maruti,Ertiga Paseo VDI,1,1,1,0.07107371789176785,110.69760000000001,9.239323843416368
Jaipur,Diesel,Automatic,First,10.91,7,26.0,Ford,Endeavour 3.2 Trend AT 4X4,1,6,3,0.06166353969303829,630.6456,2.598856598380181
Coimbatore,Diesel,Manual,First,22.54,5,8.61,Hyundai,i20 1.4 Sportz,0,1,1,0.06356017187424057,123.86708,9.407345575959933
Mumbai,Petrol,Manual,First,19.0,5,1.46,Maruti,Zen Estilo LXI BS IV,0,0,0,0.06723446887050653,66.96579999999999,9.50950950950951
Mumbai,Diesel,Manual,Second,21.1,5,2.8,Maruti,Ritz VDi,1,1,0,0.059214743542295875,92.22720000000001,9.386120996441282
Mumbai,Petrol,Manual,First,17.0,5,5.47,Honda,City 1.5 S MT,1,2,1,0.07882431524460633,176.646,6.8081698037645175
Mumbai,Petrol,Manual,First,17.5,5,2.45,Maruti,Swift Dzire ZXi,1,1,1,0.06610169486432843,111.3684,7.6153176675369885
Hyderabad,Diesel,Automatic,First,17.05,5,21.5,BMW,X1 sDrive 20d Sportline,0,3,3,0.09223057639487188,367.08,5.692821368948247
Mumbai,Petrol,Manual,First,15.0,5,1.38,Tata,Manza Aqua Safire,0,1,1,0.0657894736361188,123.12,6.334459459459459
Chennai,Diesel,Manual,First,16.0,7,13.5,Mahindra,XUV500 W10 2WD,1,3,2,0.06424965577592949,305.06,5.033029254482542
Bangalore,Petrol,Automatic,Second,16.95,5,3.1,Hyundai,i10 Sportz AT,1,1,0,0.06591478691235189,94.44330000000001,7.715065999089667
Mumbai,Petrol,Manual,First,21.4,5,5.49,Maruti,Baleno Sigma 1.2,0,1,1,0.06942355883924514,99.4707,9.740555302685479
Kochi,Diesel,Manual,First,24.3,5,9.51,Maruti,Vitara Brezza ZDi Plus Dual Tone,0,1,1,0.07091346148163985,110.448,10.809608540925266
Mumbai,Petrol,Manual,First,15.6,5,2.39,Ford,Figo Petrol ZXI,0,1,0,0.058545150452721434,83.74392,7.103825136612023
Mumbai,Petrol,Automatic,First,18.19,5,5.65,Volkswagen,Vento Sport 1.2 TSI AT,1,1,1,0.0864661653412981,123.8895,8.279472007282658
Ahmedabad,Diesel,Manual,First,14.95,7,1.85,Mahindra,Xylo D2 BS III,1,4,1,0.03764564080448146,233.2193,4.284895385497277
Kochi,Petrol,Automatic,First,13.33,5,2.02,Porsche,Cayenne Base,0,5,6,0.11352253752470033,1018.3,3.3366708385481854
Hyderabad,Diesel,Manual,First,19.3,5,5.8,Maruti,Swift Dzire VDi,1,1,0,0.059214743542295875,92.22720000000001,8.585409252669038
Hyderabad,Petrol,Manual,First,16.2,5,6.9,Volkswagen,Polo 1.2 MPI Highline Plus,0,1,0,0.061718098363871474,88.726,7.3669849931787175
Chennai,Petrol,Manual,Second,17.01,5,5.35,Hyundai,Verna 1.6 VTVT,0,2,1,0.07624135758878607,192.98829999999998,6.565032805866461
Bangalore,Petrol,Manual,First,19.81,5,2.85,Hyundai,i10 Era 1.1,1,1,0,0.06266114174708919,73.9023,9.49664429530201
Chennai,Diesel,Automatic,First,13.0,5,22.75,Mercedes-Benz,E-Class E250 CDI Launch Edition,1,3,3,0.09519365371199551,437.172,4.136175628380529
Jaipur,Petrol,Manual,Third,17.3,5,0.45,Maruti,Zen LXI,1,0,0,0.06042296066422662,59.58,8.680381334671349
Coimbatore,Petrol,Manual,First,20.36,5,4.64,Hyundai,i10 Sportz,0,1,0,0.06591478691235189,94.44330000000001,9.267182521620391
Coimbatore,Diesel,Manual,First,25.8,5,5.27,Honda,Amaze S i-Dtech,1,2,1,0.06582109474911808,147.7028,10.32826261008807
Jaipur,Diesel,Manual,First,14.1,7,10.0,Tata,Safari Storme VX,0,3,2,0.06792106467741117,322.492,4.43535703051274
Mumbai,Petrol,Manual,First,18.5,5,3.95,Honda,Brio 1.2 S MT,0,1,1,0.0724540900897712,103.98639999999999,8.416742493175615
Kochi,Petrol,Manual,First,17.0,5,3.38,Hyundai,i20 Asta,0,1,0,0.06683375098844298,95.76,7.737824305871643
Coimbatore,Petrol,Manual,First,14.69,5,16.8,Volkswagen,Jetta 2012-2014 1.4 TSI,0,1,1,0.08656834526146161,167.2587,6.146443514644352
Kolkata,Petrol,Manual,First,16.7,5,1.99,Honda,Jazz Select Edition,0,1,1,0.07412353917018068,106.38239999999999,7.597816196542311
Coimbatore,Petrol,Manual,First,18.9,5,5.84,Hyundai,Grand i10 Sportz,0,1,1,0.06850459476315406,98.154,8.602639963586709
Coimbatore,Diesel,Automatic,First,14.74,5,36.15,Jaguar,XF Diesel,1,5,5,0.09051119275291974,810.8036999999999,3.6914600550964187
Kolkata,Diesel,Automatic,First,16.36,5,25.7,Jaguar,XF 2.2 Litre Luxury,0,3,3,0.08614043135101403,408.9983,5.146272412708399
Coimbatore,Diesel,Manual,First,16.0,7,9.24,Mahindra,XUV500 W8 2WD,2,3,2,0.06424965577592949,305.06,5.033029254482542
Delhi,Diesel,Manual,First,22.7,5,7.65,Maruti,S Cross DDiS 320 Alpha,0,2,1,0.07384230283238905,188.564,8.737490377213241
Coimbatore,Diesel,Automatic,First,17.11,5,25.31,Audi,A4 2.0 TDI 177 Bhp Premium Plus,0,3,3,0.0885823170281594,343.08144,5.764824797843666
Delhi,Diesel,Manual,First,19.01,5,4.75,Renault,Duster 110PS Diesel RxZ,1,2,1,0.07422997941531144,158.44545000000002,7.724502234863876
Coimbatore,Petrol,Manual,First,19.1,5,6.69,Maruti,Swift Dzire VXI,1,1,1,0.07167919793510509,102.70259999999999,8.69367319071461
Mumbai,Petrol,Manual,First,16.47,5,3.1,Volkswagen,Polo Petrol Trendline 1.2L,0,1,0,0.061686143521130096,88.53220000000002,7.4931756141947226
Jaipur,Petrol,Manual,First,19.7,8,1.55,Maruti,Omni 8 Seater BSII,1,0,0,0.04396984919099265,27.86,10.96881959910913
Coimbatore,Petrol,Automatic,First,18.9,5,6.84,Hyundai,Grand i10 1.2 Kappa Magna AT,0,1,1,0.06838763569892427,97.98642,8.602639963586709
Hyderabad,Petrol,Manual,First,25.4,4,1.6,Tata,Nano Twist XT,0,0,0,0.06009615374984591,23.4,15.640394088669948
Kochi,Petrol,Automatic,First,17.84,5,21.73,Audi,A4 30 TFSI Premium Plus,1,1,2,0.10574193540807028,205.77644999999998,7.448851774530271
Mumbai,Petrol,Manual,First,16.47,5,4.75,Volkswagen,Polo 1.2 MPI Highline,0,1,0,0.061769615975150564,88.652,7.4931756141947226
Chennai,Petrol,Manual,First,22.74,5,2.45,Maruti,Alto 800 LXI,1,0,0,0.059422110478112924,37.6508,12.661469933184854
Kochi,Diesel,Automatic,First,20.7,5,31.55,Mini,Cooper 5 DOOR D,0,2,1,0.07618983952126347,170.51408,8.293269230769232
Delhi,Diesel,Automatic,Second,15.2,5,10.25,Audi,A4 New 2.0 TDI Multitronic,1,3,2,0.07154471541080046,277.0944,5.121293800539084
Coimbatore,Diesel,Manual,First,12.62,7,27.36,Ford,Endeavour Titanium 4X2,0,3,2,0.07188353044955254,347.284,3.9462163852407754
Hyderabad,Petrol,Manual,Second,15.8,5,6.5,Ford,Ecosport 1.5 Ti VCT MT Titanium,1,2,1,0.07338225478760356,164.89,6.322529011604642
Jaipur,Petrol,Manual,First,18.9,5,4.25,Hyundai,Grand i10 Magna,0,1,1,0.06850459476315406,98.154,8.602639963586709
Mumbai,Petrol,Manual,First,18.2,5,5.5,Chevrolet,Sail 1.2 LS,0,1,1,0.06872393655652716,98.7976,8.27648931332424
Kolkata,Petrol,Manual,First,20.85,5,4.0,Maruti,Swift Dzire LXI,2,1,1,0.06945697571473937,99.51858,9.490213928083751
Kochi,Petrol,Manual,First,17.57,5,4.65,Tata,Zest Revotron 1.2T XM,0,1,1,0.0743503771380131,105.8191,8.011855905152759
Delhi,Diesel,Automatic,First,19.27,5,28.5,Mercedes-Benz,New C-Class C 220 CDI Avantgarde,0,3,2,0.07932804475999625,364.31,6.13108495068406
Coimbatore,Diesel,Manual,First,17.3,5,7.11,Chevrolet,Cruze LTZ,1,3,2,0.08193193189092494,327.07259999999997,5.770513675783856
Hyderabad,Diesel,Manual,First,21.1,5,3.9,Maruti,Ritz VDi,1,1,0,0.059214743542295875,92.22720000000001,9.386120996441282
Jaipur,Petrol,Manual,First,18.9,5,5.6,Hyundai,Grand i10 1.2 Kappa Sportz Option,0,1,1,0.06838763569892427,97.98642,8.602639963586709
Pune,Diesel,Manual,Third,28.4,5,2.25,Maruti,Dzire LDI,2,1,0,0.05909455123469987,92.04,12.633451957295371
Kolkata,Diesel,Manual,First,22.32,5,3.9,Hyundai,Verna 1.6 SX,0,2,1,0.07984829324914772,199.83823999999998,8.644461657629744
Coimbatore,Diesel,Automatic,First,14.74,5,28.63,Jaguar,XF Diesel,1,5,5,0.09051119275291974,810.8036999999999,3.6914600550964187
Delhi,Petrol,Automatic,First,13.7,5,7.25,Skoda,Superb Elegance 1.8 TSI AT,1,2,2,0.08773637369981291,283.6345,4.896354538956397
Pune,Petrol,Manual,Second,18.9,5,2.0,Maruti,Wagon R LXI,1,0,0,0.06723446887050653,66.96579999999999,9.45945945945946
Mumbai,Petrol,Manual,First,16.47,5,3.5,Volkswagen,Polo Petrol Highline 1.2L,0,1,0,0.061686143521130096,88.53220000000002,7.4931756141947226
Hyderabad,Petrol,Manual,First,14.8,5,5.0,Honda,Civic 2010-2013 1.8 S MT,1,2,2,0.07237354081580125,234.22979999999998,5.287602715255449
Ahmedabad,CNG,Manual,First,20.0,5,3.72,Maruti,Eeco CNG 5 Seater AC,0,1,0,0.0526755852402378,75.348,9.107468123861567
Chennai,Petrol,Manual,First,22.5,5,3.45,Maruti,Wagon R VXI,1,0,0,0.06717434863008583,66.90592000000001,11.261261261261263
Kolkata,Diesel,Manual,First,23.4,5,4.5,Maruti,Swift Dzire VDI,0,1,0,0.059294871747359874,92.352,10.409252669039144
Coimbatore,Petrol,Automatic,First,13.0,5,14.36,Hyundai,Creta 1.6 SX Plus Petrol Automatic,0,2,1,0.07624135758878607,192.98829999999998,5.017367811655731
Bangalore,Petrol,Manual,First,18.9,5,5.5,Hyundai,Grand i10 Asta,1,1,1,0.06850459476315406,98.154,8.602639963586709
Mumbai,Diesel,Manual,First,23.08,5,3.0,Nissan,Micra Diesel XV Premium,1,2,0,0.04318959613744723,92.18910000000001,9.378301503453878
Coimbatore,Petrol,Manual,First,18.9,5,6.08,Hyundai,Grand i10 1.2 Kappa Asta,1,1,1,0.06838763569892427,97.98642,8.602639963586709
Chennai,Diesel,Manual,First,20.54,5,5.0,Volkswagen,Vento Diesel Highline,2,2,1,0.064831038757928,165.5528,7.906081601231716
Kochi,Diesel,Automatic,First,12.55,7,20.25,Toyota,Fortuner 4x2 AT,0,5,2,0.05650570085294913,502.467,3.1516825715720747
Pune,Diesel,Automatic,First,11.36,7,18.0,Toyota,Innova Crysta 2.8 GX AT,0,5,2,0.062250453697912725,472.4825,3.025299600532623
Pune,Diesel,Automatic,First,20.0,5,17.5,Mercedes-Benz,A Class A180 CDI,0,3,1,0.05006999531027999,229.94389999999999,6.363347120585429
Pune,Petrol,Manual,First,21.1,5,2.1,Hyundai,EON D Lite,0,0,0,0.06781326772995913,44.9328,11.631753031973538
Bangalore,Diesel,Manual,Second,22.7,5,7.5,Hyundai,Elantra CRDi SX,0,2,1,0.07979772434905326,199.71168,8.79163439194423
Kochi,Diesel,Automatic,Second,20.7,4,24.77,Mini,Cooper 3 DOOR D,0,2,1,0.07618983952126347,170.51408,8.293269230769232
Bangalore,Diesel,Manual,First,19.64,5,8.65,Renault,Duster 110PS Diesel RXZ Option,1,2,1,0.07422997941531144,158.44545000000002,7.980495733441689
Chennai,Diesel,Automatic,First,10.91,7,35.5,Ford,Endeavour 3.2 Titanium AT 4X4,0,6,3,0.06160100060612852,630.006,2.598856598380181
Delhi,Petrol,Manual,First,14.28,5,10.5,Toyota,Corolla Altis GL MT,1,2,2,0.07676863177042902,248.17794,5.103645461043603
Delhi,Diesel,Manual,First,14.0,7,13.0,Mahindra,XUV500 W7,0,3,2,0.07113354746620765,337.745,4.403900597672224
Kolkata,Diesel,Automatic,First,16.77,5,26.5,BMW,7 Series 730Ld Design Pure Excellence CBU,0,5,4,0.08736719008106676,782.63957,4.199849737039819
Ahmedabad,Petrol,Manual,Second,17.3,5,1.4,Maruti,Wagon R LX BSIII,1,1,0,0.060320452346540564,67.904,8.393983503153809
Kochi,Petrol,Manual,First,17.8,5,7.51,Honda,City i VTEC SV,0,2,1,0.07835671337451121,175.59810000000002,7.128554265118143
Delhi,Diesel,Manual,First,22.9,5,4.3,Maruti,Swift VDI,0,1,0,0.059294871747359874,92.352,10.186832740213521
Mumbai,Petrol,Automatic,First,18.0,5,8.95,Honda,City i-VTEC CVT VX,0,2,1,0.07835671337451121,175.59810000000002,7.2086503804565485
Kochi,Diesel,Manual,First,20.77,7,6.91,Maruti,Ertiga VDI,1,1,1,0.07112179481480625,110.77248000000002,9.239323843416368
Coimbatore,Diesel,Manual,First,19.01,5,9.75,Renault,Duster 110PS Diesel RxZ,1,2,1,0.07422997941531144,158.44545000000002,7.724502234863876
Jaipur,Diesel,Manual,Second,19.3,5,4.0,Maruti,Swift Dzire VDi,2,1,0,0.059214743542295875,92.22720000000001,8.585409252669038
Hyderabad,Diesel,Manual,First,23.2,5,3.65,Maruti,Ritz VDi,1,1,0,0.05924679482432147,92.27712,10.320284697508896
Chennai,Diesel,Manual,First,15.1,7,10.75,Mahindra,XUV500 W8 4WD,1,3,2,0.06424965577592949,305.06,4.749921358917899
Kochi,Petrol,Manual,First,19.4,5,4.51,Honda,Brio S MT,0,1,1,0.0724540900897712,103.98639999999999,8.826205641492265
Coimbatore,Diesel,Manual,First,21.02,5,3.7,Tata,Manza Club Class Quadrajet90 LS,1,1,1,0.07115384609683184,110.82239999999999,9.35053380782918
Hyderabad,Diesel,Manual,First,12.8,7,12.99,Toyota,Innova 2.5 V Diesel 7-seater,3,4,1,0.040898155556977484,254.388,3.6634230108757873
Delhi,Petrol,Manual,First,18.6,5,4.15,Maruti,Swift VXI,1,1,1,0.07167919793510509,102.70259999999999,8.466090122894856
Kolkata,Petrol,Manual,First,17.01,5,4.4,Hyundai,Verna 1.6 EX VTVT,0,2,1,0.07624135758878607,192.98829999999998,6.565032805866461
Kolkata,Petrol,Manual,First,17.3,7,4.25,Honda,Mobilio S i VTEC,0,2,1,0.07835671337451121,175.59810000000002,6.928313976772127
Mumbai,Petrol,Manual,First,18.0,5,4.25,Honda,Amaze S i-Vtech,0,1,1,0.07237061763575073,103.8666,8.18926296633303
Jaipur,Petrol,Automatic,First,18.0,5,7.7,Honda,City i-VTEC CVT VX,0,2,1,0.07835671337451121,175.59810000000002,7.2086503804565485
Pune,Diesel,Automatic,First,12.7,5,39.75,Land,Rover Range Rover 2.2L Dynamic,1,3,3,0.08614043135101403,408.9983,3.994966970745517
Mumbai,Petrol,Manual,First,17.4,5,8.5,Honda,City i-VTEC V,0,2,1,0.07835671337451121,175.59810000000002,6.96836203444133
Jaipur,Petrol,Automatic,First,9.5,5,7.0,Mercedes-Benz,E-Class 280 Elegance,1,5,4,0.07711044375138124,692.6066999999999,2.3767825869402053
Chennai,Petrol,Manual,Third,13.8,5,0.8,Ford,Ikon 1.3 Flair,1,1,0,0.05388760580917043,90.93,6.002609830361027
Delhi,Diesel,Manual,First,13.0,7,15.25,Toyota,Fortuner 4x2 Manual,1,5,2,0.05650570085294913,502.467,3.2646911099949776
Hyderabad,Petrol,Manual,First,19.0,5,2.25,Maruti,A-Star Vxi,1,0,0,0.06623246486349452,65.96779999999998,9.50950950950951
Kolkata,Diesel,Manual,First,14.07,7,4.85,Tata,Sumo EX,0,3,1,0.04265913755510311,161.87879999999998,4.772727272727273
Coimbatore,Petrol,Automatic,Second,15.6,5,6.42,Honda,City V AT,1,2,1,0.07768871070294675,174.1011,6.247496996395675
Chennai,Diesel,Manual,Second,23.19,5,2.5,Nissan,Micra XV D,1,2,0,0.04320328539137352,92.21831999999999,9.42299878098334
Hyderabad,Diesel,Automatic,First,19.08,5,5.75,Hyundai,Verna SX CRDi AT,2,2,1,0.07984829324914772,199.83823999999998,7.389620449264136
Pune,Petrol,Manual,First,16.1,4,0.5,Maruti,800 Std,1,0,0,0.04648241200190652,29.452,8.964365256124722
Coimbatore,Diesel,Manual,First,15.1,7,11.52,Mahindra,XUV500 W8 4WD,0,3,2,0.06424965577592949,305.06,4.749921358917899
Delhi,Diesel,Manual,First,21.5,5,4.5,Maruti,SX4 VDI,1,1,1,0.07115384609683184,110.82239999999999,9.564056939501778
Bangalore,Petrol,Automatic,First,15.0,5,4.75,Hyundai,i20 Sportz AT 1.4,1,1,1,0.07063037244224184,137.6456,6.260434056761269
Coimbatore,Diesel,Manual,First,19.67,5,13.54,Hyundai,Creta 1.6 CRDi SX,1,2,1,0.07977243989900604,199.64839999999998,7.618125484120838
Kochi,Diesel,Automatic,First,13.0,5,23.41,Mercedes-Benz,E-Class E250 CDI Avantgrade,1,3,3,0.09384041059550144,430.9573,4.136175628380529
Hyderabad,Diesel,Automatic,Second,12.55,7,19.25,Toyota,Fortuner 4x2 AT,2,5,2,0.05650570085294913,502.467,3.1516825715720747
Ahmedabad,Diesel,Automatic,First,9.0,5,20.0,Volvo,S60 D4 KINETIC,0,3,3,0.09122983866369463,359.104,3.0160857908847185
Delhi,Diesel,Automatic,First,14.21,5,13.0,Mercedes-Benz,E-Class 2009-2013 E250 CDI Avantgarde,1,3,3,0.09472701815458376,435.029,4.521158129175947
Chennai,Petrol,Manual,First,10.2,5,3.99,Honda,Accord 2.4 Elegance M/T,1,4,3,0.07646559045179882,423.72,3.0411449016100174
Pune,Diesel,Manual,First,25.8,5,4.65,Honda,Amaze S i-Dtech,2,2,1,0.06582109474911808,147.7028,10.32826261008807
Ahmedabad,Diesel,Manual,First,28.4,5,4.65,Maruti,Dzire ZDI,1,1,0,0.05909455123469987,92.04,12.633451957295371
Kolkata,Petrol,Manual,First,18.6,5,3.15,Maruti,Swift LXI,1,1,1,0.07167919793510509,102.70259999999999,8.466090122894856
Delhi,Petrol,Automatic,First,14.53,5,8.25,Toyota,Corolla Altis G HV AT,1,2,2,0.07680756391723717,248.3038,5.192994996426018
Bangalore,Diesel,Automatic,Second,11.49,5,65.0,Land,Rover Range Rover Vogue SE 4.4 SDV8,1,9,6,0.076780398425285,1464.2551,2.140860816098379
Chennai,Diesel,Manual,First,22.9,5,4.5,Maruti,Swift VDI,1,1,0,0.059294871747359874,92.352,10.186832740213521
Kolkata,Diesel,Manual,First,16.3,5,17.5,Jeep,Compass 2.0 Limited Option 4X4,0,3,2,0.08691206539523923,332.52,5.514208389715832
Mumbai,Petrol,Manual,First,20.4,5,4.31,Maruti,Swift VXI BSIV,0,1,1,0.06833751038568293,97.9146,9.28538916704597
Kochi,Petrol,Manual,First,18.7,5,6.2,Honda,Jazz 1.2 SV i VTEC,0,1,1,0.07397831520101891,106.35130000000001,8.503865393360618
Chennai,Diesel,Manual,First,23.59,5,4.67,Toyota,Etios GD,1,1,1,0.08304757598967921,154.50968305177113,9.978849407783418
Kochi,Petrol,Manual,First,16.47,5,3.32,Volkswagen,Polo Petrol Trendline 1.2L,1,1,0,0.061686143521130096,88.53220000000002,7.4931756141947226
Delhi,Petrol,Automatic,First,12.9,5,3.75,Honda,Civic 2006-2010 1.8 V AT,1,2,2,0.07226236794204426,233.87,4.608788853161844
Bangalore,Petrol,Manual,First,16.78,5,4.7,Toyota,Etios G SP,2,2,1,0.059311497286556485,132.74008,6.7227564102564115
Chennai,Petrol,Manual,First,17.01,5,6.5,Hyundai,Verna 1.6 SX VTVT,1,2,1,0.07624135758878607,192.98829999999998,6.565032805866461
Hyderabad,Diesel,Manual,First,12.8,8,7.25,Toyota,Innova 2.5 G4 Diesel 8-seater,3,4,1,0.040898155556977484,254.388,3.6634230108757873
Coimbatore,Diesel,Manual,First,22.7,5,8.94,Maruti,SX4 S Cross DDiS 320 Zeta,1,2,1,0.07384230283238905,188.564,8.737490377213241
Kolkata,Petrol,Manual,First,19.0,5,7.34,Ford,Freestyle Titanium Plus Petrol,0,1,1,0.07929648234564783,113.04792000000002,8.659981768459435
Delhi,Petrol,Manual,First,21.4,5,6.9,Maruti,Baleno Alpha 1.2,0,1,1,0.06942355883924514,99.4707,9.740555302685479
Mumbai,Petrol,Manual,First,18.2,5,5.9,Honda,Jazz V,0,1,1,0.07397831520101891,106.35130000000001,8.27648931332424
Pune,Diesel,Automatic,First,22.32,5,6.75,Hyundai,Verna 1.6 CRDi EX AT,2,2,1,0.07983565102412411,199.8066,8.644461657629744
Ahmedabad,Diesel,Manual,First,25.8,5,4.1,Honda,Amaze VX i-DTEC,1,2,1,0.06582109474911808,147.7028,10.32826261008807
Mumbai,Diesel,Automatic,First,18.51,5,27.0,Audi,Q3 30 TDI Premium FWD,0,3,2,0.0749542682545964,290.29967999999997,6.236522911051213
Mumbai,Petrol,Manual,First,15.0,5,4.5,Skoda,Rapid 2013-2016 1.6 MPI Ambition,0,2,1,0.06478097617973655,165.42496,5.773672055427252
Kolkata,Diesel,Automatic,First,17.11,5,14.5,Audi,A4 2.0 TDI 177 Bhp Premium Plus,1,3,3,0.0885823170281594,343.08144,5.764824797843666
Jaipur,Diesel,Manual,First,23.4,5,5.25,Maruti,Swift Dzire VDI,1,1,0,0.059294871747359874,92.352,10.409252669039144
Kolkata,Diesel,Manual,Second,22.3,5,1.2,Tata,Indica Vista Quadrajet LS,1,1,0,0.059294871747359874,92.352,9.919928825622776
Jaipur,Diesel,Manual,Second,12.99,8,4.95,Toyota,Innova 2.5 G (Diesel) 8 Seater,2,4,1,0.040336808323842496,250.8964,3.7178019461934744
Hyderabad,Diesel,Manual,First,19.64,5,7.5,Renault,Duster 110PS Diesel RxZ Plus,1,2,1,0.07422997941531144,158.44545000000002,7.980495733441689
Kolkata,Petrol,Automatic,First,10.0,4,48.0,Mercedes-Benz,E-Class E400 Cabriolet,0,5,6,0.11114819755969686,997.668,2.5025025025025025
Delhi,Diesel,Manual,First,25.8,5,4.45,Honda,Amaze S i-Dtech,1,2,1,0.06582109474911808,147.7028,10.32826261008807
Coimbatore,Diesel,Automatic,First,11.57,5,59.65,Mercedes-Benz,GLE 350d,0,5,4,0.08529963170897234,761.05773,2.9019312766491097
Kochi,Diesel,Manual,First,23.2,5,4.38,Maruti,Ritz VDi,1,1,0,0.05924679482432147,92.27712,10.320284697508896
Kochi,Diesel,Manual,First,28.09,5,7.9,Maruti,Ciaz ZDi Plus SHVS,0,1,1,0.07091346148163985,110.448,12.495551601423486
Coimbatore,Petrol,Automatic,First,21.4,5,7.29,Maruti,Baleno Delta CVT,0,1,1,0.06942355883924514,99.4707,9.740555302685479
Hyderabad,Diesel,Manual,First,23.5,5,6.0,Ford,Fiesta Diesel Titanium Plus,0,2,1,0.059212283004531185,132.8726,9.407526020816652
Chennai,Diesel,Manual,Third,16.0,7,6.7,Mahindra,XUV500 W8 2WD,2,3,2,0.06424965577592949,305.06,5.033029254482542
Jaipur,Petrol,Manual,First,19.7,5,1.5,Maruti,Alto LXi,1,0,0,0.05816582907265599,36.8548,10.96881959910913
Kochi,Diesel,Automatic,First,20.7,4,23.8,Mini,Cooper 3 DOOR D,0,2,1,0.07618983952126347,170.51408,8.293269230769232
Kochi,Diesel,Manual,First,15.1,7,7.77,Mahindra,XUV500 W8 4WD,1,3,2,0.06424965577592949,305.06,4.749921358917899
Coimbatore,Petrol,Manual,First,17.92,5,3.32,Hyundai,Santro Xing GLS,0,1,0,0.05718232038933488,67.4406,8.590604026845638
Kochi,Diesel,Manual,First,22.9,5,4.94,Maruti,Swift VDI,0,1,0,0.059294871747359874,92.352,10.186832740213521
Delhi,Diesel,Automatic,Second,20.0,5,11.0,Mercedes-Benz,A Class A180 CDI,0,3,1,0.05006999531027999,229.94389999999999,6.363347120585429
Hyderabad,Petrol,Manual,First,25.17,5,3.4,Renault,KWID RXT,0,0,0,0.06670838539836246,42.5867,13.991106170094499
Kochi,Diesel,Manual,First,22.9,5,4.17,Maruti,Swift VDI,1,1,0,0.059294871747359874,92.352,10.186832740213521
Hyderabad,Petrol,Manual,Second,17.3,5,1.25,Maruti,Zen LXI,1,0,0,0.06042296066422662,59.58,8.680381334671349
Mumbai,Petrol,Automatic,First,18.9,5,5.45,Hyundai,Grand i10 Magna AT,0,1,1,0.06850459476315406,98.154,8.602639963586709
Jaipur,Diesel,Manual,First,21.12,5,2.59,Tata,Manza Aura Quadrajet BS IV,1,1,1,0.07115384609683184,110.82239999999999,9.395017793594306
Pune,Diesel,Manual,First,16.0,7,12.01,Mahindra,XUV500 W10 AWD,1,3,2,0.06424965577592949,305.06,5.033029254482542
Delhi,Petrol,Manual,Second,17.5,5,2.45,Maruti,Swift Dzire 1.2 Vxi BSIV,1,1,1,0.07167919793510509,102.70259999999999,7.965407373691398
Bangalore,Diesel,Automatic,First,15.73,5,29.0,Audi,Q3 35 TDI Quattro Premium Plus,0,3,3,0.0885823170281594,343.08144,5.299865229110512
Hyderabad,Diesel,Manual,Second,17.8,5,2.4,Ford,Fiesta 1.4 SXi TDCi,1,1,1,0.08096990253895649,158.4743743324251,7.419758232596915
Hyderabad,Diesel,Automatic,First,14.84,5,11.99,Mercedes-Benz,New C-Class C 220 CDI Elegance AT,2,3,2,0.07932804475999625,364.31,4.721603563474388
Delhi,Petrol,Automatic,First,18.0,5,7.9,Honda,City i VTEC CVT VX,1,2,1,0.07835671337451121,175.59810000000002,7.2086503804565485
Pune,Diesel,Manual,Third,12.8,7,6.25,Toyota,Innova 2.5 GX 7 STR,2,4,1,0.040898155556977484,254.388,3.6634230108757873
Pune,Petrol,Manual,Second,18.6,5,1.8,Chevrolet,Beat LT,0,1,0,0.06622185148772156,95.20060000000001,8.458390177353344
Delhi,CNG,Manual,First,26.6,5,2.8,Maruti,Wagon R LXI CNG,1,0,0,0.058276553047819084,58.043679999999995,13.313313313313316
Mumbai,Petrol,Manual,First,18.7,5,4.9,Honda,Jazz 1.2 S i VTEC,0,1,1,0.07397831520101891,106.35130000000001,8.503865393360618
Jaipur,Petrol,Manual,First,18.06,5,2.25,Nissan,Micra XL Primo,1,1,0,0.06260434051535531,89.85,8.21656050955414
Coimbatore,Petrol,Automatic,First,19.12,5,8.89,Maruti,Ciaz AT ZXi,1,1,1,0.06635105603324758,125.0803,8.057311420143279
Mumbai,Diesel,Automatic,First,12.55,7,15.0,Toyota,Fortuner 4x2 AT,1,5,2,0.05650570085294913,502.467,3.1516825715720747
Kolkata,Diesel,Manual,First,26.1,5,5.65,Ford,Aspire Ambiente Diesel,0,2,1,0.06608811744586908,148.302,10.44835868694956
Jaipur,Diesel,Manual,First,20.77,7,7.0,Maruti,Ertiga ZDI,1,1,1,0.07115384609683184,110.82239999999999,9.239323843416368
Hyderabad,Petrol,Manual,First,22.74,5,2.95,Maruti,Alto 800 LXI,0,0,0,0.059422110478112924,37.6508,12.661469933184854
Chennai,Petrol,Manual,First,19.4,5,3.3,Honda,Brio V MT,1,1,1,0.0724540900897712,103.98639999999999,8.826205641492265
Hyderabad,Diesel,Manual,Second,16.2,5,3.5,Hyundai,Verna Transform CRDi VGT SX ABS,2,2,1,0.07367716003102667,164.23,6.4981949458483745
Jaipur,Petrol,Manual,First,12.8,5,2.3,Honda,City 1.5 GXI,1,2,1,0.06697923639184243,149.3,5.134376253509828
Coimbatore,Diesel,Manual,First,19.67,5,13.69,Hyundai,Creta 1.6 CRDi SX,0,2,1,0.07977243989900604,199.64839999999998,7.618125484120838
Delhi,Diesel,Manual,First,23.59,5,3.1,Toyota,Etios Liva GD,1,1,0,0.04916422283785614,91.46983999999999,9.978849407783418
Mumbai,Petrol,Manual,First,13.44,5,12.75,Hyundai,Sonata Transform 2.4 GDi MT,0,4,3,0.08403984735733792,467.67175,4.001190830604346
Pune,Diesel,Manual,First,19.67,5,13.75,Hyundai,Creta 1.6 CRDi SX Option,0,2,1,0.07977243989900604,199.64839999999998,7.618125484120838
Chennai,Petrol,Manual,First,18.7,5,6.75,Honda,Jazz 1.2 SV i VTEC,0,1,1,0.07397831520101891,106.35130000000001,8.503865393360618
Chennai,Diesel,Manual,First,20.54,5,5.25,Volkswagen,Vento Diesel Comfortline,1,2,1,0.064831038757928,165.5528,7.906081601231716
Mumbai,Diesel,Manual,First,16.0,7,8.75,Mahindra,XUV500 W6 2WD,1,3,2,0.06424965577592949,305.06,5.033029254482542
Kochi,Diesel,Manual,First,18.49,7,8.87,Mahindra,TUV 300 2015-2019 T8,1,2,1,0.06697923639184243,149.3,7.416766947452867
Bangalore,Petrol,Automatic,Second,11.1,5,6.5,Honda,Accord 2001-2003 2.3 VTi L AT,1,4,2,0.0603228546897524,334.268,3.3094812164579603
Pune,Diesel,Manual,First,20.77,7,4.5,Maruti,Ertiga VDI,3,1,1,0.07112179481480625,110.77248000000002,9.239323843416368
Hyderabad,Diesel,Manual,First,12.83,7,12.5,Mahindra,Ssangyong Rexton RX5,1,5,2,0.06008902074922514,436.752,3.471320346320346
Delhi,Diesel,Automatic,First,12.55,7,16.8,Toyota,Fortuner 4x2 AT,1,5,2,0.05650570085294913,502.467,3.1516825715720747
Hyderabad,Diesel,Manual,First,20.77,7,8.75,Maruti,Ertiga ZDI,1,1,1,0.07115384609683184,110.82239999999999,9.239323843416368
Pune,Diesel,Automatic,First,19.5,5,8.5,Hyundai,Elantra CRDi SX AT,0,2,1,0.07979772434905326,199.71168,7.5522850503485675
Kolkata,Petrol,Manual,First,20.36,5,2.21,Hyundai,i10 Magna 1.2,0,1,0,0.06591478691235189,94.44330000000001,9.267182521620391
Jaipur,Petrol,Manual,First,16.8,5,1.6,Maruti,Omni MPI STD BSIV,2,0,0,0.04296482406662711,27.223200000000002,9.35412026726058
Delhi,Petrol,Automatic,First,15.5,5,6.25,Honda,Amaze VX AT i-Vtech,0,1,1,0.07237061763575073,103.8666,7.0518653321201095
Mumbai,Petrol,Automatic,Second,12.9,5,2.25,Honda,Civic 2006-2010 1.8 V AT,1,2,2,0.07226236794204426,233.87,4.608788853161844
Kochi,Diesel,Automatic,First,17.9,5,25.75,Mercedes-Benz,CLA 200 CDI Sport,0,3,2,0.063462435807997,291.448,5.695195672923958
Ahmedabad,Petrol,Manual,Second,13.14,5,6.75,Skoda,Superb 1.8 TFSI MT,0,2,2,0.08776418237610446,283.7244,4.696211579699786
Ahmedabad,Diesel,Manual,First,28.09,5,6.25,Maruti,Ciaz ZDi Plus SHVS,1,1,1,0.07091346148163985,110.448,12.495551601423486
Delhi,Diesel,Manual,First,22.7,5,5.1,Ford,Ecosport 1.5 DV5 MT Titanium Optional,1,2,1,0.059973297690271495,134.58032,9.08726981585268
Mumbai,Diesel,Automatic,Second,8.7,5,10.75,Mercedes-Benz,M-Class ML 320 CDI,1,5,4,0.07510545695510364,670.10358,2.18209179834462
Hyderabad,Diesel,Manual,First,24.0,5,5.7,Hyundai,Grand i10 CRDi Sportz,1,1,0,0.06249999994419642,78.4,11.320754716981131
Bangalore,Diesel,Manual,First,20.5,5,5.95,Volkswagen,Vento Diesel Breeze,0,2,1,0.06570713387627838,167.79,7.890685142417244
Kochi,Diesel,Manual,First,25.44,5,2.4,Chevrolet,Beat Diesel LT,0,0,0,0.060149572585310285,52.696799999999996,13.140495867768598
Mumbai,Diesel,Manual,First,17.21,7,3.49,Mahindra,Quanto C6,0,2,1,0.06697923639184243,149.3,6.903329322101885
Hyderabad,Petrol,Automatic,First,19.2,5,4.0,Hyundai,i10 Asta 1.2 AT with Sunroof,1,1,0,0.06683375098844298,95.76,8.739189804278562
Delhi,Diesel,Manual,First,23.59,5,3.85,Toyota,Etios Liva 1.4 GD,1,1,0,0.04914956008126865,91.44256000000001,9.978849407783418
Mumbai,Petrol,Automatic,First,14.53,5,3.95,Toyota,Corolla Altis 2008-2013 1.8 VL AT,1,2,2,0.07697881824025705,247.7514,5.200429491768074
Jaipur,Petrol,Manual,Second,20.36,5,3.0,Hyundai,i10 Magna 1.2,1,1,0,0.06591478691235189,94.44330000000001,9.267182521620391
Kochi,Petrol,Manual,First,18.16,5,6.7,Ford,Figo Aspire 1.2 Ti-VCT Titanium,0,1,1,0.07257525077543875,103.81280000000001,8.269581056466302
Coimbatore,Petrol,Manual,First,18.5,5,6.14,Maruti,Ritz ZXi,0,1,1,0.07167919793510509,102.70259999999999,8.420573509330906
Bangalore,Petrol,Automatic,Second,15.0,5,4.4,Hyundai,i20 Sportz AT 1.4,1,1,1,0.07063037244224184,137.6456,6.260434056761269
Pune,Diesel,Manual,First,26.59,5,4.25,Maruti,Swift Dzire LDI,1,1,0,0.059294871747359874,92.352,11.828291814946619
Kochi,Petrol,Automatic,First,8.77,5,25.93,BMW,7 Series 2007-2012 750Li,1,9,7,0.09146757677099714,1766.79,1.6255792400370714
Kolkata,Diesel,Manual,First,22.7,5,7.0,Maruti,S Cross DDiS 320 Alpha,0,2,1,0.07384230283238905,188.564,8.737490377213241
Coimbatore,Diesel,Automatic,First,12.55,7,25.12,Toyota,Fortuner 4x4 AT,1,5,2,0.05650570085294913,502.467,3.1516825715720747
Kochi,Petrol,Manual,First,20.3,5,4.45,Hyundai,EON 1.0 Magna Plus Option O,0,0,0,0.06818637267716796,67.9139,10.160160160160162
Kolkata,Diesel,Manual,First,21.9,5,2.4,Hyundai,i20 1.4 CRDi Magna,0,1,1,0.06446991399393272,125.64,9.140233722871452
Pune,Diesel,Manual,Second,20.54,5,4.33,Volkswagen,Vento Diesel Highline,2,2,1,0.064831038757928,165.5528,7.906081601231716
Coimbatore,Petrol,Automatic,First,18.5,5,6.93,Maruti,Swift Dzire VXi AT,0,1,1,0.06945697571473937,99.51858,8.420573509330906
Ahmedabad,Diesel,Manual,First,21.9,5,4.25,Hyundai,i20 Magna 1.4 CRDi,1,1,1,0.06446991399393272,125.64,9.140233722871452
Pune,Diesel,Automatic,First,14.21,5,12.5,Mercedes-Benz,E-Class 2009-2013 E250 CDI Blue Efficiency,2,3,3,0.09472701815458376,435.029,4.521158129175947
Chennai,Petrol,Manual,First,18.9,5,4.9,Hyundai,Grand i10 Sportz,0,1,1,0.06850459476315406,98.154,8.602639963586709
Mumbai,Diesel,Manual,First,23.0,5,4.5,Hyundai,i20 1.4 CRDi Sportz,0,1,1,0.06446991399393272,125.64,9.599332220367279
Jaipur,Petrol,Manual,First,25.17,5,3.0,Renault,KWID RXT,0,0,0,0.06670838539836246,42.5867,13.991106170094499
Chennai,Petrol,Automatic,First,16.9,5,5.8,Hyundai,Xcent 1.2 Kappa AT SX Option,1,1,1,0.06850459476315406,98.154,7.692307692307692
Pune,Petrol,Manual,First,15.04,5,3.33,Volkswagen,Vento Petrol Highline,1,2,1,0.064831038757928,165.5528,5.789068514241724
Kochi,Diesel,Automatic,First,14.39,5,6.62,Chevrolet,Cruze LTZ AT,1,3,2,0.08193193189092494,327.07259999999997,4.799866577718479
Mumbai,Diesel,Manual,Second,19.01,5,5.75,Nissan,Terrano XL 110 PS,1,2,1,0.07426420255012717,158.5185,7.724502234863876
Hyderabad,Diesel,Manual,First,22.32,5,6.2,Hyundai,Verna 1.6 SX,1,2,1,0.07984829324914772,199.83823999999998,8.644461657629744
Chennai,Petrol,Automatic,First,23.1,5,3.5,Maruti,Celerio VXI AMT,1,0,0,0.06717434863008583,66.90592000000001,11.561561561561563
Pune,Petrol,Manual,First,18.9,5,2.0,Maruti,Wagon R LXI,1,0,0,0.06723446887050653,66.96579999999999,9.45945945945946
Chennai,Diesel,Manual,First,21.9,5,4.0,Hyundai,i20 Magna Optional 1.4 CRDi,1,1,1,0.06361031514068029,123.9648,9.140233722871452
Mumbai,Petrol,Automatic,First,12.3,5,9.5,Audi,A4 1.8 TFSI,1,2,2,0.09163391348027292,290.65919999999994,4.422869471413161
Mumbai,Diesel,Automatic,First,17.05,5,17.5,BMW,X1 sDrive20d,0,3,3,0.09223057639487188,367.08,5.692821368948247
Mumbai,Petrol,Automatic,First,14.3,5,6.11,Skoda,Rapid 1.6 MPI AT Elegance Plus,1,2,1,0.06478097617973655,165.42496,5.504234026173981
Ahmedabad,Petrol,Manual,First,20.36,5,3.75,Hyundai,i10 Magna,1,1,0,0.06591478691235189,94.44330000000001,9.267182521620391
Hyderabad,Diesel,Manual,Second,10.5,6,6.2,Mitsubishi,Pajero 2.8 GLX CRZ,1,5,1,0.037813051133046546,303.912,2.7379400260756195
Mumbai,Diesel,Manual,First,26.0,5,6.15,Honda,City i DTEC SV,0,2,1,0.06582109474911808,147.7028,10.408326661329061
Pune,Petrol,Manual,First,20.92,5,2.4,Maruti,Alto K10 2010-2014 VXI,0,0,0,0.06723446887050653,66.96579999999999,10.470470470470472
Pune,Diesel,Manual,Fourth & Above,17.8,5,2.15,Maruti,Swift Ldi BSIII,1,1,0,0.060096153797999874,93.6,7.918149466192171
Kolkata,Petrol,Manual,First,18.9,5,3.75,Hyundai,Grand i10 Magna,0,1,1,0.06850459476315406,98.154,8.602639963586709
Mumbai,Petrol,Manual,Second,15.6,5,2.15,Ford,Figo Petrol ZXI,0,1,0,0.05852842804470867,83.72,7.103825136612023
Bangalore,Petrol,Manual,First,18.9,5,4.75,Hyundai,Grand i10 SportZ Edition,0,1,1,0.06838763569892427,97.98642,8.602639963586709
Mumbai,Petrol,Manual,First,15.5,5,2.45,Maruti,SX4 Vxi BSIV,0,2,1,0.06513240853396443,163.8338,5.993812838360402
Mumbai,Petrol,Manual,First,17.4,5,11.15,Honda,City i-VTEC VX,0,2,1,0.07835671337451121,175.59810000000002,6.96836203444133
Jaipur,Diesel,Automatic,First,19.6,5,8.9,Renault,Duster 110PS Diesel RxZ AMT,1,2,1,0.07422997941531144,158.44545000000002,7.964242177976431
Ahmedabad,Diesel,Manual,First,25.8,5,4.35,Honda,Amaze S i-Dtech,1,2,1,0.06582109474911808,147.7028,10.32826261008807
Jaipur,Diesel,Manual,Second,12.99,7,12.0,Toyota,Innova 2.5 Z Diesel 7 Seater,1,4,1,0.040336808323842496,250.8964,3.7178019461934744
Mumbai,Diesel,Automatic,Second,16.07,5,8.5,BMW,3 Series 320d Highline,1,3,3,0.09072681699712941,361.095,5.365609348914858
Kochi,Petrol,Manual,First,19.81,5,4.27,Hyundai,i10 Magna 1.1 iTech SE,0,1,0,0.06266114174708919,73.9023,9.49664429530201
Jaipur,Diesel,Manual,Second,20.45,5,4.25,Renault,Duster 85PS Diesel RxL Optional with Nav,1,2,1,0.057357973951158124,122.43180000000001,8.309630231613164
Bangalore,Petrol,Automatic,First,11.3,5,9.25,Mitsubishi,Outlander 2.4,0,4,2,0.07203389827456191,401.2,3.363095238095238
Kochi,Diesel,Manual,First,24.3,5,8.61,Maruti,Vitara Brezza LDi,0,1,1,0.07091346148163985,110.448,10.809608540925266
Hyderabad,Diesel,Automatic,First,11.8,7,28.0,Mercedes-Benz,R-Class R350 CDI 4MATIC,0,5,4,0.08737864074744606,779.607,2.959618760973163
Coimbatore,Diesel,Manual,First,23.0,5,9.25,Ford,EcoSport 1.5 Diesel Titanium,0,2,1,0.06606141517619397,148.24208,9.20736589271417
Chennai,Diesel,Automatic,First,19.08,5,8.6,Hyundai,Verna 1.6 CRDI AT SX Option,0,2,1,0.07977243989900604,199.64839999999998,7.389620449264136
Coimbatore,Petrol,Manual,First,16.47,5,7.53,Volkswagen,Polo 1.2 MPI Highline,0,1,0,0.061769615975150564,88.652,7.4931756141947226
Mumbai,Diesel,Manual,First,19.64,5,5.75,Renault,Duster 110PS Diesel RxL,1,2,1,0.07422997941531144,158.44545000000002,7.980495733441689
Chennai,Petrol,Automatic,First,16.5,5,4.15,Honda,Brio S Option AT,0,1,1,0.0724540900897712,103.98639999999999,7.506824385805278
Coimbatore,Petrol,Manual,First,18.16,5,5.84,Ford,Figo 2015-2019 1.2P Titanium MT,0,1,1,0.07257525077543875,103.81280000000001,8.269581056466302
Kolkata,Diesel,Automatic,First,18.53,5,16.5,Audi,A6 2.0 TDI Design Edition,0,3,3,0.09539634141494088,369.47232,6.243261455525607
Mumbai,Diesel,Automatic,First,15.97,7,43.0,BMW,X5 2014-2019 xDrive 30d Design Pure Experience 7 Seater,0,5,4,0.08620113595516167,772.194,3.9994991234660655
Pune,Petrol,Manual,First,20.36,5,3.55,Hyundai,i10 Sportz Option,0,1,0,0.06591478691235189,94.44330000000001,9.267182521620391
Hyderabad,Petrol,Manual,First,18.6,5,8.9,Hyundai,i20 1.2 Asta Option,0,1,1,0.0683625730423036,97.95051,8.466090122894856
Hyderabad,Diesel,Manual,Second,16.4,5,2.5,Skoda,Octavia L and K 1.9 TDI MT,2,3,1,0.04746835440534369,170.64,5.662983425414364
Hyderabad,Diesel,Manual,First,16.2,5,3.85,Hyundai,Verna Transform SX VGT CRDi,2,2,1,0.07367716003102667,164.23,6.4981949458483745
Chennai,Petrol,Automatic,Third,17.1,5,7.5,Hyundai,Verna 1.6 SX VTVT (O) AT,0,2,1,0.07630421113997221,193.14740000000003,6.5997684291779235
Mumbai,Petrol,Manual,Second,15.3,5,1.8,Hyundai,Getz GVS,1,1,0,0.04548844142767454,81.801,6.5356685177274665
Chennai,Diesel,Manual,First,20.0,5,2.25,Ford,Figo Diesel EXI,1,1,0,0.04860614721329081,95.132,8.336807002917881
Mumbai,Diesel,Automatic,First,17.68,5,24.25,Audi,A6 2011-2015 35 TDI Technology,0,3,3,0.0885823170281594,343.08144,5.9568733153638815
Mumbai,Petrol,Manual,First,16.47,5,4.35,Volkswagen,Polo 1.2 MPI Highline,0,1,0,0.061769615975150564,88.652,7.4931756141947226
Kolkata,Diesel,Automatic,First,17.05,5,11.5,BMW,X1 sDrive20d,0,3,3,0.09223057639487188,367.08,5.692821368948247
Kolkata,Petrol,Manual,First,17.4,5,4.75,Honda,City i VTEC SV,0,2,1,0.07835671337451121,175.59810000000002,6.96836203444133
Hyderabad,Diesel,Manual,First,23.0,5,4.99,Hyundai,i20 Sportz Option Diesel,0,1,1,0.06446991399393272,125.64,9.599332220367279
Coimbatore,Petrol,Automatic,First,19.0,5,9.15,Honda,Jazz 1.2 V CVT i VTEC,0,1,1,0.07397831520101891,106.35130000000001,8.640291041382447
Hyderabad,Petrol,Automatic,First,10.1,5,13.99,Honda,CR-V 2.4 AT,1,4,2,0.06457094304818567,357.808,3.011329755515802
Bangalore,Diesel,Automatic,Second,20.0,5,19.75,Mercedes-Benz,A Class A180 CDI,0,3,1,0.05006999531027999,229.94389999999999,6.363347120585429
Coimbatore,Diesel,Automatic,First,16.0,7,16.77,Mahindra,XUV500 AT W10 AWD,1,3,2,0.06424965577592949,305.06,5.033029254482542
Bangalore,Diesel,Manual,Third,13.6,7,2.5,Mahindra,Bolero SLX 2WD,3,4,0,0.024970273474050626,158.949,3.8603462957706496
Mumbai,Petrol,Automatic,First,17.97,5,3.65,Renault,Scala RxL AT,0,2,1,0.06648865149099555,149.2008,7.193755004003201
Ahmedabad,Diesel,Automatic,Second,12.35,5,23.5,Land,Rover Freelander 2 HSE SD4,1,3,3,0.08615878839552145,409.08546,3.884869455803712
Pune,Petrol,Manual,First,22.74,5,3.11,Maruti,Alto 800 VXI,0,0,0,0.059422110478112924,37.6508,12.661469933184854
Kochi,Petrol,Manual,First,17.6,5,4.57,Toyota,Etios G,1,2,1,0.059311497286556485,132.74008,7.051282051282052
Mumbai,Petrol,Manual,First,17.0,5,5.32,Hyundai,i20 Sportz Option,0,1,0,0.06683375098844298,95.76,7.737824305871643
Hyderabad,Petrol,Manual,First,20.36,5,3.2,Hyundai,i10 Sportz,1,1,0,0.06591478691235189,94.44330000000001,9.267182521620391
Kochi,Diesel,Manual,First,25.2,5,5.63,Maruti,Swift VDI BSIV,1,1,0,0.059294871747359874,92.352,11.209964412811386
Hyderabad,Petrol,Manual,First,21.1,5,3.0,Hyundai,EON Magna Plus,0,0,0,0.06781326772995913,44.9328,11.631753031973538
Mumbai,Diesel,Automatic,Second,22.69,5,9.25,BMW,3 Series 320d,1,3,3,0.09523809519035684,379.05,7.5759599332220375
Delhi,Diesel,Manual,First,23.57,5,1.2,Tata,Indigo XL Classic Dicor,1,1,0,0.05014326643972545,97.72,9.837228714524207
Delhi,Petrol,Manual,First,22.74,5,2.15,Maruti,Alto 800 LXI,1,0,0,0.059422110478112924,37.6508,12.661469933184854
Pune,Diesel,Manual,First,22.07,5,3.05,Volkswagen,Polo Diesel Highline 1.2L,0,1,0,0.061634695528244625,88.60610000000001,10.03638017280582
Ahmedabad,Petrol,Automatic,First,14.28,5,11.5,Toyota,Corolla Altis VL AT,1,2,2,0.07676863177042902,248.17794,5.103645461043603
Hyderabad,Petrol,Manual,First,17.92,5,2.3,Hyundai,Santro Xing GLS,1,1,0,0.05718232038933488,67.4406,8.590604026845638
Kolkata,Petrol,Manual,First,20.4,5,4.95,Maruti,Swift ZXI,0,1,1,0.06833751038568293,97.9146,9.28538916704597
Hyderabad,Diesel,Manual,First,21.64,5,4.75,Renault,Scala Diesel RxL,2,2,1,0.05804243664747266,123.89280000000001,8.79317350670459
Coimbatore,Diesel,Manual,First,24.3,5,10.15,Maruti,Vitara Brezza ZDi Plus,1,1,1,0.07091346148163985,110.448,10.809608540925266
Kolkata,Petrol,Manual,First,18.06,5,2.65,Nissan,Micra XV,0,1,0,0.06260434051535531,89.85,8.21656050955414
Hyderabad,Diesel,Manual,First,20.0,5,3.8,Ford,Figo Diesel EXI,1,1,0,0.04864188702741823,95.20195,8.336807002917881
Kochi,Petrol,Automatic,First,13.1,5,16.68,Honda,CR-V 2.0 AT,0,3,2,0.07065598394058288,281.7767,4.371037704371038
Pune,Diesel,Manual,First,19.01,5,5.0,Nissan,Terrano XV 110 PS,3,2,1,0.07426420255012717,158.5185,7.724502234863876
Chennai,Petrol,Manual,Second,17.71,5,3.75,Toyota,Etios Liva 1.2 G,0,1,0,0.06591478691235189,94.44330000000001,8.060992262175695
Jaipur,Diesel,Manual,Third,21.27,5,4.11,Hyundai,i20 Asta 1.4 CRDi,2,1,1,0.06358166184557187,123.90896000000001,8.877295492487479
Chennai,Petrol,Manual,Second,18.16,5,4.25,Ford,Figo Aspire 1.2 Ti-VCT Ambiente,0,1,1,0.07257525077543875,103.81280000000001,8.269581056466302
Mumbai,Diesel,Manual,First,10.5,6,3.45,Mitsubishi,Pajero 2.8 GLX CRZ,2,5,1,0.037813051133046546,303.912,2.7379400260756195
Bangalore,Diesel,Automatic,First,17.11,5,22.5,Audi,A4 2.0 TDI 177 Bhp Premium Plus,0,3,3,0.0885823170281594,343.08144,5.764824797843666
Delhi,Petrol,Manual,First,12.4,8,4.5,Toyota,Innova 2.0 E,2,3,2,0.06606606603299996,263.736,4.136090727151434
Jaipur,Petrol,Manual,First,15.26,5,0.9,Chevrolet,Aveo U-VA 1.2 LS,2,1,0,0.06513043472597353,86.135,7.097674418604651
Hyderabad,Petrol,Manual,First,15.3,5,1.85,Hyundai,Getz GLS,1,1,1,0.06189410882781945,111.303,6.5356685177274665
Kolkata,Diesel,Manual,First,25.8,5,3.25,Honda,Amaze S i-Dtech,0,2,1,0.06582109474911808,147.7028,10.32826261008807
Pune,Diesel,Manual,Second,17.8,5,3.1,Maruti,Swift VDI BSIV W ABS,1,1,1,0.0907667417004834,141.36956337874662,7.918149466192171
Coimbatore,Diesel,Manual,First,22.7,5,7.34,Ford,Ecosport 1.5 DV5 MT Titanium Optional,1,2,1,0.059973297690271495,134.58032,9.08726981585268
Kolkata,Diesel,Manual,First,20.14,5,4.25,Volkswagen,CrossPolo 1.5 TDI,0,2,1,0.05907877165615569,132.573,8.062449959967974
Delhi,Petrol,Manual,First,18.6,5,6.45,Hyundai,Elite i20 Petrol Sportz,0,1,1,0.06838763569892427,97.98642,8.466090122894856
Chennai,Diesel,Manual,Second,12.8,8,10.75,Toyota,Innova 2.5 V Diesel 8-seater,2,4,1,0.040898155556977484,254.388,3.6634230108757873
Kolkata,Diesel,Automatic,First,15.26,5,27.75,Mercedes-Benz,M-Class ML 250 CDI,1,3,3,0.0948203452660661,435.45759999999996,4.855233853006682
Jaipur,Petrol,Manual,Second,17.3,5,0.99,Maruti,Wagon R LX BSIII,2,1,0,0.060320452346540564,67.904,8.393983503153809
Pune,Diesel,Automatic,First,12.62,7,24.0,Ford,Endeavour 2.2 Trend AT 4X2,1,3,2,0.07188353044955254,347.284,3.9462163852407754
Jaipur,Petrol,Manual,First,18.6,5,6.1,Hyundai,Elite i20 Petrol Sportz,0,1,1,0.06838763569892427,97.98642,8.466090122894856
Ahmedabad,Petrol,Manual,First,17.5,5,8.25,Honda,WRV i-VTEC VX,0,1,1,0.07397831520101891,106.35130000000001,7.958162801273306
Bangalore,Petrol,Manual,First,16.47,5,4.65,Volkswagen,Polo Petrol Highline 1.2L,1,1,0,0.061686143521130096,88.53220000000002,7.4931756141947226
Mumbai,Petrol,Manual,First,13.7,5,9.75,Honda,CR-V 2.0L 2WD MT,1,3,2,0.07704556831394814,307.25842000000006,4.571237904571238
Bangalore,Petrol,Manual,First,18.9,5,4.4,Hyundai,Grand i10 1.2 Kappa Asta,1,1,1,0.06838763569892427,97.98642,8.602639963586709
Kolkata,Petrol,Manual,First,19.1,5,3.99,Maruti,Swift Dzire VXI,0,1,1,0.07167919793510509,102.70259999999999,8.69367319071461
Coimbatore,Diesel,Automatic,First,16.2,5,45.73,BMW,5 Series 2003-2012 530d,0,5,4,0.08620113595516167,772.194,4.05709992486852
Kochi,Diesel,Manual,First,22.7,5,5.27,Ford,Ecosport 1.5 DV5 MT Ambiente,1,2,1,0.059973297690271495,134.58032,9.08726981585268
Mumbai,CNG,Manual,First,26.2,5,3.5,Maruti,Wagon R LXI CNG,0,0,0,0.05831663320809957,58.083600000000004,13.113113113113114
Ahmedabad,Diesel,Manual,First,26.0,5,7.25,Honda,City i DTec V,1,2,1,0.06582109474911808,147.7028,10.408326661329061
Chennai,Diesel,Manual,Second,17.0,5,1.6,Tata,Indigo LS,1,1,0,0.04982206402147896,98.35,7.068607068607068
Pune,Diesel,Manual,Second,19.01,5,6.0,Renault,Duster 110PS Diesel RxL,2,2,1,0.07422997941531144,158.44545000000002,7.724502234863876
Chennai,Petrol,Manual,First,20.36,5,3.0,Hyundai,i10 Sportz,0,1,0,0.06591478691235189,94.44330000000001,9.267182521620391
Mumbai,Petrol,Manual,First,18.7,5,4.95,Honda,Jazz 1.2 SV i VTEC,0,1,1,0.07397831520101891,106.35130000000001,8.503865393360618
Hyderabad,Diesel,Manual,First,23.65,5,8.99,Maruti,SX4 S Cross DDiS 200 Zeta,1,1,1,0.07091346148163985,110.448,10.520462633451956
Mumbai,Petrol,Manual,Third,11.9,5,1.85,Honda,Accord VTi-L MT,1,4,2,0.06117247236143906,338.976,3.5480023852116878
Coimbatore,Petrol,Manual,First,16.47,5,6.16,Volkswagen,Polo Petrol Comfortline 1.2L,0,1,0,0.061686143521130096,88.53220000000002,7.4931756141947226
Hyderabad,Diesel,Manual,First,21.1,5,3.5,Maruti,Ritz VDi,2,1,0,0.059214743542295875,92.22720000000001,9.386120996441282
Jaipur,Petrol,Manual,First,19.5,5,4.5,Honda,Amaze S Petrol,1,1,1,0.07402835690239502,106.42324,8.867667121418828
Hyderabad,Petrol,Manual,First,18.6,5,7.75,Hyundai,i20 1.2 Asta Option,0,1,1,0.0683625730423036,97.95051,8.466090122894856
Hyderabad,Diesel,Manual,First,20.45,5,6.6,Renault,Duster 85PS Diesel RxL,1,2,1,0.057357973951158124,122.43180000000001,8.309630231613164
Kochi,Petrol,Manual,First,18.9,5,4.98,Hyundai,Grand i10 Magna,0,1,1,0.06850459476315406,98.154,8.602639963586709
Chennai,Diesel,Automatic,Third,16.07,5,9.75,BMW,3 Series 320d Highline,3,3,3,0.09072681699712941,361.095,5.365609348914858
Mumbai,Diesel,Manual,First,22.7,5,5.55,Ford,Ecosport 1.5 DV5 MT Trend,1,2,1,0.059973297690271495,134.58032,9.08726981585268
Hyderabad,Diesel,Automatic,First,21.5,5,10.3,Volkswagen,Vento 1.5 TDI Highline AT,0,2,1,0.072429906493705,162.533,8.606885508406725
Chennai,Petrol,Automatic,Second,11.7,5,7.5,Honda,Accord 2.4 AT,1,4,3,0.07544604924577483,418.07039999999995,3.4883720930232553
Hyderabad,Petrol,Manual,First,14.49,5,1.8,Chevrolet,Aveo 1.4,1,1,1,0.06626161539223616,129.6873,6.040016673614006
Hyderabad,Petrol,Manual,First,16.2,5,6.25,Volkswagen,Polo 1.2 MPI Highline Plus,0,1,0,0.061718098363871474,88.726,7.3669849931787175
Hyderabad,Diesel,Manual,Second,14.95,7,6.8,Mahindra,Xylo D4 BS III,2,4,1,0.03764564080448146,233.2193,4.284895385497277
Hyderabad,Petrol,Automatic,First,19.2,5,3.0,Hyundai,i10 Magna AT,1,1,0,0.06683375098844298,95.76,8.739189804278562
Coimbatore,Diesel,Manual,First,15.1,7,11.6,Mahindra,XUV500 W8 4WD,1,3,2,0.06424965577592949,305.06,4.749921358917899
Mumbai,Diesel,Manual,Second,22.7,5,6.95,Hyundai,Elantra CRDi SX,0,2,1,0.07979772434905326,199.71168,8.79163439194423
Mumbai,Petrol,Manual,Third,14.3,5,3.5,Volkswagen,Passat 1.8 TSI MT,1,2,2,0.08898776413293227,287.68,5.110793423874196
Coimbatore,Petrol,Manual,First,18.9,5,5.5,Hyundai,Grand i10 1.2 Kappa Sportz,0,1,1,0.06838763569892427,97.98642,8.602639963586709
Mumbai,Petrol,Manual,First,18.6,5,5.65,Hyundai,i20 Asta Option 1.2,0,1,1,0.0683625730423036,97.95051,8.466090122894856
Ahmedabad,Diesel,Manual,First,18.2,8,3.25,Chevrolet,Enjoy TCDi LS 8 Seater,1,1,0,0.05913461533723187,92.10239999999999,8.096085409252668
Coimbatore,Petrol,Automatic,First,14.3,5,7.72,Skoda,Rapid 1.6 MPI AT Ambition Plus Alloy,0,2,1,0.064831038757928,165.5528,5.504234026173981
Pune,Diesel,Manual,First,19.67,5,12.0,Hyundai,Creta 1.6 CRDi SX,0,2,1,0.07977243989900604,199.64839999999998,7.618125484120838
Jaipur,Diesel,Manual,First,25.44,5,1.55,Chevrolet,Beat Diesel PS,1,0,0,0.06153846147271532,53.913599999999995,13.140495867768598
Delhi,Diesel,Manual,First,11.5,7,10.75,Toyota,Fortuner 3.0 Diesel,1,5,2,0.05734406436708784,509.922,2.887995981918634
Coimbatore,Petrol,Manual,First,18.6,5,6.72,Hyundai,i20 Sportz Option 1.2,0,1,1,0.0683625730423036,97.95051,8.466090122894856
Coimbatore,Diesel,Automatic,First,12.07,7,28.55,Audi,Q7 3.0 TDI quattro,1,5,4,0.08136164473159366,716.2338000000001,3.0426014620620117
Bangalore,Diesel,Automatic,Second,17.85,4,75.0,Porsche,Panamera Diesel,0,5,5,0.10111223454630529,890.1,4.499621880514243
Hyderabad,Petrol,Manual,First,17.8,5,10.49,Honda,City i VTEC VX,0,2,1,0.07835671337451121,175.59810000000002,7.128554265118143
Hyderabad,Diesel,Manual,First,17.21,7,3.8,Mahindra,Quanto C4,1,2,1,0.06697923639184243,149.3,6.903329322101885
Ahmedabad,Diesel,Automatic,First,16.55,5,18.5,Audi,A4 2.0 TDI Multitronic,1,3,2,0.07113821134596635,275.52,5.576145552560647
Kolkata,Petrol,Automatic,First,12.37,5,6.0,Hyundai,Sonata Transform 2.4 GDi AT,0,4,3,0.08403984735733792,467.67175,3.6826436439416494
Hyderabad,Diesel,Manual,First,22.32,5,5.5,Hyundai,Verna 1.6 SX,1,2,1,0.07984829324914772,199.83823999999998,8.644461657629744
Pune,Petrol,Manual,First,18.9,5,2.3,Maruti,Wagon R LXI BS IV,1,0,0,0.06723446887050653,66.96579999999999,9.45945945945946
Jaipur,Diesel,Manual,First,24.52,7,8.7,Maruti,Ertiga SHVS ZDI Plus,0,1,1,0.07091346148163985,110.448,10.90747330960854
Delhi,Diesel,Manual,First,24.4,5,4.95,Hyundai,Xcent 1.1 CRDi S Option,1,1,0,0.06340178565767697,79.53120000000001,11.509433962264149
Jaipur,Diesel,Manual,First,22.9,5,4.25,Maruti,Swift VDI,1,1,0,0.059294871747359874,92.352,10.186832740213521
Kochi,Diesel,Manual,Second,16.0,7,10.94,Mahindra,XUV500 W6 2WD,0,3,2,0.06424965577592949,305.06,5.033029254482542
Delhi,Diesel,Automatic,First,22.48,5,21.26,BMW,5 Series 520d Luxury Line,1,3,3,0.09523809519035684,379.05,7.505843071786311
Bangalore,Petrol,Manual,Second,14.28,5,11.5,Toyota,Corolla Altis 1.8 G,0,2,2,0.07676863177042902,248.17794,5.103645461043603
Pune,Diesel,Manual,Second,22.54,5,6.0,Hyundai,i20 Asta 1.4 CRDi,1,1,1,0.06356017187424057,123.86708,9.407345575959933
Hyderabad,Petrol,Manual,First,18.15,6,4.1,Mahindra,KUV 100 mFALCON G80 K2,0,1,1,0.06844741229678847,98.236,8.257506824385805
Kolkata,Petrol,Manual,First,24.7,5,2.01,Maruti,Alto 800 2016-2019 LXI,0,0,0,0.059422110478112924,37.6508,13.752783964365255
Hyderabad,Petrol,Manual,First,15.7,5,2.6,Fiat,Punto EVO 1.2 Emotion,1,1,0,0.05716723544610303,78.524,7.228360957642726
Kolkata,Petrol,Manual,First,18.9,5,2.35,Maruti,Wagon R VXI BS IV,0,0,0,0.06723446887050653,66.96579999999999,9.45945945945946
Bangalore,Diesel,Manual,Second,9.5,6,9.15,Mitsubishi,Pajero 4X4 LHD,3,5,1,0.04183421515279216,336.231,2.4771838331160367
Chennai,Petrol,Manual,First,19.4,5,2.9,Honda,Brio EX MT,0,1,1,0.0724540900897712,103.98639999999999,8.826205641492265
Coimbatore,Diesel,Manual,Second,22.54,5,9.18,Hyundai,i20 Asta Option 1.4 CRDi,0,1,1,0.06356017187424057,123.86708,9.407345575959933
Mumbai,Petrol,Automatic,First,13.0,5,11.45,Hyundai,Creta 1.6 SX Plus Petrol Automatic,0,2,1,0.07624135758878607,192.98829999999998,5.017367811655731
Hyderabad,CNG,Manual,Second,26.83,5,2.1,Maruti,Alto Green LXi (CNG),1,0,0,0.04824120596954622,30.566399999999998,14.938752783964365
Kochi,Petrol,Manual,First,17.8,5,5.53,Honda,Amaze S i-VTEC,1,1,1,0.07237061763575073,103.8666,8.098271155595997
Chennai,Petrol,Manual,First,18.15,6,3.75,Mahindra,KUV 100 mFALCON G80 K6 Plus,0,1,1,0.06844741229678847,98.236,8.257506824385805
Pune,Petrol,Automatic,First,18.0,5,12.5,Honda,City i-VTEC CVT VX,0,2,1,0.07835671337451121,175.59810000000002,7.2086503804565485
Mumbai,Diesel,Automatic,First,16.0,7,15.5,Mahindra,XUV500 AT W10 FWD,0,3,2,0.06424965577592949,305.06,5.033029254482542
Mumbai,Diesel,Automatic,Second,14.84,5,14.5,Mercedes-Benz,New C-Class 220 CDI AT,1,3,2,0.07932804475999625,364.31,4.721603563474388
Coimbatore,Diesel,Automatic,First,19.6,5,12.46,Renault,Duster 110PS Diesel RxZ AMT,0,2,1,0.07422997941531144,158.44545000000002,7.964242177976431
Bangalore,Petrol,Manual,Second,16.47,5,5.25,Volkswagen,Polo 1.2 MPI Comfortline,0,1,0,0.061769615975150564,88.652,7.4931756141947226
Bangalore,Diesel,Automatic,Second,13.5,5,25.0,Mercedes-Benz,S Class 2005 2013 S 350 CDI,1,5,5,0.09440910609494171,842.334,3.3860045146726865
Hyderabad,Diesel,Automatic,First,12.9,4,45.0,Jaguar,XJ 3.0L Premium Luxury,0,5,5,0.09062145001983915,811.79139,3.230653643876784
Jaipur,Diesel,Manual,First,28.4,5,5.1,Maruti,Swift VDI,1,1,0,0.059294871747359874,92.352,12.633451957295371
Delhi,Diesel,Manual,First,25.8,5,3.5,Honda,Amaze S i-Dtech,1,2,1,0.06582109474911808,147.7028,10.32826261008807
Ahmedabad,Diesel,Automatic,Second,16.07,5,12.5,BMW,3 Series 320d Highline,1,3,3,0.09072681699712941,361.095,5.365609348914858
Hyderabad,Diesel,Manual,First,23.5,5,5.55,Hyundai,Verna 1.4 EX,1,1,1,0.06353868190290925,123.8252,9.808013355592655
Delhi,Diesel,Automatic,First,11.5,7,19.48,Toyota,Fortuner 4x2 4 Speed AT,1,5,2,0.056673373555776875,503.958,2.887995981918634
Ahmedabad,Petrol,Manual,First,18.6,5,3.91,Maruti,Swift VXI,0,1,1,0.07167919793510509,102.70259999999999,8.466090122894856
Chennai,Petrol,Manual,First,18.6,5,2.19,Chevrolet,Beat LS,1,1,0,0.06622185148772156,95.20060000000001,8.458390177353344
Coimbatore,Petrol,Automatic,First,18.9,5,6.89,Hyundai,Grand i10 Asta Option AT,0,1,1,0.06850459476315406,98.154,8.602639963586709
Coimbatore,Petrol,Manual,Second,15.6,5,3.47,Ford,Figo Petrol ZXI,1,1,0,0.05852842804470867,83.72,7.103825136612023
Mumbai,Petrol,Automatic,Second,9.1,5,3.25,Nissan,Teana 230jM,1,4,1,0.048223454101637545,266.0874233787466,2.7172290235891308
Pune,Petrol,Manual,First,16.1,5,2.85,Maruti,Swift VXI BSIII,1,1,1,0.06795069332207188,114.48360000000001,7.00609225413403
Coimbatore,Diesel,Automatic,First,17.11,5,25.64,Audi,A4 35 TDI Premium,0,3,3,0.0885823170281594,343.08144,5.764824797843666
Kochi,Petrol,Manual,First,16.8,5,10.28,Honda,City V MT,0,2,1,0.07768871070294675,174.1011,6.728073688426112
Hyderabad,Petrol,Manual,First,18.2,5,6.3,Honda,Jazz V,0,1,1,0.07397831520101891,106.35130000000001,8.27648931332424
Chennai,Diesel,Manual,First,20.14,5,4.75,Volkswagen,Polo 1.5 TDI Highline,1,2,1,0.05927903867871893,133.0224,8.062449959967974
Hyderabad,Diesel,Manual,First,19.87,5,5.8,Nissan,Terrano XL D Option,1,2,1,0.05690622857159053,121.46754,8.073953677366923
Hyderabad,Diesel,Automatic,First,12.51,7,44.5,Land,Rover Discovery Sport SD4 HSE Luxury 7S,1,3,3,0.08614043135101403,408.9983,3.9351997483485373
Kochi,Petrol,Manual,First,18.5,5,4.65,Hyundai,i20 Magna Optional 1.2,0,1,1,0.06925647446177403,99.2313,8.420573509330906
Jaipur,Petrol,Manual,First,17.0,5,3.6,Honda,City 1.5 E MT,1,2,1,0.07882431524460633,176.646,6.8081698037645175
Hyderabad,Diesel,Manual,First,16.0,7,12.25,Mahindra,XUV500 W10 AWD,2,3,2,0.06424965577592949,305.06,5.033029254482542
Jaipur,Diesel,Manual,First,16.3,5,20.0,Jeep,Compass 2.0 Limited Option 4X4,0,3,2,0.08691206539523923,332.52,5.514208389715832
Jaipur,Diesel,Manual,First,16.0,7,16.0,Mahindra,XUV500 W10 AWD,0,3,2,0.06424965577592949,305.06,5.033029254482542
Coimbatore,Diesel,Automatic,Second,11.79,8,6.21,Mahindra,Scorpio VLX 4WD AIRBAG AT BSIV,2,3,1,0.05507113352222527,261.48,3.7087134318968227
Kolkata,Petrol,Manual,First,19.44,7,3.25,Datsun,GO Plus T,0,1,0,0.055926544193717405,80.266,8.844404003639674
Kolkata,Diesel,Manual,First,15.4,7,9.75,Mahindra,Scorpio S6 Plus 7 Seater,0,3,1,0.05507113352222527,261.48,4.844290657439447
Mumbai,Petrol,Automatic,First,15.5,5,4.45,Honda,Amaze S AT i-Vtech,0,1,1,0.07237061763575073,103.8666,7.0518653321201095
Pune,Diesel,Manual,First,25.6,5,12.0,Honda,City i-DTEC ZX,0,2,1,0.06582109474911808,147.7028,10.248198558847077
Chennai,Petrol,Manual,First,14.4,5,0.8,Tata,Indigo GLE,1,1,0,0.046561604551173634,90.74,6.010016694490818
Chennai,Diesel,Manual,First,24.0,5,5.95,Hyundai,Grand i10 1.2 CRDi Sportz,0,1,0,0.06236930854774931,87.72842,10.978956999085089
Kolkata,Petrol,Manual,First,17.43,5,5.25,Hyundai,Verna 1.4 CX VTVT,0,1,1,0.07557306584844335,147.278,7.274624373956594
Coimbatore,Diesel,Manual,First,13.68,7,22.2,Toyota,Innova Crysta 2.4 VX MT,0,4,2,0.06176347678154473,353.6854,4.031830238726791
Jaipur,Diesel,Automatic,First,17.05,5,13.5,BMW,X1 sDrive20d,1,3,3,0.09223057639487188,367.08,5.692821368948247
Chennai,Diesel,Automatic,First,16.96,5,13.5,Volkswagen,Jetta 2013-2015 2.0L TDI Highline AT,0,3,2,0.0701371950863124,271.64304,5.714285714285714
Delhi,Diesel,Manual,First,20.0,5,3.47,Ford,Figo Diesel ZXI,1,1,0,0.04864188702741823,95.20195,8.336807002917881
Ahmedabad,Diesel,Automatic,Second,11.18,7,9.5,Mahindra,Ssangyong Rexton RX7,1,5,3,0.06824925813492239,496.064,3.024891774891775
Chennai,Petrol,Manual,First,15.04,5,4.8,Volkswagen,Vento Petrol Highline,0,2,1,0.064831038757928,165.5528,5.789068514241724
Kochi,Petrol,Manual,First,15.0,5,6.54,Skoda,Rapid 1.6 MPI Ambition With Alloy Wheel,0,2,1,0.06478097617973655,165.42496,5.773672055427252
Delhi,Petrol,Manual,First,16.47,5,3.1,Volkswagen,Polo Petrol Comfortline 1.2L,1,1,0,0.061686143521130096,88.53220000000002,7.4931756141947226
Hyderabad,Diesel,Manual,First,23.65,5,7.99,Maruti,S Cross DDiS 200 Delta,1,1,1,0.07091346148163985,110.448,10.520462633451956
Kolkata,Petrol,Manual,Second,14.53,5,3.3,Toyota,Corolla Altis G,0,2,2,0.07680756391723717,248.3038,5.192994996426018
Bangalore,Diesel,Manual,First,20.77,7,8.75,Maruti,Ertiga ZDI,1,1,1,0.07115384609683184,110.82239999999999,9.239323843416368
Hyderabad,Petrol,Automatic,First,19.2,5,4.19,Hyundai,i10 Asta Sunroof AT,1,1,0,0.06683375098844298,95.76,8.739189804278562
Kochi,Diesel,Automatic,First,17.9,5,30.77,Mercedes-Benz,CLA 200 CDI Sport,0,3,2,0.063462435807997,291.448,5.695195672923958
Jaipur,Petrol,Manual,Second,16.9,5,2.11,Honda,City ZX VTEC,1,2,1,0.06680026715644605,149.7,6.768121746095314
Jaipur,Petrol,Manual,First,18.15,6,6.25,Mahindra,KUV 100 G80 K8,0,1,1,0.06844741229678847,98.236,8.257506824385805
Delhi,Diesel,Manual,First,11.5,7,11.4,Toyota,Fortuner 3.0 Diesel,3,5,2,0.05734406436708784,509.922,2.887995981918634
Bangalore,Petrol,Manual,First,17.0,5,5.2,Honda,City 1.5 V MT,1,2,1,0.07882431524460633,176.646,6.8081698037645175
Coimbatore,Diesel,Automatic,First,18.53,5,39.84,Audi,A6 35 TDI Matrix,0,3,3,0.09539634141494088,369.47232,6.243261455525607
Coimbatore,Diesel,Manual,First,20.0,5,4.45,Ford,Figo Diesel ZXI,1,1,0,0.04864188702741823,95.20195,8.336807002917881
Kolkata,Diesel,Automatic,First,17.9,5,19.5,Mercedes-Benz,GLA Class 200 CDI,1,3,2,0.063462435807997,291.448,5.695195672923958
Hyderabad,Petrol,Manual,First,15.26,5,1.75,Chevrolet,Aveo U-VA 1.2 LS,0,1,0,0.06513043472597353,86.135,7.097674418604651
Hyderabad,Diesel,Manual,First,25.83,5,5.1,Ford,Figo 2015-2019 1.5D Titanium MT,1,2,1,0.06608811744586908,148.302,10.340272217774217
Delhi,Diesel,Automatic,First,22.7,5,6.8,Hyundai,Elantra CRDi SX AT,1,2,1,0.07977243989900604,199.64839999999998,8.79163439194423
Kolkata,Petrol,Automatic,First,21.4,5,5.74,Maruti,Baleno Zeta CVT,0,1,1,0.06942355883924514,99.4707,9.740555302685479
Hyderabad,Petrol,Manual,First,16.1,5,3.3,Maruti,Swift LXi BSIV,1,1,1,0.07101086042522066,101.745,7.3281747837960864
Hyderabad,Diesel,Automatic,First,9.9,4,32.0,Mercedes-Benz,CLS-Class 2006-2010 350 CDI,0,7,5,0.07767867350552354,950.4765600000001,2.200978212538906
Ahmedabad,Diesel,Automatic,First,21.76,5,35.0,BMW,3 Series Luxury Line,0,3,3,0.09523809519035684,379.05,7.265442404006678
Chennai,Diesel,Automatic,First,28.4,5,8.9,Maruti,Dzire AMT ZDI Plus,0,1,0,0.05909455123469987,92.04,12.633451957295371
Mumbai,Petrol,Manual,Second,17.01,5,4.0,Hyundai,Verna 1.6 SX VTVT,1,2,1,0.07624135758878607,192.98829999999998,6.565032805866461
Kochi,Diesel,Manual,First,17.1,5,19.46,Jeep,Compass 2.0 Longitude,0,3,2,0.08691206539523923,332.52,5.7848443843031125
Hyderabad,Diesel,Automatic,First,11.4,5,5.25,Hyundai,Sonata Embera 2.0L CRDi AT,1,3,2,0.07132094421329938,282.722,3.811434302908726
Delhi,CNG,Manual,Second,15.1,5,2.6,Maruti,Eeco 5 STR With AC Plus HTR CNG,1,1,0,0.06103678924662475,87.308,6.876138433515483
Kolkata,Diesel,Manual,First,21.5,5,9.22,Tata,Nexon 1.5 Revotorq XZ Plus Dual Tone,0,2,1,0.07247828986474396,162.4245,8.610332398878654
Jaipur,Petrol,Manual,First,21.1,5,1.8,Hyundai,EON Era Plus,1,0,0,0.06781326772995913,44.9328,11.631753031973538
Hyderabad,Diesel,Manual,Second,13.5,5,1.3,Tata,Indica DLS,1,1,1,0.08062412359597573,159.1540356948229,5.613305613305613
Kochi,Diesel,Automatic,First,14.69,5,31.75,BMW,5 Series 2013-2017 530d M Sport,1,5,4,0.08620113595516167,772.194,3.6789381417480587
Delhi,Diesel,Manual,First,20.77,7,5.99,Maruti,Ertiga VDI,1,1,1,0.07112179481480625,110.77248000000002,9.239323843416368
Kochi,Petrol,Manual,First,18.0,5,4.94,Honda,Amaze E i-Vtech,1,1,1,0.07237061763575073,103.8666,8.18926296633303
Jaipur,Petrol,Manual,Third,16.6,5,1.5,Ford,Fiesta 1.4 Duratec ZXI,2,1,0,0.04899135443156242,94.384,6.951423785594641
Bangalore,Petrol,Manual,Third,13.5,5,3.25,Honda,Civic 2006-2010 1.8 V MT,1,2,2,0.07226236794204426,233.87,4.82315112540193
Hyderabad,LPG,Manual,First,17.3,5,1.95,Maruti,Wagon R LX DUO BSIII,1,1,0,0.05419415640509504,61.0075,8.393983503153809
Delhi,Diesel,Manual,First,20.77,7,6.5,Maruti,Ertiga ZDI,0,1,1,0.07115384609683184,110.82239999999999,9.239323843416368
Delhi,Diesel,Manual,First,24.0,5,3.71,Hyundai,Grand i10 CRDi Sportz,1,1,0,0.06249999994419642,78.4,11.320754716981131
Pune,Petrol,Manual,First,20.14,5,5.0,Hyundai,Xcent 1.2 VTVT E Plus,0,1,1,0.06838763569892427,97.98642,9.1670459717797
Ahmedabad,Petrol,Manual,First,19.81,5,1.99,Hyundai,i10 Era,1,1,0,0.06266114174708919,73.9023,9.49664429530201
Mumbai,Petrol,Manual,First,18.0,5,4.25,Honda,Amaze S i-Vtech,0,1,1,0.07237061763575073,103.8666,8.18926296633303
Ahmedabad,Diesel,Automatic,First,12.4,5,8.0,Audi,A6 2.7 TDI,1,5,3,0.06653076350388037,484.291,3.3531638723634396
Mumbai,Petrol,Manual,First,20.36,5,2.95,Hyundai,i10 Magna 1.2 iTech SE,0,1,0,0.06591478691235189,94.44330000000001,9.267182521620391
Pune,Petrol,Manual,First,25.17,5,3.5,Renault,KWID RXT Optional,0,0,0,0.06670838539836246,42.5867,13.991106170094499
Jaipur,Diesel,Automatic,Second,15.2,5,16.0,Audi,A4 New 2.0 TDI Multitronic,1,3,2,0.07154471541080046,277.0944,5.121293800539084
Jaipur,Petrol,Manual,First,22.74,5,2.75,Maruti,Alto 800 LXI Airbag,0,0,0,0.059422110478112924,37.6508,12.661469933184854
Delhi,Petrol,Manual,First,17.8,5,6.95,Honda,City i VTEC VX Option,1,2,1,0.07835671337451121,175.59810000000002,7.128554265118143
Delhi,Petrol,Automatic,Second,11.74,5,12.5,Mercedes-Benz,New C-Class C250 Avantgarde,1,2,3,0.10356347432986443,334.056,4.198855507868384
Coimbatore,Diesel,Automatic,First,13.22,5,36.83,Audi,Q5 3.0 TDI Quattro Technology,0,5,4,0.08136164473159366,716.2338000000001,3.332493067809428
Pune,Petrol,Manual,First,16.2,5,2.7,Volkswagen,Polo 1.2 MPI Comfortline,0,1,0,0.061718098363871474,88.726,7.3669849931787175
Mumbai,Diesel,Manual,First,21.38,5,9.9,Hyundai,Creta 1.4 E Plus Diesel,0,1,1,0.06353868190290925,123.8252,8.923205342237061
Kochi,Petrol,Manual,First,17.0,5,3.83,Honda,City 1.5 V MT,1,2,1,0.07882431524460633,176.646,6.8081698037645175
Coimbatore,Petrol,Manual,First,17.0,5,5.25,Honda,City 1.5 S MT,1,2,1,0.07882431524460633,176.646,6.8081698037645175
Kolkata,Diesel,Manual,First,22.7,5,7.75,Maruti,S Cross DDiS 320 Alpha,0,2,1,0.07384230283238905,188.564,8.737490377213241
Mumbai,Petrol,Manual,Second,16.51,5,2.46,Maruti,SX4 Vxi BSIV,1,2,1,0.06506935683160822,163.67520000000002,6.384377416860016
Kolkata,Diesel,Manual,First,23.4,5,3.96,Maruti,Swift Dzire VDI,0,1,0,0.059294871747359874,92.352,10.409252669039144
Chennai,Diesel,Manual,First,20.77,7,8.25,Maruti,Ertiga ZDI,0,1,1,0.07115384609683184,110.82239999999999,9.239323843416368
Coimbatore,Petrol,Manual,First,18.6,5,7.58,Hyundai,i20 1.2 Spotz,0,1,1,0.0683625730423036,97.95051,8.466090122894856
Hyderabad,Diesel,Manual,First,24.0,5,3.99,Hyundai,Grand i10 CRDi Magna,1,1,0,0.06249999994419642,78.4,11.320754716981131
Delhi,Petrol,Manual,First,17.4,5,6.25,Honda,City i VTEC SV,1,2,1,0.07835671337451121,175.59810000000002,6.96836203444133
Hyderabad,Diesel,Manual,First,20.5,5,5.0,Skoda,Rapid 1.6 TDI Elegance,1,2,1,0.0647684605351887,165.393,7.890685142417244
Hyderabad,Diesel,Automatic,Second,11.0,5,4.65,Mercedes-Benz,E-Class E270 CDI,2,5,3,0.06645463673704231,592.9195,2.7589666415851517
Coimbatore,Diesel,Automatic,First,13.01,7,21.37,Hyundai,Santa Fe 4WD AT,0,3,3,0.0883583446619562,427.26570000000004,4.066895904970303
Hyderabad,Petrol,Manual,First,19.7,5,1.75,Maruti,Alto LXi,1,0,0,0.05816582907265599,36.8548,10.96881959910913
Coimbatore,Diesel,Manual,First,12.4,5,16.09,Other,D-MAX V-Cross 4X4,0,4,2,0.05362144855797461,334.866,3.543869677050586
Kolkata,Diesel,Manual,First,24.8,5,4.1,Hyundai,Verna 1.4 CRDi GL,0,1,1,0.06353868190290925,123.8252,10.35058430717863
Coimbatore,Diesel,Manual,First,20.0,5,3.56,Ford,Figo Diesel ZXI,1,1,0,0.04860614721329081,95.132,8.336807002917881
Pune,Petrol,Manual,Second,17.0,5,4.21,Honda,City 1.5 S MT,0,2,1,0.07882431524460633,176.646,6.8081698037645175
Coimbatore,Diesel,Manual,First,17.8,5,6.86,Maruti,Swift VDI BSIV W ABS,1,1,1,0.0907667417004834,141.36956337874662,7.918149466192171
Delhi,Diesel,Manual,First,23.9,5,6.6,Hyundai,Verna 1.6 CRDi S,1,2,1,0.07977243989900604,199.64839999999998,9.256390395042603
Coimbatore,Petrol,Automatic,First,13.0,5,14.35,Hyundai,Creta 1.6 SX Plus Petrol Automatic,0,2,1,0.07624135758878607,192.98829999999998,5.017367811655731
Hyderabad,Diesel,Manual,First,22.7,5,9.5,Ford,Ecosport 1.5 DV5 MT Titanium,0,2,1,0.059973297690271495,134.58032,9.08726981585268
Delhi,Diesel,Automatic,First,11.2,4,21.9,BMW,X6 xDrive30d,1,5,4,0.08052121614416265,721.313,2.8049085900325568
Coimbatore,Diesel,Automatic,First,18.12,5,30.45,BMW,5 Series 2013-2017 520d Luxury Line,1,3,3,0.09523809519035684,379.05,6.050083472454091
Hyderabad,Diesel,Manual,First,25.83,5,5.1,Ford,Figo Aspire 1.5 TDCi Ambiente,1,2,1,0.06608811744586908,148.302,10.340272217774217
Pune,Petrol,Automatic,First,17.0,5,5.44,Hyundai,Verna VTVT 1.6 AT EX,0,2,1,0.07624135758878607,192.98829999999998,6.561173292165186
Jaipur,Diesel,Manual,First,13.8,5,1.6,Ford,Ikon 1.4 TDCi DuraTorq,2,1,0,0.04860614721329081,95.132,5.752396832013339
Kochi,Diesel,Automatic,First,17.68,5,16.67,Audi,A6 2011-2015 2.0 TDI,1,3,3,0.0885823170281594,343.08144,5.9568733153638815
Hyderabad,Petrol,Manual,First,10.8,5,9.5,Honda,CR-V Sport,1,4,1,0.04812102535465124,266.6538078474115,3.2200357781753133
Pune,Petrol,Automatic,First,15.0,5,3.85,Hyundai,i20 2015-2017 Sportz AT 1.4,1,1,1,0.07063037244224184,137.6456,6.260434056761269
Kochi,Diesel,Manual,First,14.24,7,10.64,Toyota,Fortuner 2.8 4WD MT,3,5,3,0.0633393829171182,480.7475,3.7922769640479363
Bangalore,Petrol,Manual,First,25.17,5,3.5,Renault,KWID RXT,0,0,0,0.06670838539836246,42.5867,13.991106170094499
Chennai,Petrol,Manual,Third,18.0,5,1.1,Chevrolet,Spark 1.0 LT,1,0,0,0.06231155772632004,61.69,9.022556390977442
Hyderabad,Petrol,Manual,Second,16.2,5,2.6,Hyundai,Verna Transform VTVT,1,2,1,0.06454033767070648,165.01680000000002,6.233166602539438
Hyderabad,Diesel,Automatic,First,18.88,5,18.5,BMW,3 Series 320d Sport Line,1,3,3,0.09223057639487188,367.08,6.303839732888147
Hyderabad,Diesel,Manual,First,26.59,5,7.95,Maruti,Swift Dzire VDI,1,1,0,0.059294871747359874,92.352,11.828291814946619
Jaipur,Diesel,Manual,First,25.4,5,5.49,Hyundai,Xcent 1.2 CRDi E Plus,1,1,0,0.06236930854774931,87.72842,11.61939615736505
Mumbai,Petrol,Automatic,First,19.0,5,6.95,Honda,Jazz V CVT,0,1,1,0.07397831520101891,106.35130000000001,8.640291041382447
Jaipur,Diesel,Manual,First,17.0,5,1.0,Tata,Indigo LS,5,1,0,0.04982206402147896,98.35,7.068607068607068
Chennai,Diesel,Manual,Second,17.8,5,4.45,Ford,Fiesta Classic 1.4 Duratorq CLXI,2,1,0,0.04789135093074242,93.733,7.419758232596915
Kolkata,Diesel,Manual,First,25.1,5,6.99,Maruti,S-Cross Alpha DDiS 200 SH,0,1,1,0.07091346148163985,110.448,11.165480427046262
Coimbatore,Petrol,Manual,First,15.6,5,3.51,Maruti,SX4 Zxi with Leather BSIII,1,2,1,0.06600252202648012,166.02248,6.032482598607888
Kochi,Petrol,Automatic,First,21.4,5,7.54,Maruti,Baleno Zeta Automatic,0,1,1,0.06942355883924514,99.4707,9.740555302685479
Bangalore,Diesel,Manual,First,23.2,5,3.65,Maruti,Ritz LDi,2,1,0,0.05924679482432147,92.27712,10.320284697508896
Ahmedabad,Diesel,Automatic,First,19.5,5,16.0,Hyundai,Elantra CRDi SX AT,0,2,1,0.07979772434905326,199.71168,7.5522850503485675
Kolkata,Petrol,Manual,First,16.2,5,1.4,Chevrolet,Spark 1.0 LT,0,0,0,0.062412060238781854,61.7895,8.120300751879698
Mumbai,Petrol,Manual,First,18.6,5,6.45,Hyundai,i20 1.2 Spotz,0,1,1,0.0683625730423036,97.95051,8.466090122894856
Hyderabad,Diesel,Manual,First,24.4,5,4.4,Hyundai,Xcent 1.1 CRDi Base,2,1,0,0.06339285708625637,79.52,11.509433962264149
Delhi,Petrol,Automatic,First,19.0,5,5.95,Honda,Jazz 1.2 V CVT i VTEC,0,1,1,0.07397831520101891,106.35130000000001,8.640291041382447
Ahmedabad,Petrol,Manual,First,19.4,5,3.9,Honda,Brio S MT,0,1,1,0.0724540900897712,103.98639999999999,8.826205641492265
Coimbatore,Diesel,Automatic,First,13.0,5,35.28,Mercedes-Benz,E-Class E250 CDI Avantgrade,0,3,3,0.09384041059550144,430.9573,4.136175628380529
Pune,Diesel,Manual,First,17.6,7,14.25,Tata,Hexa XT,0,3,2,0.07061037169774652,335.26094,5.536332179930796
Pune,Diesel,Manual,First,24.4,5,4.5,Hyundai,Xcent 1.1 CRDi Base,1,1,0,0.06339285708625637,79.52,11.509433962264149
Pune,Diesel,Manual,First,22.7,5,7.5,Ford,Ecosport 1.5 DV5 MT Titanium Optional,1,2,1,0.059973297690271495,134.58032,9.08726981585268
Coimbatore,Petrol,Automatic,First,21.9,4,3.41,Tata,Nano XTA,0,0,0,0.060064102467845985,23.38752,13.485221674876845
Pune,Petrol,Manual,Second,19.4,5,3.25,Honda,Brio VX,0,1,1,0.0724540900897712,103.98639999999999,8.826205641492265
Hyderabad,Diesel,Manual,First,24.52,7,8.3,Maruti,Ertiga SHVS ZDI Plus,2,1,1,0.07091346148163985,110.448,10.90747330960854
Bangalore,Petrol,Manual,First,20.36,5,3.45,Hyundai,i10 Sportz 1.2,0,1,0,0.06591478691235189,94.44330000000001,9.267182521620391
Hyderabad,Petrol,Manual,First,17.0,5,2.1,Hyundai,Santro Xing XO,1,1,1,0.10430653188643048,123.01870659400547,8.149568552253115
Mumbai,Diesel,Manual,First,16.0,7,11.95,Mahindra,XUV500 W10 2WD,1,3,2,0.06424965577592949,305.06,5.033029254482542
Hyderabad,Diesel,Manual,First,20.54,5,4.25,Volkswagen,Vento Diesel Highline,1,2,1,0.064831038757928,165.5528,7.906081601231716
Hyderabad,Diesel,Manual,First,14.0,7,8.25,Tata,Safari Storme 2012-2015 VX,1,3,2,0.06337769616182759,300.9199,4.403900597672224
Hyderabad,Petrol,Manual,First,10.2,5,5.95,Honda,Accord 2.4 Elegance M/T,2,4,3,0.07646559045179882,423.72,3.0411449016100174
Coimbatore,Petrol,Manual,First,15.1,7,4.3,Maruti,Eeco 7 Seater Standard,0,1,0,0.06103678924662475,87.308,6.876138433515483
Ahmedabad,Diesel,Manual,First,22.9,5,3.9,Maruti,Swift VDI,1,1,0,0.059294871747359874,92.352,10.186832740213521
Pune,Petrol,Automatic,First,21.4,5,6.41,Maruti,Baleno Zeta Automatic,0,1,1,0.06942355883924514,99.4707,9.740555302685479
Coimbatore,Diesel,Manual,First,15.1,7,8.36,Mahindra,XUV500 W8 2WD,1,3,2,0.06424965577592949,305.06,4.749921358917899
Chennai,Petrol,Manual,First,19.1,5,3.85,Hyundai,Xcent 1.2 Kappa S,1,1,1,0.06850459476315406,98.154,8.69367319071461
Hyderabad,Diesel,Automatic,First,19.27,5,36.0,Mercedes-Benz,New C-Class C 220 CDI Style,0,3,2,0.0782174521333563,359.20966000000004,6.13108495068406
Kolkata,Petrol,Manual,First,13.14,5,7.5,Skoda,Superb 1.8 TSI MT,1,2,2,0.08898776413293227,287.68,4.696211579699786
Hyderabad,Diesel,Manual,First,20.14,5,5.7,Volkswagen,CrossPolo 1.5 TDI,1,2,1,0.05923230970678751,132.91754,8.062449959967974
Kochi,Petrol,Manual,First,20.89,5,5.5,Maruti,Ignis 1.2 Delta,0,1,1,0.06833751038568293,97.9146,9.508420573509332
Chennai,Diesel,Manual,First,25.2,5,5.9,Maruti,Swift VDI BSIV,0,1,0,0.059294871747359874,92.352,11.209964412811386
Mumbai,Petrol,Manual,First,17.8,5,7.75,Honda,City i VTEC VX Option,0,2,1,0.07835671337451121,175.59810000000002,7.128554265118143
Ahmedabad,Diesel,Automatic,First,11.5,5,18.0,BMW,5 Series 530d Highline Sedan,1,5,4,0.07851653856381005,703.355,2.8800400701227145
Hyderabad,Diesel,Manual,First,17.5,5,4.4,Skoda,Laura Ambiente,2,3,1,0.05590717296629368,200.976,6.042817679558011
Coimbatore,Petrol,Automatic,First,17.21,5,8.27,Volkswagen,Polo GT TSI,1,1,1,0.0864661653412981,123.8895,7.83340919435594
Ahmedabad,Diesel,Manual,First,19.87,5,4.75,Renault,Duster 85PS Diesel RxL,1,2,1,0.057357973951158124,122.43180000000001,8.073953677366923
Hyderabad,Petrol,Automatic,First,16.8,5,3.8,Honda,City 1.5 S AT,1,2,1,0.07882431524460633,176.646,6.728073688426112
Ahmedabad,Diesel,Manual,First,20.54,5,3.4,Volkswagen,Vento Diesel Highline,1,2,1,0.064831038757928,165.5528,7.906081601231716
Pune,Petrol,Manual,Second,18.9,5,4.7,Hyundai,Grand i10 Sportz,0,1,1,0.06850459476315406,98.154,8.602639963586709
Pune,Petrol,Manual,Second,16.6,5,1.49,Ford,Fiesta 1.4 ZXi Duratec,1,1,0,0.04899135443156242,94.384,6.951423785594641
Mumbai,Diesel,Manual,Second,24.4,5,4.5,Hyundai,Xcent 1.1 CRDi S,1,1,0,0.06339285708625637,79.52,11.509433962264149
Hyderabad,Diesel,Manual,First,25.8,5,5.4,Honda,Amaze VX i-DTEC,1,2,1,0.06582109474911808,147.7028,10.32826261008807
Hyderabad,Petrol,Automatic,First,18.0,5,11.5,Honda,City i VTEC CVT VX,0,2,1,0.07835671337451121,175.59810000000002,7.2086503804565485
Pune,Diesel,Manual,Second,20.4,5,3.5,Renault,Fluence 1.5,1,2,1,0.07426420255012717,158.5185,8.28931328728159
Ahmedabad,Diesel,Automatic,First,22.48,5,16.5,BMW,5 Series 520d Luxury Line,0,3,3,0.09523809519035684,379.05,7.505843071786311
Mumbai,Petrol,Manual,First,15.5,5,3.9,Maruti,SX4 ZXI MT BSIV,1,2,1,0.06513240853396443,163.8338,5.993812838360402
Hyderabad,Petrol,Automatic,First,16.4,5,3.25,Honda,City ZX CVT,1,2,0,0.052104208382027915,116.766,6.567881457749299
Kochi,Petrol,Manual,First,17.0,5,5.84,Volkswagen,Ameo 1.2 MPI Comfortline,0,1,0,0.061560934840099384,88.3525,7.734303912647862
Hyderabad,Petrol,Manual,First,17.0,5,5.75,Volkswagen,Ameo 1.2 MPI Comfortline,0,1,0,0.061560934840099384,88.3525,7.734303912647862
Delhi,Diesel,Automatic,First,16.55,5,10.0,Audi,A4 2.0 TDI Multitronic,1,3,2,0.07113821134596635,275.52,5.576145552560647
Mumbai,Petrol,Manual,Second,18.9,5,1.05,Maruti,Wagon R VXI,2,0,0,0.06723446887050653,66.96579999999999,9.45945945945946
Delhi,Diesel,Automatic,First,19.08,5,5.64,Hyundai,Verna SX CRDi AT,1,2,1,0.07984829324914772,199.83823999999998,7.389620449264136
Coimbatore,Diesel,Automatic,First,17.9,5,50.97,Mercedes-Benz,GLC 220d 4MATIC Style,0,3,2,0.07932804475999625,364.31,5.695195672923958
Mumbai,Diesel,Automatic,First,21.76,5,29.95,BMW,3 Series Luxury Line,0,3,3,0.09523809519035684,379.05,7.265442404006678
Mumbai,Diesel,Manual,Second,24.2,7,4.85,Honda,Mobilio V Option i DTEC,1,2,1,0.06582109474911808,147.7028,9.687750200160126
Hyderabad,Diesel,Automatic,First,17.01,5,14.5,Hyundai,Creta 1.6 CRDi AT SX Plus,0,2,1,0.07977243989900604,199.64839999999998,6.587916343919443
Hyderabad,Petrol,Manual,First,17.0,5,5.5,Honda,City 1.5 S MT,1,2,1,0.07882431524460633,176.646,6.8081698037645175
Bangalore,Diesel,Manual,First,17.8,5,3.2,Ford,Fiesta 1.4 TDCi EXI,1,1,0,0.04860614721329081,95.132,7.419758232596915
Chennai,Diesel,Manual,First,26.59,5,4.5,Maruti,Swift Dzire LDI,1,1,0,0.059294871747359874,92.352,11.828291814946619
Coimbatore,Diesel,Automatic,First,13.0,5,30.72,Mercedes-Benz,E-Class E250 CDI Launch Edition,1,3,3,0.09519365371199551,437.172,4.136175628380529
Jaipur,Diesel,Manual,First,11.5,7,3.5,Chevrolet,Captiva LT,4,3,2,0.07428427921934491,294.4689,3.8448679371447674
Bangalore,Diesel,Manual,First,12.8,7,6.99,Toyota,Innova 2.5 V Diesel 7-seater,2,4,1,0.040898155556977484,254.388,3.6634230108757873
Kochi,Diesel,Manual,First,17.21,7,3.45,Mahindra,Quanto C8,1,2,1,0.06697923639184243,149.3,6.903329322101885
Kochi,Petrol,Manual,First,17.4,5,6.57,Honda,City i VTEC V,1,2,1,0.07835671337451121,175.59810000000002,6.96836203444133
Kolkata,Diesel,Automatic,First,17.11,5,17.5,Audi,A4 2.0 TDI 177 Bhp Premium Plus,0,3,3,0.0885823170281594,343.08144,5.764824797843666
Delhi,Diesel,Manual,First,22.07,5,3.75,Volkswagen,Polo Diesel Comfortline 1.2L,1,1,0,0.061634695528244625,88.60610000000001,10.03638017280582
Pune,Petrol,Automatic,First,14.8,5,9.99,Ford,EcoSport 1.5 Petrol Titanium Plus AT,0,2,1,0.08106880422106291,181.67592000000002,5.927112535042051
Kolkata,Diesel,Manual,First,12.99,7,8.2,Toyota,Innova 2.5 G (Diesel) 7 Seater BS IV,1,4,1,0.04009623093821322,249.4,3.7178019461934744
Jaipur,Petrol,Manual,Third,13.0,5,1.1,Honda,City 1.5 EXI,2,2,1,0.06697923639184243,149.3,5.2146008824709185
Kochi,CNG,Manual,First,22.1,5,3.89,Maruti,SX4 Green Vxi (CNG),1,2,1,0.05403530891927156,135.92020000000002,8.546017014694508
Chennai,Petrol,Manual,First,24.7,5,2.45,Maruti,Alto 800 2016-2019 LXI Optional,1,0,0,0.059422110478112924,37.6508,13.752783964365255
Pune,Diesel,Automatic,First,8.7,5,13.75,Mercedes-Benz,M-Class ML 320 CDI,1,5,4,0.07510545695510364,670.10358,2.18209179834462
Kolkata,Diesel,Manual,First,26.59,5,3.0,Maruti,Swift Dzire LDI,1,1,0,0.059294871747359874,92.352,11.828291814946619
Ahmedabad,Diesel,Manual,First,24.3,5,9.25,Maruti,Vitara Brezza ZDi Plus Dual Tone,0,1,1,0.07091346148163985,110.448,10.809608540925266
Mumbai,Diesel,Automatic,First,13.2,5,17.65,Volvo,S60 D5 Summum,0,4,3,0.08958333329600694,516.0,3.8823529411764706
Delhi,Diesel,Automatic,First,12.55,7,18.25,Toyota,Fortuner 4x2 AT,1,5,2,0.05650570085294913,502.467,3.1516825715720747
Kochi,Diesel,Manual,First,23.0,5,3.45,Hyundai,i20 Sportz Option Diesel,1,1,1,0.06446991399393272,125.64,9.599332220367279
Bangalore,Diesel,Automatic,First,17.11,5,23.75,Audi,A4 35 TDI Premium,1,3,3,0.0885823170281594,343.08144,5.764824797843666
Mumbai,Diesel,Manual,Second,19.64,5,5.45,Nissan,Terrano XV D Pre,1,2,1,0.07426420255012717,158.5185,7.980495733441689
Coimbatore,Petrol,Automatic,First,23.1,5,5.25,Maruti,Celerio ZXI AMT,0,0,0,0.06717434863008583,66.90592000000001,11.561561561561563
Delhi,Petrol,Manual,First,15.9,5,1.1,Maruti,Esteem Vxi,1,1,1,0.08727033408759606,147.03340806539512,6.919060052219321
Delhi,Petrol,Automatic,First,16.95,5,2.9,Hyundai,i10 Sportz AT,1,1,0,0.06591478691235189,94.44330000000001,7.715065999089667
Hyderabad,Diesel,Automatic,First,22.69,5,14.2,BMW,3 Series 320d,1,3,3,0.09523809519035684,379.05,7.5759599332220375
Kochi,Petrol,Manual,First,18.9,5,5.8,Hyundai,Grand i10 Sportz,0,1,1,0.06850459476315406,98.154,8.602639963586709
Coimbatore,Petrol,Automatic,First,18.9,5,7.22,Hyundai,Grand i10 Asta Option AT,0,1,1,0.06850459476315406,98.154,8.602639963586709
Coimbatore,Petrol,Manual,First,18.9,5,4.87,Hyundai,Grand i10 1.2 Kappa Sportz,0,1,1,0.06838763569892427,97.98642,8.602639963586709
Delhi,Petrol,Manual,First,16.47,5,3.3,Volkswagen,Polo 1.2 MPI Comfortline,1,1,0,0.061769615975150564,88.652,7.4931756141947226
Hyderabad,Petrol,Manual,Second,17.7,5,3.0,Honda,City ZX EXi,1,2,0,0.052104208382027915,116.766,7.088506207448939
Hyderabad,Diesel,Automatic,First,17.9,5,26.0,Mercedes-Benz,GLA Class 200 CDI,0,3,2,0.063462435807997,291.448,5.695195672923958
Hyderabad,Petrol,Manual,First,14.0,5,2.9,Maruti,Omni 8 Seater BSIV,0,0,0,0.04396984919099265,27.86,7.795100222717149
Bangalore,Petrol,Automatic,First,15.74,5,7.5,Hyundai,Verna 1.6 SX VTVT AT,0,2,1,0.07624135758878607,192.98829999999998,6.074874565804708
Hyderabad,Petrol,Manual,First,22.74,5,2.36,Maruti,Alto 800 LXI,0,0,0,0.059422110478112924,37.6508,12.661469933184854
Coimbatore,Diesel,Manual,First,24.3,5,11.39,Maruti,Vitara Brezza ZDi Plus Dual Tone,0,1,1,0.07091346148163985,110.448,10.809608540925266
Kochi,Diesel,Manual,First,15.1,7,7.02,Mahindra,XUV500 W8 2WD,1,3,2,0.06424965577592949,305.06,4.749921358917899
Delhi,Diesel,Manual,First,24.3,5,8.0,Maruti,Vitara Brezza ZDi,0,1,1,0.07091346148163985,110.448,10.809608540925266
Kochi,Petrol,Manual,First,18.6,5,7.11,Hyundai,i20 1.2 Spotz,1,1,1,0.0683625730423036,97.95051,8.466090122894856
Mumbai,Diesel,Automatic,First,10.0,5,3.9,Mercedes-Benz,E-Class 250 D W 210,1,2,2,0.08780623603128827,283.22919999999993,3.57653791130186
Hyderabad,Petrol,Manual,First,19.7,5,2.15,Maruti,Alto LXi,1,0,0,0.05816582907265599,36.8548,10.96881959910913
Kolkata,Petrol,Manual,First,18.0,5,3.25,Honda,Amaze S i-Vtech,0,1,1,0.07237061763575073,103.8666,8.18926296633303
Kochi,Diesel,Automatic,First,12.65,5,70.66,Land,Rover Range Rover Sport HSE,0,5,4,0.08519879716498537,763.215,3.168044077134986
Mumbai,Diesel,Manual,First,24.0,5,4.61,Hyundai,Grand i10 CRDi Magna,1,1,0,0.06249999994419642,78.4,11.320754716981131
Mumbai,Petrol,Manual,First,13.5,5,2.35,Honda,Civic 2006-2010 1.8 S MT,1,2,2,0.07226236794204426,233.87,4.82315112540193
Chennai,Diesel,Manual,Second,24.0,5,4.05,Hyundai,Grand i10 CRDi Magna,0,1,0,0.06249999994419642,78.4,11.320754716981131
Jaipur,Petrol,Manual,Second,16.1,4,0.8,Maruti,800 AC Uniq,0,0,0,0.04648241200190652,29.452,8.964365256124722
Hyderabad,Diesel,Manual,First,23.59,5,5.6,Toyota,Etios Liva Diesel,1,1,0,0.04919354835103112,91.5244,9.978849407783418
Delhi,Diesel,Manual,First,22.54,5,5.35,Hyundai,i20 Magna 1.4 CRDi,0,1,1,0.06356017187424057,123.86708,9.407345575959933
Mumbai,Petrol,Manual,First,24.07,5,3.25,Maruti,Alto K10 VXI,0,0,0,0.06723446887050653,66.96579999999999,12.047047047047048
Pune,Diesel,Automatic,Second,17.05,5,11.5,BMW,X1 sDrive20d,1,3,3,0.09223057639487188,367.08,5.692821368948247
Pune,Petrol,Automatic,First,23.1,5,4.25,Maruti,Celerio VXI AT,0,0,0,0.06717434863008583,66.90592000000001,11.561561561561563
Mumbai,Petrol,Automatic,Second,13.7,5,4.45,Skoda,Superb Elegance 1.8 TSI AT,0,2,2,0.08773637369981291,283.6345,4.896354538956397
Pune,Diesel,Manual,First,14.0,7,2.85,Mahindra,Xylo E4,1,4,1,0.044835868677007264,279.776,4.002287021154945
Delhi,Diesel,Manual,First,15.1,7,7.85,Mahindra,XUV500 W8 2WD,1,3,2,0.06424965577592949,305.06,4.749921358917899
Pune,Petrol,Manual,First,19.1,5,5.3,Maruti,Swift Dzire VXI,0,1,1,0.07167919793510509,102.70259999999999,8.69367319071461
Mumbai,Petrol,Manual,First,18.88,5,8.0,Ford,Ecosport 1.0 Ecoboost Platinum Edition,0,0,1,0.12336336323987651,123.11676,9.444722361180588
Coimbatore,Diesel,Manual,First,21.43,5,9.43,Toyota,Corolla Altis Diesel D4DG,1,1,1,0.06392961872145922,118.9408,9.065143824027073
Pune,Petrol,Manual,First,18.5,5,2.75,Hyundai,i20 2015-2017 1.2 Magna,0,1,0,0.06683375098844298,95.76,8.420573509330906
Mumbai,Diesel,Manual,First,20.37,5,13.5,Renault,Captur 1.5 Diesel Platine Mono,0,2,1,0.07422997941531144,158.44545000000002,8.27712312068265
Hyderabad,Diesel,Automatic,First,11.0,5,9.99,Mercedes-Benz,E-Class 280 CDI,1,5,3,0.06645463673704231,592.9195,2.7589666415851517
Chennai,Petrol,Manual,First,21.1,5,6.95,Maruti,Baleno RS 1.0 Petrol,0,0,1,0.10020040070120201,99.8,10.560560560560562
Chennai,Petrol,Automatic,First,17.97,5,6.75,Nissan,Sunny 2011-2014 XL AT Special Edition,0,2,1,0.06648865149099555,149.2008,7.193755004003201
Chennai,Petrol,Automatic,First,18.9,5,5.5,Hyundai,Grand i10 AT Asta,0,1,1,0.06850459476315406,98.154,8.602639963586709
Kochi,Petrol,Manual,First,21.56,5,9.18,Maruti,Ciaz Zeta,0,2,1,0.07062243497221447,150.9515,8.75710804224208
Jaipur,Petrol,Manual,First,19.1,5,4.15,Hyundai,Xcent 1.2 Kappa S,0,1,1,0.06850459476315406,98.154,8.69367319071461
Ahmedabad,Diesel,Manual,First,22.32,5,6.5,Hyundai,Verna 1.6 SX CRDi (O),1,2,1,0.07984829324914772,199.83823999999998,8.644461657629744
Kochi,Petrol,Manual,First,21.5,5,4.11,Maruti,Wagon R VXI 1.2,0,1,1,0.06833751038568293,97.9146,9.786071916249432
Hyderabad,Diesel,Manual,Second,16.8,5,2.25,Hyundai,Verna CRDi,1,2,1,0.07367716003102667,164.23,6.738868832731648
Kochi,Petrol,Manual,First,17.71,5,4.56,Toyota,Etios Liva G,1,1,0,0.06591478691235189,94.44330000000001,8.060992262175695
Pune,Diesel,Manual,First,11.68,7,4.0,Mahindra,Xylo E4 ABS BS III,3,4,1,0.044835868677007264,279.776,3.339050886220697
Coimbatore,Diesel,Manual,First,23.59,5,5.27,Toyota,Etios Liva GD,0,1,0,0.04916422283785614,91.46983999999999,9.978849407783418
Kochi,Diesel,Manual,First,18.06,7,9.11,Mahindra,Thar DI 4X4,0,4,0,0.024970273474050626,158.949,5.126312801589553
Pune,Diesel,Manual,Second,14.42,5,6.2,Nissan,X-Trail SLX MT,2,3,2,0.07398496236892983,294.462,4.814691151919867
Kochi,Diesel,Automatic,First,11.36,7,19.97,Toyota,Innova Crysta 2.8 ZX AT,0,5,2,0.062250453697912725,472.4825,3.025299600532623
Delhi,Diesel,Manual,First,21.38,5,10.17,Hyundai,Creta 1.4 CRDi S,0,1,1,0.06353868190290925,123.8252,8.923205342237061
Pune,Diesel,Manual,First,28.4,5,4.5,Maruti,Swift VDI,2,1,0,0.059294871747359874,92.352,12.633451957295371
Kochi,Diesel,Manual,First,23.9,5,14.28,Hyundai,Verna 1.6 CRDI SX Option,0,2,1,0.07977243989900604,199.64839999999998,9.256390395042603
Kochi,Petrol,Manual,Second,19.7,5,2.47,Maruti,Alto LXi BSIII,0,0,0,0.05816582907265599,36.8548,10.96881959910913
Ahmedabad,Diesel,Manual,First,23.65,5,7.9,Maruti,S Cross DDiS 200 Alpha,1,1,1,0.07091346148163985,110.448,10.520462633451956
Hyderabad,Petrol,Manual,First,21.1,5,2.3,Hyundai,EON Era,1,0,0,0.06781326772995913,44.9328,11.631753031973538
Hyderabad,Petrol,Manual,First,13.24,5,6.5,Nissan,Terrano XL,1,2,1,0.06414267830779556,163.795,5.096227867590454
Hyderabad,Petrol,Manual,First,21.1,5,3.25,Hyundai,EON Era,0,0,0,0.06781326772995913,44.9328,11.631753031973538
Bangalore,Diesel,Manual,First,20.65,5,5.85,Tata,Zest Quadrajet 1.3 XT,0,1,1,0.07107371789176785,110.69760000000001,9.18594306049822
Hyderabad,Diesel,Automatic,Second,14.21,5,29.0,Mercedes-Benz,E-Class 2009-2013 E250 CDI Elegance,1,3,3,0.09472701815458376,435.029,4.521158129175947
Coimbatore,Diesel,Automatic,Second,14.16,5,25.71,Audi,Q5 2.0 TDI Premium Plus,1,3,3,0.08856707312572812,343.0224,4.77088948787062
Chennai,Petrol,Manual,Second,15.3,5,1.85,Ford,Fiesta 1.6 ZXi Leather,1,2,1,0.06328320798039899,161.196,5.8936825885978426
Mumbai,Diesel,Automatic,First,18.88,5,22.75,BMW,3 Series 320d Prestige,1,3,3,0.09223057639487188,367.08,6.303839732888147
Kochi,Petrol,Manual,First,21.1,5,8.32,Maruti,Baleno RS 1.0 Petrol,0,0,1,0.10020040070120201,99.8,10.560560560560562
Delhi,Diesel,Automatic,First,14.21,5,26.0,Mercedes-Benz,E-Class 2009-2013 E250 CDI Blue Efficiency,0,3,3,0.09472701815458376,435.029,4.521158129175947
Hyderabad,Petrol,Manual,First,20.36,5,3.45,Hyundai,i10 Sportz 1.2,1,1,0,0.06591478691235189,94.44330000000001,9.267182521620391
Mumbai,Petrol,Manual,First,18.9,5,5.15,Hyundai,Grand i10 Asta Option,0,1,1,0.06850459476315406,98.154,8.602639963586709
Kochi,Petrol,Manual,First,19.4,5,3.51,Honda,Brio S MT,1,1,1,0.0724540900897712,103.98639999999999,8.826205641492265
Kolkata,Diesel,Manual,First,21.9,5,3.45,Hyundai,i20 Magna 1.4 CRDi (Diesel),0,1,1,0.06358166184557187,123.90896000000001,9.140233722871452
Pune,Petrol,Manual,First,16.47,5,3.75,Volkswagen,Polo Petrol Highline 1.2L,1,1,0,0.061686143521130096,88.53220000000002,7.4931756141947226
Pune,Petrol,Manual,Second,13.0,5,1.45,Honda,City 1.5 EXI,2,2,1,0.06697923639184243,149.3,5.2146008824709185
Delhi,Diesel,Manual,First,18.7,5,2.2,Skoda,Octavia Ambiente 1.9 TDI,1,3,0,0.03481012656391871,125.136,6.457182320441989
Hyderabad,Diesel,Manual,First,13.1,7,7.99,Ford,Endeavour 2.5L 4X2,3,4,2,0.05642256900503299,352.359,3.7439268362389253
Bangalore,Diesel,Manual,Second,18.3,5,6.75,Chevrolet,Cruze LTZ,1,3,2,0.07428427921934491,294.4689,6.118355065195586
Kolkata,Diesel,Manual,First,24.2,7,5.0,Honda,Mobilio V i DTEC,0,2,1,0.06582109474911808,147.7028,9.687750200160126
Pune,Diesel,Manual,Second,20.77,7,5.9,Maruti,Ertiga VDI,2,1,1,0.07112179481480625,110.77248000000002,9.239323843416368
Mumbai,Petrol,Manual,First,18.9,5,3.75,Hyundai,Grand i10 Sportz,0,1,1,0.06850459476315406,98.154,8.602639963586709
Mumbai,Diesel,Automatic,First,14.74,5,29.5,Jaguar,XF 3.0 Litre S Premium Luxury,0,5,5,0.09051119275291974,810.8036999999999,3.6914600550964187
Chennai,Petrol,Manual,First,18.0,5,4.75,Honda,Amaze VX i-Vtech,0,1,1,0.07237061763575073,103.8666,8.18926296633303
Pune,Diesel,Automatic,First,12.4,5,11.5,Audi,A6 2.7 TDI,2,5,3,0.06653076350388037,484.291,3.3531638723634396
Chennai,Petrol,Manual,First,18.6,5,6.95,Hyundai,i20 1.2 Spotz,0,1,1,0.0683625730423036,97.95051,8.466090122894856
Mumbai,Petrol,Manual,First,17.0,5,5.4,Volkswagen,Ameo 1.2 MPI Highline Plus 16,0,1,0,0.061560934840099384,88.3525,7.734303912647862
Jaipur,Petrol,Automatic,First,13.4,5,4.75,Renault,Fluence 2.0,1,3,2,0.06765147718194718,269.79470000000003,4.471137804471138
Chennai,Petrol,Manual,First,24.07,5,2.15,Maruti,Alto K10 VXI,0,0,0,0.06723446887050653,66.96579999999999,12.047047047047048
Jaipur,Petrol,Manual,First,19.7,5,0.9,Maruti,Alto Std,0,0,0,0.05816582907265599,36.8548,10.96881959910913
Kolkata,Petrol,Manual,First,20.51,5,3.5,Maruti,Wagon R VXI BS IV,0,0,0,0.06717434863008583,66.90592000000001,10.265265265265267
Kochi,Diesel,Manual,First,20.4,5,5.85,Fiat,Linea 1.3 Emotion,1,1,1,0.07371794865887984,114.816,9.074733096085408
Pune,Diesel,Manual,First,19.3,5,3.15,Maruti,Swift Dzire Vdi BSIV,2,1,0,0.059214743542295875,92.22720000000001,8.585409252669038
Pune,Diesel,Manual,First,21.64,5,6.0,Renault,Scala Diesel RxL,1,2,1,0.05804243664747266,123.89280000000001,8.79317350670459
Kolkata,Petrol,Manual,First,18.5,5,2.23,Hyundai,i20 Magna,0,1,0,0.06683375098844298,95.76,8.420573509330906
Bangalore,Petrol,Manual,First,19.1,5,2.5,Hyundai,Xcent 1.2 Kappa SX Option,0,1,1,0.06850459476315406,98.154,8.69367319071461
Kochi,Petrol,Manual,First,18.9,5,3.87,Maruti,Wagon R LXI,1,0,0,0.06723446887050653,66.96579999999999,9.45945945945946
Ahmedabad,Diesel,Manual,First,15.1,7,9.5,Mahindra,XUV500 W8 2WD,0,3,2,0.06424965577592949,305.06,4.749921358917899
Delhi,Diesel,Automatic,First,12.55,7,17.75,Toyota,Fortuner 4x2 AT,1,5,2,0.05650570085294913,502.467,3.1516825715720747
Delhi,Diesel,Manual,First,19.64,5,3.75,Renault,Duster 110PS Diesel RxZ Plus,2,2,1,0.07422997941531144,158.44545000000002,7.980495733441689
Chennai,Petrol,Manual,Second,17.92,5,1.5,Hyundai,Santro Xing GLS,2,1,0,0.05718232038933488,67.4406,8.590604026845638
Pune,Petrol,Manual,Second,17.01,5,5.0,Hyundai,Verna 1.6 SX VTVT,0,2,1,0.07624135758878607,192.98829999999998,6.565032805866461
Pune,Diesel,Automatic,Second,15.06,5,17.0,BMW,X1 sDrive 20d Exclusive,1,3,3,0.08872180446680611,353.115,5.028380634390651
Kochi,Petrol,Automatic,First,12.9,5,4.38,Honda,Civic 2006-2010 1.8 V AT,1,2,2,0.07226236794204426,233.87,4.608788853161844
Delhi,Petrol,Automatic,First,15.26,5,41.5,Audi,A6 35 TFSI Matrix,0,2,3,0.10441601773947941,337.55652000000003,5.453895639742673
Kolkata,Petrol,Manual,First,20.51,5,3.0,Maruti,Wagon R LXI BS IV,0,0,0,0.06717434863008583,66.90592000000001,10.265265265265267
Coimbatore,Diesel,Manual,First,24.3,5,11.0,Maruti,Vitara Brezza ZDi Plus Dual Tone,0,1,1,0.07091346148163985,110.448,10.809608540925266
Pune,Diesel,Automatic,Second,11.8,7,14.0,Land,Rover Discovery 3 TDV6 Diesel Automatic,2,5,3,0.06985294115078937,516.8,3.172043010752688
Pune,Diesel,Automatic,First,26.59,5,7.65,Maruti,Dzire New,0,1,0,0.059294871747359874,92.352,11.828291814946619
Kolkata,Petrol,Manual,First,17.0,5,8.7,Hyundai,Verna VTVT 1.6 SX,0,2,1,0.07624135758878607,192.98829999999998,6.561173292165186
Hyderabad,Diesel,Manual,First,25.47,7,9.9,Maruti,Ertiga ZDI Plus,0,1,1,0.07091346148163985,110.448,11.330071174377222
Mumbai,Petrol,Manual,First,13.2,5,2.05,Hyundai,Accent GLE,0,2,1,0.06287625413854431,140.53,5.290581162324648
Kolkata,Petrol,Manual,First,17.0,5,5.25,Hyundai,i20 1.2 Sportz,0,1,0,0.06683375098844298,95.76,7.737824305871643
Kochi,Petrol,Manual,First,17.0,5,5.77,Hyundai,Verna VTVT 1.6 SX,0,2,1,0.07624135758878607,192.98829999999998,6.561173292165186
Hyderabad,Petrol,Manual,First,19.7,5,1.95,Maruti,Alto LX,1,0,0,0.05816582907265599,36.8548,10.96881959910913
Ahmedabad,Diesel,Manual,Second,12.05,8,7.45,Mahindra,Scorpio VLX,1,3,1,0.05507113352222527,261.48,3.7905001572821644
Delhi,Petrol,Manual,First,18.9,5,2.6,Maruti,Wagon R LXI,1,0,0,0.06723446887050653,66.96579999999999,9.45945945945946
Ahmedabad,Petrol,Manual,Second,17.0,5,3.25,Hyundai,i20 1.2 Sportz,1,1,0,0.06683375098844298,95.76,7.737824305871643
Hyderabad,Diesel,Manual,First,21.1,5,3.85,Maruti,Ritz VDi,1,1,0,0.059214743542295875,92.22720000000001,9.386120996441282
Delhi,Diesel,Automatic,Second,13.73,5,7.5,Renault,Koleos 2.0 Diesel,1,3,2,0.07418546362196217,295.26,4.584307178631052
Kochi,Diesel,Automatic,First,22.69,5,11.5,BMW,3 Series 320d,1,3,3,0.09523809519035684,379.05,7.5759599332220375
Pune,Petrol,Manual,First,19.4,5,3.25,Honda,Brio V MT,0,1,1,0.0724540900897712,103.98639999999999,8.826205641492265
Chennai,Petrol,Manual,Second,11.7,5,1.5,Hyundai,Sonata GOLD,0,3,2,0.06710065094286397,267.598,3.903903903903904
Jaipur,Diesel,Manual,First,19.3,5,5.31,Maruti,Swift Dzire VDi,1,1,0,0.059214743542295875,92.22720000000001,8.585409252669038
Hyderabad,Diesel,Manual,First,16.0,7,9.0,Mahindra,XUV500 W8 4WD,0,3,2,0.06424965577592949,305.06,5.033029254482542
Kolkata,Petrol,Manual,First,19.81,5,3.59,Hyundai,i10 Sportz 1.1L,0,1,0,0.06266114174708919,73.9023,9.49664429530201
Kochi,Petrol,Manual,First,20.73,5,7.35,Maruti,Ciaz ZXi Plus,0,1,1,0.06635105603324758,125.0803,8.735777496839443
Pune,Diesel,Manual,First,12.8,8,12.0,Toyota,Innova 2.5 V Diesel 8-seater,2,4,1,0.040898155556977484,254.388,3.6634230108757873
Coimbatore,Petrol,Manual,First,18.9,5,6.02,Hyundai,Grand i10 Sportz,0,1,1,0.06850459476315406,98.154,8.602639963586709
Coimbatore,Diesel,Manual,First,16.52,5,2.57,Chevrolet,Optra Magnum 2.0 LS BSIII,1,3,1,0.06212958309285305,246.28670000000002,5.523236375794048
Pune,Diesel,Manual,First,12.83,7,12.45,Mahindra,Ssangyong Rexton RX5,1,5,2,0.06008902074922514,436.752,3.471320346320346
Coimbatore,Diesel,Manual,First,15.1,7,12.63,Mahindra,XUV500 W8 2WD,0,3,2,0.06424965577592949,305.06,4.749921358917899
Bangalore,Petrol,Manual,Second,17.4,5,7.75,Honda,City i VTEC SV,1,2,1,0.07835671337451121,175.59810000000002,6.96836203444133
Delhi,Diesel,Manual,First,22.7,5,5.5,Ford,Ecosport 1.5 DV5 MT Titanium,1,2,1,0.059973297690271495,134.58032,9.08726981585268
Kolkata,Petrol,Manual,First,18.6,5,4.43,Hyundai,i20 Sportz 1.2,0,1,1,0.0683625730423036,97.95051,8.466090122894856
Kochi,Diesel,Automatic,First,17.9,5,24.51,Mercedes-Benz,CLA 200 CDI Sport,0,3,2,0.063462435807997,291.448,5.695195672923958
Ahmedabad,Petrol,Manual,First,22.0,5,2.65,Hyundai,EON Magna,0,0,0,0.06756756748456073,44.77,12.127894156560087
Delhi,Petrol,Manual,First,17.6,5,3.2,Toyota,Etios G Safety,0,2,1,0.05929144381063406,132.6952,7.051282051282052
Chennai,Diesel,Manual,First,23.4,5,4.25,Maruti,Swift Dzire Tour LDI,1,1,0,0.059294871747359874,92.352,10.409252669039144
Kolkata,Petrol,Manual,First,19.7,5,1.1,Maruti,Alto LXi,0,0,0,0.05816582907265599,36.8548,10.96881959910913
Chennai,Petrol,Manual,First,23.1,5,4.3,Maruti,Celerio ZXI,1,0,0,0.06717434863008583,66.90592000000001,11.561561561561563
Hyderabad,Diesel,Manual,First,22.7,5,8.9,Ford,Ecosport 1.5 DV5 MT Titanium Optional,0,2,1,0.059973297690271495,134.58032,9.08726981585268
Jaipur,Diesel,Manual,First,19.01,5,6.5,Nissan,Terrano XV 110 PS Limited Edition,1,2,1,0.07426420255012717,158.5185,7.724502234863876
Delhi,Petrol,Automatic,Third,11.1,5,3.5,Honda,Accord VTi-L AT,1,4,2,0.0603228546897524,334.268,3.3094812164579603
Hyderabad,Diesel,Manual,First,17.8,5,4.25,Maruti,Swift Ldi BSIII,1,1,0,0.060096153797999874,93.6,7.918149466192171
Kochi,Diesel,Automatic,First,16.0,7,16.46,Mahindra,XUV500 AT W10 FWD,0,3,2,0.06424965577592949,305.06,5.033029254482542
Mumbai,Petrol,Manual,First,18.7,5,5.95,Honda,Jazz 1.2 VX i VTEC,0,1,1,0.07397831520101891,106.35130000000001,8.503865393360618
Mumbai,Petrol,Manual,First,17.8,5,7.1,Honda,City i VTEC V,0,2,1,0.07835671337451121,175.59810000000002,7.128554265118143
Kolkata,Petrol,Manual,Second,15.7,5,1.25,Fiat,Grande Punto 1.2 Dynamic,0,1,0,0.05716723544610303,78.524,7.228360957642726
Pune,Petrol,Manual,First,16.02,7,5.5,Maruti,Ertiga ZXI,1,1,1,0.0682447195424292,128.6501,6.75094816687737
Chennai,Petrol,Manual,First,18.44,5,3.25,Nissan,Micra XL,0,1,0,0.06260434051535531,89.85,8.389444949954505
Hyderabad,Petrol,Manual,First,17.0,5,5.0,Honda,City 1.5 V MT,0,2,1,0.07882431524460633,176.646,6.8081698037645175
Coimbatore,Petrol,Manual,First,16.78,5,6.58,Toyota,Etios VX,0,2,1,0.059311497286556485,132.74008,6.7227564102564115
Mumbai,Diesel,Automatic,First,18.88,5,19.5,BMW,3 Series 320d Luxury Line,0,3,3,0.09223057639487188,367.08,6.303839732888147
Kochi,Petrol,Manual,First,18.7,5,6.14,Honda,Jazz 1.2 SV i VTEC,0,1,1,0.07397831520101891,106.35130000000001,8.503865393360618
Jaipur,Diesel,Manual,First,28.4,5,4.95,Maruti,Dzire VDI,1,1,0,0.05909455123469987,92.04,12.633451957295371
Hyderabad,Diesel,Manual,First,20.5,5,5.75,Skoda,Rapid 1.6 TDI Elegance,1,2,1,0.0647684605351887,165.393,7.890685142417244
Kolkata,Diesel,Manual,First,15.1,7,6.6,Mahindra,XUV500 W6 2WD,1,3,2,0.06424965577592949,305.06,4.749921358917899
Coimbatore,Petrol,Automatic,First,18.9,5,5.72,Hyundai,Grand i10 AT Asta,1,1,1,0.06850459476315406,98.154,8.602639963586709
Delhi,Petrol,Manual,Second,17.0,5,2.6,Honda,City 1.5 V MT,1,2,1,0.07882431524460633,176.646,6.8081698037645175
Hyderabad,Diesel,Manual,Second,12.8,7,6.5,Toyota,Innova 2.5 GX 7 STR,4,4,1,0.040898155556977484,254.388,3.6634230108757873
Pune,Diesel,Manual,Second,15.1,7,6.1,Mahindra,XUV500 W8 2WD,1,3,2,0.06424965577592949,305.06,4.749921358917899
Hyderabad,Diesel,Manual,First,19.3,5,3.85,Maruti,Swift Dzire VDi,2,1,0,0.059214743542295875,92.22720000000001,8.585409252669038
Pune,Petrol,Manual,Second,15.04,5,4.5,Volkswagen,Vento Petrol Highline,1,2,1,0.064831038757928,165.5528,5.789068514241724
Coimbatore,Diesel,Manual,First,23.59,5,5.3,Toyota,Etios GD,0,1,1,0.08304757598967921,154.50968305177113,9.978849407783418
Bangalore,Diesel,Automatic,Second,16.55,5,18.25,Audi,A4 2.0 TDI,1,3,2,0.0749542682545964,290.29967999999997,5.576145552560647
Ahmedabad,Petrol,Manual,First,16.02,7,5.75,Maruti,Ertiga LXI,0,1,1,0.0682447195424292,128.6501,6.75094816687737
Mumbai,CNG,Manual,Second,14.53,5,3.35,Toyota,Corolla Altis 1.8 G CNG,1,2,2,0.07675194656465409,248.124,5.192994996426018
Jaipur,Petrol,Manual,Second,16.1,4,0.9,Maruti,800 AC,1,0,0,0.04648241200190652,29.452,8.964365256124722
Hyderabad,Petrol,Manual,First,17.0,5,5.5,Honda,City 1.5 V MT,1,2,1,0.07882431524460633,176.646,6.8081698037645175
Kolkata,Petrol,Manual,First,19.1,5,3.99,Maruti,Swift Dzire VXI,0,1,1,0.07167919793510509,102.70259999999999,8.69367319071461
Delhi,Petrol,Automatic,First,19.16,5,18.75,Toyota,Camry Hybrid,1,4,2,0.06343223734425331,394.5508,5.483686319404693
Kolkata,Diesel,Manual,First,24.0,5,3.5,Hyundai,Grand i10 CRDi Sportz,0,1,0,0.06249999994419642,78.4,11.320754716981131
Chennai,Diesel,Automatic,First,11.36,8,16.45,Toyota,Innova Crysta 2.8 GX AT 8S,0,5,2,0.062250453697912725,472.4825,3.025299600532623
Coimbatore,Petrol,Manual,First,20.36,5,3.65,Hyundai,i10 Magna,1,1,0,0.06591478691235189,94.44330000000001,9.267182521620391
Bangalore,Petrol,Automatic,First,18.9,5,5.4,Hyundai,Grand i10 AT Asta,0,1,1,0.06850459476315406,98.154,8.602639963586709
Mumbai,Diesel,Manual,First,27.39,5,8.7,Maruti,Baleno Alpha Diesel,0,1,0,0.059294871747359874,92.352,12.184163701067614
Mumbai,Petrol,Automatic,First,14.67,5,20.75,Skoda,Superb Style 1.8 TSI AT,0,2,3,0.09869855389393851,319.07308,5.243030736240171
Hyderabad,Diesel,Automatic,First,14.84,5,12.5,Mercedes-Benz,New C-Class 220 CDI AT,1,3,2,0.07932804475999625,364.31,4.721603563474388
Kolkata,Diesel,Manual,First,21.1,5,1.89,Maruti,Ritz VDi,0,1,0,0.059214743542295875,92.22720000000001,9.386120996441282
Kolkata,Diesel,Manual,First,23.4,5,4.0,Maruti,Swift Dzire Tour LDI,3,1,0,0.059294871747359874,92.352,10.409252669039144
Mumbai,Petrol,Manual,First,14.8,5,3.95,Honda,Civic 2010-2013 1.8 V MT,0,2,2,0.07237354081580125,234.22979999999998,5.287602715255449
Hyderabad,Diesel,Manual,First,24.52,7,7.85,Maruti,Ertiga SHVS VDI,1,1,1,0.07091346148163985,110.448,10.90747330960854
Kolkata,Diesel,Manual,First,22.7,5,7.0,Hyundai,Elantra CRDi SX,0,2,1,0.07979772434905326,199.71168,8.79163439194423
Hyderabad,Diesel,Automatic,First,12.55,7,24.99,Toyota,Fortuner 4x2 AT,1,5,2,0.05650570085294913,502.467,3.1516825715720747
Delhi,Petrol,Automatic,First,17.21,5,4.5,Volkswagen,Polo GT TSI,1,1,1,0.08654970753003365,124.00919999999999,7.83340919435594
Pune,Diesel,Manual,Third,18.7,5,1.25,Skoda,Octavia Classic 1.9 TDI MT,1,3,0,0.03481012656391871,125.136,6.457182320441989
Delhi,Diesel,Manual,First,20.14,5,3.95,Volkswagen,Polo 1.5 TDI Trendline,0,2,1,0.05927903867871893,133.0224,8.062449959967974
Pune,Petrol,Manual,Second,17.92,5,1.6,Hyundai,Santro Xing GL Plus,1,1,0,0.05718232038933488,67.4406,8.590604026845638
Hyderabad,Petrol,Manual,First,13.2,5,0.6,Hyundai,Accent GLE,2,2,1,0.06287625413854431,140.53,5.290581162324648
Coimbatore,Petrol,Manual,Second,21.1,5,3.39,Hyundai,EON D Lite Plus,0,0,0,0.06781326772995913,44.9328,11.631753031973538
Hyderabad,Diesel,Manual,First,12.8,7,9.8,Toyota,Innova 2.5 V Diesel 7-seater,2,4,1,0.040898155556977484,254.388,3.6634230108757873
Mumbai,Diesel,Manual,First,26.8,5,5.91,Maruti,Ignis 1.3 Zeta,0,1,0,0.059294871747359874,92.352,11.92170818505338
Mumbai,Petrol,Manual,First,21.56,5,8.25,Maruti,Ciaz Alpha,0,2,1,0.07062243497221447,150.9515,8.75710804224208
Mumbai,Petrol,Manual,First,17.5,5,3.75,Maruti,Swift Dzire VXi,0,1,1,0.06610169486432843,111.3684,7.6153176675369885
Hyderabad,Petrol,Automatic,First,18.0,5,12.5,Honda,City i VTEC CVT VX,0,2,1,0.07835671337451121,175.59810000000002,7.2086503804565485
Bangalore,Diesel,Manual,First,17.8,5,5.95,Maruti,Swift VDI BSIV W ABS,1,1,1,0.0907667417004834,141.36956337874662,7.918149466192171
Delhi,Petrol,Manual,First,19.4,5,3.8,Honda,Brio S MT,0,1,1,0.0724540900897712,103.98639999999999,8.826205641492265
Delhi,Diesel,Manual,First,23.59,5,4.35,Toyota,Etios Liva GD,1,1,0,0.04914956008126865,91.44256000000001,9.978849407783418
Hyderabad,Diesel,Automatic,First,13.5,5,32.5,Volvo,XC60 D5,1,4,3,0.08958333329600694,516.0,3.9705882352941178
Kolkata,Petrol,Manual,First,15.64,5,3.0,Tata,Indigo CS eGVX,2,1,0,0.053713327700156466,76.44744,7.131782945736434
Pune,Diesel,Automatic,Second,11.36,7,19.0,Toyota,Innova Crysta 2.8 ZX AT,1,5,2,0.062250453697912725,472.4825,3.025299600532623
Pune,Diesel,Manual,First,20.54,5,5.0,Volkswagen,Vento Diesel Highline,1,2,1,0.064831038757928,165.5528,7.906081601231716
Pune,Diesel,Manual,First,22.7,5,5.45,Ford,Ecosport 1.5 DV5 MT Titanium,1,2,1,0.059973297690271495,134.58032,9.08726981585268
Mumbai,Petrol,Manual,First,18.9,5,2.7,Maruti,Wagon R VXI,0,0,0,0.06723446887050653,66.96579999999999,9.45945945945946
Mumbai,Petrol,Manual,First,13.0,5,10.75,Mercedes-Benz,S-Class 320 L,0,5,3,0.0703046534749566,627.27,3.2605969400551795
Hyderabad,Diesel,Manual,First,20.14,5,5.8,Volkswagen,Polo 1.5 TDI Highline,1,2,1,0.05927903867871893,133.0224,8.062449959967974
Pune,Petrol,Manual,Second,15.3,5,0.95,Tata,Indica GLS BS IV,2,1,0,0.054735959719416624,77.90289999999999,6.976744186046512
Jaipur,Petrol,Manual,Second,16.1,4,0.63,Maruti,800 Std BSIII,1,0,0,0.04648241200190652,29.452,8.964365256124722
Kochi,Diesel,Manual,First,17.1,5,17.55,Jeep,Compass 2.0 Longitude,0,3,2,0.08691206539523923,332.52,5.7848443843031125
Pune,Petrol,Manual,First,24.07,5,3.0,Maruti,Alto K10 LXI Optional,0,0,0,0.06723446887050653,66.96579999999999,12.047047047047048
Bangalore,Diesel,Automatic,First,19.3,5,15.0,Skoda,Octavia Elegance 2.0 TDI AT,0,3,2,0.07164634142700897,277.488,6.502695417789758
Hyderabad,Diesel,Manual,First,26.59,5,6.0,Maruti,Swift Dzire VDI Optional,0,1,0,0.059294871747359874,92.352,11.828291814946619
Mumbai,Diesel,Manual,First,28.09,5,7.65,Maruti,Ciaz VDi Plus SHVS,0,1,1,0.07091346148163985,110.448,12.495551601423486
Jaipur,Diesel,Manual,Second,15.8,5,8.5,Mercedes-Benz,New C-Class C 220 CDI CLASSIC,2,3,2,0.07914338916240997,365.16,5.019059720457434
Kolkata,Diesel,Manual,First,20.0,5,2.25,Ford,Figo Diesel ZXI,0,1,0,0.04860614721329081,95.132,8.336807002917881
Delhi,Petrol,Automatic,Second,14.53,5,4.65,Toyota,Corolla Altis VL,1,2,2,0.07680756391723717,248.3038,5.192994996426018
Mumbai,Diesel,Manual,First,22.7,5,7.85,Maruti,SX4 S Cross DDiS 320 Zeta,0,2,1,0.07384230283238905,188.564,8.737490377213241
Coimbatore,Petrol,Manual,First,15.6,5,3.46,Ford,Figo Petrol ZXI,1,1,0,0.05852842804470867,83.72,7.103825136612023
Mumbai,Petrol,Automatic,First,19.0,5,8.25,Honda,Jazz Exclusive CVT,0,1,1,0.07397831520101891,106.35130000000001,8.640291041382447
Pune,Petrol,Manual,First,17.3,5,1.25,Maruti,Zen LXi - BS III,1,0,0,0.06042296066422662,59.58,8.680381334671349
Bangalore,Diesel,Manual,Third,11.5,7,16.0,Toyota,Fortuner 3.0 Diesel,1,5,2,0.05734406436708784,509.922,2.887995981918634
Jaipur,Diesel,Manual,First,26.21,5,7.4,Maruti,Ciaz ZDi Plus,1,1,1,0.07091346148163985,110.448,11.659252669039144
Kochi,Petrol,Manual,First,25.17,5,3.07,Renault,KWID RXT,1,0,0,0.06670838539836246,42.5867,13.991106170094499
Coimbatore,Petrol,Automatic,First,19.2,5,3.84,Hyundai,i10 Magna AT,0,1,0,0.06683375098844298,95.76,8.739189804278562
Pune,Petrol,Automatic,First,23.1,5,4.2,Maruti,Celerio ZXI AT Optional,1,0,0,0.06717434863008583,66.90592000000001,11.561561561561563
Kochi,Diesel,Manual,First,21.38,5,10.82,Hyundai,Creta 1.4 E Plus Diesel,0,1,1,0.06353868190290925,123.8252,8.923205342237061
Hyderabad,Diesel,Manual,First,27.3,5,6.1,Honda,Jazz 1.5 SV i DTEC,0,2,1,0.06582109474911808,147.7028,10.928742994395515
Kolkata,Petrol,Manual,First,17.0,5,3.1,Honda,City 1.5 S MT,0,2,1,0.07882431524460633,176.646,6.8081698037645175
Chennai,Petrol,Manual,Third,13.7,5,1.0,Mitsubishi,Lancer 1.5 SFXi,2,2,1,0.058446866445199676,125.95439999999999,5.5510534846029165
Coimbatore,Petrol,Manual,First,16.95,5,4.69,Nissan,Sunny XE P,1,2,1,0.06515353800724062,146.20479999999998,6.785428342674138
Mumbai,Petrol,Automatic,First,11.7,5,5.4,Honda,Accord 2.4 AT,1,4,3,0.07544604924577483,418.07039999999995,3.4883720930232553
Mumbai,Diesel,Manual,First,15.1,7,12.0,Mahindra,XUV500 W8 2WD,2,3,2,0.06424965577592949,305.06,4.749921358917899
Mumbai,Petrol,Manual,First,18.6,5,6.5,Hyundai,i20 1.2 Magna Executive,0,1,1,0.0683625730423036,97.95051,8.466090122894856
Chennai,Diesel,Manual,First,23.08,5,3.0,Nissan,Micra Diesel XL,1,2,0,0.04318959613744723,92.18910000000001,9.378301503453878
Kochi,Petrol,Automatic,First,19.12,5,6.9,Maruti,Ciaz AT ZXi,1,1,1,0.06635105603324758,125.0803,8.057311420143279
Chennai,Diesel,Manual,First,20.54,5,4.0,Volkswagen,Vento Diesel Trendline,0,2,1,0.064831038757928,165.5528,7.906081601231716
Chennai,Petrol,Manual,First,17.0,5,4.25,Hyundai,i20 Asta,0,1,0,0.06683375098844298,95.76,7.737824305871643
Hyderabad,Petrol,Manual,First,14.53,5,5.1,Toyota,Corolla Altis G,0,2,2,0.07680756391723717,248.3038,5.192994996426018
Kolkata,Diesel,Manual,First,25.1,5,4.9,Honda,City i DTEC VX,0,2,1,0.06582109474911808,147.7028,10.048038430744596
Pune,Petrol,Manual,Second,20.4,5,3.6,Maruti,Swift VXI BSIV,0,1,1,0.06833751038568293,97.9146,9.28538916704597
Pune,Diesel,Automatic,First,14.21,5,34.0,Mercedes-Benz,E-Class 2009-2013 E250 CDI Elegance,0,3,3,0.09472701815458376,435.029,4.521158129175947
Mumbai,Diesel,Manual,First,12.99,7,8.25,Toyota,Innova 2.5 G (Diesel) 7 Seater,2,4,1,0.040336808323842496,250.8964,3.7178019461934744
Pune,Petrol,Manual,First,16.1,5,1.3,Maruti,Swift Lxi BSIII,1,1,1,0.06795069332207188,114.48360000000001,7.00609225413403
Coimbatore,Diesel,Automatic,First,19.27,5,39.05,Mercedes-Benz,New C-Class C 220d Avantgarde Edition C,0,3,2,0.0782174521333563,359.20966000000004,6.13108495068406
Kolkata,Petrol,Manual,First,18.9,5,3.75,Hyundai,Grand i10 Asta,0,1,1,0.06850459476315406,98.154,8.602639963586709
Mumbai,Petrol,Manual,First,18.9,5,2.1,Maruti,Wagon R LXI BS IV,1,0,0,0.06723446887050653,66.96579999999999,9.45945945945946
Hyderabad,Diesel,Manual,First,22.77,5,8.8,Ford,EcoSport 1.5 TDCi Titanium,0,2,1,0.06581441918169932,147.68782000000002,9.115292233787029
Coimbatore,Petrol,Manual,First,16.47,5,5.84,Volkswagen,Polo 1.2 MPI Comfortline,0,1,0,0.061769615975150564,88.652,7.4931756141947226
Kochi,Petrol,Automatic,First,17.01,5,9.03,Hyundai,Verna 1.6 VTVT AT SX,0,2,1,0.07624135758878607,192.98829999999998,6.565032805866461
Ahmedabad,Petrol,Automatic,Second,24.04,5,3.25,Renault,KWID AMT RXL,0,0,0,0.06706706699993287,66.933,12.02601300650325
Coimbatore,Petrol,Automatic,First,16.5,5,4.9,Honda,Brio S Option AT,0,1,1,0.0724540900897712,103.98639999999999,7.506824385805278
Kochi,Petrol,Manual,First,18.16,5,6.46,Ford,Figo Aspire 1.2 Ti-VCT Titanium,0,1,1,0.07257525077543875,103.81280000000001,8.269581056466302
Bangalore,Diesel,Manual,Second,11.5,7,18.5,Toyota,Fortuner 3.0 Diesel,1,5,2,0.05734406436708784,509.922,2.887995981918634
Ahmedabad,Diesel,Manual,First,25.0,5,2.7,Tata,Indigo eCS eLX BS IV,0,1,0,0.04943409738579219,96.33796000000001,10.434056761268781
Chennai,Diesel,Manual,First,25.83,5,4.6,Ford,Figo 2015-2019 1.5D Ambiente MT,1,2,1,0.06608811744586908,148.302,10.340272217774217
Jaipur,Diesel,Manual,First,23.4,5,5.35,Maruti,Swift Dzire VDI,1,1,0,0.059294871747359874,92.352,10.409252669039144
Pune,Diesel,Manual,First,23.08,5,2.3,Nissan,Micra Diesel XV Primo,1,2,0,0.04318959613744723,92.18910000000001,9.378301503453878
Delhi,Diesel,Automatic,First,19.3,5,15.45,Skoda,Octavia Style Plus 2.0 TDI AT,0,3,2,0.07164634142700897,277.488,6.502695417789758
Hyderabad,Diesel,Automatic,First,16.96,5,12.49,Volkswagen,Jetta 2013-2015 2.0L TDI Highline AT,0,3,2,0.0701371950863124,271.64304,5.714285714285714
Coimbatore,Diesel,Automatic,First,12.07,7,48.76,Audi,Q7 35 TDI Quattro Technology,0,5,4,0.08136164473159366,716.2338000000001,3.0426014620620117
Pune,Petrol,Manual,First,17.0,5,3.2,Hyundai,i20 1.2 Sportz,1,1,0,0.06683375098844298,95.76,7.737824305871643
Delhi,Diesel,Automatic,First,16.07,4,8.75,BMW,3 Series 320d Corporate Edition,1,3,3,0.09072681699712941,361.095,5.365609348914858
Kolkata,Diesel,Manual,First,21.19,5,5.99,Hyundai,i20 Active 1.4 SX Dual Tone,0,1,1,0.06356017187424057,123.86708,8.84390651085142
Chennai,Diesel,Manual,Second,12.7,8,2.9,Mahindra,Scorpio 2.6 DX,2,4,1,0.04469145264672616,304.20939999999996,3.518980326960377
Hyderabad,Petrol,Automatic,First,10.5,0,18.0,Audi,A4 3.2 FSI Tiptronic Quattro,2,6,1,0.035432247012054364,362.1462292643052,2.501786990707648
Kolkata,Diesel,Manual,First,20.0,5,1.8,Ford,Figo Diesel EXI,0,1,0,0.04864188702741823,95.20195,8.336807002917881
Mumbai,Petrol,Manual,First,9.8,5,6.25,Honda,Accord 2.4 Inspire M/T,0,4,3,0.07646559045179882,423.72,2.921884317233155
Bangalore,Diesel,Manual,First,21.9,5,5.45,Hyundai,i20 Sportz 1.4 CRDi,1,1,1,0.06358166184557187,123.90896000000001,9.140233722871452
Mumbai,Diesel,Automatic,First,16.36,5,52.5,Jaguar,XF 2.2 Litre Luxury,0,3,3,0.08614043135101403,408.9983,5.146272412708399
Mumbai,Petrol,Automatic,First,17.1,5,5.6,Hyundai,Verna 1.6 SX VTVT (O) AT,0,2,1,0.07630421113997221,193.14740000000003,6.5997684291779235
Kolkata,Petrol,Manual,First,17.4,5,6.45,Honda,City i VTEC VX Option,0,2,1,0.07835671337451121,175.59810000000002,6.96836203444133
Mumbai,Petrol,Manual,First,18.5,5,3.7,Hyundai,i20 Asta Optional with Sunroof 1.2,0,1,1,0.06921470336740625,99.17145,8.420573509330906
Chennai,Petrol,Manual,First,19.4,5,3.49,Honda,Brio S MT,1,1,1,0.0724540900897712,103.98639999999999,8.826205641492265
Kolkata,Diesel,Manual,First,21.9,5,3.55,Hyundai,i20 Sportz 1.4 CRDi,0,1,1,0.06358166184557187,123.90896000000001,9.140233722871452
Mumbai,Petrol,Manual,First,10.4,5,9.0,Maruti,Grand Vitara 2.4 MT,0,4,2,0.06832427911896186,391.2555,3.065134099616859
Hyderabad,Petrol,Manual,First,19.0,5,2.7,Maruti,A-Star Vxi,1,0,0,0.06623246486349452,65.96779999999998,9.50950950950951
Chennai,Petrol,Manual,First,19.7,5,1.5,Maruti,Alto LXi,1,0,0,0.05816582907265599,36.8548,10.96881959910913
Jaipur,Diesel,Manual,First,16.0,7,15.9,Mahindra,XUV500 W10 2WD,0,3,2,0.06424965577592949,305.06,5.033029254482542
Hyderabad,Diesel,Manual,First,22.9,5,5.2,Maruti,Swift RS VDI,1,1,0,0.059294871747359874,92.352,10.186832740213521
Mumbai,Diesel,Automatic,First,17.05,5,16.25,BMW,X1 sDrive20d,1,3,3,0.09223057639487188,367.08,5.692821368948247
Mumbai,Diesel,Automatic,Second,14.3,5,3.31,Volkswagen,Passat 2.0 PD DSG,1,3,2,0.07113821134596635,275.52,4.818059299191375
Bangalore,Diesel,Automatic,First,16.09,5,24.0,BMW,X3 xDrive20d,1,3,3,0.09223057639487188,367.08,5.37228714524207
Kolkata,Petrol,Manual,First,18.5,5,2.5,Maruti,Ritz VXi,2,1,1,0.07167919793510509,102.70259999999999,8.420573509330906
Jaipur,Diesel,Manual,Second,21.9,5,3.9,Hyundai,i20 Sportz 1.4 CRDi,1,1,1,0.06358166184557187,123.90896000000001,9.140233722871452
Kolkata,Diesel,Manual,First,25.2,5,3.85,Maruti,Swift VDI BSIV,2,1,0,0.059294871747359874,92.352,11.209964412811386
Delhi,Petrol,Manual,First,11.7,5,8.8,Mercedes-Benz,New C-Class 200 Kompressor,1,2,3,0.09910913134793478,319.688,4.184549356223176
Chennai,Petrol,Manual,Second,14.28,5,4.95,Toyota,Corolla Altis 1.8 GL,0,2,2,0.07676863177042902,248.17794,5.103645461043603
Kolkata,Diesel,Manual,First,22.32,5,5.75,Hyundai,Verna 1.6 SX CRDi (O),1,2,1,0.07984829324914772,199.83823999999998,8.644461657629744
Kochi,Diesel,Manual,First,19.01,5,6.17,Renault,Duster 110PS Diesel RxZ,1,2,1,0.07422997941531144,158.44545000000002,7.724502234863876
Chennai,Diesel,Manual,First,17.8,5,3.45,Maruti,Swift Ldi BSIII,1,1,0,0.060096153797999874,93.6,7.918149466192171
Jaipur,Petrol,Manual,First,24.07,5,3.2,Maruti,Alto K10 VXI,1,0,0,0.06723446887050653,66.96579999999999,12.047047047047048
Coimbatore,Petrol,Automatic,First,13.0,5,13.49,Hyundai,Creta 1.6 SX Plus Petrol Automatic,0,2,1,0.07624135758878607,192.98829999999998,5.017367811655731
Delhi,Petrol,Automatic,First,15.04,5,24.5,Mercedes-Benz,CLA 200 CGI Sport,0,3,3,0.09191361120446327,364.353,5.028418589100634
Kolkata,Petrol,Automatic,First,10.1,5,14.7,Honda,CR-V 2.4 4WD AT,0,4,2,0.06457094304818567,357.808,3.011329755515802
Hyderabad,Diesel,Manual,First,22.7,5,6.0,Ford,Ecosport 1.5 DV5 MT Trend,1,2,1,0.059973297690271495,134.58032,9.08726981585268
Coimbatore,Diesel,Automatic,First,13.0,5,34.18,Mercedes-Benz,E-Class 2015-2017 E250 CDI Avantgarde,0,3,3,0.09519365371199551,437.172,4.136175628380529
Delhi,Diesel,Manual,First,24.0,5,3.5,Hyundai,Grand i10 CRDi Magna,0,1,0,0.06249999994419642,78.4,11.320754716981131
Hyderabad,Petrol,Manual,First,16.6,5,2.15,Ford,Fiesta 1.4 Duratec ZXI,1,1,0,0.04899135443156242,94.384,6.951423785594641
Kolkata,Diesel,Automatic,First,17.6,5,11.25,Hyundai,Creta 1.6 SX Automatic Diesel,0,2,1,0.07977243989900604,199.64839999999998,6.816421378776143
Delhi,Petrol,Manual,First,19.0,5,2.0,Maruti,A-Star Lxi,1,0,0,0.06623246486349452,65.96779999999998,9.50950950950951
Kochi,Diesel,Manual,First,23.2,5,4.27,Maruti,Ritz LDi,0,1,0,0.05924679482432147,92.27712,10.320284697508896
Kochi,Petrol,Manual,First,17.8,5,7.68,Honda,City i VTEC SV,0,2,1,0.07835671337451121,175.59810000000002,7.128554265118143
Coimbatore,Diesel,Manual,First,12.99,7,14.52,Toyota,Innova 2.5 GX (Diesel) 7 Seater,1,4,1,0.040336808323842496,250.8964,3.7178019461934744
Mumbai,Petrol,Automatic,Second,11.8,7,16.85,Mercedes-Benz,R-Class R350 4Matic Long,1,7,5,0.07775871924592376,951.456,2.6233881725211203
Mumbai,Diesel,Manual,First,21.14,5,5.75,Skoda,Rapid 1.5 TDI Elegance,0,2,1,0.06910547391915521,155.07296,8.462770216172938
Mumbai,Petrol,Manual,First,15.8,5,8.3,Ford,Ecosport 1.5 Ti VCT MT Titanium,0,2,1,0.07338225478760356,164.89,6.322529011604642
Chennai,Petrol,Automatic,First,23.1,5,3.95,Maruti,Celerio VXI AT,0,0,0,0.06717434863008583,66.90592000000001,11.561561561561563
Mumbai,Petrol,Manual,First,15.04,5,4.8,Volkswagen,Vento Petrol Highline,0,2,1,0.064831038757928,165.5528,5.789068514241724
Ahmedabad,Diesel,Automatic,First,13.5,5,12.0,Volvo,XC60 D5,3,4,3,0.08958333329600694,516.0,3.9705882352941178
Ahmedabad,Diesel,Manual,First,23.59,5,6.25,Toyota,Etios Cross 1.4 GD,0,1,0,0.04914956008126865,91.44256000000001,9.978849407783418
Jaipur,Diesel,Manual,First,19.4,5,2.5,Tata,Indica Vista TDI LX,1,1,0,0.04982206402147896,98.35,8.066528066528065
Pune,Petrol,Automatic,First,18.0,5,7.5,Honda,City i VTEC CVT VX,1,2,1,0.07835671337451121,175.59810000000002,7.2086503804565485
Delhi,Petrol,Manual,First,17.0,5,3.5,Honda,City 1.5 V MT,1,2,1,0.07882431524460633,176.646,6.8081698037645175
Hyderabad,Diesel,Manual,First,18.7,5,1.99,Skoda,Octavia Rider Classic 1.9 TDI,2,3,0,0.03481012656391871,125.136,6.457182320441989
Kolkata,Petrol,Manual,First,14.53,5,2.25,Toyota,Corolla 1.8 J,1,2,2,0.07675194656465409,248.124,5.192994996426018
Delhi,Petrol,Manual,First,16.78,5,3.25,Toyota,Etios G,1,2,1,0.059311497286556485,132.74008,6.7227564102564115
Bangalore,Diesel,Automatic,First,17.05,5,28.5,BMW,X1 sDrive20d,0,3,3,0.09223057639487188,367.08,5.692821368948247
Kolkata,Petrol,Automatic,First,16.4,5,1.5,Honda,City ZX CVT,0,2,0,0.052104208382027915,116.766,6.567881457749299
Delhi,Diesel,Manual,First,22.54,5,7.0,Hyundai,i20 Sportz 1.4 CRDi,0,1,1,0.06356017187424057,123.86708,9.407345575959933
Delhi,Diesel,Automatic,First,13.0,5,27.5,Mercedes-Benz,E-Class E350 CDI,1,5,4,0.08754603277952928,781.1005,3.2605969400551795
Ahmedabad,Diesel,Manual,First,19.67,5,10.5,Hyundai,Creta 1.6 CRDi SX Option,1,2,1,0.07977243989900604,199.64839999999998,7.618125484120838
Jaipur,Diesel,Automatic,Second,15.73,5,21.5,Audi,Q3 2012-2015 2.0 TDI Quattro Premium Plus,1,3,3,0.0885823170281594,343.08144,5.299865229110512
Delhi,Diesel,Automatic,First,12.63,5,35.0,Land,Rover Discovery Sport TD4 HSE,1,3,2,0.06769160162106856,321.4025,3.9729474677571566
Hyderabad,Diesel,Automatic,First,21.66,5,7.99,Skoda,Rapid 1.5 TDI AT Elegance Plus,0,2,1,0.06910547391915521,155.07296,8.670936749399518
Coimbatore,Petrol,Automatic,First,23.1,5,4.88,Maruti,Celerio VXI AT,1,0,0,0.06717434863008583,66.90592000000001,11.561561561561563
Mumbai,Petrol,Automatic,First,11.05,4,40.5,Audi,RS5 Coupe,0,5,8,0.15342087071409094,1284.936,2.837699024139702
Mumbai,Petrol,Manual,First,20.73,5,6.55,Maruti,Ciaz ZXi Plus,0,1,1,0.06635105603324758,125.0803,8.735777496839443
Coimbatore,Diesel,Automatic,First,14.16,5,29.64,Audi,Q5 2.0 TDI Premium Plus,1,3,3,0.08856707312572812,343.0224,4.77088948787062
Coimbatore,Diesel,Manual,Second,20.0,5,4.34,Ford,Figo Diesel Titanium,0,1,0,0.04860614721329081,95.132,8.336807002917881
Kochi,Petrol,Manual,First,18.88,5,6.22,Ford,Ecosport 1.0 Ecoboost Titanium,0,0,1,0.12349349336987639,123.24663000000001,9.444722361180588
Delhi,Petrol,Manual,Second,17.0,5,2.25,Honda,City 1.5 S MT,1,2,1,0.07882431524460633,176.646,6.8081698037645175
Hyderabad,Diesel,Automatic,First,16.36,5,38.0,Jaguar,XF 2.2 Litre Luxury,0,3,3,0.08614043135101403,408.9983,5.146272412708399
Mumbai,Petrol,Manual,Second,20.4,5,2.15,Maruti,Swift VXI BSIV,1,1,1,0.06833751038568293,97.9146,9.28538916704597
Coimbatore,Diesel,Automatic,First,22.48,5,22.45,BMW,5 Series 520d Luxury Line,1,3,3,0.09523809519035684,379.05,7.505843071786311
Coimbatore,Diesel,Automatic,First,15.0,5,20.87,Mercedes-Benz,B Class B200 CDI,0,3,1,0.05006999531027999,229.94389999999999,4.772510340439071
Mumbai,Petrol,Manual,First,19.4,5,3.1,Honda,Brio S MT,0,1,1,0.0724540900897712,103.98639999999999,8.826205641492265
Mumbai,Petrol,Manual,First,18.6,5,5.95,Hyundai,i20 Sportz 1.2,0,1,1,0.0683625730423036,97.95051,8.466090122894856
Mumbai,Diesel,Manual,Second,16.8,5,0.86,Tata,Indica V2 DLG TC,2,1,0,0.048398576478008125,95.54,6.985446985446985
Delhi,Diesel,Manual,First,11.5,7,9.25,Toyota,Fortuner 3.0 Diesel,1,5,2,0.05734406436708784,509.922,2.887995981918634
Mumbai,Petrol,Manual,First,19.81,5,2.25,Hyundai,i10 Sportz 1.1L,0,1,0,0.06266114174708919,73.9023,9.49664429530201
Kochi,Petrol,Manual,First,17.0,5,6.13,Hyundai,i20 1.2 Sportz Option,1,1,0,0.06683375098844298,95.76,7.737824305871643
Kochi,Petrol,Manual,Second,15.4,5,1.81,Maruti,Baleno LXI - BSIII,1,2,1,0.07124332934699792,180.11026103542235,5.9459459459459465
Pune,Petrol,Automatic,Second,15.5,5,3.79,Honda,Amaze S AT i-Vtech,0,1,1,0.07237061763575073,103.8666,7.0518653321201095
Hyderabad,Diesel,Automatic,First,13.33,5,160.0,Land,Rover Range Rover 3.0 Diesel LWB Vogue,0,5,4,0.08519879716498537,763.215,3.338342098672677
Mumbai,Diesel,Manual,First,23.59,5,3.6,Toyota,Etios Liva GD,1,1,1,0.08304757598967921,154.50968305177113,9.978849407783418
Pune,Petrol,Automatic,Second,16.95,5,3.85,Hyundai,i10 Sportz 1.2 AT,0,1,0,0.06591478691235189,94.44330000000001,7.715065999089667
Hyderabad,Diesel,Manual,First,22.07,5,4.5,Volkswagen,Polo Diesel Trendline 1.2L,1,1,0,0.061634695528244625,88.60610000000001,10.03638017280582
Coimbatore,Petrol,Manual,First,21.1,5,8.61,Maruti,Baleno RS Petrol,0,0,1,0.10020040070120201,99.8,10.560560560560562
Ahmedabad,Diesel,Manual,First,21.9,5,6.5,Hyundai,i20 Sportz 1.4 CRDi,1,1,1,0.06358166184557187,123.90896000000001,9.140233722871452
Chennai,Petrol,Automatic,First,11.3,5,2.6,Toyota,Corolla H4,1,2,1,0.06967670007264398,224.25,4.0443808160343595
Pune,Diesel,Manual,First,12.99,7,15.0,Toyota,Innova 2.5 VX (Diesel) 7 Seater,1,4,1,0.040336808323842496,250.8964,3.7178019461934744
Pune,Petrol,Automatic,First,23.1,5,4.7,Maruti,Celerio VXI AT Optional,0,0,0,0.06717434863008583,66.90592000000001,11.561561561561563
Hyderabad,Diesel,Automatic,First,19.3,5,12.99,Skoda,Octavia Elegance 2.0 TDI AT,2,3,2,0.07164634142700897,277.488,6.502695417789758
Kochi,Petrol,Manual,First,17.3,7,7.32,Honda,Mobilio S i VTEC,0,2,1,0.07835671337451121,175.59810000000002,6.928313976772127
Delhi,Diesel,Manual,Second,23.9,5,6.5,Hyundai,Verna 1.6 CRDi SX,1,2,1,0.07977243989900604,199.64839999999998,9.256390395042603
Coimbatore,Petrol,Manual,Second,17.0,5,5.67,Honda,City 1.5 S MT,0,2,1,0.07882431524460633,176.646,6.8081698037645175
Chennai,Diesel,Manual,Second,19.68,5,3.0,Ford,Classic 1.4 Duratorq Titanium,1,1,0,0.04789135093074242,93.733,8.203418090871196
Delhi,Diesel,Manual,Second,26.21,5,5.5,Maruti,Ciaz ZDi,0,1,1,0.07091346148163985,110.448,11.659252669039144
Pune,Petrol,Manual,First,18.9,5,3.35,Maruti,Wagon R VXI BS IV,0,0,0,0.06723446887050653,66.96579999999999,9.45945945945946
Coimbatore,Diesel,Automatic,First,14.94,5,25.02,Audi,A4 3.0 TDI Quattro,0,5,4,0.08136164473159366,716.2338000000001,3.766070078144694
Coimbatore,Petrol,Automatic,First,19.16,5,26.11,Toyota,Camry Hybrid 2.5,0,4,3,0.07063530355020696,436.89128999999997,5.4946945798680815
Coimbatore,Petrol,Manual,First,18.6,5,7.09,Hyundai,i20 Asta 1.2,0,1,1,0.0683625730423036,97.95051,8.466090122894856
Delhi,CNG,Manual,First,21.4,5,2.65,Maruti,SX4 Green Vxi (CNG),1,2,1,0.06513240853396443,163.8338,8.275328692962102
Delhi,Petrol,Manual,First,18.9,5,6.5,Hyundai,Grand i10 1.2 Kappa Asta,0,1,1,0.06838763569892427,97.98642,8.602639963586709
Chennai,Diesel,Manual,First,22.07,5,4.5,Volkswagen,Polo Diesel Trendline 1.2L,1,1,0,0.061634695528244625,88.60610000000001,10.03638017280582
Chennai,Diesel,Automatic,First,15.97,5,57.0,BMW,X5 xDrive 30d M Sport,0,5,4,0.08620113595516167,772.194,3.9994991234660655
Kochi,Petrol,Manual,First,16.47,5,3.82,Volkswagen,Polo Petrol Comfortline 1.2L,1,1,0,0.061686143521130096,88.53220000000002,7.4931756141947226
Jaipur,Diesel,Manual,First,20.45,5,5.25,Renault,Duster 85PS Diesel RxE,1,2,1,0.057357973951158124,122.43180000000001,8.309630231613164
Coimbatore,Petrol,Automatic,First,14.67,5,16.81,Skoda,Superb Style 1.8 TSI AT,1,2,3,0.09869855389393851,319.07308,5.243030736240171
Delhi,Diesel,Automatic,First,14.16,5,21.5,Audi,Q5 2.0 TDI,1,3,3,0.08856707312572812,343.0224,4.77088948787062
Hyderabad,Diesel,Manual,First,27.39,5,8.5,Maruti,Baleno Delta 1.3,0,1,0,0.059294871747359874,92.352,12.184163701067614
Delhi,Petrol,Manual,First,16.47,5,3.25,Volkswagen,Polo Petrol Comfortline 1.2L,1,1,0,0.061686143521130096,88.53220000000002,7.4931756141947226
Coimbatore,Diesel,Automatic,First,13.5,6,27.11,Mitsubishi,Pajero Sport 4X4 AT,0,4,3,0.07087605972108355,434.86212,3.8826574633304576
Mumbai,Petrol,Manual,First,20.73,5,5.95,Maruti,Ciaz VXi Plus,1,1,1,0.06635105603324758,125.0803,8.735777496839443
Kochi,Diesel,Manual,First,19.87,5,6.79,Renault,Duster 85PS Diesel RxL Option,1,2,1,0.057357973951158124,122.43180000000001,8.073953677366923
Mumbai,Petrol,Manual,First,21.1,5,2.55,Hyundai,EON D Lite Plus Option,0,0,0,0.06781326772995913,44.9328,11.631753031973538
Pune,Petrol,Manual,Second,10.8,5,3.7,Honda,CR-V 2.4 MT,1,4,2,0.06457094304818567,357.808,3.2200357781753133
Bangalore,Petrol,Manual,Second,17.01,5,6.75,Hyundai,Verna 1.6 SX VTVT,0,2,1,0.07624135758878607,192.98829999999998,6.565032805866461
Kolkata,Petrol,Manual,First,14.28,5,6.95,Toyota,Corolla Altis JS MT,0,2,2,0.07676863177042902,248.17794,5.103645461043603
Kochi,Petrol,Manual,First,15.5,5,2.78,Maruti,SX4 ZXI MT BSIV,1,2,1,0.06513240853396443,163.8338,5.993812838360402
Coimbatore,Petrol,Manual,First,16.47,5,6.18,Volkswagen,Polo Petrol Comfortline 1.2L,0,1,0,0.061686143521130096,88.53220000000002,7.4931756141947226
Bangalore,Diesel,Automatic,First,14.16,5,36.0,Audi,Q5 30 TDI quattro Premium Plus,1,3,3,0.08856707312572812,343.0224,4.77088948787062
Coimbatore,Petrol,Manual,First,17.0,5,5.81,Honda,City 1.5 V MT,1,2,1,0.07882431524460633,176.646,6.8081698037645175
Pune,Petrol,Manual,First,22.5,5,3.41,Maruti,Wagon R VXI,0,0,0,0.06717434863008583,66.90592000000001,11.261261261261263
Bangalore,Diesel,Automatic,First,13.5,6,26.5,Mitsubishi,Pajero Sport 4X4 AT,0,4,3,0.07087605972108355,434.86212,3.8826574633304576
Hyderabad,Petrol,Automatic,First,14.7,5,16.0,Skoda,Octavia Elegance 1.8 TSI AT,0,2,3,0.09872080083497174,319.145,5.253752680486061
Kochi,Diesel,Manual,First,19.67,5,12.13,Hyundai,Creta 1.6 CRDi SX Option,0,2,1,0.07977243989900604,199.64839999999998,7.618125484120838
Hyderabad,Petrol,Manual,Second,19.7,5,1.8,Maruti,Alto LXi BSIII,1,0,0,0.05816582907265599,36.8548,10.96881959910913
Pune,Petrol,Manual,First,16.8,5,6.25,Honda,City V MT,1,2,1,0.07768871070294675,174.1011,6.728073688426112
Chennai,Petrol,Manual,First,22.7,5,2.75,Datsun,redi-GO S,0,0,0,0.06633291606216156,42.347,12.618121178432462
Pune,Diesel,Manual,First,17.67,5,6.0,Skoda,Yeti Ambition 4WD,1,3,2,0.07016260159036454,271.74144,5.953504043126685
Delhi,Petrol,Automatic,First,14.8,5,11.56,Mercedes-Benz,B Class B180,0,2,1,0.07567398114377806,192.5165,5.703275529865126
Mumbai,Petrol,Automatic,Second,17.21,5,5.2,Volkswagen,Polo GT TSI,0,1,1,0.08654970753003365,124.00919999999999,7.83340919435594
Coimbatore,Diesel,Manual,First,22.77,5,7.52,Ford,EcoSport 1.5 TDCi Titanium,1,2,1,0.06581441918169932,147.68782000000002,9.115292233787029
Coimbatore,Petrol,Manual,First,15.29,5,12.49,Hyundai,Creta 1.6 SX Plus Dual Tone Petrol,0,2,1,0.07624135758878607,192.98829999999998,5.901196449247394
Coimbatore,Diesel,Manual,First,14.24,7,35.82,Toyota,Fortuner 2.8 2WD MT,1,5,3,0.0633393829171182,480.7475,3.7922769640479363
Chennai,Petrol,Manual,First,20.85,5,6.25,Maruti,Swift Dzire ZXI,0,1,1,0.06945697571473937,99.51858,9.490213928083751
Coimbatore,Petrol,Manual,First,17.0,5,6.22,Hyundai,i20 1.2 Asta with AVN,0,1,0,0.06683375098844298,95.76,7.737824305871643
Bangalore,Petrol,Manual,First,15.4,7,8.02,Honda,BR-V i-VTEC S MT,0,2,1,0.07835671337451121,175.59810000000002,6.16740088105727
Mumbai,Petrol,Manual,First,23.1,5,3.75,Maruti,Celerio ZXI,0,0,0,0.06717434863008583,66.90592000000001,11.561561561561563
Mumbai,Petrol,Automatic,Second,10.93,5,11.75,Mercedes-Benz,E-Class 2009-2013 E350 Petrol,1,7,5,0.07775871924592376,951.456,2.42996887505558
Kolkata,Petrol,Manual,First,20.36,5,2.25,Hyundai,i10 Magna 1.2 iTech SE,0,1,0,0.06591478691235189,94.44330000000001,9.267182521620391
Mumbai,Petrol,Manual,First,17.71,5,3.55,Toyota,Etios Liva V,0,1,0,0.06591478691235189,94.44330000000001,8.060992262175695
Coimbatore,Diesel,Automatic,First,15.0,5,38.15,Mercedes-Benz,E-Class 2015-2017 E250 Edition E,0,3,3,0.09519365371199551,437.172,4.772510340439071
Ahmedabad,Petrol,Manual,First,21.1,5,2.66,Hyundai,EON D Lite Plus,0,0,0,0.06781326772995913,44.9328,11.631753031973538
Bangalore,Petrol,Manual,First,17.0,5,4.95,Honda,City 1.5 S MT,1,2,1,0.07882431524460633,176.646,6.8081698037645175
Chennai,Petrol,Automatic,First,13.0,5,6.5,Mercedes-Benz,S-Class 280 AT,2,5,3,0.0703046534749566,627.27,3.2605969400551795
Pune,Diesel,Manual,Second,25.0,5,2.4,Tata,Indigo CS eVX,1,1,0,0.04943409738579219,96.33796000000001,10.434056761268781
Pune,Petrol,Manual,First,15.29,5,12.5,Hyundai,Creta 1.6 VTVT S,0,2,1,0.07624135758878607,192.98829999999998,5.901196449247394
Pune,Petrol,Manual,First,20.51,5,3.0,Maruti,Wagon R LXI BS IV,0,0,0,0.06717434863008583,66.90592000000001,10.265265265265267
Kochi,Diesel,Manual,First,28.4,5,6.67,Maruti,Dzire VDI,1,1,0,0.05909455123469987,92.04,12.633451957295371
Coimbatore,Petrol,Manual,Fourth & Above,13.8,5,1.97,Ford,Ikon 1.3 Flair,1,1,0,0.05388760580917043,90.93,6.002609830361027
Kolkata,Petrol,Manual,First,16.47,5,2.8,Volkswagen,Polo Petrol Comfortline 1.2L,0,1,0,0.061686143521130096,88.53220000000002,7.4931756141947226
Jaipur,Petrol,Manual,First,20.36,5,2.65,Hyundai,i10 Magna 1.2,0,1,0,0.06591478691235189,94.44330000000001,9.267182521620391
Chennai,Diesel,Manual,First,18.2,8,4.75,Chevrolet,Enjoy 1.3 TCDi LTZ 8,0,1,0,0.05908653841419347,92.02752,8.096085409252668
Bangalore,Petrol,Automatic,Second,10.5,5,19.0,Mercedes-Benz,E-Class 200 Kompressor Elegance,0,2,2,0.08780623603128827,283.22919999999993,3.7553648068669525
Bangalore,Diesel,Manual,First,17.8,5,4.5,Maruti,Swift Vdi BSIII,1,1,0,0.060096153797999874,93.6,7.918149466192171
Hyderabad,Diesel,Manual,First,15.1,7,8.25,Mahindra,XUV500 W8 4WD,2,3,2,0.06424965577592949,305.06,4.749921358917899
Pune,Petrol,Manual,First,17.71,5,3.5,Toyota,Etios Liva G,1,1,0,0.06591478691235189,94.44330000000001,8.060992262175695
Pune,Diesel,Manual,First,15.1,7,8.5,Mahindra,XUV500 W8 4WD,1,3,2,0.06424965577592949,305.06,4.749921358917899
Hyderabad,Petrol,Manual,First,15.29,5,9.0,Hyundai,Creta 1.6 VTVT S,0,2,1,0.07624135758878607,192.98829999999998,5.901196449247394
Hyderabad,Diesel,Manual,First,26.0,5,6.75,Honda,City i DTEC SV,1,2,1,0.06582109474911808,147.7028,10.408326661329061
Hyderabad,Diesel,Manual,First,19.3,5,5.4,Maruti,Swift Dzire VDi,2,1,0,0.059214743542295875,92.22720000000001,8.585409252669038
Delhi,Petrol,Manual,First,20.51,5,3.5,Maruti,Wagon R LXI BS IV,0,0,0,0.06717434863008583,66.90592000000001,10.265265265265267
Hyderabad,Petrol,Manual,First,21.1,5,2.6,Hyundai,EON Era Plus,1,0,0,0.06781326772995913,44.9328,11.631753031973538
Bangalore,Diesel,Automatic,First,11.36,7,20.5,Toyota,Innova Crysta 2.8 ZX AT,1,5,2,0.062250453697912725,472.4825,3.025299600532623
Kochi,Petrol,Manual,Second,15.8,5,11.31,Hyundai,Creta 1.6 SX Option,0,2,1,0.07624135758878607,192.98829999999998,6.09803164801235
Kolkata,Petrol,Manual,First,20.51,5,4.5,Maruti,Wagon R VXI Plus,0,0,0,0.06717434863008583,66.90592000000001,10.265265265265267
Chennai,Diesel,Automatic,First,11.3,7,56.0,Mercedes-Benz,GL-Class 350 CDI Blue Efficiency,0,5,4,0.08530297954961401,761.0876,2.834211186355656
Kochi,Petrol,Manual,First,23.1,5,5.2,Maruti,Celerio VXI,0,0,0,0.06717434863008583,66.90592000000001,11.561561561561563
Delhi,Diesel,Manual,First,12.05,8,5.25,Mahindra,Scorpio SLE BSIV,1,3,1,0.05507113352222527,261.48,3.7905001572821644
Kochi,Petrol,Manual,First,22.7,5,3.6,Datsun,redi-GO T Option,0,0,0,0.06713391731272352,42.85836,12.618121178432462
Pune,Diesel,Manual,First,21.2,5,3.3,Fiat,Grande Punto EVO 1.3 Active,1,1,0,0.060096153797999874,93.6,9.430604982206404
Kolkata,Diesel,Manual,First,22.7,5,5.85,Hyundai,Elantra CRDi SX,0,2,1,0.07979772434905326,199.71168,8.79163439194423
Delhi,Petrol,Manual,First,19.1,5,3.9,Maruti,Swift Dzire LXI,1,1,1,0.07167919793510509,102.70259999999999,8.69367319071461
Delhi,Diesel,Automatic,First,16.55,5,7.98,Audi,A4 2.0 TDI Multitronic,1,3,2,0.07113821134596635,275.52,5.576145552560647
Mumbai,Petrol,Automatic,First,16.5,5,4.3,Honda,Brio VX AT,0,1,1,0.0724540900897712,103.98639999999999,7.506824385805278
Kolkata,Petrol,Manual,First,18.9,5,2.25,Maruti,Wagon R LXI BS IV,0,0,0,0.06723446887050653,66.96579999999999,9.45945945945946
Ahmedabad,Petrol,Manual,First,19.81,5,3.2,Hyundai,i10 Magna 1.1,0,1,0,0.06266114174708919,73.9023,9.49664429530201
Hyderabad,Diesel,Manual,First,22.32,5,6.55,Hyundai,Verna 1.6 SX,1,2,1,0.07984829324914772,199.83823999999998,8.644461657629744
Bangalore,Diesel,Manual,Second,22.32,5,6.9,Hyundai,Verna 1.6 SX,1,2,1,0.07984829324914772,199.83823999999998,8.644461657629744
Chennai,Diesel,Manual,First,23.2,5,2.95,Maruti,Ritz VDi,1,1,0,0.05924679482432147,92.27712,10.320284697508896
Coimbatore,Diesel,Manual,First,20.5,5,11.45,Hyundai,Creta 1.6 SX Option Diesel,2,2,1,0.07977243989900604,199.64839999999998,7.939581719597212
Kochi,Petrol,Manual,First,21.4,5,6.37,Maruti,Baleno Delta,0,1,1,0.06942355883924514,99.4707,9.740555302685479
Jaipur,Diesel,Manual,First,22.32,5,5.0,Hyundai,Verna 1.6 CRDI,1,2,1,0.07983565102412411,199.8066,8.644461657629744
Chennai,Diesel,Manual,Second,22.3,5,2.6,Tata,Indica Vista Quadrajet VX,2,1,0,0.059294871747359874,92.352,9.919928825622776
Kolkata,Petrol,Manual,First,18.5,5,1.9,Hyundai,i20 1.2 Magna,0,1,0,0.06683375098844298,95.76,8.420573509330906
Kochi,Diesel,Automatic,First,17.85,4,60.95,Porsche,Panamera Diesel,1,5,5,0.10111223454630529,890.1,4.499621880514243
Coimbatore,Petrol,Manual,First,15.1,5,4.44,Maruti,Eeco Smiles 5 Seater AC,0,1,0,0.06103678924662475,87.308,6.876138433515483
Chennai,Diesel,Automatic,Second,22.69,5,15.3,BMW,3 Series 320d Sport,1,3,3,0.09523809519035684,379.05,7.5759599332220375
Chennai,Diesel,Manual,Second,25.47,7,8.2,Maruti,Ertiga VDI,1,1,1,0.07091346148163985,110.448,11.330071174377222
Ahmedabad,Petrol,Automatic,First,16.9,5,5.25,Hyundai,Xcent 1.2 Kappa AT S Option,1,1,1,0.06838763569892427,97.98642,7.692307692307692
Pune,Petrol,Automatic,Second,16.93,5,8.5,Volkswagen,Vento 1.2 TSI Highline AT,1,1,1,0.08621553877509144,123.53040000000001,7.705962676376878
Chennai,Diesel,Automatic,First,15.73,5,23.75,Audi,Q3 35 TDI Quattro Premium,0,3,3,0.0885823170281594,343.08144,5.299865229110512
Delhi,Petrol,Manual,First,19.81,5,2.74,Hyundai,i10 Magna 1.1,1,1,0,0.06266114174708919,73.9023,9.49664429530201
Coimbatore,Diesel,Automatic,First,16.96,5,13.83,Volkswagen,Jetta 2013-2015 2.0L TDI Highline AT,0,3,2,0.0701371950863124,271.64304,5.714285714285714
Mumbai,Petrol,Manual,First,21.1,5,6.99,Maruti,Baleno RS 1.0 Petrol,0,0,1,0.10020040070120201,99.8,10.560560560560562
Jaipur,Petrol,Manual,First,19.81,5,2.25,Hyundai,i10 Era,1,1,0,0.06266114174708919,73.9023,9.49664429530201
Hyderabad,Diesel,Manual,First,12.8,8,11.49,Toyota,Innova 2.5 G4 Diesel 8-seater,1,4,1,0.040898155556977484,254.388,3.6634230108757873
Coimbatore,Petrol,Manual,Second,18.6,5,2.87,Chevrolet,Beat LT,0,1,0,0.06622185148772156,95.20060000000001,8.458390177353344
Kolkata,Diesel,Manual,First,12.8,8,3.25,Toyota,Innova 2.5 G3,1,4,1,0.040898155556977484,254.388,3.6634230108757873
Pune,Petrol,Manual,Second,9.8,5,3.5,Honda,Accord 2.4 Inspire M/T,1,4,3,0.07646559045179882,423.72,2.921884317233155
Kochi,Diesel,Manual,First,25.32,6,4.49,Mahindra,KUV 100 mFALCON D75 K4 Plus,1,1,0,0.06427378959576478,92.246,11.519563239308463
Jaipur,Diesel,Manual,First,22.07,5,2.9,Volkswagen,Polo Diesel Trendline 1.2L,1,1,0,0.061634695528244625,88.60610000000001,10.03638017280582
Coimbatore,Petrol,Manual,First,12.4,8,12.36,Toyota,Innova 2.0 GX 8 STR,1,3,2,0.06606606603299996,263.736,4.136090727151434
Mumbai,Diesel,Automatic,First,11.79,8,6.0,Mahindra,Scorpio VLX AT AIRBAG BSIV,0,3,1,0.05507113352222527,261.48,3.7087134318968227
Chennai,Diesel,Automatic,First,16.46,5,31.0,BMW,7 Series 730Ld Sedan,1,5,4,0.08620113595516167,772.194,4.12221387427999
Kolkata,Diesel,Manual,First,25.6,5,5.49,Honda,City i-DTEC SV,0,2,1,0.06582109474911808,147.7028,10.248198558847077
Coimbatore,Diesel,Manual,First,22.07,5,5.86,Volkswagen,Polo Diesel Comfortline 1.2L,0,1,0,0.061634695528244625,88.60610000000001,10.03638017280582
Mumbai,Diesel,Manual,First,16.0,7,9.0,Mahindra,XUV500 W8 2WD,1,3,2,0.06424965577592949,305.06,5.033029254482542
Jaipur,Petrol,Manual,First,16.09,5,7.7,Volkswagen,Vento 1.6 Highline,0,2,1,0.0647684605351887,165.393,6.193225558121632
Coimbatore,Petrol,Manual,First,17.4,5,9.47,Honda,City i VTEC V,0,2,1,0.07835671337451121,175.59810000000002,6.96836203444133
Bangalore,Diesel,Automatic,First,14.16,5,29.0,Audi,Q5 2.0 TDI Premium Plus,1,3,3,0.08856707312572812,343.0224,4.77088948787062
Kochi,Petrol,Automatic,First,17.0,5,5.42,Honda,City 1.5 V AT Exclusive,1,2,1,0.07882431524460633,176.646,6.8081698037645175
Coimbatore,Petrol,Manual,First,20.4,5,6.39,Maruti,Swift VXI BSIV,1,1,1,0.06833751038568293,97.9146,9.28538916704597
Jaipur,Petrol,Manual,First,22.74,5,2.75,Maruti,Alto 800 LXI,0,0,0,0.059422110478112924,37.6508,12.661469933184854
Chennai,Diesel,Manual,First,20.0,5,2.5,Ford,Figo Diesel Titanium,3,1,0,0.04860614721329081,95.132,8.336807002917881
Delhi,Petrol,Manual,First,17.92,5,2.35,Hyundai,Santro Xing GL Plus,1,1,0,0.05718232038933488,67.4406,8.590604026845638
Coimbatore,Petrol,Manual,First,18.9,5,4.65,Maruti,Wagon R VXI,0,0,0,0.06723446887050653,66.96579999999999,9.45945945945946
Ahmedabad,Diesel,Manual,First,26.0,5,6.0,Honda,City i DTEC SV,1,2,1,0.06582109474911808,147.7028,10.408326661329061
Pune,Petrol,Manual,Second,16.8,5,3.5,Honda,City V MT AVN,1,2,1,0.07768871070294675,174.1011,6.728073688426112
Hyderabad,Diesel,Manual,First,25.1,5,7.0,Honda,City i DTEC VX,1,2,1,0.06582109474911808,147.7028,10.048038430744596
Bangalore,Petrol,Manual,First,17.0,5,7.75,Hyundai,Verna VTVT 1.6 SX,0,2,1,0.07624135758878607,192.98829999999998,6.561173292165186
Kochi,Petrol,Manual,First,24.07,5,2.93,Maruti,Alto K10 LXI,1,0,0,0.06723446887050653,66.96579999999999,12.047047047047048
Kolkata,Diesel,Automatic,First,14.21,5,22.5,Mercedes-Benz,E-Class 2009-2013 E250 CDI Avantgarde,0,3,3,0.09472701815458376,435.029,4.521158129175947
Coimbatore,Diesel,Automatic,First,11.2,4,40.66,BMW,X6 xDrive30d,0,5,4,0.08052121614416265,721.313,2.8049085900325568
Pune,Petrol,Manual,First,14.0,5,1.75,Maruti,Wagon R LXI BSIII,1,1,0,0.060320452346540564,67.904,6.792819019893256
Hyderabad,Diesel,Manual,Second,19.72,5,8.2,Renault,Duster RXZ AWD,1,2,1,0.07422997941531144,158.44545000000002,8.013002844372204
Delhi,Diesel,Manual,First,12.05,8,4.49,Mahindra,Scorpio VLX 2.2 mHawk Airbag BSIV,1,3,1,0.05507113352222527,261.48,3.7905001572821644
Chennai,Diesel,Automatic,First,10.91,7,26.5,Ford,Endeavour 3.2 Trend AT 4X4,0,6,3,0.06166353969303829,630.6456,2.598856598380181
Hyderabad,Petrol,Manual,First,19.0,5,2.6,Maruti,Zen Estilo LXI BS IV,1,0,0,0.06723446887050653,66.96579999999999,9.50950950950951
Kolkata,Petrol,Manual,First,20.36,5,2.49,Hyundai,i10 Asta,0,1,0,0.06591478691235189,94.44330000000001,9.267182521620391
Hyderabad,Petrol,Automatic,First,16.5,5,5.4,Honda,Brio VX AT,0,1,1,0.0724540900897712,103.98639999999999,7.506824385805278
Jaipur,Petrol,Automatic,First,20.51,5,4.35,Maruti,Wagon R AMT VXI,0,0,0,0.06713426846980534,66.866,10.265265265265267
Coimbatore,Diesel,Automatic,First,18.51,5,32.73,Audi,Q3 30 TDI Premium FWD,0,3,2,0.0749542682545964,290.29967999999997,6.236522911051213
Jaipur,Petrol,Manual,First,18.9,5,2.5,Maruti,Wagon R LXI,1,0,0,0.06723446887050653,66.96579999999999,9.45945945945946
Kochi,Diesel,Automatic,First,18.25,5,21.66,Audi,A4 35 TDI Premium Plus,0,3,3,0.09539634141494088,369.47232,6.148921832884096
Mumbai,Petrol,Manual,First,25.17,5,2.99,Renault,KWID RXT Optional,0,0,0,0.06670838539836246,42.5867,13.991106170094499
Kolkata,Petrol,Manual,First,24.7,5,2.61,Maruti,Alto 800 2016-2019 VXI,0,0,0,0.059422110478112924,37.6508,13.752783964365255
Delhi,Diesel,Manual,First,12.99,8,8.25,Toyota,Innova 2.5 GX (Diesel) 8 Seater,1,4,1,0.04009623093821322,249.4,3.7178019461934744
Pune,Petrol,Automatic,First,14.53,5,12.5,Toyota,Corolla Altis 2008-2013 1.8 VL AT,0,2,2,0.07697881824025705,247.7514,5.200429491768074
Hyderabad,Diesel,Manual,First,25.83,5,5.5,Ford,Figo 2015-2019 1.5D Titanium Plus MT,0,2,1,0.06608811744586908,148.302,10.340272217774217
Coimbatore,Petrol,Manual,First,19.4,5,5.53,Honda,Brio S MT,0,1,1,0.0724540900897712,103.98639999999999,8.826205641492265
Pune,Petrol,Manual,Second,14.2,5,1.1,Ford,Ikon 1.6 ZXI NXt,1,2,1,0.05760801499210518,146.924,5.467847516365036
Mumbai,Diesel,Manual,First,12.05,7,6.85,Mahindra,Scorpio 2009-2014 LX 2WD 7S,1,3,1,0.05507113352222527,261.48,3.7905001572821644
Coimbatore,Petrol,Manual,First,13.0,5,17.09,Mercedes-Benz,S-Class 320 L,1,5,3,0.0703046534749566,627.27,3.2605969400551795
Delhi,Diesel,Manual,Second,12.05,8,4.93,Mahindra,Scorpio SLE BSIV,1,3,1,0.05507113352222527,261.48,3.7905001572821644
Ahmedabad,Diesel,Automatic,Second,12.39,5,17.5,Land,Rover Freelander 2 SE,1,3,2,0.06769619088219542,321.42429,3.8974520289399184
Delhi,Petrol,Manual,First,18.6,5,1.95,Chevrolet,Beat LS,1,1,0,0.06622185148772156,95.20060000000001,8.458390177353344
Bangalore,Diesel,Manual,First,22.9,5,6.1,Maruti,Swift ZDi,1,1,0,0.059294871747359874,92.352,10.186832740213521
Mumbai,Petrol,Manual,Second,13.4,5,1.8,Toyota,Corolla H2,0,2,1,0.06967670007264398,224.25,4.795991410164639
Bangalore,Diesel,Automatic,First,13.22,5,34.5,Audi,Q5 3.0 TDI Quattro,1,5,4,0.08136164473159366,716.2338000000001,3.332493067809428
Coimbatore,Petrol,Manual,First,21.1,5,4.01,Hyundai,EON Era Plus,0,0,0,0.06781326772995913,44.9328,11.631753031973538
Kolkata,Petrol,Manual,First,19.5,5,3.15,Honda,Amaze S Petrol,0,1,1,0.07402835690239502,106.42324,8.867667121418828
Mumbai,Petrol,Automatic,First,17.01,5,5.49,Ford,Figo Aspire 1.5 Ti-VCT Titanium,0,2,1,0.07371581049118357,165.6395,6.80672268907563
Bangalore,Diesel,Automatic,Second,19.6,5,10.0,Renault,Duster 110PS Diesel RxL AMT,0,2,1,0.07422997941531144,158.44545000000002,7.964242177976431
Kolkata,Petrol,Automatic,First,15.6,5,4.55,Honda,City V AT,0,2,1,0.07768871070294675,174.1011,6.247496996395675
Mumbai,Petrol,Manual,First,19.7,5,1.5,Maruti,Alto LXi,1,0,0,0.05816582907265599,36.8548,10.96881959910913
Kolkata,Petrol,Manual,First,20.36,5,2.15,Hyundai,i10 Magna 1.2,0,1,0,0.06591478691235189,94.44330000000001,9.267182521620391
Chennai,Petrol,Manual,Second,18.0,5,1.4,Chevrolet,Spark 1.0 LS,0,0,0,0.06231155772632004,61.69,9.022556390977442
Bangalore,Diesel,Manual,First,21.14,5,6.2,Skoda,Rapid 1.5 TDI Ambition Plus,1,2,1,0.06915887845850541,155.19279999999998,8.462770216172938
Mumbai,Diesel,Automatic,First,17.68,5,19.8,Audi,A6 2011-2015 2.0 TDI Premium Plus,1,3,3,0.0885823170281594,343.08144,5.9568733153638815
Mumbai,Petrol,Manual,First,18.7,5,5.6,Honda,Jazz 1.2 V i VTEC,0,1,1,0.07397831520101891,106.35130000000001,8.503865393360618
Mumbai,Petrol,Manual,First,15.29,5,9.5,Hyundai,Creta 1.6 SX Plus Dual Tone Petrol,0,2,1,0.07624135758878607,192.98829999999998,5.901196449247394
Delhi,Petrol,Manual,First,18.6,5,2.21,Chevrolet,Beat LS,1,1,0,0.06622185148772156,95.20060000000001,8.458390177353344
Coimbatore,Petrol,Manual,First,22.7,5,3.31,Datsun,redi-GO T Option,0,0,0,0.06713391731272352,42.85836,12.618121178432462
Kochi,Petrol,Manual,First,19.1,5,5.44,Hyundai,Xcent 1.2 Kappa S Option,0,1,1,0.06838763569892427,97.98642,8.69367319071461
Kolkata,Petrol,Automatic,First,10.0,5,7.56,Mercedes-Benz,E-Class 230 E AT,0,4,2,0.06318108971827681,393.6192,2.8604118993135015
Jaipur,Diesel,Manual,Second,22.9,5,3.2,Maruti,Swift ZDi,2,1,0,0.059294871747359874,92.352,10.186832740213521
Kochi,Petrol,Manual,First,23.1,5,5.53,Maruti,Celerio ZXI,0,0,0,0.06717434863008583,66.90592000000001,11.561561561561563
Hyderabad,Diesel,Automatic,First,19.3,5,17.0,Skoda,Octavia Elegance 2.0 TDI AT,1,3,2,0.07164634142700897,277.488,6.502695417789758
Delhi,Petrol,Automatic,First,16.8,5,3.55,Honda,City 1.5 V AT,1,2,1,0.07882431524460633,176.646,6.728073688426112
Chennai,Petrol,Automatic,Second,9.0,5,2.65,Honda,Accord V6 AT,2,5,3,0.07273940604846867,653.346,2.2516887665749317
Mumbai,Petrol,Automatic,First,14.67,5,17.85,Skoda,Superb Style 1.8 TSI AT,1,2,3,0.09869855389393851,319.07308,5.243030736240171
Coimbatore,Diesel,Manual,First,12.99,8,7.96,Toyota,Innova 2.5 G (Diesel) 8 Seater,2,4,1,0.040336808323842496,250.8964,3.7178019461934744
Pune,Petrol,Automatic,First,23.1,5,4.25,Maruti,Celerio VXI AT,0,0,0,0.06717434863008583,66.90592000000001,11.561561561561563
Kolkata,Diesel,Manual,First,20.77,7,5.85,Maruti,Ertiga VDI,0,1,1,0.07112179481480625,110.77248000000002,9.239323843416368
Mumbai,Diesel,Automatic,First,20.0,5,13.0,Mercedes-Benz,A Class A180 CDI,0,3,1,0.05006999531027999,229.94389999999999,6.363347120585429
Kochi,Diesel,Manual,First,14.0,8,2.65,Mahindra,Xylo E2,2,4,1,0.044835868677007264,279.776,4.002287021154945
Ahmedabad,Diesel,Manual,First,25.8,5,4.75,Honda,Amaze E i-Dtech,1,2,1,0.06582109474911808,147.7028,10.32826261008807
Pune,Petrol,Manual,First,25.17,5,2.65,Renault,KWID RXT,0,0,0,0.06670838539836246,42.5867,13.991106170094499
Pune,Petrol,Manual,First,25.17,5,3.0,Renault,KWID RXT,0,0,0,0.06670838539836246,42.5867,13.991106170094499
Coimbatore,Diesel,Automatic,First,12.07,7,32.52,Audi,Q7 3.0 TDI Quattro Premium Plus,1,5,4,0.08136164473159366,716.2338000000001,3.0426014620620117
Pune,Diesel,Automatic,First,22.32,5,7.75,Hyundai,Verna 1.6 SX CRDI (O) AT,1,2,1,0.07984829324914772,199.83823999999998,8.644461657629744
Delhi,Diesel,Automatic,First,11.36,7,19.6,Toyota,Innova Crysta 2.8 ZX AT,0,5,2,0.062250453697912725,472.4825,3.025299600532623
Delhi,Petrol,Manual,First,17.0,5,2.6,Hyundai,i20 Sportz Option,1,1,0,0.06683375098844298,95.76,7.737824305871643
Mumbai,Petrol,Manual,First,16.47,5,3.76,Volkswagen,Polo Petrol Comfortline 1.2L,1,1,0,0.061686143521130096,88.53220000000002,7.4931756141947226
Chennai,Diesel,Manual,First,20.54,5,4.75,Volkswagen,Vento Diesel Trendline,2,2,1,0.064831038757928,165.5528,7.906081601231716
Mumbai,Petrol,Manual,Second,17.7,5,1.75,Honda,City ZX GXi,1,2,0,0.052104208382027915,116.766,7.088506207448939
Bangalore,Petrol,Manual,First,16.2,5,3.95,Hyundai,Verna Transform Xxi ABS,1,2,1,0.06454033767070648,165.01680000000002,6.233166602539438
Pune,Petrol,Manual,Second,13.2,5,1.0,Hyundai,Accent GLE,2,2,1,0.06287625413854431,140.53,5.290581162324648
Jaipur,Diesel,Automatic,First,20.0,5,4.5,Skoda,Laura Ambiente 2.0 TDI CR AT,2,3,2,0.07017276419198537,271.7808,6.738544474393531
Coimbatore,Petrol,Automatic,First,10.93,5,17.23,Mercedes-Benz,E-Class 2009-2013 E 250 Elegance,1,4,3,0.08169803761245574,509.388,3.125536173863311
Kochi,Petrol,Manual,First,18.6,5,5.76,Hyundai,i20 Sportz 1.2,0,1,1,0.0683625730423036,97.95051,8.466090122894856
Coimbatore,Petrol,Manual,First,20.36,5,4.32,Hyundai,i10 Magna 1.2,0,1,0,0.06591478691235189,94.44330000000001,9.267182521620391
Delhi,Petrol,Manual,Second,19.81,5,1.9,Hyundai,i10 Magna 1.1L,1,1,0,0.06266114174708919,73.9023,9.49664429530201
Pune,Petrol,Manual,First,17.0,5,5.5,Volkswagen,Ameo 1.2 MPI Anniversary Edition,0,1,0,0.061769615975150564,88.652,7.734303912647862
Mumbai,Petrol,Automatic,First,12.98,5,13.5,Toyota,Camry 2.5 G,1,4,3,0.07153167599377239,444.92960000000005,3.7149398969662277
Bangalore,Diesel,Manual,Second,16.0,7,9.75,Mahindra,XUV500 W8 2WD,1,3,2,0.06424965577592949,305.06,5.033029254482542
Hyderabad,Diesel,Automatic,First,17.2,5,9.44,Skoda,Superb Elegance 2.0 TDI CR AT,1,3,2,0.07017276419198537,271.7808,5.795148247978436
Mumbai,Petrol,Automatic,First,22.5,5,4.45,Maruti,Wagon R VXI AMT,0,0,0,0.06713426846980534,66.866,11.261261261261263
Pune,Diesel,Manual,First,24.3,5,8.85,Maruti,Vitara Brezza ZDi Plus Dual Tone,0,1,1,0.07091346148163985,110.448,10.809608540925266
Kochi,Diesel,Manual,First,20.54,5,4.89,Volkswagen,Vento Diesel Comfortline,0,2,1,0.064831038757928,165.5528,7.906081601231716
Hyderabad,Diesel,Manual,First,20.14,5,6.25,Volkswagen,Polo 1.5 TDI Highline,1,2,1,0.05927903867871893,133.0224,8.062449959967974
Chennai,Diesel,Manual,First,22.9,5,4.8,Maruti,Swift ZDi,1,1,0,0.059294871747359874,92.352,10.186832740213521
Jaipur,Petrol,Manual,First,19.81,5,1.8,Hyundai,i10 Era 1.1,1,1,0,0.06266114174708919,73.9023,9.49664429530201
Kolkata,Diesel,Manual,First,16.0,7,7.25,Mahindra,XUV500 W8 2WD,0,3,2,0.06424965577592949,305.06,5.033029254482542
Coimbatore,Diesel,Manual,First,25.47,7,7.56,Maruti,Ertiga VDI,1,1,1,0.07091346148163985,110.448,11.330071174377222
Kochi,Diesel,Manual,First,16.0,7,6.82,Mahindra,XUV500 W8 2WD,1,3,2,0.06424965577592949,305.06,5.033029254482542
Jaipur,Diesel,Manual,Second,21.12,5,1.8,Tata,Manza Aura Quadrajet BS IV,1,1,1,0.07115384609683184,110.82239999999999,9.395017793594306
Pune,Diesel,Automatic,First,11.0,5,11.5,Mercedes-Benz,E-Class 280 CDI,1,5,3,0.06645463673704231,592.9195,2.7589666415851517
Chennai,Petrol,Manual,First,15.6,5,2.8,Maruti,SX4 Zxi with Leather BSIII,1,2,1,0.06600252202648012,166.02248,6.032482598607888
Hyderabad,Petrol,Automatic,First,20.51,5,5.5,Maruti,Wagon R AMT VXI,0,0,0,0.06713426846980534,66.866,10.265265265265267
Kolkata,Petrol,Manual,First,20.63,5,2.7,Datsun,GO NXT,0,1,0,0.05597662766612969,80.33788,9.385805277525023
Jaipur,Diesel,Manual,First,20.0,5,3.25,Ford,Figo Diesel ZXI,1,1,0,0.04860614721329081,95.132,8.336807002917881
Coimbatore,Diesel,Automatic,First,17.2,5,10.9,Skoda,Superb Elegance 2.0 TDI CR AT,1,3,2,0.07017276419198537,271.7808,5.795148247978436
Kochi,Petrol,Manual,First,18.5,5,4.07,Hyundai,i20 1.2 Magna,0,1,0,0.06683375098844298,95.76,8.420573509330906
Ahmedabad,Diesel,Automatic,First,11.36,7,18.0,Toyota,Innova Crysta 2.8 ZX AT,0,5,2,0.062250453697912725,472.4825,3.025299600532623
Mumbai,Petrol,Manual,First,19.4,5,2.95,Honda,Brio V MT,1,1,1,0.0724540900897712,103.98639999999999,8.826205641492265
Mumbai,Diesel,Automatic,First,17.2,5,7.5,Skoda,Superb Elegance 2.0 TDI CR AT,1,3,2,0.07017276419198537,271.7808,5.795148247978436
Coimbatore,Diesel,Automatic,First,13.0,5,32.73,Mercedes-Benz,E-Class 2015-2017 E250 CDI Avantgarde,1,3,3,0.09519365371199551,437.172,4.136175628380529
Delhi,Diesel,Automatic,Second,12.55,7,21.5,Toyota,Fortuner 4x2 AT TRD Sportivo,0,5,2,0.056572769934080225,503.06339999999994,3.1516825715720747
Pune,Petrol,Manual,First,16.51,5,2.5,Maruti,SX4 ZXI MT BSIV,1,2,1,0.06506935683160822,163.67520000000002,6.384377416860016
Ahmedabad,Diesel,Manual,First,27.3,5,5.5,Honda,Jazz 1.5 V i DTEC,0,2,1,0.06582109474911808,147.7028,10.928742994395515
Mumbai,Petrol,Automatic,First,14.53,5,7.5,Toyota,Corolla Altis 2008-2013 1.8 VL AT,1,2,2,0.07697881824025705,247.7514,5.200429491768074
Mumbai,Petrol,Manual,First,16.9,5,1.55,Honda,City ZX VTEC,1,2,1,0.06680026715644605,149.7,6.768121746095314
Kolkata,Diesel,Automatic,First,20.68,5,29.0,BMW,X1 xDrive 20d M Sport,0,3,3,0.09523809519035684,379.05,6.904841402337229
Coimbatore,Diesel,Manual,First,28.4,5,8.4,Maruti,Swift DDiS VDI,0,1,0,0.059294871747359874,92.352,12.633451957295371
Hyderabad,Diesel,Manual,First,25.32,6,6.5,Mahindra,KUV 100 mFALCON D75 K8,0,1,0,0.06427378959576478,92.246,11.519563239308463
Mumbai,Petrol,Manual,First,16.0,5,2.35,Honda,Jazz Mode,1,1,1,0.07512520861842636,107.82,7.279344858962694
Mumbai,Petrol,Manual,First,20.4,5,5.55,Maruti,Swift ZXI,0,1,1,0.06833751038568293,97.9146,9.28538916704597
Mumbai,Petrol,Automatic,First,18.9,5,5.35,Hyundai,Grand i10 Asta Option AT,0,1,1,0.06850459476315406,98.154,8.602639963586709
Chennai,Petrol,Manual,First,17.8,5,5.25,Honda,Amaze SX i-VTEC,0,1,1,0.07237061763575073,103.8666,8.098271155595997
Coimbatore,Petrol,Manual,First,18.9,5,5.87,Hyundai,Grand i10 1.2 Kappa Sportz,0,1,1,0.06838763569892427,97.98642,8.602639963586709
Kochi,Diesel,Manual,First,20.54,5,5.36,Volkswagen,Vento Diesel Comfortline,1,2,1,0.064831038757928,165.5528,7.906081601231716
Bangalore,Diesel,Manual,First,28.09,5,7.75,Maruti,Ciaz 1.3 S,0,1,1,0.07091346148163985,110.448,12.495551601423486
Kochi,Petrol,Automatic,Second,14.4,5,5.41,Volkswagen,Vento Petrol Highline AT,0,2,1,0.064831038757928,165.5528,5.542725173210162
Bangalore,Petrol,Manual,First,18.5,5,3.65,Hyundai,i20 1.2 Magna,1,1,0,0.06683375098844298,95.76,8.420573509330906
Pune,Petrol,Automatic,First,16.5,5,5.25,Honda,Brio VX AT,0,1,1,0.0724540900897712,103.98639999999999,7.506824385805278
Kolkata,Petrol,Manual,First,17.4,5,6.25,Honda,City i VTEC VX,0,2,1,0.07835671337451121,175.59810000000002,6.96836203444133
Coimbatore,Petrol,Manual,First,23.9,4,3.47,Tata,Nano XT,0,0,0,0.060064102467845985,23.38752,14.716748768472904
Mumbai,Petrol,Automatic,First,10.13,5,8.85,Mercedes-Benz,S Class 2005 2013 S 350 L,2,7,7,0.10431675240013814,1276.4202,2.252112049799911
Pune,Petrol,Manual,First,14.0,5,0.85,Maruti,Wagon R LXI BSIII,1,1,0,0.060320452346540564,67.904,6.792819019893256
Mumbai,Petrol,Automatic,First,13.7,5,13.65,Skoda,Superb Elegance 1.8 TSI AT,0,2,2,0.08773637369981291,283.6345,4.896354538956397
Coimbatore,Diesel,Automatic,First,12.07,7,50.22,Audi,Q7 35 TDI Quattro Technology,0,5,4,0.08136164473159366,716.2338000000001,3.0426014620620117
Ahmedabad,Petrol,Manual,First,22.0,5,7.75,Maruti,Swift ZXI Plus,0,1,1,0.06833751038568293,97.9146,10.013654984069186
Coimbatore,Diesel,Manual,First,12.8,7,10.05,Toyota,Innova 2.5 G4 Diesel 7-seater,1,4,1,0.040898155556977484,254.388,3.6634230108757873
Kolkata,Petrol,Automatic,First,12.05,5,9.75,BMW,3 Series 320i Sedan,0,3,2,0.07719298241744713,307.23,4.023372287145242
Delhi,Diesel,Automatic,First,17.9,5,23.0,Mercedes-Benz,GLA Class 200 CDI SPORT,0,3,2,0.063462435807997,291.448,5.695195672923958
Coimbatore,Diesel,Manual,First,13.68,8,21.42,Toyota,Innova Crysta 2.4 VX MT 8S,0,4,2,0.06176347678154473,353.6854,4.031830238726791
Jaipur,Petrol,Manual,Third,15.9,5,0.7,Maruti,Esteem LX BSII,1,1,1,0.08727033408759606,147.03340806539512,6.919060052219321
Delhi,Diesel,Manual,First,25.2,5,5.21,Maruti,Swift VDI BSIV,0,1,0,0.059294871747359874,92.352,11.209964412811386
Hyderabad,Diesel,Manual,First,12.99,7,7.5,Toyota,Innova 2.5 GX (Diesel) 7 Seater,2,4,1,0.040336808323842496,250.8964,3.7178019461934744
Delhi,Diesel,Manual,First,23.59,5,2.65,Toyota,Etios Liva GD,1,1,1,0.08304757598967921,154.50968305177113,9.978849407783418
Chennai,Petrol,Manual,First,18.6,5,1.75,Chevrolet,Beat LT,2,1,0,0.06622185148772156,95.20060000000001,8.458390177353344
Jaipur,Diesel,Manual,Second,13.8,5,1.0,Ford,Ikon 1.4 TDCi DuraTorq,1,1,0,0.04860614721329081,95.132,5.752396832013339
Delhi,Diesel,Automatic,First,19.27,5,33.0,Mercedes-Benz,New C-Class C 220 CDI Avantgarde,0,3,2,0.07932804475999625,364.31,6.13108495068406
Kolkata,Petrol,Manual,First,17.6,5,2.2,Toyota,Etios G,0,2,1,0.059311497286556485,132.74008,7.051282051282052
Kochi,Diesel,Manual,First,12.8,7,12.83,Toyota,Innova 2.5 GX (Diesel) 7 Seater BS IV,1,4,1,0.040898155556977484,254.388,3.6634230108757873
Kochi,Diesel,Automatic,First,17.54,4,68.94,BMW,6 Series Gran Coupe,0,5,5,0.10457734710839381,936.809,4.392687202604558
Mumbai,Diesel,Manual,First,21.13,5,4.1,Skoda,Rapid 1.5 TDI Ambition,1,2,1,0.07236315081951726,162.38320000000002,8.458767013610887
Jaipur,Petrol,Manual,First,22.0,5,2.85,Hyundai,EON Magna,0,0,0,0.06756756748456073,44.77,12.127894156560087
Mumbai,Petrol,Automatic,First,11.1,5,3.7,Honda,CR-V 2.4L 4WD AT,1,4,2,0.0674596431319203,373.8152,3.3094812164579603
Coimbatore,Diesel,Automatic,First,20.0,5,9.06,Skoda,Laura Elegance 2.0 TDI CR AT,1,3,2,0.07017276419198537,271.7808,6.738544474393531
Delhi,Petrol,Manual,Second,13.4,5,4.75,Skoda,Laura RS,1,2,2,0.08776418237610446,283.7244,4.789135096497498
Jaipur,Diesel,Manual,First,26.0,5,6.6,Honda,City i DTec S,1,2,1,0.06582109474911808,147.7028,10.408326661329061
Chennai,Diesel,Manual,Second,13.93,7,3.5,Tata,New Safari 4X4 EX,2,3,2,0.06333180355055906,300.702,4.381881094683862
Pune,Petrol,Manual,First,19.0,5,2.0,Maruti,Zen Estilo LXI BS IV,0,0,0,0.06723446887050653,66.96579999999999,9.50950950950951
Mumbai,Petrol,Manual,First,17.8,5,3.89,Honda,Amaze S i-VTEC,0,1,1,0.07237061763575073,103.8666,8.098271155595997
Jaipur,Petrol,Manual,First,23.01,5,3.6,Renault,KWID 1.0 RXL,0,0,0,0.06706706699993287,66.933,11.510755377688843
Mumbai,Petrol,Automatic,First,19.12,5,6.95,Maruti,Ciaz AT ZXi,1,1,1,0.06635105603324758,125.0803,8.057311420143279
Coimbatore,Diesel,Manual,First,22.54,5,7.03,Hyundai,i20 Asta Option 1.4 CRDi,1,1,1,0.06356017187424057,123.86708,9.407345575959933
Ahmedabad,Diesel,Manual,First,13.68,7,16.5,Toyota,Innova Crysta 2.4 ZX MT,1,4,2,0.06176347678154473,353.6854,4.031830238726791
Coimbatore,Diesel,Manual,First,28.09,5,7.67,Maruti,Ciaz ZDi Plus SHVS,1,1,1,0.07091346148163985,110.448,12.495551601423486
Coimbatore,Diesel,Automatic,First,14.74,5,23.19,Jaguar,XF Diesel,1,5,5,0.09051119275291974,810.8036999999999,3.6914600550964187
Kochi,Petrol,Manual,First,19.1,5,6.21,Hyundai,Xcent 1.2 Kappa S,0,1,1,0.06850459476315406,98.154,8.69367319071461
Coimbatore,Diesel,Automatic,First,16.12,5,45.82,Porsche,Cayenne Diesel,1,5,4,0.08257499154614932,726.915,4.06352407360726
Mumbai,Diesel,Manual,First,24.4,5,5.95,Hyundai,Xcent 1.1 CRDi S,0,1,0,0.06339285708625637,79.52,11.509433962264149
Delhi,Diesel,Automatic,First,16.55,5,11.0,Audi,A4 2.0 TDI Multitronic,1,3,2,0.07113821134596635,275.52,5.576145552560647
Coimbatore,Petrol,Manual,First,20.73,5,7.19,Maruti,Ciaz RS ZXi Plus,1,1,1,0.06635105603324758,125.0803,8.735777496839443
Delhi,Diesel,Manual,First,12.8,8,6.4,Toyota,Innova 2.5 G4 Diesel 8-seater,1,4,1,0.040898155556977484,254.388,3.6634230108757873
Chennai,Diesel,Manual,First,15.8,5,26.0,Mercedes-Benz,New C-Class 220 CDI MT,0,3,2,0.07914338916240997,365.16,5.019059720457434
Hyderabad,Petrol,Manual,First,20.36,5,4.5,Hyundai,i10 Sportz,0,1,0,0.06591478691235189,94.44330000000001,9.267182521620391
Chennai,Petrol,Automatic,First,16.95,5,3.1,Hyundai,i10 Sportz 1.2 AT,1,1,0,0.06591478691235189,94.44330000000001,7.715065999089667
Delhi,Diesel,Manual,First,27.39,5,5.95,Maruti,Baleno Zeta 1.3,1,1,0,0.059294871747359874,92.352,12.184163701067614
Delhi,Petrol,Manual,First,18.2,5,1.2,Maruti,Zen Estilo 1.1 VXI BSIII,2,1,0,0.060320452346540564,67.904,8.830664725861231
Chennai,Diesel,Automatic,First,16.46,5,52.0,BMW,7 Series 730Ld,0,5,4,0.08620113595516167,772.194,4.12221387427999
Bangalore,Diesel,Automatic,First,11.33,7,48.0,Audi,Q7 4.2 TDI Quattro Technology,0,8,6,0.08108369615842193,1385.7168000000001,2.2068562524347484
Hyderabad,Diesel,Automatic,First,11.7,5,21.99,BMW,X5 xDrive 30d,2,5,4,0.08185766786439772,733.285,2.930127723516153
Hyderabad,Petrol,Manual,First,21.1,5,4.3,Maruti,Ritz LXI,1,1,1,0.07167919793510509,102.70259999999999,9.604005461993628
Pune,Diesel,Manual,First,21.64,5,3.75,Nissan,Sunny 2011-2014 Diesel XL,2,2,1,0.05804243664747266,123.89280000000001,8.79317350670459
Mumbai,Petrol,Manual,First,14.28,5,8.95,Toyota,Corolla Altis 1.8 Limited Edition,0,2,2,0.07676863177042902,248.17794,5.103645461043603
Pune,Diesel,Manual,First,23.59,5,4.75,Toyota,Etios VXD,2,1,0,0.04919354835103112,91.5244,9.978849407783418
Coimbatore,Petrol,Manual,First,14.28,5,14.6,Toyota,Corolla Altis GL MT,0,2,2,0.07676863177042902,248.17794,5.103645461043603
Mumbai,Diesel,Automatic,First,17.68,5,17.5,Audi,A6 2011-2015 2.0 TDI Premium Plus,0,3,3,0.0885823170281594,343.08144,5.9568733153638815
Kolkata,Diesel,Manual,First,20.77,7,5.2,Maruti,Ertiga ZDI,0,1,1,0.07115384609683184,110.82239999999999,9.239323843416368
Coimbatore,Petrol,Manual,First,18.9,5,6.04,Hyundai,Grand i10 Sportz,0,1,1,0.06850459476315406,98.154,8.602639963586709
Chennai,Diesel,Manual,Second,19.09,5,2.7,Tata,Indigo CS LX (TDI) BS III,3,1,0,0.049426934062015086,96.324,7.967445742904841
Chennai,Diesel,Automatic,First,26.59,5,6.75,Maruti,Swift Dzire AMT ZDI,1,1,0,0.059294871747359874,92.352,11.828291814946619
Kolkata,Petrol,Manual,First,15.26,5,2.35,Volkswagen,Polo Petrol Highline 1.6L,0,2,1,0.0647684605351887,165.393,5.873749037721324
Hyderabad,Petrol,Manual,First,23.84,5,5.0,Tata,Tiago 1.2 Revotron XZ WO Alloy,0,1,1,0.0700583819265568,100.716,10.841291496134607
Kolkata,Petrol,Manual,First,17.8,5,6.95,Honda,City i VTEC VX,0,2,1,0.07835671337451121,175.59810000000002,7.128554265118143
Jaipur,Petrol,Manual,First,19.5,5,6.7,Honda,Amaze V Petrol,0,1,1,0.07236030018985797,104.02524000000001,8.867667121418828
Hyderabad,Diesel,Automatic,First,17.11,5,25.0,Audi,A4 35 TDI Premium,1,3,3,0.0885823170281594,343.08144,5.764824797843666
Chennai,Petrol,Automatic,First,14.4,5,3.75,Volkswagen,Vento Petrol Highline AT,1,2,1,0.064831038757928,165.5528,5.542725173210162
Chennai,Diesel,Manual,First,20.54,5,3.75,Volkswagen,Vento Diesel Trendline,1,2,1,0.064831038757928,165.5528,7.906081601231716
Pune,Petrol,Manual,First,17.0,5,5.1,Honda,City 1.5 S MT,0,2,1,0.07882431524460633,176.646,6.8081698037645175
Mumbai,Petrol,Manual,First,22.5,5,2.45,Maruti,Wagon R LXI,0,0,0,0.06717434863008583,66.90592000000001,11.261261261261263
Kolkata,Petrol,Automatic,First,9.3,5,3.25,Skoda,Superb 2.8 V6 AT,0,5,3,0.06968603389762323,535.0801,2.466189339697693
Kolkata,Diesel,Manual,First,26.0,5,5.5,Honda,City i DTEC SV,0,2,1,0.06582109474911808,147.7028,10.408326661329061
Kochi,CNG,Manual,First,26.6,5,3.77,Maruti,Wagon R LXI CNG,1,0,0,0.058276553047819084,58.043679999999995,13.313313313313316
Kochi,Petrol,Manual,First,22.74,5,3.04,Maruti,Alto 800 LXI,1,0,0,0.059422110478112924,37.6508,12.661469933184854
Delhi,Petrol,Manual,First,18.6,5,4.9,Hyundai,i20 Magna 1.2,0,1,1,0.0683625730423036,97.95051,8.466090122894856
Bangalore,Diesel,Manual,First,22.7,5,6.25,Ford,Ecosport 1.5 DV5 MT Trend,1,2,1,0.059973297690271495,134.58032,9.08726981585268
Hyderabad,Diesel,Automatic,First,19.59,5,33.0,BMW,3 Series GT 320d Luxury Line,0,3,3,0.09223057639487188,367.08,6.540901502504173
Chennai,Diesel,Automatic,Second,11.7,5,27.0,BMW,X5 xDrive 30d,1,5,4,0.08185766786439772,733.285,2.930127723516153
Coimbatore,Petrol,Manual,Second,18.0,5,5.21,Honda,Amaze S i-Vtech,0,1,1,0.07237061763575073,103.8666,8.18926296633303
Mumbai,Petrol,Manual,First,15.85,5,5.75,Ford,EcoSport 1.5 Ti VCT MT Titanium,0,2,1,0.07364909935046758,165.4896,6.342537014805922
Coimbatore,Diesel,Automatic,First,14.74,5,16.58,Jaguar,XF 3.0 Litre S Premium Luxury,1,5,5,0.09051119275291974,810.8036999999999,3.6914600550964187
Delhi,Petrol,Manual,First,14.53,5,11.0,Toyota,Corolla 1.8 J,0,2,2,0.07675194656465409,248.124,5.192994996426018
Pune,Petrol,Manual,Second,20.36,5,2.8,Hyundai,i10 Sportz,1,1,0,0.06591478691235189,94.44330000000001,9.267182521620391
Kochi,Diesel,Automatic,First,15.8,5,37.99,Mercedes-Benz,New C-Class C220 CDI Executive Edition,0,3,2,0.07914338916240997,365.16,5.019059720457434
Delhi,Diesel,Manual,Second,20.0,5,3.65,Skoda,Laura Ambiente 2.0 TDI CR MT,1,3,1,0.055132113793123924,213.528,6.738544474393531
Hyderabad,Diesel,Manual,First,13.1,7,6.0,Ford,Endeavour 4x2 XLT,2,4,2,0.05642256900503299,352.359,3.7439268362389253
Coimbatore,Petrol,Manual,First,15.6,5,4.54,Ford,Figo Petrol EXI,1,1,0,0.05852842804470867,83.72,7.103825136612023
Kochi,Petrol,Manual,First,18.0,5,5.4,Honda,Amaze S i-Vtech,0,1,1,0.07237061763575073,103.8666,8.18926296633303
Mumbai,Diesel,Manual,First,19.1,5,3.3,Tata,Indica Vista TDI LS,1,1,0,0.04982206402147896,98.35,7.941787941787942
Hyderabad,Diesel,Automatic,Second,14.7,5,18.25,Volvo,XC60 D4 Summum,1,3,2,0.08211586897626404,323.555,4.924623115577889
Bangalore,Petrol,Manual,First,22.7,5,3.1,Datsun,Redi GO Sport,0,0,0,0.06633291606216156,42.347,12.618121178432462
Kochi,Petrol,Manual,First,21.1,5,3.84,Hyundai,EON Era Plus,1,0,0,0.06781326772995913,44.9328,11.631753031973538
Kolkata,Petrol,Manual,First,22.74,5,2.44,Maruti,Alto 800 VXI,0,0,0,0.059422110478112924,37.6508,12.661469933184854
Bangalore,Petrol,Manual,Second,16.47,5,3.6,Volkswagen,Polo Petrol Trendline 1.2L,1,1,0,0.061686143521130096,88.53220000000002,7.4931756141947226
Mumbai,Petrol,Manual,First,20.36,5,3.9,Hyundai,i10 Asta,1,1,0,0.06591478691235189,94.44330000000001,9.267182521620391
Chennai,Petrol,Manual,Second,16.95,5,2.9,Nissan,Sunny 2011-2014 XL,2,2,1,0.06522029368142837,146.3546,6.785428342674138
Chennai,Petrol,Manual,Second,14.53,5,3.5,Toyota,Corolla Altis G,1,2,2,0.07680756391723717,248.3038,5.192994996426018
Chennai,Diesel,Manual,Second,18.1,5,3.5,Hyundai,Verna CRDi ABS,3,2,1,0.07367716003102667,164.23,7.260328920978741
Jaipur,Petrol,Manual,First,24.7,5,3.5,Maruti,Alto 800 2016-2019 LXI Optional,0,0,0,0.059422110478112924,37.6508,13.752783964365255
Hyderabad,Diesel,Manual,First,21.9,5,7.0,Hyundai,i20 Sportz 1.4 CRDi,1,1,1,0.06358166184557187,123.90896000000001,9.140233722871452
Chennai,Diesel,Automatic,First,19.08,5,8.7,Hyundai,Verna 1.6 CRDi AT S,0,2,1,0.07977243989900604,199.64839999999998,7.389620449264136
Hyderabad,Diesel,Automatic,First,12.07,7,45.0,Audi,Q7 3.0 TDI Quattro Technology,1,5,4,0.08136164473159366,716.2338000000001,3.0426014620620117
Hyderabad,Diesel,Manual,First,25.0,5,1.8,Tata,Indica V2 eLS,1,1,0,0.049426934062015086,96.324,10.434056761268781
Kolkata,Petrol,Manual,First,18.0,5,0.99,Chevrolet,Spark 1.0 LS,0,0,0,0.06231155772632004,61.69,9.022556390977442
Kolkata,Petrol,Manual,First,18.9,5,4.8,Hyundai,Grand i10 1.2 Kappa Magna,0,1,1,0.06838763569892427,97.98642,8.602639963586709
Mumbai,Diesel,Manual,First,12.55,7,17.95,Toyota,Fortuner 4x4 MT TRD Sportivo,1,5,2,0.056673373555776875,503.958,3.1516825715720747
Kochi,Petrol,Manual,First,18.9,5,5.66,Hyundai,Grand i10 1.2 Kappa Asta,1,1,1,0.06838763569892427,97.98642,8.602639963586709
Delhi,Petrol,Manual,First,17.0,5,3.1,Honda,City 1.5 S MT,1,2,1,0.07882431524460633,176.646,6.8081698037645175
Kochi,Petrol,Manual,First,18.6,5,6.54,Hyundai,Elite i20 Petrol Asta,1,1,1,0.06838763569892427,97.98642,8.466090122894856
Hyderabad,Diesel,Manual,First,12.8,8,13.2,Toyota,Innova 2.5 G4 Diesel 8-seater,2,4,1,0.040898155556977484,254.388,3.6634230108757873
Kochi,Petrol,Automatic,First,13.0,4,56.8,Ford,Mustang V8,0,10,7,0.0797818622339362,1955.645,2.1845068055788945
Kochi,Diesel,Automatic,First,11.36,7,19.4,Toyota,Innova Crysta 2.8 GX AT,0,5,2,0.062250453697912725,472.4825,3.025299600532623
Ahmedabad,Petrol,Manual,First,18.2,5,1.65,Maruti,Zen Estilo 1.1 VXI BSIII,1,1,0,0.060320452346540564,67.904,8.830664725861231
Jaipur,Diesel,Manual,Second,22.9,5,4.35,Maruti,Swift ZDi,1,1,0,0.059294871747359874,92.352,10.186832740213521
Hyderabad,Diesel,Manual,First,20.5,5,6.5,Fiat,Avventura MULTIJET Emotion,1,1,1,0.07349358968470064,114.46656,9.119217081850532
Delhi,Petrol,Manual,First,18.2,5,1.11,Maruti,Zen Estilo VXI BSIII,1,0,0,0.06723446887050653,66.96579999999999,9.10910910910911
Mumbai,Diesel,Manual,First,19.87,5,5.5,Renault,Duster 85PS Diesel RxL,0,2,1,0.057357973951158124,122.43180000000001,8.073953677366923
Delhi,Diesel,Manual,First,10.5,6,11.0,Mitsubishi,Pajero 2.8 SFX,0,5,1,0.037813051133046546,303.912,2.7379400260756195
Pune,Petrol,Automatic,First,23.1,5,3.9,Maruti,Celerio VXI AT,0,0,0,0.06717434863008583,66.90592000000001,11.561561561561563
Pune,Diesel,Manual,First,17.88,5,1.8,Tata,Indica V2 DLS BSIII,1,1,0,0.03431316723536429,67.73505,7.434511434511434
Kochi,Petrol,Manual,First,18.6,5,6.22,Hyundai,Elite i20 Petrol Asta,0,1,1,0.06838763569892427,97.98642,8.466090122894856
Hyderabad,Petrol,Automatic,First,23.1,5,4.3,Maruti,Celerio VXI AT,0,0,0,0.06717434863008583,66.90592000000001,11.561561561561563
Hyderabad,Petrol,Manual,First,18.9,5,5.99,Hyundai,Grand i10 1.2 Kappa Asta,0,1,1,0.06838763569892427,97.98642,8.602639963586709
Delhi,Petrol,Manual,First,18.6,5,6.0,Hyundai,i20 1.2 Magna Executive,0,1,1,0.0683625730423036,97.95051,8.466090122894856
Delhi,Petrol,Manual,First,17.1,5,5.85,Hyundai,Verna 1.6 SX VTVT (O),1,2,1,0.07624135758878607,192.98829999999998,6.5997684291779235
Kochi,Diesel,Automatic,First,12.39,5,19.94,Land,Rover Freelander 2 SE,1,3,2,0.06769619088219542,321.42429,3.8974520289399184
Chennai,Petrol,Manual,First,16.1,5,2.9,Maruti,Swift VXI BSIII,1,1,1,0.06795069332207188,114.48360000000001,7.00609225413403
Mumbai,Petrol,Manual,First,18.0,5,4.25,Honda,Amaze SX i-VTEC,0,1,1,0.07237061763575073,103.8666,8.18926296633303
Hyderabad,Diesel,Manual,First,21.43,5,5.99,Toyota,Corolla Altis Diesel D4DG,3,1,1,0.06392961872145922,118.9408,9.065143824027073
Kolkata,Diesel,Manual,First,27.4,5,3.3,Honda,Amaze S Diesel,0,2,1,0.06582109474911808,147.7028,10.968775020016011
Coimbatore,Diesel,Automatic,Second,16.77,5,8.08,Audi,A6 3.0 TDI quattro,1,5,4,0.08135490391595723,716.17446,4.227375850768843
Jaipur,Petrol,Manual,First,22.5,5,4.5,Maruti,Wagon R VXI,0,0,0,0.06717434863008583,66.90592000000001,11.261261261261263
Hyderabad,Diesel,Manual,First,24.2,7,6.5,Honda,Mobilio E i DTEC,1,2,1,0.06582109474911808,147.7028,9.687750200160126
Bangalore,Petrol,Automatic,Second,10.1,5,3.9,Honda,CR-V 2.4 4WD AT,1,4,2,0.06457094304818567,357.808,3.011329755515802
Delhi,Petrol,Manual,First,17.1,5,5.25,Hyundai,Verna 1.6 SX VTVT (O),1,2,1,0.07624135758878607,192.98829999999998,6.5997684291779235
Bangalore,Diesel,Automatic,First,11.72,7,17.0,Hyundai,Santa Fe 4x4 AT,1,3,3,0.0883583446619562,427.26570000000004,3.6636448890278213
Ahmedabad,Petrol,Automatic,First,16.95,5,3.5,Hyundai,i10 Sportz AT,1,1,0,0.06591478691235189,94.44330000000001,7.715065999089667
Hyderabad,Diesel,Manual,Second,17.7,5,3.0,Ford,Fusion Plus 1.4 TDCi Diesel,1,1,0,0.04860614721329081,95.132,7.378074197582325
Coimbatore,Petrol,Manual,Second,20.36,5,4.87,Hyundai,i10 Sportz,0,1,0,0.06591478691235189,94.44330000000001,9.267182521620391
Jaipur,Diesel,Manual,First,24.4,5,6.0,Hyundai,Xcent 1.1 CRDi SX Option,1,1,0,0.06339285708625637,79.52,11.509433962264149
Mumbai,Diesel,Automatic,First,18.19,5,15.5,Skoda,Superb Style 2.0 TDI AT,0,3,3,0.08866869914193663,343.416,6.128706199460916
Pune,Petrol,Manual,Second,16.6,5,1.6,Ford,Fiesta 1.4 Duratec EXI,1,1,0,0.04899135443156242,94.384,6.951423785594641
Pune,Petrol,Automatic,First,21.4,5,7.25,Maruti,Baleno Zeta Automatic,0,1,1,0.06942355883924514,99.4707,9.740555302685479
Mumbai,Diesel,Manual,Second,17.0,5,3.25,Skoda,Laura 1.9 TDI MT Ambiente,1,3,1,0.05537974680623431,199.08,5.870165745856354
Kolkata,Diesel,Manual,First,20.64,5,3.4,Volkswagen,Vento 1.5 TDI Comfortline,0,2,1,0.072429906493705,162.533,8.262610088070456
Coimbatore,Diesel,Automatic,First,12.07,7,30.5,Audi,Q7 3.0 TDI Quattro Technology,2,5,4,0.08136164473159366,716.2338000000001,3.0426014620620117
Kochi,Petrol,Manual,First,17.0,5,7.97,Hyundai,Verna VTVT 1.6 SX Option,1,2,1,0.07624135758878607,192.98829999999998,6.561173292165186
Delhi,Diesel,Automatic,First,14.84,5,13.51,Mercedes-Benz,New C-Class 220 CDI AT,0,3,2,0.07932804475999625,364.31,4.721603563474388
Kochi,Diesel,Manual,First,25.8,5,5.43,Honda,Amaze S i-Dtech,1,2,1,0.06582109474911808,147.7028,10.32826261008807
Chennai,Petrol,Manual,First,16.6,5,2.6,Ford,Fiesta 1.4 Duratec EXI Limited Edition,2,1,0,0.04899135443156242,94.384,6.951423785594641
Bangalore,Petrol,Manual,First,18.5,5,4.45,Hyundai,i20 Magna Optional 1.2,5,1,1,0.06925647446177403,99.2313,8.420573509330906
Kolkata,Petrol,Manual,First,22.74,5,2.75,Maruti,Alto 800 LXI,0,0,0,0.059422110478112924,37.6508,12.661469933184854
Kolkata,Petrol,Automatic,First,10.6,5,8.75,BMW,5 Series 530i Sedan,0,5,4,0.0861148197309363,772.968,2.6526526526526526
Coimbatore,Petrol,Manual,Second,14.6,5,5.41,Fiat,Grande Punto 1.4 Emotion,0,1,1,0.06483918123915264,121.3416,6.1655405405405395
Kochi,Diesel,Automatic,First,28.4,5,8.55,Maruti,Dzire AMT ZDI Plus,1,1,0,0.05909455123469987,92.04,12.633451957295371
Mumbai,Diesel,Manual,First,15.1,7,8.25,Mahindra,XUV500 W6 2WD,0,3,2,0.06424965577592949,305.06,4.749921358917899
Kochi,Diesel,Automatic,First,11.1,7,23.58,Volvo,XC90 2007-2015 D5 AT AWD,2,4,3,0.08333333329861112,480.0,3.264705882352941
Coimbatore,Petrol,Manual,First,20.36,5,4.49,Hyundai,i10 Sportz 1.2,0,1,0,0.06591478691235189,94.44330000000001,9.267182521620391
Hyderabad,Diesel,Manual,First,11.5,7,12.99,Toyota,Fortuner 3.0 Diesel,3,5,2,0.05734406436708784,509.922,2.887995981918634
Bangalore,Petrol,Automatic,First,21.9,4,2.8,Tata,Nano XTA,0,0,0,0.060064102467845985,23.38752,13.485221674876845
Coimbatore,Diesel,Manual,First,19.98,8,8.43,Renault,Lodgy 110PS RxZ 8 Seater,1,2,1,0.07426420255012717,158.5185,8.118650954896383
Hyderabad,Diesel,Automatic,First,12.07,7,47.5,Audi,Q7 3.0 TDI Quattro Premium Plus,0,5,4,0.08136164473159366,716.2338000000001,3.0426014620620117
Mumbai,Petrol,Automatic,First,18.0,5,8.95,Honda,City i VTEC CVT VX,0,2,1,0.07835671337451121,175.59810000000002,7.2086503804565485
Jaipur,Diesel,Manual,Second,19.01,5,5.5,Renault,Duster 110PS Diesel RxL,1,2,1,0.07422997941531144,158.44545000000002,7.724502234863876
Jaipur,Petrol,Manual,First,17.8,5,4.75,Honda,Amaze S i-VTEC,0,1,1,0.07237061763575073,103.8666,8.098271155595997
Jaipur,Petrol,Manual,First,18.0,5,4.75,Honda,Amaze S i-Vtech,0,1,1,0.07237061763575073,103.8666,8.18926296633303
Pune,Petrol,Automatic,Second,12.05,5,9.5,BMW,3 Series 320i,0,3,2,0.07719298241744713,307.23,4.023372287145242
Coimbatore,Diesel,Manual,First,23.2,5,3.77,Maruti,Ritz LDi,1,1,0,0.05924679482432147,92.27712,10.320284697508896
Delhi,Petrol,Manual,Second,17.0,5,4.25,Honda,City 1.5 S MT,1,2,1,0.07882431524460633,176.646,6.8081698037645175
Mumbai,Diesel,Automatic,First,18.88,5,19.9,BMW,3 Series 320d Sport Line,0,3,3,0.09223057639487188,367.08,6.303839732888147
Chennai,Diesel,Manual,First,15.0,5,4.0,Volkswagen,Jetta 2007-2011 1.9 TDI Trendline,1,3,1,0.05537974680623431,199.08,5.179558011049724
Kochi,Petrol,Manual,First,19.1,5,4.16,Maruti,Swift Dzire LXI,1,1,1,0.07167919793510509,102.70259999999999,8.69367319071461
Bangalore,Diesel,Automatic,Second,16.36,5,38.0,Jaguar,XF 2.2 Litre Executive,0,3,3,0.08614043135101403,408.9983,5.146272412708399
Kochi,Petrol,Automatic,First,16.9,5,6.34,Hyundai,Xcent 1.2 Kappa AT SX Option,0,1,1,0.06850459476315406,98.154,7.692307692307692
Pune,Diesel,Manual,First,12.8,8,4.5,Toyota,Innova 2.5 G (Diesel) 7 Seater BS IV,2,4,1,0.040898155556977484,254.388,3.6634230108757873
Chennai,Petrol,Manual,First,15.1,7,3.75,Maruti,Eeco 7 Seater Standard,1,1,0,0.06103678924662475,87.308,6.876138433515483
Delhi,Diesel,Automatic,Second,15.2,5,10.2,Audi,A4 New 2.0 TDI Multitronic,1,3,2,0.07154471541080046,277.0944,5.121293800539084
Chennai,Diesel,Manual,First,12.8,8,5.0,Toyota,Innova 2.5 G (Diesel) 7 Seater BS IV,2,4,1,0.040898155556977484,254.388,3.6634230108757873
Mumbai,Petrol,Manual,First,9.8,5,3.95,Maruti,Grand Vitara MT,0,3,2,0.08195488717696496,326.1825,3.27212020033389
Coimbatore,Diesel,Manual,First,20.34,5,9.75,Volkswagen,Vento 1.5 TDI Highline,1,2,1,0.06889185576175443,154.5936,8.142514011208966
Kochi,Petrol,Manual,First,18.6,5,7.93,Hyundai,Elite i20 Petrol Asta,0,1,1,0.06838763569892427,97.98642,8.466090122894856
Hyderabad,Diesel,Manual,First,17.8,5,2.1,Ford,Fiesta Classic 1.4 Duratorq CLXI,2,1,0,0.04789135093074242,93.733,7.419758232596915
Coimbatore,Diesel,Manual,First,13.5,7,16.42,Mitsubishi,Pajero Sport 4X4,1,4,3,0.07087605972108355,434.86212,3.8826574633304576
Bangalore,Diesel,Manual,Second,14.66,7,8.9,Hyundai,Santa Fe 4X4,2,3,3,0.0883583446619562,427.26570000000004,4.582682088152548
Pune,Diesel,Manual,First,15.1,7,7.21,Mahindra,XUV500 W8 2WD,1,3,2,0.06424965577592949,305.06,4.749921358917899
Chennai,Diesel,Manual,First,12.8,8,13.5,Toyota,Innova 2.5 V Diesel 8-seater,1,4,1,0.040898155556977484,254.388,3.6634230108757873
Chennai,Diesel,Automatic,First,11.57,5,65.0,Mercedes-Benz,GLE 350d,0,5,4,0.08529963170897234,761.05773,2.9019312766491097
Bangalore,Diesel,Manual,First,12.05,7,7.4,Mahindra,Scorpio 2009-2014 SLE 7S BSIV,1,3,1,0.05507113352222527,261.48,3.7905001572821644
Kochi,Petrol,Automatic,First,16.8,5,5.15,Honda,City 1.5 S AT,1,2,1,0.07882431524460633,176.646,6.728073688426112
Pune,Diesel,Automatic,First,12.0,7,32.0,Mercedes-Benz,GL-Class 2007 2012 350 CDI Luxury,1,5,4,0.07499163037328703,669.088,3.0097817908201656
Kolkata,Petrol,Manual,First,17.0,5,3.25,Honda,City 1.5 S MT,2,2,1,0.07882431524460633,176.646,6.8081698037645175
Kolkata,Petrol,Automatic,First,22.5,5,3.95,Maruti,Wagon R VXI AMT,0,0,0,0.06713426846980534,66.866,11.261261261261263
Pune,Petrol,Manual,Second,15.4,5,1.5,Tata,Indigo eCS GLE BSIII,1,1,0,0.05448449282943462,77.545,7.0223438212494305
Pune,Petrol,Manual,Second,17.0,5,3.0,Hyundai,i20 2015-2017 1.2 Asta with AVN,0,1,0,0.06683375098844298,95.76,7.737824305871643
Kolkata,Petrol,Manual,First,16.0,5,1.99,Honda,Jazz Active,0,1,1,0.07512520861842636,107.82,7.279344858962694
Kolkata,Petrol,Manual,First,19.0,5,1.35,Maruti,A-Star Lxi,1,0,0,0.06623246486349452,65.96779999999998,9.50950950950951
Hyderabad,Diesel,Automatic,First,16.07,5,13.5,BMW,3 Series 320d Highline,1,3,3,0.09072681699712941,361.095,5.365609348914858
Hyderabad,Diesel,Manual,First,17.67,5,6.99,Skoda,Yeti Elegance,2,3,2,0.07016260159036454,271.74144,5.953504043126685
Hyderabad,Diesel,Manual,First,19.01,5,8.5,Nissan,Terrano XV Premium 110 PS,1,2,1,0.07426420255012717,158.5185,7.724502234863876
Pune,Diesel,Manual,Second,22.07,5,2.89,Volkswagen,Polo Diesel Comfortline 1.2L,1,1,0,0.061634695528244625,88.60610000000001,10.03638017280582
Mumbai,Diesel,Automatic,First,22.69,5,10.5,BMW,3 Series 320d,1,3,3,0.09523809519035684,379.05,7.5759599332220375
Kochi,Petrol,Manual,First,16.95,5,3.97,Nissan,Sunny 2011-2014 XL,1,2,1,0.06522029368142837,146.3546,6.785428342674138
Chennai,Petrol,Automatic,First,24.07,5,4.25,Maruti,Alto K10 VXI AGS,0,0,0,0.06723446887050653,66.96579999999999,12.047047047047048
Coimbatore,Petrol,Manual,First,21.1,5,6.17,Maruti,Ritz ZXI,0,1,1,0.07167919793510509,102.70259999999999,9.604005461993628
Coimbatore,Diesel,Automatic,First,14.16,5,38.72,Audi,Q5 30 TDI quattro Premium Plus,0,3,3,0.08856707312572812,343.0224,4.77088948787062
Hyderabad,Diesel,Manual,First,16.8,5,6.5,Hyundai,Verna CRDi SX,1,2,1,0.07367716003102667,164.23,6.738868832731648
Jaipur,Diesel,Manual,Second,25.8,5,4.25,Honda,Amaze S i-Dtech,1,2,1,0.06582109474911808,147.7028,10.32826261008807
Kolkata,Diesel,Manual,First,26.0,5,4.75,Honda,City i DTEC SV,0,2,1,0.06582109474911808,147.7028,10.408326661329061
Kochi,Diesel,Automatic,First,12.9,7,17.71,Toyota,Fortuner TRD Sportivo 2.8 2WD AT,1,5,3,0.0633393829171182,480.7475,3.435419440745673
Jaipur,Diesel,Manual,First,20.34,5,5.85,Volkswagen,Vento 1.5 TDI Highline,1,2,1,0.06889185576175443,154.5936,8.142514011208966
Coimbatore,Diesel,Automatic,First,22.48,5,17.27,BMW,5 Series 520d Luxury Line,1,3,3,0.09523809519035684,379.05,7.505843071786311
Hyderabad,Diesel,Automatic,First,16.07,5,9.25,BMW,3 Series 320d Sedan,1,3,3,0.09072681699712941,361.095,5.365609348914858
Ahmedabad,Petrol,Automatic,First,13.0,5,12.75,Hyundai,Creta 1.6 SX Plus Petrol Automatic,0,2,1,0.07624135758878607,192.98829999999998,5.017367811655731
Pune,Diesel,Automatic,Second,21.76,5,27.0,BMW,3 Series Luxury Line,1,3,3,0.09523809519035684,379.05,7.265442404006678
Bangalore,Diesel,Automatic,Second,14.84,5,21.0,Mercedes-Benz,New C-Class C 220 CDI BE Avantgare,0,3,2,0.0782174521333563,359.20966000000004,4.721603563474388
Hyderabad,Diesel,Manual,First,26.59,5,7.95,Maruti,Swift Dzire VDI,0,1,0,0.059294871747359874,92.352,11.828291814946619
Hyderabad,Petrol,Manual,Second,23.1,5,4.5,Maruti,Celerio ZXI,0,0,0,0.06717434863008583,66.90592000000001,11.561561561561563
Mumbai,Diesel,Automatic,First,19.59,5,33.75,BMW,3 Series 320d GT Luxury Line,0,3,3,0.09410526311072417,374.54130000000004,6.540901502504173
Delhi,Diesel,Automatic,First,11.33,7,17.51,Audi,Q7 4.2 TDI Quattro Technology,1,8,6,0.08108369615842193,1385.7168000000001,2.2068562524347484
Kochi,Petrol,Manual,First,18.2,5,6.8,Honda,Jazz V,0,1,1,0.07397831520101891,106.35130000000001,8.27648931332424
Coimbatore,Petrol,Manual,First,25.4,4,1.68,Tata,Nano Cx BSIV,0,0,0,0.060064102467845985,23.38752,15.640394088669948
Chennai,Petrol,Manual,First,24.7,5,2.9,Maruti,Alto 800 2016-2019 LXI,1,0,0,0.059422110478112924,37.6508,13.752783964365255
Mumbai,Petrol,Manual,First,22.5,5,3.16,Maruti,Wagon R VXI,0,0,0,0.06717434863008583,66.90592000000001,11.261261261261263
Jaipur,Diesel,Manual,First,24.4,5,3.9,Hyundai,Xcent 1.1 CRDi Base,1,1,0,0.06339285708625637,79.52,11.509433962264149
Delhi,Petrol,Manual,Second,17.8,5,1.95,Chevrolet,Beat LT,1,1,0,0.06405337776142336,92.08319999999999,8.094588449295134
Kochi,Diesel,Automatic,First,16.36,5,26.52,Jaguar,XF 2.2 Litre Luxury,0,3,3,0.08614043135101403,408.9983,5.146272412708399
Chennai,Diesel,Automatic,First,18.33,5,9.0,Volkswagen,Passat Diesel Highline 2.0 TDI,1,3,2,0.08521341459084683,330.0336,6.17587601078167
Hyderabad,Diesel,Manual,First,21.27,5,4.5,Hyundai,i20 Asta 1.4 CRDi,1,1,1,0.06358166184557187,123.90896000000001,8.877295492487479
Chennai,Diesel,Manual,First,10.5,6,8.75,Mitsubishi,Pajero 2.8 SFX,3,5,1,0.037813051133046546,303.912,2.7379400260756195
Chennai,Diesel,Automatic,First,24.3,5,11.5,Maruti,Vitara Brezza ZDi Plus AMT Dual Tone,0,1,1,0.07091346148163985,110.448,10.809608540925266
Delhi,Petrol,Manual,First,24.07,5,3.0,Maruti,Alto K10 LXI,0,0,0,0.06723446887050653,66.96579999999999,12.047047047047048
Coimbatore,Petrol,Manual,First,21.1,5,3.79,Hyundai,EON Magna Plus,0,0,0,0.06781326772995913,44.9328,11.631753031973538
Ahmedabad,Diesel,Manual,First,28.09,5,6.0,Maruti,Ciaz VDi Plus SHVS,1,1,1,0.07091346148163985,110.448,12.495551601423486
Bangalore,Diesel,Manual,First,19.67,5,13.25,Hyundai,Creta 1.6 CRDi SX Option,1,2,1,0.07977243989900604,199.64839999999998,7.618125484120838
Delhi,Diesel,Automatic,First,17.2,5,8.0,Skoda,Superb Ambition 2.0 TDI CR AT,1,3,2,0.07017276419198537,271.7808,5.795148247978436
Hyderabad,Diesel,Manual,First,20.14,5,5.8,Volkswagen,Polo 1.5 TDI Highline,1,2,1,0.05927903867871893,133.0224,8.062449959967974
Hyderabad,Diesel,Manual,Second,12.99,7,13.5,Toyota,Innova 2.5 VX (Diesel) 7 Seater,2,4,1,0.040336808323842496,250.8964,3.7178019461934744
Pune,Diesel,Automatic,First,14.21,5,25.0,Mercedes-Benz,E-Class 2009-2013 E250 CDI Elegance,1,3,3,0.09472701815458376,435.029,4.521158129175947
Kochi,Diesel,Manual,First,20.14,5,5.49,Volkswagen,Polo 1.5 TDI Highline,1,2,1,0.05927903867871893,133.0224,8.062449959967974
Hyderabad,Diesel,Automatic,First,17.32,5,19.0,Audi,Q3 2.0 TDI,2,3,2,0.07621951215639251,295.2,5.835579514824798
Kolkata,Petrol,Manual,First,18.5,5,2.5,Hyundai,i20 1.2 Magna,0,1,0,0.06683375098844298,95.76,8.420573509330906
Kolkata,Petrol,Manual,Second,19.81,5,3.0,Hyundai,i10 Sportz 1.1L,0,1,0,0.06266114174708919,73.9023,9.49664429530201
Kochi,Diesel,Manual,First,24.7,5,6.64,Tata,Tigor 1.05 Revotorq XT,0,1,0,0.06590257873361739,72.243,12.066438690766978
Kochi,Petrol,Manual,First,21.1,5,3.21,Hyundai,EON Era,0,0,0,0.06781326772995913,44.9328,11.631753031973538
Chennai,Petrol,Manual,Second,17.92,5,1.55,Hyundai,Santro Xing GLS,2,1,0,0.05718232038933488,67.4406,8.590604026845638
Hyderabad,Petrol,Manual,First,17.92,5,2.59,Hyundai,Santro Xing GLS,1,1,0,0.05718232038933488,67.4406,8.590604026845638
Chennai,Diesel,Manual,Second,12.7,8,4.0,Mahindra,Scorpio SLX,1,4,1,0.04599463394174219,313.08,3.518980326960377
Jaipur,Petrol,Manual,First,17.4,5,3.87,Honda,City i-VTEC S,0,2,1,0.07835671337451121,175.59810000000002,6.96836203444133
Bangalore,Diesel,Manual,First,24.3,5,9.75,Maruti,Vitara Brezza ZDi,0,1,1,0.07091346148163985,110.448,10.809608540925266
Kochi,Diesel,Automatic,First,17.11,5,32.91,Audi,A4 35 TDI Technology Edition,0,3,3,0.0885823170281594,343.08144,5.764824797843666
Chennai,Diesel,Automatic,Second,14.21,5,16.75,Mercedes-Benz,E-Class 2009-2013 E250 CDI Elegance,0,3,3,0.09472701815458376,435.029,4.521158129175947
Jaipur,Petrol,Manual,First,13.5,5,1.9,Honda,Civic 2006-2010 1.8 MT Sport,1,2,2,0.07226236794204426,233.87,4.82315112540193
Kochi,Petrol,Manual,First,18.6,5,6.59,Hyundai,i20 Magna 1.2,0,1,1,0.0683625730423036,97.95051,8.466090122894856
Coimbatore,Diesel,Automatic,First,15.73,5,31.93,Audi,Q3 35 TDI Quattro Premium Plus,0,3,3,0.0885823170281594,343.08144,5.299865229110512
Jaipur,Diesel,Manual,First,25.1,5,7.25,Honda,City i DTEC VX,1,2,1,0.06582109474911808,147.7028,10.048038430744596
Pune,Petrol,Manual,First,19.81,5,1.9,Hyundai,i10 Era 1.1 iTech SE,1,1,0,0.06266114174708919,73.9023,9.49664429530201
Kolkata,Diesel,Manual,First,25.2,5,3.55,Maruti,Swift VDI BSIV,0,1,0,0.059294871747359874,92.352,11.209964412811386
Hyderabad,Diesel,Automatic,First,11.4,7,9.25,Ford,Endeavour 3.0L 4X4 AT,1,5,2,0.052102946138807,454.34858,2.8838856564634456
Kochi,Petrol,Manual,First,13.8,5,1.65,Ford,Ikon 1.3 Flair,1,1,0,0.05388760580917043,90.93,6.002609830361027
Coimbatore,Diesel,Automatic,First,20.68,5,36.64,BMW,X1 sDrive 20d xLine,0,3,3,0.09523809519035684,379.05,6.904841402337229
Mumbai,Diesel,Automatic,Second,14.21,5,16.0,Mercedes-Benz,E-Class 2009-2013 E250 CDI Classic,1,3,3,0.09472701815458376,435.029,4.521158129175947
Kochi,CNG,Manual,First,15.1,5,5.38,Maruti,Eeco 5 STR With AC Plus HTR CNG,0,1,0,0.06103678924662475,87.308,6.876138433515483
Ahmedabad,Diesel,Manual,First,25.8,5,4.35,Honda,Amaze S i-Dtech,1,2,1,0.06582109474911808,147.7028,10.32826261008807
Hyderabad,Petrol,Manual,Second,17.3,5,1.2,Maruti,Zen LXi - BS III,1,0,0,0.06042296066422662,59.58,8.680381334671349
Jaipur,Petrol,Manual,Second,18.5,5,4.1,Hyundai,i20 Magna,1,1,0,0.06683375098844298,95.76,8.420573509330906
Chennai,Diesel,Automatic,First,11.0,5,18.75,BMW,X5 3.0d,2,5,4,0.07851653856381005,703.355,2.7548209366391183
Coimbatore,Diesel,Manual,First,19.67,5,13.78,Hyundai,Creta 1.6 CRDi SX Option,1,2,1,0.07977243989900604,199.64839999999998,7.618125484120838
Kolkata,Diesel,Manual,First,26.59,5,4.0,Maruti,Swift Dzire LDI,1,1,0,0.059294871747359874,92.352,11.828291814946619
Jaipur,Diesel,Manual,First,22.9,5,4.33,Maruti,Swift VDI,1,1,0,0.059294871747359874,92.352,10.186832740213521
Kochi,Diesel,Manual,First,24.0,5,5.43,Hyundai,Grand i10 1.2 CRDi Asta,1,1,0,0.06236930854774931,87.72842,10.978956999085089
Mumbai,Petrol,Manual,First,18.16,5,4.9,Ford,Figo Aspire 1.2 Ti-VCT Trend,0,1,1,0.07257525077543875,103.81280000000001,8.269581056466302
Chennai,Diesel,Automatic,First,15.97,5,70.0,BMW,X5 X5 M,0,5,4,0.08620113595516167,772.194,3.9994991234660655
Kolkata,Diesel,Automatic,First,11.78,5,25.5,Mercedes-Benz,New C-Class C 220 CDI Celebration Edition,0,3,2,0.0782174521333563,359.20966000000004,3.7480114540248173
Ahmedabad,Petrol,Automatic,First,18.9,5,5.1,Hyundai,Grand i10 AT Asta,0,1,1,0.06850459476315406,98.154,8.602639963586709
Hyderabad,Diesel,Manual,First,22.32,5,6.7,Hyundai,Verna 1.6 SX CRDi (O),0,2,1,0.07984829324914772,199.83823999999998,8.644461657629744
Hyderabad,Diesel,Automatic,First,16.73,5,26.5,BMW,5 Series 525d Sedan,1,5,3,0.07283661875281103,652.474,4.189832206361132
Ahmedabad,Diesel,Manual,First,23.08,5,3.9,Nissan,Micra Diesel XV Premium,1,2,0,0.04318959613744723,92.18910000000001,9.378301503453878
Pune,Petrol,Manual,Second,15.5,5,2.7,Maruti,SX4 ZXI MT BSIV,1,2,1,0.06513240853396443,163.8338,5.993812838360402
Hyderabad,Diesel,Manual,First,21.12,5,2.95,Tata,Manza Aura Quadrajet BS IV,1,1,1,0.07115384609683184,110.82239999999999,9.395017793594306
Ahmedabad,Diesel,Automatic,First,16.55,5,23.0,Audi,A4 2.0 TDI Multitronic,0,3,2,0.07113821134596635,275.52,5.576145552560647
Pune,Diesel,Manual,Second,17.8,5,2.49,Maruti,Swift Ldi BSIV,2,1,0,0.060096153797999874,93.6,7.918149466192171
Jaipur,Diesel,Manual,First,25.2,5,4.5,Maruti,Swift LDI Optional,2,1,0,0.059294871747359874,92.352,11.209964412811386
Delhi,Diesel,Manual,First,21.43,5,4.5,Toyota,Corolla Altis Diesel D4DJ,1,1,1,0.06392961872145922,118.9408,9.065143824027073
Hyderabad,Diesel,Manual,First,27.3,5,6.9,Honda,Jazz 1.5 VX i DTEC,1,2,1,0.06582109474911808,147.7028,10.928742994395515
Kochi,Petrol,Automatic,First,7.94,4,20.72,BMW,6 Series 650i Coupe,1,9,8,0.10238907847499679,1977.75,1.4717330861909177
Jaipur,Petrol,Manual,First,16.25,5,2.21,Skoda,Fabia 1.2 Petrol Active,1,1,0,0.061686143521130096,88.53220000000002,7.393084622383986
Mumbai,Diesel,Automatic,Second,12.35,5,13.9,Land,Rover Freelander 2 HSE,1,3,3,0.08615878839552145,409.08546,3.884869455803712
Pune,Petrol,Manual,First,15.3,5,1.46,Ford,Fiesta 1.6 ZXi Duratec,1,2,1,0.06328320798039899,161.196,5.8936825885978426
Pune,Diesel,Automatic,First,19.08,5,6.0,Hyundai,Verna SX CRDi AT,1,2,1,0.07984829324914772,199.83823999999998,7.389620449264136
Jaipur,Petrol,Manual,First,21.7,5,3.0,Renault,KWID 1.0 RXT Optional,0,0,0,0.06706706699993287,66.933,10.855427713856926
Delhi,Diesel,Manual,First,22.3,5,3.5,Tata,Indica Vista Quadrajet 90 ZX Plus,0,1,1,0.07115384609683184,110.82239999999999,9.919928825622776
Kochi,Diesel,Manual,First,21.19,5,7.59,Hyundai,i20 Active 1.4 SX,0,1,1,0.06356017187424057,123.86708,8.84390651085142
Mumbai,Petrol,Manual,Second,15.0,5,1.99,Maruti,SX4 Zxi BSIII,1,2,1,0.06600252202648012,166.02248,5.800464037122969
Hyderabad,Petrol,Manual,First,25.17,5,3.8,Renault,KWID RXT,0,0,0,0.06670838539836246,42.5867,13.991106170094499
Bangalore,Diesel,Manual,First,11.68,7,4.0,Mahindra,Xylo E4 ABS BS III,3,4,1,0.044835868677007264,279.776,3.339050886220697
Bangalore,Petrol,Manual,Second,21.1,5,2.95,Hyundai,EON D Lite Plus,0,0,0,0.06781326772995913,44.9328,11.631753031973538
Delhi,Diesel,Manual,First,25.8,5,3.75,Honda,Amaze VX i-DTEC,1,2,1,0.06582109474911808,147.7028,10.32826261008807
Kolkata,Diesel,Manual,First,22.07,5,2.5,Volkswagen,Polo Diesel Highline 1.2L,1,1,0,0.061634695528244625,88.60610000000001,10.03638017280582
Pune,Petrol,Manual,First,17.0,5,3.75,Honda,City 1.5 V MT,2,2,1,0.07882431524460633,176.646,6.8081698037645175
Pune,Diesel,Automatic,First,12.55,7,22.0,Toyota,Fortuner 4x2 AT,0,5,2,0.05650570085294913,502.467,3.1516825715720747
Kochi,Petrol,Manual,First,18.0,5,6.14,Honda,Amaze E i-Vtech,0,1,1,0.07237061763575073,103.8666,8.18926296633303
Pune,Diesel,Automatic,First,20.58,5,16.0,BMW,1 Series 118d Base,0,3,2,0.07167919795905804,285.285,6.871452420701168
Hyderabad,Petrol,Automatic,First,23.1,5,3.75,Maruti,Celerio VXI AT,0,0,0,0.06717434863008583,66.90592000000001,11.561561561561563
Mumbai,Diesel,Manual,First,12.99,8,11.75,Toyota,Innova 2.5 GX (Diesel) 8 Seater,0,4,1,0.040336808323842496,250.8964,3.7178019461934744
Pune,Diesel,Automatic,Second,16.36,5,24.0,Jaguar,XF 2.2 Litre Luxury,0,3,3,0.08614043135101403,408.9983,5.146272412708399
Hyderabad,Petrol,Manual,First,17.5,5,8.9,Honda,WRV i-VTEC VX,0,1,1,0.07397831520101891,106.35130000000001,7.958162801273306
Chennai,Diesel,Automatic,Third,17.05,5,10.0,BMW,X1 sDrive20d,1,3,3,0.09223057639487188,367.08,5.692821368948247
Mumbai,Petrol,Automatic,First,14.3,5,5.55,Skoda,Rapid 1.6 MPI AT Elegance,0,2,1,0.0647684605351887,165.393,5.504234026173981
Kochi,Petrol,Manual,First,16.09,5,3.59,Volkswagen,Vento 1.6 Comfortline,1,2,1,0.0647684605351887,165.393,6.193225558121632
Coimbatore,Diesel,Manual,First,22.77,5,11.13,Ford,EcoSport 1.5 TDCi Trend Plus BE,0,2,1,0.06581441918169932,147.68782000000002,9.115292233787029
Jaipur,Diesel,Manual,First,15.1,7,7.2,Mahindra,XUV500 W6 2WD,2,3,2,0.06424965577592949,305.06,4.749921358917899
Mumbai,Diesel,Manual,First,18.6,5,2.98,Ford,Fiesta Classic 1.4 Duratorq LXI,1,1,0,0.04827089333698062,92.996,7.7889447236180915
Pune,Petrol,Manual,Second,17.92,5,1.7,Hyundai,Santro Xing GLS,1,1,0,0.05718232038933488,67.4406,8.590604026845638
Delhi,Diesel,Automatic,First,12.0,7,52.0,Mercedes-Benz,GL-Class 2007 2012 350 CDI Luxury,1,5,4,0.07499163037328703,669.088,3.0097817908201656
Pune,Petrol,Manual,First,19.7,5,0.95,Maruti,Alto LXi BSII,1,0,0,0.05816582907265599,36.8548,10.96881959910913
Mumbai,Petrol,Manual,First,17.8,5,9.25,Honda,City i VTEC VX Option,0,2,1,0.07835671337451121,175.59810000000002,7.128554265118143
Bangalore,Diesel,Automatic,First,13.01,7,16.25,Hyundai,Santa Fe 2WD AT,0,3,3,0.0883583446619562,427.26570000000004,4.066895904970303
Kolkata,Diesel,Automatic,First,17.9,5,20.99,Mercedes-Benz,GLA Class 200 CDI SPORT,0,3,2,0.063462435807997,291.448,5.695195672923958
Chennai,Diesel,Manual,Second,12.8,8,4.25,Toyota,Innova 2.5 G4 Diesel 8-seater,2,4,1,0.040898155556977484,254.388,3.6634230108757873
Bangalore,Diesel,Automatic,Second,16.07,5,7.2,BMW,3 Series 320d Sedan,1,3,3,0.09072681699712941,361.095,5.365609348914858
Hyderabad,Petrol,Manual,First,18.6,5,4.4,Maruti,Swift ZXI,1,1,1,0.07167919793510509,102.70259999999999,8.466090122894856
Pune,Petrol,Manual,Second,15.04,5,4.25,Volkswagen,Vento Petrol Highline,1,2,1,0.064831038757928,165.5528,5.789068514241724
Ahmedabad,Petrol,Manual,First,16.02,7,5.35,Maruti,Ertiga VXI,0,1,1,0.0682447195424292,128.6501,6.75094816687737
Coimbatore,Petrol,Automatic,Second,18.9,5,6.3,Hyundai,Grand i10 AT Asta,0,1,1,0.06850459476315406,98.154,8.602639963586709
Delhi,Diesel,Manual,First,19.67,5,12.5,Hyundai,Creta 1.6 CRDi SX,0,2,1,0.07977243989900604,199.64839999999998,7.618125484120838
Ahmedabad,Diesel,Automatic,Second,16.77,5,7.5,Audi,A6 3.0 TDI quattro,0,5,4,0.08135490391595723,716.17446,4.227375850768843
Delhi,Diesel,Manual,First,16.0,7,11.25,Mahindra,XUV500 W8 1.99 mHawk,1,3,2,0.07010515770149967,279.58,5.3386720053386725
Mumbai,Petrol,Automatic,First,16.05,5,7.65,Ford,EcoSport 1.5 Ti VCT AT Titanium BE,0,2,1,0.07364909935046758,165.4896,6.422569027611044
Mumbai,Diesel,Manual,First,24.4,5,4.5,Hyundai,Xcent 1.1 CRDi Base,1,1,0,0.06339285708625637,79.52,11.509433962264149
Hyderabad,Diesel,Automatic,First,21.21,5,7.5,Volkswagen,Vento 1.5 TDI Comfortline AT,1,2,1,0.06889185576175443,154.5936,8.490792634107285
Kochi,Petrol,Automatic,First,13.0,5,7.1,Mercedes-Benz,S-Class 280 AT,2,5,3,0.0703046534749566,627.27,3.2605969400551795
Mumbai,Petrol,Manual,First,20.36,5,2.25,Hyundai,i10 Magna,1,1,0,0.06591478691235189,94.44330000000001,9.267182521620391
Hyderabad,Diesel,Automatic,First,17.11,5,27.0,Audi,A4 35 TDI Technology Edition,0,3,3,0.0885823170281594,343.08144,5.764824797843666
Pune,Diesel,Manual,Second,21.9,5,4.18,Hyundai,i20 Sportz 1.4 CRDi,0,1,1,0.06358166184557187,123.90896000000001,9.140233722871452
Chennai,Diesel,Manual,First,23.5,5,6.5,Hyundai,Verna 1.4 EX,1,1,1,0.06353868190290925,123.8252,9.808013355592655
Delhi,Petrol,Manual,First,17.0,5,3.15,Honda,City 1.5 V MT,1,2,1,0.07882431524460633,176.646,6.8081698037645175
Pune,Diesel,Manual,First,25.47,7,7.64,Maruti,Ertiga VDI,1,1,1,0.07091346148163985,110.448,11.330071174377222
Hyderabad,Petrol,Manual,First,19.7,5,2.4,Maruti,Alto LXi BSII,0,0,0,0.05816582907265599,36.8548,10.96881959910913
Mumbai,Petrol,Automatic,First,20.51,5,4.25,Maruti,Wagon R AMT VXI,0,0,0,0.06713426846980534,66.866,10.265265265265267
Kochi,Diesel,Automatic,First,19.08,5,9.31,Hyundai,Verna 1.6 CRDi AT SX,0,2,1,0.07977243989900604,199.64839999999998,7.389620449264136
Bangalore,Petrol,Manual,First,19.7,5,2.39,Maruti,Alto LXi BSIII,1,0,0,0.05816582907265599,36.8548,10.96881959910913
Kochi,Petrol,Manual,Second,16.09,5,7.64,Volkswagen,Vento 1.6 Comfortline,0,2,1,0.0647684605351887,165.393,6.193225558121632
Delhi,Petrol,Manual,First,21.4,5,6.21,Maruti,Baleno Zeta 1.2,0,1,1,0.06942355883924514,99.4707,9.740555302685479
Kochi,Petrol,Automatic,First,13.7,5,8.22,Honda,CR-V 2.0L 2WD AT,1,3,2,0.07704556831394814,307.25842000000006,4.571237904571238
Coimbatore,Diesel,Manual,First,14.24,7,28.85,Toyota,Fortuner 2.8 2WD MT,1,5,3,0.0633393829171182,480.7475,3.7922769640479363
Mumbai,Petrol,Automatic,First,15.6,5,8.5,Honda,City V AT,0,2,1,0.07768871070294675,174.1011,6.247496996395675
Bangalore,Petrol,Automatic,Second,12.0,2,90.0,Mercedes-Benz,SLK-Class 55 AMG,0,11,8,0.07709210765847059,2299.081,1.857297631945519
Mumbai,Petrol,Manual,First,17.4,5,6.51,Honda,City i-VTEC S,0,2,1,0.07835671337451121,175.59810000000002,6.96836203444133
Mumbai,Diesel,Manual,First,22.9,5,4.65,Maruti,Swift VDI,0,1,0,0.059294871747359874,92.352,10.186832740213521
Kochi,Petrol,Automatic,First,14.53,5,8.4,Toyota,Corolla Altis 2008-2013 1.8 VL AT,1,2,2,0.07697881824025705,247.7514,5.200429491768074
Bangalore,Diesel,Manual,First,23.59,5,5.75,Toyota,Etios Cross 1.4L VD,1,1,0,0.04916422283785614,91.46983999999999,9.978849407783418
Jaipur,Petrol,Manual,First,18.9,5,1.11,Maruti,Wagon R LX,2,0,0,0.06723446887050653,66.96579999999999,9.45945945945946
Mumbai,Petrol,Automatic,First,12.0,5,17.25,Mercedes-Benz,E-Class 2015-2017 E 200 CGI,1,3,3,0.09241587137497946,366.344,4.012036108324974
Delhi,Diesel,Automatic,First,16.36,5,32.0,Jaguar,XF Aero Sport Edition,0,3,3,0.08614043135101403,408.9983,5.146272412708399
Kochi,Petrol,Manual,First,17.0,5,3.45,Hyundai,i20 Sportz Petrol,1,1,0,0.06683375098844298,95.76,7.737824305871643
Pune,Diesel,Automatic,Second,12.39,5,23.0,Land,Rover Freelander 2 SE,1,3,2,0.06769619088219542,321.42429,3.8974520289399184
Kochi,Petrol,Manual,First,18.6,5,7.32,Hyundai,Elite i20 Petrol Sportz,0,1,1,0.06838763569892427,97.98642,8.466090122894856
Jaipur,Petrol,Manual,First,18.0,5,4.4,Honda,Amaze S i-Vtech,0,1,1,0.07237061763575073,103.8666,8.18926296633303
Coimbatore,Petrol,Manual,First,22.74,5,4.12,Maruti,Alto 800 VXI,0,0,0,0.059422110478112924,37.6508,12.661469933184854
Chennai,Diesel,Automatic,First,11.36,7,19.5,Toyota,Innova Crysta 2.8 ZX AT,1,5,2,0.062250453697912725,472.4825,3.025299600532623
Hyderabad,Petrol,Automatic,First,18.9,5,6.2,Hyundai,Grand i10 AT Asta,0,1,1,0.06850459476315406,98.154,8.602639963586709
Bangalore,Diesel,Automatic,First,16.55,5,45.0,BMW,X3 xDrive30d M Sport,0,5,4,0.08620113595516167,772.194,4.144753318307037
Hyderabad,Petrol,Manual,Second,15.0,5,0.85,Maruti,1000 AC,2,0,1,0.11678030269710282,109.87858692098094,7.614213197969542
Chennai,Petrol,Manual,Second,18.5,5,2.8,Hyundai,i20 Magna,1,1,0,0.06683375098844298,95.76,8.420573509330906
Pune,Petrol,Automatic,First,18.9,5,4.8,Hyundai,Grand i10 AT Asta,0,1,1,0.06850459476315406,98.154,8.602639963586709
Hyderabad,Diesel,Manual,First,25.01,5,5.65,Ford,Fiesta 1.5 TDCi Titanium,2,2,1,0.05991321758350252,134.4455,10.012009607686148
Ahmedabad,Diesel,Manual,Second,15.0,5,14.5,Mercedes-Benz,E-Class 220 CDI,1,3,1,0.052735984022455336,243.31876773841964,4.7649301143583225
Ahmedabad,Diesel,Manual,First,26.59,5,5.9,Maruti,Swift Dzire VDI,1,1,0,0.059294871747359874,92.352,11.828291814946619
Pune,Diesel,Manual,Second,23.59,5,5.0,Toyota,Etios VXD,1,1,0,0.04914956008126865,91.44256000000001,9.978849407783418
Ahmedabad,Petrol,Manual,First,19.1,5,4.9,Hyundai,Xcent 1.2 Kappa Base,0,1,1,0.06850459476315406,98.154,8.69367319071461
Ahmedabad,Petrol,Manual,First,13.5,5,4.25,Honda,Civic 2006-2010 1.8 S MT,1,2,2,0.07226236794204426,233.87,4.82315112540193
Chennai,Diesel,Manual,First,12.99,8,10.9,Toyota,Innova 2.5 GX (Diesel) 8 Seater,4,4,1,0.040336808323842496,250.8964,3.7178019461934744
Delhi,Petrol,Manual,First,13.2,5,2.45,Hyundai,Accent GLE,1,2,1,0.06287625413854431,140.53,5.290581162324648
Pune,Petrol,Manual,First,22.74,5,2.5,Maruti,Alto 800 LXI,0,0,0,0.059422110478112924,37.6508,12.661469933184854
Kolkata,Petrol,Automatic,First,8.1,2,29.5,Mercedes-Benz,SL-Class SL 500,0,11,7,0.07092107671288755,2115.0453,1.2536759015632253
Jaipur,Diesel,Manual,Second,22.7,5,5.75,Ford,Ecosport 1.5 DV5 MT Titanium Optional,1,2,1,0.059973297690271495,134.58032,9.08726981585268
Pune,Petrol,Manual,First,20.14,5,5.0,Hyundai,Xcent 1.2 VTVT E,0,1,1,0.06838763569892427,97.98642,9.1670459717797
Kochi,Petrol,Automatic,First,14.3,5,4.62,Skoda,Rapid 1.6 MPI AT Ambition Plus,1,2,1,0.064831038757928,165.5528,5.504234026173981
Delhi,Diesel,Automatic,First,15.73,5,23.5,Audi,Q3 2012-2015 35 TDI Quattro Premium Plus,0,3,3,0.0885823170281594,343.08144,5.299865229110512
Kolkata,Diesel,Manual,First,16.0,7,7.25,Mahindra,XUV500 W8 2WD,1,3,2,0.06424965577592949,305.06,5.033029254482542
Kochi,Petrol,Manual,First,17.0,5,11.88,Hyundai,Verna VTVT 1.6 SX Option,0,2,1,0.07624135758878607,192.98829999999998,6.561173292165186
Chennai,Petrol,Manual,Third,13.9,5,2.25,Hyundai,Verna Xi (Petrol),1,2,1,0.06454033767070648,165.01680000000002,5.348210850327049
Pune,Petrol,Manual,Second,14.2,5,0.85,Ford,Ikon 1.6 CLXI,1,2,1,0.05760801499210518,146.924,5.467847516365036
Pune,Petrol,Manual,First,19.69,5,4.0,Nissan,Micra Active XV,0,1,0,0.0559599331753256,80.31392000000001,8.958143767060966
Pune,Petrol,Automatic,First,16.5,5,5.1,Honda,Brio VX AT,0,1,1,0.0724540900897712,103.98639999999999,7.506824385805278
Hyderabad,Diesel,Manual,First,12.99,7,12.5,Toyota,Innova 2.5 GX (Diesel) 7 Seater,1,4,1,0.040336808323842496,250.8964,3.7178019461934744
Chennai,Diesel,Manual,First,20.64,5,2.9,Volkswagen,Vento 1.5 TDI Highline,2,2,1,0.072429906493705,162.533,8.262610088070456
Coimbatore,Diesel,Manual,First,16.0,7,15.96,Mahindra,XUV500 W10 AWD,1,3,2,0.06424965577592949,305.06,5.033029254482542
Mumbai,Petrol,Automatic,First,16.9,5,5.45,Hyundai,Xcent 1.2 Kappa AT SX Option,0,1,1,0.06850459476315406,98.154,7.692307692307692
Kochi,Diesel,Manual,First,13.5,7,23.86,Ford,Endeavour 2.2 Trend MT 4X4,0,3,2,0.07174704273350908,346.6246,4.221388367729832
Kochi,Petrol,Manual,First,18.0,5,1.75,Chevrolet,Spark 1.0 LT,0,0,0,0.06231155772632004,61.69,9.022556390977442
Hyderabad,Diesel,Manual,First,24.52,7,9.75,Maruti,Ertiga SHVS VDI,0,1,1,0.07091346148163985,110.448,10.90747330960854
Bangalore,Diesel,Manual,First,25.8,5,4.75,Honda,Amaze S i-Dtech,1,2,1,0.06582109474911808,147.7028,10.32826261008807
Delhi,Petrol,Manual,First,17.4,5,6.25,Honda,City i VTEC S,1,2,1,0.07835671337451121,175.59810000000002,6.96836203444133
Bangalore,Diesel,Automatic,Second,23.8,5,22.0,Mini,Cooper Countryman D,0,3,1,0.05605605602799997,223.776,7.938625750500334
Kochi,Petrol,Automatic,First,14.53,5,14.14,Toyota,Corolla Altis 2008-2013 1.8 VL AT,0,2,2,0.07697881824025705,247.7514,5.200429491768074
Kolkata,Petrol,Manual,First,17.0,5,0.95,Hyundai,Santro Xing XL eRLX Euro III,0,1,1,0.10430653188643048,123.01870659400547,8.149568552253115
Delhi,Petrol,Automatic,First,13.7,5,11.95,Skoda,Superb Elegance 1.8 TSI AT,1,2,2,0.08773637369981291,283.6345,4.896354538956397
Delhi,Petrol,Manual,First,18.9,5,2.5,Maruti,Wagon R LXI BS IV,1,0,0,0.06723446887050653,66.96579999999999,9.45945945945946
Mumbai,Petrol,Manual,First,19.81,5,2.75,Hyundai,i10 Era 1.1,0,1,0,0.06266114174708919,73.9023,9.49664429530201
Coimbatore,Petrol,Manual,First,23.84,5,5.85,Tata,Tiago 1.2 Revotron XT Option,0,1,1,0.0700583819265568,100.716,10.841291496134607
Ahmedabad,Petrol,Manual,First,21.4,5,6.25,Maruti,Baleno Zeta 1.2,0,1,1,0.06942355883924514,99.4707,9.740555302685479
Mumbai,Petrol,Manual,First,15.04,5,4.95,Volkswagen,Vento 1.6 Highline,1,2,1,0.06458072586697075,164.9136,5.789068514241724
Pune,Petrol,Manual,First,18.9,5,4.75,Hyundai,Grand i10 1.2 Kappa Sportz Option,0,1,1,0.06838763569892427,97.98642,8.602639963586709
Delhi,Diesel,Manual,First,20.0,5,2.55,Ford,Figo Diesel EXI,1,1,0,0.04864188702741823,95.20195,8.336807002917881
Pune,Petrol,Automatic,Second,13.9,5,4.5,Honda,Civic 2010-2013 1.8 V AT Sunroof,0,2,2,0.07242912725267975,234.40970000000002,4.96605930689532
Kochi,Petrol,Manual,First,22.74,5,3.01,Maruti,Alto 800 LXI,0,0,0,0.059422110478112924,37.6508,12.661469933184854
Hyderabad,Diesel,Automatic,First,15.68,5,42.0,Land,Rover Range Rover Evoque 2.0 TD4 HSE Dynamic,1,3,3,0.08854427209177375,353.823,5.228409469823275
Kolkata,Diesel,Automatic,First,12.4,5,11.5,Audi,A6 2.7 TDI,0,5,3,0.06653076350388037,484.291,3.3531638723634396
Hyderabad,Diesel,Automatic,First,11.0,5,10.99,Mercedes-Benz,E-Class 280 CDI,1,5,3,0.06645463673704231,592.9195,2.7589666415851517
Jaipur,Petrol,Automatic,First,17.0,5,3.71,Honda,City 1.5 V AT Exclusive,1,2,1,0.07882431524460633,176.646,6.8081698037645175
Jaipur,Petrol,Automatic,Third,10.1,5,2.0,Honda,CR-V 2.4 4WD AT,1,4,2,0.06457094304818567,357.808,3.011329755515802
Kochi,Diesel,Manual,First,28.09,5,9.48,Maruti,Ciaz 1.3 Alpha,0,1,1,0.07091346148163985,110.448,12.495551601423486
Jaipur,Petrol,Manual,Second,18.9,5,1.25,Maruti,Wagon R LXI,1,0,0,0.06723446887050653,66.96579999999999,9.45945945945946
Jaipur,Diesel,Manual,First,19.67,5,10.9,Hyundai,Creta 1.6 CRDi SX Option,1,2,1,0.07977243989900604,199.64839999999998,7.618125484120838
Kolkata,Diesel,Manual,First,28.09,5,5.5,Maruti,Ciaz VDi Plus SHVS,0,1,1,0.07091346148163985,110.448,12.495551601423486
Coimbatore,Petrol,Manual,First,21.1,5,3.71,Hyundai,EON D Lite Plus,1,0,0,0.06781326772995913,44.9328,11.631753031973538
Mumbai,Petrol,Manual,First,16.02,7,6.25,Maruti,Ertiga VXI,1,1,1,0.0682447195424292,128.6501,6.75094816687737
Chennai,Diesel,Manual,First,20.54,5,4.9,Volkswagen,Vento Diesel Highline,1,2,1,0.064831038757928,165.5528,7.906081601231716
Mumbai,Petrol,Manual,Second,12.8,5,1.1,Honda,City 1.5 GXI,1,2,1,0.06697923639184243,149.3,5.134376253509828
Kochi,Petrol,Manual,First,16.47,5,4.72,Volkswagen,Polo Petrol Trendline 1.2L,0,1,0,0.061686143521130096,88.53220000000002,7.4931756141947226
Mumbai,Diesel,Automatic,First,17.9,5,24.85,Mercedes-Benz,GLA Class 200 CDI,0,3,2,0.063462435807997,291.448,5.695195672923958
Jaipur,Diesel,Manual,First,14.66,7,12.25,Hyundai,Santa Fe 4X2,1,3,3,0.0883583446619562,427.26570000000004,4.582682088152548
Kolkata,Diesel,Manual,First,22.9,5,3.9,Maruti,Swift VDI,0,1,0,0.059294871747359874,92.352,10.186832740213521
Kochi,Petrol,Manual,First,18.6,5,6.28,Hyundai,Elite i20 Sportz Plus,0,1,1,0.06838763569892427,97.98642,8.466090122894856
Mumbai,Diesel,Manual,First,14.0,8,2.75,Mahindra,Xylo E8 BS IV,2,4,1,0.044835868677007264,279.776,4.002287021154945
Coimbatore,Petrol,Manual,First,18.9,5,7.85,Hyundai,Grand i10 Asta Option,0,1,1,0.06850459476315406,98.154,8.602639963586709
Mumbai,Petrol,Manual,First,15.04,5,2.95,Volkswagen,Vento Petrol Highline,1,2,1,0.064831038757928,165.5528,5.789068514241724
Mumbai,Petrol,Automatic,Second,11.7,5,4.85,Honda,Accord 2.4 A/T,1,4,3,0.07544604924577483,418.07039999999995,3.4883720930232553
Bangalore,Diesel,Automatic,Second,13.5,5,30.0,Mercedes-Benz,S-Class S 350 d,0,5,5,0.0962769230440079,823.70925,3.4394904458598727
Bangalore,Diesel,Automatic,First,15.0,5,19.9,Mercedes-Benz,B Class B200 CDI,0,3,1,0.05006999531027999,229.94389999999999,4.772510340439071
Bangalore,Diesel,Manual,First,20.5,5,10.8,Hyundai,Creta 1.6 SX Option Diesel,1,2,1,0.07977243989900604,199.64839999999998,7.939581719597212
Hyderabad,Petrol,Manual,First,19.7,5,1.75,Maruti,Alto LXI,1,0,0,0.05816582907265599,36.8548,10.96881959910913
Mumbai,Diesel,Automatic,First,20.38,5,19.25,Audi,A3 35 TDI Premium,0,3,2,0.0726626015890942,281.424,6.866576819407007
Delhi,Diesel,Manual,First,19.87,5,5.5,Renault,Duster 85PS Diesel RxL,1,2,1,0.057357973951158124,122.43180000000001,8.073953677366923
Chennai,Diesel,Manual,First,17.8,5,2.75,Ford,Fiesta 1.4 ZXi TDCi ABS,1,1,0,0.04860614721329081,95.132,7.419758232596915
Bangalore,Diesel,Manual,First,19.67,5,13.0,Hyundai,Creta 1.6 SX Plus Diesel,0,2,1,0.07977243989900604,199.64839999999998,7.618125484120838
Mumbai,Diesel,Manual,First,20.0,5,3.2,Ford,Figo Diesel ZXI,0,1,0,0.04860614721329081,95.132,8.336807002917881
Coimbatore,Petrol,Manual,First,15.26,5,5.84,Volkswagen,Polo Petrol Highline 1.6L,1,2,1,0.0647684605351887,165.393,5.873749037721324
Hyderabad,Diesel,Automatic,Second,16.8,5,24.0,Volvo,V40 D3 R Design,0,3,2,0.07618080239909558,295.35,5.658470865611316
Chennai,Diesel,Automatic,First,19.08,5,6.25,Hyundai,Verna SX CRDi AT,0,2,1,0.07984829324914772,199.83823999999998,7.389620449264136
Hyderabad,Diesel,Automatic,First,14.49,5,36.0,BMW,7 Series 2007-2012 730Ld,1,5,4,0.08620113595516167,772.194,3.62885048835462
Chennai,Diesel,Manual,Third,14.8,5,3.0,Mitsubishi,Lancer GLXD,2,3,0,0.03403403401699998,135.864,4.936624416277518
Chennai,Diesel,Manual,First,11.5,7,11.0,Toyota,Fortuner 3.0 Diesel,4,5,2,0.05734406436708784,509.922,2.887995981918634
Chennai,Diesel,Manual,First,26.21,5,6.5,Maruti,Ciaz VDi Plus,1,1,1,0.07091346148163985,110.448,11.659252669039144
Hyderabad,Diesel,Manual,First,24.3,5,9.4,Maruti,Vitara Brezza VDi Option,0,1,1,0.07091346148163985,110.448,10.809608540925266
Kochi,Diesel,Automatic,First,21.76,5,37.92,BMW,3 Series Luxury Line,0,3,3,0.09523809519035684,379.05,7.265442404006678
Pune,Petrol,Automatic,First,14.4,5,5.25,Volkswagen,Vento Petrol Highline AT,0,2,1,0.064831038757928,165.5528,5.542725173210162
Chennai,Petrol,Manual,First,17.0,5,4.5,Hyundai,i20 1.2 Asta,0,1,0,0.06683375098844298,95.76,7.737824305871643
Chennai,Diesel,Automatic,First,11.0,5,18.0,BMW,X5 3.0d,2,5,4,0.07851653856381005,703.355,2.7548209366391183
Coimbatore,Petrol,Manual,First,19.1,5,5.56,Hyundai,Xcent 1.2 Kappa S,0,1,1,0.06850459476315406,98.154,8.69367319071461
Bangalore,Diesel,Automatic,First,14.21,5,22.0,Mercedes-Benz,E-Class 2009-2013 E250 CDI Blue Efficiency,0,3,3,0.09472701815458376,435.029,4.521158129175947
Hyderabad,Diesel,Automatic,First,12.39,5,22.0,Land,Rover Freelander 2 SE,1,3,2,0.06769619088219542,321.42429,3.8974520289399184
Mumbai,Petrol,Manual,First,20.36,5,2.65,Hyundai,i10 Magna,0,1,0,0.06591478691235189,94.44330000000001,9.267182521620391
Jaipur,Diesel,Manual,Second,22.32,5,5.85,Hyundai,Verna 1.6 SX CRDi (O),1,2,1,0.07984829324914772,199.83823999999998,8.644461657629744
Chennai,Diesel,Manual,First,19.33,5,6.95,Volkswagen,Jetta 2012-2014 2.0L TDI Highline,2,3,2,0.07017276419198537,271.7808,6.512803234501347
Kolkata,Diesel,Manual,First,15.1,7,6.5,Mahindra,XUV500 W8 2WD,0,3,2,0.06424965577592949,305.06,4.749921358917899
Jaipur,Petrol,Manual,Third,19.7,8,0.85,Maruti,Omni 8 Seater BSII,1,0,0,0.04396984919099265,27.86,10.96881959910913
Delhi,Petrol,Automatic,Second,14.67,5,7.25,Skoda,Superb Style 1.8 TSI AT,1,2,3,0.09869855389393851,319.07308,5.243030736240171
Pune,Diesel,Manual,First,22.9,5,4.5,Maruti,Swift VDI,1,1,0,0.059294871747359874,92.352,10.186832740213521
Mumbai,Diesel,Manual,First,10.5,8,4.25,Mahindra,Scorpio 2.6 LX,1,3,1,0.05507113352222527,261.48,3.302925448254168
Chennai,Petrol,Automatic,First,13.7,5,26.0,Mercedes-Benz,GLA Class 200 Sport Edition,0,3,3,0.09191361120446327,364.353,4.580407890337679
Coimbatore,Diesel,Manual,First,16.55,6,9.66,Mahindra,Thar CRDe,0,4,1,0.04203362688469431,262.29,4.731275014293883
Bangalore,Diesel,Manual,Second,19.01,5,6.85,Renault,Duster 110PS Diesel RxZ,0,2,1,0.07422997941531144,158.44545000000002,7.724502234863876
Coimbatore,Diesel,Automatic,First,12.8,5,23.68,Audi,Q5 2008-2012 2.0 TDI,1,3,2,0.08516260158274257,329.8368,4.3126684636118595
Delhi,Diesel,Automatic,Second,12.39,5,15.75,Land,Rover Freelander 2 SE,1,3,2,0.06769619088219542,321.42429,3.8974520289399184
Pune,Diesel,Manual,Third,20.54,5,3.5,Volkswagen,Vento Diesel Comfortline,1,2,1,0.064831038757928,165.5528,7.906081601231716
Delhi,Petrol,Automatic,Second,11.62,5,6.99,BMW,5 Series 2003-2012 540i Sedan,0,5,5,0.10271903319814736,911.574,2.9203317416436287
Coimbatore,Diesel,Manual,First,22.7,5,15.57,Hyundai,Elantra CRDi SX,0,2,1,0.07977243989900604,199.64839999999998,8.79163439194423
Coimbatore,Diesel,Manual,First,15.3,7,5.29,Tata,Sumo EX,1,5,1,0.028349120423427226,247.7128,3.867542972699697
Kolkata,Petrol,Manual,First,22.7,5,2.25,Datsun,redi-GO T,0,0,0,0.06713391731272352,42.85836,12.618121178432462
Chennai,Diesel,Automatic,First,11.7,5,20.0,BMW,X5 xDrive 30d,2,5,4,0.08185766786439772,733.285,2.930127723516153
Mumbai,Petrol,Automatic,First,7.94,4,47.5,BMW,6 Series 630i Coupe,0,9,8,0.10238907847499679,1977.75,1.4717330861909177
Chennai,Petrol,Manual,Second,18.9,5,1.22,Maruti,Alto Vxi 1.1,2,1,0,0.04429783219199073,49.867,9.170305676855895
Chennai,Petrol,Manual,First,16.47,5,3.65,Volkswagen,Polo Petrol Comfortline 1.2L,1,1,0,0.061686143521130096,88.53220000000002,7.4931756141947226
Pune,Petrol,Manual,First,20.62,7,3.1,Datsun,GO Plus A,0,1,0,0.055926544193717405,80.266,9.381255686988172
Bangalore,Petrol,Manual,First,15.29,5,11.5,Hyundai,Creta 1.6 VTVT S,0,2,1,0.07624135758878607,192.98829999999998,5.901196449247394
Kochi,Petrol,Manual,First,24.07,5,3.46,Maruti,Alto K10 VXI,0,0,0,0.06723446887050653,66.96579999999999,12.047047047047048
Coimbatore,Diesel,Manual,First,14.66,7,8.38,Hyundai,Santa Fe 4X4,1,3,3,0.0883583446619562,427.26570000000004,4.582682088152548
Pune,Diesel,Manual,First,15.11,5,4.8,Volkswagen,Polo GT TDI,1,2,1,0.064831038757928,165.5528,5.8160123171670515
Pune,Diesel,Manual,Second,25.8,5,4.5,Honda,Amaze S i-Dtech,1,2,1,0.06582109474911808,147.7028,10.32826261008807
Chennai,Petrol,Manual,First,15.9,5,0.8,Maruti,Esteem Vxi,1,1,1,0.08727033408759606,147.03340806539512,6.919060052219321
Kolkata,Diesel,Manual,First,22.9,5,3.95,Maruti,Swift VDI,0,1,0,0.059294871747359874,92.352,10.186832740213521
Hyderabad,Diesel,Manual,First,20.5,5,3.65,Skoda,Rapid 1.6 TDI Ambition,3,2,1,0.0647684605351887,165.393,7.890685142417244
Mumbai,Diesel,Automatic,First,11.0,5,10.0,Mercedes-Benz,E-Class 280 CDI,2,5,3,0.06645463673704231,592.9195,2.7589666415851517
Delhi,Diesel,Manual,Second,12.05,8,4.0,Mahindra,Scorpio SLE BSIV,1,3,1,0.05507113352222527,261.48,3.7905001572821644
Hyderabad,Diesel,Manual,First,21.64,5,4.75,Nissan,Sunny 2011-2014 Diesel XL,2,2,1,0.05804243664747266,123.89280000000001,8.79317350670459
Bangalore,Petrol,Manual,Second,17.5,5,3.1,Maruti,Swift Dzire VXi,1,1,1,0.06610169486432843,111.3684,7.6153176675369885
Kochi,Petrol,Manual,First,21.1,5,3.61,Hyundai,EON Sportz,0,0,0,0.06781326772995913,44.9328,11.631753031973538
Coimbatore,Petrol,Manual,First,19.4,5,4.29,Honda,Brio S MT,0,1,1,0.0724540900897712,103.98639999999999,8.826205641492265
Kolkata,Petrol,Manual,First,18.06,5,2.13,Nissan,Micra XV Primo,0,1,0,0.06260434051535531,89.85,8.21656050955414
Mumbai,Petrol,Manual,First,19.7,5,1.1,Maruti,Alto LXi BSII,1,0,0,0.05816582907265599,36.8548,10.96881959910913
Hyderabad,Diesel,Automatic,First,22.69,5,13.95,BMW,3 Series 320d,1,3,3,0.09523809519035684,379.05,7.5759599332220375
Mumbai,Petrol,Manual,First,16.47,5,5.35,Volkswagen,Polo 1.2 MPI Highline,0,1,0,0.061769615975150564,88.652,7.4931756141947226
Hyderabad,Petrol,Manual,First,23.1,5,3.9,Maruti,Celerio LXI,1,0,0,0.06717434863008583,66.90592000000001,11.561561561561563
Kolkata,Petrol,Manual,First,21.5,5,2.8,Maruti,Wagon R VXI 1.2,0,1,1,0.06833751038568293,97.9146,9.786071916249432
Mumbai,Diesel,Manual,First,26.21,5,8.75,Maruti,Ciaz ZDi Plus,0,1,1,0.07091346148163985,110.448,11.659252669039144
Hyderabad,Diesel,Automatic,First,16.55,5,19.5,Audi,A4 2.0 TDI,1,3,2,0.0749542682545964,290.29967999999997,5.576145552560647
Kolkata,Petrol,Manual,First,19.4,5,2.75,Honda,Brio S MT,0,1,1,0.0724540900897712,103.98639999999999,8.826205641492265
Hyderabad,Diesel,Automatic,First,11.79,8,8.0,Mahindra,Scorpio VLX 2WD AT BSIV,1,3,1,0.05507113352222527,261.48,3.7087134318968227
Delhi,Diesel,Manual,First,26.0,5,5.7,Honda,City i DTEC V,1,2,1,0.06582109474911808,147.7028,10.408326661329061
Ahmedabad,Diesel,Automatic,First,17.05,5,12.5,BMW,X1 sDrive20d,1,3,3,0.09223057639487188,367.08,5.692821368948247
Chennai,Petrol,Manual,Second,18.0,5,1.75,Chevrolet,Spark 1.0 LT,0,0,0,0.06231155772632004,61.69,9.022556390977442
Chennai,Diesel,Manual,Second,20.0,5,1.9,Ford,Figo Diesel EXI,2,1,0,0.04860614721329081,95.132,8.336807002917881
Ahmedabad,Petrol,Manual,First,20.4,5,4.5,Maruti,Swift VXI BSIV,0,1,1,0.06833751038568293,97.9146,9.28538916704597
Mumbai,Diesel,Automatic,First,19.27,5,30.3,Mercedes-Benz,New C-Class C 220 CDI Avantgarde,0,3,2,0.07932804475999625,364.31,6.13108495068406
Hyderabad,Diesel,Automatic,First,19.3,5,16.0,Skoda,Octavia Elegance 2.0 TDI AT,0,3,2,0.07164634142700897,277.488,6.502695417789758
Kochi,Diesel,Automatic,First,18.56,5,32.78,BMW,X3 xDrive20d xLine,0,3,3,0.09523809519035684,379.05,6.196994991652754
Jaipur,Petrol,Manual,First,21.1,5,2.5,Hyundai,EON Era Plus,1,0,0,0.06781326772995913,44.9328,11.631753031973538
Hyderabad,Diesel,Automatic,First,18.25,5,43.0,Audi,A4 35 TDI Technology,0,3,3,0.09539634141494088,369.47232,6.148921832884096
Kochi,Petrol,Manual,First,18.16,5,5.38,Ford,Figo 2015-2019 1.2P Titanium MT,0,1,1,0.07257525077543875,103.81280000000001,8.269581056466302
Hyderabad,Petrol,Manual,First,20.92,5,2.65,Maruti,Alto K10 2010-2014 VXI,0,0,0,0.06723446887050653,66.96579999999999,10.470470470470472
Hyderabad,Petrol,Manual,First,24.7,5,3.3,Maruti,Alto 800 2016-2019 VXI,0,0,0,0.059422110478112924,37.6508,13.752783964365255
Hyderabad,Diesel,Automatic,First,19.27,5,34.0,Mercedes-Benz,New C-Class C 220 CDI Style,0,3,2,0.0782174521333563,359.20966000000004,6.13108495068406
Chennai,Petrol,Manual,Third,20.3,5,0.7,Hyundai,Santro D Lite,2,1,0,0.0626151012314778,73.848,9.731543624161072
Kochi,Diesel,Manual,First,24.4,5,6.83,Hyundai,Xcent 1.1 CRDi S,0,1,0,0.06339285708625637,79.52,11.509433962264149
Kochi,Diesel,Manual,First,25.8,5,5.77,Honda,Amaze S i-Dtech,0,2,1,0.06582109474911808,147.7028,10.32826261008807
Chennai,Diesel,Manual,Second,17.8,5,3.1,Maruti,Swift Vdi BSIII,2,1,0,0.060096153797999874,93.6,7.918149466192171
Mumbai,Petrol,Manual,First,16.2,5,4.95,Volkswagen,Polo 1.2 MPI Comfortline,0,1,0,0.061718098363871474,88.726,7.3669849931787175
Bangalore,Diesel,Automatic,First,17.11,5,16.25,Audi,A4 2.0 TDI 177 Bhp Premium Plus,1,3,3,0.0885823170281594,343.08144,5.764824797843666
Coimbatore,Diesel,Automatic,First,10.2,7,52.54,Land,Rover Range Rover 3.6 TDV8 Vogue SE,1,9,5,0.07052896723825762,1345.036,1.9005030743432083
Chennai,Diesel,Manual,Third,16.0,7,6.4,Mahindra,XUV500 W8 2WD,2,3,2,0.06424965577592949,305.06,5.033029254482542
Bangalore,Diesel,Manual,Third,13.1,7,6.95,Ford,Endeavour 2.5L 4X2,1,4,2,0.05642256900503299,352.359,3.7439268362389253
Kolkata,Diesel,Manual,First,17.2,5,0.85,Tata,Indica V2 DLX,0,1,0,0.03832378220750445,74.686,7.178631051752921
Chennai,Petrol,Manual,First,21.4,5,6.95,Maruti,Baleno Alpha,0,1,1,0.06942355883924514,99.4707,9.740555302685479
Kolkata,Diesel,Manual,First,24.4,5,3.45,Hyundai,Xcent 1.1 CRDi Base,1,1,0,0.06339285708625637,79.52,11.509433962264149
Delhi,Petrol,Manual,First,13.5,5,2.75,Honda,Civic 2006-2010 1.8 S MT,1,2,2,0.07226236794204426,233.87,4.82315112540193
Delhi,Petrol,Manual,Second,18.6,5,4.95,Hyundai,i20 Sportz Option 1.2,0,1,1,0.0683625730423036,97.95051,8.466090122894856
Coimbatore,Petrol,Manual,First,17.0,5,9.62,Tata,Nexon 1.2 Revotron XZ Plus,0,1,1,0.09056761261221401,129.983,7.734303912647862
Coimbatore,Petrol,Manual,First,18.6,5,6.79,Hyundai,i20 Sportz 1.2,0,1,1,0.0683625730423036,97.95051,8.466090122894856
Mumbai,Petrol,Manual,First,19.1,5,4.5,Maruti,Swift Dzire ZXI,0,1,1,0.07167919793510509,102.70259999999999,8.69367319071461
Kochi,Petrol,Manual,First,22.5,5,3.01,Maruti,Wagon R LXI,1,0,0,0.06717434863008583,66.90592000000001,11.261261261261263
Bangalore,Diesel,Manual,First,21.9,5,4.4,Hyundai,i20 Sportz 1.4 CRDi,1,1,1,0.06358166184557187,123.90896000000001,9.140233722871452
Hyderabad,Diesel,Automatic,First,12.55,7,17.49,Toyota,Fortuner 4x2 AT,3,5,2,0.05650570085294913,502.467,3.1516825715720747
Coimbatore,Petrol,Manual,First,20.36,5,4.66,Hyundai,i10 Sportz,0,1,0,0.06591478691235189,94.44330000000001,9.267182521620391
Chennai,Petrol,Manual,First,18.9,5,5.5,Hyundai,Grand i10 Asta,0,1,1,0.06850459476315406,98.154,8.602639963586709
Ahmedabad,Petrol,Manual,First,18.6,5,6.0,Hyundai,i20 Asta 1.2,1,1,1,0.0683625730423036,97.95051,8.466090122894856
Hyderabad,Petrol,Automatic,First,17.0,5,2.4,Hyundai,Santro Xing XL AT eRLX Euro II,1,1,1,0.10430653188643048,123.01870659400547,8.149568552253115
Kochi,Diesel,Manual,First,24.3,5,10.19,Maruti,Vitara Brezza ZDi Plus,1,1,1,0.07091346148163985,110.448,10.809608540925266
Kochi,Diesel,Manual,First,25.8,5,5.25,Honda,Amaze S i-Dtech,0,2,1,0.06582109474911808,147.7028,10.32826261008807
Hyderabad,Diesel,Automatic,First,15.26,5,45.0,Mercedes-Benz,M-Class ML 250 CDI,0,3,3,0.0948203452660661,435.45759999999996,4.855233853006682
Ahmedabad,Diesel,Manual,First,23.0,5,2.7,Hyundai,i20 Sportz Diesel,1,1,1,0.06446991399393272,125.64,9.599332220367279
Coimbatore,Petrol,Manual,First,19.81,5,3.39,Hyundai,i10 Era,1,1,0,0.06266114174708919,73.9023,9.49664429530201
Hyderabad,Diesel,Manual,First,26.59,5,5.69,Maruti,Swift Dzire VDI,1,1,0,0.059294871747359874,92.352,11.828291814946619
Kochi,Petrol,Automatic,First,10.37,2,58.54,BMW,Z4 2009-2013 Roadster 2.5i,0,5,5,0.10271903319814736,911.574,2.6061824579039956
Hyderabad,Diesel,Manual,First,27.39,5,8.4,Maruti,Baleno Alpha Diesel,0,1,0,0.059294871747359874,92.352,12.184163701067614
Hyderabad,Diesel,Manual,First,25.44,5,2.5,Chevrolet,Beat Diesel,1,0,0,0.06153846147271532,53.913599999999995,13.140495867768598
Pune,Petrol,Manual,First,19.4,5,3.25,Honda,Brio V MT,1,1,1,0.0724540900897712,103.98639999999999,8.826205641492265
Mumbai,Diesel,Manual,Second,20.0,5,3.25,Ford,Figo Diesel Titanium,0,1,0,0.04864188702741823,95.20195,8.336807002917881
Pune,Petrol,Automatic,First,23.1,5,4.25,Maruti,Celerio VXI AT,0,0,0,0.06717434863008583,66.90592000000001,11.561561561561563
Jaipur,Diesel,Automatic,First,14.84,5,18.5,Mercedes-Benz,New C-Class C 220 CDI Elegance AT,0,3,2,0.07932804475999625,364.31,4.721603563474388
Hyderabad,Petrol,Automatic,First,17.0,5,2.4,Hyundai,Santro Xing XL AT eRLX Euro III,1,1,1,0.10430653188643048,123.01870659400547,8.149568552253115
Jaipur,Petrol,Manual,First,19.4,5,4.25,Honda,Brio S MT,0,1,1,0.0724540900897712,103.98639999999999,8.826205641492265
Mumbai,Petrol,Automatic,First,21.4,5,8.85,Maruti,Baleno Alpha CVT,0,1,1,0.06942355883924514,99.4707,9.740555302685479
Coimbatore,Petrol,Manual,First,21.1,5,4.14,Hyundai,EON Sportz,0,0,0,0.06781326772995913,44.9328,11.631753031973538
Hyderabad,Diesel,Manual,First,23.0,5,7.0,Hyundai,i20 1.4 CRDi Sportz,1,1,1,0.06446991399393272,125.64,9.599332220367279
Hyderabad,Diesel,Automatic,First,10.91,7,33.0,Ford,Endeavour 3.2 Titanium AT 4X4,0,6,3,0.06160100060612852,630.006,2.598856598380181
Ahmedabad,Petrol,Manual,First,17.4,5,10.0,Honda,City i-VTEC VX,0,2,1,0.07835671337451121,175.59810000000002,6.96836203444133
Kochi,Diesel,Manual,Second,21.5,5,3.53,Maruti,SX4 ZDI,1,1,1,0.07115384609683184,110.82239999999999,9.564056939501778
Jaipur,Petrol,Manual,First,12.9,5,1.35,Chevrolet,Optra Magnum 1.6 LS Petrol,2,2,1,0.06414267830779556,163.795,4.965357967667437
Delhi,Diesel,Manual,First,20.54,5,4.5,Volkswagen,Vento Diesel Highline,1,2,1,0.064831038757928,165.5528,7.906081601231716
Pune,Petrol,Manual,First,16.8,5,4.9,Honda,City V MT,1,2,1,0.07768871070294675,174.1011,6.728073688426112
Kochi,Diesel,Manual,First,19.67,5,12.26,Hyundai,Creta 1.6 CRDi SX Option,1,2,1,0.07977243989900604,199.64839999999998,7.618125484120838
Mumbai,Diesel,Manual,Second,24.4,5,3.99,Hyundai,Xcent 1.1 CRDi SX,1,1,0,0.06339285708625637,79.52,11.509433962264149
Mumbai,Diesel,Automatic,First,17.9,5,46.95,Mercedes-Benz,GLC 220d 4MATIC Style,0,3,2,0.07932804475999625,364.31,5.695195672923958
Hyderabad,Diesel,Manual,First,20.0,5,3.8,Ford,Figo Diesel EXI,1,1,0,0.04860614721329081,95.132,8.336807002917881
Ahmedabad,Diesel,Manual,Second,15.0,5,6.75,Volkswagen,Jetta 2007-2011 2.0 TDI Trendline,1,3,1,0.05537974680623431,199.08,5.179558011049724
Coimbatore,Diesel,Manual,First,18.49,7,8.75,Mahindra,TUV 300 2015-2019 T8,0,2,1,0.06697923639184243,149.3,7.416766947452867
Chennai,Petrol,Manual,Second,15.8,5,5.2,Ford,Ecosport 1.5 Ti VCT MT Titanium,1,2,1,0.07338225478760356,164.89,6.322529011604642
Kochi,Petrol,Manual,First,17.1,5,8.42,Hyundai,Verna 1.6 SX VTVT (O),0,2,1,0.07624135758878607,192.98829999999998,6.5997684291779235
Pune,CNG,Manual,First,26.6,5,3.0,Maruti,Wagon R LXI CNG,1,0,0,0.058276553047819084,58.043679999999995,13.313313313313316
Mumbai,Petrol,Manual,First,18.6,5,5.75,Hyundai,i20 Sportz 1.2,0,1,1,0.0683625730423036,97.95051,8.466090122894856
Kolkata,Diesel,Automatic,First,15.2,5,9.75,Audi,A4 New 2.0 TDI Multitronic,0,3,2,0.07154471541080046,277.0944,5.121293800539084
Delhi,Petrol,Manual,First,19.49,5,3.5,Nissan,Micra Active XV S,0,1,0,0.0559599331753256,80.31392000000001,8.86715195632393
Jaipur,Diesel,Automatic,First,15.26,5,30.0,Mercedes-Benz,M-Class ML 250 CDI,1,3,3,0.0948203452660661,435.45759999999996,4.855233853006682
Delhi,Diesel,Automatic,First,12.83,5,35.0,Land,Rover Discovery Sport TD4 S,0,3,2,0.06769160162106856,321.4025,4.035860333438188
Coimbatore,Petrol,Manual,First,15.8,5,13.25,Hyundai,Creta 1.6 SX Option Executive,0,2,1,0.07624135758878607,192.98829999999998,6.09803164801235
Mumbai,Diesel,Manual,First,20.5,5,3.65,Skoda,Rapid 1.6 TDI Active,0,2,1,0.0647684605351887,165.393,7.890685142417244
Jaipur,Diesel,Manual,First,23.4,5,5.25,Maruti,Swift Dzire VDI,1,1,0,0.059294871747359874,92.352,10.409252669039144
Delhi,Petrol,Manual,First,15.8,5,9.7,Hyundai,Creta 1.6 SX,1,2,1,0.07624135758878607,192.98829999999998,6.09803164801235
Coimbatore,Diesel,Manual,First,24.0,5,5.21,Hyundai,Grand i10 CRDi Sportz,1,1,0,0.06249999994419642,78.4,11.320754716981131
Pune,Diesel,Manual,First,18.49,7,6.3,Mahindra,TUV 300 T8,1,2,1,0.06697923639184243,149.3,7.416766947452867
Kochi,Diesel,Manual,First,24.0,5,4.72,Hyundai,Grand i10 CRDi Sportz,1,1,0,0.06249999994419642,78.4,11.320754716981131
Chennai,Diesel,Automatic,Second,11.7,5,28.0,BMW,X5 xDrive 30d,1,5,4,0.08185766786439772,733.285,2.930127723516153
Coimbatore,Diesel,Automatic,First,28.4,5,8.37,Maruti,Dzire AMT VDI,0,1,0,0.05909455123469987,92.04,12.633451957295371
Delhi,Diesel,Manual,First,12.55,7,14.0,Toyota,Fortuner 4x4 MT,1,5,2,0.05650570085294913,502.467,3.1516825715720747
Hyderabad,Diesel,Automatic,First,17.68,5,36.0,Audi,A6 2011-2015 35 TDI Technology,0,3,3,0.0885823170281594,343.08144,5.9568733153638815
Pune,Diesel,Manual,First,27.3,5,6.4,Honda,Jazz 1.5 V i DTEC,1,2,1,0.06582109474911808,147.7028,10.928742994395515
Coimbatore,Diesel,Automatic,First,11.33,7,51.69,Audi,Q7 4.2 TDI Quattro Technology,1,8,6,0.08108369615842193,1385.7168000000001,2.2068562524347484
Jaipur,Diesel,Manual,First,12.05,7,8.0,Mahindra,Scorpio 2009-2014 VLX 2WD 7S BSIV,1,3,1,0.05507113352222527,261.48,3.7905001572821644
Hyderabad,Diesel,Manual,First,18.3,5,9.8,Chevrolet,Cruze LTZ,1,3,2,0.07428427921934491,294.4689,6.118355065195586
Hyderabad,Diesel,Manual,First,25.44,5,2.7,Chevrolet,Beat Diesel LT,1,0,0,0.06153846147271532,53.913599999999995,13.140495867768598
Coimbatore,Diesel,Automatic,First,18.25,5,24.37,Audi,A4 35 TDI Premium Plus,0,3,3,0.09539634141494088,369.47232,6.148921832884096
Kochi,Petrol,Automatic,First,14.3,5,9.72,Skoda,Rapid 1.6 MPI AT Style,0,2,1,0.06478097617973655,165.42496,5.504234026173981
Pune,Diesel,Manual,First,23.4,5,5.0,Maruti,Swift Dzire VDI,3,1,0,0.059294871747359874,92.352,10.409252669039144
Pune,Diesel,Manual,Second,11.5,7,10.5,Toyota,Fortuner 3.0 Diesel,2,5,2,0.05734406436708784,509.922,2.887995981918634
Jaipur,Diesel,Manual,Second,22.9,5,3.9,Maruti,Swift VDI,3,1,0,0.059294871747359874,92.352,10.186832740213521
Coimbatore,Petrol,Manual,First,17.0,5,5.65,Honda,City 1.5 V MT Exclusive,1,2,1,0.07882431524460633,176.646,6.8081698037645175
Mumbai,Diesel,Automatic,First,15.26,5,29.95,Mercedes-Benz,M-Class ML 250 CDI,1,3,3,0.0948203452660661,435.45759999999996,4.855233853006682
Bangalore,Diesel,Manual,Second,17.8,5,3.0,Maruti,Swift Ldi BSIII,1,1,0,0.060096153797999874,93.6,7.918149466192171
Kolkata,Diesel,Manual,First,26.1,5,6.0,Ford,Aspire Titanium Diesel,1,2,1,0.06608811744586908,148.302,10.44835868694956
Mumbai,Petrol,Manual,First,20.36,5,2.11,Hyundai,i10 Sportz,0,1,0,0.06591478691235189,94.44330000000001,9.267182521620391
Jaipur,Petrol,Manual,First,19.7,5,1.5,Maruti,Alto LXi,1,0,0,0.05816582907265599,36.8548,10.96881959910913
Coimbatore,Diesel,Manual,First,23.59,5,4.67,Toyota,Etios Liva GD,1,1,1,0.08304757598967921,154.50968305177113,9.978849407783418
Bangalore,Petrol,Manual,Second,20.4,5,2.85,Maruti,Swift VXI BSIV,1,1,1,0.06833751038568293,97.9146,9.28538916704597
Coimbatore,Diesel,Automatic,First,19.27,5,33.64,Mercedes-Benz,New C-Class C 220 CDI Avantgarde,0,3,2,0.07932804475999625,364.31,6.13108495068406
Hyderabad,Diesel,Manual,Second,17.88,5,0.91,Tata,Indica V2 DLE BSIII,1,1,0,0.037822349543107196,73.7088,7.462437395659432
Jaipur,Petrol,Manual,Second,22.74,5,2.42,Maruti,Alto 800 VXI,0,0,0,0.059422110478112924,37.6508,12.661469933184854
Kolkata,Petrol,Automatic,First,9.3,5,3.25,Skoda,Superb 2.8 V6 AT,0,5,3,0.06968603389762323,535.0801,2.466189339697693
Kolkata,Petrol,Manual,First,16.47,5,2.8,Volkswagen,Polo Petrol Comfortline 1.2L,0,1,0,0.061686143521130096,88.53220000000002,7.4931756141947226
Coimbatore,Petrol,Automatic,First,22.0,5,8.3,Maruti,Dzire AMT ZXI Plus,0,1,1,0.06833751038568293,97.9146,10.013654984069186
Bangalore,Diesel,Manual,Third,12.05,8,5.25,Mahindra,Scorpio VLX,2,3,1,0.05507113352222527,261.48,3.7905001572821644
Jaipur,Diesel,Manual,First,17.8,5,2.9,Maruti,Swift Vdi BSIII,3,1,0,0.060096153797999874,93.6,7.918149466192171
Pune,Diesel,Automatic,First,18.88,5,15.0,BMW,3 Series 320d Prestige,1,3,3,0.09223057639487188,367.08,6.303839732888147
Jaipur,Petrol,Manual,Second,25.4,4,0.53,Tata,Nano STD SE,1,0,0,0.06009615374984591,23.4,15.640394088669948
Mumbai,Diesel,Manual,First,12.99,8,12.5,Toyota,Innova 2.5 VX (Diesel) 8 Seater,1,4,1,0.04009623093821322,249.4,3.7178019461934744
Mumbai,Petrol,Manual,First,18.4,5,2.75,Honda,Brio S Option MT,0,1,1,0.0724540900897712,103.98639999999999,8.371246587807097
Pune,Petrol,Automatic,First,23.84,5,5.0,Tata,Tiago AMT 1.2 Revotron XZA,0,1,1,0.06991659710599116,100.51217,10.841291496134607
Kochi,Diesel,Manual,First,12.05,8,7.09,Mahindra,Scorpio SLE BSIV,0,3,1,0.05507113352222527,261.48,3.7905001572821644
Hyderabad,Diesel,Automatic,First,16.73,5,19.99,BMW,5 Series 2003-2012 525d,2,3,3,0.10927318290261995,434.91,5.585976627712855
Mumbai,Diesel,Manual,First,21.43,5,10.75,Toyota,Corolla Altis D-4D GL,1,1,1,0.06392961872145922,118.9408,9.065143824027073
Mumbai,Petrol,Automatic,First,18.0,5,9.45,Honda,City i VTEC CVT VX,0,2,1,0.07835671337451121,175.59810000000002,7.2086503804565485
Hyderabad,Diesel,Manual,First,22.0,5,2.9,Hyundai,Verna CRDi 1.6 SX Option,2,2,1,0.07977243989900604,199.64839999999998,8.520526723470178
Kolkata,Diesel,Manual,First,26.59,5,4.7,Maruti,Swift Dzire VDI Optional,0,1,0,0.059294871747359874,92.352,11.828291814946619
Coimbatore,Petrol,Manual,First,20.73,5,7.11,Maruti,Ciaz ZXi,0,1,1,0.06635105603324758,125.0803,8.735777496839443
Jaipur,Diesel,Manual,First,22.7,5,6.25,Ford,Ecosport 1.5 DV5 MT Titanium,1,2,1,0.059973297690271495,134.58032,9.08726981585268
Hyderabad,Petrol,Manual,First,20.92,5,2.2,Maruti,Alto K10 2010-2014 VXI,1,0,0,0.06723446887050653,66.96579999999999,10.470470470470472
Kochi,Petrol,Automatic,First,19.0,5,8.86,Honda,Amaze V CVT Petrol,0,1,1,0.07402835690239502,106.42324,8.640291041382447
Delhi,Diesel,Manual,First,15.1,7,9.3,Mahindra,XUV500 W6 2WD,0,3,2,0.06424965577592949,305.06,4.749921358917899
Coimbatore,Diesel,Manual,First,18.49,7,7.57,Mahindra,TUV 300 2015-2019 T8,1,2,1,0.06697923639184243,149.3,7.416766947452867
Chennai,Petrol,Manual,First,18.2,5,7.9,Honda,Jazz VX,0,1,1,0.07397831520101891,106.35130000000001,8.27648931332424
Kochi,Petrol,Manual,First,16.1,5,5.65,Maruti,Swift VXI BSIII W/ ABS,0,1,1,0.06795069332207188,114.48360000000001,7.00609225413403
Delhi,Petrol,Manual,First,16.47,5,3.25,Volkswagen,Polo Petrol Highline 1.2L,1,1,0,0.061686143521130096,88.53220000000002,7.4931756141947226
Coimbatore,Diesel,Manual,First,20.5,5,16.27,Hyundai,Creta 1.6 SX Option Diesel,0,2,1,0.07977243989900604,199.64839999999998,7.939581719597212
Coimbatore,Petrol,Manual,First,18.6,5,3.21,Chevrolet,Beat LS,1,1,0,0.06622185148772156,95.20060000000001,8.458390177353344
Kolkata,Diesel,Manual,First,25.8,5,3.9,Honda,Amaze VX i-DTEC,0,2,1,0.06582109474911808,147.7028,10.32826261008807
Mumbai,Petrol,Automatic,Second,10.0,5,6.5,Mercedes-Benz,E-Class 230 E AT,1,4,2,0.06318108971827681,393.6192,2.8604118993135015
Hyderabad,Diesel,Automatic,First,18.59,5,48.0,BMW,5 Series 530d M Sport,0,5,4,0.08853992646557303,793.145,4.65564738292011
Mumbai,Diesel,Automatic,First,20.38,5,18.9,Audi,A3 35 TDI Premium Plus,0,3,2,0.0726626015890942,281.424,6.866576819407007
Pune,Diesel,Manual,First,26.59,5,3.6,Maruti,Swift Dzire VDI,2,1,0,0.059294871747359874,92.352,11.828291814946619
Kolkata,Diesel,Manual,First,26.59,5,5.5,Maruti,Swift Dzire VDI,0,1,0,0.059294871747359874,92.352,11.828291814946619
Pune,Diesel,Manual,Second,12.8,7,7.0,Toyota,Innova 2.5 V Diesel 7-seater,1,4,1,0.040898155556977484,254.388,3.6634230108757873
Bangalore,Diesel,Automatic,First,16.09,5,41.75,BMW,X3 xDrive20d,0,3,3,0.09223057639487188,367.08,5.37228714524207
Hyderabad,Diesel,Automatic,First,16.73,5,10.5,BMW,5 Series 2003-2012 525d,2,3,3,0.10927318290261995,434.91,5.585976627712855
Coimbatore,Diesel,Manual,First,15.1,7,10.09,Mahindra,XUV500 W8 2WD,1,3,2,0.06424965577592949,305.06,4.749921358917899
Delhi,Petrol,Manual,First,17.0,5,3.0,Honda,City 1.5 S MT,1,2,1,0.07882431524460633,176.646,6.8081698037645175
Chennai,Diesel,Manual,First,17.0,7,12.0,Other,One LX 4x4,0,3,2,0.06318636360764256,305.822,5.3125
Jaipur,Diesel,Manual,First,20.14,5,4.91,Volkswagen,Polo 1.5 TDI Comfortline,1,2,1,0.058744993285216957,131.824,8.062449959967974
Kolkata,Petrol,Manual,First,16.0,5,2.0,Honda,Jazz S,0,1,1,0.07512520861842636,107.82,7.279344858962694
Hyderabad,Diesel,Manual,First,23.59,5,5.3,Toyota,Etios Liva GD SP,1,1,0,0.04916422283785614,91.46983999999999,9.978849407783418
Mumbai,Diesel,Manual,First,19.01,5,7.22,Nissan,Terrano XV Premium 110 PS,0,2,1,0.07426420255012717,158.5185,7.724502234863876
Kochi,Diesel,Automatic,First,18.56,5,32.57,BMW,X3 xDrive 20d xLine,0,3,3,0.09523809519035684,379.05,6.196994991652754
Mumbai,Petrol,Manual,First,18.5,5,2.75,Hyundai,i20 1.2 Magna,1,1,0,0.06683375098844298,95.76,8.420573509330906
Kochi,CNG,Manual,First,15.1,5,4.33,Maruti,Eeco 5 STR With AC Plus HTR CNG,0,1,0,0.06103678924662475,87.308,6.876138433515483
Hyderabad,Diesel,Manual,First,17.8,5,3.75,Ford,Fiesta EXi 1.4 TDCi Ltd,1,1,0,0.04860614721329081,95.132,7.419758232596915
Kochi,Petrol,Automatic,First,16.8,5,5.91,Honda,City 1.5 V AT,1,2,1,0.07882431524460633,176.646,6.728073688426112
Chennai,Diesel,Manual,First,25.2,5,4.35,Maruti,Swift VDI BSIV,1,1,0,0.059294871747359874,92.352,11.209964412811386
Delhi,Diesel,Manual,First,24.0,5,3.25,Hyundai,Grand i10 CRDi SportZ Edition,1,1,0,0.06249999994419642,78.4,11.320754716981131
Pune,Diesel,Automatic,First,14.75,7,68.0,Audi,Q7 45 TDI Quattro Technology,1,5,4,0.08257499154614932,726.915,3.718174943282077
Mumbai,Petrol,Manual,First,17.0,5,5.5,Volkswagen,Ameo 1.2 MPI Highline 16 Alloy,0,1,0,0.061769615975150564,88.652,7.734303912647862
Kochi,Petrol,Automatic,First,18.0,5,12.08,Honda,City i VTEC CVT VX,0,2,1,0.07835671337451121,175.59810000000002,7.2086503804565485
Kochi,Diesel,Manual,First,27.39,5,7.48,Maruti,Baleno Alpha 1.3,0,1,0,0.059294871747359874,92.352,12.184163701067614
Jaipur,Diesel,Manual,First,24.0,5,5.5,Hyundai,Grand i10 CRDi Sportz,1,1,0,0.06249999994419642,78.4,11.320754716981131
Jaipur,Diesel,Manual,First,19.3,5,3.5,Maruti,Swift Dzire VDi,2,1,0,0.059214743542295875,92.22720000000001,8.585409252669038
Hyderabad,Diesel,Manual,First,11.5,7,19.0,Toyota,Fortuner 3.0 Diesel,1,5,2,0.05734406436708784,509.922,2.887995981918634
Hyderabad,Diesel,Manual,First,27.3,5,8.4,Honda,Jazz VX Diesel,0,2,1,0.06582109474911808,147.7028,10.928742994395515
Pune,Diesel,Manual,First,24.3,5,7.25,Maruti,Vitara Brezza LDi Option,0,1,1,0.07091346148163985,110.448,10.809608540925266
Kolkata,Diesel,Manual,First,23.4,5,4.25,Maruti,Swift Dzire VDI,0,1,0,0.059294871747359874,92.352,10.409252669039144
Delhi,Diesel,Automatic,Second,21.66,5,5.7,Skoda,Rapid 1.5 TDI AT Elegance,1,2,1,0.06910547391915521,155.07296,8.670936749399518
Hyderabad,Petrol,Manual,First,22.74,5,2.49,Maruti,Alto 800 LXI,0,0,0,0.059422110478112924,37.6508,12.661469933184854
Pune,Petrol,Manual,Second,16.47,5,3.0,Volkswagen,Polo Petrol Highline 1.2L,1,1,0,0.061686143521130096,88.53220000000002,7.4931756141947226
Delhi,Diesel,Manual,First,26.0,5,5.95,Honda,City i DTEC SV,1,2,1,0.06582109474911808,147.7028,10.408326661329061
Delhi,Diesel,Manual,First,23.4,5,2.69,Maruti,Swift Dzire LDI,1,1,0,0.059294871747359874,92.352,10.409252669039144
Bangalore,Diesel,Automatic,First,17.11,5,26.0,Audi,A4 2.0 TDI 177 Bhp Technology Edition,0,3,3,0.0885823170281594,343.08144,5.764824797843666
Kolkata,Petrol,Manual,First,17.8,5,5.5,Honda,City i VTEC VX,0,2,1,0.07835671337451121,175.59810000000002,7.128554265118143
Chennai,Petrol,Manual,First,18.16,5,4.85,Ford,Figo Aspire 1.2 Ti-VCT Ambiente,0,1,1,0.07257525077543875,103.81280000000001,8.269581056466302
Kochi,Diesel,Manual,First,24.3,5,8.39,Maruti,Vitara Brezza LDi,0,1,1,0.07091346148163985,110.448,10.809608540925266
Hyderabad,Diesel,Manual,First,19.01,5,7.99,Renault,Duster 110PS Diesel RxL,1,2,1,0.07422997941531144,158.44545000000002,7.724502234863876
Hyderabad,Diesel,Manual,First,21.19,5,6.95,Hyundai,i20 Active 1.4 SX,1,1,1,0.06356017187424057,123.86708,8.84390651085142
Mumbai,Petrol,Manual,First,15.7,5,1.5,Mahindra,Logan Petrol 1.4 GLE,1,1,0,0.05395683449355623,104.25,6.569037656903766
Mumbai,Petrol,Manual,First,17.7,5,1.55,Honda,City ZX GXi,0,2,0,0.052104208382027915,116.766,7.088506207448939
Bangalore,Petrol,Manual,Second,15.6,5,2.75,Ford,Figo Petrol EXI,1,1,0,0.05852842804470867,83.72,7.103825136612023
Mumbai,Petrol,Manual,First,13.06,5,4.25,Renault,Duster Petrol RxL,1,2,1,0.06416145177461736,163.84294,5.026943802925327
Kolkata,Petrol,Manual,First,20.36,5,2.85,Hyundai,i10 Sportz 1.2,0,1,0,0.06591478691235189,94.44330000000001,9.267182521620391
Coimbatore,Diesel,Automatic,First,12.81,7,56.14,Land,Rover Discovery Sport TD4 HSE 7S,0,3,2,0.0741920960109094,296.47169,4.271423807935979
Ahmedabad,Petrol,Automatic,Second,9.74,5,10.0,Audi,Q5 2008-2012 2.0 TFSI Quattro,1,3,3,0.10483870962457725,412.672,3.264075067024129
Mumbai,Petrol,Manual,Second,11.3,8,1.25,Maruti,Versa DX2 BS II,1,1,1,0.06402157159936704,107.86379999999998,4.917319408181027
Kolkata,Diesel,Manual,First,26.59,5,7.5,Maruti,Swift Dzire ZDI,0,1,0,0.059294871747359874,92.352,11.828291814946619
Coimbatore,Diesel,Automatic,First,17.11,5,25.81,Audi,A4 2.0 TDI Premium Sport Limited Edition,0,3,3,0.0885823170281594,343.08144,5.764824797843666
Ahmedabad,Petrol,Manual,First,16.47,5,4.3,Volkswagen,Polo 1.2 MPI Comfortline,0,1,0,0.061769615975150564,88.652,7.4931756141947226
Chennai,Diesel,Manual,Second,11.5,7,11.0,Toyota,Fortuner 3.0 Diesel,2,5,2,0.05734406436708784,509.922,2.887995981918634
Jaipur,Diesel,Manual,Second,11.5,7,11.75,Toyota,Fortuner 3.0 Diesel,2,5,2,0.05734406436708784,509.922,2.887995981918634
Coimbatore,Petrol,Manual,First,12.8,5,6.58,Honda,Accord 2.4 MT,1,4,3,0.07544604924577483,418.07039999999995,3.8163387000596303
Chennai,Diesel,Manual,First,22.9,5,4.8,Maruti,Swift ZDi,1,1,0,0.059294871747359874,92.352,10.186832740213521
Pune,Petrol,Manual,Second,17.5,5,1.65,Skoda,Fabia 1.2 MPI Classic,1,1,0,0.058430717814331616,83.86,7.961783439490446
Kolkata,Diesel,Manual,First,17.1,5,15.0,Jeep,Compass 2.0 Sport,0,3,2,0.08691206539523923,332.52,5.7848443843031125
Ahmedabad,Petrol,Manual,Second,25.4,4,1.0,Tata,Nano Twist XT,0,0,0,0.06009615374984591,23.4,15.640394088669948
Hyderabad,Petrol,Manual,First,15.3,5,1.65,Ford,Fiesta 1.6 ZXi ABS,2,2,1,0.06328320798039899,161.196,5.8936825885978426
Ahmedabad,Diesel,Manual,First,27.62,5,3.6,Maruti,Celerio ZDi,0,0,0,0.05926860017746709,37.271,15.404350250976018
Delhi,Diesel,Manual,First,11.5,7,11.5,Toyota,Fortuner 3.0 Diesel,1,5,2,0.05734406436708784,509.922,2.887995981918634
Ahmedabad,Diesel,Manual,First,27.62,5,3.6,Maruti,Celerio ZDi,0,0,0,0.05926860017746709,37.271,15.404350250976018
Pune,Petrol,Manual,First,21.1,5,3.05,Hyundai,EON Era Plus,0,0,0,0.06781326772995913,44.9328,11.631753031973538
Bangalore,Diesel,Manual,Second,23.5,5,6.0,Ford,Fiesta Diesel Trend,0,2,1,0.06008010676897189,134.82,9.407526020816652
Ahmedabad,Petrol,Manual,First,16.47,5,3.75,Volkswagen,Polo 1.2 MPI Comfortline,0,1,0,0.061769615975150564,88.652,7.4931756141947226
Coimbatore,Petrol,Manual,First,16.2,5,6.17,Volkswagen,Polo 1.2 MPI Comfortline,0,1,0,0.061718098363871474,88.726,7.3669849931787175
Coimbatore,Diesel,Manual,First,24.3,5,9.05,Maruti,Vitara Brezza ZDi,1,1,1,0.07091346148163985,110.448,10.809608540925266
Coimbatore,Petrol,Manual,First,19.4,5,4.05,Honda,Brio S MT,1,1,1,0.0724540900897712,103.98639999999999,8.826205641492265
Pune,Petrol,Manual,First,17.5,5,4.25,Maruti,Swift Dzire VXi,1,1,1,0.06610169486432843,111.3684,7.6153176675369885
Kolkata,Petrol,Manual,First,23.1,5,3.75,Maruti,Celerio LXI MT,0,0,0,0.06717434863008583,66.90592000000001,11.561561561561563
Mumbai,Petrol,Automatic,First,13.0,5,11.85,Hyundai,Creta 1.6 SX Plus Petrol Automatic,0,2,1,0.07624135758878607,192.98829999999998,5.017367811655731
Kochi,Diesel,Manual,First,22.7,5,8.24,Ford,Ecosport 1.5 DV5 MT Titanium,0,2,1,0.059973297690271495,134.58032,9.08726981585268
Hyderabad,Diesel,Manual,First,17.8,5,5.99,Maruti,Swift VDI BSIV W ABS,1,1,1,0.0907667417004834,141.36956337874662,7.918149466192171
Jaipur,Petrol,Manual,Second,13.1,5,6.5,Honda,CR-V RVi MT,1,3,2,0.07065598394058288,281.7767,4.371037704371038
Coimbatore,Diesel,Automatic,First,12.51,7,58.91,Land,Rover Discovery Sport SD4 HSE Luxury 7S,0,3,3,0.08614043135101403,408.9983,3.9351997483485373
Delhi,Diesel,Manual,First,15.1,7,8.0,Mahindra,XUV500 W8 2WD,1,3,2,0.06424965577592949,305.06,4.749921358917899
Kochi,Petrol,Manual,First,16.47,5,4.64,Volkswagen,Polo 1.2 MPI Highline,1,1,0,0.061769615975150564,88.652,7.4931756141947226
Kochi,Petrol,Automatic,First,19.2,5,3.32,Hyundai,i10 Magna AT,0,1,0,0.06683375098844298,95.76,8.739189804278562
Chennai,Petrol,Manual,Second,20.36,5,2.78,Hyundai,i10 Magna 1.2,1,1,0,0.06591478691235189,94.44330000000001,9.267182521620391
Kochi,Diesel,Automatic,First,14.81,5,8.95,Chevrolet,Cruze LTZ AT,1,3,2,0.08193193189092494,327.07259999999997,4.939959973315544
Mumbai,Petrol,Automatic,First,12.0,5,21.95,Mercedes-Benz,E-Class E 200 CGI,1,3,3,0.09092415866854638,360.43073,4.012036108324974
Ahmedabad,Petrol,Manual,First,11.7,5,7.9,Hyundai,Sonata 2.4 GDI,0,4,2,0.056803730370155264,316.106,3.483179517713605
Kolkata,Petrol,Automatic,First,11.74,5,29.0,Mercedes-Benz,New C-Class C 200 Kompressor Elegance AT,0,2,3,0.10356347432986443,334.056,4.198855507868384
Kolkata,Diesel,Manual,First,22.07,5,3.25,Volkswagen,Polo Diesel Trendline 1.2L,0,1,0,0.061634695528244625,88.60610000000001,10.03638017280582
Mumbai,Petrol,Manual,First,17.4,5,5.9,Honda,City i VTEC SV,0,2,1,0.07835671337451121,175.59810000000002,6.96836203444133
Coimbatore,Diesel,Manual,First,24.3,5,9.88,Maruti,Vitara Brezza ZDi,0,1,1,0.07091346148163985,110.448,10.809608540925266
Coimbatore,Petrol,Manual,First,18.6,5,8.78,Hyundai,Elite i20 Asta Option,0,1,1,0.06838763569892427,97.98642,8.466090122894856
Kolkata,Diesel,Manual,Second,13.93,7,2.75,Tata,New Safari Dicor EX 4X2,1,3,2,0.06337769616182759,300.9199,4.381881094683862
Kochi,Diesel,Manual,First,21.64,5,5.98,Nissan,Sunny 2011-2014 Diesel XL,1,2,1,0.05804243664747266,123.89280000000001,8.79317350670459
Delhi,Petrol,Automatic,First,10.9,5,31.0,BMW,3 Series 330 Ci Convertible,0,4,3,0.08610332395430384,536.855,3.116957392050329
Delhi,Petrol,Manual,Second,14.53,5,3.55,Toyota,Corolla 1.8 J,1,2,2,0.07675194656465409,248.124,5.192994996426018
Kochi,Diesel,Manual,First,22.32,5,6.24,Hyundai,Verna 1.6 SX,1,2,1,0.07984829324914772,199.83823999999998,8.644461657629744
Kolkata,Diesel,Manual,First,19.3,5,2.19,Maruti,Swift Dzire VDi,0,1,0,0.059214743542295875,92.22720000000001,8.585409252669038
Hyderabad,Diesel,Manual,First,28.4,5,5.5,Maruti,Dzire VDI,1,1,0,0.05909455123469987,92.04,12.633451957295371
Pune,Petrol,Manual,First,24.07,5,2.1,Maruti,Alto K10 VXI,0,0,0,0.06723446887050653,66.96579999999999,12.047047047047048
Coimbatore,Petrol,Automatic,First,10.5,4,50.66,Jaguar,XJ 5.0 L V8 Supercharged,0,10,9,0.10059999997987999,2515.0,1.75
Kolkata,Diesel,Automatic,First,14.84,5,14.0,Mercedes-Benz,New C-Class 220 CDI AT,0,3,2,0.07932804475999625,364.31,4.721603563474388
Mumbai,Diesel,Manual,First,22.0,5,5.5,Hyundai,Verna CRDi 1.6 SX Option,1,2,1,0.07977243989900604,199.64839999999998,8.520526723470178
Pune,Petrol,Manual,Third,14.2,5,1.2,Chevrolet,Aveo 1.6 LT,1,2,1,0.063829787194099,162.996,5.465742879137798
Hyderabad,Petrol,Manual,First,20.4,5,5.3,Maruti,Swift VXI BSIV,1,1,1,0.06833751038568293,97.9146,9.28538916704597
Chennai,Diesel,Manual,First,23.9,5,6.3,Hyundai,Verna 1.6 CRDi S,1,2,1,0.07977243989900604,199.64839999999998,9.256390395042603
Kochi,Diesel,Automatic,First,17.9,5,40.47,Mercedes-Benz,GLC 220d Celebration Edition,0,3,2,0.07839477364517276,360.024,5.695195672923958
Delhi,Diesel,Manual,First,13.0,7,16.1,Toyota,Fortuner 4x2 Manual,1,5,2,0.05650570085294913,502.467,3.2646911099949776
Delhi,Diesel,Automatic,First,12.8,5,25.0,Audi,Q5 2008-2012 2.0 TDI,0,3,2,0.08516260158274257,329.8368,4.3126684636118595
Mumbai,Diesel,Automatic,Second,13.2,5,7.95,BMW,3 Series 320d Dynamic,1,3,2,0.08521303253874032,339.15,4.407345575959933
Delhi,Petrol,Manual,First,24.7,5,2.65,Maruti,Alto 800 2016-2019 LXI,0,0,0,0.059422110478112924,37.6508,13.752783964365255
Coimbatore,Petrol,Manual,First,20.92,5,2.81,Maruti,Alto K10 2010-2014 VXI,1,0,0,0.06723446887050653,66.96579999999999,10.470470470470472
Hyderabad,Petrol,Automatic,First,15.64,5,17.5,Audi,A4 1.8 TFSI Technology Edition,1,2,2,0.09322580639976318,301.38076,5.589706933523946
Mumbai,Petrol,Manual,First,16.1,5,3.3,Maruti,Swift VXi BSIV,1,1,1,0.07101086042522066,101.745,7.3281747837960864
Kochi,Petrol,Manual,First,22.5,5,5.34,Maruti,Wagon R VXI,0,0,0,0.06717434863008583,66.90592000000001,11.261261261261263
Hyderabad,Diesel,Manual,First,21.14,5,8.5,Skoda,Rapid 1.5 TDI Ambition,0,2,1,0.06910547391915521,155.07296,8.462770216172938
Kochi,Petrol,Manual,Second,16.0,5,2.69,Honda,Jazz S,1,1,1,0.07512520861842636,107.82,7.279344858962694
Ahmedabad,Diesel,Manual,First,16.0,7,11.5,Mahindra,XUV500 W10 2WD,1,3,2,0.06424965577592949,305.06,5.033029254482542
Coimbatore,Petrol,Manual,First,18.5,5,4.06,Maruti,Ritz VXi,1,1,1,0.07167919793510509,102.70259999999999,8.420573509330906
Hyderabad,Diesel,Automatic,First,17.9,5,49.0,Mercedes-Benz,GLE 250d,0,3,3,0.09386374237337204,431.06445,5.695195672923958
Bangalore,Diesel,Manual,First,20.5,5,4.6,Skoda,Rapid 1.6 TDI Ambition,1,2,1,0.0647684605351887,165.393,7.890685142417244
Delhi,Diesel,Manual,First,24.0,5,3.96,Hyundai,Grand i10 CRDi Magna,1,1,0,0.06249999994419642,78.4,11.320754716981131
Mumbai,Petrol,Manual,First,18.6,5,5.6,Hyundai,Elite i20 Petrol Asta,0,1,1,0.06838763569892427,97.98642,8.466090122894856
Kolkata,Diesel,Manual,First,22.95,5,3.75,Tata,Zest Quadrajet 1.3 75PS XE,0,1,0,0.059294871747359874,92.352,10.209074733096084
Jaipur,Diesel,Manual,First,22.54,5,5.5,Hyundai,i20 Magna 1.4 CRDi,1,1,1,0.06356017187424057,123.86708,9.407345575959933
Delhi,Diesel,Manual,Second,20.5,5,3.0,Skoda,Rapid 1.6 TDI Elegance,1,2,1,0.0647684605351887,165.393,7.890685142417244
Mumbai,Petrol,Manual,First,16.0,5,3.0,Fiat,Linea Emotion,0,1,1,0.0657894736361188,123.12,6.756756756756756
Pune,Petrol,Manual,First,16.1,5,2.95,Maruti,Swift VXI BSIII W/ ABS,1,1,1,0.06795069332207188,114.48360000000001,7.00609225413403
Hyderabad,Diesel,Manual,First,25.0,5,2.45,Tata,Indica V2 2001-2011 eLS,1,1,0,0.049426934062015086,96.324,10.434056761268781
Pune,Diesel,Automatic,First,14.84,5,13.99,Mercedes-Benz,New C-Class C 220 CDI Elegance AT,2,3,2,0.07932804475999625,364.31,4.721603563474388
Bangalore,Diesel,Automatic,First,11.57,5,60.75,Mercedes-Benz,GLE 350d,0,5,4,0.08529963170897234,761.05773,2.9019312766491097
Chennai,Petrol,Manual,Second,16.8,5,4.5,Honda,City V MT AVN,0,2,1,0.07768871070294675,174.1011,6.728073688426112
Mumbai,Petrol,Manual,Second,18.5,5,2.5,Hyundai,i20 Magna,1,1,0,0.06683375098844298,95.76,8.420573509330906
Chennai,Diesel,Manual,First,13.0,7,20.5,Toyota,Fortuner 4x2 Manual,1,5,2,0.05650570085294913,502.467,3.2646911099949776
Delhi,Petrol,Manual,First,18.9,5,3.9,Hyundai,Grand i10 Magna,0,1,1,0.06850459476315406,98.154,8.602639963586709
Chennai,Diesel,Manual,Second,15.0,5,3.5,Volkswagen,Jetta 2007-2011 2.0 TDI Comfortline,1,3,1,0.05537974680623431,199.08,5.179558011049724
Hyderabad,Petrol,Automatic,First,15.63,5,8.3,Ford,EcoSport 1.5 Ti VCT AT Titanium,1,2,1,0.07364909935046758,165.4896,6.254501800720288
Chennai,Petrol,Manual,First,21.1,5,2.5,Hyundai,EON Magna Plus,0,0,0,0.06781326772995913,44.9328,11.631753031973538
Kolkata,Petrol,Automatic,First,19.15,5,2.65,Nissan,Micra XV CVT,0,1,0,0.06338898158314775,90.97612,8.712465878070974
Kochi,Petrol,Automatic,First,19.0,5,7.42,Honda,Jazz 1.2 V CVT i VTEC,0,1,1,0.07397831520101891,106.35130000000001,8.640291041382447
Kochi,Petrol,Manual,First,16.47,5,4.63,Volkswagen,Polo 1.2 MPI Trendline,0,1,0,0.061769615975150564,88.652,7.4931756141947226
Kolkata,Petrol,Manual,First,19.7,5,1.09,Maruti,Alto LXi,0,0,0,0.05816582907265599,36.8548,10.96881959910913
Delhi,Diesel,Manual,First,22.32,5,3.8,Hyundai,Verna 1.6 SX,1,2,1,0.07984829324914772,199.83823999999998,8.644461657629744
Mumbai,Diesel,Automatic,First,10.0,5,15.75,Mercedes-Benz,E-Class 2009-2013 E 220 CDI Avantgarde,1,3,2,0.07914338916240997,365.16,3.1766200762388817
Coimbatore,Petrol,Manual,First,17.57,5,5.27,Tata,Zest Revotron 1.2 XT,0,1,1,0.0743503771380131,105.8191,8.011855905152759
Mumbai,Petrol,Manual,Second,18.4,5,2.75,Honda,Brio S Option MT,0,1,1,0.0724540900897712,103.98639999999999,8.371246587807097
Chennai,Diesel,Manual,First,27.3,5,7.4,Honda,Jazz VX Diesel,0,2,1,0.06582109474911808,147.7028,10.928742994395515
Jaipur,Petrol,Automatic,First,24.07,5,3.9,Maruti,Alto K10 VXI AGS,0,0,0,0.06723446887050653,66.96579999999999,12.047047047047048
Jaipur,Petrol,Manual,Second,17.3,5,0.7,Maruti,Zen VXi - BS III,1,0,0,0.06042296066422662,59.58,8.680381334671349
Pune,Diesel,Manual,First,22.54,5,5.9,Hyundai,i20 Sportz 1.4 CRDi,2,1,1,0.06356017187424057,123.86708,9.407345575959933
Coimbatore,Diesel,Manual,First,22.7,5,9.58,Maruti,SX4 S Cross DDiS 320 Zeta,1,2,1,0.07384230283238905,188.564,8.737490377213241
Delhi,Diesel,Automatic,First,14.21,5,24.95,Mercedes-Benz,E-Class 2009-2013 E250 CDI Elegance,0,3,3,0.09472701815458376,435.029,4.521158129175947
Kochi,Petrol,Manual,First,13.7,7,4.29,Chevrolet,Enjoy Petrol LS 7 Seater,0,1,1,0.07063616864143232,138.24918,5.710712796998749
Delhi,Diesel,Automatic,Second,14.21,5,11.5,Mercedes-Benz,E-Class 2009-2013 E250 CDI Blue Efficiency,1,3,3,0.09472701815458376,435.029,4.521158129175947
Mumbai,Diesel,Manual,First,16.0,7,9.65,Mahindra,XUV500 W4,0,3,2,0.06424965577592949,305.06,5.033029254482542
Mumbai,Petrol,Manual,First,20.36,5,3.75,Hyundai,i10 Sportz,0,1,0,0.06591478691235189,94.44330000000001,9.267182521620391
Pune,Petrol,Manual,Second,14.2,5,1.1,Hyundai,Getz 1.3 GLS,2,1,1,0.06181953761236425,111.16890000000001,6.065783853054249
Coimbatore,Diesel,Automatic,First,12.07,7,31.41,Audi,Q7 3.0 TDI quattro,2,5,4,0.08136164473159366,716.2338000000001,3.0426014620620117
Pune,Diesel,Manual,Third,12.05,8,6.0,Mahindra,Scorpio SLE BSIV,1,3,1,0.05507113352222527,261.48,3.7905001572821644
Pune,Petrol,Manual,First,18.7,5,5.55,Honda,Jazz 1.2 SV i VTEC,0,1,1,0.07397831520101891,106.35130000000001,8.503865393360618
Jaipur,Diesel,Manual,First,14.0,7,10.91,Tata,Safari Storme 2012-2015 EX,0,3,2,0.06337769616182759,300.9199,4.403900597672224
Kolkata,Diesel,Manual,First,15.1,7,7.25,Mahindra,XUV500 W6 2WD,1,3,2,0.06424965577592949,305.06,4.749921358917899
Hyderabad,Diesel,Manual,First,22.07,5,3.9,Volkswagen,Polo Diesel Comfortline 1.2L,2,1,0,0.061634695528244625,88.60610000000001,10.03638017280582
Delhi,Diesel,Manual,First,19.3,5,3.95,Maruti,Swift Dzire ZDi,1,1,0,0.059214743542295875,92.22720000000001,8.585409252669038
Mumbai,Diesel,Automatic,First,15.73,5,22.0,Audi,Q3 2.0 TDI,1,3,3,0.0885823170281594,343.08144,5.299865229110512
Delhi,Petrol,Manual,First,23.1,5,3.38,Maruti,Celerio ZXI,0,0,0,0.06717434863008583,66.90592000000001,11.561561561561563
Mumbai,Petrol,Manual,First,16.8,5,3.45,Honda,City V MT Exclusive,1,2,1,0.07768871070294675,174.1011,6.728073688426112
Delhi,Petrol,Manual,First,18.6,5,5.75,Hyundai,i20 1.2 Spotz,0,1,1,0.0683625730423036,97.95051,8.466090122894856
Jaipur,Petrol,Manual,First,25.17,5,2.75,Renault,KWID RXT,0,0,0,0.06670838539836246,42.5867,13.991106170094499
Kochi,Diesel,Automatic,First,17.9,5,30.3,Mercedes-Benz,CLA 200 CDI Sport,0,3,2,0.063462435807997,291.448,5.695195672923958
Hyderabad,Diesel,Manual,First,22.7,5,7.5,Ford,Ecosport 1.5 DV5 MT Titanium,0,2,1,0.059973297690271495,134.58032,9.08726981585268
Coimbatore,Petrol,Manual,First,18.6,5,6.87,Hyundai,i20 Asta 1.2,0,1,1,0.0683625730423036,97.95051,8.466090122894856
Bangalore,Diesel,Manual,First,12.99,7,15.2,Toyota,Innova 2.5 ZX Diesel 7 Seater,1,4,1,0.040336808323842496,250.8964,3.7178019461934744
Chennai,Diesel,Manual,First,21.64,5,3.5,Nissan,Sunny 2011-2014 Diesel XL,2,2,1,0.05804243664747266,123.89280000000001,8.79317350670459
Hyderabad,Diesel,Manual,First,25.2,5,5.85,Maruti,Swift VDI BSIV,1,1,0,0.059294871747359874,92.352,11.209964412811386
Hyderabad,Petrol,Manual,First,19.0,5,2.5,Maruti,A-Star Vxi,1,0,0,0.06623246486349452,65.96779999999998,9.50950950950951
Pune,Petrol,Manual,First,18.6,5,3.95,Maruti,Swift ZXI,1,1,1,0.07167919793510509,102.70259999999999,8.466090122894856
Jaipur,Diesel,Automatic,First,17.9,5,27.0,Mercedes-Benz,CLA 200 CDI Sport,0,3,2,0.063462435807997,291.448,5.695195672923958
Bangalore,Petrol,Manual,Second,16.02,7,6.75,Maruti,Ertiga ZXI,1,1,1,0.0682447195424292,128.6501,6.75094816687737
Jaipur,Petrol,Manual,Second,18.9,5,1.5,Maruti,Wagon R LXI,1,0,0,0.06723446887050653,66.96579999999999,9.45945945945946
Hyderabad,Diesel,Manual,First,22.07,5,3.9,Volkswagen,Polo Diesel Trendline 1.2L,1,1,0,0.061634695528244625,88.60610000000001,10.03638017280582
Hyderabad,Diesel,Manual,First,22.7,5,6.55,Ford,Ecosport 1.5 DV5 MT Titanium Optional,2,2,1,0.059973297690271495,134.58032,9.08726981585268
Kochi,Diesel,Manual,First,25.1,5,9.44,Honda,City i DTEC VX,1,2,1,0.06582109474911808,147.7028,10.048038430744596
Coimbatore,Petrol,Manual,First,14.28,5,10.77,Toyota,Corolla Altis 1.8 GL,1,2,2,0.07676863177042902,248.17794,5.103645461043603
Ahmedabad,Diesel,Manual,First,15.1,7,7.5,Mahindra,XUV500 W8 2WD,1,3,2,0.06424965577592949,305.06,4.749921358917899
Kolkata,Petrol,Manual,First,24.7,5,3.0,Maruti,Alto 800 2016-2019 VXI,0,0,0,0.059422110478112924,37.6508,13.752783964365255
Chennai,Diesel,Automatic,First,18.59,5,11.75,BMW,5 Series 530d M Sport,1,5,4,0.08853992646557303,793.145,4.65564738292011
Kochi,Petrol,Manual,First,21.1,5,3.29,Hyundai,EON D Lite Plus,0,0,0,0.06781326772995913,44.9328,11.631753031973538
Chennai,Diesel,Manual,First,26.59,5,6.5,Maruti,Swift Dzire VDI,1,1,0,0.059294871747359874,92.352,11.828291814946619
Hyderabad,Diesel,Automatic,First,16.55,5,18.0,Audi,A4 2.0 TDI,1,3,2,0.0749542682545964,290.29967999999997,5.576145552560647
Bangalore,Petrol,Automatic,Second,13.7,5,4.95,Skoda,Superb Elegance 1.8 TSI AT,1,2,2,0.08773637369981291,283.6345,4.896354538956397
Kochi,Petrol,Manual,First,17.57,5,4.52,Tata,Zest Revotron 1.2T XM,0,1,1,0.0743503771380131,105.8191,8.011855905152759
Kolkata,Diesel,Manual,First,17.0,7,8.0,Other,One LX ABS 7 Seating,0,3,2,0.06471382035145937,298.86143,5.398539218799619
Coimbatore,Petrol,Manual,First,17.4,5,6.26,Honda,City i-VTEC VX,0,2,1,0.07835671337451121,175.59810000000002,6.96836203444133
Chennai,Petrol,Manual,First,16.95,5,7.5,Nissan,Sunny 2011-2014 XV,0,2,1,0.06522029368142837,146.3546,6.785428342674138
Mumbai,Petrol,Automatic,First,14.4,5,3.35,Volkswagen,Vento Petrol Highline AT,0,2,1,0.064831038757928,165.5528,5.542725173210162
Mumbai,Petrol,Automatic,First,15.74,5,5.5,Hyundai,Verna 1.6 SX VTVT AT,0,2,1,0.07624135758878607,192.98829999999998,6.074874565804708
Bangalore,Diesel,Automatic,First,22.0,5,5.25,Hyundai,Verna CRDi 1.6 AT SX Plus,1,2,1,0.07977243989900604,199.64839999999998,8.520526723470178
Bangalore,Diesel,Automatic,First,16.55,5,16.25,Audi,A4 2.0 TDI Multitronic,1,3,2,0.07113821134596635,275.52,5.576145552560647
Delhi,Petrol,Manual,First,15.5,5,2.7,Maruti,SX4 Vxi BSIV,1,2,1,0.06513240853396443,163.8338,5.993812838360402
Chennai,Diesel,Automatic,First,12.62,7,32.9,Ford,Endeavour 2.2 Titanium AT 4X2,0,3,2,0.07188353044955254,347.284,3.9462163852407754
Coimbatore,Petrol,Manual,First,20.4,5,3.41,Maruti,Swift LXI BSIV,0,1,1,0.0694319130581187,99.48267,9.28538916704597
Hyderabad,Diesel,Manual,First,24.0,5,4.15,Hyundai,Grand i10 CRDi Magna,1,1,0,0.06249999994419642,78.4,11.320754716981131
Hyderabad,Diesel,Manual,Second,20.14,5,5.9,Volkswagen,Polo 1.5 TDI Highline,0,2,1,0.05927903867871893,133.0224,8.062449959967974
Pune,Petrol,Automatic,First,10.0,5,11.5,Mercedes-Benz,E-Class 230,1,4,2,0.06318108971827681,393.6192,2.8604118993135015
Kolkata,Petrol,Manual,First,18.6,5,4.75,Hyundai,i20 Asta 1.2,0,1,1,0.0683625730423036,97.95051,8.466090122894856
Chennai,Petrol,Automatic,First,24.07,5,3.5,Maruti,Alto K10 VXI AGS,0,0,0,0.06723446887050653,66.96579999999999,12.047047047047048
Pune,Diesel,Manual,First,20.77,7,7.25,Maruti,Ertiga VDI,1,1,1,0.07112179481480625,110.77248000000002,9.239323843416368
Mumbai,Petrol,Automatic,First,23.1,5,4.35,Maruti,Celerio VXI AT,0,0,0,0.06717434863008583,66.90592000000001,11.561561561561563
Coimbatore,Petrol,Automatic,Second,22.5,5,4.99,Renault,KWID Climber 1.0 AMT,0,0,0,0.06706706699993287,66.933,11.255627813906951
Bangalore,Diesel,Manual,First,12.05,8,7.65,Mahindra,Scorpio SLE BSIV,1,3,1,0.05507113352222527,261.48,3.7905001572821644
Chennai,Diesel,Manual,First,12.8,7,9.0,Toyota,Innova 2.5 GX (Diesel) 7 Seater BS IV,3,4,1,0.040898155556977484,254.388,3.6634230108757873
Chennai,Diesel,Manual,First,22.07,5,6.9,Volkswagen,Polo Diesel Highline 1.2L,0,1,0,0.061634695528244625,88.60610000000001,10.03638017280582
Chennai,Diesel,Manual,First,20.0,5,2.9,Ford,Figo Diesel ZXI,1,1,0,0.04860614721329081,95.132,8.336807002917881
Kolkata,Diesel,Manual,First,20.45,5,5.75,Nissan,Terrano XL Plus 85 PS,0,2,1,0.057357973951158124,122.43180000000001,8.309630231613164
Kolkata,Diesel,Manual,First,17.0,7,8.0,Other,One LX 4x4,0,3,2,0.06318636360764256,305.822,5.3125
Kochi,Petrol,Automatic,First,22.5,5,4.41,Renault,KWID 1.0 RXT Optional AMT,1,0,0,0.06706706699993287,66.933,11.255627813906951
Mumbai,Diesel,Manual,First,21.14,5,4.95,Skoda,Rapid 1.5 TDI Elegance,0,2,1,0.06910547391915521,155.07296,8.462770216172938
Hyderabad,Diesel,Automatic,First,16.0,7,14.4,Mahindra,XUV500 AT W10 FWD,1,3,2,0.06424965577592949,305.06,5.033029254482542
Chennai,Diesel,Manual,First,20.0,5,2.95,Ford,Figo Diesel Titanium,1,1,0,0.04864188702741823,95.20195,8.336807002917881
Coimbatore,Diesel,Manual,First,15.96,7,8.14,Mahindra,Bolero ZLX,1,4,0,0.024613555281564187,156.6783,4.530229917683792
Hyderabad,Diesel,Manual,First,20.64,5,8.45,Volkswagen,Vento 1.5 TDI Highline,0,2,1,0.072429906493705,162.533,8.262610088070456
Pune,Diesel,Manual,First,12.99,8,12.5,Toyota,Innova 2.5 VX (Diesel) 8 Seater BS IV,1,4,1,0.04009623093821322,249.4,3.7178019461934744
Mumbai,Diesel,Manual,First,15.1,7,6.5,Mahindra,XUV500 W8 2WD,0,3,2,0.06424965577592949,305.06,4.749921358917899
Coimbatore,Petrol,Manual,Second,15.8,5,7.72,Ford,Ecosport 1.5 Ti VCT MT Titanium,0,2,1,0.07338225478760356,164.89,6.322529011604642
Chennai,Diesel,Automatic,First,16.96,5,8.0,Volkswagen,Jetta 2012-2014 2.0L TDI Highline AT,2,3,2,0.07017276419198537,271.7808,5.714285714285714
Chennai,Diesel,Manual,Second,13.93,7,3.0,Tata,New Safari DICOR 2.2 VX 4x4,2,3,2,0.06333180355055906,300.702,4.381881094683862
Mumbai,Diesel,Automatic,First,8.2,4,29.0,BMW,3 Series 330d Convertible,0,5,4,0.08185766786439772,733.285,2.053593789130979
Kolkata,Petrol,Manual,First,16.47,5,4.11,Volkswagen,Polo 1.2 MPI Highline,0,1,0,0.061769615975150564,88.652,7.4931756141947226
Coimbatore,Petrol,Manual,First,18.5,5,5.37,Hyundai,i20 Magna Optional 1.2,0,1,1,0.06925647446177403,99.2313,8.420573509330906
Mumbai,Diesel,Manual,First,20.77,7,6.55,Maruti,Ertiga ZDI,1,1,1,0.07115384609683184,110.82239999999999,9.239323843416368
Chennai,Petrol,Manual,First,17.4,5,7.0,Honda,City i VTEC V,0,2,1,0.07835671337451121,175.59810000000002,6.96836203444133
Mumbai,Petrol,Manual,First,17.0,5,5.48,Honda,City 1.5 S MT,1,2,1,0.07882431524460633,176.646,6.8081698037645175
Kochi,Diesel,Automatic,First,16.96,5,6.51,Volkswagen,Jetta 2013-2015 2.0L TDI Highline AT,1,3,2,0.0701371950863124,271.64304,5.714285714285714
Pune,Diesel,Manual,First,25.8,5,5.15,Honda,Amaze VX i-DTEC,2,2,1,0.06582109474911808,147.7028,10.32826261008807
Hyderabad,Diesel,Manual,Second,15.1,7,9.0,Mahindra,XUV500 W8 2WD,2,3,2,0.06424965577592949,305.06,4.749921358917899
Mumbai,Petrol,Automatic,Second,14.53,5,2.75,Toyota,Corolla Altis VL,2,2,2,0.07680756391723717,248.3038,5.192994996426018
Pune,Petrol,Manual,Second,17.0,5,1.2,Hyundai,Santro Xing XL eRLX Euro III,2,1,1,0.10430653188643048,123.01870659400547,8.149568552253115
Bangalore,Diesel,Automatic,First,22.69,5,12.5,BMW,3 Series 320d,1,3,3,0.09523809519035684,379.05,7.5759599332220375
Kochi,Diesel,Manual,First,23.0,5,7.69,Ford,EcoSport 1.5 Diesel Trend,1,2,1,0.06606141517619397,148.24208,9.20736589271417
Kochi,Petrol,Manual,First,18.5,5,4.57,Hyundai,i20 Asta Optional with Sunroof 1.2,1,1,1,0.06921470336740625,99.17145,8.420573509330906
Mumbai,Petrol,Automatic,First,16.8,5,4.5,Honda,City 1.5 S AT,1,2,1,0.07882431524460633,176.646,6.728073688426112
Hyderabad,Diesel,Manual,First,23.2,5,4.9,Maruti,Ritz VDI (ABS) BS IV,1,1,0,0.05924679482432147,92.27712,10.320284697508896
Kolkata,Petrol,Manual,First,19.81,5,1.65,Hyundai,i10 Era 1.1,1,1,0,0.06266114174708919,73.9023,9.49664429530201
Mumbai,Petrol,Manual,First,18.2,5,3.25,Chevrolet,Sail 1.2 LS,0,1,1,0.06872393655652716,98.7976,8.27648931332424
Chennai,Diesel,Manual,First,22.32,5,6.25,Hyundai,Verna 1.6 SX CRDi (O),0,2,1,0.07984829324914772,199.83823999999998,8.644461657629744
Kochi,Petrol,Manual,First,15.8,5,12.13,Hyundai,Creta 1.6 SX Option,1,2,1,0.07624135758878607,192.98829999999998,6.09803164801235
Jaipur,Petrol,Manual,First,18.2,5,3.25,Chevrolet,Sail 1.2 LS,0,1,1,0.06872393655652716,98.7976,8.27648931332424
Hyderabad,Diesel,Automatic,First,14.16,5,29.0,Audi,Q5 2.0 TDI,1,3,3,0.08856707312572812,343.0224,4.77088948787062
Kochi,Petrol,Manual,First,17.0,5,5.53,Honda,City 1.5 V MT Exclusive,1,2,1,0.07882431524460633,176.646,6.8081698037645175
Hyderabad,Petrol,Manual,First,17.0,5,8.75,Ford,EcoSport 1.5 Petrol Titanium,0,2,1,0.08106880422106291,181.67592000000002,6.8081698037645175
Bangalore,Diesel,Automatic,Second,12.07,7,37.9,Audi,Q7 3.0 TDI Quattro Premium Plus,0,5,4,0.08136164473159366,716.2338000000001,3.0426014620620117
Delhi,Petrol,Manual,First,20.36,5,2.4,Hyundai,i10 Magna 1.2,1,1,0,0.06591478691235189,94.44330000000001,9.267182521620391
Chennai,Petrol,Manual,First,17.0,5,4.55,Hyundai,i20 1.2 Asta,0,1,0,0.06683375098844298,95.76,7.737824305871643
Delhi,Petrol,Manual,Second,17.5,5,2.65,Maruti,Swift Dzire 1.2 Vxi BSIV,1,1,1,0.07167919793510509,102.70259999999999,7.965407373691398
Pune,Diesel,Manual,Second,25.0,5,1.6,Tata,Indica V2 eLX,0,1,0,0.049426934062015086,96.324,10.434056761268781
Coimbatore,Diesel,Automatic,Second,16.2,5,25.72,BMW,5 Series 2010-2013 530d,0,5,4,0.07851653856381005,703.355,4.05709992486852
Ahmedabad,Diesel,Manual,First,22.9,5,4.15,Maruti,Swift VDI,1,1,0,0.059294871747359874,92.352,10.186832740213521
Jaipur,Petrol,Manual,First,19.0,5,7.23,Ford,Freestyle Titanium Plus Petrol,0,1,1,0.07929648234564783,113.04792000000002,8.659981768459435
Bangalore,Petrol,Manual,Second,13.9,5,2.6,Hyundai,Verna XXi ABS (Petrol),0,2,1,0.06454033767070648,165.01680000000002,5.348210850327049
Mumbai,Diesel,Automatic,Second,16.07,5,7.25,BMW,3 Series 320d Highline,1,3,3,0.09072681699712941,361.095,5.365609348914858
Kochi,Diesel,Manual,First,12.8,8,14.29,Toyota,Innova 2.5 G4 Diesel 8-seater,0,4,1,0.040898155556977484,254.388,3.6634230108757873
Hyderabad,Diesel,Automatic,Second,14.94,5,17.25,Mercedes-Benz,New C-Class C 250 CDI Elegance,1,3,3,0.09519365371199551,437.172,4.753420299077315
Pune,Diesel,Manual,First,22.54,5,7.5,Hyundai,Elantra 1.6 SX,3,2,1,0.07977243989900604,199.64839999999998,8.729666924864446
Hyderabad,Diesel,Manual,First,23.2,5,4.35,Maruti,Ritz ZDi,1,1,0,0.05924679482432147,92.27712,10.320284697508896
Pune,Diesel,Manual,First,24.3,5,8.9,Maruti,Vitara Brezza ZDi Plus Dual Tone,1,1,1,0.07091346148163985,110.448,10.809608540925266
Kolkata,Petrol,Manual,Second,19.1,5,3.5,Hyundai,Xcent 1.2 Kappa S,2,1,1,0.06850459476315406,98.154,8.69367319071461
Kolkata,Diesel,Manual,First,26.0,5,6.1,Honda,City i DTEC V,1,2,1,0.06582109474911808,147.7028,10.408326661329061
Mumbai,Petrol,Manual,First,25.17,5,3.2,Renault,KWID RXT,0,0,0,0.06670838539836246,42.5867,13.991106170094499
Jaipur,Diesel,Manual,First,23.59,5,4.9,Toyota,Etios Cross 1.4L VD,1,1,0,0.04916422283785614,91.46983999999999,9.978849407783418
Kochi,Petrol,Manual,First,24.07,5,3.69,Maruti,Alto K10 VXI,0,0,0,0.06723446887050653,66.96579999999999,12.047047047047048
Chennai,Petrol,Manual,First,23.84,5,3.98,Tata,Tiago 1.2 Revotron XM Option,0,1,1,0.0700583819265568,100.716,10.841291496134607
Kolkata,Diesel,Manual,First,21.9,5,2.95,Hyundai,i20 1.4 CRDi Magna,1,1,1,0.06446991399393272,125.64,9.140233722871452
Kochi,Diesel,Automatic,First,16.55,5,15.21,Audi,A4 2.0 TDI,1,3,2,0.0749542682545964,290.29967999999997,5.576145552560647
Hyderabad,Diesel,Manual,First,28.4,5,6.3,Maruti,Swift VDI,1,1,0,0.059294871747359874,92.352,12.633451957295371
Kochi,Petrol,Manual,First,17.0,5,6.69,Volkswagen,Ameo 1.2 MPI Highline,0,1,0,0.061560934840099384,88.3525,7.734303912647862
Mumbai,Petrol,Automatic,First,16.0,7,9.5,Honda,BRV i-VTEC V CVT,0,2,1,0.07835671337451121,175.59810000000002,6.4076892270724874
Mumbai,Petrol,Manual,First,17.0,5,2.65,Hyundai,i20 Asta,0,1,0,0.06683375098844298,95.76,7.737824305871643
Ahmedabad,Diesel,Manual,First,14.66,7,7.5,Hyundai,Santa Fe 4X4,1,3,3,0.0883583446619562,427.26570000000004,4.582682088152548
Kochi,Petrol,Automatic,First,23.1,5,5.63,Maruti,Celerio ZXI Optional AMT,0,0,0,0.06717434863008583,66.90592000000001,11.561561561561563
Coimbatore,Petrol,Manual,First,15.8,5,11.78,Hyundai,Creta 1.6 SX,0,2,1,0.07624135758878607,192.98829999999998,6.09803164801235
Hyderabad,Diesel,Manual,Second,17.88,5,0.85,Tata,Indica V2 DL BSIII,3,1,0,0.037822349543107196,73.7088,7.462437395659432
Mumbai,Petrol,Manual,First,15.04,5,3.35,Volkswagen,Vento Petrol Highline,1,2,1,0.064831038757928,165.5528,5.789068514241724
Kochi,Petrol,Manual,First,23.1,5,4.11,Maruti,Celerio VXI,1,0,0,0.06717434863008583,66.90592000000001,11.561561561561563
Ahmedabad,Diesel,Automatic,First,17.9,5,25.51,Mercedes-Benz,CLA 200 D Sport Edition,0,3,2,0.063462435807997,291.448,5.695195672923958
Jaipur,Petrol,Manual,First,22.74,5,3.1,Maruti,Alto 800 LXI,0,0,0,0.059422110478112924,37.6508,12.661469933184854
Delhi,Diesel,Automatic,First,10.91,7,33.5,Ford,Endeavour 3.2 Titanium AT 4X4,0,6,3,0.06160100060612852,630.006,2.598856598380181
Kolkata,Petrol,Manual,First,17.57,5,4.8,Tata,Zest Revotron 1.2T XE,1,1,1,0.0743503771380131,105.8191,8.011855905152759
Kolkata,Petrol,Manual,First,16.09,5,3.49,Volkswagen,Vento 1.6 Comfortline,0,2,1,0.0647684605351887,165.393,6.193225558121632
Mumbai,Petrol,Manual,Second,17.5,7,5.15,Maruti,Ertiga ZXI,0,1,1,0.06635105603324758,125.0803,7.374631268436578
Mumbai,Diesel,Automatic,First,14.0,5,14.41,Mercedes-Benz,M-Class ML 350 CDI Corporate,1,5,4,0.07499163037328703,669.088,3.511412089290193
Mumbai,Petrol,Manual,First,16.2,5,4.75,Volkswagen,Polo 1.2 MPI Highline,0,1,0,0.061718098363871474,88.726,7.3669849931787175
Jaipur,Diesel,Automatic,First,12.55,7,19.0,Toyota,Fortuner 4x2 AT,1,5,2,0.05650570085294913,502.467,3.1516825715720747
Hyderabad,Petrol,Manual,First,23.1,5,4.9,Maruti,Celerio VXI,0,0,0,0.06717434863008583,66.90592000000001,11.561561561561563
Chennai,Diesel,Automatic,Second,16.07,4,6.3,BMW,3 Series 320d Corporate Edition,1,3,3,0.09072681699712941,361.095,5.365609348914858
Jaipur,Petrol,Manual,Second,16.9,5,2.4,Honda,City ZX VTEC,2,2,1,0.06680026715644605,149.7,6.768121746095314
Pune,Petrol,Manual,First,13.17,5,3.0,Mitsubishi,Cedia Sports,1,3,1,0.05702851422860004,227.886,4.391463821273757
Delhi,Petrol,Manual,First,18.06,5,4.25,Renault,Pulse Petrol RxL,0,1,0,0.06254590979754097,89.76614000000001,8.21656050955414
Hyderabad,Diesel,Manual,First,20.14,5,6.3,Volkswagen,Polo 1.5 TDI Highline,0,2,1,0.058744993285216957,131.824,8.062449959967974
Kochi,Petrol,Manual,First,21.1,5,8.15,Maruti,Baleno RS Petrol,0,0,1,0.10020040070120201,99.8,10.560560560560562
Kochi,Petrol,Manual,First,20.36,5,3.22,Hyundai,i10 Magna,0,1,0,0.06591478691235189,94.44330000000001,9.267182521620391
Kochi,Petrol,Manual,First,18.6,5,7.65,Hyundai,i20 1.2 Spotz,0,1,1,0.0683625730423036,97.95051,8.466090122894856
Delhi,Petrol,Automatic,First,10.37,2,30.0,BMW,Z4 2009-2013 35i,0,5,5,0.10271903319814736,911.574,2.6061824579039956
Pune,Petrol,Manual,Second,20.36,5,2.3,Hyundai,i10 Sportz 1.2,1,1,0,0.06591478691235189,94.44330000000001,9.267182521620391
Delhi,Petrol,Automatic,First,13.6,4,22.0,Mini,Cooper S Carbon Edition,0,2,3,0.11326658315815608,289.238,5.234795996920708
Pune,Petrol,Manual,First,19.4,5,3.28,Honda,Brio V MT,1,1,1,0.0724540900897712,103.98639999999999,8.826205641492265
Kochi,Petrol,Manual,First,20.73,5,7.09,Maruti,Ciaz ZXi Option,0,1,1,0.06642388924513919,125.2176,8.735777496839443
Coimbatore,Diesel,Manual,First,19.3,5,6.46,Maruti,Swift Dzire ZDi,0,1,0,0.059214743542295875,92.22720000000001,8.585409252669038
Chennai,Diesel,Manual,First,22.07,5,4.0,Volkswagen,Polo Diesel Comfortline 1.2L,1,1,0,0.061634695528244625,88.60610000000001,10.03638017280582
Delhi,Diesel,Automatic,First,17.05,5,11.0,BMW,X1 sDrive20d,1,3,3,0.09223057639487188,367.08,5.692821368948247
Coimbatore,Diesel,Automatic,Second,12.07,7,49.79,Audi,Q7 3.0 TDI Quattro Premium Plus,0,5,4,0.08136164473159366,716.2338000000001,3.0426014620620117
Kolkata,Diesel,Manual,First,25.83,5,4.8,Ford,Figo 1.5D Trend MT,0,2,1,0.06608811744586908,148.302,10.340272217774217
Bangalore,Diesel,Automatic,First,21.76,5,35.0,BMW,3 Series Luxury Line,0,3,3,0.09523809519035684,379.05,7.265442404006678
Bangalore,Diesel,Automatic,First,14.0,5,21.99,Mercedes-Benz,M-Class ML 350 CDI Corporate,1,5,4,0.07499163037328703,669.088,3.511412089290193
Mumbai,Petrol,Manual,Second,17.3,5,1.1,Maruti,Wagon R LX BSIII,0,1,0,0.060320452346540564,67.904,8.393983503153809
Delhi,Petrol,Manual,First,21.4,5,6.6,Maruti,Baleno Zeta 1.2,0,1,1,0.06942355883924514,99.4707,9.740555302685479
Pune,Petrol,Manual,First,22.0,5,4.5,Maruti,Dzire VXI,1,1,1,0.06833751038568293,97.9146,10.013654984069186
Pune,Petrol,Manual,Second,14.7,5,1.0,Chevrolet,Aveo U-VA 1.2 LT,1,1,0,0.0660869564642722,87.4,6.837209302325581
Chennai,Diesel,Manual,First,20.14,5,6.9,Volkswagen,Polo 1.5 TDI Highline,0,2,1,0.058744993285216957,131.824,8.062449959967974
Mumbai,Diesel,Automatic,First,14.16,5,25.49,Audi,Q5 30 TDI quattro Premium,1,3,3,0.08856707312572812,343.0224,4.77088948787062
Chennai,Diesel,Automatic,First,18.53,5,35.5,Audi,A6 35 TDI Matrix,0,3,3,0.09539634141494088,369.47232,6.243261455525607
Kochi,Diesel,Manual,First,24.0,5,6.28,Hyundai,Grand i10 1.2 CRDi Sportz,0,1,0,0.06236930854774931,87.72842,10.978956999085089
Delhi,Diesel,Manual,Second,12.05,8,4.88,Mahindra,Scorpio SLE BSIV,1,3,1,0.05507113352222527,261.48,3.7905001572821644
Hyderabad,Diesel,Manual,First,22.95,5,3.7,Tata,Bolt Quadrajet XE,2,1,0,0.059294871747359874,92.352,10.209074733096084
Kochi,Petrol,Manual,First,21.1,5,3.45,Hyundai,EON Era Plus,0,0,0,0.06781326772995913,44.9328,11.631753031973538
Kochi,Diesel,Manual,First,15.4,8,10.23,Mahindra,Scorpio S8 8 Seater,1,3,1,0.05507113352222527,261.48,4.844290657439447
Bangalore,Petrol,Automatic,Second,11.1,5,6.5,Honda,Accord 2001-2003 2.0 AT,1,4,2,0.0603228546897524,334.268,3.3094812164579603
Mumbai,Petrol,Manual,First,16.2,5,6.15,Volkswagen,Polo 1.2 MPI Highline,0,1,0,0.061718098363871474,88.726,7.3669849931787175
Mumbai,Petrol,Manual,First,15.1,7,2.9,Maruti,Eeco 7 Seater Standard,0,1,0,0.06103678924662475,87.308,6.876138433515483
Ahmedabad,Diesel,Manual,First,24.0,5,5.5,Hyundai,Grand i10 CRDi Sportz,0,1,0,0.06249999994419642,78.4,11.320754716981131
Chennai,Diesel,Automatic,First,10.91,7,31.0,Ford,Endeavour 3.2 Titanium AT 4X4,0,6,3,0.06160100060612852,630.006,2.598856598380181
Delhi,Diesel,Manual,First,24.0,5,4.25,Hyundai,Grand i10 1.2 CRDi Sportz,1,1,0,0.06236930854774931,87.72842,10.978956999085089
Kochi,Diesel,Manual,First,22.9,5,5.48,Maruti,Swift VDI,1,1,0,0.059294871747359874,92.352,10.186832740213521
Bangalore,Petrol,Manual,First,18.6,5,7.25,Hyundai,i20 1.2 Asta Option,0,1,1,0.0683625730423036,97.95051,8.466090122894856
Hyderabad,Petrol,Manual,First,17.5,5,3.0,Maruti,Swift Dzire VXi,0,1,1,0.06610169486432843,111.3684,7.6153176675369885
Hyderabad,Diesel,Automatic,First,22.69,5,29.5,BMW,3 Series 320d Luxury Line,0,3,3,0.09523809519035684,379.05,7.5759599332220375
Mumbai,Petrol,Manual,Second,17.7,5,1.49,Honda,City ZX GXi,1,2,0,0.052104208382027915,116.766,7.088506207448939
Pune,Petrol,Automatic,First,16.95,5,3.65,Hyundai,i10 Sportz 1.2 AT,1,1,0,0.06591478691235189,94.44330000000001,7.715065999089667
Ahmedabad,Diesel,Manual,First,23.0,5,10.9,Ford,Ecosport Signature Edition Diesel,0,2,1,0.06606141517619397,148.24208,9.20736589271417
Bangalore,Petrol,Manual,First,23.1,5,4.3,Maruti,Celerio ZXI MT,0,0,0,0.06717434863008583,66.90592000000001,11.561561561561563
Pune,Diesel,Manual,Second,20.77,7,6.11,Maruti,Ertiga VDI,1,1,1,0.07112179481480625,110.77248000000002,9.239323843416368
Hyderabad,Diesel,Manual,First,12.8,8,15.5,Toyota,Innova 2.5 V Diesel 8-seater,1,4,1,0.040898155556977484,254.388,3.6634230108757873
Mumbai,Petrol,Manual,First,17.8,5,6.9,Honda,City i VTEC SV,0,2,1,0.07835671337451121,175.59810000000002,7.128554265118143
Bangalore,Petrol,Manual,First,19.1,5,4.69,Maruti,Swift Dzire VXI,1,1,1,0.07167919793510509,102.70259999999999,8.69367319071461
Kochi,Petrol,Manual,First,18.5,5,3.19,Maruti,Ritz LXi,0,1,1,0.07167919793510509,102.70259999999999,8.420573509330906
Pune,Petrol,Automatic,Second,15.0,5,3.75,Hyundai,i20 Sportz AT 1.4,1,1,1,0.07063037244224184,137.6456,6.260434056761269
Pune,Petrol,Manual,First,17.19,5,8.6,Hyundai,i20 Active SX Dual Tone Petrol,0,1,1,0.06838763569892427,97.98642,7.82430587164315
Chennai,Petrol,Manual,Second,17.0,5,3.85,Honda,City 1.5 E MT,1,2,1,0.07882431524460633,176.646,6.8081698037645175
Coimbatore,Diesel,Automatic,First,13.6,5,67.83,Porsche,Cayenne S Diesel,1,8,7,0.09240445087266462,1579.188,2.649006622516556
Coimbatore,Petrol,Manual,First,17.8,5,9.31,Honda,Amaze VX i-VTEC,0,1,1,0.07237061763575073,103.8666,8.098271155595997
Pune,Petrol,Automatic,First,12.9,5,3.0,Honda,Civic 2006-2010 1.8 S AT,3,2,2,0.07226236794204426,233.87,4.608788853161844
Bangalore,Petrol,Manual,First,18.6,5,5.5,Hyundai,i20 Magna 1.2,1,1,1,0.0683625730423036,97.95051,8.466090122894856
Hyderabad,Diesel,Manual,First,19.67,5,13.3,Hyundai,Creta 1.6 CRDi SX,0,2,1,0.07977243989900604,199.64839999999998,7.618125484120838
Hyderabad,Diesel,Automatic,First,15.73,5,23.0,Audi,Q3 2012-2015 2.0 TDI Quattro Premium Plus,1,3,3,0.0885823170281594,343.08144,5.299865229110512
Mumbai,Petrol,Manual,First,24.7,5,3.35,Maruti,Alto 800 2016-2019 LXI,0,0,0,0.059422110478112924,37.6508,13.752783964365255
Chennai,Diesel,Automatic,Third,15.06,5,10.0,BMW,X1 sDrive 20d Exclusive,2,3,3,0.08872180446680611,353.115,5.028380634390651
Delhi,Petrol,Manual,First,20.36,5,2.95,Hyundai,i10 Magna,1,1,0,0.06591478691235189,94.44330000000001,9.267182521620391
Pune,Diesel,Manual,First,21.66,5,6.75,Volkswagen,Ameo 1.5 TDI Highline,0,2,1,0.0725100133027303,162.71276,8.670936749399518
Pune,Petrol,Manual,Third,16.47,5,2.44,Volkswagen,Polo Petrol Highline 1.2L,1,1,0,0.061686143521130096,88.53220000000002,7.4931756141947226
Mumbai,Petrol,Manual,First,20.73,5,5.85,Maruti,Ciaz VXi Plus,0,1,1,0.06635105603324758,125.0803,8.735777496839443
Kochi,Petrol,Automatic,First,17.21,5,7.4,Volkswagen,Polo GT TSI,0,1,1,0.0864661653412981,123.8895,7.83340919435594
Pune,Diesel,Manual,First,24.4,5,3.8,Hyundai,Xcent 1.1 CRDi Base,1,1,0,0.06339285708625637,79.52,11.509433962264149
Hyderabad,Petrol,Manual,First,13.5,5,3.8,Honda,Civic 2006-2010 1.8 S MT,1,2,2,0.07226236794204426,233.87,4.82315112540193
Kolkata,Petrol,Manual,First,17.7,5,2.7,Honda,City ZX GXi,1,2,0,0.052104208382027915,116.766,7.088506207448939
Jaipur,Diesel,Manual,First,15.96,7,7.21,Mahindra,Bolero ZLX,1,4,0,0.024613555281564187,156.6783,4.530229917683792
Hyderabad,Petrol,Manual,First,17.4,5,7.9,Honda,City i VTEC V,0,2,1,0.07835671337451121,175.59810000000002,6.96836203444133
Kolkata,Diesel,Manual,First,25.4,5,4.2,Hyundai,Xcent 1.2 CRDi S,1,1,0,0.06236930854774931,87.72842,11.61939615736505
Mumbai,Diesel,Manual,First,19.01,5,5.75,Renault,Duster 110PS Diesel RxL,1,2,1,0.07422997941531144,158.44545000000002,7.724502234863876
Hyderabad,Petrol,Automatic,First,16.98,5,3.45,Maruti,A-Star AT VXI,1,0,0,0.06623246486349452,65.96779999999998,8.498498498498499
Bangalore,Diesel,Automatic,First,17.11,5,25.75,Audi,A4 2.0 TDI 177 Bhp Premium Plus,0,3,3,0.0885823170281594,343.08144,5.764824797843666
Coimbatore,Diesel,Manual,First,16.0,7,16.59,Mahindra,XUV500 W8 2WD,0,3,2,0.06424965577592949,305.06,5.033029254482542
Coimbatore,Petrol,Manual,First,18.06,5,4.69,Renault,Pulse Petrol RxZ,0,1,0,0.0625709515337471,89.80207999999999,8.21656050955414
Mumbai,Diesel,Automatic,Second,13.2,5,7.5,BMW,3 Series 320d,1,3,2,0.08521303253874032,339.15,4.407345575959933
Hyderabad,Diesel,Manual,First,13.68,7,16.5,Toyota,Innova Crysta 2.4 GX MT,1,4,2,0.06176347678154473,353.6854,4.031830238726791
Kolkata,Petrol,Manual,First,17.0,5,1.99,Honda,City 1.5 S MT,0,2,1,0.07882431524460633,176.646,6.8081698037645175
Chennai,Diesel,Manual,First,22.9,5,5.25,Maruti,Swift VDI,1,1,0,0.059294871747359874,92.352,10.186832740213521
Mumbai,Diesel,Manual,Second,19.64,5,5.4,Renault,Duster 110PS Diesel RxZ Plus,1,2,1,0.07422997941531144,158.44545000000002,7.980495733441689
Mumbai,Petrol,Manual,First,16.47,5,3.9,Volkswagen,Polo 1.2 MPI Comfortline,0,1,0,0.061769615975150564,88.652,7.4931756141947226
Mumbai,Petrol,Manual,First,17.19,5,5.8,Hyundai,i20 Active 1.2 S,0,1,1,0.06838763569892427,97.98642,7.82430587164315
Pune,Diesel,Automatic,First,18.12,5,30.5,BMW,5 Series 2013-2017 520d Luxury Line,0,3,3,0.09523809519035684,379.05,6.050083472454091
Hyderabad,Diesel,Manual,First,23.4,5,5.6,Maruti,Swift Dzire LDI,0,1,0,0.059294871747359874,92.352,10.409252669039144
Jaipur,Diesel,Manual,First,28.4,5,5.15,Maruti,Swift LDI,0,1,0,0.059294871747359874,92.352,12.633451957295371
Coimbatore,Diesel,Automatic,First,19.08,5,9.48,Hyundai,Verna 1.6 CRDI AT SX Option,0,2,1,0.07977243989900604,199.64839999999998,7.389620449264136
Bangalore,Petrol,Automatic,Second,21.9,4,2.38,Tata,Nano XTA,0,0,0,0.060064102467845985,23.38752,13.485221674876845
Hyderabad,Petrol,Manual,First,17.5,5,3.8,Maruti,Swift Dzire LXi,1,1,1,0.06610169486432843,111.3684,7.6153176675369885
Delhi,Petrol,Manual,Second,18.6,5,5.5,Hyundai,i20 Asta Option 1.2,0,1,1,0.0683625730423036,97.95051,8.466090122894856
Hyderabad,Petrol,Manual,First,17.0,5,3.55,Hyundai,i20 1.2 Sportz,1,1,0,0.06683375098844298,95.76,7.737824305871643
Mumbai,Petrol,Manual,First,20.73,5,6.35,Maruti,Ciaz ZXi,0,1,1,0.06635105603324758,125.0803,8.735777496839443
Delhi,Diesel,Automatic,First,12.7,5,36.0,Land,Rover Range Rover 2.2L Prestige,0,3,3,0.08614043135101403,408.9983,3.994966970745517
Hyderabad,Diesel,Manual,Second,16.1,5,1.1,Tata,Indigo LX BSII,1,1,0,0.04982206402147896,98.35,6.6943866943866945
Mumbai,Petrol,Manual,First,17.57,5,3.7,Tata,Zest Revotron 1.2T XM,0,1,1,0.0743503771380131,105.8191,8.011855905152759
Delhi,Diesel,Manual,First,16.0,7,13.5,Mahindra,XUV500 W10 1.99 mHawk,0,3,2,0.07010515770149967,279.58,5.3386720053386725
Mumbai,Petrol,Automatic,Third,11.7,5,2.85,Honda,Accord 2.4 AT,1,4,3,0.07544604924577483,418.07039999999995,3.4883720930232553
Coimbatore,Petrol,Manual,Second,25.4,4,2.13,Tata,Nano Twist XT,0,0,0,0.06009615374984591,23.4,15.640394088669948
Ahmedabad,Diesel,Manual,First,22.7,5,7.75,Hyundai,Elantra CRDi S,1,2,1,0.07977243989900604,199.64839999999998,8.79163439194423
Chennai,Diesel,Manual,First,25.0,5,2.85,Tata,Indica V2 eLS,2,1,0,0.049426934062015086,96.324,10.434056761268781
Jaipur,Diesel,Manual,First,25.8,5,4.95,Honda,Amaze S i-Dtech,1,2,1,0.06582109474911808,147.7028,10.32826261008807
Kochi,Diesel,Manual,First,15.1,7,6.2,Mahindra,XUV500 W8 2WD,1,3,2,0.06424965577592949,305.06,4.749921358917899
Pune,Diesel,Automatic,First,18.56,5,17.5,BMW,X3 xDrive 20d Expedition,1,3,3,0.09523809519035684,379.05,6.196994991652754
Pune,Petrol,Manual,First,18.9,5,2.25,Hyundai,Grand i10 1.2 Kappa Magna,0,1,1,0.06838763569892427,97.98642,8.602639963586709
Delhi,Petrol,Manual,First,21.4,5,6.75,Maruti,Baleno Zeta 1.2,0,1,1,0.06942355883924514,99.4707,9.740555302685479
Kochi,Diesel,Automatic,First,19.08,5,9.73,Hyundai,Verna 1.6 CRDi AT SX,0,2,1,0.07977243989900604,199.64839999999998,7.389620449264136
Kochi,Diesel,Manual,First,25.47,7,8.49,Maruti,Ertiga VDI,1,1,1,0.07091346148163985,110.448,11.330071174377222
Mumbai,Petrol,Automatic,First,13.6,4,25.0,Mini,Cooper S Carbon Edition,1,2,3,0.11326658315815608,289.238,5.234795996920708
Coimbatore,Diesel,Manual,First,23.2,5,5.59,Maruti,Ritz ZDi,0,1,0,0.05924679482432147,92.27712,10.320284697508896
Mumbai,Diesel,Automatic,First,15.6,5,4.8,Skoda,Laura L n K 1.9 PD AT,1,3,1,0.05590717296629368,200.976,5.386740331491713
Delhi,Diesel,Manual,First,22.7,5,5.45,Ford,Ecosport 1.5 DV5 MT Titanium Optional,1,2,1,0.059973297690271495,134.58032,9.08726981585268
Pune,Petrol,Manual,First,18.6,5,6.5,Hyundai,i20 2015-2017 Sportz 1.2,0,1,1,0.0683625730423036,97.95051,8.466090122894856
Chennai,Petrol,Manual,First,19.4,5,4.35,Honda,Brio E MT,0,1,1,0.0724540900897712,103.98639999999999,8.826205641492265
Kolkata,Diesel,Manual,First,25.8,5,3.75,Honda,Amaze S i-Dtech,0,2,1,0.06582109474911808,147.7028,10.32826261008807
Pune,Diesel,Automatic,Third,18.48,5,12.0,BMW,5 Series 2003-2012 520d,3,3,3,0.08872180446680611,353.115,6.170283806343907
Delhi,Diesel,Automatic,First,12.07,7,32.0,Audi,Q7 3.0 TDI Quattro Premium Plus,1,5,4,0.08136164473159366,716.2338000000001,3.0426014620620117
Jaipur,Diesel,Manual,Second,24.0,5,4.0,Hyundai,Grand i10 CRDi Magna,0,1,0,0.06249999994419642,78.4,11.320754716981131
Kolkata,Diesel,Manual,First,23.08,5,2.6,Nissan,Micra Diesel XV,0,2,0,0.04318959613744723,92.18910000000001,9.378301503453878
Jaipur,Petrol,Manual,First,18.9,5,4.45,Hyundai,Grand i10 Sportz,0,1,1,0.06850459476315406,98.154,8.602639963586709
Pune,Petrol,Manual,First,21.1,5,2.6,Hyundai,EON Era,0,0,0,0.06781326772995913,44.9328,11.631753031973538
Chennai,Petrol,Automatic,First,11.74,5,16.0,Mercedes-Benz,New C-Class C250 Avantgarde,1,2,3,0.10356347432986443,334.056,4.198855507868384
Delhi,Diesel,Automatic,First,12.7,5,32.5,Land,Rover Range Rover 2.2L Pure,0,3,3,0.08614043135101403,408.9983,3.994966970745517
Mumbai,Diesel,Automatic,First,11.18,7,13.85,Mahindra,Ssangyong Rexton RX7,0,5,3,0.06824925813492239,496.064,3.024891774891775
Coimbatore,Petrol,Manual,First,20.73,5,8.76,Maruti,Ciaz 1.4 Delta,0,1,1,0.06635105603324758,125.0803,8.735777496839443
Kochi,Petrol,Automatic,First,11.8,7,23.68,Mercedes-Benz,R-Class R350 4Matic Long,0,7,5,0.07775871924592376,951.456,2.6233881725211203
Chennai,Petrol,Automatic,First,22.0,5,5.5,Maruti,Dzire AMT VXI,0,1,1,0.06833751038568293,97.9146,10.013654984069186
Coimbatore,Diesel,Automatic,Second,11.49,5,65.81,Land,Rover Range Rover Vogue SE 4.4 SDV8,1,9,6,0.076780398425285,1464.2551,2.140860816098379
Kolkata,Diesel,Manual,First,19.01,5,4.99,Renault,Duster 110PS Diesel RxZ,1,2,1,0.07422997941531144,158.44545000000002,7.724502234863876
Chennai,Diesel,Manual,Second,22.32,5,5.7,Hyundai,Verna 1.6 SX,1,2,1,0.07984829324914772,199.83823999999998,8.644461657629744
Coimbatore,Petrol,Automatic,First,14.28,5,11.99,Toyota,Corolla Altis 1.8 VL CVT,1,2,2,0.07676863177042902,248.17794,5.103645461043603
Mumbai,Diesel,Automatic,Second,21.76,5,29.99,BMW,3 Series Sport,0,3,3,0.09523809519035684,379.05,7.265442404006678
Chennai,Petrol,Manual,First,18.88,5,9.5,Ford,EcoSport 1.5 Ti VCT MT Signature,0,2,1,0.07364909935046758,165.4896,7.555022008803521
Hyderabad,Diesel,Manual,First,25.2,5,5.5,Maruti,Swift VDI BSIV,2,1,0,0.059294871747359874,92.352,11.209964412811386
Bangalore,Diesel,Automatic,First,11.72,7,23.0,Hyundai,Santa Fe 4x4 AT,0,3,3,0.0883583446619562,427.26570000000004,3.6636448890278213
Hyderabad,Diesel,Manual,First,17.2,5,2.95,Tata,Indica V2 DLS,1,1,0,0.03832378220750445,74.686,7.178631051752921
Kochi,Diesel,Manual,First,24.0,5,4.9,Hyundai,Grand i10 CRDi Sportz,1,1,0,0.06249999994419642,78.4,11.320754716981131
Delhi,Petrol,Automatic,First,22.5,5,4.25,Maruti,Wagon R VXI AMT,0,0,0,0.06713426846980534,66.866,11.261261261261263
Kochi,Diesel,Manual,First,16.0,7,16.36,Mahindra,XUV500 W10 2WD,0,3,2,0.06424965577592949,305.06,5.033029254482542
Kolkata,Diesel,Automatic,First,16.55,5,9.95,Audi,A4 2.0 TDI,0,3,2,0.0749542682545964,290.29967999999997,5.576145552560647
Bangalore,Diesel,Manual,First,20.54,5,5.5,Volkswagen,Vento Diesel Highline,1,2,1,0.064831038757928,165.5528,7.906081601231716
Delhi,Diesel,Manual,First,24.3,5,8.25,Maruti,Vitara Brezza ZDi Plus Dual Tone,0,1,1,0.07091346148163985,110.448,10.809608540925266
Chennai,Petrol,Manual,First,17.3,5,0.95,Maruti,Zen LX,1,0,0,0.06042296066422662,59.58,8.680381334671349
Kochi,Petrol,Manual,First,19.81,5,4.01,Hyundai,i10 Era,0,1,0,0.06266114174708919,73.9023,9.49664429530201
Kochi,Petrol,Manual,First,17.5,5,8.2,Honda,WR-V Edge Edition i-VTEC S,0,1,1,0.07397831520101891,106.35130000000001,7.958162801273306
Chennai,Diesel,Manual,Second,25.1,5,6.2,Honda,City i DTEC VX,1,2,1,0.06582109474911808,147.7028,10.048038430744596
Chennai,Diesel,Automatic,First,11.5,7,16.75,Toyota,Fortuner 4x2 4 Speed AT,1,5,2,0.056673373555776875,503.958,2.887995981918634
Delhi,Diesel,Automatic,First,16.0,7,16.5,Mahindra,XUV500 AT W10 FWD,0,3,2,0.06424965577592949,305.06,5.033029254482542
Mumbai,Diesel,Manual,Third,10.9,7,3.75,Ford,Endeavour XLT TDCi 4X4,2,4,1,0.04532888903066873,283.0789574386921,3.1151757645041442
Kolkata,Diesel,Manual,First,20.0,5,3.5,Ford,Figo Diesel ZXI,2,1,0,0.04864188702741823,95.20195,8.336807002917881
Coimbatore,Petrol,Automatic,Second,19.0,5,5.43,Honda,Jazz 1.2 V CVT i VTEC,1,1,1,0.07397831520101891,106.35130000000001,8.640291041382447
Coimbatore,Diesel,Automatic,First,10.91,7,30.35,Ford,Endeavour 3.2 Titanium AT 4X4,1,6,3,0.06160100060612852,630.006,2.598856598380181
Hyderabad,Petrol,Automatic,First,17.97,5,7.99,Nissan,Sunny XL CVT,0,2,1,0.06648865149099555,149.2008,7.193755004003201
Coimbatore,Diesel,Manual,First,18.7,5,3.59,Skoda,Octavia Ambiente 1.9 TDI MT,1,3,0,0.03481012656391871,125.136,6.457182320441989
Chennai,Diesel,Manual,First,25.44,5,1.9,Chevrolet,Beat Diesel LT,1,0,0,0.06153846147271532,53.913599999999995,13.140495867768598
Chennai,Petrol,Automatic,First,12.1,5,4.7,Toyota,Camry W2 (AT),2,4,2,0.0697290431542214,389.02139999999997,3.599048185603807
Chennai,Diesel,Manual,First,19.01,5,7.25,Renault,Duster 110PS Diesel RxZ,2,2,1,0.07422997941531144,158.44545000000002,7.724502234863876
Kochi,Diesel,Automatic,First,17.9,5,24.46,Mercedes-Benz,GLA Class 200 d Style,0,3,2,0.063462435807997,291.448,5.695195672923958
Pune,Petrol,Manual,Second,17.57,5,3.9,Tata,Zest Revotron 1.2T XMS,0,1,1,0.0743503771380131,105.8191,8.011855905152759
Coimbatore,Petrol,Manual,First,18.5,5,5.15,Hyundai,i20 1.2 Magna,1,1,0,0.06683375098844298,95.76,8.420573509330906
Mumbai,Petrol,Automatic,First,21.5,5,3.65,Maruti,Wagon R VXI AMT1.2,0,1,1,0.06833751038568293,97.9146,9.786071916249432
Kolkata,Diesel,Manual,First,25.4,5,5.0,Hyundai,Xcent 1.2 CRDi S,0,1,0,0.06236930854774931,87.72842,11.61939615736505
Kolkata,Petrol,Manual,First,17.0,5,2.3,Honda,City 1.5 S MT,0,2,1,0.07882431524460633,176.646,6.8081698037645175
Pune,Petrol,Manual,Second,13.2,5,0.75,Hyundai,Accent GLE,2,2,1,0.06287625413854431,140.53,5.290581162324648
Kochi,Petrol,Manual,Second,13.9,5,1.85,Hyundai,Verna Xi (Petrol),2,2,1,0.06454033767070648,165.01680000000002,5.348210850327049
Kolkata,Petrol,Manual,First,15.6,5,1.8,Ford,Figo Petrol ZXI,2,1,0,0.05852842804470867,83.72,7.103825136612023
Kochi,Diesel,Manual,First,25.8,5,4.41,Honda,Amaze S i-Dtech,1,2,1,0.06582109474911808,147.7028,10.32826261008807
Chennai,Petrol,Manual,First,18.9,5,2.0,Maruti,Wagon R LX BSII,0,0,0,0.06723446887050653,66.96579999999999,9.45945945945946
Hyderabad,Diesel,Manual,First,17.8,5,5.55,Maruti,Swift VDI BSIV,1,1,1,0.0907667417004834,141.36956337874662,7.918149466192171
Bangalore,Diesel,Automatic,First,13.0,5,31.75,Mercedes-Benz,E-Class Facelift,0,5,4,0.08637428855494668,770.646,3.2605969400551795
Bangalore,Diesel,Automatic,First,17.68,5,32.0,Audi,A6 2011-2015 35 TDI Technology,0,3,3,0.0885823170281594,343.08144,5.9568733153638815
Hyderabad,Diesel,Automatic,First,13.5,5,21.0,Mercedes-Benz,S Class 2005 2013 S 350 CDI,0,5,5,0.09440910609494171,842.334,3.3860045146726865
Ahmedabad,Diesel,Manual,First,19.3,5,2.75,Maruti,Swift Dzire LDi,1,1,0,0.059214743542295875,92.22720000000001,8.585409252669038
Coimbatore,Petrol,Manual,First,13.4,5,2.64,Toyota,Corolla H2,1,2,1,0.06967670007264398,224.25,4.795991410164639
Kochi,Diesel,Manual,First,15.4,7,14.19,Mahindra,Scorpio S10 7 Seater,0,3,1,0.05507113352222527,261.48,4.844290657439447
Jaipur,Petrol,Manual,First,22.5,5,3.85,Maruti,Wagon R VXI,0,0,0,0.06717434863008583,66.90592000000001,11.261261261261263
Delhi,Diesel,Manual,First,13.0,7,15.5,Toyota,Fortuner 4x2 Manual,2,5,2,0.05650570085294913,502.467,3.2646911099949776
Mumbai,Petrol,Manual,First,18.2,5,1.9,Maruti,Zen Estilo 1.1 LX BSIII,0,1,0,0.060320452346540564,67.904,8.830664725861231
Kochi,Petrol,Manual,First,25.4,4,1.26,Tata,Nano CX,1,0,0,0.060064102467845985,23.38752,15.640394088669948
Chennai,Petrol,Manual,Second,18.5,5,2.4,Hyundai,i20 Magna,1,1,0,0.06683375098844298,95.76,8.420573509330906
Bangalore,Diesel,Automatic,First,22.69,5,11.5,BMW,3 Series 320d,1,3,3,0.09523809519035684,379.05,7.5759599332220375
Jaipur,Diesel,Manual,First,16.0,7,8.25,Mahindra,XUV500 W6 2WD,1,3,2,0.06424965577592949,305.06,5.033029254482542
Pune,Petrol,Manual,First,15.8,5,2.75,Volkswagen,Vento IPL II Petrol Trendline,1,2,1,0.06570713387627838,167.79,6.081601231716705
Delhi,Petrol,Manual,Second,17.5,5,1.4,Skoda,Fabia 1.2 MPI Classic,1,1,0,0.058430717814331616,83.86,7.961783439490446
Coimbatore,Petrol,Manual,First,25.4,4,2.9,Tata,Nano Twist XT,0,0,0,0.06009615374984591,23.4,15.640394088669948
Chennai,Diesel,Manual,First,20.0,5,2.4,Ford,Figo Diesel EXI,1,1,0,0.04860614721329081,95.132,8.336807002917881
Pune,Petrol,Automatic,First,14.8,5,4.75,Volkswagen,Vento IPL II Petrol Highline AT,0,2,1,0.06570713387627838,167.79,5.696689761354889
Kochi,Diesel,Automatic,First,12.7,5,44.76,Land,Rover Range Rover HSE Dynamic,1,3,3,0.08614043135101403,408.9983,3.994966970745517
Kochi,Diesel,Manual,First,26.0,5,6.22,Honda,City i DTEC SV,1,2,1,0.06582109474911808,147.7028,10.408326661329061
Chennai,Petrol,Automatic,First,22.5,5,4.5,Renault,KWID Climber 1.0 AMT,0,0,0,0.06706706699993287,66.933,11.255627813906951
Mumbai,Petrol,Manual,First,18.9,5,4.25,Hyundai,Grand i10 Asta Option,0,1,1,0.06850459476315406,98.154,8.602639963586709
Hyderabad,Diesel,Automatic,First,18.1,4,5.5,Chevrolet,Cruze LTZ AT,1,3,2,0.07428427921934491,294.4689,6.051487796723504
Mumbai,Diesel,Manual,First,22.54,5,6.95,Hyundai,i20 1.4 Asta,0,1,1,0.06356017187424057,123.86708,9.407345575959933
Coimbatore,Petrol,Automatic,First,24.07,5,4.56,Maruti,Alto K10 VXI AGS,0,0,0,0.06723446887050653,66.96579999999999,12.047047047047048
Coimbatore,Diesel,Manual,First,20.5,5,13.82,Hyundai,Creta 1.6 SX Option Diesel,0,2,1,0.07977243989900604,199.64839999999998,7.939581719597212
Mumbai,Petrol,Manual,First,18.0,5,5.65,Honda,Amaze VX i-Vtech,0,1,1,0.07237061763575073,103.8666,8.18926296633303
Kochi,Diesel,Manual,First,21.19,5,6.2,Hyundai,i20 Active 1.4 SX Dual Tone,0,1,1,0.06356017187424057,123.86708,8.84390651085142
Delhi,Petrol,Manual,First,23.1,5,3.25,Maruti,Celerio VXI,0,0,0,0.06717434863008583,66.90592000000001,11.561561561561563
Kolkata,Diesel,Automatic,First,16.55,5,8.5,Audi,A4 2.0 TDI,0,3,2,0.0749542682545964,290.29967999999997,5.576145552560647
Bangalore,Diesel,Manual,First,24.8,5,7.25,Hyundai,Verna 1.4 CRDi,1,1,1,0.06353868190290925,123.8252,10.35058430717863
Pune,Diesel,Manual,First,21.8,5,4.61,Renault,Fluence Diesel E4,1,2,0,0.05338809031253382,113.958,8.858187728565623
Delhi,Petrol,Manual,First,16.2,5,5.3,Volkswagen,Polo 1.2 MPI Highline,0,1,0,0.061718098363871474,88.726,7.3669849931787175
Ahmedabad,Diesel,Manual,First,17.0,5,1.9,Tata,Indigo LX,0,1,0,0.04982206402147896,98.35,7.068607068607068
Kochi,Petrol,Manual,First,20.36,5,3.09,Hyundai,i10 Sportz,1,1,0,0.06591478691235189,94.44330000000001,9.267182521620391
Mumbai,Diesel,Automatic,Second,16.46,5,9.5,BMW,7 Series 730Ld Sedan,1,5,4,0.08620113595516167,772.194,4.12221387427999
Mumbai,Diesel,Automatic,First,17.01,5,12.65,Hyundai,Creta 1.6 CRDi AT SX Plus,0,2,1,0.07977243989900604,199.64839999999998,6.587916343919443
Delhi,Petrol,Manual,First,18.9,5,4.25,Hyundai,Grand i10 Magna,0,1,1,0.06850459476315406,98.154,8.602639963586709
Hyderabad,Diesel,Manual,First,21.1,5,2.95,Maruti,Ritz VDi,2,1,0,0.059214743542295875,92.22720000000001,9.386120996441282
Hyderabad,Diesel,Manual,First,10.5,8,3.45,Mahindra,Scorpio 2.6 SLX CRDe,1,3,1,0.05507113352222527,261.48,3.302925448254168
Hyderabad,Petrol,Manual,First,19.81,5,3.3,Hyundai,i10 Era,1,1,0,0.06266114174708919,73.9023,9.49664429530201
Hyderabad,Diesel,Manual,First,14.0,7,8.0,Tata,Safari Storme 2012-2015 VX,1,3,2,0.06337769616182759,300.9199,4.403900597672224
Kolkata,Petrol,Manual,First,13.5,5,2.71,Honda,Civic 2006-2010 1.8 V MT,1,2,2,0.07226236794204426,233.87,4.82315112540193
Hyderabad,Petrol,Manual,First,18.2,5,2.7,Maruti,Zen Estilo LXI BSIII,1,0,0,0.06723446887050653,66.96579999999999,9.10910910910911
Mumbai,Diesel,Manual,Second,23.4,5,4.5,Maruti,Swift Dzire VDI,1,1,0,0.059294871747359874,92.352,10.409252669039144
Delhi,Diesel,Manual,Second,13.0,7,18.75,Toyota,Fortuner 4x2 Manual,0,5,2,0.05650570085294913,502.467,3.2646911099949776
Pune,Diesel,Manual,Second,28.4,5,5.25,Maruti,Swift VDI,2,1,0,0.059294871747359874,92.352,12.633451957295371
Hyderabad,LPG,Manual,First,26.2,5,3.2,Maruti,Wagon R Duo LX BSIII,1,0,0,0.05831663320809957,58.083600000000004,13.113113113113114
Pune,Diesel,Manual,First,28.4,5,6.0,Maruti,Dzire LDI,0,1,0,0.05909455123469987,92.04,12.633451957295371
Kolkata,Petrol,Manual,First,18.9,5,3.14,Hyundai,Grand i10 Asta,0,1,1,0.06850459476315406,98.154,8.602639963586709
Jaipur,Petrol,Manual,First,25.17,5,2.55,Renault,KWID RXL,0,0,0,0.06670838539836246,42.5867,13.991106170094499
Jaipur,Petrol,Manual,Second,15.64,5,2.3,Tata,Indigo CS eGLX BS IV,0,1,0,0.053713327700156466,76.44744,7.131782945736434
Hyderabad,Diesel,Manual,First,20.0,5,5.65,Ford,Figo Diesel Titanium,1,1,0,0.04864188702741823,95.20195,8.336807002917881
Kochi,Diesel,Automatic,First,15.15,5,48.22,Porsche,Cayenne 2009-2014 Diesel,0,5,4,0.08088978763704423,712.08,3.819006806150744
Jaipur,Petrol,Manual,First,24.07,5,3.0,Maruti,Alto K10 VXI,0,0,0,0.06723446887050653,66.96579999999999,12.047047047047048
Ahmedabad,Diesel,Manual,First,20.34,5,7.5,Volkswagen,Vento 1.5 TDI Highline,1,2,1,0.06889185576175443,154.5936,8.142514011208966
Bangalore,Diesel,Manual,First,10.5,8,2.6,Mahindra,Scorpio 2.6 SLX CRDe,1,3,1,0.05507113352222527,261.48,3.302925448254168
Mumbai,Diesel,Automatic,First,18.56,5,61.25,BMW,X3 xDrive 20d Luxury Line,0,3,3,0.09523809519035684,379.05,6.196994991652754
Chennai,Petrol,Manual,Second,17.0,5,3.5,Honda,City 1.5 V MT,2,2,1,0.07882431524460633,176.646,6.8081698037645175
Kochi,Petrol,Automatic,First,17.44,4,28.95,Mini,Cooper 3 DOOR S,0,3,3,0.09463463458726995,377.78184000000005,5.8172114743162116
Pune,Diesel,Automatic,First,13.5,6,15.0,Mitsubishi,Pajero Sport 4X4 AT,1,4,3,0.07087605972108355,434.86212,3.8826574633304576
Jaipur,Diesel,Manual,First,19.3,5,4.25,Maruti,Swift Dzire VDi,1,1,0,0.059214743542295875,92.22720000000001,8.585409252669038
Hyderabad,Petrol,Automatic,First,8.6,4,59.0,Other,Continental Flying Spur,0,11,9,0.09203067687695386,3310.896,1.2289225492998
Pune,Diesel,Manual,First,20.77,7,6.6,Maruti,Ertiga VDI,0,1,1,0.07112179481480625,110.77248000000002,9.239323843416368
Hyderabad,Diesel,Manual,Second,12.8,7,5.2,Toyota,Innova 2.5 G4 Diesel 7-seater,3,4,1,0.040898155556977484,254.388,3.6634230108757873
Chennai,Petrol,Manual,First,11.7,5,10.0,Mercedes-Benz,New C-Class C 200 Kompressor Elegance MT,0,2,3,0.09910913134793478,319.688,4.184549356223176
Bangalore,Diesel,Automatic,First,14.84,5,35.0,Mercedes-Benz,New C-Class C 220 CDI BE Avantgare,0,3,2,0.0782174521333563,359.20966000000004,4.721603563474388
Mumbai,Diesel,Manual,First,22.7,5,8.75,Ford,Ecosport 1.5 DV5 MT Titanium Optional,0,2,1,0.059973297690271495,134.58032,9.08726981585268
Coimbatore,Petrol,Manual,First,17.71,5,4.57,Toyota,Etios Liva 1.2 G,1,1,0,0.06591478691235189,94.44330000000001,8.060992262175695
Delhi,Petrol,Manual,First,20.36,5,2.5,Hyundai,i10 Magna 1.2,1,1,0,0.06591478691235189,94.44330000000001,9.267182521620391
Kochi,Diesel,Automatic,First,12.39,5,20.11,Land,Rover Freelander 2 SE,1,3,2,0.06769619088219542,321.42429,3.8974520289399184
Hyderabad,Diesel,Manual,First,12.8,8,7.8,Toyota,Innova 2.5 V Diesel 8-seater,2,4,1,0.040898155556977484,254.388,3.6634230108757873
Coimbatore,Petrol,Manual,First,18.5,5,3.61,Hyundai,i20 1.2 Magna,1,1,0,0.06683375098844298,95.76,8.420573509330906
Pune,Petrol,Manual,Second,17.0,5,1.11,Hyundai,Santro Xing XO eRLX Euro II,1,1,1,0.10430653188643048,123.01870659400547,8.149568552253115
Mumbai,Petrol,Automatic,First,19.15,5,4.6,Nissan,Micra XV CVT,0,1,0,0.06338898158314775,90.97612,8.712465878070974
Ahmedabad,Diesel,Automatic,First,15.87,5,85.0,BMW,X6 xDrive 40d M Sport,1,5,5,0.10305045101802525,923.13099,3.974455296769346
Kolkata,Petrol,Automatic,First,16.8,5,5.25,Honda,City 1.5 V AT,0,2,1,0.07882431524460633,176.646,6.728073688426112
Delhi,Diesel,Manual,Second,25.8,5,3.3,Honda,Amaze E i-Dtech,0,2,1,0.06582109474911808,147.7028,10.32826261008807
Bangalore,Diesel,Manual,Second,11.5,7,17.75,Toyota,Fortuner 3.0 Diesel,1,5,2,0.05734406436708784,509.922,2.887995981918634
Delhi,Diesel,Automatic,First,12.97,5,35.0,Land,Rover Discovery Sport SD4 HSE Luxury,1,3,3,0.08614043135101403,408.9983,4.079899339414911
Coimbatore,Diesel,Manual,First,19.67,5,13.39,Hyundai,Creta 1.6 CRDi SX,0,2,1,0.07977243989900604,199.64839999999998,7.618125484120838
Chennai,Diesel,Manual,First,25.44,5,2.5,Chevrolet,Beat Diesel LT,1,0,0,0.060149572585310285,52.696799999999996,13.140495867768598
Kochi,Diesel,Automatic,First,11.36,7,18.36,Toyota,Innova Crysta 2.8 GX AT,0,5,2,0.062250453697912725,472.4825,3.025299600532623
Jaipur,Diesel,Manual,First,23.4,5,5.95,Maruti,Swift Dzire VDI,1,1,0,0.059294871747359874,92.352,10.409252669039144
Mumbai,Diesel,Manual,Second,19.67,5,11.0,Hyundai,Creta 1.6 CRDi SX Option,0,2,1,0.07977243989900604,199.64839999999998,7.618125484120838
Delhi,Diesel,Automatic,Second,12.65,5,64.75,Land,Rover Range Rover Sport SE,0,5,4,0.08519879716498537,763.215,3.168044077134986
Hyderabad,Diesel,Manual,First,25.8,5,6.3,Honda,Amaze VX i-DTEC,2,2,1,0.06582109474911808,147.7028,10.32826261008807
Kochi,Petrol,Manual,First,15.29,5,11.94,Hyundai,Creta 1.6 SX Plus Dual Tone Petrol,0,2,1,0.07624135758878607,192.98829999999998,5.901196449247394
Mumbai,Petrol,Automatic,First,18.19,5,5.95,Volkswagen,Vento Sport 1.2 TSI AT,0,1,1,0.0864661653412981,123.8895,8.279472007282658
Ahmedabad,Diesel,Manual,First,26.0,5,11.0,Honda,City i DTec VX,0,2,1,0.06582109474911808,147.7028,10.408326661329061
Coimbatore,Petrol,Manual,First,15.29,5,12.53,Hyundai,Creta 1.6 SX Plus Dual Tone Petrol,0,2,1,0.07624135758878607,192.98829999999998,5.901196449247394
Bangalore,Diesel,Manual,Second,20.0,5,3.75,Ford,Figo Diesel Titanium,0,1,0,0.04860614721329081,95.132,8.336807002917881
Pune,Diesel,Automatic,First,14.69,5,27.0,BMW,5 Series 2013-2017 530d M Sport,1,5,4,0.08620113595516167,772.194,3.6789381417480587
Pune,Diesel,Manual,First,10.5,6,9.95,Mitsubishi,Pajero 2.8 SFX 7Str,2,5,1,0.037813051133046546,303.912,2.7379400260756195
Jaipur,Diesel,Manual,First,19.87,5,4.2,Renault,Duster 85PS Diesel RxL Option,3,2,1,0.057357973951158124,122.43180000000001,8.073953677366923
Delhi,Petrol,Manual,Second,21.1,5,2.0,Maruti,Ritz VXI,1,1,1,0.07167919793510509,102.70259999999999,9.604005461993628
Kolkata,Petrol,Manual,First,18.9,5,3.25,Hyundai,Grand i10 Sportz,0,1,1,0.06850459476315406,98.154,8.602639963586709
Bangalore,Diesel,Automatic,First,17.9,5,34.0,Mercedes-Benz,GLA Class 200 CDI SPORT,0,3,2,0.063462435807997,291.448,5.695195672923958
Coimbatore,Diesel,Automatic,First,22.48,5,30.37,BMW,5 Series 520d Luxury Line,1,3,3,0.09523809519035684,379.05,7.505843071786311
Kochi,Petrol,Automatic,First,13.0,5,12.6,Hyundai,Creta 1.6 SX Plus Petrol Automatic,0,2,1,0.07624135758878607,192.98829999999998,5.017367811655731
Kochi,Petrol,Manual,First,25.17,5,5.09,Renault,KWID RXT Optional,0,0,0,0.06670838539836246,42.5867,13.991106170094499
Bangalore,Diesel,Automatic,First,14.94,5,24.5,Audi,A4 3.0 TDI Quattro,0,5,4,0.08136164473159366,716.2338000000001,3.766070078144694
Kochi,Diesel,Manual,Second,28.09,5,7.97,Maruti,Ciaz VDI SHVS,0,1,1,0.07091346148163985,110.448,12.495551601423486
Delhi,Petrol,Manual,First,16.0,5,2.9,Honda,Jazz S,1,1,1,0.07512520861842636,107.82,7.279344858962694
Kochi,Diesel,Automatic,First,22.69,5,21.33,BMW,3 Series 320d Luxury Line,1,3,3,0.09523809519035684,379.05,7.5759599332220375
Bangalore,Diesel,Automatic,Second,19.08,5,6.5,Hyundai,Verna SX CRDi AT,1,2,1,0.07984829324914772,199.83823999999998,7.389620449264136
Coimbatore,Diesel,Manual,First,21.38,5,12.15,Hyundai,Creta 1.4 CRDi S Plus,1,1,1,0.06353868190290925,123.8252,8.923205342237061
Kolkata,Petrol,Manual,First,15.04,5,4.25,Volkswagen,Vento 2013-2015 1.6 Comfortline,0,2,1,0.06458072586697075,164.9136,5.789068514241724
Coimbatore,Diesel,Automatic,First,21.76,5,35.84,BMW,3 Series Luxury Line,0,3,3,0.09523809519035684,379.05,7.265442404006678
Chennai,Petrol,Automatic,Third,14.4,5,3.0,Honda,CR-V Petrol 2WD,2,3,2,0.07611417121877107,303.544,4.804804804804806
Chennai,Diesel,Manual,First,19.72,5,6.75,Renault,Duster 110PS Diesel RxZ AWD,1,2,1,0.07422997941531144,158.44545000000002,8.013002844372204
Bangalore,Petrol,Manual,Second,18.6,5,5.65,Hyundai,i20 Asta 1.2,0,1,1,0.0683625730423036,97.95051,8.466090122894856
Pune,Diesel,Automatic,Second,16.96,5,7.5,Volkswagen,Jetta 2013-2015 2.0L TDI Highline AT,1,3,2,0.0701371950863124,271.64304,5.714285714285714
Kochi,Diesel,Manual,First,19.67,5,13.34,Hyundai,Creta 1.6 SX Plus Diesel,0,2,1,0.07977243989900604,199.64839999999998,7.618125484120838
Hyderabad,Diesel,Manual,First,28.09,5,7.9,Maruti,Ciaz VDI SHVS,1,1,1,0.07091346148163985,110.448,12.495551601423486
Coimbatore,Diesel,Manual,First,22.54,5,6.98,Hyundai,i20 Asta 1.4 CRDi,0,1,1,0.06356017187424057,123.86708,9.407345575959933
Mumbai,Petrol,Manual,First,17.01,5,5.75,Hyundai,Verna 1.6 SX VTVT,0,2,1,0.07624135758878607,192.98829999999998,6.565032805866461
Kolkata,Diesel,Manual,First,22.07,5,2.65,Volkswagen,Polo Diesel Trendline 1.2L,1,1,0,0.061634695528244625,88.60610000000001,10.03638017280582
Kolkata,Diesel,Manual,First,22.07,5,2.49,Volkswagen,Polo Diesel Trendline 1.2L,1,1,0,0.061634695528244625,88.60610000000001,10.03638017280582
Pune,Petrol,Manual,Second,15.0,5,1.5,Maruti,SX4 Vxi BSIII,1,2,1,0.06600252202648012,166.02248,5.800464037122969
Kochi,Diesel,Manual,First,24.5,7,6.5,Honda,Mobilio RS Option i DTEC,1,2,1,0.06582109474911808,147.7028,9.807846277021616
Hyderabad,Diesel,Manual,First,19.64,5,8.0,Renault,Duster 110PS Diesel RxZ Plus,0,2,1,0.07422997941531144,158.44545000000002,7.980495733441689
Coimbatore,Diesel,Automatic,First,12.9,7,30.85,Toyota,Fortuner 2.8 2WD AT,0,5,3,0.0633393829171182,480.7475,3.435419440745673
Kochi,Diesel,Automatic,First,14.7,5,17.15,Volvo,XC60 D4 SUMMUM,1,3,3,0.09122983866369463,359.104,4.92627345844504
Hyderabad,Petrol,Automatic,First,23.1,5,4.55,Maruti,Celerio VXI AT,0,0,0,0.06717434863008583,66.90592000000001,11.561561561561563
Hyderabad,Diesel,Manual,Second,26.21,5,7.4,Maruti,Ciaz ZDi Plus,0,1,1,0.07091346148163985,110.448,11.659252669039144
Kochi,Diesel,Automatic,First,12.8,5,25.64,Audi,Q5 2008-2012 2.0 TDI,0,3,2,0.08516260158274257,329.8368,4.3126684636118595
Kolkata,Diesel,Automatic,Second,17.05,5,13.5,BMW,X1 sDrive 20d Sportline,1,3,3,0.09223057639487188,367.08,5.692821368948247
Bangalore,Petrol,Manual,First,15.6,5,3.55,Ford,Figo Petrol ZXI,0,1,0,0.05852842804470867,83.72,7.103825136612023
Ahmedabad,Diesel,Manual,First,22.7,5,15.0,Hyundai,Elantra CRDi SX,0,2,1,0.07977243989900604,199.64839999999998,8.79163439194423
Pune,Petrol,Manual,Second,13.9,5,1.95,Hyundai,Verna 1.6 i ABS,1,2,1,0.06454033767070648,165.01680000000002,5.348210850327049
Pune,Petrol,Manual,Second,13.5,5,2.3,Honda,Civic 2006-2010 1.8 S MT,2,2,2,0.07226236794204426,233.87,4.82315112540193
Chennai,Diesel,Manual,Second,12.55,7,15.0,Toyota,Fortuner 4x4 MT,2,5,2,0.05650570085294913,502.467,3.1516825715720747
Chennai,Petrol,Manual,First,20.36,5,3.15,Hyundai,i10 Sportz,1,1,0,0.06591478691235189,94.44330000000001,9.267182521620391
Hyderabad,Diesel,Manual,First,21.64,5,5.0,Nissan,Sunny 2011-2014 Diesel XL,1,2,1,0.05804243664747266,123.89280000000001,8.79317350670459
Jaipur,Diesel,Automatic,Second,18.12,5,24.75,BMW,5 Series 2013-2017 520d Luxury Line,0,3,3,0.09523809519035684,379.05,6.050083472454091
Pune,Diesel,Manual,Second,16.52,5,2.6,Chevrolet,Optra Magnum 2.0 LT,1,3,1,0.06212958309285305,246.28670000000002,5.523236375794048
Ahmedabad,Petrol,Manual,First,20.36,5,3.75,Hyundai,i10 Asta,1,1,0,0.06591478691235189,94.44330000000001,9.267182521620391
Ahmedabad,Diesel,Manual,Second,17.5,5,4.85,Skoda,Laura Ambiente,1,3,1,0.05590717296629368,200.976,6.042817679558011
Jaipur,Diesel,Automatic,First,10.0,5,27.0,Mercedes-Benz,E-Class 2009-2013 E 220 CDI Avantgarde,1,3,2,0.07914338916240997,365.16,3.1766200762388817
Kolkata,Diesel,Manual,First,25.8,5,3.0,Honda,Amaze SX i-DTEC,1,2,1,0.06582109474911808,147.7028,10.32826261008807
Delhi,Diesel,Automatic,First,20.68,5,28.75,BMW,X1 xDrive 20d xLine,0,3,3,0.09523809519035684,379.05,6.904841402337229
Hyderabad,Diesel,Manual,First,12.99,8,14.49,Toyota,Innova 2.5 G (Diesel) 8 Seater,1,4,1,0.040336808323842496,250.8964,3.7178019461934744
Delhi,Diesel,Automatic,First,7.5,4,72.0,Porsche,Panamera 2010 2013 Diesel,0,10,7,0.08204327921721946,1895.0058000000001,1.2917671374440234
Chennai,Diesel,Manual,Second,22.71,5,4.0,Nissan,Sunny XV D,1,2,1,0.05804243664747266,123.89280000000001,9.227956115400243
Delhi,Diesel,Manual,Second,26.59,5,4.5,Maruti,Swift Dzire LDI,0,1,0,0.059294871747359874,92.352,11.828291814946619
Mumbai,Petrol,Automatic,First,21.5,5,6.25,Maruti,Wagon R ZXI AMT 1.2,0,1,1,0.06833751038568293,97.9146,9.786071916249432
Pune,Diesel,Automatic,Second,16.96,5,11.5,Volkswagen,Jetta 2013-2015 2.0L TDI Highline AT,1,3,2,0.0701371950863124,271.64304,5.714285714285714
Pune,Petrol,Manual,Third,9.8,5,3.1,Honda,Accord 2.4 Inspire M/T,1,4,3,0.07646559045179882,423.72,2.921884317233155
Mumbai,Petrol,Manual,First,17.8,5,10.11,Honda,City i VTEC V,0,2,1,0.07835671337451121,175.59810000000002,7.128554265118143
Coimbatore,Petrol,Manual,First,17.01,5,11.54,Hyundai,Verna 1.6 SX VTVT,0,2,1,0.07624135758878607,192.98829999999998,6.565032805866461
Delhi,Petrol,Manual,Second,18.9,5,1.0,Maruti,Wagon R LX BSII,1,0,0,0.06723446887050653,66.96579999999999,9.45945945945946
Kolkata,Diesel,Manual,Second,23.4,5,2.5,Maruti,Swift Dzire Tour LDI,3,1,0,0.059294871747359874,92.352,10.409252669039144
Kochi,Petrol,Automatic,First,9.74,5,18.0,Audi,Q5 2008-2012 2.0 TFSI Quattro,1,3,3,0.10483870962457725,412.672,3.264075067024129
Coimbatore,Diesel,Manual,First,23.59,5,6.85,Toyota,Etios Cross 1.4 GD,0,1,0,0.04914956008126865,91.44256000000001,9.978849407783418
Kochi,Petrol,Manual,First,19.81,5,2.97,Hyundai,i10 Era 1.1 iTech SE,1,1,0,0.06266114174708919,73.9023,9.49664429530201
Pune,Petrol,Manual,First,17.01,5,4.75,Hyundai,Verna 1.6 VTVT,1,2,1,0.07624135758878607,192.98829999999998,6.565032805866461
Coimbatore,Diesel,Manual,First,20.14,5,7.38,Volkswagen,Polo 1.5 TDI Highline,0,2,1,0.05927903867871893,133.0224,8.062449959967974
Delhi,Diesel,Automatic,First,22.48,5,42.75,BMW,5 Series 520d Sport Line,0,3,3,0.09410526311072417,374.54130000000004,7.505843071786311
Bangalore,Diesel,Manual,Second,23.0,5,3.65,Hyundai,i20 1.4 Asta Optional With Sunroof,1,1,1,0.06446991399393272,125.64,9.599332220367279
Kochi,Petrol,Automatic,First,18.9,5,5.99,Hyundai,Grand i10 Asta Option AT,0,1,1,0.06850459476315406,98.154,8.602639963586709
Pune,Diesel,Automatic,First,11.5,7,13.5,Toyota,Fortuner 4x2 4 Speed AT,2,5,2,0.056673373555776875,503.958,2.887995981918634
Chennai,Petrol,Automatic,First,21.4,5,7.0,Maruti,Baleno Zeta Automatic,0,1,1,0.06942355883924514,99.4707,9.740555302685479
Hyderabad,Petrol,Automatic,First,13.0,5,10.95,Hyundai,Creta 1.6 SX Plus Petrol Automatic,0,2,1,0.07624135758878607,192.98829999999998,5.017367811655731
Pune,Petrol,Manual,Third,20.36,5,2.95,Hyundai,i10 Sportz,1,1,0,0.06591478691235189,94.44330000000001,9.267182521620391
Ahmedabad,Diesel,Manual,First,24.7,5,5.5,Tata,Tigor XE Diesel,0,1,0,0.06590257873361739,72.243,12.066438690766978
Kochi,Petrol,Automatic,First,14.67,5,17.08,Skoda,Superb Style 1.8 TSI AT,1,2,3,0.09869855389393851,319.07308,5.243030736240171
Hyderabad,Diesel,Manual,First,26.59,5,6.85,Maruti,Swift Dzire VDI,1,1,0,0.059294871747359874,92.352,11.828291814946619
Jaipur,Petrol,Automatic,First,13.1,5,10.5,Honda,CR-V 2.0 AT,2,3,2,0.07065598394058288,281.7767,4.371037704371038
Hyderabad,Diesel,Manual,First,12.8,8,8.75,Toyota,Innova 2.5 G (Diesel) 8 Seater BS IV,2,4,1,0.040898155556977484,254.388,3.6634230108757873
Kolkata,Petrol,Manual,First,17.0,5,2.7,Honda,City 1.5 V MT,1,2,1,0.07882431524460633,176.646,6.8081698037645175
Mumbai,Petrol,Automatic,First,17.0,5,4.25,Hyundai,Verna VTVT 1.6 AT SX Plus,1,2,1,0.07624135758878607,192.98829999999998,6.561173292165186
Pune,Diesel,Manual,First,23.59,5,7.9,Toyota,Etios 1.4 VXD,0,1,0,0.04914956008126865,91.44256000000001,9.978849407783418
Delhi,Petrol,Automatic,Second,13.7,5,4.5,Skoda,Superb Elegance 1.8 TSI AT,1,2,2,0.08773637369981291,283.6345,4.896354538956397
Kolkata,Diesel,Manual,First,21.64,5,4.0,Nissan,Sunny 2011-2014 Diesel XV,0,2,1,0.05804243664747266,123.89280000000001,8.79317350670459
Delhi,Petrol,Manual,First,17.0,5,4.75,Honda,City 1.5 V MT Exclusive,0,2,1,0.07882431524460633,176.646,6.8081698037645175
Kolkata,Diesel,Manual,First,22.54,5,7.65,Hyundai,Elite i20 Diesel Asta Option,0,1,1,0.06358166184557187,123.90896000000001,9.407345575959933
Kochi,Petrol,Manual,Second,17.4,5,3.47,Chevrolet,Optra 1.6 LT Royale,1,2,1,0.06504065036582823,166.296,6.694882647171988
Kochi,Petrol,Manual,First,18.0,5,5.64,Honda,Amaze S i-Vtech,0,1,1,0.07237061763575073,103.8666,8.18926296633303
Kolkata,Petrol,Manual,First,16.47,5,2.95,Volkswagen,Polo Petrol Comfortline 1.2L,0,1,0,0.061686143521130096,88.53220000000002,7.4931756141947226
Jaipur,Diesel,Manual,First,22.9,5,5.65,Maruti,Swift VDI,1,1,0,0.059294871747359874,92.352,10.186832740213521
Kochi,Diesel,Automatic,First,11.4,7,8.41,Ford,Endeavour 3.0L 4X4 AT,0,5,2,0.052102946138807,454.34858,2.8838856564634456
Pune,Petrol,Manual,Third,15.4,5,0.85,Maruti,Baleno LXI,3,2,1,0.059119496818163836,149.46,5.9459459459459465
Pune,Petrol,Manual,Second,18.9,5,0.8,Maruti,Wagon R LX,2,0,0,0.06723446887050653,66.96579999999999,9.45945945945946
Coimbatore,Diesel,Manual,First,20.14,5,5.65,Volkswagen,Polo 1.5 TDI Highline,1,2,1,0.058744993285216957,131.824,8.062449959967974
Kolkata,Petrol,Manual,First,17.1,5,4.5,Hyundai,Verna 1.6 SX VTVT (O),0,2,1,0.07624135758878607,192.98829999999998,6.5997684291779235
Ahmedabad,Diesel,Manual,First,28.09,5,6.9,Maruti,Ciaz ZDi Plus SHVS,1,1,1,0.07091346148163985,110.448,12.495551601423486
Jaipur,Diesel,Manual,First,21.64,5,4.0,Nissan,Sunny 2011-2014 Diesel XL,2,2,1,0.05804243664747266,123.89280000000001,8.79317350670459
Mumbai,Petrol,Manual,First,15.0,5,5.6,Skoda,Rapid 1.6 MPI Ambition With Alloy Wheel,0,2,1,0.06478097617973655,165.42496,5.773672055427252
Delhi,Petrol,Manual,First,15.1,7,2.2,Maruti,Eeco 7 Seater Standard,2,1,0,0.06103678924662475,87.308,6.876138433515483
Bangalore,Petrol,Manual,First,15.0,5,4.0,Skoda,Rapid Ultima 1.6 MPI Ambition Plus,1,2,1,0.0647684605351887,165.393,5.773672055427252
Jaipur,Diesel,Manual,Second,12.55,7,16.0,Toyota,Fortuner 4x4 MT,2,5,2,0.05650570085294913,502.467,3.1516825715720747
Mumbai,Diesel,Manual,First,19.67,5,12.6,Hyundai,Creta 1.6 CRDi SX,0,2,1,0.07977243989900604,199.64839999999998,7.618125484120838
Kochi,Petrol,Manual,First,18.5,5,4.79,Hyundai,i20 Magna Optional 1.2,0,1,1,0.06925647446177403,99.2313,8.420573509330906
Mumbai,CNG,Manual,First,26.6,5,3.65,Maruti,Wagon R LXI CNG,0,0,0,0.058276553047819084,58.043679999999995,13.313313313313316
Kochi,Diesel,Manual,First,26.0,5,6.83,Honda,City i DTEC V,1,2,1,0.06582109474911808,147.7028,10.408326661329061
Jaipur,Petrol,Manual,First,16.1,4,0.51,Maruti,800 Std,1,0,0,0.04648241200190652,29.452,8.964365256124722
Pune,Petrol,Manual,Second,13.8,5,0.69,Ford,Ikon 1.3 Flair,1,1,0,0.05388760580917043,90.93,6.002609830361027
Delhi,Petrol,Manual,First,20.85,5,4.65,Maruti,Swift Dzire LXI,0,1,1,0.06945697571473937,99.51858,9.490213928083751
Kolkata,Petrol,Manual,First,16.8,5,6.49,Honda,City 1.5 V MT Sunroof,0,2,1,0.07768871070294675,174.1011,6.728073688426112
Chennai,Diesel,Manual,First,16.8,5,2.9,Hyundai,Verna CRDi,1,2,1,0.07367716003102667,164.23,6.738868832731648
Delhi,Petrol,Manual,First,17.01,5,7.4,Hyundai,Verna 1.6 SX VTVT,0,2,1,0.07624135758878607,192.98829999999998,6.565032805866461
Bangalore,Petrol,Manual,Second,25.17,5,3.25,Renault,KWID RXT,0,0,0,0.06670838539836246,42.5867,13.991106170094499
Ahmedabad,Petrol,Manual,Second,18.9,5,1.95,Maruti,Wagon R LXI,1,0,0,0.06723446887050653,66.96579999999999,9.45945945945946
Jaipur,Petrol,Manual,Second,18.9,5,4.0,Hyundai,Grand i10 Sportz,1,1,1,0.06850459476315406,98.154,8.602639963586709
Delhi,Petrol,Manual,First,18.6,5,6.85,Hyundai,i20 1.2 Asta,0,1,1,0.0683625730423036,97.95051,8.466090122894856
Coimbatore,Petrol,Manual,First,18.0,5,5.45,Honda,Amaze S i-Vtech,1,1,1,0.07237061763575073,103.8666,8.18926296633303
Hyderabad,Diesel,Manual,First,17.8,5,1.99,Ford,Fiesta 1.4 Duratorq ZXI,1,1,0,0.04860614721329081,95.132,7.419758232596915
Hyderabad,Diesel,Automatic,First,19.08,5,8.99,Hyundai,Verna SX CRDi AT,1,2,1,0.07984829324914772,199.83823999999998,7.389620449264136
Kolkata,Diesel,Manual,First,23.59,5,6.5,Toyota,Etios VD SP,0,1,0,0.04914956008126865,91.44256000000001,9.978849407783418
Coimbatore,Petrol,Automatic,First,19.0,5,9.27,Honda,Jazz 1.2 V CVT i VTEC,0,1,1,0.07397831520101891,106.35130000000001,8.640291041382447
Ahmedabad,Diesel,Manual,First,23.9,5,6.99,Hyundai,Verna 1.6 CRDi SX,1,2,1,0.07977243989900604,199.64839999999998,9.256390395042603
Coimbatore,Diesel,Automatic,First,17.9,5,36.76,Mercedes-Benz,CLA 200 D Sport Edition,0,3,2,0.063462435807997,291.448,5.695195672923958
Kochi,Petrol,Automatic,First,14.7,5,17.08,Skoda,Octavia Elegance 1.8 TSI AT,0,2,3,0.09872080083497174,319.145,5.253752680486061
Kolkata,Diesel,Manual,First,25.44,5,2.8,Chevrolet,Beat Diesel LS,0,0,0,0.06153846147271532,53.913599999999995,13.140495867768598
Kolkata,Diesel,Manual,First,22.07,5,2.49,Volkswagen,Polo Diesel Trendline 1.2L,1,1,0,0.061634695528244625,88.60610000000001,10.03638017280582
Jaipur,Diesel,Manual,First,23.65,5,8.85,Maruti,SX4 S Cross DDiS 200 Zeta,1,1,1,0.07091346148163985,110.448,10.520462633451956
Ahmedabad,Petrol,Manual,First,16.8,5,4.15,Honda,City V MT,0,2,1,0.07768871070294675,174.1011,6.728073688426112
Hyderabad,Diesel,Manual,First,20.64,5,10.0,Volkswagen,Vento 1.5 TDI Highline,0,2,1,0.072429906493705,162.533,8.262610088070456
Delhi,Petrol,Manual,First,18.9,5,4.75,Hyundai,Grand i10 1.2 Kappa Magna,0,1,1,0.06838763569892427,97.98642,8.602639963586709
Jaipur,Petrol,Automatic,First,24.04,5,3.2,Renault,KWID AMT RXL,0,0,0,0.06706706699993287,66.933,12.02601300650325
Kochi,Petrol,Manual,First,22.74,5,3.28,Maruti,Alto 800 LXI,0,0,0,0.059422110478112924,37.6508,12.661469933184854
Bangalore,Petrol,Manual,First,15.8,5,7.5,Ford,Ecosport 1.5 Ti VCT MT Titanium,1,2,1,0.07338225478760356,164.89,6.322529011604642
Coimbatore,Petrol,Manual,First,21.4,5,7.39,Maruti,Baleno Zeta,0,1,1,0.06942355883924514,99.4707,9.740555302685479
Pune,Diesel,Manual,First,23.2,5,3.65,Maruti,Ritz VDi,1,1,0,0.05924679482432147,92.27712,10.320284697508896
Chennai,Diesel,Automatic,First,11.0,5,11.0,Mercedes-Benz,E-Class 280 CDI,1,5,3,0.06645463673704231,592.9195,2.7589666415851517
Kolkata,Diesel,Manual,First,23.2,5,3.0,Maruti,Ritz VDi,1,1,0,0.05924679482432147,92.27712,10.320284697508896
Chennai,Diesel,Manual,Second,25.44,5,2.25,Chevrolet,Beat Diesel LT,1,0,0,0.06153846147271532,53.913599999999995,13.140495867768598
Kochi,Petrol,Manual,First,15.5,5,2.83,Maruti,SX4 Vxi BSIV,1,2,1,0.06513240853396443,163.8338,5.993812838360402
Coimbatore,Petrol,Manual,First,14.0,5,4.11,Maruti,Omni 5 Seater BSIV,0,0,0,0.04396984919099265,27.86,7.795100222717149
Kolkata,Diesel,Manual,First,13.5,7,14.7,Mitsubishi,Pajero Sport Anniversary Edition,0,4,3,0.07186112229638227,440.906,3.8826574633304576
Pune,Petrol,Automatic,First,13.0,5,25.0,Mercedes-Benz,S Class 2005 2013 S 300 L,1,5,3,0.0703046534749566,627.27,3.2605969400551795
Bangalore,Diesel,Manual,First,25.44,5,2.35,Chevrolet,Beat Diesel LS,1,0,0,0.060149572585310285,52.696799999999996,13.140495867768598
Coimbatore,Diesel,Manual,Second,25.83,5,6.41,Ford,Figo 2015-2019 1.5D Titanium MT,0,2,1,0.06608811744586908,148.302,10.340272217774217
Ahmedabad,Petrol,Manual,First,17.4,5,5.75,Honda,City i-VTEC VX,0,2,1,0.07835671337451121,175.59810000000002,6.96836203444133
Chennai,Diesel,Automatic,Second,17.9,5,17.55,Mercedes-Benz,GLA Class 200 CDI SPORT,1,3,2,0.063462435807997,291.448,5.695195672923958
Jaipur,Diesel,Manual,First,21.38,5,10.25,Hyundai,Creta 1.4 CRDi S Plus,0,1,1,0.06353868190290925,123.8252,8.923205342237061
Kochi,Diesel,Manual,First,17.8,5,3.16,Ford,Fiesta Classic 1.4 Duratorq CLXI,1,1,0,0.04789135093074242,93.733,7.419758232596915
Bangalore,Diesel,Automatic,Second,16.55,5,22.5,Audi,A4 2.0 TDI,0,3,2,0.0749542682545964,290.29967999999997,5.576145552560647
Kochi,Petrol,Manual,First,19.81,5,3.55,Hyundai,i10 Magna 1.1,0,1,0,0.06266114174708919,73.9023,9.49664429530201
Kochi,Petrol,Automatic,First,12.05,5,9.86,BMW,3 Series 320i Sedan,1,3,2,0.07719298241744713,307.23,4.023372287145242
Chennai,Diesel,Automatic,First,16.46,5,45.0,BMW,7 Series 730Ld,0,5,4,0.08620113595516167,772.194,4.12221387427999
Kochi,Petrol,Manual,First,17.01,5,7.99,Hyundai,Verna 1.6 SX VTVT,0,2,1,0.07624135758878607,192.98829999999998,6.565032805866461
Jaipur,Diesel,Automatic,First,22.0,5,6.5,Volkswagen,Ameo 1.5 TDI Comfortline AT,1,2,1,0.07242656870999561,162.52551,8.807045636509207
Kolkata,Petrol,Manual,First,14.49,5,0.75,Chevrolet,Aveo 1.4 LS,0,1,1,0.06626161539223616,129.6873,6.040016673614006
Coimbatore,Diesel,Manual,Second,18.3,5,9.87,Chevrolet,Cruze LTZ,1,3,2,0.07428427921934491,294.4689,6.118355065195586
Kochi,Diesel,Manual,Second,22.54,5,6.36,Hyundai,i20 1.4 Sportz,0,1,1,0.06356017187424057,123.86708,9.407345575959933
Mumbai,Petrol,Automatic,First,16.0,7,9.5,Honda,BRV i-VTEC V CVT,0,2,1,0.07835671337451121,175.59810000000002,6.4076892270724874
Kochi,Petrol,Manual,First,19.1,5,6.05,Hyundai,Xcent 1.2 Kappa SX,0,1,1,0.06850459476315406,98.154,8.69367319071461
Hyderabad,Diesel,Manual,First,24.0,5,5.5,Hyundai,Grand i10 CRDi Sportz,1,1,0,0.06249999994419642,78.4,11.320754716981131
Kolkata,Petrol,Manual,Second,19.7,5,1.25,Maruti,Alto LXi,0,0,0,0.05816582907265599,36.8548,10.96881959910913
Coimbatore,Diesel,Manual,First,12.99,7,11.99,Toyota,Innova 2.5 VX (Diesel) 7 Seater,1,4,1,0.040336808323842496,250.8964,3.7178019461934744
Mumbai,Petrol,Automatic,Second,16.95,5,2.5,Hyundai,i10 Sportz 1.2 AT,1,1,0,0.06591478691235189,94.44330000000001,7.715065999089667
Kochi,Petrol,Automatic,First,18.0,5,11.66,Honda,City i-VTEC CVT V,0,2,1,0.07835671337451121,175.59810000000002,7.2086503804565485
Jaipur,Petrol,Manual,Third,17.3,5,0.53,Maruti,Zen LX,1,0,0,0.06042296066422662,59.58,8.680381334671349
Kolkata,Petrol,Manual,First,20.51,5,3.1,Maruti,Wagon R LXI BS IV,0,0,0,0.06717434863008583,66.90592000000001,10.265265265265267
Hyderabad,Diesel,Manual,Second,20.0,5,2.6,Ford,Figo Diesel Titanium,1,1,0,0.04860614721329081,95.132,8.336807002917881
Kochi,Petrol,Manual,First,18.0,5,5.09,Honda,Amaze S i-Vtech,0,1,1,0.07237061763575073,103.8666,8.18926296633303
Hyderabad,Petrol,Manual,First,13.2,5,2.3,Hyundai,Accent GLE,1,2,1,0.06287625413854431,140.53,5.290581162324648
Pune,Diesel,Manual,First,22.32,5,6.0,Hyundai,Verna 1.6 SX CRDi (O),1,2,1,0.07984829324914772,199.83823999999998,8.644461657629744
Ahmedabad,Diesel,Manual,First,25.2,5,4.4,Maruti,Swift ZDi,1,1,0,0.059294871747359874,92.352,11.209964412811386
Delhi,Petrol,Automatic,Second,14.8,5,11.0,Mercedes-Benz,B Class B180,0,2,1,0.07567398114377806,192.5165,5.703275529865126
Coimbatore,Diesel,Manual,First,17.3,5,5.7,Chevrolet,Cruze LTZ,1,3,2,0.08193193189092494,327.07259999999997,5.770513675783856
Chennai,Diesel,Automatic,First,20.0,5,6.95,Skoda,Laura Ambiente 2.0 TDI CR AT,2,3,2,0.07017276419198537,271.7808,6.738544474393531
Hyderabad,Diesel,Manual,First,12.05,8,7.9,Mahindra,Scorpio VLX 2WD BSIV,1,3,1,0.05507113352222527,261.48,3.7905001572821644
Kochi,Diesel,Automatic,First,20.68,5,29.3,BMW,X1 xDrive 20d xLine,0,3,3,0.09523809519035684,379.05,6.904841402337229
Kolkata,Petrol,Automatic,First,10.93,5,10.24,Mercedes-Benz,E-Class 2009-2013 E350 Petrol,0,7,5,0.07775871924592376,951.456,2.42996887505558
Pune,Petrol,Automatic,Second,13.7,5,5.35,Skoda,Superb Elegance 1.8 TSI AT,1,2,2,0.08773637369981291,283.6345,4.896354538956397
Mumbai,Petrol,Automatic,Second,16.5,5,3.49,Honda,Brio VX AT,0,1,1,0.0724540900897712,103.98639999999999,7.506824385805278
Hyderabad,Petrol,Manual,First,20.36,5,2.85,Hyundai,i10 Magna 1.2,1,1,0,0.06591478691235189,94.44330000000001,9.267182521620391
Mumbai,Petrol,Manual,First,17.4,5,5.35,Honda,City i VTEC SV,1,2,1,0.07835671337451121,175.59810000000002,6.96836203444133
Coimbatore,Petrol,Manual,First,15.6,5,3.62,Ford,Figo Petrol ZXI,1,1,0,0.05852842804470867,83.72,7.103825136612023
Hyderabad,Diesel,Manual,First,12.8,7,6.25,Toyota,Innova 2.5 G4 Diesel 7-seater,2,4,1,0.040898155556977484,254.388,3.6634230108757873
Kochi,Diesel,Manual,Second,21.0,5,3.19,Mahindra,Verito 1.5 D6 BSIV,2,2,0,0.04387405883376176,93.6501,8.533116619260461
Delhi,Petrol,Manual,First,18.15,6,5.5,Mahindra,KUV 100 G80 K8 Dual Tone,0,1,1,0.06844741229678847,98.236,8.257506824385805
Kochi,Petrol,Manual,First,18.6,5,7.67,Hyundai,i20 Sportz Option 1.2,0,1,1,0.0683625730423036,97.95051,8.466090122894856
Jaipur,Petrol,Manual,First,12.0,7,5.5,Tata,New Safari EX 4x2,1,3,1,0.06070745694994864,265.684,3.8809831824062093
Hyderabad,Diesel,Manual,First,19.3,5,6.6,Maruti,Swift Dzire VDi,1,1,0,0.059214743542295875,92.22720000000001,8.585409252669038
Chennai,Diesel,Automatic,Second,15.97,5,55.0,BMW,X5 xDrive 30d M Sport,0,5,4,0.08620113595516167,772.194,3.9994991234660655
Pune,Diesel,Automatic,First,17.68,5,21.0,Audi,A6 2011-2015 2.0 TDI Premium Plus,1,3,3,0.0885823170281594,343.08144,5.9568733153638815
Jaipur,Petrol,Manual,First,21.4,5,4.5,Maruti,Baleno Delta 1.2,0,1,1,0.06942355883924514,99.4707,9.740555302685479
Coimbatore,Diesel,Automatic,First,13.01,7,20.67,Hyundai,Santa Fe 4WD AT,0,3,3,0.0883583446619562,427.26570000000004,4.066895904970303
Hyderabad,Diesel,Automatic,First,14.39,5,6.5,Chevrolet,Cruze LTZ AT,1,3,2,0.08193193189092494,327.07259999999997,4.799866577718479
Coimbatore,Diesel,Automatic,First,15.0,5,37.98,Mercedes-Benz,E-Class 2015-2017 E250 Edition E,0,3,3,0.09519365371199551,437.172,4.772510340439071
Mumbai,Petrol,Manual,First,17.92,5,1.45,Hyundai,Santro Xing GLS,0,1,0,0.05718232038933488,67.4406,8.590604026845638
Delhi,CNG,Manual,First,26.6,5,2.95,Maruti,Wagon R LXI CNG,1,0,0,0.058276553047819084,58.043679999999995,13.313313313313316
Hyderabad,Diesel,Manual,First,28.09,5,7.9,Maruti,Ciaz VDi Plus SHVS,1,1,1,0.07091346148163985,110.448,12.495551601423486
Kochi,Petrol,Manual,First,17.4,5,10.07,Honda,City i-VTEC V,0,2,1,0.07835671337451121,175.59810000000002,6.96836203444133
Mumbai,Diesel,Manual,First,20.45,5,6.5,Nissan,Terrano XL Plus ICC WT20 SE,0,2,1,0.057357973951158124,122.43180000000001,8.309630231613164
Hyderabad,Diesel,Automatic,First,18.88,5,22.0,BMW,3 Series 320d Prestige,0,3,3,0.09223057639487188,367.08,6.303839732888147
Hyderabad,Diesel,Manual,First,26.0,5,9.75,Honda,City i DTEC V,1,2,1,0.06582109474911808,147.7028,10.408326661329061
Jaipur,Diesel,Manual,First,20.45,5,6.0,Nissan,Terrano XL Plus 85 PS,1,2,1,0.057357973951158124,122.43180000000001,8.309630231613164
Delhi,Diesel,Manual,First,24.0,5,3.99,Hyundai,Grand i10 CRDi Sportz,1,1,0,0.06249999994419642,78.4,11.320754716981131
Ahmedabad,Petrol,Manual,First,17.0,5,1.75,Hyundai,Santro Xing XL eRLX Euro III,1,1,1,0.10430653188643048,123.01870659400547,8.149568552253115
Delhi,Diesel,Automatic,First,12.55,7,19.75,Toyota,Fortuner 4x2 AT,1,5,2,0.05650570085294913,502.467,3.1516825715720747
Kolkata,Diesel,Manual,First,13.68,7,16.95,Toyota,Innova Crysta 2.4 VX MT,0,4,2,0.06176347678154473,353.6854,4.031830238726791
Chennai,Petrol,Manual,First,21.4,5,6.8,Maruti,Baleno Zeta 1.2,0,1,1,0.06942355883924514,99.4707,9.740555302685479
Kolkata,Petrol,Manual,First,17.0,5,0.99,Hyundai,Santro Xing XL eRLX Euro III,0,1,1,0.10430653188643048,123.01870659400547,8.149568552253115
Pune,Petrol,Manual,First,19.81,5,2.95,Hyundai,i10 Sportz 1.1L,1,1,0,0.06266114174708919,73.9023,9.49664429530201
Coimbatore,Diesel,Automatic,First,12.07,7,42.83,Audi,Q7 3.0 TDI Quattro Premium Plus,1,5,4,0.08136164473159366,716.2338000000001,3.0426014620620117
Hyderabad,Diesel,Automatic,First,27.03,5,21.5,Volvo,S60 D4 Momentum,1,3,3,0.09649568303885439,374.11,9.104075446278207
Jaipur,Petrol,Manual,First,17.8,5,7.9,Honda,City i VTEC V,0,2,1,0.07835671337451121,175.59810000000002,7.128554265118143
Hyderabad,Petrol,Manual,Second,20.92,5,2.3,Maruti,Alto K10 2010-2014 VXI,1,0,0,0.06723446887050653,66.96579999999999,10.470470470470472
Delhi,Petrol,Manual,First,18.5,5,2.75,Honda,Brio 1.2 S Option MT,0,1,1,0.0724540900897712,103.98639999999999,8.416742493175615
Jaipur,Diesel,Manual,First,12.05,8,6.71,Mahindra,Scorpio VLX 2WD AIRBAG BSIV,1,3,1,0.05507113352222527,261.48,3.7905001572821644
Kochi,Diesel,Automatic,First,19.6,5,9.6,Renault,Duster 110PS Diesel RxL AMT,1,2,1,0.07422997941531144,158.44545000000002,7.964242177976431
Kochi,Diesel,Manual,First,19.67,5,12.81,Hyundai,Creta 1.6 CRDi SX,0,2,1,0.07977243989900604,199.64839999999998,7.618125484120838
Coimbatore,Petrol,Manual,First,23.84,5,6.94,Tata,Tiago 1.2 Revotron XZ,0,1,1,0.0700583819265568,100.716,10.841291496134607
Mumbai,Diesel,Manual,First,16.0,7,9.45,Mahindra,XUV500 W6 2WD,0,3,2,0.06424965577592949,305.06,5.033029254482542
Hyderabad,Diesel,Manual,First,20.34,5,6.0,Volkswagen,Vento 1.5 TDI Highline,1,2,1,0.06889185576175443,154.5936,8.142514011208966
Delhi,Petrol,Automatic,First,14.8,5,11.0,Mercedes-Benz,B Class B180,0,2,1,0.07567398114377806,192.5165,5.703275529865126
Delhi,Petrol,Manual,First,15.5,5,2.6,Maruti,SX4 Vxi BSIV,1,2,1,0.06513240853396443,163.8338,5.993812838360402
Hyderabad,Petrol,Manual,First,15.3,5,1.95,Hyundai,Getz GLE,1,1,1,0.06189410882781945,111.303,6.5356685177274665
Mumbai,Diesel,Automatic,First,17.54,4,45.0,BMW,6 Series Gran Coupe,0,5,5,0.10457734710839381,936.809,4.392687202604558
Chennai,Diesel,Automatic,First,17.11,5,22.0,Audi,A4 2.0 TDI 177 Bhp Premium Plus,0,3,3,0.0885823170281594,343.08144,5.764824797843666
Kolkata,Petrol,Manual,First,18.6,5,4.9,Hyundai,i20 Asta Option 1.2,0,1,1,0.0683625730423036,97.95051,8.466090122894856
Kochi,Diesel,Manual,First,19.87,5,6.25,Nissan,Terrano XL D Option,1,2,1,0.05690622857159053,121.46754,8.073953677366923
Chennai,Diesel,Manual,Second,20.54,5,6.1,Volkswagen,Vento Konekt Diesel Highline,1,2,1,0.064831038757928,165.5528,7.906081601231716
Mumbai,Petrol,Manual,First,20.36,5,2.6,Hyundai,i10 Sportz,0,1,0,0.06591478691235189,94.44330000000001,9.267182521620391
Delhi,Petrol,Automatic,Third,6.4,2,120.0,Other,Gallardo Coupe,0,11,9,0.10760953110922183,2914.24,1.0315925209542232
Hyderabad,Diesel,Automatic,First,14.74,5,29.0,Jaguar,XF 3.0 Litre S Premium Luxury,0,5,5,0.09051119275291974,810.8036999999999,3.6914600550964187
Pune,Petrol,Manual,Second,17.5,5,3.3,Maruti,Swift Dzire VXi,0,1,1,0.06610169486432843,111.3684,7.6153176675369885
Hyderabad,Diesel,Manual,Second,22.3,5,3.05,Tata,Indica Vista Quadrajet VX,1,1,0,0.059294871747359874,92.352,9.919928825622776
Kolkata,Diesel,Manual,First,21.27,5,3.25,Hyundai,i20 Asta 1.4 CRDi,0,1,1,0.06358166184557187,123.90896000000001,8.877295492487479
Delhi,Petrol,Manual,First,19.1,5,3.75,Hyundai,Xcent 1.2 Kappa S Option,1,1,1,0.06838763569892427,97.98642,8.69367319071461
Mumbai,Diesel,Manual,First,12.99,7,13.25,Toyota,Innova 2.5 VX (Diesel) 7 Seater,0,4,1,0.040336808323842496,250.8964,3.7178019461934744
Hyderabad,Petrol,Manual,First,23.84,5,4.8,Tata,Tiago 1.2 Revotron XZ,0,1,1,0.0700583819265568,100.716,10.841291496134607
Kochi,Petrol,Manual,First,25.17,5,3.8,Renault,KWID RXL,0,0,0,0.06670838539836246,42.5867,13.991106170094499
Pune,Diesel,Manual,First,12.8,7,8.5,Toyota,Innova 2.5 V Diesel 7-seater,2,4,1,0.040898155556977484,254.388,3.6634230108757873
Coimbatore,Diesel,Automatic,First,13.0,5,38.76,Mercedes-Benz,E-Class 2015-2017 E250 CDI Avantgarde,0,3,3,0.09519365371199551,437.172,4.136175628380529
Ahmedabad,Petrol,Automatic,First,16.8,5,3.2,Honda,City 1.5 S AT,1,2,1,0.07775551097010319,174.25080000000003,6.728073688426112
Hyderabad,Petrol,Manual,First,20.36,5,3.5,Hyundai,i10 Sportz 1.2,1,1,0,0.06591478691235189,94.44330000000001,9.267182521620391
Pune,Diesel,Manual,First,19.67,5,12.25,Hyundai,Creta 1.6 CRDi SX Option,1,2,1,0.07977243989900604,199.64839999999998,7.618125484120838
Mumbai,Petrol,Manual,First,19.5,5,4.75,Honda,Amaze VX Petrol,0,1,1,0.07236030018985797,104.02524000000001,8.867667121418828
Delhi,Petrol,Manual,First,18.78,5,4.5,Volkswagen,Polo 1.2 MPI Trendline,0,0,0,0.07407407399992585,73.926,9.394697348674336
Kolkata,Petrol,Manual,First,20.36,5,2.35,Hyundai,i10 Magna 1.2,0,1,0,0.06591478691235189,94.44330000000001,9.267182521620391
Hyderabad,Diesel,Manual,First,23.08,5,3.4,Renault,Pulse RxL,0,2,0,0.04320328539137352,92.21831999999999,9.378301503453878
Pune,Diesel,Automatic,First,21.5,5,10.0,Volkswagen,Vento 1.5 TDI Highline AT,0,2,1,0.072429906493705,162.533,8.606885508406725
Hyderabad,Diesel,Manual,First,12.99,7,9.0,Toyota,Innova 2.5 VX (Diesel) 7 Seater BS IV,4,4,1,0.04009623093821322,249.4,3.7178019461934744
Delhi,Petrol,Manual,Second,14.53,5,5.2,Toyota,Corolla Altis G,1,2,2,0.07680756391723717,248.3038,5.192994996426018
Chennai,Diesel,Manual,Second,16.8,5,1.85,Hyundai,Verna CRDi,3,2,1,0.07367716003102667,164.23,6.738868832731648
Chennai,Diesel,Automatic,Second,11.3,7,38.0,Mercedes-Benz,GL-Class 350 CDI Blue Efficiency,1,5,4,0.08530297954961401,761.0876,2.834211186355656
Kochi,Diesel,Manual,First,20.46,5,5.11,Renault,Duster 85PS Diesel RxL Optional,1,2,1,0.057357973951158124,122.43180000000001,8.313693620479478
Coimbatore,Petrol,Manual,First,15.41,5,9.66,Skoda,Rapid 1.6 MPI Ambition,0,2,1,0.06478097617973655,165.42496,5.931485758275596
Kolkata,Petrol,Manual,First,20.36,5,3.4,Hyundai,i10 Sportz 1.2,0,1,0,0.06591478691235189,94.44330000000001,9.267182521620391
Kochi,Petrol,Manual,First,18.15,6,5.84,Mahindra,KUV 100 mFALCON G80 K8,0,1,1,0.06844741229678847,98.236,8.257506824385805
Kolkata,Petrol,Automatic,First,23.1,5,3.8,Maruti,Celerio VXI AMT,0,0,0,0.06717434863008583,66.90592000000001,11.561561561561563
Mumbai,Petrol,Automatic,First,16.98,5,2.5,Maruti,A-Star AT VXI,0,0,0,0.06623246486349452,65.96779999999998,8.498498498498499
Kolkata,Diesel,Manual,First,25.1,5,6.95,Honda,City i DTEC VX,0,2,1,0.06582109474911808,147.7028,10.048038430744596
Pune,Petrol,Automatic,First,12.6,5,5.5,Skoda,Superb 1.8 TSI,0,2,2,0.0898776417742616,290.5568,4.503216583273767
Coimbatore,Petrol,Manual,First,18.9,5,6.19,Hyundai,Grand i10 Sportz,0,1,1,0.06850459476315406,98.154,8.602639963586709
Hyderabad,Diesel,Manual,First,20.45,5,6.0,Renault,Duster 85PS Diesel RxL,1,2,1,0.057357973951158124,122.43180000000001,8.309630231613164
Pune,Petrol,Manual,First,18.9,5,3.75,Hyundai,Grand i10 Magna,0,1,1,0.06850459476315406,98.154,8.602639963586709
Kochi,Diesel,Manual,First,22.77,5,9.46,Ford,EcoSport 1.5 TDCi Titanium,0,2,1,0.06581441918169932,147.68782000000002,9.115292233787029
Jaipur,Petrol,Manual,Second,16.95,5,3.0,Nissan,Sunny 2011-2014 XL,0,2,1,0.06522029368142837,146.3546,6.785428342674138
Chennai,Diesel,Manual,First,25.83,5,5.75,Ford,Figo Aspire 1.5 TDCi Titanium,0,2,1,0.06608811744586908,148.302,10.340272217774217
Coimbatore,Petrol,Manual,First,13.5,5,4.41,Honda,Civic 2006-2010 1.8 V MT,1,2,2,0.07226236794204426,233.87,4.82315112540193
Kochi,Petrol,Manual,First,25.17,5,3.7,Renault,KWID RXT Optional,0,0,0,0.06670838539836246,42.5867,13.991106170094499
Kolkata,Petrol,Manual,Second,19.4,5,2.5,Honda,Brio EX MT,0,1,1,0.0724540900897712,103.98639999999999,8.826205641492265
Coimbatore,Petrol,Manual,First,16.1,5,5.35,Maruti,Swift ZXI ABS,1,1,1,0.06795069332207188,114.48360000000001,7.00609225413403
Delhi,Diesel,Manual,First,21.9,5,3.65,Hyundai,i20 Magna Optional 1.4 CRDi,1,1,1,0.06361031514068029,123.9648,9.140233722871452
Delhi,Diesel,Automatic,First,17.2,5,13.0,Skoda,Superb Elegance 2.0 TDI CR AT,1,3,2,0.0701371950863124,271.64304,5.795148247978436
Delhi,Petrol,Manual,First,18.9,5,2.45,Maruti,Wagon R LXI BSII,1,0,0,0.06723446887050653,66.96579999999999,9.45945945945946
Mumbai,Diesel,Automatic,First,21.21,5,5.75,Volkswagen,Vento 1.5 TDI Highline AT,2,2,1,0.06889185576175443,154.5936,8.490792634107285
Coimbatore,Diesel,Manual,First,26.0,5,8.11,Honda,City i DTEC S,1,2,1,0.06582109474911808,147.7028,10.408326661329061
Ahmedabad,Diesel,Manual,First,22.54,5,7.75,Hyundai,i20 1.4 Sportz,0,1,1,0.06356017187424057,123.86708,9.407345575959933
Coimbatore,Petrol,Automatic,First,19.15,5,5.85,Nissan,Micra XV CVT,1,1,0,0.06338898158314775,90.97612,8.712465878070974
Mumbai,Petrol,Manual,First,25.17,5,4.29,Renault,KWID RXT Optional,0,0,0,0.06670838539836246,42.5867,13.991106170094499
Hyderabad,Diesel,Manual,First,25.6,5,8.0,Honda,City i-DTEC SV,1,2,1,0.06582109474911808,147.7028,10.248198558847077
Mumbai,Diesel,Manual,First,13.68,8,16.5,Toyota,Innova Crysta 2.4 G MT 8S,0,4,2,0.06176347678154473,353.6854,4.031830238726791
Jaipur,Diesel,Manual,First,27.39,5,5.5,Maruti,Baleno Alpha 1.3,1,1,0,0.059294871747359874,92.352,12.184163701067614
Delhi,Diesel,Manual,First,22.77,5,6.35,Ford,EcoSport 1.5 TDCi Trend,1,2,1,0.06581441918169932,147.68782000000002,9.115292233787029
Jaipur,Diesel,Manual,Second,12.99,8,7.9,Toyota,Innova 2.5 G (Diesel) 8 Seater,4,4,1,0.040336808323842496,250.8964,3.7178019461934744
Hyderabad,Diesel,Manual,First,22.7,5,7.2,Ford,Ecosport 1.5 DV5 MT Ambiente,1,2,1,0.059973297690271495,134.58032,9.08726981585268
Bangalore,Diesel,Manual,First,22.07,5,3.65,Volkswagen,Polo Diesel Comfortline 1.2L,1,1,0,0.061634695528244625,88.60610000000001,10.03638017280582
Kochi,Diesel,Manual,First,22.54,5,6.35,Hyundai,i20 Sportz 1.4 CRDi,1,1,1,0.06356017187424057,123.86708,9.407345575959933
Pune,Diesel,Manual,First,19.87,5,7.8,Renault,Duster 85PS Diesel RxL Explore,1,2,1,0.057357973951158124,122.43180000000001,8.073953677366923
Chennai,Petrol,Manual,Second,13.8,5,1.4,Ford,Ikon 1.3 Flair,1,1,0,0.05388760580917043,90.93,6.002609830361027
Chennai,Diesel,Manual,First,13.1,7,5.5,Ford,Endeavour XLT TDCi 4X2,3,4,2,0.05642256900503299,352.359,3.7439268362389253
Hyderabad,Diesel,Manual,First,27.39,5,8.5,Maruti,Baleno Delta 1.3,0,1,0,0.059294871747359874,92.352,12.184163701067614
Kochi,Diesel,Automatic,First,14.84,5,10.48,Mercedes-Benz,New C-Class C 220 CDI Elegance AT,0,3,2,0.07932804475999625,364.31,4.721603563474388
Ahmedabad,Petrol,Manual,Second,15.9,5,0.75,Maruti,Esteem Vxi - BSIII,1,1,1,0.06548536204508061,110.33,6.919060052219321
Pune,Petrol,Manual,Second,12.85,5,1.3,Tata,Indigo XL Grand Petrol,1,1,1,0.07134670481995221,139.04160000000002,5.363105175292153
Mumbai,Diesel,Automatic,First,16.73,5,21.0,BMW,5 Series 525d Sedan,0,5,3,0.07283661875281103,652.474,4.189832206361132
Delhi,Petrol,Manual,First,17.92,5,2.3,Hyundai,Santro Xing GL Plus,1,1,0,0.05718232038933488,67.4406,8.590604026845638
Mumbai,Diesel,Automatic,First,19.5,5,14.95,Skoda,Octavia 2.0 TDI AT Style Plus,0,3,2,0.07164634142700897,277.488,6.570080862533692
Coimbatore,Diesel,Automatic,Second,17.68,5,35.92,Audi,A6 2011-2015 35 TDI Technology,1,3,3,0.0885823170281594,343.08144,5.9568733153638815
Pune,Diesel,Manual,First,25.83,5,4.5,Ford,Figo 1.5D Trend MT,2,2,1,0.06608811744586908,148.302,10.340272217774217
Hyderabad,Diesel,Manual,First,14.95,7,5.5,Mahindra,Xylo D4 BS III,2,4,1,0.03764564080448146,233.2193,4.284895385497277
Mumbai,Petrol,Automatic,First,23.1,5,4.45,Maruti,Celerio ZXI AT,0,0,0,0.06717434863008583,66.90592000000001,11.561561561561563
Chennai,Diesel,Manual,First,12.8,8,6.85,Toyota,Innova 2.5 G4 Diesel 8-seater,3,4,1,0.040898155556977484,254.388,3.6634230108757873
Bangalore,Diesel,Manual,First,24.0,5,5.5,Hyundai,Grand i10 CRDi Asta,0,1,0,0.06249999994419642,78.4,11.320754716981131
Kochi,Petrol,Manual,First,18.9,5,5.07,Hyundai,Grand i10 1.2 Kappa Sportz,0,1,1,0.06838763569892427,97.98642,8.602639963586709
Mumbai,Petrol,Manual,First,18.9,5,3.85,Hyundai,Grand i10 Sportz,0,1,1,0.06850459476315406,98.154,8.602639963586709
Chennai,Petrol,Manual,First,18.6,5,7.95,Hyundai,Elite i20 Petrol Asta,0,1,1,0.06838763569892427,97.98642,8.466090122894856
Jaipur,Petrol,Manual,Second,18.2,5,1.25,Maruti,Zen Estilo LXI BSIII,1,0,0,0.06723446887050653,66.96579999999999,9.10910910910911
Kochi,Petrol,Manual,First,20.92,5,3.64,Maruti,Alto K10 2010-2014 VXI,0,0,0,0.06723446887050653,66.96579999999999,10.470470470470472
Jaipur,Diesel,Manual,First,13.0,7,20.0,Toyota,Fortuner 4x2 Manual,1,5,2,0.05650570085294913,502.467,3.2646911099949776
Coimbatore,Diesel,Manual,First,16.55,6,10.36,Mahindra,Thar CRDe AC,0,4,1,0.04203362688469431,262.29,4.731275014293883
Chennai,Petrol,Manual,First,17.0,5,1.85,Hyundai,Santro Xing XO,1,1,1,0.10430653188643048,123.01870659400547,8.149568552253115
Jaipur,Petrol,Manual,Second,16.78,5,4.05,Toyota,Etios G,1,2,1,0.059311497286556485,132.74008,6.7227564102564115
Mumbai,Diesel,Automatic,First,12.0,7,48.5,Mercedes-Benz,GL-Class 2007 2012 350 CDI Luxury,0,5,4,0.07499163037328703,669.088,3.0097817908201656
Bangalore,Diesel,Manual,First,19.6,5,8.25,Renault,Duster 110PS Diesel RxZ,1,2,1,0.07422997941531144,158.44545000000002,7.964242177976431
Pune,Diesel,Manual,First,22.9,5,5.25,Maruti,Swift VDI,1,1,0,0.059294871747359874,92.352,10.186832740213521
Mumbai,Petrol,Manual,First,15.04,5,4.4,Volkswagen,Vento Magnific 1.6 Comfortline,0,2,1,0.06458072586697075,164.9136,5.789068514241724
Mumbai,Diesel,Automatic,First,18.19,5,25.75,Skoda,Superb L&K 2.0 TDI AT,0,3,3,0.08866869914193663,343.416,6.128706199460916
Kochi,Diesel,Automatic,First,8.2,4,29.52,BMW,3 Series 330d Convertible,1,5,4,0.08185766786439772,733.285,2.053593789130979
Kolkata,Petrol,Manual,Second,18.9,5,2.1,Maruti,Wagon R VXI BS IV,0,0,0,0.06723446887050653,66.96579999999999,9.45945945945946
Kochi,Petrol,Manual,First,25.17,5,3.71,Renault,KWID RXT,0,0,0,0.06670838539836246,42.5867,13.991106170094499
Pune,Diesel,Manual,First,10.9,7,7.5,Ford,Endeavour 4x2 XLT Limited Edition,3,4,2,0.05722288913276395,357.357,3.1151757645041442
Kochi,Diesel,Manual,First,24.3,5,9.44,Maruti,Vitara Brezza ZDi Plus Dual Tone,0,1,1,0.07091346148163985,110.448,10.809608540925266
Pune,Petrol,Manual,Second,17.0,5,1.2,Hyundai,Santro Xing XO eRLX Euro II,0,1,1,0.10430653188643048,123.01870659400547,8.149568552253115
Delhi,Petrol,Automatic,First,10.5,5,24.0,Mercedes-Benz,E-Class 200 Kompressor Elegance,0,2,2,0.08780623603128827,283.22919999999993,3.7553648068669525
Mumbai,CNG,Manual,First,17.5,7,8.25,Maruti,Ertiga VXI CNG,0,1,0,0.05860160228798134,110.47157999999999,7.374631268436578
Delhi,Diesel,Automatic,Second,16.55,5,9.75,Audi,A4 2.0 TDI Celebration Edition,1,3,2,0.0749542682545964,290.29967999999997,5.576145552560647
Kolkata,Petrol,Manual,First,18.9,5,3.45,Hyundai,Grand i10 Asta,0,1,1,0.06850459476315406,98.154,8.602639963586709
Jaipur,Diesel,Manual,Second,13.5,7,11.85,Mitsubishi,Pajero Sport 4X4,1,4,3,0.07087605972108355,434.86212,3.8826574633304576
Coimbatore,Diesel,Automatic,Second,19.71,5,16.14,Mercedes-Benz,New C-Class C 250 CDI Avantgarde,1,3,3,0.09386374237337204,431.06445,6.27107858733694
Pune,CNG,Manual,First,26.6,5,3.7,Maruti,Wagon R LXI CNG,1,0,0,0.058276553047819084,58.043679999999995,13.313313313313316
Ahmedabad,Petrol,Automatic,First,24.07,5,4.0,Maruti,Alto K10 VXI AGS,0,0,0,0.06723446887050653,66.96579999999999,12.047047047047048
Delhi,Petrol,Manual,Second,18.6,5,5.8,Hyundai,i20 Sportz 1.2,0,1,1,0.0683625730423036,97.95051,8.466090122894856
Kolkata,Diesel,Manual,First,23.4,5,4.65,Maruti,Swift Dzire VDI,0,1,0,0.059294871747359874,92.352,10.409252669039144
Pune,Petrol,Automatic,Second,11.8,7,15.0,Mercedes-Benz,R-Class R350 4Matic Long,1,7,5,0.07775871924592376,951.456,2.6233881725211203
Mumbai,Petrol,Automatic,First,15.63,5,6.8,Ford,EcoSport 1.5 Ti VCT AT Titanium,0,2,1,0.07364909935046758,165.4896,6.254501800720288
Bangalore,Diesel,Manual,First,25.1,5,10.25,Honda,City i DTEC VX Option,0,2,1,0.06582109474911808,147.7028,10.048038430744596
Chennai,Petrol,Manual,First,20.92,5,2.7,Maruti,Alto K10 2010-2014 VXI,1,0,0,0.06723446887050653,66.96579999999999,10.470470470470472
Hyderabad,Diesel,Manual,First,20.77,7,8.5,Maruti,Ertiga ZDI,1,1,1,0.07115384609683184,110.82239999999999,9.239323843416368
Pune,Diesel,Manual,First,22.54,5,7.75,Hyundai,i20 Diesel Asta Option,0,1,1,0.06356017187424057,123.86708,9.407345575959933
Pune,Petrol,Manual,First,15.64,5,2.7,Tata,Indigo CS eGLX BS IV,1,1,0,0.053713327700156466,76.44744,7.131782945736434
Hyderabad,Petrol,Manual,Second,19.7,5,1.3,Maruti,Alto Std,1,0,0,0.05816582907265599,36.8548,10.96881959910913
Hyderabad,Petrol,Manual,First,15.8,5,13.2,Hyundai,Creta 1.6 SX,0,2,1,0.07624135758878607,192.98829999999998,6.09803164801235
Pune,Petrol,Manual,Second,18.9,5,1.0,Maruti,Wagon R LX,1,0,0,0.06723446887050653,66.96579999999999,9.45945945945946
Kochi,Petrol,Manual,First,16.78,5,6.37,Toyota,Etios V,0,2,1,0.059311497286556485,132.74008,6.7227564102564115
Kolkata,Petrol,Manual,First,16.78,5,4.5,Toyota,Etios V,0,2,1,0.059311497286556485,132.74008,6.7227564102564115
Mumbai,Diesel,Manual,First,19.01,5,6.5,Renault,Duster 110PS Diesel RXZ Optional with Nav,0,2,1,0.07422997941531144,158.44545000000002,7.724502234863876
Mumbai,Diesel,Manual,Second,19.3,5,4.99,Maruti,Swift Dzire Vdi BSIV,1,1,0,0.059214743542295875,92.22720000000001,8.585409252669038
Coimbatore,Diesel,Automatic,First,17.9,5,43.3,Mercedes-Benz,GLC 220,1,3,2,0.07932804475999625,364.31,5.695195672923958
Mumbai,Diesel,Manual,First,22.7,5,6.5,Ford,Ecosport 1.5 DV5 MT Titanium Optional,1,2,1,0.059973297690271495,134.58032,9.08726981585268
Mumbai,CNG,Manual,First,26.2,5,2.25,Maruti,Wagon R LXI CNG,1,0,0,0.05831663320809957,58.083600000000004,13.113113113113114
Hyderabad,Petrol,Automatic,First,19.12,5,9.95,Maruti,Ciaz 1.4 AT Alpha,0,1,1,0.06635105603324758,125.0803,8.057311420143279
Mumbai,Diesel,Manual,First,22.7,5,7.35,Ford,Ecosport 1.5 DV5 MT Titanium,0,2,1,0.059973297690271495,134.58032,9.08726981585268
Hyderabad,Diesel,Manual,First,22.95,5,4.6,Tata,Zest Quadrajet 1.3 75PS XE,2,1,0,0.059294871747359874,92.352,10.209074733096084
Chennai,Diesel,Automatic,First,11.4,7,8.5,Ford,Endeavour 3.0L 4X4 AT,1,5,2,0.052102946138807,454.34858,2.8838856564634456
Coimbatore,Diesel,Automatic,First,19.6,5,11.86,Renault,Duster 110PS Diesel RxZ AMT,0,2,1,0.07422997941531144,158.44545000000002,7.964242177976431
Pune,Diesel,Manual,First,14.42,5,8.0,Nissan,X-Trail SLX MT,1,3,2,0.07398496236892983,294.462,4.814691151919867
Delhi,Diesel,Automatic,First,12.55,7,21.5,Toyota,Fortuner 4x4 AT,1,5,2,0.05650570085294913,502.467,3.1516825715720747
Pune,Petrol,Manual,First,15.26,5,1.3,Chevrolet,Aveo U-VA 1.2 LS,1,1,0,0.06513043472597353,86.135,7.097674418604651
Chennai,Diesel,Manual,First,20.5,5,5.9,Skoda,Rapid 1.6 TDI Ambition,1,2,1,0.0647684605351887,165.393,7.890685142417244
Bangalore,Diesel,Manual,Second,15.1,7,9.5,Mahindra,XUV500 W8 4WD,1,3,2,0.06424965577592949,305.06,4.749921358917899
Chennai,Diesel,Manual,First,19.3,5,4.5,Maruti,Swift Dzire ZDi,1,1,0,0.059214743542295875,92.22720000000001,8.585409252669038
Hyderabad,Diesel,Manual,First,18.7,5,2.25,Skoda,Octavia Elegance 1.9 TDI,2,3,0,0.03481012656391871,125.136,6.457182320441989
Mumbai,Petrol,Manual,First,13.7,7,3.35,Chevrolet,Enjoy Petrol LS 7 Seater,0,1,1,0.07063616864143232,138.24918,5.710712796998749
Kolkata,Petrol,Manual,First,13.2,5,0.7,Hyundai,Accent GLE,0,2,1,0.06287625413854431,140.53,5.290581162324648
Bangalore,Petrol,Automatic,First,14.74,5,16.0,Mercedes-Benz,New C-Class C 200 CGI,0,3,3,0.09241587137497946,366.344,4.92811768639251
Pune,Diesel,Manual,First,20.45,5,8.0,Renault,Duster 85PS Diesel RxE,0,2,1,0.057357973951158124,122.43180000000001,8.309630231613164
Hyderabad,Petrol,Automatic,First,12.5,2,100.0,Jaguar,F Type 5.0 V8 S,0,10,9,0.09761999998047599,2440.5,2.083333333333333
Kochi,Diesel,Manual,First,22.32,5,4.74,Hyundai,Verna 1.6 SX,1,2,1,0.07984829324914772,199.83823999999998,8.644461657629744
Mumbai,Diesel,Automatic,First,13.0,5,36.0,Mercedes-Benz,E-Class 2015-2017 E250 CDI Avantgarde,0,3,3,0.09519365371199551,437.172,4.136175628380529
Kochi,Petrol,Manual,First,15.04,5,5.54,Volkswagen,Vento Petrol Highline,1,2,1,0.064831038757928,165.5528,5.789068514241724
Mumbai,Diesel,Automatic,First,18.19,5,22.99,Skoda,Superb Style 2.0 TDI AT,0,3,3,0.08866869914193663,343.416,6.128706199460916
Kochi,Diesel,Manual,First,15.4,7,10.08,Mahindra,Scorpio 1.99 S4 Plus,0,3,1,0.060090135172714,239.64,5.138471805138472
Pune,Petrol,Manual,First,17.5,5,2.85,Skoda,Laura Classic 1.8 TSI,1,2,1,0.06300160938262982,203.67185493188015,6.254467476769121
Pune,Petrol,Manual,First,16.1,4,0.55,Maruti,800 DX BSII,1,0,0,0.04648241200190652,29.452,8.964365256124722
Coimbatore,Diesel,Automatic,First,13.22,5,45.52,Audi,Q5 3.0 TDI Quattro Technology,0,5,4,0.08136164473159366,716.2338000000001,3.332493067809428
Coimbatore,Diesel,Manual,Second,17.45,7,7.29,Mahindra,NuvoSport N6,0,2,1,0.06697923639184243,149.3,6.9995988768551936
Chennai,Diesel,Manual,Second,20.54,5,4.3,Volkswagen,Vento Diesel Highline,1,2,1,0.064831038757928,165.5528,7.906081601231716
Chennai,Petrol,Manual,First,20.85,5,4.8,Maruti,Swift Dzire VXI Optional,0,1,1,0.06945697571473937,99.51858,9.490213928083751
Mumbai,Petrol,Manual,Second,16.02,7,5.25,Maruti,Ertiga VXI,1,1,1,0.0682447195424292,128.6501,6.75094816687737
Chennai,Petrol,Manual,First,24.7,5,2.8,Maruti,Alto 800 2016-2019 LXI,0,0,0,0.059422110478112924,37.6508,13.752783964365255
Kochi,Diesel,Manual,First,21.9,5,4.35,Hyundai,i20 Magna 1.4 CRDi (Diesel),1,1,1,0.06358166184557187,123.90896000000001,9.140233722871452
Kolkata,Diesel,Manual,First,22.7,5,5.49,Ford,Ecosport 1.5 DV5 MT Titanium,1,2,1,0.059973297690271495,134.58032,9.08726981585268
Bangalore,Diesel,Manual,First,20.34,5,6.5,Volkswagen,Vento 1.5 TDI Highline,1,2,1,0.06889185576175443,154.5936,8.142514011208966
Bangalore,Diesel,Manual,First,12.05,8,6.4,Mahindra,Scorpio VLX 2WD Airbag BSIII,1,3,1,0.05507113352222527,261.48,3.7905001572821644
Kochi,Diesel,Manual,First,25.83,5,6.22,Ford,Figo Aspire 1.5 TDCi Titanium Plus,0,2,1,0.06608811744586908,148.302,10.340272217774217
Mumbai,Diesel,Manual,First,12.99,8,8.4,Toyota,Innova 2.5 G (Diesel) 8 Seater,2,4,1,0.04009623093821322,249.4,3.7178019461934744
Pune,Diesel,Manual,First,28.4,5,5.9,Maruti,Dzire LDI,0,1,0,0.05909455123469987,92.04,12.633451957295371
Pune,Petrol,Manual,First,25.17,5,3.4,Renault,KWID RXL,0,0,0,0.06670838539836246,42.5867,13.991106170094499
Jaipur,Diesel,Manual,Third,13.1,7,6.5,Ford,Endeavour 2.5L 4X2 MT,2,4,2,0.05642256900503299,352.359,3.7439268362389253
Delhi,Petrol,Manual,First,18.88,5,6.0,Ford,EcoSport 1.0 Ecoboost Titanium Plus,1,0,1,0.12336336323987651,123.11676,9.444722361180588
Hyderabad,Diesel,Manual,First,19.67,5,11.9,Hyundai,Creta 1.6 CRDi SX,1,2,1,0.07977243989900604,199.64839999999998,7.618125484120838
Bangalore,Diesel,Automatic,First,14.69,5,48.0,BMW,5 Series 2013-2017 530d M Sport,0,5,4,0.08620113595516167,772.194,3.6789381417480587
Mumbai,Petrol,Automatic,First,18.69,7,8.0,Maruti,Ertiga VXI AT Petrol,0,2,1,0.07045143634032049,150.586,7.591389114541025
Hyderabad,Diesel,Automatic,Second,15.6,5,2.45,Skoda,Laura L and K AT,1,3,1,0.05590717296629368,200.976,5.386740331491713
Kolkata,Petrol,Manual,First,18.6,5,1.75,Chevrolet,Beat LS,0,1,0,0.06622185148772156,95.20060000000001,8.458390177353344
Bangalore,Diesel,Automatic,First,15.73,5,21.75,Audi,Q3 2.0 TDI,1,3,3,0.0885823170281594,343.08144,5.299865229110512
Pune,Petrol,Manual,First,17.0,5,7.25,Honda,City 1.5 V MT,0,2,1,0.07882431524460633,176.646,6.8081698037645175
Pune,Petrol,Manual,Second,16.1,5,3.0,Maruti,Swift Lxi BSIII,1,1,1,0.06795069332207188,114.48360000000001,7.00609225413403
Jaipur,Diesel,Manual,First,20.0,5,2.51,Ford,Figo Diesel EXI,2,1,0,0.04860614721329081,95.132,8.336807002917881
Chennai,Diesel,Automatic,First,12.55,7,19.6,Toyota,Fortuner 4x4 AT,1,5,2,0.05650570085294913,502.467,3.1516825715720747
Pune,Diesel,Manual,Second,15.8,5,15.5,Mercedes-Benz,New C-Class 200 CDI Classic,1,3,2,0.07914338916240997,365.16,5.019059720457434
Chennai,Diesel,Manual,First,12.99,7,11.5,Toyota,Innova 2.5 GX (Diesel) 7 Seater,1,4,1,0.04009623093821322,249.4,3.7178019461934744
Coimbatore,Petrol,Manual,Second,13.0,5,1.76,Honda,City 1.5 EXI,3,2,1,0.06697923639184243,149.3,5.2146008824709185
Jaipur,Diesel,Manual,First,25.8,5,4.68,Honda,Amaze S i-Dtech,1,2,1,0.06582109474911808,147.7028,10.32826261008807
Delhi,Petrol,Automatic,Second,14.28,5,4.0,Toyota,Corolla Altis 1.8 G CVT,2,2,2,0.07676863177042902,248.17794,5.103645461043603
Hyderabad,Diesel,Manual,First,22.3,5,2.8,Tata,Indica Vista Quadrajet VX,2,1,0,0.059294871747359874,92.352,9.919928825622776
Mumbai,Diesel,Manual,First,16.0,7,8.25,Mahindra,XUV500 W8 2WD,0,3,2,0.06424965577592949,305.06,5.033029254482542
Kolkata,Diesel,Manual,First,21.1,5,1.7,Maruti,Ritz VDi,0,1,0,0.059214743542295875,92.22720000000001,9.386120996441282
Mumbai,Petrol,Automatic,First,14.74,5,14.85,Mercedes-Benz,New C-Class C 200 AVANTGARDE,0,3,3,0.09092918127025153,360.45063999999996,4.92811768639251
Mumbai,Petrol,Automatic,First,17.0,5,12.85,Hyundai,Verna VTVT 1.6 AT SX Option,0,2,1,0.07624135758878607,192.98829999999998,6.561173292165186
Hyderabad,Diesel,Automatic,First,14.94,5,16.0,Mercedes-Benz,New C-Class C 250 CDI Elegance,1,3,3,0.09519365371199551,437.172,4.753420299077315
Hyderabad,Petrol,Manual,First,18.9,5,4.7,Maruti,Wagon R VXI BS IV,0,0,0,0.06723446887050653,66.96579999999999,9.45945945945946
Bangalore,Petrol,Manual,Second,16.02,7,5.94,Maruti,Ertiga VXI,0,1,1,0.0682447195424292,128.6501,6.75094816687737
Hyderabad,Diesel,Manual,First,20.5,5,8.0,Skoda,Rapid Ultima 1.6 TDI Elegance,1,2,1,0.0647684605351887,165.393,7.890685142417244
Delhi,Diesel,Manual,First,12.8,8,5.45,Toyota,Innova 2.5 V Diesel 8-seater,1,4,1,0.040898155556977484,254.388,3.6634230108757873
Kochi,Petrol,Automatic,First,13.7,5,26.76,Mercedes-Benz,GLA Class 200 Sport,0,3,3,0.09191361120446327,364.353,4.580407890337679
Hyderabad,Diesel,Manual,Second,20.14,5,3.5,Volkswagen,Polo 1.5 TDI Highline,1,2,1,0.058744993285216957,131.824,8.062449959967974
Kolkata,Diesel,Manual,First,22.32,5,4.7,Hyundai,Verna 1.6 CRDi EX MT,1,2,1,0.07983565102412411,199.8066,8.644461657629744
Ahmedabad,Petrol,Manual,First,17.0,5,5.75,Volkswagen,Ameo 1.2 MPI Highline,0,1,0,0.061560934840099384,88.3525,7.734303912647862
Coimbatore,Petrol,Manual,First,18.6,5,8.11,Hyundai,i20 Asta Option 1.2,0,1,1,0.0683625730423036,97.95051,8.466090122894856
Delhi,Petrol,Manual,Second,17.3,5,0.75,Maruti,Wagon R LX BSIII,1,1,0,0.060320452346540564,67.904,8.393983503153809
Pune,Petrol,Manual,Second,13.5,5,1.0,Tata,Indica LEI,1,1,0,0.04270462630412482,84.3,5.613305613305613
Hyderabad,Diesel,Manual,First,14.0,7,5.3,Mahindra,Xylo D4,2,4,1,0.044835868677007264,279.776,4.002287021154945
Jaipur,Diesel,Manual,First,12.4,5,8.0,Other,D-MAX V-Cross 4X4,0,4,2,0.05362144855797461,334.866,3.543869677050586
Pune,Petrol,Manual,First,18.5,5,2.74,Hyundai,i20 2015-2017 Magna,1,1,0,0.06683375098844298,95.76,8.420573509330906
Mumbai,Petrol,Manual,First,21.4,5,7.5,Maruti,Baleno Alpha,0,1,1,0.06942355883924514,99.4707,9.740555302685479
Jaipur,Diesel,Automatic,First,17.6,7,13.5,Tata,Hexa XTA,0,3,2,0.07061037169774652,335.26094,5.536332179930796
Kolkata,Petrol,Manual,First,16.47,5,2.2,Volkswagen,Polo Petrol Comfortline 1.2L,1,1,0,0.061686143521130096,88.53220000000002,7.4931756141947226
Mumbai,Petrol,Automatic,First,11.74,5,13.25,Mercedes-Benz,New C-Class C 200 CGI Elegance,1,2,3,0.10356347432986443,334.056,4.198855507868384
Delhi,Diesel,Manual,First,23.59,5,3.88,Toyota,Etios GD,1,1,1,0.08304757598967921,154.50968305177113,9.978849407783418
Jaipur,Petrol,Manual,Second,15.3,5,0.85,Hyundai,Getz GLS,1,1,1,0.06189410882781945,111.303,6.5356685177274665
Kochi,Petrol,Manual,First,23.84,5,5.11,Tata,Tiago 1.2 Revotron XT,0,1,1,0.0700583819265568,100.716,10.841291496134607
Mumbai,Diesel,Manual,First,19.87,5,4.25,Renault,Duster 85PS Diesel RxL Option,2,2,1,0.057357973951158124,122.43180000000001,8.073953677366923
Coimbatore,Diesel,Automatic,Second,18.25,5,16.52,Audi,A4 35 TDI Premium Plus,1,3,3,0.09539634141494088,369.47232,6.148921832884096
Pune,Diesel,Manual,Third,13.93,7,0.6,Tata,New Safari DICOR 2.2 VX 4x2,1,3,2,0.06333180355055906,300.702,4.381881094683862
Hyderabad,Diesel,Manual,First,22.9,5,4.8,Maruti,Swift VDI,1,1,0,0.059294871747359874,92.352,10.186832740213521
Mumbai,Petrol,Automatic,First,13.7,5,6.25,Skoda,Superb Elegance 1.8 TSI AT,0,2,2,0.08773637369981291,283.6345,4.896354538956397
Mumbai,Petrol,Manual,First,16.3,5,8.3,Hyundai,Elantra SX,1,2,2,0.08208124647630426,265.0575,5.827672506256705
Pune,Petrol,Manual,Third,17.0,5,3.25,Honda,City 1.5 E MT,1,2,1,0.07882431524460633,176.646,6.8081698037645175
Pune,Diesel,Manual,First,19.87,5,7.75,Renault,Duster 85PS Diesel RxL Explore,0,2,1,0.057357973951158124,122.43180000000001,8.073953677366923
Kochi,Diesel,Automatic,First,16.36,5,30.54,Jaguar,XF 2.2 Litre Luxury,0,3,3,0.08614043135101403,408.9983,5.146272412708399
Jaipur,LPG,Manual,First,26.2,5,2.27,Maruti,Wagon R Duo Lxi,1,0,0,0.05831663320809957,58.083600000000004,13.113113113113114
Pune,Petrol,Manual,Second,17.24,5,2.96,Volkswagen,Polo IPL II 1.2 Petrol Highline,1,1,0,0.061686143521130096,88.53220000000002,7.843494085532302
Chennai,Petrol,Manual,First,17.57,5,4.0,Tata,Bolt Revotron XT,0,1,1,0.0743503771380131,105.8191,8.011855905152759
Bangalore,Petrol,Manual,Second,18.5,5,5.25,Hyundai,i20 Sportz 1.2,1,1,1,0.06921470336740625,99.17145,8.420573509330906
Kochi,Diesel,Automatic,First,17.68,5,17.56,Audi,A6 2011-2015 2.0 TDI,1,3,3,0.0885823170281594,343.08144,5.9568733153638815
Mumbai,Petrol,Manual,First,16.09,5,3.25,Volkswagen,Vento 1.6 Highline,0,2,1,0.0647684605351887,165.393,6.193225558121632
Bangalore,Petrol,Manual,First,23.1,5,4.0,Maruti,Celerio VXI,1,0,0,0.06717434863008583,66.90592000000001,11.561561561561563
Coimbatore,Petrol,Manual,First,15.3,5,2.2,Hyundai,Getz GLE,1,1,1,0.06189410882781945,111.303,6.5356685177274665
Pune,Diesel,Manual,First,24.3,5,7.43,Maruti,Vitara Brezza VDi,0,1,1,0.07091346148163985,110.448,10.809608540925266
Mumbai,Diesel,Automatic,First,8.7,5,10.75,Mercedes-Benz,M-Class ML 320 CDI,2,5,4,0.07510545695510364,670.10358,2.18209179834462
Delhi,Diesel,Manual,First,19.3,5,2.75,Maruti,Swift Dzire Vdi BSIV,1,1,0,0.059214743542295875,92.22720000000001,8.585409252669038
Hyderabad,Diesel,Automatic,Second,17.85,4,45.0,Porsche,Panamera Diesel,0,5,5,0.10111223454630529,890.1,4.499621880514243
Mumbai,Petrol,Automatic,First,19.16,5,19.75,Toyota,Camry Hybrid,0,4,2,0.06343223734425331,394.5508,5.483686319404693
Delhi,Petrol,Manual,First,18.5,5,3.2,Honda,Brio 1.2 VX MT,0,1,1,0.0724540900897712,103.98639999999999,8.416742493175615
Coimbatore,Diesel,Manual,First,12.8,7,9.48,Toyota,Innova 2.5 V Diesel 7-seater,0,4,1,0.040898155556977484,254.388,3.6634230108757873
Coimbatore,Diesel,Manual,First,25.8,5,4.83,Honda,Amaze VX i-DTEC,1,2,1,0.06582109474911808,147.7028,10.32826261008807
Delhi,Diesel,Manual,First,28.4,5,4.75,Maruti,Swift VDI,0,1,0,0.059294871747359874,92.352,12.633451957295371
Jaipur,Diesel,Manual,First,24.4,5,4.0,Hyundai,Xcent 1.1 CRDi S,1,1,0,0.06339285708625637,79.52,11.509433962264149
Jaipur,Diesel,Manual,Second,14.0,8,2.9,Mahindra,Xylo D4 BSIV,1,4,1,0.044835868677007264,279.776,4.002287021154945
Kolkata,Petrol,Manual,First,18.9,5,2.65,Maruti,Wagon R VXI,0,0,0,0.06723446887050653,66.96579999999999,9.45945945945946
Hyderabad,Diesel,Manual,First,25.44,5,2.5,Chevrolet,Beat Diesel,0,0,0,0.06153846147271532,53.913599999999995,13.140495867768598
